국가코드,국가,기준월,수출건수,수출액_USD,수입건수,수입액_USD,무역수지_USD
US,미국,2025-01-01,193178,9282566788,1416582,5839340836,3443225952
CN,중국,2025-01-01,91388,9204172269,1225173,11208793314,-2004621045
VN,베트남,2025-01-01,57209,4356972160,145132,2564726980,1792245180
TW,대만,2025-01-01,34078,2438188048,20022,2227887479,210300569
JP,일본,2025-01-01,146929,2363796881,344783,3587345310,-1223548429
HK,홍콩,2025-01-01,18142,1685484400,145075,183373107,1502111293
IN,인도,2025-01-01,18165,1463920945,10408,535824122,928096823
SG,싱가포르,2025-01-01,42253,1162019513,18404,1027832377,134187136
MX,멕시코,2025-01-01,15031,947164179,6035,767988631,179175548
MY,말레이시아,2025-01-01,26784,921581753,10823,1350979097,-429397344
AU,호주,2025-01-01,15080,909426750,46098,2906681767,-1997255017
PH,필리핀,2025-01-01,25805,880737363,5154,229072218,651665145
DE,독일,2025-01-01,12862,769583494,182280,1389601463,-620017969
PL,폴란드,2025-01-01,5877,765206162,2266,80692734,684513428
MH,마샬군도,2025-01-01,26,737986093,19,57178,737928915
CA,캐나다,2025-01-01,18111,734752287,35388,542674072,192078215
TR,튀르키예,2025-01-01,14543,662302204,2556,108219422,554082782
TH,태국,2025-01-01,17639,624224814,42817,460643382,163581432
GB,영국,2025-01-01,16092,556946982,29145,332880539,224066443
ID,인도네시아,2025-01-01,12319,551655213,8931,1114628902,-562973689
FR,프랑스,2025-01-01,6309,476678490,19289,482944618,-6266128
NL,네덜란드,2025-01-01,8910,458101813,5392,484396805,-26294992
LR,라이베리아,2025-01-01,57,457792875,29,9669,457783206
BR,브라질,2025-01-01,7368,405356891,1627,687723211,-282366320
IT,이탈리아,2025-01-01,5694,336927313,28493,461176932,-124249619
AE,아랍에미리트 연합,2025-01-01,8682,329442024,460,1456901196,-1127459172
BE,벨기에,2025-01-01,2372,312584293,2247,124648943,187935350
SA,사우디아라비아,2025-01-01,3714,291910343,468,2482498250,-2190587907
CZ,체코공화국,2025-01-01,2422,281161290,3582,78232255,202929035
HU,헝가리,2025-01-01,1825,254477023,1155,56487214,197989809
DK,덴마크,2025-01-01,1309,253412744,1756,137875392,115537352
ES,스페인,2025-01-01,3984,242347682,9360,225942176,16405506
RU,러시아 연방,2025-01-01,4709,223133772,1140,501821551,-278687779
KZ,카자흐스탄,2025-01-01,3714,194103721,50,12325186,181778535
MT,몰타,2025-01-01,195,181194201,116,16983535,164210666
IL,이스라엘,2025-01-01,3065,175268137,1508,136295600,38972537
SK,슬로바키아,2025-01-01,1506,170924255,1136,55393409,115530846
NZ,뉴질랜드,2025-01-01,2848,139315474,31775,102112404,37203070
CL,칠레,2025-01-01,2119,123920256,1456,366209458,-242289202
KG,키르기스스탄,2025-01-01,5567,114483826,11,1225930,113257896
BS,바하마,2025-01-01,40,113267669,1,493,113267176
UZ,우즈베키스탄,2025-01-01,1455,110091202,61,1165748,108925454
PK,파키스탄,2025-01-01,1484,107100732,571,38185839,68914893
CH,스위스,2025-01-01,2147,101420663,3507,280292476,-178871813
IQ,이라크,2025-01-01,733,99544684,80,791999585,-692454901
BD,방글라데시,2025-01-01,2319,99099948,1501,52091818,47008130
SE,스웨덴,2025-01-01,1436,96082640,2789,155453889,-59371249
EG,이집트,2025-01-01,2228,91577613,270,5990329,85587284
AO,앙골라,2025-01-01,97,78319777,2,30704,78289073
PA,파나마,2025-01-01,899,77923646,78,2905951,75017695
IE,아일랜드,2025-01-01,914,76335641,975,106541801,-30206160
QA,카타르,2025-01-01,908,73034059,200,1414195011,-1341160952
CO,콜롬비아,2025-01-01,1228,66485795,1158,95564399,-29078604
OM,오만,2025-01-01,993,65013103,60,499520151,-434507048
SI,슬로베니아,2025-01-01,637,63883078,294,6459449,57423629
AT,오스트리아,2025-01-01,2179,62081514,1611,112985931,-50904417
PY,파라과이,2025-01-01,122,58354480,22,543869,57810611
PT,포루투갈,2025-01-01,1011,56927732,4249,37262388,19665344
JO,요르단,2025-01-01,2013,55723382,100,4693296,51030086
KH,캄보디아,2025-01-01,1812,49598669,1020,41983513,7615156
FI,핀란드,2025-01-01,749,45115522,1038,74099175,-28983653
GU,괌,2025-01-01,535,43488239,49,479617,43008622
RO,루마니아,2025-01-01,1059,41323267,3403,47514315,-6191048
NG,나이지리아,2025-01-01,851,41085566,54,79947784,-38862218
PE,페루,2025-01-01,1146,40437898,791,257595889,-217157991
ZA,남아프리카공화국,2025-01-01,1406,39934581,310,263378295,-223443714
KW,쿠웨이트,2025-01-01,699,35753099,64,802321808,-766568709
NO,노르웨이,2025-01-01,772,34938711,1928,124259439,-89320728
PR,푸에르토리코,2025-01-01,364,34893762,116,11880194,23013568
UA,우크라이나,2025-01-01,775,33059806,167,31660879,1398927
LY,리비아,2025-01-01,9568,31688929,16,1662380,30026549
MN,몽골,2025-01-01,2280,31639167,1311,2670991,28968176
LA,라오스,2025-01-01,192,29884981,217,25016397,4868584
LT,리투아니아,2025-01-01,413,29687011,480,6614692,23072319
GR,그리스,2025-01-01,994,27196412,382,93660330,-66463918
AR,아르헨티나,2025-01-01,766,27035269,364,121717914,-94682645
MM,미얀마,2025-01-01,776,23365844,2256,41918520,-18552676
SV,엘살바도르,2025-01-01,187,21022855,97,3379847,17643008
MA,모로코,2025-01-01,376,20647032,360,13057305,7589727
EC,에쿠아도르,2025-01-01,363,20629980,207,11809914,8820066
DZ,알제리,2025-01-01,247,20215696,28,455392241,-435176545
GT,과테말라,2025-01-01,729,18323773,182,7332014,10991759
DO,도미니카 공화국,2025-01-01,475,18160181,122,8736736,9423445
GH,가나,2025-01-01,746,17112799,22,6487175,10625624
LK,스리랑카,2025-01-01,700,16795993,461,9978658,6817335
TJ,타지크,2025-01-01,2307,15873345,0,0,15873345
AL,알바니아,2025-01-01,1112,14910996,79,865588,14045408
CR,코스타리카,2025-01-01,856,13469713,363,9121425,4348288
BG,불가리아,2025-01-01,458,12897979,842,25741185,-12843206
SL,시에라 리온,2025-01-01,23,12106161,15,1361763,10744398
HN,온두라스,2025-01-01,373,11511870,74,1740225,9771645
TZ,탄자니아,2025-01-01,302,11466446,31,8240157,3226289
AZ,아제르바이잔,2025-01-01,577,11039680,8,394096,10645584
KE,케냐,2025-01-01,281,10638341,68,3422542,7215799
CI,코트디봐르,2025-01-01,134,10506655,33,17354577,-6847922
RS,세르비아,2025-01-01,244,10497990,150,8121372,2376618
UY,우루과이,2025-01-01,151,10208189,61,20242606,-10034417
GE,조지아,2025-01-01,434,9882905,102,614955,9267950
TN,튀니지,2025-01-01,143,9342246,587,7354893,1987353
IR,이란,2025-01-01,194,8821420,12,216916,8604504
ET,에티오피아,2025-01-01,64,8576826,262,7518179,1058647
ZZ,기타국,2025-01-01,84,8412290,679,28380209,-19967919
HR,크로아티아,2025-01-01,186,8313154,122,1495818,6817336
DJ,지부티,2025-01-01,51,8239363,1,40885,8198478
TM,투르크멘,2025-01-01,15,8048919,0,225,8048694
EE,에스토니아,2025-01-01,285,7672612,263,7483169,189443
BN,브루나이,2025-01-01,134,7582455,13,2360221,5222234
LB,레바논,2025-01-01,186,6331708,46,1190611,5141097
PG,파푸아 뉴기니,2025-01-01,77,6289946,28,151529962,-145240016
SN,세네갈,2025-01-01,440,6057593,41,3024010,3033583
MD,몰도바,2025-01-01,140,5795514,292,5203056,592458
MZ,모잠비크,2025-01-01,54,5667394,15,37752956,-32085562
SD,수단,2025-01-01,30,5434438,0,4,5434434
BH,바레인,2025-01-01,244,5241635,69,73454788,-68213153
GY,가이아나,2025-01-01,89,4547326,3,48584,4498742
TT,트리니다드 토바고,2025-01-01,70,4260668,42,13539769,-9279101
BY,벨라루스,2025-01-01,155,4245481,19,915772,3329709
LV,라트비아,2025-01-01,201,4146123,302,9366712,-5220589
NI,니카라과,2025-01-01,126,4109352,31,1231399,2877953
IS,아이슬란드,2025-01-01,120,4080380,39,832183,3248197
LU,룩셈부르그,2025-01-01,155,3797888,202,10126152,-6328264
WS,사모아,2025-01-01,13,3370274,0,0,3370274
CG,콩고,2025-01-01,81,3367276,3,613710,2753566
MU,모리셔스,2025-01-01,120,3236658,15,187731,3048927
SS,남수단,2025-01-01,7,3218520,0,107,3218413
YE,예맨,2025-01-01,280,3125394,41,6429056,-3303662
FJ,피지,2025-01-01,80,2996571,15,159869,2836702
GN,기니,2025-01-01,264,2955140,36,3972423,-1017283
JM,자마이카,2025-01-01,58,2841178,8,76946,2764232
CY,사이프러스,2025-01-01,217,2699574,33,1233967,1465607
VE,베네주엘라,2025-01-01,70,2638295,6,439434,2198861
RE,불령 리유니온 코모도 제도,2025-01-01,40,2509851,0,0,2509851
BO,볼리비아,2025-01-01,69,2489683,12,71833735,-69344052
AF,아프카니스탄,2025-01-01,77,2427495,10,98401,2329094
SY,시리아,2025-01-01,203,2043262,1,6102,2037160
AW,아루바,2025-01-01,50,2027227,0,0,2027227
NP,네팔,2025-01-01,212,1974005,86,563676,1410329
MG,마다카스카르,2025-01-01,183,1797690,123,6259269,-4461579
MQ,마티니크,2025-01-01,23,1769183,1,5596,1763587
BZ,벨리제,2025-01-01,10,1763130,0,0,1763130
TG,토고,2025-01-01,81,1735501,13,850116,885385
CM,카메룬,2025-01-01,93,1651009,12,481343,1169666
BJ,베닝,2025-01-01,26,1573205,1,37203,1536002
RW,르완다,2025-01-01,182,1559797,9,279446,1280351
NE,니제르,2025-01-01,3,1513439,2,5843,1507596
BF,부르키나 파소,2025-01-01,11,1472226,1,56054,1416172
GA,가봉,2025-01-01,278,1382028,1,78541,1303487
AM,아르메니아,2025-01-01,64,1310088,232,4791321,-3481233
HT,아이티,2025-01-01,22,1272981,3,1761,1271220
ZM,잠비아,2025-01-01,52,1168280,2,4441260,-3272980
MP,북마리아나 군도,2025-01-01,148,1145046,2,26098,1118948
PF,불령 폴리네시아,2025-01-01,45,1098225,4,160152,938073
ZW,짐바브웨,2025-01-01,20,1056132,8,672640,383492
SO,소말리아,2025-01-01,26,1054358,3,374192,680166
ML,말리,2025-01-01,12,1046520,3,103806,942714
CD,콩고민주공화국,2025-01-01,21,1037382,44,87133943,-86096561
CW,큐라소,2025-01-01,43,1025609,1,18420,1007189
MF,세인트 마틴,2025-01-01,14,1005869,0,0,1005869
GP,과델로프,2025-01-01,15,1005741,0,0,1005741
PS,팔레스타인 해방기구,2025-01-01,8,918079,0,0,918079
SR,수리남,2025-01-01,22,913833,12,776873,136960
MO,마카오,2025-01-01,172,867392,28,93301,774091
BM,버뮤다,2025-01-01,10,784597,2,680,783917
FM,마이크로네시아,2025-01-01,50,704851,2,29158,675693
VU,바누아투,2025-01-01,35,649492,7,625211,24281
UG,우간다,2025-01-01,33,623073,20,763114,-140041
TV,투발루,2025-01-01,6,610241,1,2078,608163
SB,솔로몬 군도,2025-01-01,15,604874,1,17,604857
PW,팔라우,2025-01-01,16,596642,2,24367,572275
BI,부룬디,2025-01-01,7,594150,0,14,594136
BT,부탄,2025-01-01,37,590179,5,1579932,-989753
KI,키리바티,2025-01-01,46,537616,0,0,537616
LI,리히텐슈타인,2025-01-01,14,527820,44,962335,-434515
BW,보츠와나,2025-01-01,11,503244,4,51349,451895
ME,몬테네그로,2025-01-01,7,479940,4,2383,477557
MR,모리타니,2025-01-01,39,461957,10,1502965,-1041008
BA,보스니아-헤르체고비나,2025-01-01,43,461052,61,2822769,-2361717
BB,바베이도스,2025-01-01,17,424095,9,83503,340592
MV,몰디브,2025-01-01,77,411643,2,1691,409952
AS,아메리칸 사모아,2025-01-01,10,395190,2,151841,243349
GD,그레나다,2025-01-01,5,366571,1,735,365836
CV,카보 베르데,2025-01-01,4,316669,0,82,316587
NA,나미비아,2025-01-01,22,298322,3,66695,231627
LC,세인트 루시아,2025-01-01,8,275362,0,0,275362
AG,안티가 바부다,2025-01-01,7,275187,0,0,275187
GM,감비아,2025-01-01,74,257178,13,876592,-619414
MK,마세도니아,2025-01-01,39,241773,17,845053,-603280
KY,영령 캐이맨 군도,2025-01-01,12,240809,0,0,240809
GQ,적도 기니,2025-01-01,10,236782,1,81506,155276
CU,쿠바,2025-01-01,15,229399,5,928191,-698792
NC,뉴 칼레도니아,2025-01-01,35,181643,9,20047202,-19865559
GF,불령 가이아나,2025-01-01,9,171448,0,0,171448
VG,영령 버진군도,2025-01-01,2,162401,0,0,162401
SC,세이쉘,2025-01-01,16,162149,6,203019,-40870
VC,세인트 빈센트 그레나딘,2025-01-01,3,152943,0,0,152943
SZ,스와질랜드,2025-01-01,8,150628,14,51912,98716
DM,도미니카,2025-01-01,4,123810,3,18268,105542
TC,투르크 & 카이코스 군도,2025-01-01,7,108139,0,0,108139
YT,메요트,2025-01-01,1,89413,0,0,89413
GW,기네비소,2025-01-01,3,72617,5,149211,-76594
MW,말라위,2025-01-01,7,68980,9,1549716,-1480736
KN,세인트 키츠 네비스,2025-01-01,2,60178,2,599,59579
TL,티모르,2025-01-01,4,27765,4,2457,25308
AN,네덜란드 열도,2025-01-01,7,26982,1,52,26930
MC,모나코,2025-01-01,1,20891,7,215222,-194331
CF,중앙아프리카공화국,2025-01-01,2,19864,1,27872,-8008
TD,챠드,2025-01-01,2,18022,1,89,17933
GI,지브랄타,2025-01-01,11,15869,0,0,15869
TO,통가,2025-01-01,1,11966,1,14932,-2966
SX,세인트마틴(생마르탱),2025-01-01,5,7845,1,37,7808
BL,세인트 바르탤르미,2025-01-01,2,5937,0,13834,-7897
GL,그린랜드,2025-01-01,1,2506,3,282235,-279729
VA,교황청,2025-01-01,6,1854,0,0,1854
KM,코모로스,2025-01-01,2,1731,1,1913,-182
AI,앙귈라,2025-01-01,1,1160,0,0,1160
ER,에리트리아,2025-01-01,1,1084,0,0,1084
VI,미령 버진군도,2025-01-01,7,1019,0,0,1019
MS,몬트세라트,2025-01-01,2,557,0,0,557
GG,건지,2025-01-01,4,415,0,0,415
JE,저어지,2025-01-01,2,246,1,480,-234
WF,왈라스 & 퓨투나 군도,2025-01-01,1,4,0,0,4
BQ,보네르 신트외스타티위스,2025-01-01,0,0,1,8408,-8408
TF,불령 남부지역,2025-01-01,0,0,0,46,-46
ST,상토메 프린스페,2025-01-01,0,0,0,74,-74
IM,맨섬,2025-01-01,0,0,1,12,-12
AD,안도라,2025-01-01,0,0,1,1619,-1619
CX,크리스마스 아일랜드,2025-01-01,0,0,0,1177,-1177
TK,토켈라우,2025-01-01,0,0,1,129121,-129121
SM,산마리노,2025-01-01,0,0,14,210054,-210054
NR,나우루,2025-01-01,0,0,1,4504430,-4504430
NU,니우에,2025-01-01,0,0,1,148,-148
CK,쿡 아일랜드,2025-01-01,0,0,1,1100,-1100
LS,레소토,2025-01-01,0,0,3,5697,-5697
CC,코스 군도,2025-01-01,0,0,1,98,-98
PN,피트카이른,2025-01-01,0,0,1,13348,-13348
IO,영령 인도양,2025-01-01,0,0,1,91,-91
US,미국,2025-02-01,212449,9889640386,1498316,5739597567,4150042819
CN,중국,2025-02-01,94365,9505605066,1181232,9485141464,20463602
VN,베트남,2025-02-01,63933,4733817757,135250,2264974405,2468843352
TW,대만,2025-02-01,36733,2751970053,20802,2396498193,355471860
JP,일본,2025-02-01,149826,2265013927,399594,4192447648,-1927433721
HK,홍콩,2025-02-01,20299,1888439729,154904,451335046,1437104683
SG,싱가포르,2025-02-01,46551,1629459571,23932,867679429,761780142
IN,인도,2025-02-01,20499,1595804410,12512,539824960,1055979450
MY,말레이시아,2025-02-01,27843,1033843641,11935,1379681367,-345837726
AU,호주,2025-02-01,17275,991920941,42774,2340709198,-1348788257
MX,멕시코,2025-02-01,16638,961377566,7145,640039041,321338525
TR,튀르키예,2025-02-01,17137,852894976,2702,84604879,768290097
CA,캐나다,2025-02-01,19742,816900210,38528,443162767,373737443
PH,필리핀,2025-02-01,26209,727944622,6128,272119814,455824808
PL,폴란드,2025-02-01,6878,725083058,2253,67332713,657750345
DE,독일,2025-02-01,14303,709873650,194856,1659253129,-949379479
ID,인도네시아,2025-02-01,13940,674768217,10139,985493836,-310725619
TH,태국,2025-02-01,19054,668576738,53786,610306315,58270423
NL,네덜란드,2025-02-01,9967,578872305,5506,746248577,-167376272
AE,아랍에미리트 연합,2025-02-01,10669,501213734,645,1379016972,-877803238
GB,영국,2025-02-01,17431,481862923,24379,358048304,123814619
BR,브라질,2025-02-01,8612,427286585,2068,473438089,-46151504
IT,이탈리아,2025-02-01,6427,375759766,32077,588205245,-212445479
SA,사우디아라비아,2025-02-01,4272,358306037,476,2366254386,-2007948349
MH,마샬군도,2025-02-01,34,355701444,9,212756,355488688
BE,벨기에,2025-02-01,2597,334877889,2388,85547603,249330286
HU,헝가리,2025-02-01,2172,331912909,1555,85966619,245946290
CZ,체코공화국,2025-02-01,2885,304913481,4066,90349804,214563677
RU,러시아 연방,2025-02-01,6859,297090636,1407,485544202,-188453566
FR,프랑스,2025-02-01,6777,291311145,24619,818432044,-527120899
ES,스페인,2025-02-01,4629,280928145,10388,174612897,106315248
DK,덴마크,2025-02-01,1434,254829979,2233,118444164,136385815
KZ,카자흐스탄,2025-02-01,5001,247640956,63,15414003,232226953
LR,라이베리아,2025-02-01,83,245797726,31,606893,245190833
SK,슬로바키아,2025-02-01,1742,226628571,1422,57491270,169137301
IL,이스라엘,2025-02-01,4323,218569507,1726,102612075,115957432
NZ,뉴질랜드,2025-02-01,3262,215910794,28109,125458599,90452195
KG,키르기스스탄,2025-02-01,8953,211145509,5,35119,211110390
BM,버뮤다,2025-02-01,14,208775051,1,349,208774702
BD,방글라데시,2025-02-01,2472,156177459,1626,64352722,91824737
UZ,우즈베키스탄,2025-02-01,1916,144963951,77,2296585,142667366
CH,스위스,2025-02-01,2256,137332665,4483,350839765,-213507100
IQ,이라크,2025-02-01,1024,125243539,82,929492499,-804248960
CL,칠레,2025-02-01,2452,119174486,1219,260064274,-140889788
EG,이집트,2025-02-01,2502,117239072,239,5044859,112194213
PK,파키스탄,2025-02-01,1609,95916574,616,20904188,75012386
PT,포루투갈,2025-02-01,1190,95111722,4023,41018765,54092957
SE,스웨덴,2025-02-01,1633,94041026,3323,152857704,-58816678
PA,파나마,2025-02-01,1118,93073646,82,2298176,90775470
IE,아일랜드,2025-02-01,1031,88660355,1082,123581408,-34921053
CO,콜롬비아,2025-02-01,1394,81118840,1284,158312738,-77193898
AT,오스트리아,2025-02-01,2396,80398723,2096,116530910,-36132187
QA,카타르,2025-02-01,1059,77863094,148,827629673,-749766579
SI,슬로베니아,2025-02-01,736,74104516,374,11771738,62332778
KW,쿠웨이트,2025-02-01,743,62742385,71,575332100,-512589715
JO,요르단,2025-02-01,2853,60293368,90,2114080,58179288
KH,캄보디아,2025-02-01,2306,53392996,1063,40013417,13379579
PE,페루,2025-02-01,1279,52077611,686,228380034,-176302423
RO,루마니아,2025-02-01,1389,48663334,2836,36618104,12045230
MN,몽골,2025-02-01,3235,48646772,991,1233634,47413138
GR,그리스,2025-02-01,1225,48243786,452,13753779,34490007
NG,나이지리아,2025-02-01,1068,46712817,56,69543055,-22830238
ZA,남아프리카공화국,2025-02-01,1717,45008101,304,247938147,-202930046
UA,우크라이나,2025-02-01,1001,44989831,149,8526989,36462842
LY,리비아,2025-02-01,12212,42468597,16,1627023,40841574
LT,리투아니아,2025-02-01,550,39425356,518,7664778,31760578
PR,푸에르토리코,2025-02-01,426,37395787,118,29100915,8294872
DZ,알제리,2025-02-01,336,33668613,28,295859826,-262191213
AR,아르헨티나,2025-02-01,822,33454792,342,77921553,-44466761
FI,핀란드,2025-02-01,795,33202906,1106,82860661,-49657755
EC,에쿠아도르,2025-02-01,528,32766776,281,6755291,26011485
MA,모로코,2025-02-01,404,32211688,360,23832057,8379631
GH,가나,2025-02-01,933,30086211,47,14213615,15872596
FJ,피지,2025-02-01,93,29798612,8,331934,29466678
CR,코스타리카,2025-02-01,650,29745476,414,22657245,7088231
TJ,타지크,2025-02-01,2529,26320570,2,7724,26312846
NO,노르웨이,2025-02-01,949,25659970,2296,114509965,-88849995
KE,케냐,2025-02-01,358,23598303,114,3075209,20523094
MM,미얀마,2025-02-01,828,23401991,1896,58360689,-34958698
AL,알바니아,2025-02-01,1629,22215699,70,582771,21632928
OM,오만,2025-02-01,1100,21099843,58,199234302,-178134459
GT,과테말라,2025-02-01,598,18939838,215,5758208,13181630
RS,세르비아,2025-02-01,299,18433233,178,9965051,8468182
SV,엘살바도르,2025-02-01,220,17895215,118,2939467,14955748
CI,코트디봐르,2025-02-01,245,17716579,30,14983546,2733033
LK,스리랑카,2025-02-01,745,16925817,493,10224259,6701558
TZ,탄자니아,2025-02-01,342,16583819,43,4728481,11855338
DO,도미니카 공화국,2025-02-01,503,16311127,146,5306516,11004611
TN,튀니지,2025-02-01,135,15960190,677,8728530,7231660
AZ,아제르바이잔,2025-02-01,619,14455587,6,26975,14428612
BH,바레인,2025-02-01,295,14305019,63,66153004,-51847985
BG,불가리아,2025-02-01,610,14142284,796,9640326,4501958
GE,조지아,2025-02-01,505,13379878,64,523590,12856288
IR,이란,2025-02-01,230,11881671,17,44308,11837363
UY,우루과이,2025-02-01,146,11739751,54,4824273,6915478
SN,세네갈,2025-02-01,538,11312102,34,2211929,9100173
LA,라오스,2025-02-01,194,10721791,189,8335569,2386222
PY,파라과이,2025-02-01,139,9868796,38,1571230,8297566
HN,온두라스,2025-02-01,338,9706595,115,4468416,5238179
HR,크로아티아,2025-02-01,231,9279874,139,1264276,8015598
MT,몰타,2025-02-01,264,9096205,106,14677907,-5581702
SY,시리아,2025-02-01,946,8966484,2,5006,8961478
ET,에티오피아,2025-02-01,59,8676032,345,8810640,-134608
LB,레바논,2025-02-01,216,8183713,64,1748925,6434788
IS,아이슬란드,2025-02-01,156,8050825,46,765359,7285466
NA,나미비아,2025-02-01,30,7765857,2,657,7765200
CY,사이프러스,2025-02-01,253,7556355,30,335141,7221214
EE,에스토니아,2025-02-01,333,7525572,278,8931235,-1405663
GU,괌,2025-02-01,596,7382910,58,721250,6661660
BY,벨라루스,2025-02-01,168,6724968,22,1394699,5330269
MD,몰도바,2025-02-01,222,6576225,245,4653189,1923036
PG,파푸아 뉴기니,2025-02-01,70,6202711,35,25360372,-19157661
ZZ,기타국,2025-02-01,104,5724546,775,12761279,-7036733
CG,콩고,2025-02-01,72,5542818,3,301012,5241806
YE,예맨,2025-02-01,312,5209809,62,8809505,-3599696
LV,라트비아,2025-02-01,234,5051079,338,8700182,-3649103
NI,니카라과,2025-02-01,129,5029123,34,6027971,-998848
BN,브루나이,2025-02-01,130,4905389,9,20331,4885058
WS,사모아,2025-02-01,38,4852585,1,100,4852485
TM,투르크멘,2025-02-01,39,4220469,0,0,4220469
BJ,베닝,2025-02-01,52,3765290,2,21,3765269
VE,베네주엘라,2025-02-01,108,3502203,8,230726,3271477
MU,모리셔스,2025-02-01,159,3484920,18,326339,3158581
AO,앙골라,2025-02-01,108,3354132,1,37,3354095
MZ,모잠비크,2025-02-01,50,3293125,16,52603320,-49310195
LU,룩셈부르그,2025-02-01,167,3231760,218,9055628,-5823868
TT,트리니다드 토바고,2025-02-01,77,3201844,39,36615098,-33413254
JM,자마이카,2025-02-01,61,3055394,9,448095,2607299
BO,볼리비아,2025-02-01,73,2920225,23,99187387,-96267162
SS,남수단,2025-02-01,4,2837586,2,18232,2819354
SD,수단,2025-02-01,35,2697066,0,0,2697066
BF,부르키나 파소,2025-02-01,15,2640384,3,95,2640289
AW,아루바,2025-02-01,83,2553934,2,24074,2529860
TG,토고,2025-02-01,99,2544691,10,547367,1997324
MG,마다카스카르,2025-02-01,260,2518752,109,11440922,-8922170
CM,카메룬,2025-02-01,83,2352179,11,3491448,-1139269
DJ,지부티,2025-02-01,39,2346649,0,0,2346649
NP,네팔,2025-02-01,197,2325322,106,731368,1593954
UG,우간다,2025-02-01,32,2063586,21,3275092,-1211506
GD,그레나다,2025-02-01,16,2032550,0,0,2032550
GQ,적도 기니,2025-02-01,23,2019549,0,0,2019549
RW,르완다,2025-02-01,233,2013441,6,267080,1746361
PF,불령 폴리네시아,2025-02-01,43,2010820,0,0,2010820
GY,가이아나,2025-02-01,57,1916021,2,137801,1778220
RE,불령 리유니온 코모도 제도,2025-02-01,42,1862742,1,17920,1844822
BS,바하마,2025-02-01,74,1778377,3,3450,1774927
ZM,잠비아,2025-02-01,49,1711404,9,6475528,-4764124
AS,아메리칸 사모아,2025-02-01,40,1687917,11,351699,1336218
AM,아르메니아,2025-02-01,73,1668665,243,5229278,-3560613
BZ,벨리제,2025-02-01,13,1605072,1,228,1604844
MF,세인트 마틴,2025-02-01,26,1586273,0,0,1586273
AF,아프카니스탄,2025-02-01,69,1533334,5,96147,1437187
CW,큐라소,2025-02-01,52,1510962,0,0,1510962
ZW,짐바브웨,2025-02-01,29,1469331,10,3965792,-2496461
GN,기니,2025-02-01,235,1451850,38,4228576,-2776726
SO,소말리아,2025-02-01,32,1381870,5,396677,985193
HT,아이티,2025-02-01,33,1308510,3,35948,1272562
SC,세이쉘,2025-02-01,24,1274419,0,15430,1258989
GA,가봉,2025-02-01,343,1229125,7,6434232,-5205107
BA,보스니아-헤르체고비나,2025-02-01,69,1180573,93,1108987,71586
MP,북마리아나 군도,2025-02-01,136,1057453,7,183285,874168
MQ,마티니크,2025-02-01,25,1025641,2,604,1025037
BT,부탄,2025-02-01,48,913119,5,1614689,-701570
SR,수리남,2025-02-01,18,804360,8,420847,383513
SB,솔로몬 군도,2025-02-01,23,803624,3,169176,634448
CD,콩고민주공화국,2025-02-01,30,779098,40,72142827,-71363729
MO,마카오,2025-02-01,200,775547,29,92561,682986
ME,몬테네그로,2025-02-01,16,742765,2,10104,732661
PS,팔레스타인 해방기구,2025-02-01,14,738518,2,101280,637238
MR,모리타니,2025-02-01,29,736807,12,1282994,-546187
MK,마세도니아,2025-02-01,72,720500,22,568031,152469
KY,영령 캐이맨 군도,2025-02-01,18,719063,13,1782,717281
SL,시에라 리온,2025-02-01,27,706629,15,1115719,-409090
LI,리히텐슈타인,2025-02-01,13,665264,56,1932347,-1267083
MV,몰디브,2025-02-01,106,640309,5,1150,639159
GP,과델로프,2025-02-01,19,634347,0,0,634347
NC,뉴 칼레도니아,2025-02-01,51,603249,7,4580602,-3977353
FM,마이크로네시아,2025-02-01,51,575710,5,19063,556647
KI,키리바티,2025-02-01,25,554300,0,0,554300
TL,티모르,2025-02-01,5,554070,1,159,553911
CF,중앙아프리카공화국,2025-02-01,4,552371,0,0,552371
VU,바누아투,2025-02-01,19,535978,19,1209097,-673119
BB,바베이도스,2025-02-01,20,527859,9,31616,496243
AG,안티가 바부다,2025-02-01,14,513253,0,0,513253
GF,불령 가이아나,2025-02-01,21,453734,0,0,453734
GM,감비아,2025-02-01,63,445049,8,714080,-269031
VG,영령 버진군도,2025-02-01,4,426038,0,0,426038
LC,세인트 루시아,2025-02-01,8,330044,0,0,330044
CU,쿠바,2025-02-01,17,231668,4,224527,7141
TC,투르크 & 카이코스 군도,2025-02-01,10,174518,0,173,174345
DM,도미니카,2025-02-01,9,166440,1,186,166254
NE,니제르,2025-02-01,6,160514,1,1,160513
BI,부룬디,2025-02-01,10,153358,1,1944,151414
PW,팔라우,2025-02-01,10,136787,2,33095,103692
KM,코모로스,2025-02-01,2,129150,1,18568,110582
KN,세인트 키츠 네비스,2025-02-01,6,117441,4,3010,114431
CV,카보 베르데,2025-02-01,3,82689,0,0,82689
VC,세인트 빈센트 그레나딘,2025-02-01,4,80101,0,0,80101
SZ,스와질랜드,2025-02-01,7,77624,14,28518,49106
ML,말리,2025-02-01,17,75755,2,523,75232
TO,통가,2025-02-01,2,75500,2,852,74648
GW,기네비소,2025-02-01,1,68800,2,127097,-58297
BW,보츠와나,2025-02-01,17,64337,3,19851,44486
SM,산마리노,2025-02-01,4,44884,15,617793,-572909
TD,챠드,2025-02-01,3,41135,0,0,41135
AN,네덜란드 열도,2025-02-01,6,38273,1,52,38221
GI,지브랄타,2025-02-01,16,33466,1,98,33368
AD,안도라,2025-02-01,5,31818,2,4414,27404
NR,나우루,2025-02-01,1,11431,2,35237,-23806
GS,남조지아 & 남샌드위치 군도,2025-02-01,1,10981,0,0,10981
SX,세인트마틴(생마르탱),2025-02-01,4,9404,0,0,9404
MW,말라위,2025-02-01,8,9101,15,7272235,-7263134
AI,앙귈라,2025-02-01,2,6904,1,239,6665
ST,상토메 프린스페,2025-02-01,1,5410,0,0,5410
MC,모나코,2025-02-01,6,4283,6,361891,-357608
BL,세인트 바르탤르미,2025-02-01,1,3883,1,555,3328
LS,레소토,2025-02-01,1,3000,6,60355,-57355
TV,투발루,2025-02-01,1,3000,0,0,3000
GG,건지,2025-02-01,4,2614,1,1285,1329
GL,그린랜드,2025-02-01,5,1961,5,49747,-47786
YT,메요트,2025-02-01,1,1733,0,0,1733
VA,교황청,2025-02-01,4,1010,2,1183,-173
VI,미령 버진군도,2025-02-01,5,763,0,1206,-443
JE,저어지,2025-02-01,3,497,0,0,497
FK,포클랜드 군도,2025-02-01,3,180,0,0,180
FO,파로에 군도,2025-02-01,1,155,0,0,155
WF,왈라스 & 퓨투나 군도,2025-02-01,1,70,0,0,70
ER,에리트리아,2025-02-01,1,1,0,0,1
PN,피트카이른,2025-02-01,0,0,1,193,-193
BQ,보네르 신트외스타티위스,2025-02-01,0,0,1,922,-922
CK,쿡 아일랜드,2025-02-01,0,0,0,319,-319
CC,코스 군도,2025-02-01,0,0,1,248,-248
NU,니우에,2025-02-01,0,0,0,284,-284
IO,영령 인도양,2025-02-01,0,0,1,572,-572
TK,토켈라우,2025-02-01,0,0,1,544,-544
IM,맨섬,2025-02-01,0,0,1,17,-17
MS,몬트세라트,2025-02-01,0,0,2,2525,-2525
UM,마이너 아우틀링 합중국 군도,2025-02-01,0,0,0,9777,-9777
US,미국,2025-03-01,223856,11109476018,1550643,5391830286,5717645732
CN,중국,2025-03-01,106873,10057086286,1519988,11377002295,-1319916009
VN,베트남,2025-03-01,62537,5025872102,177788,2604696677,2421175425
TW,대만,2025-03-01,42392,3820712252,23350,2912365127,908347125
HK,홍콩,2025-03-01,25494,2681760442,231196,329808998,2351951444
JP,일본,2025-03-01,321702,2158841627,443649,4579729156,-2420887529
SG,싱가포르,2025-03-01,48459,1894030462,21969,938967046,955063416
IN,인도,2025-03-01,19575,1502347470,13089,592525336,909822134
PH,필리핀,2025-03-01,27544,1051397447,6383,326628058,724769389
MY,말레이시아,2025-03-01,35378,980219523,12889,1184820347,-204600824
MX,멕시코,2025-03-01,16090,942535533,7880,703027800,239507733
AU,호주,2025-03-01,19049,902184940,40546,2550487571,-1648302631
CA,캐나다,2025-03-01,20096,895302292,41662,540413314,354888978
DE,독일,2025-03-01,14829,894703402,205401,1835660365,-940956963
PL,폴란드,2025-03-01,7317,877946005,2251,68737114,809208891
TR,튀르키예,2025-03-01,18088,833959713,2985,133351505,700608208
TH,태국,2025-03-01,18740,658854716,52205,603817932,55036784
NL,네덜란드,2025-03-01,10212,655219142,6029,1609234406,-954015264
LR,라이베리아,2025-03-01,70,632845195,42,188990,632656205
MT,몰타,2025-03-01,204,543499907,111,25417408,518082499
ID,인도네시아,2025-03-01,11461,537114197,11156,802101094,-264986897
GB,영국,2025-03-01,19326,504706939,24442,371528895,133178044
FR,프랑스,2025-03-01,6956,478729145,25426,665193181,-186464036
SA,사우디아라비아,2025-03-01,4459,445522192,415,2400641746,-1955119554
AE,아랍에미리트 연합,2025-03-01,10811,440865687,558,1620545809,-1179680122
BR,브라질,2025-03-01,8449,425884957,2136,609071386,-183186429
HU,헝가리,2025-03-01,2418,424792450,1490,65005038,359787412
IT,이탈리아,2025-03-01,6506,393475918,34208,564305836,-170829918
RU,러시아 연방,2025-03-01,7368,298269912,1525,436417912,-138148000
CZ,체코공화국,2025-03-01,2936,295075538,3880,92162822,202912716
BE,벨기에,2025-03-01,2582,282067044,2336,100789365,181277679
ES,스페인,2025-03-01,4792,278876663,10954,209401250,69475413
KZ,카자흐스탄,2025-03-01,5196,273991893,64,13811151,260180742
NZ,뉴질랜드,2025-03-01,3201,271801538,29963,115401241,156400297
KG,키르기스스탄,2025-03-01,9236,253936574,9,28049,253908525
DK,덴마크,2025-03-01,1443,251957274,2093,79184097,172773177
IL,이스라엘,2025-03-01,5470,211388313,1644,155699541,55688772
SK,슬로바키아,2025-03-01,1957,201481611,1729,94039549,107442062
BD,방글라데시,2025-03-01,2219,180432818,1935,63977243,116455575
CL,칠레,2025-03-01,2556,157369210,1727,475593228,-318224018
CH,스위스,2025-03-01,2498,139715940,4566,403506005,-263790065
UZ,우즈베키스탄,2025-03-01,1893,130198610,82,666107,129532503
EG,이집트,2025-03-01,2375,129732230,237,5113244,124618986
PA,파나마,2025-03-01,1095,126640158,62,2111574,124528584
MH,마샬군도,2025-03-01,34,122796428,13,60973402,61823026
IQ,이라크,2025-03-01,1078,120878080,88,741159388,-620281308
BS,바하마,2025-03-01,35,116827986,3,1932,116826054
PK,파키스탄,2025-03-01,1677,116425531,824,13572181,102853350
IE,아일랜드,2025-03-01,1110,113498151,1084,101820203,11677948
CO,콜롬비아,2025-03-01,1510,108278000,1212,37482101,70795899
SE,스웨덴,2025-03-01,1762,99066610,3315,196969171,-97902561
AT,오스트리아,2025-03-01,2486,97352638,2198,133219536,-35866898
PT,포루투갈,2025-03-01,1139,82962611,4253,42755494,40207117
OM,오만,2025-03-01,1274,75519475,76,350984389,-275464914
QA,카타르,2025-03-01,1079,70529250,138,950365496,-879836246
ZA,남아프리카공화국,2025-03-01,1685,67854228,309,114156958,-46302730
AO,앙골라,2025-03-01,125,67259028,2,14441,67244587
RO,루마니아,2025-03-01,1421,60535307,2411,37921994,22613313
SI,슬로베니아,2025-03-01,713,60517047,381,15753771,44763276
MN,몽골,2025-03-01,3025,54671096,1186,926244,53744852
KH,캄보디아,2025-03-01,2340,53314618,983,45414186,7900432
PY,파라과이,2025-03-01,141,50745613,19,245410,50500203
JO,요르단,2025-03-01,2884,47877279,69,2673166,45204113
PE,페루,2025-03-01,1268,45849878,818,393419638,-347569760
GR,그리스,2025-03-01,1215,44563820,454,55478448,-10914628
UA,우크라이나,2025-03-01,1063,44416698,178,48254395,-3837697
AR,아르헨티나,2025-03-01,816,44208445,280,69001680,-24793235
PR,푸에르토리코,2025-03-01,472,42124199,172,27923507,14200692
NG,나이지리아,2025-03-01,1023,41623503,50,6509016,35114487
KW,쿠웨이트,2025-03-01,633,41045779,80,678959821,-637914042
LY,리비아,2025-03-01,11374,40605853,13,18023109,22582744
FI,핀란드,2025-03-01,855,40569648,1193,92121743,-51552095
NO,노르웨이,2025-03-01,988,34931761,2298,190755256,-155823495
GU,괌,2025-03-01,607,33005468,38,608986,32396482
MA,모로코,2025-03-01,441,31897012,383,19070437,12826575
LT,리투아니아,2025-03-01,545,30299679,548,11850638,18449041
DZ,알제리,2025-03-01,332,29262729,25,285842909,-256580180
FJ,피지,2025-03-01,86,28904008,17,430087,28473921
EC,에쿠아도르,2025-03-01,503,28436950,308,7569993,20866957
GT,과테말라,2025-03-01,951,27087078,243,7785709,19301369
IR,이란,2025-03-01,231,26599026,19,123961,26475065
MM,미얀마,2025-03-01,849,24278090,2121,60286486,-36008396
GH,가나,2025-03-01,1136,23198521,35,10003734,13194787
AL,알바니아,2025-03-01,1651,21353523,78,517903,20835620
DO,도미니카 공화국,2025-03-01,503,20637012,145,7999018,12637994
SV,엘살바도르,2025-03-01,222,20122142,157,5629815,14492327
TJ,타지크,2025-03-01,1976,19602159,1,200,19601959
AZ,아제르바이잔,2025-03-01,595,18366644,7,3061,18363583
CR,코스타리카,2025-03-01,771,17717367,485,15802439,1914928
TZ,탄자니아,2025-03-01,349,17218338,35,3593927,13624411
SY,시리아,2025-03-01,1558,17010435,5,35631,16974804
BG,불가리아,2025-03-01,653,16349093,885,20474455,-4125362
CI,코트디봐르,2025-03-01,166,15900122,39,17295460,-1395338
KE,케냐,2025-03-01,311,15064505,109,5096936,9967569
LK,스리랑카,2025-03-01,845,14944949,547,9842470,5102479
ZZ,기타국,2025-03-01,138,13664998,777,13656379,8619
RS,세르비아,2025-03-01,284,13051081,148,6511585,6539496
GE,조지아,2025-03-01,554,11169704,78,1038296,10131408
UY,우루과이,2025-03-01,166,10581380,56,11122563,-541183
HR,크로아티아,2025-03-01,268,10475726,140,905529,9570197
TN,튀니지,2025-03-01,215,10079919,694,9003991,1075928
ET,에티오피아,2025-03-01,55,9959914,247,5786714,4173200
LA,라오스,2025-03-01,182,9894403,204,6595743,3298660
EE,에스토니아,2025-03-01,339,9676065,326,5876064,3800001
HN,온두라스,2025-03-01,311,9481707,170,5786366,3695341
IS,아이슬란드,2025-03-01,157,8822605,42,1334764,7487841
LB,레바논,2025-03-01,261,8155488,69,2437542,5717946
MZ,모잠비크,2025-03-01,54,7819923,19,186348000,-178528077
BN,브루나이,2025-03-01,179,7603830,13,78331293,-70727463
SN,세네갈,2025-03-01,517,6539276,43,3014949,3524327
CY,사이프러스,2025-03-01,251,5744857,39,654145,5090712
MD,몰도바,2025-03-01,183,5572890,226,2217316,3355574
BY,벨라루스,2025-03-01,165,5428598,12,950155,4478443
NI,니카라과,2025-03-01,116,5119453,53,31662699,-26543246
TT,트리니다드 토바고,2025-03-01,90,4957553,28,49943126,-44985573
AF,아프카니스탄,2025-03-01,118,4935682,6,98088,4837594
YE,예맨,2025-03-01,324,4892391,20,2192663,2699728
LV,라트비아,2025-03-01,231,4769674,336,8910927,-4141253
TM,투르크멘,2025-03-01,40,4583133,0,1202,4581931
LU,룩셈부르그,2025-03-01,184,4443253,235,10024589,-5581336
BH,바레인,2025-03-01,290,4274316,57,16071538,-11797222
GN,기니,2025-03-01,257,4045886,24,2786113,1259773
PG,파푸아 뉴기니,2025-03-01,67,3975035,34,38033229,-34058194
WS,사모아,2025-03-01,27,3738542,2,76102,3662440
SD,수단,2025-03-01,52,3616094,0,0,3616094
MU,모리셔스,2025-03-01,170,3510088,26,370898,3139190
GY,가이아나,2025-03-01,79,3422242,2,146531,3275711
JM,자마이카,2025-03-01,63,3381364,16,238053,3143311
AM,아르메니아,2025-03-01,118,3240153,150,3949426,-709273
BF,부르키나 파소,2025-03-01,18,3211442,3,1571353,1640089
RW,르완다,2025-03-01,253,3180215,3,113512,3066703
SS,남수단,2025-03-01,4,3121738,1,13576,3108162
NP,네팔,2025-03-01,152,3074261,96,812131,2262130
VE,베네주엘라,2025-03-01,102,2998785,12,1167420,1831365
CD,콩고민주공화국,2025-03-01,41,2759681,48,165791128,-163031447
MG,마다카스카르,2025-03-01,227,2488402,139,5014377,-2525975
BZ,벨리제,2025-03-01,19,2303502,0,0,2303502
ZW,짐바브웨,2025-03-01,34,2276188,24,4512255,-2236067
PF,불령 폴리네시아,2025-03-01,51,2252651,1,153143,2099508
BJ,베닝,2025-03-01,38,2239532,0,0,2239532
CM,카메룬,2025-03-01,91,2237810,6,108438,2129372
TG,토고,2025-03-01,114,2237060,5,278990,1958070
BO,볼리비아,2025-03-01,69,2070155,33,7083423,-5013268
RE,불령 리유니온 코모도 제도,2025-03-01,40,2051233,1,27,2051206
GA,가봉,2025-03-01,372,1950663,5,172679,1777984
CU,쿠바,2025-03-01,22,1780796,9,870095,910701
AW,아루바,2025-03-01,52,1577299,0,0,1577299
GP,과델로프,2025-03-01,23,1575856,0,52,1575804
ZM,잠비아,2025-03-01,49,1556187,16,32641801,-31085614
CW,큐라소,2025-03-01,51,1458782,2,35640,1423142
BM,버뮤다,2025-03-01,23,1348706,1,633,1348073
DJ,지부티,2025-03-01,41,1326921,2,696650,630271
UG,우간다,2025-03-01,35,1269104,23,2606310,-1337206
MV,몰디브,2025-03-01,106,1242011,1,309,1241702
PS,팔레스타인 해방기구,2025-03-01,21,1226053,6,246629,979424
BB,바베이도스,2025-03-01,27,1203958,8,19798,1184160
SC,세이쉘,2025-03-01,36,1135237,1,77981,1057256
MF,세인트 마틴,2025-03-01,15,1044169,0,0,1044169
ME,몬테네그로,2025-03-01,26,1024134,4,205831,818303
HT,아이티,2025-03-01,28,1007830,1,1735,1006095
KI,키리바티,2025-03-01,46,984823,2,52463,932360
ML,말리,2025-03-01,24,917179,3,397,916782
MP,북마리아나 군도,2025-03-01,138,878415,7,58068,820347
CG,콩고,2025-03-01,82,866764,6,646045,220719
MK,마세도니아,2025-03-01,67,807411,30,625232,182179
AS,아메리칸 사모아,2025-03-01,31,790662,9,223630,567032
LI,리히텐슈타인,2025-03-01,13,737853,62,1892605,-1154752
BA,보스니아-헤르체고비나,2025-03-01,58,677288,129,890608,-213320
VU,바누아투,2025-03-01,48,651751,18,1694787,-1043036
SL,시에라 리온,2025-03-01,19,625744,12,1263117,-637373
KY,영령 캐이맨 군도,2025-03-01,12,616589,11,3500,613089
MO,마카오,2025-03-01,285,599211,37,236251,362960
MQ,마티니크,2025-03-01,16,574622,0,0,574622
NC,뉴 칼레도니아,2025-03-01,42,541701,6,16743407,-16201706
MR,모리타니,2025-03-01,27,527202,10,1382649,-855447
TV,투발루,2025-03-01,14,513983,0,0,513983
AG,안티가 바부다,2025-03-01,11,491739,0,0,491739
GF,불령 가이아나,2025-03-01,13,472675,0,0,472675
SR,수리남,2025-03-01,17,390053,7,338892,51161
BT,부탄,2025-03-01,39,379399,3,291953,87446
SO,소말리아,2025-03-01,9,333797,2,220936,112861
PW,팔라우,2025-03-01,38,330791,2,43667,287124
LC,세인트 루시아,2025-03-01,11,317123,0,0,317123
GD,그레나다,2025-03-01,8,308930,0,0,308930
SB,솔로몬 군도,2025-03-01,14,285816,2,298914,-13098
GI,지브랄타,2025-03-01,13,230159,1,58,230101
VG,영령 버진군도,2025-03-01,3,222935,0,0,222935
FM,마이크로네시아,2025-03-01,21,217264,4,284659,-67395
GM,감비아,2025-03-01,65,169541,2,359644,-190103
VC,세인트 빈센트 그레나딘,2025-03-01,6,149023,2,1214,147809
GQ,적도 기니,2025-03-01,12,135510,1,45795,89715
TL,티모르,2025-03-01,5,128222,1,2844,125378
SZ,스와질랜드,2025-03-01,8,117922,13,61461,56461
NA,나미비아,2025-03-01,15,114261,8,59737,54524
BI,부룬디,2025-03-01,20,100174,0,53,100121
TC,투르크 & 카이코스 군도,2025-03-01,3,94252,0,0,94252
DM,도미니카,2025-03-01,2,78204,0,0,78204
CV,카보 베르데,2025-03-01,3,72359,0,0,72359
BW,보츠와나,2025-03-01,18,48884,8,114352,-65468
MC,모나코,2025-03-01,18,42317,8,446031,-403714
KN,세인트 키츠 네비스,2025-03-01,5,40279,9,1898,38381
MW,말라위,2025-03-01,13,34218,19,10321982,-10287764
YT,메요트,2025-03-01,2,25448,0,0,25448
AI,앙귈라,2025-03-01,1,25000,0,0,25000
CC,코스 군도,2025-03-01,1,22660,1,663,21997
AN,네덜란드 열도,2025-03-01,4,19577,2,19643,-66
SM,산마리노,2025-03-01,1,17000,8,42134,-25134
WF,왈라스 & 퓨투나 군도,2025-03-01,1,13467,0,0,13467
SX,세인트마틴(생마르탱),2025-03-01,5,7345,0,0,7345
BL,세인트 바르탤르미,2025-03-01,3,7104,0,0,7104
VI,미령 버진군도,2025-03-01,10,5956,1,435,5521
TD,챠드,2025-03-01,3,5395,0,0,5395
KM,코모로스,2025-03-01,3,5178,0,0,5178
GL,그린랜드,2025-03-01,5,4323,6,186573,-182250
VA,교황청,2025-03-01,4,1862,0,0,1862
AD,안도라,2025-03-01,1,1107,3,698,409
GG,건지,2025-03-01,3,345,0,0,345
FK,포클랜드 군도,2025-03-01,2,305,0,0,305
JE,저어지,2025-03-01,2,252,0,0,252
CF,중앙아프리카공화국,2025-03-01,1,87,0,0,87
NE,니제르,2025-03-01,1,50,2,53194,-53144
MS,몬트세라트,2025-03-01,1,27,0,753,-726
GW,기네비소,2025-03-01,1,8,0,0,8
FO,파로에 군도,2025-03-01,0,0,1,1268,-1268
CK,쿡 아일랜드,2025-03-01,0,0,0,314,-314
TF,불령 남부지역,2025-03-01,0,0,0,797,-797
AQ,안타티카,2025-03-01,0,0,1,7,-7
ST,상토메 프린스페,2025-03-01,0,0,0,83,-83
CX,크리스마스 아일랜드,2025-03-01,0,0,2,294,-294
NU,니우에,2025-03-01,0,0,2,101198,-101198
LS,레소토,2025-03-01,0,0,6,3695,-3695
TK,토켈라우,2025-03-01,0,0,3,15477,-15477
CN,중국,2025-04-01,97540,10870288852,1588332,12504100460,-1633811608
US,미국,2025-04-01,238028,10605998245,1564989,6139710089,4466288156
VN,베트남,2025-04-01,63844,4836983247,210292,2496615386,2340367861
TW,대만,2025-04-01,44177,3302393586,22654,2318180845,984212741
HK,홍콩,2025-04-01,24032,2515706686,214931,202743637,2312963049
JP,일본,2025-04-01,143635,2304321279,423832,4477624699,-2173303420
IN,인도,2025-04-01,21681,1702786752,13886,504823873,1197962879
SG,싱가포르,2025-04-01,50326,1449395584,20117,978755264,470640320
AU,호주,2025-04-01,20291,1311044553,39536,2771097266,-1460052713
MX,멕시코,2025-04-01,18257,1044405979,8124,599037788,445368191
PL,폴란드,2025-04-01,7255,957555234,2251,73622040,883933194
CA,캐나다,2025-04-01,20890,888573613,37353,516844666,371728947
DE,독일,2025-04-01,17347,882438092,183405,1708846531,-826408439
MY,말레이시아,2025-04-01,35296,868690140,12780,1308251541,-439561401
TR,튀르키예,2025-04-01,15453,853685298,2871,127751850,725933448
NL,네덜란드,2025-04-01,10838,825085341,6073,546848088,278237253
PH,필리핀,2025-04-01,24472,735014953,6549,337084852,397930101
ID,인도네시아,2025-04-01,13939,708664131,9340,881235355,-172571224
TH,태국,2025-04-01,18772,695983758,53818,662585354,33398404
BR,브라질,2025-04-01,8557,653858944,2116,679742937,-25883993
GB,영국,2025-04-01,19273,588904632,23312,522425202,66479430
AE,아랍에미리트 연합,2025-04-01,12173,493853298,494,920934451,-427081153
BE,벨기에,2025-04-01,2936,448242733,2561,120168432,328074301
FR,프랑스,2025-04-01,7759,448113510,23558,733257722,-285144212
IT,이탈리아,2025-04-01,6884,419833979,29410,544066905,-124232926
MT,몰타,2025-04-01,291,416240461,113,8043031,408197430
ES,스페인,2025-04-01,5693,387506993,10057,188411827,199095166
SA,사우디아라비아,2025-04-01,4736,372386197,429,2084770630,-1712384433
HU,헝가리,2025-04-01,2528,367085917,1407,69187708,297898209
RU,러시아 연방,2025-04-01,9239,360293524,1661,618841741,-258548217
CZ,체코공화국,2025-04-01,3322,340864964,3705,131786990,209077974
KG,키르기스스탄,2025-04-01,10897,286237640,14,55509,286182131
SK,슬로바키아,2025-04-01,2017,271689084,1890,97690417,173998667
KZ,카자흐스탄,2025-04-01,5330,255953906,83,99846261,156107645
NZ,뉴질랜드,2025-04-01,3397,237256684,31901,203678198,33578486
BM,버뮤다,2025-04-01,13,211356245,1,782,211355463
IL,이스라엘,2025-04-01,6087,193195667,1686,147817056,45378611
LR,라이베리아,2025-04-01,82,187459559,40,13439,187446120
MH,마샬군도,2025-04-01,41,180049604,27,159124,179890480
UZ,우즈베키스탄,2025-04-01,2079,142419296,91,2676229,139743067
CL,칠레,2025-04-01,2675,136729421,1838,546552668,-409823247
SE,스웨덴,2025-04-01,1974,134104090,3221,141673016,-7568926
BD,방글라데시,2025-04-01,2426,121140019,1584,53012423,68127596
IE,아일랜드,2025-04-01,1165,121003378,1170,155548082,-34544704
PK,파키스탄,2025-04-01,1647,115633034,691,27315634,88317400
CH,스위스,2025-04-01,2747,110610557,4481,286047242,-175436685
AT,오스트리아,2025-04-01,2679,110208230,2255,131047732,-20839502
CO,콜롬비아,2025-04-01,1689,109545939,1455,39817282,69728657
SI,슬로베니아,2025-04-01,820,102630362,374,13189315,89441047
EG,이집트,2025-04-01,2087,102422561,258,11995737,90426824
IQ,이라크,2025-04-01,1138,99916450,78,918052174,-818135724
GU,괌,2025-04-01,686,95759601,34,642875,95116726
PA,파나마,2025-04-01,1205,88988589,79,83946656,5041933
PT,포루투갈,2025-04-01,1167,75883700,4281,28547045,47336655
ZA,남아프리카공화국,2025-04-01,1901,72997478,495,213877348,-140879870
RO,루마니아,2025-04-01,1654,71397826,1894,37619630,33778196
JO,요르단,2025-04-01,3114,71251181,102,1973823,69277358
AO,앙골라,2025-04-01,150,69070779,0,0,69070779
QA,카타르,2025-04-01,1147,66111265,151,940101975,-873990710
DK,덴마크,2025-04-01,1609,63140216,2188,132350817,-69210601
PE,페루,2025-04-01,1400,61355003,794,346017567,-284662564
KH,캄보디아,2025-04-01,2352,58665961,910,40658876,18007085
KW,쿠웨이트,2025-04-01,738,57076516,88,578340726,-521264210
MN,몽골,2025-04-01,3772,54890298,1719,1312520,53577778
DZ,알제리,2025-04-01,471,54754955,18,229342614,-174587659
GR,그리스,2025-04-01,1363,53697221,430,30503606,23193615
UA,우크라이나,2025-04-01,1105,48766452,197,49678820,-912368
NG,나이지리아,2025-04-01,1070,44671692,52,40069575,4602117
NO,노르웨이,2025-04-01,1051,44552945,2373,195420169,-150867224
LY,리비아,2025-04-01,10699,39849476,23,19577692,20271784
LT,리투아니아,2025-04-01,644,39618550,530,8045688,31572862
PR,푸에르토리코,2025-04-01,466,34905533,106,24440655,10464878
MA,모로코,2025-04-01,515,34494863,309,24357935,10136928
DO,도미니카 공화국,2025-04-01,644,34416361,123,7240622,27175739
OM,오만,2025-04-01,1174,33993405,87,359524562,-325531157
AR,아르헨티나,2025-04-01,903,33539801,304,63447510,-29907709
EC,에쿠아도르,2025-04-01,563,32935113,314,57396179,-24461066
AL,알바니아,2025-04-01,2059,31176479,78,1007899,30168580
GH,가나,2025-04-01,1083,28315390,53,17837305,10478085
MM,미얀마,2025-04-01,823,28021542,1689,45942105,-17920563
FI,핀란드,2025-04-01,997,27825475,1263,96894515,-69069040
GT,과테말라,2025-04-01,880,27476524,233,11032453,16444071
CR,코스타리카,2025-04-01,950,26586633,509,14284818,12301815
TJ,타지크,2025-04-01,1835,22176658,1,4875,22171783
SV,엘살바도르,2025-04-01,257,21357754,161,10045630,11312124
LK,스리랑카,2025-04-01,728,18557386,556,10252550,8304836
BG,불가리아,2025-04-01,750,17984845,958,16256315,1728530
AZ,아제르바이잔,2025-04-01,764,17776478,15,140193,17636285
SY,시리아,2025-04-01,2067,16687903,5,12470,16675433
RS,세르비아,2025-04-01,319,16224169,177,5375697,10848472
KE,케냐,2025-04-01,328,15350450,113,5206534,10143916
SN,세네갈,2025-04-01,485,14932817,33,2089707,12843110
BH,바레인,2025-04-01,337,14743654,64,25320904,-10577250
ET,에티오피아,2025-04-01,53,13883367,282,14210344,-326977
HN,온두라스,2025-04-01,353,13688767,326,16953928,-3265161
CI,코트디봐르,2025-04-01,155,13637852,35,17166021,-3528169
TZ,탄자니아,2025-04-01,377,13088267,34,7610028,5478239
UY,우루과이,2025-04-01,196,12262374,45,14573563,-2311189
GE,조지아,2025-04-01,525,11825669,55,977459,10848210
MZ,모잠비크,2025-04-01,105,11481349,14,73645641,-62164292
LB,레바논,2025-04-01,272,10737225,65,2109858,8627367
TN,튀니지,2025-04-01,213,10529589,646,8409309,2120280
EE,에스토니아,2025-04-01,481,10506153,324,7454836,3051317
HR,크로아티아,2025-04-01,237,10500333,121,2062021,8438312
LA,라오스,2025-04-01,197,10221364,198,6241899,3979465
PY,파라과이,2025-04-01,156,9794104,31,450748,9343356
IR,이란,2025-04-01,200,8315480,12,119434,8196046
CY,사이프러스,2025-04-01,379,7122928,36,313102,6809826
NI,니카라과,2025-04-01,141,6954204,40,3373247,3580957
LV,라트비아,2025-04-01,447,6317502,289,6745363,-427861
MG,마다카스카르,2025-04-01,339,6220461,162,8002384,-1781923
MD,몰도바,2025-04-01,198,5398920,183,3070209,2328711
MP,북마리아나 군도,2025-04-01,173,5302968,4,116849,5186119
PG,파푸아 뉴기니,2025-04-01,85,5298640,44,220951127,-215652487
TT,트리니다드 토바고,2025-04-01,103,5217679,40,33776625,-28558946
NA,나미비아,2025-04-01,27,5104335,11,485706,4618629
MU,모리셔스,2025-04-01,195,5096975,13,431182,4665793
MR,모리타니,2025-04-01,35,5031239,11,1478560,3552679
LU,룩셈부르그,2025-04-01,242,4996898,216,11483753,-6486855
BN,브루나이,2025-04-01,153,4611201,11,13948,4597253
BY,벨라루스,2025-04-01,248,4591564,22,2094067,2497497
WS,사모아,2025-04-01,37,4525597,1,19,4525578
IS,아이슬란드,2025-04-01,155,4379700,54,1276947,3102753
PS,팔레스타인 해방기구,2025-04-01,26,4330633,7,388200,3942433
AF,아프카니스탄,2025-04-01,88,4129297,8,229060,3900237
SD,수단,2025-04-01,41,4031201,1,29,4031172
BF,부르키나 파소,2025-04-01,26,3982288,1,8974,3973314
PW,팔라우,2025-04-01,28,3972953,2,43302,3929651
BO,볼리비아,2025-04-01,85,3877717,21,61297249,-57419532
ZZ,기타국,2025-04-01,186,3873716,809,17392008,-13518292
TM,투르크멘,2025-04-01,44,3802850,1,23,3802827
YE,예맨,2025-04-01,318,3740001,25,2906514,833487
GY,가이아나,2025-04-01,87,3708138,2,47107,3661031
GN,기니,2025-04-01,262,3532060,26,2936095,595965
DJ,지부티,2025-04-01,37,3496264,3,683684,2812580
VE,베네주엘라,2025-04-01,129,3376814,7,88975,3287839
FJ,피지,2025-04-01,90,2904846,12,237843,2667003
BJ,베닝,2025-04-01,35,2865221,0,0,2865221
RW,르완다,2025-04-01,299,2761347,10,79786,2681561
AM,아르메니아,2025-04-01,143,2546970,93,2822315,-275345
ZW,짐바브웨,2025-04-01,33,2540118,12,3611407,-1071289
RE,불령 리유니온 코모도 제도,2025-04-01,78,2467681,0,0,2467681
BZ,벨리제,2025-04-01,16,2392820,0,0,2392820
JM,자마이카,2025-04-01,52,2310822,24,116592,2194230
NP,네팔,2025-04-01,242,2281617,92,403745,1877872
CU,쿠바,2025-04-01,34,2253478,4,193343,2060135
ZM,잠비아,2025-04-01,46,2075595,5,6636827,-4561232
ME,몬테네그로,2025-04-01,18,1888080,3,10268,1877812
GA,가봉,2025-04-01,435,1774358,6,468039,1306319
UG,우간다,2025-04-01,37,1769298,49,703472,1065826
CM,카메룬,2025-04-01,129,1537658,10,3048,1534610
AW,아루바,2025-04-01,76,1513692,0,0,1513692
BS,바하마,2025-04-01,50,1439490,3,1170,1438320
KI,키리바티,2025-04-01,78,1391999,1,17595,1374404
SL,시에라 리온,2025-04-01,51,1365974,10,693967,672007
PF,불령 폴리네시아,2025-04-01,68,1351489,2,14651,1336838
MO,마카오,2025-04-01,241,1314582,43,174873,1139709
SO,소말리아,2025-04-01,29,1270079,3,254485,1015594
HT,아이티,2025-04-01,27,1219207,1,5616,1213591
SB,솔로몬 군도,2025-04-01,26,1144567,7,2366941,-1222374
CG,콩고,2025-04-01,85,1129190,3,24711,1104479
TG,토고,2025-04-01,94,1128202,13,144389,983813
GP,과델로프,2025-04-01,19,1103127,0,271,1102856
VU,바누아투,2025-04-01,42,1081752,8,537392,544360
BA,보스니아-헤르체고비나,2025-04-01,77,1057867,70,1040552,17315
MF,세인트 마틴,2025-04-01,14,1050804,0,0,1050804
ML,말리,2025-04-01,13,1014752,3,126177,888575
CW,큐라소,2025-04-01,72,996921,0,0,996921
NC,뉴 칼레도니아,2025-04-01,49,973779,11,7993377,-7019598
AS,아메리칸 사모아,2025-04-01,39,966901,6,259702,707199
LI,리히텐슈타인,2025-04-01,18,959935,62,1785302,-825367
MQ,마티니크,2025-04-01,24,864790,0,0,864790
CD,콩고민주공화국,2025-04-01,21,854848,60,111812471,-110957623
MK,마세도니아,2025-04-01,82,810767,17,460929,349838
SC,세이쉘,2025-04-01,21,802292,5,266779,535513
NE,니제르,2025-04-01,5,786375,4,86300,700075
BT,부탄,2025-04-01,58,781928,3,579569,202359
GQ,적도 기니,2025-04-01,25,749461,3,95852438,-95102977
CV,카보 베르데,2025-04-01,11,740843,1,297,740546
MV,몰디브,2025-04-01,107,642406,1,616,641790
GW,기네비소,2025-04-01,1,599400,1,49981,549419
AG,안티가 바부다,2025-04-01,14,556432,0,0,556432
FM,마이크로네시아,2025-04-01,73,527392,3,17188,510204
BB,바베이도스,2025-04-01,20,496821,10,157879,338942
TD,챠드,2025-04-01,9,396739,0,0,396739
GF,불령 가이아나,2025-04-01,17,370943,0,0,370943
VC,세인트 빈센트 그레나딘,2025-04-01,3,349109,0,0,349109
SS,남수단,2025-04-01,3,326170,0,0,326170
VG,영령 버진군도,2025-04-01,8,310809,0,0,310809
SR,수리남,2025-04-01,12,298362,14,755201,-456839
KY,영령 캐이맨 군도,2025-04-01,17,290195,3,2318,287877
MW,말라위,2025-04-01,16,280091,9,1831181,-1551090
TV,투발루,2025-04-01,7,270607,0,125,270482
AI,앙귈라,2025-04-01,6,234814,0,0,234814
TL,티모르,2025-04-01,7,193129,2,17074,176055
GM,감비아,2025-04-01,93,181539,9,924391,-742852
BW,보츠와나,2025-04-01,17,160607,4,29240,131367
LC,세인트 루시아,2025-04-01,7,147905,1,81,147824
TC,투르크 & 카이코스 군도,2025-04-01,4,138290,0,0,138290
GD,그레나다,2025-04-01,2,82943,0,0,82943
KN,세인트 키츠 네비스,2025-04-01,1,71040,3,540,70500
BI,부룬디,2025-04-01,12,53390,3,4770,48620
SZ,스와질랜드,2025-04-01,5,50980,12,190415,-139435
DM,도미니카,2025-04-01,3,37327,1,160450,-123123
AN,네덜란드 열도,2025-04-01,7,35588,0,0,35588
ER,에리트리아,2025-04-01,3,30274,0,533,29741
SM,산마리노,2025-04-01,2,29430,11,421232,-391802
TO,통가,2025-04-01,7,25290,1,14609,10681
NR,나우루,2025-04-01,1,20216,2,6047281,-6027065
VI,미령 버진군도,2025-04-01,15,13512,1,14,13498
SX,세인트마틴(생마르탱),2025-04-01,7,13088,0,0,13088
GL,그린랜드,2025-04-01,7,11620,4,293709,-282089
KM,코모로스,2025-04-01,4,6465,0,0,6465
FO,파로에 군도,2025-04-01,2,6203,2,108,6095
AD,안도라,2025-04-01,3,5384,1,1149,4235
ST,상토메 프린스페,2025-04-01,1,2386,0,0,2386
GI,지브랄타,2025-04-01,9,2283,1,264,2019
VA,교황청,2025-04-01,4,969,0,392,577
CF,중앙아프리카공화국,2025-04-01,1,875,1,82,793
GG,건지,2025-04-01,5,592,0,0,592
JE,저어지,2025-04-01,1,134,0,0,134
MC,모나코,2025-04-01,2,78,4,50906,-50828
HM,허드 앤 맥도날드 군도,2025-04-01,0,0,0,191,-191
CX,크리스마스 아일랜드,2025-04-01,0,0,1,13,-13
CC,코스 군도,2025-04-01,0,0,2,3138,-3138
LS,레소토,2025-04-01,0,0,3,10265,-10265
AQ,안타티카,2025-04-01,0,0,12,486859,-486859
UM,마이너 아우틀링 합중국 군도,2025-04-01,0,0,1,9722,-9722
BL,세인트 바르탤르미,2025-04-01,0,0,1,9390,-9390
TK,토켈라우,2025-04-01,0,0,0,13944,-13944
CK,쿡 아일랜드,2025-04-01,0,0,1,31,-31
IM,맨섬,2025-04-01,0,0,1,42342,-42342
SH,세인트 헬레나,2025-04-01,0,0,1,13300,-13300
NU,니우에,2025-04-01,0,0,5,21443,-21443
TF,불령 남부지역,2025-04-01,0,0,0,2774,-2774
CN,중국,2025-05-01,92179,10446428166,1612762,11339130414,-892702248
US,미국,2025-05-01,223341,10036995110,1511873,6773649142,3263345968
VN,베트남,2025-05-01,59640,5236200221,195657,2366380129,2869820092
TW,대만,2025-05-01,42464,3773435249,22612,2436079445,1337355804
HK,홍콩,2025-05-01,24199,2855506442,240478,121523223,2733983219
JP,일본,2025-05-01,142289,2372098635,410928,3558731480,-1186632845
IN,인도,2025-05-01,19378,1615438483,13368,628280447,987158036
SG,싱가포르,2025-05-01,49733,1587493146,19367,861460463,726032683
AU,호주,2025-05-01,20178,1136166281,44107,2473402369,-1337236088
DE,독일,2025-05-01,15268,1075108269,198356,1975432150,-900323881
MX,멕시코,2025-05-01,18620,1067190930,7535,702787588,364403342
MY,말레이시아,2025-05-01,33981,1026451597,12688,1103601075,-77149478
CA,캐나다,2025-05-01,19960,959681671,39410,550473078,409208593
PH,필리핀,2025-05-01,28938,863479029,6401,278120483,585358546
NL,네덜란드,2025-05-01,9940,838724202,5831,633220144,205504058
TR,튀르키예,2025-05-01,12900,682919623,2740,145075955,537843668
PL,폴란드,2025-05-01,6186,654532921,2257,82450630,572082291
TH,태국,2025-05-01,17518,636380654,54186,565187187,71193467
GB,영국,2025-05-01,17711,605684116,20227,341631127,264052989
ID,인도네시아,2025-05-01,12900,567589858,9794,863718190,-296128332
FR,프랑스,2025-05-01,6646,500966736,22379,604024574,-103057838
AE,아랍에미리트 연합,2025-05-01,12464,410029330,511,790574819,-380545489
BR,브라질,2025-05-01,8760,405682039,2126,530884111,-125202072
LR,라이베리아,2025-05-01,79,392059919,22,8446,392051473
HU,헝가리,2025-05-01,2278,390045715,1449,54204993,335840722
IT,이탈리아,2025-05-01,6041,388094503,31635,579325258,-191230755
RU,러시아 연방,2025-05-01,7483,373711833,1392,510577404,-136865571
BE,벨기에,2025-05-01,2695,311615980,2294,93164539,218451441
SA,사우디아라비아,2025-05-01,4064,293127546,460,2054505610,-1761378064
MH,마샬군도,2025-05-01,38,278003840,18,85065,277918775
KZ,카자흐스탄,2025-05-01,4897,273139255,69,319591749,-46452494
ES,스페인,2025-05-01,4873,265977703,9197,228581191,37396512
KG,키르기스스탄,2025-05-01,9649,264347809,5,78194,264269615
NZ,뉴질랜드,2025-05-01,3116,253752795,32366,191357554,62395241
DK,덴마크,2025-05-01,1599,252896214,2166,99363774,153532440
SK,슬로바키아,2025-05-01,1844,243200677,1621,78578274,164622403
CZ,체코공화국,2025-05-01,2813,231880566,3406,97173417,134707149
PA,파나마,2025-05-01,1106,194374591,107,1611003,192763588
CH,스위스,2025-05-01,2859,164443824,4525,340040329,-175596505
MN,몽골,2025-05-01,3118,144208468,1012,1157022,143051446
BD,방글라데시,2025-05-01,2245,143311410,1518,30323518,112987892
IL,이스라엘,2025-05-01,5403,140593645,1638,149156954,-8563309
GR,그리스,2025-05-01,1291,139403200,350,7829824,131573376
MT,몰타,2025-05-01,255,138300207,105,8118544,130181663
CO,콜롬비아,2025-05-01,1564,127518988,1198,95433093,32085895
UZ,우즈베키스탄,2025-05-01,1720,122759850,81,1048675,121711175
CL,칠레,2025-05-01,2467,107524716,1296,362960337,-255435621
SE,스웨덴,2025-05-01,1834,100410801,3249,168820716,-68409915
IQ,이라크,2025-05-01,948,97966423,111,802670002,-704703579
PK,파키스탄,2025-05-01,1517,93441173,627,12918611,80522562
AT,오스트리아,2025-05-01,2196,90307327,2548,150361418,-60054091
SI,슬로베니아,2025-05-01,676,88291154,387,12133057,76158097
EG,이집트,2025-05-01,2138,87295078,215,4848996,82446082
IE,아일랜드,2025-05-01,1038,86903865,1163,140578457,-53674592
AO,앙골라,2025-05-01,150,62442046,1,300,62441746
PT,포루투갈,2025-05-01,1102,61925365,4622,26783344,35142021
NO,노르웨이,2025-05-01,1097,57179884,2295,118543997,-61364113
UA,우크라이나,2025-05-01,1163,56255835,174,14172953,42082882
ZA,남아프리카공화국,2025-05-01,1658,56248706,363,129707190,-73458484
RO,루마니아,2025-05-01,1461,52840472,1953,37395305,15445167
OM,오만,2025-05-01,1322,50620594,52,102159532,-51538938
KH,캄보디아,2025-05-01,2151,49815594,938,32400157,17415437
PE,페루,2025-05-01,1211,49138440,658,178406891,-129268451
KW,쿠웨이트,2025-05-01,698,48410466,65,799689817,-751279351
AR,아르헨티나,2025-05-01,999,45410248,293,39651926,5758322
JO,요르단,2025-05-01,2421,43232198,125,7751920,35480278
NG,나이지리아,2025-05-01,1064,41614230,71,47409914,-5795684
FI,핀란드,2025-05-01,932,40945651,1121,113143070,-72197419
LY,리비아,2025-05-01,10781,40635571,16,1772886,38862685
MA,모로코,2025-05-01,424,36886871,391,21523254,15363617
PR,푸에르토리코,2025-05-01,379,32914716,130,28050518,4864198
AL,알바니아,2025-05-01,2319,31867885,84,336551,31531334
LT,리투아니아,2025-05-01,525,31586995,507,7976376,23610619
MM,미얀마,2025-05-01,834,28778905,2010,18771248,10007657
QA,카타르,2025-05-01,1104,28106542,177,855805303,-827698761
EC,에쿠아도르,2025-05-01,474,25396811,292,8260933,17135878
FJ,피지,2025-05-01,92,24521059,10,305280,24215779
DZ,알제리,2025-05-01,446,23791612,24,452098262,-428306650
CR,코스타리카,2025-05-01,1125,23225096,464,20862184,2362912
KE,케냐,2025-05-01,285,21976960,89,4332740,17644220
SV,엘살바도르,2025-05-01,222,21146498,147,4841289,16305209
BG,불가리아,2025-05-01,658,20556502,986,18631694,1924808
TJ,타지크,2025-05-01,1583,19844814,3,55655,19789159
SY,시리아,2025-05-01,1516,18568110,0,0,18568110
GT,과테말라,2025-05-01,681,17542660,267,15937161,1605499
CI,코트디봐르,2025-05-01,174,16960852,47,26186787,-9225935
DO,도미니카 공화국,2025-05-01,560,16359042,152,8425239,7933803
TN,튀니지,2025-05-01,182,16086967,622,6546945,9540022
TZ,탄자니아,2025-05-01,354,15811557,26,3240289,12571268
AZ,아제르바이잔,2025-05-01,550,15468822,23,151550,15317272
RS,세르비아,2025-05-01,356,14976509,161,9395987,5580522
LK,스리랑카,2025-05-01,765,14179832,544,8336080,5843752
IR,이란,2025-05-01,213,13821421,12,234195,13587226
GH,가나,2025-05-01,1033,13751195,34,10619262,3131933
HR,크로아티아,2025-05-01,299,13736617,133,1572630,12163987
GN,기니,2025-05-01,291,13176293,19,1687677,11488616
GU,괌,2025-05-01,593,13075891,38,363383,12712508
SN,세네갈,2025-05-01,423,13033283,27,1740171,11293112
EE,에스토니아,2025-05-01,446,12514532,284,7435124,5079408
DJ,지부티,2025-05-01,62,12402228,4,706800,11695428
UY,우루과이,2025-05-01,167,12222422,58,12471243,-248821
HN,온두라스,2025-05-01,367,11788568,164,9395434,2393134
GE,조지아,2025-05-01,467,11095889,138,506261,10589628
LA,라오스,2025-05-01,148,9229356,182,7643047,1586309
LB,레바논,2025-05-01,240,9104644,66,1708309,7396335
ET,에티오피아,2025-05-01,64,8329673,206,12237240,-3907567
PY,파라과이,2025-05-01,151,8186862,26,1506894,6679968
SD,수단,2025-05-01,73,7771895,1,34,7771861
ZZ,기타국,2025-05-01,138,7465934,743,5819680,1646254
MZ,모잠비크,2025-05-01,113,6877068,9,41515440,-34638372
TT,트리니다드 토바고,2025-05-01,89,6768776,34,30320279,-23551503
BY,벨라루스,2025-05-01,150,6339604,31,2727995,3611609
NI,니카라과,2025-05-01,121,5826267,43,20053116,-14226849
LU,룩셈부르그,2025-05-01,180,5249061,252,10828168,-5579107
MD,몰도바,2025-05-01,178,5038587,205,2750393,2288194
WS,사모아,2025-05-01,17,4523293,3,17730,4505563
CG,콩고,2025-05-01,51,4200110,5,375090,3825020
AF,아프카니스탄,2025-05-01,95,4098767,10,143465,3955302
LV,라트비아,2025-05-01,260,4090851,340,9501520,-5410669
CY,사이프러스,2025-05-01,261,4090395,30,257612,3832783
BZ,벨리제,2025-05-01,18,3976518,1,268,3976250
PG,파푸아 뉴기니,2025-05-01,53,3903715,37,117440377,-113536662
BN,브루나이,2025-05-01,157,3741552,20,114961110,-111219558
YE,예맨,2025-05-01,235,3572321,24,2108740,1463581
BJ,베닝,2025-05-01,46,3568045,0,0,3568045
GY,가이아나,2025-05-01,69,3510534,1,1575,3508959
BH,바레인,2025-05-01,302,3455171,64,100782753,-97327582
PS,팔레스타인 해방기구,2025-05-01,26,3442168,5,90721,3351447
RE,불령 리유니온 코모도 제도,2025-05-01,64,3433732,0,0,3433732
MU,모리셔스,2025-05-01,235,3295787,13,97806,3197981
BO,볼리비아,2025-05-01,76,3242068,17,70364964,-67122896
UG,우간다,2025-05-01,42,3144867,49,578173,2566694
NP,네팔,2025-05-01,209,2996361,128,612173,2384188
TG,토고,2025-05-01,110,2787436,6,419276,2368160
MG,마다카스카르,2025-05-01,299,2554853,167,7860329,-5305476
TM,투르크멘,2025-05-01,48,2522310,0,17,2522293
VE,베네주엘라,2025-05-01,132,2494826,13,487381,2007445
JM,자마이카,2025-05-01,58,2347908,14,1046687,1301221
ZW,짐바브웨,2025-05-01,33,2282847,20,652479,1630368
BF,부르키나 파소,2025-05-01,12,2248137,3,1463725,784412
RW,르완다,2025-05-01,230,2211590,6,121254,2090336
AM,아르메니아,2025-05-01,112,1997396,87,5670624,-3673228
CD,콩고민주공화국,2025-05-01,31,1704501,57,112578429,-110873928
MO,마카오,2025-05-01,245,1602901,41,125475,1477426
GA,가봉,2025-05-01,506,1601997,3,70122029,-68520032
AW,아루바,2025-05-01,72,1570536,2,12331,1558205
HT,아이티,2025-05-01,30,1464504,9,94559,1369945
ZM,잠비아,2025-05-01,40,1306467,10,10533487,-9227020
NC,뉴 칼레도니아,2025-05-01,57,1204226,10,17117262,-15913036
ME,몬테네그로,2025-05-01,23,1201781,0,1173,1200608
IS,아이슬란드,2025-05-01,148,1157959,41,1538674,-380715
TD,챠드,2025-05-01,9,1142108,0,0,1142108
MR,모리타니,2025-05-01,37,1112816,10,740745,372071
BA,보스니아-헤르체고비나,2025-05-01,67,1074722,51,3779523,-2704801
CW,큐라소,2025-05-01,46,1037667,2,355841,681826
MQ,마티니크,2025-05-01,20,1011307,0,0,1011307
BS,바하마,2025-05-01,37,959461,5,3569,955892
BB,바베이도스,2025-05-01,18,942923,7,20290,922633
TV,투발루,2025-05-01,9,878607,0,1667,876940
MK,마세도니아,2025-05-01,69,866821,28,598884,267937
MP,북마리아나 군도,2025-05-01,138,866109,6,80301,785808
CU,쿠바,2025-05-01,15,865761,10,965046,-99285
SC,세이쉘,2025-05-01,20,825328,7,288221,537107
FM,마이크로네시아,2025-05-01,69,810186,7,73578,736608
BT,부탄,2025-05-01,46,794037,2,597672,196365
PF,불령 폴리네시아,2025-05-01,43,792217,2,185247,606970
GQ,적도 기니,2025-05-01,25,777606,1,18368,759238
GP,과델로프,2025-05-01,17,768863,0,0,768863
MV,몰디브,2025-05-01,115,759253,1,116,759137
CM,카메룬,2025-05-01,102,711801,9,123655,588146
KI,키리바티,2025-05-01,35,663800,4,1330,662470
LI,리히텐슈타인,2025-05-01,14,642779,63,1899041,-1256262
VU,바누아투,2025-05-01,35,622204,38,3555658,-2933454
AS,아메리칸 사모아,2025-05-01,27,622120,6,78288,543832
MF,세인트 마틴,2025-05-01,12,568335,0,0,568335
KY,영령 캐이맨 군도,2025-05-01,20,549454,3,1350,548104
BM,버뮤다,2025-05-01,19,539374,4,2176,537198
YT,메요트,2025-05-01,5,533832,0,0,533832
SS,남수단,2025-05-01,4,512665,1,67777,444888
SB,솔로몬 군도,2025-05-01,13,480255,3,145962,334293
TC,투르크 & 카이코스 군도,2025-05-01,13,369400,0,0,369400
NA,나미비아,2025-05-01,30,351898,6,72443,279455
VG,영령 버진군도,2025-05-01,4,295838,0,0,295838
SL,시에라 리온,2025-05-01,28,277099,7,708519,-431420
CF,중앙아프리카공화국,2025-05-01,3,247665,1,523,247142
GM,감비아,2025-05-01,83,230668,20,1627460,-1396792
TL,티모르,2025-05-01,5,227599,0,0,227599
LC,세인트 루시아,2025-05-01,14,223116,0,0,223116
PW,팔라우,2025-05-01,27,207255,2,47291,159964
CV,카보 베르데,2025-05-01,5,183767,1,5,183762
DM,도미니카,2025-05-01,5,183491,4,519456,-335965
SR,수리남,2025-05-01,16,180617,15,702931,-522314
GI,지브랄타,2025-05-01,16,179434,0,0,179434
GD,그레나다,2025-05-01,6,175427,0,0,175427
MC,모나코,2025-05-01,9,167202,8,295322,-128120
SZ,스와질랜드,2025-05-01,9,159197,14,3192540,-3033343
SO,소말리아,2025-05-01,13,146377,37,302144,-155767
AG,안티가 바부다,2025-05-01,9,102365,2,44126,58239
MW,말라위,2025-05-01,14,97496,9,443315,-345819
AN,네덜란드 열도,2025-05-01,6,80748,1,47,80701
GF,불령 가이아나,2025-05-01,9,75996,0,0,75996
VC,세인트 빈센트 그레나딘,2025-05-01,4,72022,0,0,72022
ER,에리트리아,2025-05-01,2,64000,0,0,64000
NE,니제르,2025-05-01,4,59248,1,2557,56691
ML,말리,2025-05-01,11,54651,7,126666,-72015
BI,부룬디,2025-05-01,7,29445,2,759,28686
SM,산마리노,2025-05-01,1,23400,12,417739,-394339
TK,토켈라우,2025-05-01,4,21953,0,269,21684
SX,세인트마틴(생마르탱),2025-05-01,8,21473,0,0,21473
LS,레소토,2025-05-01,1,18502,1,528,17974
ST,상토메 프린스페,2025-05-01,2,17070,0,0,17070
BL,세인트 바르탤르미,2025-05-01,3,14486,113,4228,10258
BW,보츠와나,2025-05-01,20,11916,4,52164,-40248
KM,코모로스,2025-05-01,4,9178,0,0,9178
AD,안도라,2025-05-01,4,6793,0,6033,760
GW,기네비소,2025-05-01,2,5860,1,44210,-38350
KN,세인트 키츠 네비스,2025-05-01,1,5402,4,1460,3942
GG,건지,2025-05-01,7,4291,0,0,4291
VI,미령 버진군도,2025-05-01,10,3592,1,48,3544
GL,그린랜드,2025-05-01,8,3522,8,262668,-259146
VA,교황청,2025-05-01,4,1711,0,0,1711
AI,앙귈라,2025-05-01,2,1500,0,0,1500
JE,저어지,2025-05-01,2,169,0,0,169
FO,파로에 군도,2025-05-01,1,56,0,0,56
CC,코스 군도,2025-05-01,0,0,2,592,-592
CK,쿡 아일랜드,2025-05-01,0,0,1,36,-36
RK,해외교포,2025-05-01,0,0,0,2237,-2237
CX,크리스마스 아일랜드,2025-05-01,0,0,2,64308,-64308
FK,포클랜드 군도,2025-05-01,0,0,0,220,-220
UM,마이너 아우틀링 합중국 군도,2025-05-01,0,0,0,85,-85
SH,세인트 헬레나,2025-05-01,0,0,1,49652,-49652
SJ,스발비드 군도,2025-05-01,0,0,1,47,-47
TO,통가,2025-05-01,0,0,1,14735,-14735
TF,불령 남부지역,2025-05-01,0,0,0,275,-275
GS,남조지아 & 남샌드위치 군도,2025-05-01,0,0,1,1941,-1941
Z1,국제통화기금,2025-05-01,0,0,1,452,-452
MS,몬트세라트,2025-05-01,0,0,2,7758,-7758
NU,니우에,2025-05-01,0,0,18,7146,-7146
US,미국,2025-06-01,230675,11208004435,1416269,5986428877,5221575558
CN,중국,2025-06-01,125291,10424044086,1442951,11498332488,-1074288402
VN,베트남,2025-06-01,61377,4936225115,188097,2545012407,2391212708
TW,대만,2025-06-01,51999,4348539518,22120,2829566729,1518972789
HK,홍콩,2025-06-01,35154,3181148603,260554,130331281,3050817322
JP,일본,2025-06-01,368536,2440272751,394506,4054965499,-1614692748
IN,인도,2025-06-01,19148,1582584682,13091,480171711,1102412971
SG,싱가포르,2025-06-01,52905,1529376395,18200,849316716,680059679
AU,호주,2025-06-01,22713,1205201192,38249,2103128496,-897927304
MY,말레이시아,2025-06-01,35965,1031925423,12690,1242514842,-210589419
PH,필리핀,2025-06-01,33258,1026685164,6473,315402112,711283052
MX,멕시코,2025-06-01,16697,978440032,8175,1101780057,-123340025
CA,캐나다,2025-06-01,18415,936156839,36245,543683155,392473684
PL,폴란드,2025-06-01,6140,933260390,2289,97083059,836177331
NL,네덜란드,2025-06-01,9552,758376067,5537,810402329,-52026262
TR,튀르키예,2025-06-01,11968,682947480,2648,94388157,588559323
TH,태국,2025-06-01,18319,648696482,53315,640720425,7976057
DE,독일,2025-06-01,14771,648527452,167902,1715778844,-1067251392
GB,영국,2025-06-01,20107,608660835,21032,415130159,193530676
LR,라이베리아,2025-06-01,68,596392065,24,7755,596384310
FR,프랑스,2025-06-01,6577,595846218,21679,736976236,-141130018
ID,인도네시아,2025-06-01,12759,531998845,10419,958922938,-426924093
AE,아랍에미리트 연합,2025-06-01,11472,527052596,526,1215951604,-688899008
SA,사우디아라비아,2025-06-01,4365,464236655,475,2313436081,-1849199426
BR,브라질,2025-06-01,8574,402033911,1894,487962121,-85928210
HU,헝가리,2025-06-01,2257,379769043,1533,82207155,297561888
IT,이탈리아,2025-06-01,6018,356274310,33241,903352635,-547078325
RU,러시아 연방,2025-06-01,8089,339618657,1260,410071580,-70452923
BE,벨기에,2025-06-01,2637,300420465,2469,116758443,183662022
NZ,뉴질랜드,2025-06-01,3373,284637140,28618,123306469,161330671
CZ,체코공화국,2025-06-01,3030,274759722,3296,129231371,145528351
PA,파나마,2025-06-01,1192,272341617,86,2378947,269962670
KZ,카자흐스탄,2025-06-01,4875,259895269,78,215268280,44626989
ES,스페인,2025-06-01,4601,258210997,9095,223761926,34449071
KG,키르기스스탄,2025-06-01,9380,254724201,11,138184,254586017
DK,덴마크,2025-06-01,1581,241419057,1999,146350129,95068928
CH,스위스,2025-06-01,2585,232491069,4338,309163634,-76672565
SK,슬로바키아,2025-06-01,1880,220549566,1390,72515332,148034234
BM,버뮤다,2025-06-01,23,212795846,1,723,212795123
MT,몰타,2025-06-01,282,184031974,118,7880561,176151413
EG,이집트,2025-06-01,2056,182463094,217,3900314,178562780
IL,이스라엘,2025-06-01,6004,151189479,1448,83455318,67734161
MH,마샬군도,2025-06-01,33,150341349,13,30054061,120287288
CO,콜롬비아,2025-06-01,1582,143498929,1116,152989263,-9490334
UZ,우즈베키스탄,2025-06-01,1777,134089502,77,1486756,132602746
IQ,이라크,2025-06-01,1064,126616326,52,469172898,-342556572
BD,방글라데시,2025-06-01,2038,126377020,1646,37704554,88672466
QA,카타르,2025-06-01,1134,119946567,157,733490370,-613543803
SI,슬로베니아,2025-06-01,772,103374530,442,15697539,87676991
SE,스웨덴,2025-06-01,1741,101042454,2966,154113177,-53070723
CL,칠레,2025-06-01,2222,95302475,1143,367183888,-271881413
AT,오스트리아,2025-06-01,2131,94038550,2160,161403129,-67364579
PK,파키스탄,2025-06-01,1456,92754791,640,23489024,69265767
KW,쿠웨이트,2025-06-01,755,85660739,55,526735490,-441074751
GU,괌,2025-06-01,668,70958700,36,560542,70398158
AO,앙골라,2025-06-01,123,69567645,0,2406,69565239
PT,포루투갈,2025-06-01,1067,67731270,5169,33176747,34554523
OM,오만,2025-06-01,1023,63096342,104,202583064,-139486722
ZA,남아프리카공화국,2025-06-01,1697,62351733,386,121806521,-59454788
MN,몽골,2025-06-01,2803,56641168,875,1614116,55027052
KH,캄보디아,2025-06-01,2458,56338991,1001,36068031,20270960
IE,아일랜드,2025-06-01,991,50927449,1141,83875823,-32948374
AR,아르헨티나,2025-06-01,885,49357318,311,78611107,-29253789
PE,페루,2025-06-01,1185,49164454,719,214776879,-165612425
UA,우크라이나,2025-06-01,1161,48224270,153,18277278,29946992
RO,루마니아,2025-06-01,1376,42929104,1943,38135196,4793908
JO,요르단,2025-06-01,2216,42920931,107,3808198,39112733
GR,그리스,2025-06-01,1253,41742961,436,21012155,20730806
NO,노르웨이,2025-06-01,1106,41250542,2297,96900943,-55650401
NG,나이지리아,2025-06-01,1058,39519052,64,38445908,1073144
MA,모로코,2025-06-01,463,39438859,361,18188949,21249910
DZ,알제리,2025-06-01,450,38286083,23,117468356,-79182273
TZ,탄자니아,2025-06-01,310,37737927,33,38443,37699484
FI,핀란드,2025-06-01,879,35046725,1204,105572893,-70526168
MM,미얀마,2025-06-01,817,31779294,1950,22391591,9387703
EC,에쿠아도르,2025-06-01,531,29372373,287,9737354,19635019
LY,리비아,2025-06-01,6842,28913117,30,4446825,24466292
PR,푸에르토리코,2025-06-01,371,28180766,154,24549912,3630854
AL,알바니아,2025-06-01,1942,27452040,105,496886,26955154
SY,시리아,2025-06-01,1803,25751576,3,11008,25740568
DO,도미니카 공화국,2025-06-01,586,23797691,145,8314230,15483461
GT,과테말라,2025-06-01,704,23792920,282,10149940,13642980
LT,리투아니아,2025-06-01,471,23643853,548,13032857,10610996
TJ,타지크,2025-06-01,1809,21991630,0,0,21991630
BG,불가리아,2025-06-01,704,21566738,939,15244564,6322174
FJ,피지,2025-06-01,89,18925395,11,428921,18496474
CR,코스타리카,2025-06-01,788,17791119,485,18818046,-1026927
GH,가나,2025-06-01,1269,17429770,39,11894327,5535443
TN,튀니지,2025-06-01,232,16928702,711,6599076,10329626
EE,에스토니아,2025-06-01,398,16758010,248,11733461,5024549
HR,크로아티아,2025-06-01,286,16629143,120,1311675,15317468
BH,바레인,2025-06-01,355,15774713,59,44174150,-28399437
CI,코트디봐르,2025-06-01,189,15026793,41,14448830,577963
SV,엘살바도르,2025-06-01,181,14379747,153,4390509,9989238
LK,스리랑카,2025-06-01,838,14262762,477,6796750,7466012
MZ,모잠비크,2025-06-01,72,13960903,7,53503334,-39542431
ET,에티오피아,2025-06-01,66,13292369,211,15082791,-1790422
HN,온두라스,2025-06-01,358,12218800,222,9475148,2743652
ZZ,기타국,2025-06-01,149,12157902,721,4115556,8042346
UY,우루과이,2025-06-01,170,11790723,70,10997696,793027
PF,불령 폴리네시아,2025-06-01,57,11783627,2,111852,11671775
RS,세르비아,2025-06-01,322,11734876,219,10665812,1069064
KE,케냐,2025-06-01,312,11601814,91,3936490,7665324
GE,조지아,2025-06-01,437,11595486,103,1012165,10583321
LB,레바논,2025-06-01,230,11094970,58,1458742,9636228
DJ,지부티,2025-06-01,50,10374454,1,3377,10371077
SN,세네갈,2025-06-01,394,10339617,38,2566915,7772702
TT,트리니다드 토바고,2025-06-01,130,10320564,22,27028162,-16707598
SD,수단,2025-06-01,59,9825518,2,113783,9711735
AZ,아제르바이잔,2025-06-01,424,9484455,4,9079,9475376
PY,파라과이,2025-06-01,143,8764593,31,838011,7926582
LA,라오스,2025-06-01,204,8410507,181,7499935,910572
BY,벨라루스,2025-06-01,164,7750236,21,1592641,6157595
NI,니카라과,2025-06-01,156,7749484,55,7236785,512699
CY,사이프러스,2025-06-01,257,7076548,23,539644,6536904
MD,몰도바,2025-06-01,217,6961254,205,4547746,2413508
LV,라트비아,2025-06-01,258,6551686,356,8754030,-2202344
GN,기니,2025-06-01,247,6520727,22,2491196,4029531
BN,브루나이,2025-06-01,174,6321226,10,36781501,-30460275
ER,에리트리아,2025-06-01,3,6069578,0,0,6069578
BZ,벨리제,2025-06-01,20,5932376,3,22469,5909907
LU,룩셈부르그,2025-06-01,202,5408550,202,8413099,-3004549
IR,이란,2025-06-01,100,5368059,12,146040,5222019
YE,예맨,2025-06-01,659,4996873,11,674573,4322300
AF,아프카니스탄,2025-06-01,134,4916950,8,30648,4886302
MU,모리셔스,2025-06-01,154,4802622,25,188759,4613863
WS,사모아,2025-06-01,46,4762626,2,50643,4711983
BJ,베닝,2025-06-01,46,4612407,1,9156,4603251
PG,파푸아 뉴기니,2025-06-01,64,4125829,44,117061042,-112935213
VE,베네주엘라,2025-06-01,122,4006873,20,1944507,2062366
CD,콩고민주공화국,2025-06-01,44,3773527,79,154359003,-150585476
GY,가이아나,2025-06-01,70,3699709,2,7203,3692506
NP,네팔,2025-06-01,252,3582586,259,582534,3000052
UG,우간다,2025-06-01,44,3427560,38,1485965,1941595
JM,자마이카,2025-06-01,59,3337184,11,1042381,2294803
BF,부르키나 파소,2025-06-01,21,3204880,6,4231002,-1026122
AM,아르메니아,2025-06-01,125,2976036,55,2882053,93983
IS,아이슬란드,2025-06-01,147,2945118,48,4164174,-1219056
SS,남수단,2025-06-01,6,2579739,0,0,2579739
AW,아루바,2025-06-01,71,2355988,1,11560,2344428
BO,볼리비아,2025-06-01,65,2241463,19,29287734,-27046271
ZM,잠비아,2025-06-01,55,2190445,4,3653170,-1462725
ZW,짐바브웨,2025-06-01,40,1995628,7,137219,1858409
MK,마세도니아,2025-06-01,77,1869986,22,305519,1564467
MG,마다카스카르,2025-06-01,276,1869725,184,6571520,-4701795
CM,카메룬,2025-06-01,94,1645155,11,35962387,-34317232
PS,팔레스타인 해방기구,2025-06-01,9,1576524,3,136581,1439943
RE,불령 리유니온 코모도 제도,2025-06-01,48,1456351,1,2355,1453996
NA,나미비아,2025-06-01,27,1439524,11,15077262,-13637738
RW,르완다,2025-06-01,216,1435480,17,182834,1252646
TM,투르크멘,2025-06-01,42,1419041,0,0,1419041
CG,콩고,2025-06-01,72,1383867,3,340101,1043766
GA,가봉,2025-06-01,429,1373532,7,5495280,-4121748
MF,세인트 마틴,2025-06-01,16,1274552,0,0,1274552
HT,아이티,2025-06-01,34,1257710,6,146648,1111062
BB,바베이도스,2025-06-01,22,1247486,10,18944,1228542
MR,모리타니,2025-06-01,43,1244308,13,1268005,-23697
TG,토고,2025-06-01,130,1203588,11,567330,636258
MP,북마리아나 군도,2025-06-01,168,1190720,1,75998,1114722
GP,과델로프,2025-06-01,25,1110559,0,0,1110559
KY,영령 캐이맨 군도,2025-06-01,18,1007448,2,6559,1000889
AS,아메리칸 사모아,2025-06-01,31,941908,3,109427,832481
BS,바하마,2025-06-01,35,934944,7,5741,929203
SO,소말리아,2025-06-01,17,893197,0,0,893197
SB,솔로몬 군도,2025-06-01,20,872139,4,213484,658655
CW,큐라소,2025-06-01,48,852844,1,94,852750
ML,말리,2025-06-01,13,849552,2,52,849500
SR,수리남,2025-06-01,25,774496,5,243853,530643
CU,쿠바,2025-06-01,21,736973,10,938643,-201670
GI,지브랄타,2025-06-01,14,733638,1,100,733538
LI,리히텐슈타인,2025-06-01,11,730870,53,2074386,-1343516
NC,뉴 칼레도니아,2025-06-01,55,722252,16,35763215,-35040963
BA,보스니아-헤르체고비나,2025-06-01,65,681884,66,2035128,-1353244
MO,마카오,2025-06-01,443,650597,46,303961,346636
MQ,마티니크,2025-06-01,13,626616,0,0,626616
AG,안티가 바부다,2025-06-01,8,566733,1,174,566559
SC,세이쉘,2025-06-01,23,508829,10,250890,257939
FM,마이크로네시아,2025-06-01,29,499072,3,289397,209675
VU,바누아투,2025-06-01,37,470760,14,3064467,-2593707
KI,키리바티,2025-06-01,22,458396,0,0,458396
YT,메요트,2025-06-01,2,426916,0,0,426916
GD,그레나다,2025-06-01,9,419358,0,0,419358
CV,카보 베르데,2025-06-01,14,405220,0,0,405220
BT,부탄,2025-06-01,43,399304,3,946856,-547552
SL,시에라 리온,2025-06-01,23,396255,8,728902,-332647
VG,영령 버진군도,2025-06-01,4,387397,0,0,387397
MV,몰디브,2025-06-01,88,383273,3,340,382933
LC,세인트 루시아,2025-06-01,9,333823,1,22206,311617
TD,챠드,2025-06-01,7,315069,0,65,315004
ME,몬테네그로,2025-06-01,29,277731,1,1215,276516
MW,말라위,2025-06-01,26,246273,6,247273,-1000
DM,도미니카,2025-06-01,10,211808,4,411506,-199698
GM,감비아,2025-06-01,81,191225,9,917463,-726238
BI,부룬디,2025-06-01,9,189599,1,16,189583
GQ,적도 기니,2025-06-01,13,133973,4,32541817,-32407844
GW,기네비소,2025-06-01,2,122552,0,0,122552
PW,팔라우,2025-06-01,14,121764,2,28712,93052
VC,세인트 빈센트 그레나딘,2025-06-01,3,98630,0,0,98630
TC,투르크 & 카이코스 군도,2025-06-01,6,94800,0,0,94800
SZ,스와질랜드,2025-06-01,9,65246,8,74065,-8819
AN,네덜란드 열도,2025-06-01,7,59695,0,0,59695
MC,모나코,2025-06-01,7,58154,4,194909,-136755
BW,보츠와나,2025-06-01,13,46390,9,184205,-137815
KN,세인트 키츠 네비스,2025-06-01,2,33098,4,2010,31088
TV,투발루,2025-06-01,3,32470,0,2094,30376
SX,세인트마틴(생마르탱),2025-06-01,6,25799,0,0,25799
TO,통가,2025-06-01,3,25766,1,14739,11027
TK,토켈라우,2025-06-01,14,23926,0,59,23867
NE,니제르,2025-06-01,4,17508,1,4835,12673
GF,불령 가이아나,2025-06-01,8,17313,0,0,17313
ST,상토메 프린스페,2025-06-01,2,15985,1,895,15090
BQ,보네르 신트외스타티위스,2025-06-01,1,14720,0,0,14720
VI,미령 버진군도,2025-06-01,11,14459,1,564,13895
CF,중앙아프리카공화국,2025-06-01,2,14406,0,0,14406
GL,그린랜드,2025-06-01,8,5822,9,221039,-215217
PN,피트카이른,2025-06-01,1,4419,0,0,4419
AD,안도라,2025-06-01,2,3679,2,382399,-378720
MS,몬트세라트,2025-06-01,1,3145,0,8846,-5701
LS,레소토,2025-06-01,1,2800,2,52017,-49217
GG,건지,2025-06-01,11,1024,2,2285,-1261
KM,코모로스,2025-06-01,1,658,1,11828,-11170
TL,티모르,2025-06-01,2,615,2,2515,-1900
VA,교황청,2025-06-01,1,522,0,0,522
AI,앙귈라,2025-06-01,2,190,0,0,190
JE,저어지,2025-06-01,3,164,1,37,127
BL,세인트 바르탤르미,2025-06-01,2,55,0,0,55
FO,파로에 군도,2025-06-01,1,35,2,391366,-391331
FK,포클랜드 군도,2025-06-01,0,0,1,297486,-297486
Z1,국제통화기금,2025-06-01,0,0,0,99016,-99016
SM,산마리노,2025-06-01,0,0,9,333987,-333987
TF,불령 남부지역,2025-06-01,0,0,0,1373,-1373
NU,니우에,2025-06-01,0,0,2,5549,-5549
CX,크리스마스 아일랜드,2025-06-01,0,0,1,9,-9
CC,코스 군도,2025-06-01,0,0,0,1781,-1781
NR,나우루,2025-06-01,0,0,1,4840739,-4840739
UM,마이너 아우틀링 합중국 군도,2025-06-01,0,0,3,1151,-1151
IO,영령 인도양,2025-06-01,0,0,0,52,-52
IM,맨섬,2025-06-01,0,0,0,20036,-20036
GS,남조지아 & 남샌드위치 군도,2025-06-01,0,0,1,619,-619
CN,중국,2025-07-01,101454,11047812017,1777986,12422355149,-1374543132
US,미국,2025-07-01,246369,10333446398,1450198,6418521088,3914925310
VN,베트남,2025-07-01,64578,5540385041,215939,2879054523,2661330518
TW,대만,2025-07-01,50993,4652836226,23754,2944924228,1707911998
JP,일본,2025-07-01,181654,2483646324,415796,4103441361,-1619795037
HK,홍콩,2025-07-01,26292,2348328710,299705,192301355,2156027355
SG,싱가포르,2025-07-01,60095,1795828527,20185,927558666,868269861
IN,인도,2025-07-01,22174,1781514346,14777,505445407,1276068939
AU,호주,2025-07-01,23660,1203119363,36336,2574825858,-1371706495
MX,멕시코,2025-07-01,18156,1075293903,7913,627633656,447660247
MY,말레이시아,2025-07-01,38033,1049176580,13210,1213123706,-163947126
PH,필리핀,2025-07-01,33604,1048523588,6443,262598251,785925337
NL,네덜란드,2025-07-01,11161,969713716,6358,711781887,257931829
TR,튀르키예,2025-07-01,20700,884254391,2853,127508575,756745816
CA,캐나다,2025-07-01,19129,802649378,38227,670765265,131884113
LR,라이베리아,2025-07-01,93,786929974,47,17671,786912303
GB,영국,2025-07-01,19254,719584021,20967,381185319,338398702
DE,독일,2025-07-01,16163,694524594,180859,2024932100,-1330407506
TH,태국,2025-07-01,19400,690457711,56662,624229025,66228686
PL,폴란드,2025-07-01,6843,660892427,2570,100578385,560314042
ID,인도네시아,2025-07-01,14155,603201749,11244,940985576,-337783827
FR,프랑스,2025-07-01,7711,564241669,20184,831276859,-267035190
IT,이탈리아,2025-07-01,6712,419839643,32952,677368059,-257528416
BR,브라질,2025-07-01,9460,402747736,1879,530124494,-127376758
AE,아랍에미리트 연합,2025-07-01,12107,390359730,658,1459654504,-1069294774
SA,사우디아라비아,2025-07-01,4907,382227607,475,2241789439,-1859561832
RU,러시아 연방,2025-07-01,9383,381265396,1437,731245509,-349980113
CZ,체코공화국,2025-07-01,3435,351975304,3426,105270849,246704455
HU,헝가리,2025-07-01,2443,351906030,1498,70088017,281818013
ES,스페인,2025-07-01,5571,343734064,9320,212275705,131458359
BE,벨기에,2025-07-01,2769,328121431,2459,135978517,192142914
KG,키르기스스탄,2025-07-01,11364,318108082,8,945923,317162159
SK,슬로바키아,2025-07-01,2257,306662358,1306,55153452,251508906
NZ,뉴질랜드,2025-07-01,3802,280637860,25340,179111437,101526423
KZ,카자흐스탄,2025-07-01,5461,274640828,87,21999122,252641706
DK,덴마크,2025-07-01,1708,261894637,2257,162794102,99100535
MH,마샬군도,2025-07-01,32,227468803,17,99604,227369199
BM,버뮤다,2025-07-01,30,212096577,0,28,212096549
SE,스웨덴,2025-07-01,1750,184512699,3943,208217075,-23704376
CL,칠레,2025-07-01,2854,182471824,1395,426377220,-243905396
UZ,우즈베키스탄,2025-07-01,1860,131457392,97,3086011,128371381
CO,콜롬비아,2025-07-01,1807,128276350,1168,93237358,35038992
PK,파키스탄,2025-07-01,1808,121414018,693,14663927,106750091
PA,파나마,2025-07-01,1250,120873217,135,2396181,118477036
BD,방글라데시,2025-07-01,2376,120556503,1751,34852387,85704116
IQ,이라크,2025-07-01,1078,119783635,93,703711599,-583927964
BS,바하마,2025-07-01,37,116358713,5,802,116357911
CH,스위스,2025-07-01,2832,116251410,4938,347714339,-231462929
IL,이스라엘,2025-07-01,5644,100570867,1826,119385566,-18814699
AT,오스트리아,2025-07-01,2711,98144305,2355,157871950,-59727645
EG,이집트,2025-07-01,2241,95748217,272,6010027,89738190
PT,포루투갈,2025-07-01,1184,93838825,5308,41968236,51870589
SI,슬로베니아,2025-07-01,764,92123939,431,9509690,82614249
AO,앙골라,2025-07-01,135,70658899,3,81909,70576990
EC,에쿠아도르,2025-07-01,619,68376142,231,12656488,55719654
ZA,남아프리카공화국,2025-07-01,2108,67697391,456,154458144,-86760753
PE,페루,2025-07-01,1585,61463397,947,232841843,-171378446
KH,캄보디아,2025-07-01,2578,57999893,2092,46221095,11778798
RO,루마니아,2025-07-01,1665,54536066,2090,48952465,5583601
JO,요르단,2025-07-01,2341,53857451,134,5183705,48673746
PY,파라과이,2025-07-01,198,50999652,41,1685918,49313734
LT,리투아니아,2025-07-01,502,49205295,558,11640251,37565044
NO,노르웨이,2025-07-01,1143,48825344,2289,107366941,-58541597
QA,카타르,2025-07-01,1193,48096858,160,738587461,-690490603
IE,아일랜드,2025-07-01,1186,45103207,1198,96991983,-51888776
GR,그리스,2025-07-01,1429,44420521,490,18444089,25976432
NG,나이지리아,2025-07-01,1124,44301594,86,48206542,-3904948
UA,우크라이나,2025-07-01,1188,43126126,193,17746941,25379185
PR,푸에르토리코,2025-07-01,431,40744172,198,38772545,1971627
AR,아르헨티나,2025-07-01,1082,39333846,327,54547708,-15213862
LY,리비아,2025-07-01,8245,39274561,18,2133316,37141245
MN,몽골,2025-07-01,2479,39101942,912,2472254,36629688
OM,오만,2025-07-01,1339,37808008,74,144284365,-106476357
DZ,알제리,2025-07-01,555,37282337,36,441214232,-403931895
MA,모로코,2025-07-01,469,34534034,417,22398003,12136031
FI,핀란드,2025-07-01,991,33216328,1231,123011099,-89794771
KW,쿠웨이트,2025-07-01,836,33005293,75,594344500,-561339207
AL,알바니아,2025-07-01,2222,31835316,70,1242294,30593022
TJ,타지크,2025-07-01,2289,31166040,1,3156,31162884
FJ,피지,2025-07-01,111,30722326,12,310370,30411956
MM,미얀마,2025-07-01,869,28838193,1754,46311949,-17473756
SY,시리아,2025-07-01,2599,28501028,3,18946,28482082
TN,튀니지,2025-07-01,215,25797120,703,8776878,17020242
GH,가나,2025-07-01,1433,24077571,43,11402150,12675421
ET,에티오피아,2025-07-01,78,22946895,203,20945623,2001272
BG,불가리아,2025-07-01,690,22719727,946,9788923,12930804
GT,과테말라,2025-07-01,878,22401992,256,8743038,13658954
LK,스리랑카,2025-07-01,940,21251059,604,10514911,10736148
SV,엘살바도르,2025-07-01,236,20944689,159,3815047,17129642
CI,코트디봐르,2025-07-01,164,20778361,25,6545613,14232748
KE,케냐,2025-07-01,380,20561954,104,3616602,16945352
DO,도미니카 공화국,2025-07-01,471,20555240,144,11859243,8695997
UY,우루과이,2025-07-01,295,18630492,79,42758202,-24127710
TZ,탄자니아,2025-07-01,333,17848219,35,313017,17535202
CR,코스타리카,2025-07-01,924,17135594,461,20593512,-3457918
RS,세르비아,2025-07-01,350,16702902,172,10043348,6659554
EE,에스토니아,2025-07-01,432,16524511,253,9084978,7439533
GU,괌,2025-07-01,671,14470115,44,419429,14050686
GE,조지아,2025-07-01,530,14222753,78,1655155,12567598
HN,온두라스,2025-07-01,404,13268887,617,7532628,5736259
HR,크로아티아,2025-07-01,298,12956070,142,1349195,11606875
DJ,지부티,2025-07-01,39,10700261,1,180667,10519594
IR,이란,2025-07-01,117,10240525,15,66637,10173888
NI,니카라과,2025-07-01,157,9623396,43,12158556,-2535160
BH,바레인,2025-07-01,367,9352147,55,75110206,-65758059
AZ,아제르바이잔,2025-07-01,481,8962752,8,25577,8937175
LA,라오스,2025-07-01,193,8013129,196,7292378,720751
SN,세네갈,2025-07-01,508,7857690,66,5562220,2295470
MZ,모잠비크,2025-07-01,100,7669670,7,292991,7376679
LB,레바논,2025-07-01,269,7607400,69,1755389,5852011
GN,기니,2025-07-01,306,7359640,15,1235402,6124238
MT,몰타,2025-07-01,262,7291856,126,19178055,-11886199
BY,벨라루스,2025-07-01,194,6887718,23,2524205,4363513
TT,트리니다드 토바고,2025-07-01,96,6676659,22,36039266,-29362607
CY,사이프러스,2025-07-01,268,6661023,37,619992,6041031
PG,파푸아 뉴기니,2025-07-01,91,6348872,44,177692468,-171343596
SD,수단,2025-07-01,57,6202907,1,35917,6166990
LV,라트비아,2025-07-01,288,5699216,360,11775215,-6075999
MD,몰도바,2025-07-01,214,5653273,174,5230093,423180
ZZ,기타국,2025-07-01,171,5334785,793,5566263,-231478
LU,룩셈부르그,2025-07-01,235,4984787,226,9578548,-4593761
BJ,베닝,2025-07-01,48,4535095,0,0,4535095
MG,마다카스카르,2025-07-01,461,4529106,199,10064716,-5535610
WS,사모아,2025-07-01,21,4348372,4,22845,4325527
PW,팔라우,2025-07-01,27,4328734,0,0,4328734
AF,아프카니스탄,2025-07-01,150,4252798,2,190120,4062678
AM,아르메니아,2025-07-01,140,4192926,70,4599281,-406355
IS,아이슬란드,2025-07-01,204,4162489,63,2017799,2144690
GY,가이아나,2025-07-01,109,4108577,4,532731,3575846
JM,자마이카,2025-07-01,69,3717656,16,1370233,2347423
VE,베네주엘라,2025-07-01,120,3550357,16,504623,3045734
BN,브루나이,2025-07-01,176,3400138,22,42244374,-38844236
YE,예맨,2025-07-01,490,3343601,11,475136,2868465
HT,아이티,2025-07-01,51,3071619,7,73995,2997624
MU,모리셔스,2025-07-01,205,2959117,18,262394,2696723
BF,부르키나 파소,2025-07-01,15,2838888,0,0,2838888
NP,네팔,2025-07-01,252,2789430,307,724109,2065321
GA,가봉,2025-07-01,773,2714538,7,3030440,-315902
BO,볼리비아,2025-07-01,95,2601472,17,37666851,-35065379
TG,토고,2025-07-01,132,2431823,21,944582,1487241
AW,아루바,2025-07-01,76,2427072,2,4262,2422810
CD,콩고민주공화국,2025-07-01,35,2401156,62,130943327,-128542171
UG,우간다,2025-07-01,52,2314282,34,868082,1446200
ZM,잠비아,2025-07-01,57,2256071,7,13405564,-11149493
RW,르완다,2025-07-01,226,2195701,10,86193,2109508
BZ,벨리제,2025-07-01,18,2157598,4,2604350,-446752
ZW,짐바브웨,2025-07-01,38,2048519,16,1916303,132216
CM,카메룬,2025-07-01,113,1913175,29,2245893,-332718
TM,투르크멘,2025-07-01,34,1884853,0,0,1884853
NC,뉴 칼레도니아,2025-07-01,54,1857340,11,18212855,-16355515
PF,불령 폴리네시아,2025-07-01,56,1794082,0,92,1793990
RE,불령 리유니온 코모도 제도,2025-07-01,69,1700266,1,21,1700245
MK,마세도니아,2025-07-01,77,1436389,36,562995,873394
CU,쿠바,2025-07-01,33,1294815,5,794821,499994
MO,마카오,2025-07-01,336,1290949,42,155638,1135311
ML,말리,2025-07-01,9,1268872,1,123445,1145427
NE,니제르,2025-07-01,5,1265841,0,179,1265662
BB,바베이도스,2025-07-01,28,1117638,4,15371,1102267
VU,바누아투,2025-07-01,60,1098529,23,3444076,-2345547
SS,남수단,2025-07-01,11,1093123,1,1,1093122
CG,콩고,2025-07-01,90,1077251,3,289562,787689
MV,몰디브,2025-07-01,108,1049525,2,25881,1023644
KY,영령 캐이맨 군도,2025-07-01,12,1008762,4,213,1008549
LI,리히텐슈타인,2025-07-01,21,953590,88,2240040,-1286450
MR,모리타니,2025-07-01,31,929481,12,1562742,-633261
YT,메요트,2025-07-01,5,889954,0,0,889954
GQ,적도 기니,2025-07-01,21,872377,4,78398085,-77525708
SR,수리남,2025-07-01,33,867903,13,573275,294628
MP,북마리아나 군도,2025-07-01,160,812294,3,121832,690462
LC,세인트 루시아,2025-07-01,18,788753,1,60,788693
CW,큐라소,2025-07-01,47,755908,1,35160,720748
SL,시에라 리온,2025-07-01,37,748189,11,1324104,-575915
BA,보스니아-헤르체고비나,2025-07-01,68,729091,49,1043024,-313933
SC,세이쉘,2025-07-01,28,665589,13,1509835,-844246
SO,소말리아,2025-07-01,23,656597,3,317984,338613
SB,솔로몬 군도,2025-07-01,13,633142,6,174685,458457
FM,마이크로네시아,2025-07-01,73,607243,7,134236,473007
AS,아메리칸 사모아,2025-07-01,31,576540,4,49104,527436
TV,투발루,2025-07-01,11,565281,1,1329195,-763914
MF,세인트 마틴,2025-07-01,10,538081,0,0,538081
BT,부탄,2025-07-01,48,528402,3,354533,173869
BI,부룬디,2025-07-01,20,510158,1,42151,468007
PS,팔레스타인 해방기구,2025-07-01,21,505484,6,114,505370
GI,지브랄타,2025-07-01,12,443417,1,140,443277
TL,티모르,2025-07-01,7,396231,4,5193,391038
SX,세인트마틴(생마르탱),2025-07-01,8,369591,1,100,369491
KI,키리바티,2025-07-01,19,333092,0,0,333092
GM,감비아,2025-07-01,71,310958,9,733836,-422878
MQ,마티니크,2025-07-01,25,307420,1,174,307246
MW,말라위,2025-07-01,24,282113,11,431189,-149076
NA,나미비아,2025-07-01,32,266594,12,16308900,-16042306
TD,챠드,2025-07-01,6,244809,0,180,244629
VC,세인트 빈센트 그레나딘,2025-07-01,3,233108,0,0,233108
GF,불령 가이아나,2025-07-01,15,227718,0,0,227718
KN,세인트 키츠 네비스,2025-07-01,9,221016,0,2283,218733
CV,카보 베르데,2025-07-01,2,193487,0,0,193487
SZ,스와질랜드,2025-07-01,9,178941,13,72081,106860
DM,도미니카,2025-07-01,4,172877,2,1769,171108
ME,몬테네그로,2025-07-01,15,153290,1,1554,151736
MC,모나코,2025-07-01,3,105750,8,317255,-211505
GL,그린랜드,2025-07-01,7,72353,7,238438,-166085
BW,보츠와나,2025-07-01,15,68572,10,257070,-188498
GP,과델로프,2025-07-01,15,56337,0,0,56337
VG,영령 버진군도,2025-07-01,6,48873,0,0,48873
TC,투르크 & 카이코스 군도,2025-07-01,4,43734,0,0,43734
GD,그레나다,2025-07-01,5,37267,0,0,37267
ER,에리트리아,2025-07-01,2,35010,1,9959064,-9924054
NR,나우루,2025-07-01,2,30721,0,0,30721
AG,안티가 바부다,2025-07-01,8,23338,1,20,23318
AN,네덜란드 열도,2025-07-01,8,22611,0,0,22611
VI,미령 버진군도,2025-07-01,16,22421,1,17529,4892
KM,코모로스,2025-07-01,9,19442,1,7128,12314
ST,상토메 프린스페,2025-07-01,3,17856,1,2164,15692
TO,통가,2025-07-01,1,11422,0,0,11422
BL,세인트 바르탤르미,2025-07-01,2,10499,1,109,10390
GW,기네비소,2025-07-01,1,9362,3,239023,-229661
TK,토켈라우,2025-07-01,1,2069,3,1152,917
VA,교황청,2025-07-01,4,1681,0,0,1681
JE,저어지,2025-07-01,6,1469,1,1951,-482
GG,건지,2025-07-01,4,1112,1,310,802
CF,중앙아프리카공화국,2025-07-01,1,701,1,82,619
FO,파로에 군도,2025-07-01,2,267,1,1,266
AD,안도라,2025-07-01,1,130,8,10648,-10518
AI,앙귈라,2025-07-01,1,112,1,117,-5
FK,포클랜드 군도,2025-07-01,0,0,1,61260,-61260
CK,쿡 아일랜드,2025-07-01,0,0,1,424,-424
SH,세인트 헬레나,2025-07-01,0,0,1,56760,-56760
CC,코스 군도,2025-07-01,0,0,1,27695,-27695
CX,크리스마스 아일랜드,2025-07-01,0,0,0,28,-28
TF,불령 남부지역,2025-07-01,0,0,0,1346,-1346
LS,레소토,2025-07-01,0,0,2,3346,-3346
SJ,스발비드 군도,2025-07-01,0,0,0,30,-30
NU,니우에,2025-07-01,0,0,4,62060,-62060
SM,산마리노,2025-07-01,0,0,7,157818,-157818
MS,몬트세라트,2025-07-01,0,0,0,118,-118
IM,맨섬,2025-07-01,0,0,0,4072,-4072
CN,중국,2025-08-01,89602,10990269226,1543898,11556618086,-566348860
US,미국,2025-08-01,239555,8718145472,1453945,5981182420,2736963052
VN,베트남,2025-08-01,59405,5398092255,206110,2952368935,2445723320
TW,대만,2025-08-01,50905,4371509375,22635,2800398236,1571111139
HK,홍콩,2025-08-01,25505,2726867301,348389,123974059,2602893242
JP,일본,2025-08-01,158420,2376745621,392640,3626223106,-1249477485
SG,싱가포르,2025-08-01,50178,2164626782,24420,835297393,1329329389
IN,인도,2025-08-01,18678,1591153439,13537,538802159,1052351280
AU,호주,2025-08-01,20605,1499722065,36798,2400638225,-900916160
MY,말레이시아,2025-08-01,33021,1039246832,13196,1340621087,-301374255
PH,필리핀,2025-08-01,28014,1032043978,5947,266735697,765308281
MX,멕시코,2025-08-01,14920,997129663,8096,620792223,376337440
FR,프랑스,2025-08-01,6636,977528083,18046,621858081,355670002
NL,네덜란드,2025-08-01,10011,875032397,5631,596167800,278864597
CA,캐나다,2025-08-01,17092,782904678,43950,429508204,353396474
DE,독일,2025-08-01,14301,758698842,171274,1712143238,-953444396
TR,튀르키예,2025-08-01,8979,705256326,2655,102700311,602556015
GB,영국,2025-08-01,17453,644020969,20620,343206047,300814922
TH,태국,2025-08-01,18504,640192121,49545,583837416,56354705
MH,마샬군도,2025-08-01,36,612133839,17,73641,612060198
ID,인도네시아,2025-08-01,12914,526703890,10740,911236832,-384532942
PL,폴란드,2025-08-01,6172,487198321,2198,85098445,402099876
LR,라이베리아,2025-08-01,108,425957587,22,7200,425950387
BR,브라질,2025-08-01,9261,358647992,1689,375280975,-16632983
SA,사우디아라비아,2025-08-01,4522,357319688,503,2817172216,-2459852528
AE,아랍에미리트 연합,2025-08-01,10559,356821574,555,1748694029,-1391872455
IT,이탈리아,2025-08-01,5428,340168629,29084,580726079,-240557450
RU,러시아 연방,2025-08-01,8181,325632306,1300,716558245,-390925939
BE,벨기에,2025-08-01,2464,302377749,2410,109993160,192384589
ES,스페인,2025-08-01,4347,294978918,8413,227339157,67639761
CZ,체코공화국,2025-08-01,2979,294339334,3314,79484219,214855115
KG,키르기스스탄,2025-08-01,11023,292164611,19,229623,291934988
KZ,카자흐스탄,2025-08-01,5002,259852637,70,16708579,243144058
SK,슬로바키아,2025-08-01,1952,254618988,1277,57464149,197154839
DK,덴마크,2025-08-01,1346,249679703,1946,176589785,73089918
NZ,뉴질랜드,2025-08-01,3186,226689385,32268,184060611,42628774
CH,스위스,2025-08-01,2550,215650562,4260,273453367,-57802805
BM,버뮤다,2025-08-01,16,212890292,0,0,212890292
HU,헝가리,2025-08-01,2129,211584033,1593,67195111,144388922
CL,칠레,2025-08-01,2480,156572753,1240,266548039,-109975286
IE,아일랜드,2025-08-01,1085,152666329,1046,123221089,29445240
EG,이집트,2025-08-01,2058,150176611,238,4795559,145381052
UZ,우즈베키스탄,2025-08-01,1939,142989922,65,1295799,141694123
BD,방글라데시,2025-08-01,2073,131915960,1909,59870969,72044991
IL,이스라엘,2025-08-01,7151,127709320,1651,130908757,-3199437
PK,파키스탄,2025-08-01,1620,105628207,669,16530554,89097653
AT,오스트리아,2025-08-01,2469,102678285,2071,136401051,-33722766
SE,스웨덴,2025-08-01,1522,98549009,3135,140771028,-42222019
AR,아르헨티나,2025-08-01,910,97898883,333,79850818,18048065
CO,콜롬비아,2025-08-01,1523,94544391,1256,83133546,11410845
IQ,이라크,2025-08-01,894,86823782,73,833479551,-746655769
SI,슬로베니아,2025-08-01,713,84885169,320,17186818,67698351
AO,앙골라,2025-08-01,144,78036213,0,0,78036213
PT,포루투갈,2025-08-01,961,74695370,4421,29483984,45211386
ZA,남아프리카공화국,2025-08-01,1831,74449618,581,170814200,-96364582
PE,페루,2025-08-01,1202,71149722,937,244247706,-173097984
RO,루마니아,2025-08-01,1242,65947197,2246,60758266,5188931
PA,파나마,2025-08-01,1053,63726649,92,62277690,1448959
KH,캄보디아,2025-08-01,2108,51238360,2586,49838135,1400225
OM,오만,2025-08-01,1285,50747675,70,232701336,-181953661
NG,나이지리아,2025-08-01,1053,47843972,45,79857036,-32013064
JO,요르단,2025-08-01,1382,46868722,138,5050540,41818182
NO,노르웨이,2025-08-01,1035,42930861,2268,105862576,-62931715
EC,에쿠아도르,2025-08-01,494,42466988,247,13221142,29245846
MN,몽골,2025-08-01,2529,41539080,868,7927867,33611213
GR,그리스,2025-08-01,1087,40969238,389,6499478,34469760
QA,카타르,2025-08-01,1065,37535693,136,725970169,-688434476
GT,과테말라,2025-08-01,664,36882648,253,11396398,25486250
LY,리비아,2025-08-01,9119,33066063,24,29185689,3880374
UA,우크라이나,2025-08-01,1041,32214592,173,13480417,18734175
AL,알바니아,2025-08-01,2190,31412117,65,654355,30757762
FJ,피지,2025-08-01,76,31344028,18,155483,31188545
PG,파푸아 뉴기니,2025-08-01,81,29721508,48,147166706,-117445198
TJ,타지크,2025-08-01,2736,29407398,1,6148,29401250
PR,푸에르토리코,2025-08-01,416,29203513,121,25606304,3597209
MA,모로코,2025-08-01,365,29059979,322,17208078,11851901
KW,쿠웨이트,2025-08-01,801,28362857,76,795121053,-766758196
FI,핀란드,2025-08-01,809,27550334,1107,82613724,-55063390
SV,엘살바도르,2025-08-01,202,23269215,145,3263639,20005576
BG,불가리아,2025-08-01,591,20366653,1047,38825397,-18458744
DZ,알제리,2025-08-01,415,20043325,19,184598033,-164554708
GH,가나,2025-08-01,1294,19808081,26,5118591,14689490
RS,세르비아,2025-08-01,315,17914180,195,9868207,8045973
DO,도미니카 공화국,2025-08-01,471,17002989,108,6376341,10626648
MM,미얀마,2025-08-01,558,16815701,1658,53354837,-36539136
LT,리투아니아,2025-08-01,475,16628903,513,14174041,2454862
SY,시리아,2025-08-01,879,15871029,5,45721,15825308
NI,니카라과,2025-08-01,174,15148475,37,1096753,14051722
CI,코트디봐르,2025-08-01,196,14829640,15,5342737,9486903
ET,에티오피아,2025-08-01,72,14818849,210,19044325,-4225476
DJ,지부티,2025-08-01,78,14711641,1,2849,14708792
TN,튀니지,2025-08-01,173,14608430,643,7705181,6903249
LK,스리랑카,2025-08-01,816,14000179,543,9780924,4219255
HR,크로아티아,2025-08-01,214,13725033,111,1847114,11877919
TZ,탄자니아,2025-08-01,369,13554745,38,1840631,11714114
KE,케냐,2025-08-01,321,13042761,74,2707890,10334871
HN,온두라스,2025-08-01,380,12395594,86,5416675,6978919
CR,코스타리카,2025-08-01,725,11580944,479,19179723,-7598779
GU,괌,2025-08-01,549,11479570,96,1162210,10317360
NC,뉴 칼레도니아,2025-08-01,44,11202567,8,12510477,-1307910
MZ,모잠비크,2025-08-01,86,10960668,9,103463115,-92502447
PF,불령 폴리네시아,2025-08-01,46,10517856,0,0,10517856
BH,바레인,2025-08-01,380,10485100,47,52722019,-42236919
CG,콩고,2025-08-01,105,10241994,4,41576962,-31334968
GE,조지아,2025-08-01,433,9989666,72,318989,9670677
TT,트리니다드 토바고,2025-08-01,94,9922838,32,57112477,-47189639
IR,이란,2025-08-01,168,9907737,17,128240,9779497
MT,몰타,2025-08-01,280,9875662,90,24716464,-14840802
LB,레바논,2025-08-01,266,9381590,61,1653085,7728505
EE,에스토니아,2025-08-01,395,9341864,236,8462432,879432
IS,아이슬란드,2025-08-01,160,9300158,51,1644405,7655753
SN,세네갈,2025-08-01,525,9095629,51,3164547,5931082
LA,라오스,2025-08-01,183,9046703,184,5093126,3953577
BF,부르키나 파소,2025-08-01,28,8824612,0,0,8824612
UY,우루과이,2025-08-01,187,8699212,77,10513419,-1814207
AZ,아제르바이잔,2025-08-01,361,7761749,8,101988,7659761
PY,파라과이,2025-08-01,161,7574155,33,1669536,5904619
SD,수단,2025-08-01,46,7443666,3,109637,7334029
ZZ,기타국,2025-08-01,167,7286653,756,5905651,1381002
LV,라트비아,2025-08-01,254,7115682,366,11292876,-4177194
MG,마다카스카르,2025-08-01,460,6493674,105,1514388,4979286
BN,브루나이,2025-08-01,135,6165833,19,85350001,-79184168
TM,투르크멘,2025-08-01,31,5471943,0,3822,5468121
BY,벨라루스,2025-08-01,154,5229276,34,1528564,3700712
WS,사모아,2025-08-01,32,4641762,1,19574,4622188
VE,베네주엘라,2025-08-01,151,4634818,15,446311,4188507
MD,몰도바,2025-08-01,189,4388268,240,4453156,-64888
BJ,베닝,2025-08-01,43,4368527,0,0,4368527
CY,사이프러스,2025-08-01,238,4367661,27,142463,4225198
LU,룩셈부르그,2025-08-01,177,4261284,181,5501024,-1239740
AS,아메리칸 사모아,2025-08-01,30,4168634,7,444235,3724399
CD,콩고민주공화국,2025-08-01,26,4026036,63,137861465,-133835429
UG,우간다,2025-08-01,42,3838282,25,577044,3261238
GP,과델로프,2025-08-01,21,3361981,0,0,3361981
GY,가이아나,2025-08-01,92,3192952,2,152196,3040756
NP,네팔,2025-08-01,233,3051361,390,633192,2418169
MU,모리셔스,2025-08-01,159,2961620,14,263913,2697707
BZ,벨리제,2025-08-01,13,2826653,4,5398,2821255
YE,예맨,2025-08-01,271,2798520,10,1170287,1628233
ZW,짐바브웨,2025-08-01,38,2640260,11,1485069,1155191
JM,자마이카,2025-08-01,61,2608016,11,549273,2058743
TG,토고,2025-08-01,100,2473562,16,912840,1560722
GN,기니,2025-08-01,323,2458275,12,1441475,1016800
AF,아프카니스탄,2025-08-01,145,2402709,7,2773,2399936
BO,볼리비아,2025-08-01,67,2128809,14,88461960,-86333151
GA,가봉,2025-08-01,606,2105458,3,32668,2072790
HT,아이티,2025-08-01,37,2093427,5,19472,2073955
TD,챠드,2025-08-01,8,1941066,0,123,1940943
RE,불령 리유니온 코모도 제도,2025-08-01,51,1924628,0,0,1924628
CM,카메룬,2025-08-01,84,1707389,15,588959,1118430
AW,아루바,2025-08-01,43,1673255,3,182348,1490907
RW,르완다,2025-08-01,267,1654103,9,24763,1629340
AM,아르메니아,2025-08-01,106,1607379,100,5570380,-3963001
MO,마카오,2025-08-01,327,1488625,44,221603,1267022
KY,영령 캐이맨 군도,2025-08-01,12,1375589,6,1858,1373731
ZM,잠비아,2025-08-01,48,1279089,6,5016162,-3737073
PS,팔레스타인 해방기구,2025-08-01,13,1255819,7,103220,1152599
MF,세인트 마틴,2025-08-01,8,1252975,0,0,1252975
BB,바베이도스,2025-08-01,18,1162199,8,211745,950454
SL,시에라 리온,2025-08-01,59,1132899,9,757250,375649
MP,북마리아나 군도,2025-08-01,161,1058362,4,616897,441465
SS,남수단,2025-08-01,8,1034694,1,11,1034683
BA,보스니아-헤르체고비나,2025-08-01,52,996068,72,823675,172393
MK,마세도니아,2025-08-01,73,945303,27,952058,-6755
VU,바누아투,2025-08-01,41,884549,39,3044640,-2160091
ME,몬테네그로,2025-08-01,36,829294,2,5492,823802
GQ,적도 기니,2025-08-01,29,767645,3,86782548,-86014903
CU,쿠바,2025-08-01,42,747976,7,533006,214970
SO,소말리아,2025-08-01,24,739875,3,433188,306687
SB,솔로몬 군도,2025-08-01,21,695587,3,65671,629916
CW,큐라소,2025-08-01,24,671741,2,34680,637061
LI,리히텐슈타인,2025-08-01,13,628638,49,1324221,-695583
ML,말리,2025-08-01,12,599364,3,331935,267429
MW,말라위,2025-08-01,10,559595,7,612773,-53178
BT,부탄,2025-08-01,40,500570,2,322281,178289
KI,키리바티,2025-08-01,27,484803,1,30079,454724
SR,수리남,2025-08-01,27,442593,6,198649,243944
YT,메요트,2025-08-01,2,442251,0,0,442251
MR,모리타니,2025-08-01,24,435518,14,1347135,-911617
BS,바하마,2025-08-01,24,408944,7,4010,404934
MQ,마티니크,2025-08-01,15,398898,0,326,398572
LC,세인트 루시아,2025-08-01,14,398487,1,70,398417
GF,불령 가이아나,2025-08-01,12,366874,0,309,366565
CF,중앙아프리카공화국,2025-08-01,3,366210,1,14,366196
SC,세이쉘,2025-08-01,15,326273,3,305806,20467
GM,감비아,2025-08-01,86,305020,7,1079908,-774888
GI,지브랄타,2025-08-01,20,285764,0,0,285764
MV,몰디브,2025-08-01,100,272063,6,3155,268908
TV,투발루,2025-08-01,5,269410,0,0,269410
TL,티모르,2025-08-01,7,254988,0,0,254988
VG,영령 버진군도,2025-08-01,4,226343,0,0,226343
TC,투르크 & 카이코스 군도,2025-08-01,8,225789,0,0,225789
SZ,스와질랜드,2025-08-01,6,181972,10,64456,117516
GD,그레나다,2025-08-01,6,171279,0,0,171279
FM,마이크로네시아,2025-08-01,20,168098,1,25996,142102
NA,나미비아,2025-08-01,19,167286,5,438629,-271343
BW,보츠와나,2025-08-01,10,166796,5,149786,17010
KM,코모로스,2025-08-01,8,82552,0,1265,81287
KN,세인트 키츠 네비스,2025-08-01,3,79199,7,3251,75948
CV,카보 베르데,2025-08-01,2,78414,2,925,77489
GW,기네비소,2025-08-01,3,66393,2,69042,-2649
AD,안도라,2025-08-01,3,56798,5,15891,40907
BL,세인트 바르탤르미,2025-08-01,3,54991,1,861,54130
BI,부룬디,2025-08-01,23,49863,2,7983,41880
BQ,보네르 신트외스타티위스,2025-08-01,3,38633,0,0,38633
NE,니제르,2025-08-01,4,37416,2,43089,-5673
SM,산마리노,2025-08-01,2,36992,7,104746,-67754
TK,토켈라우,2025-08-01,1,23539,0,1229,22310
DM,도미니카,2025-08-01,6,19818,4,508602,-488784
AG,안티가 바부다,2025-08-01,5,18971,0,28,18943
PW,팔라우,2025-08-01,6,17697,1,18885,-1188
GL,그린랜드,2025-08-01,10,14035,4,88700,-74665
AN,네덜란드 열도,2025-08-01,2,8215,2,418,7797
MC,모나코,2025-08-01,8,5094,7,497698,-492604
SX,세인트마틴(생마르탱),2025-08-01,4,2445,0,0,2445
VA,교황청,2025-08-01,6,1915,0,0,1915
MS,몬트세라트,2025-08-01,1,1422,0,16,1406
GG,건지,2025-08-01,8,940,0,0,940
VI,미령 버진군도,2025-08-01,5,715,0,0,715
AI,앙귈라,2025-08-01,1,104,0,0,104
JE,저어지,2025-08-01,2,59,0,0,59
FO,파로에 군도,2025-08-01,3,57,2,41250,-41193
ER,에리트리아,2025-08-01,0,0,1,3602,-3602
Z1,국제통화기금,2025-08-01,0,0,0,464,-464
NR,나우루,2025-08-01,0,0,1,4838965,-4838965
CX,크리스마스 아일랜드,2025-08-01,0,0,1,49,-49
CK,쿡 아일랜드,2025-08-01,0,0,1,341,-341
CC,코스 군도,2025-08-01,0,0,2,406,-406
LS,레소토,2025-08-01,0,0,4,60414,-60414
TF,불령 남부지역,2025-08-01,0,0,0,714,-714
NU,니우에,2025-08-01,0,0,1,10186,-10186
IO,영령 인도양,2025-08-01,0,0,0,118,-118
ST,상토메 프린스페,2025-08-01,0,0,3,303654,-303654
FK,포클랜드 군도,2025-08-01,0,0,2,370966,-370966
UM,마이너 아우틀링 합중국 군도,2025-08-01,0,0,0,16,-16
CN,중국,2025-09-01,100881,11679518529,1822270,13508597884,-1829079355
US,미국,2025-09-01,211674,10267271479,1529209,5936407036,4330864443
VN,베트남,2025-09-01,67327,5925623694,233745,2865792547,3059831147
TW,대만,2025-09-01,66930,5205355295,24638,2819940185,2385415110
HK,홍콩,2025-09-01,38966,3496990927,369719,386038141,3110952786
JP,일본,2025-09-01,459337,2560673735,416788,4266280437,-1705606702
IN,인도,2025-09-01,21298,1721595626,13864,626758184,1094837442
SG,싱가포르,2025-09-01,55260,1510020613,18917,833656439,676364174
PL,폴란드,2025-09-01,6943,1424459805,2506,95365920,1329093885
AU,호주,2025-09-01,25601,1344040566,40371,2769549753,-1425509187
PH,필리핀,2025-09-01,31211,1172248816,6371,287425377,884823439
MX,멕시코,2025-09-01,16969,1136442781,8194,690208159,446234622
MY,말레이시아,2025-09-01,34449,1025124946,13425,1345162031,-320037085
TR,튀르키예,2025-09-01,9030,1006036127,3047,188820074,817216053
NL,네덜란드,2025-09-01,10578,959711308,5989,1448693043,-488981735
CA,캐나다,2025-09-01,19729,825543178,41531,744998883,80544295
GB,영국,2025-09-01,22563,758366440,21962,421730426,336636014
DE,독일,2025-09-01,15719,722841103,189106,2030772102,-1307930999
TH,태국,2025-09-01,21643,708735244,51947,612170087,96565157
ID,인도네시아,2025-09-01,14413,599881580,12192,1026767716,-426886136
FR,프랑스,2025-09-01,7817,529071758,20735,758346506,-229274748
BR,브라질,2025-09-01,11369,480784253,2105,460281316,20502937
MH,마샬군도,2025-09-01,53,480232052,15,196321,480035731
AE,아랍에미리트 연합,2025-09-01,12892,476234205,592,1118032953,-641798748
KG,키르기스스탄,2025-09-01,15363,467476549,3,67363,467409186
IT,이탈리아,2025-09-01,7159,431980268,33793,774986409,-343006141
SA,사우디아라비아,2025-09-01,4752,429791910,541,2141060927,-1711269017
LR,라이베리아,2025-09-01,117,421924850,25,224097,421700753
BM,버뮤다,2025-09-01,20,417155694,0,0,417155694
RU,러시아 연방,2025-09-01,10636,416220872,1622,716443007,-300222135
BE,벨기에,2025-09-01,2790,371072403,2512,233268872,137803531
GR,그리스,2025-09-01,1319,333495625,463,18328776,315166849
KZ,카자흐스탄,2025-09-01,6619,305953814,80,16010633,289943181
CZ,체코공화국,2025-09-01,3288,291441209,3584,120364757,171076452
HU,헝가리,2025-09-01,2390,290802617,1599,76703079,214099538
DK,덴마크,2025-09-01,1804,276611666,2202,226834194,49777472
ES,스페인,2025-09-01,5310,272028585,8787,216032975,55995610
CL,칠레,2025-09-01,3219,256667592,1219,433210393,-176542801
SK,슬로바키아,2025-09-01,1996,244422363,1574,60421963,184000400
NZ,뉴질랜드,2025-09-01,3973,240676189,29789,157501514,83174675
CH,스위스,2025-09-01,2841,235401145,4655,343061238,-107660093
IE,아일랜드,2025-09-01,1331,206098005,1201,101922615,104175390
UZ,우즈베키스탄,2025-09-01,2504,190937044,92,1935221,189001823
PA,파나마,2025-09-01,1324,184987143,100,24853419,160133724
MT,몰타,2025-09-01,340,184911040,117,50853418,134057622
EG,이집트,2025-09-01,2268,175761381,278,5633807,170127574
PK,파키스탄,2025-09-01,1799,168706782,699,15709964,152996818
CO,콜롬비아,2025-09-01,1975,168605540,1411,55597061,113008479
IL,이스라엘,2025-09-01,8166,144816612,1695,99354643,45461969
BD,방글라데시,2025-09-01,2689,128368775,2757,66666312,61702463
SE,스웨덴,2025-09-01,1877,127381724,3766,209765806,-82384082
AT,오스트리아,2025-09-01,2600,118949852,2240,129690952,-10741100
ZA,남아프리카공화국,2025-09-01,1997,107750203,388,173384135,-65633932
QA,카타르,2025-09-01,1244,105326275,192,889012740,-783686465
OM,오만,2025-09-01,1384,101451282,90,232092597,-130641315
SI,슬로베니아,2025-09-01,718,100055262,388,10993253,89062009
IQ,이라크,2025-09-01,1066,93054930,77,894860174,-801805244
KW,쿠웨이트,2025-09-01,838,72350162,65,528389139,-456038977
KH,캄보디아,2025-09-01,2813,70777459,1913,50511448,20266011
AO,앙골라,2025-09-01,113,68150393,3,2670,68147723
PT,포루투갈,2025-09-01,1078,66748812,4383,36199309,30549503
AR,아르헨티나,2025-09-01,965,63121520,412,64184210,-1062690
NG,나이지리아,2025-09-01,1408,61071088,85,9409373,51661715
MN,몽골,2025-09-01,3647,60067050,1191,3045146,57021904
PE,페루,2025-09-01,1463,58776008,839,88811221,-30035213
RO,루마니아,2025-09-01,1524,50167859,3273,74642341,-24474482
TJ,타지크,2025-09-01,3555,47593336,0,0,47593336
LY,리비아,2025-09-01,12230,47294307,27,18279745,29014562
EC,에쿠아도르,2025-09-01,646,47115287,230,15619525,31495762
MA,모로코,2025-09-01,474,46617915,349,22329280,24288635
UA,우크라이나,2025-09-01,1256,45571304,190,24877164,20694140
NO,노르웨이,2025-09-01,1202,43567806,2657,221911804,-178343998
FI,핀란드,2025-09-01,961,41683235,1144,68977450,-27294215
JO,요르단,2025-09-01,1386,39485522,119,7404984,32080538
AL,알바니아,2025-09-01,2508,37433067,80,669868,36763199
DZ,알제리,2025-09-01,511,36014807,33,380843518,-344828711
ZZ,기타국,2025-09-01,132,35320041,751,8036640,27283401
LT,리투아니아,2025-09-01,546,34788913,578,11125627,23663286
PG,파푸아 뉴기니,2025-09-01,80,33988948,48,147865914,-113876966
GU,괌,2025-09-01,707,33521720,81,552372,32969348
EE,에스토니아,2025-09-01,416,31418780,244,9235713,22183067
GH,가나,2025-09-01,1652,31014267,32,4015081,26999186
PR,푸에르토리코,2025-09-01,416,27906079,144,37575636,-9669557
MM,미얀마,2025-09-01,575,26214875,2248,94631580,-68416705
SV,엘살바도르,2025-09-01,259,26205763,164,3392972,22812791
DO,도미니카 공화국,2025-09-01,553,23416035,119,7292651,16123384
GT,과테말라,2025-09-01,890,23368839,193,8578102,14790737
LK,스리랑카,2025-09-01,1001,21915005,533,8876632,13038373
DJ,지부티,2025-09-01,80,20563680,2,5050,20558630
BG,불가리아,2025-09-01,701,20209226,1830,41580452,-21371226
ET,에티오피아,2025-09-01,98,18267443,190,24241622,-5974179
RS,세르비아,2025-09-01,321,18078140,229,6979795,11098345
SY,시리아,2025-09-01,511,17955586,5,45961,17909625
KE,케냐,2025-09-01,397,16799157,76,3067161,13731996
TN,튀니지,2025-09-01,214,16760720,647,11431667,5329053
LB,레바논,2025-09-01,314,16566677,56,1455542,15111135
TZ,탄자니아,2025-09-01,489,16249005,34,3307312,12941693
YE,예맨,2025-09-01,679,14947220,7,329556,14617664
PY,파라과이,2025-09-01,225,13576587,25,626041,12950546
UY,우루과이,2025-09-01,268,13168565,61,8176180,4992385
AZ,아제르바이잔,2025-09-01,527,12899848,8,2730547,10169301
HN,온두라스,2025-09-01,366,12876978,359,6103683,6773295
CR,코스타리카,2025-09-01,770,12414187,497,20772581,-8358394
CI,코트디봐르,2025-09-01,203,12190047,27,14186933,-1996886
HR,크로아티아,2025-09-01,254,11495470,150,2659456,8836014
IR,이란,2025-09-01,211,11428971,17,260122,11168849
GE,조지아,2025-09-01,481,11106937,279,2095613,9011324
LA,라오스,2025-09-01,208,9802983,174,4446904,5356079
CU,쿠바,2025-09-01,33,9787911,7,1196729,8591182
MZ,모잠비크,2025-09-01,111,9307235,8,83468216,-74160981
SD,수단,2025-09-01,94,8592138,0,8,8592130
SN,세네갈,2025-09-01,554,8422245,61,3840177,4582068
ZM,잠비아,2025-09-01,71,8025066,6,1604741,6420325
MD,몰도바,2025-09-01,241,7618271,274,4554870,3063401
BH,바레인,2025-09-01,461,6618204,66,72703283,-66085079
TT,트리니다드 토바고,2025-09-01,102,6570907,38,59454860,-52883953
NI,니카라과,2025-09-01,159,6519755,61,1203378,5316377
BY,벨라루스,2025-09-01,157,6087357,32,1814138,4273219
NA,나미비아,2025-09-01,29,5948054,9,671736,5276318
WS,사모아,2025-09-01,28,5689638,2,72662,5616976
LU,룩셈부르그,2025-09-01,228,5518718,192,10150209,-4631491
CY,사이프러스,2025-09-01,288,5510062,23,935224,4574838
LV,라트비아,2025-09-01,262,4941634,391,9077324,-4135690
VE,베네주엘라,2025-09-01,145,4449728,17,992952,3456776
GY,가이아나,2025-09-01,106,4201571,6,148852,4052719
RE,불령 리유니온 코모도 제도,2025-09-01,75,4014580,2,20,4014560
TG,토고,2025-09-01,112,3932891,16,540332,3392559
AF,아프카니스탄,2025-09-01,214,3922637,5,129725,3792912
BJ,베닝,2025-09-01,65,3803193,0,0,3803193
BN,브루나이,2025-09-01,192,3702988,14,74444444,-70741456
MU,모리셔스,2025-09-01,193,3668056,12,203080,3464976
BO,볼리비아,2025-09-01,86,3622456,51,23745105,-20122649
IS,아이슬란드,2025-09-01,191,3598491,55,2109032,1489459
FJ,피지,2025-09-01,104,3523845,10,95979,3427866
MG,마다카스카르,2025-09-01,520,3238967,112,6651476,-3412509
UG,우간다,2025-09-01,60,3220753,29,2124641,1096112
NP,네팔,2025-09-01,166,3072578,622,705200,2367378
TM,투르크멘,2025-09-01,46,2963415,0,0,2963415
RW,르완다,2025-09-01,346,2808258,14,399641,2408617
GN,기니,2025-09-01,396,2701362,24,2476699,224663
ZW,짐바브웨,2025-09-01,37,2601186,10,306249,2294937
BF,부르키나 파소,2025-09-01,18,2408393,0,0,2408393
CG,콩고,2025-09-01,135,2384164,6,610568,1773596
MQ,마티니크,2025-09-01,18,2277878,1,729,2277149
JM,자마이카,2025-09-01,66,2216179,7,522549,1693630
AM,아르메니아,2025-09-01,125,2126684,147,6735142,-4608458
GA,가봉,2025-09-01,532,2053565,2,124735,1928830
MP,북마리아나 군도,2025-09-01,186,1977844,4,209277,1768567
HT,아이티,2025-09-01,44,1965422,5,105338,1860084
CM,카메룬,2025-09-01,91,1929111,11,2068555,-139444
AW,아루바,2025-09-01,53,1729535,0,0,1729535
DM,도미니카,2025-09-01,6,1691089,2,169366,1521723
MO,마카오,2025-09-01,578,1684900,50,139728,1545172
BS,바하마,2025-09-01,28,1521446,4,5403,1516043
MV,몰디브,2025-09-01,125,1507704,3,537,1507167
MK,마세도니아,2025-09-01,83,1357463,21,184036,1173427
MR,모리타니,2025-09-01,54,1274243,13,1353048,-78805
CD,콩고민주공화국,2025-09-01,32,1165317,62,147168090,-146002773
SS,남수단,2025-09-01,6,1108183,0,0,1108183
NC,뉴 칼레도니아,2025-09-01,60,1064030,9,16887535,-15823505
BZ,벨리제,2025-09-01,15,1061668,7,5304112,-4242444
SO,소말리아,2025-09-01,30,1033908,0,0,1033908
PS,팔레스타인 해방기구,2025-09-01,23,1021041,10,2528,1018513
TD,챠드,2025-09-01,6,1008577,1,5381,1003196
PF,불령 폴리네시아,2025-09-01,51,962203,2,10805,951398
LI,리히텐슈타인,2025-09-01,17,953629,76,2375081,-1421452
CW,큐라소,2025-09-01,43,882931,2,17527,865404
SC,세이쉘,2025-09-01,31,860225,11,1069464,-209239
LC,세인트 루시아,2025-09-01,25,818498,1,29810,788688
GP,과델로프,2025-09-01,19,806534,0,4171,802363
AS,아메리칸 사모아,2025-09-01,33,805621,12,584608,221013
BB,바베이도스,2025-09-01,26,782773,6,24176,758597
TL,티모르,2025-09-01,7,773387,1,1064,772323
MW,말라위,2025-09-01,17,725678,16,971795,-246117
MF,세인트 마틴,2025-09-01,12,715999,0,0,715999
FM,마이크로네시아,2025-09-01,53,699811,4,36026,663785
CV,카보 베르데,2025-09-01,11,695723,0,83,695640
KY,영령 캐이맨 군도,2025-09-01,16,637310,7,1277,636033
BA,보스니아-헤르체고비나,2025-09-01,53,611686,77,5968603,-5356917
GM,감비아,2025-09-01,81,597013,2,298539,298474
VU,바누아투,2025-09-01,41,584098,45,4438404,-3854306
SR,수리남,2025-09-01,24,581501,5,237654,343847
BT,부탄,2025-09-01,48,561356,7,1760795,-1199439
SB,솔로몬 군도,2025-09-01,6,555627,2,59332,496295
MC,모나코,2025-09-01,7,528750,7,285142,243608
SL,시에라 리온,2025-09-01,51,525104,11,987510,-462406
GD,그레나다,2025-09-01,5,516448,0,0,516448
VG,영령 버진군도,2025-09-01,5,469887,1,99,469788
GF,불령 가이아나,2025-09-01,14,423906,0,0,423906
TV,투발루,2025-09-01,9,410702,0,0,410702
GQ,적도 기니,2025-09-01,26,381686,1,335,381351
PW,팔라우,2025-09-01,20,363522,1,23224,340298
ML,말리,2025-09-01,17,354325,5,269355,84970
ER,에리트리아,2025-09-01,1,285000,0,0,285000
GI,지브랄타,2025-09-01,21,277927,2,54591,223336
MS,몬트세라트,2025-09-01,2,269489,1,10615,258874
KI,키리바티,2025-09-01,19,222274,0,0,222274
VC,세인트 빈센트 그레나딘,2025-09-01,6,201851,0,0,201851
KN,세인트 키츠 네비스,2025-09-01,6,201112,0,82,201030
TC,투르크 & 카이코스 군도,2025-09-01,5,178188,0,0,178188
FK,포클랜드 군도,2025-09-01,1,176037,0,0,176037
ME,몬테네그로,2025-09-01,22,142869,3,446,142423
SZ,스와질랜드,2025-09-01,6,103819,14,79562,24257
AN,네덜란드 열도,2025-09-01,8,92535,1,183592,-91057
TO,통가,2025-09-01,6,69864,1,14730,55134
YT,메요트,2025-09-01,2,48584,0,0,48584
VI,미령 버진군도,2025-09-01,6,47588,2,2179,45409
CF,중앙아프리카공화국,2025-09-01,8,41459,0,0,41459
SM,산마리노,2025-09-01,2,39190,4,95923,-56733
ST,상토메 프린스페,2025-09-01,4,37890,0,385,37505
NE,니제르,2025-09-01,4,37384,2,1328664,-1291280
BW,보츠와나,2025-09-01,10,34226,2,56651,-22425
BI,부룬디,2025-09-01,25,31940,3,1630,30310
FO,파로에 군도,2025-09-01,1,15800,6,229295,-213495
AG,안티가 바부다,2025-09-01,7,13256,1,116,13140
AD,안도라,2025-09-01,1,12600,5,10509,2091
GW,기네비소,2025-09-01,3,11021,1,3616,7405
KM,코모로스,2025-09-01,4,9830,0,1783,8047
GL,그린랜드,2025-09-01,9,8765,3,796,7969
AI,앙귈라,2025-09-01,5,3437,0,0,3437
GG,건지,2025-09-01,5,3395,0,0,3395
BL,세인트 바르탤르미,2025-09-01,2,3147,0,0,3147
VA,교황청,2025-09-01,7,3024,0,0,3024
BQ,보네르 신트외스타티위스,2025-09-01,1,1818,0,0,1818
SX,세인트마틴(생마르탱),2025-09-01,3,1228,1,210,1018
JE,저어지,2025-09-01,4,172,0,0,172
LS,레소토,2025-09-01,0,0,2,4266,-4266
AQ,안타티카,2025-09-01,0,0,13,449,-449
CC,코스 군도,2025-09-01,0,0,0,1200,-1200
TK,토켈라우,2025-09-01,0,0,2,6423,-6423
TF,불령 남부지역,2025-09-01,0,0,0,5851,-5851
NU,니우에,2025-09-01,0,0,1,2646,-2646
UM,마이너 아우틀링 합중국 군도,2025-09-01,0,0,1,95,-95
IO,영령 인도양,2025-09-01,0,0,0,327,-327
CK,쿡 아일랜드,2025-09-01,0,0,1,961,-961
WF,왈라스 & 퓨투나 군도,2025-09-01,0,0,1,14,-14
Z1,국제통화기금,2025-09-01,0,0,0,13901,-13901
NR,나우루,2025-09-01,0,0,1,1158,-1158
IM,맨섬,2025-09-01,0,0,5,1396,-1396
CN,중국,2025-10-01,87114,11551156245,1685758,11359092535,192063710
US,미국,2025-10-01,169834,8711425059,1415233,6283533691,2427891368
TW,대만,2025-10-01,53363,5157834497,21260,2974682659,2183151838
VN,베트남,2025-10-01,58738,5101558098,207283,2732631089,2368927009
HK,홍콩,2025-10-01,25821,3064910159,340015,936205484,2128704675
BR,브라질,2025-10-01,9253,2860764727,2173,781870706,2078894021
JP,일본,2025-10-01,210783,2219359712,415918,3853664155,-1634304443
SG,싱가포르,2025-10-01,49484,1483016011,16886,1203756753,279259258
IN,인도,2025-10-01,17270,1477351236,11582,519715117,957636119
AU,호주,2025-10-01,19941,1267222860,34516,3237735664,-1970512804
MX,멕시코,2025-10-01,12966,946692249,7347,777890039,168802210
NL,네덜란드,2025-10-01,8986,830323201,5398,657562911,172760290
PH,필리핀,2025-10-01,29656,778221337,5823,327592314,450629023
CA,캐나다,2025-10-01,16361,751025299,41154,487575631,263449668
DE,독일,2025-10-01,13987,733666851,177879,1623843616,-890176765
MY,말레이시아,2025-10-01,32970,707218289,12776,1325938226,-618719937
TH,태국,2025-10-01,19775,637104789,43773,519432672,117672117
TR,튀르키예,2025-10-01,6507,562919084,2631,148991713,413927371
ID,인도네시아,2025-10-01,12518,554478137,10241,815029786,-260551649
PL,폴란드,2025-10-01,5569,530231052,2234,89226043,441005009
GB,영국,2025-10-01,17966,483667504,21257,271176232,212491272
FR,프랑스,2025-10-01,6662,473724418,33495,777615266,-303890848
MH,마샬군도,2025-10-01,32,462063952,10,1705,462062247
KG,키르기스스탄,2025-10-01,14921,461542105,55,45677,461496428
LR,라이베리아,2025-10-01,90,399248850,21,8237,399240613
AE,아랍에미리트 연합,2025-10-01,10678,386330321,592,1021176362,-634846041
RU,러시아 연방,2025-10-01,9879,380399794,1237,609475677,-229075883
SA,사우디아라비아,2025-10-01,4035,346605309,423,2614246876,-2267641567
NZ,뉴질랜드,2025-10-01,3142,336887748,28622,112840297,224047451
IT,이탈리아,2025-10-01,5938,311359665,36413,708841197,-397481532
BE,벨기에,2025-10-01,2268,297390719,2426,89415126,207975593
ES,스페인,2025-10-01,4271,278641358,8588,206130464,72510894
HU,헝가리,2025-10-01,2051,257721355,1557,74916832,182804523
CZ,체코공화국,2025-10-01,2824,255131092,3400,84637474,170493618
DK,덴마크,2025-10-01,1360,243299255,1995,93495396,149803859
KZ,카자흐스탄,2025-10-01,5986,242637712,81,317725274,-75087562
MT,몰타,2025-10-01,328,226998088,77,30640502,196357586
BD,방글라데시,2025-10-01,2043,218691317,3124,53611744,165079573
BM,버뮤다,2025-10-01,15,211232061,1,316,211231745
PA,파나마,2025-10-01,1061,209902218,71,1831945,208070273
SK,슬로바키아,2025-10-01,1558,182381974,1078,31619917,150762057
IQ,이라크,2025-10-01,818,178326167,54,746043430,-567717263
IL,이스라엘,2025-10-01,6934,168537337,1446,93178122,75359215
CH,스위스,2025-10-01,2732,144775886,8964,362832874,-218056988
UZ,우즈베키스탄,2025-10-01,2049,138119540,63,2263966,135855574
AT,오스트리아,2025-10-01,2339,107532452,2074,121580707,-14048255
CO,콜롬비아,2025-10-01,1399,102649685,1332,102417794,231891
PK,파키스탄,2025-10-01,1418,102288235,710,22741316,79546919
EG,이집트,2025-10-01,2051,98487794,292,7016038,91471756
SE,스웨덴,2025-10-01,1606,92642079,3057,158672886,-66030807
CL,칠레,2025-10-01,2446,86956685,1294,377733745,-290777060
PT,포루투갈,2025-10-01,969,77002001,4177,21724570,55277431
SI,슬로베니아,2025-10-01,603,63241062,381,13479844,49761218
KH,캄보디아,2025-10-01,2324,56024906,1799,38583997,17440909
QA,카타르,2025-10-01,1061,53450676,173,611752077,-558301401
NO,노르웨이,2025-10-01,1024,49696133,2307,109543771,-59847638
TJ,타지크,2025-10-01,3512,48950758,0,0,48950758
OM,오만,2025-10-01,953,48770366,52,104689196,-55918830
IE,아일랜드,2025-10-01,1001,44209087,1002,113799116,-69590029
NG,나이지리아,2025-10-01,1174,43303368,69,74769874,-31466506
MN,몽골,2025-10-01,2813,42254898,1612,2669984,39584914
PE,페루,2025-10-01,1067,42046714,727,114959873,-72913159
AL,알바니아,2025-10-01,2710,38478534,100,857831,37620703
ZA,남아프리카공화국,2025-10-01,1570,37643593,440,139600265,-101956672
LY,리비아,2025-10-01,9909,36675711,46,36499242,176469
LT,리투아니아,2025-10-01,542,36121374,571,8337334,27784040
MA,모로코,2025-10-01,427,36040187,327,26788789,9251398
RO,루마니아,2025-10-01,1222,35838607,4668,50486693,-14648086
AR,아르헨티나,2025-10-01,793,34690117,428,102395828,-67705711
EC,에쿠아도르,2025-10-01,453,33648766,206,16404398,17244368
GU,괌,2025-10-01,541,32893161,66,602448,32290713
PR,푸에르토리코,2025-10-01,322,31838648,165,52272919,-20434271
UA,우크라이나,2025-10-01,1035,30819797,176,13271195,17548602
KW,쿠웨이트,2025-10-01,666,30337265,67,827498133,-797160868
AO,앙골라,2025-10-01,162,29425038,1,155,29424883
FI,핀란드,2025-10-01,834,28833838,1102,90811307,-61977469
MM,미얀마,2025-10-01,548,24362969,2182,64826598,-40463629
JO,요르단,2025-10-01,739,22991638,121,8120610,14871028
DZ,알제리,2025-10-01,598,22886882,18,212930036,-190043154
GT,과테말라,2025-10-01,636,22691791,193,7082730,15609061
CI,코트디봐르,2025-10-01,164,21472625,33,15114357,6358268
SV,엘살바도르,2025-10-01,212,21217223,165,3064695,18152528
GH,가나,2025-10-01,1184,21043549,35,5194662,15848887
GR,그리스,2025-10-01,1034,20069658,371,78099770,-58030112
LK,스리랑카,2025-10-01,680,19064950,529,7637936,11427014
FJ,피지,2025-10-01,93,18704073,9,365172,18338901
BG,불가리아,2025-10-01,680,18680597,1204,33927890,-15247293
TN,튀니지,2025-10-01,207,18224125,721,10227944,7996181
ET,에티오피아,2025-10-01,60,17250884,138,17524784,-273900
UY,우루과이,2025-10-01,151,16546812,53,4998399,11548413
DO,도미니카 공화국,2025-10-01,437,15168051,112,5356469,9811582
TZ,탄자니아,2025-10-01,377,15122259,49,2278473,12843786
CR,코스타리카,2025-10-01,721,14645203,471,20998916,-6353713
SY,시리아,2025-10-01,356,14065794,3,2669,14063125
DJ,지부티,2025-10-01,49,13493756,1,2500,13491256
IR,이란,2025-10-01,145,13309146,16,58861,13250285
RS,세르비아,2025-10-01,325,11230410,177,12447804,-1217394
ZZ,기타국,2025-10-01,144,11014023,654,6188867,4825156
HN,온두라스,2025-10-01,318,10977336,89,24258738,-13281402
EE,에스토니아,2025-10-01,438,10759379,265,6904446,3854933
KE,케냐,2025-10-01,303,10617030,72,1701233,8915797
PF,불령 폴리네시아,2025-10-01,55,10595192,2,195046,10400146
PY,파라과이,2025-10-01,165,10126488,42,6743613,3382875
LB,레바논,2025-10-01,232,9498215,80,2220619,7277596
GE,조지아,2025-10-01,480,9183424,66,393356,8790068
AZ,아제르바이잔,2025-10-01,435,8458569,8,17315,8441254
LA,라오스,2025-10-01,178,8005568,181,5829621,2175947
BH,바레인,2025-10-01,295,6568905,57,54325748,-47756843
SN,세네갈,2025-10-01,545,6281440,30,1454800,4826640
LU,룩셈부르그,2025-10-01,164,6165538,219,13310236,-7144698
PG,파푸아 뉴기니,2025-10-01,65,5943244,50,157628839,-151685595
BY,벨라루스,2025-10-01,265,5900189,17,1842084,4058105
VE,베네주엘라,2025-10-01,144,5381401,6,199517,5181884
MD,몰도바,2025-10-01,227,5350742,300,4341559,1009183
HR,크로아티아,2025-10-01,224,5324042,156,1471855,3852187
NI,니카라과,2025-10-01,143,4760506,72,2346358,2414148
LV,라트비아,2025-10-01,395,4626641,358,8627831,-4001190
MZ,모잠비크,2025-10-01,75,4455997,9,656632,3799365
YE,예맨,2025-10-01,675,4152385,6,298737,3853648
WS,사모아,2025-10-01,32,4083891,1,17124,4066767
TT,트리니다드 토바고,2025-10-01,68,4038332,22,26976011,-22937679
CY,사이프러스,2025-10-01,348,3914888,28,364784,3550104
BJ,베닝,2025-10-01,51,3851073,1,11,3851062
BF,부르키나 파소,2025-10-01,18,3819545,1,217,3819328
ZM,잠비아,2025-10-01,49,3760001,9,3995103,-235102
AF,아프카니스탄,2025-10-01,142,3534905,4,126462,3408443
SD,수단,2025-10-01,86,3073143,1,236,3072907
MQ,마티니크,2025-10-01,26,2958921,0,306,2958615
MG,마다카스카르,2025-10-01,317,2953294,114,2676879,276415
BN,브루나이,2025-10-01,183,2913359,7,29432530,-26519171
CD,콩고민주공화국,2025-10-01,36,2855584,45,178652135,-175796551
MU,모리셔스,2025-10-01,163,2849065,15,255045,2594020
NP,네팔,2025-10-01,154,2838070,340,352654,2485416
TG,토고,2025-10-01,161,2831620,11,459933,2371687
UG,우간다,2025-10-01,48,2572734,22,553721,2019013
ZW,짐바브웨,2025-10-01,33,2560071,5,194881,2365190
AM,아르메니아,2025-10-01,135,2391743,260,6914781,-4523038
GP,과델로프,2025-10-01,22,2360201,0,8,2360193
PS,팔레스타인 해방기구,2025-10-01,12,2209052,11,177839,2031213
GY,가이아나,2025-10-01,64,2138057,2,10946,2127111
GA,가봉,2025-10-01,379,2137724,5,2467162,-329438
JM,자마이카,2025-10-01,62,2012317,8,723603,1288714
CG,콩고,2025-10-01,105,1849547,7,1078113,771434
CM,카메룬,2025-10-01,74,1791801,14,123788,1668013
GN,기니,2025-10-01,240,1769072,9,702423,1066649
RE,불령 리유니온 코모도 제도,2025-10-01,43,1677086,1,117519,1559567
BO,볼리비아,2025-10-01,48,1676595,16,19177759,-17501164
AS,아메리칸 사모아,2025-10-01,30,1552350,2,121940,1430410
RW,르완다,2025-10-01,292,1535513,8,66247,1469266
AQ,안타티카,2025-10-01,17,1502550,2,2508,1500042
CW,큐라소,2025-10-01,38,1326737,0,0,1326737
TM,투르크멘,2025-10-01,41,1154859,1,1040,1153819
SL,시에라 리온,2025-10-01,30,1146396,8,612986,533410
MO,마카오,2025-10-01,322,1060474,48,178840,881634
IS,아이슬란드,2025-10-01,147,1011391,43,1224540,-213149
KI,키리바티,2025-10-01,29,978619,2,1112870,-134251
NC,뉴 칼레도니아,2025-10-01,46,971647,13,26656126,-25684479
AW,아루바,2025-10-01,54,965568,0,0,965568
SO,소말리아,2025-10-01,28,956382,5,567520,388862
AI,앙귈라,2025-10-01,2,937835,0,0,937835
MV,몰디브,2025-10-01,115,913722,2,637,913085
MK,마세도니아,2025-10-01,63,893898,18,253416,640482
SC,세이쉘,2025-10-01,16,858670,8,418651,440019
BT,부탄,2025-10-01,43,800097,6,974295,-174198
MP,북마리아나 군도,2025-10-01,138,748339,2,67,748272
BB,바베이도스,2025-10-01,19,738306,3,7572,730734
BZ,벨리제,2025-10-01,9,731006,2,71868,659138
NA,나미비아,2025-10-01,21,717657,7,138678,578979
VU,바누아투,2025-10-01,53,698224,22,2627109,-1928885
ME,몬테네그로,2025-10-01,37,686220,2,20701015,-20014795
CU,쿠바,2025-10-01,17,665948,2,9753,656195
LI,리히텐슈타인,2025-10-01,12,664356,46,1543503,-879147
SB,솔로몬 군도,2025-10-01,17,647979,3,79791,568188
BA,보스니아-헤르체고비나,2025-10-01,55,641839,106,2906145,-2264306
VG,영령 버진군도,2025-10-01,4,592847,0,0,592847
FM,마이크로네시아,2025-10-01,46,545729,6,22530,523199
KY,영령 캐이맨 군도,2025-10-01,11,480842,2,300,480542
HT,아이티,2025-10-01,18,412878,7,146284,266594
MR,모리타니,2025-10-01,29,410427,8,1467862,-1057435
CV,카보 베르데,2025-10-01,9,387190,0,0,387190
SX,세인트마틴(생마르탱),2025-10-01,6,368404,0,0,368404
SR,수리남,2025-10-01,28,365502,9,410802,-45300
TL,티모르,2025-10-01,5,336774,3,61247,275527
BS,바하마,2025-10-01,18,313713,5,2004,311709
TC,투르크 & 카이코스 군도,2025-10-01,7,312946,0,0,312946
MF,세인트 마틴,2025-10-01,5,289344,0,0,289344
GM,감비아,2025-10-01,78,284869,3,199035,85834
PW,팔라우,2025-10-01,17,248370,1,18697,229673
GQ,적도 기니,2025-10-01,20,223128,2,36030002,-35806874
AG,안티가 바부다,2025-10-01,11,222459,0,0,222459
GI,지브랄타,2025-10-01,11,202032,0,0,202032
GD,그레나다,2025-10-01,5,187108,0,0,187108
LC,세인트 루시아,2025-10-01,13,165229,0,0,165229
SZ,스와질랜드,2025-10-01,12,153659,12,7487,146172
GF,불령 가이아나,2025-10-01,14,126737,0,0,126737
BI,부룬디,2025-10-01,39,111738,3,120423,-8685
MW,말라위,2025-10-01,12,111230,15,1889476,-1778246
DM,도미니카,2025-10-01,7,79181,1,195473,-116292
VC,세인트 빈센트 그레나딘,2025-10-01,1,70808,0,0,70808
KN,세인트 키츠 네비스,2025-10-01,4,58909,4,28741,30168
ML,말리,2025-10-01,14,58210,9,572547,-514337
TO,통가,2025-10-01,5,45191,0,0,45191
YT,메요트,2025-10-01,1,42796,0,0,42796
TD,챠드,2025-10-01,5,27783,4,1093,26690
ST,상토메 프린스페,2025-10-01,4,24536,0,96,24440
SS,남수단,2025-10-01,2,21646,1,14430,7216
BW,보츠와나,2025-10-01,9,21615,5,101495,-79880
TV,투발루,2025-10-01,2,18168,1,39236,-21068
NE,니제르,2025-10-01,2,14781,1,12555,2226
GW,기네비소,2025-10-01,5,11073,0,0,11073
GL,그린랜드,2025-10-01,6,5177,7,80301,-75124
SM,산마리노,2025-10-01,2,4970,10,243222,-238252
LS,레소토,2025-10-01,1,3000,0,522,2478
BL,세인트 바르탤르미,2025-10-01,3,2550,0,181,2369
ER,에리트리아,2025-10-01,1,2350,0,0,2350
AN,네덜란드 열도,2025-10-01,1,2256,0,0,2256
MC,모나코,2025-10-01,7,1744,4,260491,-258747
VA,교황청,2025-10-01,4,1275,0,0,1275
VI,미령 버진군도,2025-10-01,6,1136,0,0,1136
GG,건지,2025-10-01,9,1020,1,41920,-40900
AD,안도라,2025-10-01,4,668,15,18543,-17875
JE,저어지,2025-10-01,3,375,0,0,375
CK,쿡 아일랜드,2025-10-01,1,289,0,0,289
FO,파로에 군도,2025-10-01,4,200,3,72675,-72475
CC,코스 군도,2025-10-01,0,0,0,450,-450
NR,나우루,2025-10-01,0,0,1,1098,-1098
IM,맨섬,2025-10-01,0,0,0,10766,-10766
NU,니우에,2025-10-01,0,0,3,1720,-1720
KM,코모로스,2025-10-01,0,0,1,936,-936
UM,마이너 아우틀링 합중국 군도,2025-10-01,0,0,1,46,-46
TK,토켈라우,2025-10-01,0,0,1,1628,-1628
GS,남조지아 & 남샌드위치 군도,2025-10-01,0,0,0,235,-235
CN,중국,2025-11-01,93764,12040140678,1832219,11962697890,77442788
US,미국,2025-11-01,184632,10352809140,1392346,6102241626,4250567514
VN,베트남,2025-11-01,61043,5401862701,226371,2553002635,2848860066
TW,대만,2025-11-01,55612,4116108944,22822,2789479875,1326629069
HK,홍콩,2025-11-01,29988,3762282255,388887,620894663,3141387592
JP,일본,2025-11-01,270317,2306194973,429680,3934706515,-1628511542
IN,인도,2025-11-01,19263,1477040268,12565,430629058,1046411210
SG,싱가포르,2025-11-01,49057,1278336614,19704,1014330240,264006374
MY,말레이시아,2025-11-01,32221,1276763716,12836,1186887536,89876180
PH,필리핀,2025-11-01,28589,1096248984,5920,291006522,805242462
AU,호주,2025-11-01,22331,1002756370,40178,2997459432,-1994703062
MX,멕시코,2025-11-01,13471,908778165,7721,623927122,284851043
CA,캐나다,2025-11-01,17594,874917567,40940,480301539,394616028
NL,네덜란드,2025-11-01,9389,820091801,5489,855195170,-35103369
FR,프랑스,2025-11-01,7389,732785199,24987,813805419,-81020220
TH,태국,2025-11-01,23123,725658840,46375,536836946,188821894
AE,아랍에미리트 연합,2025-11-01,11713,711303726,587,735564894,-24261168
DE,독일,2025-11-01,14430,709202092,194593,1737618681,-1028416589
MH,마샬군도,2025-11-01,34,652252161,13,46658,652205503
TR,튀르키예,2025-11-01,6654,620468890,2935,157042737,463426153
GB,영국,2025-11-01,21725,618440146,22673,354012487,264427659
ID,인도네시아,2025-11-01,13048,552241988,10315,812707870,-260465882
SA,사우디아라비아,2025-11-01,4553,501277090,436,1999741259,-1498464169
PL,폴란드,2025-11-01,6301,435894469,2403,104244546,331649923
BR,브라질,2025-11-01,10150,408149011,2022,464902557,-56753546
KG,키르기스스탄,2025-11-01,13336,388365424,10,128391,388237033
HU,헝가리,2025-11-01,2377,353978865,1505,54766065,299212800
RU,러시아 연방,2025-11-01,8300,347606200,1410,601983240,-254377040
BE,벨기에,2025-11-01,2478,321102936,2396,113109589,207993347
CZ,체코공화국,2025-11-01,2818,319006103,4005,71003577,248002526
EG,이집트,2025-11-01,2150,311929088,276,5974079,305955009
ES,스페인,2025-11-01,5110,303236205,8195,229545275,73690930
IT,이탈리아,2025-11-01,6620,301985599,35060,771407901,-469422302
NZ,뉴질랜드,2025-11-01,3324,259383442,29294,98243138,161140304
KZ,카자흐스탄,2025-11-01,6125,239834662,73,86338447,153496215
CH,스위스,2025-11-01,3152,239475058,4271,301400328,-61925270
BM,버뮤다,2025-11-01,17,205439139,1,344,205438795
UZ,우즈베키스탄,2025-11-01,2389,203170260,54,1564970,201605290
MT,몰타,2025-11-01,305,186809251,96,13441259,173367992
SK,슬로바키아,2025-11-01,1569,186061051,1296,60774941,125286110
BD,방글라데시,2025-11-01,2568,173648020,3686,46965980,126682040
IL,이스라엘,2025-11-01,8616,145745421,1715,132396472,13348949
SE,스웨덴,2025-11-01,1708,129295400,3534,173582981,-44287581
CO,콜롬비아,2025-11-01,1536,116272067,1334,99393618,16878449
LR,라이베리아,2025-11-01,101,108196693,37,85234065,22962628
IQ,이라크,2025-11-01,868,101512488,53,557804253,-456291765
PK,파키스탄,2025-11-01,1468,93049145,711,19706953,73342192
CL,칠레,2025-11-01,2640,91770104,1384,470652598,-378882494
PT,포루투갈,2025-11-01,1175,90771253,3907,25073254,65697999
AT,오스트리아,2025-11-01,2220,87946826,2053,106829025,-18882199
QA,카타르,2025-11-01,1016,83502472,110,626924262,-543421790
PA,파나마,2025-11-01,1072,70369170,59,2223917,68145253
AR,아르헨티나,2025-11-01,892,70127685,349,70249643,-121958
IE,아일랜드,2025-11-01,1174,63990886,1047,109687871,-45696985
KH,캄보디아,2025-11-01,2589,61832503,2032,44334579,17497924
NO,노르웨이,2025-11-01,1172,61397177,2303,256829548,-195432371
SI,슬로베니아,2025-11-01,573,60373169,368,10157126,50216043
DK,덴마크,2025-11-01,1520,59198718,1935,159971735,-100773017
ZZ,기타국,2025-11-01,134,56740736,637,5289230,51451506
ZA,남아프리카공화국,2025-11-01,1734,55633400,351,213945954,-158312554
OM,오만,2025-11-01,1002,53315585,90,128060616,-74745031
EC,에쿠아도르,2025-11-01,557,47592002,174,7100862,40491140
LK,스리랑카,2025-11-01,876,46605899,539,8110551,38495348
PE,페루,2025-11-01,1262,46189286,958,93202333,-47013047
TJ,타지크,2025-11-01,3375,46029873,2,3409,46026464
MN,몽골,2025-11-01,2909,45303869,1660,4255322,41048547
UA,우크라이나,2025-11-01,1087,42102709,178,10003807,32098902
KW,쿠웨이트,2025-11-01,717,39307043,53,422946772,-383639729
GU,괌,2025-11-01,578,38864768,72,579959,38284809
RO,루마니아,2025-11-01,1417,38788396,6638,50507465,-11719069
LY,리비아,2025-11-01,10099,38488646,18,1787774,36700872
PG,파푸아 뉴기니,2025-11-01,86,38421421,43,62728871,-24307450
PR,푸에르토리코,2025-11-01,371,37473850,134,28684258,8789592
DZ,알제리,2025-11-01,608,37422085,21,388716375,-351294290
MA,모로코,2025-11-01,452,35667317,309,14216516,21450801
AL,알바니아,2025-11-01,2426,34451752,84,799924,33651828
NG,나이지리아,2025-11-01,1163,34291668,57,3594613,30697055
GR,그리스,2025-11-01,1266,33903010,373,70678132,-36775122
JO,요르단,2025-11-01,882,33678566,106,4763310,28915256
FI,핀란드,2025-11-01,912,33523302,1059,63399987,-29876685
SV,엘살바도르,2025-11-01,239,25785273,135,3905171,21880102
GT,과테말라,2025-11-01,881,25509124,144,4437459,21071665
ET,에티오피아,2025-11-01,107,21936412,121,12783663,9152749
MM,미얀마,2025-11-01,614,21046505,1600,32273894,-11227389
FJ,피지,2025-11-01,79,20858252,5,369256,20488996
DO,도미니카 공화국,2025-11-01,424,20733619,114,4723201,16010418
LT,리투아니아,2025-11-01,554,20638737,557,8261632,12377105
TN,튀니지,2025-11-01,228,18894172,689,21803160,-2908988
SY,시리아,2025-11-01,501,18804959,3,30526,18774433
BG,불가리아,2025-11-01,676,18621582,1609,30234728,-11613146
DJ,지부티,2025-11-01,64,17842277,1,1987,17840290
GH,가나,2025-11-01,1400,17147062,42,3959408,13187654
CR,코스타리카,2025-11-01,594,16621093,414,20409805,-3788712
TZ,탄자니아,2025-11-01,397,14508459,42,4432579,10075880
RS,세르비아,2025-11-01,304,13983294,216,9749328,4233966
HN,온두라스,2025-11-01,314,13765330,82,529153,13236177
CI,코트디봐르,2025-11-01,170,13699782,29,10894162,2805620
BH,바레인,2025-11-01,364,12196376,47,62000608,-49804232
UY,우루과이,2025-11-01,181,11289076,64,10314306,974770
PY,파라과이,2025-11-01,174,11147770,39,3590988,7556782
SN,세네갈,2025-11-01,586,10907246,24,1494492,9412754
PF,불령 폴리네시아,2025-11-01,46,10141877,0,3826,10138051
EE,에스토니아,2025-11-01,371,9730932,287,5611973,4118959
AZ,아제르바이잔,2025-11-01,512,9685341,7,16222,9669119
LB,레바논,2025-11-01,231,9610231,94,2515213,7095018
KE,케냐,2025-11-01,287,9117193,84,2340957,6776236
IR,이란,2025-11-01,185,8804356,20,206314,8598042
TM,투르크멘,2025-11-01,44,7958910,0,0,7958910
MZ,모잠비크,2025-11-01,85,7719448,14,62260172,-54540724
YE,예맨,2025-11-01,831,7359535,24,2702701,4656834
GE,조지아,2025-11-01,467,7336596,61,2179662,5156934
LA,라오스,2025-11-01,155,6577516,165,4267690,2309826
LU,룩셈부르그,2025-11-01,196,6489863,194,20908984,-14419121
SD,수단,2025-11-01,97,6285825,2,1220,6284605
BN,브루나이,2025-11-01,170,6112697,13,35240937,-29128240
HR,크로아티아,2025-11-01,235,5822788,161,2348367,3474421
NI,니카라과,2025-11-01,98,5803970,57,1055868,4748102
BY,벨라루스,2025-11-01,134,5423753,15,5756482,-332729
MD,몰도바,2025-11-01,229,5008852,400,5525745,-516893
CY,사이프러스,2025-11-01,256,4593053,26,406935,4186118
MG,마다카스카르,2025-11-01,485,4318663,106,10047615,-5728952
LV,라트비아,2025-11-01,245,4120835,277,7689624,-3568789
TT,트리니다드 토바고,2025-11-01,80,4088563,29,53503533,-49414970
GY,가이아나,2025-11-01,83,3987916,5,63748,3924168
VE,베네주엘라,2025-11-01,94,3792713,13,621119,3171594
BF,부르키나 파소,2025-11-01,24,3778548,6,3528570,249978
IS,아이슬란드,2025-11-01,180,3776389,48,3437191,339198
WS,사모아,2025-11-01,24,3719300,2,103527,3615773
AF,아프카니스탄,2025-11-01,272,3219795,3,2276,3217519
GN,기니,2025-11-01,241,3088232,4,21694,3066538
ML,말리,2025-11-01,19,2869396,1,10,2869386
AM,아르메니아,2025-11-01,150,2767568,520,5373917,-2606349
CM,카메룬,2025-11-01,112,2713640,12,131163,2582477
ZM,잠비아,2025-11-01,71,2685901,15,15570049,-12884148
MU,모리셔스,2025-11-01,146,2650705,23,134073,2516632
AO,앙골라,2025-11-01,117,2627137,0,0,2627137
BO,볼리비아,2025-11-01,96,2611203,18,51567357,-48956154
TG,토고,2025-11-01,168,2586243,3,8645,2577598
BJ,베닝,2025-11-01,65,2570983,0,47,2570936
RE,불령 리유니온 코모도 제도,2025-11-01,68,2242411,2,222,2242189
ZW,짐바브웨,2025-11-01,30,2217241,19,821883,1395358
SO,소말리아,2025-11-01,34,2164845,2,245545,1919300
CW,큐라소,2025-11-01,56,2008510,1,17100,1991410
AW,아루바,2025-11-01,41,1989199,0,0,1989199
BS,바하마,2025-11-01,41,1952255,1,1050,1951205
RW,르완다,2025-11-01,221,1915576,8,45037,1870539
NP,네팔,2025-11-01,168,1705380,783,526378,1179002
GQ,적도 기니,2025-11-01,46,1609121,1,2561,1606560
GA,가봉,2025-11-01,306,1486695,5,438639,1048056
BA,보스니아-헤르체고비나,2025-11-01,68,1446117,133,3103733,-1657616
NA,나미비아,2025-11-01,28,1378196,6,47677,1330519
AS,아메리칸 사모아,2025-11-01,38,1321368,5,111241,1210127
SC,세이쉘,2025-11-01,36,1301307,6,539868,761439
CD,콩고민주공화국,2025-11-01,45,1272046,44,119048089,-117776043
JM,자마이카,2025-11-01,52,1233479,13,883419,350060
MQ,마티니크,2025-11-01,16,1221967,0,0,1221967
UG,우간다,2025-11-01,48,1183307,28,4726708,-3543401
KY,영령 캐이맨 군도,2025-11-01,18,1075416,3,1064,1074352
MV,몰디브,2025-11-01,84,1039770,1,891,1038879
MF,세인트 마틴,2025-11-01,9,1000133,0,0,1000133
MP,북마리아나 군도,2025-11-01,158,920130,3,107528,812602
BB,바베이도스,2025-11-01,14,916762,3,24002,892760
PS,팔레스타인 해방기구,2025-11-01,17,915523,9,13105,902418
HT,아이티,2025-11-01,26,864125,5,48127,815998
MR,모리타니,2025-11-01,30,824919,8,1555929,-731010
CU,쿠바,2025-11-01,19,814255,4,228768,585487
CG,콩고,2025-11-01,82,810478,0,97,810381
GM,감비아,2025-11-01,141,804194,3,433850,370344
BZ,벨리제,2025-11-01,13,786494,3,5304941,-4518447
ER,에리트리아,2025-11-01,3,757342,1,550,756792
TD,챠드,2025-11-01,8,744107,0,0,744107
FM,마이크로네시아,2025-11-01,67,675506,5,53486,622020
GP,과델로프,2025-11-01,14,664905,0,0,664905
MO,마카오,2025-11-01,372,570855,88,65830,505025
GF,불령 가이아나,2025-11-01,14,538400,0,0,538400
LI,리히텐슈타인,2025-11-01,13,532182,56,2052647,-1520465
KI,키리바티,2025-11-01,39,525208,3,697218,-172010
BT,부탄,2025-11-01,36,488447,3,879170,-390723
KN,세인트 키츠 네비스,2025-11-01,8,446809,3,57,446752
TL,티모르,2025-11-01,7,443955,2,117388,326567
MK,마세도니아,2025-11-01,63,438560,29,1092551,-653991
TV,투발루,2025-11-01,8,401050,1,22400,378650
MC,모나코,2025-11-01,1,386827,5,172812,214015
SB,솔로몬 군도,2025-11-01,16,380973,4,243161,137812
LC,세인트 루시아,2025-11-01,16,373597,1,17566,356031
VU,바누아투,2025-11-01,30,364631,27,7036707,-6672076
SL,시에라 리온,2025-11-01,37,359849,5,478103,-118254
SR,수리남,2025-11-01,22,352879,13,541615,-188736
GI,지브랄타,2025-11-01,18,344549,2,1040,343509
NC,뉴 칼레도니아,2025-11-01,47,342440,19,28100153,-27757713
GD,그레나다,2025-11-01,5,269561,0,0,269561
CV,카보 베르데,2025-11-01,9,206251,0,0,206251
PW,팔라우,2025-11-01,19,196597,2,1373,195224
MW,말라위,2025-11-01,10,189508,16,2257185,-2067677
ME,몬테네그로,2025-11-01,18,170176,1,4560,165616
YT,메요트,2025-11-01,4,166216,0,108,166108
VG,영령 버진군도,2025-11-01,3,151492,0,0,151492
SZ,스와질랜드,2025-11-01,12,116417,9,22808,93609
CF,중앙아프리카공화국,2025-11-01,1,115900,1,188,115712
VC,세인트 빈센트 그레나딘,2025-11-01,3,102355,0,0,102355
BW,보츠와나,2025-11-01,7,86258,7,239034,-152776
AG,안티가 바부다,2025-11-01,9,83495,0,216,83279
ST,상토메 프린스페,2025-11-01,14,83103,1,100,83003
DM,도미니카,2025-11-01,4,78840,1,159108,-80268
AN,네덜란드 열도,2025-11-01,17,71976,1,631,71345
KM,코모로스,2025-11-01,6,60004,1,450,59554
TC,투르크 & 카이코스 군도,2025-11-01,2,56578,0,0,56578
BI,부룬디,2025-11-01,33,43317,2,36,43281
BQ,보네르 신트외스타티위스,2025-11-01,2,39633,0,0,39633
SM,산마리노,2025-11-01,1,22100,19,253026,-230926
VI,미령 버진군도,2025-11-01,7,19308,0,0,19308
SX,세인트마틴(생마르탱),2025-11-01,6,10665,0,0,10665
NE,니제르,2025-11-01,4,10622,1,487,10135
TO,통가,2025-11-01,2,9826,0,0,9826
AD,안도라,2025-11-01,4,8731,17,30882,-22151
GG,건지,2025-11-01,7,7114,0,0,7114
GL,그린랜드,2025-11-01,8,4947,4,597,4350
VA,교황청,2025-11-01,5,3717,0,0,3717
BL,세인트 바르탤르미,2025-11-01,6,2050,0,0,2050
LS,레소토,2025-11-01,1,590,3,685,-95
JE,저어지,2025-11-01,3,268,3,883,-615
SS,남수단,2025-11-01,1,72,1,10,62
CK,쿡 아일랜드,2025-11-01,1,30,0,1984,-1954
NF,노폴크 아일랜드,2025-11-01,0,0,0,8,-8
TF,불령 남부지역,2025-11-01,0,0,0,1717,-1717
TK,토켈라우,2025-11-01,0,0,1,83,-83
FO,파로에 군도,2025-11-01,0,0,1,35062,-35062
CX,크리스마스 아일랜드,2025-11-01,0,0,0,1912,-1912
SH,세인트 헬레나,2025-11-01,0,0,1,13300,-13300
MS,몬트세라트,2025-11-01,0,0,0,1126,-1126
PN,피트카이른,2025-11-01,0,0,1,8531,-8531
Z1,국제통화기금,2025-11-01,0,0,0,3,-3
NU,니우에,2025-11-01,0,0,2,6311,-6311
UM,마이너 아우틀링 합중국 군도,2025-11-01,0,0,1,280,-280
CN,중국,2025-12-01,100213,12964960895,1945296,13729115193,-764154298
US,미국,2025-12-01,232653,12335136415,1267690,6773605423,5561530992
VN,베트남,2025-12-01,67807,6281464305,233578,2948980420,3332483885
TW,대만,2025-12-01,68113,5131207266,25051,2874434224,2256773042
HK,홍콩,2025-12-01,38739,4624113700,391772,343481115,4280632585
JP,일본,2025-12-01,274877,2456896027,444364,4673371204,-2216475177
SG,싱가포르,2025-12-01,54471,2069320523,16861,1036219395,1033101128
IN,인도,2025-12-01,21241,1719209860,13877,518728014,1200481846
MY,말레이시아,2025-12-01,34216,1406126985,14635,1531142499,-125015514
AU,호주,2025-12-01,26009,1400777577,37609,2965264152,-1564486575
PH,필리핀,2025-12-01,33414,1203925892,6328,306933134,896992758
NL,네덜란드,2025-12-01,10058,1051000604,5690,953213022,97787582
MX,멕시코,2025-12-01,16482,1050832758,8690,611376865,439455893
MH,마샬군도,2025-12-01,43,1008679079,12,40535,1008638544
CA,캐나다,2025-12-01,20663,939889115,44819,622498256,317390859
TR,튀르키예,2025-12-01,6918,744839034,3206,149903613,594935421
TH,태국,2025-12-01,24142,675169085,47789,549419667,125749418
DE,독일,2025-12-01,16390,674509732,163783,2215267260,-1540757528
AE,아랍에미리트 연합,2025-12-01,14099,639531900,580,649530860,-9998960
SA,사우디아라비아,2025-12-01,5185,617378019,448,1915633725,-1298255706
GB,영국,2025-12-01,25734,598290546,25097,430525926,167764620
ID,인도네시아,2025-12-01,13618,586435144,11951,1191101548,-604666404
PL,폴란드,2025-12-01,6462,552464325,2622,116771269,435693056
BR,브라질,2025-12-01,10673,479220278,2201,523993421,-44773143
IT,이탈리아,2025-12-01,7045,429905372,36066,746055678,-316150306
MT,몰타,2025-12-01,338,423233896,101,48164658,375069238
LR,라이베리아,2025-12-01,107,399658161,21,13464,399644697
ES,스페인,2025-12-01,5815,355628121,9467,283179074,72449047
RU,러시아 연방,2025-12-01,6075,300517878,1408,556688389,-256170511
BE,벨기에,2025-12-01,2790,298149807,2497,121474411,176675396
NZ,뉴질랜드,2025-12-01,3544,285333709,26393,129678599,155655110
FR,프랑스,2025-12-01,8921,281780440,28323,799727354,-517946914
HU,헝가리,2025-12-01,2378,266311613,1530,64334949,201976664
CZ,체코공화국,2025-12-01,2883,265350145,3685,197164505,68185640
DK,덴마크,2025-12-01,1741,250346561,2133,102739022,147607539
CH,스위스,2025-12-01,3586,232300120,4655,317617455,-85317335
BM,버뮤다,2025-12-01,25,212789193,2,234,212788959
UZ,우즈베키스탄,2025-12-01,2312,195680649,77,2710169,192970480
SK,슬로바키아,2025-12-01,1586,190007554,1338,54705418,135302136
CL,칠레,2025-12-01,2949,166842285,1647,387969531,-221127246
KG,키르기스스탄,2025-12-01,8459,164194980,16,241838,163953142
KZ,카자흐스탄,2025-12-01,4941,163857400,81,230182277,-66324877
BD,방글라데시,2025-12-01,2708,158302529,3748,49802838,108499691
IL,이스라엘,2025-12-01,8852,153889092,1925,178435195,-24546103
SE,스웨덴,2025-12-01,2096,140078342,3885,252907460,-112829118
CO,콜롬비아,2025-12-01,1812,137853493,1489,179247088,-41393595
IQ,이라크,2025-12-01,1068,129106493,76,718772624,-589666131
KW,쿠웨이트,2025-12-01,757,126664824,70,794390425,-667725601
EG,이집트,2025-12-01,2423,125314529,249,5365472,119949057
GR,그리스,2025-12-01,1245,123457437,548,68577642,54879795
PK,파키스탄,2025-12-01,1687,106638885,775,29299996,77338889
IE,아일랜드,2025-12-01,1420,92870369,1426,154794694,-61924325
NO,노르웨이,2025-12-01,1343,78189517,2667,146920347,-68730830
ZA,남아프리카공화국,2025-12-01,1667,77733589,353,283957231,-206223642
PT,포루투갈,2025-12-01,1185,73128828,4105,46411139,26717689
AT,오스트리아,2025-12-01,2054,73045726,2489,146275790,-73230064
QA,카타르,2025-12-01,1253,69180610,124,609639500,-540458890
PA,파나마,2025-12-01,991,69119902,66,2046559,67073343
SI,슬로베니아,2025-12-01,654,67598294,377,12465707,55132587
FI,핀란드,2025-12-01,1117,66605475,1315,106902081,-40296606
GU,괌,2025-12-01,733,64291824,73,722711,63569113
KH,캄보디아,2025-12-01,2795,59905846,2391,52712907,7192939
OM,오만,2025-12-01,1167,58641920,107,233144022,-174502102
PE,페루,2025-12-01,1377,51354385,1131,167879907,-116525522
UA,우크라이나,2025-12-01,1183,51046924,202,37350924,13696000
NG,나이지리아,2025-12-01,1389,45799801,81,67712462,-21912661
EC,에쿠아도르,2025-12-01,592,44222573,218,12951343,31271230
RO,루마니아,2025-12-01,1541,43987185,5352,54377229,-10390044
JO,요르단,2025-12-01,955,43432068,109,3749243,39682825
PR,푸에르토리코,2025-12-01,453,42406672,132,29894217,12512455
MN,몽골,2025-12-01,3059,41498388,1717,3135726,38362662
BH,바레인,2025-12-01,387,37805251,50,26822309,10982942
MA,모로코,2025-12-01,486,36414055,343,36484519,-70464
LY,리비아,2025-12-01,9007,35900668,16,3162355,32738313
AL,알바니아,2025-12-01,2481,34949606,82,768795,34180811
LT,리투아니아,2025-12-01,578,33287088,603,11642167,21644921
AR,아르헨티나,2025-12-01,912,32442820,345,47029628,-14586808
PG,파푸아 뉴기니,2025-12-01,54,31558325,40,162032523,-130474198
GH,가나,2025-12-01,1621,31124417,38,3882079,27242338
MM,미얀마,2025-12-01,757,30610908,1974,37613444,-7002536
DZ,알제리,2025-12-01,471,30040246,21,238393935,-208353689
SV,엘살바도르,2025-12-01,289,29743445,160,2949402,26794043
GT,과테말라,2025-12-01,745,24731965,190,4004230,20727735
TJ,타지크,2025-12-01,3135,24681316,1,2835,24678481
CI,코트디봐르,2025-12-01,218,24397462,59,21606498,2790964
DO,도미니카 공화국,2025-12-01,530,23417449,140,9099366,14318083
BG,불가리아,2025-12-01,721,23091254,1319,31290139,-8198885
SY,시리아,2025-12-01,386,22748902,2,3331,22745571
DJ,지부티,2025-12-01,52,20541782,2,255291,20286491
IR,이란,2025-12-01,307,20343591,12,86495,20257096
ET,에티오피아,2025-12-01,98,19371712,158,12956224,6415488
KE,케냐,2025-12-01,313,16369894,84,2715162,13654732
MZ,모잠비크,2025-12-01,86,15620811,10,86850582,-71229771
EE,에스토니아,2025-12-01,472,15594918,370,7387090,8207828
LK,스리랑카,2025-12-01,815,15485578,505,9003846,6481732
PY,파라과이,2025-12-01,211,15300306,22,330044,14970262
RS,세르비아,2025-12-01,330,13970469,190,10513236,3457233
HN,온두라스,2025-12-01,317,13675613,134,1701333,11974280
UY,우루과이,2025-12-01,221,13047059,68,12106636,940423
SN,세네갈,2025-12-01,812,12802199,53,3572272,9229927
CR,코스타리카,2025-12-01,644,12616145,501,16424420,-3808275
GE,조지아,2025-12-01,508,12605962,64,1110305,11495657
TZ,탄자니아,2025-12-01,411,12452864,55,13792289,-1339425
TN,튀니지,2025-12-01,200,11768586,691,23501192,-11732606
CY,사이프러스,2025-12-01,350,11242437,31,210852,11031585
HR,크로아티아,2025-12-01,325,11087070,149,2040237,9046833
AZ,아제르바이잔,2025-12-01,557,11001110,12,1760782,9240328
LB,레바논,2025-12-01,208,8888459,72,1672508,7215951
ZZ,기타국,2025-12-01,132,8686612,795,5038053,3648559
LV,라트비아,2025-12-01,325,8058793,354,8666846,-608053
LU,룩셈부르그,2025-12-01,212,7881404,230,14855589,-6974185
LA,라오스,2025-12-01,184,7340996,242,7124011,216985
BJ,베닝,2025-12-01,63,7155632,1,10,7155622
CG,콩고,2025-12-01,115,7118691,3,313375,6805316
IS,아이슬란드,2025-12-01,187,6321379,61,2007387,4313992
BY,벨라루스,2025-12-01,149,6237234,19,1552115,4685119
YE,예맨,2025-12-01,644,6220646,21,1733430,4487216
SD,수단,2025-12-01,101,6182503,0,0,6182503
TT,트리니다드 토바고,2025-12-01,68,5431738,30,47698667,-42266929
VE,베네주엘라,2025-12-01,86,5317877,9,189417,5128460
AO,앙골라,2025-12-01,132,4722682,2,18,4722664
CD,콩고민주공화국,2025-12-01,37,4719680,53,124584816,-119865136
WS,사모아,2025-12-01,43,4719403,2,155432,4563971
GY,가이아나,2025-12-01,79,4595238,3,20541512,-15946274
MD,몰도바,2025-12-01,260,4404892,351,4263689,141203
TG,토고,2025-12-01,114,4204490,13,470603,3733887
ZW,짐바브웨,2025-12-01,43,4142513,6,1022237,3120276
PS,팔레스타인 해방기구,2025-12-01,29,4120826,8,84,4120742
NI,니카라과,2025-12-01,86,4114212,49,1684668,2429544
FJ,피지,2025-12-01,93,4080735,7,225129,3855606
MU,모리셔스,2025-12-01,199,3997582,19,322556,3675026
AM,아르메니아,2025-12-01,137,3569689,347,6473844,-2904155
BF,부르키나 파소,2025-12-01,20,3389315,2,734032,2655283
AF,아프카니스탄,2025-12-01,228,3261479,9,268045,2993434
PF,불령 폴리네시아,2025-12-01,60,3012709,2,155454,2857255
BO,볼리비아,2025-12-01,100,2951821,32,15567091,-12615270
NP,네팔,2025-12-01,216,2839222,1018,736904,2102318
MG,마다카스카르,2025-12-01,380,2730176,150,10735831,-8005655
PW,팔라우,2025-12-01,20,2591220,3,1931,2589289
BN,브루나이,2025-12-01,192,2580102,17,57356725,-54776623
JM,자마이카,2025-12-01,65,2158051,10,23216,2134835
SO,소말리아,2025-12-01,33,2084565,3,194104,1890461
GP,과델로프,2025-12-01,25,2053664,1,612,2053052
ZM,잠비아,2025-12-01,50,1969926,17,16975318,-15005392
MQ,마티니크,2025-12-01,24,1936787,0,0,1936787
BS,바하마,2025-12-01,34,1908389,4,2797,1905592
RE,불령 리유니온 코모도 제도,2025-12-01,68,1851933,2,2283,1849650
GN,기니,2025-12-01,149,1780280,7,811944,968336
GA,가봉,2025-12-01,306,1662136,2,167474,1494662
ER,에리트리아,2025-12-01,5,1629068,0,0,1629068
UG,우간다,2025-12-01,47,1577990,29,1711810,-133820
MF,세인트 마틴,2025-12-01,18,1572234,0,0,1572234
MO,마카오,2025-12-01,620,1459474,83,327369,1132105
CM,카메룬,2025-12-01,99,1428105,22,133883,1294222
RW,르완다,2025-12-01,288,1382798,6,272510,1110288
GQ,적도 기니,2025-12-01,34,1322188,0,0,1322188
CU,쿠바,2025-12-01,18,1316499,8,182033,1134466
MK,마세도니아,2025-12-01,73,1306730,29,634875,671855
AW,아루바,2025-12-01,45,1305503,0,0,1305503
MP,북마리아나 군도,2025-12-01,180,1210954,4,9629,1201325
NC,뉴 칼레도니아,2025-12-01,54,1190222,11,12766512,-11576290
FM,마이크로네시아,2025-12-01,51,1187824,6,2834,1184990
TM,투르크멘,2025-12-01,32,1168023,1,27521,1140502
MR,모리타니,2025-12-01,34,1019832,13,2514629,-1494797
VU,바누아투,2025-12-01,43,877441,23,2270946,-1393505
BA,보스니아-헤르체고비나,2025-12-01,67,866751,136,5652302,-4785551
GD,그레나다,2025-12-01,10,853965,0,0,853965
BT,부탄,2025-12-01,57,842934,5,614194,228740
DM,도미니카,2025-12-01,7,832162,1,185702,646460
MV,몰디브,2025-12-01,106,829298,2,311,828987
GF,불령 가이아나,2025-12-01,16,825269,0,0,825269
BZ,벨리제,2025-12-01,10,818207,1,2549,815658
HT,아이티,2025-12-01,26,802741,6,76385,726356
BB,바베이도스,2025-12-01,15,787290,3,2462,784828
SL,시에라 리온,2025-12-01,44,785629,10,994335,-208706
SR,수리남,2025-12-01,29,751099,10,702147,48952
AS,아메리칸 사모아,2025-12-01,13,743034,4,44362,698672
TV,투발루,2025-12-01,8,740565,0,636,739929
SB,솔로몬 군도,2025-12-01,11,655532,4,81097,574435
LI,리히텐슈타인,2025-12-01,15,646875,68,2839984,-2193109
MW,말라위,2025-12-01,19,597681,15,6671091,-6073410
TD,챠드,2025-12-01,6,572086,1,78,572008
SC,세이쉘,2025-12-01,28,556256,1,101073,455183
GM,감비아,2025-12-01,124,535761,13,1093941,-558180
CW,큐라소,2025-12-01,27,499987,2,34560,465427
ME,몬테네그로,2025-12-01,29,449275,2,12832,436443
KI,키리바티,2025-12-01,10,429427,2,54054,375373
LC,세인트 루시아,2025-12-01,14,412824,1,31330,381494
KY,영령 캐이맨 군도,2025-12-01,14,368732,4,256,368476
VG,영령 버진군도,2025-12-01,6,344133,0,0,344133
SZ,스와질랜드,2025-12-01,7,338807,17,37550,301257
GI,지브랄타,2025-12-01,13,312898,1,267,312631
FO,파로에 군도,2025-12-01,2,299844,4,1184946,-885102
TC,투르크 & 카이코스 군도,2025-12-01,2,268532,0,0,268532
TL,티모르,2025-12-01,5,266800,4,117619,149181
NA,나미비아,2025-12-01,13,244709,6,4282790,-4038081
YT,메요트,2025-12-01,4,208686,0,0,208686
CV,카보 베르데,2025-12-01,5,122528,1,558,121970
NE,니제르,2025-12-01,6,92352,2,1817,90535
KN,세인트 키츠 네비스,2025-12-01,4,69955,3,2393,67562
MC,모나코,2025-12-01,9,56927,7,485810,-428883
VC,세인트 빈센트 그레나딘,2025-12-01,2,56318,2,384,55934
AN,네덜란드 열도,2025-12-01,9,50634,1,197107,-146473
BI,부룬디,2025-12-01,15,47776,3,252,47524
ML,말리,2025-12-01,10,43353,1,32,43321
CK,쿡 아일랜드,2025-12-01,1,27184,2,3338,23846
AD,안도라,2025-12-01,6,22136,19,26772,-4636
KM,코모로스,2025-12-01,1,19308,0,0,19308
TO,통가,2025-12-01,3,14831,1,14747,84
BL,세인트 바르탤르미,2025-12-01,4,12504,0,0,12504
SM,산마리노,2025-12-01,1,11360,16,124508,-113148
FK,포클랜드 군도,2025-12-01,5,9470,0,0,9470
AI,앙귈라,2025-12-01,1,7050,0,0,7050
VI,미령 버진군도,2025-12-01,4,6699,2,277,6422
TK,토켈라우,2025-12-01,1,6644,0,177,6467
NR,나우루,2025-12-01,2,6450,0,298,6152
BW,보츠와나,2025-12-01,5,5560,3,53522,-47962
SX,세인트마틴(생마르탱),2025-12-01,3,5517,0,0,5517
GG,건지,2025-12-01,4,4920,1,5632,-712
VA,교황청,2025-12-01,5,3748,0,0,3748
CF,중앙아프리카공화국,2025-12-01,1,3248,0,0,3248
GL,그린랜드,2025-12-01,5,2477,8,588053,-585576
AG,안티가 바부다,2025-12-01,2,1118,2,950,168
JE,저어지,2025-12-01,2,211,0,0,211
SS,남수단,2025-12-01,1,108,0,0,108
UM,마이너 아우틀링 합중국 군도,2025-12-01,0,0,2,770,-770
GS,남조지아 & 남샌드위치 군도,2025-12-01,0,0,0,262,-262
SH,세인트 헬레나,2025-12-01,0,0,1,355,-355
MS,몬트세라트,2025-12-01,0,0,0,236,-236
TF,불령 남부지역,2025-12-01,0,0,0,900,-900
PN,피트카이른,2025-12-01,0,0,1,8375,-8375
CX,크리스마스 아일랜드,2025-12-01,0,0,0,104,-104
Z1,국제통화기금,2025-12-01,0,0,0,167,-167
BQ,보네르 신트외스타티위스,2025-12-01,0,0,1,353,-353
NU,니우에,2025-12-01,0,0,3,12750,-12750
LS,레소토,2025-12-01,0,0,7,3644,-3644
CN,중국,2026-01-01,99812,13527392577,1756164,13189580496,337812081
US,미국,2026-01-01,196748,12006726701,1433421,6761951366,5244775335
VN,베트남,2026-01-01,62368,6453113611,242892,3055435352,3397678259
HK,홍콩,2026-01-01,29233,4329293204,413015,459196388,3870096816
TW,대만,2026-01-01,51133,3960811235,23324,2935153761,1025657474
JP,일본,2026-01-01,140118,2245851385,474163,3900671338,-1654819953
SG,싱가포르,2026-01-01,49371,1702991428,19349,1223710562,479280866
IN,인도,2026-01-01,20424,1684687550,12817,525073988,1159613562
PH,필리핀,2026-01-01,28430,1336850427,6003,381492190,955358237
AU,호주,2026-01-01,23650,1232941505,49215,3373169548,-2140228043
CA,캐나다,2026-01-01,19167,1068189670,58927,713412295,354777375
MX,멕시코,2026-01-01,15536,1020310702,7539,895984672,124326030
MY,말레이시아,2026-01-01,30189,976720608,15988,1617576664,-640856056
TH,태국,2026-01-01,19603,870058045,44277,497129710,372928335
DE,독일,2026-01-01,16157,791107842,167106,1628526134,-837418292
TR,튀르키예,2026-01-01,6275,746031562,5267,167679060,578352502
GB,영국,2026-01-01,21805,736185758,22990,248053805,488131953
NL,네덜란드,2026-01-01,9893,695251176,5566,1083861595,-388610419
ID,인도네시아,2026-01-01,13204,662360700,11057,1105098888,-442738188
PL,폴란드,2026-01-01,6229,595462020,2228,86220147,509241873
FR,프랑스,2026-01-01,8512,483670528,25351,825936689,-342266161
AE,아랍에미리트 연합,2026-01-01,11674,465642279,621,1256074262,-790431983
LR,라이베리아,2026-01-01,118,418655758,24,86511,418569247
IT,이탈리아,2026-01-01,7050,407643925,34162,624977167,-217333242
BR,브라질,2026-01-01,9952,394974978,1958,571172300,-176197322
GR,그리스,2026-01-01,1362,359956449,434,82166553,277789896
BE,벨기에,2026-01-01,2668,334372645,1979,109830277,224542368
NZ,뉴질랜드,2026-01-01,3143,323280372,30656,151324493,171955879
SA,사우디아라비아,2026-01-01,4630,317250913,519,2311721441,-1994470528
ES,스페인,2026-01-01,6083,303362949,9778,221375743,81987206
MH,마샬군도,2026-01-01,31,294993966,12,39529,294954437
HU,헝가리,2026-01-01,2567,282137296,1755,71360298,210776998
CH,스위스,2026-01-01,3418,263182805,4034,296184227,-33001422
RU,러시아 연방,2026-01-01,5475,240573329,1502,543929578,-303356249
CZ,체코공화국,2026-01-01,2757,217816604,3242,95030924,122785680
BM,버뮤다,2026-01-01,22,211245135,2,1807,211243328
SK,슬로바키아,2026-01-01,1681,173198648,1250,44119199,129079449
PA,파나마,2026-01-01,1054,168988508,52,2016050,166972458
IL,이스라엘,2026-01-01,8178,157247746,1729,122865078,34382668
UZ,우즈베키스탄,2026-01-01,1878,148465307,53,1411899,147053408
SE,스웨덴,2026-01-01,2073,146298733,3399,289298392,-142999659
KG,키르기스스탄,2026-01-01,6464,126957188,12,284611,126672577
EG,이집트,2026-01-01,1966,126401528,278,8483137,117918391
CL,칠레,2026-01-01,2754,115154238,1533,358156185,-243001947
BD,방글라데시,2026-01-01,2414,112214452,4247,45431811,66782641
KZ,카자흐스탄,2026-01-01,4294,110299571,72,18546677,91752894
IQ,이라크,2026-01-01,811,105247904,96,623728076,-518480172
CO,콜롬비아,2026-01-01,1602,105169335,1299,114086623,-8917288
BS,바하마,2026-01-01,46,99443852,2,2339,99441513
SI,슬로베니아,2026-01-01,702,95853925,324,18015056,77838869
AT,오스트리아,2026-01-01,2386,90828146,1830,95984590,-5156444
PK,파키스탄,2026-01-01,1571,88914036,631,19672622,69241414
IE,아일랜드,2026-01-01,1417,85475760,1038,101149401,-15673641
PT,포루투갈,2026-01-01,1044,83948395,4246,32121842,51826553
QA,카타르,2026-01-01,1117,66168515,150,831804746,-765636231
DK,덴마크,2026-01-01,1673,65915484,1904,105585577,-39670093
AO,앙골라,2026-01-01,112,64617074,0,0,64617074
ZA,남아프리카공화국,2026-01-01,1576,62800324,365,388719143,-325918819
AR,아르헨티나,2026-01-01,972,60108791,293,44344435,15764356
JO,요르단,2026-01-01,1141,55068718,112,5850754,49217964
KH,캄보디아,2026-01-01,2558,54131655,2453,59831994,-5700339
RO,루마니아,2026-01-01,1552,50601237,4131,35169862,15431375
PE,페루,2026-01-01,1407,46670289,844,244781831,-198111542
NO,노르웨이,2026-01-01,1401,44451194,2147,103474936,-59023742
KW,쿠웨이트,2026-01-01,673,43307117,66,655214124,-611907007
OM,오만,2026-01-01,1116,41837649,91,218715910,-176878261
MN,몽골,2026-01-01,2818,39238914,1285,1882985,37355929
DZ,알제리,2026-01-01,992,36658986,19,250362935,-213703949
NG,나이지리아,2026-01-01,963,36193844,63,108993578,-72799734
AL,알바니아,2026-01-01,2471,34061078,109,739700,33321378
GU,괌,2026-01-01,661,33846615,56,261826,33584789
DJ,지부티,2026-01-01,52,33469371,1,3521,33465850
EC,에쿠아도르,2026-01-01,554,32164020,175,13110989,19053031
LT,리투아니아,2026-01-01,535,30471086,501,9209411,21261675
FI,핀란드,2026-01-01,1175,30334803,1093,75426299,-45091496
MA,모로코,2026-01-01,458,29542553,363,20513819,9028734
UA,우크라이나,2026-01-01,990,29475883,177,21790955,7684928
SV,엘살바도르,2026-01-01,322,28979298,152,2696989,26282309
SY,시리아,2026-01-01,533,27114469,3,23976,27090493
LY,리비아,2026-01-01,6775,25591442,18,1572494,24018948
MM,미얀마,2026-01-01,763,25354324,1531,36738666,-11384342
TJ,타지크,2026-01-01,2877,23900832,3,3079565,20821267
GT,과테말라,2026-01-01,703,22612275,151,5239763,17372512
BG,불가리아,2026-01-01,703,22252715,1285,22093783,158932
PR,푸에르토리코,2026-01-01,354,21039344,122,23237551,-2198207
FJ,피지,2026-01-01,89,20541925,11,558315,19983610
GH,가나,2026-01-01,1413,20492081,39,4657651,15834430
LK,스리랑카,2026-01-01,792,19723906,559,9834515,9889391
DO,도미니카 공화국,2026-01-01,481,18413072,109,5347938,13065134
CI,코트디봐르,2026-01-01,195,18284785,48,20819394,-2534609
EE,에스토니아,2026-01-01,425,16884986,334,8957966,7927020
HN,온두라스,2026-01-01,381,16770904,70,1778675,14992229
TZ,탄자니아,2026-01-01,354,16137862,23,5822513,10315349
TN,튀니지,2026-01-01,200,15657395,835,22428555,-6771160
ZZ,기타국,2026-01-01,120,13364458,779,3709499,9654959
CR,코스타리카,2026-01-01,701,13221047,457,18520366,-5299319
MT,몰타,2026-01-01,358,13219805,97,35391508,-22171703
AZ,아제르바이잔,2026-01-01,539,12654700,2,1577,12653123
KE,케냐,2026-01-01,317,12517562,90,1010019,11507543
SD,수단,2026-01-01,127,12399433,0,0,12399433
PY,파라과이,2026-01-01,208,11470426,19,984851,10485575
UY,우루과이,2026-01-01,231,11400692,36,10812403,588289
RS,세르비아,2026-01-01,368,11257100,129,6816014,4441086
BH,바레인,2026-01-01,339,11176548,83,161055263,-149878715
SN,세네갈,2026-01-01,658,10408770,30,2360994,8047776
PF,불령 폴리네시아,2026-01-01,53,10309152,1,10887,10298265
MZ,모잠비크,2026-01-01,69,9831876,7,41980764,-32148888
ET,에티오피아,2026-01-01,60,9606040,139,11812330,-2206290
HR,크로아티아,2026-01-01,362,8456495,177,2110072,6346423
GE,조지아,2026-01-01,439,8212923,54,466523,7746400
IR,이란,2026-01-01,159,8039481,14,2064776,5974705
LB,레바논,2026-01-01,220,7761170,65,1497282,6263888
LA,라오스,2026-01-01,152,7674864,196,5309364,2365500
PG,파푸아 뉴기니,2026-01-01,83,7466726,32,72872889,-65406163
TT,트리니다드 토바고,2026-01-01,90,7142048,12,1362348,5779700
BY,벨라루스,2026-01-01,141,6887399,12,2039178,4848221
IS,아이슬란드,2026-01-01,191,6730876,47,1537546,5193330
MD,몰도바,2026-01-01,258,6492787,439,3998698,2494089
LU,룩셈부르그,2026-01-01,222,6372122,228,13313652,-6941530
RE,불령 리유니온 코모도 제도,2026-01-01,62,6048121,0,0,6048121
CY,사이프러스,2026-01-01,302,5812498,29,815204,4997294
BJ,베닝,2026-01-01,54,4639005,0,0,4639005
LV,라트비아,2026-01-01,264,4471710,278,7349008,-2877298
WS,사모아,2026-01-01,21,4441369,6,107811,4333558
VE,베네주엘라,2026-01-01,96,3858549,9,896473,2962076
GY,가이아나,2026-01-01,78,3786396,4,166454,3619942
SC,세이쉘,2026-01-01,21,3783614,1,39210,3744404
ZW,짐바브웨,2026-01-01,35,3755596,9,1334390,2421206
MG,마다카스카르,2026-01-01,430,3663888,141,2421418,1242470
NI,니카라과,2026-01-01,104,3616545,69,1254731,2361814
AF,아프카니스탄,2026-01-01,250,3510342,11,257432,3252910
YE,예맨,2026-01-01,262,3245883,18,1666353,1579530
NP,네팔,2026-01-01,222,2922361,829,496474,2425887
BO,볼리비아,2026-01-01,98,2644953,27,174644369,-171999416
TG,토고,2026-01-01,119,2505079,14,966171,1538908
TM,투르크멘,2026-01-01,38,2397364,1,127605,2269759
GN,기니,2026-01-01,197,2367262,37,4460268,-2093006
BN,브루나이,2026-01-01,209,2201883,11,35491273,-33289390
MU,모리셔스,2026-01-01,131,2125519,16,148875,1976644
CG,콩고,2026-01-01,115,1959282,4,348895,1610387
AM,아르메니아,2026-01-01,131,1953609,283,2196272,-242663
ZM,잠비아,2026-01-01,62,1795533,12,26766130,-24970597
MO,마카오,2026-01-01,502,1763230,148,274818,1488412
BF,부르키나 파소,2026-01-01,14,1754223,0,140,1754083
CD,콩고민주공화국,2026-01-01,65,1582188,41,160753200,-159171012
CM,카메룬,2026-01-01,97,1524435,3,1628,1522807
GA,가봉,2026-01-01,263,1514747,5,360136,1154611
NE,니제르,2026-01-01,3,1443929,0,0,1443929
HT,아이티,2026-01-01,28,1363988,8,36611,1327377
GD,그레나다,2026-01-01,9,1325242,0,0,1325242
JM,자마이카,2026-01-01,60,1243489,15,1959344,-715855
MP,북마리아나 군도,2026-01-01,144,1162678,5,263936,898742
AS,아메리칸 사모아,2026-01-01,41,1154197,2,34383,1119814
LI,리히텐슈타인,2026-01-01,11,1063360,54,1927214,-863854
RW,르완다,2026-01-01,192,1045714,4,208652,837062
GP,과델로프,2026-01-01,23,1045475,0,304,1045171
MR,모리타니,2026-01-01,56,1041417,11,1250887,-209470
PS,팔레스타인 해방기구,2026-01-01,20,1040982,10,21159,1019823
SB,솔로몬 군도,2026-01-01,13,983963,6,146221,837742
UG,우간다,2026-01-01,31,929871,17,392516,537355
MF,세인트 마틴,2026-01-01,10,894354,0,0,894354
KY,영령 캐이맨 군도,2026-01-01,23,865896,1,13,865883
SR,수리남,2026-01-01,29,861484,12,914348,-52864
CU,쿠바,2026-01-01,7,846551,11,771277,75274
ME,몬테네그로,2026-01-01,24,836184,1,271,835913
KI,키리바티,2026-01-01,29,833404,1,36738,796666
MK,마세도니아,2026-01-01,75,821966,20,812987,8979
NC,뉴 칼레도니아,2026-01-01,44,781637,13,17298113,-16516476
GQ,적도 기니,2026-01-01,46,719614,1,686,718928
MV,몰디브,2026-01-01,106,714931,1,4402,710529
BT,부탄,2026-01-01,37,622546,7,954769,-332223
SL,시에라 리온,2026-01-01,32,590778,16,1538467,-947689
SO,소말리아,2026-01-01,20,584762,6,739259,-154497
VU,바누아투,2026-01-01,46,545588,11,1819237,-1273649
AW,아루바,2026-01-01,50,500587,0,62,500525
BZ,벨리제,2026-01-01,13,460791,0,623,460168
GF,불령 가이아나,2026-01-01,12,412976,0,0,412976
FM,마이크로네시아,2026-01-01,41,393350,2,29176,364174
SS,남수단,2026-01-01,6,370576,0,0,370576
BB,바베이도스,2026-01-01,21,358456,7,34430,324026
BA,보스니아-헤르체고비나,2026-01-01,72,348882,85,6820611,-6471729
YT,메요트,2026-01-01,5,348488,0,0,348488
TC,투르크 & 카이코스 군도,2026-01-01,10,343474,0,0,343474
GM,감비아,2026-01-01,136,338440,11,1292531,-954091
SX,세인트마틴(생마르탱),2026-01-01,14,310559,0,0,310559
TL,티모르,2026-01-01,7,261235,6,173211,88024
NA,나미비아,2026-01-01,35,250080,6,62361,187719
LC,세인트 루시아,2026-01-01,5,212109,0,0,212109
PW,팔라우,2026-01-01,18,208464,3,2274,206190
MW,말라위,2026-01-01,6,166966,14,2194311,-2027345
CV,카보 베르데,2026-01-01,4,165756,0,1,165755
ML,말리,2026-01-01,10,164562,3,5757,158805
TV,투발루,2026-01-01,2,141143,1,1720,139423
CW,큐라소,2026-01-01,27,137384,1,17460,119924
AQ,안타티카,2026-01-01,3,88902,0,0,88902
VG,영령 버진군도,2026-01-01,5,88021,0,0,88021
TD,챠드,2026-01-01,3,79055,1,63,78992
GI,지브랄타,2026-01-01,11,73411,0,0,73411
Z1,국제통화기금,2026-01-01,2,68725,0,0,68725
MQ,마티니크,2026-01-01,16,62137,0,0,62137
KN,세인트 키츠 네비스,2026-01-01,6,49255,0,20581,28674
TO,통가,2026-01-01,4,42692,1,14712,27980
DM,도미니카,2026-01-01,5,41188,2,189965,-148777
BI,부룬디,2026-01-01,26,40602,2,24,40578
KM,코모로스,2026-01-01,13,40116,0,0,40116
AI,앙귈라,2026-01-01,2,36575,0,0,36575
ST,상토메 프린스페,2026-01-01,1,31009,0,0,31009
SM,산마리노,2026-01-01,2,26750,7,115489,-88739
AG,안티가 바부다,2026-01-01,6,23414,0,0,23414
BW,보츠와나,2026-01-01,7,23309,7,185570,-162261
SZ,스와질랜드,2026-01-01,4,14512,11,92421,-77909
AN,네덜란드 열도,2026-01-01,2,8062,0,17,8045
GL,그린랜드,2026-01-01,7,7846,8,181187,-173341
BL,세인트 바르탤르미,2026-01-01,4,6677,0,0,6677
MC,모나코,2026-01-01,7,4894,3,42578,-37684
AD,안도라,2026-01-01,3,3825,9,14802,-10977
FK,포클랜드 군도,2026-01-01,1,2044,0,0,2044
VC,세인트 빈센트 그레나딘,2026-01-01,1,1295,3,672,623
GG,건지,2026-01-01,5,821,0,0,821
VI,미령 버진군도,2026-01-01,6,787,1,846,-59
VA,교황청,2026-01-01,1,580,1,517,63
JE,저어지,2026-01-01,4,457,0,0,457
GW,기네비소,2026-01-01,1,87,0,0,87
FO,파로에 군도,2026-01-01,2,48,1,169260,-169212
GS,남조지아 & 남샌드위치 군도,2026-01-01,0,0,0,349,-349
UM,마이너 아우틀링 합중국 군도,2026-01-01,0,0,2,1664,-1664
NF,노폴크 아일랜드,2026-01-01,0,0,1,19,-19
SH,세인트 헬레나,2026-01-01,0,0,0,1540,-1540
CK,쿡 아일랜드,2026-01-01,0,0,1,5345,-5345
CF,중앙아프리카공화국,2026-01-01,0,0,1,14,-14
NU,니우에,2026-01-01,0,0,2,10855,-10855
PM,세인트 피레 미켈론,2026-01-01,0,0,1,687,-687
LS,레소토,2026-01-01,0,0,6,26665,-26665
CX,크리스마스 아일랜드,2026-01-01,0,0,0,60,-60
TK,토켈라우,2026-01-01,0,0,0,266,-266
IM,맨섬,2026-01-01,0,0,0,797,-797
NR,나우루,2026-01-01,0,0,0,976,-976
CN,중국,2026-02-01,79397,12778486869,1250486,11634017480,1144469389
US,미국,2026-02-01,182311,12704284715,1313994,5759089428,6945195287
VN,베트남,2026-02-01,47022,5895225166,151424,2933658127,2961567039
HK,홍콩,2026-02-01,22728,4984128291,375708,487200005,4496928286
TW,대만,2026-02-01,42599,4549214953,21039,2608423323,1940791630
SG,싱가포르,2026-02-01,40442,2492958631,19074,1150177125,1342781506
JP,일본,2026-02-01,142021,2392260423,464714,3980504334,-1588243911
IN,인도,2026-02-01,19040,1739790073,11696,453647815,1286142258
MY,말레이시아,2026-02-01,25778,1733072912,13861,1366811750,366261162
AU,호주,2026-02-01,23956,1143776769,44957,2443961670,-1300184901
PH,필리핀,2026-02-01,27071,1114133792,5836,288226251,825907541
NL,네덜란드,2026-02-01,9323,1017720727,5059,1495623848,-477903121
MX,멕시코,2026-02-01,34655,952839115,7818,755150177,197688938
CA,캐나다,2026-02-01,23360,911586774,52874,787363392,124223382
MH,마샬군도,2026-02-01,30,822419063,19,76755,822342308
TR,튀르키예,2026-02-01,5997,795019638,6120,141385200,653634438
DE,독일,2026-02-01,17704,729846606,138534,1541844402,-811997796
TH,태국,2026-02-01,17756,720885492,41957,553283037,167602455
PL,폴란드,2026-02-01,5960,607789836,2194,93724966,514064870
AE,아랍에미리트 연합,2026-02-01,10836,602519857,526,1151776249,-549256392
GB,영국,2026-02-01,19391,574860508,22256,417526788,157333720
ID,인도네시아,2026-02-01,11441,547351962,10403,916517126,-369165164
BR,브라질,2026-02-01,10032,459475985,1789,495029302,-35553317
HU,헝가리,2026-02-01,2704,420142524,1206,67709864,352432660
MT,몰타,2026-02-01,372,404752792,67,18273355,386479437
IT,이탈리아,2026-02-01,6375,393665496,29327,636399929,-242734433
BE,벨기에,2026-02-01,2534,348496991,2043,159541163,188955828
SA,사우디아라비아,2026-02-01,4300,294401659,360,1842172991,-1547771332
ES,스페인,2026-02-01,9239,290746021,9270,198464485,92281536
EG,이집트,2026-02-01,1870,274132169,210,4395887,269736282
NZ,뉴질랜드,2026-02-01,3355,267381912,23569,116193979,151187933
LR,라이베리아,2026-02-01,105,259492246,23,389186,259103060
CZ,체코공화국,2026-02-01,2803,257315768,3384,232635775,24679993
RU,러시아 연방,2026-02-01,5517,249197846,1113,518741537,-269543691
FR,프랑스,2026-02-01,8122,225344532,22797,618900443,-393555911
KG,키르기스스탄,2026-02-01,6873,184402072,7,68870,184333202
PA,파나마,2026-02-01,1046,164137464,59,81678805,82458659
SK,슬로바키아,2026-02-01,1525,158356419,1287,52322477,106033942
UZ,우즈베키스탄,2026-02-01,1863,151870957,47,1511120,150359837
BD,방글라데시,2026-02-01,2081,146672101,3246,58400140,88271961
IL,이스라엘,2026-02-01,8842,121938067,1604,126831856,-4893789
KZ,카자흐스탄,2026-02-01,4589,115232650,56,5467533,109765117
CO,콜롬비아,2026-02-01,3210,113302377,1006,67936865,45365512
CL,칠레,2026-02-01,3517,109888188,1072,363828752,-253940564
SE,스웨덴,2026-02-01,1997,109543348,3253,182221885,-72678537
CH,스위스,2026-02-01,3583,98388299,4032,321937375,-223549076
AT,오스트리아,2026-02-01,2274,94732458,1939,141696433,-46963975
IQ,이라크,2026-02-01,672,90539168,82,605815640,-515276472
PT,포루투갈,2026-02-01,991,86408234,3447,34053556,52354678
IE,아일랜드,2026-02-01,1532,81523334,987,92360487,-10837153
PK,파키스탄,2026-02-01,1492,72731207,673,16174022,56557185
GU,괌,2026-02-01,614,72085273,50,416480,71668793
AO,앙골라,2026-02-01,98,68723193,0,0,68723193
SI,슬로베니아,2026-02-01,676,65731447,336,12758381,52973066
AR,아르헨티나,2026-02-01,1304,62382066,262,20496588,41885478
RO,루마니아,2026-02-01,1745,61097463,2455,45111671,15985792
KH,캄보디아,2026-02-01,2982,58434044,2121,50862294,7571750
DK,덴마크,2026-02-01,1540,56170344,1799,94206441,-38036097
PR,푸에르토리코,2026-02-01,297,54815749,142,19759143,35056606
PE,페루,2026-02-01,3020,53285885,880,280056622,-226770737
ZA,남아프리카공화국,2026-02-01,1597,48086196,354,318004415,-269918219
GR,그리스,2026-02-01,1381,47946571,356,43934702,4011869
MA,모로코,2026-02-01,434,40134849,282,52412092,-12277243
JO,요르단,2026-02-01,814,39072061,103,3980158,35091903
NO,노르웨이,2026-02-01,1406,36896920,1975,114035672,-77138752
NG,나이지리아,2026-02-01,970,36093007,63,47218981,-11125974
MN,몽골,2026-02-01,2225,35538359,1081,1232452,34305907
QA,카타르,2026-02-01,1012,34609251,148,737732580,-703123329
EC,에쿠아도르,2026-02-01,580,34401408,146,7111710,27289698
AL,알바니아,2026-02-01,2392,32810401,72,550699,32259702
LT,리투아니아,2026-02-01,635,31006453,397,5529881,25476572
KW,쿠웨이트,2026-02-01,568,29596487,60,658840396,-629243909
UA,우크라이나,2026-02-01,912,29447610,157,17636839,11810771
DZ,알제리,2026-02-01,354,29298215,24,403489996,-374191781
OM,오만,2026-02-01,948,26677418,80,205962764,-179285346
FI,핀란드,2026-02-01,1132,26524662,1058,59019134,-32494472
LY,리비아,2026-02-01,5987,25250370,27,3660928,21589442
SV,엘살바도르,2026-02-01,323,24256670,152,1995279,22261391
GT,과테말라,2026-02-01,720,23837320,225,5811979,18025341
GH,가나,2026-02-01,1405,23267387,33,4541284,18726103
TZ,탄자니아,2026-02-01,353,22697740,32,4114963,18582777
MM,미얀마,2026-02-01,698,22115640,1525,53604867,-31489227
CI,코트디봐르,2026-02-01,199,21061985,25,8730877,12331108
ET,에티오피아,2026-02-01,71,20430503,203,7917566,12512937
TJ,타지크,2026-02-01,2549,20178877,3,14757,20164120
SY,시리아,2026-02-01,531,19949364,4,144,19949220
FJ,피지,2026-02-01,82,19343233,9,231525,19111708
DO,도미니카 공화국,2026-02-01,448,17672721,110,8084821,9587900
DJ,지부티,2026-02-01,37,17460151,3,322874,17137277
EE,에스토니아,2026-02-01,522,16869455,217,4308005,12561450
LK,스리랑카,2026-02-01,748,16316813,461,7684114,8632699
BG,불가리아,2026-02-01,723,16115427,1220,17692808,-1577381
RS,세르비아,2026-02-01,361,15925066,146,14008350,1916716
KE,케냐,2026-02-01,310,15479818,71,1055198,14424620
CR,코스타리카,2026-02-01,816,14388189,426,15029039,-640850
TN,튀니지,2026-02-01,179,13947303,720,9944878,4002425
AZ,아제르바이잔,2026-02-01,551,12666052,3,36473,12629579
UY,우루과이,2026-02-01,235,11984827,56,12461183,-476356
GE,조지아,2026-02-01,494,11575063,49,2547865,9027198
PF,불령 폴리네시아,2026-02-01,69,11540818,3,132042,11408776
LB,레바논,2026-02-01,245,11392933,60,1948461,9444472
HN,온두라스,2026-02-01,369,11195626,68,3207633,7987993
PY,파라과이,2026-02-01,229,10728946,21,280891,10448055
TT,트리니다드 토바고,2026-02-01,97,8865359,13,3515759,5349600
BY,벨라루스,2026-02-01,195,8784919,11,1391785,7393134
SN,세네갈,2026-02-01,510,8330017,21,1292458,7037559
IR,이란,2026-02-01,161,8190518,18,800093,7390425
HR,크로아티아,2026-02-01,358,7529630,141,2701317,4828313
ZZ,기타국,2026-02-01,150,7458424,737,4777375,2681049
LA,라오스,2026-02-01,170,6795654,250,10158214,-3362560
VE,베네주엘라,2026-02-01,121,5896142,7,468783,5427359
BH,바레인,2026-02-01,302,5664843,42,47544180,-41879337
PS,팔레스타인 해방기구,2026-02-01,19,5655099,10,125220,5529879
MD,몰도바,2026-02-01,256,5639184,260,2344821,3294363
MZ,모잠비크,2026-02-01,51,5620843,6,4232923,1387920
CG,콩고,2026-02-01,119,5071470,1,230340,4841130
LU,룩셈부르그,2026-02-01,290,4922723,185,10487385,-5564662
ZM,잠비아,2026-02-01,56,4811305,20,21894983,-17083678
WS,사모아,2026-02-01,17,4792965,1,135081,4657884
ZW,짐바브웨,2026-02-01,46,4756198,9,716111,4040087
IS,아이슬란드,2026-02-01,239,4695136,45,3901391,793745
BJ,베닝,2026-02-01,51,4540758,2,21,4540737
PG,파푸아 뉴기니,2026-02-01,68,4358727,37,132956982,-128598255
BF,부르키나 파소,2026-02-01,25,4299281,0,0,4299281
AF,아프카니스탄,2026-02-01,206,4166497,6,4014,4162483
AM,아르메니아,2026-02-01,186,3535799,132,1811353,1724446
LV,라트비아,2026-02-01,364,3371397,365,8173966,-4802569
GY,가이아나,2026-02-01,52,3370187,4,259059,3111128
SD,수단,2026-02-01,73,3094630,0,0,3094630
YE,예맨,2026-02-01,352,2908901,25,2530052,378849
BO,볼리비아,2026-02-01,99,2615828,10,1436078,1179750
GN,기니,2026-02-01,255,2429832,14,762625,1667207
NP,네팔,2026-02-01,225,2396319,797,523129,1873190
NI,니카라과,2026-02-01,100,2250261,54,1864430,385831
MG,마다카스카르,2026-02-01,330,2185828,132,7132673,-4946845
TG,토고,2026-02-01,102,2151735,10,311232,1840503
CM,카메룬,2026-02-01,98,2070013,10,653054,1416959
HT,아이티,2026-02-01,35,2039569,8,166944,1872625
BA,보스니아-헤르체고비나,2026-02-01,81,2037653,69,4474035,-2436382
CY,사이프러스,2026-02-01,371,2007285,19,769110,1238175
Z1,국제통화기금,2026-02-01,5,1899667,0,21455,1878212
MU,모리셔스,2026-02-01,160,1618048,17,185314,1432734
UG,우간다,2026-02-01,44,1548412,28,3023997,-1475585
AW,아루바,2026-02-01,74,1532709,2,198555,1334154
RW,르완다,2026-02-01,149,1422845,8,339282,1083563
BN,브루나이,2026-02-01,139,1375033,9,36128478,-34753445
GA,가봉,2026-02-01,333,1363809,5,4222192,-2858383
SC,세이쉘,2026-02-01,33,1335050,3,286147,1048903
TD,챠드,2026-02-01,4,1320753,0,0,1320753
CD,콩고민주공화국,2026-02-01,37,1316790,41,110133781,-108816991
NE,니제르,2026-02-01,5,1279603,2,8980,1270623
MW,말라위,2026-02-01,11,1257884,10,1720924,-463040
MP,북마리아나 군도,2026-02-01,147,1229235,2,62934,1166301
RE,불령 리유니온 코모도 제도,2026-02-01,66,1223466,0,0,1223466
MO,마카오,2026-02-01,356,1138984,157,176866,962118
GD,그레나다,2026-02-01,6,1076260,0,0,1076260
GQ,적도 기니,2026-02-01,22,894153,1,35763236,-34869083
NC,뉴 칼레도니아,2026-02-01,34,882919,5,4418166,-3535247
GP,과델로프,2026-02-01,20,873266,0,3047,870219
KI,키리바티,2026-02-01,14,825745,1,40443,785302
TM,투르크멘,2026-02-01,35,803764,2,19482,784282
VU,바누아투,2026-02-01,50,802263,18,1649792,-847529
MK,마세도니아,2026-02-01,81,798988,14,229526,569462
MR,모리타니,2026-02-01,42,700302,1,39,700263
JM,자마이카,2026-02-01,53,679902,13,1614713,-934811
FM,마이크로네시아,2026-02-01,49,669191,1,2067,667124
BM,버뮤다,2026-02-01,18,642297,2,678,641619
LI,리히텐슈타인,2026-02-01,12,631809,60,2626713,-1994904
BB,바베이도스,2026-02-01,20,596638,6,29236,567402
SB,솔로몬 군도,2026-02-01,12,576499,2,45445,531054
BT,부탄,2026-02-01,32,570593,4,713309,-142716
SO,소말리아,2026-02-01,17,556086,5,243612,312474
CU,쿠바,2026-02-01,11,508284,8,535180,-26896
KY,영령 캐이맨 군도,2026-02-01,21,487299,0,84,487215
AS,아메리칸 사모아,2026-02-01,29,457857,5,124716,333141
MV,몰디브,2026-02-01,102,404757,1,51,404706
GF,불령 가이아나,2026-02-01,11,355590,1,20,355570
GM,감비아,2026-02-01,125,334169,9,993856,-659687
MF,세인트 마틴,2026-02-01,6,331826,0,0,331826
MQ,마티니크,2026-02-01,18,299874,0,63,299811
SL,시에라 리온,2026-02-01,25,298492,8,411952,-113460
BS,바하마,2026-02-01,41,285608,0,0,285608
SR,수리남,2026-02-01,21,284937,4,284517,420
ME,몬테네그로,2026-02-01,23,245254,0,97,245157
LC,세인트 루시아,2026-02-01,10,233950,3,36253,197697
NA,나미비아,2026-02-01,10,204411,9,34520811,-34316400
ML,말리,2026-02-01,11,203596,6,63,203533
CW,큐라소,2026-02-01,26,202893,1,17580,185313
BI,부룬디,2026-02-01,29,199125,5,140361,58764
BZ,벨리제,2026-02-01,10,164414,0,0,164414
PW,팔라우,2026-02-01,17,145847,2,36531,109316
BW,보츠와나,2026-02-01,14,133703,6,140611,-6908
BQ,보네르 신트외스타티위스,2026-02-01,3,129172,0,0,129172
TV,투발루,2026-02-01,8,124537,2,555724,-431187
VC,세인트 빈센트 그레나딘,2026-02-01,4,103396,0,0,103396
TL,티모르,2026-02-01,2,100566,5,2958,97608
GW,기네비소,2026-02-01,1,99700,0,0,99700
VG,영령 버진군도,2026-02-01,8,87055,0,27,87028
DM,도미니카,2026-02-01,6,68204,1,27809,40395
TC,투르크 & 카이코스 군도,2026-02-01,6,61927,0,0,61927
TO,통가,2026-02-01,4,58491,0,0,58491
AG,안티가 바부다,2026-02-01,11,47373,0,299,47074
YT,메요트,2026-02-01,4,46028,0,0,46028
SX,세인트마틴(생마르탱),2026-02-01,10,38205,0,0,38205
KN,세인트 키츠 네비스,2026-02-01,1,30660,5,13400,17260
ER,에리트리아,2026-02-01,1,25172,0,0,25172
CV,카보 베르데,2026-02-01,3,17394,0,0,17394
AN,네덜란드 열도,2026-02-01,6,14008,3,3316,10692
MC,모나코,2026-02-01,4,13832,14,445462,-431630
GS,남조지아 & 남샌드위치 군도,2026-02-01,1,8108,0,132,7976
BL,세인트 바르탤르미,2026-02-01,6,7208,0,0,7208
GI,지브랄타,2026-02-01,10,7011,2,543,6468
ST,상토메 프린스페,2026-02-01,1,5955,0,0,5955
SZ,스와질랜드,2026-02-01,1,5000,10,17158,-12158
GL,그린랜드,2026-02-01,10,4592,1,106,4486
VI,미령 버진군도,2026-02-01,5,3486,1,92024,-88538
VA,교황청,2026-02-01,4,1845,0,0,1845
AD,안도라,2026-02-01,2,1783,6,7796,-6013
AI,앙귈라,2026-02-01,1,903,1,444,459
JE,저어지,2026-02-01,4,346,0,0,346
GG,건지,2026-02-01,3,337,0,0,337
FO,파로에 군도,2026-02-01,5,319,0,0,319
CF,중앙아프리카공화국,2026-02-01,1,224,1,354,-130
SS,남수단,2026-02-01,2,157,0,0,157
LS,레소토,2026-02-01,1,35,1,322,-287
CK,쿡 아일랜드,2026-02-01,0,0,3,1475,-1475
SM,산마리노,2026-02-01,0,0,9,121248,-121248
IM,맨섬,2026-02-01,0,0,0,30,-30
CX,크리스마스 아일랜드,2026-02-01,0,0,3,517,-517
UM,마이너 아우틀링 합중국 군도,2026-02-01,0,0,1,97,-97
TK,토켈라우,2026-02-01,0,0,0,335,-335
TF,불령 남부지역,2026-02-01,0,0,0,3029,-3029
NU,니우에,2026-02-01,0,0,0,41715,-41715
FK,포클랜드 군도,2026-02-01,0,0,1,6594,-6594
MS,몬트세라트,2026-02-01,0,0,0,138,-138
CN,중국,2026-03-01,107136,16685519188,1897319,14126113230,2559405958
US,미국,2026-03-01,223005,16419950914,1468041,7236964627,9182986287
HK,홍콩,2026-03-01,37225,7860307559,466880,179660134,7680647425
VN,베트남,2026-03-01,62341,7131928648,230227,3211904769,3920023879
TW,대만,2026-03-01,73412,6318776958,25572,3122519093,3196257865
JP,일본,2026-03-01,441720,2918758554,579374,5111054470,-2192295916
AU,호주,2026-03-01,29258,2827369918,38769,2633673444,193696474
SG,싱가포르,2026-03-01,50415,2075543272,21063,1334551655,740991617
IN,인도,2026-03-01,22128,1966477881,14720,634088746,1332389135
PH,필리핀,2026-03-01,33172,1718916217,7117,385014828,1333901389
MX,멕시코,2026-03-01,21323,1502994817,9032,858526774,644468043
NL,네덜란드,2026-03-01,10891,1464540611,5880,1562039950,-97499339
MY,말레이시아,2026-03-01,34160,1427980010,14797,1732680567,-304700557
CA,캐나다,2026-03-01,22743,1124091674,51958,812839006,311252668
DE,독일,2026-03-01,18260,1007520997,140566,2094911140,-1087390143
TH,태국,2026-03-01,23511,917462371,53507,641046907,276415464
TR,튀르키예,2026-03-01,7253,878440047,3712,133090577,745349470
PL,폴란드,2026-03-01,7334,778577618,2494,114468039,664109579
BE,벨기에,2026-03-01,2980,707088306,2420,142204321,564883985
ID,인도네시아,2026-03-01,12569,668531204,11450,992612635,-324081431
GB,영국,2026-03-01,22735,665551259,23473,367203761,298347498
BR,브라질,2026-03-01,11240,583640591,2367,373253945,210386646
MH,마샬군도,2026-03-01,40,582809617,12,5586535,577223082
NZ,뉴질랜드,2026-03-01,3974,501643909,28890,129869792,371774117
LR,라이베리아,2026-03-01,166,501275207,23,9606833,491668374
IT,이탈리아,2026-03-01,7675,492569932,36044,885303892,-392733960
ES,스페인,2026-03-01,7741,436826821,10184,266958369,169868452
BD,방글라데시,2026-03-01,2484,381029117,4620,66430440,314598677
HU,헝가리,2026-03-01,2892,372459551,1454,62315297,310144254
CZ,체코공화국,2026-03-01,3483,361029121,3793,158904776,202124345
GR,그리스,2026-03-01,1627,343596971,423,136821491,206775480
FR,프랑스,2026-03-01,8663,317694892,27561,1131633938,-813939046
RU,러시아 연방,2026-03-01,7179,293482797,1430,598578979,-305096182
NO,노르웨이,2026-03-01,1597,274184275,2208,125227275,148957000
BS,바하마,2026-03-01,43,219360002,8,3204,219356798
MT,몰타,2026-03-01,453,188072592,84,3737684,184334908
SK,슬로바키아,2026-03-01,1871,187476197,1297,52380370,135095827
PA,파나마,2026-03-01,1191,184290877,94,16198657,168092220
KG,키르기스스탄,2026-03-01,8350,183793766,14,71636,183722130
CH,스위스,2026-03-01,4294,178356318,4882,324435930,-146079612
AE,아랍에미리트 연합,2026-03-01,3239,171398326,489,1194715821,-1023317495
UZ,우즈베키스탄,2026-03-01,2429,166949935,46,2097542,164852393
SA,사우디아라비아,2026-03-01,2771,158406235,310,2303664938,-2145258703
IL,이스라엘,2026-03-01,4295,157822834,1781,123868011,33954823
KZ,카자흐스탄,2026-03-01,5514,156467695,80,9607399,146860296
EG,이집트,2026-03-01,2047,142420295,216,47875942,94544353
SE,스웨덴,2026-03-01,2480,141272279,3161,191436300,-50164021
CO,콜롬비아,2026-03-01,3010,136281869,1262,52070923,84210946
AT,오스트리아,2026-03-01,2456,110238624,2280,114916546,-4677922
PK,파키스탄,2026-03-01,1617,108743857,726,19191880,89551977
CL,칠레,2026-03-01,3900,108502157,1399,695698313,-587196156
IE,아일랜드,2026-03-01,1590,108113649,1155,120635824,-12522175
PT,포루투갈,2026-03-01,1164,88884698,4560,49941273,38943425
SI,슬로베니아,2026-03-01,896,86671333,374,9860752,76810581
ZA,남아프리카공화국,2026-03-01,2027,78334583,363,266804608,-188470025
KH,캄보디아,2026-03-01,3633,78296008,2126,56080553,22215455
DK,덴마크,2026-03-01,1942,76314358,2179,121115931,-44801573
PG,파푸아 뉴기니,2026-03-01,76,61410497,35,37841910,23568587
FJ,피지,2026-03-01,121,61363312,10,377742,60985570
MN,몽골,2026-03-01,3631,57612741,1261,1420143,56192598
PE,페루,2026-03-01,2433,55255645,1102,316050483,-260794838
NG,나이지리아,2026-03-01,1263,54719799,77,36660146,18059653
GU,괌,2026-03-01,727,54605091,53,275987,54329104
RO,루마니아,2026-03-01,2029,54189498,3056,44971154,9218344
UA,우크라이나,2026-03-01,1220,52923482,203,30479258,22444224
IQ,이라크,2026-03-01,74,42724031,24,503535144,-460811113
FI,핀란드,2026-03-01,1291,42722397,1111,66740981,-24018584
EC,에쿠아도르,2026-03-01,669,42488699,203,167680172,-125191473
AL,알바니아,2026-03-01,2868,40882039,105,1002452,39879587
MA,모로코,2026-03-01,596,39918812,377,28989804,10929008
LT,리투아니아,2026-03-01,754,39192936,584,13009787,26183149
SY,시리아,2026-03-01,2262,37249326,3,9528,37239798
DZ,알제리,2026-03-01,656,33090910,32,204012457,-170921547
PR,푸에르토리코,2026-03-01,389,32929330,173,40363133,-7433803
ET,에티오피아,2026-03-01,112,32208116,258,11668797,20539319
MM,미얀마,2026-03-01,791,29434526,1904,53213258,-23778732
GT,과테말라,2026-03-01,992,28803964,197,6632865,22171099
JO,요르단,2026-03-01,915,28605073,84,3586521,25018552
SV,엘살바도르,2026-03-01,331,28271239,200,2836531,25434708
LY,리비아,2026-03-01,5587,27303828,29,60818994,-33515166
DO,도미니카 공화국,2026-03-01,774,26668932,159,10821656,15847276
AR,아르헨티나,2026-03-01,1398,26153920,334,90467014,-64313094
TJ,타지크,2026-03-01,2702,22025474,1,49,22025425
GE,조지아,2026-03-01,781,21246924,81,1336473,19910451
BG,불가리아,2026-03-01,861,21088543,1465,22676499,-1587956
GH,가나,2026-03-01,1694,20310597,50,7570283,12740314
LK,스리랑카,2026-03-01,1080,19375175,664,11190647,8184528
AZ,아제르바이잔,2026-03-01,650,19271151,3,5892,19265259
CI,코트디봐르,2026-03-01,212,18740722,29,11954421,6786301
EE,에스토니아,2026-03-01,623,18482579,272,5547518,12935061
CR,코스타리카,2026-03-01,971,18463678,560,20133942,-1670264
PY,파라과이,2026-03-01,371,18220194,33,407608,17812586
RS,세르비아,2026-03-01,490,17643647,148,8171001,9472646
HN,온두라스,2026-03-01,459,16491308,248,4703710,11787598
KE,케냐,2026-03-01,371,16166517,104,3003785,13162732
DJ,지부티,2026-03-01,23,15414982,5,6996,15407986
SN,세네갈,2026-03-01,792,15072567,22,1129818,13942749
TZ,탄자니아,2026-03-01,486,14147790,30,2655488,11492302
UY,우루과이,2026-03-01,305,14055970,84,32711200,-18655230
TN,튀니지,2026-03-01,257,12950020,897,13160186,-210166
LA,라오스,2026-03-01,188,11431903,165,7069720,4362183
KW,쿠웨이트,2026-03-01,163,10956614,38,396680074,-385723460
OM,오만,2026-03-01,605,10050567,96,221758790,-211708223
BF,부르키나 파소,2026-03-01,23,9716098,2,398,9715700
MD,몰도바,2026-03-01,350,7994073,279,3194312,4799761
HR,크로아티아,2026-03-01,395,7934867,161,1534291,6400576
MZ,모잠비크,2026-03-01,89,7660051,10,76668269,-69008218
BY,벨라루스,2026-03-01,191,7632664,12,883574,6749090
BO,볼리비아,2026-03-01,117,7340358,28,21139777,-13799419
LU,룩셈부르그,2026-03-01,297,7026697,243,13741019,-6714322
LB,레바논,2026-03-01,115,6719060,53,1005793,5713267
NI,니카라과,2026-03-01,143,6502627,76,1822259,4680368
IS,아이슬란드,2026-03-01,280,6258080,46,3132749,3125331
LV,라트비아,2026-03-01,412,5760090,342,7536107,-1776017
CY,사이프러스,2026-03-01,406,5450185,17,239886,5210299
WS,사모아,2026-03-01,50,5131195,4,63171,5068024
QA,카타르,2026-03-01,388,5038330,108,480702587,-475664257
GN,기니,2026-03-01,349,4453112,42,4722945,-269833
ZW,짐바브웨,2026-03-01,47,4204140,8,2483420,1720720
GY,가이아나,2026-03-01,86,4191032,11,841273,3349759
AF,아프카니스탄,2026-03-01,188,4187050,11,223378,3963672
AM,아르메니아,2026-03-01,208,4186310,121,1319559,2866751
AO,앙골라,2026-03-01,143,4150405,0,0,4150405
VE,베네주엘라,2026-03-01,184,4141576,8,370551,3771025
GD,그레나다,2026-03-01,15,3962831,0,0,3962831
ZZ,기타국,2026-03-01,158,3806562,864,9181864,-5375302
TT,트리니다드 토바고,2026-03-01,126,3521413,29,10687908,-7166495
RE,불령 리유니온 코모도 제도,2026-03-01,84,3339605,3,2445,3337160
NP,네팔,2026-03-01,207,3299072,735,630934,2668138
BJ,베닝,2026-03-01,49,3184325,2,3482,3180843
HT,아이티,2026-03-01,64,3122440,6,58824,3063616
MG,마다카스카르,2026-03-01,432,2916710,154,7245550,-4328840
PF,불령 폴리네시아,2026-03-01,103,2894782,0,18643,2876139
UG,우간다,2026-03-01,44,2733122,28,3649856,-916734
MU,모리셔스,2026-03-01,215,2729720,32,357476,2372244
AS,아메리칸 사모아,2026-03-01,37,2693793,5,682,2693111
CM,카메룬,2026-03-01,118,2641284,11,14002,2627282
SD,수단,2026-03-01,67,2581379,0,71,2581308
MO,마카오,2026-03-01,544,2429929,476,595260,1834669
ZM,잠비아,2026-03-01,87,2421877,14,26339273,-23917396
Z1,국제통화기금,2026-03-01,8,2401055,0,42,2401013
NE,니제르,2026-03-01,5,2314760,0,0,2314760
MP,북마리아나 군도,2026-03-01,172,2281094,4,143700,2137394
CD,콩고민주공화국,2026-03-01,42,2138920,53,205391472,-203252552
YE,예맨,2026-03-01,39,2048644,32,3036867,-988223
GA,가봉,2026-03-01,392,1891501,3,159242,1732259
TG,토고,2026-03-01,166,1861215,12,823724,1037491
BZ,벨리제,2026-03-01,20,1812518,3,3998,1808520
RW,르완다,2026-03-01,288,1765894,4,980531,785363
CG,콩고,2026-03-01,142,1758800,1,131063,1627737
JM,자마이카,2026-03-01,90,1708900,10,2768,1706132
CW,큐라소,2026-03-01,48,1561141,2,17682,1543459
AW,아루바,2026-03-01,76,1459691,1,19,1459672
BN,브루나이,2026-03-01,240,1360426,15,60504802,-59144376
MV,몰디브,2026-03-01,178,1341691,2,5351,1336340
BA,보스니아-헤르체고비나,2026-03-01,90,1174609,83,1306759,-132150
MC,모나코,2026-03-01,20,1040193,14,729891,310302
IR,이란,2026-03-01,24,998201,4,126346,871855
BM,버뮤다,2026-03-01,15,996654,2,114,996540
NC,뉴 칼레도니아,2026-03-01,51,978173,14,26481812,-25503639
PS,팔레스타인 해방기구,2026-03-01,17,962146,6,145963,816183
MK,마세도니아,2026-03-01,93,953965,18,180782,773183
SO,소말리아,2026-03-01,20,876097,2,61087,815010
LI,리히텐슈타인,2026-03-01,11,845582,78,3352826,-2507244
BI,부룬디,2026-03-01,31,775686,1,21,775665
VU,바누아투,2026-03-01,41,772866,17,856051,-83185
BB,바베이도스,2026-03-01,37,769523,5,20350,749173
FM,마이크로네시아,2026-03-01,74,642315,1,26928,615387
MR,모리타니,2026-03-01,33,630315,7,1465931,-835616
TV,투발루,2026-03-01,6,600353,0,0,600353
SL,시에라 리온,2026-03-01,42,596721,10,1138192,-541471
SB,솔로몬 군도,2026-03-01,14,593765,2,63511,530254
TM,투르크멘,2026-03-01,33,584953,1,25659,559294
MQ,마티니크,2026-03-01,35,571979,0,0,571979
GM,감비아,2026-03-01,184,553414,10,1047695,-494281
SC,세이쉘,2026-03-01,28,526870,7,211616,315254
SR,수리남,2026-03-01,20,516534,12,524643,-8109
KY,영령 캐이맨 군도,2026-03-01,22,497092,0,0,497092
NA,나미비아,2026-03-01,20,483500,9,12520802,-12037302
GP,과델로프,2026-03-01,21,465386,0,0,465386
LC,세인트 루시아,2026-03-01,17,418924,1,15820,403104
GF,불령 가이아나,2026-03-01,19,414354,2,5579393,-5165039
ML,말리,2026-03-01,22,392213,1,1418,390795
GQ,적도 기니,2026-03-01,26,385975,4,35084632,-34698657
BT,부탄,2026-03-01,42,371101,7,1249442,-878341
ME,몬테네그로,2026-03-01,37,334828,1,1205,333623
CU,쿠바,2026-03-01,18,306850,5,972183,-665333
GI,지브랄타,2026-03-01,19,301859,1,595,301264
MW,말라위,2026-03-01,15,272701,15,1261204,-988503
BH,바레인,2026-03-01,79,230310,32,43863145,-43632835
KI,키리바티,2026-03-01,11,227819,2,798855,-571036
MF,세인트 마틴,2026-03-01,16,214871,0,0,214871
DM,도미니카,2026-03-01,12,214295,0,172,214123
TL,티모르,2026-03-01,5,202932,2,1621,201311
PW,팔라우,2026-03-01,21,193570,2,50976,142594
SX,세인트마틴(생마르탱),2026-03-01,12,156775,0,0,156775
AD,안도라,2026-03-01,8,148614,181,71616,76998
TC,투르크 & 카이코스 군도,2026-03-01,5,115713,0,0,115713
VG,영령 버진군도,2026-03-01,10,103629,0,0,103629
VC,세인트 빈센트 그레나딘,2026-03-01,7,96656,2,8862,87794
YT,메요트,2026-03-01,1,93425,0,0,93425
CV,카보 베르데,2026-03-01,5,68220,0,0,68220
TD,챠드,2026-03-01,3,55572,0,88,55484
AG,안티가 바부다,2026-03-01,12,52620,1,500,52120
AI,앙귈라,2026-03-01,3,47302,0,570,46732
BQ,보네르 신트외스타티위스,2026-03-01,2,43077,0,0,43077
SM,산마리노,2026-03-01,3,30090,7,63925,-33835
KN,세인트 키츠 네비스,2026-03-01,8,28152,4,9978,18174
AN,네덜란드 열도,2026-03-01,11,27958,1,756,27202
TO,통가,2026-03-01,6,22005,2,16435,5570
VI,미령 버진군도,2026-03-01,5,20238,1,167,20071
KM,코모로스,2026-03-01,8,18321,2,824,17497
SS,남수단,2026-03-01,2,18121,0,0,18121
SZ,스와질랜드,2026-03-01,4,17561,6,91611,-74050
BW,보츠와나,2026-03-01,5,9244,3,27329,-18085
ST,상토메 프린스페,2026-03-01,1,7903,0,0,7903
VA,교황청,2026-03-01,11,6009,1,124,5885
GL,그린랜드,2026-03-01,3,5593,3,9386,-3793
BL,세인트 바르탤르미,2026-03-01,7,4172,0,0,4172
FK,포클랜드 군도,2026-03-01,1,1900,0,0,1900
SH,세인트 헬레나,2026-03-01,1,1018,0,0,1018
GG,건지,2026-03-01,3,390,1,200,190
GW,기네비소,2026-03-01,2,267,0,0,267
FO,파로에 군도,2026-03-01,3,95,1,165708,-165613
JE,저어지,2026-03-01,1,76,1,1548,-1472
CK,쿡 아일랜드,2026-03-01,1,66,2,978,-912
LS,레소토,2026-03-01,1,60,1,2117,-2057
MS,몬트세라트,2026-03-01,1,39,1,2858,-2819
CX,크리스마스 아일랜드,2026-03-01,0,0,2,10050,-10050
NR,나우루,2026-03-01,0,0,3,2663607,-2663607
NU,니우에,2026-03-01,0,0,1,12212,-12212
TF,불령 남부지역,2026-03-01,0,0,0,481,-481
PM,세인트 피레 미켈론,2026-03-01,0,0,1,262,-262
UM,마이너 아우틀링 합중국 군도,2026-03-01,0,0,4,9492,-9492
AQ,안타티카,2026-03-01,0,0,2,995,-995
TK,토켈라우,2026-03-01,0,0,1,81747,-81747
IM,맨섬,2026-03-01,0,0,1,50,-50
GS,남조지아 & 남샌드위치 군도,2026-03-01,0,0,0,308,-308
CN,중국,2026-04-01,131170,17665775164,1858923,15590890800,2074884364
US,미국,2026-04-01,228513,16359174314,1457340,8330306402,8028867912
VN,베트남,2026-04-01,65512,7897898476,234982,3004795287,4893103189
TW,대만,2026-04-01,56099,5561208241,24974,3310625846,2250582395
HK,홍콩,2026-04-01,27180,5541634002,428361,207901320,5333732682
JP,일본,2026-04-01,111938,2981619061,574743,4496151777,-1514532716
IN,인도,2026-04-01,22961,2416741484,14116,698212193,1718529291
AU,호주,2026-04-01,26902,2205441124,35005,2632237134,-426796010
SG,싱가포르,2026-04-01,48750,2194531210,19280,1562828447,631702763
PH,필리핀,2026-04-01,31553,1595235647,6978,399713235,1195522412
MY,말레이시아,2026-04-01,35739,1536350259,16077,2084112664,-547762405
MX,멕시코,2026-04-01,18055,1348183600,8585,970525674,377657926
CA,캐나다,2026-04-01,23380,1145189648,44845,1124026948,21162700
TH,태국,2026-04-01,25057,1065298978,47818,686480307,378818671
NL,네덜란드,2026-04-01,11025,1054937215,6128,1088099052,-33161837
DE,독일,2026-04-01,18637,955730667,134980,1803476832,-847746165
ID,인도네시아,2026-04-01,14549,909173546,11042,855424590,53748956
TR,튀르키예,2026-04-01,7005,835217088,3180,196480537,638736551
PL,폴란드,2026-04-01,7716,796087583,2450,114240428,681847155
FR,프랑스,2026-04-01,8596,778069044,25594,787596516,-9527472
GB,영국,2026-04-01,24276,732061206,21048,422564682,309496524
BR,브라질,2026-04-01,11548,650749231,2184,725173668,-74424437
MH,마샬군도,2026-04-01,43,542321073,16,58229,542262844
IT,이탈리아,2026-04-01,7728,468191925,31325,692919525,-224727600
HU,헝가리,2026-04-01,2605,375908769,1357,61312834,314595935
CZ,체코공화국,2026-04-01,3486,371277026,3558,145424988,225852038
GR,그리스,2026-04-01,1533,358424915,450,99405643,259019272
BE,벨기에,2026-04-01,3157,353464044,2134,138677433,214786611
BD,방글라데시,2026-04-01,2699,343219538,3018,41076733,302142805
LR,라이베리아,2026-04-01,136,331095054,15,3401,331091653
ES,스페인,2026-04-01,6099,318853539,8617,242716184,76137355
RU,러시아 연방,2026-04-01,8861,317619492,1676,745190499,-427571007
NZ,뉴질랜드,2026-04-01,3359,294130921,24367,198553832,95577089
SA,사우디아라비아,2026-04-01,4140,282827014,255,1905141235,-1622314221
MT,몰타,2026-04-01,345,277716074,77,4199521,273516553
EG,이집트,2026-04-01,2423,275986720,302,18849816,257136904
AE,아랍에미리트 연합,2026-04-01,5543,231754523,343,1401669109,-1169914586
SK,슬로바키아,2026-04-01,1829,214648887,1369,66759286,147889601
BM,버뮤다,2026-04-01,25,211544176,0,0,211544176
KG,키르기스스탄,2026-04-01,8996,208744579,7,60019,208684560
IE,아일랜드,2026-04-01,1371,194575348,1158,102094981,92480367
UZ,우즈베키스탄,2026-04-01,2656,181029096,69,2694719,178334377
CH,스위스,2026-04-01,3556,177057825,4665,306815097,-129757272
KZ,카자흐스탄,2026-04-01,5190,176108438,59,134402649,41705789
NO,노르웨이,2026-04-01,1560,163174313,2267,156969905,6204408
CO,콜롬비아,2026-04-01,1992,157410067,1439,105509211,51900856
IL,이스라엘,2026-04-01,15964,141174559,1825,215928888,-74754329
SE,스웨덴,2026-04-01,2064,139952639,3538,149872456,-9919817
GU,괌,2026-04-01,620,115903469,37,877989,115025480
CL,칠레,2026-04-01,2913,110266075,1265,534567941,-424301866
PK,파키스탄,2026-04-01,1855,99230880,651,29680604,69550276
AT,오스트리아,2026-04-01,2406,84556040,2351,158283069,-73727029
PT,포루투갈,2026-04-01,1228,83107358,4296,39229265,43878093
ZA,남아프리카공화국,2026-04-01,2118,80191790,358,152783227,-72591437
SI,슬로베니아,2026-04-01,764,74833179,461,18521291,56311888
PE,페루,2026-04-01,1601,67713718,853,193867593,-126153875
KH,캄보디아,2026-04-01,2911,66979380,2280,51839782,15139598
RO,루마니아,2026-04-01,1606,63543935,2279,43241166,20302769
UA,우크라이나,2026-04-01,1219,60256895,170,15947667,44309228
MN,몽골,2026-04-01,3866,55851605,1114,1372270,54479335
IQ,이라크,2026-04-01,180,54641459,81,611866681,-557225222
FI,핀란드,2026-04-01,1194,52231835,1190,81363855,-29132020
SY,시리아,2026-04-01,2300,50251526,0,15403,50236123
LT,리투아니아,2026-04-01,770,48201396,520,8402199,39799197
DK,덴마크,2026-04-01,1738,46883641,1960,136828562,-89944921
AL,알바니아,2026-04-01,2980,43476388,77,528882,42947506
DZ,알제리,2026-04-01,839,42502991,26,324075359,-281572368
NG,나이지리아,2026-04-01,1271,42444914,109,199764207,-157319293
FJ,피지,2026-04-01,99,42223309,7,15776,42207533
JO,요르단,2026-04-01,1194,41514745,136,5356050,36158695
AR,아르헨티나,2026-04-01,1097,38731532,281,29038479,9693053
LY,리비아,2026-04-01,9283,36687174,28,68642747,-31955573
MM,미얀마,2026-04-01,787,33697386,1946,46432641,-12735255
MA,모로코,2026-04-01,503,31005610,338,24877438,6128172
OM,오만,2026-04-01,1431,30355658,75,116376806,-86021148
BG,불가리아,2026-04-01,884,29504839,1570,9633678,19871161
PA,파나마,2026-04-01,1277,29319934,72,2469488,26850446
TJ,타지크,2026-04-01,3191,28500088,2,517,28499571
DO,도미니카 공화국,2026-04-01,797,27692846,140,7596407,20096439
GT,과테말라,2026-04-01,709,26397937,255,13837729,12560208
PR,푸에르토리코,2026-04-01,344,26104297,173,26045269,59028
DJ,지부티,2026-04-01,52,25511908,0,0,25511908
SV,엘살바도르,2026-04-01,276,24398544,170,2882336,21516208
GH,가나,2026-04-01,1885,24274046,39,4329991,19944055
EC,에쿠아도르,2026-04-01,541,23934247,229,15187373,8746874
LK,스리랑카,2026-04-01,889,23373671,671,9256566,14117105
PF,불령 폴리네시아,2026-04-01,95,19810390,0,6202,19804188
EE,에스토니아,2026-04-01,643,18438024,275,9517979,8920045
SN,세네갈,2026-04-01,673,17825783,41,2682802,15142981
PY,파라과이,2026-04-01,263,17466970,20,638104,16828866
KE,케냐,2026-04-01,373,17421701,98,3458128,13963573
TZ,탄자니아,2026-04-01,443,17416754,36,13410899,4005855
CR,코스타리카,2026-04-01,802,17216877,559,14551071,2665806
MZ,모잠비크,2026-04-01,93,16892193,11,55615353,-38723160
ET,에티오피아,2026-04-01,81,15484435,209,12210883,3273552
CI,코트디봐르,2026-04-01,200,15173790,50,21212044,-6038254
RS,세르비아,2026-04-01,370,14647139,188,13760110,887029
IS,아이슬란드,2026-04-01,224,14631629,42,889319,13742310
UY,우루과이,2026-04-01,235,14438825,111,39579795,-25140970
GE,조지아,2026-04-01,505,14378482,55,2064448,12314034
AZ,아제르바이잔,2026-04-01,650,13759715,5,46215,13713500
HN,온두라스,2026-04-01,404,13489348,183,8846125,4643223
TN,튀니지,2026-04-01,207,13436293,744,8822036,4614257
LA,라오스,2026-04-01,204,13128689,216,6633743,6494946
BY,벨라루스,2026-04-01,335,11194769,15,1841014,9353755
AO,앙골라,2026-04-01,143,11120925,4,8190,11112735
HR,크로아티아,2026-04-01,329,9894950,173,3065529,6829421
QA,카타르,2026-04-01,674,9300862,65,27513201,-18212339
NI,니카라과,2026-04-01,129,8048109,73,15534928,-7486819
KW,쿠웨이트,2026-04-01,382,7690874,30,15293099,-7602225
BZ,벨리제,2026-04-01,25,6740700,0,7956,6732744
SD,수단,2026-04-01,146,6673158,0,0,6673158
LB,레바논,2026-04-01,174,6456336,78,3340871,3115465
VE,베네주엘라,2026-04-01,167,6098828,10,256273,5842555
ER,에리트리아,2026-04-01,4,6050880,0,0,6050880
TT,트리니다드 토바고,2026-04-01,125,5958783,38,64157223,-58198440
MD,몰도바,2026-04-01,259,5700416,208,2806579,2893837
LU,룩셈부르그,2026-04-01,220,5652179,208,10801814,-5149635
WS,사모아,2026-04-01,41,5376570,4,2013,5374557
LV,라트비아,2026-04-01,554,5165172,294,8582411,-3417239
AS,아메리칸 사모아,2026-04-01,44,5043817,4,144628,4899189
CY,사이프러스,2026-04-01,487,5001550,27,388622,4612928
ZZ,기타국,2026-04-01,167,4634814,813,8986824,-4352010
PS,팔레스타인 해방기구,2026-04-01,31,4622087,7,354813,4267274
PG,파푸아 뉴기니,2026-04-01,81,4346314,43,153986502,-149640188
YE,예맨,2026-04-01,119,4250427,16,1677195,2573232
GY,가이아나,2026-04-01,102,4113622,9,693478,3420144
MG,마다카스카르,2026-04-01,590,4022376,193,6849235,-2826859
BO,볼리비아,2026-04-01,102,3826142,25,48898501,-45072359
AF,아프카니스탄,2026-04-01,168,3687109,8,12534,3674575
BF,부르키나 파소,2026-04-01,16,3597317,0,0,3597317
MU,모리셔스,2026-04-01,167,3380986,22,234376,3146610
NP,네팔,2026-04-01,195,3121609,840,496552,2625057
BJ,베닝,2026-04-01,76,3117230,0,0,3117230
GD,그레나다,2026-04-01,12,2912444,0,0,2912444
AM,아르메니아,2026-04-01,200,2678364,77,2045532,632832
ZW,짐바브웨,2026-04-01,37,2585920,9,492061,2093859
TM,투르크멘,2026-04-01,47,2551276,1,42,2551234
RE,불령 리유니온 코모도 제도,2026-04-01,63,2540114,1,45,2540069
GN,기니,2026-04-01,349,2438684,33,3278037,-839353
BN,브루나이,2026-04-01,181,2334451,25,24536279,-22201828
JM,자마이카,2026-04-01,70,2202498,19,1023161,1179337
HT,아이티,2026-04-01,47,2101950,5,67104,2034846
CM,카메룬,2026-04-01,108,1981130,10,193898,1787232
TG,토고,2026-04-01,128,1899107,10,347084,1552023
AW,아루바,2026-04-01,56,1894248,1,8873,1885375
MO,마카오,2026-04-01,782,1769168,227,194395,1574773
BA,보스니아-헤르체고비나,2026-04-01,87,1687077,62,743620,943457
CD,콩고민주공화국,2026-04-01,55,1673947,49,322486837,-320812890
CG,콩고,2026-04-01,218,1666215,1,376,1665839
NE,니제르,2026-04-01,5,1598943,0,0,1598943
GA,가봉,2026-04-01,469,1595472,3,88520,1506952
BB,바베이도스,2026-04-01,32,1434200,4,5419,1428781
UG,우간다,2026-04-01,59,1386227,37,2633552,-1247325
MV,몰디브,2026-04-01,124,1353990,4,13656,1340334
RW,르완다,2026-04-01,230,1344579,10,547102,797477
MP,북마리아나 군도,2026-04-01,131,1257882,4,180799,1077083
NC,뉴 칼레도니아,2026-04-01,70,1209751,9,18265629,-17055878
BH,바레인,2026-04-01,153,1181423,22,1876676,-695253
VU,바누아투,2026-04-01,67,1100332,30,1426713,-326381
IR,이란,2026-04-01,23,1088937,7,146396,942541
ZM,잠비아,2026-04-01,46,1056855,9,15367277,-14310422
GP,과델로프,2026-04-01,38,979249,0,0,979249
SC,세이쉘,2026-04-01,30,939357,4,242399,696958
LI,리히텐슈타인,2026-04-01,16,938684,61,2441317,-1502633
FM,마이크로네시아,2026-04-01,54,903440,1,446,902994
MR,모리타니,2026-04-01,39,902342,11,2151859,-1249517
MK,마세도니아,2026-04-01,86,897001,27,395543,501458
KI,키리바티,2026-04-01,40,896475,2,612154,284321
SO,소말리아,2026-04-01,21,827746,1,92800,734946
BS,바하마,2026-04-01,40,770527,3,2589,767938
SB,솔로몬 군도,2026-04-01,15,742908,2,2351,740557
MQ,마티니크,2026-04-01,15,716329,0,0,716329
KY,영령 캐이맨 군도,2026-04-01,15,712492,0,0,712492
ML,말리,2026-04-01,18,682349,2,81,682268
SS,남수단,2026-04-01,4,681033,1,10,681023
BT,부탄,2026-04-01,44,656001,6,542948,113053
BI,부룬디,2026-04-01,56,649617,1,89,649528
TD,챠드,2026-04-01,4,631417,0,0,631417
GQ,적도 기니,2026-04-01,36,519049,2,53204596,-52685547
SR,수리남,2026-04-01,28,473238,16,1188162,-714924
MF,세인트 마틴,2026-04-01,16,460353,1,874,459479
CU,쿠바,2026-04-01,18,410910,4,910281,-499371
NA,나미비아,2026-04-01,36,408272,8,5941952,-5533680
DM,도미니카,2026-04-01,28,402843,2,87594,315249
GM,감비아,2026-04-01,128,389987,6,3052065,-2662078
CW,큐라소,2026-04-01,51,389279,1,17580,371699
GF,불령 가이아나,2026-04-01,25,364593,0,0,364593
LC,세인트 루시아,2026-04-01,21,350055,1,10,350045
VG,영령 버진군도,2026-04-01,9,347182,0,0,347182
MW,말라위,2026-04-01,12,346038,17,3788772,-3442734
PW,팔라우,2026-04-01,20,345160,2,44204,300956
VC,세인트 빈센트 그레나딘,2026-04-01,9,325048,0,0,325048
TV,투발루,2026-04-01,16,323085,0,0,323085
TC,투르크 & 카이코스 군도,2026-04-01,8,309160,0,52,309108
SL,시에라 리온,2026-04-01,42,307321,27,1904951,-1597630
KN,세인트 키츠 네비스,2026-04-01,11,302275,3,750,301525
GI,지브랄타,2026-04-01,28,218746,1,2253,216493
TL,티모르,2026-04-01,2,177045,0,2029,175016
CV,카보 베르데,2026-04-01,5,175345,0,3991,171354
ME,몬테네그로,2026-04-01,23,158788,3,1389,157399
AG,안티가 바부다,2026-04-01,6,133142,1,450,132692
BW,보츠와나,2026-04-01,12,86763,12,328080,-241317
CF,중앙아프리카공화국,2026-04-01,4,83212,0,0,83212
SZ,스와질랜드,2026-04-01,6,68971,1,5037,63934
BQ,보네르 신트외스타티위스,2026-04-01,1,43029,0,0,43029
MC,모나코,2026-04-01,9,42761,5,208278,-165517
SM,산마리노,2026-04-01,1,21150,8,56871,-35721
AN,네덜란드 열도,2026-04-01,6,13635,3,222279,-208644
TO,통가,2026-04-01,1,11998,1,14731,-2733
GW,기네비소,2026-04-01,4,11866,0,0,11866
GG,건지,2026-04-01,7,10468,0,131,10337
GL,그린랜드,2026-04-01,10,8118,2,312528,-304410
VI,미령 버진군도,2026-04-01,11,7089,1,27637058,-27629969
AD,안도라,2026-04-01,4,5277,70,112642,-107365
FK,포클랜드 군도,2026-04-01,3,5153,0,0,5153
AI,앙귈라,2026-04-01,2,3206,0,0,3206
BL,세인트 바르탤르미,2026-04-01,2,2856,0,0,2856
HM,허드 앤 맥도날드 군도,2026-04-01,1,2332,0,0,2332
SX,세인트마틴(생마르탱),2026-04-01,8,2262,0,0,2262
KM,코모로스,2026-04-01,1,1779,0,0,1779
VA,교황청,2026-04-01,3,935,0,16,919
CK,쿡 아일랜드,2026-04-01,2,487,1,816,-329
FO,파로에 군도,2026-04-01,6,452,2,161840,-161388
LS,레소토,2026-04-01,3,268,0,8124,-7856
JE,저어지,2026-04-01,2,150,2,1283,-1133
SH,세인트 헬레나,2026-04-01,0,0,1,278,-278
TK,토켈라우,2026-04-01,0,0,1,4623,-4623
NF,노폴크 아일랜드,2026-04-01,0,0,1,56,-56
GS,남조지아 & 남샌드위치 군도,2026-04-01,0,0,1,4535,-4535
AQ,안타티카,2026-04-01,0,0,11,19771,-19771
NU,니우에,2026-04-01,0,0,3,116608,-116608
CN,중국,2026-05-01,102203,18883273656,1741649,15097201176,3786072480
US,미국,2026-05-01,209755,15981424196,1437883,7518118978,8463305218
VN,베트남,2026-05-01,58194,8444946848,219659,2623560168,5821386680
TW,대만,2026-05-01,49453,6664226583,23523,3137223595,3527002988
HK,홍콩,2026-05-01,21666,6466679096,399314,248816104,6217862992
JP,일본,2026-05-01,94098,2640921923,542648,4292956230,-1652034307
SG,싱가포르,2026-05-01,45063,2304934700,18778,1337718054,967216646
AU,호주,2026-05-01,26117,2095884990,34490,3021929208,-926044218
IN,인도,2026-05-01,19153,1955195312,13266,652952460,1302242852
PH,필리핀,2026-05-01,30249,1699996902,6455,403070746,1296926156
MX,멕시코,2026-05-01,17004,1532846887,7547,575071299,957775588
MY,말레이시아,2026-05-01,33201,1461438695,14874,1386274949,75163746
NL,네덜란드,2026-05-01,10090,1298148568,5414,1371005824,-72857256
CA,캐나다,2026-05-01,20795,1121829017,46786,1136033074,-14204057
TH,태국,2026-05-01,22824,913772912,48414,636930482,276842430
ID,인도네시아,2026-05-01,12004,912941138,10524,887287141,25653997
DE,독일,2026-05-01,18344,816249342,125646,1994427226,-1178177884
TR,튀르키예,2026-05-01,5619,782801354,2998,134960722,647840632
MH,마샬군도,2026-05-01,20,693427454,13,46041,693381413
PL,폴란드,2026-05-01,6574,672196913,2239,115798171,556398742
GB,영국,2026-05-01,20118,568289102,20153,379554922,188734180
BR,브라질,2026-05-01,11865,561552335,1811,518209631,43342704
BE,벨기에,2026-05-01,3045,436967714,1939,90132936,346834778
IT,이탈리아,2026-05-01,7163,433548626,31659,720146682,-286598056
CZ,체코공화국,2026-05-01,3114,379221816,3286,136354238,242867578
NZ,뉴질랜드,2026-05-01,3071,369372110,29191,161080653,208291457
ES,스페인,2026-05-01,6228,354408064,8026,260926487,93481577
LR,라이베리아,2026-05-01,93,338096624,14,2570,338094054
AE,아랍에미리트 연합,2026-05-01,5488,336766513,300,1784354763,-1447588250
CH,스위스,2026-05-01,3268,293980029,4441,280389786,13590243
RU,러시아 연방,2026-05-01,7505,286626363,1450,478038442,-191412079
SA,사우디아라비아,2026-05-01,3557,279291375,259,2352917781,-2073626406
FR,프랑스,2026-05-01,8987,276647916,21499,611249613,-334601697
BD,방글라데시,2026-05-01,2056,264601525,3317,35660701,228940824
NO,노르웨이,2026-05-01,1435,254825589,2164,157861939,96963650
MT,몰타,2026-05-01,339,250627118,69,1618509,249008609
HU,헝가리,2026-05-01,2454,250124490,1318,65779866,184344624
BS,바하마,2026-05-01,36,233163993,3,275027,232888966
IE,아일랜드,2026-05-01,1397,212965257,1082,122844835,90120422
BM,버뮤다,2026-05-01,24,211445755,2,603,211445152
KG,키르기스스탄,2026-05-01,7746,203340019,5,24349,203315670
SK,슬로바키아,2026-05-01,1584,183162486,1229,56163791,126998695
KZ,카자흐스탄,2026-05-01,4550,159672544,60,230666760,-70994216
UZ,우즈베키스탄,2026-05-01,1967,158861516,60,1883938,156977578
CO,콜롬비아,2026-05-01,1833,158015057,1169,72251152,85763905
EG,이집트,2026-05-01,2155,147656200,248,83314269,64341931
IL,이스라엘,2026-05-01,9918,146860317,1722,132788969,14071348
SE,스웨덴,2026-05-01,1998,141424891,2967,163229064,-21804173
GU,괌,2026-05-01,615,97983880,31,325142,97658738
SI,슬로베니아,2026-05-01,662,90221147,345,10591738,79629409
AT,오스트리아,2026-05-01,2029,87263313,2194,141996621,-54733308
CL,칠레,2026-05-01,2760,86771625,1086,520294271,-433522646
PK,파키스탄,2026-05-01,1507,86515251,645,14412529,72102722
ZZ,기타국,2026-05-01,133,76005468,735,8249808,67755660
PA,파나마,2026-05-01,1077,71147559,104,2515699,68631860
IQ,이라크,2026-05-01,366,66202803,56,158804984,-92602181
ZA,남아프리카공화국,2026-05-01,1819,62787974,403,292359140,-229571166
PT,포루투갈,2026-05-01,1085,60820756,4945,26427344,34393412
PE,페루,2026-05-01,1373,57588029,704,164882847,-107294818
KH,캄보디아,2026-05-01,2738,55712805,2176,46951287,8761518
NG,나이지리아,2026-05-01,1224,53314694,34,110637787,-57323093
JO,요르단,2026-05-01,1189,51711277,155,7782813,43928464
MN,몽골,2026-05-01,3251,50569379,856,3492461,47076918
UA,우크라이나,2026-05-01,1059,48157302,129,24080070,24077232
DK,덴마크,2026-05-01,1642,46295563,1855,109551245,-63255682
RO,루마니아,2026-05-01,1555,43440277,2153,36024570,7415707
GR,그리스,2026-05-01,1433,41198430,383,14467809,26730621
FJ,피지,2026-05-01,85,40497377,9,736159,39761218
LT,리투아니아,2026-05-01,660,38256398,562,7862446,30393952
OM,오만,2026-05-01,745,37302615,87,540552736,-503250121
DZ,알제리,2026-05-01,818,35375604,25,936941574,-901565970
AL,알바니아,2026-05-01,2263,34671508,85,716298,33955210
FI,핀란드,2026-05-01,1047,33723223,1142,64029322,-30306099
MA,모로코,2026-05-01,432,31514443,351,18314395,13200048
PR,푸에르토리코,2026-05-01,368,30877046,171,34970391,-4093345
LY,리비아,2026-05-01,7502,30336252,28,212253302,-181917050
EE,에스토니아,2026-05-01,506,29702207,332,5996319,23705888
AR,아르헨티나,2026-05-01,1018,28393651,315,59214080,-30820429
GT,과테말라,2026-05-01,712,26875093,227,9063334,17811759
TJ,타지크,2026-05-01,3022,25890882,0,334,25890548
SY,시리아,2026-05-01,732,25624397,1,1679,25622718
BG,불가리아,2026-05-01,783,24152964,1389,41306420,-17153456
MM,미얀마,2026-05-01,756,23553092,2421,16191621,7361471
SV,엘살바도르,2026-05-01,242,23512402,180,2778370,20734032
DO,도미니카 공화국,2026-05-01,712,23073519,150,9615840,13457679
GH,가나,2026-05-01,1839,22868282,39,11078383,11789899
EC,에쿠아도르,2026-05-01,446,22831362,210,144998802,-122167440
ET,에티오피아,2026-05-01,86,22407209,199,13423391,8983818
DJ,지부티,2026-05-01,27,22191060,1,3521,22187539
KW,쿠웨이트,2026-05-01,430,20374069,44,1735,20372334
KE,케냐,2026-05-01,313,19272998,98,2285059,16987939
LK,스리랑카,2026-05-01,827,18864455,625,9299007,9565448
HR,크로아티아,2026-05-01,442,18364897,152,3442306,14922591
TZ,탄자니아,2026-05-01,361,16449902,26,9735825,6714077
AZ,아제르바이잔,2026-05-01,713,15583263,13,289084,15294179
TN,튀니지,2026-05-01,210,15573394,761,7136458,8436936
GE,조지아,2026-05-01,456,14868063,56,16994025,-2125962
RS,세르비아,2026-05-01,375,14775008,173,7759144,7015864
CR,코스타리카,2026-05-01,799,14147928,519,18624345,-4476417
UY,우루과이,2026-05-01,208,14033578,135,56328205,-42294627
SN,세네갈,2026-05-01,710,12959902,22,1923659,11036243
CI,코트디봐르,2026-05-01,160,12162447,27,12533869,-371422
PY,파라과이,2026-05-01,232,11991801,23,950392,11041409
HN,온두라스,2026-05-01,281,11138650,123,16640482,-5501832
AO,앙골라,2026-05-01,114,10719676,7,49963668,-39243992
NC,뉴 칼레도니아,2026-05-01,56,9405197,10,13937078,-4531881
LA,라오스,2026-05-01,192,9343536,214,10046993,-703457
LB,레바논,2026-05-01,193,8298898,44,490076,7808822
MZ,모잠비크,2026-05-01,74,8238684,3,993866,7244818
QA,카타르,2026-05-01,637,8091103,46,174509746,-166418643
YE,예맨,2026-05-01,335,7984034,3,67367,7916667
LU,룩셈부르그,2026-05-01,210,7775008,172,11837924,-4062916
BF,부르키나 파소,2026-05-01,22,7387874,1,84,7387790
BY,벨라루스,2026-05-01,205,7109122,16,1790382,5318740
MD,몰도바,2026-05-01,288,5894371,156,3400710,2493661
TT,트리니다드 토바고,2026-05-01,86,5740648,45,36283747,-30543099
GY,가이아나,2026-05-01,67,5715349,1,45883,5669466
PW,팔라우,2026-05-01,19,5505665,1,9,5505656
WS,사모아,2026-05-01,32,5235188,4,286551,4948637
UG,우간다,2026-05-01,45,5210832,30,687628,4523204
MU,모리셔스,2026-05-01,199,4912798,28,555959,4356839
SD,수단,2026-05-01,151,4712198,2,113901,4598297
LV,라트비아,2026-05-01,332,4526911,332,9956290,-5429379
IR,이란,2026-05-01,66,4223977,4,12636,4211341
ZW,짐바브웨,2026-05-01,33,4166450,25,2159008,2007442
IS,아이슬란드,2026-05-01,204,4072191,43,1255593,2816598
PS,팔레스타인 해방기구,2026-05-01,44,4012211,6,85,4012126
PG,파푸아 뉴기니,2026-05-01,70,3949991,45,82060571,-78110580
BJ,베닝,2026-05-01,77,3588050,0,372,3587678
MG,마다카스카르,2026-05-01,596,3555676,216,7243180,-3687504
AM,아르메니아,2026-05-01,178,3497108,57,1756705,1740403
GN,기니,2026-05-01,387,3254565,15,1781460,1473105
BZ,벨리제,2026-05-01,11,3243544,3,496,3243048
TG,토고,2026-05-01,155,3159248,13,784313,2374935
CY,사이프러스,2026-05-01,321,3034729,26,1005798,2028931
AF,아프카니스탄,2026-05-01,72,3024006,9,4403,3019603
VE,베네주엘라,2026-05-01,150,2903471,11,12510219,-9606748
BO,볼리비아,2026-05-01,83,2859879,14,141928575,-139068696
NI,니카라과,2026-05-01,92,2593613,73,6754616,-4161003
MR,모리타니,2026-05-01,49,2423093,17,3332707,-909614
BH,바레인,2026-05-01,192,2392333,17,305552,2086781
CD,콩고민주공화국,2026-05-01,71,2269980,74,324566239,-322296259
ML,말리,2026-05-01,15,2140310,5,444406,1695904
JM,자마이카,2026-05-01,74,2117521,16,985944,1131577
CM,카메룬,2026-05-01,105,2048482,8,164533,1883949
RW,르완다,2026-05-01,130,2000186,9,566055,1434131
CG,콩고,2026-05-01,179,1962522,4,730125,1232397
AW,아루바,2026-05-01,53,1939697,2,331,1939366
NP,네팔,2026-05-01,178,1764384,781,442999,1321385
SO,소말리아,2026-05-01,29,1719629,6,445167,1274462
PF,불령 폴리네시아,2026-05-01,79,1647421,4,184381,1463040
GD,그레나다,2026-05-01,5,1601549,0,0,1601549
TM,투르크멘,2026-05-01,43,1550473,1,482,1549991
GA,가봉,2026-05-01,485,1477370,5,254164224,-252686854
RE,불령 리유니온 코모도 제도,2026-05-01,45,1477235,4,637,1476598
BB,바베이도스,2026-05-01,21,1369277,6,348907,1020370
MO,마카오,2026-05-01,614,1337640,37,216317,1121323
MQ,마티니크,2026-05-01,16,1196034,0,0,1196034
BN,브루나이,2026-05-01,205,1087642,9,33037443,-31949801
ZM,잠비아,2026-05-01,61,1067047,8,12723878,-11656831
MP,북마리아나 군도,2026-05-01,116,1014942,3,157378,857564
HT,아이티,2026-05-01,24,961761,5,95745,866016
CW,큐라소,2026-05-01,43,953663,0,0,953663
BT,부탄,2026-05-01,40,903342,6,797383,105959
MW,말라위,2026-05-01,16,867659,5,1715621,-847962
MV,몰디브,2026-05-01,98,866697,2,4262,862435
GF,불령 가이아나,2026-05-01,11,864069,0,201,863868
KY,영령 캐이맨 군도,2026-05-01,13,824375,1,6960,817415
AS,아메리칸 사모아,2026-05-01,35,762305,3,230878,531427
GM,감비아,2026-05-01,120,736011,16,1329748,-593737
MK,마세도니아,2026-05-01,71,723740,31,247748,475992
LI,리히텐슈타인,2026-05-01,19,709240,48,2455638,-1746398
DM,도미니카,2026-05-01,39,688796,0,0,688796
TD,챠드,2026-05-01,7,622775,0,0,622775
AG,안티가 바부다,2026-05-01,13,577899,0,0,577899
NE,니제르,2026-05-01,6,572890,3,85054,487836
ER,에리트리아,2026-05-01,4,462250,0,0,462250
VU,바누아투,2026-05-01,43,441577,8,2729603,-2288026
FM,마이크로네시아,2026-05-01,41,409092,2,54811,354281
BA,보스니아-헤르체고비나,2026-05-01,68,406237,50,1165678,-759441
SB,솔로몬 군도,2026-05-01,8,404371,6,304664,99707
GP,과델로프,2026-05-01,23,393861,0,67,393794
SL,시에라 리온,2026-05-01,23,387151,17,1090506,-703355
CU,쿠바,2026-05-01,11,361932,4,114376,247556
SC,세이쉘,2026-05-01,27,351821,4,449484,-97663
LC,세인트 루시아,2026-05-01,15,335329,3,39749,295580
FO,파로에 군도,2026-05-01,3,312746,3,408672,-95926
NA,나미비아,2026-05-01,35,310642,6,112271,198371
SR,수리남,2026-05-01,13,303425,5,298255,5170
VG,영령 버진군도,2026-05-01,9,270562,0,1147,269415
ME,몬테네그로,2026-05-01,20,262056,1,338130,-76074
SX,세인트마틴(생마르탱),2026-05-01,19,229573,0,0,229573
VI,미령 버진군도,2026-05-01,9,217801,1,124,217677
TL,티모르,2026-05-01,3,204905,0,881,204024
GQ,적도 기니,2026-05-01,28,164742,2,69082525,-68917783
KN,세인트 키츠 네비스,2026-05-01,8,162555,5,19021,143534
BW,보츠와나,2026-05-01,7,156634,3,55639,100995
AN,네덜란드 열도,2026-05-01,20,130368,1,241,130127
SZ,스와질랜드,2026-05-01,7,101681,5,4957,96724
TC,투르크 & 카이코스 군도,2026-05-01,1,100975,0,0,100975
MF,세인트 마틴,2026-05-01,13,94128,0,0,94128
GI,지브랄타,2026-05-01,11,75842,3,3644,72198
CV,카보 베르데,2026-05-01,2,61698,0,0,61698
YT,메요트,2026-05-01,2,38654,0,0,38654
TO,통가,2026-05-01,3,34244,2,43937,-9693
KI,키리바티,2026-05-01,1,29862,5,62399,-32537
SM,산마리노,2026-05-01,1,26585,9,128185,-101600
BI,부룬디,2026-05-01,47,24328,1,1697,22631
CK,쿡 아일랜드,2026-05-01,2,19840,0,8659,11181
KM,코모로스,2026-05-01,3,14336,0,0,14336
VC,세인트 빈센트 그레나딘,2026-05-01,3,14027,0,0,14027
GL,그린랜드,2026-05-01,5,9219,0,102,9117
SS,남수단,2026-05-01,3,8716,0,0,8716
AI,앙귈라,2026-05-01,1,4500,0,0,4500
BL,세인트 바르탤르미,2026-05-01,3,2736,0,0,2736
AD,안도라,2026-05-01,3,2080,43,25940,-23860
VA,교황청,2026-05-01,2,1659,0,0,1659
MC,모나코,2026-05-01,6,1104,12,605742,-604638
GG,건지,2026-05-01,6,600,1,356,244
TK,토켈라우,2026-05-01,1,340,4,127195,-126855
JE,저어지,2026-05-01,1,190,2,191,-1
IM,맨섬,2026-05-01,1,33,1,159,-126
TV,투발루,2026-05-01,0,0,1,269,-269
UM,마이너 아우틀링 합중국 군도,2026-05-01,0,0,2,1514,-1514
GW,기네비소,2026-05-01,0,0,1,88899,-88899
CF,중앙아프리카공화국,2026-05-01,0,0,1,314,-314
CX,크리스마스 아일랜드,2026-05-01,0,0,1,5006,-5006
Z1,국제통화기금,2026-05-01,0,0,0,278,-278
GS,남조지아 & 남샌드위치 군도,2026-05-01,0,0,0,1195,-1195
IO,영령 인도양,2026-05-01,0,0,1,413,-413
LS,레소토,2026-05-01,0,0,4,4069,-4069
AQ,안타티카,2026-05-01,0,0,1,2,-2
NU,니우에,2026-05-01,0,0,0,8988,-8988
NR,나우루,2026-05-01,0,0,1,942,-942
ST,상토메 프린스페,2026-05-01,0,0,0,1890,-1890
CN,중국,2026-06-01,105915,20002319069,1974381,16422805296,3579513773
US,미국,2026-06-01,182732,20001821829,1412975,7910343302,12091478527
HK,홍콩,2026-06-01,36903,9095014345,350417,215248865,8879765480
VN,베트남,2026-06-01,67353,8610836817,222920,3141863664,5468973153
TW,대만,2026-06-01,84758,8322974039,24774,3770738739,4552235300
SG,싱가포르,2026-06-01,57633,3148226948,16892,1586265200,1561961748
JP,일본,2026-06-01,210435,2797700545,553599,4987561668,-2189861123
MY,말레이시아,2026-06-01,39807,2457720014,16390,1788988559,668731455
IN,인도,2026-06-01,20855,2104345865,14322,774956507,1329389358
AU,호주,2026-06-01,38389,2054191835,31499,2976171856,-921980021
PH,필리핀,2026-06-01,36906,1973584066,6830,364805505,1608778561
MX,멕시코,2026-06-01,20747,1569668688,8716,701520885,868147803
NL,네덜란드,2026-06-01,10796,1394426448,5439,1338844343,55582105
CA,캐나다,2026-06-01,24741,1167452324,48326,961946484,205505840
PL,폴란드,2026-06-01,7154,1107800823,2531,121386267,986414556
TH,태국,2026-06-01,22753,1051971398,48461,785028105,266943293
TR,튀르키예,2026-06-01,6479,938497784,3003,165134181,773363603
DE,독일,2026-06-01,23919,880905040,121702,2155379637,-1274474597
ID,인도네시아,2026-06-01,13101,846838566,11349,949492954,-102654388
GB,영국,2026-06-01,21655,735552113,20750,422553887,312998226
MH,마샬군도,2026-06-01,50,715752167,17,142571,715609596
MT,몰타,2026-06-01,422,699667878,87,3581826,696086052
BR,브라질,2026-06-01,15674,642112984,2393,348323029,293789955
AE,아랍에미리트 연합,2026-06-01,7063,492490928,334,1610156509,-1117665581
SA,사우디아라비아,2026-06-01,4842,482026443,274,2695754106,-2213727663
BE,벨기에,2026-06-01,2900,428211264,2774,123573216,304638048
IT,이탈리아,2026-06-01,7276,422330521,32194,761530331,-339199810
HU,헝가리,2026-06-01,2638,392398185,1963,113567866,278830319
CZ,체코공화국,2026-06-01,3347,370566181,3323,104260187,266305994
RU,러시아 연방,2026-06-01,8150,363965828,1527,596652489,-232686661
NZ,뉴질랜드,2026-06-01,4061,358426839,21447,190289169,168137670
FR,프랑스,2026-06-01,10194,340763257,20279,773935197,-433171940
ES,스페인,2026-06-01,7180,328878608,7933,251870503,77008105
LR,라이베리아,2026-06-01,154,278818378,18,15414,278802964
CH,스위스,2026-06-01,4044,274764726,4903,397965011,-123200285
IE,아일랜드,2026-06-01,1684,269593686,1152,125092317,144501369
KG,키르기스스탄,2026-06-01,9811,253154214,5,3221,253150993
BM,버뮤다,2026-06-01,18,211278089,0,406,211277683
BD,방글라데시,2026-06-01,2308,197364085,2961,30659540,166704545
SK,슬로바키아,2026-06-01,1700,186324836,1758,80162837,106161999
IL,이스라엘,2026-06-01,10875,174165761,1875,161464825,12700936
KZ,카자흐스탄,2026-06-01,5563,170915354,79,125249340,45666014
EG,이집트,2026-06-01,2303,152814677,197,5084890,147729787
UZ,우즈베키스탄,2026-06-01,2237,149853790,70,2204987,147648803
CO,콜롬비아,2026-06-01,5581,139705614,1204,53835430,85870184
BS,바하마,2026-06-01,29,130911678,5,419,130911259
GR,그리스,2026-06-01,1451,124903363,442,90571171,34332192
CL,칠레,2026-06-01,6987,120889761,1128,767974757,-647084996
AT,오스트리아,2026-06-01,2148,119869100,2376,155980893,-36111793
SE,스웨덴,2026-06-01,2379,117228348,4787,258577130,-141348782
GU,괌,2026-06-01,730,110565688,31,1135876,109429812
PA,파나마,2026-06-01,1265,103568727,89,3842670,99726057
PK,파키스탄,2026-06-01,1558,92131037,923,16040267,76090770
IQ,이라크,2026-06-01,520,86310963,48,297082221,-210771258
RO,루마니아,2026-06-01,1820,76949483,2037,51404837,25544646
ZA,남아프리카공화국,2026-06-01,1955,76533720,363,224484582,-147950862
PT,포루투갈,2026-06-01,1207,74851799,4486,23241549,51610250
PE,페루,2026-06-01,4786,73754217,822,425562871,-351808654
MA,모로코,2026-06-01,469,72756344,335,34957609,37798735
SI,슬로베니아,2026-06-01,762,70491925,376,18026302,52465623
UA,우크라이나,2026-06-01,1151,68738757,141,26841781,41896976
MN,몽골,2026-06-01,4060,66151135,704,2595837,63555298
PG,파푸아 뉴기니,2026-06-01,91,65183991,53,187704279,-122520288
KH,캄보디아,2026-06-01,2865,62269083,2720,63398729,-1129646
JO,요르단,2026-06-01,1487,59593099,132,3553536,56039563
DK,덴마크,2026-06-01,1814,58839976,1999,140695729,-81855753
NO,노르웨이,2026-06-01,1662,58615613,2099,212028922,-153413309
KW,쿠웨이트,2026-06-01,615,58060779,64,254887130,-196826351
NG,나이지리아,2026-06-01,1300,57751191,71,185082634,-127331443
EC,에쿠아도르,2026-06-01,871,54281494,233,14668652,39612842
AR,아르헨티나,2026-06-01,2126,44587934,313,67498384,-22910450
FJ,피지,2026-06-01,101,43822952,6,386025,43436927
DZ,알제리,2026-06-01,973,40320125,20,475540322,-435220197
LY,리비아,2026-06-01,10756,40139012,30,56731010,-16591998
OM,오만,2026-06-01,983,38590788,76,845454795,-806864007
AL,알바니아,2026-06-01,2621,37691383,95,556903,37134480
LT,리투아니아,2026-06-01,706,35434823,556,9136698,26298125
FI,핀란드,2026-06-01,1263,35337157,1163,76248536,-40911379
GH,가나,2026-06-01,2215,33533486,39,6902093,26631393
MM,미얀마,2026-06-01,813,31951121,2227,30166440,1784681
TJ,타지크,2026-06-01,3461,29788513,0,0,29788513
EE,에스토니아,2026-06-01,515,28552097,251,10425510,18126587
SV,엘살바도르,2026-06-01,371,25767675,236,3367184,22400491
GT,과테말라,2026-06-01,857,25455906,289,17285529,8170377
HR,크로아티아,2026-06-01,419,25260206,170,4076917,21183289
BG,불가리아,2026-06-01,964,24758999,1096,15221977,9537022
DO,도미니카 공화국,2026-06-01,688,23655741,146,9806012,13849729
SY,시리아,2026-06-01,427,22447210,6,28662,22418548
PR,푸에르토리코,2026-06-01,381,21402393,156,33263161,-11860768
DJ,지부티,2026-06-01,41,20247312,1,195717,20051595
RS,세르비아,2026-06-01,450,20188508,188,10761867,9426641
AZ,아제르바이잔,2026-06-01,754,19948927,10,209825,19739102
LK,스리랑카,2026-06-01,875,19536861,593,10897996,8638865
PY,파라과이,2026-06-01,368,17879308,36,1683981,16195327
QA,카타르,2026-06-01,882,17749972,39,68018816,-50268844
TN,튀니지,2026-06-01,229,17642409,738,10842548,6799861
UY,우루과이,2026-06-01,461,17310805,84,15197614,2113191
CR,코스타리카,2026-06-01,1001,16808848,480,19699166,-2890318
KE,케냐,2026-06-01,397,16555393,96,4104928,12450465
CI,코트디봐르,2026-06-01,213,16142210,22,9019969,7122241
MZ,모잠비크,2026-06-01,84,15120278,13,82691387,-67571109
HN,온두라스,2026-06-01,390,14722921,126,5589444,9133477
ET,에티오피아,2026-06-01,81,14629521,223,14715120,-85599
TZ,탄자니아,2026-06-01,474,14334116,23,1879050,12455066
GE,조지아,2026-06-01,453,13085093,64,7513404,5571689
SN,세네갈,2026-06-01,726,12143266,44,3253446,8889820
LB,레바논,2026-06-01,207,11611690,54,3128237,8483453
ZZ,기타국,2026-06-01,248,11461753,841,5038866,6422887
PF,불령 폴리네시아,2026-06-01,97,9927340,1,6313,9921027
LA,라오스,2026-06-01,202,9513148,213,11314460,-1801312
BY,벨라루스,2026-06-01,244,9402503,23,2344737,7057766
VE,베네주엘라,2026-06-01,166,8307840,14,1243161,7064679
NI,니카라과,2026-06-01,124,7570984,105,1693317,5877667
LV,라트비아,2026-06-01,375,7444738,297,8332703,-887965
CY,사이프러스,2026-06-01,367,6647443,18,230938,6416505
MD,몰도바,2026-06-01,279,6621569,197,3253449,3368120
CD,콩고민주공화국,2026-06-01,73,5662015,60,303905178,-298243163
SD,수단,2026-06-01,160,5600436,0,0,5600436
PS,팔레스타인 해방기구,2026-06-01,44,4916615,3,283275,4633340
TG,토고,2026-06-01,142,4833154,6,287751,4545403
IR,이란,2026-06-01,67,4624941,1,125822,4499119
WS,사모아,2026-06-01,18,4600012,3,218656,4381356
BH,바레인,2026-06-01,297,4571695,27,7346673,-2774978
YE,예맨,2026-06-01,163,4534864,7,614295,3920569
AW,아루바,2026-06-01,135,4497543,0,0,4497543
TM,투르크멘,2026-06-01,80,4426958,0,0,4426958
ZW,짐바브웨,2026-06-01,44,4100438,11,294323,3806115
BZ,벨리제,2026-06-01,20,4051148,1,255,4050893
GN,기니,2026-06-01,472,4048403,13,1354187,2694216
LU,룩셈부르그,2026-06-01,287,3899383,162,10641351,-6741968
MG,마다카스카르,2026-06-01,592,3894145,217,11963437,-8069292
NP,네팔,2026-06-01,225,3654713,976,797240,2857473
AO,앙골라,2026-06-01,138,3583736,4,68356,3515380
AS,아메리칸 사모아,2026-06-01,32,3537070,2,26856,3510214
MP,북마리아나 군도,2026-06-01,159,3513530,1,15224,3498306
BN,브루나이,2026-06-01,235,3297404,15,2658319,639085
GY,가이아나,2026-06-01,59,3050560,1,2130,3048430
TT,트리니다드 토바고,2026-06-01,83,2835862,38,46053808,-43217946
VU,바누아투,2026-06-01,57,2604101,37,5778293,-3174192
BO,볼리비아,2026-06-01,106,2578694,20,25828863,-23250169
RW,르완다,2026-06-01,154,2561269,14,227533,2333736
MU,모리셔스,2026-06-01,244,2507800,23,104202,2403598
SO,소말리아,2026-06-01,35,2491511,1,156033,2335478
IS,아이슬란드,2026-06-01,234,2489439,51,2688254,-198815
CG,콩고,2026-06-01,177,2340151,2,9356,2330795
AF,아프카니스탄,2026-06-01,25,2333948,6,26812,2307136
BJ,베닝,2026-06-01,65,2303582,1,4596,2298986
GA,가봉,2026-06-01,483,2112687,2,2962711,-850024
AM,아르메니아,2026-06-01,174,1974139,54,3755290,-1781151
JM,자마이카,2026-06-01,66,1673045,19,659921,1013124
BF,부르키나 파소,2026-06-01,13,1581613,0,8274,1573339
MQ,마티니크,2026-06-01,33,1574135,0,0,1574135
RE,불령 리유니온 코모도 제도,2026-06-01,70,1560599,0,1446,1559153
SC,세이쉘,2026-06-01,25,1461080,5,272328,1188752
UG,우간다,2026-06-01,42,1448872,42,1663986,-215114
CM,카메룬,2026-06-01,106,1432951,11,119887,1313064
HT,아이티,2026-06-01,27,1399803,9,79941,1319862
MO,마카오,2026-06-01,814,1347354,66,275943,1071411
MK,마세도니아,2026-06-01,75,1330054,33,173080,1156974
ZM,잠비아,2026-06-01,63,1272808,12,13810467,-12537659
MV,몰디브,2026-06-01,131,1109458,1,5642,1103816
BA,보스니아-헤르체고비나,2026-06-01,72,1053897,50,1217882,-163985
TD,챠드,2026-06-01,8,1008517,0,361,1008156
MR,모리타니,2026-06-01,56,917164,9,752695,164469
CW,큐라소,2026-06-01,57,891814,1,17700,874114
SB,솔로몬 군도,2026-06-01,14,870300,6,115681,754619
ML,말리,2026-06-01,15,832553,7,52156,780397
SS,남수단,2026-06-01,6,809096,0,0,809096
GP,과델로프,2026-06-01,21,796768,0,17,796751
NC,뉴 칼레도니아,2026-06-01,65,790896,8,16140263,-15349367
BB,바베이도스,2026-06-01,31,781659,8,159948,621711
GD,그레나다,2026-06-01,8,771308,0,0,771308
GQ,적도 기니,2026-06-01,45,731232,2,54038721,-53307489
FM,마이크로네시아,2026-06-01,62,715493,5,13809,701684
NA,나미비아,2026-06-01,33,690693,4,10658,680035
ME,몬테네그로,2026-06-01,37,680153,5,90818,589335
LI,리히텐슈타인,2026-06-01,17,679785,54,2535064,-1855279
YT,메요트,2026-06-01,2,659704,0,0,659704
BI,부룬디,2026-06-01,45,540435,0,0,540435
GM,감비아,2026-06-01,111,535925,9,1001473,-465548
GF,불령 가이아나,2026-06-01,18,507971,0,0,507971
BT,부탄,2026-06-01,47,499381,5,887586,-388205
MW,말라위,2026-06-01,14,468918,11,2126359,-1657441
SL,시에라 리온,2026-06-01,42,444268,10,893913,-449645
SR,수리남,2026-06-01,25,392931,8,373037,19894
KI,키리바티,2026-06-01,24,370338,2,46414,323924
TV,투발루,2026-06-01,7,342212,2,1649451,-1307239
DM,도미니카,2026-06-01,21,326563,0,2,326561
PW,팔라우,2026-06-01,30,283996,2,27699,256297
TL,티모르,2026-06-01,5,251063,2,802,250261
CU,쿠바,2026-06-01,7,240327,7,88681,151646
CV,카보 베르데,2026-06-01,1,210437,1,1736,208701
LC,세인트 루시아,2026-06-01,16,198571,2,32385,166186
NE,니제르,2026-06-01,10,155836,2,8766,147070
SX,세인트마틴(생마르탱),2026-06-01,20,131160,0,0,131160
BL,세인트 바르탤르미,2026-06-01,4,103316,0,0,103316
TC,투르크 & 카이코스 군도,2026-06-01,3,102262,0,0,102262
KY,영령 캐이맨 군도,2026-06-01,14,96281,0,0,96281
AN,네덜란드 열도,2026-06-01,6,84171,3,237997,-153826
BW,보츠와나,2026-06-01,13,74575,8,706524,-631949
AG,안티가 바부다,2026-06-01,12,71101,0,0,71101
ST,상토메 프린스페,2026-06-01,7,62155,0,0,62155
KN,세인트 키츠 네비스,2026-06-01,8,48186,4,2324,45862
MC,모나코,2026-06-01,10,45963,9,629534,-583571
VG,영령 버진군도,2026-06-01,9,39626,0,0,39626
KM,코모로스,2026-06-01,1,32013,1,28,31985
TO,통가,2026-06-01,3,31387,1,13983,17404
VI,미령 버진군도,2026-06-01,46,20989,0,3,20986
ER,에리트리아,2026-06-01,3,15672,0,0,15672
SM,산마리노,2026-06-01,1,13240,14,220383,-207143
GL,그린랜드,2026-06-01,14,9812,2,112660,-102848
VC,세인트 빈센트 그레나딘,2026-06-01,1,9765,0,0,9765
AI,앙귈라,2026-06-01,1,8800,0,0,8800
AD,안도라,2026-06-01,5,8307,13,204417,-196110
BQ,보네르 신트외스타티위스,2026-06-01,2,7817,0,0,7817
GI,지브랄타,2026-06-01,19,6579,0,0,6579
MF,세인트 마틴,2026-06-01,2,5071,0,0,5071
SZ,스와질랜드,2026-06-01,1,4000,11,9730,-5730
VA,교황청,2026-06-01,7,3468,0,0,3468
FO,파로에 군도,2026-06-01,6,1130,0,0,1130
GG,건지,2026-06-01,7,834,0,0,834
PM,세인트 피레 미켈론,2026-06-01,1,801,0,0,801
LS,레소토,2026-06-01,2,248,3,31187,-30939
JE,저어지,2026-06-01,3,75,0,0,75
CK,쿡 아일랜드,2026-06-01,2,70,1,412,-342
TK,토켈라우,2026-06-01,0,0,0,2508,-2508
NU,니우에,2026-06-01,0,0,2,3270,-3270
GW,기네비소,2026-06-01,0,0,1,65814,-65814
UM,마이너 아우틀링 합중국 군도,2026-06-01,0,0,0,101,-101
AQ,안타티카,2026-06-01,0,0,1,1818,-1818
CF,중앙아프리카공화국,2026-06-01,0,0,2,64317,-64317
NR,나우루,2026-06-01,0,0,2,15519,-15519
HM,허드 앤 맥도날드 군도,2026-06-01,0,0,0,21,-21
CC,코스 군도,2026-06-01,0,0,0,851,-851
GS,남조지아 & 남샌드위치 군도,2026-06-01,0,0,0,265,-265
CN,중국,2026-07-01,130981,21681183695,2037469,16317852371,5363331324
US,미국,2026-07-01,172422,17474061407,1382641,8967205353,8506856054
VN,베트남,2026-07-01,75198,9933399526,234196,3504675984,6428723542
HK,홍콩,2026-07-01,25745,6654371934,357165,117304505,6537067429
TW,대만,2026-07-01,54210,5677909773,26126,4327677703,1350232070
NL,네덜란드,2026-07-01,11597,3108773450,5578,1081859063,2026914387
JP,일본,2026-07-01,114905,2753565356,612308,4904968146,-2151402790
IN,인도,2026-07-01,24261,2583451093,14724,728277892,1855173201
MY,말레이시아,2026-07-01,41542,2579527974,17325,1702261765,877266209
SG,싱가포르,2026-07-01,55287,2441076593,18405,1335845034,1105231559
PH,필리핀,2026-07-01,36027,1858304117,7101,404969277,1453334840
AU,호주,2026-07-01,33326,1806271070,31582,3262154662,-1455883592
MX,멕시코,2026-07-01,18546,1329957723,8262,1322123576,7834147
CA,캐나다,2026-07-01,20445,1050797560,49532,941519013,109278547
TH,태국,2026-07-01,28317,1034388327,48997,689530017,344858310
DE,독일,2026-07-01,17636,1016033096,122497,1867272816,-851239720
PL,폴란드,2026-07-01,6927,985560474,2474,108541598,877018876
GB,영국,2026-07-01,18364,902380572,21165,376462520,525918052
TR,튀르키예,2026-07-01,7089,872171558,2915,174044577,698126981
MH,마샬군도,2026-07-01,62,866456997,8,3615,866453382
ID,인도네시아,2026-07-01,14349,843850042,11873,1147469535,-303619493
BR,브라질,2026-07-01,18351,691479522,2803,590474190,101005332
FR,프랑스,2026-07-01,8380,564234589,17988,627185707,-62951118
SA,사우디아라비아,2026-07-01,5094,512594808,257,3377693266,-2865098458
BE,벨기에,2026-07-01,2911,496557337,2130,150733068,345824269
ES,스페인,2026-07-01,5978,481290999,7293,196802273,284488726
IT,이탈리아,2026-07-01,7833,427569604,32844,734768484,-307198880
LR,라이베리아,2026-07-01,130,421060241,20,10253289,410806952
NZ,뉴질랜드,2026-07-01,3593,414739703,23465,163489701,251250002
AE,아랍에미리트 연합,2026-07-01,8006,388388628,408,1626954037,-1238565409
RU,러시아 연방,2026-07-01,8011,380403306,1458,742869379,-362466073
CZ,체코공화국,2026-07-01,3204,363607302,3393,118187107,245420195
EG,이집트,2026-07-01,2396,272661660,246,10763192,261898468
HU,헝가리,2026-07-01,2352,267529920,1762,64955639,202574281
GR,그리스,2026-07-01,1426,252219361,383,63221841,188997520
BS,바하마,2026-07-01,57,236015757,5,3468,236012289
CH,스위스,2026-07-01,2977,218546865,4897,380610754,-162063889
BM,버뮤다,2026-07-01,24,215799050,2,585,215798465
IE,아일랜드,2026-07-01,1321,215096650,1163,172281265,42815385
KG,키르기스스탄,2026-07-01,10091,214259169,8,22259,214236910
SK,슬로바키아,2026-07-01,1661,210642826,1181,38903993,171738833
DK,덴마크,2026-07-01,1712,202122565,2083,170998231,31124334
CL,칠레,2026-07-01,4755,200039975,1150,569500321,-369460346
UZ,우즈베키스탄,2026-07-01,2405,182239008,65,7060459,175178549
AT,오스트리아,2026-07-01,2778,171926972,2409,150883973,21042999
IL,이스라엘,2026-07-01,10294,164076872,2019,171751828,-7674956
KZ,카자흐스탄,2026-07-01,5338,157738197,68,141837362,15900835
RO,루마니아,2026-07-01,1786,147893599,2388,43847099,104046500
SE,스웨덴,2026-07-01,2110,142664266,2750,151207972,-8543706
CO,콜롬비아,2026-07-01,3981,133373544,1131,155427551,-22054007
PA,파나마,2026-07-01,1305,124152548,128,9304710,114847838
GU,괌,2026-07-01,577,121951759,53,427701,121524058
PK,파키스탄,2026-07-01,1706,111533111,663,19131228,92401883
AO,앙골라,2026-07-01,160,109589387,5,690,109588697
IQ,이라크,2026-07-01,664,94217987,50,98048277,-3830290
NO,노르웨이,2026-07-01,1453,91094249,2121,123200672,-32106423
OM,오만,2026-07-01,1561,87896495,136,688743744,-600847249
UA,우크라이나,2026-07-01,1174,83573842,153,27250371,56323471
BD,방글라데시,2026-07-01,2459,81240326,2843,38439500,42800826
PE,페루,2026-07-01,2948,77388812,803,327255383,-249866571
SI,슬로베니아,2026-07-01,759,77016498,397,7776874,69239624
PT,포루투갈,2026-07-01,1340,75664892,4722,29831697,45833195
ZA,남아프리카공화국,2026-07-01,2266,68347221,476,273134577,-204787356
KH,캄보디아,2026-07-01,2802,59064218,2593,58043446,1020772
MN,몽골,2026-07-01,3116,56832140,647,1728083,55104057
NG,나이지리아,2026-07-01,1438,56105439,82,192061708,-135956269
DZ,알제리,2026-07-01,705,52237099,15,247577967,-195340868
JO,요르단,2026-07-01,1541,50191889,153,3193566,46998323
EC,에쿠아도르,2026-07-01,695,49779070,191,44925583,4853487
LY,리비아,2026-07-01,10450,48203731,19,184053749,-135850018
PG,파푸아 뉴기니,2026-07-01,67,45503141,46,118055947,-72552806
AL,알바니아,2026-07-01,2813,41841642,84,918104,40923538
MM,미얀마,2026-07-01,823,39140539,2278,39992412,-851873
AR,아르헨티나,2026-07-01,1902,37963582,276,73131644,-35168062
QA,카타르,2026-07-01,935,37459418,66,367402373,-329942955
PR,푸에르토리코,2026-07-01,360,34730908,182,37654716,-2923808
FI,핀란드,2026-07-01,1067,34549282,1145,64394092,-29844810
SV,엘살바도르,2026-07-01,331,33293857,230,3517748,29776109
GH,가나,2026-07-01,2016,32236432,21,3423310,28813122
TJ,타지크,2026-07-01,3685,31561328,1,91,31561237
LT,리투아니아,2026-07-01,574,31450815,619,15833829,15616986
MA,모로코,2026-07-01,525,30243241,391,27634811,2608430
LK,스리랑카,2026-07-01,1028,29335666,611,9354595,19981071
EE,에스토니아,2026-07-01,505,28929370,235,7401710,21527660
FJ,피지,2026-07-01,94,25907803,11,317420,25590383
DO,도미니카 공화국,2026-07-01,521,24737407,163,8571718,16165689
KW,쿠웨이트,2026-07-01,759,24115403,44,435048049,-410932646
MZ,모잠비크,2026-07-01,95,23725999,9,70895145,-47169146
GT,과테말라,2026-07-01,912,23264940,254,9965764,13299176
BG,불가리아,2026-07-01,804,22881718,1085,33910897,-11029179
RS,세르비아,2026-07-01,408,22315019,193,9410155,12904864
PY,파라과이,2026-07-01,275,21766600,36,1073926,20692674
UY,우루과이,2026-07-01,371,20037689,94,29849814,-9812125
KE,케냐,2026-07-01,361,19813920,72,1980096,17833824
CR,코스타리카,2026-07-01,734,18603560,501,21305574,-2702014
CI,코트디봐르,2026-07-01,189,18131167,21,6712912,11418255
SN,세네갈,2026-07-01,748,16334719,43,2631165,13703554
SY,시리아,2026-07-01,364,16231417,4,17478,16213939
MT,몰타,2026-07-01,349,15926503,74,2895562,13030941
PF,불령 폴리네시아,2026-07-01,107,15761039,5,182145,15578894
GE,조지아,2026-07-01,470,15295558,102,26101525,-10805967
AZ,아제르바이잔,2026-07-01,758,14543307,5,145200,14398107
TM,투르크멘,2026-07-01,71,14255403,0,0,14255403
HN,온두라스,2026-07-01,385,13946225,146,6384280,7561945
TN,튀니지,2026-07-01,306,13440966,806,9215295,4225671
LV,라트비아,2026-07-01,396,13350770,351,9751240,3599530
HR,크로아티아,2026-07-01,384,13234132,157,1486914,11747218
LA,라오스,2026-07-01,226,12203159,196,7465821,4737338
TZ,탄자니아,2026-07-01,404,11772690,20,1586862,10185828
LB,레바논,2026-07-01,241,10738968,67,4057287,6681681
DJ,지부티,2026-07-01,32,10502333,0,0,10502333
MD,몰도바,2026-07-01,316,10234047,170,1984009,8250038
BY,벨라루스,2026-07-01,293,8799173,26,2481743,6317430
IR,이란,2026-07-01,118,8297825,7,148254,8149571
BZ,벨리제,2026-07-01,20,8157155,2,22961,8134194
ZZ,기타국,2026-07-01,203,7468046,786,7167419,300627
SD,수단,2026-07-01,207,7465273,0,4,7465269
NI,니카라과,2026-07-01,106,6558604,68,997189,5561415
MU,모리셔스,2026-07-01,272,6031172,26,134651,5896521
CG,콩고,2026-07-01,176,5948707,2,410586,5538121
ET,에티오피아,2026-07-01,54,5775402,270,27571832,-21796430
VE,베네주엘라,2026-07-01,173,5595853,7,562590,5033263
LU,룩셈부르그,2026-07-01,189,5460601,204,12204830,-6744229
MG,마다카스카르,2026-07-01,723,5450195,208,9084948,-3634753
TT,트리니다드 토바고,2026-07-01,108,5366696,32,10736998,-5370302
CY,사이프러스,2026-07-01,287,4870279,24,589969,4280310
RE,불령 리유니온 코모도 제도,2026-07-01,72,4817058,1,81,4816977
MQ,마티니크,2026-07-01,24,4725954,0,0,4725954
AM,아르메니아,2026-07-01,174,4688168,92,5871810,-1183642
ZM,잠비아,2026-07-01,66,4616546,18,11813854,-7197308
CM,카메룬,2026-07-01,111,4595711,8,13213,4582498
CD,콩고민주공화국,2026-07-01,72,4588715,50,173729887,-169141172
BN,브루나이,2026-07-01,212,4580334,18,402026,4178308
TG,토고,2026-07-01,175,4508610,7,344614,4163996
WS,사모아,2026-07-01,34,4489467,2,93378,4396089
GY,가이아나,2026-07-01,98,3725734,11,743925,2981809
YE,예맨,2026-07-01,64,3506480,7,627089,2879391
GN,기니,2026-07-01,467,3467046,26,3121104,345942
BH,바레인,2026-07-01,297,3423736,29,2051006,1372730
NP,네팔,2026-07-01,199,3110317,1067,679335,2430982
BO,볼리비아,2026-07-01,131,3108819,28,227878597,-224769778
BJ,베닝,2026-07-01,80,3078690,1,46,3078644
AF,아프카니스탄,2026-07-01,153,2925634,8,3382,2922252
BF,부르키나 파소,2026-07-01,18,2922454,0,0,2922454
ZW,짐바브웨,2026-07-01,44,2827341,8,1159706,1667635
IS,아이슬란드,2026-07-01,219,2648888,57,2186757,462131
NC,뉴 칼레도니아,2026-07-01,72,2546759,9,25527411,-22980652
JM,자마이카,2026-07-01,85,2105480,12,579984,1525496
GP,과델로프,2026-07-01,23,2091028,0,0,2091028
MV,몰디브,2026-07-01,114,1807116,1,1666,1805450
GA,가봉,2026-07-01,571,1713484,4,124458057,-122744573
AW,아루바,2026-07-01,65,1563478,2,390,1563088
BB,바베이도스,2026-07-01,37,1546098,10,59670,1486428
MP,북마리아나 군도,2026-07-01,170,1484156,5,100474,1383682
MO,마카오,2026-07-01,588,1476257,44,453800,1022457
KY,영령 캐이맨 군도,2026-07-01,19,1447988,1,142,1447846
CW,큐라소,2026-07-01,49,1403597,0,0,1403597
UG,우간다,2026-07-01,46,1178997,35,3919622,-2740625
SC,세이쉘,2026-07-01,33,1149665,5,219183,930482
AS,아메리칸 사모아,2026-07-01,39,1135492,4,46326,1089166
GD,그레나다,2026-07-01,10,1030249,0,0,1030249
HT,아이티,2026-07-01,25,1028438,3,63986,964452
SX,세인트마틴(생마르탱),2026-07-01,17,1009354,0,0,1009354
SO,소말리아,2026-07-01,21,944446,2,75789,868657
MR,모리타니,2026-07-01,61,919147,12,2274496,-1355349
LI,리히텐슈타인,2026-07-01,14,916866,100,2959692,-2042826
NA,나미비아,2026-07-01,51,905107,8,6063428,-5158321
VU,바누아투,2026-07-01,59,879604,23,1179300,-299696
SR,수리남,2026-07-01,24,867902,11,465317,402585
MK,마세도니아,2026-07-01,70,867893,38,1315735,-447842
PS,팔레스타인 해방기구,2026-07-01,35,824304,7,451942,372362
NE,니제르,2026-07-01,4,823379,0,0,823379
RW,르완다,2026-07-01,124,750313,10,119501,630812
SL,시에라 리온,2026-07-01,40,749547,11,1273496,-523949
BT,부탄,2026-07-01,60,703900,7,223648,480252
GM,감비아,2026-07-01,172,674100,16,1670202,-996102
FM,마이크로네시아,2026-07-01,87,635024,4,116510,518514
CU,쿠바,2026-07-01,4,530505,4,109848,420657
GQ,적도 기니,2026-07-01,41,496483,2,124093653,-123597170
BA,보스니아-헤르체고비나,2026-07-01,61,495113,72,1422988,-927875
KI,키리바티,2026-07-01,2,428891,3,1272338,-843447
ML,말리,2026-07-01,20,416950,3,4002,412948
CV,카보 베르데,2026-07-01,17,384416,0,690,383726
SB,솔로몬 군도,2026-07-01,12,383731,4,139185,244546
LC,세인트 루시아,2026-07-01,15,369225,1,16810,352415
ME,몬테네그로,2026-07-01,30,324617,1,1775,322842
GI,지브랄타,2026-07-01,8,293422,1,180,293242
AG,안티가 바부다,2026-07-01,9,275657,1,1313,274344
PW,팔라우,2026-07-01,32,273404,3,50135,223269
GF,불령 가이아나,2026-07-01,21,252906,1,204,252702
MC,모나코,2026-07-01,5,194116,8,806013,-611897
VG,영령 버진군도,2026-07-01,12,187267,0,0,187267
TC,투르크 & 카이코스 군도,2026-07-01,12,168203,0,0,168203
TV,투발루,2026-07-01,4,147059,0,0,147059
KN,세인트 키츠 네비스,2026-07-01,11,144069,1,3050,141019
GW,기네비소,2026-07-01,3,143732,0,0,143732
DM,도미니카,2026-07-01,8,120511,2,1383,119128
MW,말라위,2026-07-01,7,90173,14,1717506,-1627333
SZ,스와질랜드,2026-07-01,3,71863,12,31247,40616
AN,네덜란드 열도,2026-07-01,7,67941,1,1296,66645
VC,세인트 빈센트 그레나딘,2026-07-01,1,58777,0,0,58777
ST,상토메 프린스페,2026-07-01,1,53397,0,0,53397
BI,부룬디,2026-07-01,55,39084,3,42,39042
YT,메요트,2026-07-01,1,36360,0,0,36360
TD,챠드,2026-07-01,7,33827,0,0,33827
MF,세인트 마틴,2026-07-01,5,33760,0,0,33760
BW,보츠와나,2026-07-01,6,26341,6,399029,-372688
TO,통가,2026-07-01,3,22427,1,14329,8098
VI,미령 버진군도,2026-07-01,27,19552,0,112819,-93267
SS,남수단,2026-07-01,2,16659,0,0,16659
AD,안도라,2026-07-01,6,14177,16,9854,4323
SM,산마리노,2026-07-01,1,12800,5,37551,-24751
LS,레소토,2026-07-01,3,9150,0,244,8906
NR,나우루,2026-07-01,1,8328,1,280,8048
AI,앙귈라,2026-07-01,5,5705,0,0,5705
GL,그린랜드,2026-07-01,7,4123,1,4899,-776
BL,세인트 바르탤르미,2026-07-01,4,3396,1,90460,-87064
CC,코스 군도,2026-07-01,1,2323,0,0,2323
JE,저어지,2026-07-01,3,580,4,3518,-2938
VA,교황청,2026-07-01,1,470,0,0,470
FO,파로에 군도,2026-07-01,3,208,2,6131,-5923
IM,맨섬,2026-07-01,1,164,0,0,164
GG,건지,2026-07-01,1,78,0,0,78
TK,토켈라우,2026-07-01,0,0,3,96156,-96156
NU,니우에,2026-07-01,0,0,4,54472,-54472
KM,코모로스,2026-07-01,0,0,1,696,-696
SH,세인트 헬레나,2026-07-01,0,0,1,13300,-13300
CK,쿡 아일랜드,2026-07-01,0,0,2,701,-701
SJ,스발비드 군도,2026-07-01,0,0,1,66,-66
TL,티모르,2026-07-01,0,0,0,55,-55
Z1,국제통화기금,2026-07-01,0,0,0,163,-163
BQ,보네르 신트외스타티위스,2026-07-01,0,0,1,2615,-2615
UM,마이너 아우틀링 합중국 군도,2026-07-01,0,0,1,397,-397
