국가코드,국가,기준월,수출액_USD,전년동월_수출액_USD,YoY_%,MoM_%,수출액_십억달러
GH,가나,2025-01-01,17112799,,,,0.017112799
GH,가나,2025-02-01,30086211,,,75.81116332868748,0.030086211
GH,가나,2025-03-01,23198521,,,-22.893178539497715,0.023198521
GH,가나,2025-04-01,28315390,,,22.056875953428246,0.02831539
GH,가나,2025-05-01,13751195,,,-51.43561504891863,0.013751195
GH,가나,2025-06-01,17429770,,,26.750947826716143,0.01742977
GH,가나,2025-07-01,24077571,,,38.140497551029064,0.024077571
GH,가나,2025-08-01,19808081,,,-17.73222888637729,0.019808081
GH,가나,2025-09-01,31014267,,,56.57380944676065,0.031014267
GH,가나,2025-10-01,21043549,,,-32.148810739263965,0.021043549
GH,가나,2025-11-01,17147062,,,-18.51630159912665,0.017147062
GH,가나,2025-12-01,31124417,,,81.51457666625336,0.031124417
GH,가나,2026-01-01,20492081,17112799.0,19.747102738716205,-34.16075552515569,0.020492081
GH,가나,2026-02-01,23267387,30086211.0,-22.664282983324156,13.54330973023188,0.023267387
GH,가나,2026-03-01,20310597,23198521.0,-12.448741883157123,-12.707873041351824,0.020310597
GH,가나,2026-04-01,24274046,28315390.0,-14.27260581613038,19.51419251733466,0.024274046
GH,가나,2026-05-01,22868282,13751195.0,66.30032517173963,-5.791222443922206,0.022868282
GH,가나,2026-06-01,33533486,17429770.0,92.39201664737975,46.637539278202,0.033533486
GH,가나,2026-07-01,32236432,24077571.0,33.88573124755816,-3.867936664860905,0.032236432
GA,가봉,2025-01-01,1382028,,,,0.001382028
GA,가봉,2025-02-01,1229125,,,-11.063668753455069,0.001229125
GA,가봉,2025-03-01,1950663,,,58.70338655547647,0.001950663
GA,가봉,2025-04-01,1774358,,,-9.038209060201584,0.001774358
GA,가봉,2025-05-01,1601997,,,-9.713992328492893,0.001601997
GA,가봉,2025-06-01,1373532,,,-14.261262661540563,0.001373532
GA,가봉,2025-07-01,2714538,,,97.63194450511527,0.002714538
GA,가봉,2025-08-01,2105458,,,-22.437703948148823,0.002105458
GA,가봉,2025-09-01,2053565,,,-2.4646893929966773,0.002053565
GA,가봉,2025-10-01,2137724,,,4.098190220421549,0.002137724
GA,가봉,2025-11-01,1486695,,,-30.454305607272037,0.001486695
GA,가봉,2025-12-01,1662136,,,11.800739223579825,0.001662136
GA,가봉,2026-01-01,1514747,1382028.0,9.603206302621947,-8.86744526320349,0.001514747
GA,가봉,2026-02-01,1363809,1229125.0,10.95771382080748,-9.964568340455537,0.001363809
GA,가봉,2026-03-01,1891501,1950663.0,-3.0329175259898866,38.69251486095193,0.001891501
GA,가봉,2026-04-01,1595472,1774358.0,-10.081730969736657,-15.650480755759578,0.001595472
GA,가봉,2026-05-01,1477370,1601997.0,-7.779477739346574,-7.402323575719283,0.00147737
GA,가봉,2026-06-01,2112687,1373532.0,53.814181249508565,43.0032422480489,0.002112687
GA,가봉,2026-07-01,1713484,2714538.0,-36.87750917467355,-18.895510787920788,0.001713484
GY,가이아나,2025-01-01,4547326,,,,0.004547326
GY,가이아나,2025-02-01,1916021,,,-57.86488586918994,0.001916021
GY,가이아나,2025-03-01,3422242,,,78.6119254434059,0.003422242
GY,가이아나,2025-04-01,3708138,,,8.354055616172085,0.003708138
GY,가이아나,2025-05-01,3510534,,,-5.328927887797052,0.003510534
GY,가이아나,2025-06-01,3699709,,,5.3887813079149804,0.003699709
GY,가이아나,2025-07-01,4108577,,,11.051355660674943,0.004108577
GY,가이아나,2025-08-01,3192952,,,-22.28569648323495,0.003192952
GY,가이아나,2025-09-01,4201571,,,31.5889183426497,0.004201571
GY,가이아나,2025-10-01,2138057,,,-49.11291514531112,0.002138057
GY,가이아나,2025-11-01,3987916,,,86.52056516734588,0.003987916
GY,가이아나,2025-12-01,4595238,,,15.229056981140033,0.004595238
GY,가이아나,2026-01-01,3786396,4547326.0,-16.733570454372526,-17.601743369984323,0.003786396
GY,가이아나,2026-02-01,3370187,1916021.0,75.89509718317285,-10.992220570695721,0.003370187
GY,가이아나,2026-03-01,4191032,3422242.0,22.464513029762358,24.356066888869954,0.004191032
GY,가이아나,2026-04-01,4113622,3708138.0,10.934975990645434,-1.8470391063585279,0.004113622
GY,가이아나,2026-05-01,5715349,3510534.0,62.805687111989236,38.937145902078505,0.005715349
GY,가이아나,2026-06-01,3050560,3699709.0,-17.54594753263027,-46.6251317286136,0.00305056
GY,가이아나,2026-07-01,3725734,4108577.0,-9.318141049808727,22.132788733871813,0.003725734
GM,감비아,2025-01-01,257178,,,,0.000257178
GM,감비아,2025-02-01,445049,,,73.05096081313332,0.000445049
GM,감비아,2025-03-01,169541,,,-61.90509359643546,0.000169541
GM,감비아,2025-04-01,181539,,,7.0767542954211615,0.000181539
GM,감비아,2025-05-01,230668,,,27.06250447562233,0.000230668
GM,감비아,2025-06-01,191225,,,-17.099467633135067,0.000191225
GM,감비아,2025-07-01,310958,,,62.61367499019479,0.000310958
GM,감비아,2025-08-01,305020,,,-1.9095826446015263,0.00030502
GM,감비아,2025-09-01,597013,,,95.7291325159006,0.000597013
GM,감비아,2025-10-01,284869,,,-52.284288616830786,0.000284869
GM,감비아,2025-11-01,804194,,,182.3030937027195,0.000804194
GM,감비아,2025-12-01,535761,,,-33.379134885363484,0.000535761
GM,감비아,2026-01-01,338440,257178.0,31.59757055424648,-36.83004175369241,0.00033844
GM,감비아,2026-02-01,334169,445049.0,-24.914110581082085,-1.261966670606307,0.000334169
GM,감비아,2026-03-01,553414,169541.0,226.41897830023416,65.60901819139417,0.000553414
GM,감비아,2026-04-01,389987,181539.0,114.82271027162207,-29.53069492278837,0.000389987
GM,감비아,2026-05-01,736011,230668.0,219.07806891289647,88.72706013277364,0.000736011
GM,감비아,2026-06-01,535925,191225.0,180.25885736697606,-27.185191525670138,0.000535925
GM,감비아,2026-07-01,674100,310958.0,116.7816875590916,25.782525539954282,0.0006741
GG,건지,2025-01-01,415,,,,4.15e-07
GG,건지,2025-02-01,2614,,,529.8795180722892,2.614e-06
GG,건지,2025-03-01,345,,,-86.80183626625862,3.45e-07
GG,건지,2025-04-01,592,,,71.59420289855072,5.92e-07
GG,건지,2025-05-01,4291,,,624.831081081081,4.291e-06
GG,건지,2025-06-01,1024,,,-76.13609881146586,1.024e-06
GG,건지,2025-07-01,1112,,,8.59375,1.112e-06
GG,건지,2025-08-01,940,,,-15.467625899280579,9.4e-07
GG,건지,2025-09-01,3395,,,261.17021276595744,3.395e-06
GG,건지,2025-10-01,1020,,,-69.95581737849778,1.02e-06
GG,건지,2025-11-01,7114,,,597.4509803921569,7.114e-06
GG,건지,2025-12-01,4920,,,-30.840596007871802,4.92e-06
GG,건지,2026-01-01,821,415.0,97.83132530120481,-83.3130081300813,8.21e-07
GG,건지,2026-02-01,337,2614.0,-87.10788064269319,-58.95249695493301,3.37e-07
GG,건지,2026-03-01,390,345.0,13.043478260869556,15.727002967359049,3.9e-07
GG,건지,2026-04-01,10468,592.0,1668.2432432432431,2584.102564102564,1.0468e-05
GG,건지,2026-05-01,600,4291.0,-86.01724539734327,-94.26824608330149,6e-07
GG,건지,2026-06-01,834,1024.0,-18.5546875,38.99999999999999,8.34e-07
GG,건지,2026-07-01,78,1112.0,-92.98561151079137,-90.64748201438849,7.8e-08
GP,과델로프,2025-01-01,1005741,,,,0.001005741
GP,과델로프,2025-02-01,634347,,,-36.927399797761055,0.000634347
GP,과델로프,2025-03-01,1575856,,,148.4217628521929,0.001575856
GP,과델로프,2025-04-01,1103127,,,-29.998235879420456,0.001103127
GP,과델로프,2025-05-01,768863,,,-30.301497470372862,0.000768863
GP,과델로프,2025-06-01,1110559,,,44.44172758996076,0.001110559
GP,과델로프,2025-07-01,56337,,,-94.92714930048741,5.6337e-05
GP,과델로프,2025-08-01,3361981,,,5867.625184159611,0.003361981
GP,과델로프,2025-09-01,806534,,,-76.0101559170025,0.000806534
GP,과델로프,2025-10-01,2360201,,,192.6350284054981,0.002360201
GP,과델로프,2025-11-01,664905,,,-71.82845867788379,0.000664905
GP,과델로프,2025-12-01,2053664,,,208.86577781788378,0.002053664
GP,과델로프,2026-01-01,1045475,1005741.0,3.9507189226649864,-49.09220787821182,0.001045475
GP,과델로프,2026-02-01,873266,634347.0,37.66377077530121,-16.471842942203306,0.000873266
GP,과델로프,2026-03-01,465386,1575856.0,-70.46773309236377,-46.70741790015871,0.000465386
GP,과델로프,2026-04-01,979249,1103127.0,-11.229713351227922,110.41651446326277,0.000979249
GP,과델로프,2026-05-01,393861,768863.0,-48.77357864795159,-59.779279835874235,0.000393861
GP,과델로프,2026-06-01,796768,1110559.0,-28.255230023798827,102.29674936081511,0.000796768
GP,과델로프,2026-07-01,2091028,56337.0,3611.642437474484,162.43875256034377,0.002091028
GT,과테말라,2025-01-01,18323773,,,,0.018323773
GT,과테말라,2025-02-01,18939838,,,3.3621077929747223,0.018939838
GT,과테말라,2025-03-01,27087078,,,43.01641861984247,0.027087078
GT,과테말라,2025-04-01,27476524,,,1.4377556708036199,0.027476524
GT,과테말라,2025-05-01,17542660,,,-36.15400550666452,0.01754266
GT,과테말라,2025-06-01,23792920,,,35.62891830543373,0.02379292
GT,과테말라,2025-07-01,22401992,,,-5.84597434867179,0.022401992
GT,과테말라,2025-08-01,36882648,,,64.64003736810548,0.036882648
GT,과테말라,2025-09-01,23368839,,,-36.640018363106684,0.023368839
GT,과테말라,2025-10-01,22691791,,,-2.8972256602050273,0.022691791
GT,과테말라,2025-11-01,25509124,,,12.41564846071428,0.025509124
GT,과테말라,2025-12-01,24731965,,,-3.046592270279447,0.024731965
GT,과테말라,2026-01-01,22612275,18323773.0,23.404033656168966,-8.570649360048833,0.022612275
GT,과테말라,2026-02-01,23837320,18939838.0,25.858098680675102,5.417610567711573,0.02383732
GT,과테말라,2026-03-01,28803964,27087078.0,6.338395008867326,20.83558050988954,0.028803964
GT,과테말라,2026-04-01,26397937,27476524.0,-3.925485625474312,-8.353110703790634,0.026397937
GT,과테말라,2026-05-01,26875093,17542660.0,53.198505813827545,1.8075503400133197,0.026875093
GT,과테말라,2026-06-01,25455906,23792920.0,6.989415338680582,-5.280677540353073,0.025455906
GT,과테말라,2026-07-01,23264940,22401992.0,3.8521038664775853,-8.606906389424918,0.02326494
GU,괌,2025-01-01,43488239,,,,0.043488239
GU,괌,2025-02-01,7382910,,,-83.02320312395265,0.00738291
GU,괌,2025-03-01,33005468,,,347.0522869708557,0.033005468
GU,괌,2025-04-01,95759601,,,190.13253500904761,0.095759601
GU,괌,2025-05-01,13075891,,,-86.34508617052404,0.013075891
GU,괌,2025-06-01,70958700,,,442.6681822294174,0.0709587
GU,괌,2025-07-01,14470115,,,-79.60769433487367,0.014470115
GU,괌,2025-08-01,11479570,,,-20.667043765719896,0.01147957
GU,괌,2025-09-01,33521720,,,192.01198302723884,0.03352172
GU,괌,2025-10-01,32893161,,,-1.8750797990079282,0.032893161
GU,괌,2025-11-01,38864768,,,18.15455498484928,0.038864768
GU,괌,2025-12-01,64291824,,,65.42443788677703,0.064291824
GU,괌,2026-01-01,33846615,43488239.0,-22.170647103001805,-47.354713408037696,0.033846615
GU,괌,2026-02-01,72085273,7382910.0,876.3802213490344,112.97631387954156,0.072085273
GU,괌,2026-03-01,54605091,33005468.0,65.44255939652182,-24.249310951489356,0.054605091
GU,괌,2026-04-01,115903469,95759601.0,21.035872946045387,112.2576244768093,0.115903469
GU,괌,2026-05-01,97983880,13075891.0,649.3476352777795,-15.460787459260604,0.09798388
GU,괌,2026-06-01,110565688,70958700.0,55.816958315188984,12.840691754602895,0.110565688
GU,괌,2026-07-01,121951759,14470115.0,742.7836198952116,10.298014877816343,0.121951759
VA,교황청,2025-01-01,1854,,,,1.854e-06
VA,교황청,2025-02-01,1010,,,-45.523193096008626,1.01e-06
VA,교황청,2025-03-01,1862,,,84.35643564356437,1.862e-06
VA,교황청,2025-04-01,969,,,-47.95918367346938,9.69e-07
VA,교황청,2025-05-01,1711,,,76.57378740970073,1.711e-06
VA,교황청,2025-06-01,522,,,-69.4915254237288,5.22e-07
VA,교황청,2025-07-01,1681,,,222.03065134099614,1.681e-06
VA,교황청,2025-08-01,1915,,,13.920285544318855,1.915e-06
VA,교황청,2025-09-01,3024,,,57.911227154047,3.024e-06
VA,교황청,2025-10-01,1275,,,-57.83730158730158,1.275e-06
VA,교황청,2025-11-01,3717,,,191.5294117647059,3.717e-06
VA,교황청,2025-12-01,3748,,,0.8340059187516902,3.748e-06
VA,교황청,2026-01-01,580,1854.0,-68.71628910463862,-84.52508004268944,5.8e-07
VA,교황청,2026-02-01,1845,1010.0,82.67326732673268,218.10344827586206,1.845e-06
VA,교황청,2026-03-01,6009,1862.0,222.71750805585393,225.6910569105691,6.009e-06
VA,교황청,2026-04-01,935,969.0,-3.508771929824561,-84.44000665668165,9.35e-07
VA,교황청,2026-05-01,1659,1711.0,-3.039158386908236,77.43315508021391,1.659e-06
VA,교황청,2026-06-01,3468,522.0,564.3678160919541,109.04159132007231,3.468e-06
VA,교황청,2026-07-01,470,1681.0,-72.04045211183819,-86.4475201845444,4.7e-07
Z1,국제통화기금,2025-05-01,0,,,,0.0
Z1,국제통화기금,2025-06-01,0,,,,0.0
Z1,국제통화기금,2025-08-01,0,,,,0.0
Z1,국제통화기금,2025-09-01,0,,,,0.0
Z1,국제통화기금,2025-11-01,0,,,,0.0
Z1,국제통화기금,2025-12-01,0,,,,0.0
Z1,국제통화기금,2026-01-01,68725,,,inf,6.8725e-05
Z1,국제통화기금,2026-02-01,1899667,,,2664.157148053838,0.001899667
Z1,국제통화기금,2026-03-01,2401055,,,26.393467907796463,0.002401055
Z1,국제통화기금,2026-05-01,0,,,-100.0,0.0
Z1,국제통화기금,2026-07-01,0,,,,0.0
GD,그레나다,2025-01-01,366571,,,,0.000366571
GD,그레나다,2025-02-01,2032550,,,454.47648613774686,0.00203255
GD,그레나다,2025-03-01,308930,,,-84.80086590735776,0.00030893
GD,그레나다,2025-04-01,82943,,,-73.15152299873758,8.2943e-05
GD,그레나다,2025-05-01,175427,,,111.50308042872817,0.000175427
GD,그레나다,2025-06-01,419358,,,139.04986119582503,0.000419358
GD,그레나다,2025-07-01,37267,,,-91.11332083804291,3.7267e-05
GD,그레나다,2025-08-01,171279,,,359.5996457992325,0.000171279
GD,그레나다,2025-09-01,516448,,,201.52441338401087,0.000516448
GD,그레나다,2025-10-01,187108,,,-63.7702150071256,0.000187108
GD,그레나다,2025-11-01,269561,,,44.06706287277935,0.000269561
GD,그레나다,2025-12-01,853965,,,216.79842410437712,0.000853965
GD,그레나다,2026-01-01,1325242,366571.0,261.5239612517084,55.18692218065142,0.001325242
GD,그레나다,2026-02-01,1076260,2032550.0,-47.04878108779612,-18.78766293250591,0.00107626
GD,그레나다,2026-03-01,3962831,308930.0,1182.7601722072961,268.20387267017264,0.003962831
GD,그레나다,2026-04-01,2912444,82943.0,3411.3801044090524,-26.505975147564964,0.002912444
GD,그레나다,2026-05-01,1601549,175427.0,812.9432755505139,-45.010135817203704,0.001601549
GD,그레나다,2026-06-01,771308,419358.0,83.9259057893256,-51.839875020995294,0.000771308
GD,그레나다,2026-07-01,1030249,37267.0,2664.507473099525,33.57167305408475,0.001030249
GR,그리스,2025-01-01,27196412,,,,0.027196412
GR,그리스,2025-02-01,48243786,,,77.39026015637651,0.048243786
GR,그리스,2025-03-01,44563820,,,-7.627854911718579,0.04456382
GR,그리스,2025-04-01,53697221,,,20.49510342695038,0.053697221
GR,그리스,2025-05-01,139403200,,,159.60971052859514,0.1394032
GR,그리스,2025-06-01,41742961,,,-70.05595208718307,0.041742961
GR,그리스,2025-07-01,44420521,,,6.414398825229473,0.044420521
GR,그리스,2025-08-01,40969238,,,-7.769568934141946,0.040969238
GR,그리스,2025-09-01,333495625,,,714.0147126973657,0.333495625
GR,그리스,2025-10-01,20069658,,,-93.98203259787891,0.020069658
GR,그리스,2025-11-01,33903010,,,68.9266952132418,0.03390301
GR,그리스,2025-12-01,123457437,,,264.14889710382647,0.123457437
GR,그리스,2026-01-01,359956449,27196412.0,1223.5438888041556,191.563195986322,0.359956449
GR,그리스,2026-02-01,47946571,48243786.0,-0.6160689793292762,-86.67989665605353,0.047946571
GR,그리스,2026-03-01,343596971,44563820.0,671.022257517421,616.624700857127,0.343596971
GR,그리스,2026-04-01,358424915,53697221.0,567.4924853187467,4.3155048651462025,0.358424915
GR,그리스,2026-05-01,41198430,139403200.0,-70.44656794105157,-88.50570139634407,0.04119843
GR,그리스,2026-06-01,124903363,41742961.0,199.22017990051066,203.1750554572104,0.124903363
GR,그리스,2026-07-01,252219361,44420521.0,467.7991957816073,101.93160131324888,0.252219361
GL,그린랜드,2025-01-01,2506,,,,2.506e-06
GL,그린랜드,2025-02-01,1961,,,-21.747805267358345,1.961e-06
GL,그린랜드,2025-03-01,4323,,,120.44875063742988,4.323e-06
GL,그린랜드,2025-04-01,11620,,,168.794818413139,1.162e-05
GL,그린랜드,2025-05-01,3522,,,-69.69018932874354,3.522e-06
GL,그린랜드,2025-06-01,5822,,,65.30380465644521,5.822e-06
GL,그린랜드,2025-07-01,72353,,,1142.7516317416694,7.2353e-05
GL,그린랜드,2025-08-01,14035,,,-80.60204829101765,1.4035e-05
GL,그린랜드,2025-09-01,8765,,,-37.548984681154266,8.765e-06
GL,그린랜드,2025-10-01,5177,,,-40.93553907586994,5.177e-06
GL,그린랜드,2025-11-01,4947,,,-4.442727448329153,4.947e-06
GL,그린랜드,2025-12-01,2477,,,-49.92925005053568,2.477e-06
GL,그린랜드,2026-01-01,7846,2506.0,213.08858739026334,216.75413807024628,7.846e-06
GL,그린랜드,2026-02-01,4592,1961.0,134.16624171341152,-41.47336222278868,4.592e-06
GL,그린랜드,2026-03-01,5593,4323.0,29.37774693499884,21.79878048780488,5.593e-06
GL,그린랜드,2026-04-01,8118,11620.0,-30.13769363166954,45.145717861612724,8.118e-06
GL,그린랜드,2026-05-01,9219,3522.0,161.75468483816013,13.562453806356256,9.219e-06
GL,그린랜드,2026-06-01,9812,5822.0,68.5331501202336,6.4323679357847885,9.812e-06
GL,그린랜드,2026-07-01,4123,72353.0,-94.30154934833385,-57.98002445984509,4.123e-06
GW,기네비소,2025-01-01,72617,,,,7.2617e-05
GW,기네비소,2025-02-01,68800,,,-5.256344933004664,6.88e-05
GW,기네비소,2025-03-01,8,,,-99.98837209302326,8e-09
GW,기네비소,2025-04-01,599400,,,7492400.0,0.0005994
GW,기네비소,2025-05-01,5860,,,-99.02235568902236,5.86e-06
GW,기네비소,2025-06-01,122552,,,1991.331058020478,0.000122552
GW,기네비소,2025-07-01,9362,,,-92.36079378549513,9.362e-06
GW,기네비소,2025-08-01,66393,,,609.1753898739586,6.6393e-05
GW,기네비소,2025-09-01,11021,,,-83.40035847152562,1.1021e-05
GW,기네비소,2025-10-01,11073,,,0.4718265130206012,1.1073e-05
GW,기네비소,2026-01-01,87,,,-99.21430506637768,8.7e-08
GW,기네비소,2026-02-01,99700,,,114497.70114942528,9.97e-05
GW,기네비소,2026-03-01,267,72617.0,-99.63231750141152,-99.7321965897693,2.67e-07
GW,기네비소,2026-04-01,11866,68800.0,-82.75290697674419,4344.194756554308,1.1866e-05
GW,기네비소,2026-05-01,0,8.0,-100.0,-100.0,0.0
GW,기네비소,2026-06-01,0,599400.0,-100.0,,0.0
GW,기네비소,2026-07-01,143732,5860.0,2352.764505119454,inf,0.000143732
GN,기니,2025-01-01,2955140,,,,0.00295514
GN,기니,2025-02-01,1451850,,,-50.87034793613838,0.00145185
GN,기니,2025-03-01,4045886,,,178.67107483555463,0.004045886
GN,기니,2025-04-01,3532060,,,-12.699962381540164,0.00353206
GN,기니,2025-05-01,13176293,,,273.04839102393504,0.013176293
GN,기니,2025-06-01,6520727,,,-50.51167274437507,0.006520727
GN,기니,2025-07-01,7359640,,,12.865329280002058,0.00735964
GN,기니,2025-08-01,2458275,,,-66.59789065769522,0.002458275
GN,기니,2025-09-01,2701362,,,9.88851938859565,0.002701362
GN,기니,2025-10-01,1769072,,,-34.511849948285345,0.001769072
GN,기니,2025-11-01,3088232,,,74.5679090506209,0.003088232
GN,기니,2025-12-01,1780280,,,-42.35277660486647,0.00178028
GN,기니,2026-01-01,2367262,2955140.0,-19.893406065364072,32.97133035252882,0.002367262
GN,기니,2026-02-01,2429832,1451850.0,67.36109102179977,2.643137937414619,0.002429832
GN,기니,2026-03-01,4453112,4045886.0,10.065187204978088,83.26830826164114,0.004453112
GN,기니,2026-04-01,2438684,3532060.0,-30.955759528433834,-45.23640995330906,0.002438684
GN,기니,2026-05-01,3254565,13176293.0,-75.29984343851491,33.455790090064966,0.003254565
GN,기니,2026-06-01,4048403,6520727.0,-37.91485213228525,24.391523905652512,0.004048403
GN,기니,2026-07-01,3467046,7359640.0,-52.89109249908963,-14.360156338190643,0.003467046
ZZ,기타국,2025-01-01,8412290,,,,0.00841229
ZZ,기타국,2025-02-01,5724546,,,-31.950206186424857,0.005724546
ZZ,기타국,2025-03-01,13664998,,,138.70885132200877,0.013664998
ZZ,기타국,2025-04-01,3873716,,,-71.65227539733266,0.003873716
ZZ,기타국,2025-05-01,7465934,,,92.73312757052918,0.007465934
ZZ,기타국,2025-06-01,12157902,,,62.84502381081858,0.012157902
ZZ,기타국,2025-07-01,5334785,,,-56.12084223083884,0.005334785
ZZ,기타국,2025-08-01,7286653,,,36.58756632179178,0.007286653
ZZ,기타국,2025-09-01,35320041,,,384.72242331287083,0.035320041
ZZ,기타국,2025-10-01,11014023,,,-68.81650562070412,0.011014023
ZZ,기타국,2025-11-01,56740736,,,415.16812703223883,0.056740736
ZZ,기타국,2025-12-01,8686612,,,-84.69069558773435,0.008686612
ZZ,기타국,2026-01-01,13364458,8412290.0,58.868251094529555,53.851213798889596,0.013364458
ZZ,기타국,2026-02-01,7458424,5724546.0,30.288480518804462,-44.19209518261047,0.007458424
ZZ,기타국,2026-03-01,3806562,13664998.0,-72.14370613153402,-48.96291763514652,0.003806562
ZZ,기타국,2026-04-01,4634814,3873716.0,19.64774908640696,21.758531714444686,0.004634814
ZZ,기타국,2026-05-01,76005468,7465934.0,918.0302692201673,1539.8817298817169,0.076005468
ZZ,기타국,2026-06-01,11461753,12157902.0,-5.725897445134864,-84.91983103110424,0.011461753
ZZ,기타국,2026-07-01,7468046,5334785.0,39.987759581688856,-34.843771280012746,0.007468046
NA,나미비아,2025-01-01,298322,,,,0.000298322
NA,나미비아,2025-02-01,7765857,,,2503.179450392529,0.007765857
NA,나미비아,2025-03-01,114261,,,-98.52867494212165,0.000114261
NA,나미비아,2025-04-01,5104335,,,4367.259169795468,0.005104335
NA,나미비아,2025-05-01,351898,,,-93.10589920136512,0.000351898
NA,나미비아,2025-06-01,1439524,,,309.0742203706756,0.001439524
NA,나미비아,2025-07-01,266594,,,-81.48040602310208,0.000266594
NA,나미비아,2025-08-01,167286,,,-37.25065080234364,0.000167286
NA,나미비아,2025-09-01,5948054,,,3455.6197171311405,0.005948054
NA,나미비아,2025-10-01,717657,,,-87.93459171688758,0.000717657
NA,나미비아,2025-11-01,1378196,,,92.04104467733191,0.001378196
NA,나미비아,2025-12-01,244709,,,-82.24425263170116,0.000244709
NA,나미비아,2026-01-01,250080,298322.0,-16.171117115063595,2.1948518444356413,0.00025008
NA,나미비아,2026-02-01,204411,7765857.0,-97.36782431095499,-18.261756238003834,0.000204411
NA,나미비아,2026-03-01,483500,114261.0,323.15400705402544,136.53325897334292,0.0004835
NA,나미비아,2026-04-01,408272,5104335.0,-92.00146542105877,-15.559048603929682,0.000408272
NA,나미비아,2026-05-01,310642,351898.0,-11.72385179796418,-23.91297958223929,0.000310642
NA,나미비아,2026-06-01,690693,1439524.0,-52.01934806227615,122.34372686243327,0.000690693
NA,나미비아,2026-07-01,905107,266594.0,239.50764083212675,31.043314468222505,0.000905107
NR,나우루,2025-01-01,0,,,,0.0
NR,나우루,2025-02-01,11431,,,inf,1.1431e-05
NR,나우루,2025-04-01,20216,,,76.85241886099203,2.0216e-05
NR,나우루,2025-06-01,0,,,-100.0,0.0
NR,나우루,2025-07-01,30721,,,inf,3.0721e-05
NR,나우루,2025-08-01,0,,,-100.0,0.0
NR,나우루,2025-09-01,0,,,,0.0
NR,나우루,2025-10-01,0,,,,0.0
NR,나우루,2025-12-01,6450,,,inf,6.45e-06
NR,나우루,2026-01-01,0,,,-100.0,0.0
NR,나우루,2026-03-01,0,,,,0.0
NR,나우루,2026-05-01,0,,,,0.0
NR,나우루,2026-06-01,0,0.0,,,0.0
NR,나우루,2026-07-01,8328,11431.0,-27.145481585163157,inf,8.328e-06
NG,나이지리아,2025-01-01,41085566,,,,0.041085566
NG,나이지리아,2025-02-01,46712817,,,13.696418347991113,0.046712817
NG,나이지리아,2025-03-01,41623503,,,-10.894898502909811,0.041623503
NG,나이지리아,2025-04-01,44671692,,,7.323239949314209,0.044671692
NG,나이지리아,2025-05-01,41614230,,,-6.844294144936347,0.04161423
NG,나이지리아,2025-06-01,39519052,,,-5.034763348979421,0.039519052
NG,나이지리아,2025-07-01,44301594,,,12.101864184393897,0.044301594
NG,나이지리아,2025-08-01,47843972,,,7.996050887017736,0.047843972
NG,나이지리아,2025-09-01,61071088,,,27.646358458699872,0.061071088
NG,나이지리아,2025-10-01,43303368,,,-29.093504933136284,0.043303368
NG,나이지리아,2025-11-01,34291668,,,-20.810621474061787,0.034291668
NG,나이지리아,2025-12-01,45799801,,,33.55956029902074,0.045799801
NG,나이지리아,2026-01-01,36193844,41085566.0,-11.906181358192802,-20.97379637086196,0.036193844
NG,나이지리아,2026-02-01,36093007,46712817.0,-22.734252999556848,-0.2786026264576913,0.036093007
NG,나이지리아,2026-03-01,54719799,41623503.0,31.463704532508952,51.607758810453234,0.054719799
NG,나이지리아,2026-04-01,42444914,44671692.0,-4.984763057553321,-22.43225527930027,0.042444914
NG,나이지리아,2026-05-01,53314694,41614230.0,28.116497649962536,25.609146009814033,0.053314694
NG,나이지리아,2026-06-01,57751191,39519052.0,46.135061640648665,8.321340079340978,0.057751191
NG,나이지리아,2026-07-01,56105439,44301594.0,26.64428959373335,-2.849728241968208,0.056105439
SS,남수단,2025-01-01,3218520,,,,0.00321852
SS,남수단,2025-02-01,2837586,,,-11.835688453077807,0.002837586
SS,남수단,2025-03-01,3121738,,,10.013863896988507,0.003121738
SS,남수단,2025-04-01,326170,,,-89.55165359809183,0.00032617
SS,남수단,2025-05-01,512665,,,57.17723886316952,0.000512665
SS,남수단,2025-06-01,2579739,,,403.2017009158027,0.002579739
SS,남수단,2025-07-01,1093123,,,-57.626604861964715,0.001093123
SS,남수단,2025-08-01,1034694,,,-5.345144142059032,0.001034694
SS,남수단,2025-09-01,1108183,,,7.102486338956249,0.001108183
SS,남수단,2025-10-01,21646,,,-98.04671250145508,2.1646e-05
SS,남수단,2025-11-01,72,,,-99.66737503464843,7.2e-08
SS,남수단,2025-12-01,108,,,50.0,1.08e-07
SS,남수단,2026-01-01,370576,3218520.0,-88.48613648509253,343025.9259259259,0.000370576
SS,남수단,2026-02-01,157,2837586.0,-99.99446712804475,-99.95763352186866,1.57e-07
SS,남수단,2026-03-01,18121,3121738.0,-99.41952207392164,11442.03821656051,1.8121e-05
SS,남수단,2026-04-01,681033,326170.0,108.79694637765583,3658.2528558026597,0.000681033
SS,남수단,2026-05-01,8716,512665.0,-98.29986443388957,-98.72017949203637,8.716e-06
SS,남수단,2026-06-01,809096,2579739.0,-68.63651710502496,9182.882055988986,0.000809096
SS,남수단,2026-07-01,16659,1093123.0,-98.47601779488676,-97.94103542719282,1.6659e-05
ZA,남아프리카공화국,2025-01-01,39934581,,,,0.039934581
ZA,남아프리카공화국,2025-02-01,45008101,,,12.704578019736834,0.045008101
ZA,남아프리카공화국,2025-03-01,67854228,,,50.76003317713849,0.067854228
ZA,남아프리카공화국,2025-04-01,72997478,,,7.579851914312541,0.072997478
ZA,남아프리카공화국,2025-05-01,56248706,,,-22.944315966642026,0.056248706
ZA,남아프리카공화국,2025-06-01,62351733,,,10.850075377734015,0.062351733
ZA,남아프리카공화국,2025-07-01,67697391,,,8.573391215926595,0.067697391
ZA,남아프리카공화국,2025-08-01,74449618,,,9.974131794827956,0.074449618
ZA,남아프리카공화국,2025-09-01,107750203,,,44.72902063782247,0.107750203
ZA,남아프리카공화국,2025-10-01,37643593,,,-65.0640166311334,0.037643593
ZA,남아프리카공화국,2025-11-01,55633400,,,47.78982441978905,0.0556334
ZA,남아프리카공화국,2025-12-01,77733589,,,39.72467798121273,0.077733589
ZA,남아프리카공화국,2026-01-01,62800324,39934581.0,57.25800153005236,-19.21082660933101,0.062800324
ZA,남아프리카공화국,2026-02-01,48086196,45008101.0,6.8389799427440945,-23.430019246397514,0.048086196
ZA,남아프리카공화국,2026-03-01,78334583,67854228.0,15.445397153438979,62.90451213899306,0.078334583
ZA,남아프리카공화국,2026-04-01,80191790,72997478.0,9.855562407238239,2.370864730332456,0.08019179
ZA,남아프리카공화국,2026-05-01,62787974,56248706.0,11.625632774556639,-21.70274039275093,0.062787974
ZA,남아프리카공화국,2026-06-01,76533720,62351733.0,22.74513685128847,21.892322883359803,0.07653372
ZA,남아프리카공화국,2026-07-01,68347221,67697391.0,0.9599040530232639,-10.696590992832967,0.068347221
GS,남조지아 & 남샌드위치 군도,2025-02-01,10981,,,,1.0981e-05
GS,남조지아 & 남샌드위치 군도,2025-05-01,0,,,-100.0,0.0
GS,남조지아 & 남샌드위치 군도,2025-06-01,0,,,,0.0
GS,남조지아 & 남샌드위치 군도,2025-10-01,0,,,,0.0
GS,남조지아 & 남샌드위치 군도,2025-12-01,0,,,,0.0
GS,남조지아 & 남샌드위치 군도,2026-01-01,0,,,,0.0
GS,남조지아 & 남샌드위치 군도,2026-02-01,8108,,,inf,8.108e-06
GS,남조지아 & 남샌드위치 군도,2026-03-01,0,,,-100.0,0.0
GS,남조지아 & 남샌드위치 군도,2026-04-01,0,,,,0.0
GS,남조지아 & 남샌드위치 군도,2026-05-01,0,,,,0.0
GS,남조지아 & 남샌드위치 군도,2026-06-01,0,,,,0.0
NL,네덜란드,2025-01-01,458101813,,,,0.458101813
NL,네덜란드,2025-02-01,578872305,,,26.363242530978592,0.578872305
NL,네덜란드,2025-03-01,655219142,,,13.188890942018716,0.655219142
NL,네덜란드,2025-04-01,825085341,,,25.925097133380138,0.825085341
NL,네덜란드,2025-05-01,838724202,,,1.6530242778849624,0.838724202
NL,네덜란드,2025-06-01,758376067,,,-9.579804041472029,0.758376067
NL,네덜란드,2025-07-01,969713716,,,27.867130596039758,0.969713716
NL,네덜란드,2025-08-01,875032397,,,-9.76384240397813,0.875032397
NL,네덜란드,2025-09-01,959711308,,,9.677231527691642,0.959711308
NL,네덜란드,2025-10-01,830323201,,,-13.481982125399739,0.830323201
NL,네덜란드,2025-11-01,820091801,,,-1.2322189705981756,0.820091801
NL,네덜란드,2025-12-01,1051000604,,,28.156457937810785,1.051000604
NL,네덜란드,2026-01-01,695251176,458101813.0,51.7678289563984,-33.84864163217931,0.695251176
NL,네덜란드,2026-02-01,1017720727,578872305.0,75.81092033760363,46.38173398789045,1.017720727
NL,네덜란드,2026-03-01,1464540611,655219142.0,123.51920405280224,43.90397799179342,1.464540611
NL,네덜란드,2026-04-01,1054937215,825085341.0,27.857951484318022,-27.968046288611937,1.054937215
NL,네덜란드,2026-05-01,1298148568,838724202.0,54.776571953506114,23.054580835884142,1.298148568
NL,네덜란드,2026-06-01,1394426448,758376067.0,83.8700492640942,7.416553264649139,1.394426448
NL,네덜란드,2026-07-01,3108773450,969713716.0,220.58672561871856,122.94280594425442,3.10877345
AN,네덜란드 열도,2025-01-01,26982,,,,2.6982e-05
AN,네덜란드 열도,2025-02-01,38273,,,41.84641612927136,3.8273e-05
AN,네덜란드 열도,2025-03-01,19577,,,-48.8490580827215,1.9577e-05
AN,네덜란드 열도,2025-04-01,35588,,,81.78474740767227,3.5588e-05
AN,네덜란드 열도,2025-05-01,80748,,,126.896706755086,8.0748e-05
AN,네덜란드 열도,2025-06-01,59695,,,-26.072472383216926,5.9695e-05
AN,네덜란드 열도,2025-07-01,22611,,,-62.1224558170701,2.2611e-05
AN,네덜란드 열도,2025-08-01,8215,,,-63.66812613329795,8.215e-06
AN,네덜란드 열도,2025-09-01,92535,,,1026.4150943396226,9.2535e-05
AN,네덜란드 열도,2025-10-01,2256,,,-97.5620035662182,2.256e-06
AN,네덜란드 열도,2025-11-01,71976,,,3090.425531914894,7.1976e-05
AN,네덜란드 열도,2025-12-01,50634,,,-29.65155051683894,5.0634e-05
AN,네덜란드 열도,2026-01-01,8062,26982.0,-70.12082128826624,-84.077892325315,8.062e-06
AN,네덜란드 열도,2026-02-01,14008,38273.0,-63.39978574974525,73.75341106425203,1.4008e-05
AN,네덜란드 열도,2026-03-01,27958,19577.0,42.81044082341523,99.58595088520845,2.7958e-05
AN,네덜란드 열도,2026-04-01,13635,35588.0,-61.686523547263114,-51.23041705415265,1.3635e-05
AN,네덜란드 열도,2026-05-01,130368,80748.0,61.4504384009511,856.127612761276,0.000130368
AN,네덜란드 열도,2026-06-01,84171,59695.0,41.00175894128486,-35.43584315169367,8.4171e-05
AN,네덜란드 열도,2026-07-01,67941,22611.0,200.4776436247844,-19.28217557115871,6.7941e-05
NP,네팔,2025-01-01,1974005,,,,0.001974005
NP,네팔,2025-02-01,2325322,,,17.7971687001806,0.002325322
NP,네팔,2025-03-01,3074261,,,32.207969476915466,0.003074261
NP,네팔,2025-04-01,2281617,,,-25.783237012081926,0.002281617
NP,네팔,2025-05-01,2996361,,,31.326204178878392,0.002996361
NP,네팔,2025-06-01,3582586,,,19.564565150861334,0.003582586
NP,네팔,2025-07-01,2789430,,,-22.139203357574665,0.00278943
NP,네팔,2025-08-01,3051361,,,9.390126298204283,0.003051361
NP,네팔,2025-09-01,3072578,,,0.6953290679142743,0.003072578
NP,네팔,2025-10-01,2838070,,,-7.632287935407989,0.00283807
NP,네팔,2025-11-01,1705380,,,-39.91057303026352,0.00170538
NP,네팔,2025-12-01,2839222,,,66.48617903341191,0.002839222
NP,네팔,2026-01-01,2922361,1974005.0,48.04222886973437,2.9282317479929265,0.002922361
NP,네팔,2026-02-01,2396319,2325322.0,3.0532115552168726,-18.000582405801335,0.002396319
NP,네팔,2026-03-01,3299072,3074261.0,7.312684251597368,37.67248851258951,0.003299072
NP,네팔,2026-04-01,3121609,2281617.0,36.815644343463426,-5.379179357104058,0.003121609
NP,네팔,2026-05-01,1764384,2996361.0,-41.11577343317444,-43.47837925890142,0.001764384
NP,네팔,2026-06-01,3654713,3582586.0,2.013266394721569,107.13818533833903,0.003654713
NP,네팔,2026-07-01,3110317,2789430.0,11.503676378328187,-14.89572505419714,0.003110317
NO,노르웨이,2025-01-01,34938711,,,,0.034938711
NO,노르웨이,2025-02-01,25659970,,,-26.557193251920484,0.02565997
NO,노르웨이,2025-03-01,34931761,,,36.133288542426186,0.034931761
NO,노르웨이,2025-04-01,44552945,,,27.54279694058368,0.044552945
NO,노르웨이,2025-05-01,57179884,,,28.3414238946494,0.057179884
NO,노르웨이,2025-06-01,41250542,,,-27.85829715918976,0.041250542
NO,노르웨이,2025-07-01,48825344,,,18.362915086061182,0.048825344
NO,노르웨이,2025-08-01,42930861,,,-12.072588776845073,0.042930861
NO,노르웨이,2025-09-01,43567806,,,1.4836529833398782,0.043567806
NO,노르웨이,2025-10-01,49696133,,,14.066182263114179,0.049696133
NO,노르웨이,2025-11-01,61397177,,,23.54518006461388,0.061397177
NO,노르웨이,2025-12-01,78189517,,,27.35034544014947,0.078189517
NO,노르웨이,2026-01-01,44451194,34938711.0,27.22619904323316,-43.149419889625364,0.044451194
NO,노르웨이,2026-02-01,36896920,25659970.0,43.79175034109548,-16.99453562484733,0.03689692
NO,노르웨이,2026-03-01,274184275,34931761.0,684.9139784278267,643.1088421472579,0.274184275
NO,노르웨이,2026-04-01,163174313,44552945.0,266.2480965063028,-40.48735544735379,0.163174313
NO,노르웨이,2026-05-01,254825589,57179884.0,345.6560090258315,56.16771066166524,0.254825589
NO,노르웨이,2026-06-01,58615613,41250542.0,42.09658869451947,-76.99775237250604,0.058615613
NO,노르웨이,2026-07-01,91094249,48825344.0,86.57164811782995,55.40953056312829,0.091094249
NF,노폴크 아일랜드,2025-11-01,0,,,,0.0
NF,노폴크 아일랜드,2026-01-01,0,,,,0.0
NF,노폴크 아일랜드,2026-04-01,0,,,,0.0
NC,뉴 칼레도니아,2025-01-01,181643,,,,0.000181643
NC,뉴 칼레도니아,2025-02-01,603249,,,232.10693503190325,0.000603249
NC,뉴 칼레도니아,2025-03-01,541701,,,-10.20275209739262,0.000541701
NC,뉴 칼레도니아,2025-04-01,973779,,,79.76319039470114,0.000973779
NC,뉴 칼레도니아,2025-05-01,1204226,,,23.665225888009502,0.001204226
NC,뉴 칼레도니아,2025-06-01,722252,,,-40.02355039668634,0.000722252
NC,뉴 칼레도니아,2025-07-01,1857340,,,157.15955096005274,0.00185734
NC,뉴 칼레도니아,2025-08-01,11202567,,,503.15111934271596,0.011202567
NC,뉴 칼레도니아,2025-09-01,1064030,,,-90.50190907137623,0.00106403
NC,뉴 칼레도니아,2025-10-01,971647,,,-8.682367978346473,0.000971647
NC,뉴 칼레도니아,2025-11-01,342440,,,-64.75674807826299,0.00034244
NC,뉴 칼레도니아,2025-12-01,1190222,,,247.5709613362925,0.001190222
NC,뉴 칼레도니아,2026-01-01,781637,181643.0,330.3149584624786,-34.32846981487487,0.000781637
NC,뉴 칼레도니아,2026-02-01,882919,603249.0,46.36062388831146,12.957677284980118,0.000882919
NC,뉴 칼레도니아,2026-03-01,978173,541701.0,80.57433898036001,10.788532130353978,0.000978173
NC,뉴 칼레도니아,2026-04-01,1209751,973779.0,24.232603085505033,23.674544277954922,0.001209751
NC,뉴 칼레도니아,2026-05-01,9405197,1204226.0,681.0159388686177,677.4489957024214,0.009405197
NC,뉴 칼레도니아,2026-06-01,790896,722252.0,9.504161982244419,-91.59086194579443,0.000790896
NC,뉴 칼레도니아,2026-07-01,2546759,1857340.0,37.1186212540515,222.00934130403996,0.002546759
NZ,뉴질랜드,2025-01-01,139315474,,,,0.139315474
NZ,뉴질랜드,2025-02-01,215910794,,,54.97976484650944,0.215910794
NZ,뉴질랜드,2025-03-01,271801538,,,25.886035137270635,0.271801538
NZ,뉴질랜드,2025-04-01,237256684,,,-12.7095873901935,0.237256684
NZ,뉴질랜드,2025-05-01,253752795,,,6.952854065852154,0.253752795
NZ,뉴질랜드,2025-06-01,284637140,,,12.171036382082011,0.28463714
NZ,뉴질랜드,2025-07-01,280637860,,,-1.4050450338279785,0.28063786
NZ,뉴질랜드,2025-08-01,226689385,,,-19.223519948448864,0.226689385
NZ,뉴질랜드,2025-09-01,240676189,,,6.170030414084016,0.240676189
NZ,뉴질랜드,2025-10-01,336887748,,,39.975520386854726,0.336887748
NZ,뉴질랜드,2025-11-01,259383442,,,-23.005973491205744,0.259383442
NZ,뉴질랜드,2025-12-01,285333709,,,10.00459659256121,0.285333709
NZ,뉴질랜드,2026-01-01,323280372,139315474.0,132.04914911318463,13.299046626138388,0.323280372
NZ,뉴질랜드,2026-02-01,267381912,215910794.0,23.839066610074156,-17.291015737880922,0.267381912
NZ,뉴질랜드,2026-03-01,501643909,271801538.0,84.56257190126718,87.61325523021917,0.501643909
NZ,뉴질랜드,2026-04-01,294130921,237256684.0,23.97160579046109,-41.366591774963624,0.294130921
NZ,뉴질랜드,2026-05-01,369372110,253752795.0,45.56376019424733,25.58084976043713,0.36937211
NZ,뉴질랜드,2026-06-01,358426839,284637140.0,25.92412887510043,-2.9632099185831873,0.358426839
NZ,뉴질랜드,2026-07-01,414739703,280637860.0,47.7846584919084,15.711118106309009,0.414739703
NU,니우에,2025-01-01,0,,,,0.0
NU,니우에,2025-02-01,0,,,,0.0
NU,니우에,2025-03-01,0,,,,0.0
NU,니우에,2025-04-01,0,,,,0.0
NU,니우에,2025-05-01,0,,,,0.0
NU,니우에,2025-06-01,0,,,,0.0
NU,니우에,2025-07-01,0,,,,0.0
NU,니우에,2025-08-01,0,,,,0.0
NU,니우에,2025-09-01,0,,,,0.0
NU,니우에,2025-10-01,0,,,,0.0
NU,니우에,2025-11-01,0,,,,0.0
NU,니우에,2025-12-01,0,,,,0.0
NU,니우에,2026-01-01,0,0.0,,,0.0
NU,니우에,2026-02-01,0,0.0,,,0.0
NU,니우에,2026-03-01,0,0.0,,,0.0
NU,니우에,2026-04-01,0,0.0,,,0.0
NU,니우에,2026-05-01,0,0.0,,,0.0
NU,니우에,2026-06-01,0,0.0,,,0.0
NU,니우에,2026-07-01,0,0.0,,,0.0
NE,니제르,2025-01-01,1513439,,,,0.001513439
NE,니제르,2025-02-01,160514,,,-89.3940885625387,0.000160514
NE,니제르,2025-03-01,50,,,-99.96885006915285,5e-08
NE,니제르,2025-04-01,786375,,,1572650.0,0.000786375
NE,니제르,2025-05-01,59248,,,-92.46568113177555,5.9248e-05
NE,니제르,2025-06-01,17508,,,-70.44963543073183,1.7508e-05
NE,니제르,2025-07-01,1265841,,,7130.071967100755,0.001265841
NE,니제르,2025-08-01,37416,,,-97.0441785342709,3.7416e-05
NE,니제르,2025-09-01,37384,,,-0.08552490912978605,3.7384e-05
NE,니제르,2025-10-01,14781,,,-60.46169484271346,1.4781e-05
NE,니제르,2025-11-01,10622,,,-28.13747378391178,1.0622e-05
NE,니제르,2025-12-01,92352,,,769.4407832799849,9.2352e-05
NE,니제르,2026-01-01,1443929,1513439.0,-4.592851115902263,1463.5059338184337,0.001443929
NE,니제르,2026-02-01,1279603,160514.0,697.1908992362037,-11.380476463870448,0.001279603
NE,니제르,2026-03-01,2314760,50.0,4629420.0,80.89673125180232,0.00231476
NE,니제르,2026-04-01,1598943,786375.0,103.3308536003815,-30.924026680951798,0.001598943
NE,니제르,2026-05-01,572890,59248.0,866.9355927626249,-64.17070527217042,0.00057289
NE,니제르,2026-06-01,155836,17508.0,790.0845327850126,-72.79826842849413,0.000155836
NE,니제르,2026-07-01,823379,1265841.0,-34.953995012011774,428.36250930465366,0.000823379
NI,니카라과,2025-01-01,4109352,,,,0.004109352
NI,니카라과,2025-02-01,5029123,,,22.382385349320288,0.005029123
NI,니카라과,2025-03-01,5119453,,,1.7961382133624415,0.005119453
NI,니카라과,2025-04-01,6954204,,,35.83880934154489,0.006954204
NI,니카라과,2025-05-01,5826267,,,-16.219498306348214,0.005826267
NI,니카라과,2025-06-01,7749484,,,33.00942095513302,0.007749484
NI,니카라과,2025-07-01,9623396,,,24.18111967196783,0.009623396
NI,니카라과,2025-08-01,15148475,,,57.41298601865703,0.015148475
NI,니카라과,2025-09-01,6519755,,,-56.96098122088197,0.006519755
NI,니카라과,2025-10-01,4760506,,,-26.98336057106441,0.004760506
NI,니카라과,2025-11-01,5803970,,,21.919182540679504,0.00580397
NI,니카라과,2025-12-01,4114212,,,-29.113830705534316,0.004114212
NI,니카라과,2026-01-01,3616545,4109352.0,-11.99232871752043,-12.096289641856083,0.003616545
NI,니카라과,2026-02-01,2250261,5029123.0,-55.25539940065096,-37.778708684670036,0.002250261
NI,니카라과,2026-03-01,6502627,5119453.0,27.018003681252665,188.97212367809777,0.006502627
NI,니카라과,2026-04-01,8048109,6954204.0,15.73012525948332,23.767040612970725,0.008048109
NI,니카라과,2026-05-01,2593613,5826267.0,-55.48413761332942,-67.77363477557275,0.002593613
NI,니카라과,2026-06-01,7570984,7749484.0,-2.3033791669225923,191.90877744675095,0.007570984
NI,니카라과,2026-07-01,6558604,9623396.0,-31.847302137415934,-13.371841757953785,0.006558604
TW,대만,2025-01-01,2438188048,,,,2.438188048
TW,대만,2025-02-01,2751970053,,,12.869475152147913,2.751970053
TW,대만,2025-03-01,3820712252,,,38.83553157981985,3.820712252
TW,대만,2025-04-01,3302393586,,,-13.566022034993075,3.302393586
TW,대만,2025-05-01,3773435249,,,14.263643951978056,3.773435249
TW,대만,2025-06-01,4348539518,,,15.240867566295435,4.348539518
TW,대만,2025-07-01,4652836226,,,6.997676041356371,4.652836226
TW,대만,2025-08-01,4371509375,,,-6.046351888079549,4.371509375
TW,대만,2025-09-01,5205355295,,,19.074554083508065,5.205355295
TW,대만,2025-10-01,5157834497,,,-0.9129213148168058,5.157834497
TW,대만,2025-11-01,4116108944,,,-20.196955788440064,4.116108944
TW,대만,2025-12-01,5131207266,,,24.661599967602797,5.131207266
TW,대만,2026-01-01,3960811235,2438188048.0,62.44896443688908,-22.809369614733466,3.960811235
TW,대만,2026-02-01,4549214953,2751970053.0,65.30757476960088,14.855636461554322,4.549214953
TW,대만,2026-03-01,6318776958,3820712252.0,65.38217330269656,38.898184044547165,6.318776958
TW,대만,2026-04-01,5561208241,3302393586.0,68.3993169250299,-11.989166923210771,5.561208241
TW,대만,2026-05-01,6664226583,3773435249.0,76.60900858882076,19.834149238793096,6.664226583
TW,대만,2026-06-01,8322974039,4348539518.0,91.39699672840824,24.890322010229294,8.322974039
TW,대만,2026-07-01,5677909773,4652836226.0,22.031154702413545,-31.780277742135098,5.677909773
DK,덴마크,2025-01-01,253412744,,,,0.253412744
DK,덴마크,2025-02-01,254829979,,,0.559259561152925,0.254829979
DK,덴마크,2025-03-01,251957274,,,-1.1273026083010396,0.251957274
DK,덴마크,2025-04-01,63140216,,,-74.94010988545621,0.063140216
DK,덴마크,2025-05-01,252896214,,,300.5311195007632,0.252896214
DK,덴마크,2025-06-01,241419057,,,-4.538287394053276,0.241419057
DK,덴마크,2025-07-01,261894637,,,8.481343707675904,0.261894637
DK,덴마크,2025-08-01,249679703,,,-4.664064197694895,0.249679703
DK,덴마크,2025-09-01,276611666,,,10.786604868718541,0.276611666
DK,덴마크,2025-10-01,243299255,,,-12.043024606200092,0.243299255
DK,덴마크,2025-11-01,59198718,,,-75.66835212873957,0.059198718
DK,덴마크,2025-12-01,250346561,,,322.8918622866123,0.250346561
DK,덴마크,2026-01-01,65915484,253412744.0,-73.9888835267101,-73.67030578063343,0.065915484
DK,덴마크,2026-02-01,56170344,254829979.0,-77.95771744736517,-14.78429559889145,0.056170344
DK,덴마크,2026-03-01,76314358,251957274.0,-69.71138924133622,35.86236537914027,0.076314358
DK,덴마크,2026-04-01,46883641,63140216.0,-25.746783951451803,-38.56511116820245,0.046883641
DK,덴마크,2026-05-01,46295563,252896214.0,-81.69384892412822,-1.2543351741815423,0.046295563
DK,덴마크,2026-06-01,58839976,241419057.0,-75.62745181296935,27.096361264685353,0.058839976
DK,덴마크,2026-07-01,202122565,261894637.0,-22.822946160596636,243.51231720420822,0.202122565
DM,도미니카,2025-01-01,123810,,,,0.00012381
DM,도미니카,2025-02-01,166440,,,34.43179064695905,0.00016644
DM,도미니카,2025-03-01,78204,,,-53.013698630136986,7.8204e-05
DM,도미니카,2025-04-01,37327,,,-52.26970487443098,3.7327e-05
DM,도미니카,2025-05-01,183491,,,391.57714255096846,0.000183491
DM,도미니카,2025-06-01,211808,,,15.432364530140452,0.000211808
DM,도미니카,2025-07-01,172877,,,-18.38032557788185,0.000172877
DM,도미니카,2025-08-01,19818,,,-88.53635822000612,1.9818e-05
DM,도미니카,2025-09-01,1691089,,,8433.096175194269,0.001691089
DM,도미니카,2025-10-01,79181,,,-95.31775086941019,7.9181e-05
DM,도미니카,2025-11-01,78840,,,-0.430658870183509,7.884e-05
DM,도미니카,2025-12-01,832162,,,955.5073566717402,0.000832162
DM,도미니카,2026-01-01,41188,123810.0,-66.73289718116469,-95.05048295884696,4.1188e-05
DM,도미니카,2026-02-01,68204,166440.0,-59.02186974285028,65.59191997669225,6.8204e-05
DM,도미니카,2026-03-01,214295,78204.0,174.02051045982302,214.19711453873674,0.000214295
DM,도미니카,2026-04-01,402843,37327.0,979.2268331234762,87.98525397232785,0.000402843
DM,도미니카,2026-05-01,688796,183491.0,275.3840787831556,70.98373311687183,0.000688796
DM,도미니카,2026-06-01,326563,211808.0,54.17878455960115,-52.589300750875445,0.000326563
DM,도미니카,2026-07-01,120511,172877.0,-30.29090046680588,-63.097166549792846,0.000120511
DO,도미니카 공화국,2025-01-01,18160181,,,,0.018160181
DO,도미니카 공화국,2025-02-01,16311127,,,-10.181913935769693,0.016311127
DO,도미니카 공화국,2025-03-01,20637012,,,26.52106748969585,0.020637012
DO,도미니카 공화국,2025-04-01,34416361,,,66.7700779550838,0.034416361
DO,도미니카 공화국,2025-05-01,16359042,,,-52.467252421021506,0.016359042
DO,도미니카 공화국,2025-06-01,23797691,,,45.47117734644852,0.023797691
DO,도미니카 공화국,2025-07-01,20555240,,,-13.625065557830796,0.02055524
DO,도미니카 공화국,2025-08-01,17002989,,,-17.2814863752503,0.017002989
DO,도미니카 공화국,2025-09-01,23416035,,,37.71716843432647,0.023416035
DO,도미니카 공화국,2025-10-01,15168051,,,-35.223657634608074,0.015168051
DO,도미니카 공화국,2025-11-01,20733619,,,36.692703630809255,0.020733619
DO,도미니카 공화국,2025-12-01,23417449,,,12.944339336031984,0.023417449
DO,도미니카 공화국,2026-01-01,18413072,18160181.0,1.3925577063356398,-21.370291016754216,0.018413072
DO,도미니카 공화국,2026-02-01,17672721,16311127.0,8.347639007408869,-4.020790229897542,0.017672721
DO,도미니카 공화국,2026-03-01,26668932,20637012.0,29.228649961535137,50.90450417906784,0.026668932
DO,도미니카 공화국,2026-04-01,27692846,34416361.0,-19.53581030835887,3.8393513471030705,0.027692846
DO,도미니카 공화국,2026-05-01,23073519,16359042.0,41.044438910298055,-16.68057880363759,0.023073519
DO,도미니카 공화국,2026-06-01,23655741,23797691.0,-0.5964864406382997,2.5233342170303485,0.023655741
DO,도미니카 공화국,2026-07-01,24737407,20555240.0,20.3459896357328,4.572530617409121,0.024737407
DE,독일,2025-01-01,769583494,,,,0.769583494
DE,독일,2025-02-01,709873650,,,-7.758722018536435,0.70987365
DE,독일,2025-03-01,894703402,,,26.03699292120507,0.894703402
DE,독일,2025-04-01,882438092,,,-1.3708800002975696,0.882438092
DE,독일,2025-05-01,1075108269,,,21.83384633400436,1.075108269
DE,독일,2025-06-01,648527452,,,-39.67794028751908,0.648527452
DE,독일,2025-07-01,694524594,,,7.092551264892322,0.694524594
DE,독일,2025-08-01,758698842,,,9.240025271156927,0.758698842
DE,독일,2025-09-01,722841103,,,-4.7262150691407045,0.722841103
DE,독일,2025-10-01,733666851,,,1.4976663550356983,0.733666851
DE,독일,2025-11-01,709202092,,,-3.3345869404695194,0.709202092
DE,독일,2025-12-01,674509732,,,-4.891745299589445,0.674509732
DE,독일,2026-01-01,791107842,769583494.0,2.796882751230112,17.286349546695632,0.791107842
DE,독일,2026-02-01,729846606,709873650.0,2.813593095052891,-7.743727561229252,0.729846606
DE,독일,2026-03-01,1007520997,894703402.0,12.609496593822044,38.045582279518065,1.007520997
DE,독일,2026-04-01,955730667,882438092.0,8.305690298781897,-5.140372275536809,0.955730667
DE,독일,2026-05-01,816249342,1075108269.0,-24.077475214731137,-14.594208370212314,0.816249342
DE,독일,2026-06-01,880905040,648527452.0,35.83157309430287,7.92107199027916,0.88090504
DE,독일,2026-07-01,1016033096,694524594.0,46.29188149383232,15.339684740593595,1.016033096
LA,라오스,2025-01-01,29884981,,,,0.029884981
LA,라오스,2025-02-01,10721791,,,-64.12314600434244,0.010721791
LA,라오스,2025-03-01,9894403,,,-7.71688237534196,0.009894403
LA,라오스,2025-04-01,10221364,,,3.3045045769815484,0.010221364
LA,라오스,2025-05-01,9229356,,,-9.705240905225565,0.009229356
LA,라오스,2025-06-01,8410507,,,-8.872222503932015,0.008410507
LA,라오스,2025-07-01,8013129,,,-4.724780563169384,0.008013129
LA,라오스,2025-08-01,9046703,,,12.898506937801702,0.009046703
LA,라오스,2025-09-01,9802983,,,8.359730611251415,0.009802983
LA,라오스,2025-10-01,8005568,,,-18.335388320065437,0.008005568
LA,라오스,2025-11-01,6577516,,,-17.838234588726245,0.006577516
LA,라오스,2025-12-01,7340996,,,11.607421403459917,0.007340996
LA,라오스,2026-01-01,7674864,29884981.0,-74.31865859309063,4.547993215089607,0.007674864
LA,라오스,2026-02-01,6795654,10721791.0,-36.61829446218453,-11.455707879644518,0.006795654
LA,라오스,2026-03-01,11431903,9894403.0,15.53908810870146,68.22373534614916,0.011431903
LA,라오스,2026-04-01,13128689,10221364.0,28.443610852719846,14.842550710935875,0.013128689
LA,라오스,2026-05-01,9343536,9229356.0,1.237139406043064,-28.831157475053292,0.009343536
LA,라오스,2026-06-01,9513148,8410507.0,13.110279796449852,1.8152870604875915,0.009513148
LA,라오스,2026-07-01,12203159,8013129.0,52.289561293721846,28.276770213182843,0.012203159
LR,라이베리아,2025-01-01,457792875,,,,0.457792875
LR,라이베리아,2025-02-01,245797726,,,-46.30809271551026,0.245797726
LR,라이베리아,2025-03-01,632845195,,,157.46584612422333,0.632845195
LR,라이베리아,2025-04-01,187459559,,,-70.37829148722541,0.187459559
LR,라이베리아,2025-05-01,392059919,,,109.14373270236916,0.392059919
LR,라이베리아,2025-06-01,596392065,,,52.1175810374026,0.596392065
LR,라이베리아,2025-07-01,786929974,,,31.948431272304067,0.786929974
LR,라이베리아,2025-08-01,425957587,,,-45.87096678566726,0.425957587
LR,라이베리아,2025-09-01,421924850,,,-0.9467461369575325,0.42192485
LR,라이베리아,2025-10-01,399248850,,,-5.374416794839176,0.39924885
LR,라이베리아,2025-11-01,108196693,,,-72.89993621772486,0.108196693
LR,라이베리아,2025-12-01,399658161,,,269.38112424563656,0.399658161
LR,라이베리아,2026-01-01,418655758,457792875.0,-8.549088274910355,4.753461546353854,0.418655758
LR,라이베리아,2026-02-01,259492246,245797726.0,5.571459192425565,-38.017753000784005,0.259492246
LR,라이베리아,2026-03-01,501275207,632845195.0,-20.790232593928437,93.1754087942959,0.501275207
LR,라이베리아,2026-04-01,331095054,187459559.0,76.62212360160305,-33.94944545900911,0.331095054
LR,라이베리아,2026-05-01,338096624,392059919.0,-13.764042786531306,2.1146706709789687,0.338096624
LR,라이베리아,2026-06-01,278818378,596392065.0,-53.24914693491101,-17.53293046782981,0.278818378
LR,라이베리아,2026-07-01,421060241,786929974.0,-46.493302465055166,51.01595670282537,0.421060241
LV,라트비아,2025-01-01,4146123,,,,0.004146123
LV,라트비아,2025-02-01,5051079,,,21.826559414662803,0.005051079
LV,라트비아,2025-03-01,4769674,,,-5.571185879294305,0.004769674
LV,라트비아,2025-04-01,6317502,,,32.45144217403537,0.006317502
LV,라트비아,2025-05-01,4090851,,,-35.24575061472082,0.004090851
LV,라트비아,2025-06-01,6551686,,,60.154598639745124,0.006551686
LV,라트비아,2025-07-01,5699216,,,-13.011459950919502,0.005699216
LV,라트비아,2025-08-01,7115682,,,24.853699175465536,0.007115682
LV,라트비아,2025-09-01,4941634,,,-30.55291116157243,0.004941634
LV,라트비아,2025-10-01,4626641,,,-6.374268106460335,0.004626641
LV,라트비아,2025-11-01,4120835,,,-10.932466988469603,0.004120835
LV,라트비아,2025-12-01,8058793,,,95.5621372852832,0.008058793
LV,라트비아,2026-01-01,4471710,4146123.0,7.852806103436882,-44.51141752865473,0.00447171
LV,라트비아,2026-02-01,3371397,5051079.0,-33.253924557505435,-24.606090287608097,0.003371397
LV,라트비아,2026-03-01,5760090,4769674.0,20.76485730471307,70.85172704371512,0.00576009
LV,라트비아,2026-04-01,5165172,6317502.0,-18.240279148308936,-10.328276120685608,0.005165172
LV,라트비아,2026-05-01,4526911,4090851.0,10.659395807864925,-12.357013474091472,0.004526911
LV,라트비아,2026-06-01,7444738,6551686.0,13.630873030239844,64.4551439160169,0.007444738
LV,라트비아,2026-07-01,13350770,5699216.0,134.25625559726112,79.33162993781649,0.01335077
RU,러시아 연방,2025-01-01,223133772,,,,0.223133772
RU,러시아 연방,2025-02-01,297090636,,,33.14463038790918,0.297090636
RU,러시아 연방,2025-03-01,298269912,,,0.3969414909462232,0.298269912
RU,러시아 연방,2025-04-01,360293524,,,20.794458141657945,0.360293524
RU,러시아 연방,2025-05-01,373711833,,,3.724271491485376,0.373711833
RU,러시아 연방,2025-06-01,339618657,,,-9.122851617063999,0.339618657
RU,러시아 연방,2025-07-01,381265396,,,12.262794796930132,0.381265396
RU,러시아 연방,2025-08-01,325632306,,,-14.591696645871322,0.325632306
RU,러시아 연방,2025-09-01,416220872,,,27.819280928471525,0.416220872
RU,러시아 연방,2025-10-01,380399794,,,-8.606266626628944,0.380399794
RU,러시아 연방,2025-11-01,347606200,,,-8.62082328046686,0.3476062
RU,러시아 연방,2025-12-01,300517878,,,-13.546456306015253,0.300517878
RU,러시아 연방,2026-01-01,240573329,223133772.0,7.815740684919725,-19.947082482726696,0.240573329
RU,러시아 연방,2026-02-01,249197846,297090636.0,-16.120598967649723,3.5849846846488953,0.249197846
RU,러시아 연방,2026-03-01,293482797,298269912.0,-1.6049607444146075,17.77100071723734,0.293482797
RU,러시아 연방,2026-04-01,317619492,360293524.0,-11.844240641971682,8.224228216006813,0.317619492
RU,러시아 연방,2026-05-01,286626363,373711833.0,-23.30283986485384,-9.757943004329217,0.286626363
RU,러시아 연방,2026-06-01,363965828,339618657.0,7.168973346479013,26.982676747009492,0.363965828
RU,러시아 연방,2026-07-01,380403306,381265396.0,-0.226112836109571,4.516214637600546,0.380403306
LB,레바논,2025-01-01,6331708,,,,0.006331708
LB,레바논,2025-02-01,8183713,,,29.249690604809953,0.008183713
LB,레바논,2025-03-01,8155488,,,-0.34489234898633647,0.008155488
LB,레바논,2025-04-01,10737225,,,31.656437971584282,0.010737225
LB,레바논,2025-05-01,9104644,,,-15.204869042047642,0.009104644
LB,레바논,2025-06-01,11094970,,,21.860558194257784,0.01109497
LB,레바논,2025-07-01,7607400,,,-31.433793872358372,0.0076074
LB,레바논,2025-08-01,9381590,,,23.321897100191926,0.00938159
LB,레바논,2025-09-01,16566677,,,76.58709237986312,0.016566677
LB,레바논,2025-10-01,9498215,,,-42.66674602275399,0.009498215
LB,레바논,2025-11-01,9610231,,,1.1793373807604812,0.009610231
LB,레바논,2025-12-01,8888459,,,-7.5104542232127365,0.008888459
LB,레바논,2026-01-01,7761170,6331708.0,22.57624640934168,-12.682614612949216,0.00776117
LB,레바논,2026-02-01,11392933,8183713.0,39.2147183069592,46.794014304544284,0.011392933
LB,레바논,2026-03-01,6719060,8155488.0,-17.613023279538886,-41.02431744310267,0.00671906
LB,레바논,2026-04-01,6456336,10737225.0,-39.869603179592495,-3.910130286081681,0.006456336
LB,레바논,2026-05-01,8298898,9104644.0,-8.849835314812971,28.53881830189755,0.008298898
LB,레바논,2026-06-01,11611690,11094970.0,4.657245580655012,39.91845664327962,0.01161169
LB,레바논,2026-07-01,10738968,7607400.0,41.16476062780976,-7.515891312978562,0.010738968
LS,레소토,2025-01-01,0,,,,0.0
LS,레소토,2025-02-01,3000,,,inf,3e-06
LS,레소토,2025-03-01,0,,,-100.0,0.0
LS,레소토,2025-04-01,0,,,,0.0
LS,레소토,2025-05-01,18502,,,inf,1.8502e-05
LS,레소토,2025-06-01,2800,,,-84.86650091881958,2.8e-06
LS,레소토,2025-07-01,0,,,-100.0,0.0
LS,레소토,2025-08-01,0,,,,0.0
LS,레소토,2025-09-01,0,,,,0.0
LS,레소토,2025-10-01,3000,,,inf,3e-06
LS,레소토,2025-11-01,590,,,-80.33333333333333,5.9e-07
LS,레소토,2025-12-01,0,,,-100.0,0.0
LS,레소토,2026-01-01,0,0.0,,,0.0
LS,레소토,2026-02-01,35,3000.0,-98.83333333333333,inf,3.5e-08
LS,레소토,2026-03-01,60,0.0,inf,71.42857142857142,6e-08
LS,레소토,2026-04-01,268,0.0,inf,346.6666666666667,2.68e-07
LS,레소토,2026-05-01,0,18502.0,-100.0,-100.0,0.0
LS,레소토,2026-06-01,248,2800.0,-91.14285714285715,inf,2.48e-07
LS,레소토,2026-07-01,9150,0.0,inf,3589.5161290322585,9.15e-06
RO,루마니아,2025-01-01,41323267,,,,0.041323267
RO,루마니아,2025-02-01,48663334,,,17.762552510671537,0.048663334
RO,루마니아,2025-03-01,60535307,,,24.396135702498324,0.060535307
RO,루마니아,2025-04-01,71397826,,,17.944104917151904,0.071397826
RO,루마니아,2025-05-01,52840472,,,-25.991483270092843,0.052840472
RO,루마니아,2025-06-01,42929104,,,-18.757152661316123,0.042929104
RO,루마니아,2025-07-01,54536066,,,27.037512825797627,0.054536066
RO,루마니아,2025-08-01,65947197,,,20.924008343396096,0.065947197
RO,루마니아,2025-09-01,50167859,,,-23.92723075099007,0.050167859
RO,루마니아,2025-10-01,35838607,,,-28.56261416298431,0.035838607
RO,루마니아,2025-11-01,38788396,,,8.230757964448788,0.038788396
RO,루마니아,2025-12-01,43987185,,,13.40294917067466,0.043987185
RO,루마니아,2026-01-01,50601237,41323267.0,22.45216962153549,15.036315690581237,0.050601237
RO,루마니아,2026-02-01,61097463,48663334.0,25.55132987805562,20.74302254705749,0.061097463
RO,루마니아,2026-03-01,54189498,60535307.0,-10.482822859063056,-11.306467831569378,0.054189498
RO,루마니아,2026-04-01,63543935,71397826.0,-11.000182274457494,17.262453695363632,0.063543935
RO,루마니아,2026-05-01,43440277,52840472.0,-17.789763497949075,-31.63741433387781,0.043440277
RO,루마니아,2026-06-01,76949483,42929104.0,79.24781984734646,77.1385642867793,0.076949483
RO,루마니아,2026-07-01,147893599,54536066.0,171.1849420895156,92.19570195162974,0.147893599
LU,룩셈부르그,2025-01-01,3797888,,,,0.003797888
LU,룩셈부르그,2025-02-01,3231760,,,-14.906390077853793,0.00323176
LU,룩셈부르그,2025-03-01,4443253,,,37.48709681411986,0.004443253
LU,룩셈부르그,2025-04-01,4996898,,,12.46035280907929,0.004996898
LU,룩셈부르그,2025-05-01,5249061,,,5.046390780840437,0.005249061
LU,룩셈부르그,2025-06-01,5408550,,,3.038429159043865,0.00540855
LU,룩셈부르그,2025-07-01,4984787,,,-7.835057455325368,0.004984787
LU,룩셈부르그,2025-08-01,4261284,,,-14.514220968719426,0.004261284
LU,룩셈부르그,2025-09-01,5518718,,,29.50833598511622,0.005518718
LU,룩셈부르그,2025-10-01,6165538,,,11.720475661195229,0.006165538
LU,룩셈부르그,2025-11-01,6489863,,,5.260287099033367,0.006489863
LU,룩셈부르그,2025-12-01,7881404,,,21.441762329959822,0.007881404
LU,룩셈부르그,2026-01-01,6372122,3797888.0,67.78067178389674,-19.149912883542065,0.006372122
LU,룩셈부르그,2026-02-01,4922723,3231760.0,52.32328514493651,-22.74593926481634,0.004922723
LU,룩셈부르그,2026-03-01,7026697,4443253.0,58.143076705287775,42.74004448351045,0.007026697
LU,룩셈부르그,2026-04-01,5652179,4996898.0,13.113755774082247,-19.56136716867114,0.005652179
LU,룩셈부르그,2026-05-01,7775008,5249061.0,48.12188313300227,37.5577100442148,0.007775008
LU,룩셈부르그,2026-06-01,3899383,5408550.0,-27.903356722226846,-49.84721559128943,0.003899383
LU,룩셈부르그,2026-07-01,5460601,4984787.0,9.54532259853831,40.03756491732153,0.005460601
RW,르완다,2025-01-01,1559797,,,,0.001559797
RW,르완다,2025-02-01,2013441,,,29.08352817706408,0.002013441
RW,르완다,2025-03-01,3180215,,,57.949252051587294,0.003180215
RW,르완다,2025-04-01,2761347,,,-13.17105918939443,0.002761347
RW,르완다,2025-05-01,2211590,,,-19.90901541892417,0.00221159
RW,르완다,2025-06-01,1435480,,,-35.09285174919402,0.00143548
RW,르완다,2025-07-01,2195701,,,52.95935854209044,0.002195701
RW,르완다,2025-08-01,1654103,,,-24.66629108425965,0.001654103
RW,르완다,2025-09-01,2808258,,,69.77528001581521,0.002808258
RW,르완다,2025-10-01,1535513,,,-45.321512482115246,0.001535513
RW,르완다,2025-11-01,1915576,,,24.751532549708145,0.001915576
RW,르완다,2025-12-01,1382798,,,-27.812939815491532,0.001382798
RW,르완다,2026-01-01,1045714,1559797.0,-32.958327269510065,-24.376951658882927,0.001045714
RW,르완다,2026-02-01,1422845,2013441.0,-29.33266979265844,36.064449744385186,0.001422845
RW,르완다,2026-03-01,1765894,3180215.0,-44.47249635637842,24.11007523658586,0.001765894
RW,르완다,2026-04-01,1344579,2761347.0,-51.307133801003644,-23.85845356516303,0.001344579
RW,르완다,2026-05-01,2000186,2211590.0,-9.558914627033044,48.759277067394336,0.002000186
RW,르완다,2026-06-01,2561269,1435480.0,78.4259620475381,28.051541206667775,0.002561269
RW,르완다,2026-07-01,750313,2195701.0,-65.8280886149799,-70.70541985242471,0.000750313
LY,리비아,2025-01-01,31688929,,,,0.031688929
LY,리비아,2025-02-01,42468597,,,34.01714207507614,0.042468597
LY,리비아,2025-03-01,40605853,,,-4.3861679725374465,0.040605853
LY,리비아,2025-04-01,39849476,,,-1.8627290011614783,0.039849476
LY,리비아,2025-05-01,40635571,,,1.9726608199314821,0.040635571
LY,리비아,2025-06-01,28913117,,,-28.84776492989356,0.028913117
LY,리비아,2025-07-01,39274561,,,35.836482106028214,0.039274561
LY,리비아,2025-08-01,33066063,,,-15.807937356702729,0.033066063
LY,리비아,2025-09-01,47294307,,,43.02974926286205,0.047294307
LY,리비아,2025-10-01,36675711,,,-22.45216533144253,0.036675711
LY,리비아,2025-11-01,38488646,,,4.943148886738702,0.038488646
LY,리비아,2025-12-01,35900668,,,-6.724003749053686,0.035900668
LY,리비아,2026-01-01,25591442,31688929.0,-19.24169478873836,-28.715972638726385,0.025591442
LY,리비아,2026-02-01,25250370,42468597.0,-40.543432597973506,-1.3327580368468483,0.02525037
LY,리비아,2026-03-01,27303828,40605853.0,-32.75888576949731,8.132387763030803,0.027303828
LY,리비아,2026-04-01,36687174,39849476.0,-7.9356175222981555,34.366411918504625,0.036687174
LY,리비아,2026-05-01,30336252,40635571.0,-25.3455746936594,-17.311014470615802,0.030336252
LY,리비아,2026-06-01,40139012,28913117.0,38.82630502965143,32.31368199341171,0.040139012
LY,리비아,2026-07-01,48203731,39274561.0,22.735250942715822,20.091971870159632,0.048203731
LT,리투아니아,2025-01-01,29687011,,,,0.029687011
LT,리투아니아,2025-02-01,39425356,,,32.803386639362245,0.039425356
LT,리투아니아,2025-03-01,30299679,,,-23.146720602852643,0.030299679
LT,리투아니아,2025-04-01,39618550,,,30.75567566243853,0.03961855
LT,리투아니아,2025-05-01,31586995,,,-20.27220834684763,0.031586995
LT,리투아니아,2025-06-01,23643853,,,-25.146874528583673,0.023643853
LT,리투아니아,2025-07-01,49205295,,,108.11030672538861,0.049205295
LT,리투아니아,2025-08-01,16628903,,,-66.20505374472401,0.016628903
LT,리투아니아,2025-09-01,34788913,,,109.20750454795484,0.034788913
LT,리투아니아,2025-10-01,36121374,,,3.830131168513362,0.036121374
LT,리투아니아,2025-11-01,20638737,,,-42.86281302588324,0.020638737
LT,리투아니아,2025-12-01,33287088,,,61.28452046266204,0.033287088
LT,리투아니아,2026-01-01,30471086,29687011.0,2.6411382405591377,-8.459742708644269,0.030471086
LT,리투아니아,2026-02-01,31006453,39425356.0,-21.35403165414663,1.7569672442918405,0.031006453
LT,리투아니아,2026-03-01,39192936,30299679.0,29.350994114492114,26.402513696100606,0.039192936
LT,리투아니아,2026-04-01,48201396,39618550.0,21.663705511685816,22.984907280230303,0.048201396
LT,리투아니아,2026-05-01,38256398,31586995.0,21.114395338967817,-20.632178370933485,0.038256398
LT,리투아니아,2026-06-01,35434823,23643853.0,49.86907167795367,-7.375432992933629,0.035434823
LT,리투아니아,2026-07-01,31450815,49205295.0,-36.08245819885848,-11.243199944867788,0.031450815
LI,리히텐슈타인,2025-01-01,527820,,,,0.00052782
LI,리히텐슈타인,2025-02-01,665264,,,26.03993785760297,0.000665264
LI,리히텐슈타인,2025-03-01,737853,,,10.911307390750146,0.000737853
LI,리히텐슈타인,2025-04-01,959935,,,30.09840713529659,0.000959935
LI,리히텐슈타인,2025-05-01,642779,,,-33.039320370650096,0.000642779
LI,리히텐슈타인,2025-06-01,730870,,,13.704710328122104,0.00073087
LI,리히텐슈타인,2025-07-01,953590,,,30.473271580445214,0.00095359
LI,리히텐슈타인,2025-08-01,628638,,,-34.07669962981994,0.000628638
LI,리히텐슈타인,2025-09-01,953629,,,51.69763838647998,0.000953629
LI,리히텐슈타인,2025-10-01,664356,,,-30.333913922500255,0.000664356
LI,리히텐슈타인,2025-11-01,532182,,,-19.895056265014542,0.000532182
LI,리히텐슈타인,2025-12-01,646875,,,21.5514617179837,0.000646875
LI,리히텐슈타인,2026-01-01,1063360,527820.0,101.46261983251867,64.38415458937199,0.00106336
LI,리히텐슈타인,2026-02-01,631809,665264.0,-5.028830659708028,-40.58371576888354,0.000631809
LI,리히텐슈타인,2026-03-01,845582,737853.0,14.600333670798914,33.83506724342325,0.000845582
LI,리히텐슈타인,2026-04-01,938684,959935.0,-2.2137957257522656,11.010404668027473,0.000938684
LI,리히텐슈타인,2026-05-01,709240,642779.0,10.339634617807981,-24.443156589437976,0.00070924
LI,리히텐슈타인,2026-06-01,679785,730870.0,-6.98961511623134,-4.153037053747677,0.000679785
LI,리히텐슈타인,2026-07-01,916866,953590.0,-3.851130989209195,34.875879873783624,0.000916866
MG,마다카스카르,2025-01-01,1797690,,,,0.00179769
MG,마다카스카르,2025-02-01,2518752,,,40.11047510972414,0.002518752
MG,마다카스카르,2025-03-01,2488402,,,-1.2049618223628156,0.002488402
MG,마다카스카르,2025-04-01,6220461,,,149.97813858050267,0.006220461
MG,마다카스카르,2025-05-01,2554853,,,-58.92823699079537,0.002554853
MG,마다카스카르,2025-06-01,1869725,,,-26.816728790266996,0.001869725
MG,마다카스카르,2025-07-01,4529106,,,142.2338044364813,0.004529106
MG,마다카스카르,2025-08-01,6493674,,,43.376507416695475,0.006493674
MG,마다카스카르,2025-09-01,3238967,,,-50.12119487365704,0.003238967
MG,마다카스카르,2025-10-01,2953294,,,-8.819879918504881,0.002953294
MG,마다카스카르,2025-11-01,4318663,,,46.23207171382193,0.004318663
MG,마다카스카르,2025-12-01,2730176,,,-36.781916069857736,0.002730176
MG,마다카스카르,2026-01-01,3663888,1797690.0,103.81089064299185,34.199699946084074,0.003663888
MG,마다카스카르,2026-02-01,2185828,2518752.0,-13.2178158071934,-40.34129864231658,0.002185828
MG,마다카스카르,2026-03-01,2916710,2488402.0,17.212170702322215,33.43730613753691,0.00291671
MG,마다카스카르,2026-04-01,4022376,6220461.0,-35.336368156636624,37.90798536707454,0.004022376
MG,마다카스카르,2026-05-01,3555676,2554853.0,39.17340841136456,-11.602595083105104,0.003555676
MG,마다카스카르,2026-06-01,3894145,1869725.0,108.27367661019669,9.519118164872165,0.003894145
MG,마다카스카르,2026-07-01,5450195,4529106.0,20.337104055414024,39.95870723868782,0.005450195
MH,마샬군도,2025-01-01,737986093,,,,0.737986093
MH,마샬군도,2025-02-01,355701444,,,-51.801064088615554,0.355701444
MH,마샬군도,2025-03-01,122796428,,,-65.47766952556988,0.122796428
MH,마샬군도,2025-04-01,180049604,,,46.62446370182689,0.180049604
MH,마샬군도,2025-05-01,278003840,,,54.40402745901069,0.27800384
MH,마샬군도,2025-06-01,150341349,,,-45.92112504633029,0.150341349
MH,마샬군도,2025-07-01,227468803,,,51.301557763726066,0.227468803
MH,마샬군도,2025-08-01,612133839,,,169.10672185671106,0.612133839
MH,마샬군도,2025-09-01,480232052,,,-21.547867246724785,0.480232052
MH,마샬군도,2025-10-01,462063952,,,-3.7831918807451848,0.462063952
MH,마샬군도,2025-11-01,652252161,,,41.16058138203344,0.652252161
MH,마샬군도,2025-12-01,1008679079,,,54.64557104012415,1.008679079
MH,마샬군도,2026-01-01,294993966,737986093.0,-60.02716463113622,-70.75442802953188,0.294993966
MH,마샬군도,2026-02-01,822419063,355701444.0,131.21049320227107,178.79182552500072,0.822419063
MH,마샬군도,2026-03-01,582809617,122796428.0,374.61447087043933,-29.13471450016717,0.582809617
MH,마샬군도,2026-04-01,542321073,180049604.0,201.20647918781316,-6.947130386834366,0.542321073
MH,마샬군도,2026-05-01,693427454,278003840.0,149.4308905948925,27.862900507279377,0.693427454
MH,마샬군도,2026-06-01,715752167,150341349.0,376.0847044148845,3.219473482225288,0.715752167
MH,마샬군도,2026-07-01,866456997,227468803.0,280.9124528606237,21.05544865224278,0.866456997
MK,마세도니아,2025-01-01,241773,,,,0.000241773
MK,마세도니아,2025-02-01,720500,,,198.00680803894562,0.0007205
MK,마세도니아,2025-03-01,807411,,,12.062595419847334,0.000807411
MK,마세도니아,2025-04-01,810767,,,0.41564952669705946,0.000810767
MK,마세도니아,2025-05-01,866821,,,6.913700236936138,0.000866821
MK,마세도니아,2025-06-01,1869986,,,115.72919899264092,0.001869986
MK,마세도니아,2025-07-01,1436389,,,-23.187178941446618,0.001436389
MK,마세도니아,2025-08-01,945303,,,-34.18892792969036,0.000945303
MK,마세도니아,2025-09-01,1357463,,,43.60083486458839,0.001357463
MK,마세도니아,2025-10-01,893898,,,-34.14936539706791,0.000893898
MK,마세도니아,2025-11-01,438560,,,-50.93847396459103,0.00043856
MK,마세도니아,2025-12-01,1306730,,,197.9592302079533,0.00130673
MK,마세도니아,2026-01-01,821966,241773.0,239.9742733886745,-37.09748762177344,0.000821966
MK,마세도니아,2026-02-01,798988,720500.0,10.893546148507971,-2.7954927576079758,0.000798988
MK,마세도니아,2026-03-01,953965,807411.0,18.15110272215761,19.396661777148093,0.000953965
MK,마세도니아,2026-04-01,897001,810767.0,10.636101370677387,-5.971288254810192,0.000897001
MK,마세도니아,2026-05-01,723740,866821.0,-16.50640674372218,-19.315586047284228,0.00072374
MK,마세도니아,2026-06-01,1330054,1869986.0,-28.873585149835346,83.77511260950065,0.001330054
MK,마세도니아,2026-07-01,867893,1436389.0,-39.57813656328474,-34.747536566184536,0.000867893
UM,마이너 아우틀링 합중국 군도,2025-02-01,0,,,,0.0
UM,마이너 아우틀링 합중국 군도,2025-04-01,0,,,,0.0
UM,마이너 아우틀링 합중국 군도,2025-05-01,0,,,,0.0
UM,마이너 아우틀링 합중국 군도,2025-06-01,0,,,,0.0
UM,마이너 아우틀링 합중국 군도,2025-08-01,0,,,,0.0
UM,마이너 아우틀링 합중국 군도,2025-09-01,0,,,,0.0
UM,마이너 아우틀링 합중국 군도,2025-10-01,0,,,,0.0
UM,마이너 아우틀링 합중국 군도,2025-11-01,0,,,,0.0
UM,마이너 아우틀링 합중국 군도,2025-12-01,0,,,,0.0
UM,마이너 아우틀링 합중국 군도,2026-01-01,0,,,,0.0
UM,마이너 아우틀링 합중국 군도,2026-02-01,0,,,,0.0
UM,마이너 아우틀링 합중국 군도,2026-03-01,0,,,,0.0
UM,마이너 아우틀링 합중국 군도,2026-05-01,0,0.0,,,0.0
UM,마이너 아우틀링 합중국 군도,2026-06-01,0,0.0,,,0.0
UM,마이너 아우틀링 합중국 군도,2026-07-01,0,0.0,,,0.0
FM,마이크로네시아,2025-01-01,704851,,,,0.000704851
FM,마이크로네시아,2025-02-01,575710,,,-18.321744595666324,0.00057571
FM,마이크로네시아,2025-03-01,217264,,,-62.261555296937686,0.000217264
FM,마이크로네시아,2025-04-01,527392,,,142.7424699904264,0.000527392
FM,마이크로네시아,2025-05-01,810186,,,53.621215338875075,0.000810186
FM,마이크로네시아,2025-06-01,499072,,,-38.40031795168023,0.000499072
FM,마이크로네시아,2025-07-01,607243,,,21.67442773788151,0.000607243
FM,마이크로네시아,2025-08-01,168098,,,-72.31783651684745,0.000168098
FM,마이크로네시아,2025-09-01,699811,,,316.3113183976014,0.000699811
FM,마이크로네시아,2025-10-01,545729,,,-22.01765905365878,0.000545729
FM,마이크로네시아,2025-11-01,675506,,,23.7804844529061,0.000675506
FM,마이크로네시아,2025-12-01,1187824,,,75.84210947053025,0.001187824
FM,마이크로네시아,2026-01-01,393350,704851.0,-44.19387927377559,-66.88482468783255,0.00039335
FM,마이크로네시아,2026-02-01,669191,575710.0,16.237515415747517,70.1260963518495,0.000669191
FM,마이크로네시아,2026-03-01,642315,217264.0,195.63802562780762,-4.016192686392972,0.000642315
FM,마이크로네시아,2026-04-01,903440,527392.0,71.30331897336326,40.653729089309756,0.00090344
FM,마이크로네시아,2026-05-01,409092,810186.0,-49.50640963926802,-54.71840963428672,0.000409092
FM,마이크로네시아,2026-06-01,715493,499072.0,43.36468485509104,74.89782249469556,0.000715493
FM,마이크로네시아,2026-07-01,635024,607243.0,4.574939521740062,-11.246650910630851,0.000635024
MO,마카오,2025-01-01,867392,,,,0.000867392
MO,마카오,2025-02-01,775547,,,-10.588638124400507,0.000775547
MO,마카오,2025-03-01,599211,,,-22.736984347821597,0.000599211
MO,마카오,2025-04-01,1314582,,,119.38549192187726,0.001314582
MO,마카오,2025-05-01,1602901,,,21.932370898125786,0.001602901
MO,마카오,2025-06-01,650597,,,-59.41127992308945,0.000650597
MO,마카오,2025-07-01,1290949,,,98.42529246215399,0.001290949
MO,마카오,2025-08-01,1488625,,,15.312456185333435,0.001488625
MO,마카오,2025-09-01,1684900,,,13.184986144932399,0.0016849
MO,마카오,2025-10-01,1060474,,,-37.060122262448814,0.001060474
MO,마카오,2025-11-01,570855,,,-46.16982594575633,0.000570855
MO,마카오,2025-12-01,1459474,,,155.6645733154654,0.001459474
MO,마카오,2026-01-01,1763230,867392.0,103.27948609164022,20.81270375491444,0.00176323
MO,마카오,2026-02-01,1138984,775547.0,46.86202125725456,-35.40354916828774,0.001138984
MO,마카오,2026-03-01,2429929,599211.0,305.5214273436236,113.34180286992618,0.002429929
MO,마카오,2026-04-01,1769168,1314582.0,34.58026962182657,-27.19260521603718,0.001769168
MO,마카오,2026-05-01,1337640,1602901.0,-16.548807443504,-24.391578414260263,0.00133764
MO,마카오,2026-06-01,1347354,650597.0,107.09502195675663,0.7262043599174595,0.001347354
MO,마카오,2026-07-01,1476257,1290949.0,14.354401297030318,9.567121929351895,0.001476257
MQ,마티니크,2025-01-01,1769183,,,,0.001769183
MQ,마티니크,2025-02-01,1025641,,,-42.02742169690755,0.001025641
MQ,마티니크,2025-03-01,574622,,,-43.97435359935884,0.000574622
MQ,마티니크,2025-04-01,864790,,,50.497196417819026,0.00086479
MQ,마티니크,2025-05-01,1011307,,,16.94249470969831,0.001011307
MQ,마티니크,2025-06-01,626616,,,-38.038993104962195,0.000626616
MQ,마티니크,2025-07-01,307420,,,-50.93965043982279,0.00030742
MQ,마티니크,2025-08-01,398898,,,29.756684665929356,0.000398898
MQ,마티니크,2025-09-01,2277878,,,471.0427227010413,0.002277878
MQ,마티니크,2025-10-01,2958921,,,29.89813326262425,0.002958921
MQ,마티니크,2025-11-01,1221967,,,-58.702276944872814,0.001221967
MQ,마티니크,2025-12-01,1936787,,,58.49748806637167,0.001936787
MQ,마티니크,2026-01-01,62137,1769183.0,-96.48781386662657,-96.79174839566767,6.2137e-05
MQ,마티니크,2026-02-01,299874,1025641.0,-70.7622842690571,382.60134863285964,0.000299874
MQ,마티니크,2026-03-01,571979,574622.0,-0.4599545440306829,90.73977737316339,0.000571979
MQ,마티니크,2026-04-01,716329,864790.0,-17.167289168468645,25.236940517046946,0.000716329
MQ,마티니크,2026-05-01,1196034,1011307.0,18.266164478244495,66.96713381700307,0.001196034
MQ,마티니크,2026-06-01,1574135,626616.0,151.21206608193853,31.612897292217433,0.001574135
MQ,마티니크,2026-07-01,4725954,307420.0,1437.2955565675622,200.2254571558348,0.004725954
MW,말라위,2025-01-01,68980,,,,6.898e-05
MW,말라위,2025-02-01,9101,,,-86.80632067265874,9.101e-06
MW,말라위,2025-03-01,34218,,,275.980661465773,3.4218e-05
MW,말라위,2025-04-01,280091,,,718.5487170495062,0.000280091
MW,말라위,2025-05-01,97496,,,-65.19131282333241,9.7496e-05
MW,말라위,2025-06-01,246273,,,152.59805530483303,0.000246273
MW,말라위,2025-07-01,282113,,,14.55295545999764,0.000282113
MW,말라위,2025-08-01,559595,,,98.35845919897346,0.000559595
MW,말라위,2025-09-01,725678,,,29.679142951598926,0.000725678
MW,말라위,2025-10-01,111230,,,-84.67226510931846,0.00011123
MW,말라위,2025-11-01,189508,,,70.3748988582217,0.000189508
MW,말라위,2025-12-01,597681,,,215.3856301580936,0.000597681
MW,말라위,2026-01-01,166966,68980.0,142.04986952739924,-72.0643620928221,0.000166966
MW,말라위,2026-02-01,1257884,9101.0,13721.382265685092,653.3773343075836,0.001257884
MW,말라위,2026-03-01,272701,34218.0,696.9518966625752,-78.32065595873705,0.000272701
MW,말라위,2026-04-01,346038,280091.0,23.544847924424573,26.892824008712847,0.000346038
MW,말라위,2026-05-01,867659,97496.0,789.943177155986,150.74095908541838,0.000867659
MW,말라위,2026-06-01,468918,246273.0,90.40576920734307,-45.955957351908985,0.000468918
MW,말라위,2026-07-01,90173,282113.0,-68.03656690758669,-80.7699853705765,9.0173e-05
MY,말레이시아,2025-01-01,921581753,,,,0.921581753
MY,말레이시아,2025-02-01,1033843641,,,12.181435627881832,1.033843641
MY,말레이시아,2025-03-01,980219523,,,-5.186869258888249,0.980219523
MY,말레이시아,2025-04-01,868690140,,,-11.378000578754033,0.86869014
MY,말레이시아,2025-05-01,1026451597,,,18.160843520107186,1.026451597
MY,말레이시아,2025-06-01,1031925423,,,0.5332765827437358,1.031925423
MY,말레이시아,2025-07-01,1049176580,,,1.6717445481522875,1.04917658
MY,말레이시아,2025-08-01,1039246832,,,-0.9464324870843033,1.039246832
MY,말레이시아,2025-09-01,1025124946,,,-1.358857738620467,1.025124946
MY,말레이시아,2025-10-01,707218289,,,-31.011503352880066,0.707218289
MY,말레이시아,2025-11-01,1276763716,,,80.53318697475032,1.276763716
MY,말레이시아,2025-12-01,1406126985,,,10.132122911926489,1.406126985
MY,말레이시아,2026-01-01,976720608,921581753.0,5.983067136529985,-30.53823599011578,0.976720608
MY,말레이시아,2026-02-01,1733072912,1033843641.0,67.63394804301942,77.43793852663342,1.733072912
MY,말레이시아,2026-03-01,1427980010,980219523.0,45.67961323904379,-17.604158479859734,1.42798001
MY,말레이시아,2026-04-01,1536350259,868690140.0,76.8582591486534,7.589059247405006,1.536350259
MY,말레이시아,2026-05-01,1461438695,1026451597.0,42.37775061886333,-4.8759430709999325,1.461438695
MY,말레이시아,2026-06-01,2457720014,1031925423.0,138.16837527415,68.17127002374876,2.457720014
MY,말레이시아,2026-07-01,2579527974,1049176580.0,145.8621382875321,4.9561365536408,2.579527974
ML,말리,2025-01-01,1046520,,,,0.00104652
ML,말리,2025-02-01,75755,,,-92.7612467989145,7.5755e-05
ML,말리,2025-03-01,917179,,,1110.7174443931094,0.000917179
ML,말리,2025-04-01,1014752,,,10.638381384658825,0.001014752
ML,말리,2025-05-01,54651,,,-94.61434912175586,5.4651e-05
ML,말리,2025-06-01,849552,,,1454.5040346928693,0.000849552
ML,말리,2025-07-01,1268872,,,49.35777915889788,0.001268872
ML,말리,2025-08-01,599364,,,-52.76402978393408,0.000599364
ML,말리,2025-09-01,354325,,,-40.883169492995904,0.000354325
ML,말리,2025-10-01,58210,,,-83.57157976434064,5.821e-05
ML,말리,2025-11-01,2869396,,,4829.386703315581,0.002869396
ML,말리,2025-12-01,43353,,,-98.48912454049564,4.3353e-05
ML,말리,2026-01-01,164562,1046520.0,-84.27531246416694,279.5861878070722,0.000164562
ML,말리,2026-02-01,203596,75755.0,168.75585769916177,23.71993534351795,0.000203596
ML,말리,2026-03-01,392213,917179.0,-57.23702788659575,92.64278276586965,0.000392213
ML,말리,2026-04-01,682349,1014752.0,-32.7570677367475,73.97409060892932,0.000682349
ML,말리,2026-05-01,2140310,54651.0,3816.323580538325,213.66793239236813,0.00214031
ML,말리,2026-06-01,832553,849552.0,-2.0009369644236052,-61.10128906560265,0.000832553
ML,말리,2026-07-01,416950,1268872.0,-67.14010554256063,-49.91910424921897,0.00041695
IM,맨섬,2025-01-01,0,,,,0.0
IM,맨섬,2025-02-01,0,,,,0.0
IM,맨섬,2025-04-01,0,,,,0.0
IM,맨섬,2025-06-01,0,,,,0.0
IM,맨섬,2025-07-01,0,,,,0.0
IM,맨섬,2025-09-01,0,,,,0.0
IM,맨섬,2025-10-01,0,,,,0.0
IM,맨섬,2026-01-01,0,,,,0.0
IM,맨섬,2026-02-01,0,,,,0.0
IM,맨섬,2026-03-01,0,,,,0.0
IM,맨섬,2026-05-01,33,,,inf,3.3e-08
IM,맨섬,2026-07-01,164,,,396.969696969697,1.64e-07
YT,메요트,2025-01-01,89413,,,,8.9413e-05
YT,메요트,2025-02-01,1733,,,-98.0618030935099,1.733e-06
YT,메요트,2025-03-01,25448,,,1368.4362377380266,2.5448e-05
YT,메요트,2025-05-01,533832,,,1997.7365608299276,0.000533832
YT,메요트,2025-06-01,426916,,,-20.028023797749107,0.000426916
YT,메요트,2025-07-01,889954,,,108.46114926589775,0.000889954
YT,메요트,2025-08-01,442251,,,-50.30630796647917,0.000442251
YT,메요트,2025-09-01,48584,,,-89.01438323485984,4.8584e-05
YT,메요트,2025-10-01,42796,,,-11.913387123332786,4.2796e-05
YT,메요트,2025-11-01,166216,,,288.3914384521918,0.000166216
YT,메요트,2025-12-01,208686,,,25.55109014775954,0.000208686
YT,메요트,2026-01-01,348488,,,66.99155669283037,0.000348488
YT,메요트,2026-02-01,46028,89413.0,-48.522026998311205,-86.79208466288652,4.6028e-05
YT,메요트,2026-03-01,93425,1733.0,5290.940565493364,102.9742765273312,9.3425e-05
YT,메요트,2026-05-01,38654,25448.0,51.894058472178564,-58.62563553652662,3.8654e-05
YT,메요트,2026-06-01,659704,533832.0,23.578953678310775,1606.6901226263776,0.000659704
YT,메요트,2026-07-01,36360,426916.0,-91.48310206223238,-94.4884372385191,3.636e-05
MX,멕시코,2025-01-01,947164179,,,,0.947164179
MX,멕시코,2025-02-01,961377566,,,1.5006254792074403,0.961377566
MX,멕시코,2025-03-01,942535533,,,-1.9598993846294932,0.942535533
MX,멕시코,2025-04-01,1044405979,,,10.808127909592557,1.044405979
MX,멕시코,2025-05-01,1067190930,,,2.181618207683589,1.06719093
MX,멕시코,2025-06-01,978440032,,,-8.316309247493326,0.978440032
MX,멕시코,2025-07-01,1075293903,,,9.898805019457747,1.075293903
MX,멕시코,2025-08-01,997129663,,,-7.269104733313081,0.997129663
MX,멕시코,2025-09-01,1136442781,,,13.97141446788952,1.136442781
MX,멕시코,2025-10-01,946692249,,,-16.696883923450258,0.946692249
MX,멕시코,2025-11-01,908778165,,,-4.004900646440168,0.908778165
MX,멕시코,2025-12-01,1050832758,,,15.631382714834485,1.050832758
MX,멕시코,2026-01-01,1020310702,947164179.0,7.7226867972590485,-2.9045588622580776,1.020310702
MX,멕시코,2026-02-01,952839115,961377566.0,-0.8881475189322252,-6.612847132519839,0.952839115
MX,멕시코,2026-03-01,1502994817,942535533.0,59.46293422128204,57.73857237168522,1.502994817
MX,멕시코,2026-04-01,1348183600,1044405979.0,29.086162575482533,-10.300183024516707,1.3481836
MX,멕시코,2026-05-01,1532846887,1067190930.0,43.63380009236022,13.6971913172657,1.532846887
MX,멕시코,2026-06-01,1569668688,978440032.0,60.42564047502095,2.402183891443044,1.569668688
MX,멕시코,2026-07-01,1329957723,1075293903.0,23.68318273632024,-15.27143701295518,1.329957723
MC,모나코,2025-01-01,20891,,,,2.0891e-05
MC,모나코,2025-02-01,4283,,,-79.49834857115505,4.283e-06
MC,모나코,2025-03-01,42317,,,888.0224141956572,4.2317e-05
MC,모나코,2025-04-01,78,,,-99.81567691471513,7.8e-08
MC,모나코,2025-05-01,167202,,,214261.53846153847,0.000167202
MC,모나코,2025-06-01,58154,,,-65.21931555842633,5.8154e-05
MC,모나코,2025-07-01,105750,,,81.8447570244523,0.00010575
MC,모나코,2025-08-01,5094,,,-95.18297872340426,5.094e-06
MC,모나코,2025-09-01,528750,,,10279.858657243816,0.00052875
MC,모나코,2025-10-01,1744,,,-99.67016548463357,1.744e-06
MC,모나코,2025-11-01,386827,,,22080.447247706423,0.000386827
MC,모나코,2025-12-01,56927,,,-85.28360223045443,5.6927e-05
MC,모나코,2026-01-01,4894,20891.0,-76.57364415298453,-91.40302492666046,4.894e-06
MC,모나코,2026-02-01,13832,4283.0,222.95120242820454,182.63179403351043,1.3832e-05
MC,모나코,2026-03-01,1040193,42317.0,2358.0972186119056,7420.192307692308,0.001040193
MC,모나코,2026-04-01,42761,78.0,54721.794871794875,-95.88912826754266,4.2761e-05
MC,모나코,2026-05-01,1104,167202.0,-99.33972081673664,-97.41820818035126,1.104e-06
MC,모나코,2026-06-01,45963,58154.0,-20.963304329882725,4063.3152173913045,4.5963e-05
MC,모나코,2026-07-01,194116,105750.0,83.5612293144208,322.3310053738877,0.000194116
MA,모로코,2025-01-01,20647032,,,,0.020647032
MA,모로코,2025-02-01,32211688,,,56.011227182676905,0.032211688
MA,모로코,2025-03-01,31897012,,,-0.9769000618657375,0.031897012
MA,모로코,2025-04-01,34494863,,,8.144496418661419,0.034494863
MA,모로코,2025-05-01,36886871,,,6.934389042217681,0.036886871
MA,모로코,2025-06-01,39438859,,,6.918418209015353,0.039438859
MA,모로코,2025-07-01,34534034,,,-12.436528653123558,0.034534034
MA,모로코,2025-08-01,29059979,,,-15.851189003867894,0.029059979
MA,모로코,2025-09-01,46617915,,,60.41964448769905,0.046617915
MA,모로코,2025-10-01,36040187,,,-22.690264032614927,0.036040187
MA,모로코,2025-11-01,35667317,,,-1.0345950757691735,0.035667317
MA,모로코,2025-12-01,36414055,,,2.0936197696058922,0.036414055
MA,모로코,2026-01-01,29542553,20647032.0,43.08377591510488,-18.870466362507553,0.029542553
MA,모로코,2026-02-01,40134849,32211688.0,24.597161750728503,35.85436911968982,0.040134849
MA,모로코,2026-03-01,39918812,31897012.0,25.149064119234744,-0.5382778442744374,0.039918812
MA,모로코,2026-04-01,31005610,34494863.0,-10.115282962567495,-22.328324800848286,0.03100561
MA,모로코,2026-05-01,31514443,36886871.0,-14.564607553728258,1.6410997880706102,0.031514443
MA,모로코,2026-06-01,72756344,39438859.0,84.47882581998631,130.86666643608456,0.072756344
MA,모로코,2026-07-01,30243241,34534034.0,-12.42482416042099,-58.43215953786793,0.030243241
MU,모리셔스,2025-01-01,3236658,,,,0.003236658
MU,모리셔스,2025-02-01,3484920,,,7.670319199618869,0.00348492
MU,모리셔스,2025-03-01,3510088,,,0.7221973531673642,0.003510088
MU,모리셔스,2025-04-01,5096975,,,45.20932238735895,0.005096975
MU,모리셔스,2025-05-01,3295787,,,-35.33837226982671,0.003295787
MU,모리셔스,2025-06-01,4802622,,,45.720035912514966,0.004802622
MU,모리셔스,2025-07-01,2959117,,,-38.385386149482514,0.002959117
MU,모리셔스,2025-08-01,2961620,,,0.08458604374210754,0.00296162
MU,모리셔스,2025-09-01,3668056,,,23.853026384208654,0.003668056
MU,모리셔스,2025-10-01,2849065,,,-22.327658029212206,0.002849065
MU,모리셔스,2025-11-01,2650705,,,-6.962284117771967,0.002650705
MU,모리셔스,2025-12-01,3997582,,,50.81202925259507,0.003997582
MU,모리셔스,2026-01-01,2125519,3236658.0,-34.32982415812854,-46.8298836646753,0.002125519
MU,모리셔스,2026-02-01,1618048,3484920.0,-53.570010215442544,-23.87515707928275,0.001618048
MU,모리셔스,2026-03-01,2729720,3510088.0,-22.23214916549101,68.70451309231865,0.00272972
MU,모리셔스,2026-04-01,3380986,5096975.0,-33.666812177811344,23.858344445584166,0.003380986
MU,모리셔스,2026-05-01,4912798,3295787.0,49.06297039220071,45.30666497879612,0.004912798
MU,모리셔스,2026-06-01,2507800,4802622.0,-47.78269037205093,-48.95373267942219,0.0025078
MU,모리셔스,2026-07-01,6031172,2959117.0,103.8166115094469,140.49653082382966,0.006031172
MR,모리타니,2025-01-01,461957,,,,0.000461957
MR,모리타니,2025-02-01,736807,,,59.49687957970114,0.000736807
MR,모리타니,2025-03-01,527202,,,-28.447748189145873,0.000527202
MR,모리타니,2025-04-01,5031239,,,854.3285116520802,0.005031239
MR,모리타니,2025-05-01,1112816,,,-77.88186965477092,0.001112816
MR,모리타니,2025-06-01,1244308,,,11.81614930051329,0.001244308
MR,모리타니,2025-07-01,929481,,,-25.30137232903751,0.000929481
MR,모리타니,2025-08-01,435518,,,-53.1439588329401,0.000435518
MR,모리타니,2025-09-01,1274243,,,192.58101846536766,0.001274243
MR,모리타니,2025-10-01,410427,,,-67.79052347158274,0.000410427
MR,모리타니,2025-11-01,824919,,,100.9904319160289,0.000824919
MR,모리타니,2025-12-01,1019832,,,23.62813803537074,0.001019832
MR,모리타니,2026-01-01,1041417,461957.0,125.43591719575633,2.1165250747181785,0.001041417
MR,모리타니,2026-02-01,700302,736807.0,-4.954486045870898,-32.75489069220111,0.000700302
MR,모리타니,2026-03-01,630315,527202.0,19.558537334835613,-9.99383123281099,0.000630315
MR,모리타니,2026-04-01,902342,5031239.0,-82.06521296245319,43.15731023377201,0.000902342
MR,모리타니,2026-05-01,2423093,1112816.0,117.74426320254202,168.53377100921824,0.002423093
MR,모리타니,2026-06-01,917164,1244308.0,-26.291239789505493,-62.14903843971321,0.000917164
MR,모리타니,2026-07-01,919147,929481.0,-1.111803253643695,0.21620996899136546,0.000919147
MZ,모잠비크,2025-01-01,5667394,,,,0.005667394
MZ,모잠비크,2025-02-01,3293125,,,-41.89348755353872,0.003293125
MZ,모잠비크,2025-03-01,7819923,,,137.46207629531222,0.007819923
MZ,모잠비크,2025-04-01,11481349,,,46.82176538055425,0.011481349
MZ,모잠비크,2025-05-01,6877068,,,-40.102264986457605,0.006877068
MZ,모잠비크,2025-06-01,13960903,,,103.00661561002448,0.013960903
MZ,모잠비크,2025-07-01,7669670,,,-45.06322406222577,0.00766967
MZ,모잠비크,2025-08-01,10960668,,,42.90925163664148,0.010960668
MZ,모잠비크,2025-09-01,9307235,,,-15.085148094988376,0.009307235
MZ,모잠비크,2025-10-01,4455997,,,-52.12329977700144,0.004455997
MZ,모잠비크,2025-11-01,7719448,,,73.23728000714542,0.007719448
MZ,모잠비크,2025-12-01,15620811,,,102.35658041870353,0.015620811
MZ,모잠비크,2026-01-01,9831876,5667394.0,73.48142726621796,-37.05911940167511,0.009831876
MZ,모잠비크,2026-02-01,5620843,3293125.0,70.68416777377111,-42.83041201902872,0.005620843
MZ,모잠비크,2026-03-01,7660051,7819923.0,-2.044419107451567,36.27939794795905,0.007660051
MZ,모잠비크,2026-04-01,16892193,11481349.0,47.12724959410257,120.52324455803229,0.016892193
MZ,모잠비크,2026-05-01,8238684,6877068.0,19.799367986473303,-51.22786011265678,0.008238684
MZ,모잠비크,2026-06-01,15120278,13960903.0,8.304441338787317,83.52783041563434,0.015120278
MZ,모잠비크,2026-07-01,23725999,7669670.0,209.34836831310864,56.915097725055055,0.023725999
ME,몬테네그로,2025-01-01,479940,,,,0.00047994
ME,몬테네그로,2025-02-01,742765,,,54.76205359003208,0.000742765
ME,몬테네그로,2025-03-01,1024134,,,37.881294891385565,0.001024134
ME,몬테네그로,2025-04-01,1888080,,,84.35868743738612,0.00188808
ME,몬테네그로,2025-05-01,1201781,,,-36.349042413457056,0.001201781
ME,몬테네그로,2025-06-01,277731,,,-76.89004901891443,0.000277731
ME,몬테네그로,2025-07-01,153290,,,-44.80630538182629,0.00015329
ME,몬테네그로,2025-08-01,829294,,,440.99680344445164,0.000829294
ME,몬테네그로,2025-09-01,142869,,,-82.77221347314703,0.000142869
ME,몬테네그로,2025-10-01,686220,,,380.3141339268841,0.00068622
ME,몬테네그로,2025-11-01,170176,,,-75.20095596164495,0.000170176
ME,몬테네그로,2025-12-01,449275,,,164.00608781496803,0.000449275
ME,몬테네그로,2026-01-01,836184,479940.0,74.2267783472934,86.1185242891325,0.000836184
ME,몬테네그로,2026-02-01,245254,742765.0,-66.98094282848545,-70.66985256833425,0.000245254
ME,몬테네그로,2026-03-01,334828,1024134.0,-67.30623141112393,36.522951715364485,0.000334828
ME,몬테네그로,2026-04-01,158788,1888080.0,-91.58997500105927,-52.576248103503886,0.000158788
ME,몬테네그로,2026-05-01,262056,1201781.0,-78.19436319928505,65.0351411945487,0.000262056
ME,몬테네그로,2026-06-01,680153,277731.0,144.896320540379,159.54490643221297,0.000680153
ME,몬테네그로,2026-07-01,324617,153290.0,111.76658620914606,-52.272944469847225,0.000324617
MS,몬트세라트,2025-01-01,557,,,,5.57e-07
MS,몬트세라트,2025-02-01,0,,,-100.0,0.0
MS,몬트세라트,2025-03-01,27,,,inf,2.7e-08
MS,몬트세라트,2025-05-01,0,,,-100.0,0.0
MS,몬트세라트,2025-06-01,3145,,,inf,3.145e-06
MS,몬트세라트,2025-07-01,0,,,-100.0,0.0
MS,몬트세라트,2025-08-01,1422,,,inf,1.422e-06
MS,몬트세라트,2025-09-01,269489,,,18851.4064697609,0.000269489
MS,몬트세라트,2025-11-01,0,,,-100.0,0.0
MS,몬트세라트,2025-12-01,0,,,,0.0
MS,몬트세라트,2026-02-01,0,,,,0.0
MS,몬트세라트,2026-03-01,39,,,inf,3.9e-08
MD,몰도바,2025-01-01,5795514,,,,0.005795514
MD,몰도바,2025-02-01,6576225,,,13.470953568570444,0.006576225
MD,몰도바,2025-03-01,5572890,,,-15.257005348813335,0.00557289
MD,몰도바,2025-04-01,5398920,,,-3.1217196104714073,0.00539892
MD,몰도바,2025-05-01,5038587,,,-6.674168166966732,0.005038587
MD,몰도바,2025-06-01,6961254,,,38.15885286886977,0.006961254
MD,몰도바,2025-07-01,5653273,,,-18.789445120089,0.005653273
MD,몰도바,2025-08-01,4388268,,,-22.376506494556338,0.004388268
MD,몰도바,2025-09-01,7618271,,,73.6054179006387,0.007618271
MD,몰도바,2025-10-01,5350742,,,-29.764352042609143,0.005350742
MD,몰도바,2025-11-01,5008852,,,-6.389581108564013,0.005008852
MD,몰도바,2025-12-01,4404892,,,-12.057852777442813,0.004404892
MD,몰도바,2026-01-01,6492787,5795514.0,12.031253828392096,47.39945951001749,0.006492787
MD,몰도바,2026-02-01,5639184,6576225.0,-14.248919402848903,-13.146942907568048,0.005639184
MD,몰도바,2026-03-01,7994073,5572890.0,43.445734618842295,41.759392848326996,0.007994073
MD,몰도바,2026-04-01,5700416,5398920.0,5.5843761344861464,-28.691969663024096,0.005700416
MD,몰도바,2026-05-01,5894371,5038587.0,16.98460302461782,3.4024709775567263,0.005894371
MD,몰도바,2026-06-01,6621569,6961254.0,-4.879652430438542,12.337160317869378,0.006621569
MD,몰도바,2026-07-01,10234047,5653273.0,81.02870673324993,54.55622375905167,0.010234047
MV,몰디브,2025-01-01,411643,,,,0.000411643
MV,몰디브,2025-02-01,640309,,,55.549590300333065,0.000640309
MV,몰디브,2025-03-01,1242011,,,93.97056733545834,0.001242011
MV,몰디브,2025-04-01,642406,,,-48.27694762767801,0.000642406
MV,몰디브,2025-05-01,759253,,,18.188964611164906,0.000759253
MV,몰디브,2025-06-01,383273,,,-49.51972530895499,0.000383273
MV,몰디브,2025-07-01,1049525,,,173.8322292465162,0.001049525
MV,몰디브,2025-08-01,272063,,,-74.0775112550916,0.000272063
MV,몰디브,2025-09-01,1507704,,,454.17458456313426,0.001507704
MV,몰디브,2025-10-01,913722,,,-39.39645978255679,0.000913722
MV,몰디브,2025-11-01,1039770,,,13.795005483068156,0.00103977
MV,몰디브,2025-12-01,829298,,,-20.24216894120815,0.000829298
MV,몰디브,2026-01-01,714931,411643.0,73.67743408730381,-13.790820670012472,0.000714931
MV,몰디브,2026-02-01,404757,640309.0,-36.787238661333824,-43.385165841179074,0.000404757
MV,몰디브,2026-03-01,1341691,1242011.0,8.025693814306,231.4806167651208,0.001341691
MV,몰디브,2026-04-01,1353990,642406.0,110.76857937192366,0.9166790266909475,0.00135399
MV,몰디브,2026-05-01,866697,759253.0,14.151277637361993,-35.98940907983072,0.000866697
MV,몰디브,2026-06-01,1109458,383273.0,189.46938605119587,28.00990426873522,0.001109458
MV,몰디브,2026-07-01,1807116,1049525.0,72.18417855696624,62.882776995614066,0.001807116
MT,몰타,2025-01-01,181194201,,,,0.181194201
MT,몰타,2025-02-01,9096205,,,-94.97985865452725,0.009096205
MT,몰타,2025-03-01,543499907,,,5875.018230130037,0.543499907
MT,몰타,2025-04-01,416240461,,,-23.41480547852237,0.416240461
MT,몰타,2025-05-01,138300207,,,-66.77396362003356,0.138300207
MT,몰타,2025-06-01,184031974,,,33.067027152027336,0.184031974
MT,몰타,2025-07-01,7291856,,,-96.03772331431928,0.007291856
MT,몰타,2025-08-01,9875662,,,35.43413364169561,0.009875662
MT,몰타,2025-09-01,184911040,,,1772.3913394362828,0.18491104
MT,몰타,2025-10-01,226998088,,,22.76070049684431,0.226998088
MT,몰타,2025-11-01,186809251,,,-17.70448260339532,0.186809251
MT,몰타,2025-12-01,423233896,,,126.55938811081685,0.423233896
MT,몰타,2026-01-01,13219805,181194201.0,-92.7040683824092,-96.8764777289955,0.013219805
MT,몰타,2026-02-01,404752792,9096205.0,4349.688545937564,2961.715297615963,0.404752792
MT,몰타,2026-03-01,188072592,543499907.0,-65.39602130971478,-53.53396055140739,0.188072592
MT,몰타,2026-04-01,277716074,416240461.0,-33.27989467126792,47.66429868739195,0.277716074
MT,몰타,2026-05-01,250627118,138300207.0,81.21962608486912,-9.754190893538272,0.250627118
MT,몰타,2026-06-01,699667878,184031974.0,280.1882155543253,179.1668689259715,0.699667878
MT,몰타,2026-07-01,15926503,7291856.0,118.41494127146777,-97.72370527491903,0.015926503
MN,몽골,2025-01-01,31639167,,,,0.031639167
MN,몽골,2025-02-01,48646772,,,53.75490764342816,0.048646772
MN,몽골,2025-03-01,54671096,,,12.383810379031935,0.054671096
MN,몽골,2025-04-01,54890298,,,0.400946781824163,0.054890298
MN,몽골,2025-05-01,144208468,,,162.72123354112597,0.144208468
MN,몽골,2025-06-01,56641168,,,-60.72271705986088,0.056641168
MN,몽골,2025-07-01,39101942,,,-30.965509044587503,0.039101942
MN,몽골,2025-08-01,41539080,,,6.232779947348899,0.04153908
MN,몽골,2025-09-01,60067050,,,44.60370812256795,0.06006705
MN,몽골,2025-10-01,42254898,,,-29.65378189872817,0.042254898
MN,몽골,2025-11-01,45303869,,,7.2156629037419595,0.045303869
MN,몽골,2025-12-01,41498388,,,-8.399902886881472,0.041498388
MN,몽골,2026-01-01,39238914,31639167.0,24.0200603258613,-5.444727154221029,0.039238914
MN,몽골,2026-02-01,35538359,48646772.0,-26.946110627854203,-9.430829303787558,0.035538359
MN,몽골,2026-03-01,57612741,54671096.0,5.380621965215404,62.11424112182557,0.057612741
MN,몽골,2026-04-01,55851605,54890298.0,1.7513240682351494,-3.056851608570399,0.055851605
MN,몽골,2026-05-01,50569379,144208468.0,-64.9331417902588,-9.45760824599401,0.050569379
MN,몽골,2026-06-01,66151135,56641168.0,16.789849743211516,30.81263070286071,0.066151135
MN,몽골,2026-07-01,56832140,39101942.0,45.34352283577117,-14.08743024590583,0.05683214
US,미국,2025-01-01,9282566788,,,,9.282566788
US,미국,2025-02-01,9889640386,,,6.539932454725683,9.889640386
US,미국,2025-03-01,11109476018,,,12.334479155853106,11.109476018
US,미국,2025-04-01,10605998245,,,-4.531966873903381,10.605998245
US,미국,2025-05-01,10036995110,,,-5.364918245844952,10.03699511
US,미국,2025-06-01,11208004435,,,11.666931309285044,11.208004435
US,미국,2025-07-01,10333446398,,,-7.802977256762656,10.333446398
US,미국,2025-08-01,8718145472,,,-15.631773406330684,8.718145472
US,미국,2025-09-01,10267271479,,,17.768985525365633,10.267271479
US,미국,2025-10-01,8711425059,,,-15.153455552258709,8.711425059
US,미국,2025-11-01,10352809140,,,18.841740242077186,10.35280914
US,미국,2025-12-01,12335136415,,,19.147723561723073,12.335136415
US,미국,2026-01-01,12006726701,9282566788.0,29.347054270825666,-2.6623922342734807,12.006726701
US,미국,2026-02-01,12704284715,9889640386.0,28.46053262952286,5.809726758766831,12.704284715
US,미국,2026-03-01,16419950914,11109476018.0,47.801308427110015,29.247346720849986,16.419950914
US,미국,2026-04-01,16359174314,10605998245.0,54.24455045249728,-0.37013874352194165,16.359174314
US,미국,2026-05-01,15981424196,10036995110.0,59.22518663058312,-2.309102591300871,15.981424196
US,미국,2026-06-01,20001821829,11208004435.0,78.46015269711124,25.156691817280397,20.001821829
US,미국,2026-07-01,17474061407,10333446398.0,69.10196979762763,-12.637650928052368,17.474061407
VI,미령 버진군도,2025-01-01,1019,,,,1.019e-06
VI,미령 버진군도,2025-02-01,763,,,-25.122669283611387,7.63e-07
VI,미령 버진군도,2025-03-01,5956,,,680.6028833551769,5.956e-06
VI,미령 버진군도,2025-04-01,13512,,,126.86366689053057,1.3512e-05
VI,미령 버진군도,2025-05-01,3592,,,-73.4162226169331,3.592e-06
VI,미령 버진군도,2025-06-01,14459,,,302.53340757238306,1.4459e-05
VI,미령 버진군도,2025-07-01,22421,,,55.06604882771975,2.2421e-05
VI,미령 버진군도,2025-08-01,715,,,-96.81102537799384,7.15e-07
VI,미령 버진군도,2025-09-01,47588,,,6555.664335664336,4.7588e-05
VI,미령 버진군도,2025-10-01,1136,,,-97.61284357401026,1.136e-06
VI,미령 버진군도,2025-11-01,19308,,,1599.6478873239437,1.9308e-05
VI,미령 버진군도,2025-12-01,6699,,,-65.30453697949036,6.699e-06
VI,미령 버진군도,2026-01-01,787,1019.0,-22.76741903827282,-88.25197790715032,7.87e-07
VI,미령 버진군도,2026-02-01,3486,763.0,356.8807339449541,342.9479034307497,3.486e-06
VI,미령 버진군도,2026-03-01,20238,5956.0,239.7918065815984,480.55077452667814,2.0238e-05
VI,미령 버진군도,2026-04-01,7089,13512.0,-47.53552397868561,-64.97183516157723,7.089e-06
VI,미령 버진군도,2026-05-01,217801,3592.0,5963.502227171492,2972.3797432642123,0.000217801
VI,미령 버진군도,2026-06-01,20989,14459.0,45.162182723563184,-90.36322147281234,2.0989e-05
VI,미령 버진군도,2026-07-01,19552,22421.0,-12.796039427322603,-6.8464433751012415,1.9552e-05
MM,미얀마,2025-01-01,23365844,,,,0.023365844
MM,미얀마,2025-02-01,23401991,,,0.15470016833116773,0.023401991
MM,미얀마,2025-03-01,24278090,,,3.7436942865245904,0.02427809
MM,미얀마,2025-04-01,28021542,,,15.419054793849106,0.028021542
MM,미얀마,2025-05-01,28778905,,,2.7027884475451014,0.028778905
MM,미얀마,2025-06-01,31779294,,,10.425653790510792,0.031779294
MM,미얀마,2025-07-01,28838193,,,-9.2547713615035,0.028838193
MM,미얀마,2025-08-01,16815701,,,-41.68947756192629,0.016815701
MM,미얀마,2025-09-01,26214875,,,55.89522553951214,0.026214875
MM,미얀마,2025-10-01,24362969,,,-7.064332750013113,0.024362969
MM,미얀마,2025-11-01,21046505,,,-13.612725115727887,0.021046505
MM,미얀마,2025-12-01,30610908,,,45.44413906251894,0.030610908
MM,미얀마,2026-01-01,25354324,23365844.0,8.510199759957304,-17.172257680170745,0.025354324
MM,미얀마,2026-02-01,22115640,23401991.0,-5.496758801419932,-12.773694932667102,0.02211564
MM,미얀마,2026-03-01,29434526,24278090.0,21.23905134217725,33.09371105697145,0.029434526
MM,미얀마,2026-04-01,33697386,28021542.0,20.25528787816173,14.48251621242347,0.033697386
MM,미얀마,2026-05-01,23553092,28778905.0,-18.158484487161687,-30.10409768876434,0.023553092
MM,미얀마,2026-06-01,31951121,31779294.0,0.5406885376371129,35.65573895775553,0.031951121
MM,미얀마,2026-07-01,39140539,28838193.0,35.724658615052604,22.501301284546482,0.039140539
VU,바누아투,2025-01-01,649492,,,,0.000649492
VU,바누아투,2025-02-01,535978,,,-17.477351530118924,0.000535978
VU,바누아투,2025-03-01,651751,,,21.60032687908833,0.000651751
VU,바누아투,2025-04-01,1081752,,,65.97627007860365,0.001081752
VU,바누아투,2025-05-01,622204,,,-42.4818257789216,0.000622204
VU,바누아투,2025-06-01,470760,,,-24.33992709786501,0.00047076
VU,바누아투,2025-07-01,1098529,,,133.3522389327895,0.001098529
VU,바누아투,2025-08-01,884549,,,-19.47877570824257,0.000884549
VU,바누아투,2025-09-01,584098,,,-33.9665750568934,0.000584098
VU,바누아투,2025-10-01,698224,,,19.53884450896939,0.000698224
VU,바누아투,2025-11-01,364631,,,-47.77736084694884,0.000364631
VU,바누아투,2025-12-01,877441,,,140.63806971979892,0.000877441
VU,바누아투,2026-01-01,545588,649492.0,-15.997733613347043,-37.82054861808373,0.000545588
VU,바누아투,2026-02-01,802263,535978.0,49.68207650314005,47.04557284984274,0.000802263
VU,바누아투,2026-03-01,772866,651751.0,18.58301713384407,-3.664259725302055,0.000772866
VU,바누아투,2026-04-01,1100332,1081752.0,1.7175840673278264,42.370346217843725,0.001100332
VU,바누아투,2026-05-01,441577,622204.0,-29.03018945554834,-59.86874870493632,0.000441577
VU,바누아투,2026-06-01,2604101,470760.0,453.1695556122015,489.72749939421664,0.002604101
VU,바누아투,2026-07-01,879604,1098529.0,-19.928923132661946,-66.22235466289517,0.000879604
BH,바레인,2025-01-01,5241635,,,,0.005241635
BH,바레인,2025-02-01,14305019,,,172.91139119759387,0.014305019
BH,바레인,2025-03-01,4274316,,,-70.12016551673229,0.004274316
BH,바레인,2025-04-01,14743654,,,244.93598507925012,0.014743654
BH,바레인,2025-05-01,3455171,,,-76.5650292661507,0.003455171
BH,바레인,2025-06-01,15774713,,,356.5537566736929,0.015774713
BH,바레인,2025-07-01,9352147,,,-40.71431283726049,0.009352147
BH,바레인,2025-08-01,10485100,,,12.1143626164131,0.0104851
BH,바레인,2025-09-01,6618204,,,-36.87991530839,0.006618204
BH,바레인,2025-10-01,6568905,,,-0.7448999758846941,0.006568905
BH,바레인,2025-11-01,12196376,,,85.6683267607006,0.012196376
BH,바레인,2025-12-01,37805251,,,209.9711832432847,0.037805251
BH,바레인,2026-01-01,11176548,5241635.0,113.22636925310516,-70.43651951947099,0.011176548
BH,바레인,2026-02-01,5664843,14305019.0,-60.39961219205651,-49.31491369249253,0.005664843
BH,바레인,2026-03-01,230310,4274316.0,-94.6117694620613,-95.93439747579941,0.00023031
BH,바레인,2026-04-01,1181423,14743654.0,-91.98690501011487,412.9707785159133,0.001181423
BH,바레인,2026-05-01,2392333,3455171.0,-30.76079302587339,102.49588843284752,0.002392333
BH,바레인,2026-06-01,4571695,15774713.0,-71.01883882134655,91.09776941587981,0.004571695
BH,바레인,2026-07-01,3423736,9352147.0,-63.39090906077502,-25.110139674672084,0.003423736
BB,바베이도스,2025-01-01,424095,,,,0.000424095
BB,바베이도스,2025-02-01,527859,,,24.46715948077671,0.000527859
BB,바베이도스,2025-03-01,1203958,,,128.08325708191015,0.001203958
BB,바베이도스,2025-04-01,496821,,,-58.73435784304768,0.000496821
BB,바베이도스,2025-05-01,942923,,,89.79129304115567,0.000942923
BB,바베이도스,2025-06-01,1247486,,,32.299880265938995,0.001247486
BB,바베이도스,2025-07-01,1117638,,,-10.408774126523268,0.001117638
BB,바베이도스,2025-08-01,1162199,,,3.9870691583500095,0.001162199
BB,바베이도스,2025-09-01,782773,,,-32.647248879064605,0.000782773
BB,바베이도스,2025-10-01,738306,,,-5.680701812658329,0.000738306
BB,바베이도스,2025-11-01,916762,,,24.17100768516036,0.000916762
BB,바베이도스,2025-12-01,787290,,,-14.122749415878932,0.00078729
BB,바베이도스,2026-01-01,358456,424095.0,-15.477428406371219,-54.46963634747044,0.000358456
BB,바베이도스,2026-02-01,596638,527859.0,13.029805307856822,66.44664896109983,0.000596638
BB,바베이도스,2026-03-01,769523,1203958.0,-36.083899936708754,28.97653183337301,0.000769523
BB,바베이도스,2026-04-01,1434200,496821.0,188.67539818163888,86.37519606301566,0.0014342
BB,바베이도스,2026-05-01,1369277,942923.0,45.21620535292914,-4.526774508436759,0.001369277
BB,바베이도스,2026-06-01,781659,1247486.0,-37.34126074360754,-42.91447238214035,0.000781659
BB,바베이도스,2026-07-01,1546098,1117638.0,38.336205461875835,97.79699331805813,0.001546098
BS,바하마,2025-01-01,113267669,,,,0.113267669
BS,바하마,2025-02-01,1778377,,,-98.42993414122436,0.001778377
BS,바하마,2025-03-01,116827986,,,6469.359927619396,0.116827986
BS,바하마,2025-04-01,1439490,,,-98.76785516100568,0.00143949
BS,바하마,2025-05-01,959461,,,-33.347157673898394,0.000959461
BS,바하마,2025-06-01,934944,,,-2.5552888548883157,0.000934944
BS,바하마,2025-07-01,116358713,,,12345.527539617346,0.116358713
BS,바하마,2025-08-01,408944,,,-99.64854888004821,0.000408944
BS,바하마,2025-09-01,1521446,,,272.0426268633358,0.001521446
BS,바하마,2025-10-01,313713,,,-79.380602400611,0.000313713
BS,바하마,2025-11-01,1952255,,,522.3060568098867,0.001952255
BS,바하마,2025-12-01,1908389,,,-2.246940076987891,0.001908389
BS,바하마,2026-01-01,99443852,113267669.0,-12.204556800758393,5110.879542902417,0.099443852
BS,바하마,2026-02-01,285608,1778377.0,-83.93996323614172,-99.71279471354347,0.000285608
BS,바하마,2026-03-01,219360002,116827986.0,87.76323166266,76704.57200078429,0.219360002
BS,바하마,2026-04-01,770527,1439490.0,-46.47222280113096,-99.64873860641194,0.000770527
BS,바하마,2026-05-01,233163993,959461.0,24201.560251015933,30160.32741227757,0.233163993
BS,바하마,2026-06-01,130911678,934944.0,13902.087611664441,-43.85424768394663,0.130911678
BS,바하마,2026-07-01,236015757,116358713.0,102.83462313647283,80.28625146795537,0.236015757
BD,방글라데시,2025-01-01,99099948,,,,0.099099948
BD,방글라데시,2025-02-01,156177459,,,57.59590408664999,0.156177459
BD,방글라데시,2025-03-01,180432818,,,15.530640052224175,0.180432818
BD,방글라데시,2025-04-01,121140019,,,-32.861427126854494,0.121140019
BD,방글라데시,2025-05-01,143311410,,,18.302284565433325,0.14331141
BD,방글라데시,2025-06-01,126377020,,,-11.816498072274918,0.12637702
BD,방글라데시,2025-07-01,120556503,,,-4.6056767282532824,0.120556503
BD,방글라데시,2025-08-01,131915960,,,9.422517008476937,0.13191596
BD,방글라데시,2025-09-01,128368775,,,-2.688973343331613,0.128368775
BD,방글라데시,2025-10-01,218691317,,,70.36176983070843,0.218691317
BD,방글라데시,2025-11-01,173648020,,,-20.596746874957084,0.17364802
BD,방글라데시,2025-12-01,158302529,,,-8.837124085837544,0.158302529
BD,방글라데시,2026-01-01,112214452,99099948.0,13.233613402097856,-29.113923378949934,0.112214452
BD,방글라데시,2026-02-01,146672101,156177459.0,-6.086254739232244,30.706961880453676,0.146672101
BD,방글라데시,2026-03-01,381029117,180432818.0,111.17506295334812,159.78295422385747,0.381029117
BD,방글라데시,2026-04-01,343219538,121140019.0,183.32465260716197,-9.923015673366509,0.343219538
BD,방글라데시,2026-05-01,264601525,143311410.0,84.63395552384839,-22.90604242932114,0.264601525
BD,방글라데시,2026-06-01,197364085,126377020.0,56.170864766395034,-25.410828603501056,0.197364085
BD,방글라데시,2026-07-01,81240326,120556503.0,-32.612240751542046,-58.837330510259754,0.081240326
BM,버뮤다,2025-01-01,784597,,,,0.000784597
BM,버뮤다,2025-02-01,208775051,,,26509.20842164831,0.208775051
BM,버뮤다,2025-03-01,1348706,,,-99.35399081760971,0.001348706
BM,버뮤다,2025-04-01,211356245,,,15571.039129358067,0.211356245
BM,버뮤다,2025-05-01,539374,,,-99.7448033768768,0.000539374
BM,버뮤다,2025-06-01,212795846,,,39352.373677633695,0.212795846
BM,버뮤다,2025-07-01,212096577,,,-0.32861026807825544,0.212096577
BM,버뮤다,2025-08-01,212890292,,,0.37422338975323655,0.212890292
BM,버뮤다,2025-09-01,417155694,,,95.94866918591103,0.417155694
BM,버뮤다,2025-10-01,211232061,,,-49.363735401871324,0.211232061
BM,버뮤다,2025-11-01,205439139,,,-2.742444481474804,0.205439139
BM,버뮤다,2025-12-01,212789193,,,3.5777281952101614,0.212789193
BM,버뮤다,2026-01-01,211245135,784597.0,26824.030425810957,-0.7256280162686646,0.211245135
BM,버뮤다,2026-02-01,642297,208775051.0,-99.69234973387697,-99.69594708062745,0.000642297
BM,버뮤다,2026-03-01,996654,1348706.0,-26.102946083134505,55.170271696738425,0.000996654
BM,버뮤다,2026-04-01,211544176,211356245.0,0.08891670080530822,21125.437915264476,0.211544176
BM,버뮤다,2026-05-01,211445755,539374.0,39102.06665504826,-0.04652503409028341,0.211445755
BM,버뮤다,2026-06-01,211278089,212795846.0,-0.7132455959690143,-0.07929504188911585,0.211278089
BM,버뮤다,2026-07-01,215799050,212096577.0,1.7456542921953977,2.1398153596514202,0.21579905
VE,베네주엘라,2025-01-01,2638295,,,,0.002638295
VE,베네주엘라,2025-02-01,3502203,,,32.74493564972833,0.003502203
VE,베네주엘라,2025-03-01,2998785,,,-14.374323818465118,0.002998785
VE,베네주엘라,2025-04-01,3376814,,,12.606072125877654,0.003376814
VE,베네주엘라,2025-05-01,2494826,,,-26.118939331571124,0.002494826
VE,베네주엘라,2025-06-01,4006873,,,60.60731289476702,0.004006873
VE,베네주엘라,2025-07-01,3550357,,,-11.3933234220301,0.003550357
VE,베네주엘라,2025-08-01,4634818,,,30.54512546203101,0.004634818
VE,베네주엘라,2025-09-01,4449728,,,-3.9934685676978,0.004449728
VE,베네주엘라,2025-10-01,5381401,,,20.93775170077812,0.005381401
VE,베네주엘라,2025-11-01,3792713,,,-29.521828980966113,0.003792713
VE,베네주엘라,2025-12-01,5317877,,,40.21300847177205,0.005317877
VE,베네주엘라,2026-01-01,3858549,2638295.0,46.251613257804756,-27.441928423692385,0.003858549
VE,베네주엘라,2026-02-01,5896142,3502203.0,68.35523240657379,52.80723401465161,0.005896142
VE,베네주엘라,2026-03-01,4141576,2998785.0,38.108467262574685,-29.757865397407322,0.004141576
VE,베네주엘라,2026-04-01,6098828,3376814.0,80.60894085371595,47.2586281164465,0.006098828
VE,베네주엘라,2026-05-01,2903471,2494826.0,16.379699425931914,-52.39296796040157,0.002903471
VE,베네주엘라,2026-06-01,8307840,4006873.0,107.33973849433211,186.13476766256665,0.00830784
VE,베네주엘라,2026-07-01,5595853,3550357.0,57.613811794137895,-32.64370763038287,0.005595853
BJ,베닝,2025-01-01,1573205,,,,0.001573205
BJ,베닝,2025-02-01,3765290,,,139.3388019997394,0.00376529
BJ,베닝,2025-03-01,2239532,,,-40.52165968623931,0.002239532
BJ,베닝,2025-04-01,2865221,,,27.93838176904817,0.002865221
BJ,베닝,2025-05-01,3568045,,,24.529486556185365,0.003568045
BJ,베닝,2025-06-01,4612407,,,29.269866271305432,0.004612407
BJ,베닝,2025-07-01,4535095,,,-1.6761747174522945,0.004535095
BJ,베닝,2025-08-01,4368527,,,-3.6728668307940637,0.004368527
BJ,베닝,2025-09-01,3803193,,,-12.941066863041017,0.003803193
BJ,베닝,2025-10-01,3851073,,,1.2589421572873016,0.003851073
BJ,베닝,2025-11-01,2570983,,,-33.23982692615798,0.002570983
BJ,베닝,2025-12-01,7155632,,,178.32280493492178,0.007155632
BJ,베닝,2026-01-01,4639005,1573205.0,194.87606510276794,-35.169877377707515,0.004639005
BJ,베닝,2026-02-01,4540758,3765290.0,20.59517328014575,-2.117846391629241,0.004540758
BJ,베닝,2026-03-01,3184325,2239532.0,42.18707301346889,-29.872391349638107,0.003184325
BJ,베닝,2026-04-01,3117230,2865221.0,8.795447192380612,-2.107039953522327,0.00311723
BJ,베닝,2026-05-01,3588050,3568045.0,0.5606711798758157,15.103794073584552,0.00358805
BJ,베닝,2026-06-01,2303582,4612407.0,-50.05683583430517,-35.79849779127938,0.002303582
BJ,베닝,2026-07-01,3078690,4535095.0,-32.11410124815467,33.647944809431564,0.00307869
VN,베트남,2025-01-01,4356972160,,,,4.35697216
VN,베트남,2025-02-01,4733817757,,,8.649254187568634,4.733817757
VN,베트남,2025-03-01,5025872102,,,6.169530809844392,5.025872102
VN,베트남,2025-04-01,4836983247,,,-3.7583299209869137,4.836983247
VN,베트남,2025-05-01,5236200221,,,8.253428916620775,5.236200221
VN,베트남,2025-06-01,4936225115,,,-5.728870045819434,4.936225115
VN,베트남,2025-07-01,5540385041,,,12.239310645782808,5.540385041
VN,베트남,2025-08-01,5398092255,,,-2.5682833403635974,5.398092255
VN,베트남,2025-09-01,5925623694,,,9.772553229548308,5.925623694
VN,베트남,2025-10-01,5101558098,,,-13.906816202898764,5.101558098
VN,베트남,2025-11-01,5401862701,,,5.886527159569743,5.401862701
VN,베트남,2025-12-01,6281464305,,,16.283301755099533,6.281464305
VN,베트남,2026-01-01,6453113611,4356972160.0,48.11004922739741,2.732632037140892,6.453113611
VN,베트남,2026-02-01,5895225166,4733817757.0,24.53426533547054,-8.645259926138937,5.895225166
VN,베트남,2026-03-01,7131928648,5025872102.0,41.90430045288884,20.97805337669778,7.131928648
VN,베트남,2026-04-01,7897898476,4836983247.0,63.28149329230042,10.740009691695395,7.897898476
VN,베트남,2026-05-01,8444946848,5236200221.0,61.28005980617752,6.9265054958906,8.444946848
VN,베트남,2026-06-01,8610836817,4936225115.0,74.44173667918304,1.964369604520222,8.610836817
VN,베트남,2026-07-01,9933399526,5540385041.0,79.29077947635012,15.359281996715147,9.933399526
BE,벨기에,2025-01-01,312584293,,,,0.312584293
BE,벨기에,2025-02-01,334877889,,,7.1320269441689454,0.334877889
BE,벨기에,2025-03-01,282067044,,,-15.770179738561364,0.282067044
BE,벨기에,2025-04-01,448242733,,,58.913542909323354,0.448242733
BE,벨기에,2025-05-01,311615980,,,-30.480528281090947,0.31161598
BE,벨기에,2025-06-01,300420465,,,-3.5927281392950428,0.300420465
BE,벨기에,2025-07-01,328121431,,,9.220732016375788,0.328121431
BE,벨기에,2025-08-01,302377749,,,-7.845778900068245,0.302377749
BE,벨기에,2025-09-01,371072403,,,22.718157743809385,0.371072403
BE,벨기에,2025-10-01,297390719,,,-19.856417077720543,0.297390719
BE,벨기에,2025-11-01,321102936,,,7.973421995055596,0.321102936
BE,벨기에,2025-12-01,298149807,,,-7.148215237745448,0.298149807
BE,벨기에,2026-01-01,334372645,312584293.0,6.970392463065944,12.149207260764715,0.334372645
BE,벨기에,2026-02-01,348496991,334877889.0,4.0668860045280475,4.224133227166349,0.348496991
BE,벨기에,2026-03-01,707088306,282067044.0,150.68093598343236,102.89653117837108,0.707088306
BE,벨기에,2026-04-01,353464044,448242733.0,-21.144500963945354,-50.01132941944029,0.353464044
BE,벨기에,2026-05-01,436967714,311615980.0,40.22634975266672,23.62437464784961,0.436967714
BE,벨기에,2026-06-01,428211264,300420465.0,42.53731482640506,-2.0039123531218173,0.428211264
BE,벨기에,2026-07-01,496557337,328121431.0,51.33340589386861,15.960830259710313,0.496557337
BY,벨라루스,2025-01-01,4245481,,,,0.004245481
BY,벨라루스,2025-02-01,6724968,,,58.40297012282001,0.006724968
BY,벨라루스,2025-03-01,5428598,,,-19.27696905026165,0.005428598
BY,벨라루스,2025-04-01,4591564,,,-15.418971896611245,0.004591564
BY,벨라루스,2025-05-01,6339604,,,38.070687896324664,0.006339604
BY,벨라루스,2025-06-01,7750236,,,22.251105905037605,0.007750236
BY,벨라루스,2025-07-01,6887718,,,-11.128925622393949,0.006887718
BY,벨라루스,2025-08-01,5229276,,,-24.07825059039873,0.005229276
BY,벨라루스,2025-09-01,6087357,,,16.409174042448704,0.006087357
BY,벨라루스,2025-10-01,5900189,,,-3.0747005638079083,0.005900189
BY,벨라루스,2025-11-01,5423753,,,-8.074927769262985,0.005423753
BY,벨라루스,2025-12-01,6237234,,,14.998489053612873,0.006237234
BY,벨라루스,2026-01-01,6887399,4245481.0,62.22894414084057,10.423931505535954,0.006887399
BY,벨라루스,2026-02-01,8784919,6724968.0,30.63138739098832,27.550603645875604,0.008784919
BY,벨라루스,2026-03-01,7632664,5428598.0,40.601017058179664,-13.116284851345817,0.007632664
BY,벨라루스,2026-04-01,11194769,4591564.0,143.8116728853175,46.66922322271751,0.011194769
BY,벨라루스,2026-05-01,7109122,6339604.0,12.138266049425162,-36.49603667570095,0.007109122
BY,벨라루스,2026-06-01,9402503,7750236.0,21.31892499789685,32.259693953768135,0.009402503
BY,벨라루스,2026-07-01,8799173,6887718.0,27.75164430367214,-6.416695639448344,0.008799173
BZ,벨리제,2025-01-01,1763130,,,,0.00176313
BZ,벨리제,2025-02-01,1605072,,,-8.964625410491568,0.001605072
BZ,벨리제,2025-03-01,2303502,,,43.513935823439695,0.002303502
BZ,벨리제,2025-04-01,2392820,,,3.877487408302671,0.00239282
BZ,벨리제,2025-05-01,3976518,,,66.18542138564538,0.003976518
BZ,벨리제,2025-06-01,5932376,,,49.18519166768513,0.005932376
BZ,벨리제,2025-07-01,2157598,,,-63.63012054529248,0.002157598
BZ,벨리제,2025-08-01,2826653,,,31.009251955183494,0.002826653
BZ,벨리제,2025-09-01,1061668,,,-62.440808970892434,0.001061668
BZ,벨리제,2025-10-01,731006,,,-31.145518184592547,0.000731006
BZ,벨리제,2025-11-01,786494,,,7.590635370981902,0.000786494
BZ,벨리제,2025-12-01,818207,,,4.032198592741976,0.000818207
BZ,벨리제,2026-01-01,460791,1763130.0,-73.86517159823723,-43.68283331724123,0.000460791
BZ,벨리제,2026-02-01,164414,1605072.0,-89.75659658881347,-64.31918158123749,0.000164414
BZ,벨리제,2026-03-01,1812518,2303502.0,-21.314676522963726,1002.4109868989259,0.001812518
BZ,벨리제,2026-04-01,6740700,2392820.0,181.70526826088044,271.8969963332778,0.0067407
BZ,벨리제,2026-05-01,3243544,3976518.0,-18.43255833369798,-51.88119928197368,0.003243544
BZ,벨리제,2026-06-01,4051148,5932376.0,-31.71120643735327,24.89881438327952,0.004051148
BZ,벨리제,2026-07-01,8157155,2157598.0,278.06648875277045,101.35415936420986,0.008157155
BQ,보네르 신트외스타티위스,2025-01-01,0,,,,0.0
BQ,보네르 신트외스타티위스,2025-02-01,0,,,,0.0
BQ,보네르 신트외스타티위스,2025-06-01,14720,,,inf,1.472e-05
BQ,보네르 신트외스타티위스,2025-08-01,38633,,,162.4524456521739,3.8633e-05
BQ,보네르 신트외스타티위스,2025-09-01,1818,,,-95.29417855201513,1.818e-06
BQ,보네르 신트외스타티위스,2025-11-01,39633,,,2080.03300330033,3.9633e-05
BQ,보네르 신트외스타티위스,2025-12-01,0,,,-100.0,0.0
BQ,보네르 신트외스타티위스,2026-02-01,129172,,,inf,0.000129172
BQ,보네르 신트외스타티위스,2026-03-01,43077,,,-66.65144148886756,4.3077e-05
BQ,보네르 신트외스타티위스,2026-04-01,43029,,,-0.11142837244934034,4.3029e-05
BQ,보네르 신트외스타티위스,2026-06-01,7817,,,-81.83318227242093,7.817e-06
BQ,보네르 신트외스타티위스,2026-07-01,0,,,-100.0,0.0
BA,보스니아-헤르체고비나,2025-01-01,461052,,,,0.000461052
BA,보스니아-헤르체고비나,2025-02-01,1180573,,,156.06070464936712,0.001180573
BA,보스니아-헤르체고비나,2025-03-01,677288,,,-42.63057007063519,0.000677288
BA,보스니아-헤르체고비나,2025-04-01,1057867,,,56.19160534366474,0.001057867
BA,보스니아-헤르체고비나,2025-05-01,1074722,,,1.5933004810623652,0.001074722
BA,보스니아-헤르체고비나,2025-06-01,681884,,,-36.55252241975134,0.000681884
BA,보스니아-헤르체고비나,2025-07-01,729091,,,6.923025030650365,0.000729091
BA,보스니아-헤르체고비나,2025-08-01,996068,,,36.617788451647314,0.000996068
BA,보스니아-헤르체고비나,2025-09-01,611686,,,-38.58993562688491,0.000611686
BA,보스니아-헤르체고비나,2025-10-01,641839,,,4.929489967074607,0.000641839
BA,보스니아-헤르체고비나,2025-11-01,1446117,,,125.30837172561968,0.001446117
BA,보스니아-헤르체고비나,2025-12-01,866751,,,-40.06356332163995,0.000866751
BA,보스니아-헤르체고비나,2026-01-01,348882,461052.0,-24.329142916634126,-59.748301415285354,0.000348882
BA,보스니아-헤르체고비나,2026-02-01,2037653,1180573.0,72.59864489531778,484.052201030721,0.002037653
BA,보스니아-헤르체고비나,2026-03-01,1174609,677288.0,73.42829047613424,-42.354807221838065,0.001174609
BA,보스니아-헤르체고비나,2026-04-01,1687077,1057867.0,59.47912166652329,43.628816057087924,0.001687077
BA,보스니아-헤르체고비나,2026-05-01,406237,1074722.0,-62.20073656257152,-75.92066040850536,0.000406237
BA,보스니아-헤르체고비나,2026-06-01,1053897,681884.0,54.556640132339226,159.42910173125543,0.001053897
BA,보스니아-헤르체고비나,2026-07-01,495113,729091.0,-32.09174163444618,-53.02074111606731,0.000495113
BW,보츠와나,2025-01-01,503244,,,,0.000503244
BW,보츠와나,2025-02-01,64337,,,-87.21554554053303,6.4337e-05
BW,보츠와나,2025-03-01,48884,,,-24.01883830455259,4.8884e-05
BW,보츠와나,2025-04-01,160607,,,228.54717289910812,0.000160607
BW,보츠와나,2025-05-01,11916,,,-92.58064716979956,1.1916e-05
BW,보츠와나,2025-06-01,46390,,,289.308492782813,4.639e-05
BW,보츠와나,2025-07-01,68572,,,47.81633972838974,6.8572e-05
BW,보츠와나,2025-08-01,166796,,,143.2421396488363,0.000166796
BW,보츠와나,2025-09-01,34226,,,-79.48032326914314,3.4226e-05
BW,보츠와나,2025-10-01,21615,,,-36.846257231344595,2.1615e-05
BW,보츠와나,2025-11-01,86258,,,299.06546379828825,8.6258e-05
BW,보츠와나,2025-12-01,5560,,,-93.55422105775696,5.56e-06
BW,보츠와나,2026-01-01,23309,503244.0,-95.36825078888174,319.226618705036,2.3309e-05
BW,보츠와나,2026-02-01,133703,64337.0,107.81665293687924,473.61105152516194,0.000133703
BW,보츠와나,2026-03-01,9244,48884.0,-81.08992717453563,-93.08616859756326,9.244e-06
BW,보츠와나,2026-04-01,86763,160607.0,-45.97807069430348,838.5871916919083,8.6763e-05
BW,보츠와나,2026-05-01,156634,11916.0,1214.4847264182613,80.53087145442181,0.000156634
BW,보츠와나,2026-06-01,74575,46390.0,60.756628583746505,-52.38900877204182,7.4575e-05
BW,보츠와나,2026-07-01,26341,68572.0,-61.5863617803185,-64.67851156553806,2.6341e-05
BO,볼리비아,2025-01-01,2489683,,,,0.002489683
BO,볼리비아,2025-02-01,2920225,,,17.293044937849512,0.002920225
BO,볼리비아,2025-03-01,2070155,,,-29.10974325608472,0.002070155
BO,볼리비아,2025-04-01,3877717,,,87.31529764679455,0.003877717
BO,볼리비아,2025-05-01,3242068,,,-16.392351478975897,0.003242068
BO,볼리비아,2025-06-01,2241463,,,-30.863171284501124,0.002241463
BO,볼리비아,2025-07-01,2601472,,,16.06134029426316,0.002601472
BO,볼리비아,2025-08-01,2128809,,,-18.16905967083251,0.002128809
BO,볼리비아,2025-09-01,3622456,,,70.16350456992619,0.003622456
BO,볼리비아,2025-10-01,1676595,,,-53.71662209285633,0.001676595
BO,볼리비아,2025-11-01,2611203,,,55.74441054637524,0.002611203
BO,볼리비아,2025-12-01,2951821,,,13.044485625973934,0.002951821
BO,볼리비아,2026-01-01,2644953,2489683.0,6.236536940646653,-10.395887826531492,0.002644953
BO,볼리비아,2026-02-01,2615828,2920225.0,-10.4237515944833,-1.1011537823167328,0.002615828
BO,볼리비아,2026-03-01,7340358,2070155.0,254.58011598165356,180.61317487235397,0.007340358
BO,볼리비아,2026-04-01,3826142,3877717.0,-1.330035172757582,-47.87526711912417,0.003826142
BO,볼리비아,2026-05-01,2859879,3242068.0,-11.78843256834835,-25.254237819714998,0.002859879
BO,볼리비아,2026-06-01,2578694,2241463.0,15.045129007259984,-9.832059328384169,0.002578694
BO,볼리비아,2026-07-01,3108819,2601472.0,19.502304848947063,20.557887054454692,0.003108819
BI,부룬디,2025-01-01,594150,,,,0.00059415
BI,부룬디,2025-02-01,153358,,,-74.18867289405033,0.000153358
BI,부룬디,2025-03-01,100174,,,-34.67963849293809,0.000100174
BI,부룬디,2025-04-01,53390,,,-46.70273723720726,5.339e-05
BI,부룬디,2025-05-01,29445,,,-44.84922270088032,2.9445e-05
BI,부룬디,2025-06-01,189599,,,543.9089828493802,0.000189599
BI,부룬디,2025-07-01,510158,,,169.07209426210053,0.000510158
BI,부룬디,2025-08-01,49863,,,-90.225969209539,4.9863e-05
BI,부룬디,2025-09-01,31940,,,-35.94448789683733,3.194e-05
BI,부룬디,2025-10-01,111738,,,249.83719474013776,0.000111738
BI,부룬디,2025-11-01,43317,,,-61.23342103850078,4.3317e-05
BI,부룬디,2025-12-01,47776,,,10.293880000923416,4.7776e-05
BI,부룬디,2026-01-01,40602,594150.0,-93.16637212825044,-15.01590756865372,4.0602e-05
BI,부룬디,2026-02-01,199125,153358.0,29.843242608797716,390.4315058371509,0.000199125
BI,부룬디,2026-03-01,775686,100174.0,674.338650747699,289.5472693032015,0.000775686
BI,부룬디,2026-04-01,649617,53390.0,1116.7390897171754,-16.25258158584788,0.000649617
BI,부룬디,2026-05-01,24328,29445.0,-17.378162676175922,-96.25502411420884,2.4328e-05
BI,부룬디,2026-06-01,540435,189599.0,185.0410603431453,2121.452647155541,0.000540435
BI,부룬디,2026-07-01,39084,510158.0,-92.33884404439408,-92.76804796136446,3.9084e-05
BF,부르키나 파소,2025-01-01,1472226,,,,0.001472226
BF,부르키나 파소,2025-02-01,2640384,,,79.34637752627654,0.002640384
BF,부르키나 파소,2025-03-01,3211442,,,21.627838980996692,0.003211442
BF,부르키나 파소,2025-04-01,3982288,,,24.003111374890153,0.003982288
BF,부르키나 파소,2025-05-01,2248137,,,-43.54659934188587,0.002248137
BF,부르키나 파소,2025-06-01,3204880,,,42.55714843001117,0.00320488
BF,부르키나 파소,2025-07-01,2838888,,,-11.419834752003199,0.002838888
BF,부르키나 파소,2025-08-01,8824612,,,210.84748676242248,0.008824612
BF,부르키나 파소,2025-09-01,2408393,,,-72.70822785183077,0.002408393
BF,부르키나 파소,2025-10-01,3819545,,,58.59309506380394,0.003819545
BF,부르키나 파소,2025-11-01,3778548,,,-1.0733477416812742,0.003778548
BF,부르키나 파소,2025-12-01,3389315,,,-10.301126252729887,0.003389315
BF,부르키나 파소,2026-01-01,1754223,1472226.0,19.15446405646959,-48.242550485865145,0.001754223
BF,부르키나 파소,2026-02-01,4299281,2640384.0,62.8278689766337,145.08178264679006,0.004299281
BF,부르키나 파소,2026-03-01,9716098,3211442.0,202.54627049157358,125.99355566663357,0.009716098
BF,부르키나 파소,2026-04-01,3597317,3982288.0,-9.667080833932651,-62.97570279756338,0.003597317
BF,부르키나 파소,2026-05-01,7387874,2248137.0,228.62205461677826,105.37178124696824,0.007387874
BF,부르키나 파소,2026-06-01,1581613,3204880.0,-50.64985272459499,-78.59177078547901,0.001581613
BF,부르키나 파소,2026-07-01,2922454,2838888.0,2.9436173600367432,84.77680696858208,0.002922454
BT,부탄,2025-01-01,590179,,,,0.000590179
BT,부탄,2025-02-01,913119,,,54.71899203462001,0.000913119
BT,부탄,2025-03-01,379399,,,-58.450212951433485,0.000379399
BT,부탄,2025-04-01,781928,,,106.09648417628934,0.000781928
BT,부탄,2025-05-01,794037,,,1.5486080559846904,0.000794037
BT,부탄,2025-06-01,399304,,,-49.712167065262705,0.000399304
BT,부탄,2025-07-01,528402,,,32.33075551459539,0.000528402
BT,부탄,2025-08-01,500570,,,-5.26720186524654,0.00050057
BT,부탄,2025-09-01,561356,,,12.143356573506203,0.000561356
BT,부탄,2025-10-01,800097,,,42.5293396703696,0.000800097
BT,부탄,2025-11-01,488447,,,-38.95152712733581,0.000488447
BT,부탄,2025-12-01,842934,,,72.57430181780214,0.000842934
BT,부탄,2026-01-01,622546,590179.0,5.484268332150077,-26.145344712634678,0.000622546
BT,부탄,2026-02-01,570593,913119.0,-37.51164963164714,-8.345246776944993,0.000570593
BT,부탄,2026-03-01,371101,379399.0,-2.187143350404197,-34.96222351132944,0.000371101
BT,부탄,2026-04-01,656001,781928.0,-16.104679714756344,76.77155275787455,0.000656001
BT,부탄,2026-05-01,903342,794037.0,13.765731319825147,37.704363255543825,0.000903342
BT,부탄,2026-06-01,499381,399304.0,25.062859375313053,-44.718500855711355,0.000499381
BT,부탄,2026-07-01,703900,528402.0,33.21297042781821,40.95450167307126,0.0007039
MP,북마리아나 군도,2025-01-01,1145046,,,,0.001145046
MP,북마리아나 군도,2025-02-01,1057453,,,-7.6497363424700815,0.001057453
MP,북마리아나 군도,2025-03-01,878415,,,-16.93105982015276,0.000878415
MP,북마리아나 군도,2025-04-01,5302968,,,503.697341233927,0.005302968
MP,북마리아나 군도,2025-05-01,866109,,,-83.66746697321197,0.000866109
MP,북마리아나 군도,2025-06-01,1190720,,,37.47923182878829,0.00119072
MP,북마리아나 군도,2025-07-01,812294,,,-31.7812751948401,0.000812294
MP,북마리아나 군도,2025-08-01,1058362,,,30.292972741396596,0.001058362
MP,북마리아나 군도,2025-09-01,1977844,,,86.8778357499608,0.001977844
MP,북마리아나 군도,2025-10-01,748339,,,-62.16390170306657,0.000748339
MP,북마리아나 군도,2025-11-01,920130,,,22.95630723508999,0.00092013
MP,북마리아나 군도,2025-12-01,1210954,,,31.606838164172444,0.001210954
MP,북마리아나 군도,2026-01-01,1162678,1145046.0,1.5398508007538503,-3.986608905045108,0.001162678
MP,북마리아나 군도,2026-02-01,1229235,1057453.0,16.244882751290124,5.7244568143544505,0.001229235
MP,북마리아나 군도,2026-03-01,2281094,878415.0,159.68295168001458,85.57021236785481,0.002281094
MP,북마리아나 군도,2026-04-01,1257882,5302968.0,-76.27966074847143,-44.8561961935808,0.001257882
MP,북마리아나 군도,2026-05-01,1014942,866109.0,17.184095766237274,-19.313417315773663,0.001014942
MP,북마리아나 군도,2026-06-01,3513530,1190720.0,195.07608841709217,246.1803728685974,0.00351353
MP,북마리아나 군도,2026-07-01,1484156,812294.0,82.71167828397108,-57.75883513161977,0.001484156
BG,불가리아,2025-01-01,12897979,,,,0.012897979
BG,불가리아,2025-02-01,14142284,,,9.647286602032779,0.014142284
BG,불가리아,2025-03-01,16349093,,,15.604332369509756,0.016349093
BG,불가리아,2025-04-01,17984845,,,10.00515441437637,0.017984845
BG,불가리아,2025-05-01,20556502,,,14.299022315733056,0.020556502
BG,불가리아,2025-06-01,21566738,,,4.914435345079626,0.021566738
BG,불가리아,2025-07-01,22719727,,,5.34614460471492,0.022719727
BG,불가리아,2025-08-01,20366653,,,-10.356964236410061,0.020366653
BG,불가리아,2025-09-01,20209226,,,-0.7729645121365758,0.020209226
BG,불가리아,2025-10-01,18680597,,,-7.564015563980531,0.018680597
BG,불가리아,2025-11-01,18621582,,,-0.3159160277372286,0.018621582
BG,불가리아,2025-12-01,23091254,,,24.00264381404329,0.023091254
BG,불가리아,2026-01-01,22252715,12897979.0,72.52869616239876,-3.631413867778688,0.022252715
BG,불가리아,2026-02-01,16115427,14142284.0,13.952081573245167,-27.579951480077824,0.016115427
BG,불가리아,2026-03-01,21088543,16349093.0,28.989069913541996,30.859349863953334,0.021088543
BG,불가리아,2026-04-01,29504839,17984845.0,64.05389648896056,39.90932896596981,0.029504839
BG,불가리아,2026-05-01,24152964,20556502.0,17.4954960722403,-18.13897374596757,0.024152964
BG,불가리아,2026-06-01,24758999,21566738.0,14.801779480976673,2.509153741958947,0.024758999
BG,불가리아,2026-07-01,22881718,22719727.0,0.7129971236010002,-7.582216873953584,0.022881718
GF,불령 가이아나,2025-01-01,171448,,,,0.000171448
GF,불령 가이아나,2025-02-01,453734,,,164.64817320703654,0.000453734
GF,불령 가이아나,2025-03-01,472675,,,4.174472267892648,0.000472675
GF,불령 가이아나,2025-04-01,370943,,,-21.522610673295606,0.000370943
GF,불령 가이아나,2025-05-01,75996,,,-79.51275532898585,7.5996e-05
GF,불령 가이아나,2025-06-01,17313,,,-77.21853781777989,1.7313e-05
GF,불령 가이아나,2025-07-01,227718,,,1215.300641136718,0.000227718
GF,불령 가이아나,2025-08-01,366874,,,61.108915412923004,0.000366874
GF,불령 가이아나,2025-09-01,423906,,,15.545391605837434,0.000423906
GF,불령 가이아나,2025-10-01,126737,,,-70.1025699093667,0.000126737
GF,불령 가이아나,2025-11-01,538400,,,324.81674649076433,0.0005384
GF,불령 가이아나,2025-12-01,825269,,,53.28176077265974,0.000825269
GF,불령 가이아나,2026-01-01,412976,171448.0,140.87536745835473,-49.95861955313964,0.000412976
GF,불령 가이아나,2026-02-01,355590,453734.0,-21.630294401565674,-13.895722753864636,0.00035559
GF,불령 가이아나,2026-03-01,414354,472675.0,-12.338498968635959,16.5257740656374,0.000414354
GF,불령 가이아나,2026-04-01,364593,370943.0,-1.7118533036072914,-12.009296398731518,0.000364593
GF,불령 가이아나,2026-05-01,864069,75996.0,1036.9927364598136,136.99549909076697,0.000864069
GF,불령 가이아나,2026-06-01,507971,17313.0,2834.043782129036,-41.21175507974479,0.000507971
GF,불령 가이아나,2026-07-01,252906,227718.0,11.061049192422212,-50.21251213159806,0.000252906
TF,불령 남부지역,2025-01-01,0,,,,0.0
TF,불령 남부지역,2025-03-01,0,,,,0.0
TF,불령 남부지역,2025-04-01,0,,,,0.0
TF,불령 남부지역,2025-05-01,0,,,,0.0
TF,불령 남부지역,2025-06-01,0,,,,0.0
TF,불령 남부지역,2025-07-01,0,,,,0.0
TF,불령 남부지역,2025-08-01,0,,,,0.0
TF,불령 남부지역,2025-09-01,0,,,,0.0
TF,불령 남부지역,2025-11-01,0,,,,0.0
TF,불령 남부지역,2025-12-01,0,,,,0.0
TF,불령 남부지역,2026-02-01,0,,,,0.0
TF,불령 남부지역,2026-03-01,0,,,,0.0
RE,불령 리유니온 코모도 제도,2025-01-01,2509851,,,,0.002509851
RE,불령 리유니온 코모도 제도,2025-02-01,1862742,,,-25.782765590467328,0.001862742
RE,불령 리유니온 코모도 제도,2025-03-01,2051233,,,10.119007355822763,0.002051233
RE,불령 리유니온 코모도 제도,2025-04-01,2467681,,,20.302325479358018,0.002467681
RE,불령 리유니온 코모도 제도,2025-05-01,3433732,,,39.14813138327035,0.003433732
RE,불령 리유니온 코모도 제도,2025-06-01,1456351,,,-57.586934565656264,0.001456351
RE,불령 리유니온 코모도 제도,2025-07-01,1700266,,,16.74836629356522,0.001700266
RE,불령 리유니온 코모도 제도,2025-08-01,1924628,,,13.19569996694634,0.001924628
RE,불령 리유니온 코모도 제도,2025-09-01,4014580,,,108.5899197143552,0.00401458
RE,불령 리유니온 코모도 제도,2025-10-01,1677086,,,-58.225119439642505,0.001677086
RE,불령 리유니온 코모도 제도,2025-11-01,2242411,,,33.708766276744306,0.002242411
RE,불령 리유니온 코모도 제도,2025-12-01,1851933,,,-17.413310940768667,0.001851933
RE,불령 리유니온 코모도 제도,2026-01-01,6048121,2509851.0,140.97530092423813,226.58422307934467,0.006048121
RE,불령 리유니온 코모도 제도,2026-02-01,1223466,1862742.0,-34.31908444647729,-79.77113883799613,0.001223466
RE,불령 리유니온 코모도 제도,2026-03-01,3339605,2051233.0,62.809636935443216,172.96263239027482,0.003339605
RE,불령 리유니온 코모도 제도,2026-04-01,2540114,2467681.0,2.935265944017895,-23.939687478010118,0.002540114
RE,불령 리유니온 코모도 제도,2026-05-01,1477235,3433732.0,-56.97873334319626,-41.843751894600004,0.001477235
RE,불령 리유니온 코모도 제도,2026-06-01,1560599,1456351.0,7.1581644809527445,5.643245658273743,0.001560599
RE,불령 리유니온 코모도 제도,2026-07-01,4817058,1700266.0,183.31202294229257,208.66724892172815,0.004817058
PF,불령 폴리네시아,2025-01-01,1098225,,,,0.001098225
PF,불령 폴리네시아,2025-02-01,2010820,,,83.09727059573402,0.00201082
PF,불령 폴리네시아,2025-03-01,2252651,,,12.026486706915595,0.002252651
PF,불령 폴리네시아,2025-04-01,1351489,,,-40.00451024148881,0.001351489
PF,불령 폴리네시아,2025-05-01,792217,,,-41.38191283835828,0.000792217
PF,불령 폴리네시아,2025-06-01,11783627,,,1387.4241527258314,0.011783627
PF,불령 폴리네시아,2025-07-01,1794082,,,-84.77478962971247,0.001794082
PF,불령 폴리네시아,2025-08-01,10517856,,,486.25280226879266,0.010517856
PF,불령 폴리네시아,2025-09-01,962203,,,-90.85171920969445,0.000962203
PF,불령 폴리네시아,2025-10-01,10595192,,,1001.1389488496711,0.010595192
PF,불령 폴리네시아,2025-11-01,10141877,,,-4.278497265552151,0.010141877
PF,불령 폴리네시아,2025-12-01,3012709,,,-70.29436464275794,0.003012709
PF,불령 폴리네시아,2026-01-01,10309152,1098225.0,838.7103735573312,242.18877428918626,0.010309152
PF,불령 폴리네시아,2026-02-01,11540818,2010820.0,473.9359067445122,11.947306626190013,0.011540818
PF,불령 폴리네시아,2026-03-01,2894782,2252651.0,28.505569659925122,-74.91701194837316,0.002894782
PF,불령 폴리네시아,2026-04-01,19810390,1351489.0,1365.8195516204719,584.3482514400048,0.01981039
PF,불령 폴리네시아,2026-05-01,1647421,792217.0,107.95072562189398,-91.68405568996874,0.001647421
PF,불령 폴리네시아,2026-06-01,9927340,11783627.0,-15.753103861824547,502.5988499600285,0.00992734
PF,불령 폴리네시아,2026-07-01,15761039,1794082.0,778.5015958021985,58.76396899874487,0.015761039
BR,브라질,2025-01-01,405356891,,,,0.405356891
BR,브라질,2025-02-01,427286585,,,5.409971925208978,0.427286585
BR,브라질,2025-03-01,425884957,,,-0.3280299567560707,0.425884957
BR,브라질,2025-04-01,653858944,,,53.52947627121753,0.653858944
BR,브라질,2025-05-01,405682039,,,-37.95572535595689,0.405682039
BR,브라질,2025-06-01,402033911,,,-0.8992579530985867,0.402033911
BR,브라질,2025-07-01,402747736,,,0.1775534303124937,0.402747736
BR,브라질,2025-08-01,358647992,,,-10.94971865962271,0.358647992
BR,브라질,2025-09-01,480784253,,,34.054633993322334,0.480784253
BR,브라질,2025-10-01,2860764727,,,495.0204710635562,2.860764727
BR,브라질,2025-11-01,408149011,,,-85.73287040531943,0.408149011
BR,브라질,2025-12-01,479220278,,,17.413068532463004,0.479220278
BR,브라질,2026-01-01,394974978,405356891.0,-2.5611783666458,-17.579660934131002,0.394974978
BR,브라질,2026-02-01,459475985,427286585.0,7.533445029639774,16.330403340132605,0.459475985
BR,브라질,2026-03-01,583640591,425884957.0,37.041842264459234,27.023089356889884,0.583640591
BR,브라질,2026-04-01,650749231,653858944.0,-0.4755938614185218,11.498281825295464,0.650749231
BR,브라질,2026-05-01,561552335,405682039.0,38.42178874475633,-13.706800062280822,0.561552335
BR,브라질,2026-06-01,642112984,402033911.0,59.71612504100432,14.34606250902688,0.642112984
BR,브라질,2026-07-01,691479522,402747736.0,71.6904802166287,7.688138883670348,0.691479522
BN,브루나이,2025-01-01,7582455,,,,0.007582455
BN,브루나이,2025-02-01,4905389,,,-35.306058525899594,0.004905389
BN,브루나이,2025-03-01,7603830,,,55.00972501874979,0.00760383
BN,브루나이,2025-04-01,4611201,,,-39.35686358059031,0.004611201
BN,브루나이,2025-05-01,3741552,,,-18.85949018487808,0.003741552
BN,브루나이,2025-06-01,6321226,,,68.94662963390591,0.006321226
BN,브루나이,2025-07-01,3400138,,,-46.21078252857911,0.003400138
BN,브루나이,2025-08-01,6165833,,,81.34066911401831,0.006165833
BN,브루나이,2025-09-01,3702988,,,-39.94342694652937,0.003702988
BN,브루나이,2025-10-01,2913359,,,-21.32410366979315,0.002913359
BN,브루나이,2025-11-01,6112697,,,109.81612633389841,0.006112697
BN,브루나이,2025-12-01,2580102,,,-57.79110268347998,0.002580102
BN,브루나이,2026-01-01,2201883,7582455.0,-70.96081678031719,-14.659071618098817,0.002201883
BN,브루나이,2026-02-01,1375033,4905389.0,-71.9689304966436,-37.551949853829655,0.001375033
BN,브루나이,2026-03-01,1360426,7603830.0,-82.10867418130074,-1.0623017774846089,0.001360426
BN,브루나이,2026-04-01,2334451,4611201.0,-49.374338702650356,71.597058568419,0.002334451
BN,브루나이,2026-05-01,1087642,3741552.0,-70.93072607303066,-53.409088475191815,0.001087642
BN,브루나이,2026-06-01,3297404,6321226.0,-47.836005230630896,203.16997688577675,0.003297404
BN,브루나이,2026-07-01,4580334,3400138.0,34.71023823150708,38.90727372199463,0.004580334
WS,사모아,2025-01-01,3370274,,,,0.003370274
WS,사모아,2025-02-01,4852585,,,43.98191363669541,0.004852585
WS,사모아,2025-03-01,3738542,,,-22.95772253345382,0.003738542
WS,사모아,2025-04-01,4525597,,,21.052458418281784,0.004525597
WS,사모아,2025-05-01,4523293,,,-0.05091041027294185,0.004523293
WS,사모아,2025-06-01,4762626,,,5.291123082232341,0.004762626
WS,사모아,2025-07-01,4348372,,,-8.69801659840601,0.004348372
WS,사모아,2025-08-01,4641762,,,6.747122831257313,0.004641762
WS,사모아,2025-09-01,5689638,,,22.574961835613294,0.005689638
WS,사모아,2025-10-01,4083891,,,-28.22230518004836,0.004083891
WS,사모아,2025-11-01,3719300,,,-8.927539936790673,0.0037193
WS,사모아,2025-12-01,4719403,,,26.88954910870325,0.004719403
WS,사모아,2026-01-01,4441369,3370274.0,31.780650475302608,-5.891295996548718,0.004441369
WS,사모아,2026-02-01,4792965,4852585.0,-1.228623506852533,7.916387942546543,0.004792965
WS,사모아,2026-03-01,5131195,3738542.0,37.25123323477442,7.056800957236287,0.005131195
WS,사모아,2026-04-01,5376570,4525597.0,18.803552326908466,4.782024460189094,0.00537657
WS,사모아,2026-05-01,5235188,4523293.0,15.73842331239652,-2.6295947044305157,0.005235188
WS,사모아,2026-06-01,4600012,4762626.0,-3.4143768584810164,-12.132821209095068,0.004600012
WS,사모아,2026-07-01,4489467,4348372.0,3.244777585726344,-2.4031459048367676,0.004489467
SA,사우디아라비아,2025-01-01,291910343,,,,0.291910343
SA,사우디아라비아,2025-02-01,358306037,,,22.745235169690446,0.358306037
SA,사우디아라비아,2025-03-01,445522192,,,24.341246307273344,0.445522192
SA,사우디아라비아,2025-04-01,372386197,,,-16.415791696410043,0.372386197
SA,사우디아라비아,2025-05-01,293127546,,,-21.283992703950837,0.293127546
SA,사우디아라비아,2025-06-01,464236655,,,58.373602663736015,0.464236655
SA,사우디아라비아,2025-07-01,382227607,,,-17.665353891540512,0.382227607
SA,사우디아라비아,2025-08-01,357319688,,,-6.51651490992381,0.357319688
SA,사우디아라비아,2025-09-01,429791910,,,20.282179917273414,0.42979191
SA,사우디아라비아,2025-10-01,346605309,,,-19.355087674870386,0.346605309
SA,사우디아라비아,2025-11-01,501277090,,,44.624758185686076,0.50127709
SA,사우디아라비아,2025-12-01,617378019,,,23.161028364571767,0.617378019
SA,사우디아라비아,2026-01-01,317250913,291910343.0,8.680942833190386,-48.613182971128744,0.317250913
SA,사우디아라비아,2026-02-01,294401659,358306037.0,-17.83513851316996,-7.202265797734675,0.294401659
SA,사우디아라비아,2026-03-01,158406235,445522192.0,-64.44481602837867,-46.19383751502569,0.158406235
SA,사우디아라비아,2026-04-01,282827014,372386197.0,-24.05008126549868,78.54537985831176,0.282827014
SA,사우디아라비아,2026-05-01,279291375,293127546.0,-4.720187914376361,-1.2501065403886735,0.279291375
SA,사우디아라비아,2026-06-01,482026443,464236655.0,3.8320515643039954,72.589090157188,0.482026443
SA,사우디아라비아,2026-07-01,512594808,382227607.0,34.10721743079117,6.34163653133859,0.512594808
CY,사이프러스,2025-01-01,2699574,,,,0.002699574
CY,사이프러스,2025-02-01,7556355,,,179.90916344578812,0.007556355
CY,사이프러스,2025-03-01,5744857,,,-23.973172250377328,0.005744857
CY,사이프러스,2025-04-01,7122928,,,23.987907793005125,0.007122928
CY,사이프러스,2025-05-01,4090395,,,-42.57424755662278,0.004090395
CY,사이프러스,2025-06-01,7076548,,,73.00402528362176,0.007076548
CY,사이프러스,2025-07-01,6661023,,,-5.871860121629924,0.006661023
CY,사이프러스,2025-08-01,4367661,,,-34.429576357865756,0.004367661
CY,사이프러스,2025-09-01,5510062,,,26.155899004066473,0.005510062
CY,사이프러스,2025-10-01,3914888,,,-28.950200560356677,0.003914888
CY,사이프러스,2025-11-01,4593053,,,17.322717789116826,0.004593053
CY,사이프러스,2025-12-01,11242437,,,144.77046095483766,0.011242437
CY,사이프러스,2026-01-01,5812498,2699574.0,115.31167510133082,-48.29859397922355,0.005812498
CY,사이프러스,2026-02-01,2007285,7556355.0,-73.43580337345188,-65.46605263348047,0.002007285
CY,사이프러스,2026-03-01,5450185,5744857.0,-5.12931827545925,171.52023753477957,0.005450185
CY,사이프러스,2026-04-01,5001550,7122928.0,-29.782387242998944,-8.231555442613415,0.00500155
CY,사이프러스,2026-05-01,3034729,4090395.0,-25.808412146015236,-39.32422948885845,0.003034729
CY,사이프러스,2026-06-01,6647443,7076548.0,-6.063761596755935,119.04568744029534,0.006647443
CY,사이프러스,2026-07-01,4870279,6661023.0,-26.88391858127498,-26.73455041284295,0.004870279
SM,산마리노,2025-01-01,0,,,,0.0
SM,산마리노,2025-02-01,44884,,,inf,4.4884e-05
SM,산마리노,2025-03-01,17000,,,-62.12458782639694,1.7e-05
SM,산마리노,2025-04-01,29430,,,73.11764705882354,2.943e-05
SM,산마리노,2025-05-01,23400,,,-20.48929663608563,2.34e-05
SM,산마리노,2025-06-01,0,,,-100.0,0.0
SM,산마리노,2025-07-01,0,,,,0.0
SM,산마리노,2025-08-01,36992,,,inf,3.6992e-05
SM,산마리노,2025-09-01,39190,,,5.941825259515565,3.919e-05
SM,산마리노,2025-10-01,4970,,,-87.31819341668793,4.97e-06
SM,산마리노,2025-11-01,22100,,,344.6680080482897,2.21e-05
SM,산마리노,2025-12-01,11360,,,-48.59728506787331,1.136e-05
SM,산마리노,2026-01-01,26750,0.0,inf,135.47535211267606,2.675e-05
SM,산마리노,2026-02-01,0,44884.0,-100.0,-100.0,0.0
SM,산마리노,2026-03-01,30090,17000.0,77.0,inf,3.009e-05
SM,산마리노,2026-04-01,21150,29430.0,-28.134556574923554,-29.710867397806584,2.115e-05
SM,산마리노,2026-05-01,26585,23400.0,13.611111111111107,25.69739952718677,2.6585e-05
SM,산마리노,2026-06-01,13240,0.0,inf,-50.197479781831866,1.324e-05
SM,산마리노,2026-07-01,12800,0.0,inf,-3.3232628398791486,1.28e-05
ST,상토메 프린스페,2025-01-01,0,,,,0.0
ST,상토메 프린스페,2025-02-01,5410,,,inf,5.41e-06
ST,상토메 프린스페,2025-03-01,0,,,-100.0,0.0
ST,상토메 프린스페,2025-04-01,2386,,,inf,2.386e-06
ST,상토메 프린스페,2025-05-01,17070,,,615.4233025984912,1.707e-05
ST,상토메 프린스페,2025-06-01,15985,,,-6.356180433509085,1.5985e-05
ST,상토메 프린스페,2025-07-01,17856,,,11.704723177979348,1.7856e-05
ST,상토메 프린스페,2025-08-01,0,,,-100.0,0.0
ST,상토메 프린스페,2025-09-01,37890,,,inf,3.789e-05
ST,상토메 프린스페,2025-10-01,24536,,,-35.244127738189505,2.4536e-05
ST,상토메 프린스페,2025-11-01,83103,,,238.69823932181285,8.3103e-05
ST,상토메 프린스페,2026-01-01,31009,,,-62.68606428167455,3.1009e-05
ST,상토메 프린스페,2026-02-01,5955,0.0,inf,-80.79589796510692,5.955e-06
ST,상토메 프린스페,2026-03-01,7903,5410.0,46.08133086876156,32.7120067170445,7.903e-06
ST,상토메 프린스페,2026-05-01,0,0.0,,-100.0,0.0
ST,상토메 프린스페,2026-06-01,62155,2386.0,2504.9874266554907,inf,6.2155e-05
ST,상토메 프린스페,2026-07-01,53397,17070.0,212.81195079086115,-14.090580001608878,5.3397e-05
SN,세네갈,2025-01-01,6057593,,,,0.006057593
SN,세네갈,2025-02-01,11312102,,,86.74252297901164,0.011312102
SN,세네갈,2025-03-01,6539276,,,-42.19221149172806,0.006539276
SN,세네갈,2025-04-01,14932817,,,128.35581492507734,0.014932817
SN,세네갈,2025-05-01,13033283,,,-12.720533573805938,0.013033283
SN,세네갈,2025-06-01,10339617,,,-20.667593882523693,0.010339617
SN,세네갈,2025-07-01,7857690,,,-24.004051600750785,0.00785769
SN,세네갈,2025-08-01,9095629,,,15.754490187319693,0.009095629
SN,세네갈,2025-09-01,8422245,,,-7.403380239013702,0.008422245
SN,세네갈,2025-10-01,6281440,,,-25.418460279889743,0.00628144
SN,세네갈,2025-11-01,10907246,,,73.64244504444841,0.010907246
SN,세네갈,2025-12-01,12802199,,,17.37334062145477,0.012802199
SN,세네갈,2026-01-01,10408770,6057593.0,71.83013120888116,-18.695452242228072,0.01040877
SN,세네갈,2026-02-01,8330017,11312102.0,-26.36189984849854,-19.971168543449412,0.008330017
SN,세네갈,2026-03-01,15072567,6539276.0,130.49290166067317,80.94281200146409,0.015072567
SN,세네갈,2026-04-01,17825783,14932817.0,19.373210024605548,18.26640412346483,0.017825783
SN,세네갈,2026-05-01,12959902,13033283.0,-0.56302774980026,-27.296871054696446,0.012959902
SN,세네갈,2026-06-01,12143266,10339617.0,17.444060065280944,-6.301251352054981,0.012143266
SN,세네갈,2026-07-01,16334719,7857690.0,107.88194749347456,34.51668603817129,0.016334719
RS,세르비아,2025-01-01,10497990,,,,0.01049799
RS,세르비아,2025-02-01,18433233,,,75.58821260069786,0.018433233
RS,세르비아,2025-03-01,13051081,,,-29.198090210219775,0.013051081
RS,세르비아,2025-04-01,16224169,,,24.31283661483674,0.016224169
RS,세르비아,2025-05-01,14976509,,,-7.690131926017285,0.014976509
RS,세르비아,2025-06-01,11734876,,,-21.644783841147497,0.011734876
RS,세르비아,2025-07-01,16702902,,,42.33556451725609,0.016702902
RS,세르비아,2025-08-01,17914180,,,7.251901495919699,0.01791418
RS,세르비아,2025-09-01,18078140,,,0.9152526099436287,0.01807814
RS,세르비아,2025-10-01,11230410,,,-37.87850962543713,0.01123041
RS,세르비아,2025-11-01,13983294,,,24.512764894603144,0.013983294
RS,세르비아,2025-12-01,13970469,,,-0.09171658695010798,0.013970469
RS,세르비아,2026-01-01,11257100,10497990.0,7.2310032682446845,-19.422175447366875,0.0112571
RS,세르비아,2026-02-01,15925066,18433233.0,-13.6067666480427,41.466860914445114,0.015925066
RS,세르비아,2026-03-01,17643647,13051081.0,35.18916172537738,10.791672700131972,0.017643647
RS,세르비아,2026-04-01,14647139,16224169.0,-9.72025131148474,-16.983495532414583,0.014647139
RS,세르비아,2026-05-01,14775008,14976509.0,-1.3454470597921042,0.8729964261279921,0.014775008
RS,세르비아,2026-06-01,20188508,11734876.0,72.03852857073223,36.63957406994298,0.020188508
RS,세르비아,2026-07-01,22315019,16702902.0,33.59965232388959,10.533274672898063,0.022315019
SC,세이쉘,2025-01-01,162149,,,,0.000162149
SC,세이쉘,2025-02-01,1274419,,,685.9555100555662,0.001274419
SC,세이쉘,2025-03-01,1135237,,,-10.921211940499942,0.001135237
SC,세이쉘,2025-04-01,802292,,,-29.328237187477157,0.000802292
SC,세이쉘,2025-05-01,825328,,,2.8712738005614025,0.000825328
SC,세이쉘,2025-06-01,508829,,,-38.3482688094915,0.000508829
SC,세이쉘,2025-07-01,665589,,,30.807992468982714,0.000665589
SC,세이쉘,2025-08-01,326273,,,-50.97980886102385,0.000326273
SC,세이쉘,2025-09-01,860225,,,163.65191112963683,0.000860225
SC,세이쉘,2025-10-01,858670,,,-0.18076665988548957,0.00085867
SC,세이쉘,2025-11-01,1301307,,,51.549139948990884,0.001301307
SC,세이쉘,2025-12-01,556256,,,-57.25405304052003,0.000556256
SC,세이쉘,2026-01-01,3783614,162149.0,2233.418029096695,580.1929327503883,0.003783614
SC,세이쉘,2026-02-01,1335050,1274419.0,4.757540494923562,-64.71495242379376,0.00133505
SC,세이쉘,2026-03-01,526870,1135237.0,-53.58942670120865,-60.535560465900154,0.00052687
SC,세이쉘,2026-04-01,939357,802292.0,17.084178827658757,78.290090534667,0.000939357
SC,세이쉘,2026-05-01,351821,825328.0,-57.37197817110289,-62.546614332995865,0.000351821
SC,세이쉘,2026-06-01,1461080,508829.0,187.14558329026056,315.29073022929276,0.00146108
SC,세이쉘,2026-07-01,1149665,665589.0,72.72896637414381,-21.314027979302985,0.001149665
LC,세인트 루시아,2025-01-01,275362,,,,0.000275362
LC,세인트 루시아,2025-02-01,330044,,,19.85822299373188,0.000330044
LC,세인트 루시아,2025-03-01,317123,,,-3.9149325544472813,0.000317123
LC,세인트 루시아,2025-04-01,147905,,,-53.360368059081175,0.000147905
LC,세인트 루시아,2025-05-01,223116,,,50.850884013386974,0.000223116
LC,세인트 루시아,2025-06-01,333823,,,49.61858405493107,0.000333823
LC,세인트 루시아,2025-07-01,788753,,,136.27880643334942,0.000788753
LC,세인트 루시아,2025-08-01,398487,,,-49.47886093618661,0.000398487
LC,세인트 루시아,2025-09-01,818498,,,105.40143091242626,0.000818498
LC,세인트 루시아,2025-10-01,165229,,,-79.81314554220047,0.000165229
LC,세인트 루시아,2025-11-01,373597,,,126.10861289483081,0.000373597
LC,세인트 루시아,2025-12-01,412824,,,10.499816647349958,0.000412824
LC,세인트 루시아,2026-01-01,212109,275362.0,-22.970852913619165,-48.619993023661415,0.000212109
LC,세인트 루시아,2026-02-01,233950,330044.0,-29.11551187114445,10.297064245270127,0.00023395
LC,세인트 루시아,2026-03-01,418924,317123.0,32.1014243684627,79.06561231032272,0.000418924
LC,세인트 루시아,2026-04-01,350055,147905.0,136.67556877725565,-16.439497378999533,0.000350055
LC,세인트 루시아,2026-05-01,335329,223116.0,50.2935692644185,-4.206767507963038,0.000335329
LC,세인트 루시아,2026-06-01,198571,333823.0,-40.516081875724566,-40.783230797217065,0.000198571
LC,세인트 루시아,2026-07-01,369225,788753.0,-53.18876758630395,85.94104879363049,0.000369225
MF,세인트 마틴,2025-01-01,1005869,,,,0.001005869
MF,세인트 마틴,2025-02-01,1586273,,,57.70174843841494,0.001586273
MF,세인트 마틴,2025-03-01,1044169,,,-34.17469754575663,0.001044169
MF,세인트 마틴,2025-04-01,1050804,,,0.635433536142127,0.001050804
MF,세인트 마틴,2025-05-01,568335,,,-45.914271357931646,0.000568335
MF,세인트 마틴,2025-06-01,1274552,,,124.26069131762078,0.001274552
MF,세인트 마틴,2025-07-01,538081,,,-57.782734639308565,0.000538081
MF,세인트 마틴,2025-08-01,1252975,,,132.85992257671242,0.001252975
MF,세인트 마틴,2025-09-01,715999,,,-42.85608252359384,0.000715999
MF,세인트 마틴,2025-10-01,289344,,,-59.58877037537762,0.000289344
MF,세인트 마틴,2025-11-01,1000133,,,245.65534450342847,0.001000133
MF,세인트 마틴,2025-12-01,1572234,,,57.202492068554875,0.001572234
MF,세인트 마틴,2026-01-01,894354,1005869.0,-11.086433720494416,-43.11571941581215,0.000894354
MF,세인트 마틴,2026-02-01,331826,1586273.0,-79.08140654225345,-62.89768928187273,0.000331826
MF,세인트 마틴,2026-03-01,214871,1044169.0,-79.4218177325701,-35.245881877851645,0.000214871
MF,세인트 마틴,2026-04-01,460353,1050804.0,-56.19040277730195,114.2462221518958,0.000460353
MF,세인트 마틴,2026-05-01,94128,568335.0,-83.43793713214917,-79.55308209135164,9.4128e-05
MF,세인트 마틴,2026-06-01,5071,1274552.0,-99.60213471086311,-94.61265510793812,5.071e-06
MF,세인트 마틴,2026-07-01,33760,538081.0,-93.72585168404012,565.7464011043187,3.376e-05
BL,세인트 바르탤르미,2025-01-01,5937,,,,5.937e-06
BL,세인트 바르탤르미,2025-02-01,3883,,,-34.59659760821964,3.883e-06
BL,세인트 바르탤르미,2025-03-01,7104,,,82.95132629410249,7.104e-06
BL,세인트 바르탤르미,2025-04-01,0,,,-100.0,0.0
BL,세인트 바르탤르미,2025-05-01,14486,,,inf,1.4486e-05
BL,세인트 바르탤르미,2025-06-01,55,,,-99.62032307055088,5.5e-08
BL,세인트 바르탤르미,2025-07-01,10499,,,18989.09090909091,1.0499e-05
BL,세인트 바르탤르미,2025-08-01,54991,,,423.7736927326412,5.4991e-05
BL,세인트 바르탤르미,2025-09-01,3147,,,-94.27724536742376,3.147e-06
BL,세인트 바르탤르미,2025-10-01,2550,,,-18.97044804575786,2.55e-06
BL,세인트 바르탤르미,2025-11-01,2050,,,-19.6078431372549,2.05e-06
BL,세인트 바르탤르미,2025-12-01,12504,,,509.9512195121951,1.2504e-05
BL,세인트 바르탤르미,2026-01-01,6677,5937.0,12.464207512211555,-46.60108765195138,6.677e-06
BL,세인트 바르탤르미,2026-02-01,7208,3883.0,85.62966778264229,7.952673356297746,7.208e-06
BL,세인트 바르탤르미,2026-03-01,4172,7104.0,-41.27252252252253,-42.119866814650386,4.172e-06
BL,세인트 바르탤르미,2026-04-01,2856,0.0,inf,-31.543624161073826,2.856e-06
BL,세인트 바르탤르미,2026-05-01,2736,14486.0,-81.11279856413088,-4.201680672268903,2.736e-06
BL,세인트 바르탤르미,2026-06-01,103316,55.0,187747.27272727274,3676.169590643275,0.000103316
BL,세인트 바르탤르미,2026-07-01,3396,10499.0,-67.65406229164682,-96.71299701885478,3.396e-06
VC,세인트 빈센트 그레나딘,2025-01-01,152943,,,,0.000152943
VC,세인트 빈센트 그레나딘,2025-02-01,80101,,,-47.6268936793446,8.0101e-05
VC,세인트 빈센트 그레나딘,2025-03-01,149023,,,86.04386961461155,0.000149023
VC,세인트 빈센트 그레나딘,2025-04-01,349109,,,134.2651805426008,0.000349109
VC,세인트 빈센트 그레나딘,2025-05-01,72022,,,-79.36976703551039,7.2022e-05
VC,세인트 빈센트 그레나딘,2025-06-01,98630,,,36.94426702951876,9.863e-05
VC,세인트 빈센트 그레나딘,2025-07-01,233108,,,136.34593936936022,0.000233108
VC,세인트 빈센트 그레나딘,2025-09-01,201851,,,-13.408806218576796,0.000201851
VC,세인트 빈센트 그레나딘,2025-10-01,70808,,,-64.9206592981952,7.0808e-05
VC,세인트 빈센트 그레나딘,2025-11-01,102355,,,44.55287538131285,0.000102355
VC,세인트 빈센트 그레나딘,2025-12-01,56318,,,-44.977773435591814,5.6318e-05
VC,세인트 빈센트 그레나딘,2026-01-01,1295,,,-97.7005575482084,1.295e-06
VC,세인트 빈센트 그레나딘,2026-02-01,103396,152943.0,-32.395729127845016,7884.247104247104,0.000103396
VC,세인트 빈센트 그레나딘,2026-03-01,96656,80101.0,20.667657082932788,-6.518627413052725,9.6656e-05
VC,세인트 빈센트 그레나딘,2026-04-01,325048,149023.0,118.11935070425372,236.29365999006788,0.000325048
VC,세인트 빈센트 그레나딘,2026-05-01,14027,349109.0,-95.98205717984928,-95.68463734586892,1.4027e-05
VC,세인트 빈센트 그레나딘,2026-06-01,9765,72022.0,-86.44164283135709,-30.384258929207952,9.765e-06
VC,세인트 빈센트 그레나딘,2026-07-01,58777,98630.0,-40.40657000912501,501.9150025601639,5.8777e-05
KN,세인트 키츠 네비스,2025-01-01,60178,,,,6.0178e-05
KN,세인트 키츠 네비스,2025-02-01,117441,,,95.15603708996643,0.000117441
KN,세인트 키츠 네비스,2025-03-01,40279,,,-65.70277841639631,4.0279e-05
KN,세인트 키츠 네비스,2025-04-01,71040,,,76.36982050199856,7.104e-05
KN,세인트 키츠 네비스,2025-05-01,5402,,,-92.39583333333333,5.402e-06
KN,세인트 키츠 네비스,2025-06-01,33098,,,512.6990003702333,3.3098e-05
KN,세인트 키츠 네비스,2025-07-01,221016,,,567.7624025620884,0.000221016
KN,세인트 키츠 네비스,2025-08-01,79199,,,-64.16594273717739,7.9199e-05
KN,세인트 키츠 네비스,2025-09-01,201112,,,153.9324991477165,0.000201112
KN,세인트 키츠 네비스,2025-10-01,58909,,,-70.70836151000437,5.8909e-05
KN,세인트 키츠 네비스,2025-11-01,446809,,,658.473238384627,0.000446809
KN,세인트 키츠 네비스,2025-12-01,69955,,,-84.34342190958553,6.9955e-05
KN,세인트 키츠 네비스,2026-01-01,49255,60178.0,-18.151151583635215,-29.590451004217,4.9255e-05
KN,세인트 키츠 네비스,2026-02-01,30660,117441.0,-73.8932740695328,-37.75251243528576,3.066e-05
KN,세인트 키츠 네비스,2026-03-01,28152,40279.0,-30.107500186201243,-8.18003913894325,2.8152e-05
KN,세인트 키츠 네비스,2026-04-01,302275,71040.0,325.4997184684685,973.7247797669793,0.000302275
KN,세인트 키츠 네비스,2026-05-01,162555,5402.0,2909.163272861903,-46.22281035480936,0.000162555
KN,세인트 키츠 네비스,2026-06-01,48186,33098.0,45.58583600217536,-70.35710990126418,4.8186e-05
KN,세인트 키츠 네비스,2026-07-01,144069,221016.0,-34.815126506678254,198.98518241812977,0.000144069
PM,세인트 피레 미켈론,2026-01-01,0,,,,0.0
PM,세인트 피레 미켈론,2026-03-01,0,,,,0.0
PM,세인트 피레 미켈론,2026-06-01,801,,,inf,8.01e-07
SH,세인트 헬레나,2025-04-01,0,,,,0.0
SH,세인트 헬레나,2025-05-01,0,,,,0.0
SH,세인트 헬레나,2025-07-01,0,,,,0.0
SH,세인트 헬레나,2025-11-01,0,,,,0.0
SH,세인트 헬레나,2025-12-01,0,,,,0.0
SH,세인트 헬레나,2026-01-01,0,,,,0.0
SH,세인트 헬레나,2026-03-01,1018,,,inf,1.018e-06
SH,세인트 헬레나,2026-04-01,0,,,-100.0,0.0
SH,세인트 헬레나,2026-07-01,0,,,,0.0
SX,세인트마틴(생마르탱),2025-01-01,7845,,,,7.845e-06
SX,세인트마틴(생마르탱),2025-02-01,9404,,,19.87253027405991,9.404e-06
SX,세인트마틴(생마르탱),2025-03-01,7345,,,-21.894938324117398,7.345e-06
SX,세인트마틴(생마르탱),2025-04-01,13088,,,78.18924438393464,1.3088e-05
SX,세인트마틴(생마르탱),2025-05-01,21473,,,64.06632029339853,2.1473e-05
SX,세인트마틴(생마르탱),2025-06-01,25799,,,20.146230149490062,2.5799e-05
SX,세인트마틴(생마르탱),2025-07-01,369591,,,1332.5787821233382,0.000369591
SX,세인트마틴(생마르탱),2025-08-01,2445,,,-99.33845791699473,2.445e-06
SX,세인트마틴(생마르탱),2025-09-01,1228,,,-49.77505112474437,1.228e-06
SX,세인트마틴(생마르탱),2025-10-01,368404,,,29900.325732899022,0.000368404
SX,세인트마틴(생마르탱),2025-11-01,10665,,,-97.10508029228781,1.0665e-05
SX,세인트마틴(생마르탱),2025-12-01,5517,,,-48.270042194092824,5.517e-06
SX,세인트마틴(생마르탱),2026-01-01,310559,7845.0,3858.6870618228168,5529.128149356534,0.000310559
SX,세인트마틴(생마르탱),2026-02-01,38205,9404.0,306.2632922160783,-87.69798975395979,3.8205e-05
SX,세인트마틴(생마르탱),2026-03-01,156775,7345.0,2034.4452008168823,310.3520481612354,0.000156775
SX,세인트마틴(생마르탱),2026-04-01,2262,13088.0,-82.71699266503667,-98.5571679158029,2.262e-06
SX,세인트마틴(생마르탱),2026-05-01,229573,21473.0,969.1240162063988,10049.115826702035,0.000229573
SX,세인트마틴(생마르탱),2026-06-01,131160,25799.0,408.3917981317105,-42.867845957495,0.00013116
SX,세인트마틴(생마르탱),2026-07-01,1009354,369591.0,173.10026488740257,669.5593168648978,0.001009354
SO,소말리아,2025-01-01,1054358,,,,0.001054358
SO,소말리아,2025-02-01,1381870,,,31.062694075446863,0.00138187
SO,소말리아,2025-03-01,333797,,,-75.8445439874952,0.000333797
SO,소말리아,2025-04-01,1270079,,,280.4944322447476,0.001270079
SO,소말리아,2025-05-01,146377,,,-88.47496887988856,0.000146377
SO,소말리아,2025-06-01,893197,,,510.2031056791709,0.000893197
SO,소말리아,2025-07-01,656597,,,-26.489117182435674,0.000656597
SO,소말리아,2025-08-01,739875,,,12.683274519987142,0.000739875
SO,소말리아,2025-09-01,1033908,,,39.74090217942221,0.001033908
SO,소말리아,2025-10-01,956382,,,-7.498346081082651,0.000956382
SO,소말리아,2025-11-01,2164845,,,126.35777335834426,0.002164845
SO,소말리아,2025-12-01,2084565,,,-3.7083486346597527,0.002084565
SO,소말리아,2026-01-01,584762,1054358.0,-44.53857228759113,-71.94800833747088,0.000584762
SO,소말리아,2026-02-01,556086,1381870.0,-59.75844326890374,-4.90387542282159,0.000556086
SO,소말리아,2026-03-01,876097,333797.0,162.4640125585311,57.54703409184909,0.000876097
SO,소말리아,2026-04-01,827746,1270079.0,-34.8272036621344,-5.518909435827313,0.000827746
SO,소말리아,2026-05-01,1719629,146377.0,1074.7945373931698,107.74839141475768,0.001719629
SO,소말리아,2026-06-01,2491511,893197.0,178.9430551155008,44.88654238792205,0.002491511
SO,소말리아,2026-07-01,944446,656597.0,43.839524091642204,-62.09344450014469,0.000944446
SB,솔로몬 군도,2025-01-01,604874,,,,0.000604874
SB,솔로몬 군도,2025-02-01,803624,,,32.8580828403932,0.000803624
SB,솔로몬 군도,2025-03-01,285816,,,-64.43411346599903,0.000285816
SB,솔로몬 군도,2025-04-01,1144567,,,300.45588770397734,0.001144567
SB,솔로몬 군도,2025-05-01,480255,,,-58.04046421048309,0.000480255
SB,솔로몬 군도,2025-06-01,872139,,,81.59915045132273,0.000872139
SB,솔로몬 군도,2025-07-01,633142,,,-27.40354461846105,0.000633142
SB,솔로몬 군도,2025-08-01,695587,,,9.862716420644979,0.000695587
SB,솔로몬 군도,2025-09-01,555627,,,-20.12113509884458,0.000555627
SB,솔로몬 군도,2025-10-01,647979,,,16.621222510785106,0.000647979
SB,솔로몬 군도,2025-11-01,380973,,,-41.20596500812527,0.000380973
SB,솔로몬 군도,2025-12-01,655532,,,72.06783682833166,0.000655532
SB,솔로몬 군도,2026-01-01,983963,604874.0,62.67239127487709,50.101444323084145,0.000983963
SB,솔로몬 군도,2026-02-01,576499,803624.0,-28.262595442644823,-41.41050019157224,0.000576499
SB,솔로몬 군도,2026-03-01,593765,285816.0,107.74379320961738,2.994974839505349,0.000593765
SB,솔로몬 군도,2026-04-01,742908,1144567.0,-35.092659494813326,25.1181864879203,0.000742908
SB,솔로몬 군도,2026-05-01,404371,480255.0,-15.80077250627271,-45.56916872614105,0.000404371
SB,솔로몬 군도,2026-06-01,870300,872139.0,-0.21086088341422116,115.22314903887766,0.0008703
SB,솔로몬 군도,2026-07-01,383731,633142.0,-39.392584917759365,-55.908192577272196,0.000383731
SD,수단,2025-01-01,5434438,,,,0.005434438
SD,수단,2025-02-01,2697066,,,-50.370838714141186,0.002697066
SD,수단,2025-03-01,3616094,,,34.0751023519632,0.003616094
SD,수단,2025-04-01,4031201,,,11.479430567900062,0.004031201
SD,수단,2025-05-01,7771895,,,92.79353721136702,0.007771895
SD,수단,2025-06-01,9825518,,,26.42371004754953,0.009825518
SD,수단,2025-07-01,6202907,,,-36.869414925503165,0.006202907
SD,수단,2025-08-01,7443666,,,20.002863173670015,0.007443666
SD,수단,2025-09-01,8592138,,,15.428849171899973,0.008592138
SD,수단,2025-10-01,3073143,,,-64.23308145190406,0.003073143
SD,수단,2025-11-01,6285825,,,104.54059573537582,0.006285825
SD,수단,2025-12-01,6182503,,,-1.643730138844146,0.006182503
SD,수단,2026-01-01,12399433,5434438.0,128.16403462510752,100.55684566590588,0.012399433
SD,수단,2026-02-01,3094630,2697066.0,14.740610722911484,-75.04216523449097,0.00309463
SD,수단,2026-03-01,2581379,3616094.0,-28.61416213184723,-16.585213741222702,0.002581379
SD,수단,2026-04-01,6673158,4031201.0,65.53771444291665,158.51136156294757,0.006673158
SD,수단,2026-05-01,4712198,7771895.0,-39.36873825495584,-29.38578705914051,0.004712198
SD,수단,2026-06-01,5600436,9825518.0,-43.00111200244099,18.8497597087389,0.005600436
SD,수단,2026-07-01,7465273,6202907.0,20.351199848716096,33.2980682218313,0.007465273
SR,수리남,2025-01-01,913833,,,,0.000913833
SR,수리남,2025-02-01,804360,,,-11.979541119657533,0.00080436
SR,수리남,2025-03-01,390053,,,-51.50765826246955,0.000390053
SR,수리남,2025-04-01,298362,,,-23.507318236239694,0.000298362
SR,수리남,2025-05-01,180617,,,-39.463805712523715,0.000180617
SR,수리남,2025-06-01,774496,,,328.80570488935155,0.000774496
SR,수리남,2025-07-01,867903,,,12.060359252985165,0.000867903
SR,수리남,2025-08-01,442593,,,-49.00432421595501,0.000442593
SR,수리남,2025-09-01,581501,,,31.38504223971008,0.000581501
SR,수리남,2025-10-01,365502,,,-37.14507799642649,0.000365502
SR,수리남,2025-11-01,352879,,,-3.4536062730162853,0.000352879
SR,수리남,2025-12-01,751099,,,112.84888021106383,0.000751099
SR,수리남,2026-01-01,861484,913833.0,-5.728508381728393,14.69646478027531,0.000861484
SR,수리남,2026-02-01,284937,804360.0,-64.57593614799345,-66.9248645360796,0.000284937
SR,수리남,2026-03-01,516534,390053.0,32.42661894665597,81.28007243706503,0.000516534
SR,수리남,2026-04-01,473238,298362.0,58.61202163814427,-8.382023255003546,0.000473238
SR,수리남,2026-05-01,303425,180617.0,67.99359971652723,-35.883213097849286,0.000303425
SR,수리남,2026-06-01,392931,774496.0,-49.26623249183986,29.498558128038233,0.000392931
SR,수리남,2026-07-01,867902,867903.0,-0.00011522024926380325,120.87898384194679,0.000867902
LK,스리랑카,2025-01-01,16795993,,,,0.016795993
LK,스리랑카,2025-02-01,16925817,,,0.7729462616470562,0.016925817
LK,스리랑카,2025-03-01,14944949,,,-11.703234177706168,0.014944949
LK,스리랑카,2025-04-01,18557386,,,24.17162480781969,0.018557386
LK,스리랑카,2025-05-01,14179832,,,-23.58928137831481,0.014179832
LK,스리랑카,2025-06-01,14262762,,,0.5848447287668757,0.014262762
LK,스리랑카,2025-07-01,21251059,,,48.99680019900774,0.021251059
LK,스리랑카,2025-08-01,14000179,,,-34.12008785068076,0.014000179
LK,스리랑카,2025-09-01,21915005,,,56.533748604214274,0.021915005
LK,스리랑카,2025-10-01,19064950,,,-13.005039241378224,0.01906495
LK,스리랑카,2025-11-01,46605899,,,144.4585430331577,0.046605899
LK,스리랑카,2025-12-01,15485578,,,-66.77335201709123,0.015485578
LK,스리랑카,2026-01-01,19723906,16795993.0,17.43221136136459,27.369517624721528,0.019723906
LK,스리랑카,2026-02-01,16316813,16925817.0,-3.5980774222006517,-17.273926371378977,0.016316813
LK,스리랑카,2026-03-01,19375175,14944949.0,29.6436341134386,18.743623525010666,0.019375175
LK,스리랑카,2026-04-01,23373671,18557386.0,25.953466722091136,20.637212309050113,0.023373671
LK,스리랑카,2026-05-01,18864455,14179832.0,33.037224982637305,-19.291860486955603,0.018864455
LK,스리랑카,2026-06-01,19536861,14262762.0,36.97810424095977,3.5644072410255134,0.019536861
LK,스리랑카,2026-07-01,29335666,21251059.0,38.043313512046616,50.155472775283606,0.029335666
SJ,스발비드 군도,2025-05-01,0,,,,0.0
SJ,스발비드 군도,2025-07-01,0,,,,0.0
SJ,스발비드 군도,2026-07-01,0,,,,0.0
SZ,스와질랜드,2025-01-01,150628,,,,0.000150628
SZ,스와질랜드,2025-02-01,77624,,,-48.46642058581406,7.7624e-05
SZ,스와질랜드,2025-03-01,117922,,,51.91435638462332,0.000117922
SZ,스와질랜드,2025-04-01,50980,,,-56.768033106629815,5.098e-05
SZ,스와질랜드,2025-05-01,159197,,,212.2734405649274,0.000159197
SZ,스와질랜드,2025-06-01,65246,,,-59.015559338429746,6.5246e-05
SZ,스와질랜드,2025-07-01,178941,,,174.25589308156822,0.000178941
SZ,스와질랜드,2025-08-01,181972,,,1.6938543989359678,0.000181972
SZ,스와질랜드,2025-09-01,103819,,,-42.947816147539186,0.000103819
SZ,스와질랜드,2025-10-01,153659,,,48.00662691800153,0.000153659
SZ,스와질랜드,2025-11-01,116417,,,-24.236784047794146,0.000116417
SZ,스와질랜드,2025-12-01,338807,,,191.02880163549995,0.000338807
SZ,스와질랜드,2026-01-01,14512,150628.0,-90.36566906551239,-95.71673548657496,1.4512e-05
SZ,스와질랜드,2026-02-01,5000,77624.0,-93.55869318767391,-65.5457552370452,5e-06
SZ,스와질랜드,2026-03-01,17561,117922.0,-85.1079527145062,251.22,1.7561e-05
SZ,스와질랜드,2026-04-01,68971,50980.0,35.29030992546096,292.7509822903024,6.8971e-05
SZ,스와질랜드,2026-05-01,101681,159197.0,-36.12882152301865,47.42572965449248,0.000101681
SZ,스와질랜드,2026-06-01,4000,65246.0,-93.86935597584525,-96.06612838190026,4e-06
SZ,스와질랜드,2026-07-01,71863,178941.0,-59.83983547649784,1696.575,7.1863e-05
SE,스웨덴,2025-01-01,96082640,,,,0.09608264
SE,스웨덴,2025-02-01,94041026,,,-2.1248521064783366,0.094041026
SE,스웨덴,2025-03-01,99066610,,,5.344033571050155,0.09906661
SE,스웨덴,2025-04-01,134104090,,,35.3675976194199,0.13410409
SE,스웨덴,2025-05-01,100410801,,,-25.124728858008726,0.100410801
SE,스웨덴,2025-06-01,101042454,,,0.62906877916451,0.101042454
SE,스웨덴,2025-07-01,184512699,,,82.60908330670591,0.184512699
SE,스웨덴,2025-08-01,98549009,,,-46.58957918121397,0.098549009
SE,스웨덴,2025-09-01,127381724,,,29.257234844441715,0.127381724
SE,스웨덴,2025-10-01,92642079,,,-27.272079470364208,0.092642079
SE,스웨덴,2025-11-01,129295400,,,39.56444133772084,0.1292954
SE,스웨덴,2025-12-01,140078342,,,8.339772335288021,0.140078342
SE,스웨덴,2026-01-01,146298733,96082640.0,52.26344009698318,4.440651503427984,0.146298733
SE,스웨덴,2026-02-01,109543348,94041026.0,16.48463724757745,-25.123515594629243,0.109543348
SE,스웨덴,2026-03-01,141272279,99066610.0,42.60332416744652,28.964726365675798,0.141272279
SE,스웨덴,2026-04-01,139952639,134104090.0,4.361201064039144,-0.9341110721375112,0.139952639
SE,스웨덴,2026-05-01,141424891,100410801.0,40.84629301981168,1.0519644434857645,0.141424891
SE,스웨덴,2026-06-01,117228348,101042454.0,16.018904291457538,-17.109112002073246,0.117228348
SE,스웨덴,2026-07-01,142664266,184512699.0,-22.680516423425146,21.69775351606933,0.142664266
CH,스위스,2025-01-01,101420663,,,,0.101420663
CH,스위스,2025-02-01,137332665,,,35.408960006502824,0.137332665
CH,스위스,2025-03-01,139715940,,,1.7354028628221885,0.13971594
CH,스위스,2025-04-01,110610557,,,-20.831827062824757,0.110610557
CH,스위스,2025-05-01,164443824,,,48.66919438801849,0.164443824
CH,스위스,2025-06-01,232491069,,,41.380237545436785,0.232491069
CH,스위스,2025-07-01,116251410,,,-49.997472806148956,0.11625141
CH,스위스,2025-08-01,215650562,,,85.50360980567892,0.215650562
CH,스위스,2025-09-01,235401145,,,9.158604928653059,0.235401145
CH,스위스,2025-10-01,144775886,,,-38.498223532430146,0.144775886
CH,스위스,2025-11-01,239475058,,,65.41087374177769,0.239475058
CH,스위스,2025-12-01,232300120,,,-2.99611076824543,0.23230012
CH,스위스,2026-01-01,263182805,101420663.0,159.49623796089756,13.294304367987419,0.263182805
CH,스위스,2026-02-01,98388299,137332665.0,-28.3576860610693,-62.61598511346514,0.098388299
CH,스위스,2026-03-01,178356318,139715940.0,27.656384804768884,81.27797696756602,0.178356318
CH,스위스,2026-04-01,177057825,110610557.0,60.0731700501246,-0.7280330826295756,0.177057825
CH,스위스,2026-05-01,293980029,164443824.0,78.77231375986489,66.03616869234669,0.293980029
CH,스위스,2026-06-01,274764726,232491069.0,18.18291652312889,-6.5362613458344825,0.274764726
CH,스위스,2026-07-01,218546865,116251410.0,87.99502302810778,-20.46036324182312,0.218546865
ES,스페인,2025-01-01,242347682,,,,0.242347682
ES,스페인,2025-02-01,280928145,,,15.91946854271955,0.280928145
ES,스페인,2025-03-01,278876663,,,-0.7302515025683909,0.278876663
ES,스페인,2025-04-01,387506993,,,38.95282195054091,0.387506993
ES,스페인,2025-05-01,265977703,,,-31.36183144958109,0.265977703
ES,스페인,2025-06-01,258210997,,,-2.9200590547245997,0.258210997
ES,스페인,2025-07-01,343734064,,,33.121388319491295,0.343734064
ES,스페인,2025-08-01,294978918,,,-14.18397275866148,0.294978918
ES,스페인,2025-09-01,272028585,,,-7.780329914967011,0.272028585
ES,스페인,2025-10-01,278641358,,,2.4309110750254437,0.278641358
ES,스페인,2025-11-01,303236205,,,8.826703679788995,0.303236205
ES,스페인,2025-12-01,355628121,,,17.27759256187762,0.355628121
ES,스페인,2026-01-01,303362949,242347682.0,25.176748750582224,-14.696580195355246,0.303362949
ES,스페인,2026-02-01,290746021,280928145.0,3.4947997111503426,-4.159020751080577,0.290746021
ES,스페인,2026-03-01,436826821,278876663.0,56.63799770868601,50.243439101097785,0.436826821
ES,스페인,2026-04-01,318853539,387506993.0,-17.716700663515507,-27.006876942659165,0.318853539
ES,스페인,2026-05-01,354408064,265977703.0,33.2472835138365,11.15073870953649,0.354408064
ES,스페인,2026-06-01,328878608,258210997.0,27.368164726152223,-7.2034072001251115,0.328878608
ES,스페인,2026-07-01,481290999,343734064.0,40.0184181338513,46.34305403044032,0.481290999
SK,슬로바키아,2025-01-01,170924255,,,,0.170924255
SK,슬로바키아,2025-02-01,226628571,,,32.590059263385406,0.226628571
SK,슬로바키아,2025-03-01,201481611,,,-11.096111972572075,0.201481611
SK,슬로바키아,2025-04-01,271689084,,,34.845598390614406,0.271689084
SK,슬로바키아,2025-05-01,243200677,,,-10.485664930137572,0.243200677
SK,슬로바키아,2025-06-01,220549566,,,-9.313753267224667,0.220549566
SK,슬로바키아,2025-07-01,306662358,,,39.04464359725832,0.306662358
SK,슬로바키아,2025-08-01,254618988,,,-16.97090257161591,0.254618988
SK,슬로바키아,2025-09-01,244422363,,,-4.004660092357293,0.244422363
SK,슬로바키아,2025-10-01,182381974,,,-25.38245201401641,0.182381974
SK,슬로바키아,2025-11-01,186061051,,,2.0172371859512817,0.186061051
SK,슬로바키아,2025-12-01,190007554,,,2.121079601985043,0.190007554
SK,슬로바키아,2026-01-01,173198648,170924255.0,1.3306437989154984,-8.846440915712229,0.173198648
SK,슬로바키아,2026-02-01,158356419,226628571.0,-30.125130162869006,-8.569483175180448,0.158356419
SK,슬로바키아,2026-03-01,187476197,201481611.0,-6.951212038899168,18.3887575785608,0.187476197
SK,슬로바키아,2026-04-01,214648887,271689084.0,-20.994659100841908,14.493941329522485,0.214648887
SK,슬로바키아,2026-05-01,183162486,243200677.0,-24.686687447009035,-14.66879304154044,0.183162486
SK,슬로바키아,2026-06-01,186324836,220549566.0,-15.517931239093896,1.7265271230266999,0.186324836
SK,슬로바키아,2026-07-01,210642826,306662358.0,-31.31115687827588,13.051394823178587,0.210642826
SI,슬로베니아,2025-01-01,63883078,,,,0.063883078
SI,슬로베니아,2025-02-01,74104516,,,16.000227791153087,0.074104516
SI,슬로베니아,2025-03-01,60517047,,,-18.335547863236833,0.060517047
SI,슬로베니아,2025-04-01,102630362,,,69.58917707931123,0.102630362
SI,슬로베니아,2025-05-01,88291154,,,-13.971701668556912,0.088291154
SI,슬로베니아,2025-06-01,103374530,,,17.083677488233985,0.10337453
SI,슬로베니아,2025-07-01,92123939,,,-10.883329771849992,0.092123939
SI,슬로베니아,2025-08-01,84885169,,,-7.857642734968162,0.084885169
SI,슬로베니아,2025-09-01,100055262,,,17.871311536176606,0.100055262
SI,슬로베니아,2025-10-01,63241062,,,-36.79386697323325,0.063241062
SI,슬로베니아,2025-11-01,60373169,,,-4.534859012962178,0.060373169
SI,슬로베니아,2025-12-01,67598294,,,11.96744368346807,0.067598294
SI,슬로베니아,2026-01-01,95853925,63883078.0,50.04587756400842,41.799325586530344,0.095853925
SI,슬로베니아,2026-02-01,65731447,74104516.0,-11.298999645311769,-31.425398594788888,0.065731447
SI,슬로베니아,2026-03-01,86671333,60517047.0,43.2180473049189,31.856724529432622,0.086671333
SI,슬로베니아,2026-04-01,74833179,102630362.0,-27.08475587370529,-13.658673047061598,0.074833179
SI,슬로베니아,2026-05-01,90221147,88291154.0,2.1859415270526483,20.563028599920898,0.090221147
SI,슬로베니아,2026-06-01,70491925,103374530.0,-31.809194198996604,-21.867624892864647,0.070491925
SI,슬로베니아,2026-07-01,77016498,92123939.0,-16.399039341989052,9.25577362229788,0.077016498
SY,시리아,2025-01-01,2043262,,,,0.002043262
SY,시리아,2025-02-01,8966484,,,338.8318287131068,0.008966484
SY,시리아,2025-03-01,17010435,,,89.7113182826178,0.017010435
SY,시리아,2025-04-01,16687903,,,-1.8960831983426685,0.016687903
SY,시리아,2025-05-01,18568110,,,11.266885959248452,0.01856811
SY,시리아,2025-06-01,25751576,,,38.68711462825243,0.025751576
SY,시리아,2025-07-01,28501028,,,10.67683003168427,0.028501028
SY,시리아,2025-08-01,15871029,,,-44.314187544393135,0.015871029
SY,시리아,2025-09-01,17955586,,,13.134353166388891,0.017955586
SY,시리아,2025-10-01,14065794,,,-21.663408813279617,0.014065794
SY,시리아,2025-11-01,18804959,,,33.69283667882523,0.018804959
SY,시리아,2025-12-01,22748902,,,20.97288805575168,0.022748902
SY,시리아,2026-01-01,27114469,2043262.0,1227.0187083203232,19.19023168678646,0.027114469
SY,시리아,2026-02-01,19949364,8966484.0,122.48814585516463,-26.425393025399092,0.019949364
SY,시리아,2026-03-01,37249326,17010435.0,118.97926772595761,86.71936609106936,0.037249326
SY,시리아,2026-04-01,50251526,16687903.0,201.1254679512459,34.90586648467142,0.050251526
SY,시리아,2026-05-01,25624397,18568110.0,38.002182236102655,-49.00772366594399,0.025624397
SY,시리아,2026-06-01,22447210,25751576.0,-12.831703970273512,-12.399070307878857,0.02244721
SY,시리아,2026-07-01,16231417,28501028.0,-43.0497138559353,-27.690715238107543,0.016231417
SL,시에라 리온,2025-01-01,12106161,,,,0.012106161
SL,시에라 리온,2025-02-01,706629,,,-94.16306292308519,0.000706629
SL,시에라 리온,2025-03-01,625744,,,-11.446600691451946,0.000625744
SL,시에라 리온,2025-04-01,1365974,,,118.29598046485464,0.001365974
SL,시에라 리온,2025-05-01,277099,,,-79.71418196832443,0.000277099
SL,시에라 리온,2025-06-01,396255,,,43.001237824748564,0.000396255
SL,시에라 리온,2025-07-01,748189,,,88.81503072516435,0.000748189
SL,시에라 리온,2025-08-01,1132899,,,51.41882599182828,0.001132899
SL,시에라 리온,2025-09-01,525104,,,-53.64953098202045,0.000525104
SL,시에라 리온,2025-10-01,1146396,,,118.31789512172826,0.001146396
SL,시에라 리온,2025-11-01,359849,,,-68.61041036430693,0.000359849
SL,시에라 리온,2025-12-01,785629,,,118.3218516655597,0.000785629
SL,시에라 리온,2026-01-01,590778,12106161.0,-95.12002194585054,-24.801910316447074,0.000590778
SL,시에라 리온,2026-02-01,298492,706629.0,-57.75831447619614,-49.47476040069196,0.000298492
SL,시에라 리온,2026-03-01,596721,625744.0,-4.638158735840858,99.91189043592459,0.000596721
SL,시에라 리온,2026-04-01,307321,1365974.0,-77.50169476139371,-48.49837696343853,0.000307321
SL,시에라 리온,2026-05-01,387151,277099.0,39.715769454238384,25.97609665463798,0.000387151
SL,시에라 리온,2026-06-01,444268,396255.0,12.11669253384815,14.753158328404158,0.000444268
SL,시에라 리온,2026-07-01,749547,748189.0,0.1815049405965663,68.71505487678608,0.000749547
SG,싱가포르,2025-01-01,1162019513,,,,1.162019513
SG,싱가포르,2025-02-01,1629459571,,,40.22652397576392,1.629459571
SG,싱가포르,2025-03-01,1894030462,,,16.236726317648543,1.894030462
SG,싱가포르,2025-04-01,1449395584,,,-23.475592759500184,1.449395584
SG,싱가포르,2025-05-01,1587493146,,,9.527941407057572,1.587493146
SG,싱가포르,2025-06-01,1529376395,,,-3.6609135067094067,1.529376395
SG,싱가포르,2025-07-01,1795828527,,,17.422273082748863,1.795828527
SG,싱가포르,2025-08-01,2164626782,,,20.536384707959378,2.164626782
SG,싱가포르,2025-09-01,1510020613,,,-30.24106393043787,1.510020613
SG,싱가포르,2025-10-01,1483016011,,,-1.7883598255224564,1.483016011
SG,싱가포르,2025-11-01,1278336614,,,-13.801563535513306,1.278336614
SG,싱가포르,2025-12-01,2069320523,,,61.87602704462629,2.069320523
SG,싱가포르,2026-01-01,1702991428,1162019513.0,46.55446048434817,-17.702868691840646,1.702991428
SG,싱가포르,2026-02-01,2492958631,1629459571.0,52.99297235524967,46.38703342903732,2.492958631
SG,싱가포르,2026-03-01,2075543272,1894030462.0,9.583415559659558,-16.743773996464682,2.075543272
SG,싱가포르,2026-04-01,2194531210,1449395584.0,51.41009357456412,5.732857493515087,2.19453121
SG,싱가포르,2026-05-01,2304934700,1587493146.0,45.19336387736441,5.030846200633432,2.3049347
SG,싱가포르,2026-06-01,3148226948,1529376395.0,105.85036870534412,36.586383466742035,3.148226948
SG,싱가포르,2026-07-01,2441076593,1795828527.0,35.93038290119554,-22.461860808644595,2.441076593
AE,아랍에미리트 연합,2025-01-01,329442024,,,,0.329442024
AE,아랍에미리트 연합,2025-02-01,501213734,,,52.14019386913431,0.501213734
AE,아랍에미리트 연합,2025-03-01,440865687,,,-12.040381758573282,0.440865687
AE,아랍에미리트 연합,2025-04-01,493853298,,,12.018991852273597,0.493853298
AE,아랍에미리트 연합,2025-05-01,410029330,,,-16.97345514132822,0.41002933
AE,아랍에미리트 연합,2025-06-01,527052596,,,28.540218330235056,0.527052596
AE,아랍에미리트 연합,2025-07-01,390359730,,,-25.935336821678423,0.39035973
AE,아랍에미리트 연합,2025-08-01,356821574,,,-8.59160241759569,0.356821574
AE,아랍에미리트 연합,2025-09-01,476234205,,,33.46564213070815,0.476234205
AE,아랍에미리트 연합,2025-10-01,386330321,,,-18.878082056285727,0.386330321
AE,아랍에미리트 연합,2025-11-01,711303726,,,84.11801697542658,0.711303726
AE,아랍에미리트 연합,2025-12-01,639531900,,,-10.090179957808909,0.6395319
AE,아랍에미리트 연합,2026-01-01,465642279,329442024.0,41.342708300019424,-27.19014031981829,0.465642279
AE,아랍에미리트 연합,2026-02-01,602519857,501213734.0,20.21216022783605,29.395435975864203,0.602519857
AE,아랍에미리트 연합,2026-03-01,171398326,440865687.0,-61.12232567557474,-71.55308260653723,0.171398326
AE,아랍에미리트 연합,2026-04-01,231754523,493853298.0,-53.07219290859124,35.21399444706361,0.231754523
AE,아랍에미리트 연합,2026-05-01,336766513,410029330.0,-17.8677015617395,45.311732707801355,0.336766513
AE,아랍에미리트 연합,2026-06-01,492490928,527052596.0,-6.55753681175304,46.24106286957337,0.492490928
AE,아랍에미리트 연합,2026-07-01,388388628,390359730.0,-0.5049450157166624,-21.13791220942044,0.388388628
AW,아루바,2025-01-01,2027227,,,,0.002027227
AW,아루바,2025-02-01,2553934,,,25.981648823738034,0.002553934
AW,아루바,2025-03-01,1577299,,,-38.240416549527126,0.001577299
AW,아루바,2025-04-01,1513692,,,-4.0326532889452205,0.001513692
AW,아루바,2025-05-01,1570536,,,3.7553214260232615,0.001570536
AW,아루바,2025-06-01,2355988,,,50.01171574545251,0.002355988
AW,아루바,2025-07-01,2427072,,,3.017163075533502,0.002427072
AW,아루바,2025-08-01,1673255,,,-31.05869953590169,0.001673255
AW,아루바,2025-09-01,1729535,,,3.3635040684175443,0.001729535
AW,아루바,2025-10-01,965568,,,-44.171814967606906,0.000965568
AW,아루바,2025-11-01,1989199,,,106.01335172665208,0.001989199
AW,아루바,2025-12-01,1305503,,,-34.370417439381384,0.001305503
AW,아루바,2026-01-01,500587,2027227.0,-75.30681073209857,-61.65562239228864,0.000500587
AW,아루바,2026-02-01,1532709,2553934.0,-39.98635046951095,206.1823419305735,0.001532709
AW,아루바,2026-03-01,1459691,1577299.0,-7.456290785703912,-4.763983247961612,0.001459691
AW,아루바,2026-04-01,1894248,1513692.0,25.14091373938687,29.77047882051749,0.001894248
AW,아루바,2026-05-01,1939697,1570536.0,23.505414711920004,2.399316245813643,0.001939697
AW,아루바,2026-06-01,4497543,2355988.0,90.89838318361554,131.8683278883248,0.004497543
AW,아루바,2026-07-01,1563478,2427072.0,-35.5817215146481,-65.23706388132365,0.001563478
AM,아르메니아,2025-01-01,1310088,,,,0.001310088
AM,아르메니아,2025-02-01,1668665,,,27.370451450589584,0.001668665
AM,아르메니아,2025-03-01,3240153,,,94.17636254131297,0.003240153
AM,아르메니아,2025-04-01,2546970,,,-21.393526787160976,0.00254697
AM,아르메니아,2025-05-01,1997396,,,-21.577560787916628,0.001997396
AM,아르메니아,2025-06-01,2976036,,,48.99579252186346,0.002976036
AM,아르메니아,2025-07-01,4192926,,,40.88962633516531,0.004192926
AM,아르메니아,2025-08-01,1607379,,,-61.664503499465525,0.001607379
AM,아르메니아,2025-09-01,2126684,,,32.30756405303292,0.002126684
AM,아르메니아,2025-10-01,2391743,,,12.463487758406977,0.002391743
AM,아르메니아,2025-11-01,2767568,,,15.713435766300975,0.002767568
AM,아르메니아,2025-12-01,3569689,,,28.982883166737004,0.003569689
AM,아르메니아,2026-01-01,1953609,1310088.0,49.120440764284545,-45.27229122761115,0.001953609
AM,아르메니아,2026-02-01,3535799,1668665.0,111.89387923879268,80.98805851119646,0.003535799
AM,아르메니아,2026-03-01,4186310,3240153.0,29.200997607211754,18.397850104035896,0.00418631
AM,아르메니아,2026-04-01,2678364,2546970.0,5.158835793118888,-36.020887129715675,0.002678364
AM,아르메니아,2026-05-01,3497108,1997396.0,75.08335853280971,30.568809915306506,0.003497108
AM,아르메니아,2026-06-01,1974139,2976036.0,-33.6654865734151,-43.54938423405854,0.001974139
AM,아르메니아,2026-07-01,4688168,4192926.0,11.811369912085269,137.4791238104308,0.004688168
AR,아르헨티나,2025-01-01,27035269,,,,0.027035269
AR,아르헨티나,2025-02-01,33454792,,,23.744993992846908,0.033454792
AR,아르헨티나,2025-03-01,44208445,,,32.14383458130603,0.044208445
AR,아르헨티나,2025-04-01,33539801,,,-24.132592765929672,0.033539801
AR,아르헨티나,2025-05-01,45410248,,,35.39212113989585,0.045410248
AR,아르헨티나,2025-06-01,49357318,,,8.692024760578265,0.049357318
AR,아르헨티나,2025-07-01,39333846,,,-20.307975404984525,0.039333846
AR,아르헨티나,2025-08-01,97898883,,,148.892221218337,0.097898883
AR,아르헨티나,2025-09-01,63121520,,,-35.52375873379474,0.06312152
AR,아르헨티나,2025-10-01,34690117,,,-45.042329462281636,0.034690117
AR,아르헨티나,2025-11-01,70127685,,,102.15465113594169,0.070127685
AR,아르헨티나,2025-12-01,32442820,,,-53.73750038946815,0.03244282
AR,아르헨티나,2026-01-01,60108791,27035269.0,122.3347250585892,85.2760980703897,0.060108791
AR,아르헨티나,2026-02-01,62382066,33454792.0,86.46675788628426,3.7819343263783223,0.062382066
AR,아르헨티나,2026-03-01,26153920,44208445.0,-40.83953868994939,-58.07461715038422,0.02615392
AR,아르헨티나,2026-04-01,38731532,33539801.0,15.479313666768624,48.090733626163875,0.038731532
AR,아르헨티나,2026-05-01,28393651,45410248.0,-37.473032519003205,-26.691123397855787,0.028393651
AR,아르헨티나,2026-06-01,44587934,49357318.0,-9.662972368150147,57.0348737469514,0.044587934
AR,아르헨티나,2026-07-01,37963582,39333846.0,-3.4836766280114118,-14.856826512751187,0.037963582
AS,아메리칸 사모아,2025-01-01,395190,,,,0.00039519
AS,아메리칸 사모아,2025-02-01,1687917,,,327.11531162225765,0.001687917
AS,아메리칸 사모아,2025-03-01,790662,,,-53.15753085015436,0.000790662
AS,아메리칸 사모아,2025-04-01,966901,,,22.29005567486486,0.000966901
AS,아메리칸 사모아,2025-05-01,622120,,,-35.65835592268495,0.00062212
AS,아메리칸 사모아,2025-06-01,941908,,,51.40294476949785,0.000941908
AS,아메리칸 사모아,2025-07-01,576540,,,-38.79020031680377,0.00057654
AS,아메리칸 사모아,2025-08-01,4168634,,,623.0433274360843,0.004168634
AS,아메리칸 사모아,2025-09-01,805621,,,-80.6742208598788,0.000805621
AS,아메리칸 사모아,2025-10-01,1552350,,,92.68986285114215,0.00155235
AS,아메리칸 사모아,2025-11-01,1321368,,,-14.879505266209293,0.001321368
AS,아메리칸 사모아,2025-12-01,743034,,,-43.76782243856368,0.000743034
AS,아메리칸 사모아,2026-01-01,1154197,395190.0,192.061286975885,55.33569123351019,0.001154197
AS,아메리칸 사모아,2026-02-01,457857,1687917.0,-72.87443636150356,-60.33112198350887,0.000457857
AS,아메리칸 사모아,2026-03-01,2693793,790662.0,240.70095691964454,488.34810868895744,0.002693793
AS,아메리칸 사모아,2026-04-01,5043817,966901.0,421.6477178118546,87.23847749251705,0.005043817
AS,아메리칸 사모아,2026-05-01,762305,622120.0,22.53343406416768,-84.88634698681574,0.000762305
AS,아메리칸 사모아,2026-06-01,3537070,941908.0,275.5218131707131,363.9966942365588,0.00353707
AS,아메리칸 사모아,2026-07-01,1135492,576540.0,96.94938772678393,-67.89738399296593,0.001135492
IS,아이슬란드,2025-01-01,4080380,,,,0.00408038
IS,아이슬란드,2025-02-01,8050825,,,97.30576563947476,0.008050825
IS,아이슬란드,2025-03-01,8822605,,,9.586346740861963,0.008822605
IS,아이슬란드,2025-04-01,4379700,,,-50.35819919400222,0.0043797
IS,아이슬란드,2025-05-01,1157959,,,-73.56076900244308,0.001157959
IS,아이슬란드,2025-06-01,2945118,,,154.33698429737152,0.002945118
IS,아이슬란드,2025-07-01,4162489,,,41.33521984518107,0.004162489
IS,아이슬란드,2025-08-01,9300158,,,123.42780965907659,0.009300158
IS,아이슬란드,2025-09-01,3598491,,,-61.3072057485475,0.003598491
IS,아이슬란드,2025-10-01,1011391,,,-71.89402446747818,0.001011391
IS,아이슬란드,2025-11-01,3776389,,,273.3856639024867,0.003776389
IS,아이슬란드,2025-12-01,6321379,,,67.39215689909064,0.006321379
IS,아이슬란드,2026-01-01,6730876,4080380.0,64.95708733010161,6.477969443059806,0.006730876
IS,아이슬란드,2026-02-01,4695136,8050825.0,-41.681305953116606,-30.244800231054626,0.004695136
IS,아이슬란드,2026-03-01,6258080,8822605.0,-29.067661988721017,33.28857779625554,0.00625808
IS,아이슬란드,2026-04-01,14631629,4379700.0,234.07833869899767,133.80380244420013,0.014631629
IS,아이슬란드,2026-05-01,4072191,1157959.0,251.66970505864197,-72.16857398448252,0.004072191
IS,아이슬란드,2026-06-01,2489439,2945118.0,-15.472351192719614,-38.86733210696649,0.002489439
IS,아이슬란드,2026-07-01,2648888,4162489.0,-36.3628828808917,6.405017355315801,0.002648888
HT,아이티,2025-01-01,1272981,,,,0.001272981
HT,아이티,2025-02-01,1308510,,,2.791007878357954,0.00130851
HT,아이티,2025-03-01,1007830,,,-22.978807957142088,0.00100783
HT,아이티,2025-04-01,1219207,,,20.97347766984512,0.001219207
HT,아이티,2025-05-01,1464504,,,20.119389078310746,0.001464504
HT,아이티,2025-06-01,1257710,,,-14.120412098567158,0.00125771
HT,아이티,2025-07-01,3071619,,,144.2231516009255,0.003071619
HT,아이티,2025-08-01,2093427,,,-31.8461371674026,0.002093427
HT,아이티,2025-09-01,1965422,,,-6.11461493522344,0.001965422
HT,아이티,2025-10-01,412878,,,-78.99290839321021,0.000412878
HT,아이티,2025-11-01,864125,,,109.29305993538043,0.000864125
HT,아이티,2025-12-01,802741,,,-7.103601909445967,0.000802741
HT,아이티,2026-01-01,1363988,1272981.0,7.149124770911741,69.91632419422953,0.001363988
HT,아이티,2026-02-01,2039569,1308510.0,55.869576846948064,49.52983457332469,0.002039569
HT,아이티,2026-03-01,3122440,1007830.0,209.81812408838795,53.093128989507086,0.00312244
HT,아이티,2026-04-01,2101950,1219207.0,72.4030455861884,-32.68245346587925,0.00210195
HT,아이티,2026-05-01,961761,1464504.0,-34.328550826764555,-54.24434453721545,0.000961761
HT,아이티,2026-06-01,1399803,1257710.0,11.297755444418822,45.54582687382831,0.001399803
HT,아이티,2026-07-01,1028438,3071619.0,-66.51804797404887,-26.52980455106897,0.001028438
IE,아일랜드,2025-01-01,76335641,,,,0.076335641
IE,아일랜드,2025-02-01,88660355,,,16.145425437640593,0.088660355
IE,아일랜드,2025-03-01,113498151,,,28.01454607304472,0.113498151
IE,아일랜드,2025-04-01,121003378,,,6.612642526661072,0.121003378
IE,아일랜드,2025-05-01,86903865,,,-28.180628973845668,0.086903865
IE,아일랜드,2025-06-01,50927449,,,-41.39794703031908,0.050927449
IE,아일랜드,2025-07-01,45103207,,,-11.436351347580754,0.045103207
IE,아일랜드,2025-08-01,152666329,,,238.48220371558057,0.152666329
IE,아일랜드,2025-09-01,206098005,,,34.99899182091421,0.206098005
IE,아일랜드,2025-10-01,44209087,,,-78.5494832907286,0.044209087
IE,아일랜드,2025-11-01,63990886,,,44.74600210585666,0.063990886
IE,아일랜드,2025-12-01,92870369,,,45.13061906972189,0.092870369
IE,아일랜드,2026-01-01,85475760,76335641.0,11.973593042861852,-7.96229096494706,0.08547576
IE,아일랜드,2026-02-01,81523334,88660355.0,-8.049844826360097,-4.624031421305874,0.081523334
IE,아일랜드,2026-03-01,108113649,113498151.0,-4.744131911012362,32.616814959996596,0.108113649
IE,아일랜드,2026-04-01,194575348,121003378.0,60.80158357231977,79.97297270023695,0.194575348
IE,아일랜드,2026-05-01,212965257,86903865.0,145.0584413017764,9.451304694570052,0.212965257
IE,아일랜드,2026-06-01,269593686,50927449.0,429.36813308673675,26.59045414154102,0.269593686
IE,아일랜드,2026-07-01,215096650,45103207.0,376.8987934716039,-20.21450754599646,0.21509665
AZ,아제르바이잔,2025-01-01,11039680,,,,0.01103968
AZ,아제르바이잔,2025-02-01,14455587,,,30.94208346618743,0.014455587
AZ,아제르바이잔,2025-03-01,18366644,,,27.05567750379143,0.018366644
AZ,아제르바이잔,2025-04-01,17776478,,,-3.21324897460854,0.017776478
AZ,아제르바이잔,2025-05-01,15468822,,,-12.981514110950432,0.015468822
AZ,아제르바이잔,2025-06-01,9484455,,,-38.686636900987025,0.009484455
AZ,아제르바이잔,2025-07-01,8962752,,,-5.500611263377808,0.008962752
AZ,아제르바이잔,2025-08-01,7761749,,,-13.399935644766249,0.007761749
AZ,아제르바이잔,2025-09-01,12899848,,,66.19769590590987,0.012899848
AZ,아제르바이잔,2025-10-01,8458569,,,-34.428925054000636,0.008458569
AZ,아제르바이잔,2025-11-01,9685341,,,14.503304282320094,0.009685341
AZ,아제르바이잔,2025-12-01,11001110,,,13.585159262848867,0.01100111
AZ,아제르바이잔,2026-01-01,12654700,11039680.0,14.629228383431414,15.0311195870235,0.0126547
AZ,아제르바이잔,2026-02-01,12666052,14455587.0,-12.379538790088562,0.0897058010067342,0.012666052
AZ,아제르바이잔,2026-03-01,19271151,18366644.0,4.9247265858694655,52.14804897374494,0.019271151
AZ,아제르바이잔,2026-04-01,13759715,17776478.0,-22.595943920949924,-28.599412666114233,0.013759715
AZ,아제르바이잔,2026-05-01,15583263,15468822.0,0.7398171625479844,13.252803564608717,0.015583263
AZ,아제르바이잔,2026-06-01,19948927,9484455.0,110.33287626964335,28.015082592137475,0.019948927
AZ,아제르바이잔,2026-07-01,14543307,8962752.0,62.263856012081995,-27.09729701251601,0.014543307
AF,아프카니스탄,2025-01-01,2427495,,,,0.002427495
AF,아프카니스탄,2025-02-01,1533334,,,-36.83472056585081,0.001533334
AF,아프카니스탄,2025-03-01,4935682,,,221.8921643947111,0.004935682
AF,아프카니스탄,2025-04-01,4129297,,,-16.33786374405807,0.004129297
AF,아프카니스탄,2025-05-01,4098767,,,-0.7393510323912333,0.004098767
AF,아프카니스탄,2025-06-01,4916950,,,19.961686038752635,0.00491695
AF,아프카니스탄,2025-07-01,4252798,,,-13.507397878766303,0.004252798
AF,아프카니스탄,2025-08-01,2402709,,,-43.5028656428074,0.002402709
AF,아프카니스탄,2025-09-01,3922637,,,63.25892981630319,0.003922637
AF,아프카니스탄,2025-10-01,3534905,,,-9.884473123564586,0.003534905
AF,아프카니스탄,2025-11-01,3219795,,,-8.914242391238236,0.003219795
AF,아프카니스탄,2025-12-01,3261479,,,1.294616582732755,0.003261479
AF,아프카니스탄,2026-01-01,3510342,2427495.0,44.607589305024305,7.630372600896718,0.003510342
AF,아프카니스탄,2026-02-01,4166497,1533334.0,171.7279470748056,18.69205336687991,0.004166497
AF,아프카니스탄,2026-03-01,4187050,4935682.0,-15.167751893254067,0.49329208685378045,0.00418705
AF,아프카니스탄,2026-04-01,3687109,4129297.0,-10.708554022633876,-11.940172675272564,0.003687109
AF,아프카니스탄,2026-05-01,3024006,4098767.0,-26.221568583918042,-17.984361189213548,0.003024006
AF,아프카니스탄,2026-06-01,2333948,4916950.0,-52.532606595552124,-22.819333030423884,0.002333948
AF,아프카니스탄,2026-07-01,2925634,4252798.0,-31.20684311834232,25.351293173626832,0.002925634
AD,안도라,2025-01-01,0,,,,0.0
AD,안도라,2025-02-01,31818,,,inf,3.1818e-05
AD,안도라,2025-03-01,1107,,,-96.52083726192721,1.107e-06
AD,안도라,2025-04-01,5384,,,386.3595302619693,5.384e-06
AD,안도라,2025-05-01,6793,,,26.170133729569088,6.793e-06
AD,안도라,2025-06-01,3679,,,-45.841307228028846,3.679e-06
AD,안도라,2025-07-01,130,,,-96.46643109540636,1.3e-07
AD,안도라,2025-08-01,56798,,,43590.76923076923,5.6798e-05
AD,안도라,2025-09-01,12600,,,-77.81612028592556,1.26e-05
AD,안도라,2025-10-01,668,,,-94.69841269841271,6.68e-07
AD,안도라,2025-11-01,8731,,,1207.0359281437127,8.731e-06
AD,안도라,2025-12-01,22136,,,153.5333867827282,2.2136e-05
AD,안도라,2026-01-01,3825,0.0,inf,-82.72045536682327,3.825e-06
AD,안도라,2026-02-01,1783,31818.0,-94.39625369287825,-53.385620915032675,1.783e-06
AD,안도라,2026-03-01,148614,1107.0,13324.932249322492,8235.0532809871,0.000148614
AD,안도라,2026-04-01,5277,5384.0,-1.987369985141163,-96.44919052040858,5.277e-06
AD,안도라,2026-05-01,2080,6793.0,-69.3802443692036,-60.583664961152174,2.08e-06
AD,안도라,2026-06-01,8307,3679.0,125.79505300353358,299.375,8.307e-06
AD,안도라,2026-07-01,14177,130.0,10805.384615384615,70.66329601540869,1.4177e-05
AQ,안타티카,2025-03-01,0,,,,0.0
AQ,안타티카,2025-04-01,0,,,,0.0
AQ,안타티카,2025-09-01,0,,,,0.0
AQ,안타티카,2025-10-01,1502550,,,inf,0.00150255
AQ,안타티카,2026-01-01,88902,,,-94.08325846061695,8.8902e-05
AQ,안타티카,2026-03-01,0,,,-100.0,0.0
AQ,안타티카,2026-04-01,0,,,,0.0
AQ,안타티카,2026-05-01,0,,,,0.0
AQ,안타티카,2026-06-01,0,,,,0.0
AG,안티가 바부다,2025-01-01,275187,,,,0.000275187
AG,안티가 바부다,2025-02-01,513253,,,86.51062731887771,0.000513253
AG,안티가 바부다,2025-03-01,491739,,,-4.191694934077351,0.000491739
AG,안티가 바부다,2025-04-01,556432,,,13.155962817673593,0.000556432
AG,안티가 바부다,2025-05-01,102365,,,-81.60332259826897,0.000102365
AG,안티가 바부다,2025-06-01,566733,,,453.63942753870947,0.000566733
AG,안티가 바부다,2025-07-01,23338,,,-95.88201145865867,2.3338e-05
AG,안티가 바부다,2025-08-01,18971,,,-18.71197189133602,1.8971e-05
AG,안티가 바부다,2025-09-01,13256,,,-30.124927520953037,1.3256e-05
AG,안티가 바부다,2025-10-01,222459,,,1578.17592033796,0.000222459
AG,안티가 바부다,2025-11-01,83495,,,-62.467241154549825,8.3495e-05
AG,안티가 바부다,2025-12-01,1118,,,-98.66099766453081,1.118e-06
AG,안티가 바부다,2026-01-01,23414,275187.0,-91.49160389117219,1994.2754919499105,2.3414e-05
AG,안티가 바부다,2026-02-01,47373,513253.0,-90.77004907910913,102.32766720765353,4.7373e-05
AG,안티가 바부다,2026-03-01,52620,491739.0,-89.29920140562372,11.075929326831746,5.262e-05
AG,안티가 바부다,2026-04-01,133142,556432.0,-76.07218851539811,153.02546560243252,0.000133142
AG,안티가 바부다,2026-05-01,577899,102365.0,464.54745274263666,334.0471075994051,0.000577899
AG,안티가 바부다,2026-06-01,71101,566733.0,-87.45423329857269,-87.69663903208,7.1101e-05
AG,안티가 바부다,2026-07-01,275657,23338.0,1081.150912674608,287.69778202838216,0.000275657
AL,알바니아,2025-01-01,14910996,,,,0.014910996
AL,알바니아,2025-02-01,22215699,,,48.988699346442054,0.022215699
AL,알바니아,2025-03-01,21353523,,,-3.880931227957307,0.021353523
AL,알바니아,2025-04-01,31176479,,,46.001570794664644,0.031176479
AL,알바니아,2025-05-01,31867885,,,2.2177167601254766,0.031867885
AL,알바니아,2025-06-01,27452040,,,-13.856724410797893,0.02745204
AL,알바니아,2025-07-01,31835316,,,15.967031958280685,0.031835316
AL,알바니아,2025-08-01,31412117,,,-1.3293381476094046,0.031412117
AL,알바니아,2025-09-01,37433067,,,19.16760338056809,0.037433067
AL,알바니아,2025-10-01,38478534,,,2.792896985972315,0.038478534
AL,알바니아,2025-11-01,34451752,,,-10.465008880016057,0.034451752
AL,알바니아,2025-12-01,34949606,,,1.4450760007792995,0.034949606
AL,알바니아,2026-01-01,34061078,14910996.0,128.42926119757524,-2.5423119219140866,0.034061078
AL,알바니아,2026-02-01,32810401,22215699.0,47.69015820749101,-3.6718655821756485,0.032810401
AL,알바니아,2026-03-01,40882039,21353523.0,91.45336813976786,24.600851419036296,0.040882039
AL,알바니아,2026-04-01,43476388,31176479.0,39.452527657148195,6.345938371615967,0.043476388
AL,알바니아,2026-05-01,34671508,31867885.0,8.79764377209218,-20.25209637930363,0.034671508
AL,알바니아,2026-06-01,37691383,27452040.0,37.29902404338621,8.70996150499137,0.037691383
AL,알바니아,2026-07-01,41841642,31835316.0,31.431527175668684,11.011161357491183,0.041841642
DZ,알제리,2025-01-01,20215696,,,,0.020215696
DZ,알제리,2025-02-01,33668613,,,66.54689009965327,0.033668613
DZ,알제리,2025-03-01,29262729,,,-13.086027630541242,0.029262729
DZ,알제리,2025-04-01,54754955,,,87.11499874123155,0.054754955
DZ,알제리,2025-05-01,23791612,,,-56.54893333397864,0.023791612
DZ,알제리,2025-06-01,38286083,,,60.92261003583952,0.038286083
DZ,알제리,2025-07-01,37282337,,,-2.6216993783354625,0.037282337
DZ,알제리,2025-08-01,20043325,,,-46.23908635341181,0.020043325
DZ,알제리,2025-09-01,36014807,,,79.68479281755896,0.036014807
DZ,알제리,2025-10-01,22886882,,,-36.45146564300622,0.022886882
DZ,알제리,2025-11-01,37422085,,,63.50888251182489,0.037422085
DZ,알제리,2025-12-01,30040246,,,-19.725889137390396,0.030040246
DZ,알제리,2026-01-01,36658986,20215696.0,81.33922275048062,22.032908785101156,0.036658986
DZ,알제리,2026-02-01,29298215,33668613.0,-12.98062976339417,-20.079036010434116,0.029298215
DZ,알제리,2026-03-01,33090910,29262729.0,13.082105226754482,12.94514017321533,0.03309091
DZ,알제리,2026-04-01,42502991,54754955.0,-22.37599136005134,28.443101141673054,0.042502991
DZ,알제리,2026-05-01,35375604,23791612.0,48.68939523727942,-16.769142199898358,0.035375604
DZ,알제리,2026-06-01,40320125,38286083.0,5.312745103749572,13.977205873290522,0.040320125
DZ,알제리,2026-07-01,52237099,37282337.0,40.11219039192741,29.555895474034365,0.052237099
AO,앙골라,2025-01-01,78319777,,,,0.078319777
AO,앙골라,2025-02-01,3354132,,,-95.71738821472896,0.003354132
AO,앙골라,2025-03-01,67259028,,,1905.258827022908,0.067259028
AO,앙골라,2025-04-01,69070779,,,2.6936919159759487,0.069070779
AO,앙골라,2025-05-01,62442046,,,-9.597014969239016,0.062442046
AO,앙골라,2025-06-01,69567645,,,11.411539910143231,0.069567645
AO,앙골라,2025-07-01,70658899,,,1.5686228849632666,0.070658899
AO,앙골라,2025-08-01,78036213,,,10.440742927511515,0.078036213
AO,앙골라,2025-09-01,68150393,,,-12.668246727964616,0.068150393
AO,앙골라,2025-10-01,29425038,,,-56.82337737949654,0.029425038
AO,앙골라,2025-11-01,2627137,,,-91.07176344173286,0.002627137
AO,앙골라,2025-12-01,4722682,,,79.76534912339935,0.004722682
AO,앙골라,2026-01-01,64617074,78319777.0,-17.495840163079112,1268.228349907955,0.064617074
AO,앙골라,2026-02-01,68723193,3354132.0,1948.9114024135006,6.354541835181204,0.068723193
AO,앙골라,2026-03-01,4150405,67259028.0,-93.82922245025604,-93.960692425918,0.004150405
AO,앙골라,2026-04-01,11120925,69070779.0,-83.89923327779465,167.9479472485215,0.011120925
AO,앙골라,2026-05-01,10719676,62442046.0,-82.83259968771684,-3.608054186140097,0.010719676
AO,앙골라,2026-06-01,3583736,69567645.0,-94.84855926918326,-66.56861643952672,0.003583736
AO,앙골라,2026-07-01,109589387,70658899.0,55.09636939007498,2957.9648445086355,0.109589387
AI,앙귈라,2025-01-01,1160,,,,1.16e-06
AI,앙귈라,2025-02-01,6904,,,495.17241379310343,6.904e-06
AI,앙귈라,2025-03-01,25000,,,262.10892236384706,2.5e-05
AI,앙귈라,2025-04-01,234814,,,839.256,0.000234814
AI,앙귈라,2025-05-01,1500,,,-99.36119652150212,1.5e-06
AI,앙귈라,2025-06-01,190,,,-87.33333333333333,1.9e-07
AI,앙귈라,2025-07-01,112,,,-41.05263157894738,1.12e-07
AI,앙귈라,2025-08-01,104,,,-7.14285714285714,1.04e-07
AI,앙귈라,2025-09-01,3437,,,3204.807692307692,3.437e-06
AI,앙귈라,2025-10-01,937835,,,27186.441664242073,0.000937835
AI,앙귈라,2025-12-01,7050,,,-99.24826861868026,7.05e-06
AI,앙귈라,2026-01-01,36575,,,418.79432624113474,3.6575e-05
AI,앙귈라,2026-02-01,903,1160.0,-22.1551724137931,-97.5311004784689,9.03e-07
AI,앙귈라,2026-03-01,47302,6904.0,585.1390498261877,5138.316722037652,4.7302e-05
AI,앙귈라,2026-04-01,3206,25000.0,-87.176,-93.2222738996237,3.206e-06
AI,앙귈라,2026-05-01,4500,234814.0,-98.08358956450638,40.36182158452901,4.5e-06
AI,앙귈라,2026-06-01,8800,1500.0,486.66666666666663,95.55555555555554,8.8e-06
AI,앙귈라,2026-07-01,5705,190.0,2902.6315789473683,-35.17045454545455,5.705e-06
ER,에리트리아,2025-01-01,1084,,,,1.084e-06
ER,에리트리아,2025-02-01,1,,,-99.90774907749078,1e-09
ER,에리트리아,2025-04-01,30274,,,3027300.0,3.0274e-05
ER,에리트리아,2025-05-01,64000,,,111.4025236176257,6.4e-05
ER,에리트리아,2025-06-01,6069578,,,9383.715625,0.006069578
ER,에리트리아,2025-07-01,35010,,,-99.4231888938572,3.501e-05
ER,에리트리아,2025-08-01,0,,,-100.0,0.0
ER,에리트리아,2025-09-01,285000,,,inf,0.000285
ER,에리트리아,2025-10-01,2350,,,-99.17543859649123,2.35e-06
ER,에리트리아,2025-11-01,757342,,,32127.31914893617,0.000757342
ER,에리트리아,2025-12-01,1629068,,,115.1033482891481,0.001629068
ER,에리트리아,2026-02-01,25172,,,-98.45482202093467,2.5172e-05
ER,에리트리아,2026-04-01,6050880,1084.0,558099.26199262,23938.13761322104,0.00605088
ER,에리트리아,2026-05-01,462250,1.0,46224900.0,-92.36061531545825,0.00046225
ER,에리트리아,2026-06-01,15672,30274.0,-48.23280702913391,-96.60962682531098,1.5672e-05
EE,에스토니아,2025-01-01,7672612,,,,0.007672612
EE,에스토니아,2025-02-01,7525572,,,-1.916426896081802,0.007525572
EE,에스토니아,2025-03-01,9676065,,,28.5758079252979,0.009676065
EE,에스토니아,2025-04-01,10506153,,,8.578776599785144,0.010506153
EE,에스토니아,2025-05-01,12514532,,,19.116216944489572,0.012514532
EE,에스토니아,2025-06-01,16758010,,,33.908403446489245,0.01675801
EE,에스토니아,2025-07-01,16524511,,,-1.3933575645318275,0.016524511
EE,에스토니아,2025-08-01,9341864,,,-43.46662361143395,0.009341864
EE,에스토니아,2025-09-01,31418780,,,236.32238705251973,0.03141878
EE,에스토니아,2025-10-01,10759379,,,-65.75494338099696,0.010759379
EE,에스토니아,2025-11-01,9730932,,,-9.558609284048824,0.009730932
EE,에스토니아,2025-12-01,15594918,,,60.261298712189124,0.015594918
EE,에스토니아,2026-01-01,16884986,7672612.0,120.06828965155543,8.272361547524643,0.016884986
EE,에스토니아,2026-02-01,16869455,7525572.0,124.16176471369882,-0.09198112453276952,0.016869455
EE,에스토니아,2026-03-01,18482579,9676065.0,91.01338198947609,9.562395465650786,0.018482579
EE,에스토니아,2026-04-01,18438024,10506153.0,75.49738710258647,-0.24106484273650475,0.018438024
EE,에스토니아,2026-05-01,29702207,12514532.0,137.3417319960507,61.092137639044175,0.029702207
EE,에스토니아,2026-06-01,28552097,16758010.0,70.3788039271966,-3.8721365048731915,0.028552097
EE,에스토니아,2026-07-01,28929370,16524511.0,75.06944683567338,1.3213495316998891,0.02892937
EC,에쿠아도르,2025-01-01,20629980,,,,0.02062998
EC,에쿠아도르,2025-02-01,32766776,,,58.83086653501361,0.032766776
EC,에쿠아도르,2025-03-01,28436950,,,-13.214073914382052,0.02843695
EC,에쿠아도르,2025-04-01,32935113,,,15.818021974930495,0.032935113
EC,에쿠아도르,2025-05-01,25396811,,,-22.888344120756464,0.025396811
EC,에쿠아도르,2025-06-01,29372373,,,15.653784248738955,0.029372373
EC,에쿠아도르,2025-07-01,68376142,,,132.79066352589214,0.068376142
EC,에쿠아도르,2025-08-01,42466988,,,-37.89209692468464,0.042466988
EC,에쿠아도르,2025-09-01,47115287,,,10.945676203831557,0.047115287
EC,에쿠아도르,2025-10-01,33648766,,,-28.582062972470055,0.033648766
EC,에쿠아도르,2025-11-01,47592002,,,41.437584962253894,0.047592002
EC,에쿠아도르,2025-12-01,44222573,,,-7.0798219415102555,0.044222573
EC,에쿠아도르,2026-01-01,32164020,20629980.0,55.909118670982714,-27.26786838025006,0.03216402
EC,에쿠아도르,2026-02-01,34401408,32766776.0,4.988687321572316,6.956182715966475,0.034401408
EC,에쿠아도르,2026-03-01,42488699,28436950.0,49.413699429791166,23.508604647809772,0.042488699
EC,에쿠아도르,2026-04-01,23934247,32935113.0,-27.329087955459574,-43.6691460004459,0.023934247
EC,에쿠아도르,2026-05-01,22831362,25396811.0,-10.101461163765801,-4.607978684267778,0.022831362
EC,에쿠아도르,2026-06-01,54281494,29372373.0,84.80459171616812,137.74969710523618,0.054281494
EC,에쿠아도르,2026-07-01,49779070,68376142.0,-27.19818851435052,-8.294583785774211,0.04977907
ET,에티오피아,2025-01-01,8576826,,,,0.008576826
ET,에티오피아,2025-02-01,8676032,,,1.1566749751015015,0.008676032
ET,에티오피아,2025-03-01,9959914,,,14.798032095778346,0.009959914
ET,에티오피아,2025-04-01,13883367,,,39.39243852908769,0.013883367
ET,에티오피아,2025-05-01,8329673,,,-40.00250083427168,0.008329673
ET,에티오피아,2025-06-01,13292369,,,59.578521269682504,0.013292369
ET,에티오피아,2025-07-01,22946895,,,72.63209439942571,0.022946895
ET,에티오피아,2025-08-01,14818849,,,-35.42111470854772,0.014818849
ET,에티오피아,2025-09-01,18267443,,,23.27167244905457,0.018267443
ET,에티오피아,2025-10-01,17250884,,,-5.564867507729465,0.017250884
ET,에티오피아,2025-11-01,21936412,,,27.161089252005866,0.021936412
ET,에티오피아,2025-12-01,19371712,,,-11.691520017038338,0.019371712
ET,에티오피아,2026-01-01,9606040,8576826.0,11.999940304257084,-50.41202347009908,0.00960604
ET,에티오피아,2026-02-01,20430503,8676032.0,135.48210748876906,112.68392594659193,0.020430503
ET,에티오피아,2026-03-01,32208116,9959914.0,223.3774508494752,57.64720036506199,0.032208116
ET,에티오피아,2026-04-01,15484435,13883367.0,11.532274555588717,-51.923810135308756,0.015484435
ET,에티오피아,2026-05-01,22407209,8329673.0,169.00466560932225,44.70795350298542,0.022407209
ET,에티오피아,2026-06-01,14629521,13292369.0,10.059546195264367,-34.71065048752837,0.014629521
ET,에티오피아,2026-07-01,5775402,22946895.0,-74.83144451569592,-60.52227547299738,0.005775402
SV,엘살바도르,2025-01-01,21022855,,,,0.021022855
SV,엘살바도르,2025-02-01,17895215,,,-14.87733231285665,0.017895215
SV,엘살바도르,2025-03-01,20122142,,,12.444259540888435,0.020122142
SV,엘살바도르,2025-04-01,21357754,,,6.140558992178868,0.021357754
SV,엘살바도르,2025-05-01,21146498,,,-0.9891302240862987,0.021146498
SV,엘살바도르,2025-06-01,14379747,,,-31.99939299641955,0.014379747
SV,엘살바도르,2025-07-01,20944689,,,45.65408556909938,0.020944689
SV,엘살바도르,2025-08-01,23269215,,,11.098403036683901,0.023269215
SV,엘살바도르,2025-09-01,26205763,,,12.619884254797586,0.026205763
SV,엘살바도르,2025-10-01,21217223,,,-19.036041805002966,0.021217223
SV,엘살바도르,2025-11-01,25785273,,,21.529914635859736,0.025785273
SV,엘살바도르,2025-12-01,29743445,,,15.350514225697754,0.029743445
SV,엘살바도르,2026-01-01,28979298,21022855.0,37.84663405612605,-2.5691274161416033,0.028979298
SV,엘살바도르,2026-02-01,24256670,17895215.0,35.548357479918515,-16.29655763227943,0.02425667
SV,엘살바도르,2026-03-01,28271239,20122142.0,40.49815869503357,16.55037150606411,0.028271239
SV,엘살바도르,2026-04-01,24398544,21357754.0,14.2374053002015,-13.69835612793624,0.024398544
SV,엘살바도르,2026-05-01,23512402,21146498.0,11.18815985512116,-3.631946234168726,0.023512402
SV,엘살바도르,2026-06-01,25767675,14379747.0,79.19421669936196,9.591844338149723,0.025767675
SV,엘살바도르,2026-07-01,33293857,20944689.0,58.960856377480695,29.20784277200019,0.033293857
GB,영국,2025-01-01,556946982,,,,0.556946982
GB,영국,2025-02-01,481862923,,,-13.481365628443243,0.481862923
GB,영국,2025-03-01,504706939,,,4.740770644434922,0.504706939
GB,영국,2025-04-01,588904632,,,16.682491658788145,0.588904632
GB,영국,2025-05-01,605684116,,,2.8492701684166732,0.605684116
GB,영국,2025-06-01,608660835,,,0.4914639366240259,0.608660835
GB,영국,2025-07-01,719584021,,,18.22413725699963,0.719584021
GB,영국,2025-08-01,644020969,,,-10.500935234080188,0.644020969
GB,영국,2025-09-01,758366440,,,17.754929808814968,0.75836644
GB,영국,2025-10-01,483667504,,,-36.222454147628156,0.483667504
GB,영국,2025-11-01,618440146,,,27.864729568435088,0.618440146
GB,영국,2025-12-01,598290546,,,-3.2581325986557164,0.598290546
GB,영국,2026-01-01,736185758,556946982.0,32.18237674192119,23.04820173441282,0.736185758
GB,영국,2026-02-01,574860508,481862923.0,19.29959342399954,-21.91366081819801,0.574860508
GB,영국,2026-03-01,665551259,504706939.0,31.868854491814314,15.776131728986332,0.665551259
GB,영국,2026-04-01,732061206,588904632.0,24.30895704009337,9.993211807597223,0.732061206
GB,영국,2026-05-01,568289102,605684116.0,-6.174012659760752,-22.37136767495913,0.568289102
GB,영국,2026-06-01,735552113,608660835.0,20.847616719087902,29.43273246158431,0.735552113
GB,영국,2026-07-01,902380572,719584021.0,25.403086459030753,22.680712358989584,0.902380572
VG,영령 버진군도,2025-01-01,162401,,,,0.000162401
VG,영령 버진군도,2025-02-01,426038,,,162.3370545747871,0.000426038
VG,영령 버진군도,2025-03-01,222935,,,-47.672508086133156,0.000222935
VG,영령 버진군도,2025-04-01,310809,,,39.41687038822976,0.000310809
VG,영령 버진군도,2025-05-01,295838,,,-4.816784584744971,0.000295838
VG,영령 버진군도,2025-06-01,387397,,,30.949032916663842,0.000387397
VG,영령 버진군도,2025-07-01,48873,,,-87.38425955802445,4.8873e-05
VG,영령 버진군도,2025-08-01,226343,,,363.1248337527879,0.000226343
VG,영령 버진군도,2025-09-01,469887,,,107.599528149755,0.000469887
VG,영령 버진군도,2025-10-01,592847,,,26.167993581435532,0.000592847
VG,영령 버진군도,2025-11-01,151492,,,-74.44669535310122,0.000151492
VG,영령 버진군도,2025-12-01,344133,,,127.16249042853747,0.000344133
VG,영령 버진군도,2026-01-01,88021,162401.0,-45.80021058983627,-74.42238901819935,8.8021e-05
VG,영령 버진군도,2026-02-01,87055,426038.0,-79.56637670818097,-1.0974653775803533,8.7055e-05
VG,영령 버진군도,2026-03-01,103629,222935.0,-53.516047278354684,19.038538854747,0.000103629
VG,영령 버진군도,2026-04-01,347182,310809.0,11.702685572168114,235.02397977400148,0.000347182
VG,영령 버진군도,2026-05-01,270562,295838.0,-8.543865223534496,-22.069116486453787,0.000270562
VG,영령 버진군도,2026-06-01,39626,387397.0,-89.77121660725302,-85.35418868872938,3.9626e-05
VG,영령 버진군도,2026-07-01,187267,48873.0,283.17066683035625,372.58618079039013,0.000187267
IO,영령 인도양,2025-01-01,0,,,,0.0
IO,영령 인도양,2025-02-01,0,,,,0.0
IO,영령 인도양,2025-06-01,0,,,,0.0
IO,영령 인도양,2025-08-01,0,,,,0.0
IO,영령 인도양,2025-09-01,0,,,,0.0
IO,영령 인도양,2026-05-01,0,,,,0.0
KY,영령 캐이맨 군도,2025-01-01,240809,,,,0.000240809
KY,영령 캐이맨 군도,2025-02-01,719063,,,198.6030422450988,0.000719063
KY,영령 캐이맨 군도,2025-03-01,616589,,,-14.251046153118708,0.000616589
KY,영령 캐이맨 군도,2025-04-01,290195,,,-52.93542375877611,0.000290195
KY,영령 캐이맨 군도,2025-05-01,549454,,,89.3395820052034,0.000549454
KY,영령 캐이맨 군도,2025-06-01,1007448,,,83.35438453446513,0.001007448
KY,영령 캐이맨 군도,2025-07-01,1008762,,,0.13042856802534253,0.001008762
KY,영령 캐이맨 군도,2025-08-01,1375589,,,36.36407794901078,0.001375589
KY,영령 캐이맨 군도,2025-09-01,637310,,,-53.67002789350599,0.00063731
KY,영령 캐이맨 군도,2025-10-01,480842,,,-24.551317255338844,0.000480842
KY,영령 캐이맨 군도,2025-11-01,1075416,,,123.65267593097107,0.001075416
KY,영령 캐이맨 군도,2025-12-01,368732,,,-65.71261725694987,0.000368732
KY,영령 캐이맨 군도,2026-01-01,865896,240809.0,259.5779227520566,134.83071716043088,0.000865896
KY,영령 캐이맨 군도,2026-02-01,487299,719063.0,-32.23139001728639,-43.72314920036586,0.000487299
KY,영령 캐이맨 군도,2026-03-01,497092,616589.0,-19.380332766234886,2.009649106606015,0.000497092
KY,영령 캐이맨 군도,2026-04-01,712492,290195.0,145.52180430400247,43.33201902263566,0.000712492
KY,영령 캐이맨 군도,2026-05-01,824375,549454.0,50.035307778267146,15.703053507969212,0.000824375
KY,영령 캐이맨 군도,2026-06-01,96281,1007448.0,-90.44307994060239,-88.32072782410918,9.6281e-05
KY,영령 캐이맨 군도,2026-07-01,1447988,1008762.0,43.54109294362794,1403.9187378610527,0.001447988
YE,예맨,2025-01-01,3125394,,,,0.003125394
YE,예맨,2025-02-01,5209809,,,66.69287136277858,0.005209809
YE,예맨,2025-03-01,4892391,,,-6.09269936767356,0.004892391
YE,예맨,2025-04-01,3740001,,,-23.55474041220336,0.003740001
YE,예맨,2025-05-01,3572321,,,-4.483421261117315,0.003572321
YE,예맨,2025-06-01,4996873,,,39.877491412445856,0.004996873
YE,예맨,2025-07-01,3343601,,,-33.0861320669947,0.003343601
YE,예맨,2025-08-01,2798520,,,-16.30221428932459,0.00279852
YE,예맨,2025-09-01,14947220,,,434.1116018466904,0.01494722
YE,예맨,2025-10-01,4152385,,,-72.21968366023917,0.004152385
YE,예맨,2025-11-01,7359535,,,77.23633526274658,0.007359535
YE,예맨,2025-12-01,6220646,,,-15.475013027317619,0.006220646
YE,예맨,2026-01-01,3245883,3125394.0,3.85516194118245,-47.82080510609348,0.003245883
YE,예맨,2026-02-01,2908901,5209809.0,-44.164920441421174,-10.381828303731222,0.002908901
YE,예맨,2026-03-01,2048644,4892391.0,-58.125914302434126,-29.57326495470283,0.002048644
YE,예맨,2026-04-01,4250427,3740001.0,13.647750361564071,107.47513965335118,0.004250427
YE,예맨,2026-05-01,7984034,3572321.0,123.49710454351666,87.84075105865834,0.007984034
YE,예맨,2026-06-01,4534864,4996873.0,-9.245962424900533,-43.20084308258206,0.004534864
YE,예맨,2026-07-01,3506480,3343601.0,4.871364735206152,-22.67728425813872,0.00350648
OM,오만,2025-01-01,65013103,,,,0.065013103
OM,오만,2025-02-01,21099843,,,-67.5452454561352,0.021099843
OM,오만,2025-03-01,75519475,,,257.91486694948395,0.075519475
OM,오만,2025-04-01,33993405,,,-54.987233425550166,0.033993405
OM,오만,2025-05-01,50620594,,,48.91298473924574,0.050620594
OM,오만,2025-06-01,63096342,,,24.64559779760782,0.063096342
OM,오만,2025-07-01,37808008,,,-40.07892248333509,0.037808008
OM,오만,2025-08-01,50747675,,,34.2246727201285,0.050747675
OM,오만,2025-09-01,101451282,,,99.91316252419446,0.101451282
OM,오만,2025-10-01,48770366,,,-51.927304378470055,0.048770366
OM,오만,2025-11-01,53315585,,,9.319632745835872,0.053315585
OM,오만,2025-12-01,58641920,,,9.99020267713464,0.05864192
OM,오만,2026-01-01,41837649,65013103.0,-35.64735865630041,-28.65573125845812,0.041837649
OM,오만,2026-02-01,26677418,21099843.0,26.43420142984003,-36.23585780357782,0.026677418
OM,오만,2026-03-01,10050567,75519475.0,-86.69142363608857,-62.3255631410806,0.010050567
OM,오만,2026-04-01,30355658,33993405.0,-10.701331625943322,202.02930839623278,0.030355658
OM,오만,2026-05-01,37302615,50620594.0,-26.309408775408684,22.885213030137574,0.037302615
OM,오만,2026-06-01,38590788,63096342.0,-38.83831173604327,3.453304815225411,0.038590788
OM,오만,2026-07-01,87896495,37808008.0,132.4811584889635,127.76548382479258,0.087896495
AT,오스트리아,2025-01-01,62081514,,,,0.062081514
AT,오스트리아,2025-02-01,80398723,,,29.505093899610756,0.080398723
AT,오스트리아,2025-03-01,97352638,,,21.087293886496173,0.097352638
AT,오스트리아,2025-04-01,110208230,,,13.205180942297634,0.11020823
AT,오스트리아,2025-05-01,90307327,,,-18.05754706340896,0.090307327
AT,오스트리아,2025-06-01,94038550,,,4.13169465197436,0.09403855
AT,오스트리아,2025-07-01,98144305,,,4.366033929702229,0.098144305
AT,오스트리아,2025-08-01,102678285,,,4.619707684516183,0.102678285
AT,오스트리아,2025-09-01,118949852,,,15.847135545748547,0.118949852
AT,오스트리아,2025-10-01,107532452,,,-9.59849870178905,0.107532452
AT,오스트리아,2025-11-01,87946826,,,-18.213688645358893,0.087946826
AT,오스트리아,2025-12-01,73045726,,,-16.943306174574168,0.073045726
AT,오스트리아,2026-01-01,90828146,62081514.0,46.304656809754995,24.344230626169704,0.090828146
AT,오스트리아,2026-02-01,94732458,80398723.0,17.828311775548976,4.29857062148995,0.094732458
AT,오스트리아,2026-03-01,110238624,97352638.0,13.236401462485281,16.368377140599467,0.110238624
AT,오스트리아,2026-04-01,84556040,110208230.0,-23.27611104905686,-23.297264668325322,0.08455604
AT,오스트리아,2026-05-01,87263313,90307327.0,-3.3707276044168566,3.201749987345681,0.087263313
AT,오스트리아,2026-06-01,119869100,94038550.0,27.468043690592857,37.36482821824563,0.1198691
AT,오스트리아,2026-07-01,171926972,98144305.0,75.17773649729345,43.42893372854222,0.171926972
HN,온두라스,2025-01-01,11511870,,,,0.01151187
HN,온두라스,2025-02-01,9706595,,,-15.68185707448051,0.009706595
HN,온두라스,2025-03-01,9481707,,,-2.3168577652616595,0.009481707
HN,온두라스,2025-04-01,13688767,,,44.37028058344345,0.013688767
HN,온두라스,2025-05-01,11788568,,,-13.881447467109343,0.011788568
HN,온두라스,2025-06-01,12218800,,,3.649569650868534,0.0122188
HN,온두라스,2025-07-01,13268887,,,8.594027236717183,0.013268887
HN,온두라스,2025-08-01,12395594,,,-6.5815090595013785,0.012395594
HN,온두라스,2025-09-01,12876978,,,3.883508930673263,0.012876978
HN,온두라스,2025-10-01,10977336,,,-14.752234569322088,0.010977336
HN,온두라스,2025-11-01,13765330,,,25.397728556363774,0.01376533
HN,온두라스,2025-12-01,13675613,,,-0.6517606188881753,0.013675613
HN,온두라스,2026-01-01,16770904,11511870.0,45.68357703830917,22.633654520641965,0.016770904
HN,온두라스,2026-02-01,11195626,9706595.0,15.340405157524351,-33.24375358656874,0.011195626
HN,온두라스,2026-03-01,16491308,9481707.0,73.92762716671164,47.30134786567539,0.016491308
HN,온두라스,2026-04-01,13489348,13688767.0,-1.4568076145937803,-18.203286240242434,0.013489348
HN,온두라스,2026-05-01,11138650,11788568.0,-5.513120847247944,-17.426327795828232,0.01113865
HN,온두라스,2026-06-01,14722921,12218800.0,20.494001047566044,32.178684131380365,0.014722921
HN,온두라스,2026-07-01,13946225,13268887.0,5.10470848082436,-5.275420550038945,0.013946225
WF,왈라스 & 퓨투나 군도,2025-01-01,4,,,,4e-09
WF,왈라스 & 퓨투나 군도,2025-02-01,70,,,1650.0,7e-08
WF,왈라스 & 퓨투나 군도,2025-03-01,13467,,,19138.571428571428,1.3467e-05
WF,왈라스 & 퓨투나 군도,2025-09-01,0,,,-100.0,0.0
JO,요르단,2025-01-01,55723382,,,,0.055723382
JO,요르단,2025-02-01,60293368,,,8.201199991773645,0.060293368
JO,요르단,2025-03-01,47877279,,,-20.59279388738078,0.047877279
JO,요르단,2025-04-01,71251181,,,48.82044779528929,0.071251181
JO,요르단,2025-05-01,43232198,,,-39.32423660458344,0.043232198
JO,요르단,2025-06-01,42920931,,,-0.7199888379489705,0.042920931
JO,요르단,2025-07-01,53857451,,,25.480621564336523,0.053857451
JO,요르단,2025-08-01,46868722,,,-12.976345649926879,0.046868722
JO,요르단,2025-09-01,39485522,,,-15.752936467949773,0.039485522
JO,요르단,2025-10-01,22991638,,,-41.77197910667104,0.022991638
JO,요르단,2025-11-01,33678566,,,46.48180351482569,0.033678566
JO,요르단,2025-12-01,43432068,,,28.960562038181802,0.043432068
JO,요르단,2026-01-01,55068718,55723382.0,-1.1748461355055584,26.792760593393794,0.055068718
JO,요르단,2026-02-01,39072061,60293368.0,-35.19675165600303,-29.04853713863468,0.039072061
JO,요르단,2026-03-01,28605073,47877279.0,-40.253344389099475,-26.78893237804886,0.028605073
JO,요르단,2026-04-01,41514745,71251181.0,-41.73465700168535,45.130708109012694,0.041514745
JO,요르단,2026-05-01,51711277,43232198.0,19.612879733757694,24.56122999189807,0.051711277
JO,요르단,2026-06-01,59593099,42920931.0,38.843910445465404,15.241979036796938,0.059593099
JO,요르단,2026-07-01,50191889,53857451.0,-6.806044348441221,-15.775668924349784,0.050191889
UG,우간다,2025-01-01,623073,,,,0.000623073
UG,우간다,2025-02-01,2063586,,,231.1949001160378,0.002063586
UG,우간다,2025-03-01,1269104,,,-38.5000673584721,0.001269104
UG,우간다,2025-04-01,1769298,,,39.413160781149536,0.001769298
UG,우간다,2025-05-01,3144867,,,77.74659780319652,0.003144867
UG,우간다,2025-06-01,3427560,,,8.989028788816821,0.00342756
UG,우간다,2025-07-01,2314282,,,-32.48018998938021,0.002314282
UG,우간다,2025-08-01,3838282,,,65.85195754017876,0.003838282
UG,우간다,2025-09-01,3220753,,,-16.088682384462626,0.003220753
UG,우간다,2025-10-01,2572734,,,-20.120108558464434,0.002572734
UG,우간다,2025-11-01,1183307,,,-54.00585524970711,0.001183307
UG,우간다,2025-12-01,1577990,,,33.35423520692433,0.00157799
UG,우간다,2026-01-01,929871,623073.0,49.23949521163651,-41.072440256275385,0.000929871
UG,우간다,2026-02-01,1548412,2063586.0,-24.964988132309486,66.51901177690237,0.001548412
UG,우간다,2026-03-01,2733122,1269104.0,115.3583945838954,76.51129027674806,0.002733122
UG,우간다,2026-04-01,1386227,1769298.0,-21.651016391811893,-49.28045656212932,0.001386227
UG,우간다,2026-05-01,5210832,3144867.0,65.69323917354852,275.9003395547771,0.005210832
UG,우간다,2026-06-01,1448872,3427560.0,-57.728763318512286,-72.19499688341516,0.001448872
UG,우간다,2026-07-01,1178997,2314282.0,-49.05560342257339,-18.626559143940945,0.001178997
UY,우루과이,2025-01-01,10208189,,,,0.010208189
UY,우루과이,2025-02-01,11739751,,,15.003268454375206,0.011739751
UY,우루과이,2025-03-01,10581380,,,-9.867083211560445,0.01058138
UY,우루과이,2025-04-01,12262374,,,15.88633996699864,0.012262374
UY,우루과이,2025-05-01,12222422,,,-0.3258096678506184,0.012222422
UY,우루과이,2025-06-01,11790723,,,-3.532024994718719,0.011790723
UY,우루과이,2025-07-01,18630492,,,58.00975054710384,0.018630492
UY,우루과이,2025-08-01,8699212,,,-53.30659007824378,0.008699212
UY,우루과이,2025-09-01,13168565,,,51.37652697738599,0.013168565
UY,우루과이,2025-10-01,16546812,,,25.653873447866182,0.016546812
UY,우루과이,2025-11-01,11289076,,,-31.774918334722123,0.011289076
UY,우루과이,2025-12-01,13047059,,,15.5724259452235,0.013047059
UY,우루과이,2026-01-01,11400692,10208189.0,11.681827207548757,-12.618682877114296,0.011400692
UY,우루과이,2026-02-01,11984827,11739751.0,2.087574089092681,5.123680211692405,0.011984827
UY,우루과이,2026-03-01,14055970,10581380.0,32.83683224683358,17.281375859659875,0.01405597
UY,우루과이,2026-04-01,14438825,12262374.0,17.74901825698678,2.7237892511153605,0.014438825
UY,우루과이,2026-05-01,14033578,12222422.0,14.818306878947563,-2.8066480478847855,0.014033578
UY,우루과이,2026-06-01,17310805,11790723.0,46.81716295090641,23.35275437240596,0.017310805
UY,우루과이,2026-07-01,20037689,18630492.0,7.5531929054798885,15.752496778745995,0.020037689
UZ,우즈베키스탄,2025-01-01,110091202,,,,0.110091202
UZ,우즈베키스탄,2025-02-01,144963951,,,31.676236035646156,0.144963951
UZ,우즈베키스탄,2025-03-01,130198610,,,-10.185526055370831,0.13019861
UZ,우즈베키스탄,2025-04-01,142419296,,,9.386187763448483,0.142419296
UZ,우즈베키스탄,2025-05-01,122759850,,,-13.803920221596943,0.12275985
UZ,우즈베키스탄,2025-06-01,134089502,,,9.229118478069175,0.134089502
UZ,우즈베키스탄,2025-07-01,131457392,,,-1.9629500898586394,0.131457392
UZ,우즈베키스탄,2025-08-01,142989922,,,8.772827320353361,0.142989922
UZ,우즈베키스탄,2025-09-01,190937044,,,33.5318191165948,0.190937044
UZ,우즈베키스탄,2025-10-01,138119540,,,-27.662261284405343,0.13811954
UZ,우즈베키스탄,2025-11-01,203170260,,,47.09740562414269,0.20317026
UZ,우즈베키스탄,2025-12-01,195680649,,,-3.686371716017889,0.195680649
UZ,우즈베키스탄,2026-01-01,148465307,110091202.0,34.8566500345777,-24.1287742253962,0.148465307
UZ,우즈베키스탄,2026-02-01,151870957,144963951.0,4.764636968262548,2.2939029116074927,0.151870957
UZ,우즈베키스탄,2026-03-01,166949935,130198610.0,28.22712546623962,9.928809495814273,0.166949935
UZ,우즈베키스탄,2026-04-01,181029096,142419296.0,27.10995004497143,8.433163510965125,0.181029096
UZ,우즈베키스탄,2026-05-01,158861516,122759850.0,29.408366008919028,-12.245313316926687,0.158861516
UZ,우즈베키스탄,2026-06-01,149853790,134089502.0,11.756541537457576,-5.670175022124302,0.14985379
UZ,우즈베키스탄,2026-07-01,182239008,131457392.0,38.6297150943022,21.611210500581922,0.182239008
UA,우크라이나,2025-01-01,33059806,,,,0.033059806
UA,우크라이나,2025-02-01,44989831,,,36.08619179434991,0.044989831
UA,우크라이나,2025-03-01,44416698,,,-1.27391676576869,0.044416698
UA,우크라이나,2025-04-01,48766452,,,9.79306025855411,0.048766452
UA,우크라이나,2025-05-01,56255835,,,15.357654069235949,0.056255835
UA,우크라이나,2025-06-01,48224270,,,-14.276856791833236,0.04822427
UA,우크라이나,2025-07-01,43126126,,,-10.571739084904763,0.043126126
UA,우크라이나,2025-08-01,32214592,,,-25.301447201633643,0.032214592
UA,우크라이나,2025-09-01,45571304,,,41.46168295410975,0.045571304
UA,우크라이나,2025-10-01,30819797,,,-32.37016654164647,0.030819797
UA,우크라이나,2025-11-01,42102709,,,36.60930018455346,0.042102709
UA,우크라이나,2025-12-01,51046924,,,21.243799300420307,0.051046924
UA,우크라이나,2026-01-01,29475883,33059806.0,-10.840726046607774,-42.25727881272533,0.029475883
UA,우크라이나,2026-02-01,29447610,44989831.0,-34.54607553426907,-0.09591909426428513,0.02944761
UA,우크라이나,2026-03-01,52923482,44416698.0,19.152220635581685,79.72080586506,0.052923482
UA,우크라이나,2026-04-01,60256895,48766452.0,23.56218779254229,13.856633620592085,0.060256895
UA,우크라이나,2026-05-01,48157302,56255835.0,-14.395898665445106,-20.080014079716523,0.048157302
UA,우크라이나,2026-06-01,68738757,48224270.0,42.53975643384544,42.737973568369746,0.068738757
UA,우크라이나,2026-07-01,83573842,43126126.0,93.78935636370397,21.581834830094458,0.083573842
IQ,이라크,2025-01-01,99544684,,,,0.099544684
IQ,이라크,2025-02-01,125243539,,,25.81640120531197,0.125243539
IQ,이라크,2025-03-01,120878080,,,-3.485576210043062,0.12087808
IQ,이라크,2025-04-01,99916450,,,-17.341134141111436,0.09991645
IQ,이라크,2025-05-01,97966423,,,-1.9516576099330996,0.097966423
IQ,이라크,2025-06-01,126616326,,,29.24461475948754,0.126616326
IQ,이라크,2025-07-01,119783635,,,-5.396374398037739,0.119783635
IQ,이라크,2025-08-01,86823782,,,-27.5161569441435,0.086823782
IQ,이라크,2025-09-01,93054930,,,7.1767755981880565,0.09305493
IQ,이라크,2025-10-01,178326167,,,91.6353781578257,0.178326167
IQ,이라크,2025-11-01,101512488,,,-43.07482199177196,0.101512488
IQ,이라크,2025-12-01,129106493,,,27.182867392630563,0.129106493
IQ,이라크,2026-01-01,105247904,99544684.0,5.72930644895111,-18.479774677172898,0.105247904
IQ,이라크,2026-02-01,90539168,125243539.0,-27.709510029096197,-13.975324392208321,0.090539168
IQ,이라크,2026-03-01,42724031,120878080.0,-64.65527000428861,-52.81154891991056,0.042724031
IQ,이라크,2026-04-01,54641459,99916450.0,-45.31284988607982,27.893969087326997,0.054641459
IQ,이라크,2026-05-01,66202803,97966423.0,-32.422965978864006,21.158556545863828,0.066202803
IQ,이라크,2026-06-01,86310963,126616326.0,-31.832674563626185,30.373577988835308,0.086310963
IQ,이라크,2026-07-01,94217987,119783635.0,-21.34318932632158,9.161088841054866,0.094217987
IR,이란,2025-01-01,8821420,,,,0.00882142
IR,이란,2025-02-01,11881671,,,34.69113816142979,0.011881671
IR,이란,2025-03-01,26599026,,,123.86603702459023,0.026599026
IR,이란,2025-04-01,8315480,,,-68.73765227343287,0.00831548
IR,이란,2025-05-01,13821421,,,66.21314704623185,0.013821421
IR,이란,2025-06-01,5368059,,,-61.16130895658268,0.005368059
IR,이란,2025-07-01,10240525,,,90.76774305200446,0.010240525
IR,이란,2025-08-01,9907737,,,-3.2497162010736713,0.009907737
IR,이란,2025-09-01,11428971,,,15.354000615882324,0.011428971
IR,이란,2025-10-01,13309146,,,16.45095608344793,0.013309146
IR,이란,2025-11-01,8804356,,,-33.84732574126094,0.008804356
IR,이란,2025-12-01,20343591,,,131.06279437133165,0.020343591
IR,이란,2026-01-01,8039481,8821420.0,-8.864094442844806,-60.48150496143969,0.008039481
IR,이란,2026-02-01,8190518,11881671.0,-31.065941819126287,1.8786909254465467,0.008190518
IR,이란,2026-03-01,998201,26599026.0,-96.24722724809548,-87.81272442109278,0.000998201
IR,이란,2026-04-01,1088937,8315480.0,-86.90470063063105,9.089952825132407,0.001088937
IR,이란,2026-05-01,4223977,13821421.0,-69.4389093567152,287.8991162941474,0.004223977
IR,이란,2026-06-01,4624941,5368059.0,-13.843327727955302,9.492570627160134,0.004624941
IR,이란,2026-07-01,8297825,10240525.0,-18.970707068241133,79.41472118238914,0.008297825
IL,이스라엘,2025-01-01,175268137,,,,0.175268137
IL,이스라엘,2025-02-01,218569507,,,24.705785513085022,0.218569507
IL,이스라엘,2025-03-01,211388313,,,-3.285542479628689,0.211388313
IL,이스라엘,2025-04-01,193195667,,,-8.606268597261568,0.193195667
IL,이스라엘,2025-05-01,140593645,,,-27.22733010363012,0.140593645
IL,이스라엘,2025-06-01,151189479,,,7.536495692959666,0.151189479
IL,이스라엘,2025-07-01,100570867,,,-33.48024765665076,0.100570867
IL,이스라엘,2025-08-01,127709320,,,26.98440792003911,0.12770932
IL,이스라엘,2025-09-01,144816612,,,13.395492200569237,0.144816612
IL,이스라엘,2025-10-01,168537337,,,16.379837003782406,0.168537337
IL,이스라엘,2025-11-01,145745421,,,-13.52336307532852,0.145745421
IL,이스라엘,2025-12-01,153889092,,,5.587599901337548,0.153889092
IL,이스라엘,2026-01-01,157247746,175268137.0,-10.281612681259912,2.182515964159437,0.157247746
IL,이스라엘,2026-02-01,121938067,218569507.0,-44.210851424942824,-22.454807714700088,0.121938067
IL,이스라엘,2026-03-01,157822834,211388313.0,-25.33984884963816,29.428682841101626,0.157822834
IL,이스라엘,2026-04-01,141174559,193195667.0,-26.926643235740887,-10.548711221343298,0.141174559
IL,이스라엘,2026-05-01,146860317,140593645.0,4.457293926763195,4.027466450240524,0.146860317
IL,이스라엘,2026-06-01,174165761,151189479.0,15.19701116239709,18.592799306023554,0.174165761
IL,이스라엘,2026-07-01,164076872,100570867.0,63.14552801856625,-5.792693662676907,0.164076872
EG,이집트,2025-01-01,91577613,,,,0.091577613
EG,이집트,2025-02-01,117239072,,,28.021541683992133,0.117239072
EG,이집트,2025-03-01,129732230,,,10.656138595160503,0.12973223
EG,이집트,2025-04-01,102422561,,,-21.05079747723445,0.102422561
EG,이집트,2025-05-01,87295078,,,-14.76967852815162,0.087295078
EG,이집트,2025-06-01,182463094,,,109.01876506714387,0.182463094
EG,이집트,2025-07-01,95748217,,,-47.524611744224835,0.095748217
EG,이집트,2025-08-01,150176611,,,56.84533425828702,0.150176611
EG,이집트,2025-09-01,175761381,,,17.036454498230746,0.175761381
EG,이집트,2025-10-01,98487794,,,-43.9650545303806,0.098487794
EG,이집트,2025-11-01,311929088,,,216.71852453107033,0.311929088
EG,이집트,2025-12-01,125314529,,,-59.82595601985026,0.125314529
EG,이집트,2026-01-01,126401528,91577613.0,38.026668155240074,0.8674165786474841,0.126401528
EG,이집트,2026-02-01,274132169,117239072.0,133.82321637619242,116.87409427518945,0.274132169
EG,이집트,2026-03-01,142420295,129732230.0,9.78019494461786,-48.04685071455441,0.142420295
EG,이집트,2026-04-01,275986720,102422561.0,169.45891345169545,93.78328067639517,0.27598672
EG,이집트,2026-05-01,147656200,87295078.0,69.14607717058227,-46.498802551079265,0.1476562
EG,이집트,2026-06-01,152814677,182463094.0,-16.24899389243065,3.49357290787653,0.152814677
EG,이집트,2026-07-01,272661660,95748217.0,184.76943857868392,78.42635625896064,0.27266166
IT,이탈리아,2025-01-01,336927313,,,,0.336927313
IT,이탈리아,2025-02-01,375759766,,,11.525468996335132,0.375759766
IT,이탈리아,2025-03-01,393475918,,,4.714754905398788,0.393475918
IT,이탈리아,2025-04-01,419833979,,,6.698773621007215,0.419833979
IT,이탈리아,2025-05-01,388094503,,,-7.560006475797898,0.388094503
IT,이탈리아,2025-06-01,356274310,,,-8.199083664939211,0.35627431
IT,이탈리아,2025-07-01,419839643,,,17.841682999821117,0.419839643
IT,이탈리아,2025-08-01,340168629,,,-18.97653433360984,0.340168629
IT,이탈리아,2025-09-01,431980268,,,26.99003705012433,0.431980268
IT,이탈리아,2025-10-01,311359665,,,-27.92271127532149,0.311359665
IT,이탈리아,2025-11-01,301985599,,,-3.0106873348543672,0.301985599
IT,이탈리아,2025-12-01,429905372,,,42.35956066236126,0.429905372
IT,이탈리아,2026-01-01,407643925,336927313.0,20.988684879934326,-5.17822024331438,0.407643925
IT,이탈리아,2026-02-01,393665496,375759766.0,4.765206820998502,-3.4290782083898352,0.393665496
IT,이탈리아,2026-03-01,492569932,393475918.0,25.18426400875695,25.123978861484986,0.492569932
IT,이탈리아,2026-04-01,468191925,419833979.0,11.51834973319299,-4.9491463884157705,0.468191925
IT,이탈리아,2026-05-01,433548626,388094503.0,11.712127496946279,-7.399379859018285,0.433548626
IT,이탈리아,2026-06-01,422330521,356274310.0,18.54082911563284,-2.5875079119729416,0.422330521
IT,이탈리아,2026-07-01,427569604,419839643.0,1.8411698678011623,1.2405172582826474,0.427569604
IN,인도,2025-01-01,1463920945,,,,1.463920945
IN,인도,2025-02-01,1595804410,,,9.008919877159084,1.59580441
IN,인도,2025-03-01,1502347470,,,-5.856415699465323,1.50234747
IN,인도,2025-04-01,1702786752,,,13.341739244916484,1.702786752
IN,인도,2025-05-01,1615438483,,,-5.129724488248777,1.615438483
IN,인도,2025-06-01,1582584682,,,-2.0337389102547454,1.582584682
IN,인도,2025-07-01,1781514346,,,12.569922245715247,1.781514346
IN,인도,2025-08-01,1591153439,,,-10.685342356485295,1.591153439
IN,인도,2025-09-01,1721595626,,,8.197964055684004,1.721595626
IN,인도,2025-10-01,1477351236,,,-14.187094013911029,1.477351236
IN,인도,2025-11-01,1477040268,,,-0.02104902290142041,1.477040268
IN,인도,2025-12-01,1719209860,,,16.39559849833423,1.71920986
IN,인도,2026-01-01,1684687550,1463920945.0,15.080500470604296,-2.0080335044146413,1.68468755
IN,인도,2026-02-01,1739790073,1595804410.0,9.022763823544011,3.270785909232843,1.739790073
IN,인도,2026-03-01,1966477881,1502347470.0,30.893679409597574,13.029606934652271,1.966477881
IN,인도,2026-04-01,2416741484,1702786752.0,41.92860504472611,22.89695741561204,2.416741484
IN,인도,2026-05-01,1955195312,1615438483.0,21.031864263196454,-19.097871040641266,1.955195312
IN,인도,2026-06-01,2104345865,1582584682.0,32.96892665109215,7.628422188033568,2.104345865
IN,인도,2026-07-01,2583451093,1781514346.0,45.01433001651507,22.76741841579355,2.583451093
ID,인도네시아,2025-01-01,551655213,,,,0.551655213
ID,인도네시아,2025-02-01,674768217,,,22.31701996079931,0.674768217
ID,인도네시아,2025-03-01,537114197,,,-20.400193211826988,0.537114197
ID,인도네시아,2025-04-01,708664131,,,31.939191881014462,0.708664131
ID,인도네시아,2025-05-01,567589858,,,-19.907071182074542,0.567589858
ID,인도네시아,2025-06-01,531998845,,,-6.27055126132997,0.531998845
ID,인도네시아,2025-07-01,603201749,,,13.384033568719488,0.603201749
ID,인도네시아,2025-08-01,526703890,,,-12.681969030563934,0.52670389
ID,인도네시아,2025-09-01,599881580,,,13.893516146235418,0.59988158
ID,인도네시아,2025-10-01,554478137,,,-7.568734315862812,0.554478137
ID,인도네시아,2025-11-01,552241988,,,-0.403288939776536,0.552241988
ID,인도네시아,2025-12-01,586435144,,,6.191697977155619,0.586435144
ID,인도네시아,2026-01-01,662360700,551655213.0,20.067876527072713,12.946965538613764,0.6623607
ID,인도네시아,2026-02-01,547351962,674768217.0,-18.882966297151484,-17.363460422697173,0.547351962
ID,인도네시아,2026-03-01,668531204,537114197.0,24.46723764406473,22.13918107778703,0.668531204
ID,인도네시아,2026-04-01,909173546,708664131.0,28.293997992682375,35.99567837075859,0.909173546
ID,인도네시아,2026-05-01,912941138,567589858.0,60.845216864322474,0.4143974510230741,0.912941138
ID,인도네시아,2026-06-01,846838566,531998845.0,59.180527168249775,-7.2406170834641514,0.846838566
ID,인도네시아,2026-07-01,843850042,603201749.0,39.89515836102127,-0.35290362531741337,0.843850042
JP,일본,2025-01-01,2363796881,,,,2.363796881
JP,일본,2025-02-01,2265013927,,,-4.178995022542297,2.265013927
JP,일본,2025-03-01,2158841627,,,-4.687489941424983,2.158841627
JP,일본,2025-04-01,2304321279,,,6.738782974189883,2.304321279
JP,일본,2025-05-01,2372098635,,,2.9413153720219576,2.372098635
JP,일본,2025-06-01,2440272751,,,2.8740000518570286,2.440272751
JP,일본,2025-07-01,2483646324,,,1.777406766609424,2.483646324
JP,일본,2025-08-01,2376745621,,,-4.304183810995788,2.376745621
JP,일본,2025-09-01,2560673735,,,7.73865374463647,2.560673735
JP,일본,2025-10-01,2219359712,,,-13.329071108701784,2.219359712
JP,일본,2025-11-01,2306194973,,,3.9126267152857164,2.306194973
JP,일본,2025-12-01,2456896027,,,6.534618961724714,2.456896027
JP,일본,2026-01-01,2245851385,2363796881.0,-4.989662899889414,-8.589889017717066,2.245851385
JP,일본,2026-02-01,2392260423,2265013927.0,5.617912299927319,6.519088439148879,2.392260423
JP,일본,2026-03-01,2918758554,2158841627.0,35.20021651870806,22.00839532093033,2.918758554
JP,일본,2026-04-01,2981619061,2304321279.0,29.39250651254348,2.153672728902256,2.981619061
JP,일본,2026-05-01,2640921923,2372098635.0,11.332719644687117,-11.426581700404547,2.640921923
JP,일본,2026-06-01,2797700545,2440272751.0,14.64704278870177,5.9365110583013525,2.797700545
JP,일본,2026-07-01,2753565356,2483646324.0,10.86785301883426,-1.5775522894642013,2.753565356
JM,자마이카,2025-01-01,2841178,,,,0.002841178
JM,자마이카,2025-02-01,3055394,,,7.539689523148496,0.003055394
JM,자마이카,2025-03-01,3381364,,,10.668673172756126,0.003381364
JM,자마이카,2025-04-01,2310822,,,-31.66006380856956,0.002310822
JM,자마이카,2025-05-01,2347908,,,1.6048834570555393,0.002347908
JM,자마이카,2025-06-01,3337184,,,42.134359608638846,0.003337184
JM,자마이카,2025-07-01,3717656,,,11.400989576840836,0.003717656
JM,자마이카,2025-08-01,2608016,,,-29.8478396064617,0.002608016
JM,자마이카,2025-09-01,2216179,,,-15.024332672805684,0.002216179
JM,자마이카,2025-10-01,2012317,,,-9.198805692139489,0.002012317
JM,자마이카,2025-11-01,1233479,,,-38.703544222903254,0.001233479
JM,자마이카,2025-12-01,2158051,,,74.95644433346655,0.002158051
JM,자마이카,2026-01-01,1243489,2841178.0,-56.23332997791761,-42.379072598376965,0.001243489
JM,자마이카,2026-02-01,679902,3055394.0,-77.74748526703921,-45.32303864368724,0.000679902
JM,자마이카,2026-03-01,1708900,3381364.0,-49.461223340640046,151.34504678615448,0.0017089
JM,자마이카,2026-04-01,2202498,2310822.0,-4.6876825649054705,28.883960442389835,0.002202498
JM,자마이카,2026-05-01,2117521,2347908.0,-9.812437284595477,-3.8582100869104075,0.002117521
JM,자마이카,2026-06-01,1673045,3337184.0,-49.86656414509958,-20.990393955951326,0.001673045
JM,자마이카,2026-07-01,2105480,3717656.0,-43.36538937437998,25.847182831304604,0.00210548
ZM,잠비아,2025-01-01,1168280,,,,0.00116828
ZM,잠비아,2025-02-01,1711404,,,46.489197795049144,0.001711404
ZM,잠비아,2025-03-01,1556187,,,-9.069570948764872,0.001556187
ZM,잠비아,2025-04-01,2075595,,,33.37696562174084,0.002075595
ZM,잠비아,2025-05-01,1306467,,,-37.05578400410485,0.001306467
ZM,잠비아,2025-06-01,2190445,,,67.66171667558385,0.002190445
ZM,잠비아,2025-07-01,2256071,,,2.996012225826261,0.002256071
ZM,잠비아,2025-08-01,1279089,,,-43.3045768506399,0.001279089
ZM,잠비아,2025-09-01,8025066,,,527.4048170221149,0.008025066
ZM,잠비아,2025-10-01,3760001,,,-53.14679031923226,0.003760001
ZM,잠비아,2025-11-01,2685901,,,-28.566481764233576,0.002685901
ZM,잠비아,2025-12-01,1969926,,,-26.656790402922525,0.001969926
ZM,잠비아,2026-01-01,1795533,1168280.0,53.69029684664635,-8.852769088788104,0.001795533
ZM,잠비아,2026-02-01,4811305,1711404.0,181.13204129474983,167.9597088998086,0.004811305
ZM,잠비아,2026-03-01,2421877,1556187.0,55.62891863252939,-49.662783797743025,0.002421877
ZM,잠비아,2026-04-01,1056855,2075595.0,-49.08182954767187,-56.362152165448535,0.001056855
ZM,잠비아,2026-05-01,1067047,1306467.0,-18.3257594719193,0.9643707036443017,0.001067047
ZM,잠비아,2026-06-01,1272808,2190445.0,-41.892720428953936,19.28321807755422,0.001272808
ZM,잠비아,2026-07-01,4616546,2256071.0,104.62769123844065,262.70560838712515,0.004616546
JE,저어지,2025-01-01,246,,,,2.46e-07
JE,저어지,2025-02-01,497,,,102.03252032520327,4.97e-07
JE,저어지,2025-03-01,252,,,-49.29577464788733,2.52e-07
JE,저어지,2025-04-01,134,,,-46.82539682539682,1.34e-07
JE,저어지,2025-05-01,169,,,26.119402985074625,1.69e-07
JE,저어지,2025-06-01,164,,,-2.9585798816568087,1.64e-07
JE,저어지,2025-07-01,1469,,,795.7317073170732,1.469e-06
JE,저어지,2025-08-01,59,,,-95.98366235534377,5.9e-08
JE,저어지,2025-09-01,172,,,191.52542372881354,1.72e-07
JE,저어지,2025-10-01,375,,,118.02325581395348,3.75e-07
JE,저어지,2025-11-01,268,,,-28.53333333333333,2.68e-07
JE,저어지,2025-12-01,211,,,-21.26865671641791,2.11e-07
JE,저어지,2026-01-01,457,246.0,85.77235772357723,116.58767772511847,4.57e-07
JE,저어지,2026-02-01,346,497.0,-30.38229376257545,-24.288840262582056,3.46e-07
JE,저어지,2026-03-01,76,252.0,-69.84126984126983,-78.03468208092485,7.6e-08
JE,저어지,2026-04-01,150,134.0,11.940298507462677,97.36842105263158,1.5e-07
JE,저어지,2026-05-01,190,169.0,12.426035502958577,26.66666666666666,1.9e-07
JE,저어지,2026-06-01,75,164.0,-54.268292682926834,-60.526315789473685,7.5e-08
JE,저어지,2026-07-01,580,1469.0,-60.51735874744723,673.3333333333334,5.8e-07
GQ,적도 기니,2025-01-01,236782,,,,0.000236782
GQ,적도 기니,2025-02-01,2019549,,,752.9149175190682,0.002019549
GQ,적도 기니,2025-03-01,135510,,,-93.29008605386649,0.00013551
GQ,적도 기니,2025-04-01,749461,,,453.06693232971736,0.000749461
GQ,적도 기니,2025-05-01,777606,,,3.7553655226889804,0.000777606
GQ,적도 기니,2025-06-01,133973,,,-82.77109487323915,0.000133973
GQ,적도 기니,2025-07-01,872377,,,551.1588155822442,0.000872377
GQ,적도 기니,2025-08-01,767645,,,-12.005360067952275,0.000767645
GQ,적도 기니,2025-09-01,381686,,,-50.278318754111595,0.000381686
GQ,적도 기니,2025-10-01,223128,,,-41.541476501626995,0.000223128
GQ,적도 기니,2025-11-01,1609121,,,621.1649815352622,0.001609121
GQ,적도 기니,2025-12-01,1322188,,,-17.831660888149493,0.001322188
GQ,적도 기니,2026-01-01,719614,236782.0,203.91414887956012,-45.57400309184473,0.000719614
GQ,적도 기니,2026-02-01,894153,2019549.0,-55.72511486475447,24.254530901288753,0.000894153
GQ,적도 기니,2026-03-01,385975,135510.0,184.83137775809902,-56.83345020371233,0.000385975
GQ,적도 기니,2026-04-01,519049,749461.0,-30.743694468424643,34.477362523479506,0.000519049
GQ,적도 기니,2026-05-01,164742,777606.0,-78.814206680504,-68.26080004007329,0.000164742
GQ,적도 기니,2026-06-01,731232,133973.0,445.8054981227561,343.8649524711367,0.000731232
GQ,적도 기니,2026-07-01,496483,872377.0,-43.0884812414816,-32.10321758347556,0.000496483
GE,조지아,2025-01-01,9882905,,,,0.009882905
GE,조지아,2025-02-01,13379878,,,35.384059646429876,0.013379878
GE,조지아,2025-03-01,11169704,,,-16.518640902405835,0.011169704
GE,조지아,2025-04-01,11825669,,,5.872716054069116,0.011825669
GE,조지아,2025-05-01,11095889,,,-6.171151923836193,0.011095889
GE,조지아,2025-06-01,11595486,,,4.502541436742913,0.011595486
GE,조지아,2025-07-01,14222753,,,22.657670407260213,0.014222753
GE,조지아,2025-08-01,9989666,,,-29.762782212416962,0.009989666
GE,조지아,2025-09-01,11106937,,,11.184267822367634,0.011106937
GE,조지아,2025-10-01,9183424,,,-17.31812289922955,0.009183424
GE,조지아,2025-11-01,7336596,,,-20.110451178122666,0.007336596
GE,조지아,2025-12-01,12605962,,,71.82303618735446,0.012605962
GE,조지아,2026-01-01,8212923,9882905.0,-16.897683424053955,-34.84889927480346,0.008212923
GE,조지아,2026-02-01,11575063,13379878.0,-13.489024339384859,40.93719130204923,0.011575063
GE,조지아,2026-03-01,21246924,11169704.0,90.21922156576396,83.55773959934388,0.021246924
GE,조지아,2026-04-01,14378482,11825669.0,21.587049324651318,-32.326759393500915,0.014378482
GE,조지아,2026-05-01,14868063,11095889.0,33.996140372348705,3.404956100372769,0.014868063
GE,조지아,2026-06-01,13085093,11595486.0,12.846438691746087,-11.991945420193606,0.013085093
GE,조지아,2026-07-01,15295558,14222753.0,7.5428786536615,16.8930018304035,0.015295558
CN,중국,2025-01-01,9204172269,,,,9.204172269
CN,중국,2025-02-01,9505605066,,,3.2749582275338085,9.505605066
CN,중국,2025-03-01,10057086286,,,5.801642464324108,10.057086286
CN,중국,2025-04-01,10870288852,,,8.085866451519074,10.870288852
CN,중국,2025-05-01,10446428166,,,-3.8992587204526252,10.446428166
CN,중국,2025-06-01,10424044086,,,-0.21427496216221975,10.424044086
CN,중국,2025-07-01,11047812017,,,5.983934122436718,11.047812017
CN,중국,2025-08-01,10990269226,,,-0.5208523725010461,10.990269226
CN,중국,2025-09-01,11679518529,,,6.271450578930526,11.679518529
CN,중국,2025-10-01,11551156245,,,-1.0990374618720766,11.551156245
CN,중국,2025-11-01,12040140678,,,4.233207677470907,12.040140678
CN,중국,2025-12-01,12964960895,,,7.681141290066917,12.964960895
CN,중국,2026-01-01,13527392577,9204172269.0,46.97022373821456,4.3380900764375285,13.527392577
CN,중국,2026-02-01,12778486869,9505605066.0,34.43107282782623,-5.536216264421345,12.778486869
CN,중국,2026-03-01,16685519188,10057086286.0,65.90808424530603,30.575077934135344,16.685519188
CN,중국,2026-04-01,17665775164,10870288852.0,62.51431221857287,5.874890466129368,17.665775164
CN,중국,2026-05-01,18883273656,10446428166.0,80.7629685087905,6.891848677441925,18.883273656
CN,중국,2026-06-01,20002319069,10424044086.0,91.88636295067181,5.926119768138993,20.002319069
CN,중국,2026-07-01,21681183695,11047812017.0,96.24866590450422,8.393349892122949,21.681183695
CF,중앙아프리카공화국,2025-01-01,19864,,,,1.9864e-05
CF,중앙아프리카공화국,2025-02-01,552371,,,2680.764196536448,0.000552371
CF,중앙아프리카공화국,2025-03-01,87,,,-99.98424971622335,8.7e-08
CF,중앙아프리카공화국,2025-04-01,875,,,905.7471264367816,8.75e-07
CF,중앙아프리카공화국,2025-05-01,247665,,,28204.571428571428,0.000247665
CF,중앙아프리카공화국,2025-06-01,14406,,,-94.18327175822179,1.4406e-05
CF,중앙아프리카공화국,2025-07-01,701,,,-95.13397195612939,7.01e-07
CF,중앙아프리카공화국,2025-08-01,366210,,,52141.08416547789,0.00036621
CF,중앙아프리카공화국,2025-09-01,41459,,,-88.67890008465088,4.1459e-05
CF,중앙아프리카공화국,2025-11-01,115900,,,179.55329361537906,0.0001159
CF,중앙아프리카공화국,2025-12-01,3248,,,-97.19758412424504,3.248e-06
CF,중앙아프리카공화국,2026-01-01,0,,,-100.0,0.0
CF,중앙아프리카공화국,2026-02-01,224,19864.0,-98.87233185662505,inf,2.24e-07
CF,중앙아프리카공화국,2026-04-01,83212,552371.0,-84.93548719972627,37048.21428571428,8.3212e-05
CF,중앙아프리카공화국,2026-05-01,0,87.0,-100.0,-100.0,0.0
CF,중앙아프리카공화국,2026-06-01,0,875.0,-100.0,,0.0
DJ,지부티,2025-01-01,8239363,,,,0.008239363
DJ,지부티,2025-02-01,2346649,,,-71.51904825652178,0.002346649
DJ,지부티,2025-03-01,1326921,,,-43.4546453261651,0.001326921
DJ,지부티,2025-04-01,3496264,,,163.48697473323583,0.003496264
DJ,지부티,2025-05-01,12402228,,,254.72801825033807,0.012402228
DJ,지부티,2025-06-01,10374454,,,-16.350078389141043,0.010374454
DJ,지부티,2025-07-01,10700261,,,3.140473705893343,0.010700261
DJ,지부티,2025-08-01,14711641,,,37.48861826828336,0.014711641
DJ,지부티,2025-09-01,20563680,,,39.77828849956304,0.02056368
DJ,지부티,2025-10-01,13493756,,,-34.38063615072788,0.013493756
DJ,지부티,2025-11-01,17842277,,,32.22617186793655,0.017842277
DJ,지부티,2025-12-01,20541782,,,15.129823396419638,0.020541782
DJ,지부티,2026-01-01,33469371,8239363.0,306.2130895313145,62.93314280134021,0.033469371
DJ,지부티,2026-02-01,17460151,2346649.0,644.0461270518088,-47.83244955514701,0.017460151
DJ,지부티,2026-03-01,15414982,1326921.0,1061.7106067354423,-11.713352307205128,0.015414982
DJ,지부티,2026-04-01,25511908,3496264.0,629.6905496838912,65.50073169076683,0.025511908
DJ,지부티,2026-05-01,22191060,12402228.0,78.92801196688208,-13.016854717412752,0.02219106
DJ,지부티,2026-06-01,20247312,10374454.0,95.1650853143693,-8.759148954579011,0.020247312
DJ,지부티,2026-07-01,10502333,10700261.0,-1.849749272471013,-48.129741864006434,0.010502333
GI,지브랄타,2025-01-01,15869,,,,1.5869e-05
GI,지브랄타,2025-02-01,33466,,,110.88915495620392,3.3466e-05
GI,지브랄타,2025-03-01,230159,,,587.7397956134585,0.000230159
GI,지브랄타,2025-04-01,2283,,,-99.00807702501314,2.283e-06
GI,지브랄타,2025-05-01,179434,,,7759.570740254051,0.000179434
GI,지브랄타,2025-06-01,733638,,,308.8623114905759,0.000733638
GI,지브랄타,2025-07-01,443417,,,-39.559155877967065,0.000443417
GI,지브랄타,2025-08-01,285764,,,-35.55411723050763,0.000285764
GI,지브랄타,2025-09-01,277927,,,-2.7424728097311113,0.000277927
GI,지브랄타,2025-10-01,202032,,,-27.307530394671986,0.000202032
GI,지브랄타,2025-11-01,344549,,,70.54179535915101,0.000344549
GI,지브랄타,2025-12-01,312898,,,-9.186211540303413,0.000312898
GI,지브랄타,2026-01-01,73411,15869.0,362.6063394038692,-76.53836074375675,7.3411e-05
GI,지브랄타,2026-02-01,7011,33466.0,-79.05037948963127,-90.44966013267766,7.011e-06
GI,지브랄타,2026-03-01,301859,230159.0,31.15237726962665,4205.505634003708,0.000301859
GI,지브랄타,2026-04-01,218746,2283.0,9481.515549715286,-27.53371607273595,0.000218746
GI,지브랄타,2026-05-01,75842,179434.0,-57.73264821605716,-65.32873743977032,7.5842e-05
GI,지브랄타,2026-06-01,6579,733638.0,-99.10323620096014,-91.32538698873975,6.579e-06
GI,지브랄타,2026-07-01,293422,443417.0,-33.82707474003026,4359.978720170238,0.000293422
ZW,짐바브웨,2025-01-01,1056132,,,,0.001056132
ZW,짐바브웨,2025-02-01,1469331,,,39.12380270647988,0.001469331
ZW,짐바브웨,2025-03-01,2276188,,,54.913222412104545,0.002276188
ZW,짐바브웨,2025-04-01,2540118,,,11.595263660119471,0.002540118
ZW,짐바브웨,2025-05-01,2282847,,,-10.128308999818113,0.002282847
ZW,짐바브웨,2025-06-01,1995628,,,-12.58161409853573,0.001995628
ZW,짐바브웨,2025-07-01,2048519,,,2.650343651221565,0.002048519
ZW,짐바브웨,2025-08-01,2640260,,,28.886283212408582,0.00264026
ZW,짐바브웨,2025-09-01,2601186,,,-1.4799300068932597,0.002601186
ZW,짐바브웨,2025-10-01,2560071,,,-1.5806251456066622,0.002560071
ZW,짐바브웨,2025-11-01,2217241,,,-13.39142547218417,0.002217241
ZW,짐바브웨,2025-12-01,4142513,,,86.8318779961222,0.004142513
ZW,짐바브웨,2026-01-01,3755596,1056132.0,255.59911071722095,-9.340151738811686,0.003755596
ZW,짐바브웨,2026-02-01,4756198,1469331.0,223.69820006519973,26.64296159650825,0.004756198
ZW,짐바브웨,2026-03-01,4204140,2276188.0,84.70091222693381,-11.60712821459493,0.00420414
ZW,짐바브웨,2026-04-01,2585920,2540118.0,1.8031445783227351,-38.49110638561037,0.00258592
ZW,짐바브웨,2026-05-01,4166450,2282847.0,82.51113631355933,61.120606979334234,0.00416645
ZW,짐바브웨,2026-06-01,4100438,1995628.0,105.47105973658417,-1.5843703872601367,0.004100438
ZW,짐바브웨,2026-07-01,2827341,2048519.0,38.018783325905204,-31.04782952455323,0.002827341
TD,챠드,2025-01-01,18022,,,,1.8022e-05
TD,챠드,2025-02-01,41135,,,128.24880701365,4.1135e-05
TD,챠드,2025-03-01,5395,,,-86.88464810988211,5.395e-06
TD,챠드,2025-04-01,396739,,,7253.827618164968,0.000396739
TD,챠드,2025-05-01,1142108,,,187.87389190374532,0.001142108
TD,챠드,2025-06-01,315069,,,-72.41337947024275,0.000315069
TD,챠드,2025-07-01,244809,,,-22.299877169762816,0.000244809
TD,챠드,2025-08-01,1941066,,,692.8899672806148,0.001941066
TD,챠드,2025-09-01,1008577,,,-48.04004603655929,0.001008577
TD,챠드,2025-10-01,27783,,,-97.24532683176396,2.7783e-05
TD,챠드,2025-11-01,744107,,,2578.2816830435877,0.000744107
TD,챠드,2025-12-01,572086,,,-23.117777416419948,0.000572086
TD,챠드,2026-01-01,79055,18022.0,338.65830651426035,-86.18127344490163,7.9055e-05
TD,챠드,2026-02-01,1320753,41135.0,3110.7767108301937,1570.6761115678958,0.001320753
TD,챠드,2026-03-01,55572,5395.0,930.0648748841519,-95.79240024440602,5.5572e-05
TD,챠드,2026-04-01,631417,396739.0,59.15173451563875,1036.2142805729504,0.000631417
TD,챠드,2026-05-01,622775,1142108.0,-45.47144403156269,-1.368667615854502,0.000622775
TD,챠드,2026-06-01,1008517,315069.0,220.0940111531125,61.93922363614468,0.001008517
TD,챠드,2026-07-01,33827,244809.0,-86.18228904983069,-96.64586714948781,3.3827e-05
CZ,체코공화국,2025-01-01,281161290,,,,0.28116129
CZ,체코공화국,2025-02-01,304913481,,,8.447888043194007,0.304913481
CZ,체코공화국,2025-03-01,295075538,,,-3.226470331103526,0.295075538
CZ,체코공화국,2025-04-01,340864964,,,15.51786580153587,0.340864964
CZ,체코공화국,2025-05-01,231880566,,,-31.972895284127823,0.231880566
CZ,체코공화국,2025-06-01,274759722,,,18.491914497051898,0.274759722
CZ,체코공화국,2025-07-01,351975304,,,28.10294807329874,0.351975304
CZ,체코공화국,2025-08-01,294339334,,,-16.37500396902847,0.294339334
CZ,체코공화국,2025-09-01,291441209,,,-0.9846203565847533,0.291441209
CZ,체코공화국,2025-10-01,255131092,,,-12.458813605868624,0.255131092
CZ,체코공화국,2025-11-01,319006103,,,25.03615317885286,0.319006103
CZ,체코공화국,2025-12-01,265350145,,,-16.81972774044389,0.265350145
CZ,체코공화국,2026-01-01,217816604,281161290.0,-22.52966117775317,-17.913516120369934,0.217816604
CZ,체코공화국,2026-02-01,257315768,304913481.0,-15.610235678625173,18.134138203715633,0.257315768
CZ,체코공화국,2026-03-01,361029121,295075538.0,22.35142345144179,40.305867691714866,0.361029121
CZ,체코공화국,2026-04-01,371277026,340864964.0,8.922026377577485,2.838525870604225,0.371277026
CZ,체코공화국,2026-05-01,379221816,231880566.0,63.54187094747734,2.1398549987307947,0.379221816
CZ,체코공화국,2026-06-01,370566181,274759722.0,34.86917889660697,-2.282472852247508,0.370566181
CZ,체코공화국,2026-07-01,363607302,351975304.0,3.30477674649583,-1.8779045031095287,0.363607302
CL,칠레,2025-01-01,123920256,,,,0.123920256
CL,칠레,2025-02-01,119174486,,,-3.8296967365851753,0.119174486
CL,칠레,2025-03-01,157369210,,,32.049413663928036,0.15736921
CL,칠레,2025-04-01,136729421,,,-13.115519230222993,0.136729421
CL,칠레,2025-05-01,107524716,,,-21.35948853319579,0.107524716
CL,칠레,2025-06-01,95302475,,,-11.366913073269592,0.095302475
CL,칠레,2025-07-01,182471824,,,91.46598658639242,0.182471824
CL,칠레,2025-08-01,156572753,,,-14.19346309597913,0.156572753
CL,칠레,2025-09-01,256667592,,,63.92864472402806,0.256667592
CL,칠레,2025-10-01,86956685,,,-66.12089421869824,0.086956685
CL,칠레,2025-11-01,91770104,,,5.535421457246215,0.091770104
CL,칠레,2025-12-01,166842285,,,81.80461580385699,0.166842285
CL,칠레,2026-01-01,115154238,123920256.0,-7.073918569051374,-30.980184070243343,0.115154238
CL,칠레,2026-02-01,109888188,119174486.0,-7.792186324176809,-4.5730405510564065,0.109888188
CL,칠레,2026-03-01,108502157,157369210.0,-31.052486696730575,-1.2613102693075584,0.108502157
CL,칠레,2026-04-01,110266075,136729421.0,-19.354536724031036,1.625698556389077,0.110266075
CL,칠레,2026-05-01,86771625,107524716.0,-19.3007633705352,-21.307052055675324,0.086771625
CL,칠레,2026-06-01,120889761,95302475.0,26.848501048897198,39.3194618632531,0.120889761
CL,칠레,2026-07-01,200039975,182471824.0,9.627870547290641,65.4730502775996,0.200039975
CM,카메룬,2025-01-01,1651009,,,,0.001651009
CM,카메룬,2025-02-01,2352179,,,42.46918096751744,0.002352179
CM,카메룬,2025-03-01,2237810,,,-4.862257506762879,0.00223781
CM,카메룬,2025-04-01,1537658,,,-31.287374710096028,0.001537658
CM,카메룬,2025-05-01,711801,,,-53.70875708382488,0.000711801
CM,카메룬,2025-06-01,1645155,,,131.12569383858693,0.001645155
CM,카메룬,2025-07-01,1913175,,,16.29147405563609,0.001913175
CM,카메룬,2025-08-01,1707389,,,-10.756255961948069,0.001707389
CM,카메룬,2025-09-01,1929111,,,12.986027202939688,0.001929111
CM,카메룬,2025-10-01,1791801,,,-7.117786379321878,0.001791801
CM,카메룬,2025-11-01,2713640,,,51.44762169459667,0.00271364
CM,카메룬,2025-12-01,1428105,,,-47.37308559720523,0.001428105
CM,카메룬,2026-01-01,1524435,1651009.0,-7.666463356650388,6.745302341214399,0.001524435
CM,카메룬,2026-02-01,2070013,2352179.0,-11.995940785118819,35.788866038893104,0.002070013
CM,카메룬,2026-03-01,2641284,2237810.0,18.029859550185236,27.597459532862835,0.002641284
CM,카메룬,2026-04-01,1981130,1537658.0,28.840743520340673,-24.993677317547068,0.00198113
CM,카메룬,2026-05-01,2048482,711801.0,187.7885813591158,3.3996759425176437,0.002048482
CM,카메룬,2026-06-01,1432951,1645155.0,-12.89872382845385,-30.048152729679835,0.001432951
CM,카메룬,2026-07-01,4595711,1913175.0,140.21383302625216,220.71654927488797,0.004595711
CV,카보 베르데,2025-01-01,316669,,,,0.000316669
CV,카보 베르데,2025-02-01,82689,,,-73.887876615646,8.2689e-05
CV,카보 베르데,2025-03-01,72359,,,-12.49259272696489,7.2359e-05
CV,카보 베르데,2025-04-01,740843,,,923.8436130958139,0.000740843
CV,카보 베르데,2025-05-01,183767,,,-75.19487934690616,0.000183767
CV,카보 베르데,2025-06-01,405220,,,120.50749046346732,0.00040522
CV,카보 베르데,2025-07-01,193487,,,-52.2513696263758,0.000193487
CV,카보 베르데,2025-08-01,78414,,,-59.47324626460693,7.8414e-05
CV,카보 베르데,2025-09-01,695723,,,787.2433494018925,0.000695723
CV,카보 베르데,2025-10-01,387190,,,-44.347103660508566,0.00038719
CV,카보 베르데,2025-11-01,206251,,,-46.73132054030321,0.000206251
CV,카보 베르데,2025-12-01,122528,,,-40.59277288352542,0.000122528
CV,카보 베르데,2026-01-01,165756,316669.0,-47.65638568978965,35.2800992426221,0.000165756
CV,카보 베르데,2026-02-01,17394,82689.0,-78.96455393099446,-89.50626221675233,1.7394e-05
CV,카보 베르데,2026-03-01,68220,72359.0,-5.720090106275655,292.2042083477061,6.822e-05
CV,카보 베르데,2026-04-01,175345,740843.0,-76.33169240986281,157.02873057754326,0.000175345
CV,카보 베르데,2026-05-01,61698,183767.0,-66.42596331223778,-64.8133679317916,6.1698e-05
CV,카보 베르데,2026-06-01,210437,405220.0,-48.06845664083708,241.07588576615123,0.000210437
CV,카보 베르데,2026-07-01,384416,193487.0,98.67794735563629,82.67509991113731,0.000384416
KZ,카자흐스탄,2025-01-01,194103721,,,,0.194103721
KZ,카자흐스탄,2025-02-01,247640956,,,27.581766451556078,0.247640956
KZ,카자흐스탄,2025-03-01,273991893,,,10.640783102129525,0.273991893
KZ,카자흐스탄,2025-04-01,255953906,,,-6.583401721305671,0.255953906
KZ,카자흐스탄,2025-05-01,273139255,,,6.714235882768671,0.273139255
KZ,카자흐스탄,2025-06-01,259895269,,,-4.848803589216788,0.259895269
KZ,카자흐스탄,2025-07-01,274640828,,,5.673654259554839,0.274640828
KZ,카자흐스탄,2025-08-01,259852637,,,-5.384556661764794,0.259852637
KZ,카자흐스탄,2025-09-01,305953814,,,17.741277337893635,0.305953814
KZ,카자흐스탄,2025-10-01,242637712,,,-20.694660142396526,0.242637712
KZ,카자흐스탄,2025-11-01,239834662,,,-1.1552408637944933,0.239834662
KZ,카자흐스탄,2025-12-01,163857400,,,-31.67901643841623,0.1638574
KZ,카자흐스탄,2026-01-01,110299571,194103721.0,-43.174932231206434,-32.68563336169132,0.110299571
KZ,카자흐스탄,2026-02-01,115232650,247640956.0,-53.467854485265356,4.472437159343068,0.11523265
KZ,카자흐스탄,2026-03-01,156467695,273991893.0,-42.89331217548104,35.7841679419852,0.156467695
KZ,카자흐스탄,2026-04-01,176108438,255953906.0,-31.1952527889924,12.552586653749831,0.176108438
KZ,카자흐스탄,2026-05-01,159672544,273139255.0,-41.54170772707131,-9.33282594897582,0.159672544
KZ,카자흐스탄,2026-06-01,170915354,259895269.0,-34.236835223037474,7.041166701771839,0.170915354
KZ,카자흐스탄,2026-07-01,157738197,274640828.0,-42.565641769766295,-7.70975614045769,0.157738197
QA,카타르,2025-01-01,73034059,,,,0.073034059
QA,카타르,2025-02-01,77863094,,,6.612031518062,0.077863094
QA,카타르,2025-03-01,70529250,,,-9.418896197471938,0.07052925
QA,카타르,2025-04-01,66111265,,,-6.264046477170815,0.066111265
QA,카타르,2025-05-01,28106542,,,-57.486001818298284,0.028106542
QA,카타르,2025-06-01,119946567,,,326.756756487511,0.119946567
QA,카타르,2025-07-01,48096858,,,-59.90143010929192,0.048096858
QA,카타르,2025-08-01,37535693,,,-21.958118345277356,0.037535693
QA,카타르,2025-09-01,105326275,,,180.60298500416656,0.105326275
QA,카타르,2025-10-01,53450676,,,-49.2522867632032,0.053450676
QA,카타르,2025-11-01,83502472,,,56.22341614538233,0.083502472
QA,카타르,2025-12-01,69180610,,,-17.151422774645518,0.06918061
QA,카타르,2026-01-01,66168515,73034059.0,-9.400468896299463,-4.353958428524985,0.066168515
QA,카타르,2026-02-01,34609251,77863094.0,-55.551148532576946,-47.695288310460036,0.034609251
QA,카타르,2026-03-01,5038330,70529250.0,-92.85639645962492,-85.44224490729371,0.00503833
QA,카타르,2026-04-01,9300862,66111265.0,-85.93150199137771,84.60208045126063,0.009300862
QA,카타르,2026-05-01,8091103,28106542.0,-71.21274114759476,-13.006955699374956,0.008091103
QA,카타르,2026-06-01,17749972,119946567.0,-85.20176738363841,119.37641876515474,0.017749972
QA,카타르,2026-07-01,37459418,48096858.0,-22.116704588062696,111.03930755496405,0.037459418
KH,캄보디아,2025-01-01,49598669,,,,0.049598669
KH,캄보디아,2025-02-01,53392996,,,7.650058109422253,0.053392996
KH,캄보디아,2025-03-01,53314618,,,-0.14679453462398406,0.053314618
KH,캄보디아,2025-04-01,58665961,,,10.037290335644911,0.058665961
KH,캄보디아,2025-05-01,49815594,,,-15.086034301901229,0.049815594
KH,캄보디아,2025-06-01,56338991,,,13.095090264305597,0.056338991
KH,캄보디아,2025-07-01,57999893,,,2.9480506670770845,0.057999893
KH,캄보디아,2025-08-01,51238360,,,-11.65783702394072,0.05123836
KH,캄보디아,2025-09-01,70777459,,,38.133732227182925,0.070777459
KH,캄보디아,2025-10-01,56024906,,,-20.843575353559952,0.056024906
KH,캄보디아,2025-11-01,61832503,,,10.366098606216312,0.061832503
KH,캄보디아,2025-12-01,59905846,,,-3.115929174013865,0.059905846
KH,캄보디아,2026-01-01,54131655,49598669.0,9.139329928389817,-9.638777157074118,0.054131655
KH,캄보디아,2026-02-01,58434044,53392996.0,9.441403138344207,7.948009348688867,0.058434044
KH,캄보디아,2026-03-01,78296008,53314618.0,46.85654879868031,33.9903977893435,0.078296008
KH,캄보디아,2026-04-01,66979380,58665961.0,14.170771020012785,-14.453646219102257,0.06697938
KH,캄보디아,2026-05-01,55712805,49815594.0,11.838082267974158,-16.820960420953433,0.055712805
KH,캄보디아,2026-06-01,62269083,56338991.0,10.525733412584536,11.767991218535844,0.062269083
KH,캄보디아,2026-07-01,59064218,57999893.0,1.8350464887926687,-5.146799736877449,0.059064218
CA,캐나다,2025-01-01,734752287,,,,0.734752287
CA,캐나다,2025-02-01,816900210,,,11.180356217115106,0.81690021
CA,캐나다,2025-03-01,895302292,,,9.597510325037128,0.895302292
CA,캐나다,2025-04-01,888573613,,,-0.7515538673500854,0.888573613
CA,캐나다,2025-05-01,959681671,,,8.002494892902035,0.959681671
CA,캐나다,2025-06-01,936156839,,,-2.4513161719017518,0.936156839
CA,캐나다,2025-07-01,802649378,,,-14.26122797357463,0.802649378
CA,캐나다,2025-08-01,782904678,,,-2.459940858510201,0.782904678
CA,캐나다,2025-09-01,825543178,,,5.446193029389468,0.825543178
CA,캐나다,2025-10-01,751025299,,,-9.026527138232854,0.751025299
CA,캐나다,2025-11-01,874917567,,,16.496417386333604,0.874917567
CA,캐나다,2025-12-01,939889115,,,7.426019370348302,0.939889115
CA,캐나다,2026-01-01,1068189670,734752287.0,45.38092482317104,13.6506054759449,1.06818967
CA,캐나다,2026-02-01,911586774,816900210.0,11.590958459907853,-14.660588882122404,0.911586774
CA,캐나다,2026-03-01,1124091674,895302292.0,25.554428269016437,23.31153830452568,1.124091674
CA,캐나다,2026-04-01,1145189648,888573613.0,28.87954709048961,1.8768908700234732,1.145189648
CA,캐나다,2026-05-01,1121829017,959681671.0,16.895951115857045,-2.03989191142252,1.121829017
CA,캐나다,2026-06-01,1167452324,936156839.0,24.70691612391245,4.066868150906466,1.167452324
CA,캐나다,2026-07-01,1050797560,802649378.0,30.91613708320846,-9.992250784195623,1.05079756
KE,케냐,2025-01-01,10638341,,,,0.010638341
KE,케냐,2025-02-01,23598303,,,121.82314892895425,0.023598303
KE,케냐,2025-03-01,15064505,,,-36.16276136466253,0.015064505
KE,케냐,2025-04-01,15350450,,,1.8981373765682985,0.01535045
KE,케냐,2025-05-01,21976960,,,43.168180737372516,0.02197696
KE,케냐,2025-06-01,11601814,,,-47.20919544832406,0.011601814
KE,케냐,2025-07-01,20561954,,,77.23050895316888,0.020561954
KE,케냐,2025-08-01,13042761,,,-36.5684749610859,0.013042761
KE,케냐,2025-09-01,16799157,,,28.800619746079835,0.016799157
KE,케냐,2025-10-01,10617030,,,-36.800221582547266,0.01061703
KE,케냐,2025-11-01,9117193,,,-14.12670963536884,0.009117193
KE,케냐,2025-12-01,16369894,,,79.54971447900685,0.016369894
KE,케냐,2026-01-01,12517562,10638341.0,17.66460578768814,-23.53302959689293,0.012517562
KE,케냐,2026-02-01,15479818,23598303.0,-34.402833966493276,23.664799902728674,0.015479818
KE,케냐,2026-03-01,16166517,15064505.0,7.315288487739879,4.436092207285647,0.016166517
KE,케냐,2026-04-01,17421701,15350450.0,13.493096293594009,7.764096620193461,0.017421701
KE,케냐,2026-05-01,19272998,21976960.0,-12.30362161099624,10.626384874817907,0.019272998
KE,케냐,2026-06-01,16555393,11601814.0,42.69659037802192,-14.10058258709932,0.016555393
KE,케냐,2026-07-01,19813920,20561954.0,-3.6379519183828535,19.682571111419712,0.01981392
KM,코모로스,2025-01-01,1731,,,,1.731e-06
KM,코모로스,2025-02-01,129150,,,7361.005199306758,0.00012915
KM,코모로스,2025-03-01,5178,,,-95.99070847851335,5.178e-06
KM,코모로스,2025-04-01,6465,,,24.85515643105447,6.465e-06
KM,코모로스,2025-05-01,9178,,,41.96442382057231,9.178e-06
KM,코모로스,2025-06-01,658,,,-92.83068206580954,6.58e-07
KM,코모로스,2025-07-01,19442,,,2854.711246200608,1.9442e-05
KM,코모로스,2025-08-01,82552,,,324.606521962761,8.2552e-05
KM,코모로스,2025-09-01,9830,,,-88.09235391026262,9.83e-06
KM,코모로스,2025-10-01,0,,,-100.0,0.0
KM,코모로스,2025-11-01,60004,,,inf,6.0004e-05
KM,코모로스,2025-12-01,19308,,,-67.82214519032064,1.9308e-05
KM,코모로스,2026-01-01,40116,1731.0,2217.5043327556327,107.76880049720323,4.0116e-05
KM,코모로스,2026-03-01,18321,129150.0,-85.81416957026713,-54.32994316482201,1.8321e-05
KM,코모로스,2026-04-01,1779,5178.0,-65.6431054461182,-90.28983134108401,1.779e-06
KM,코모로스,2026-05-01,14336,6465.0,121.74787316318638,705.8459808881395,1.4336e-05
KM,코모로스,2026-06-01,32013,9178.0,248.80148180431468,123.30496651785717,3.2013e-05
KM,코모로스,2026-07-01,0,658.0,-100.0,-100.0,0.0
CC,코스 군도,2025-01-01,0,,,,0.0
CC,코스 군도,2025-02-01,0,,,,0.0
CC,코스 군도,2025-03-01,22660,,,inf,2.266e-05
CC,코스 군도,2025-04-01,0,,,-100.0,0.0
CC,코스 군도,2025-05-01,0,,,,0.0
CC,코스 군도,2025-06-01,0,,,,0.0
CC,코스 군도,2025-07-01,0,,,,0.0
CC,코스 군도,2025-08-01,0,,,,0.0
CC,코스 군도,2025-09-01,0,,,,0.0
CC,코스 군도,2025-10-01,0,,,,0.0
CC,코스 군도,2026-06-01,0,,,,0.0
CC,코스 군도,2026-07-01,2323,,,inf,2.323e-06
CR,코스타리카,2025-01-01,13469713,,,,0.013469713
CR,코스타리카,2025-02-01,29745476,,,120.8322924178117,0.029745476
CR,코스타리카,2025-03-01,17717367,,,-40.43676759450749,0.017717367
CR,코스타리카,2025-04-01,26586633,,,50.05972952978848,0.026586633
CR,코스타리카,2025-05-01,23225096,,,-12.643710845220602,0.023225096
CR,코스타리카,2025-06-01,17791119,,,-23.397005549514194,0.017791119
CR,코스타리카,2025-07-01,17135594,,,-3.6845630676743846,0.017135594
CR,코스타리카,2025-08-01,11580944,,,-32.41585905921907,0.011580944
CR,코스타리카,2025-09-01,12414187,,,7.194948874634055,0.012414187
CR,코스타리카,2025-10-01,14645203,,,17.971503087556194,0.014645203
CR,코스타리카,2025-11-01,16621093,,,13.491721487233743,0.016621093
CR,코스타리카,2025-12-01,12616145,,,-24.095575423349114,0.012616145
CR,코스타리카,2026-01-01,13221047,13469713.0,-1.8461120886540061,4.794665882486293,0.013221047
CR,코스타리카,2026-02-01,14388189,29745476.0,-51.628983849510426,8.82790901507271,0.014388189
CR,코스타리카,2026-03-01,18463678,17717367.0,4.212313263026046,28.32523954196042,0.018463678
CR,코스타리카,2026-04-01,17216877,26586633.0,-35.242356563164655,-6.752722832363089,0.017216877
CR,코스타리카,2026-05-01,14147928,23225096.0,-39.083446630317475,-17.825236249291898,0.014147928
CR,코스타리카,2026-06-01,16808848,17791119.0,-5.521131076690566,18.807842392186338,0.016808848
CR,코스타리카,2026-07-01,18603560,17135594.0,8.566764595379661,10.677186205741162,0.01860356
CI,코트디봐르,2025-01-01,10506655,,,,0.010506655
CI,코트디봐르,2025-02-01,17716579,,,68.6224492952324,0.017716579
CI,코트디봐르,2025-03-01,15900122,,,-10.25286540928697,0.015900122
CI,코트디봐르,2025-04-01,13637852,,,-14.228004036698582,0.013637852
CI,코트디봐르,2025-05-01,16960852,,,24.36600719820101,0.016960852
CI,코트디봐르,2025-06-01,15026793,,,-11.403076920899968,0.015026793
CI,코트디봐르,2025-07-01,20778361,,,38.27541911304695,0.020778361
CI,코트디봐르,2025-08-01,14829640,,,-28.629404407787508,0.01482964
CI,코트디봐르,2025-09-01,12190047,,,-17.79944084954186,0.012190047
CI,코트디봐르,2025-10-01,21472625,,,76.14882863043924,0.021472625
CI,코트디봐르,2025-11-01,13699782,,,-36.198848533889084,0.013699782
CI,코트디봐르,2025-12-01,24397462,,,78.0864980187276,0.024397462
CI,코트디봐르,2026-01-01,18284785,10506655.0,74.03050733082983,-25.054561003107622,0.018284785
CI,코트디봐르,2026-02-01,21061985,17716579.0,18.882911875932717,15.188584388605065,0.021061985
CI,코트디봐르,2026-03-01,18740722,15900122.0,17.865271725588027,-11.021102711828924,0.018740722
CI,코트디봐르,2026-04-01,15173790,13637852.0,11.262316089073266,-19.033055396691758,0.01517379
CI,코트디봐르,2026-05-01,12162447,16960852.0,-28.29106108584639,-19.845687860448834,0.012162447
CI,코트디봐르,2026-06-01,16142210,15026793.0,7.422854630392517,32.72172943487441,0.01614221
CI,코트디봐르,2026-07-01,18131167,20778361.0,-12.740148272522555,12.32146651542756,0.018131167
CO,콜롬비아,2025-01-01,66485795,,,,0.066485795
CO,콜롬비아,2025-02-01,81118840,,,22.00928032822651,0.08111884
CO,콜롬비아,2025-03-01,108278000,,,33.480705591943874,0.108278
CO,콜롬비아,2025-04-01,109545939,,,1.171003343246091,0.109545939
CO,콜롬비아,2025-05-01,127518988,,,16.406860139288227,0.127518988
CO,콜롬비아,2025-06-01,143498929,,,12.531420810836424,0.143498929
CO,콜롬비아,2025-07-01,128276350,,,-10.608148162555276,0.12827635
CO,콜롬비아,2025-08-01,94544391,,,-26.296319625558418,0.094544391
CO,콜롬비아,2025-09-01,168605540,,,78.3347887872058,0.16860554
CO,콜롬비아,2025-10-01,102649685,,,-39.11843881286463,0.102649685
CO,콜롬비아,2025-11-01,116272067,,,13.27074895553746,0.116272067
CO,콜롬비아,2025-12-01,137853493,,,18.561144182635037,0.137853493
CO,콜롬비아,2026-01-01,105169335,66485795.0,58.18316529117236,-23.709343367889847,0.105169335
CO,콜롬비아,2026-02-01,113302377,81118840.0,39.674552791928484,7.733282710212053,0.113302377
CO,콜롬비아,2026-03-01,136281869,108278000.0,25.862935222298166,20.28156214233705,0.136281869
CO,콜롬비아,2026-04-01,157410067,109545939.0,43.69320162566683,15.503308073944888,0.157410067
CO,콜롬비아,2026-05-01,158015057,127518988.0,23.91492394842405,0.38434009433463423,0.158015057
CO,콜롬비아,2026-06-01,139705614,143498929.0,-2.643444816232743,-11.587150837150917,0.139705614
CO,콜롬비아,2026-07-01,133373544,128276350.0,3.9736038638455096,-4.532437758728869,0.133373544
CG,콩고,2025-01-01,3367276,,,,0.003367276
CG,콩고,2025-02-01,5542818,,,64.6083659313938,0.005542818
CG,콩고,2025-03-01,866764,,,-84.36239472412768,0.000866764
CG,콩고,2025-04-01,1129190,,,30.27652279051738,0.00112919
CG,콩고,2025-05-01,4200110,,,271.9577750422869,0.00420011
CG,콩고,2025-06-01,1383867,,,-67.05164864729734,0.001383867
CG,콩고,2025-07-01,1077251,,,-22.156464457928404,0.001077251
CG,콩고,2025-08-01,10241994,,,850.7527957736869,0.010241994
CG,콩고,2025-09-01,2384164,,,-76.72168134447257,0.002384164
CG,콩고,2025-10-01,1849547,,,-22.423667163836047,0.001849547
CG,콩고,2025-11-01,810478,,,-56.17964831388442,0.000810478
CG,콩고,2025-12-01,7118691,,,778.3324161790944,0.007118691
CG,콩고,2026-01-01,1959282,3367276.0,-41.81403603387427,-72.47693431278306,0.001959282
CG,콩고,2026-02-01,5071470,5542818.0,-8.503761083261264,158.8432905523554,0.00507147
CG,콩고,2026-03-01,1758800,866764.0,102.91567254754467,-65.31971992341471,0.0017588
CG,콩고,2026-04-01,1666215,1129190.0,47.558426836936206,-5.2641005230839255,0.001666215
CG,콩고,2026-05-01,1962522,4200110.0,-53.274509477132746,17.78323925783887,0.001962522
CG,콩고,2026-06-01,2340151,1383867.0,69.10230535159809,19.242026331424555,0.002340151
CG,콩고,2026-07-01,5948707,1077251.0,452.2117872250757,154.2018442399657,0.005948707
CD,콩고민주공화국,2025-01-01,1037382,,,,0.001037382
CD,콩고민주공화국,2025-02-01,779098,,,-24.897675109072647,0.000779098
CD,콩고민주공화국,2025-03-01,2759681,,,254.2148741236661,0.002759681
CD,콩고민주공화국,2025-04-01,854848,,,-69.02366614112283,0.000854848
CD,콩고민주공화국,2025-05-01,1704501,,,99.39228962341843,0.001704501
CD,콩고민주공화국,2025-06-01,3773527,,,121.38602441418338,0.003773527
CD,콩고민주공화국,2025-07-01,2401156,,,-36.368389572938,0.002401156
CD,콩고민주공화국,2025-08-01,4026036,,,67.67073859424377,0.004026036
CD,콩고민주공화국,2025-09-01,1165317,,,-71.05547491378617,0.001165317
CD,콩고민주공화국,2025-10-01,2855584,,,145.04782818752324,0.002855584
CD,콩고민주공화국,2025-11-01,1272046,,,-55.454085749184756,0.001272046
CD,콩고민주공화국,2025-12-01,4719680,,,271.03060738369527,0.00471968
CD,콩고민주공화국,2026-01-01,1582188,1037382.0,52.51739474947512,-66.47679503695166,0.001582188
CD,콩고민주공화국,2026-02-01,1316790,779098.0,69.01468107991549,-16.77411281086698,0.00131679
CD,콩고민주공화국,2026-03-01,2138920,2759681.0,-22.49394042282423,62.43440487853036,0.00213892
CD,콩고민주공화국,2026-04-01,1673947,854848.0,95.81808695814928,-21.738681203598077,0.001673947
CD,콩고민주공화국,2026-05-01,2269980,1704501.0,33.1756332205144,35.60644393161792,0.00226998
CD,콩고민주공화국,2026-06-01,5662015,3773527.0,50.04569995126575,149.4301711909356,0.005662015
CD,콩고민주공화국,2026-07-01,4588715,2401156.0,91.10440970932333,-18.956149003490808,0.004588715
CU,쿠바,2025-01-01,229399,,,,0.000229399
CU,쿠바,2025-02-01,231668,,,0.989106316941224,0.000231668
CU,쿠바,2025-03-01,1780796,,,668.6844967798746,0.001780796
CU,쿠바,2025-04-01,2253478,,,26.543298614776756,0.002253478
CU,쿠바,2025-05-01,865761,,,-61.58112038369134,0.000865761
CU,쿠바,2025-06-01,736973,,,-14.875698951558224,0.000736973
CU,쿠바,2025-07-01,1294815,,,75.69368212946743,0.001294815
CU,쿠바,2025-08-01,747976,,,-42.23298309024841,0.000747976
CU,쿠바,2025-09-01,9787911,,,1208.5862380611143,0.009787911
CU,쿠바,2025-10-01,665948,,,-93.19621929541452,0.000665948
CU,쿠바,2025-11-01,814255,,,22.270057121577057,0.000814255
CU,쿠바,2025-12-01,1316499,,,61.68141429896039,0.001316499
CU,쿠바,2026-01-01,846551,229399.0,269.02994346095664,-35.69679885818371,0.000846551
CU,쿠바,2026-02-01,508284,231668.0,119.40190272286202,-39.95825413944346,0.000508284
CU,쿠바,2026-03-01,306850,1780796.0,-82.76894152951826,-39.63020673481754,0.00030685
CU,쿠바,2026-04-01,410910,2253478.0,-81.76551978763493,33.91233501710933,0.00041091
CU,쿠바,2026-05-01,361932,865761.0,-58.19492908550974,-11.919398408410597,0.000361932
CU,쿠바,2026-06-01,240327,736973.0,-67.38998579323801,-33.598852823182256,0.000240327
CU,쿠바,2026-07-01,530505,1294815.0,-59.02850986434356,120.74298767928697,0.000530505
KW,쿠웨이트,2025-01-01,35753099,,,,0.035753099
KW,쿠웨이트,2025-02-01,62742385,,,75.4879625959137,0.062742385
KW,쿠웨이트,2025-03-01,41045779,,,-34.580461039216146,0.041045779
KW,쿠웨이트,2025-04-01,57076516,,,39.055750409804624,0.057076516
KW,쿠웨이트,2025-05-01,48410466,,,-15.18321475683625,0.048410466
KW,쿠웨이트,2025-06-01,85660739,,,76.94673503039611,0.085660739
KW,쿠웨이트,2025-07-01,33005293,,,-61.46975453947461,0.033005293
KW,쿠웨이트,2025-08-01,28362857,,,-14.065731820650706,0.028362857
KW,쿠웨이트,2025-09-01,72350162,,,155.08770854783776,0.072350162
KW,쿠웨이트,2025-10-01,30337265,,,-58.068836114008974,0.030337265
KW,쿠웨이트,2025-11-01,39307043,,,29.566864382797853,0.039307043
KW,쿠웨이트,2025-12-01,126664824,,,222.24460130465678,0.126664824
KW,쿠웨이트,2026-01-01,43307117,35753099.0,21.128288767359727,-65.80967341019634,0.043307117
KW,쿠웨이트,2026-02-01,29596487,62742385.0,-52.82855919487282,-31.659068877755125,0.029596487
KW,쿠웨이트,2026-03-01,10956614,41045779.0,-73.30635630036404,-62.98001854071398,0.010956614
KW,쿠웨이트,2026-04-01,7690874,57076516.0,-86.52532680866506,-29.806106156518798,0.007690874
KW,쿠웨이트,2026-05-01,20374069,48410466.0,-57.91391679642166,164.91227134913404,0.020374069
KW,쿠웨이트,2026-06-01,58060779,85660739.0,-32.220081594206185,184.9738999116966,0.058060779
KW,쿠웨이트,2026-07-01,24115403,33005293.0,-26.93474043693538,-58.46524380942253,0.024115403
CK,쿡 아일랜드,2025-01-01,0,,,,0.0
CK,쿡 아일랜드,2025-02-01,0,,,,0.0
CK,쿡 아일랜드,2025-03-01,0,,,,0.0
CK,쿡 아일랜드,2025-04-01,0,,,,0.0
CK,쿡 아일랜드,2025-05-01,0,,,,0.0
CK,쿡 아일랜드,2025-07-01,0,,,,0.0
CK,쿡 아일랜드,2025-08-01,0,,,,0.0
CK,쿡 아일랜드,2025-09-01,0,,,,0.0
CK,쿡 아일랜드,2025-10-01,289,,,inf,2.89e-07
CK,쿡 아일랜드,2025-11-01,30,,,-89.61937716262976,3e-08
CK,쿡 아일랜드,2025-12-01,27184,,,90513.33333333333,2.7184e-05
CK,쿡 아일랜드,2026-01-01,0,,,-100.0,0.0
CK,쿡 아일랜드,2026-02-01,0,0.0,,,0.0
CK,쿡 아일랜드,2026-03-01,66,0.0,inf,inf,6.6e-08
CK,쿡 아일랜드,2026-04-01,487,0.0,inf,637.8787878787879,4.87e-07
CK,쿡 아일랜드,2026-05-01,19840,0.0,inf,3973.921971252567,1.984e-05
CK,쿡 아일랜드,2026-06-01,70,0.0,inf,-99.64717741935483,7e-08
CK,쿡 아일랜드,2026-07-01,0,0.0,,-100.0,0.0
CW,큐라소,2025-01-01,1025609,,,,0.001025609
CW,큐라소,2025-02-01,1510962,,,47.32339517301427,0.001510962
CW,큐라소,2025-03-01,1458782,,,-3.4534290074800023,0.001458782
CW,큐라소,2025-04-01,996921,,,-31.66072792233521,0.000996921
CW,큐라소,2025-05-01,1037667,,,4.08718444089351,0.001037667
CW,큐라소,2025-06-01,852844,,,-17.811398068937333,0.000852844
CW,큐라소,2025-07-01,755908,,,-11.366205308356514,0.000755908
CW,큐라소,2025-08-01,671741,,,-11.134556057086309,0.000671741
CW,큐라소,2025-09-01,882931,,,31.439200525202416,0.000882931
CW,큐라소,2025-10-01,1326737,,,50.26508300195598,0.001326737
CW,큐라소,2025-11-01,2008510,,,51.38720032681685,0.00200851
CW,큐라소,2025-12-01,499987,,,-75.10657153810536,0.000499987
CW,큐라소,2026-01-01,137384,1025609.0,-86.60464172993801,-72.5224855846252,0.000137384
CW,큐라소,2026-02-01,202893,1510962.0,-86.57193231861555,47.68313631863972,0.000202893
CW,큐라소,2026-03-01,1561141,1458782.0,7.016744105699146,669.4405425519856,0.001561141
CW,큐라소,2026-04-01,389279,996921.0,-60.95187081022468,-75.06445606130387,0.000389279
CW,큐라소,2026-05-01,953663,1037667.0,-8.095468006595564,144.98187675163572,0.000953663
CW,큐라소,2026-06-01,891814,852844.0,4.569417150147048,-6.48541465905671,0.000891814
CW,큐라소,2026-07-01,1403597,755908.0,85.68357524989814,57.38674207850516,0.001403597
HR,크로아티아,2025-01-01,8313154,,,,0.008313154
HR,크로아티아,2025-02-01,9279874,,,11.628799370251052,0.009279874
HR,크로아티아,2025-03-01,10475726,,,12.886511174612924,0.010475726
HR,크로아티아,2025-04-01,10500333,,,0.23489541440850914,0.010500333
HR,크로아티아,2025-05-01,13736617,,,30.820774922090564,0.013736617
HR,크로아티아,2025-06-01,16629143,,,21.057047743268953,0.016629143
HR,크로아티아,2025-07-01,12956070,,,-22.088167742619092,0.01295607
HR,크로아티아,2025-08-01,13725033,,,5.935156262662988,0.013725033
HR,크로아티아,2025-09-01,11495470,,,-16.244500104298474,0.01149547
HR,크로아티아,2025-10-01,5324042,,,-53.68573881711666,0.005324042
HR,크로아티아,2025-11-01,5822788,,,9.367807391451844,0.005822788
HR,크로아티아,2025-12-01,11087070,,,90.40827177633808,0.01108707
HR,크로아티아,2026-01-01,8456495,8313154.0,1.7242673478682136,-23.726512054131522,0.008456495
HR,크로아티아,2026-02-01,7529630,9279874.0,-18.860644013054483,-10.960391982730433,0.00752963
HR,크로아티아,2026-03-01,7934867,10475726.0,-24.254729457414214,5.381897915302614,0.007934867
HR,크로아티아,2026-04-01,9894950,10500333.0,-5.765369536375653,24.702153167784658,0.00989495
HR,크로아티아,2026-05-01,18364897,13736617.0,33.693011896597255,85.59868417728237,0.018364897
HR,크로아티아,2026-06-01,25260206,16629143.0,51.903233979045105,37.546134889839024,0.025260206
HR,크로아티아,2026-07-01,13234132,12956070.0,2.146190935985981,-47.60877247002657,0.013234132
CX,크리스마스 아일랜드,2025-01-01,0,,,,0.0
CX,크리스마스 아일랜드,2025-03-01,0,,,,0.0
CX,크리스마스 아일랜드,2025-04-01,0,,,,0.0
CX,크리스마스 아일랜드,2025-05-01,0,,,,0.0
CX,크리스마스 아일랜드,2025-06-01,0,,,,0.0
CX,크리스마스 아일랜드,2025-07-01,0,,,,0.0
CX,크리스마스 아일랜드,2025-08-01,0,,,,0.0
CX,크리스마스 아일랜드,2025-11-01,0,,,,0.0
CX,크리스마스 아일랜드,2025-12-01,0,,,,0.0
CX,크리스마스 아일랜드,2026-01-01,0,,,,0.0
CX,크리스마스 아일랜드,2026-02-01,0,,,,0.0
CX,크리스마스 아일랜드,2026-03-01,0,,,,0.0
CX,크리스마스 아일랜드,2026-05-01,0,0.0,,,0.0
KG,키르기스스탄,2025-01-01,114483826,,,,0.114483826
KG,키르기스스탄,2025-02-01,211145509,,,84.43261059426857,0.211145509
KG,키르기스스탄,2025-03-01,253936574,,,20.266149729000382,0.253936574
KG,키르기스스탄,2025-04-01,286237640,,,12.720131445106443,0.28623764
KG,키르기스스탄,2025-05-01,264347809,,,-7.647432741549998,0.264347809
KG,키르기스스탄,2025-06-01,254724201,,,-3.6405098405790093,0.254724201
KG,키르기스스탄,2025-07-01,318108082,,,24.8833368604815,0.318108082
KG,키르기스스탄,2025-08-01,292164611,,,-8.155552300617119,0.292164611
KG,키르기스스탄,2025-09-01,467476549,,,60.004508211981914,0.467476549
KG,키르기스스탄,2025-10-01,461542105,,,-1.2694634656422066,0.461542105
KG,키르기스스탄,2025-11-01,388365424,,,-15.85482238938959,0.388365424
KG,키르기스스탄,2025-12-01,164194980,,,-57.7215246638434,0.16419498
KG,키르기스스탄,2026-01-01,126957188,114483826.0,10.895304983954679,-22.679007604251964,0.126957188
KG,키르기스스탄,2026-02-01,184402072,211145509.0,-12.665880096933535,45.24744514662691,0.184402072
KG,키르기스스탄,2026-03-01,183793766,253936574.0,-27.622176236811,-0.32988024125889526,0.183793766
KG,키르기스스탄,2026-04-01,208744579,286237640.0,-27.07298068835391,13.575440311724174,0.208744579
KG,키르기스스탄,2026-05-01,203340019,264347809.0,-23.078606261495437,-2.589078013853474,0.203340019
KG,키르기스스탄,2026-06-01,253154214,254724201.0,-0.6163477964938213,24.497978924650333,0.253154214
KG,키르기스스탄,2026-07-01,214259169,318108082.0,-32.645795211201204,-15.364170473575445,0.214259169
KI,키리바티,2025-01-01,537616,,,,0.000537616
KI,키리바티,2025-02-01,554300,,,3.1033302580280253,0.0005543
KI,키리바티,2025-03-01,984823,,,77.66967346202418,0.000984823
KI,키리바티,2025-04-01,1391999,,,41.345094499214575,0.001391999
KI,키리바티,2025-05-01,663800,,,-52.31318413303458,0.0006638
KI,키리바티,2025-06-01,458396,,,-30.9436577282314,0.000458396
KI,키리바티,2025-07-01,333092,,,-27.335317062103503,0.000333092
KI,키리바티,2025-08-01,484803,,,45.54627550346451,0.000484803
KI,키리바티,2025-09-01,222274,,,-54.15168635507619,0.000222274
KI,키리바티,2025-10-01,978619,,,340.2759656999919,0.000978619
KI,키리바티,2025-11-01,525208,,,-46.33171847266403,0.000525208
KI,키리바티,2025-12-01,429427,,,-18.236774763522256,0.000429427
KI,키리바티,2026-01-01,833404,537616.0,55.01845183179073,94.07349794027854,0.000833404
KI,키리바티,2026-02-01,825745,554300.0,48.97077394912501,-0.9190020686245859,0.000825745
KI,키리바티,2026-03-01,227819,984823.0,-76.86701062018251,-72.41048992122265,0.000227819
KI,키리바티,2026-04-01,896475,1391999.0,-35.5980140790331,293.5031757667271,0.000896475
KI,키리바티,2026-05-01,29862,663800.0,-95.5013558300693,-96.66895340081987,2.9862e-05
KI,키리바티,2026-06-01,370338,458396.0,-19.21002801071563,1140.164757886277,0.000370338
KI,키리바티,2026-07-01,428891,333092.0,28.760522618375695,15.810691854468084,0.000428891
TJ,타지크,2025-01-01,15873345,,,,0.015873345
TJ,타지크,2025-02-01,26320570,,,65.81615280207164,0.02632057
TJ,타지크,2025-03-01,19602159,,,-25.525324869484212,0.019602159
TJ,타지크,2025-04-01,22176658,,,13.133752256575404,0.022176658
TJ,타지크,2025-05-01,19844814,,,-10.51485755878997,0.019844814
TJ,타지크,2025-06-01,21991630,,,10.818020264639427,0.02199163
TJ,타지크,2025-07-01,31166040,,,41.717735338399194,0.03116604
TJ,타지크,2025-08-01,29407398,,,-5.642815064088991,0.029407398
TJ,타지크,2025-09-01,47593336,,,61.84137066461983,0.047593336
TJ,타지크,2025-10-01,48950758,,,2.8521261884226767,0.048950758
TJ,타지크,2025-11-01,46029873,,,-5.966986251775708,0.046029873
TJ,타지크,2025-12-01,24681316,,,-46.37978688318345,0.024681316
TJ,타지크,2026-01-01,23900832,15873345.0,50.57211948710243,-3.162246291891402,0.023900832
TJ,타지크,2026-02-01,20178877,26320570.0,-23.33419451022527,-15.57249136766452,0.020178877
TJ,타지크,2026-03-01,22025474,19602159.0,12.362490274668204,9.151138589129616,0.022025474
TJ,타지크,2026-04-01,28500088,22176658.0,28.513899614630844,29.39602571095632,0.028500088
TJ,타지크,2026-05-01,25890882,19844814.0,30.466740580183817,-9.15508050361108,0.025890882
TJ,타지크,2026-06-01,29788513,21991630.0,35.45386585714656,15.054068069214477,0.029788513
TJ,타지크,2026-07-01,31561328,31166040.0,1.2683292455506034,5.9513376851003,0.031561328
TZ,탄자니아,2025-01-01,11466446,,,,0.011466446
TZ,탄자니아,2025-02-01,16583819,,,44.629111757906514,0.016583819
TZ,탄자니아,2025-03-01,17218338,,,3.826133172341062,0.017218338
TZ,탄자니아,2025-04-01,13088267,,,-23.986467218845398,0.013088267
TZ,탄자니아,2025-05-01,15811557,,,20.807109145924365,0.015811557
TZ,탄자니아,2025-06-01,37737927,,,138.67306047089477,0.037737927
TZ,탄자니아,2025-07-01,17848219,,,-52.704823982514995,0.017848219
TZ,탄자니아,2025-08-01,13554745,,,-24.055475787248014,0.013554745
TZ,탄자니아,2025-09-01,16249005,,,19.876877064083452,0.016249005
TZ,탄자니아,2025-10-01,15122259,,,-6.934246127685972,0.015122259
TZ,탄자니아,2025-11-01,14508459,,,-4.058917387937877,0.014508459
TZ,탄자니아,2025-12-01,12452864,,,-14.168251776429186,0.012452864
TZ,탄자니아,2026-01-01,16137862,11466446.0,40.73987702902888,29.591570260463772,0.016137862
TZ,탄자니아,2026-02-01,22697740,16583819.0,36.86678563001682,40.64899055401514,0.02269774
TZ,탄자니아,2026-03-01,14147790,17218338.0,-17.833010363718028,-37.66872825224009,0.01414779
TZ,탄자니아,2026-04-01,17416754,13088267.0,33.071505952621536,23.10582783600832,0.017416754
TZ,탄자니아,2026-05-01,16449902,15811557.0,4.037205191114324,-5.551275513221354,0.016449902
TZ,탄자니아,2026-06-01,14334116,37737927.0,-62.01668417027781,-12.861997597310914,0.014334116
TZ,탄자니아,2026-07-01,11772690,17848219.0,-34.0399734001471,-17.869438199049036,0.01177269
TH,태국,2025-01-01,624224814,,,,0.624224814
TH,태국,2025-02-01,668576738,,,7.1051203036603505,0.668576738
TH,태국,2025-03-01,658854716,,,-1.4541370417826327,0.658854716
TH,태국,2025-04-01,695983758,,,5.635391399399192,0.695983758
TH,태국,2025-05-01,636380654,,,-8.563864215923267,0.636380654
TH,태국,2025-06-01,648696482,,,1.935292646404041,0.648696482
TH,태국,2025-07-01,690457711,,,6.437714733899225,0.690457711
TH,태국,2025-08-01,640192121,,,-7.280038907408192,0.640192121
TH,태국,2025-09-01,708735244,,,10.706648949839238,0.708735244
TH,태국,2025-10-01,637104789,,,-10.106800191807597,0.637104789
TH,태국,2025-11-01,725658840,,,13.89944833706156,0.72565884
TH,태국,2025-12-01,675169085,,,-6.957781290172116,0.675169085
TH,태국,2026-01-01,870058045,624224814.0,39.3821625617081,28.86520789085003,0.870058045
TH,태국,2026-02-01,720885492,668576738.0,7.823896798515295,-17.14512656451559,0.720885492
TH,태국,2026-03-01,917462371,658854716.0,39.251089613510494,27.26880776232905,0.917462371
TH,태국,2026-04-01,1065298978,695983758.0,53.06376991630888,16.113642550687235,1.065298978
TH,태국,2026-05-01,913772912,636380654.0,43.58904631315206,-14.223806567849728,0.913772912
TH,태국,2026-06-01,1051971398,648696482.0,62.16696516630715,15.123942085076813,1.051971398
TH,태국,2026-07-01,1034388327,690457711.0,49.811974074687384,-1.671440025216353,1.034388327
TG,토고,2025-01-01,1735501,,,,0.001735501
TG,토고,2025-02-01,2544691,,,46.62572940032879,0.002544691
TG,토고,2025-03-01,2237060,,,-12.089129878637529,0.00223706
TG,토고,2025-04-01,1128202,,,-49.56764682216838,0.001128202
TG,토고,2025-05-01,2787436,,,147.06887596370154,0.002787436
TG,토고,2025-06-01,1203588,,,-56.82096378176934,0.001203588
TG,토고,2025-07-01,2431823,,,102.04779376331436,0.002431823
TG,토고,2025-08-01,2473562,,,1.7163666928061705,0.002473562
TG,토고,2025-09-01,3932891,,,58.99706576993016,0.003932891
TG,토고,2025-10-01,2831620,,,-28.001564243707744,0.00283162
TG,토고,2025-11-01,2586243,,,-8.665604848108154,0.002586243
TG,토고,2025-12-01,4204490,,,62.57134383737337,0.00420449
TG,토고,2026-01-01,2505079,1735501.0,44.34327609145716,-40.41895687705287,0.002505079
TG,토고,2026-02-01,2151735,2544691.0,-15.442189248124826,-14.10510407057023,0.002151735
TG,토고,2026-03-01,1861215,2237060.0,-16.800845752907833,-13.501662611799315,0.001861215
TG,토고,2026-04-01,1899107,1128202.0,68.33040537066944,2.035874415368455,0.001899107
TG,토고,2026-05-01,3159248,2787436.0,13.338853340489255,66.35439709294948,0.003159248
TG,토고,2026-06-01,4833154,1203588.0,301.56216246755537,52.984317787017666,0.004833154
TG,토고,2026-07-01,4508610,2431823.0,85.40041771132192,-6.714952596172186,0.00450861
TK,토켈라우,2025-01-01,0,,,,0.0
TK,토켈라우,2025-02-01,0,,,,0.0
TK,토켈라우,2025-03-01,0,,,,0.0
TK,토켈라우,2025-04-01,0,,,,0.0
TK,토켈라우,2025-05-01,21953,,,inf,2.1953e-05
TK,토켈라우,2025-06-01,23926,,,8.987382134560207,2.3926e-05
TK,토켈라우,2025-07-01,2069,,,-91.35250355262058,2.069e-06
TK,토켈라우,2025-08-01,23539,,,1037.6993716771387,2.3539e-05
TK,토켈라우,2025-09-01,0,,,-100.0,0.0
TK,토켈라우,2025-10-01,0,,,,0.0
TK,토켈라우,2025-11-01,0,,,,0.0
TK,토켈라우,2025-12-01,6644,,,inf,6.644e-06
TK,토켈라우,2026-01-01,0,0.0,,-100.0,0.0
TK,토켈라우,2026-02-01,0,0.0,,,0.0
TK,토켈라우,2026-03-01,0,0.0,,,0.0
TK,토켈라우,2026-04-01,0,0.0,,,0.0
TK,토켈라우,2026-05-01,340,21953.0,-98.45123673302054,inf,3.4e-07
TK,토켈라우,2026-06-01,0,23926.0,-100.0,-100.0,0.0
TK,토켈라우,2026-07-01,0,2069.0,-100.0,,0.0
TO,통가,2025-01-01,11966,,,,1.1966e-05
TO,통가,2025-02-01,75500,,,530.9543707170316,7.55e-05
TO,통가,2025-04-01,25290,,,-66.50331125827816,2.529e-05
TO,통가,2025-05-01,0,,,-100.0,0.0
TO,통가,2025-06-01,25766,,,inf,2.5766e-05
TO,통가,2025-07-01,11422,,,-55.67026313746798,1.1422e-05
TO,통가,2025-09-01,69864,,,511.6617054806514,6.9864e-05
TO,통가,2025-10-01,45191,,,-35.31575632657735,4.5191e-05
TO,통가,2025-11-01,9826,,,-78.25673253523931,9.826e-06
TO,통가,2025-12-01,14831,,,50.93629147160594,1.4831e-05
TO,통가,2026-01-01,42692,,,187.8565167554447,4.2692e-05
TO,통가,2026-02-01,58491,,,37.006933383303654,5.8491e-05
TO,통가,2026-03-01,22005,11966.0,83.89603877653352,-62.37882751192492,2.2005e-05
TO,통가,2026-04-01,11998,75500.0,-84.10860927152318,-45.476028175414676,1.1998e-05
TO,통가,2026-05-01,34244,25290.0,35.405298536971145,185.414235705951,3.4244e-05
TO,통가,2026-06-01,31387,0.0,inf,-8.34306739866838,3.1387e-05
TO,통가,2026-07-01,22427,25766.0,-12.958938135527443,-28.546850606939177,2.2427e-05
TC,투르크 & 카이코스 군도,2025-01-01,108139,,,,0.000108139
TC,투르크 & 카이코스 군도,2025-02-01,174518,,,61.38303479780654,0.000174518
TC,투르크 & 카이코스 군도,2025-03-01,94252,,,-45.992963476546834,9.4252e-05
TC,투르크 & 카이코스 군도,2025-04-01,138290,,,46.72367695115223,0.00013829
TC,투르크 & 카이코스 군도,2025-05-01,369400,,,167.11982066671487,0.0003694
TC,투르크 & 카이코스 군도,2025-06-01,94800,,,-74.33676231727124,9.48e-05
TC,투르크 & 카이코스 군도,2025-07-01,43734,,,-53.86708860759494,4.3734e-05
TC,투르크 & 카이코스 군도,2025-08-01,225789,,,416.27795307998355,0.000225789
TC,투르크 & 카이코스 군도,2025-09-01,178188,,,-21.08207220015147,0.000178188
TC,투르크 & 카이코스 군도,2025-10-01,312946,,,75.62686600668957,0.000312946
TC,투르크 & 카이코스 군도,2025-11-01,56578,,,-81.92084257347913,5.6578e-05
TC,투르크 & 카이코스 군도,2025-12-01,268532,,,374.6226448442858,0.000268532
TC,투르크 & 카이코스 군도,2026-01-01,343474,108139.0,217.62268931652778,27.908033307017412,0.000343474
TC,투르크 & 카이코스 군도,2026-02-01,61927,174518.0,-64.51540815274069,-81.9703965947932,6.1927e-05
TC,투르크 & 카이코스 군도,2026-03-01,115713,94252.0,22.76980859822604,86.85387633826925,0.000115713
TC,투르크 & 카이코스 군도,2026-04-01,309160,138290.0,123.55918721527223,167.17827728950076,0.00030916
TC,투르크 & 카이코스 군도,2026-05-01,100975,369400.0,-72.66513264753655,-67.33891835942553,0.000100975
TC,투르크 & 카이코스 군도,2026-06-01,102262,94800.0,7.871308016877632,1.274572914087635,0.000102262
TC,투르크 & 카이코스 군도,2026-07-01,168203,43734.0,284.60465541683817,64.48240793256537,0.000168203
TM,투르크멘,2025-01-01,8048919,,,,0.008048919
TM,투르크멘,2025-02-01,4220469,,,-47.56477236259925,0.004220469
TM,투르크멘,2025-03-01,4583133,,,8.592978647633709,0.004583133
TM,투르크멘,2025-04-01,3802850,,,-17.025100515302526,0.00380285
TM,투르크멘,2025-05-01,2522310,,,-33.673166177998084,0.00252231
TM,투르크멘,2025-06-01,1419041,,,-43.74042048756893,0.001419041
TM,투르크멘,2025-07-01,1884853,,,32.8258309661243,0.001884853
TM,투르크멘,2025-08-01,5471943,,,190.31139298396215,0.005471943
TM,투르크멘,2025-09-01,2963415,,,-45.843459992181934,0.002963415
TM,투르크멘,2025-10-01,1154859,,,-61.02945419389454,0.001154859
TM,투르크멘,2025-11-01,7958910,,,589.1672489888376,0.00795891
TM,투르크멘,2025-12-01,1168023,,,-85.3243346136594,0.001168023
TM,투르크멘,2026-01-01,2397364,8048919.0,-70.21508105622631,105.24972539068153,0.002397364
TM,투르크멘,2026-02-01,803764,4220469.0,-80.95557626415453,-66.47300952212514,0.000803764
TM,투르크멘,2026-03-01,584953,4583133.0,-87.23683122440478,-27.22328942326354,0.000584953
TM,투르크멘,2026-04-01,2551276,3802850.0,-32.911474289020084,336.1505967146078,0.002551276
TM,투르크멘,2026-05-01,1550473,2522310.0,-38.5296414794375,-39.22754731357956,0.001550473
TM,투르크멘,2026-06-01,4426958,1419041.0,211.96829408029788,185.52306296207672,0.004426958
TM,투르크멘,2026-07-01,14255403,1884853.0,656.3137814991408,222.01351356845942,0.014255403
TV,투발루,2025-01-01,610241,,,,0.000610241
TV,투발루,2025-02-01,3000,,,-99.50839094718317,3e-06
TV,투발루,2025-03-01,513983,,,17032.766666666666,0.000513983
TV,투발루,2025-04-01,270607,,,-47.35098242548879,0.000270607
TV,투발루,2025-05-01,878607,,,224.68007109941723,0.000878607
TV,투발루,2025-06-01,32470,,,-96.30437726992842,3.247e-05
TV,투발루,2025-07-01,565281,,,1640.93316907915,0.000565281
TV,투발루,2025-08-01,269410,,,-52.340517371006634,0.00026941
TV,투발루,2025-09-01,410702,,,52.44497234698044,0.000410702
TV,투발루,2025-10-01,18168,,,-95.57635463182551,1.8168e-05
TV,투발루,2025-11-01,401050,,,2107.452664024659,0.00040105
TV,투발루,2025-12-01,740565,,,84.65652661762873,0.000740565
TV,투발루,2026-01-01,141143,610241.0,-76.87094115275768,-80.94117329336386,0.000141143
TV,투발루,2026-02-01,124537,3000.0,4051.233333333333,-11.765372707112643,0.000124537
TV,투발루,2026-03-01,600353,513983.0,16.80405772175344,382.06797979716873,0.000600353
TV,투발루,2026-04-01,323085,270607.0,19.392698636768447,-46.18416165156166,0.000323085
TV,투발루,2026-05-01,0,878607.0,-100.0,-100.0,0.0
TV,투발루,2026-06-01,342212,32470.0,953.9328611025562,inf,0.000342212
TV,투발루,2026-07-01,147059,565281.0,-73.98479694169802,-57.026930674552624,0.000147059
TN,튀니지,2025-01-01,9342246,,,,0.009342246
TN,튀니지,2025-02-01,15960190,,,70.83889677064809,0.01596019
TN,튀니지,2025-03-01,10079919,,,-36.84336464666147,0.010079919
TN,튀니지,2025-04-01,10529589,,,4.461047752467051,0.010529589
TN,튀니지,2025-05-01,16086967,,,52.77867920580756,0.016086967
TN,튀니지,2025-06-01,16928702,,,5.23240334862376,0.016928702
TN,튀니지,2025-07-01,25797120,,,52.38687526072583,0.02579712
TN,튀니지,2025-08-01,14608430,,,-43.37185701349608,0.01460843
TN,튀니지,2025-09-01,16760720,,,14.73320541632468,0.01676072
TN,튀니지,2025-10-01,18224125,,,8.731158327327226,0.018224125
TN,튀니지,2025-11-01,18894172,,,3.6767032710761205,0.018894172
TN,튀니지,2025-12-01,11768586,,,-37.713142444135684,0.011768586
TN,튀니지,2026-01-01,15657395,9342246.0,67.5977596822006,33.04397826552825,0.015657395
TN,튀니지,2026-02-01,13947303,15960190.0,-12.61192379288718,-10.92194455080171,0.013947303
TN,튀니지,2026-03-01,12950020,10079919.0,28.47345301088233,-7.150364482653027,0.01295002
TN,튀니지,2026-04-01,13436293,10529589.0,27.605104054868622,3.754998061779058,0.013436293
TN,튀니지,2026-05-01,15573394,16086967.0,-3.192478731385473,15.905436119917905,0.015573394
TN,튀니지,2026-06-01,17642409,16928702.0,4.215958199276004,13.285575385815074,0.017642409
TN,튀니지,2026-07-01,13440966,25797120.0,-47.897416455790406,-23.814451869923204,0.013440966
TR,튀르키예,2025-01-01,662302204,,,,0.662302204
TR,튀르키예,2025-02-01,852894976,,,28.77731205617429,0.852894976
TR,튀르키예,2025-03-01,833959713,,,-2.2201166067133737,0.833959713
TR,튀르키예,2025-04-01,853685298,,,2.3652923147859495,0.853685298
TR,튀르키예,2025-05-01,682919623,,,-20.003351984632634,0.682919623
TR,튀르키예,2025-06-01,682947480,,,0.00407910375712639,0.68294748
TR,튀르키예,2025-07-01,884254391,,,29.47619207848897,0.884254391
TR,튀르키예,2025-08-01,705256326,,,-20.242824556129346,0.705256326
TR,튀르키예,2025-09-01,1006036127,,,42.64829536601704,1.006036127
TR,튀르키예,2025-10-01,562919084,,,-44.04583802784251,0.562919084
TR,튀르키예,2025-11-01,620468890,,,10.223459753942187,0.62046889
TR,튀르키예,2025-12-01,744839034,,,20.0445414757217,0.744839034
TR,튀르키예,2026-01-01,746031562,662302204.0,12.642168106087116,0.16010546514939605,0.746031562
TR,튀르키예,2026-02-01,795019638,852894976.0,-6.785752012683921,6.56648840280567,0.795019638
TR,튀르키예,2026-03-01,878440047,833959713.0,5.3336310263707,10.492874013761156,0.878440047
TR,튀르키예,2026-04-01,835217088,853685298.0,-2.1633510666362654,-4.92042219017822,0.835217088
TR,튀르키예,2026-05-01,782801354,682919623.0,14.625693512983151,-6.275701820889945,0.782801354
TR,튀르키예,2026-06-01,938497784,682947480.0,37.41873445378259,19.88964750819784,0.938497784
TR,튀르키예,2026-07-01,872171558,884254391.0,-1.3664430873038258,-7.0672757177229535,0.872171558
TT,트리니다드 토바고,2025-01-01,4260668,,,,0.004260668
TT,트리니다드 토바고,2025-02-01,3201844,,,-24.851126630847553,0.003201844
TT,트리니다드 토바고,2025-03-01,4957553,,,54.83430798002651,0.004957553
TT,트리니다드 토바고,2025-04-01,5217679,,,5.247064428761528,0.005217679
TT,트리니다드 토바고,2025-05-01,6768776,,,29.72771993064349,0.006768776
TT,트리니다드 토바고,2025-06-01,10320564,,,52.47312069419936,0.010320564
TT,트리니다드 토바고,2025-07-01,6676659,,,-35.30722739571209,0.006676659
TT,트리니다드 토바고,2025-08-01,9922838,,,48.61981119598888,0.009922838
TT,트리니다드 토바고,2025-09-01,6570907,,,-33.77996295011568,0.006570907
TT,트리니다드 토바고,2025-10-01,4038332,,,-38.54224386374666,0.004038332
TT,트리니다드 토바고,2025-11-01,4088563,,,1.2438551362295103,0.004088563
TT,트리니다드 토바고,2025-12-01,5431738,,,32.85200692761736,0.005431738
TT,트리니다드 토바고,2026-01-01,7142048,4260668.0,67.62742368098147,31.487343461705986,0.007142048
TT,트리니다드 토바고,2026-02-01,8865359,3201844.0,176.8829149702484,24.12908734301422,0.008865359
TT,트리니다드 토바고,2026-03-01,3521413,4957553.0,-28.968727111944137,-60.278957682367974,0.003521413
TT,트리니다드 토바고,2026-04-01,5958783,5217679.0,14.203710117084633,69.21568131883421,0.005958783
TT,트리니다드 토바고,2026-05-01,5740648,6768776.0,-15.189274988565138,-3.6607307230352215,0.005740648
TT,트리니다드 토바고,2026-06-01,2835862,10320564.0,-72.52221874695995,-50.600315504451764,0.002835862
TT,트리니다드 토바고,2026-07-01,5366696,6676659.0,-19.62003750678296,89.24390538044517,0.005366696
TL,티모르,2025-01-01,27765,,,,2.7765e-05
TL,티모르,2025-02-01,554070,,,1895.5699621826038,0.00055407
TL,티모르,2025-03-01,128222,,,-76.85815871640767,0.000128222
TL,티모르,2025-04-01,193129,,,50.62079830294333,0.000193129
TL,티모르,2025-05-01,227599,,,17.84817401840222,0.000227599
TL,티모르,2025-06-01,615,,,-99.72978791646712,6.15e-07
TL,티모르,2025-07-01,396231,,,64327.80487804878,0.000396231
TL,티모르,2025-08-01,254988,,,-35.646630374705666,0.000254988
TL,티모르,2025-09-01,773387,,,203.30329270397036,0.000773387
TL,티모르,2025-10-01,336774,,,-56.45465982748611,0.000336774
TL,티모르,2025-11-01,443955,,,31.82579415275526,0.000443955
TL,티모르,2025-12-01,266800,,,-39.903819080762695,0.0002668
TL,티모르,2026-01-01,261235,27765.0,840.878804249955,-2.085832083958017,0.000261235
TL,티모르,2026-02-01,100566,554070.0,-81.8495857924089,-61.50362700250732,0.000100566
TL,티모르,2026-03-01,202932,128222.0,58.26613217700552,101.78986933953821,0.000202932
TL,티모르,2026-04-01,177045,193129.0,-8.328112297997714,-12.756489858671872,0.000177045
TL,티모르,2026-05-01,204905,227599.0,-9.971045566984039,15.736112287836423,0.000204905
TL,티모르,2026-06-01,251063,615.0,40723.25203252033,22.526536687733344,0.000251063
TL,티모르,2026-07-01,0,396231.0,-100.0,-100.0,0.0
PA,파나마,2025-01-01,77923646,,,,0.077923646
PA,파나마,2025-02-01,93073646,,,19.442108753484156,0.093073646
PA,파나마,2025-03-01,126640158,,,36.06446447794684,0.126640158
PA,파나마,2025-04-01,88988589,,,-29.731144997465975,0.088988589
PA,파나마,2025-05-01,194374591,,,118.42642206631683,0.194374591
PA,파나마,2025-06-01,272341617,,,40.11173764990714,0.272341617
PA,파나마,2025-07-01,120873217,,,-55.61705980470843,0.120873217
PA,파나마,2025-08-01,63726649,,,-47.27810628222131,0.063726649
PA,파나마,2025-09-01,184987143,,,190.28223812615659,0.184987143
PA,파나마,2025-10-01,209902218,,,13.468544135524052,0.209902218
PA,파나마,2025-11-01,70369170,,,-66.47526135240743,0.07036917
PA,파나마,2025-12-01,69119902,,,-1.7753058619278894,0.069119902
PA,파나마,2026-01-01,168988508,77923646.0,116.86422116336806,144.48603529559404,0.168988508
PA,파나마,2026-02-01,164137464,93073646.0,76.35224475895141,-2.8706354398963074,0.164137464
PA,파나마,2026-03-01,184290877,126640158.0,45.523252584697495,12.27837478956053,0.184290877
PA,파나마,2026-04-01,29319934,88988589.0,-67.05202955853137,-84.09040399758909,0.029319934
PA,파나마,2026-05-01,71147559,194374591.0,-63.39667719223652,142.65934227546353,0.071147559
PA,파나마,2026-06-01,103568727,272341617.0,-61.97102442848461,45.568911225752665,0.103568727
PA,파나마,2026-07-01,124152548,120873217.0,2.713033607767712,19.874552479533712,0.124152548
PY,파라과이,2025-01-01,58354480,,,,0.05835448
PY,파라과이,2025-02-01,9868796,,,-83.08819477099273,0.009868796
PY,파라과이,2025-03-01,50745613,,,414.20267477410613,0.050745613
PY,파라과이,2025-04-01,9794104,,,-80.69960451556669,0.009794104
PY,파라과이,2025-05-01,8186862,,,-16.410301544684437,0.008186862
PY,파라과이,2025-06-01,8764593,,,7.056806380759806,0.008764593
PY,파라과이,2025-07-01,50999652,,,481.88271834185565,0.050999652
PY,파라과이,2025-08-01,7574155,,,-85.1486143474077,0.007574155
PY,파라과이,2025-09-01,13576587,,,79.24886670526283,0.013576587
PY,파라과이,2025-10-01,10126488,,,-25.412123091024274,0.010126488
PY,파라과이,2025-11-01,11147770,,,10.085253643711422,0.01114777
PY,파라과이,2025-12-01,15300306,,,37.24992532138715,0.015300306
PY,파라과이,2026-01-01,11470426,58354480.0,-80.34353831959432,-25.031394796940663,0.011470426
PY,파라과이,2026-02-01,10728946,9868796.0,8.715855510641823,-6.464276043452966,0.010728946
PY,파라과이,2026-03-01,18220194,50745613.0,-64.09503615613038,69.82277662689327,0.018220194
PY,파라과이,2026-04-01,17466970,9794104.0,78.3416839355596,-4.1340064765501445,0.01746697
PY,파라과이,2026-05-01,11991801,8186862.0,46.47615899718354,-31.345843039748733,0.011991801
PY,파라과이,2026-06-01,17879308,8764593.0,103.9947319858435,49.09610324587608,0.017879308
PY,파라과이,2026-07-01,21766600,50999652.0,-57.32010092931614,21.741848174437184,0.0217666
FO,파로에 군도,2025-02-01,155,,,,1.55e-07
FO,파로에 군도,2025-03-01,0,,,-100.0,0.0
FO,파로에 군도,2025-04-01,6203,,,inf,6.203e-06
FO,파로에 군도,2025-05-01,56,,,-99.09721102692247,5.6e-08
FO,파로에 군도,2025-06-01,35,,,-37.5,3.5e-08
FO,파로에 군도,2025-07-01,267,,,662.8571428571429,2.67e-07
FO,파로에 군도,2025-08-01,57,,,-78.65168539325843,5.7e-08
FO,파로에 군도,2025-09-01,15800,,,27619.298245614034,1.58e-05
FO,파로에 군도,2025-10-01,200,,,-98.73417721518987,2e-07
FO,파로에 군도,2025-11-01,0,,,-100.0,0.0
FO,파로에 군도,2025-12-01,299844,,,inf,0.000299844
FO,파로에 군도,2026-01-01,48,,,-99.98399167567135,4.8e-08
FO,파로에 군도,2026-02-01,319,155.0,105.80645161290323,564.5833333333333,3.19e-07
FO,파로에 군도,2026-03-01,95,0.0,inf,-70.21943573667711,9.5e-08
FO,파로에 군도,2026-04-01,452,6203.0,-92.71320328873126,375.7894736842105,4.52e-07
FO,파로에 군도,2026-05-01,312746,56.0,558375.0,69091.59292035399,0.000312746
FO,파로에 군도,2026-06-01,1130,35.0,3128.5714285714284,-99.63868442761857,1.13e-06
FO,파로에 군도,2026-07-01,208,267.0,-22.097378277153556,-81.59292035398231,2.08e-07
PK,파키스탄,2025-01-01,107100732,,,,0.107100732
PK,파키스탄,2025-02-01,95916574,,,-10.442653183733608,0.095916574
PK,파키스탄,2025-03-01,116425531,,,21.38207834654311,0.116425531
PK,파키스탄,2025-04-01,115633034,,,-0.6806900455536669,0.115633034
PK,파키스탄,2025-05-01,93441173,,,-19.191627368352194,0.093441173
PK,파키스탄,2025-06-01,92754791,,,-0.7345605560837742,0.092754791
PK,파키스탄,2025-07-01,121414018,,,30.897840091084895,0.121414018
PK,파키스탄,2025-08-01,105628207,,,-13.001637916307162,0.105628207
PK,파키스탄,2025-09-01,168706782,,,59.71754779478553,0.168706782
PK,파키스탄,2025-10-01,102288235,,,-39.36922168309748,0.102288235
PK,파키스탄,2025-11-01,93049145,,,-9.032407294934753,0.093049145
PK,파키스탄,2025-12-01,106638885,,,14.604905826915449,0.106638885
PK,파키스탄,2026-01-01,88914036,107100732.0,-16.980925956696545,-16.621375026567463,0.088914036
PK,파키스탄,2026-02-01,72731207,95916574.0,-24.17243030385968,-18.200533603041038,0.072731207
PK,파키스탄,2026-03-01,108743857,116425531.0,-6.5979291088653085,49.51471518958843,0.108743857
PK,파키스탄,2026-04-01,99230880,115633034.0,-14.184661106444718,-8.748059212209114,0.09923088
PK,파키스탄,2026-05-01,86515251,93441173.0,-7.412066627202973,-12.814185463234828,0.086515251
PK,파키스탄,2026-06-01,92131037,92754791.0,-0.6724763144579815,6.491093691677552,0.092131037
PK,파키스탄,2026-07-01,111533111,121414018.0,-8.138192906193087,21.05921590788129,0.111533111
PG,파푸아 뉴기니,2025-01-01,6289946,,,,0.006289946
PG,파푸아 뉴기니,2025-02-01,6202711,,,-1.3868958493443384,0.006202711
PG,파푸아 뉴기니,2025-03-01,3975035,,,-35.91455413608663,0.003975035
PG,파푸아 뉴기니,2025-04-01,5298640,,,33.29794580425079,0.00529864
PG,파푸아 뉴기니,2025-05-01,3903715,,,-26.326094997961746,0.003903715
PG,파푸아 뉴기니,2025-06-01,4125829,,,5.689810859655475,0.004125829
PG,파푸아 뉴기니,2025-07-01,6348872,,,53.881123042181336,0.006348872
PG,파푸아 뉴기니,2025-08-01,29721508,,,368.1384031683108,0.029721508
PG,파푸아 뉴기니,2025-09-01,33988948,,,14.358087079565408,0.033988948
PG,파푸아 뉴기니,2025-10-01,5943244,,,-82.5141866703259,0.005943244
PG,파푸아 뉴기니,2025-11-01,38421421,,,546.4722128184541,0.038421421
PG,파푸아 뉴기니,2025-12-01,31558325,,,-17.862681341223684,0.031558325
PG,파푸아 뉴기니,2026-01-01,7466726,6289946.0,18.7089046551433,-76.33991664639996,0.007466726
PG,파푸아 뉴기니,2026-02-01,4358727,6202711.0,-29.72867831501419,-41.62465583978842,0.004358727
PG,파푸아 뉴기니,2026-03-01,61410497,3975035.0,1444.9045605887748,1308.9090002654443,0.061410497
PG,파푸아 뉴기니,2026-04-01,4346314,5298640.0,-17.97302704090106,-92.92252267556148,0.004346314
PG,파푸아 뉴기니,2026-05-01,3949991,3903715.0,1.1854348998326047,-9.118600266800792,0.003949991
PG,파푸아 뉴기니,2026-06-01,65183991,4125829.0,1479.9004515213792,1550.2313802740312,0.065183991
PG,파푸아 뉴기니,2026-07-01,45503141,6348872.0,616.7122128151268,-30.192766196227538,0.045503141
PW,팔라우,2025-01-01,596642,,,,0.000596642
PW,팔라우,2025-02-01,136787,,,-77.07385668457802,0.000136787
PW,팔라우,2025-03-01,330791,,,141.82926740114192,0.000330791
PW,팔라우,2025-04-01,3972953,,,1101.0462799773877,0.003972953
PW,팔라우,2025-05-01,207255,,,-94.78335132582741,0.000207255
PW,팔라우,2025-06-01,121764,,,-41.24918578562641,0.000121764
PW,팔라우,2025-07-01,4328734,,,3455.01954600703,0.004328734
PW,팔라우,2025-08-01,17697,,,-99.59117377043727,1.7697e-05
PW,팔라우,2025-09-01,363522,,,1954.1447703000508,0.000363522
PW,팔라우,2025-10-01,248370,,,-31.676762341756483,0.00024837
PW,팔라우,2025-11-01,196597,,,-20.845110117969156,0.000196597
PW,팔라우,2025-12-01,2591220,,,1218.0363891615843,0.00259122
PW,팔라우,2026-01-01,208464,596642.0,-65.06045501322401,-91.95498645425707,0.000208464
PW,팔라우,2026-02-01,145847,136787.0,6.62343643767318,-30.037320592524363,0.000145847
PW,팔라우,2026-03-01,193570,330791.0,-41.48268846492196,32.72127640609681,0.00019357
PW,팔라우,2026-04-01,345160,3972953.0,-91.31225564460492,78.3127550756832,0.00034516
PW,팔라우,2026-05-01,5505665,207255.0,2556.4690839786736,1495.1051686174528,0.005505665
PW,팔라우,2026-06-01,283996,121764.0,133.23478203738378,-94.84174936179372,0.000283996
PW,팔라우,2026-07-01,273404,4328734.0,-93.68397318938977,-3.7296299947886635,0.000273404
PS,팔레스타인 해방기구,2025-01-01,918079,,,,0.000918079
PS,팔레스타인 해방기구,2025-02-01,738518,,,-19.55833866148774,0.000738518
PS,팔레스타인 해방기구,2025-03-01,1226053,,,66.01531716220863,0.001226053
PS,팔레스타인 해방기구,2025-04-01,4330633,,,253.21743839785066,0.004330633
PS,팔레스타인 해방기구,2025-05-01,3442168,,,-20.51582297553267,0.003442168
PS,팔레스타인 해방기구,2025-06-01,1576524,,,-54.1996788070774,0.001576524
PS,팔레스타인 해방기구,2025-07-01,505484,,,-67.93680273817588,0.000505484
PS,팔레스타인 해방기구,2025-08-01,1255819,,,148.4389219045509,0.001255819
PS,팔레스타인 해방기구,2025-09-01,1021041,,,-18.695210058137356,0.001021041
PS,팔레스타인 해방기구,2025-10-01,2209052,,,116.35291824716147,0.002209052
PS,팔레스타인 해방기구,2025-11-01,915523,,,-58.55584205351436,0.000915523
PS,팔레스타인 해방기구,2025-12-01,4120826,,,350.106223437314,0.004120826
PS,팔레스타인 해방기구,2026-01-01,1040982,918079.0,13.386974323560397,-74.73851116256789,0.001040982
PS,팔레스타인 해방기구,2026-02-01,5655099,738518.0,665.7361093433065,443.2465691049413,0.005655099
PS,팔레스타인 해방기구,2026-03-01,962146,1226053.0,-21.524925920820714,-82.98622181503808,0.000962146
PS,팔레스타인 해방기구,2026-04-01,4622087,4330633.0,6.730055398367862,380.393516160749,0.004622087
PS,팔레스타인 해방기구,2026-05-01,4012211,3442168.0,16.56058042489501,-13.194818704191412,0.004012211
PS,팔레스타인 해방기구,2026-06-01,4916615,1576524.0,211.86426594203448,22.541287085848683,0.004916615
PS,팔레스타인 해방기구,2026-07-01,824304,505484.0,63.07222384882607,-83.2343187335189,0.000824304
PE,페루,2025-01-01,40437898,,,,0.040437898
PE,페루,2025-02-01,52077611,,,28.784169246383673,0.052077611
PE,페루,2025-03-01,45849878,,,-11.958561232772368,0.045849878
PE,페루,2025-04-01,61355003,,,33.81715650366617,0.061355003
PE,페루,2025-05-01,49138440,,,-19.911274391103852,0.04913844
PE,페루,2025-06-01,49164454,,,0.05294022358055539,0.049164454
PE,페루,2025-07-01,61463397,,,25.0159251234642,0.061463397
PE,페루,2025-08-01,71149722,,,15.75950154528556,0.071149722
PE,페루,2025-09-01,58776008,,,-17.391092547065746,0.058776008
PE,페루,2025-10-01,42046714,,,-28.462793866504164,0.042046714
PE,페루,2025-11-01,46189286,,,9.85230855376713,0.046189286
PE,페루,2025-12-01,51354385,,,11.182461231377339,0.051354385
PE,페루,2026-01-01,46670289,40437898.0,15.412252634892143,-9.121121789307773,0.046670289
PE,페루,2026-02-01,53285885,52077611.0,2.320140991106534,14.175176845380143,0.053285885
PE,페루,2026-03-01,55255645,45849878.0,20.514268325861185,3.696588693234615,0.055255645
PE,페루,2026-04-01,67713718,61355003.0,10.363808473776782,22.546244822587802,0.067713718
PE,페루,2026-05-01,57588029,49138440.0,17.195476698079947,-14.953674527220617,0.057588029
PE,페루,2026-06-01,73754217,49164454.0,50.015328147445715,28.072132838580053,0.073754217
PE,페루,2026-07-01,77388812,61463397.0,25.91040485445346,4.927982626403593,0.077388812
PT,포루투갈,2025-01-01,56927732,,,,0.056927732
PT,포루투갈,2025-02-01,95111722,,,67.0744971888218,0.095111722
PT,포루투갈,2025-03-01,82962611,,,-12.773515971038773,0.082962611
PT,포루투갈,2025-04-01,75883700,,,-8.532652136514841,0.0758837
PT,포루투갈,2025-05-01,61925365,,,-18.39437850289324,0.061925365
PT,포루투갈,2025-06-01,67731270,,,9.375649219023586,0.06773127
PT,포루투갈,2025-07-01,93838825,,,38.54579280736947,0.093838825
PT,포루투갈,2025-08-01,74695370,,,-20.40035667539528,0.07469537
PT,포루투갈,2025-09-01,66748812,,,-10.638621911906988,0.066748812
PT,포루투갈,2025-10-01,77002001,,,15.360856160256464,0.077002001
PT,포루투갈,2025-11-01,90771253,,,17.881680763075238,0.090771253
PT,포루투갈,2025-12-01,73128828,,,-19.436136901183897,0.073128828
PT,포루투갈,2026-01-01,83948395,56927732.0,47.46485069877717,14.795214549315627,0.083948395
PT,포루투갈,2026-02-01,86408234,95111722.0,-9.15080477672352,2.930179903975527,0.086408234
PT,포루투갈,2026-03-01,88884698,82962611.0,7.138260149502762,2.8660046448814036,0.088884698
PT,포루투갈,2026-04-01,83107358,75883700.0,9.51938031487658,-6.499813949978206,0.083107358
PT,포루투갈,2026-05-01,60820756,61925365.0,-1.7837747100885037,-26.816641193190137,0.060820756
PT,포루투갈,2026-06-01,74851799,67731270.0,10.512912278184071,23.069497853660348,0.074851799
PT,포루투갈,2026-07-01,75664892,93838825.0,-19.367178777014736,1.086270484961882,0.075664892
FK,포클랜드 군도,2025-02-01,180,,,,1.8e-07
FK,포클랜드 군도,2025-03-01,305,,,69.44444444444444,3.05e-07
FK,포클랜드 군도,2025-05-01,0,,,-100.0,0.0
FK,포클랜드 군도,2025-06-01,0,,,,0.0
FK,포클랜드 군도,2025-07-01,0,,,,0.0
FK,포클랜드 군도,2025-08-01,0,,,,0.0
FK,포클랜드 군도,2025-09-01,176037,,,inf,0.000176037
FK,포클랜드 군도,2025-12-01,9470,,,-94.62044911013025,9.47e-06
FK,포클랜드 군도,2026-01-01,2044,,,-78.41605068637804,2.044e-06
FK,포클랜드 군도,2026-02-01,0,,,-100.0,0.0
FK,포클랜드 군도,2026-03-01,1900,,,inf,1.9e-06
FK,포클랜드 군도,2026-04-01,5153,,,171.21052631578948,5.153e-06
PL,폴란드,2025-01-01,765206162,,,,0.765206162
PL,폴란드,2025-02-01,725083058,,,-5.2434371274704965,0.725083058
PL,폴란드,2025-03-01,877946005,,,21.082129186915854,0.877946005
PL,폴란드,2025-04-01,957555234,,,9.067668005391738,0.957555234
PL,폴란드,2025-05-01,654532921,,,-31.64541346969443,0.654532921
PL,폴란드,2025-06-01,933260390,,,42.58417874140819,0.93326039
PL,폴란드,2025-07-01,660892427,,,-29.18456262779995,0.660892427
PL,폴란드,2025-08-01,487198321,,,-26.28175159888767,0.487198321
PL,폴란드,2025-09-01,1424459805,,,192.37781486525282,1.424459805
PL,폴란드,2025-10-01,530231052,,,-62.77669260032226,0.530231052
PL,폴란드,2025-11-01,435894469,,,-17.79159908575102,0.435894469
PL,폴란드,2025-12-01,552464325,,,26.742678398151455,0.552464325
PL,폴란드,2026-01-01,595462020,765206162.0,-22.182798627280263,7.78289077760812,0.59546202
PL,폴란드,2026-02-01,607789836,725083058.0,-16.17652222126531,2.0702942565505644,0.607789836
PL,폴란드,2026-03-01,778577618,877946005.0,-11.318279989211867,28.099808829313822,0.778577618
PL,폴란드,2026-04-01,796087583,957555234.0,-16.86248952193603,2.2489684515950126,0.796087583
PL,폴란드,2026-05-01,672196913,654532921.0,2.698717120754268,-15.562442204302041,0.672196913
PL,폴란드,2026-06-01,1107800823,933260390.0,18.70222232403971,64.80302149200736,1.107800823
PL,폴란드,2026-07-01,985560474,660892427.0,49.12570241934395,-11.034506064814508,0.985560474
PR,푸에르토리코,2025-01-01,34893762,,,,0.034893762
PR,푸에르토리코,2025-02-01,37395787,,,7.170407707830417,0.037395787
PR,푸에르토리코,2025-03-01,42124199,,,12.644237170352902,0.042124199
PR,푸에르토리코,2025-04-01,34905533,,,-17.13662495991912,0.034905533
PR,푸에르토리코,2025-05-01,32914716,,,-5.70344248861635,0.032914716
PR,푸에르토리코,2025-06-01,28180766,,,-14.38247256941242,0.028180766
PR,푸에르토리코,2025-07-01,40744172,,,44.58149221351897,0.040744172
PR,푸에르토리코,2025-08-01,29203513,,,-28.32468653430974,0.029203513
PR,푸에르토리코,2025-09-01,27906079,,,-4.442732626037149,0.027906079
PR,푸에르토리코,2025-10-01,31838648,,,14.092158916342212,0.031838648
PR,푸에르토리코,2025-11-01,37473850,,,17.69925029479895,0.03747385
PR,푸에르토리코,2025-12-01,42406672,,,13.163371257556932,0.042406672
PR,푸에르토리코,2026-01-01,21039344,34893762.0,-39.70456954455068,-50.38671273237381,0.021039344
PR,푸에르토리코,2026-02-01,54815749,37395787.0,46.58268590523311,160.53924970284243,0.054815749
PR,푸에르토리코,2026-03-01,32929330,42124199.0,-21.82799725165101,-39.927246091264756,0.03292933
PR,푸에르토리코,2026-04-01,26104297,34905533.0,-25.214443796059495,-20.726303875602692,0.026104297
PR,푸에르토리코,2026-05-01,30877046,32914716.0,-6.190756742364112,18.28338453243923,0.030877046
PR,푸에르토리코,2026-06-01,21402393,28180766.0,-24.053189327784775,-30.68510180669485,0.021402393
PR,푸에르토리코,2026-07-01,34730908,40744172.0,-14.758586823165775,62.275816540701776,0.034730908
FR,프랑스,2025-01-01,476678490,,,,0.47667849
FR,프랑스,2025-02-01,291311145,,,-38.88728962785797,0.291311145
FR,프랑스,2025-03-01,478729145,,,64.33602119822777,0.478729145
FR,프랑스,2025-04-01,448113510,,,-6.395189288088988,0.44811351
FR,프랑스,2025-05-01,500966736,,,11.794606683471788,0.500966736
FR,프랑스,2025-06-01,595846218,,,18.9392778366027,0.595846218
FR,프랑스,2025-07-01,564241669,,,-5.304145271926519,0.564241669
FR,프랑스,2025-08-01,977528083,,,73.24634756813751,0.977528083
FR,프랑스,2025-09-01,529071758,,,-45.876566903705005,0.529071758
FR,프랑스,2025-10-01,473724418,,,-10.461216113523864,0.473724418
FR,프랑스,2025-11-01,732785199,,,54.68596744362879,0.732785199
FR,프랑스,2025-12-01,281780440,,,-61.546652363539344,0.28178044
FR,프랑스,2026-01-01,483670528,476678490.0,1.4668247354731712,71.64801360946132,0.483670528
FR,프랑스,2026-02-01,225344532,291311145.0,-22.644726826362927,-53.40949697063204,0.225344532
FR,프랑스,2026-03-01,317694892,478729145.0,-33.63786280444655,40.98185084872617,0.317694892
FR,프랑스,2026-04-01,778069044,448113510.0,73.63213262639638,144.9107818831409,0.778069044
FR,프랑스,2026-05-01,276647916,500966736.0,-44.777188559681136,-64.44429731097232,0.276647916
FR,프랑스,2026-06-01,340763257,595846218.0,-42.810200567556514,23.175790342841406,0.340763257
FR,프랑스,2026-07-01,564234589,564241669.0,-0.0012547814861929574,65.5796443452822,0.564234589
FJ,피지,2025-01-01,2996571,,,,0.002996571
FJ,피지,2025-02-01,29798612,,,894.423692947706,0.029798612
FJ,피지,2025-03-01,28904008,,,-3.002166678098972,0.028904008
FJ,피지,2025-04-01,2904846,,,-89.95002353998794,0.002904846
FJ,피지,2025-05-01,24521059,,,744.1431662814484,0.024521059
FJ,피지,2025-06-01,18925395,,,-22.81983008972003,0.018925395
FJ,피지,2025-07-01,30722326,,,62.33386938555312,0.030722326
FJ,피지,2025-08-01,31344028,,,2.023616310822307,0.031344028
FJ,피지,2025-09-01,3523845,,,-88.75752344274322,0.003523845
FJ,피지,2025-10-01,18704073,,,430.7859170877266,0.018704073
FJ,피지,2025-11-01,20858252,,,11.517165271970441,0.020858252
FJ,피지,2025-12-01,4080735,,,-80.43587257455707,0.004080735
FJ,피지,2026-01-01,20541925,2996571.0,585.5143762654046,403.38787007732674,0.020541925
FJ,피지,2026-02-01,19343233,29798612.0,-35.08679867371004,-5.835344058553426,0.019343233
FJ,피지,2026-03-01,61363312,28904008.0,112.30035640731901,217.23400116206017,0.061363312
FJ,피지,2026-04-01,42223309,2904846.0,1353.547244845338,-31.191280874800242,0.042223309
FJ,피지,2026-05-01,40497377,24521059.0,65.15345850275062,-4.087628470805072,0.040497377
FJ,피지,2026-06-01,43822952,18925395.0,131.55634003940207,8.211828138894028,0.043822952
FJ,피지,2026-07-01,25907803,30722326.0,-15.671088836177315,-40.88074440991561,0.025907803
PN,피트카이른,2025-01-01,0,,,,0.0
PN,피트카이른,2025-02-01,0,,,,0.0
PN,피트카이른,2025-06-01,4419,,,inf,4.419e-06
PN,피트카이른,2025-11-01,0,,,-100.0,0.0
PN,피트카이른,2025-12-01,0,,,,0.0
FI,핀란드,2025-01-01,45115522,,,,0.045115522
FI,핀란드,2025-02-01,33202906,,,-26.404695040434202,0.033202906
FI,핀란드,2025-03-01,40569648,,,22.187039893435824,0.040569648
FI,핀란드,2025-04-01,27825475,,,-31.41307264977995,0.027825475
FI,핀란드,2025-05-01,40945651,,,47.15166946835589,0.040945651
FI,핀란드,2025-06-01,35046725,,,-14.40672172973877,0.035046725
FI,핀란드,2025-07-01,33216328,,,-5.222733365243116,0.033216328
FI,핀란드,2025-08-01,27550334,,,-17.05785781017095,0.027550334
FI,핀란드,2025-09-01,41683235,,,51.298474276210236,0.041683235
FI,핀란드,2025-10-01,28833838,,,-30.82629503204346,0.028833838
FI,핀란드,2025-11-01,33523302,,,16.263752331548798,0.033523302
FI,핀란드,2025-12-01,66605475,,,98.68411232282548,0.066605475
FI,핀란드,2026-01-01,30334803,45115522.0,-32.761937233043646,-54.455991793467426,0.030334803
FI,핀란드,2026-02-01,26524662,33202906.0,-20.11343223993707,-12.560295842369573,0.026524662
FI,핀란드,2026-03-01,42722397,40569648.0,5.306304358371561,61.0666970987227,0.042722397
FI,핀란드,2026-04-01,52231835,27825475.0,87.71228523502295,22.258671487931725,0.052231835
FI,핀란드,2026-05-01,33723223,40945651.0,-17.63906012875458,-35.43550020787131,0.033723223
FI,핀란드,2026-06-01,35337157,35046725.0,0.8286994005859416,4.785823703742675,0.035337157
FI,핀란드,2026-07-01,34549282,33216328.0,4.012948089867119,-2.229593625769044,0.034549282
PH,필리핀,2025-01-01,880737363,,,,0.880737363
PH,필리핀,2025-02-01,727944622,,,-17.348275140678915,0.727944622
PH,필리핀,2025-03-01,1051397447,,,44.43371311835862,1.051397447
PH,필리핀,2025-04-01,735014953,,,-30.09161710471606,0.735014953
PH,필리핀,2025-05-01,863479029,,,17.477750007080473,0.863479029
PH,필리핀,2025-06-01,1026685164,,,18.900995799401166,1.026685164
PH,필리핀,2025-07-01,1048523588,,,2.1270808974113153,1.048523588
PH,필리핀,2025-08-01,1032043978,,,-1.5716966397898546,1.032043978
PH,필리핀,2025-09-01,1172248816,,,13.58516119358626,1.172248816
PH,필리핀,2025-10-01,778221337,,,-33.61295602281078,0.778221337
PH,필리핀,2025-11-01,1096248984,,,40.86596343220026,1.096248984
PH,필리핀,2025-12-01,1203925892,,,9.822304017752238,1.203925892
PH,필리핀,2026-01-01,1336850427,880737363.0,51.78763649203786,11.04092335610305,1.336850427
PH,필리핀,2026-02-01,1114133792,727944622.0,53.05199850765572,-16.659802061760498,1.114133792
PH,필리핀,2026-03-01,1718916217,1051397447.0,63.48871893351669,54.28274677086537,1.718916217
PH,필리핀,2026-04-01,1595235647,735014953.0,117.03444814135638,-7.195264596191775,1.595235647
PH,필리핀,2026-05-01,1699996902,863479029.0,96.87761310992997,6.567133526448843,1.699996902
PH,필리핀,2026-06-01,1973584066,1026685164.0,92.2287508578433,16.093391916075394,1.973584066
PH,필리핀,2026-07-01,1858304117,1048523588.0,77.23054953342643,-5.841147128515578,1.858304117
RK,해외교포,2025-05-01,0,,,,0.0
HM,허드 앤 맥도날드 군도,2025-04-01,0,,,,0.0
HM,허드 앤 맥도날드 군도,2026-04-01,2332,,,inf,2.332e-06
HM,허드 앤 맥도날드 군도,2026-06-01,0,,,-100.0,0.0
HU,헝가리,2025-01-01,254477023,,,,0.254477023
HU,헝가리,2025-02-01,331912909,,,30.42942151991459,0.331912909
HU,헝가리,2025-03-01,424792450,,,27.98310595385731,0.42479245
HU,헝가리,2025-04-01,367085917,,,-13.584641864515245,0.367085917
HU,헝가리,2025-05-01,390045715,,,6.25461150556752,0.390045715
HU,헝가리,2025-06-01,379769043,,,-2.6347352643010025,0.379769043
HU,헝가리,2025-07-01,351906030,,,-7.336831032854885,0.35190603
HU,헝가리,2025-08-01,211584033,,,-39.874848691851064,0.211584033
HU,헝가리,2025-09-01,290802617,,,37.44071935711708,0.290802617
HU,헝가리,2025-10-01,257721355,,,-11.37584741886969,0.257721355
HU,헝가리,2025-11-01,353978865,,,37.349450533503514,0.353978865
HU,헝가리,2025-12-01,266311613,,,-24.76623908040385,0.266311613
HU,헝가리,2026-01-01,282137296,254477023.0,10.86945794709333,5.942543331747241,0.282137296
HU,헝가리,2026-02-01,420142524,331912909.0,26.58215833358866,48.914209484732574,0.420142524
HU,헝가리,2026-03-01,372459551,424792450.0,-12.319639626363422,-11.349237526835065,0.372459551
HU,헝가리,2026-04-01,375908769,367085917.0,2.4034841957720765,0.9260651232434025,0.375908769
HU,헝가리,2026-05-01,250124490,390045715.0,-35.8730322162365,-33.46138461590398,0.25012449
HU,헝가리,2026-06-01,392398185,379769043.0,3.3254795862863507,56.88115346082265,0.392398185
HU,헝가리,2026-07-01,267529920,351906030.0,-23.976886670569407,-31.821825322663,0.26752992
AU,호주,2025-01-01,909426750,,,,0.90942675
AU,호주,2025-02-01,991920941,,,9.071009952148422,0.991920941
AU,호주,2025-03-01,902184940,,,-9.046688832835114,0.90218494
AU,호주,2025-04-01,1311044553,,,45.318824874199294,1.311044553
AU,호주,2025-05-01,1136166281,,,-13.338850430356041,1.136166281
AU,호주,2025-06-01,1205201192,,,6.07612742557706,1.205201192
AU,호주,2025-07-01,1203119363,,,-0.1727370511926951,1.203119363
AU,호주,2025-08-01,1499722065,,,24.652807620053242,1.499722065
AU,호주,2025-09-01,1344040566,,,-10.38069003805715,1.344040566
AU,호주,2025-10-01,1267222860,,,-5.715430615953599,1.26722286
AU,호주,2025-11-01,1002756370,,,-20.86976950526287,1.00275637
AU,호주,2025-12-01,1400777577,,,39.69271289695222,1.400777577
AU,호주,2026-01-01,1232941505,909426750.0,35.5734813166646,-11.98163611095554,1.232941505
AU,호주,2026-02-01,1143776769,991920941.0,15.309267273549775,-7.231870744752,1.143776769
AU,호주,2026-03-01,2827369918,902184940.0,213.39138935305218,147.19595594444178,2.827369918
AU,호주,2026-04-01,2205441124,1311044553.0,68.22015079147351,-21.996725297266174,2.205441124
AU,호주,2026-05-01,2095884990,1136166281.0,84.46991651215885,-4.967538367167945,2.09588499
AU,호주,2026-06-01,2054191835,1205201192.0,70.44389340431385,-1.9892863968647423,2.054191835
AU,호주,2026-07-01,1806271070,1203119363.0,50.1323248173839,-12.069017156812912,1.80627107
HK,홍콩,2025-01-01,1685484400,,,,1.6854844
HK,홍콩,2025-02-01,1888439729,,,12.041365022423234,1.888439729
HK,홍콩,2025-03-01,2681760442,,,42.00932128345409,2.681760442
HK,홍콩,2025-04-01,2515706686,,,-6.1919682831983565,2.515706686
HK,홍콩,2025-05-01,2855506442,,,13.507129344251378,2.855506442
HK,홍콩,2025-06-01,3181148603,,,11.404007226540159,3.181148603
HK,홍콩,2025-07-01,2348328710,,,-26.179848756974277,2.34832871
HK,홍콩,2025-08-01,2726867301,,,16.11948912382033,2.726867301
HK,홍콩,2025-09-01,3496990927,,,28.24206464750152,3.496990927
HK,홍콩,2025-10-01,3064910159,,,-12.355787504735494,3.064910159
HK,홍콩,2025-11-01,3762282255,,,22.75342701162679,3.762282255
HK,홍콩,2025-12-01,4624113700,,,22.907144828239367,4.6241137
HK,홍콩,2026-01-01,4329293204,1685484400.0,156.857506601663,-6.375719005352309,4.329293204
HK,홍콩,2026-02-01,4984128291,1888439729.0,163.92837507391795,15.125681171119876,4.984128291
HK,홍콩,2026-03-01,7860307559,2681760442.0,193.10252459156828,57.70676636060128,7.860307559
HK,홍콩,2026-04-01,5541634002,2515706686.0,120.28140374390213,-29.498509308902733,5.541634002
HK,홍콩,2026-05-01,6466679096,2855506442.0,126.46347425049865,16.69264144232816,6.466679096
HK,홍콩,2026-06-01,9095014345,3181148603.0,185.90347324305742,40.64428139979563,9.095014345
HK,홍콩,2026-07-01,6654371934,2348328710.0,183.3662896366838,-26.83494844999059,6.654371934
