dlr,godsCd,godsKor,impexp,statCd,statCdCntnKor1,wgt,year,_QUERY_CODE,_QUERY_NAME
2341862,34010101,(메모리반도체),수출,AE,아랍에미리트 연합,270,2025.09,34010101,(메모리반도체)
3993540,34010101,(메모리반도체),수출,AT,오스트리아,260,2025.09,34010101,(메모리반도체)
600,34010101,(메모리반도체),수출,AU,호주,0,2025.09,34010101,(메모리반도체)
6815,34010101,(메모리반도체),수출,BA,보스니아-헤르체고비나,3,2025.09,34010101,(메모리반도체)
2454,34010101,(메모리반도체),수출,BG,불가리아,0,2025.09,34010101,(메모리반도체)
46606374,34010101,(메모리반도체),수출,BR,브라질,1613,2025.09,34010101,(메모리반도체)
2421670,34010101,(메모리반도체),수출,CA,캐나다,92,2025.09,34010101,(메모리반도체)
2858852619,34010101,(메모리반도체),수출,CN,중국,171344,2025.09,34010101,(메모리반도체)
118,34010101,(메모리반도체),수출,CR,코스타리카,0,2025.09,34010101,(메모리반도체)
15108640,34010101,(메모리반도체),수출,CZ,체코공화국,1679,2025.09,34010101,(메모리반도체)
82018089,34010101,(메모리반도체),수출,DE,독일,6602,2025.09,34010101,(메모리반도체)
7260,34010101,(메모리반도체),수출,EE,에스토니아,0,2025.09,34010101,(메모리반도체)
4304910,34010101,(메모리반도체),수출,EG,이집트,343,2025.09,34010101,(메모리반도체)
225162,34010101,(메모리반도체),수출,ES,스페인,23,2025.09,34010101,(메모리반도체)
1351084,34010101,(메모리반도체),수출,FR,프랑스,124,2025.09,34010101,(메모리반도체)
8231111,34010101,(메모리반도체),수출,GB,영국,819,2025.09,34010101,(메모리반도체)
2345259938,34010101,(메모리반도체),수출,HK,홍콩,154756,2025.09,34010101,(메모리반도체)
5783158,34010101,(메모리반도체),수출,HU,헝가리,373,2025.09,34010101,(메모리반도체)
30317612,34010101,(메모리반도체),수출,ID,인도네시아,1840,2025.09,34010101,(메모리반도체)
65465064,34010101,(메모리반도체),수출,IE,아일랜드,6652,2025.09,34010101,(메모리반도체)
29058,34010101,(메모리반도체),수출,IL,이스라엘,6,2025.09,34010101,(메모리반도체)
157569533,34010101,(메모리반도체),수출,IN,인도,3817,2025.09,34010101,(메모리반도체)
2410,34010101,(메모리반도체),수출,IT,이탈리아,1,2025.09,34010101,(메모리반도체)
69080911,34010101,(메모리반도체),수출,JP,일본,3606,2025.09,34010101,(메모리반도체)
25292325,34010101,(메모리반도체),수출,MX,멕시코,2181,2025.09,34010101,(메모리반도체)
91747936,34010101,(메모리반도체),수출,MY,말레이시아,3963,2025.09,34010101,(메모리반도체)
74808184,34010101,(메모리반도체),수출,NL,네덜란드,5584,2025.09,34010101,(메모리반도체)
134005827,34010101,(메모리반도체),수출,PH,필리핀,6381,2025.09,34010101,(메모리반도체)
23214570,34010101,(메모리반도체),수출,PL,폴란드,3399,2025.09,34010101,(메모리반도체)
6363846,34010101,(메모리반도체),수출,PT,포루투갈,186,2025.09,34010101,(메모리반도체)
144627,34010101,(메모리반도체),수출,SE,스웨덴,23,2025.09,34010101,(메모리반도체)
116484406,34010101,(메모리반도체),수출,SG,싱가포르,11556,2025.09,34010101,(메모리반도체)
170083,34010101,(메모리반도체),수출,SK,슬로바키아,18,2025.09,34010101,(메모리반도체)
40858447,34010101,(메모리반도체),수출,TH,태국,2622,2025.09,34010101,(메모리반도체)
3451538,34010101,(메모리반도체),수출,TR,튀르키예,181,2025.09,34010101,(메모리반도체)
3348065183,34010101,(메모리반도체),수출,TW,대만,38091,2025.09,34010101,(메모리반도체)
1186101929,34010101,(메모리반도체),수출,US,미국,119747,2025.09,34010101,(메모리반도체)
100,34010101,(메모리반도체),수출,UY,우루과이,10,2025.09,34010101,(메모리반도체)
1041624478,34010101,(메모리반도체),수출,VN,베트남,92593,2025.09,34010101,(메모리반도체)
42320,34010101,(메모리반도체),수출,ZA,남아프리카공화국,143,2025.09,34010101,(메모리반도체)
51667,34010101,(메모리반도체),수출,AE,아랍에미리트 연합,18,2025.10,34010101,(메모리반도체)
2679746,34010101,(메모리반도체),수출,AT,오스트리아,154,2025.10,34010101,(메모리반도체)
1013,34010101,(메모리반도체),수출,AU,호주,1,2025.10,34010101,(메모리반도체)
76885732,34010101,(메모리반도체),수출,BR,브라질,2420,2025.10,34010101,(메모리반도체)
679936,34010101,(메모리반도체),수출,CA,캐나다,6,2025.10,34010101,(메모리반도체)
3246862215,34010101,(메모리반도체),수출,CN,중국,151382,2025.10,34010101,(메모리반도체)
818680,34010101,(메모리반도체),수출,CR,코스타리카,14,2025.10,34010101,(메모리반도체)
16225598,34010101,(메모리반도체),수출,CZ,체코공화국,1519,2025.10,34010101,(메모리반도체)
73538971,34010101,(메모리반도체),수출,DE,독일,6569,2025.10,34010101,(메모리반도체)
4838,34010101,(메모리반도체),수출,EE,에스토니아,0,2025.10,34010101,(메모리반도체)
9529352,34010101,(메모리반도체),수출,EG,이집트,491,2025.10,34010101,(메모리반도체)
286841,34010101,(메모리반도체),수출,ES,스페인,31,2025.10,34010101,(메모리반도체)
3592,34010101,(메모리반도체),수출,FI,핀란드,0,2025.10,34010101,(메모리반도체)
4845,34010101,(메모리반도체),수출,FR,프랑스,0,2025.10,34010101,(메모리반도체)
17642,34010101,(메모리반도체),수출,GB,영국,4,2025.10,34010101,(메모리반도체)
1542108339,34010101,(메모리반도체),수출,HK,홍콩,99101,2025.10,34010101,(메모리반도체)
1522919,34010101,(메모리반도체),수출,HU,헝가리,124,2025.10,34010101,(메모리반도체)
15731888,34010101,(메모리반도체),수출,ID,인도네시아,1075,2025.10,34010101,(메모리반도체)
2087622,34010101,(메모리반도체),수출,IE,아일랜드,81,2025.10,34010101,(메모리반도체)
94752,34010101,(메모리반도체),수출,IL,이스라엘,15,2025.10,34010101,(메모리반도체)
76364128,34010101,(메모리반도체),수출,IN,인도,3391,2025.10,34010101,(메모리반도체)
27086,34010101,(메모리반도체),수출,IQ,이라크,14,2025.10,34010101,(메모리반도체)
3000,34010101,(메모리반도체),수출,IT,이탈리아,2,2025.10,34010101,(메모리반도체)
44396283,34010101,(메모리반도체),수출,JP,일본,2339,2025.10,34010101,(메모리반도체)
132,34010101,(메모리반도체),수출,MO,마카오,1,2025.10,34010101,(메모리반도체)
26739385,34010101,(메모리반도체),수출,MX,멕시코,2713,2025.10,34010101,(메모리반도체)
33324975,34010101,(메모리반도체),수출,MY,말레이시아,2413,2025.10,34010101,(메모리반도체)
206226763,34010101,(메모리반도체),수출,NL,네덜란드,16551,2025.10,34010101,(메모리반도체)
114101931,34010101,(메모리반도체),수출,PH,필리핀,4694,2025.10,34010101,(메모리반도체)
24112296,34010101,(메모리반도체),수출,PL,폴란드,2830,2025.10,34010101,(메모리반도체)
2058520,34010101,(메모리반도체),수출,PT,포루투갈,67,2025.10,34010101,(메모리반도체)
3018,34010101,(메모리반도체),수출,SE,스웨덴,1,2025.10,34010101,(메모리반도체)
127509020,34010101,(메모리반도체),수출,SG,싱가포르,3109,2025.10,34010101,(메모리반도체)
411724,34010101,(메모리반도체),수출,SK,슬로바키아,32,2025.10,34010101,(메모리반도체)
60042180,34010101,(메모리반도체),수출,TH,태국,2594,2025.10,34010101,(메모리반도체)
7623808,34010101,(메모리반도체),수출,TR,튀르키예,212,2025.10,34010101,(메모리반도체)
3203792182,34010101,(메모리반도체),수출,TW,대만,37280,2025.10,34010101,(메모리반도체)
1120035166,34010101,(메모리반도체),수출,US,미국,87640,2025.10,34010101,(메모리반도체)
852567641,34010101,(메모리반도체),수출,VN,베트남,83744,2025.10,34010101,(메모리반도체)
41853,34010101,(메모리반도체),수출,ZA,남아프리카공화국,147,2025.10,34010101,(메모리반도체)
43126,34010101,(메모리반도체),수출,AE,아랍에미리트 연합,17,2025.11,34010101,(메모리반도체)
5772521,34010101,(메모리반도체),수출,AT,오스트리아,308,2025.11,34010101,(메모리반도체)
59757795,34010101,(메모리반도체),수출,BR,브라질,2282,2025.11,34010101,(메모리반도체)
12773826,34010101,(메모리반도체),수출,CA,캐나다,195,2025.11,34010101,(메모리반도체)
3680844893,34010101,(메모리반도체),수출,CN,중국,151385,2025.11,34010101,(메모리반도체)
638,34010101,(메모리반도체),수출,CR,코스타리카,0,2025.11,34010101,(메모리반도체)
33214462,34010101,(메모리반도체),수출,CZ,체코공화국,2041,2025.11,34010101,(메모리반도체)
80317700,34010101,(메모리반도체),수출,DE,독일,6596,2025.11,34010101,(메모리반도체)
4032,34010101,(메모리반도체),수출,EE,에스토니아,0,2025.11,34010101,(메모리반도체)
7232096,34010101,(메모리반도체),수출,EG,이집트,371,2025.11,34010101,(메모리반도체)
192090,34010101,(메모리반도체),수출,ES,스페인,19,2025.11,34010101,(메모리반도체)
1663471,34010101,(메모리반도체),수출,FR,프랑스,39,2025.11,34010101,(메모리반도체)
11880458,34010101,(메모리반도체),수출,GB,영국,601,2025.11,34010101,(메모리반도체)
2319581652,34010101,(메모리반도체),수출,HK,홍콩,110756,2025.11,34010101,(메모리반도체)
3468348,34010101,(메모리반도체),수출,HU,헝가리,204,2025.11,34010101,(메모리반도체)
25892913,34010101,(메모리반도체),수출,ID,인도네시아,811,2025.11,34010101,(메모리반도체)
1068042,34010101,(메모리반도체),수출,IE,아일랜드,403,2025.11,34010101,(메모리반도체)
1804428,34010101,(메모리반도체),수출,IL,이스라엘,172,2025.11,34010101,(메모리반도체)
119902881,34010101,(메모리반도체),수출,IN,인도,2931,2025.11,34010101,(메모리반도체)
1674,34010101,(메모리반도체),수출,IT,이탈리아,1,2025.11,34010101,(메모리반도체)
62378664,34010101,(메모리반도체),수출,JP,일본,2545,2025.11,34010101,(메모리반도체)
126,34010101,(메모리반도체),수출,MO,마카오,1,2025.11,34010101,(메모리반도체)
39726902,34010101,(메모리반도체),수출,MX,멕시코,1922,2025.11,34010101,(메모리반도체)
508275474,34010101,(메모리반도체),수출,MY,말레이시아,2302,2025.11,34010101,(메모리반도체)
75138871,34010101,(메모리반도체),수출,NL,네덜란드,4958,2025.11,34010101,(메모리반도체)
376719927,34010101,(메모리반도체),수출,PH,필리핀,11776,2025.11,34010101,(메모리반도체)
33692408,34010101,(메모리반도체),수출,PL,폴란드,3971,2025.11,34010101,(메모리반도체)
13297854,34010101,(메모리반도체),수출,PT,포루투갈,336,2025.11,34010101,(메모리반도체)
342866,34010101,(메모리반도체),수출,SE,스웨덴,14,2025.11,34010101,(메모리반도체)
235340897,34010101,(메모리반도체),수출,SG,싱가포르,9670,2025.11,34010101,(메모리반도체)
357718,34010101,(메모리반도체),수출,SK,슬로바키아,49,2025.11,34010101,(메모리반도체)
142898844,34010101,(메모리반도체),수출,TH,태국,3531,2025.11,34010101,(메모리반도체)
9987664,34010101,(메모리반도체),수출,TR,튀르키예,279,2025.11,34010101,(메모리반도체)
2463571039,34010101,(메모리반도체),수출,TW,대만,35819,2025.11,34010101,(메모리반도체)
1378700584,34010101,(메모리반도체),수출,US,미국,100217,2025.11,34010101,(메모리반도체)
500,34010101,(메모리반도체),수출,UZ,우즈베키스탄,1,2025.11,34010101,(메모리반도체)
1075857724,34010101,(메모리반도체),수출,VN,베트남,71204,2025.11,34010101,(메모리반도체)
41861,34010101,(메모리반도체),수출,ZA,남아프리카공화국,3,2025.11,34010101,(메모리반도체)
2530979,34010101,(메모리반도체),수출,AE,아랍에미리트 연합,472,2025.12,34010101,(메모리반도체)
17929177,34010101,(메모리반도체),수출,AT,오스트리아,1034,2025.12,34010101,(메모리반도체)
64356862,34010101,(메모리반도체),수출,BR,브라질,2012,2025.12,34010101,(메모리반도체)
9174925,34010101,(메모리반도체),수출,CA,캐나다,106,2025.12,34010101,(메모리반도체)
4291076991,34010101,(메모리반도체),수출,CN,중국,171640,2025.12,34010101,(메모리반도체)
159974,34010101,(메모리반도체),수출,CR,코스타리카,16,2025.12,34010101,(메모리반도체)
40640821,34010101,(메모리반도체),수출,CZ,체코공화국,2880,2025.12,34010101,(메모리반도체)
72825194,34010101,(메모리반도체),수출,DE,독일,3214,2025.12,34010101,(메모리반도체)
11978878,34010101,(메모리반도체),수출,EG,이집트,625,2025.12,34010101,(메모리반도체)
81124,34010101,(메모리반도체),수출,ES,스페인,8,2025.12,34010101,(메모리반도체)
25048,34010101,(메모리반도체),수출,FR,프랑스,5,2025.12,34010101,(메모리반도체)
7541243,34010101,(메모리반도체),수출,GB,영국,301,2025.12,34010101,(메모리반도체)
3155195999,34010101,(메모리반도체),수출,HK,홍콩,135823,2025.12,34010101,(메모리반도체)
5619746,34010101,(메모리반도체),수출,HU,헝가리,302,2025.12,34010101,(메모리반도체)
39822550,34010101,(메모리반도체),수출,ID,인도네시아,1035,2025.12,34010101,(메모리반도체)
16300151,34010101,(메모리반도체),수출,IE,아일랜드,733,2025.12,34010101,(메모리반도체)
194252,34010101,(메모리반도체),수출,IL,이스라엘,9,2025.12,34010101,(메모리반도체)
166127476,34010101,(메모리반도체),수출,IN,인도,4735,2025.12,34010101,(메모리반도체)
1173,34010101,(메모리반도체),수출,IT,이탈리아,1,2025.12,34010101,(메모리반도체)
64423911,34010101,(메모리반도체),수출,JP,일본,3233,2025.12,34010101,(메모리반도체)
540,34010101,(메모리반도체),수출,LK,스리랑카,25,2025.12,34010101,(메모리반도체)
27097559,34010101,(메모리반도체),수출,MX,멕시코,2224,2025.12,34010101,(메모리반도체)
485300887,34010101,(메모리반도체),수출,MY,말레이시아,2925,2025.12,34010101,(메모리반도체)
142365609,34010101,(메모리반도체),수출,NL,네덜란드,5370,2025.12,34010101,(메모리반도체)
611,34010101,(메모리반도체),수출,NZ,뉴질랜드,0,2025.12,34010101,(메모리반도체)
366738716,34010101,(메모리반도체),수출,PH,필리핀,11190,2025.12,34010101,(메모리반도체)
85842,34010101,(메모리반도체),수출,PK,파키스탄,31,2025.12,34010101,(메모리반도체)
60369323,34010101,(메모리반도체),수출,PL,폴란드,4693,2025.12,34010101,(메모리반도체)
4902788,34010101,(메모리반도체),수출,PT,포루투갈,135,2025.12,34010101,(메모리반도체)
4119612,34010101,(메모리반도체),수출,SE,스웨덴,191,2025.12,34010101,(메모리반도체)
356783175,34010101,(메모리반도체),수출,SG,싱가포르,2970,2025.12,34010101,(메모리반도체)
564863,34010101,(메모리반도체),수출,SK,슬로바키아,81,2025.12,34010101,(메모리반도체)
35060983,34010101,(메모리반도체),수출,TH,태국,2221,2025.12,34010101,(메모리반도체)
12825235,34010101,(메모리반도체),수출,TR,튀르키예,288,2025.12,34010101,(메모리반도체)
3125488135,34010101,(메모리반도체),수출,TW,대만,44093,2025.12,34010101,(메모리반도체)
1962295301,34010101,(메모리반도체),수출,US,미국,126653,2025.12,34010101,(메모리반도체)
37,34010101,(메모리반도체),수출,UZ,우즈베키스탄,0,2025.12,34010101,(메모리반도체)
1576729863,34010101,(메모리반도체),수출,VN,베트남,85638,2025.12,34010101,(메모리반도체)
34481,34010101,(메모리반도체),수출,AE,아랍에미리트 연합,1,2026.01,34010101,(메모리반도체)
91221,34010101,(메모리반도체),수출,AR,아르헨티나,598,2026.01,34010101,(메모리반도체)
7789991,34010101,(메모리반도체),수출,AT,오스트리아,398,2026.01,34010101,(메모리반도체)
6555,34010101,(메모리반도체),수출,BA,보스니아-헤르체고비나,1,2026.01,34010101,(메모리반도체)
64448005,34010101,(메모리반도체),수출,BR,브라질,1716,2026.01,34010101,(메모리반도체)
1530479,34010101,(메모리반도체),수출,CA,캐나다,4,2026.01,34010101,(메모리반도체)
68,34010101,(메모리반도체),수출,CH,스위스,0,2026.01,34010101,(메모리반도체)
5109919916,34010101,(메모리반도체),수출,CN,중국,146797,2026.01,34010101,(메모리반도체)
10296222,34010101,(메모리반도체),수출,CZ,체코공화국,925,2026.01,34010101,(메모리반도체)
53290067,34010101,(메모리반도체),수출,DE,독일,2423,2026.01,34010101,(메모리반도체)
107,34010101,(메모리반도체),수출,DK,덴마크,1,2026.01,34010101,(메모리반도체)
57,34010101,(메모리반도체),수출,DZ,알제리,1,2026.01,34010101,(메모리반도체)
5187353,34010101,(메모리반도체),수출,EG,이집트,208,2026.01,34010101,(메모리반도체)
313335,34010101,(메모리반도체),수출,ES,스페인,22,2026.01,34010101,(메모리반도체)
38130,34010101,(메모리반도체),수출,FR,프랑스,2,2026.01,34010101,(메모리반도체)
6068,34010101,(메모리반도체),수출,GB,영국,3,2026.01,34010101,(메모리반도체)
2929831061,34010101,(메모리반도체),수출,HK,홍콩,95047,2026.01,34010101,(메모리반도체)
10320200,34010101,(메모리반도체),수출,HU,헝가리,164,2026.01,34010101,(메모리반도체)
46721395,34010101,(메모리반도체),수출,ID,인도네시아,1820,2026.01,34010101,(메모리반도체)
377507,34010101,(메모리반도체),수출,IE,아일랜드,46,2026.01,34010101,(메모리반도체)
92076,34010101,(메모리반도체),수출,IL,이스라엘,6,2026.01,34010101,(메모리반도체)
130243957,34010101,(메모리반도체),수출,IN,인도,4944,2026.01,34010101,(메모리반도체)
73,34010101,(메모리반도체),수출,IT,이탈리아,1,2026.01,34010101,(메모리반도체)
89188678,34010101,(메모리반도체),수출,JP,일본,2364,2026.01,34010101,(메모리반도체)
81,34010101,(메모리반도체),수출,MO,마카오,0,2026.01,34010101,(메모리반도체)
13486216,34010101,(메모리반도체),수출,MX,멕시코,1117,2026.01,34010101,(메모리반도체)
80126621,34010101,(메모리반도체),수출,MY,말레이시아,2109,2026.01,34010101,(메모리반도체)
11889504,34010101,(메모리반도체),수출,NL,네덜란드,689,2026.01,34010101,(메모리반도체)
411,34010101,(메모리반도체),수출,NO,노르웨이,4,2026.01,34010101,(메모리반도체)
416677073,34010101,(메모리반도체),수출,PH,필리핀,8910,2026.01,34010101,(메모리반도체)
64442897,34010101,(메모리반도체),수출,PL,폴란드,3143,2026.01,34010101,(메모리반도체)
2033653,34010101,(메모리반도체),수출,PT,포루투갈,59,2026.01,34010101,(메모리반도체)
74,34010101,(메모리반도체),수출,RO,루마니아,0,2026.01,34010101,(메모리반도체)
960,34010101,(메모리반도체),수출,SE,스웨덴,2,2026.01,34010101,(메모리반도체)
85551569,34010101,(메모리반도체),수출,SG,싱가포르,2658,2026.01,34010101,(메모리반도체)
826750,34010101,(메모리반도체),수출,SK,슬로바키아,78,2026.01,34010101,(메모리반도체)
241626422,34010101,(메모리반도체),수출,TH,태국,2102,2026.01,34010101,(메모리반도체)
5224698,34010101,(메모리반도체),수출,TR,튀르키예,129,2026.01,34010101,(메모리반도체)
2521100141,34010101,(메모리반도체),수출,TW,대만,30247,2026.01,34010101,(메모리반도체)
2211532225,34010101,(메모리반도체),수출,US,미국,85675,2026.01,34010101,(메모리반도체)
1605621114,34010101,(메모리반도체),수출,VN,베트남,74712,2026.01,34010101,(메모리반도체)
41892,34010101,(메모리반도체),수출,ZA,남아프리카공화국,6,2026.01,34010101,(메모리반도체)
1187184,34010101,(메모리반도체),수출,AE,아랍에미리트 연합,48,2026.02,34010101,(메모리반도체)
17414185,34010101,(메모리반도체),수출,AT,오스트리아,492,2026.02,34010101,(메모리반도체)
126,34010101,(메모리반도체),수출,AU,호주,1,2026.02,34010101,(메모리반도체)
36,34010101,(메모리반도체),수출,BE,벨기에,0,2026.02,34010101,(메모리반도체)
492,34010101,(메모리반도체),수출,BG,불가리아,0,2026.02,34010101,(메모리반도체)
99701239,34010101,(메모리반도체),수출,BR,브라질,1886,2026.02,34010101,(메모리반도체)
25621438,34010101,(메모리반도체),수출,CA,캐나다,245,2026.02,34010101,(메모리반도체)
119,34010101,(메모리반도체),수출,CH,스위스,0,2026.02,34010101,(메모리반도체)
5864134280,34010101,(메모리반도체),수출,CN,중국,133125,2026.02,34010101,(메모리반도체)
4,34010101,(메모리반도체),수출,CO,콜롬비아,0,2026.02,34010101,(메모리반도체)
81360,34010101,(메모리반도체),수출,CR,코스타리카,7,2026.02,34010101,(메모리반도체)
14,34010101,(메모리반도체),수출,CY,사이프러스,0,2026.02,34010101,(메모리반도체)
27904084,34010101,(메모리반도체),수출,CZ,체코공화국,1717,2026.02,34010101,(메모리반도체)
69922313,34010101,(메모리반도체),수출,DE,독일,2036,2026.02,34010101,(메모리반도체)
64,34010101,(메모리반도체),수출,DK,덴마크,0,2026.02,34010101,(메모리반도체)
7588385,34010101,(메모리반도체),수출,EG,이집트,240,2026.02,34010101,(메모리반도체)
197603,34010101,(메모리반도체),수출,ES,스페인,14,2026.02,34010101,(메모리반도체)
9154781,34010101,(메모리반도체),수출,FR,프랑스,283,2026.02,34010101,(메모리반도체)
1396537,34010101,(메모리반도체),수출,GB,영국,32,2026.02,34010101,(메모리반도체)
46,34010101,(메모리반도체),수출,GR,그리스,0,2026.02,34010101,(메모리반도체)
3481533120,34010101,(메모리반도체),수출,HK,홍콩,92558,2026.02,34010101,(메모리반도체)
14023358,34010101,(메모리반도체),수출,HU,헝가리,231,2026.02,34010101,(메모리반도체)
58370788,34010101,(메모리반도체),수출,ID,인도네시아,1790,2026.02,34010101,(메모리반도체)
26659508,34010101,(메모리반도체),수출,IE,아일랜드,503,2026.02,34010101,(메모리반도체)
253535,34010101,(메모리반도체),수출,IL,이스라엘,11,2026.02,34010101,(메모리반도체)
212242773,34010101,(메모리반도체),수출,IN,인도,2972,2026.02,34010101,(메모리반도체)
102706266,34010101,(메모리반도체),수출,JP,일본,2267,2026.02,34010101,(메모리반도체)
36080618,34010101,(메모리반도체),수출,MX,멕시코,2259,2026.02,34010101,(메모리반도체)
937416679,34010101,(메모리반도체),수출,MY,말레이시아,4740,2026.02,34010101,(메모리반도체)
353465065,34010101,(메모리반도체),수출,NL,네덜란드,10906,2026.02,34010101,(메모리반도체)
392757351,34010101,(메모리반도체),수출,PH,필리핀,7492,2026.02,34010101,(메모리반도체)
108560655,34010101,(메모리반도체),수출,PL,폴란드,3616,2026.02,34010101,(메모리반도체)
5583053,34010101,(메모리반도체),수출,PT,포루투갈,125,2026.02,34010101,(메모리반도체)
70,34010101,(메모리반도체),수출,RS,세르비아,0,2026.02,34010101,(메모리반도체)
23290,34010101,(메모리반도체),수출,SE,스웨덴,5,2026.02,34010101,(메모리반도체)
634642188,34010101,(메모리반도체),수출,SG,싱가포르,6202,2026.02,34010101,(메모리반도체)
961845,34010101,(메모리반도체),수출,SK,슬로바키아,87,2026.02,34010101,(메모리반도체)
102231845,34010101,(메모리반도체),수출,TH,태국,3232,2026.02,34010101,(메모리반도체)
5481819,34010101,(메모리반도체),수출,TR,튀르키예,161,2026.02,34010101,(메모리반도체)
3092114665,34010101,(메모리반도체),수출,TW,대만,31333,2026.02,34010101,(메모리반도체)
3506451072,34010101,(메모리반도체),수출,US,미국,105004,2026.02,34010101,(메모리반도체)
1821278643,34010101,(메모리반도체),수출,VN,베트남,64695,2026.02,34010101,(메모리반도체)
65264,34010101,(메모리반도체),수출,ZA,남아프리카공화국,49,2026.02,34010101,(메모리반도체)
36,34010101,(메모리반도체),수출,ZZ,기타국,0,2026.02,34010101,(메모리반도체)
218100,34010101,(메모리반도체),수출,AE,아랍에미리트 연합,23,2026.03,34010101,(메모리반도체)
60814,34010101,(메모리반도체),수출,AR,아르헨티나,118,2026.03,34010101,(메모리반도체)
22394700,34010101,(메모리반도체),수출,AT,오스트리아,544,2026.03,34010101,(메모리반도체)
31,34010101,(메모리반도체),수출,AU,호주,0,2026.03,34010101,(메모리반도체)
221856,34010101,(메모리반도체),수출,BD,방글라데시,1,2026.03,34010101,(메모리반도체)
456,34010101,(메모리반도체),수출,BG,불가리아,2,2026.03,34010101,(메모리반도체)
155368375,34010101,(메모리반도체),수출,BR,브라질,3125,2026.03,34010101,(메모리반도체)
13570791,34010101,(메모리반도체),수출,CA,캐나다,81,2026.03,34010101,(메모리반도체)
151,34010101,(메모리반도체),수출,CH,스위스,1,2026.03,34010101,(메모리반도체)
28,34010101,(메모리반도체),수출,CL,칠레,1,2026.03,34010101,(메모리반도체)
7702001946,34010101,(메모리반도체),수출,CN,중국,141286,2026.03,34010101,(메모리반도체)
32828,34010101,(메모리반도체),수출,CR,코스타리카,3,2026.03,34010101,(메모리반도체)
34935012,34010101,(메모리반도체),수출,CZ,체코공화국,3490,2026.03,34010101,(메모리반도체)
96029787,34010101,(메모리반도체),수출,DE,독일,2769,2026.03,34010101,(메모리반도체)
2,34010101,(메모리반도체),수출,DK,덴마크,1,2026.03,34010101,(메모리반도체)
8195,34010101,(메모리반도체),수출,EE,에스토니아,0,2026.03,34010101,(메모리반도체)
7656357,34010101,(메모리반도체),수출,EG,이집트,327,2026.03,34010101,(메모리반도체)
218945,34010101,(메모리반도체),수출,ES,스페인,15,2026.03,34010101,(메모리반도체)
12589493,34010101,(메모리반도체),수출,FR,프랑스,315,2026.03,34010101,(메모리반도체)
10792105,34010101,(메모리반도체),수출,GB,영국,113,2026.03,34010101,(메모리반도체)
5853759189,34010101,(메모리반도체),수출,HK,홍콩,157614,2026.03,34010101,(메모리반도체)
14007963,34010101,(메모리반도체),수출,HU,헝가리,385,2026.03,34010101,(메모리반도체)
46413904,34010101,(메모리반도체),수출,ID,인도네시아,2264,2026.03,34010101,(메모리반도체)
29955295,34010101,(메모리반도체),수출,IE,아일랜드,230,2026.03,34010101,(메모리반도체)
222551370,34010101,(메모리반도체),수출,IN,인도,4532,2026.03,34010101,(메모리반도체)
5642,34010101,(메모리반도체),수출,IT,이탈리아,10,2026.03,34010101,(메모리반도체)
115136627,34010101,(메모리반도체),수출,JP,일본,1975,2026.03,34010101,(메모리반도체)
141,34010101,(메모리반도체),수출,KE,케냐,1,2026.03,34010101,(메모리반도체)
11,34010101,(메모리반도체),수출,KZ,카자흐스탄,0,2026.03,34010101,(메모리반도체)
75348121,34010101,(메모리반도체),수출,MX,멕시코,3374,2026.03,34010101,(메모리반도체)
634859100,34010101,(메모리반도체),수출,MY,말레이시아,3431,2026.03,34010101,(메모리반도체)
195,34010101,(메모리반도체),수출,MZ,모잠비크,19,2026.03,34010101,(메모리반도체)
689390344,34010101,(메모리반도체),수출,NL,네덜란드,20238,2026.03,34010101,(메모리반도체)
78,34010101,(메모리반도체),수출,PA,파나마,0,2026.03,34010101,(메모리반도체)
725137228,34010101,(메모리반도체),수출,PH,필리핀,14361,2026.03,34010101,(메모리반도체)
47958366,34010101,(메모리반도체),수출,PL,폴란드,3426,2026.03,34010101,(메모리반도체)
6046773,34010101,(메모리반도체),수출,PT,포루투갈,117,2026.03,34010101,(메모리반도체)
2,34010101,(메모리반도체),수출,RO,루마니아,0,2026.03,34010101,(메모리반도체)
1429679,34010101,(메모리반도체),수출,SE,스웨덴,14,2026.03,34010101,(메모리반도체)
287194430,34010101,(메모리반도체),수출,SG,싱가포르,4382,2026.03,34010101,(메모리반도체)
1221572,34010101,(메모리반도체),수출,SK,슬로바키아,106,2026.03,34010101,(메모리반도체)
153483342,34010101,(메모리반도체),수출,TH,태국,3186,2026.03,34010101,(메모리반도체)
9031594,34010101,(메모리반도체),수출,TR,튀르키예,178,2026.03,34010101,(메모리반도체)
4277202471,34010101,(메모리반도체),수출,TW,대만,39400,2026.03,34010101,(메모리반도체)
4602958256,34010101,(메모리반도체),수출,US,미국,102231,2026.03,34010101,(메모리반도체)
2320079698,34010101,(메모리반도체),수출,VN,베트남,75852,2026.03,34010101,(메모리반도체)
126804,34010101,(메모리반도체),수출,ZA,남아프리카공화국,48,2026.03,34010101,(메모리반도체)
919,34010101,(메모리반도체),수출,AE,아랍에미리트 연합,4,2026.04,34010101,(메모리반도체)
91221,34010101,(메모리반도체),수출,AR,아르헨티나,322,2026.04,34010101,(메모리반도체)
6959221,34010101,(메모리반도체),수출,AT,오스트리아,466,2026.04,34010101,(메모리반도체)
6291,34010101,(메모리반도체),수출,AU,호주,1,2026.04,34010101,(메모리반도체)
212128,34010101,(메모리반도체),수출,BD,방글라데시,1,2026.04,34010101,(메모리반도체)
186690313,34010101,(메모리반도체),수출,BR,브라질,3010,2026.04,34010101,(메모리반도체)
22126360,34010101,(메모리반도체),수출,CA,캐나다,101,2026.04,34010101,(메모리반도체)
338,34010101,(메모리반도체),수출,CH,스위스,1,2026.04,34010101,(메모리반도체)
2513,34010101,(메모리반도체),수출,CL,칠레,2,2026.04,34010101,(메모리반도체)
9019498305,34010101,(메모리반도체),수출,CN,중국,124303,2026.04,34010101,(메모리반도체)
465,34010101,(메모리반도체),수출,CO,콜롬비아,2,2026.04,34010101,(메모리반도체)
39248172,34010101,(메모리반도체),수출,CZ,체코공화국,1719,2026.04,34010101,(메모리반도체)
110024886,34010101,(메모리반도체),수출,DE,독일,2720,2026.04,34010101,(메모리반도체)
57981,34010101,(메모리반도체),수출,DK,덴마크,8,2026.04,34010101,(메모리반도체)
131,34010101,(메모리반도체),수출,EC,에쿠아도르,1,2026.04,34010101,(메모리반도체)
51,34010101,(메모리반도체),수출,EE,에스토니아,0,2026.04,34010101,(메모리반도체)
18159691,34010101,(메모리반도체),수출,EG,이집트,389,2026.04,34010101,(메모리반도체)
256510,34010101,(메모리반도체),수출,ES,스페인,38,2026.04,34010101,(메모리반도체)
2655075,34010101,(메모리반도체),수출,FI,핀란드,22,2026.04,34010101,(메모리반도체)
1727061,34010101,(메모리반도체),수출,FR,프랑스,61,2026.04,34010101,(메모리반도체)
872508,34010101,(메모리반도체),수출,GB,영국,50,2026.04,34010101,(메모리반도체)
969,34010101,(메모리반도체),수출,GR,그리스,5,2026.04,34010101,(메모리반도체)
231,34010101,(메모리반도체),수출,GT,과테말라,1,2026.04,34010101,(메모리반도체)
3853953802,34010101,(메모리반도체),수출,HK,홍콩,103936,2026.04,34010101,(메모리반도체)
29551226,34010101,(메모리반도체),수출,HU,헝가리,639,2026.04,34010101,(메모리반도체)
75375591,34010101,(메모리반도체),수출,ID,인도네시아,1847,2026.04,34010101,(메모리반도체)
114222866,34010101,(메모리반도체),수출,IE,아일랜드,1449,2026.04,34010101,(메모리반도체)
59864,34010101,(메모리반도체),수출,IL,이스라엘,9,2026.04,34010101,(메모리반도체)
470651288,34010101,(메모리반도체),수출,IN,인도,3982,2026.04,34010101,(메모리반도체)
10892,34010101,(메모리반도체),수출,IT,이탈리아,36,2026.04,34010101,(메모리반도체)
146,34010101,(메모리반도체),수출,JO,요르단,1,2026.04,34010101,(메모리반도체)
153530559,34010101,(메모리반도체),수출,JP,일본,2876,2026.04,34010101,(메모리반도체)
370,34010101,(메모리반도체),수출,KE,케냐,0,2026.04,34010101,(메모리반도체)
1152,34010101,(메모리반도체),수출,KZ,카자흐스탄,6,2026.04,34010101,(메모리반도체)
79,34010101,(메모리반도체),수출,LT,리투아니아,0,2026.04,34010101,(메모리반도체)
104,34010101,(메모리반도체),수출,LU,룩셈부르그,0,2026.04,34010101,(메모리반도체)
407,34010101,(메모리반도체),수출,LV,라트비아,2,2026.04,34010101,(메모리반도체)
1256,34010101,(메모리반도체),수출,MA,모로코,3,2026.04,34010101,(메모리반도체)
84621229,34010101,(메모리반도체),수출,MX,멕시코,2470,2026.04,34010101,(메모리반도체)
564408063,34010101,(메모리반도체),수출,MY,말레이시아,5026,2026.04,34010101,(메모리반도체)
400,34010101,(메모리반도체),수출,NG,나이지리아,2,2026.04,34010101,(메모리반도체)
130927642,34010101,(메모리반도체),수출,NL,네덜란드,2752,2026.04,34010101,(메모리반도체)
13,34010101,(메모리반도체),수출,NZ,뉴질랜드,0,2026.04,34010101,(메모리반도체)
443,34010101,(메모리반도체),수출,PA,파나마,1,2026.04,34010101,(메모리반도체)
327,34010101,(메모리반도체),수출,PE,페루,2,2026.04,34010101,(메모리반도체)
578668417,34010101,(메모리반도체),수출,PH,필리핀,7389,2026.04,34010101,(메모리반도체)
125759862,34010101,(메모리반도체),수출,PL,폴란드,2870,2026.04,34010101,(메모리반도체)
6950385,34010101,(메모리반도체),수출,PT,포루투갈,153,2026.04,34010101,(메모리반도체)
2564,34010101,(메모리반도체),수출,RO,루마니아,6,2026.04,34010101,(메모리반도체)
97,34010101,(메모리반도체),수출,RS,세르비아,0,2026.04,34010101,(메모리반도체)
1762,34010101,(메모리반도체),수출,SA,사우디아라비아,4,2026.04,34010101,(메모리반도체)
30744,34010101,(메모리반도체),수출,SE,스웨덴,23,2026.04,34010101,(메모리반도체)
250571003,34010101,(메모리반도체),수출,SG,싱가포르,3940,2026.04,34010101,(메모리반도체)
1189994,34010101,(메모리반도체),수출,SK,슬로바키아,95,2026.04,34010101,(메모리반도체)
239556036,34010101,(메모리반도체),수출,TH,태국,3682,2026.04,34010101,(메모리반도체)
10260888,34010101,(메모리반도체),수출,TR,튀르키예,210,2026.04,34010101,(메모리반도체)
3816335698,34010101,(메모리반도체),수출,TW,대만,34364,2026.04,34010101,(메모리반도체)
4205154513,34010101,(메모리반도체),수출,US,미국,90804,2026.04,34010101,(메모리반도체)
2853088402,34010101,(메모리반도체),수출,VN,베트남,62527,2026.04,34010101,(메모리반도체)
98427,34010101,(메모리반도체),수출,ZA,남아프리카공화국,10,2026.04,34010101,(메모리반도체)
55,34010101,(메모리반도체),수출,AE,아랍에미리트 연합,0,2026.05,34010101,(메모리반도체)
31626,34010101,(메모리반도체),수출,AR,아르헨티나,14,2026.05,34010101,(메모리반도체)
7967698,34010101,(메모리반도체),수출,AT,오스트리아,160,2026.05,34010101,(메모리반도체)
189514,34010101,(메모리반도체),수출,BD,방글라데시,1,2026.05,34010101,(메모리반도체)
41,34010101,(메모리반도체),수출,BE,벨기에,0,2026.05,34010101,(메모리반도체)
293,34010101,(메모리반도체),수출,BG,불가리아,0,2026.05,34010101,(메모리반도체)
160425535,34010101,(메모리반도체),수출,BR,브라질,2256,2026.05,34010101,(메모리반도체)
38312244,34010101,(메모리반도체),수출,CA,캐나다,233,2026.05,34010101,(메모리반도체)
102,34010101,(메모리반도체),수출,CH,스위스,1,2026.05,34010101,(메모리반도체)
11027459377,34010101,(메모리반도체),수출,CN,중국,137729,2026.05,34010101,(메모리반도체)
33,34010101,(메모리반도체),수출,CO,콜롬비아,0,2026.05,34010101,(메모리반도체)
216,34010101,(메모리반도체),수출,CR,코스타리카,0,2026.05,34010101,(메모리반도체)
32502070,34010101,(메모리반도체),수출,CZ,체코공화국,1262,2026.05,34010101,(메모리반도체)
89955379,34010101,(메모리반도체),수출,DE,독일,2271,2026.05,34010101,(메모리반도체)
16,34010101,(메모리반도체),수출,DK,덴마크,1,2026.05,34010101,(메모리반도체)
64605,34010101,(메모리반도체),수출,EE,에스토니아,0,2026.05,34010101,(메모리반도체)
20897084,34010101,(메모리반도체),수출,EG,이집트,382,2026.05,34010101,(메모리반도체)
260224,34010101,(메모리반도체),수출,ES,스페인,17,2026.05,34010101,(메모리반도체)
811381,34010101,(메모리반도체),수출,FR,프랑스,27,2026.05,34010101,(메모리반도체)
6052534,34010101,(메모리반도체),수출,GB,영국,138,2026.05,34010101,(메모리반도체)
4737835788,34010101,(메모리반도체),수출,HK,홍콩,101921,2026.05,34010101,(메모리반도체)
13862616,34010101,(메모리반도체),수출,HU,헝가리,287,2026.05,34010101,(메모리반도체)
83657119,34010101,(메모리반도체),수출,ID,인도네시아,3748,2026.05,34010101,(메모리반도체)
118729796,34010101,(메모리반도체),수출,IE,아일랜드,1998,2026.05,34010101,(메모리반도체)
141354,34010101,(메모리반도체),수출,IL,이스라엘,11,2026.05,34010101,(메모리반도체)
354356940,34010101,(메모리반도체),수출,IN,인도,4816,2026.05,34010101,(메모리반도체)
1107,34010101,(메모리반도체),수출,IT,이탈리아,4,2026.05,34010101,(메모리반도체)
113199266,34010101,(메모리반도체),수출,JP,일본,1906,2026.05,34010101,(메모리반도체)
159,34010101,(메모리반도체),수출,LT,리투아니아,0,2026.05,34010101,(메모리반도체)
53,34010101,(메모리반도체),수출,LU,룩셈부르그,0,2026.05,34010101,(메모리반도체)
127,34010101,(메모리반도체),수출,MO,마카오,1,2026.05,34010101,(메모리반도체)
302437933,34010101,(메모리반도체),수출,MX,멕시코,6452,2026.05,34010101,(메모리반도체)
413130351,34010101,(메모리반도체),수출,MY,말레이시아,2800,2026.05,34010101,(메모리반도체)
218972424,34010101,(메모리반도체),수출,NL,네덜란드,3892,2026.05,34010101,(메모리반도체)
920773236,34010101,(메모리반도체),수출,PH,필리핀,9389,2026.05,34010101,(메모리반도체)
94253654,34010101,(메모리반도체),수출,PL,폴란드,3514,2026.05,34010101,(메모리반도체)
5926405,34010101,(메모리반도체),수출,PT,포루투갈,117,2026.05,34010101,(메모리반도체)
196,34010101,(메모리반도체),수출,RS,세르비아,0,2026.05,34010101,(메모리반도체)
364560276,34010101,(메모리반도체),수출,SG,싱가포르,6129,2026.05,34010101,(메모리반도체)
1331203,34010101,(메모리반도체),수출,SK,슬로바키아,110,2026.05,34010101,(메모리반도체)
118054368,34010101,(메모리반도체),수출,TH,태국,3806,2026.05,34010101,(메모리반도체)
12306757,34010101,(메모리반도체),수출,TR,튀르키예,201,2026.05,34010101,(메모리반도체)
4815800761,34010101,(메모리반도체),수출,TW,대만,39184,2026.05,34010101,(메모리반도체)
4538865933,34010101,(메모리반도체),수출,US,미국,85244,2026.05,34010101,(메모리반도체)
3524797522,34010101,(메모리반도체),수출,VN,베트남,64568,2026.05,34010101,(메모리반도체)
98570,34010101,(메모리반도체),수출,ZA,남아프리카공화국,8,2026.05,34010101,(메모리반도체)
69502,34010101,(메모리반도체),수출,AR,아르헨티나,21,2026.06,34010101,(메모리반도체)
9349713,34010101,(메모리반도체),수출,AT,오스트리아,882,2026.06,34010101,(메모리반도체)
156,34010101,(메모리반도체),수출,AU,호주,1,2026.06,34010101,(메모리반도체)
15960,34010101,(메모리반도체),수출,BA,보스니아-헤르체고비나,5,2026.06,34010101,(메모리반도체)
347610,34010101,(메모리반도체),수출,BD,방글라데시,1,2026.06,34010101,(메모리반도체)
184,34010101,(메모리반도체),수출,BE,벨기에,0,2026.06,34010101,(메모리반도체)
181813948,34010101,(메모리반도체),수출,BR,브라질,2705,2026.06,34010101,(메모리반도체)
31193285,34010101,(메모리반도체),수출,CA,캐나다,130,2026.06,34010101,(메모리반도체)
231,34010101,(메모리반도체),수출,CH,스위스,0,2026.06,34010101,(메모리반도체)
200,34010101,(메모리반도체),수출,CL,칠레,0,2026.06,34010101,(메모리반도체)
11411943867,34010101,(메모리반도체),수출,CN,중국,158666,2026.06,34010101,(메모리반도체)
104261512,34010101,(메모리반도체),수출,CZ,체코공화국,1958,2026.06,34010101,(메모리반도체)
98830216,34010101,(메모리반도체),수출,DE,독일,2257,2026.06,34010101,(메모리반도체)
42106,34010101,(메모리반도체),수출,DK,덴마크,3,2026.06,34010101,(메모리반도체)
20103805,34010101,(메모리반도체),수출,EG,이집트,344,2026.06,34010101,(메모리반도체)
136970,34010101,(메모리반도체),수출,ES,스페인,7,2026.06,34010101,(메모리반도체)
1176012,34010101,(메모리반도체),수출,FR,프랑스,40,2026.06,34010101,(메모리반도체)
8757326,34010101,(메모리반도체),수출,GB,영국,350,2026.06,34010101,(메모리반도체)
7129573394,34010101,(메모리반도체),수출,HK,홍콩,137497,2026.06,34010101,(메모리반도체)
4741984,34010101,(메모리반도체),수출,HU,헝가리,164,2026.06,34010101,(메모리반도체)
90201875,34010101,(메모리반도체),수출,ID,인도네시아,1759,2026.06,34010101,(메모리반도체)
173665890,34010101,(메모리반도체),수출,IE,아일랜드,2488,2026.06,34010101,(메모리반도체)
88261,34010101,(메모리반도체),수출,IL,이스라엘,5,2026.06,34010101,(메모리반도체)
412330682,34010101,(메모리반도체),수출,IN,인도,5075,2026.06,34010101,(메모리반도체)
300,34010101,(메모리반도체),수출,IT,이탈리아,1,2026.06,34010101,(메모리반도체)
231518474,34010101,(메모리반도체),수출,JP,일본,2862,2026.06,34010101,(메모리반도체)
28,34010101,(메모리반도체),수출,KG,키르기스스탄,0,2026.06,34010101,(메모리반도체)
291,34010101,(메모리반도체),수출,LT,리투아니아,0,2026.06,34010101,(메모리반도체)
98,34010101,(메모리반도체),수출,ME,몬테네그로,0,2026.06,34010101,(메모리반도체)
127270557,34010101,(메모리반도체),수출,MX,멕시코,5099,2026.06,34010101,(메모리반도체)
1211548655,34010101,(메모리반도체),수출,MY,말레이시아,3772,2026.06,34010101,(메모리반도체)
426388563,34010101,(메모리반도체),수출,NL,네덜란드,6965,2026.06,34010101,(메모리반도체)
170,34010101,(메모리반도체),수출,NO,노르웨이,0,2026.06,34010101,(메모리반도체)
30,34010101,(메모리반도체),수출,NZ,뉴질랜드,0,2026.06,34010101,(메모리반도체)
1064549083,34010101,(메모리반도체),수출,PH,필리핀,12230,2026.06,34010101,(메모리반도체)
22637663,34010101,(메모리반도체),수출,PL,폴란드,1309,2026.06,34010101,(메모리반도체)
7275741,34010101,(메모리반도체),수출,PT,포루투갈,146,2026.06,34010101,(메모리반도체)
178579,34010101,(메모리반도체),수출,RO,루마니아,1,2026.06,34010101,(메모리반도체)
119,34010101,(메모리반도체),수출,RS,세르비아,0,2026.06,34010101,(메모리반도체)
8800,34010101,(메모리반도체),수출,SA,사우디아라비아,8,2026.06,34010101,(메모리반도체)
123,34010101,(메모리반도체),수출,SE,스웨덴,0,2026.06,34010101,(메모리반도체)
734785269,34010101,(메모리반도체),수출,SG,싱가포르,9935,2026.06,34010101,(메모리반도체)
691700,34010101,(메모리반도체),수출,SK,슬로바키아,55,2026.06,34010101,(메모리반도체)
205566188,34010101,(메모리반도체),수출,TH,태국,5738,2026.06,34010101,(메모리반도체)
56904,34010101,(메모리반도체),수출,TN,튀니지,4,2026.06,34010101,(메모리반도체)
12765673,34010101,(메모리반도체),수출,TR,튀르키예,167,2026.06,34010101,(메모리반도체)
6184819128,34010101,(메모리반도체),수출,TW,대만,37310,2026.06,34010101,(메모리반도체)
6337354696,34010101,(메모리반도체),수출,US,미국,112060,2026.06,34010101,(메모리반도체)
3464184933,34010101,(메모리반도체),수출,VN,베트남,68049,2026.06,34010101,(메모리반도체)
99345,34010101,(메모리반도체),수출,ZA,남아프리카공화국,8,2026.06,34010101,(메모리반도체)
76007,34010101,(메모리반도체),수출,AR,아르헨티나,20,2026.07,34010101,(메모리반도체)
5436770,34010101,(메모리반도체),수출,AT,오스트리아,1044,2026.07,34010101,(메모리반도체)
658,34010101,(메모리반도체),수출,AU,호주,40,2026.07,34010101,(메모리반도체)
110537,34010101,(메모리반도체),수출,BD,방글라데시,0,2026.07,34010101,(메모리반도체)
203580817,34010101,(메모리반도체),수출,BR,브라질,2613,2026.07,34010101,(메모리반도체)
4762,34010101,(메모리반도체),수출,CA,캐나다,2,2026.07,34010101,(메모리반도체)
12867568250,34010101,(메모리반도체),수출,CN,중국,150127,2026.07,34010101,(메모리반도체)
1188,34010101,(메모리반도체),수출,CR,코스타리카,1,2026.07,34010101,(메모리반도체)
22118247,34010101,(메모리반도체),수출,CZ,체코공화국,4528,2026.07,34010101,(메모리반도체)
165011490,34010101,(메모리반도체),수출,DE,독일,2554,2026.07,34010101,(메모리반도체)
19388628,34010101,(메모리반도체),수출,EG,이집트,303,2026.07,34010101,(메모리반도체)
114456,34010101,(메모리반도체),수출,ES,스페인,9,2026.07,34010101,(메모리반도체)
124,34010101,(메모리반도체),수출,FI,핀란드,0,2026.07,34010101,(메모리반도체)
231164,34010101,(메모리반도체),수출,FR,프랑스,3,2026.07,34010101,(메모리반도체)
18087,34010101,(메모리반도체),수출,GB,영국,4,2026.07,34010101,(메모리반도체)
5233094876,34010101,(메모리반도체),수출,HK,홍콩,103578,2026.07,34010101,(메모리반도체)
10807855,34010101,(메모리반도체),수출,HU,헝가리,215,2026.07,34010101,(메모리반도체)
137377659,34010101,(메모리반도체),수출,ID,인도네시아,1839,2026.07,34010101,(메모리반도체)
103508383,34010101,(메모리반도체),수출,IE,아일랜드,1662,2026.07,34010101,(메모리반도체)
456186,34010101,(메모리반도체),수출,IL,이스라엘,26,2026.07,34010101,(메모리반도체)
598605985,34010101,(메모리반도체),수출,IN,인도,5278,2026.07,34010101,(메모리반도체)
1150,34010101,(메모리반도체),수출,IT,이탈리아,1,2026.07,34010101,(메모리반도체)
146221524,34010101,(메모리반도체),수출,JP,일본,2087,2026.07,34010101,(메모리반도체)
67441703,34010101,(메모리반도체),수출,MX,멕시코,3264,2026.07,34010101,(메모리반도체)
1444667261,34010101,(메모리반도체),수출,MY,말레이시아,5249,2026.07,34010101,(메모리반도체)
840879985,34010101,(메모리반도체),수출,NL,네덜란드,11785,2026.07,34010101,(메모리반도체)
152,34010101,(메모리반도체),수출,NO,노르웨이,0,2026.07,34010101,(메모리반도체)
872299820,34010101,(메모리반도체),수출,PH,필리핀,13774,2026.07,34010101,(메모리반도체)
158043339,34010101,(메모리반도체),수출,PL,폴란드,3985,2026.07,34010101,(메모리반도체)
5441347,34010101,(메모리반도체),수출,PT,포루투갈,130,2026.07,34010101,(메모리반도체)
119,34010101,(메모리반도체),수출,RS,세르비아,0,2026.07,34010101,(메모리반도체)
324349471,34010101,(메모리반도체),수출,SG,싱가포르,5153,2026.07,34010101,(메모리반도체)
3684601,34010101,(메모리반도체),수출,SK,슬로바키아,218,2026.07,34010101,(메모리반도체)
270348042,34010101,(메모리반도체),수출,TH,태국,4135,2026.07,34010101,(메모리반도체)
367281,34010101,(메모리반도체),수출,TN,튀니지,10,2026.07,34010101,(메모리반도체)
24162849,34010101,(메모리반도체),수출,TR,튀르키예,204,2026.07,34010101,(메모리반도체)
3662785803,34010101,(메모리반도체),수출,TW,대만,22144,2026.07,34010101,(메모리반도체)
4108117935,34010101,(메모리반도체),수출,US,미국,61087,2026.07,34010101,(메모리반도체)
11032,34010101,(메모리반도체),수출,UZ,우즈베키스탄,30,2026.07,34010101,(메모리반도체)
4385068062,34010101,(메모리반도체),수출,VN,베트남,74764,2026.07,34010101,(메모리반도체)
12824147,34010101,(메모리반도체),수출,AT,오스트리아,663,2026.08,34010101,(메모리반도체)
47,34010101,(메모리반도체),수출,AU,호주,0,2026.08,34010101,(메모리반도체)
3495,34010101,(메모리반도체),수출,BA,보스니아-헤르체고비나,1,2026.08,34010101,(메모리반도체)
221058,34010101,(메모리반도체),수출,BD,방글라데시,1,2026.08,34010101,(메모리반도체)
218988920,34010101,(메모리반도체),수출,BR,브라질,2056,2026.08,34010101,(메모리반도체)
30542450,34010101,(메모리반도체),수출,CA,캐나다,120,2026.08,34010101,(메모리반도체)
543,34010101,(메모리반도체),수출,CH,스위스,0,2026.08,34010101,(메모리반도체)
15311332076,34010101,(메모리반도체),수출,CN,중국,140740,2026.08,34010101,(메모리반도체)
18218,34010101,(메모리반도체),수출,CR,코스타리카,1,2026.08,34010101,(메모리반도체)
97349207,34010101,(메모리반도체),수출,CZ,체코공화국,1448,2026.08,34010101,(메모리반도체)
168899800,34010101,(메모리반도체),수출,DE,독일,2842,2026.08,34010101,(메모리반도체)
39,34010101,(메모리반도체),수출,DK,덴마크,0,2026.08,34010101,(메모리반도체)
46244050,34010101,(메모리반도체),수출,EG,이집트,609,2026.08,34010101,(메모리반도체)
93816,34010101,(메모리반도체),수출,ES,스페인,3,2026.08,34010101,(메모리반도체)
83,34010101,(메모리반도체),수출,FI,핀란드,0,2026.08,34010101,(메모리반도체)
754196,34010101,(메모리반도체),수출,FR,프랑스,8,2026.08,34010101,(메모리반도체)
7398764371,34010101,(메모리반도체),수출,HK,홍콩,123365,2026.08,34010101,(메모리반도체)
38914530,34010101,(메모리반도체),수출,HU,헝가리,369,2026.08,34010101,(메모리반도체)
43723405,34010101,(메모리반도체),수출,ID,인도네시아,1423,2026.08,34010101,(메모리반도체)
3155245,34010101,(메모리반도체),수출,IE,아일랜드,60,2026.08,34010101,(메모리반도체)
172900,34010101,(메모리반도체),수출,IL,이스라엘,3,2026.08,34010101,(메모리반도체)
564616584,34010101,(메모리반도체),수출,IN,인도,4441,2026.08,34010101,(메모리반도체)
4589,34010101,(메모리반도체),수출,IT,이탈리아,1,2026.08,34010101,(메모리반도체)
249470796,34010101,(메모리반도체),수출,JP,일본,2700,2026.08,34010101,(메모리반도체)
208247246,34010101,(메모리반도체),수출,MX,멕시코,4758,2026.08,34010101,(메모리반도체)
1725202731,34010101,(메모리반도체),수출,MY,말레이시아,5904,2026.08,34010101,(메모리반도체)
128859423,34010101,(메모리반도체),수출,NL,네덜란드,2410,2026.08,34010101,(메모리반도체)
81,34010101,(메모리반도체),수출,PA,파나마,0,2026.08,34010101,(메모리반도체)
1688666384,34010101,(메모리반도체),수출,PH,필리핀,38887,2026.08,34010101,(메모리반도체)
161075044,34010101,(메모리반도체),수출,PL,폴란드,3671,2026.08,34010101,(메모리반도체)
7867787,34010101,(메모리반도체),수출,PT,포루투갈,143,2026.08,34010101,(메모리반도체)
237,34010101,(메모리반도체),수출,RS,세르비아,1,2026.08,34010101,(메모리반도체)
483197519,34010101,(메모리반도체),수출,SG,싱가포르,6156,2026.08,34010101,(메모리반도체)
17160,34010101,(메모리반도체),수출,SI,슬로베니아,3,2026.08,34010101,(메모리반도체)
7598677,34010101,(메모리반도체),수출,SK,슬로바키아,350,2026.08,34010101,(메모리반도체)
244779653,34010101,(메모리반도체),수출,TH,태국,3469,2026.08,34010101,(메모리반도체)
25954973,34010101,(메모리반도체),수출,TR,튀르키예,282,2026.08,34010101,(메모리반도체)
4393511613,34010101,(메모리반도체),수출,TW,대만,22050,2026.08,34010101,(메모리반도체)
4124387708,34010101,(메모리반도체),수출,US,미국,78080,2026.08,34010101,(메모리반도체)
814,34010101,(메모리반도체),수출,UY,우루과이,70,2026.08,34010101,(메모리반도체)
3557875788,34010101,(메모리반도체),수출,VN,베트남,87965,2026.08,34010101,(메모리반도체)
41912,34010101,(메모리반도체),수출,ZA,남아프리카공화국,4,2026.08,34010101,(메모리반도체)
98105,34010102,(시스템반도체),수출,AE,아랍에미리트 연합,84,2025.09,34010102,(시스템반도체)
39503,34010102,(시스템반도체),수출,AR,아르헨티나,78,2025.09,34010102,(시스템반도체)
16731703,34010102,(시스템반도체),수출,AT,오스트리아,5794,2025.09,34010102,(시스템반도체)
1399435,34010102,(시스템반도체),수출,AU,호주,1472,2025.09,34010102,(시스템반도체)
9885,34010102,(시스템반도체),수출,BD,방글라데시,78,2025.09,34010102,(시스템반도체)
700585,34010102,(시스템반도체),수출,BE,벨기에,82,2025.09,34010102,(시스템반도체)
3838,34010102,(시스템반도체),수출,BG,불가리아,12,2025.09,34010102,(시스템반도체)
32031202,34010102,(시스템반도체),수출,BR,브라질,3961,2025.09,34010102,(시스템반도체)
7074202,34010102,(시스템반도체),수출,CA,캐나다,416,2025.09,34010102,(시스템반도체)
202521,34010102,(시스템반도체),수출,CH,스위스,21,2025.09,34010102,(시스템반도체)
904081563,34010102,(시스템반도체),수출,CN,중국,136467,2025.09,34010102,(시스템반도체)
180000,34010102,(시스템반도체),수출,CO,콜롬비아,1150,2025.09,34010102,(시스템반도체)
352500,34010102,(시스템반도체),수출,CR,코스타리카,103,2025.09,34010102,(시스템반도체)
2222,34010102,(시스템반도체),수출,CY,사이프러스,5,2025.09,34010102,(시스템반도체)
1796165,34010102,(시스템반도체),수출,CZ,체코공화국,942,2025.09,34010102,(시스템반도체)
896468,34010102,(시스템반도체),수출,DE,독일,486,2025.09,34010102,(시스템반도체)
2424,34010102,(시스템반도체),수출,DK,덴마크,10,2025.09,34010102,(시스템반도체)
8595,34010102,(시스템반도체),수출,EE,에스토니아,13,2025.09,34010102,(시스템반도체)
2166832,34010102,(시스템반도체),수출,EG,이집트,763,2025.09,34010102,(시스템반도체)
3803,34010102,(시스템반도체),수출,ES,스페인,12,2025.09,34010102,(시스템반도체)
41975,34010102,(시스템반도체),수출,FI,핀란드,13,2025.09,34010102,(시스템반도체)
15663405,34010102,(시스템반도체),수출,FR,프랑스,2409,2025.09,34010102,(시스템반도체)
977668,34010102,(시스템반도체),수출,GB,영국,1290,2025.09,34010102,(시스템반도체)
97225837,34010102,(시스템반도체),수출,HK,홍콩,49613,2025.09,34010102,(시스템반도체)
614060,34010102,(시스템반도체),수출,HU,헝가리,197,2025.09,34010102,(시스템반도체)
13002074,34010102,(시스템반도체),수출,ID,인도네시아,4998,2025.09,34010102,(시스템반도체)
228298,34010102,(시스템반도체),수출,IE,아일랜드,40,2025.09,34010102,(시스템반도체)
2437330,34010102,(시스템반도체),수출,IL,이스라엘,1099,2025.09,34010102,(시스템반도체)
120083776,34010102,(시스템반도체),수출,IN,인도,22950,2025.09,34010102,(시스템반도체)
3013740,34010102,(시스템반도체),수출,IT,이탈리아,1175,2025.09,34010102,(시스템반도체)
18954103,34010102,(시스템반도체),수출,JP,일본,10401,2025.09,34010102,(시스템반도체)
19478,34010102,(시스템반도체),수출,KZ,카자흐스탄,11,2025.09,34010102,(시스템반도체)
63609,34010102,(시스템반도체),수출,LB,레바논,41,2025.09,34010102,(시스템반도체)
2184,34010102,(시스템반도체),수출,LT,리투아니아,7,2025.09,34010102,(시스템반도체)
115,34010102,(시스템반도체),수출,MM,미얀마,1,2025.09,34010102,(시스템반도체)
33349,34010102,(시스템반도체),수출,MN,몽골,108,2025.09,34010102,(시스템반도체)
4942027,34010102,(시스템반도체),수출,MT,몰타,3725,2025.09,34010102,(시스템반도체)
69250,34010102,(시스템반도체),수출,MU,모리셔스,150,2025.09,34010102,(시스템반도체)
17398382,34010102,(시스템반도체),수출,MX,멕시코,10482,2025.09,34010102,(시스템반도체)
132028976,34010102,(시스템반도체),수출,MY,말레이시아,45171,2025.09,34010102,(시스템반도체)
6415794,34010102,(시스템반도체),수출,NL,네덜란드,4369,2025.09,34010102,(시스템반도체)
140,34010102,(시스템반도체),수출,NZ,뉴질랜드,1,2025.09,34010102,(시스템반도체)
1653,34010102,(시스템반도체),수출,PE,페루,23,2025.09,34010102,(시스템반도체)
61752344,34010102,(시스템반도체),수출,PH,필리핀,29943,2025.09,34010102,(시스템반도체)
215515,34010102,(시스템반도체),수출,PK,파키스탄,2852,2025.09,34010102,(시스템반도체)
34904443,34010102,(시스템반도체),수출,PL,폴란드,22646,2025.09,34010102,(시스템반도체)
4671454,34010102,(시스템반도체),수출,PT,포루투갈,2155,2025.09,34010102,(시스템반도체)
82700,34010102,(시스템반도체),수출,RO,루마니아,68,2025.09,34010102,(시스템반도체)
188,34010102,(시스템반도체),수출,RS,세르비아,3,2025.09,34010102,(시스템반도체)
2792491,34010102,(시스템반도체),수출,SE,스웨덴,846,2025.09,34010102,(시스템반도체)
367475747,34010102,(시스템반도체),수출,SG,싱가포르,69838,2025.09,34010102,(시스템반도체)
73256,34010102,(시스템반도체),수출,SK,슬로바키아,91,2025.09,34010102,(시스템반도체)
26700990,34010102,(시스템반도체),수출,TH,태국,17617,2025.09,34010102,(시스템반도체)
3251205,34010102,(시스템반도체),수출,TR,튀르키예,925,2025.09,34010102,(시스템반도체)
393530034,34010102,(시스템반도체),수출,TW,대만,107497,2025.09,34010102,(시스템반도체)
55229316,34010102,(시스템반도체),수출,US,미국,24923,2025.09,34010102,(시스템반도체)
879412799,34010102,(시스템반도체),수출,VN,베트남,99270,2025.09,34010102,(시스템반도체)
272907,34010102,(시스템반도체),수출,ZA,남아프리카공화국,850,2025.09,34010102,(시스템반도체)
381981,34010102,(시스템반도체),수출,AE,아랍에미리트 연합,442,2025.10,34010102,(시스템반도체)
5325,34010102,(시스템반도체),수출,AR,아르헨티나,3,2025.10,34010102,(시스템반도체)
10048364,34010102,(시스템반도체),수출,AT,오스트리아,4248,2025.10,34010102,(시스템반도체)
96864,34010102,(시스템반도체),수출,AU,호주,301,2025.10,34010102,(시스템반도체)
1316,34010102,(시스템반도체),수출,BD,방글라데시,51,2025.10,34010102,(시스템반도체)
651852,34010102,(시스템반도체),수출,BE,벨기에,90,2025.10,34010102,(시스템반도체)
567,34010102,(시스템반도체),수출,BH,바레인,1,2025.10,34010102,(시스템반도체)
34321471,34010102,(시스템반도체),수출,BR,브라질,4005,2025.10,34010102,(시스템반도체)
1150130,34010102,(시스템반도체),수출,CA,캐나다,214,2025.10,34010102,(시스템반도체)
347804,34010102,(시스템반도체),수출,CH,스위스,29,2025.10,34010102,(시스템반도체)
727582469,34010102,(시스템반도체),수출,CN,중국,117419,2025.10,34010102,(시스템반도체)
180000,34010102,(시스템반도체),수출,CO,콜롬비아,1150,2025.10,34010102,(시스템반도체)
159476,34010102,(시스템반도체),수출,CR,코스타리카,29,2025.10,34010102,(시스템반도체)
7965074,34010102,(시스템반도체),수출,CZ,체코공화국,1997,2025.10,34010102,(시스템반도체)
1320042,34010102,(시스템반도체),수출,DE,독일,1643,2025.10,34010102,(시스템반도체)
109,34010102,(시스템반도체),수출,DK,덴마크,12,2025.10,34010102,(시스템반도체)
1645,34010102,(시스템반도체),수출,EC,에쿠아도르,44,2025.10,34010102,(시스템반도체)
22429,34010102,(시스템반도체),수출,EE,에스토니아,29,2025.10,34010102,(시스템반도체)
2757660,34010102,(시스템반도체),수출,EG,이집트,551,2025.10,34010102,(시스템반도체)
18389,34010102,(시스템반도체),수출,ES,스페인,94,2025.10,34010102,(시스템반도체)
42612,34010102,(시스템반도체),수출,FI,핀란드,12,2025.10,34010102,(시스템반도체)
13701045,34010102,(시스템반도체),수출,FR,프랑스,2096,2025.10,34010102,(시스템반도체)
303097,34010102,(시스템반도체),수출,GB,영국,199,2025.10,34010102,(시스템반도체)
8709,34010102,(시스템반도체),수출,GR,그리스,3,2025.10,34010102,(시스템반도체)
108359139,34010102,(시스템반도체),수출,HK,홍콩,51568,2025.10,34010102,(시스템반도체)
227906,34010102,(시스템반도체),수출,HU,헝가리,62,2025.10,34010102,(시스템반도체)
17157070,34010102,(시스템반도체),수출,ID,인도네시아,5196,2025.10,34010102,(시스템반도체)
35086,34010102,(시스템반도체),수출,IE,아일랜드,83,2025.10,34010102,(시스템반도체)
918780,34010102,(시스템반도체),수출,IL,이스라엘,1098,2025.10,34010102,(시스템반도체)
154307490,34010102,(시스템반도체),수출,IN,인도,25355,2025.10,34010102,(시스템반도체)
1725,34010102,(시스템반도체),수출,IQ,이라크,8,2025.10,34010102,(시스템반도체)
32,34010102,(시스템반도체),수출,IS,아이슬란드,0,2025.10,34010102,(시스템반도체)
969499,34010102,(시스템반도체),수출,IT,이탈리아,265,2025.10,34010102,(시스템반도체)
34909563,34010102,(시스템반도체),수출,JP,일본,11689,2025.10,34010102,(시스템반도체)
38,34010102,(시스템반도체),수출,KY,영령 캐이맨 군도,0,2025.10,34010102,(시스템반도체)
457598,34010102,(시스템반도체),수출,KZ,카자흐스탄,184,2025.10,34010102,(시스템반도체)
438,34010102,(시스템반도체),수출,LB,레바논,7,2025.10,34010102,(시스템반도체)
305,34010102,(시스템반도체),수출,LK,스리랑카,1,2025.10,34010102,(시스템반도체)
222,34010102,(시스템반도체),수출,LT,리투아니아,0,2025.10,34010102,(시스템반도체)
166277,34010102,(시스템반도체),수출,MN,몽골,248,2025.10,34010102,(시스템반도체)
6286593,34010102,(시스템반도체),수출,MT,몰타,4699,2025.10,34010102,(시스템반도체)
16535565,34010102,(시스템반도체),수출,MX,멕시코,8743,2025.10,34010102,(시스템반도체)
168140927,34010102,(시스템반도체),수출,MY,말레이시아,46231,2025.10,34010102,(시스템반도체)
4621752,34010102,(시스템반도체),수출,NL,네덜란드,2632,2025.10,34010102,(시스템반도체)
1923,34010102,(시스템반도체),수출,NO,노르웨이,8,2025.10,34010102,(시스템반도체)
114,34010102,(시스템반도체),수출,NZ,뉴질랜드,1,2025.10,34010102,(시스템반도체)
66,34010102,(시스템반도체),수출,PA,파나마,0,2025.10,34010102,(시스템반도체)
47976228,34010102,(시스템반도체),수출,PH,필리핀,25278,2025.10,34010102,(시스템반도체)
227413,34010102,(시스템반도체),수출,PK,파키스탄,276,2025.10,34010102,(시스템반도체)
35139193,34010102,(시스템반도체),수출,PL,폴란드,20528,2025.10,34010102,(시스템반도체)
6236970,34010102,(시스템반도체),수출,PT,포루투갈,2931,2025.10,34010102,(시스템반도체)
106601,34010102,(시스템반도체),수출,RO,루마니아,279,2025.10,34010102,(시스템반도체)
4313,34010102,(시스템반도체),수출,RS,세르비아,220,2025.10,34010102,(시스템반도체)
567,34010102,(시스템반도체),수출,SA,사우디아라비아,1,2025.10,34010102,(시스템반도체)
1271172,34010102,(시스템반도체),수출,SE,스웨덴,419,2025.10,34010102,(시스템반도체)
355563463,34010102,(시스템반도체),수출,SG,싱가포르,73932,2025.10,34010102,(시스템반도체)
61565,34010102,(시스템반도체),수출,SK,슬로바키아,92,2025.10,34010102,(시스템반도체)
21469436,34010102,(시스템반도체),수출,TH,태국,13278,2025.10,34010102,(시스템반도체)
2910512,34010102,(시스템반도체),수출,TR,튀르키예,1149,2025.10,34010102,(시스템반도체)
673639438,34010102,(시스템반도체),수출,TW,대만,98355,2025.10,34010102,(시스템반도체)
51532458,34010102,(시스템반도체),수출,US,미국,23287,2025.10,34010102,(시스템반도체)
15,34010102,(시스템반도체),수출,UZ,우즈베키스탄,0,2025.10,34010102,(시스템반도체)
912721643,34010102,(시스템반도체),수출,VN,베트남,95830,2025.10,34010102,(시스템반도체)
240415,34010102,(시스템반도체),수출,ZA,남아프리카공화국,846,2025.10,34010102,(시스템반도체)
127852,34010102,(시스템반도체),수출,AE,아랍에미리트 연합,80,2025.11,34010102,(시스템반도체)
19655,34010102,(시스템반도체),수출,AR,아르헨티나,44,2025.11,34010102,(시스템반도체)
7317951,34010102,(시스템반도체),수출,AT,오스트리아,2810,2025.11,34010102,(시스템반도체)
1800566,34010102,(시스템반도체),수출,AU,호주,973,2025.11,34010102,(시스템반도체)
224523,34010102,(시스템반도체),수출,BD,방글라데시,2741,2025.11,34010102,(시스템반도체)
429771,34010102,(시스템반도체),수출,BE,벨기에,58,2025.11,34010102,(시스템반도체)
31350,34010102,(시스템반도체),수출,BG,불가리아,2,2025.11,34010102,(시스템반도체)
22128045,34010102,(시스템반도체),수출,BR,브라질,3056,2025.11,34010102,(시스템반도체)
2684897,34010102,(시스템반도체),수출,CA,캐나다,296,2025.11,34010102,(시스템반도체)
308316,34010102,(시스템반도체),수출,CH,스위스,25,2025.11,34010102,(시스템반도체)
840516711,34010102,(시스템반도체),수출,CN,중국,132833,2025.11,34010102,(시스템반도체)
180038,34010102,(시스템반도체),수출,CO,콜롬비아,1150,2025.11,34010102,(시스템반도체)
93405,34010102,(시스템반도체),수출,CR,코스타리카,18,2025.11,34010102,(시스템반도체)
5264584,34010102,(시스템반도체),수출,CZ,체코공화국,1908,2025.11,34010102,(시스템반도체)
2087181,34010102,(시스템반도체),수출,DE,독일,1021,2025.11,34010102,(시스템반도체)
951,34010102,(시스템반도체),수출,DK,덴마크,1,2025.11,34010102,(시스템반도체)
16232,34010102,(시스템반도체),수출,EE,에스토니아,28,2025.11,34010102,(시스템반도체)
3067237,34010102,(시스템반도체),수출,EG,이집트,650,2025.11,34010102,(시스템반도체)
12596,34010102,(시스템반도체),수출,ES,스페인,30,2025.11,34010102,(시스템반도체)
50113,34010102,(시스템반도체),수출,FI,핀란드,10,2025.11,34010102,(시스템반도체)
14299850,34010102,(시스템반도체),수출,FR,프랑스,2166,2025.11,34010102,(시스템반도체)
803593,34010102,(시스템반도체),수출,GB,영국,876,2025.11,34010102,(시스템반도체)
91163879,34010102,(시스템반도체),수출,HK,홍콩,40161,2025.11,34010102,(시스템반도체)
56660,34010102,(시스템반도체),수출,HR,크로아티아,23,2025.11,34010102,(시스템반도체)
549663,34010102,(시스템반도체),수출,HU,헝가리,160,2025.11,34010102,(시스템반도체)
12111486,34010102,(시스템반도체),수출,ID,인도네시아,3419,2025.11,34010102,(시스템반도체)
205220,34010102,(시스템반도체),수출,IE,아일랜드,30,2025.11,34010102,(시스템반도체)
1634735,34010102,(시스템반도체),수출,IL,이스라엘,1460,2025.11,34010102,(시스템반도체)
101690813,34010102,(시스템반도체),수출,IN,인도,21300,2025.11,34010102,(시스템반도체)
517,34010102,(시스템반도체),수출,IQ,이라크,2,2025.11,34010102,(시스템반도체)
1260802,34010102,(시스템반도체),수출,IT,이탈리아,1112,2025.11,34010102,(시스템반도체)
33786035,34010102,(시스템반도체),수출,JP,일본,11526,2025.11,34010102,(시스템반도체)
53,34010102,(시스템반도체),수출,KG,키르기스스탄,55,2025.11,34010102,(시스템반도체)
50000,34010102,(시스템반도체),수출,KZ,카자흐스탄,18,2025.11,34010102,(시스템반도체)
302002,34010102,(시스템반도체),수출,MN,몽골,827,2025.11,34010102,(시스템반도체)
7160512,34010102,(시스템반도체),수출,MT,몰타,5483,2025.11,34010102,(시스템반도체)
6187423,34010102,(시스템반도체),수출,MX,멕시코,7618,2025.11,34010102,(시스템반도체)
113064060,34010102,(시스템반도체),수출,MY,말레이시아,45095,2025.11,34010102,(시스템반도체)
4229779,34010102,(시스템반도체),수출,NL,네덜란드,1716,2025.11,34010102,(시스템반도체)
2073,34010102,(시스템반도체),수출,OM,오만,58,2025.11,34010102,(시스템반도체)
71,34010102,(시스템반도체),수출,PA,파나마,0,2025.11,34010102,(시스템반도체)
48570305,34010102,(시스템반도체),수출,PH,필리핀,23396,2025.11,34010102,(시스템반도체)
258578,34010102,(시스템반도체),수출,PK,파키스탄,2190,2025.11,34010102,(시스템반도체)
28292757,34010102,(시스템반도체),수출,PL,폴란드,17899,2025.11,34010102,(시스템반도체)
3976763,34010102,(시스템반도체),수출,PT,포루투갈,1348,2025.11,34010102,(시스템반도체)
88370,34010102,(시스템반도체),수출,RO,루마니아,69,2025.11,34010102,(시스템반도체)
53341,34010102,(시스템반도체),수출,RS,세르비아,64,2025.11,34010102,(시스템반도체)
2508684,34010102,(시스템반도체),수출,SE,스웨덴,815,2025.11,34010102,(시스템반도체)
385202631,34010102,(시스템반도체),수출,SG,싱가포르,70137,2025.11,34010102,(시스템반도체)
628,34010102,(시스템반도체),수출,SI,슬로베니아,2,2025.11,34010102,(시스템반도체)
158520,34010102,(시스템반도체),수출,SK,슬로바키아,140,2025.11,34010102,(시스템반도체)
8,34010102,(시스템반도체),수출,SZ,스와질랜드,1,2025.11,34010102,(시스템반도체)
23767305,34010102,(시스템반도체),수출,TH,태국,18164,2025.11,34010102,(시스템반도체)
3149018,34010102,(시스템반도체),수출,TR,튀르키예,838,2025.11,34010102,(시스템반도체)
317949337,34010102,(시스템반도체),수출,TW,대만,82848,2025.11,34010102,(시스템반도체)
58958619,34010102,(시스템반도체),수출,US,미국,25360,2025.11,34010102,(시스템반도체)
460,34010102,(시스템반도체),수출,UZ,우즈베키스탄,1,2025.11,34010102,(시스템반도체)
764813128,34010102,(시스템반도체),수출,VN,베트남,90583,2025.11,34010102,(시스템반도체)
1181273,34010102,(시스템반도체),수출,ZA,남아프리카공화국,43,2025.11,34010102,(시스템반도체)
116585,34010102,(시스템반도체),수출,AE,아랍에미리트 연합,97,2025.12,34010102,(시스템반도체)
6282278,34010102,(시스템반도체),수출,AT,오스트리아,2494,2025.12,34010102,(시스템반도체)
23407,34010102,(시스템반도체),수출,AU,호주,106,2025.12,34010102,(시스템반도체)
214309,34010102,(시스템반도체),수출,BD,방글라데시,2848,2025.12,34010102,(시스템반도체)
612813,34010102,(시스템반도체),수출,BE,벨기에,81,2025.12,34010102,(시스템반도체)
23052101,34010102,(시스템반도체),수출,BR,브라질,2800,2025.12,34010102,(시스템반도체)
358696,34010102,(시스템반도체),수출,CA,캐나다,223,2025.12,34010102,(시스템반도체)
208411,34010102,(시스템반도체),수출,CH,스위스,19,2025.12,34010102,(시스템반도체)
805115188,34010102,(시스템반도체),수출,CN,중국,144842,2025.12,34010102,(시스템반도체)
66086,34010102,(시스템반도체),수출,CR,코스타리카,12,2025.12,34010102,(시스템반도체)
5490437,34010102,(시스템반도체),수출,CZ,체코공화국,1740,2025.12,34010102,(시스템반도체)
2407186,34010102,(시스템반도체),수출,DE,독일,880,2025.12,34010102,(시스템반도체)
2852,34010102,(시스템반도체),수출,DK,덴마크,87,2025.12,34010102,(시스템반도체)
14924,34010102,(시스템반도체),수출,EE,에스토니아,22,2025.12,34010102,(시스템반도체)
3039207,34010102,(시스템반도체),수출,EG,이집트,499,2025.12,34010102,(시스템반도체)
6334,34010102,(시스템반도체),수출,ES,스페인,11,2025.12,34010102,(시스템반도체)
84905,34010102,(시스템반도체),수출,FI,핀란드,16,2025.12,34010102,(시스템반도체)
19062946,34010102,(시스템반도체),수출,FR,프랑스,2449,2025.12,34010102,(시스템반도체)
130367,34010102,(시스템반도체),수출,GB,영국,184,2025.12,34010102,(시스템반도체)
605,34010102,(시스템반도체),수출,GR,그리스,0,2025.12,34010102,(시스템반도체)
88101323,34010102,(시스템반도체),수출,HK,홍콩,50309,2025.12,34010102,(시스템반도체)
324389,34010102,(시스템반도체),수출,HU,헝가리,106,2025.12,34010102,(시스템반도체)
10616811,34010102,(시스템반도체),수출,ID,인도네시아,4058,2025.12,34010102,(시스템반도체)
1167260,34010102,(시스템반도체),수출,IE,아일랜드,135,2025.12,34010102,(시스템반도체)
1986101,34010102,(시스템반도체),수출,IL,이스라엘,1589,2025.12,34010102,(시스템반도체)
122007181,34010102,(시스템반도체),수출,IN,인도,22679,2025.12,34010102,(시스템반도체)
38,34010102,(시스템반도체),수출,IS,아이슬란드,0,2025.12,34010102,(시스템반도체)
342808,34010102,(시스템반도체),수출,IT,이탈리아,203,2025.12,34010102,(시스템반도체)
13727626,34010102,(시스템반도체),수출,JP,일본,6179,2025.12,34010102,(시스템반도체)
9388,34010102,(시스템반도체),수출,LB,레바논,26,2025.12,34010102,(시스템반도체)
566277,34010102,(시스템반도체),수출,MN,몽골,824,2025.12,34010102,(시스템반도체)
8670745,34010102,(시스템반도체),수출,MT,몰타,6195,2025.12,34010102,(시스템반도체)
8225420,34010102,(시스템반도체),수출,MX,멕시코,11279,2025.12,34010102,(시스템반도체)
117501117,34010102,(시스템반도체),수출,MY,말레이시아,49457,2025.12,34010102,(시스템반도체)
1665308,34010102,(시스템반도체),수출,NL,네덜란드,929,2025.12,34010102,(시스템반도체)
73,34010102,(시스템반도체),수출,NO,노르웨이,0,2025.12,34010102,(시스템반도체)
76,34010102,(시스템반도체),수출,NZ,뉴질랜드,1,2025.12,34010102,(시스템반도체)
2436,34010102,(시스템반도체),수출,PE,페루,20,2025.12,34010102,(시스템반도체)
54519923,34010102,(시스템반도체),수출,PH,필리핀,26279,2025.12,34010102,(시스템반도체)
108505,34010102,(시스템반도체),수출,PK,파키스탄,1153,2025.12,34010102,(시스템반도체)
29139516,34010102,(시스템반도체),수출,PL,폴란드,15047,2025.12,34010102,(시스템반도체)
2799539,34010102,(시스템반도체),수출,PT,포루투갈,1172,2025.12,34010102,(시스템반도체)
54943,34010102,(시스템반도체),수출,RO,루마니아,67,2025.12,34010102,(시스템반도체)
509119,34010102,(시스템반도체),수출,RS,세르비아,218,2025.12,34010102,(시스템반도체)
113526,34010102,(시스템반도체),수출,SA,사우디아라비아,256,2025.12,34010102,(시스템반도체)
3001256,34010102,(시스템반도체),수출,SE,스웨덴,1228,2025.12,34010102,(시스템반도체)
337503320,34010102,(시스템반도체),수출,SG,싱가포르,70542,2025.12,34010102,(시스템반도체)
69947,34010102,(시스템반도체),수출,SK,슬로바키아,74,2025.12,34010102,(시스템반도체)
22035211,34010102,(시스템반도체),수출,TH,태국,13416,2025.12,34010102,(시스템반도체)
2494661,34010102,(시스템반도체),수출,TR,튀르키예,559,2025.12,34010102,(시스템반도체)
353556318,34010102,(시스템반도체),수출,TW,대만,96237,2025.12,34010102,(시스템반도체)
67047412,34010102,(시스템반도체),수출,US,미국,26992,2025.12,34010102,(시스템반도체)
25,34010102,(시스템반도체),수출,UZ,우즈베키스탄,0,2025.12,34010102,(시스템반도체)
740230336,34010102,(시스템반도체),수출,VN,베트남,95619,2025.12,34010102,(시스템반도체)
228107,34010102,(시스템반도체),수출,AE,아랍에미리트 연합,195,2026.01,34010102,(시스템반도체)
71867,34010102,(시스템반도체),수출,AR,아르헨티나,471,2026.01,34010102,(시스템반도체)
8059917,34010102,(시스템반도체),수출,AT,오스트리아,3299,2026.01,34010102,(시스템반도체)
988556,34010102,(시스템반도체),수출,AU,호주,653,2026.01,34010102,(시스템반도체)
13091,34010102,(시스템반도체),수출,BD,방글라데시,144,2026.01,34010102,(시스템반도체)
1205220,34010102,(시스템반도체),수출,BE,벨기에,82,2026.01,34010102,(시스템반도체)
43908631,34010102,(시스템반도체),수출,BR,브라질,5620,2026.01,34010102,(시스템반도체)
7815835,34010102,(시스템반도체),수출,CA,캐나다,461,2026.01,34010102,(시스템반도체)
237316,34010102,(시스템반도체),수출,CH,스위스,22,2026.01,34010102,(시스템반도체)
915933304,34010102,(시스템반도체),수출,CN,중국,143223,2026.01,34010102,(시스템반도체)
180000,34010102,(시스템반도체),수출,CO,콜롬비아,1150,2026.01,34010102,(시스템반도체)
2805,34010102,(시스템반도체),수출,CR,코스타리카,0,2026.01,34010102,(시스템반도체)
427,34010102,(시스템반도체),수출,CY,사이프러스,7,2026.01,34010102,(시스템반도체)
5091492,34010102,(시스템반도체),수출,CZ,체코공화국,1389,2026.01,34010102,(시스템반도체)
2123814,34010102,(시스템반도체),수출,DE,독일,883,2026.01,34010102,(시스템반도체)
132,34010102,(시스템반도체),수출,DK,덴마크,81,2026.01,34010102,(시스템반도체)
10961,34010102,(시스템반도체),수출,EE,에스토니아,28,2026.01,34010102,(시스템반도체)
3285331,34010102,(시스템반도체),수출,EG,이집트,450,2026.01,34010102,(시스템반도체)
22347,34010102,(시스템반도체),수출,ES,스페인,20,2026.01,34010102,(시스템반도체)
66694,34010102,(시스템반도체),수출,FI,핀란드,27,2026.01,34010102,(시스템반도체)
16780116,34010102,(시스템반도체),수출,FR,프랑스,2265,2026.01,34010102,(시스템반도체)
208545,34010102,(시스템반도체),수출,GB,영국,138,2026.01,34010102,(시스템반도체)
117509908,34010102,(시스템반도체),수출,HK,홍콩,58441,2026.01,34010102,(시스템반도체)
739487,34010102,(시스템반도체),수출,HU,헝가리,240,2026.01,34010102,(시스템반도체)
18049814,34010102,(시스템반도체),수출,ID,인도네시아,4253,2026.01,34010102,(시스템반도체)
18895,34010102,(시스템반도체),수출,IE,아일랜드,92,2026.01,34010102,(시스템반도체)
1468506,34010102,(시스템반도체),수출,IL,이스라엘,1657,2026.01,34010102,(시스템반도체)
146975119,34010102,(시스템반도체),수출,IN,인도,26972,2026.01,34010102,(시스템반도체)
420269,34010102,(시스템반도체),수출,IT,이탈리아,283,2026.01,34010102,(시스템반도체)
36207751,34010102,(시스템반도체),수출,JP,일본,11984,2026.01,34010102,(시스템반도체)
24000,34010102,(시스템반도체),수출,LK,스리랑카,17,2026.01,34010102,(시스템반도체)
1030,34010102,(시스템반도체),수출,LT,리투아니아,14,2026.01,34010102,(시스템반도체)
12130,34010102,(시스템반도체),수출,MN,몽골,16,2026.01,34010102,(시스템반도체)
5282137,34010102,(시스템반도체),수출,MT,몰타,4187,2026.01,34010102,(시스템반도체)
15148119,34010102,(시스템반도체),수출,MX,멕시코,9022,2026.01,34010102,(시스템반도체)
110265220,34010102,(시스템반도체),수출,MY,말레이시아,43984,2026.01,34010102,(시스템반도체)
173920,34010102,(시스템반도체),수출,NG,나이지리아,147,2026.01,34010102,(시스템반도체)
3624514,34010102,(시스템반도체),수출,NL,네덜란드,1916,2026.01,34010102,(시스템반도체)
44180192,34010102,(시스템반도체),수출,PH,필리핀,20965,2026.01,34010102,(시스템반도체)
2730,34010102,(시스템반도체),수출,PK,파키스탄,1,2026.01,34010102,(시스템반도체)
12623421,34010102,(시스템반도체),수출,PL,폴란드,6555,2026.01,34010102,(시스템반도체)
7990828,34010102,(시스템반도체),수출,PT,포루투갈,3483,2026.01,34010102,(시스템반도체)
665,34010102,(시스템반도체),수출,PY,파라과이,5,2026.01,34010102,(시스템반도체)
7341,34010102,(시스템반도체),수출,RO,루마니아,11,2026.01,34010102,(시스템반도체)
105986,34010102,(시스템반도체),수출,RS,세르비아,279,2026.01,34010102,(시스템반도체)
115047,34010102,(시스템반도체),수출,SA,사우디아라비아,252,2026.01,34010102,(시스템반도체)
2857972,34010102,(시스템반도체),수출,SE,스웨덴,1015,2026.01,34010102,(시스템반도체)
361306303,34010102,(시스템반도체),수출,SG,싱가포르,81571,2026.01,34010102,(시스템반도체)
43,34010102,(시스템반도체),수출,SI,슬로베니아,17,2026.01,34010102,(시스템반도체)
83639,34010102,(시스템반도체),수출,SK,슬로바키아,108,2026.01,34010102,(시스템반도체)
477,34010102,(시스템반도체),수출,SN,세네갈,20,2026.01,34010102,(시스템반도체)
34528457,34010102,(시스템반도체),수출,TH,태국,16680,2026.01,34010102,(시스템반도체)
2290445,34010102,(시스템반도체),수출,TR,튀르키예,423,2026.01,34010102,(시스템반도체)
308033588,34010102,(시스템반도체),수출,TW,대만,82124,2026.01,34010102,(시스템반도체)
45820792,34010102,(시스템반도체),수출,US,미국,18383,2026.01,34010102,(시스템반도체)
4800,34010102,(시스템반도체),수출,UZ,우즈베키스탄,2,2026.01,34010102,(시스템반도체)
1140793980,34010102,(시스템반도체),수출,VN,베트남,110787,2026.01,34010102,(시스템반도체)
245786,34010102,(시스템반도체),수출,ZA,남아프리카공화국,13,2026.01,34010102,(시스템반도체)
115213,34010102,(시스템반도체),수출,AE,아랍에미리트 연합,78,2026.02,34010102,(시스템반도체)
84276,34010102,(시스템반도체),수출,AR,아르헨티나,205,2026.02,34010102,(시스템반도체)
10254423,34010102,(시스템반도체),수출,AT,오스트리아,4017,2026.02,34010102,(시스템반도체)
3375,34010102,(시스템반도체),수출,AU,호주,86,2026.02,34010102,(시스템반도체)
3233,34010102,(시스템반도체),수출,BD,방글라데시,26,2026.02,34010102,(시스템반도체)
923711,34010102,(시스템반도체),수출,BE,벨기에,118,2026.02,34010102,(시스템반도체)
45337479,34010102,(시스템반도체),수출,BR,브라질,4414,2026.02,34010102,(시스템반도체)
2777235,34010102,(시스템반도체),수출,CA,캐나다,171,2026.02,34010102,(시스템반도체)
124939,34010102,(시스템반도체),수출,CH,스위스,13,2026.02,34010102,(시스템반도체)
703172534,34010102,(시스템반도체),수출,CN,중국,121654,2026.02,34010102,(시스템반도체)
90000,34010102,(시스템반도체),수출,CO,콜롬비아,575,2026.02,34010102,(시스템반도체)
133400,34010102,(시스템반도체),수출,CR,코스타리카,334,2026.02,34010102,(시스템반도체)
6527183,34010102,(시스템반도체),수출,CZ,체코공화국,2631,2026.02,34010102,(시스템반도체)
2499312,34010102,(시스템반도체),수출,DE,독일,770,2026.02,34010102,(시스템반도체)
1660,34010102,(시스템반도체),수출,DK,덴마크,0,2026.02,34010102,(시스템반도체)
10660,34010102,(시스템반도체),수출,EE,에스토니아,19,2026.02,34010102,(시스템반도체)
3607546,34010102,(시스템반도체),수출,EG,이집트,611,2026.02,34010102,(시스템반도체)
19998,34010102,(시스템반도체),수출,ES,스페인,18,2026.02,34010102,(시스템반도체)
55209,34010102,(시스템반도체),수출,FI,핀란드,15,2026.02,34010102,(시스템반도체)
13249206,34010102,(시스템반도체),수출,FR,프랑스,2457,2026.02,34010102,(시스템반도체)
344737,34010102,(시스템반도체),수출,GB,영국,243,2026.02,34010102,(시스템반도체)
0,34010102,(시스템반도체),수출,GH,가나,0,2026.02,34010102,(시스템반도체)
78565127,34010102,(시스템반도체),수출,HK,홍콩,41610,2026.02,34010102,(시스템반도체)
1389980,34010102,(시스템반도체),수출,HU,헝가리,261,2026.02,34010102,(시스템반도체)
25583035,34010102,(시스템반도체),수출,ID,인도네시아,4836,2026.02,34010102,(시스템반도체)
28087,34010102,(시스템반도체),수출,IE,아일랜드,14,2026.02,34010102,(시스템반도체)
2228907,34010102,(시스템반도체),수출,IL,이스라엘,1421,2026.02,34010102,(시스템반도체)
140051550,34010102,(시스템반도체),수출,IN,인도,30884,2026.02,34010102,(시스템반도체)
1044485,34010102,(시스템반도체),수출,IT,이탈리아,548,2026.02,34010102,(시스템반도체)
29718572,34010102,(시스템반도체),수출,JP,일본,11628,2026.02,34010102,(시스템반도체)
600,34010102,(시스템반도체),수출,KH,캄보디아,2,2026.02,34010102,(시스템반도체)
6968,34010102,(시스템반도체),수출,LT,리투아니아,6,2026.02,34010102,(시스템반도체)
14282,34010102,(시스템반도체),수출,LV,라트비아,16,2026.02,34010102,(시스템반도체)
28017,34010102,(시스템반도체),수출,MN,몽골,102,2026.02,34010102,(시스템반도체)
7808099,34010102,(시스템반도체),수출,MT,몰타,5803,2026.02,34010102,(시스템반도체)
13799189,34010102,(시스템반도체),수출,MX,멕시코,8171,2026.02,34010102,(시스템반도체)
120467115,34010102,(시스템반도체),수출,MY,말레이시아,40503,2026.02,34010102,(시스템반도체)
4195947,34010102,(시스템반도체),수출,NL,네덜란드,1845,2026.02,34010102,(시스템반도체)
76,34010102,(시스템반도체),수출,NO,노르웨이,0,2026.02,34010102,(시스템반도체)
7,34010102,(시스템반도체),수출,NZ,뉴질랜드,0,2026.02,34010102,(시스템반도체)
5,34010102,(시스템반도체),수출,PA,파나마,0,2026.02,34010102,(시스템반도체)
44094738,34010102,(시스템반도체),수출,PH,필리핀,24646,2026.02,34010102,(시스템반도체)
120979,34010102,(시스템반도체),수출,PK,파키스탄,546,2026.02,34010102,(시스템반도체)
14641845,34010102,(시스템반도체),수출,PL,폴란드,8127,2026.02,34010102,(시스템반도체)
7473,34010102,(시스템반도체),수출,PR,푸에르토리코,11,2026.02,34010102,(시스템반도체)
4647513,34010102,(시스템반도체),수출,PT,포루투갈,1760,2026.02,34010102,(시스템반도체)
42132,34010102,(시스템반도체),수출,RO,루마니아,139,2026.02,34010102,(시스템반도체)
775871,34010102,(시스템반도체),수출,RS,세르비아,213,2026.02,34010102,(시스템반도체)
3109493,34010102,(시스템반도체),수출,SE,스웨덴,1137,2026.02,34010102,(시스템반도체)
350178587,34010102,(시스템반도체),수출,SG,싱가포르,69847,2026.02,34010102,(시스템반도체)
178,34010102,(시스템반도체),수출,SI,슬로베니아,0,2026.02,34010102,(시스템반도체)
41104,34010102,(시스템반도체),수출,SK,슬로바키아,23,2026.02,34010102,(시스템반도체)
26161538,34010102,(시스템반도체),수출,TH,태국,16886,2026.02,34010102,(시스템반도체)
1859236,34010102,(시스템반도체),수출,TR,튀르키예,663,2026.02,34010102,(시스템반도체)
242720006,34010102,(시스템반도체),수출,TW,대만,68200,2026.02,34010102,(시스템반도체)
90980,34010102,(시스템반도체),수출,UA,우크라이나,19,2026.02,34010102,(시스템반도체)
70139025,34010102,(시스템반도체),수출,US,미국,27971,2026.02,34010102,(시스템반도체)
950306160,34010102,(시스템반도체),수출,VN,베트남,92122,2026.02,34010102,(시스템반도체)
237994,34010102,(시스템반도체),수출,ZA,남아프리카공화국,49,2026.02,34010102,(시스템반도체)
59671,34010102,(시스템반도체),수출,AE,아랍에미리트 연합,73,2026.03,34010102,(시스템반도체)
220552,34010102,(시스템반도체),수출,AR,아르헨티나,322,2026.03,34010102,(시스템반도체)
8575418,34010102,(시스템반도체),수출,AT,오스트리아,3093,2026.03,34010102,(시스템반도체)
520458,34010102,(시스템반도체),수출,AU,호주,497,2026.03,34010102,(시스템반도체)
2269,34010102,(시스템반도체),수출,BD,방글라데시,10,2026.03,34010102,(시스템반도체)
873865,34010102,(시스템반도체),수출,BE,벨기에,112,2026.03,34010102,(시스템반도체)
40059,34010102,(시스템반도체),수출,BG,불가리아,2,2026.03,34010102,(시스템반도체)
1248,34010102,(시스템반도체),수출,BH,바레인,5,2026.03,34010102,(시스템반도체)
58005452,34010102,(시스템반도체),수출,BR,브라질,4357,2026.03,34010102,(시스템반도체)
43879,34010102,(시스템반도체),수출,CA,캐나다,28,2026.03,34010102,(시스템반도체)
85000,34010102,(시스템반도체),수출,CD,콩고민주공화국,24,2026.03,34010102,(시스템반도체)
64936,34010102,(시스템반도체),수출,CH,스위스,8,2026.03,34010102,(시스템반도체)
5,34010102,(시스템반도체),수출,CL,칠레,0,2026.03,34010102,(시스템반도체)
806110807,34010102,(시스템반도체),수출,CN,중국,138849,2026.03,34010102,(시스템반도체)
90000,34010102,(시스템반도체),수출,CO,콜롬비아,575,2026.03,34010102,(시스템반도체)
10140043,34010102,(시스템반도체),수출,CZ,체코공화국,3426,2026.03,34010102,(시스템반도체)
3305493,34010102,(시스템반도체),수출,DE,독일,1197,2026.03,34010102,(시스템반도체)
2141,34010102,(시스템반도체),수출,DK,덴마크,2,2026.03,34010102,(시스템반도체)
2045,34010102,(시스템반도체),수출,EC,에쿠아도르,75,2026.03,34010102,(시스템반도체)
4228507,34010102,(시스템반도체),수출,EG,이집트,825,2026.03,34010102,(시스템반도체)
29144,34010102,(시스템반도체),수출,ES,스페인,17,2026.03,34010102,(시스템반도체)
76425,34010102,(시스템반도체),수출,FI,핀란드,5,2026.03,34010102,(시스템반도체)
17835908,34010102,(시스템반도체),수출,FR,프랑스,2276,2026.03,34010102,(시스템반도체)
669661,34010102,(시스템반도체),수출,GB,영국,270,2026.03,34010102,(시스템반도체)
108138813,34010102,(시스템반도체),수출,HK,홍콩,52916,2026.03,34010102,(시스템반도체)
847543,34010102,(시스템반도체),수출,HU,헝가리,285,2026.03,34010102,(시스템반도체)
12641291,34010102,(시스템반도체),수출,ID,인도네시아,3733,2026.03,34010102,(시스템반도체)
2094,34010102,(시스템반도체),수출,IE,아일랜드,4,2026.03,34010102,(시스템반도체)
3624024,34010102,(시스템반도체),수출,IL,이스라엘,1082,2026.03,34010102,(시스템반도체)
149596784,34010102,(시스템반도체),수출,IN,인도,25234,2026.03,34010102,(시스템반도체)
681755,34010102,(시스템반도체),수출,IT,이탈리아,266,2026.03,34010102,(시스템반도체)
30590244,34010102,(시스템반도체),수출,JP,일본,10124,2026.03,34010102,(시스템반도체)
15992,34010102,(시스템반도체),수출,KZ,카자흐스탄,5,2026.03,34010102,(시스템반도체)
72327,34010102,(시스템반도체),수출,MC,모나코,63,2026.03,34010102,(시스템반도체)
49240,34010102,(시스템반도체),수출,MN,몽골,77,2026.03,34010102,(시스템반도체)
44,34010102,(시스템반도체),수출,MO,마카오,1,2026.03,34010102,(시스템반도체)
6616141,34010102,(시스템반도체),수출,MT,몰타,5952,2026.03,34010102,(시스템반도체)
293,34010102,(시스템반도체),수출,MU,모리셔스,3,2026.03,34010102,(시스템반도체)
24218361,34010102,(시스템반도체),수출,MX,멕시코,11050,2026.03,34010102,(시스템반도체)
137908026,34010102,(시스템반도체),수출,MY,말레이시아,52841,2026.03,34010102,(시스템반도체)
22862,34010102,(시스템반도체),수출,MZ,모잠비크,284,2026.03,34010102,(시스템반도체)
3164406,34010102,(시스템반도체),수출,NL,네덜란드,1310,2026.03,34010102,(시스템반도체)
12,34010102,(시스템반도체),수출,NO,노르웨이,0,2026.03,34010102,(시스템반도체)
4,34010102,(시스템반도체),수출,NZ,뉴질랜드,1,2026.03,34010102,(시스템반도체)
284,34010102,(시스템반도체),수출,PE,페루,3,2026.03,34010102,(시스템반도체)
43611763,34010102,(시스템반도체),수출,PH,필리핀,22542,2026.03,34010102,(시스템반도체)
48081,34010102,(시스템반도체),수출,PK,파키스탄,228,2026.03,34010102,(시스템반도체)
10196208,34010102,(시스템반도체),수출,PL,폴란드,6474,2026.03,34010102,(시스템반도체)
5764031,34010102,(시스템반도체),수출,PT,포루투갈,1978,2026.03,34010102,(시스템반도체)
40994,34010102,(시스템반도체),수출,RS,세르비아,2,2026.03,34010102,(시스템반도체)
200,34010102,(시스템반도체),수출,SA,사우디아라비아,1,2026.03,34010102,(시스템반도체)
3014385,34010102,(시스템반도체),수출,SE,스웨덴,1089,2026.03,34010102,(시스템반도체)
354587222,34010102,(시스템반도체),수출,SG,싱가포르,79547,2026.03,34010102,(시스템반도체)
197072,34010102,(시스템반도체),수출,SK,슬로바키아,75,2026.03,34010102,(시스템반도체)
1,34010102,(시스템반도체),수출,SZ,스와질랜드,1,2026.03,34010102,(시스템반도체)
33036297,34010102,(시스템반도체),수출,TH,태국,14809,2026.03,34010102,(시스템반도체)
1820100,34010102,(시스템반도체),수출,TR,튀르키예,430,2026.03,34010102,(시스템반도체)
336166632,34010102,(시스템반도체),수출,TW,대만,96943,2026.03,34010102,(시스템반도체)
60567891,34010102,(시스템반도체),수출,US,미국,24610,2026.03,34010102,(시스템반도체)
939400339,34010102,(시스템반도체),수출,VN,베트남,97130,2026.03,34010102,(시스템반도체)
153582,34010102,(시스템반도체),수출,ZA,남아프리카공화국,43,2026.03,34010102,(시스템반도체)
190014,34010102,(시스템반도체),수출,AE,아랍에미리트 연합,578,2026.04,34010102,(시스템반도체)
54683,34010102,(시스템반도체),수출,AR,아르헨티나,146,2026.04,34010102,(시스템반도체)
5646630,34010102,(시스템반도체),수출,AT,오스트리아,2148,2026.04,34010102,(시스템반도체)
1635,34010102,(시스템반도체),수출,AU,호주,256,2026.04,34010102,(시스템반도체)
6391,34010102,(시스템반도체),수출,BD,방글라데시,20,2026.04,34010102,(시스템반도체)
1238937,34010102,(시스템반도체),수출,BE,벨기에,128,2026.04,34010102,(시스템반도체)
93670739,34010102,(시스템반도체),수출,BR,브라질,6313,2026.04,34010102,(시스템반도체)
7104490,34010102,(시스템반도체),수출,CA,캐나다,470,2026.04,34010102,(시스템반도체)
132209,34010102,(시스템반도체),수출,CH,스위스,14,2026.04,34010102,(시스템반도체)
780998644,34010102,(시스템반도체),수출,CN,중국,136306,2026.04,34010102,(시스템반도체)
90000,34010102,(시스템반도체),수출,CO,콜롬비아,575,2026.04,34010102,(시스템반도체)
6865632,34010102,(시스템반도체),수출,CZ,체코공화국,3756,2026.04,34010102,(시스템반도체)
2855644,34010102,(시스템반도체),수출,DE,독일,1036,2026.04,34010102,(시스템반도체)
420,34010102,(시스템반도체),수출,DK,덴마크,18,2026.04,34010102,(시스템반도체)
4,34010102,(시스템반도체),수출,DO,도미니카 공화국,0,2026.04,34010102,(시스템반도체)
160,34010102,(시스템반도체),수출,EC,에쿠아도르,16,2026.04,34010102,(시스템반도체)
910,34010102,(시스템반도체),수출,EE,에스토니아,2,2026.04,34010102,(시스템반도체)
3730069,34010102,(시스템반도체),수출,EG,이집트,550,2026.04,34010102,(시스템반도체)
16627,34010102,(시스템반도체),수출,ES,스페인,33,2026.04,34010102,(시스템반도체)
151044,34010102,(시스템반도체),수출,FI,핀란드,70,2026.04,34010102,(시스템반도체)
15154549,34010102,(시스템반도체),수출,FR,프랑스,2150,2026.04,34010102,(시스템반도체)
512701,34010102,(시스템반도체),수출,GB,영국,227,2026.04,34010102,(시스템반도체)
6309,34010102,(시스템반도체),수출,GR,그리스,8,2026.04,34010102,(시스템반도체)
148447031,34010102,(시스템반도체),수출,HK,홍콩,54710,2026.04,34010102,(시스템반도체)
98530,34010102,(시스템반도체),수출,HR,크로아티아,33,2026.04,34010102,(시스템반도체)
583151,34010102,(시스템반도체),수출,HU,헝가리,200,2026.04,34010102,(시스템반도체)
20241667,34010102,(시스템반도체),수출,ID,인도네시아,4946,2026.04,34010102,(시스템반도체)
141429,34010102,(시스템반도체),수출,IE,아일랜드,25,2026.04,34010102,(시스템반도체)
2559358,34010102,(시스템반도체),수출,IL,이스라엘,906,2026.04,34010102,(시스템반도체)
207329167,34010102,(시스템반도체),수출,IN,인도,28012,2026.04,34010102,(시스템반도체)
9044,34010102,(시스템반도체),수출,IS,아이슬란드,9,2026.04,34010102,(시스템반도체)
1055017,34010102,(시스템반도체),수출,IT,이탈리아,284,2026.04,34010102,(시스템반도체)
53623551,34010102,(시스템반도체),수출,JP,일본,13136,2026.04,34010102,(시스템반도체)
4400,34010102,(시스템반도체),수출,KH,캄보디아,4,2026.04,34010102,(시스템반도체)
53500,34010102,(시스템반도체),수출,LB,레바논,288,2026.04,34010102,(시스템반도체)
11742,34010102,(시스템반도체),수출,LV,라트비아,1,2026.04,34010102,(시스템반도체)
7838,34010102,(시스템반도체),수출,MC,모나코,4,2026.04,34010102,(시스템반도체)
1359,34010102,(시스템반도체),수출,MK,마세도니아,9,2026.04,34010102,(시스템반도체)
1138700,34010102,(시스템반도체),수출,MM,미얀마,103,2026.04,34010102,(시스템반도체)
302075,34010102,(시스템반도체),수출,MN,몽골,376,2026.04,34010102,(시스템반도체)
55,34010102,(시스템반도체),수출,MO,마카오,1,2026.04,34010102,(시스템반도체)
3870181,34010102,(시스템반도체),수출,MT,몰타,3354,2026.04,34010102,(시스템반도체)
13500273,34010102,(시스템반도체),수출,MX,멕시코,10908,2026.04,34010102,(시스템반도체)
135646070,34010102,(시스템반도체),수출,MY,말레이시아,48313,2026.04,34010102,(시스템반도체)
60450,34010102,(시스템반도체),수출,NG,나이지리아,43,2026.04,34010102,(시스템반도체)
1236023,34010102,(시스템반도체),수출,NL,네덜란드,119,2026.04,34010102,(시스템반도체)
68,34010102,(시스템반도체),수출,NO,노르웨이,1,2026.04,34010102,(시스템반도체)
950,34010102,(시스템반도체),수출,NZ,뉴질랜드,26,2026.04,34010102,(시스템반도체)
49687796,34010102,(시스템반도체),수출,PH,필리핀,25798,2026.04,34010102,(시스템반도체)
187226,34010102,(시스템반도체),수출,PK,파키스탄,803,2026.04,34010102,(시스템반도체)
15296986,34010102,(시스템반도체),수출,PL,폴란드,9185,2026.04,34010102,(시스템반도체)
3688963,34010102,(시스템반도체),수출,PT,포루투갈,881,2026.04,34010102,(시스템반도체)
73860,34010102,(시스템반도체),수출,RO,루마니아,30,2026.04,34010102,(시스템반도체)
3651113,34010102,(시스템반도체),수출,SE,스웨덴,1189,2026.04,34010102,(시스템반도체)
397916583,34010102,(시스템반도체),수출,SG,싱가포르,76650,2026.04,34010102,(시스템반도체)
86083,34010102,(시스템반도체),수출,SK,슬로바키아,60,2026.04,34010102,(시스템반도체)
33208585,34010102,(시스템반도체),수출,TH,태국,14907,2026.04,34010102,(시스템반도체)
3059367,34010102,(시스템반도체),수출,TR,튀르키예,874,2026.04,34010102,(시스템반도체)
291587089,34010102,(시스템반도체),수출,TW,대만,98307,2026.04,34010102,(시스템반도체)
564,34010102,(시스템반도체),수출,UA,우크라이나,3,2026.04,34010102,(시스템반도체)
140974380,34010102,(시스템반도체),수출,US,미국,44828,2026.04,34010102,(시스템반도체)
1115342442,34010102,(시스템반도체),수출,VN,베트남,101027,2026.04,34010102,(시스템반도체)
153478,34010102,(시스템반도체),수출,ZA,남아프리카공화국,12,2026.04,34010102,(시스템반도체)
829610,34010102,(시스템반도체),수출,AE,아랍에미리트 연합,1448,2026.05,34010102,(시스템반도체)
102840,34010102,(시스템반도체),수출,AR,아르헨티나,93,2026.05,34010102,(시스템반도체)
3411456,34010102,(시스템반도체),수출,AT,오스트리아,1264,2026.05,34010102,(시스템반도체)
228476,34010102,(시스템반도체),수출,AU,호주,436,2026.05,34010102,(시스템반도체)
2,34010102,(시스템반도체),수출,BD,방글라데시,1,2026.05,34010102,(시스템반도체)
1194951,34010102,(시스템반도체),수출,BE,벨기에,137,2026.05,34010102,(시스템반도체)
30150,34010102,(시스템반도체),수출,BG,불가리아,1,2026.05,34010102,(시스템반도체)
4000,34010102,(시스템반도체),수출,BM,버뮤다,9,2026.05,34010102,(시스템반도체)
63646741,34010102,(시스템반도체),수출,BR,브라질,4088,2026.05,34010102,(시스템반도체)
7224580,34010102,(시스템반도체),수출,CA,캐나다,229,2026.05,34010102,(시스템반도체)
202149,34010102,(시스템반도체),수출,CH,스위스,20,2026.05,34010102,(시스템반도체)
755348045,34010102,(시스템반도체),수출,CN,중국,136762,2026.05,34010102,(시스템반도체)
92700,34010102,(시스템반도체),수출,CO,콜롬비아,592,2026.05,34010102,(시스템반도체)
11478671,34010102,(시스템반도체),수출,CZ,체코공화국,4843,2026.05,34010102,(시스템반도체)
2731405,34010102,(시스템반도체),수출,DE,독일,1200,2026.05,34010102,(시스템반도체)
12906,34010102,(시스템반도체),수출,DK,덴마크,131,2026.05,34010102,(시스템반도체)
3045,34010102,(시스템반도체),수출,EC,에쿠아도르,98,2026.05,34010102,(시스템반도체)
3951731,34010102,(시스템반도체),수출,EG,이집트,719,2026.05,34010102,(시스템반도체)
17549,34010102,(시스템반도체),수출,ES,스페인,18,2026.05,34010102,(시스템반도체)
5010,34010102,(시스템반도체),수출,ET,에티오피아,25,2026.05,34010102,(시스템반도체)
7115,34010102,(시스템반도체),수출,FI,핀란드,3,2026.05,34010102,(시스템반도체)
8997076,34010102,(시스템반도체),수출,FR,프랑스,1519,2026.05,34010102,(시스템반도체)
675556,34010102,(시스템반도체),수출,GB,영국,399,2026.05,34010102,(시스템반도체)
77367278,34010102,(시스템반도체),수출,HK,홍콩,45731,2026.05,34010102,(시스템반도체)
701923,34010102,(시스템반도체),수출,HU,헝가리,222,2026.05,34010102,(시스템반도체)
11984850,34010102,(시스템반도체),수출,ID,인도네시아,3394,2026.05,34010102,(시스템반도체)
88357,34010102,(시스템반도체),수출,IE,아일랜드,9,2026.05,34010102,(시스템반도체)
2745047,34010102,(시스템반도체),수출,IL,이스라엘,1096,2026.05,34010102,(시스템반도체)
172078695,34010102,(시스템반도체),수출,IN,인도,24857,2026.05,34010102,(시스템반도체)
410204,34010102,(시스템반도체),수출,IT,이탈리아,142,2026.05,34010102,(시스템반도체)
35543659,34010102,(시스템반도체),수출,JP,일본,9883,2026.05,34010102,(시스템반도체)
1067,34010102,(시스템반도체),수출,KZ,카자흐스탄,1,2026.05,34010102,(시스템반도체)
10290,34010102,(시스템반도체),수출,MD,몰도바,19,2026.05,34010102,(시스템반도체)
660,34010102,(시스템반도체),수출,MK,마세도니아,2,2026.05,34010102,(시스템반도체)
50640,34010102,(시스템반도체),수출,MN,몽골,82,2026.05,34010102,(시스템반도체)
1357,34010102,(시스템반도체),수출,MO,마카오,2,2026.05,34010102,(시스템반도체)
3996971,34010102,(시스템반도체),수출,MT,몰타,3159,2026.05,34010102,(시스템반도체)
14381070,34010102,(시스템반도체),수출,MX,멕시코,7838,2026.05,34010102,(시스템반도체)
114805743,34010102,(시스템반도체),수출,MY,말레이시아,48888,2026.05,34010102,(시스템반도체)
907,34010102,(시스템반도체),수출,MZ,모잠비크,25,2026.05,34010102,(시스템반도체)
2591980,34010102,(시스템반도체),수출,NL,네덜란드,1120,2026.05,34010102,(시스템반도체)
1180,34010102,(시스템반도체),수출,NZ,뉴질랜드,16,2026.05,34010102,(시스템반도체)
1811,34010102,(시스템반도체),수출,OM,오만,2,2026.05,34010102,(시스템반도체)
51242464,34010102,(시스템반도체),수출,PH,필리핀,27453,2026.05,34010102,(시스템반도체)
10928,34010102,(시스템반도체),수출,PK,파키스탄,9,2026.05,34010102,(시스템반도체)
11571483,34010102,(시스템반도체),수출,PL,폴란드,9386,2026.05,34010102,(시스템반도체)
25,34010102,(시스템반도체),수출,PR,푸에르토리코,1,2026.05,34010102,(시스템반도체)
3255545,34010102,(시스템반도체),수출,PT,포루투갈,1087,2026.05,34010102,(시스템반도체)
727,34010102,(시스템반도체),수출,RO,루마니아,6,2026.05,34010102,(시스템반도체)
98479,34010102,(시스템반도체),수출,RS,세르비아,82,2026.05,34010102,(시스템반도체)
7429,34010102,(시스템반도체),수출,RW,르완다,87,2026.05,34010102,(시스템반도체)
5153018,34010102,(시스템반도체),수출,SE,스웨덴,1977,2026.05,34010102,(시스템반도체)
313566206,34010102,(시스템반도체),수출,SG,싱가포르,82534,2026.05,34010102,(시스템반도체)
20106,34010102,(시스템반도체),수출,SK,슬로바키아,27,2026.05,34010102,(시스템반도체)
23940572,34010102,(시스템반도체),수출,TH,태국,13810,2026.05,34010102,(시스템반도체)
2419493,34010102,(시스템반도체),수출,TR,튀르키예,1011,2026.05,34010102,(시스템반도체)
344760278,34010102,(시스템반도체),수출,TW,대만,115350,2026.05,34010102,(시스템반도체)
205,34010102,(시스템반도체),수출,UA,우크라이나,2,2026.05,34010102,(시스템반도체)
38521365,34010102,(시스템반도체),수출,US,미국,12031,2026.05,34010102,(시스템반도체)
1449415265,34010102,(시스템반도체),수출,VN,베트남,96391,2026.05,34010102,(시스템반도체)
203139,34010102,(시스템반도체),수출,ZA,남아프리카공화국,23,2026.05,34010102,(시스템반도체)
260160,34010102,(시스템반도체),수출,AE,아랍에미리트 연합,74,2026.06,34010102,(시스템반도체)
15200,34010102,(시스템반도체),수출,AN,네덜란드 열도,1,2026.06,34010102,(시스템반도체)
153297,34010102,(시스템반도체),수출,AR,아르헨티나,105,2026.06,34010102,(시스템반도체)
3641842,34010102,(시스템반도체),수출,AT,오스트리아,1792,2026.06,34010102,(시스템반도체)
1601087,34010102,(시스템반도체),수출,AU,호주,925,2026.06,34010102,(시스템반도체)
3,34010102,(시스템반도체),수출,BD,방글라데시,2,2026.06,34010102,(시스템반도체)
1638693,34010102,(시스템반도체),수출,BE,벨기에,177,2026.06,34010102,(시스템반도체)
30150,34010102,(시스템반도체),수출,BG,불가리아,1,2026.06,34010102,(시스템반도체)
70669330,34010102,(시스템반도체),수출,BR,브라질,4744,2026.06,34010102,(시스템반도체)
902901,34010102,(시스템반도체),수출,CA,캐나다,316,2026.06,34010102,(시스템반도체)
378960,34010102,(시스템반도체),수출,CH,스위스,42,2026.06,34010102,(시스템반도체)
764189572,34010102,(시스템반도체),수출,CN,중국,148660,2026.06,34010102,(시스템반도체)
90000,34010102,(시스템반도체),수출,CO,콜롬비아,645,2026.06,34010102,(시스템반도체)
7892186,34010102,(시스템반도체),수출,CZ,체코공화국,2606,2026.06,34010102,(시스템반도체)
3241532,34010102,(시스템반도체),수출,DE,독일,1394,2026.06,34010102,(시스템반도체)
379,34010102,(시스템반도체),수출,DK,덴마크,217,2026.06,34010102,(시스템반도체)
5605240,34010102,(시스템반도체),수출,EG,이집트,546,2026.06,34010102,(시스템반도체)
190986,34010102,(시스템반도체),수출,ES,스페인,105,2026.06,34010102,(시스템반도체)
83263,34010102,(시스템반도체),수출,FI,핀란드,7,2026.06,34010102,(시스템반도체)
11368518,34010102,(시스템반도체),수출,FR,프랑스,2039,2026.06,34010102,(시스템반도체)
254715,34010102,(시스템반도체),수출,GB,영국,210,2026.06,34010102,(시스템반도체)
1021,34010102,(시스템반도체),수출,GR,그리스,4,2026.06,34010102,(시스템반도체)
127916646,34010102,(시스템반도체),수출,HK,홍콩,50917,2026.06,34010102,(시스템반도체)
787820,34010102,(시스템반도체),수출,HU,헝가리,1161,2026.06,34010102,(시스템반도체)
21681855,34010102,(시스템반도체),수출,ID,인도네시아,4727,2026.06,34010102,(시스템반도체)
1767825,34010102,(시스템반도체),수출,IE,아일랜드,152,2026.06,34010102,(시스템반도체)
1757182,34010102,(시스템반도체),수출,IL,이스라엘,992,2026.06,34010102,(시스템반도체)
135463824,34010102,(시스템반도체),수출,IN,인도,24111,2026.06,34010102,(시스템반도체)
567341,34010102,(시스템반도체),수출,IT,이탈리아,331,2026.06,34010102,(시스템반도체)
35353227,34010102,(시스템반도체),수출,JP,일본,10472,2026.06,34010102,(시스템반도체)
11792,34010102,(시스템반도체),수출,KH,캄보디아,24,2026.06,34010102,(시스템반도체)
2475,34010102,(시스템반도체),수출,LK,스리랑카,1,2026.06,34010102,(시스템반도체)
125378,34010102,(시스템반도체),수출,MN,몽골,205,2026.06,34010102,(시스템반도체)
10760319,34010102,(시스템반도체),수출,MT,몰타,8570,2026.06,34010102,(시스템반도체)
33873942,34010102,(시스템반도체),수출,MX,멕시코,15151,2026.06,34010102,(시스템반도체)
136653784,34010102,(시스템반도체),수출,MY,말레이시아,58904,2026.06,34010102,(시스템반도체)
22419,34010102,(시스템반도체),수출,MZ,모잠비크,1,2026.06,34010102,(시스템반도체)
190554,34010102,(시스템반도체),수출,NG,나이지리아,127,2026.06,34010102,(시스템반도체)
2665947,34010102,(시스템반도체),수출,NL,네덜란드,717,2026.06,34010102,(시스템반도체)
9350,34010102,(시스템반도체),수출,NZ,뉴질랜드,3,2026.06,34010102,(시스템반도체)
50419669,34010102,(시스템반도체),수출,PH,필리핀,27986,2026.06,34010102,(시스템반도체)
252076,34010102,(시스템반도체),수출,PK,파키스탄,1047,2026.06,34010102,(시스템반도체)
12453303,34010102,(시스템반도체),수출,PL,폴란드,8743,2026.06,34010102,(시스템반도체)
3534728,34010102,(시스템반도체),수출,PT,포루투갈,909,2026.06,34010102,(시스템반도체)
84379,34010102,(시스템반도체),수출,RO,루마니아,39,2026.06,34010102,(시스템반도체)
72121,34010102,(시스템반도체),수출,RS,세르비아,3,2026.06,34010102,(시스템반도체)
49226,34010102,(시스템반도체),수출,SA,사우디아라비아,84,2026.06,34010102,(시스템반도체)
2875695,34010102,(시스템반도체),수출,SE,스웨덴,1098,2026.06,34010102,(시스템반도체)
342216997,34010102,(시스템반도체),수출,SG,싱가포르,85896,2026.06,34010102,(시스템반도체)
26650,34010102,(시스템반도체),수출,SI,슬로베니아,2,2026.06,34010102,(시스템반도체)
8592,34010102,(시스템반도체),수출,SK,슬로바키아,31,2026.06,34010102,(시스템반도체)
30153698,34010102,(시스템반도체),수출,TH,태국,23465,2026.06,34010102,(시스템반도체)
3669731,34010102,(시스템반도체),수출,TR,튀르키예,1129,2026.06,34010102,(시스템반도체)
341672815,34010102,(시스템반도체),수출,TW,대만,103901,2026.06,34010102,(시스템반도체)
70500,34010102,(시스템반도체),수출,UA,우크라이나,29,2026.06,34010102,(시스템반도체)
39549241,34010102,(시스템반도체),수출,US,미국,18801,2026.06,34010102,(시스템반도체)
211417,34010102,(시스템반도체),수출,UZ,우즈베키스탄,5875,2026.06,34010102,(시스템반도체)
1242308117,34010102,(시스템반도체),수출,VN,베트남,101098,2026.06,34010102,(시스템반도체)
19224,34010102,(시스템반도체),수출,ZA,남아프리카공화국,19,2026.06,34010102,(시스템반도체)
55974,34010102,(시스템반도체),수출,AE,아랍에미리트 연합,107,2026.07,34010102,(시스템반도체)
59400,34010102,(시스템반도체),수출,AN,네덜란드 열도,5,2026.07,34010102,(시스템반도체)
154294,34010102,(시스템반도체),수출,AR,아르헨티나,184,2026.07,34010102,(시스템반도체)
3130647,34010102,(시스템반도체),수출,AT,오스트리아,1028,2026.07,34010102,(시스템반도체)
631216,34010102,(시스템반도체),수출,AU,호주,783,2026.07,34010102,(시스템반도체)
14,34010102,(시스템반도체),수출,BB,바베이도스,0,2026.07,34010102,(시스템반도체)
58580,34010102,(시스템반도체),수출,BD,방글라데시,36,2026.07,34010102,(시스템반도체)
1505365,34010102,(시스템반도체),수출,BE,벨기에,170,2026.07,34010102,(시스템반도체)
33798,34010102,(시스템반도체),수출,BG,불가리아,1,2026.07,34010102,(시스템반도체)
65786982,34010102,(시스템반도체),수출,BR,브라질,5203,2026.07,34010102,(시스템반도체)
4128536,34010102,(시스템반도체),수출,CA,캐나다,286,2026.07,34010102,(시스템반도체)
301029,34010102,(시스템반도체),수출,CH,스위스,34,2026.07,34010102,(시스템반도체)
789489143,34010102,(시스템반도체),수출,CN,중국,142458,2026.07,34010102,(시스템반도체)
90000,34010102,(시스템반도체),수출,CO,콜롬비아,575,2026.07,34010102,(시스템반도체)
2686,34010102,(시스템반도체),수출,CR,코스타리카,0,2026.07,34010102,(시스템반도체)
9943929,34010102,(시스템반도체),수출,CZ,체코공화국,3693,2026.07,34010102,(시스템반도체)
4003331,34010102,(시스템반도체),수출,DE,독일,1618,2026.07,34010102,(시스템반도체)
3061,34010102,(시스템반도체),수출,DK,덴마크,4,2026.07,34010102,(시스템반도체)
5576391,34010102,(시스템반도체),수출,EG,이집트,555,2026.07,34010102,(시스템반도체)
4250,34010102,(시스템반도체),수출,ES,스페인,7,2026.07,34010102,(시스템반도체)
38143,34010102,(시스템반도체),수출,FI,핀란드,6,2026.07,34010102,(시스템반도체)
11775683,34010102,(시스템반도체),수출,FR,프랑스,2354,2026.07,34010102,(시스템반도체)
636150,34010102,(시스템반도체),수출,GB,영국,389,2026.07,34010102,(시스템반도체)
4,34010102,(시스템반도체),수출,GR,그리스,1,2026.07,34010102,(시스템반도체)
157396372,34010102,(시스템반도체),수출,HK,홍콩,56230,2026.07,34010102,(시스템반도체)
22417,34010102,(시스템반도체),수출,HR,크로아티아,5,2026.07,34010102,(시스템반도체)
452810,34010102,(시스템반도체),수출,HU,헝가리,124,2026.07,34010102,(시스템반도체)
19699316,34010102,(시스템반도체),수출,ID,인도네시아,3970,2026.07,34010102,(시스템반도체)
391179,34010102,(시스템반도체),수출,IE,아일랜드,48,2026.07,34010102,(시스템반도체)
3986203,34010102,(시스템반도체),수출,IL,이스라엘,1327,2026.07,34010102,(시스템반도체)
179998497,34010102,(시스템반도체),수출,IN,인도,27970,2026.07,34010102,(시스템반도체)
928571,34010102,(시스템반도체),수출,IT,이탈리아,594,2026.07,34010102,(시스템반도체)
23087393,34010102,(시스템반도체),수출,JP,일본,8512,2026.07,34010102,(시스템반도체)
44,34010102,(시스템반도체),수출,KW,쿠웨이트,0,2026.07,34010102,(시스템반도체)
29750,34010102,(시스템반도체),수출,KZ,카자흐스탄,10,2026.07,34010102,(시스템반도체)
10100,34010102,(시스템반도체),수출,LB,레바논,32,2026.07,34010102,(시스템반도체)
1067,34010102,(시스템반도체),수출,LK,스리랑카,3,2026.07,34010102,(시스템반도체)
7879,34010102,(시스템반도체),수출,LT,리투아니아,27,2026.07,34010102,(시스템반도체)
121817,34010102,(시스템반도체),수출,MN,몽골,193,2026.07,34010102,(시스템반도체)
5835764,34010102,(시스템반도체),수출,MT,몰타,3989,2026.07,34010102,(시스템반도체)
19679738,34010102,(시스템반도체),수출,MX,멕시코,13475,2026.07,34010102,(시스템반도체)
160028433,34010102,(시스템반도체),수출,MY,말레이시아,66224,2026.07,34010102,(시스템반도체)
3445526,34010102,(시스템반도체),수출,NL,네덜란드,1977,2026.07,34010102,(시스템반도체)
206,34010102,(시스템반도체),수출,NO,노르웨이,1,2026.07,34010102,(시스템반도체)
535,34010102,(시스템반도체),수출,NZ,뉴질랜드,2,2026.07,34010102,(시스템반도체)
60635976,34010102,(시스템반도체),수출,PH,필리핀,33497,2026.07,34010102,(시스템반도체)
7379198,34010102,(시스템반도체),수출,PL,폴란드,2990,2026.07,34010102,(시스템반도체)
64613,34010102,(시스템반도체),수출,PR,푸에르토리코,121,2026.07,34010102,(시스템반도체)
1994608,34010102,(시스템반도체),수출,PT,포루투갈,707,2026.07,34010102,(시스템반도체)
244,34010102,(시스템반도체),수출,RO,루마니아,4,2026.07,34010102,(시스템반도체)
11326,34010102,(시스템반도체),수출,RS,세르비아,1202,2026.07,34010102,(시스템반도체)
43278,34010102,(시스템반도체),수출,SA,사우디아라비아,88,2026.07,34010102,(시스템반도체)
4117849,34010102,(시스템반도체),수출,SE,스웨덴,1195,2026.07,34010102,(시스템반도체)
295521348,34010102,(시스템반도체),수출,SG,싱가포르,96163,2026.07,34010102,(시스템반도체)
27180,34010102,(시스템반도체),수출,SI,슬로베니아,10,2026.07,34010102,(시스템반도체)
59724,34010102,(시스템반도체),수출,SK,슬로바키아,74,2026.07,34010102,(시스템반도체)
1136,34010102,(시스템반도체),수출,SN,세네갈,100,2026.07,34010102,(시스템반도체)
2,34010102,(시스템반도체),수출,SZ,스와질랜드,1,2026.07,34010102,(시스템반도체)
37354675,34010102,(시스템반도체),수출,TH,태국,25409,2026.07,34010102,(시스템반도체)
2841809,34010102,(시스템반도체),수출,TR,튀르키예,1853,2026.07,34010102,(시스템반도체)
497503748,34010102,(시스템반도체),수출,TW,대만,114791,2026.07,34010102,(시스템반도체)
117500,34010102,(시스템반도체),수출,UA,우크라이나,49,2026.07,34010102,(시스템반도체)
39855733,34010102,(시스템반도체),수출,US,미국,14133,2026.07,34010102,(시스템반도체)
44,34010102,(시스템반도체),수출,UY,우루과이,0,2026.07,34010102,(시스템반도체)
7689,34010102,(시스템반도체),수출,UZ,우즈베키스탄,18,2026.07,34010102,(시스템반도체)
3000,34010102,(시스템반도체),수출,VI,미령 버진군도,12,2026.07,34010102,(시스템반도체)
1341076678,34010102,(시스템반도체),수출,VN,베트남,103689,2026.07,34010102,(시스템반도체)
177609,34010102,(시스템반도체),수출,ZA,남아프리카공화국,52,2026.07,34010102,(시스템반도체)
135399,34010102,(시스템반도체),수출,AE,아랍에미리트 연합,351,2026.08,34010102,(시스템반도체)
86937,34010102,(시스템반도체),수출,AR,아르헨티나,25,2026.08,34010102,(시스템반도체)
6342822,34010102,(시스템반도체),수출,AT,오스트리아,2133,2026.08,34010102,(시스템반도체)
9676,34010102,(시스템반도체),수출,AU,호주,320,2026.08,34010102,(시스템반도체)
59,34010102,(시스템반도체),수출,BB,바베이도스,0,2026.08,34010102,(시스템반도체)
7,34010102,(시스템반도체),수출,BD,방글라데시,2,2026.08,34010102,(시스템반도체)
1391264,34010102,(시스템반도체),수출,BE,벨기에,155,2026.08,34010102,(시스템반도체)
26536,34010102,(시스템반도체),수출,BG,불가리아,2,2026.08,34010102,(시스템반도체)
66846167,34010102,(시스템반도체),수출,BR,브라질,4308,2026.08,34010102,(시스템반도체)
4226469,34010102,(시스템반도체),수출,CA,캐나다,791,2026.08,34010102,(시스템반도체)
155335,34010102,(시스템반도체),수출,CH,스위스,21,2026.08,34010102,(시스템반도체)
1016096408,34010102,(시스템반도체),수출,CN,중국,133583,2026.08,34010102,(시스템반도체)
90000,34010102,(시스템반도체),수출,CO,콜롬비아,575,2026.08,34010102,(시스템반도체)
4945943,34010102,(시스템반도체),수출,CZ,체코공화국,2303,2026.08,34010102,(시스템반도체)
4634236,34010102,(시스템반도체),수출,DE,독일,2034,2026.08,34010102,(시스템반도체)
10459,34010102,(시스템반도체),수출,DK,덴마크,162,2026.08,34010102,(시스템반도체)
4442285,34010102,(시스템반도체),수출,EG,이집트,831,2026.08,34010102,(시스템반도체)
6360,34010102,(시스템반도체),수출,ES,스페인,1,2026.08,34010102,(시스템반도체)
35926,34010102,(시스템반도체),수출,FI,핀란드,8,2026.08,34010102,(시스템반도체)
10122573,34010102,(시스템반도체),수출,FR,프랑스,1607,2026.08,34010102,(시스템반도체)
1234003,34010102,(시스템반도체),수출,GB,영국,1072,2026.08,34010102,(시스템반도체)
44,34010102,(시스템반도체),수출,GD,그레나다,0,2026.08,34010102,(시스템반도체)
110036767,34010102,(시스템반도체),수출,HK,홍콩,48430,2026.08,34010102,(시스템반도체)
817986,34010102,(시스템반도체),수출,HU,헝가리,244,2026.08,34010102,(시스템반도체)
21633797,34010102,(시스템반도체),수출,ID,인도네시아,2792,2026.08,34010102,(시스템반도체)
8157,34010102,(시스템반도체),수출,IE,아일랜드,2,2026.08,34010102,(시스템반도체)
4569684,34010102,(시스템반도체),수출,IL,이스라엘,1134,2026.08,34010102,(시스템반도체)
202700231,34010102,(시스템반도체),수출,IN,인도,39770,2026.08,34010102,(시스템반도체)
409185,34010102,(시스템반도체),수출,IT,이탈리아,175,2026.08,34010102,(시스템반도체)
34050454,34010102,(시스템반도체),수출,JP,일본,9725,2026.08,34010102,(시스템반도체)
1558,34010102,(시스템반도체),수출,LB,레바논,47,2026.08,34010102,(시스템반도체)
400,34010102,(시스템반도체),수출,LK,스리랑카,90,2026.08,34010102,(시스템반도체)
6,34010102,(시스템반도체),수출,LT,리투아니아,1,2026.08,34010102,(시스템반도체)
8798,34010102,(시스템반도체),수출,LU,룩셈부르그,3,2026.08,34010102,(시스템반도체)
13850,34010102,(시스템반도체),수출,ML,말리,1,2026.08,34010102,(시스템반도체)
135993,34010102,(시스템반도체),수출,MN,몽골,1227,2026.08,34010102,(시스템반도체)
4807405,34010102,(시스템반도체),수출,MT,몰타,3691,2026.08,34010102,(시스템반도체)
495,34010102,(시스템반도체),수출,MU,모리셔스,3,2026.08,34010102,(시스템반도체)
20392404,34010102,(시스템반도체),수출,MX,멕시코,5953,2026.08,34010102,(시스템반도체)
165937368,34010102,(시스템반도체),수출,MY,말레이시아,58918,2026.08,34010102,(시스템반도체)
2066161,34010102,(시스템반도체),수출,NL,네덜란드,442,2026.08,34010102,(시스템반도체)
125,34010102,(시스템반도체),수출,NO,노르웨이,13,2026.08,34010102,(시스템반도체)
67644269,34010102,(시스템반도체),수출,PH,필리핀,34721,2026.08,34010102,(시스템반도체)
11953484,34010102,(시스템반도체),수출,PL,폴란드,5084,2026.08,34010102,(시스템반도체)
75039,34010102,(시스템반도체),수출,PR,푸에르토리코,140,2026.08,34010102,(시스템반도체)
2731586,34010102,(시스템반도체),수출,PT,포루투갈,533,2026.08,34010102,(시스템반도체)
33345,34010102,(시스템반도체),수출,RO,루마니아,13,2026.08,34010102,(시스템반도체)
74008,34010102,(시스템반도체),수출,RS,세르비아,16,2026.08,34010102,(시스템반도체)
16576,34010102,(시스템반도체),수출,SA,사우디아라비아,29,2026.08,34010102,(시스템반도체)
3776068,34010102,(시스템반도체),수출,SE,스웨덴,1140,2026.08,34010102,(시스템반도체)
294101377,34010102,(시스템반도체),수출,SG,싱가포르,96680,2026.08,34010102,(시스템반도체)
211208,34010102,(시스템반도체),수출,SK,슬로바키아,14,2026.08,34010102,(시스템반도체)
35750825,34010102,(시스템반도체),수출,TH,태국,36920,2026.08,34010102,(시스템반도체)
1968791,34010102,(시스템반도체),수출,TR,튀르키예,1630,2026.08,34010102,(시스템반도체)
527641691,34010102,(시스템반도체),수출,TW,대만,116723,2026.08,34010102,(시스템반도체)
46047320,34010102,(시스템반도체),수출,US,미국,16116,2026.08,34010102,(시스템반도체)
1480456453,34010102,(시스템반도체),수출,VN,베트남,96908,2026.08,34010102,(시스템반도체)
196278,34010102,(시스템반도체),수출,ZA,남아프리카공화국,15,2026.08,34010102,(시스템반도체)
300,34010103,(집적회로반도체 부품),수출,AE,아랍에미리트 연합,0,2025.09,34010103,(집적회로반도체 부품)
16576,34010103,(집적회로반도체 부품),수출,CA,캐나다,200,2025.09,34010103,(집적회로반도체 부품)
8868834,34010103,(집적회로반도체 부품),수출,CN,중국,96419,2025.09,34010103,(집적회로반도체 부품)
4,34010103,(집적회로반도체 부품),수출,DE,독일,1,2025.09,34010103,(집적회로반도체 부품)
28949,34010103,(집적회로반도체 부품),수출,ES,스페인,21,2025.09,34010103,(집적회로반도체 부품)
170939,34010103,(집적회로반도체 부품),수출,FI,핀란드,685,2025.09,34010103,(집적회로반도체 부품)
73022,34010103,(집적회로반도체 부품),수출,FR,프랑스,168,2025.09,34010103,(집적회로반도체 부품)
591842,34010103,(집적회로반도체 부품),수출,HK,홍콩,2554,2025.09,34010103,(집적회로반도체 부품)
67668,34010103,(집적회로반도체 부품),수출,ID,인도네시아,895,2025.09,34010103,(집적회로반도체 부품)
130,34010103,(집적회로반도체 부품),수출,IL,이스라엘,8,2025.09,34010103,(집적회로반도체 부품)
966,34010103,(집적회로반도체 부품),수출,IN,인도,4,2025.09,34010103,(집적회로반도체 부품)
288172,34010103,(집적회로반도체 부품),수출,JP,일본,2631,2025.09,34010103,(집적회로반도체 부품)
49989,34010103,(집적회로반도체 부품),수출,MA,모로코,1125,2025.09,34010103,(집적회로반도체 부품)
672003,34010103,(집적회로반도체 부품),수출,MT,몰타,3356,2025.09,34010103,(집적회로반도체 부품)
4430,34010103,(집적회로반도체 부품),수출,MX,멕시코,25,2025.09,34010103,(집적회로반도체 부품)
6201639,34010103,(집적회로반도체 부품),수출,MY,말레이시아,87712,2025.09,34010103,(집적회로반도체 부품)
12181,34010103,(집적회로반도체 부품),수출,NL,네덜란드,58,2025.09,34010103,(집적회로반도체 부품)
3551257,34010103,(집적회로반도체 부품),수출,PH,필리핀,41422,2025.09,34010103,(집적회로반도체 부품)
774567,34010103,(집적회로반도체 부품),수출,SG,싱가포르,16650,2025.09,34010103,(집적회로반도체 부품)
6958572,34010103,(집적회로반도체 부품),수출,TH,태국,81647,2025.09,34010103,(집적회로반도체 부품)
9,34010103,(집적회로반도체 부품),수출,TR,튀르키예,5,2025.09,34010103,(집적회로반도체 부품)
6545569,34010103,(집적회로반도체 부품),수출,TW,대만,78706,2025.09,34010103,(집적회로반도체 부품)
293297,34010103,(집적회로반도체 부품),수출,US,미국,265,2025.09,34010103,(집적회로반도체 부품)
1219737,34010103,(집적회로반도체 부품),수출,VN,베트남,3610,2025.09,34010103,(집적회로반도체 부품)
1520,34010103,(집적회로반도체 부품),수출,BR,브라질,0,2025.10,34010103,(집적회로반도체 부품)
96742,34010103,(집적회로반도체 부품),수출,CA,캐나다,90,2025.10,34010103,(집적회로반도체 부품)
9212220,34010103,(집적회로반도체 부품),수출,CN,중국,105004,2025.10,34010103,(집적회로반도체 부품)
2146,34010103,(집적회로반도체 부품),수출,DE,독일,4,2025.10,34010103,(집적회로반도체 부품)
28135,34010103,(집적회로반도체 부품),수출,ES,스페인,18,2025.10,34010103,(집적회로반도체 부품)
79865,34010103,(집적회로반도체 부품),수출,FI,핀란드,319,2025.10,34010103,(집적회로반도체 부품)
3200,34010103,(집적회로반도체 부품),수출,GB,영국,2,2025.10,34010103,(집적회로반도체 부품)
268054,34010103,(집적회로반도체 부품),수출,HK,홍콩,3401,2025.10,34010103,(집적회로반도체 부품)
61523,34010103,(집적회로반도체 부품),수출,ID,인도네시아,787,2025.10,34010103,(집적회로반도체 부품)
390,34010103,(집적회로반도체 부품),수출,IL,이스라엘,17,2025.10,34010103,(집적회로반도체 부품)
2000,34010103,(집적회로반도체 부품),수출,IN,인도,4,2025.10,34010103,(집적회로반도체 부품)
1,34010103,(집적회로반도체 부품),수출,IT,이탈리아,1,2025.10,34010103,(집적회로반도체 부품)
279668,34010103,(집적회로반도체 부품),수출,JP,일본,2157,2025.10,34010103,(집적회로반도체 부품)
5606,34010103,(집적회로반도체 부품),수출,LK,스리랑카,29,2025.10,34010103,(집적회로반도체 부품)
183714,34010103,(집적회로반도체 부품),수출,MA,모로코,3275,2025.10,34010103,(집적회로반도체 부품)
458518,34010103,(집적회로반도체 부품),수출,MT,몰타,2521,2025.10,34010103,(집적회로반도체 부품)
4979628,34010103,(집적회로반도체 부품),수출,MY,말레이시아,65319,2025.10,34010103,(집적회로반도체 부품)
3092310,34010103,(집적회로반도체 부품),수출,PH,필리핀,36230,2025.10,34010103,(집적회로반도체 부품)
5600,34010103,(집적회로반도체 부품),수출,PT,포루투갈,75,2025.10,34010103,(집적회로반도체 부품)
605747,34010103,(집적회로반도체 부품),수출,SG,싱가포르,12438,2025.10,34010103,(집적회로반도체 부품)
5569896,34010103,(집적회로반도체 부품),수출,TH,태국,70823,2025.10,34010103,(집적회로반도체 부품)
70617,34010103,(집적회로반도체 부품),수출,TT,트리니다드 토바고,1386,2025.10,34010103,(집적회로반도체 부품)
5017122,34010103,(집적회로반도체 부품),수출,TW,대만,61540,2025.10,34010103,(집적회로반도체 부품)
490305,34010103,(집적회로반도체 부품),수출,US,미국,691,2025.10,34010103,(집적회로반도체 부품)
1087001,34010103,(집적회로반도체 부품),수출,VN,베트남,1744,2025.10,34010103,(집적회로반도체 부품)
18719,34010103,(집적회로반도체 부품),수출,CA,캐나다,154,2025.11,34010103,(집적회로반도체 부품)
8033127,34010103,(집적회로반도체 부품),수출,CN,중국,88146,2025.11,34010103,(집적회로반도체 부품)
4526,34010103,(집적회로반도체 부품),수출,DE,독일,1,2025.11,34010103,(집적회로반도체 부품)
7699,34010103,(집적회로반도체 부품),수출,ES,스페인,10,2025.11,34010103,(집적회로반도체 부품)
224562,34010103,(집적회로반도체 부품),수출,FI,핀란드,870,2025.11,34010103,(집적회로반도체 부품)
1950,34010103,(집적회로반도체 부품),수출,GB,영국,2,2025.11,34010103,(집적회로반도체 부품)
676143,34010103,(집적회로반도체 부품),수출,HK,홍콩,20379,2025.11,34010103,(집적회로반도체 부품)
40006,34010103,(집적회로반도체 부품),수출,ID,인도네시아,320,2025.11,34010103,(집적회로반도체 부품)
1706,34010103,(집적회로반도체 부품),수출,IL,이스라엘,2,2025.11,34010103,(집적회로반도체 부품)
6667,34010103,(집적회로반도체 부품),수출,IN,인도,46,2025.11,34010103,(집적회로반도체 부품)
2200,34010103,(집적회로반도체 부품),수출,IT,이탈리아,3,2025.11,34010103,(집적회로반도체 부품)
255188,34010103,(집적회로반도체 부품),수출,JP,일본,1116,2025.11,34010103,(집적회로반도체 부품)
64444,34010103,(집적회로반도체 부품),수출,MA,모로코,1281,2025.11,34010103,(집적회로반도체 부품)
336341,34010103,(집적회로반도체 부품),수출,MT,몰타,1973,2025.11,34010103,(집적회로반도체 부품)
5243971,34010103,(집적회로반도체 부품),수출,MY,말레이시아,78330,2025.11,34010103,(집적회로반도체 부품)
42530,34010103,(집적회로반도체 부품),수출,NL,네덜란드,163,2025.11,34010103,(집적회로반도체 부품)
3021260,34010103,(집적회로반도체 부품),수출,PH,필리핀,33891,2025.11,34010103,(집적회로반도체 부품)
370,34010103,(집적회로반도체 부품),수출,PL,폴란드,1,2025.11,34010103,(집적회로반도체 부품)
16457,34010103,(집적회로반도체 부품),수출,PT,포루투갈,229,2025.11,34010103,(집적회로반도체 부품)
473223,34010103,(집적회로반도체 부품),수출,SG,싱가포르,8007,2025.11,34010103,(집적회로반도체 부품)
5946886,34010103,(집적회로반도체 부품),수출,TH,태국,72654,2025.11,34010103,(집적회로반도체 부품)
4406388,34010103,(집적회로반도체 부품),수출,TW,대만,51521,2025.11,34010103,(집적회로반도체 부품)
377284,34010103,(집적회로반도체 부품),수출,US,미국,328,2025.11,34010103,(집적회로반도체 부품)
792055,34010103,(집적회로반도체 부품),수출,VN,베트남,1594,2025.11,34010103,(집적회로반도체 부품)
6335414,34010103,(집적회로반도체 부품),수출,CN,중국,91353,2025.12,34010103,(집적회로반도체 부품)
5000,34010103,(집적회로반도체 부품),수출,DE,독일,4,2025.12,34010103,(집적회로반도체 부품)
14760,34010103,(집적회로반도체 부품),수출,ES,스페인,11,2025.12,34010103,(집적회로반도체 부품)
233076,34010103,(집적회로반도체 부품),수출,FI,핀란드,941,2025.12,34010103,(집적회로반도체 부품)
622828,34010103,(집적회로반도체 부품),수출,HK,홍콩,4161,2025.12,34010103,(집적회로반도체 부품)
11784,34010103,(집적회로반도체 부품),수출,ID,인도네시아,47,2025.12,34010103,(집적회로반도체 부품)
43,34010103,(집적회로반도체 부품),수출,IL,이스라엘,7,2025.12,34010103,(집적회로반도체 부품)
1010,34010103,(집적회로반도체 부품),수출,IN,인도,1,2025.12,34010103,(집적회로반도체 부품)
2570,34010103,(집적회로반도체 부품),수출,IT,이탈리아,7,2025.12,34010103,(집적회로반도체 부품)
399850,34010103,(집적회로반도체 부품),수출,JP,일본,9054,2025.12,34010103,(집적회로반도체 부품)
5439,34010103,(집적회로반도체 부품),수출,MA,모로코,124,2025.12,34010103,(집적회로반도체 부품)
668412,34010103,(집적회로반도체 부품),수출,MT,몰타,3089,2025.12,34010103,(집적회로반도체 부품)
3981,34010103,(집적회로반도체 부품),수출,MX,멕시코,9,2025.12,34010103,(집적회로반도체 부품)
5961581,34010103,(집적회로반도체 부품),수출,MY,말레이시아,84610,2025.12,34010103,(집적회로반도체 부품)
500,34010103,(집적회로반도체 부품),수출,NL,네덜란드,1,2025.12,34010103,(집적회로반도체 부품)
2526882,34010103,(집적회로반도체 부품),수출,PH,필리핀,30610,2025.12,34010103,(집적회로반도체 부품)
4264,34010103,(집적회로반도체 부품),수출,PT,포루투갈,68,2025.12,34010103,(집적회로반도체 부품)
843869,34010103,(집적회로반도체 부품),수출,SG,싱가포르,16820,2025.12,34010103,(집적회로반도체 부품)
4311860,34010103,(집적회로반도체 부품),수출,TH,태국,46984,2025.12,34010103,(집적회로반도체 부품)
4031029,34010103,(집적회로반도체 부품),수출,TW,대만,45997,2025.12,34010103,(집적회로반도체 부품)
334935,34010103,(집적회로반도체 부품),수출,US,미국,177,2025.12,34010103,(집적회로반도체 부품)
1358427,34010103,(집적회로반도체 부품),수출,VN,베트남,1509,2025.12,34010103,(집적회로반도체 부품)
9817907,34010103,(집적회로반도체 부품),수출,CN,중국,106895,2026.01,34010103,(집적회로반도체 부품)
1582,34010103,(집적회로반도체 부품),수출,DE,독일,2,2026.01,34010103,(집적회로반도체 부품)
21307,34010103,(집적회로반도체 부품),수출,ES,스페인,14,2026.01,34010103,(집적회로반도체 부품)
140630,34010103,(집적회로반도체 부품),수출,FI,핀란드,486,2026.01,34010103,(집적회로반도체 부품)
340,34010103,(집적회로반도체 부품),수출,GB,영국,1,2026.01,34010103,(집적회로반도체 부품)
1157514,34010103,(집적회로반도체 부품),수출,HK,홍콩,1140,2026.01,34010103,(집적회로반도체 부품)
94842,34010103,(집적회로반도체 부품),수출,ID,인도네시아,743,2026.01,34010103,(집적회로반도체 부품)
43,34010103,(집적회로반도체 부품),수출,IL,이스라엘,1,2026.01,34010103,(집적회로반도체 부품)
5050,34010103,(집적회로반도체 부품),수출,IN,인도,4,2026.01,34010103,(집적회로반도체 부품)
10868,34010103,(집적회로반도체 부품),수출,IT,이탈리아,26,2026.01,34010103,(집적회로반도체 부품)
327861,34010103,(집적회로반도체 부품),수출,JP,일본,4001,2026.01,34010103,(집적회로반도체 부품)
1237523,34010103,(집적회로반도체 부품),수출,MT,몰타,6401,2026.01,34010103,(집적회로반도체 부품)
3328,34010103,(집적회로반도체 부품),수출,MX,멕시코,1,2026.01,34010103,(집적회로반도체 부품)
5948022,34010103,(집적회로반도체 부품),수출,MY,말레이시아,75318,2026.01,34010103,(집적회로반도체 부품)
12415,34010103,(집적회로반도체 부품),수출,NL,네덜란드,33,2026.01,34010103,(집적회로반도체 부품)
3853544,34010103,(집적회로반도체 부품),수출,PH,필리핀,43021,2026.01,34010103,(집적회로반도체 부품)
2531,34010103,(집적회로반도체 부품),수출,PT,포루투갈,38,2026.01,34010103,(집적회로반도체 부품)
931010,34010103,(집적회로반도체 부품),수출,SG,싱가포르,19788,2026.01,34010103,(집적회로반도체 부품)
5563705,34010103,(집적회로반도체 부품),수출,TH,태국,66858,2026.01,34010103,(집적회로반도체 부품)
6275674,34010103,(집적회로반도체 부품),수출,TW,대만,69939,2026.01,34010103,(집적회로반도체 부품)
801297,34010103,(집적회로반도체 부품),수출,US,미국,537,2026.01,34010103,(집적회로반도체 부품)
1354725,34010103,(집적회로반도체 부품),수출,VN,베트남,2610,2026.01,34010103,(집적회로반도체 부품)
33934,34010103,(집적회로반도체 부품),수출,CA,캐나다,27,2026.02,34010103,(집적회로반도체 부품)
7218525,34010103,(집적회로반도체 부품),수출,CN,중국,73880,2026.02,34010103,(집적회로반도체 부품)
500,34010103,(집적회로반도체 부품),수출,DE,독일,1,2026.02,34010103,(집적회로반도체 부품)
67734,34010103,(집적회로반도체 부품),수출,ES,스페인,16,2026.02,34010103,(집적회로반도체 부품)
203087,34010103,(집적회로반도체 부품),수출,FI,핀란드,756,2026.02,34010103,(집적회로반도체 부품)
3325,34010103,(집적회로반도체 부품),수출,GB,영국,4,2026.02,34010103,(집적회로반도체 부품)
322845,34010103,(집적회로반도체 부품),수출,HK,홍콩,3415,2026.02,34010103,(집적회로반도체 부품)
22841,34010103,(집적회로반도체 부품),수출,ID,인도네시아,422,2026.02,34010103,(집적회로반도체 부품)
129,34010103,(집적회로반도체 부품),수출,IL,이스라엘,2,2026.02,34010103,(집적회로반도체 부품)
3024,34010103,(집적회로반도체 부품),수출,IN,인도,3,2026.02,34010103,(집적회로반도체 부품)
1040,34010103,(집적회로반도체 부품),수출,IT,이탈리아,9,2026.02,34010103,(집적회로반도체 부품)
193592,34010103,(집적회로반도체 부품),수출,JP,일본,1990,2026.02,34010103,(집적회로반도체 부품)
12655,34010103,(집적회로반도체 부품),수출,MA,모로코,175,2026.02,34010103,(집적회로반도체 부품)
976817,34010103,(집적회로반도체 부품),수출,MT,몰타,5841,2026.02,34010103,(집적회로반도체 부품)
1506,34010103,(집적회로반도체 부품),수출,MX,멕시코,4,2026.02,34010103,(집적회로반도체 부품)
5173242,34010103,(집적회로반도체 부품),수출,MY,말레이시아,72159,2026.02,34010103,(집적회로반도체 부품)
4583595,34010103,(집적회로반도체 부품),수출,PH,필리핀,50340,2026.02,34010103,(집적회로반도체 부품)
4587,34010103,(집적회로반도체 부품),수출,PT,포루투갈,68,2026.02,34010103,(집적회로반도체 부품)
500124,34010103,(집적회로반도체 부품),수출,SG,싱가포르,9201,2026.02,34010103,(집적회로반도체 부품)
4343119,34010103,(집적회로반도체 부품),수출,TH,태국,47245,2026.02,34010103,(집적회로반도체 부품)
5697871,34010103,(집적회로반도체 부품),수출,TW,대만,64185,2026.02,34010103,(집적회로반도체 부품)
782254,34010103,(집적회로반도체 부품),수출,US,미국,601,2026.02,34010103,(집적회로반도체 부품)
1030510,34010103,(집적회로반도체 부품),수출,VN,베트남,2204,2026.02,34010103,(집적회로반도체 부품)
1584,34010103,(집적회로반도체 부품),수출,CA,캐나다,1,2026.03,34010103,(집적회로반도체 부품)
9479528,34010103,(집적회로반도체 부품),수출,CN,중국,97164,2026.03,34010103,(집적회로반도체 부품)
27427,34010103,(집적회로반도체 부품),수출,ES,스페인,20,2026.03,34010103,(집적회로반도체 부품)
195117,34010103,(집적회로반도체 부품),수출,FI,핀란드,681,2026.03,34010103,(집적회로반도체 부품)
367998,34010103,(집적회로반도체 부품),수출,HK,홍콩,4466,2026.03,34010103,(집적회로반도체 부품)
6510,34010103,(집적회로반도체 부품),수출,ID,인도네시아,2,2026.03,34010103,(집적회로반도체 부품)
347,34010103,(집적회로반도체 부품),수출,IL,이스라엘,4,2026.03,34010103,(집적회로반도체 부품)
10758,34010103,(집적회로반도체 부품),수출,IT,이탈리아,5,2026.03,34010103,(집적회로반도체 부품)
397682,34010103,(집적회로반도체 부품),수출,JP,일본,2006,2026.03,34010103,(집적회로반도체 부품)
3500,34010103,(집적회로반도체 부품),수출,LU,룩셈부르그,10,2026.03,34010103,(집적회로반도체 부품)
102919,34010103,(집적회로반도체 부품),수출,MA,모로코,1422,2026.03,34010103,(집적회로반도체 부품)
598068,34010103,(집적회로반도체 부품),수출,MT,몰타,5065,2026.03,34010103,(집적회로반도체 부품)
7530163,34010103,(집적회로반도체 부품),수출,MY,말레이시아,88665,2026.03,34010103,(집적회로반도체 부품)
54340,34010103,(집적회로반도체 부품),수출,NL,네덜란드,231,2026.03,34010103,(집적회로반도체 부품)
854,34010103,(집적회로반도체 부품),수출,PE,페루,0,2026.03,34010103,(집적회로반도체 부품)
4315988,34010103,(집적회로반도체 부품),수출,PH,필리핀,50778,2026.03,34010103,(집적회로반도체 부품)
11404,34010103,(집적회로반도체 부품),수출,PT,포루투갈,171,2026.03,34010103,(집적회로반도체 부품)
1585896,34010103,(집적회로반도체 부품),수출,SG,싱가포르,29076,2026.03,34010103,(집적회로반도체 부품)
3869,34010103,(집적회로반도체 부품),수출,SK,슬로바키아,8,2026.03,34010103,(집적회로반도체 부품)
5401689,34010103,(집적회로반도체 부품),수출,TH,태국,54679,2026.03,34010103,(집적회로반도체 부품)
7323734,34010103,(집적회로반도체 부품),수출,TW,대만,78779,2026.03,34010103,(집적회로반도체 부품)
1302681,34010103,(집적회로반도체 부품),수출,US,미국,868,2026.03,34010103,(집적회로반도체 부품)
954845,34010103,(집적회로반도체 부품),수출,VN,베트남,2047,2026.03,34010103,(집적회로반도체 부품)
22246,34010103,(집적회로반도체 부품),수출,CA,캐나다,123,2026.04,34010103,(집적회로반도체 부품)
9376293,34010103,(집적회로반도체 부품),수출,CN,중국,120245,2026.04,34010103,(집적회로반도체 부품)
32921,34010103,(집적회로반도체 부품),수출,DE,독일,42,2026.04,34010103,(집적회로반도체 부품)
28718,34010103,(집적회로반도체 부품),수출,ES,스페인,15,2026.04,34010103,(집적회로반도체 부품)
181022,34010103,(집적회로반도체 부품),수출,FI,핀란드,605,2026.04,34010103,(집적회로반도체 부품)
3338,34010103,(집적회로반도체 부품),수출,GB,영국,3,2026.04,34010103,(집적회로반도체 부품)
892900,34010103,(집적회로반도체 부품),수출,HK,홍콩,4611,2026.04,34010103,(집적회로반도체 부품)
5946,34010103,(집적회로반도체 부품),수출,ID,인도네시아,11,2026.04,34010103,(집적회로반도체 부품)
4515,34010103,(집적회로반도체 부품),수출,IL,이스라엘,0,2026.04,34010103,(집적회로반도체 부품)
21800,34010103,(집적회로반도체 부품),수출,IN,인도,7,2026.04,34010103,(집적회로반도체 부품)
12762,34010103,(집적회로반도체 부품),수출,IT,이탈리아,61,2026.04,34010103,(집적회로반도체 부품)
387642,34010103,(집적회로반도체 부품),수출,JP,일본,8364,2026.04,34010103,(집적회로반도체 부품)
287092,34010103,(집적회로반도체 부품),수출,MA,모로코,4592,2026.04,34010103,(집적회로반도체 부품)
2708329,34010103,(집적회로반도체 부품),수출,MT,몰타,15626,2026.04,34010103,(집적회로반도체 부품)
83677,34010103,(집적회로반도체 부품),수출,MX,멕시코,940,2026.04,34010103,(집적회로반도체 부품)
4861880,34010103,(집적회로반도체 부품),수출,MY,말레이시아,60177,2026.04,34010103,(집적회로반도체 부품)
5679880,34010103,(집적회로반도체 부품),수출,PH,필리핀,65111,2026.04,34010103,(집적회로반도체 부품)
8330,34010103,(집적회로반도체 부품),수출,PT,포루투갈,125,2026.04,34010103,(집적회로반도체 부품)
1960694,34010103,(집적회로반도체 부품),수출,SG,싱가포르,32075,2026.04,34010103,(집적회로반도체 부품)
40779,34010103,(집적회로반도체 부품),수출,SI,슬로베니아,1,2026.04,34010103,(집적회로반도체 부품)
5994581,34010103,(집적회로반도체 부품),수출,TH,태국,65478,2026.04,34010103,(집적회로반도체 부품)
6232437,34010103,(집적회로반도체 부품),수출,TW,대만,67630,2026.04,34010103,(집적회로반도체 부품)
529010,34010103,(집적회로반도체 부품),수출,US,미국,286,2026.04,34010103,(집적회로반도체 부품)
1023853,34010103,(집적회로반도체 부품),수출,VN,베트남,2288,2026.04,34010103,(집적회로반도체 부품)
9515134,34010103,(집적회로반도체 부품),수출,CN,중국,100512,2026.05,34010103,(집적회로반도체 부품)
12534,34010103,(집적회로반도체 부품),수출,DE,독일,25,2026.05,34010103,(집적회로반도체 부품)
10611,34010103,(집적회로반도체 부품),수출,ES,스페인,6,2026.05,34010103,(집적회로반도체 부품)
303407,34010103,(집적회로반도체 부품),수출,FI,핀란드,1005,2026.05,34010103,(집적회로반도체 부품)
2609,34010103,(집적회로반도체 부품),수출,GB,영국,3,2026.05,34010103,(집적회로반도체 부품)
552613,34010103,(집적회로반도체 부품),수출,HK,홍콩,3726,2026.05,34010103,(집적회로반도체 부품)
56636,34010103,(집적회로반도체 부품),수출,ID,인도네시아,1047,2026.05,34010103,(집적회로반도체 부품)
216,34010103,(집적회로반도체 부품),수출,IL,이스라엘,20,2026.05,34010103,(집적회로반도체 부품)
14065,34010103,(집적회로반도체 부품),수출,IN,인도,34,2026.05,34010103,(집적회로반도체 부품)
267582,34010103,(집적회로반도체 부품),수출,JP,일본,2140,2026.05,34010103,(집적회로반도체 부품)
393156,34010103,(집적회로반도체 부품),수출,MA,모로코,6174,2026.05,34010103,(집적회로반도체 부품)
401835,34010103,(집적회로반도체 부품),수출,MT,몰타,2126,2026.05,34010103,(집적회로반도체 부품)
6140744,34010103,(집적회로반도체 부품),수출,MY,말레이시아,66154,2026.05,34010103,(집적회로반도체 부품)
10057,34010103,(집적회로반도체 부품),수출,NL,네덜란드,42,2026.05,34010103,(집적회로반도체 부품)
4119750,34010103,(집적회로반도체 부품),수출,PH,필리핀,45111,2026.05,34010103,(집적회로반도체 부품)
1098449,34010103,(집적회로반도체 부품),수출,SG,싱가포르,16474,2026.05,34010103,(집적회로반도체 부품)
5932628,34010103,(집적회로반도체 부품),수출,TH,태국,59029,2026.05,34010103,(집적회로반도체 부품)
5707040,34010103,(집적회로반도체 부품),수출,TW,대만,64944,2026.05,34010103,(집적회로반도체 부품)
631829,34010103,(집적회로반도체 부품),수출,US,미국,339,2026.05,34010103,(집적회로반도체 부품)
1003239,34010103,(집적회로반도체 부품),수출,VN,베트남,1584,2026.05,34010103,(집적회로반도체 부품)
71,34010103,(집적회로반도체 부품),수출,CA,캐나다,6,2026.06,34010103,(집적회로반도체 부품)
13145454,34010103,(집적회로반도체 부품),수출,CN,중국,101741,2026.06,34010103,(집적회로반도체 부품)
19743,34010103,(집적회로반도체 부품),수출,ES,스페인,9,2026.06,34010103,(집적회로반도체 부품)
195342,34010103,(집적회로반도체 부품),수출,FI,핀란드,616,2026.06,34010103,(집적회로반도체 부품)
1616,34010103,(집적회로반도체 부품),수출,GB,영국,7,2026.06,34010103,(집적회로반도체 부품)
1159172,34010103,(집적회로반도체 부품),수출,HK,홍콩,2729,2026.06,34010103,(집적회로반도체 부품)
336,34010103,(집적회로반도체 부품),수출,HU,헝가리,50,2026.06,34010103,(집적회로반도체 부품)
4563,34010103,(집적회로반도체 부품),수출,ID,인도네시아,58,2026.06,34010103,(집적회로반도체 부품)
43,34010103,(집적회로반도체 부품),수출,IL,이스라엘,1,2026.06,34010103,(집적회로반도체 부품)
1675,34010103,(집적회로반도체 부품),수출,IN,인도,10,2026.06,34010103,(집적회로반도체 부품)
9005,34010103,(집적회로반도체 부품),수출,IT,이탈리아,37,2026.06,34010103,(집적회로반도체 부품)
359307,34010103,(집적회로반도체 부품),수출,JP,일본,2100,2026.06,34010103,(집적회로반도체 부품)
45345,34010103,(집적회로반도체 부품),수출,MA,모로코,756,2026.06,34010103,(집적회로반도체 부품)
144109,34010103,(집적회로반도체 부품),수출,MT,몰타,278,2026.06,34010103,(집적회로반도체 부품)
7906933,34010103,(집적회로반도체 부품),수출,MY,말레이시아,63504,2026.06,34010103,(집적회로반도체 부품)
5598637,34010103,(집적회로반도체 부품),수출,PH,필리핀,43651,2026.06,34010103,(집적회로반도체 부품)
10062,34010103,(집적회로반도체 부품),수출,PT,포루투갈,128,2026.06,34010103,(집적회로반도체 부품)
565660,34010103,(집적회로반도체 부품),수출,SG,싱가포르,5826,2026.06,34010103,(집적회로반도체 부품)
8359561,34010103,(집적회로반도체 부품),수출,TH,태국,63413,2026.06,34010103,(집적회로반도체 부품)
7745334,34010103,(집적회로반도체 부품),수출,TW,대만,54403,2026.06,34010103,(집적회로반도체 부품)
1050151,34010103,(집적회로반도체 부품),수출,US,미국,418,2026.06,34010103,(집적회로반도체 부품)
1882516,34010103,(집적회로반도체 부품),수출,VN,베트남,1828,2026.06,34010103,(집적회로반도체 부품)
15932,34010103,(집적회로반도체 부품),수출,CA,캐나다,52,2026.07,34010103,(집적회로반도체 부품)
13319929,34010103,(집적회로반도체 부품),수출,CN,중국,90628,2026.07,34010103,(집적회로반도체 부품)
705,34010103,(집적회로반도체 부품),수출,DE,독일,2,2026.07,34010103,(집적회로반도체 부품)
17396,34010103,(집적회로반도체 부품),수출,ES,스페인,9,2026.07,34010103,(집적회로반도체 부품)
338461,34010103,(집적회로반도체 부품),수출,FI,핀란드,1142,2026.07,34010103,(집적회로반도체 부품)
340,34010103,(집적회로반도체 부품),수출,GB,영국,1,2026.07,34010103,(집적회로반도체 부품)
734603,34010103,(집적회로반도체 부품),수출,HK,홍콩,3075,2026.07,34010103,(집적회로반도체 부품)
56132,34010103,(집적회로반도체 부품),수출,ID,인도네시아,629,2026.07,34010103,(집적회로반도체 부품)
216,34010103,(집적회로반도체 부품),수출,IL,이스라엘,19,2026.07,34010103,(집적회로반도체 부품)
3939,34010103,(집적회로반도체 부품),수출,IN,인도,23,2026.07,34010103,(집적회로반도체 부품)
197773,34010103,(집적회로반도체 부품),수출,JP,일본,726,2026.07,34010103,(집적회로반도체 부품)
267,34010103,(집적회로반도체 부품),수출,KG,키르기스스탄,1,2026.07,34010103,(집적회로반도체 부품)
348797,34010103,(집적회로반도체 부품),수출,MA,모로코,2447,2026.07,34010103,(집적회로반도체 부품)
399269,34010103,(집적회로반도체 부품),수출,MT,몰타,1473,2026.07,34010103,(집적회로반도체 부품)
7879382,34010103,(집적회로반도체 부품),수출,MY,말레이시아,51755,2026.07,34010103,(집적회로반도체 부품)
49732,34010103,(집적회로반도체 부품),수출,NL,네덜란드,167,2026.07,34010103,(집적회로반도체 부품)
5054351,34010103,(집적회로반도체 부품),수출,PH,필리핀,30103,2026.07,34010103,(집적회로반도체 부품)
10239,34010103,(집적회로반도체 부품),수출,PT,포루투갈,71,2026.07,34010103,(집적회로반도체 부품)
1232937,34010103,(집적회로반도체 부품),수출,SG,싱가포르,11089,2026.07,34010103,(집적회로반도체 부품)
8479968,34010103,(집적회로반도체 부품),수출,TH,태국,59628,2026.07,34010103,(집적회로반도체 부품)
6893721,34010103,(집적회로반도체 부품),수출,TW,대만,35537,2026.07,34010103,(집적회로반도체 부품)
683003,34010103,(집적회로반도체 부품),수출,US,미국,363,2026.07,34010103,(집적회로반도체 부품)
2125067,34010103,(집적회로반도체 부품),수출,VN,베트남,1575,2026.07,34010103,(집적회로반도체 부품)
2400,34010103,(집적회로반도체 부품),수출,AT,오스트리아,2,2026.08,34010103,(집적회로반도체 부품)
47791,34010103,(집적회로반도체 부품),수출,CA,캐나다,179,2026.08,34010103,(집적회로반도체 부품)
1,34010103,(집적회로반도체 부품),수출,CH,스위스,0,2026.08,34010103,(집적회로반도체 부품)
12133498,34010103,(집적회로반도체 부품),수출,CN,중국,113483,2026.08,34010103,(집적회로반도체 부품)
4968,34010103,(집적회로반도체 부품),수출,DE,독일,3,2026.08,34010103,(집적회로반도체 부품)
6553,34010103,(집적회로반도체 부품),수출,ES,스페인,4,2026.08,34010103,(집적회로반도체 부품)
141444,34010103,(집적회로반도체 부품),수출,FI,핀란드,470,2026.08,34010103,(집적회로반도체 부품)
794799,34010103,(집적회로반도체 부품),수출,HK,홍콩,2869,2026.08,34010103,(집적회로반도체 부품)
42281,34010103,(집적회로반도체 부품),수출,ID,인도네시아,669,2026.08,34010103,(집적회로반도체 부품)
86,34010103,(집적회로반도체 부품),수출,IL,이스라엘,0,2026.08,34010103,(집적회로반도체 부품)
3837,34010103,(집적회로반도체 부품),수출,IN,인도,18,2026.08,34010103,(집적회로반도체 부품)
384699,34010103,(집적회로반도체 부품),수출,JP,일본,7461,2026.08,34010103,(집적회로반도체 부품)
94989,34010103,(집적회로반도체 부품),수출,MA,모로코,745,2026.08,34010103,(집적회로반도체 부품)
25602,34010103,(집적회로반도체 부품),수출,MT,몰타,196,2026.08,34010103,(집적회로반도체 부품)
7706513,34010103,(집적회로반도체 부품),수출,MY,말레이시아,53904,2026.08,34010103,(집적회로반도체 부품)
44965,34010103,(집적회로반도체 부품),수출,NL,네덜란드,242,2026.08,34010103,(집적회로반도체 부품)
4111741,34010103,(집적회로반도체 부품),수출,PH,필리핀,25805,2026.08,34010103,(집적회로반도체 부품)
9817,34010103,(집적회로반도체 부품),수출,PT,포루투갈,88,2026.08,34010103,(집적회로반도체 부품)
1205344,34010103,(집적회로반도체 부품),수출,SG,싱가포르,10688,2026.08,34010103,(집적회로반도체 부품)
6547489,34010103,(집적회로반도체 부품),수출,TH,태국,46742,2026.08,34010103,(집적회로반도체 부품)
8218868,34010103,(집적회로반도체 부품),수출,TW,대만,40612,2026.08,34010103,(집적회로반도체 부품)
773970,34010103,(집적회로반도체 부품),수출,US,미국,465,2026.08,34010103,(집적회로반도체 부품)
2113904,34010103,(집적회로반도체 부품),수출,VN,베트남,1951,2026.08,34010103,(집적회로반도체 부품)
3121899,34010190,(기타 집적회로반도체),수출,AE,아랍에미리트 연합,70,2025.09,34010190,(기타 집적회로반도체)
572989,34010190,(기타 집적회로반도체),수출,AR,아르헨티나,1260,2025.09,34010190,(기타 집적회로반도체)
247968,34010190,(기타 집적회로반도체),수출,AT,오스트리아,946,2025.09,34010190,(기타 집적회로반도체)
2550,34010190,(기타 집적회로반도체),수출,BE,벨기에,6,2025.09,34010190,(기타 집적회로반도체)
99268,34010190,(기타 집적회로반도체),수출,BG,불가리아,23,2025.09,34010190,(기타 집적회로반도체)
3114414,34010190,(기타 집적회로반도체),수출,BR,브라질,581,2025.09,34010190,(기타 집적회로반도체)
6070,34010190,(기타 집적회로반도체),수출,CA,캐나다,3,2025.09,34010190,(기타 집적회로반도체)
19443,34010190,(기타 집적회로반도체),수출,CH,스위스,170,2025.09,34010190,(기타 집적회로반도체)
178664135,34010190,(기타 집적회로반도체),수출,CN,중국,43481,2025.09,34010190,(기타 집적회로반도체)
1,34010190,(기타 집적회로반도체),수출,CO,콜롬비아,0,2025.09,34010190,(기타 집적회로반도체)
219404,34010190,(기타 집적회로반도체),수출,CZ,체코공화국,78,2025.09,34010190,(기타 집적회로반도체)
11765898,34010190,(기타 집적회로반도체),수출,DE,독일,18054,2025.09,34010190,(기타 집적회로반도체)
11312,34010190,(기타 집적회로반도체),수출,DK,덴마크,35,2025.09,34010190,(기타 집적회로반도체)
924798,34010190,(기타 집적회로반도체),수출,EG,이집트,205,2025.09,34010190,(기타 집적회로반도체)
7277,34010190,(기타 집적회로반도체),수출,ES,스페인,19,2025.09,34010190,(기타 집적회로반도체)
608,34010190,(기타 집적회로반도체),수출,FI,핀란드,4,2025.09,34010190,(기타 집적회로반도체)
140322,34010190,(기타 집적회로반도체),수출,FR,프랑스,46,2025.09,34010190,(기타 집적회로반도체)
52337,34010190,(기타 집적회로반도체),수출,GB,영국,75,2025.09,34010190,(기타 집적회로반도체)
368,34010190,(기타 집적회로반도체),수출,GT,과테말라,1,2025.09,34010190,(기타 집적회로반도체)
164346369,34010190,(기타 집적회로반도체),수출,HK,홍콩,40531,2025.09,34010190,(기타 집적회로반도체)
23789,34010190,(기타 집적회로반도체),수출,HU,헝가리,45,2025.09,34010190,(기타 집적회로반도체)
5546545,34010190,(기타 집적회로반도체),수출,ID,인도네시아,9805,2025.09,34010190,(기타 집적회로반도체)
15499,34010190,(기타 집적회로반도체),수출,IE,아일랜드,14,2025.09,34010190,(기타 집적회로반도체)
12483,34010190,(기타 집적회로반도체),수출,IL,이스라엘,30,2025.09,34010190,(기타 집적회로반도체)
13368650,34010190,(기타 집적회로반도체),수출,IN,인도,5754,2025.09,34010190,(기타 집적회로반도체)
132217,34010190,(기타 집적회로반도체),수출,IT,이탈리아,189,2025.09,34010190,(기타 집적회로반도체)
1911311,34010190,(기타 집적회로반도체),수출,JP,일본,1372,2025.09,34010190,(기타 집적회로반도체)
38949,34010190,(기타 집적회로반도체),수출,LB,레바논,17,2025.09,34010190,(기타 집적회로반도체)
56031,34010190,(기타 집적회로반도체),수출,MT,몰타,239,2025.09,34010190,(기타 집적회로반도체)
16864327,34010190,(기타 집적회로반도체),수출,MX,멕시코,6925,2025.09,34010190,(기타 집적회로반도체)
35716869,34010190,(기타 집적회로반도체),수출,MY,말레이시아,28782,2025.09,34010190,(기타 집적회로반도체)
121621,34010190,(기타 집적회로반도체),수출,NL,네덜란드,208,2025.09,34010190,(기타 집적회로반도체)
696,34010190,(기타 집적회로반도체),수출,NO,노르웨이,3,2025.09,34010190,(기타 집적회로반도체)
16068678,34010190,(기타 집적회로반도체),수출,PH,필리핀,12416,2025.09,34010190,(기타 집적회로반도체)
5932895,34010190,(기타 집적회로반도체),수출,PL,폴란드,1835,2025.09,34010190,(기타 집적회로반도체)
175284,34010190,(기타 집적회로반도체),수출,RO,루마니아,74,2025.09,34010190,(기타 집적회로반도체)
567126,34010190,(기타 집적회로반도체),수출,RS,세르비아,704,2025.09,34010190,(기타 집적회로반도체)
396013,34010190,(기타 집적회로반도체),수출,SE,스웨덴,84,2025.09,34010190,(기타 집적회로반도체)
5982671,34010190,(기타 집적회로반도체),수출,SG,싱가포르,29186,2025.09,34010190,(기타 집적회로반도체)
7720,34010190,(기타 집적회로반도체),수출,SI,슬로베니아,20,2025.09,34010190,(기타 집적회로반도체)
42485,34010190,(기타 집적회로반도체),수출,SK,슬로바키아,172,2025.09,34010190,(기타 집적회로반도체)
21795045,34010190,(기타 집적회로반도체),수출,TH,태국,8674,2025.09,34010190,(기타 집적회로반도체)
1868211,34010190,(기타 집적회로반도체),수출,TR,튀르키예,370,2025.09,34010190,(기타 집적회로반도체)
319553744,34010190,(기타 집적회로반도체),수출,TW,대만,32916,2025.09,34010190,(기타 집적회로반도체)
3173164,34010190,(기타 집적회로반도체),수출,US,미국,2991,2025.09,34010190,(기타 집적회로반도체)
215865474,34010190,(기타 집적회로반도체),수출,VN,베트남,62873,2025.09,34010190,(기타 집적회로반도체)
23346,34010190,(기타 집적회로반도체),수출,ZA,남아프리카공화국,79,2025.09,34010190,(기타 집적회로반도체)
6,34010190,(기타 집적회로반도체),수출,AE,아랍에미리트 연합,0,2025.10,34010190,(기타 집적회로반도체)
321741,34010190,(기타 집적회로반도체),수출,AR,아르헨티나,325,2025.10,34010190,(기타 집적회로반도체)
162242,34010190,(기타 집적회로반도체),수출,AT,오스트리아,396,2025.10,34010190,(기타 집적회로반도체)
2991,34010190,(기타 집적회로반도체),수출,AU,호주,8,2025.10,34010190,(기타 집적회로반도체)
0,34010190,(기타 집적회로반도체),수출,AZ,아제르바이잔,0,2025.10,34010190,(기타 집적회로반도체)
615,34010190,(기타 집적회로반도체),수출,BE,벨기에,1,2025.10,34010190,(기타 집적회로반도체)
1300,34010190,(기타 집적회로반도체),수출,BG,불가리아,4,2025.10,34010190,(기타 집적회로반도체)
2168727,34010190,(기타 집적회로반도체),수출,BR,브라질,410,2025.10,34010190,(기타 집적회로반도체)
6659,34010190,(기타 집적회로반도체),수출,CA,캐나다,3,2025.10,34010190,(기타 집적회로반도체)
147037,34010190,(기타 집적회로반도체),수출,CH,스위스,7,2025.10,34010190,(기타 집적회로반도체)
185892670,34010190,(기타 집적회로반도체),수출,CN,중국,41723,2025.10,34010190,(기타 집적회로반도체)
945157,34010190,(기타 집적회로반도체),수출,CZ,체코공화국,416,2025.10,34010190,(기타 집적회로반도체)
12125606,34010190,(기타 집적회로반도체),수출,DE,독일,16772,2025.10,34010190,(기타 집적회로반도체)
11988,34010190,(기타 집적회로반도체),수출,DK,덴마크,39,2025.10,34010190,(기타 집적회로반도체)
895003,34010190,(기타 집적회로반도체),수출,EG,이집트,149,2025.10,34010190,(기타 집적회로반도체)
40010,34010190,(기타 집적회로반도체),수출,ES,스페인,2,2025.10,34010190,(기타 집적회로반도체)
13488,34010190,(기타 집적회로반도체),수출,FI,핀란드,12,2025.10,34010190,(기타 집적회로반도체)
83100,34010190,(기타 집적회로반도체),수출,FR,프랑스,25,2025.10,34010190,(기타 집적회로반도체)
51196,34010190,(기타 집적회로반도체),수출,GB,영국,89,2025.10,34010190,(기타 집적회로반도체)
155906044,34010190,(기타 집적회로반도체),수출,HK,홍콩,38732,2025.10,34010190,(기타 집적회로반도체)
115,34010190,(기타 집적회로반도체),수출,HU,헝가리,2,2025.10,34010190,(기타 집적회로반도체)
4370740,34010190,(기타 집적회로반도체),수출,ID,인도네시아,5683,2025.10,34010190,(기타 집적회로반도체)
711,34010190,(기타 집적회로반도체),수출,IE,아일랜드,6,2025.10,34010190,(기타 집적회로반도체)
32298,34010190,(기타 집적회로반도체),수출,IL,이스라엘,102,2025.10,34010190,(기타 집적회로반도체)
14782723,34010190,(기타 집적회로반도체),수출,IN,인도,6062,2025.10,34010190,(기타 집적회로반도체)
152104,34010190,(기타 집적회로반도체),수출,IT,이탈리아,150,2025.10,34010190,(기타 집적회로반도체)
3371712,34010190,(기타 집적회로반도체),수출,JP,일본,4696,2025.10,34010190,(기타 집적회로반도체)
94011,34010190,(기타 집적회로반도체),수출,MT,몰타,400,2025.10,34010190,(기타 집적회로반도체)
23709585,34010190,(기타 집적회로반도체),수출,MX,멕시코,8562,2025.10,34010190,(기타 집적회로반도체)
27464933,34010190,(기타 집적회로반도체),수출,MY,말레이시아,29705,2025.10,34010190,(기타 집적회로반도체)
179886,34010190,(기타 집적회로반도체),수출,NL,네덜란드,406,2025.10,34010190,(기타 집적회로반도체)
172,34010190,(기타 집적회로반도체),수출,NO,노르웨이,1,2025.10,34010190,(기타 집적회로반도체)
10957356,34010190,(기타 집적회로반도체),수출,PH,필리핀,14672,2025.10,34010190,(기타 집적회로반도체)
6378065,34010190,(기타 집적회로반도체),수출,PL,폴란드,1800,2025.10,34010190,(기타 집적회로반도체)
1895,34010190,(기타 집적회로반도체),수출,RO,루마니아,2,2025.10,34010190,(기타 집적회로반도체)
667888,34010190,(기타 집적회로반도체),수출,RS,세르비아,1173,2025.10,34010190,(기타 집적회로반도체)
33265,34010190,(기타 집적회로반도체),수출,SE,스웨덴,8,2025.10,34010190,(기타 집적회로반도체)
6110504,34010190,(기타 집적회로반도체),수출,SG,싱가포르,32709,2025.10,34010190,(기타 집적회로반도체)
51039,34010190,(기타 집적회로반도체),수출,SK,슬로바키아,53,2025.10,34010190,(기타 집적회로반도체)
6941210,34010190,(기타 집적회로반도체),수출,TH,태국,4628,2025.10,34010190,(기타 집적회로반도체)
1590712,34010190,(기타 집적회로반도체),수출,TR,튀르키예,388,2025.10,34010190,(기타 집적회로반도체)
182428126,34010190,(기타 집적회로반도체),수출,TW,대만,19311,2025.10,34010190,(기타 집적회로반도체)
4473459,34010190,(기타 집적회로반도체),수출,US,미국,6451,2025.10,34010190,(기타 집적회로반도체)
196296619,34010190,(기타 집적회로반도체),수출,VN,베트남,49628,2025.10,34010190,(기타 집적회로반도체)
23171,34010190,(기타 집적회로반도체),수출,ZA,남아프리카공화국,83,2025.10,34010190,(기타 집적회로반도체)
3233200,34010190,(기타 집적회로반도체),수출,AE,아랍에미리트 연합,74,2025.11,34010190,(기타 집적회로반도체)
687529,34010190,(기타 집적회로반도체),수출,AR,아르헨티나,1563,2025.11,34010190,(기타 집적회로반도체)
75403,34010190,(기타 집적회로반도체),수출,AT,오스트리아,180,2025.11,34010190,(기타 집적회로반도체)
8350,34010190,(기타 집적회로반도체),수출,AU,호주,7,2025.11,34010190,(기타 집적회로반도체)
1653,34010190,(기타 집적회로반도체),수출,BE,벨기에,3,2025.11,34010190,(기타 집적회로반도체)
1219381,34010190,(기타 집적회로반도체),수출,BR,브라질,481,2025.11,34010190,(기타 집적회로반도체)
1300,34010190,(기타 집적회로반도체),수출,CA,캐나다,2,2025.11,34010190,(기타 집적회로반도체)
207,34010190,(기타 집적회로반도체),수출,CH,스위스,0,2025.11,34010190,(기타 집적회로반도체)
173250716,34010190,(기타 집적회로반도체),수출,CN,중국,45104,2025.11,34010190,(기타 집적회로반도체)
1213,34010190,(기타 집적회로반도체),수출,CO,콜롬비아,0,2025.11,34010190,(기타 집적회로반도체)
709792,34010190,(기타 집적회로반도체),수출,CZ,체코공화국,102,2025.11,34010190,(기타 집적회로반도체)
11387678,34010190,(기타 집적회로반도체),수출,DE,독일,15487,2025.11,34010190,(기타 집적회로반도체)
44102,34010190,(기타 집적회로반도체),수출,DK,덴마크,136,2025.11,34010190,(기타 집적회로반도체)
914038,34010190,(기타 집적회로반도체),수출,EG,이집트,222,2025.11,34010190,(기타 집적회로반도체)
335,34010190,(기타 집적회로반도체),수출,ES,스페인,0,2025.11,34010190,(기타 집적회로반도체)
3000,34010190,(기타 집적회로반도체),수출,FI,핀란드,3,2025.11,34010190,(기타 집적회로반도체)
97249,34010190,(기타 집적회로반도체),수출,FR,프랑스,37,2025.11,34010190,(기타 집적회로반도체)
63300,34010190,(기타 집적회로반도체),수출,GB,영국,73,2025.11,34010190,(기타 집적회로반도체)
134997601,34010190,(기타 집적회로반도체),수출,HK,홍콩,33515,2025.11,34010190,(기타 집적회로반도체)
280,34010190,(기타 집적회로반도체),수출,HR,크로아티아,0,2025.11,34010190,(기타 집적회로반도체)
417,34010190,(기타 집적회로반도체),수출,HU,헝가리,1,2025.11,34010190,(기타 집적회로반도체)
3568510,34010190,(기타 집적회로반도체),수출,ID,인도네시아,1699,2025.11,34010190,(기타 집적회로반도체)
76,34010190,(기타 집적회로반도체),수출,IE,아일랜드,2,2025.11,34010190,(기타 집적회로반도체)
36386,34010190,(기타 집적회로반도체),수출,IL,이스라엘,48,2025.11,34010190,(기타 집적회로반도체)
11485619,34010190,(기타 집적회로반도체),수출,IN,인도,7492,2025.11,34010190,(기타 집적회로반도체)
49864,34010190,(기타 집적회로반도체),수출,IT,이탈리아,41,2025.11,34010190,(기타 집적회로반도체)
2582255,34010190,(기타 집적회로반도체),수출,JP,일본,1581,2025.11,34010190,(기타 집적회로반도체)
45880,34010190,(기타 집적회로반도체),수출,MT,몰타,192,2025.11,34010190,(기타 집적회로반도체)
11324115,34010190,(기타 집적회로반도체),수출,MX,멕시코,6211,2025.11,34010190,(기타 집적회로반도체)
36761850,34010190,(기타 집적회로반도체),수출,MY,말레이시아,25901,2025.11,34010190,(기타 집적회로반도체)
105254,34010190,(기타 집적회로반도체),수출,NL,네덜란드,153,2025.11,34010190,(기타 집적회로반도체)
698,34010190,(기타 집적회로반도체),수출,NO,노르웨이,3,2025.11,34010190,(기타 집적회로반도체)
11457,34010190,(기타 집적회로반도체),수출,OM,오만,4,2025.11,34010190,(기타 집적회로반도체)
13861604,34010190,(기타 집적회로반도체),수출,PH,필리핀,13816,2025.11,34010190,(기타 집적회로반도체)
4444880,34010190,(기타 집적회로반도체),수출,PL,폴란드,1558,2025.11,34010190,(기타 집적회로반도체)
2929,34010190,(기타 집적회로반도체),수출,PT,포루투갈,3,2025.11,34010190,(기타 집적회로반도체)
980,34010190,(기타 집적회로반도체),수출,QA,카타르,1,2025.11,34010190,(기타 집적회로반도체)
136219,34010190,(기타 집적회로반도체),수출,RO,루마니아,54,2025.11,34010190,(기타 집적회로반도체)
644038,34010190,(기타 집적회로반도체),수출,RS,세르비아,948,2025.11,34010190,(기타 집적회로반도체)
331895,34010190,(기타 집적회로반도체),수출,SE,스웨덴,68,2025.11,34010190,(기타 집적회로반도체)
3660308,34010190,(기타 집적회로반도체),수출,SG,싱가포르,17786,2025.11,34010190,(기타 집적회로반도체)
34900,34010190,(기타 집적회로반도체),수출,SK,슬로바키아,206,2025.11,34010190,(기타 집적회로반도체)
10336802,34010190,(기타 집적회로반도체),수출,TH,태국,6715,2025.11,34010190,(기타 집적회로반도체)
2148041,34010190,(기타 집적회로반도체),수출,TR,튀르키예,419,2025.11,34010190,(기타 집적회로반도체)
223287685,34010190,(기타 집적회로반도체),수출,TW,대만,26011,2025.11,34010190,(기타 집적회로반도체)
3652157,34010190,(기타 집적회로반도체),수출,US,미국,4065,2025.11,34010190,(기타 집적회로반도체)
207454362,34010190,(기타 집적회로반도체),수출,VN,베트남,51775,2025.11,34010190,(기타 집적회로반도체)
22647,34010190,(기타 집적회로반도체),수출,ZA,남아프리카공화국,31,2025.11,34010190,(기타 집적회로반도체)
4035,34010190,(기타 집적회로반도체),수출,AR,아르헨티나,20,2025.12,34010190,(기타 집적회로반도체)
97204,34010190,(기타 집적회로반도체),수출,AT,오스트리아,175,2025.12,34010190,(기타 집적회로반도체)
3293,34010190,(기타 집적회로반도체),수출,AU,호주,4,2025.12,34010190,(기타 집적회로반도체)
257,34010190,(기타 집적회로반도체),수출,BE,벨기에,4,2025.12,34010190,(기타 집적회로반도체)
60188,34010190,(기타 집적회로반도체),수출,BG,불가리아,8,2025.12,34010190,(기타 집적회로반도체)
1376105,34010190,(기타 집적회로반도체),수출,BR,브라질,295,2025.12,34010190,(기타 집적회로반도체)
12955009,34010190,(기타 집적회로반도체),수출,CA,캐나다,596,2025.12,34010190,(기타 집적회로반도체)
805,34010190,(기타 집적회로반도체),수출,CH,스위스,1,2025.12,34010190,(기타 집적회로반도체)
248497388,34010190,(기타 집적회로반도체),수출,CN,중국,55362,2025.12,34010190,(기타 집적회로반도체)
747382,34010190,(기타 집적회로반도체),수출,CZ,체코공화국,131,2025.12,34010190,(기타 집적회로반도체)
10094486,34010190,(기타 집적회로반도체),수출,DE,독일,15230,2025.12,34010190,(기타 집적회로반도체)
18213,34010190,(기타 집적회로반도체),수출,DK,덴마크,59,2025.12,34010190,(기타 집적회로반도체)
2031397,34010190,(기타 집적회로반도체),수출,EG,이집트,290,2025.12,34010190,(기타 집적회로반도체)
21101,34010190,(기타 집적회로반도체),수출,ES,스페인,17,2025.12,34010190,(기타 집적회로반도체)
12047,34010190,(기타 집적회로반도체),수출,FI,핀란드,4,2025.12,34010190,(기타 집적회로반도체)
91778,34010190,(기타 집적회로반도체),수출,FR,프랑스,112,2025.12,34010190,(기타 집적회로반도체)
137049,34010190,(기타 집적회로반도체),수출,GB,영국,69,2025.12,34010190,(기타 집적회로반도체)
171437782,34010190,(기타 집적회로반도체),수출,HK,홍콩,38350,2025.12,34010190,(기타 집적회로반도체)
31948,34010190,(기타 집적회로반도체),수출,HU,헝가리,56,2025.12,34010190,(기타 집적회로반도체)
3656371,34010190,(기타 집적회로반도체),수출,ID,인도네시아,1993,2025.12,34010190,(기타 집적회로반도체)
25835,34010190,(기타 집적회로반도체),수출,IE,아일랜드,11,2025.12,34010190,(기타 집적회로반도체)
29413,34010190,(기타 집적회로반도체),수출,IL,이스라엘,61,2025.12,34010190,(기타 집적회로반도체)
12512973,34010190,(기타 집적회로반도체),수출,IN,인도,7596,2025.12,34010190,(기타 집적회로반도체)
98656,34010190,(기타 집적회로반도체),수출,IT,이탈리아,109,2025.12,34010190,(기타 집적회로반도체)
2487368,34010190,(기타 집적회로반도체),수출,JP,일본,1469,2025.12,34010190,(기타 집적회로반도체)
53403,34010190,(기타 집적회로반도체),수출,MT,몰타,219,2025.12,34010190,(기타 집적회로반도체)
8820303,34010190,(기타 집적회로반도체),수출,MX,멕시코,5126,2025.12,34010190,(기타 집적회로반도체)
39053577,34010190,(기타 집적회로반도체),수출,MY,말레이시아,29490,2025.12,34010190,(기타 집적회로반도체)
118128,34010190,(기타 집적회로반도체),수출,NL,네덜란드,187,2025.12,34010190,(기타 집적회로반도체)
13,34010190,(기타 집적회로반도체),수출,NO,노르웨이,1,2025.12,34010190,(기타 집적회로반도체)
34424,34010190,(기타 집적회로반도체),수출,OM,오만,3,2025.12,34010190,(기타 집적회로반도체)
8533564,34010190,(기타 집적회로반도체),수출,PH,필리핀,12496,2025.12,34010190,(기타 집적회로반도체)
320,34010190,(기타 집적회로반도체),수출,PK,파키스탄,2,2025.12,34010190,(기타 집적회로반도체)
7289586,34010190,(기타 집적회로반도체),수출,PL,폴란드,1875,2025.12,34010190,(기타 집적회로반도체)
2232,34010190,(기타 집적회로반도체),수출,RO,루마니아,5,2025.12,34010190,(기타 집적회로반도체)
671761,34010190,(기타 집적회로반도체),수출,RS,세르비아,1848,2025.12,34010190,(기타 집적회로반도체)
77840,34010190,(기타 집적회로반도체),수출,SE,스웨덴,13,2025.12,34010190,(기타 집적회로반도체)
5458221,34010190,(기타 집적회로반도체),수출,SG,싱가포르,20439,2025.12,34010190,(기타 집적회로반도체)
87059,34010190,(기타 집적회로반도체),수출,SK,슬로바키아,175,2025.12,34010190,(기타 집적회로반도체)
10442334,34010190,(기타 집적회로반도체),수출,TH,태국,5935,2025.12,34010190,(기타 집적회로반도체)
2060767,34010190,(기타 집적회로반도체),수출,TR,튀르키예,520,2025.12,34010190,(기타 집적회로반도체)
412431186,34010190,(기타 집적회로반도체),수출,TW,대만,31654,2025.12,34010190,(기타 집적회로반도체)
4721506,34010190,(기타 집적회로반도체),수출,US,미국,7061,2025.12,34010190,(기타 집적회로반도체)
247814612,34010190,(기타 집적회로반도체),수출,VN,베트남,61038,2025.12,34010190,(기타 집적회로반도체)
3395348,34010190,(기타 집적회로반도체),수출,AE,아랍에미리트 연합,78,2026.01,34010190,(기타 집적회로반도체)
354043,34010190,(기타 집적회로반도체),수출,AR,아르헨티나,4033,2026.01,34010190,(기타 집적회로반도체)
245995,34010190,(기타 집적회로반도체),수출,AT,오스트리아,317,2026.01,34010190,(기타 집적회로반도체)
41294,34010190,(기타 집적회로반도체),수출,AU,호주,9,2026.01,34010190,(기타 집적회로반도체)
277,34010190,(기타 집적회로반도체),수출,BE,벨기에,4,2026.01,34010190,(기타 집적회로반도체)
2988242,34010190,(기타 집적회로반도체),수출,BR,브라질,668,2026.01,34010190,(기타 집적회로반도체)
10541246,34010190,(기타 집적회로반도체),수출,CA,캐나다,262,2026.01,34010190,(기타 집적회로반도체)
1276,34010190,(기타 집적회로반도체),수출,CH,스위스,2,2026.01,34010190,(기타 집적회로반도체)
120471001,34010190,(기타 집적회로반도체),수출,CN,중국,61217,2026.01,34010190,(기타 집적회로반도체)
581143,34010190,(기타 집적회로반도체),수출,CZ,체코공화국,283,2026.01,34010190,(기타 집적회로반도체)
9937087,34010190,(기타 집적회로반도체),수출,DE,독일,14794,2026.01,34010190,(기타 집적회로반도체)
29034,34010190,(기타 집적회로반도체),수출,DK,덴마크,93,2026.01,34010190,(기타 집적회로반도체)
1813055,34010190,(기타 집적회로반도체),수출,EG,이집트,273,2026.01,34010190,(기타 집적회로반도체)
14074,34010190,(기타 집적회로반도체),수출,ES,스페인,21,2026.01,34010190,(기타 집적회로반도체)
39244,34010190,(기타 집적회로반도체),수출,FI,핀란드,16,2026.01,34010190,(기타 집적회로반도체)
33536,34010190,(기타 집적회로반도체),수출,FR,프랑스,22,2026.01,34010190,(기타 집적회로반도체)
26757,34010190,(기타 집적회로반도체),수출,GB,영국,99,2026.01,34010190,(기타 집적회로반도체)
182580541,34010190,(기타 집적회로반도체),수출,HK,홍콩,37518,2026.01,34010190,(기타 집적회로반도체)
31680,34010190,(기타 집적회로반도체),수출,HR,크로아티아,3,2026.01,34010190,(기타 집적회로반도체)
10171,34010190,(기타 집적회로반도체),수출,HU,헝가리,13,2026.01,34010190,(기타 집적회로반도체)
6469133,34010190,(기타 집적회로반도체),수출,ID,인도네시아,3006,2026.01,34010190,(기타 집적회로반도체)
13642,34010190,(기타 집적회로반도체),수출,IE,아일랜드,11,2026.01,34010190,(기타 집적회로반도체)
68205,34010190,(기타 집적회로반도체),수출,IL,이스라엘,79,2026.01,34010190,(기타 집적회로반도체)
14510673,34010190,(기타 집적회로반도체),수출,IN,인도,7329,2026.01,34010190,(기타 집적회로반도체)
117548,34010190,(기타 집적회로반도체),수출,IT,이탈리아,146,2026.01,34010190,(기타 집적회로반도체)
3006809,34010190,(기타 집적회로반도체),수출,JP,일본,3025,2026.01,34010190,(기타 집적회로반도체)
6384,34010190,(기타 집적회로반도체),수출,LT,리투아니아,2,2026.01,34010190,(기타 집적회로반도체)
24174,34010190,(기타 집적회로반도체),수출,MT,몰타,99,2026.01,34010190,(기타 집적회로반도체)
16594726,34010190,(기타 집적회로반도체),수출,MX,멕시코,11129,2026.01,34010190,(기타 집적회로반도체)
30703474,34010190,(기타 집적회로반도체),수출,MY,말레이시아,26605,2026.01,34010190,(기타 집적회로반도체)
137256,34010190,(기타 집적회로반도체),수출,NL,네덜란드,336,2026.01,34010190,(기타 집적회로반도체)
1389,34010190,(기타 집적회로반도체),수출,NO,노르웨이,4,2026.01,34010190,(기타 집적회로반도체)
15,34010190,(기타 집적회로반도체),수출,PA,파나마,0,2026.01,34010190,(기타 집적회로반도체)
5,34010190,(기타 집적회로반도체),수출,PE,페루,3,2026.01,34010190,(기타 집적회로반도체)
14663775,34010190,(기타 집적회로반도체),수출,PH,필리핀,13888,2026.01,34010190,(기타 집적회로반도체)
5355873,34010190,(기타 집적회로반도체),수출,PL,폴란드,2047,2026.01,34010190,(기타 집적회로반도체)
246238,34010190,(기타 집적회로반도체),수출,RO,루마니아,106,2026.01,34010190,(기타 집적회로반도체)
800609,34010190,(기타 집적회로반도체),수출,RS,세르비아,791,2026.01,34010190,(기타 집적회로반도체)
374451,34010190,(기타 집적회로반도체),수출,SE,스웨덴,73,2026.01,34010190,(기타 집적회로반도체)
5076743,34010190,(기타 집적회로반도체),수출,SG,싱가포르,22692,2026.01,34010190,(기타 집적회로반도체)
92636,34010190,(기타 집적회로반도체),수출,SK,슬로바키아,499,2026.01,34010190,(기타 집적회로반도체)
8496828,34010190,(기타 집적회로반도체),수출,TH,태국,6983,2026.01,34010190,(기타 집적회로반도체)
1521297,34010190,(기타 집적회로반도체),수출,TR,튀르키예,331,2026.01,34010190,(기타 집적회로반도체)
102499066,34010190,(기타 집적회로반도체),수출,TW,대만,20049,2026.01,34010190,(기타 집적회로반도체)
5879605,34010190,(기타 집적회로반도체),수출,US,미국,6852,2026.01,34010190,(기타 집적회로반도체)
287297176,34010190,(기타 집적회로반도체),수출,VN,베트남,62587,2026.01,34010190,(기타 집적회로반도체)
24520,34010190,(기타 집적회로반도체),수출,ZA,남아프리카공화국,58,2026.01,34010190,(기타 집적회로반도체)
126109,34010190,(기타 집적회로반도체),수출,AE,아랍에미리트 연합,32,2026.02,34010190,(기타 집적회로반도체)
648227,34010190,(기타 집적회로반도체),수출,AR,아르헨티나,1486,2026.02,34010190,(기타 집적회로반도체)
127642,34010190,(기타 집적회로반도체),수출,AT,오스트리아,163,2026.02,34010190,(기타 집적회로반도체)
2720,34010190,(기타 집적회로반도체),수출,AU,호주,4,2026.02,34010190,(기타 집적회로반도체)
36511,34010190,(기타 집적회로반도체),수출,BE,벨기에,14,2026.02,34010190,(기타 집적회로반도체)
4916269,34010190,(기타 집적회로반도체),수출,BR,브라질,2295,2026.02,34010190,(기타 집적회로반도체)
20740,34010190,(기타 집적회로반도체),수출,CA,캐나다,6,2026.02,34010190,(기타 집적회로반도체)
535,34010190,(기타 집적회로반도체),수출,CH,스위스,1,2026.02,34010190,(기타 집적회로반도체)
119870438,34010190,(기타 집적회로반도체),수출,CN,중국,50036,2026.02,34010190,(기타 집적회로반도체)
883850,34010190,(기타 집적회로반도체),수출,CZ,체코공화국,295,2026.02,34010190,(기타 집적회로반도체)
10010923,34010190,(기타 집적회로반도체),수출,DE,독일,12994,2026.02,34010190,(기타 집적회로반도체)
37462,34010190,(기타 집적회로반도체),수출,DK,덴마크,121,2026.02,34010190,(기타 집적회로반도체)
1207284,34010190,(기타 집적회로반도체),수출,EG,이집트,208,2026.02,34010190,(기타 집적회로반도체)
324,34010190,(기타 집적회로반도체),수출,ES,스페인,6,2026.02,34010190,(기타 집적회로반도체)
34003,34010190,(기타 집적회로반도체),수출,FI,핀란드,11,2026.02,34010190,(기타 집적회로반도체)
112935,34010190,(기타 집적회로반도체),수출,FR,프랑스,85,2026.02,34010190,(기타 집적회로반도체)
73220,34010190,(기타 집적회로반도체),수출,GB,영국,56,2026.02,34010190,(기타 집적회로반도체)
122112167,34010190,(기타 집적회로반도체),수출,HK,홍콩,29594,2026.02,34010190,(기타 집적회로반도체)
282,34010190,(기타 집적회로반도체),수출,HU,헝가리,2,2026.02,34010190,(기타 집적회로반도체)
5317784,34010190,(기타 집적회로반도체),수출,ID,인도네시아,2666,2026.02,34010190,(기타 집적회로반도체)
36299,34010190,(기타 집적회로반도체),수출,IE,아일랜드,7,2026.02,34010190,(기타 집적회로반도체)
21817,34010190,(기타 집적회로반도체),수출,IL,이스라엘,39,2026.02,34010190,(기타 집적회로반도체)
20833118,34010190,(기타 집적회로반도체),수출,IN,인도,8662,2026.02,34010190,(기타 집적회로반도체)
102899,34010190,(기타 집적회로반도체),수출,IT,이탈리아,189,2026.02,34010190,(기타 집적회로반도체)
1918810,34010190,(기타 집적회로반도체),수출,JP,일본,2067,2026.02,34010190,(기타 집적회로반도체)
51629,34010190,(기타 집적회로반도체),수출,MT,몰타,207,2026.02,34010190,(기타 집적회로반도체)
13523833,34010190,(기타 집적회로반도체),수출,MX,멕시코,7856,2026.02,34010190,(기타 집적회로반도체)
18758830,34010190,(기타 집적회로반도체),수출,MY,말레이시아,23051,2026.02,34010190,(기타 집적회로반도체)
79052,34010190,(기타 집적회로반도체),수출,NL,네덜란드,95,2026.02,34010190,(기타 집적회로반도체)
12830198,34010190,(기타 집적회로반도체),수출,PH,필리핀,12522,2026.02,34010190,(기타 집적회로반도체)
182,34010190,(기타 집적회로반도체),수출,PK,파키스탄,3,2026.02,34010190,(기타 집적회로반도체)
6743160,34010190,(기타 집적회로반도체),수출,PL,폴란드,2403,2026.02,34010190,(기타 집적회로반도체)
10,34010190,(기타 집적회로반도체),수출,PT,포루투갈,1,2026.02,34010190,(기타 집적회로반도체)
82921,34010190,(기타 집적회로반도체),수출,RO,루마니아,37,2026.02,34010190,(기타 집적회로반도체)
750730,34010190,(기타 집적회로반도체),수출,RS,세르비아,786,2026.02,34010190,(기타 집적회로반도체)
2700,34010190,(기타 집적회로반도체),수출,SA,사우디아라비아,32,2026.02,34010190,(기타 집적회로반도체)
2300,34010190,(기타 집적회로반도체),수출,SE,스웨덴,2,2026.02,34010190,(기타 집적회로반도체)
5616910,34010190,(기타 집적회로반도체),수출,SG,싱가포르,29429,2026.02,34010190,(기타 집적회로반도체)
110931,34010190,(기타 집적회로반도체),수출,SK,슬로바키아,25,2026.02,34010190,(기타 집적회로반도체)
12570341,34010190,(기타 집적회로반도체),수출,TH,태국,6728,2026.02,34010190,(기타 집적회로반도체)
1190332,34010190,(기타 집적회로반도체),수출,TR,튀르키예,296,2026.02,34010190,(기타 집적회로반도체)
107635499,34010190,(기타 집적회로반도체),수출,TW,대만,19914,2026.02,34010190,(기타 집적회로반도체)
4984116,34010190,(기타 집적회로반도체),수출,US,미국,7927,2026.02,34010190,(기타 집적회로반도체)
223778712,34010190,(기타 집적회로반도체),수출,VN,베트남,49864,2026.02,34010190,(기타 집적회로반도체)
24218,34010190,(기타 집적회로반도체),수출,ZA,남아프리카공화국,156,2026.02,34010190,(기타 집적회로반도체)
1363694,34010190,(기타 집적회로반도체),수출,AR,아르헨티나,2684,2026.03,34010190,(기타 집적회로반도체)
190923,34010190,(기타 집적회로반도체),수출,AT,오스트리아,232,2026.03,34010190,(기타 집적회로반도체)
637,34010190,(기타 집적회로반도체),수출,AU,호주,3,2026.03,34010190,(기타 집적회로반도체)
154077,34010190,(기타 집적회로반도체),수출,BD,방글라데시,12,2026.03,34010190,(기타 집적회로반도체)
515,34010190,(기타 집적회로반도체),수출,BE,벨기에,5,2026.03,34010190,(기타 집적회로반도체)
4885663,34010190,(기타 집적회로반도체),수출,BR,브라질,1010,2026.03,34010190,(기타 집적회로반도체)
6766,34010190,(기타 집적회로반도체),수출,CA,캐나다,6,2026.03,34010190,(기타 집적회로반도체)
138464865,34010190,(기타 집적회로반도체),수출,CN,중국,64257,2026.03,34010190,(기타 집적회로반도체)
1507574,34010190,(기타 집적회로반도체),수출,CZ,체코공화국,706,2026.03,34010190,(기타 집적회로반도체)
10938451,34010190,(기타 집적회로반도체),수출,DE,독일,14879,2026.03,34010190,(기타 집적회로반도체)
18421,34010190,(기타 집적회로반도체),수출,DK,덴마크,54,2026.03,34010190,(기타 집적회로반도체)
2384281,34010190,(기타 집적회로반도체),수출,EG,이집트,335,2026.03,34010190,(기타 집적회로반도체)
10955,34010190,(기타 집적회로반도체),수출,ES,스페인,16,2026.03,34010190,(기타 집적회로반도체)
132030,34010190,(기타 집적회로반도체),수출,FR,프랑스,138,2026.03,34010190,(기타 집적회로반도체)
16080,34010190,(기타 집적회로반도체),수출,GB,영국,13,2026.03,34010190,(기타 집적회로반도체)
194633462,34010190,(기타 집적회로반도체),수출,HK,홍콩,39924,2026.03,34010190,(기타 집적회로반도체)
15351,34010190,(기타 집적회로반도체),수출,HU,헝가리,22,2026.03,34010190,(기타 집적회로반도체)
3481740,34010190,(기타 집적회로반도체),수출,ID,인도네시아,2759,2026.03,34010190,(기타 집적회로반도체)
1330,34010190,(기타 집적회로반도체),수출,IE,아일랜드,7,2026.03,34010190,(기타 집적회로반도체)
28937,34010190,(기타 집적회로반도체),수출,IL,이스라엘,56,2026.03,34010190,(기타 집적회로반도체)
18336750,34010190,(기타 집적회로반도체),수출,IN,인도,9634,2026.03,34010190,(기타 집적회로반도체)
62725,34010190,(기타 집적회로반도체),수출,IT,이탈리아,75,2026.03,34010190,(기타 집적회로반도체)
3717465,34010190,(기타 집적회로반도체),수출,JP,일본,3874,2026.03,34010190,(기타 집적회로반도체)
46253,34010190,(기타 집적회로반도체),수출,LB,레바논,8,2026.03,34010190,(기타 집적회로반도체)
85765,34010190,(기타 집적회로반도체),수출,MT,몰타,312,2026.03,34010190,(기타 집적회로반도체)
23258739,34010190,(기타 집적회로반도체),수출,MX,멕시코,7700,2026.03,34010190,(기타 집적회로반도체)
18620851,34010190,(기타 집적회로반도체),수출,MY,말레이시아,23938,2026.03,34010190,(기타 집적회로반도체)
98212,34010190,(기타 집적회로반도체),수출,NL,네덜란드,144,2026.03,34010190,(기타 집적회로반도체)
3247,34010190,(기타 집적회로반도체),수출,NO,노르웨이,4,2026.03,34010190,(기타 집적회로반도체)
11855876,34010190,(기타 집적회로반도체),수출,PH,필리핀,12447,2026.03,34010190,(기타 집적회로반도체)
7089547,34010190,(기타 집적회로반도체),수출,PL,폴란드,1782,2026.03,34010190,(기타 집적회로반도체)
8,34010190,(기타 집적회로반도체),수출,PT,포루투갈,1,2026.03,34010190,(기타 집적회로반도체)
85761,34010190,(기타 집적회로반도체),수출,RO,루마니아,307,2026.03,34010190,(기타 집적회로반도체)
646108,34010190,(기타 집적회로반도체),수출,RS,세르비아,653,2026.03,34010190,(기타 집적회로반도체)
458173,34010190,(기타 집적회로반도체),수출,SE,스웨덴,81,2026.03,34010190,(기타 집적회로반도체)
9162699,34010190,(기타 집적회로반도체),수출,SG,싱가포르,41642,2026.03,34010190,(기타 집적회로반도체)
2500,34010190,(기타 집적회로반도체),수출,SI,슬로베니아,14,2026.03,34010190,(기타 집적회로반도체)
24434,34010190,(기타 집적회로반도체),수출,SK,슬로바키아,11,2026.03,34010190,(기타 집적회로반도체)
10257849,34010190,(기타 집적회로반도체),수출,TH,태국,6547,2026.03,34010190,(기타 집적회로반도체)
1211475,34010190,(기타 집적회로반도체),수출,TR,튀르키예,431,2026.03,34010190,(기타 집적회로반도체)
215176763,34010190,(기타 집적회로반도체),수출,TW,대만,30583,2026.03,34010190,(기타 집적회로반도체)
10556553,34010190,(기타 집적회로반도체),수출,US,미국,5482,2026.03,34010190,(기타 집적회로반도체)
251092548,34010190,(기타 집적회로반도체),수출,VN,베트남,54093,2026.03,34010190,(기타 집적회로반도체)
22279,34010190,(기타 집적회로반도체),수출,ZA,남아프리카공화국,86,2026.03,34010190,(기타 집적회로반도체)
268,34010190,(기타 집적회로반도체),수출,AE,아랍에미리트 연합,1,2026.04,34010190,(기타 집적회로반도체)
110300,34010190,(기타 집적회로반도체),수출,AR,아르헨티나,369,2026.04,34010190,(기타 집적회로반도체)
261757,34010190,(기타 집적회로반도체),수출,AT,오스트리아,350,2026.04,34010190,(기타 집적회로반도체)
7637,34010190,(기타 집적회로반도체),수출,AU,호주,9,2026.04,34010190,(기타 집적회로반도체)
204421,34010190,(기타 집적회로반도체),수출,BD,방글라데시,27,2026.04,34010190,(기타 집적회로반도체)
3947,34010190,(기타 집적회로반도체),수출,BE,벨기에,4,2026.04,34010190,(기타 집적회로반도체)
0,34010190,(기타 집적회로반도체),수출,BG,불가리아,1,2026.04,34010190,(기타 집적회로반도체)
4154274,34010190,(기타 집적회로반도체),수출,BR,브라질,1303,2026.04,34010190,(기타 집적회로반도체)
121180,34010190,(기타 집적회로반도체),수출,CA,캐나다,19,2026.04,34010190,(기타 집적회로반도체)
16649,34010190,(기타 집적회로반도체),수출,CH,스위스,9,2026.04,34010190,(기타 집적회로반도체)
467,34010190,(기타 집적회로반도체),수출,CK,쿡 아일랜드,1,2026.04,34010190,(기타 집적회로반도체)
3,34010190,(기타 집적회로반도체),수출,CL,칠레,0,2026.04,34010190,(기타 집적회로반도체)
142055429,34010190,(기타 집적회로반도체),수출,CN,중국,65060,2026.04,34010190,(기타 집적회로반도체)
973754,34010190,(기타 집적회로반도체),수출,CZ,체코공화국,263,2026.04,34010190,(기타 집적회로반도체)
9479757,34010190,(기타 집적회로반도체),수출,DE,독일,13655,2026.04,34010190,(기타 집적회로반도체)
42341,34010190,(기타 집적회로반도체),수출,DK,덴마크,185,2026.04,34010190,(기타 집적회로반도체)
658998,34010190,(기타 집적회로반도체),수출,EG,이집트,133,2026.04,34010190,(기타 집적회로반도체)
1184,34010190,(기타 집적회로반도체),수출,ES,스페인,3,2026.04,34010190,(기타 집적회로반도체)
9004,34010190,(기타 집적회로반도체),수출,FI,핀란드,4,2026.04,34010190,(기타 집적회로반도체)
125489,34010190,(기타 집적회로반도체),수출,FR,프랑스,101,2026.04,34010190,(기타 집적회로반도체)
13684,34010190,(기타 집적회로반도체),수출,GB,영국,19,2026.04,34010190,(기타 집적회로반도체)
153419557,34010190,(기타 집적회로반도체),수출,HK,홍콩,38067,2026.04,34010190,(기타 집적회로반도체)
9244,34010190,(기타 집적회로반도체),수출,HU,헝가리,18,2026.04,34010190,(기타 집적회로반도체)
4588406,34010190,(기타 집적회로반도체),수출,ID,인도네시아,3078,2026.04,34010190,(기타 집적회로반도체)
770,34010190,(기타 집적회로반도체),수출,IE,아일랜드,6,2026.04,34010190,(기타 집적회로반도체)
1411955,34010190,(기타 집적회로반도체),수출,IL,이스라엘,222,2026.04,34010190,(기타 집적회로반도체)
21480467,34010190,(기타 집적회로반도체),수출,IN,인도,12143,2026.04,34010190,(기타 집적회로반도체)
146098,34010190,(기타 집적회로반도체),수출,IT,이탈리아,158,2026.04,34010190,(기타 집적회로반도체)
3217295,34010190,(기타 집적회로반도체),수출,JP,일본,4171,2026.04,34010190,(기타 집적회로반도체)
16645,34010190,(기타 집적회로반도체),수출,MT,몰타,62,2026.04,34010190,(기타 집적회로반도체)
15097208,34010190,(기타 집적회로반도체),수출,MX,멕시코,6143,2026.04,34010190,(기타 집적회로반도체)
41061788,34010190,(기타 집적회로반도체),수출,MY,말레이시아,23277,2026.04,34010190,(기타 집적회로반도체)
146305,34010190,(기타 집적회로반도체),수출,NL,네덜란드,453,2026.04,34010190,(기타 집적회로반도체)
318,34010190,(기타 집적회로반도체),수출,NO,노르웨이,3,2026.04,34010190,(기타 집적회로반도체)
16056913,34010190,(기타 집적회로반도체),수출,PH,필리핀,12020,2026.04,34010190,(기타 집적회로반도체)
5418340,34010190,(기타 집적회로반도체),수출,PL,폴란드,1761,2026.04,34010190,(기타 집적회로반도체)
405,34010190,(기타 집적회로반도체),수출,QA,카타르,7,2026.04,34010190,(기타 집적회로반도체)
166715,34010190,(기타 집적회로반도체),수출,RO,루마니아,73,2026.04,34010190,(기타 집적회로반도체)
939532,34010190,(기타 집적회로반도체),수출,RS,세르비아,162,2026.04,34010190,(기타 집적회로반도체)
57811,34010190,(기타 집적회로반도체),수출,SE,스웨덴,14,2026.04,34010190,(기타 집적회로반도체)
8980702,34010190,(기타 집적회로반도체),수출,SG,싱가포르,26524,2026.04,34010190,(기타 집적회로반도체)
24975,34010190,(기타 집적회로반도체),수출,SK,슬로바키아,119,2026.04,34010190,(기타 집적회로반도체)
9770108,34010190,(기타 집적회로반도체),수출,TH,태국,5463,2026.04,34010190,(기타 집적회로반도체)
2325355,34010190,(기타 집적회로반도체),수출,TR,튀르키예,541,2026.04,34010190,(기타 집적회로반도체)
125499109,34010190,(기타 집적회로반도체),수출,TW,대만,18935,2026.04,34010190,(기타 집적회로반도체)
7033378,34010190,(기타 집적회로반도체),수출,US,미국,9178,2026.04,34010190,(기타 집적회로반도체)
240267579,34010190,(기타 집적회로반도체),수출,VN,베트남,56996,2026.04,34010190,(기타 집적회로반도체)
22445,34010190,(기타 집적회로반도체),수출,ZA,남아프리카공화국,35,2026.04,34010190,(기타 집적회로반도체)
431760,34010190,(기타 집적회로반도체),수출,AR,아르헨티나,278,2026.05,34010190,(기타 집적회로반도체)
326360,34010190,(기타 집적회로반도체),수출,AT,오스트리아,439,2026.05,34010190,(기타 집적회로반도체)
2676,34010190,(기타 집적회로반도체),수출,AU,호주,5,2026.05,34010190,(기타 집적회로반도체)
305294,34010190,(기타 집적회로반도체),수출,BD,방글라데시,52,2026.05,34010190,(기타 집적회로반도체)
72408,34010190,(기타 집적회로반도체),수출,BE,벨기에,9,2026.05,34010190,(기타 집적회로반도체)
1753228,34010190,(기타 집적회로반도체),수출,BR,브라질,804,2026.05,34010190,(기타 집적회로반도체)
719216,34010190,(기타 집적회로반도체),수출,CA,캐나다,37,2026.05,34010190,(기타 집적회로반도체)
4495,34010190,(기타 집적회로반도체),수출,CH,스위스,15,2026.05,34010190,(기타 집적회로반도체)
147254219,34010190,(기타 집적회로반도체),수출,CN,중국,53642,2026.05,34010190,(기타 집적회로반도체)
1219223,34010190,(기타 집적회로반도체),수출,CZ,체코공화국,220,2026.05,34010190,(기타 집적회로반도체)
9965129,34010190,(기타 집적회로반도체),수출,DE,독일,14353,2026.05,34010190,(기타 집적회로반도체)
39961,34010190,(기타 집적회로반도체),수출,DK,덴마크,166,2026.05,34010190,(기타 집적회로반도체)
916258,34010190,(기타 집적회로반도체),수출,EG,이집트,207,2026.05,34010190,(기타 집적회로반도체)
100,34010190,(기타 집적회로반도체),수출,ES,스페인,0,2026.05,34010190,(기타 집적회로반도체)
58834,34010190,(기타 집적회로반도체),수출,FR,프랑스,41,2026.05,34010190,(기타 집적회로반도체)
119372,34010190,(기타 집적회로반도체),수출,GB,영국,36,2026.05,34010190,(기타 집적회로반도체)
179250313,34010190,(기타 집적회로반도체),수출,HK,홍콩,39823,2026.05,34010190,(기타 집적회로반도체)
3500,34010190,(기타 집적회로반도체),수출,HR,크로아티아,0,2026.05,34010190,(기타 집적회로반도체)
53111,34010190,(기타 집적회로반도체),수출,HU,헝가리,86,2026.05,34010190,(기타 집적회로반도체)
8789701,34010190,(기타 집적회로반도체),수출,ID,인도네시아,2937,2026.05,34010190,(기타 집적회로반도체)
94577,34010190,(기타 집적회로반도체),수출,IE,아일랜드,25,2026.05,34010190,(기타 집적회로반도체)
14114,34010190,(기타 집적회로반도체),수출,IL,이스라엘,33,2026.05,34010190,(기타 집적회로반도체)
13312890,34010190,(기타 집적회로반도체),수출,IN,인도,6841,2026.05,34010190,(기타 집적회로반도체)
99962,34010190,(기타 집적회로반도체),수출,IT,이탈리아,165,2026.05,34010190,(기타 집적회로반도체)
3615245,34010190,(기타 집적회로반도체),수출,JP,일본,3810,2026.05,34010190,(기타 집적회로반도체)
100244,34010190,(기타 집적회로반도체),수출,MT,몰타,333,2026.05,34010190,(기타 집적회로반도체)
20867105,34010190,(기타 집적회로반도체),수출,MX,멕시코,8077,2026.05,34010190,(기타 집적회로반도체)
40750533,34010190,(기타 집적회로반도체),수출,MY,말레이시아,24779,2026.05,34010190,(기타 집적회로반도체)
214220,34010190,(기타 집적회로반도체),수출,NL,네덜란드,361,2026.05,34010190,(기타 집적회로반도체)
502,34010190,(기타 집적회로반도체),수출,NO,노르웨이,1,2026.05,34010190,(기타 집적회로반도체)
8878281,34010190,(기타 집적회로반도체),수출,PH,필리핀,12294,2026.05,34010190,(기타 집적회로반도체)
6611545,34010190,(기타 집적회로반도체),수출,PL,폴란드,2990,2026.05,34010190,(기타 집적회로반도체)
6,34010190,(기타 집적회로반도체),수출,PT,포루투갈,1,2026.05,34010190,(기타 집적회로반도체)
55316,34010190,(기타 집적회로반도체),수출,RO,루마니아,13,2026.05,34010190,(기타 집적회로반도체)
1046138,34010190,(기타 집적회로반도체),수출,RS,세르비아,1174,2026.05,34010190,(기타 집적회로반도체)
276257,34010190,(기타 집적회로반도체),수출,SE,스웨덴,50,2026.05,34010190,(기타 집적회로반도체)
7559473,34010190,(기타 집적회로반도체),수출,SG,싱가포르,28779,2026.05,34010190,(기타 집적회로반도체)
325,34010190,(기타 집적회로반도체),수출,SI,슬로베니아,1,2026.05,34010190,(기타 집적회로반도체)
1674,34010190,(기타 집적회로반도체),수출,SK,슬로바키아,8,2026.05,34010190,(기타 집적회로반도체)
8122215,34010190,(기타 집적회로반도체),수출,TH,태국,5400,2026.05,34010190,(기타 집적회로반도체)
1490669,34010190,(기타 집적회로반도체),수출,TR,튀르키예,492,2026.05,34010190,(기타 집적회로반도체)
169056102,34010190,(기타 집적회로반도체),수출,TW,대만,21020,2026.05,34010190,(기타 집적회로반도체)
5721410,34010190,(기타 집적회로반도체),수출,US,미국,7258,2026.05,34010190,(기타 집적회로반도체)
272691131,34010190,(기타 집적회로반도체),수출,VN,베트남,56196,2026.05,34010190,(기타 집적회로반도체)
18517,34010190,(기타 집적회로반도체),수출,ZA,남아프리카공화국,24,2026.05,34010190,(기타 집적회로반도체)
124,34010190,(기타 집적회로반도체),수출,AE,아랍에미리트 연합,0,2026.06,34010190,(기타 집적회로반도체)
1132581,34010190,(기타 집적회로반도체),수출,AR,아르헨티나,721,2026.06,34010190,(기타 집적회로반도체)
280360,34010190,(기타 집적회로반도체),수출,AT,오스트리아,505,2026.06,34010190,(기타 집적회로반도체)
1299,34010190,(기타 집적회로반도체),수출,AU,호주,4,2026.06,34010190,(기타 집적회로반도체)
559978,34010190,(기타 집적회로반도체),수출,BD,방글라데시,94,2026.06,34010190,(기타 집적회로반도체)
4425547,34010190,(기타 집적회로반도체),수출,BR,브라질,1349,2026.06,34010190,(기타 집적회로반도체)
354973,34010190,(기타 집적회로반도체),수출,CA,캐나다,22,2026.06,34010190,(기타 집적회로반도체)
5516,34010190,(기타 집적회로반도체),수출,CH,스위스,19,2026.06,34010190,(기타 집적회로반도체)
165838401,34010190,(기타 집적회로반도체),수출,CN,중국,64610,2026.06,34010190,(기타 집적회로반도체)
1048028,34010190,(기타 집적회로반도체),수출,CZ,체코공화국,118,2026.06,34010190,(기타 집적회로반도체)
10117043,34010190,(기타 집적회로반도체),수출,DE,독일,15236,2026.06,34010190,(기타 집적회로반도체)
387793,34010190,(기타 집적회로반도체),수출,DK,덴마크,243,2026.06,34010190,(기타 집적회로반도체)
1705712,34010190,(기타 집적회로반도체),수출,EG,이집트,306,2026.06,34010190,(기타 집적회로반도체)
144286,34010190,(기타 집적회로반도체),수출,FR,프랑스,58,2026.06,34010190,(기타 집적회로반도체)
398615,34010190,(기타 집적회로반도체),수출,GB,영국,55,2026.06,34010190,(기타 집적회로반도체)
162538708,34010190,(기타 집적회로반도체),수출,HK,홍콩,37724,2026.06,34010190,(기타 집적회로반도체)
9255,34010190,(기타 집적회로반도체),수출,HU,헝가리,15,2026.06,34010190,(기타 집적회로반도체)
8450858,34010190,(기타 집적회로반도체),수출,ID,인도네시아,3531,2026.06,34010190,(기타 집적회로반도체)
64404,34010190,(기타 집적회로반도체),수출,IE,아일랜드,15,2026.06,34010190,(기타 집적회로반도체)
29925,34010190,(기타 집적회로반도체),수출,IL,이스라엘,61,2026.06,34010190,(기타 집적회로반도체)
14277627,34010190,(기타 집적회로반도체),수출,IN,인도,9086,2026.06,34010190,(기타 집적회로반도체)
108895,34010190,(기타 집적회로반도체),수출,IT,이탈리아,213,2026.06,34010190,(기타 집적회로반도체)
3717617,34010190,(기타 집적회로반도체),수출,JP,일본,4155,2026.06,34010190,(기타 집적회로반도체)
6540,34010190,(기타 집적회로반도체),수출,LT,리투아니아,9,2026.06,34010190,(기타 집적회로반도체)
25225,34010190,(기타 집적회로반도체),수출,MT,몰타,83,2026.06,34010190,(기타 집적회로반도체)
21458961,34010190,(기타 집적회로반도체),수출,MX,멕시코,10861,2026.06,34010190,(기타 집적회로반도체)
69103420,34010190,(기타 집적회로반도체),수출,MY,말레이시아,30759,2026.06,34010190,(기타 집적회로반도체)
229543,34010190,(기타 집적회로반도체),수출,NL,네덜란드,541,2026.06,34010190,(기타 집적회로반도체)
696,34010190,(기타 집적회로반도체),수출,NO,노르웨이,3,2026.06,34010190,(기타 집적회로반도체)
22435331,34010190,(기타 집적회로반도체),수출,PH,필리핀,13180,2026.06,34010190,(기타 집적회로반도체)
5419691,34010190,(기타 집적회로반도체),수출,PL,폴란드,2867,2026.06,34010190,(기타 집적회로반도체)
44,34010190,(기타 집적회로반도체),수출,PT,포루투갈,0,2026.06,34010190,(기타 집적회로반도체)
8100,34010190,(기타 집적회로반도체),수출,RO,루마니아,8,2026.06,34010190,(기타 집적회로반도체)
748947,34010190,(기타 집적회로반도체),수출,RS,세르비아,472,2026.06,34010190,(기타 집적회로반도체)
443381,34010190,(기타 집적회로반도체),수출,SE,스웨덴,90,2026.06,34010190,(기타 집적회로반도체)
8780008,34010190,(기타 집적회로반도체),수출,SG,싱가포르,41982,2026.06,34010190,(기타 집적회로반도체)
8826,34010190,(기타 집적회로반도체),수출,SK,슬로바키아,9,2026.06,34010190,(기타 집적회로반도체)
5859501,34010190,(기타 집적회로반도체),수출,TH,태국,4524,2026.06,34010190,(기타 집적회로반도체)
2516878,34010190,(기타 집적회로반도체),수출,TR,튀르키예,727,2026.06,34010190,(기타 집적회로반도체)
287770944,34010190,(기타 집적회로반도체),수출,TW,대만,32156,2026.06,34010190,(기타 집적회로반도체)
7227099,34010190,(기타 집적회로반도체),수출,US,미국,5257,2026.06,34010190,(기타 집적회로반도체)
224439504,34010190,(기타 집적회로반도체),수출,VN,베트남,46723,2026.06,34010190,(기타 집적회로반도체)
11266,34010190,(기타 집적회로반도체),수출,ZA,남아프리카공화국,19,2026.06,34010190,(기타 집적회로반도체)
142,34010190,(기타 집적회로반도체),수출,AE,아랍에미리트 연합,0,2026.07,34010190,(기타 집적회로반도체)
942132,34010190,(기타 집적회로반도체),수출,AR,아르헨티나,755,2026.07,34010190,(기타 집적회로반도체)
355794,34010190,(기타 집적회로반도체),수출,AT,오스트리아,441,2026.07,34010190,(기타 집적회로반도체)
3101,34010190,(기타 집적회로반도체),수출,AU,호주,11,2026.07,34010190,(기타 집적회로반도체)
51008,34010190,(기타 집적회로반도체),수출,BD,방글라데시,1,2026.07,34010190,(기타 집적회로반도체)
9464,34010190,(기타 집적회로반도체),수출,BE,벨기에,3,2026.07,34010190,(기타 집적회로반도체)
4881320,34010190,(기타 집적회로반도체),수출,BR,브라질,2150,2026.07,34010190,(기타 집적회로반도체)
31274,34010190,(기타 집적회로반도체),수출,CA,캐나다,15,2026.07,34010190,(기타 집적회로반도체)
15759,34010190,(기타 집적회로반도체),수출,CH,스위스,11,2026.07,34010190,(기타 집적회로반도체)
3,34010190,(기타 집적회로반도체),수출,CL,칠레,0,2026.07,34010190,(기타 집적회로반도체)
152757285,34010190,(기타 집적회로반도체),수출,CN,중국,59571,2026.07,34010190,(기타 집적회로반도체)
1522410,34010190,(기타 집적회로반도체),수출,CZ,체코공화국,683,2026.07,34010190,(기타 집적회로반도체)
9975275,34010190,(기타 집적회로반도체),수출,DE,독일,13157,2026.07,34010190,(기타 집적회로반도체)
424033,34010190,(기타 집적회로반도체),수출,DK,덴마크,205,2026.07,34010190,(기타 집적회로반도체)
1333280,34010190,(기타 집적회로반도체),수출,EG,이집트,235,2026.07,34010190,(기타 집적회로반도체)
2509,34010190,(기타 집적회로반도체),수출,ES,스페인,7,2026.07,34010190,(기타 집적회로반도체)
17,34010190,(기타 집적회로반도체),수출,FI,핀란드,1,2026.07,34010190,(기타 집적회로반도체)
212135,34010190,(기타 집적회로반도체),수출,FR,프랑스,182,2026.07,34010190,(기타 집적회로반도체)
348909,34010190,(기타 집적회로반도체),수출,GB,영국,30,2026.07,34010190,(기타 집적회로반도체)
144191084,34010190,(기타 집적회로반도체),수출,HK,홍콩,33073,2026.07,34010190,(기타 집적회로반도체)
230,34010190,(기타 집적회로반도체),수출,HN,온두라스,1,2026.07,34010190,(기타 집적회로반도체)
200,34010190,(기타 집적회로반도체),수출,HR,크로아티아,0,2026.07,34010190,(기타 집적회로반도체)
149782,34010190,(기타 집적회로반도체),수출,HU,헝가리,176,2026.07,34010190,(기타 집적회로반도체)
7526478,34010190,(기타 집적회로반도체),수출,ID,인도네시아,4496,2026.07,34010190,(기타 집적회로반도체)
582,34010190,(기타 집적회로반도체),수출,IE,아일랜드,3,2026.07,34010190,(기타 집적회로반도체)
24472,34010190,(기타 집적회로반도체),수출,IL,이스라엘,59,2026.07,34010190,(기타 집적회로반도체)
14637261,34010190,(기타 집적회로반도체),수출,IN,인도,9744,2026.07,34010190,(기타 집적회로반도체)
97691,34010190,(기타 집적회로반도체),수출,IT,이탈리아,180,2026.07,34010190,(기타 집적회로반도체)
5091340,34010190,(기타 집적회로반도체),수출,JP,일본,7058,2026.07,34010190,(기타 집적회로반도체)
112328,34010190,(기타 집적회로반도체),수출,MT,몰타,356,2026.07,34010190,(기타 집적회로반도체)
21536921,34010190,(기타 집적회로반도체),수출,MX,멕시코,12989,2026.07,34010190,(기타 집적회로반도체)
45725354,34010190,(기타 집적회로반도체),수출,MY,말레이시아,32100,2026.07,34010190,(기타 집적회로반도체)
230704,34010190,(기타 집적회로반도체),수출,NL,네덜란드,530,2026.07,34010190,(기타 집적회로반도체)
806,34010190,(기타 집적회로반도체),수출,NO,노르웨이,3,2026.07,34010190,(기타 집적회로반도체)
11255139,34010190,(기타 집적회로반도체),수출,PH,필리핀,15538,2026.07,34010190,(기타 집적회로반도체)
4285459,34010190,(기타 집적회로반도체),수출,PL,폴란드,1598,2026.07,34010190,(기타 집적회로반도체)
153306,34010190,(기타 집적회로반도체),수출,RO,루마니아,73,2026.07,34010190,(기타 집적회로반도체)
198298,34010190,(기타 집적회로반도체),수출,RS,세르비아,369,2026.07,34010190,(기타 집적회로반도체)
1364296,34010190,(기타 집적회로반도체),수출,SE,스웨덴,200,2026.07,34010190,(기타 집적회로반도체)
9620119,34010190,(기타 집적회로반도체),수출,SG,싱가포르,45628,2026.07,34010190,(기타 집적회로반도체)
1500,34010190,(기타 집적회로반도체),수출,SI,슬로베니아,9,2026.07,34010190,(기타 집적회로반도체)
13493,34010190,(기타 집적회로반도체),수출,SK,슬로바키아,65,2026.07,34010190,(기타 집적회로반도체)
9018522,34010190,(기타 집적회로반도체),수출,TH,태국,5453,2026.07,34010190,(기타 집적회로반도체)
1870501,34010190,(기타 집적회로반도체),수출,TR,튀르키예,406,2026.07,34010190,(기타 집적회로반도체)
195862939,34010190,(기타 집적회로반도체),수출,TW,대만,22533,2026.07,34010190,(기타 집적회로반도체)
6896810,34010190,(기타 집적회로반도체),수출,US,미국,6747,2026.07,34010190,(기타 집적회로반도체)
264058647,34010190,(기타 집적회로반도체),수출,VN,베트남,60014,2026.07,34010190,(기타 집적회로반도체)
6985,34010190,(기타 집적회로반도체),수출,ZA,남아프리카공화국,35,2026.07,34010190,(기타 집적회로반도체)
1348,34010190,(기타 집적회로반도체),수출,AE,아랍에미리트 연합,9,2026.08,34010190,(기타 집적회로반도체)
242262,34010190,(기타 집적회로반도체),수출,AR,아르헨티나,98,2026.08,34010190,(기타 집적회로반도체)
282111,34010190,(기타 집적회로반도체),수출,AT,오스트리아,443,2026.08,34010190,(기타 집적회로반도체)
102009,34010190,(기타 집적회로반도체),수출,BD,방글라데시,2,2026.08,34010190,(기타 집적회로반도체)
4798,34010190,(기타 집적회로반도체),수출,BE,벨기에,2,2026.08,34010190,(기타 집적회로반도체)
4467432,34010190,(기타 집적회로반도체),수출,BR,브라질,886,2026.08,34010190,(기타 집적회로반도체)
48001,34010190,(기타 집적회로반도체),수출,CA,캐나다,6,2026.08,34010190,(기타 집적회로반도체)
4887,34010190,(기타 집적회로반도체),수출,CH,스위스,13,2026.08,34010190,(기타 집적회로반도체)
146158012,34010190,(기타 집적회로반도체),수출,CN,중국,50442,2026.08,34010190,(기타 집적회로반도체)
489280,34010190,(기타 집적회로반도체),수출,CZ,체코공화국,177,2026.08,34010190,(기타 집적회로반도체)
9348084,34010190,(기타 집적회로반도체),수출,DE,독일,11963,2026.08,34010190,(기타 집적회로반도체)
403429,34010190,(기타 집적회로반도체),수출,DK,덴마크,150,2026.08,34010190,(기타 집적회로반도체)
862796,34010190,(기타 집적회로반도체),수출,EG,이집트,153,2026.08,34010190,(기타 집적회로반도체)
2159,34010190,(기타 집적회로반도체),수출,ES,스페인,2,2026.08,34010190,(기타 집적회로반도체)
98549,34010190,(기타 집적회로반도체),수출,FR,프랑스,54,2026.08,34010190,(기타 집적회로반도체)
360989,34010190,(기타 집적회로반도체),수출,GB,영국,64,2026.08,34010190,(기타 집적회로반도체)
2,34010190,(기타 집적회로반도체),수출,GN,기니,0,2026.08,34010190,(기타 집적회로반도체)
173891750,34010190,(기타 집적회로반도체),수출,HK,홍콩,29699,2026.08,34010190,(기타 집적회로반도체)
235848,34010190,(기타 집적회로반도체),수출,HU,헝가리,180,2026.08,34010190,(기타 집적회로반도체)
11273223,34010190,(기타 집적회로반도체),수출,ID,인도네시아,2188,2026.08,34010190,(기타 집적회로반도체)
779,34010190,(기타 집적회로반도체),수출,IE,아일랜드,6,2026.08,34010190,(기타 집적회로반도체)
222900,34010190,(기타 집적회로반도체),수출,IL,이스라엘,193,2026.08,34010190,(기타 집적회로반도체)
18703685,34010190,(기타 집적회로반도체),수출,IN,인도,8401,2026.08,34010190,(기타 집적회로반도체)
50745,34010190,(기타 집적회로반도체),수출,IT,이탈리아,87,2026.08,34010190,(기타 집적회로반도체)
3888834,34010190,(기타 집적회로반도체),수출,JP,일본,5458,2026.08,34010190,(기타 집적회로반도체)
6563,34010190,(기타 집적회로반도체),수출,MT,몰타,21,2026.08,34010190,(기타 집적회로반도체)
23006348,34010190,(기타 집적회로반도체),수출,MX,멕시코,10106,2026.08,34010190,(기타 집적회로반도체)
37781840,34010190,(기타 집적회로반도체),수출,MY,말레이시아,30687,2026.08,34010190,(기타 집적회로반도체)
246789,34010190,(기타 집적회로반도체),수출,NL,네덜란드,533,2026.08,34010190,(기타 집적회로반도체)
693,34010190,(기타 집적회로반도체),수출,NO,노르웨이,2,2026.08,34010190,(기타 집적회로반도체)
19305280,34010190,(기타 집적회로반도체),수출,PH,필리핀,17125,2026.08,34010190,(기타 집적회로반도체)
7429069,34010190,(기타 집적회로반도체),수출,PL,폴란드,2721,2026.08,34010190,(기타 집적회로반도체)
7026,34010190,(기타 집적회로반도체),수출,RO,루마니아,13,2026.08,34010190,(기타 집적회로반도체)
505703,34010190,(기타 집적회로반도체),수출,RS,세르비아,572,2026.08,34010190,(기타 집적회로반도체)
1903926,34010190,(기타 집적회로반도체),수출,SE,스웨덴,313,2026.08,34010190,(기타 집적회로반도체)
8388297,34010190,(기타 집적회로반도체),수출,SG,싱가포르,42175,2026.08,34010190,(기타 집적회로반도체)
10967,34010190,(기타 집적회로반도체),수출,SK,슬로바키아,30,2026.08,34010190,(기타 집적회로반도체)
4248568,34010190,(기타 집적회로반도체),수출,TH,태국,4041,2026.08,34010190,(기타 집적회로반도체)
1198259,34010190,(기타 집적회로반도체),수출,TR,튀르키예,308,2026.08,34010190,(기타 집적회로반도체)
204014128,34010190,(기타 집적회로반도체),수출,TW,대만,18430,2026.08,34010190,(기타 집적회로반도체)
12556629,34010190,(기타 집적회로반도체),수출,US,미국,8110,2026.08,34010190,(기타 집적회로반도체)
600,34010190,(기타 집적회로반도체),수출,VG,영령 버진군도,0,2026.08,34010190,(기타 집적회로반도체)
237230338,34010190,(기타 집적회로반도체),수출,VN,베트남,46993,2026.08,34010190,(기타 집적회로반도체)
87870,34010190,(기타 집적회로반도체),수출,ZA,남아프리카공화국,31,2026.08,34010190,(기타 집적회로반도체)
5526,34010201,(다이오드),수출,AE,아랍에미리트 연합,20,2025.09,34010201,(다이오드)
207,34010201,(다이오드),수출,BE,벨기에,1,2025.09,34010201,(다이오드)
165268,34010201,(다이오드),수출,BR,브라질,3683,2025.09,34010201,(다이오드)
10980,34010201,(다이오드),수출,CA,캐나다,19,2025.09,34010201,(다이오드)
62,34010201,(다이오드),수출,CL,칠레,1,2025.09,34010201,(다이오드)
6713842,34010201,(다이오드),수출,CN,중국,22855,2025.09,34010201,(다이오드)
92801,34010201,(다이오드),수출,CZ,체코공화국,279,2025.09,34010201,(다이오드)
1391006,34010201,(다이오드),수출,DE,독일,2378,2025.09,34010201,(다이오드)
11834,34010201,(다이오드),수출,EG,이집트,13,2025.09,34010201,(다이오드)
93,34010201,(다이오드),수출,ES,스페인,0,2025.09,34010201,(다이오드)
72682,34010201,(다이오드),수출,GB,영국,140,2025.09,34010201,(다이오드)
971176,34010201,(다이오드),수출,HK,홍콩,3830,2025.09,34010201,(다이오드)
139239,34010201,(다이오드),수출,ID,인도네시아,11944,2025.09,34010201,(다이오드)
828227,34010201,(다이오드),수출,IN,인도,6617,2025.09,34010201,(다이오드)
146,34010201,(다이오드),수출,IQ,이라크,0,2025.09,34010201,(다이오드)
382,34010201,(다이오드),수출,IT,이탈리아,1,2025.09,34010201,(다이오드)
1858051,34010201,(다이오드),수출,JP,일본,9083,2025.09,34010201,(다이오드)
294,34010201,(다이오드),수출,LB,레바논,2,2025.09,34010201,(다이오드)
894541,34010201,(다이오드),수출,MX,멕시코,8401,2025.09,34010201,(다이오드)
113719,34010201,(다이오드),수출,MY,말레이시아,1163,2025.09,34010201,(다이오드)
22,34010201,(다이오드),수출,PE,페루,0,2025.09,34010201,(다이오드)
101088,34010201,(다이오드),수출,PH,필리핀,88,2025.09,34010201,(다이오드)
349,34010201,(다이오드),수출,PK,파키스탄,1,2025.09,34010201,(다이오드)
526822,34010201,(다이오드),수출,PL,폴란드,1930,2025.09,34010201,(다이오드)
8,34010201,(다이오드),수출,QA,카타르,0,2025.09,34010201,(다이오드)
81000,34010201,(다이오드),수출,RS,세르비아,2253,2025.09,34010201,(다이오드)
11000,34010201,(다이오드),수출,SE,스웨덴,23,2025.09,34010201,(다이오드)
461482,34010201,(다이오드),수출,SG,싱가포르,2016,2025.09,34010201,(다이오드)
3835,34010201,(다이오드),수출,SK,슬로바키아,27,2025.09,34010201,(다이오드)
1690875,34010201,(다이오드),수출,TH,태국,8207,2025.09,34010201,(다이오드)
103676,34010201,(다이오드),수출,TR,튀르키예,196,2025.09,34010201,(다이오드)
264426,34010201,(다이오드),수출,TW,대만,975,2025.09,34010201,(다이오드)
920323,34010201,(다이오드),수출,US,미국,4323,2025.09,34010201,(다이오드)
1774,34010201,(다이오드),수출,UZ,우즈베키스탄,37,2025.09,34010201,(다이오드)
7506388,34010201,(다이오드),수출,VN,베트남,61384,2025.09,34010201,(다이오드)
197,34010201,(다이오드),수출,ZA,남아프리카공화국,1,2025.09,34010201,(다이오드)
12569,34010201,(다이오드),수출,AE,아랍에미리트 연합,11,2025.10,34010201,(다이오드)
2520,34010201,(다이오드),수출,AT,오스트리아,8,2025.10,34010201,(다이오드)
535,34010201,(다이오드),수출,BD,방글라데시,4,2025.10,34010201,(다이오드)
156504,34010201,(다이오드),수출,BR,브라질,3458,2025.10,34010201,(다이오드)
4112,34010201,(다이오드),수출,CA,캐나다,18,2025.10,34010201,(다이오드)
2,34010201,(다이오드),수출,CL,칠레,0,2025.10,34010201,(다이오드)
6933678,34010201,(다이오드),수출,CN,중국,22331,2025.10,34010201,(다이오드)
85030,34010201,(다이오드),수출,CZ,체코공화국,556,2025.10,34010201,(다이오드)
1154233,34010201,(다이오드),수출,DE,독일,2771,2025.10,34010201,(다이오드)
7639,34010201,(다이오드),수출,EG,이집트,16,2025.10,34010201,(다이오드)
1082,34010201,(다이오드),수출,ES,스페인,2,2025.10,34010201,(다이오드)
6734,34010201,(다이오드),수출,FR,프랑스,5,2025.10,34010201,(다이오드)
120705,34010201,(다이오드),수출,GB,영국,260,2025.10,34010201,(다이오드)
1176221,34010201,(다이오드),수출,HK,홍콩,3765,2025.10,34010201,(다이오드)
92,34010201,(다이오드),수출,HU,헝가리,1,2025.10,34010201,(다이오드)
176933,34010201,(다이오드),수출,ID,인도네시아,8489,2025.10,34010201,(다이오드)
997,34010201,(다이오드),수출,IE,아일랜드,0,2025.10,34010201,(다이오드)
890369,34010201,(다이오드),수출,IN,인도,5793,2025.10,34010201,(다이오드)
4338,34010201,(다이오드),수출,IR,이란,129,2025.10,34010201,(다이오드)
669,34010201,(다이오드),수출,IT,이탈리아,4,2025.10,34010201,(다이오드)
1842789,34010201,(다이오드),수출,JP,일본,8406,2025.10,34010201,(다이오드)
1151,34010201,(다이오드),수출,LT,리투아니아,1,2025.10,34010201,(다이오드)
666,34010201,(다이오드),수출,MG,마다카스카르,7,2025.10,34010201,(다이오드)
527350,34010201,(다이오드),수출,MX,멕시코,5491,2025.10,34010201,(다이오드)
88280,34010201,(다이오드),수출,MY,말레이시아,547,2025.10,34010201,(다이오드)
424,34010201,(다이오드),수출,NL,네덜란드,4,2025.10,34010201,(다이오드)
144833,34010201,(다이오드),수출,PH,필리핀,393,2025.10,34010201,(다이오드)
312742,34010201,(다이오드),수출,PL,폴란드,1016,2025.10,34010201,(다이오드)
407,34010201,(다이오드),수출,RO,루마니아,1,2025.10,34010201,(다이오드)
14843,34010201,(다이오드),수출,RS,세르비아,1024,2025.10,34010201,(다이오드)
46,34010201,(다이오드),수출,SE,스웨덴,0,2025.10,34010201,(다이오드)
533772,34010201,(다이오드),수출,SG,싱가포르,1630,2025.10,34010201,(다이오드)
22134,34010201,(다이오드),수출,SK,슬로바키아,179,2025.10,34010201,(다이오드)
1881111,34010201,(다이오드),수출,TH,태국,9829,2025.10,34010201,(다이오드)
165020,34010201,(다이오드),수출,TR,튀르키예,155,2025.10,34010201,(다이오드)
213806,34010201,(다이오드),수출,TW,대만,557,2025.10,34010201,(다이오드)
1278364,34010201,(다이오드),수출,US,미국,3680,2025.10,34010201,(다이오드)
6245205,34010201,(다이오드),수출,VN,베트남,47049,2025.10,34010201,(다이오드)
195,34010201,(다이오드),수출,ZA,남아프리카공화국,1,2025.10,34010201,(다이오드)
8251,34010201,(다이오드),수출,AE,아랍에미리트 연합,4,2025.11,34010201,(다이오드)
10704,34010201,(다이오드),수출,AR,아르헨티나,56,2025.11,34010201,(다이오드)
514,34010201,(다이오드),수출,BE,벨기에,2,2025.11,34010201,(다이오드)
143,34010201,(다이오드),수출,BG,불가리아,0,2025.11,34010201,(다이오드)
124154,34010201,(다이오드),수출,BR,브라질,2946,2025.11,34010201,(다이오드)
1535,34010201,(다이오드),수출,CA,캐나다,9,2025.11,34010201,(다이오드)
6636426,34010201,(다이오드),수출,CN,중국,26986,2025.11,34010201,(다이오드)
65336,34010201,(다이오드),수출,CZ,체코공화국,325,2025.11,34010201,(다이오드)
1435890,34010201,(다이오드),수출,DE,독일,1972,2025.11,34010201,(다이오드)
102,34010201,(다이오드),수출,DK,덴마크,1,2025.11,34010201,(다이오드)
14168,34010201,(다이오드),수출,EG,이집트,15,2025.11,34010201,(다이오드)
3384,34010201,(다이오드),수출,ES,스페인,7,2025.11,34010201,(다이오드)
373,34010201,(다이오드),수출,FR,프랑스,2,2025.11,34010201,(다이오드)
40514,34010201,(다이오드),수출,GB,영국,154,2025.11,34010201,(다이오드)
1358605,34010201,(다이오드),수출,HK,홍콩,4953,2025.11,34010201,(다이오드)
570,34010201,(다이오드),수출,HU,헝가리,4,2025.11,34010201,(다이오드)
205113,34010201,(다이오드),수출,ID,인도네시아,7657,2025.11,34010201,(다이오드)
400,34010201,(다이오드),수출,IL,이스라엘,0,2025.11,34010201,(다이오드)
1005789,34010201,(다이오드),수출,IN,인도,6275,2025.11,34010201,(다이오드)
230,34010201,(다이오드),수출,IT,이탈리아,1,2025.11,34010201,(다이오드)
2239230,34010201,(다이오드),수출,JP,일본,8356,2025.11,34010201,(다이오드)
7095,34010201,(다이오드),수출,MK,마세도니아,3,2025.11,34010201,(다이오드)
518576,34010201,(다이오드),수출,MX,멕시코,4997,2025.11,34010201,(다이오드)
130016,34010201,(다이오드),수출,MY,말레이시아,709,2025.11,34010201,(다이오드)
514,34010201,(다이오드),수출,NL,네덜란드,31,2025.11,34010201,(다이오드)
0,34010201,(다이오드),수출,PA,파나마,0,2025.11,34010201,(다이오드)
3,34010201,(다이오드),수출,PF,불령 폴리네시아,0,2025.11,34010201,(다이오드)
97597,34010201,(다이오드),수출,PH,필리핀,786,2025.11,34010201,(다이오드)
1064,34010201,(다이오드),수출,PK,파키스탄,67,2025.11,34010201,(다이오드)
290127,34010201,(다이오드),수출,PL,폴란드,1592,2025.11,34010201,(다이오드)
1618,34010201,(다이오드),수출,RO,루마니아,6,2025.11,34010201,(다이오드)
73221,34010201,(다이오드),수출,RS,세르비아,2287,2025.11,34010201,(다이오드)
3765,34010201,(다이오드),수출,SA,사우디아라비아,54,2025.11,34010201,(다이오드)
710086,34010201,(다이오드),수출,SG,싱가포르,1647,2025.11,34010201,(다이오드)
3207,34010201,(다이오드),수출,SK,슬로바키아,25,2025.11,34010201,(다이오드)
1717799,34010201,(다이오드),수출,TH,태국,8410,2025.11,34010201,(다이오드)
112763,34010201,(다이오드),수출,TR,튀르키예,174,2025.11,34010201,(다이오드)
287320,34010201,(다이오드),수출,TW,대만,1086,2025.11,34010201,(다이오드)
874750,34010201,(다이오드),수출,US,미국,3520,2025.11,34010201,(다이오드)
6786768,34010201,(다이오드),수출,VN,베트남,56887,2025.11,34010201,(다이오드)
195,34010201,(다이오드),수출,ZA,남아프리카공화국,4,2025.11,34010201,(다이오드)
12477,34010201,(다이오드),수출,AT,오스트리아,70,2025.12,34010201,(다이오드)
372,34010201,(다이오드),수출,AU,호주,8,2025.12,34010201,(다이오드)
2509,34010201,(다이오드),수출,BE,벨기에,10,2025.12,34010201,(다이오드)
175,34010201,(다이오드),수출,BG,불가리아,0,2025.12,34010201,(다이오드)
218470,34010201,(다이오드),수출,BR,브라질,7243,2025.12,34010201,(다이오드)
481,34010201,(다이오드),수출,CA,캐나다,6,2025.12,34010201,(다이오드)
7641829,34010201,(다이오드),수출,CN,중국,25918,2025.12,34010201,(다이오드)
116932,34010201,(다이오드),수출,CZ,체코공화국,849,2025.12,34010201,(다이오드)
1465562,34010201,(다이오드),수출,DE,독일,2176,2025.12,34010201,(다이오드)
94,34010201,(다이오드),수출,DK,덴마크,1,2025.12,34010201,(다이오드)
17172,34010201,(다이오드),수출,EG,이집트,21,2025.12,34010201,(다이오드)
3360,34010201,(다이오드),수출,ER,에리트리아,114,2025.12,34010201,(다이오드)
4078,34010201,(다이오드),수출,ES,스페인,2,2025.12,34010201,(다이오드)
673,34010201,(다이오드),수출,FR,프랑스,0,2025.12,34010201,(다이오드)
80341,34010201,(다이오드),수출,GB,영국,199,2025.12,34010201,(다이오드)
3265719,34010201,(다이오드),수출,HK,홍콩,5066,2025.12,34010201,(다이오드)
201,34010201,(다이오드),수출,HU,헝가리,2,2025.12,34010201,(다이오드)
120902,34010201,(다이오드),수출,ID,인도네시아,1970,2025.12,34010201,(다이오드)
950933,34010201,(다이오드),수출,IN,인도,7574,2025.12,34010201,(다이오드)
32000,34010201,(다이오드),수출,IQ,이라크,2960,2025.12,34010201,(다이오드)
1932,34010201,(다이오드),수출,IT,이탈리아,7,2025.12,34010201,(다이오드)
1947928,34010201,(다이오드),수출,JP,일본,9645,2025.12,34010201,(다이오드)
7025,34010201,(다이오드),수출,MK,마세도니아,3,2025.12,34010201,(다이오드)
807563,34010201,(다이오드),수출,MX,멕시코,7463,2025.12,34010201,(다이오드)
51385,34010201,(다이오드),수출,MY,말레이시아,1002,2025.12,34010201,(다이오드)
2830,34010201,(다이오드),수출,NL,네덜란드,17,2025.12,34010201,(다이오드)
4800,34010201,(다이오드),수출,PG,파푸아 뉴기니,8,2025.12,34010201,(다이오드)
16978,34010201,(다이오드),수출,PH,필리핀,410,2025.12,34010201,(다이오드)
394175,34010201,(다이오드),수출,PL,폴란드,1270,2025.12,34010201,(다이오드)
1211,34010201,(다이오드),수출,RO,루마니아,5,2025.12,34010201,(다이오드)
28069,34010201,(다이오드),수출,RS,세르비아,1052,2025.12,34010201,(다이오드)
6660,34010201,(다이오드),수출,SA,사우디아라비아,0,2025.12,34010201,(다이오드)
187,34010201,(다이오드),수출,SE,스웨덴,1,2025.12,34010201,(다이오드)
414251,34010201,(다이오드),수출,SG,싱가포르,1764,2025.12,34010201,(다이오드)
151746,34010201,(다이오드),수출,SK,슬로바키아,27,2025.12,34010201,(다이오드)
1714458,34010201,(다이오드),수출,TH,태국,10093,2025.12,34010201,(다이오드)
68661,34010201,(다이오드),수출,TR,튀르키예,117,2025.12,34010201,(다이오드)
313374,34010201,(다이오드),수출,TW,대만,1262,2025.12,34010201,(다이오드)
2067512,34010201,(다이오드),수출,US,미국,4604,2025.12,34010201,(다이오드)
271,34010201,(다이오드),수출,UZ,우즈베키스탄,2,2025.12,34010201,(다이오드)
8485810,34010201,(다이오드),수출,VN,베트남,69992,2025.12,34010201,(다이오드)
1141,34010201,(다이오드),수출,AE,아랍에미리트 연합,40,2026.01,34010201,(다이오드)
233,34010201,(다이오드),수출,AT,오스트리아,5,2026.01,34010201,(다이오드)
223,34010201,(다이오드),수출,AU,호주,15,2026.01,34010201,(다이오드)
467,34010201,(다이오드),수출,BE,벨기에,2,2026.01,34010201,(다이오드)
101853,34010201,(다이오드),수출,BR,브라질,3293,2026.01,34010201,(다이오드)
2570,34010201,(다이오드),수출,CA,캐나다,16,2026.01,34010201,(다이오드)
7040810,34010201,(다이오드),수출,CN,중국,44140,2026.01,34010201,(다이오드)
87994,34010201,(다이오드),수출,CZ,체코공화국,352,2026.01,34010201,(다이오드)
810381,34010201,(다이오드),수출,DE,독일,2496,2026.01,34010201,(다이오드)
12806,34010201,(다이오드),수출,EG,이집트,18,2026.01,34010201,(다이오드)
1154,34010201,(다이오드),수출,ES,스페인,3,2026.01,34010201,(다이오드)
1088,34010201,(다이오드),수출,FR,프랑스,4,2026.01,34010201,(다이오드)
38962,34010201,(다이오드),수출,GB,영국,51,2026.01,34010201,(다이오드)
880365,34010201,(다이오드),수출,HK,홍콩,4150,2026.01,34010201,(다이오드)
679,34010201,(다이오드),수출,HU,헝가리,2,2026.01,34010201,(다이오드)
175059,34010201,(다이오드),수출,ID,인도네시아,2377,2026.01,34010201,(다이오드)
962892,34010201,(다이오드),수출,IN,인도,4762,2026.01,34010201,(다이오드)
1972,34010201,(다이오드),수출,IT,이탈리아,4,2026.01,34010201,(다이오드)
1804582,34010201,(다이오드),수출,JP,일본,7736,2026.01,34010201,(다이오드)
272,34010201,(다이오드),수출,LT,리투아니아,0,2026.01,34010201,(다이오드)
807667,34010201,(다이오드),수출,MX,멕시코,6096,2026.01,34010201,(다이오드)
59805,34010201,(다이오드),수출,MY,말레이시아,531,2026.01,34010201,(다이오드)
360,34010201,(다이오드),수출,NL,네덜란드,0,2026.01,34010201,(다이오드)
63096,34010201,(다이오드),수출,PH,필리핀,139,2026.01,34010201,(다이오드)
472221,34010201,(다이오드),수출,PL,폴란드,1917,2026.01,34010201,(다이오드)
507,34010201,(다이오드),수출,RO,루마니아,2,2026.01,34010201,(다이오드)
12486,34010201,(다이오드),수출,RS,세르비아,1173,2026.01,34010201,(다이오드)
46,34010201,(다이오드),수출,SE,스웨덴,0,2026.01,34010201,(다이오드)
504743,34010201,(다이오드),수출,SG,싱가포르,2086,2026.01,34010201,(다이오드)
5668,34010201,(다이오드),수출,SK,슬로바키아,243,2026.01,34010201,(다이오드)
2371745,34010201,(다이오드),수출,TH,태국,12392,2026.01,34010201,(다이오드)
30306,34010201,(다이오드),수출,TR,튀르키예,70,2026.01,34010201,(다이오드)
325412,34010201,(다이오드),수출,TW,대만,1445,2026.01,34010201,(다이오드)
801944,34010201,(다이오드),수출,US,미국,3917,2026.01,34010201,(다이오드)
7723494,34010201,(다이오드),수출,VN,베트남,53285,2026.01,34010201,(다이오드)
195,34010201,(다이오드),수출,ZA,남아프리카공화국,6,2026.01,34010201,(다이오드)
1105,34010201,(다이오드),수출,AE,아랍에미리트 연합,22,2026.02,34010201,(다이오드)
2192,34010201,(다이오드),수출,AT,오스트리아,2,2026.02,34010201,(다이오드)
1217,34010201,(다이오드),수출,AU,호주,16,2026.02,34010201,(다이오드)
750,34010201,(다이오드),수출,BE,벨기에,2,2026.02,34010201,(다이오드)
271,34010201,(다이오드),수출,BG,불가리아,0,2026.02,34010201,(다이오드)
88106,34010201,(다이오드),수출,BR,브라질,1303,2026.02,34010201,(다이오드)
614,34010201,(다이오드),수출,CA,캐나다,3,2026.02,34010201,(다이오드)
5,34010201,(다이오드),수출,CL,칠레,0,2026.02,34010201,(다이오드)
5601988,34010201,(다이오드),수출,CN,중국,21319,2026.02,34010201,(다이오드)
113254,34010201,(다이오드),수출,CZ,체코공화국,864,2026.02,34010201,(다이오드)
785412,34010201,(다이오드),수출,DE,독일,1753,2026.02,34010201,(다이오드)
6328,34010201,(다이오드),수출,EG,이집트,8,2026.02,34010201,(다이오드)
7314,34010201,(다이오드),수출,ES,스페인,4,2026.02,34010201,(다이오드)
2367,34010201,(다이오드),수출,FR,프랑스,7,2026.02,34010201,(다이오드)
40446,34010201,(다이오드),수출,GB,영국,85,2026.02,34010201,(다이오드)
575160,34010201,(다이오드),수출,HK,홍콩,1975,2026.02,34010201,(다이오드)
282,34010201,(다이오드),수출,HU,헝가리,3,2026.02,34010201,(다이오드)
171955,34010201,(다이오드),수출,ID,인도네시아,3599,2026.02,34010201,(다이오드)
834601,34010201,(다이오드),수출,IN,인도,5546,2026.02,34010201,(다이오드)
2543,34010201,(다이오드),수출,IT,이탈리아,5,2026.02,34010201,(다이오드)
1788540,34010201,(다이오드),수출,JP,일본,8227,2026.02,34010201,(다이오드)
2341,34010201,(다이오드),수출,LT,리투아니아,11,2026.02,34010201,(다이오드)
7101,34010201,(다이오드),수출,MK,마세도니아,2,2026.02,34010201,(다이오드)
891087,34010201,(다이오드),수출,MX,멕시코,7273,2026.02,34010201,(다이오드)
47998,34010201,(다이오드),수출,MY,말레이시아,527,2026.02,34010201,(다이오드)
358,34010201,(다이오드),수출,NL,네덜란드,1,2026.02,34010201,(다이오드)
21433,34010201,(다이오드),수출,OM,오만,6,2026.02,34010201,(다이오드)
1092,34010201,(다이오드),수출,PG,파푸아 뉴기니,36,2026.02,34010201,(다이오드)
137279,34010201,(다이오드),수출,PH,필리핀,107,2026.02,34010201,(다이오드)
500711,34010201,(다이오드),수출,PL,폴란드,1459,2026.02,34010201,(다이오드)
240,34010201,(다이오드),수출,RO,루마니아,2,2026.02,34010201,(다이오드)
45232,34010201,(다이오드),수출,RS,세르비아,621,2026.02,34010201,(다이오드)
47,34010201,(다이오드),수출,SE,스웨덴,1,2026.02,34010201,(다이오드)
456726,34010201,(다이오드),수출,SG,싱가포르,2207,2026.02,34010201,(다이오드)
9704,34010201,(다이오드),수출,SK,슬로바키아,199,2026.02,34010201,(다이오드)
1671557,34010201,(다이오드),수출,TH,태국,7072,2026.02,34010201,(다이오드)
103896,34010201,(다이오드),수출,TR,튀르키예,114,2026.02,34010201,(다이오드)
262788,34010201,(다이오드),수출,TW,대만,1533,2026.02,34010201,(다이오드)
827704,34010201,(다이오드),수출,US,미국,4166,2026.02,34010201,(다이오드)
69,34010201,(다이오드),수출,UZ,우즈베키스탄,1,2026.02,34010201,(다이오드)
6996992,34010201,(다이오드),수출,VN,베트남,55106,2026.02,34010201,(다이오드)
2600,34010201,(다이오드),수출,ZA,남아프리카공화국,122,2026.02,34010201,(다이오드)
2989,34010201,(다이오드),수출,AE,아랍에미리트 연합,39,2026.03,34010201,(다이오드)
2078,34010201,(다이오드),수출,AU,호주,9,2026.03,34010201,(다이오드)
899,34010201,(다이오드),수출,BD,방글라데시,1,2026.03,34010201,(다이오드)
458,34010201,(다이오드),수출,BE,벨기에,2,2026.03,34010201,(다이오드)
93543,34010201,(다이오드),수출,BR,브라질,1024,2026.03,34010201,(다이오드)
2014,34010201,(다이오드),수출,CA,캐나다,64,2026.03,34010201,(다이오드)
400,34010201,(다이오드),수출,CL,칠레,0,2026.03,34010201,(다이오드)
6031325,34010201,(다이오드),수출,CN,중국,26689,2026.03,34010201,(다이오드)
92571,34010201,(다이오드),수출,CZ,체코공화국,585,2026.03,34010201,(다이오드)
985552,34010201,(다이오드),수출,DE,독일,2381,2026.03,34010201,(다이오드)
12650,34010201,(다이오드),수출,EG,이집트,30,2026.03,34010201,(다이오드)
10027,34010201,(다이오드),수출,ES,스페인,3,2026.03,34010201,(다이오드)
223,34010201,(다이오드),수출,FR,프랑스,2,2026.03,34010201,(다이오드)
89308,34010201,(다이오드),수출,GB,영국,224,2026.03,34010201,(다이오드)
12,34010201,(다이오드),수출,GU,괌,0,2026.03,34010201,(다이오드)
985280,34010201,(다이오드),수출,HK,홍콩,4172,2026.03,34010201,(다이오드)
234,34010201,(다이오드),수출,HU,헝가리,1,2026.03,34010201,(다이오드)
175967,34010201,(다이오드),수출,ID,인도네시아,3307,2026.03,34010201,(다이오드)
957767,34010201,(다이오드),수출,IN,인도,7296,2026.03,34010201,(다이오드)
1341,34010201,(다이오드),수출,IT,이탈리아,7,2026.03,34010201,(다이오드)
1822723,34010201,(다이오드),수출,JP,일본,7575,2026.03,34010201,(다이오드)
59,34010201,(다이오드),수출,LT,리투아니아,0,2026.03,34010201,(다이오드)
26071,34010201,(다이오드),수출,MC,모나코,64,2026.03,34010201,(다이오드)
9374,34010201,(다이오드),수출,MK,마세도니아,4,2026.03,34010201,(다이오드)
1083709,34010201,(다이오드),수출,MX,멕시코,5376,2026.03,34010201,(다이오드)
112453,34010201,(다이오드),수출,MY,말레이시아,343,2026.03,34010201,(다이오드)
5347,34010201,(다이오드),수출,NL,네덜란드,5,2026.03,34010201,(다이오드)
12,34010201,(다이오드),수출,NZ,뉴질랜드,0,2026.03,34010201,(다이오드)
218,34010201,(다이오드),수출,PA,파나마,1,2026.03,34010201,(다이오드)
118104,34010201,(다이오드),수출,PH,필리핀,1260,2026.03,34010201,(다이오드)
395596,34010201,(다이오드),수출,PL,폴란드,1290,2026.03,34010201,(다이오드)
3939,34010201,(다이오드),수출,RO,루마니아,16,2026.03,34010201,(다이오드)
17917,34010201,(다이오드),수출,RS,세르비아,817,2026.03,34010201,(다이오드)
50,34010201,(다이오드),수출,SA,사우디아라비아,0,2026.03,34010201,(다이오드)
13849,34010201,(다이오드),수출,SE,스웨덴,0,2026.03,34010201,(다이오드)
525365,34010201,(다이오드),수출,SG,싱가포르,1889,2026.03,34010201,(다이오드)
5519,34010201,(다이오드),수출,SK,슬로바키아,28,2026.03,34010201,(다이오드)
1766476,34010201,(다이오드),수출,TH,태국,8859,2026.03,34010201,(다이오드)
76735,34010201,(다이오드),수출,TR,튀르키예,115,2026.03,34010201,(다이오드)
309938,34010201,(다이오드),수출,TW,대만,1209,2026.03,34010201,(다이오드)
1322163,34010201,(다이오드),수출,US,미국,5446,2026.03,34010201,(다이오드)
692,34010201,(다이오드),수출,UZ,우즈베키스탄,3,2026.03,34010201,(다이오드)
8155626,34010201,(다이오드),수출,VN,베트남,71065,2026.03,34010201,(다이오드)
1072,34010201,(다이오드),수출,ZA,남아프리카공화국,30,2026.03,34010201,(다이오드)
25,34010201,(다이오드),수출,AE,아랍에미리트 연합,0,2026.04,34010201,(다이오드)
662,34010201,(다이오드),수출,AU,호주,21,2026.04,34010201,(다이오드)
1200,34010201,(다이오드),수출,BD,방글라데시,2,2026.04,34010201,(다이오드)
2061,34010201,(다이오드),수출,BE,벨기에,0,2026.04,34010201,(다이오드)
207,34010201,(다이오드),수출,BG,불가리아,0,2026.04,34010201,(다이오드)
92594,34010201,(다이오드),수출,BR,브라질,1598,2026.04,34010201,(다이오드)
8638,34010201,(다이오드),수출,CA,캐나다,105,2026.04,34010201,(다이오드)
6344726,34010201,(다이오드),수출,CN,중국,36946,2026.04,34010201,(다이오드)
120696,34010201,(다이오드),수출,CZ,체코공화국,483,2026.04,34010201,(다이오드)
888629,34010201,(다이오드),수출,DE,독일,2135,2026.04,34010201,(다이오드)
5065,34010201,(다이오드),수출,EG,이집트,80,2026.04,34010201,(다이오드)
1196,34010201,(다이오드),수출,ES,스페인,16,2026.04,34010201,(다이오드)
2631,34010201,(다이오드),수출,FR,프랑스,5,2026.04,34010201,(다이오드)
19843,34010201,(다이오드),수출,GB,영국,40,2026.04,34010201,(다이오드)
926470,34010201,(다이오드),수출,HK,홍콩,3868,2026.04,34010201,(다이오드)
8650,34010201,(다이오드),수출,HU,헝가리,25,2026.04,34010201,(다이오드)
229569,34010201,(다이오드),수출,ID,인도네시아,3485,2026.04,34010201,(다이오드)
16894,34010201,(다이오드),수출,IE,아일랜드,120,2026.04,34010201,(다이오드)
1029121,34010201,(다이오드),수출,IN,인도,5773,2026.04,34010201,(다이오드)
1390,34010201,(다이오드),수출,IT,이탈리아,3,2026.04,34010201,(다이오드)
2006143,34010201,(다이오드),수출,JP,일본,9756,2026.04,34010201,(다이오드)
155,34010201,(다이오드),수출,KI,키리바티,0,2026.04,34010201,(다이오드)
13448,34010201,(다이오드),수출,MC,모나코,23,2026.04,34010201,(다이오드)
4941,34010201,(다이오드),수출,MK,마세도니아,2,2026.04,34010201,(다이오드)
986639,34010201,(다이오드),수출,MX,멕시코,7428,2026.04,34010201,(다이오드)
162571,34010201,(다이오드),수출,MY,말레이시아,846,2026.04,34010201,(다이오드)
39,34010201,(다이오드),수출,NL,네덜란드,1,2026.04,34010201,(다이오드)
1,34010201,(다이오드),수출,PA,파나마,0,2026.04,34010201,(다이오드)
7,34010201,(다이오드),수출,PE,페루,0,2026.04,34010201,(다이오드)
113297,34010201,(다이오드),수출,PH,필리핀,568,2026.04,34010201,(다이오드)
458263,34010201,(다이오드),수출,PL,폴란드,1579,2026.04,34010201,(다이오드)
2179,34010201,(다이오드),수출,RO,루마니아,9,2026.04,34010201,(다이오드)
10290,34010201,(다이오드),수출,RS,세르비아,284,2026.04,34010201,(다이오드)
532198,34010201,(다이오드),수출,SG,싱가포르,2488,2026.04,34010201,(다이오드)
3086,34010201,(다이오드),수출,SK,슬로바키아,107,2026.04,34010201,(다이오드)
1803911,34010201,(다이오드),수출,TH,태국,6918,2026.04,34010201,(다이오드)
46421,34010201,(다이오드),수출,TR,튀르키예,75,2026.04,34010201,(다이오드)
252511,34010201,(다이오드),수출,TW,대만,869,2026.04,34010201,(다이오드)
942113,34010201,(다이오드),수출,US,미국,3406,2026.04,34010201,(다이오드)
7862385,34010201,(다이오드),수출,VN,베트남,59960,2026.04,34010201,(다이오드)
2057,34010201,(다이오드),수출,ZA,남아프리카공화국,15,2026.04,34010201,(다이오드)
6090,34010201,(다이오드),수출,AT,오스트리아,31,2026.05,34010201,(다이오드)
1851,34010201,(다이오드),수출,AU,호주,6,2026.05,34010201,(다이오드)
1791,34010201,(다이오드),수출,BD,방글라데시,3,2026.05,34010201,(다이오드)
25,34010201,(다이오드),수출,BE,벨기에,0,2026.05,34010201,(다이오드)
79,34010201,(다이오드),수출,BG,불가리아,0,2026.05,34010201,(다이오드)
114897,34010201,(다이오드),수출,BR,브라질,2193,2026.05,34010201,(다이오드)
7078,34010201,(다이오드),수출,CA,캐나다,42,2026.05,34010201,(다이오드)
6175503,34010201,(다이오드),수출,CN,중국,23900,2026.05,34010201,(다이오드)
182301,34010201,(다이오드),수출,CZ,체코공화국,390,2026.05,34010201,(다이오드)
902867,34010201,(다이오드),수출,DE,독일,2607,2026.05,34010201,(다이오드)
10006,34010201,(다이오드),수출,EG,이집트,27,2026.05,34010201,(다이오드)
5849,34010201,(다이오드),수출,ES,스페인,3,2026.05,34010201,(다이오드)
6980,34010201,(다이오드),수출,FR,프랑스,24,2026.05,34010201,(다이오드)
52729,34010201,(다이오드),수출,GB,영국,121,2026.05,34010201,(다이오드)
1814,34010201,(다이오드),수출,GI,지브랄타,2,2026.05,34010201,(다이오드)
777596,34010201,(다이오드),수출,HK,홍콩,2738,2026.05,34010201,(다이오드)
792,34010201,(다이오드),수출,HU,헝가리,4,2026.05,34010201,(다이오드)
176086,34010201,(다이오드),수출,ID,인도네시아,2263,2026.05,34010201,(다이오드)
980035,34010201,(다이오드),수출,IN,인도,6832,2026.05,34010201,(다이오드)
2686,34010201,(다이오드),수출,IT,이탈리아,4,2026.05,34010201,(다이오드)
1985141,34010201,(다이오드),수출,JP,일본,9603,2026.05,34010201,(다이오드)
4536,34010201,(다이오드),수출,MK,마세도니아,2,2026.05,34010201,(다이오드)
937731,34010201,(다이오드),수출,MX,멕시코,3045,2026.05,34010201,(다이오드)
175942,34010201,(다이오드),수출,MY,말레이시아,490,2026.05,34010201,(다이오드)
2250,34010201,(다이오드),수출,NL,네덜란드,1,2026.05,34010201,(다이오드)
416,34010201,(다이오드),수출,OM,오만,1,2026.05,34010201,(다이오드)
176062,34010201,(다이오드),수출,PH,필리핀,265,2026.05,34010201,(다이오드)
528029,34010201,(다이오드),수출,PL,폴란드,2006,2026.05,34010201,(다이오드)
9409,34010201,(다이오드),수출,RS,세르비아,192,2026.05,34010201,(다이오드)
11096,34010201,(다이오드),수출,SE,스웨덴,23,2026.05,34010201,(다이오드)
480802,34010201,(다이오드),수출,SG,싱가포르,2310,2026.05,34010201,(다이오드)
2142,34010201,(다이오드),수출,SK,슬로바키아,14,2026.05,34010201,(다이오드)
1923544,34010201,(다이오드),수출,TH,태국,6669,2026.05,34010201,(다이오드)
176473,34010201,(다이오드),수출,TR,튀르키예,248,2026.05,34010201,(다이오드)
271486,34010201,(다이오드),수출,TW,대만,1229,2026.05,34010201,(다이오드)
1334650,34010201,(다이오드),수출,US,미국,5674,2026.05,34010201,(다이오드)
8428918,34010201,(다이오드),수출,VN,베트남,56556,2026.05,34010201,(다이오드)
720,34010201,(다이오드),수출,ZA,남아프리카공화국,4,2026.05,34010201,(다이오드)
46,34010201,(다이오드),수출,AE,아랍에미리트 연합,0,2026.06,34010201,(다이오드)
15942,34010201,(다이오드),수출,AT,오스트리아,76,2026.06,34010201,(다이오드)
1829,34010201,(다이오드),수출,AU,호주,1,2026.06,34010201,(다이오드)
3282,34010201,(다이오드),수출,BD,방글라데시,6,2026.06,34010201,(다이오드)
2549,34010201,(다이오드),수출,BE,벨기에,7,2026.06,34010201,(다이오드)
79,34010201,(다이오드),수출,BG,불가리아,0,2026.06,34010201,(다이오드)
181902,34010201,(다이오드),수출,BR,브라질,4605,2026.06,34010201,(다이오드)
3112,34010201,(다이오드),수출,CA,캐나다,37,2026.06,34010201,(다이오드)
2000,34010201,(다이오드),수출,CH,스위스,1,2026.06,34010201,(다이오드)
6080223,34010201,(다이오드),수출,CN,중국,30629,2026.06,34010201,(다이오드)
112767,34010201,(다이오드),수출,CZ,체코공화국,179,2026.06,34010201,(다이오드)
1170018,34010201,(다이오드),수출,DE,독일,3193,2026.06,34010201,(다이오드)
56251,34010201,(다이오드),수출,EC,에쿠아도르,410,2026.06,34010201,(다이오드)
12790,34010201,(다이오드),수출,EG,이집트,26,2026.06,34010201,(다이오드)
11385,34010201,(다이오드),수출,ES,스페인,3,2026.06,34010201,(다이오드)
7400,34010201,(다이오드),수출,FR,프랑스,1,2026.06,34010201,(다이오드)
74745,34010201,(다이오드),수출,GB,영국,108,2026.06,34010201,(다이오드)
1033112,34010201,(다이오드),수출,HK,홍콩,3259,2026.06,34010201,(다이오드)
238,34010201,(다이오드),수출,HU,헝가리,1,2026.06,34010201,(다이오드)
135990,34010201,(다이오드),수출,ID,인도네시아,2739,2026.06,34010201,(다이오드)
944340,34010201,(다이오드),수출,IN,인도,7179,2026.06,34010201,(다이오드)
5541,34010201,(다이오드),수출,IT,이탈리아,20,2026.06,34010201,(다이오드)
2277352,34010201,(다이오드),수출,JP,일본,9498,2026.06,34010201,(다이오드)
659,34010201,(다이오드),수출,LT,리투아니아,1,2026.06,34010201,(다이오드)
1920,34010201,(다이오드),수출,LU,룩셈부르그,18,2026.06,34010201,(다이오드)
6140,34010201,(다이오드),수출,MK,마세도니아,3,2026.06,34010201,(다이오드)
1522074,34010201,(다이오드),수출,MX,멕시코,6091,2026.06,34010201,(다이오드)
183123,34010201,(다이오드),수출,MY,말레이시아,483,2026.06,34010201,(다이오드)
2950,34010201,(다이오드),수출,NL,네덜란드,1,2026.06,34010201,(다이오드)
44,34010201,(다이오드),수출,PE,페루,0,2026.06,34010201,(다이오드)
62780,34010201,(다이오드),수출,PH,필리핀,105,2026.06,34010201,(다이오드)
648794,34010201,(다이오드),수출,PL,폴란드,2342,2026.06,34010201,(다이오드)
623,34010201,(다이오드),수출,QA,카타르,3,2026.06,34010201,(다이오드)
79,34010201,(다이오드),수출,RO,루마니아,1,2026.06,34010201,(다이오드)
34942,34010201,(다이오드),수출,RS,세르비아,514,2026.06,34010201,(다이오드)
5,34010201,(다이오드),수출,SA,사우디아라비아,10,2026.06,34010201,(다이오드)
2260,34010201,(다이오드),수출,SE,스웨덴,0,2026.06,34010201,(다이오드)
368936,34010201,(다이오드),수출,SG,싱가포르,1526,2026.06,34010201,(다이오드)
2132,34010201,(다이오드),수출,SK,슬로바키아,79,2026.06,34010201,(다이오드)
2272099,34010201,(다이오드),수출,TH,태국,6333,2026.06,34010201,(다이오드)
104951,34010201,(다이오드),수출,TR,튀르키예,107,2026.06,34010201,(다이오드)
249705,34010201,(다이오드),수출,TW,대만,694,2026.06,34010201,(다이오드)
1142026,34010201,(다이오드),수출,US,미국,4977,2026.06,34010201,(다이오드)
8164825,34010201,(다이오드),수출,VN,베트남,70373,2026.06,34010201,(다이오드)
1207,34010201,(다이오드),수출,ZA,남아프리카공화국,10,2026.06,34010201,(다이오드)
1121,34010201,(다이오드),수출,AU,호주,11,2026.07,34010201,(다이오드)
299,34010201,(다이오드),수출,BD,방글라데시,0,2026.07,34010201,(다이오드)
1039,34010201,(다이오드),수출,BE,벨기에,2,2026.07,34010201,(다이오드)
127,34010201,(다이오드),수출,BG,불가리아,0,2026.07,34010201,(다이오드)
129430,34010201,(다이오드),수출,BR,브라질,1684,2026.07,34010201,(다이오드)
3674,34010201,(다이오드),수출,CA,캐나다,39,2026.07,34010201,(다이오드)
186,34010201,(다이오드),수출,CI,코트디봐르,10,2026.07,34010201,(다이오드)
6702566,34010201,(다이오드),수출,CN,중국,29422,2026.07,34010201,(다이오드)
178639,34010201,(다이오드),수출,CZ,체코공화국,751,2026.07,34010201,(다이오드)
1281486,34010201,(다이오드),수출,DE,독일,3190,2026.07,34010201,(다이오드)
180,34010201,(다이오드),수출,DK,덴마크,0,2026.07,34010201,(다이오드)
11366,34010201,(다이오드),수출,EG,이집트,69,2026.07,34010201,(다이오드)
285,34010201,(다이오드),수출,FR,프랑스,2,2026.07,34010201,(다이오드)
94468,34010201,(다이오드),수출,GB,영국,186,2026.07,34010201,(다이오드)
1360509,34010201,(다이오드),수출,HK,홍콩,4218,2026.07,34010201,(다이오드)
140,34010201,(다이오드),수출,HU,헝가리,0,2026.07,34010201,(다이오드)
192176,34010201,(다이오드),수출,ID,인도네시아,2474,2026.07,34010201,(다이오드)
1008308,34010201,(다이오드),수출,IN,인도,9536,2026.07,34010201,(다이오드)
3161,34010201,(다이오드),수출,IR,이란,113,2026.07,34010201,(다이오드)
5356,34010201,(다이오드),수출,IT,이탈리아,11,2026.07,34010201,(다이오드)
2352637,34010201,(다이오드),수출,JP,일본,9721,2026.07,34010201,(다이오드)
7720,34010201,(다이오드),수출,MK,마세도니아,3,2026.07,34010201,(다이오드)
1256624,34010201,(다이오드),수출,MX,멕시코,4370,2026.07,34010201,(다이오드)
198402,34010201,(다이오드),수출,MY,말레이시아,309,2026.07,34010201,(다이오드)
0,34010201,(다이오드),수출,NL,네덜란드,0,2026.07,34010201,(다이오드)
653,34010201,(다이오드),수출,OM,오만,5,2026.07,34010201,(다이오드)
0,34010201,(다이오드),수출,PA,파나마,0,2026.07,34010201,(다이오드)
164167,34010201,(다이오드),수출,PH,필리핀,537,2026.07,34010201,(다이오드)
526495,34010201,(다이오드),수출,PL,폴란드,1662,2026.07,34010201,(다이오드)
26656,34010201,(다이오드),수출,RS,세르비아,1211,2026.07,34010201,(다이오드)
390,34010201,(다이오드),수출,SD,수단,1,2026.07,34010201,(다이오드)
4,34010201,(다이오드),수출,SE,스웨덴,0,2026.07,34010201,(다이오드)
336809,34010201,(다이오드),수출,SG,싱가포르,1304,2026.07,34010201,(다이오드)
2286,34010201,(다이오드),수출,SK,슬로바키아,76,2026.07,34010201,(다이오드)
1229,34010201,(다이오드),수출,SX,세인트마틴(생마르탱),659,2026.07,34010201,(다이오드)
2137040,34010201,(다이오드),수출,TH,태국,7367,2026.07,34010201,(다이오드)
107002,34010201,(다이오드),수출,TR,튀르키예,174,2026.07,34010201,(다이오드)
313715,34010201,(다이오드),수출,TW,대만,1113,2026.07,34010201,(다이오드)
1382006,34010201,(다이오드),수출,US,미국,4430,2026.07,34010201,(다이오드)
8637008,34010201,(다이오드),수출,VN,베트남,69666,2026.07,34010201,(다이오드)
9,34010201,(다이오드),수출,ZA,남아프리카공화국,0,2026.07,34010201,(다이오드)
59,34010201,(다이오드),수출,AE,아랍에미리트 연합,1,2026.08,34010201,(다이오드)
20,34010201,(다이오드),수출,AT,오스트리아,0,2026.08,34010201,(다이오드)
575,34010201,(다이오드),수출,AU,호주,22,2026.08,34010201,(다이오드)
599,34010201,(다이오드),수출,BD,방글라데시,0,2026.08,34010201,(다이오드)
1615,34010201,(다이오드),수출,BE,벨기에,0,2026.08,34010201,(다이오드)
95565,34010201,(다이오드),수출,BR,브라질,812,2026.08,34010201,(다이오드)
39,34010201,(다이오드),수출,CA,캐나다,0,2026.08,34010201,(다이오드)
7443831,34010201,(다이오드),수출,CN,중국,33360,2026.08,34010201,(다이오드)
85367,34010201,(다이오드),수출,CZ,체코공화국,221,2026.08,34010201,(다이오드)
1010454,34010201,(다이오드),수출,DE,독일,2764,2026.08,34010201,(다이오드)
231,34010201,(다이오드),수출,DK,덴마크,2,2026.08,34010201,(다이오드)
7369,34010201,(다이오드),수출,EG,이집트,21,2026.08,34010201,(다이오드)
7898,34010201,(다이오드),수출,ES,스페인,4,2026.08,34010201,(다이오드)
4928,34010201,(다이오드),수출,FR,프랑스,9,2026.08,34010201,(다이오드)
64154,34010201,(다이오드),수출,GB,영국,226,2026.08,34010201,(다이오드)
912505,34010201,(다이오드),수출,HK,홍콩,2454,2026.08,34010201,(다이오드)
1812,34010201,(다이오드),수출,HU,헝가리,7,2026.08,34010201,(다이오드)
94653,34010201,(다이오드),수출,ID,인도네시아,1243,2026.08,34010201,(다이오드)
7743,34010201,(다이오드),수출,IE,아일랜드,15,2026.08,34010201,(다이오드)
1113593,34010201,(다이오드),수출,IN,인도,9095,2026.08,34010201,(다이오드)
2483,34010201,(다이오드),수출,IT,이탈리아,4,2026.08,34010201,(다이오드)
1783966,34010201,(다이오드),수출,JP,일본,7210,2026.08,34010201,(다이오드)
9306,34010201,(다이오드),수출,LU,룩셈부르그,1,2026.08,34010201,(다이오드)
2622,34010201,(다이오드),수출,MK,마세도니아,1,2026.08,34010201,(다이오드)
1426212,34010201,(다이오드),수출,MX,멕시코,5134,2026.08,34010201,(다이오드)
71894,34010201,(다이오드),수출,MY,말레이시아,510,2026.08,34010201,(다이오드)
0,34010201,(다이오드),수출,NL,네덜란드,0,2026.08,34010201,(다이오드)
40,34010201,(다이오드),수출,NZ,뉴질랜드,0,2026.08,34010201,(다이오드)
7,34010201,(다이오드),수출,OM,오만,0,2026.08,34010201,(다이오드)
63570,34010201,(다이오드),수출,PH,필리핀,251,2026.08,34010201,(다이오드)
466468,34010201,(다이오드),수출,PL,폴란드,1753,2026.08,34010201,(다이오드)
11067,34010201,(다이오드),수출,RO,루마니아,13,2026.08,34010201,(다이오드)
24414,34010201,(다이오드),수출,RS,세르비아,800,2026.08,34010201,(다이오드)
39,34010201,(다이오드),수출,SE,스웨덴,0,2026.08,34010201,(다이오드)
328866,34010201,(다이오드),수출,SG,싱가포르,2177,2026.08,34010201,(다이오드)
2156742,34010201,(다이오드),수출,TH,태국,5931,2026.08,34010201,(다이오드)
44583,34010201,(다이오드),수출,TR,튀르키예,47,2026.08,34010201,(다이오드)
200938,34010201,(다이오드),수출,TW,대만,561,2026.08,34010201,(다이오드)
887053,34010201,(다이오드),수출,US,미국,5372,2026.08,34010201,(다이오드)
7354896,34010201,(다이오드),수출,VN,베트남,43168,2026.08,34010201,(다이오드)
692,34010201,(다이오드),수출,ZA,남아프리카공화국,4,2026.08,34010201,(다이오드)
1850,34010202,(트랜지스터),수출,AE,아랍에미리트 연합,19,2025.09,34010202,(트랜지스터)
4590,34010202,(트랜지스터),수출,AT,오스트리아,1,2025.09,34010202,(트랜지스터)
30,34010202,(트랜지스터),수출,AU,호주,1,2025.09,34010202,(트랜지스터)
30284,34010202,(트랜지스터),수출,BE,벨기에,3,2025.09,34010202,(트랜지스터)
316309,34010202,(트랜지스터),수출,BR,브라질,2714,2025.09,34010202,(트랜지스터)
55,34010202,(트랜지스터),수출,CA,캐나다,1,2025.09,34010202,(트랜지스터)
30418812,34010202,(트랜지스터),수출,CN,중국,34182,2025.09,34010202,(트랜지스터)
293,34010202,(트랜지스터),수출,CO,콜롬비아,4,2025.09,34010202,(트랜지스터)
150374,34010202,(트랜지스터),수출,CZ,체코공화국,370,2025.09,34010202,(트랜지스터)
211903,34010202,(트랜지스터),수출,DE,독일,571,2025.09,34010202,(트랜지스터)
7240,34010202,(트랜지스터),수출,EG,이집트,8,2025.09,34010202,(트랜지스터)
432,34010202,(트랜지스터),수출,ES,스페인,3,2025.09,34010202,(트랜지스터)
426,34010202,(트랜지스터),수출,GB,영국,4,2025.09,34010202,(트랜지스터)
7302664,34010202,(트랜지스터),수출,HK,홍콩,26036,2025.09,34010202,(트랜지스터)
85,34010202,(트랜지스터),수출,HU,헝가리,3,2025.09,34010202,(트랜지스터)
178634,34010202,(트랜지스터),수출,ID,인도네시아,954,2025.09,34010202,(트랜지스터)
109,34010202,(트랜지스터),수출,IL,이스라엘,3,2025.09,34010202,(트랜지스터)
1308913,34010202,(트랜지스터),수출,IN,인도,4906,2025.09,34010202,(트랜지스터)
119,34010202,(트랜지스터),수출,IT,이탈리아,1,2025.09,34010202,(트랜지스터)
16159244,34010202,(트랜지스터),수출,JP,일본,8351,2025.09,34010202,(트랜지스터)
130,34010202,(트랜지스터),수출,KZ,카자흐스탄,1,2025.09,34010202,(트랜지스터)
39,34010202,(트랜지스터),수출,MO,마카오,0,2025.09,34010202,(트랜지스터)
1332256,34010202,(트랜지스터),수출,MX,멕시코,10593,2025.09,34010202,(트랜지스터)
2326362,34010202,(트랜지스터),수출,MY,말레이시아,555,2025.09,34010202,(트랜지스터)
7354,34010202,(트랜지스터),수출,NL,네덜란드,250,2025.09,34010202,(트랜지스터)
41907296,34010202,(트랜지스터),수출,PH,필리핀,2885,2025.09,34010202,(트랜지스터)
992208,34010202,(트랜지스터),수출,PL,폴란드,1080,2025.09,34010202,(트랜지스터)
115035,34010202,(트랜지스터),수출,RS,세르비아,1232,2025.09,34010202,(트랜지스터)
84,34010202,(트랜지스터),수출,SE,스웨덴,1,2025.09,34010202,(트랜지스터)
1345425,34010202,(트랜지스터),수출,SG,싱가포르,7382,2025.09,34010202,(트랜지스터)
215275,34010202,(트랜지스터),수출,SK,슬로바키아,1221,2025.09,34010202,(트랜지스터)
4894607,34010202,(트랜지스터),수출,TH,태국,6285,2025.09,34010202,(트랜지스터)
33,34010202,(트랜지스터),수출,TJ,타지크,1,2025.09,34010202,(트랜지스터)
18201,34010202,(트랜지스터),수출,TR,튀르키예,234,2025.09,34010202,(트랜지스터)
1244590,34010202,(트랜지스터),수출,TW,대만,1625,2025.09,34010202,(트랜지스터)
1644838,34010202,(트랜지스터),수출,US,미국,2762,2025.09,34010202,(트랜지스터)
36850174,34010202,(트랜지스터),수출,VN,베트남,30231,2025.09,34010202,(트랜지스터)
453,34010202,(트랜지스터),수출,ZA,남아프리카공화국,2,2025.09,34010202,(트랜지스터)
1056,34010202,(트랜지스터),수출,AE,아랍에미리트 연합,14,2025.10,34010202,(트랜지스터)
45,34010202,(트랜지스터),수출,AR,아르헨티나,0,2025.10,34010202,(트랜지스터)
7746,34010202,(트랜지스터),수출,AT,오스트리아,16,2025.10,34010202,(트랜지스터)
271,34010202,(트랜지스터),수출,AU,호주,3,2025.10,34010202,(트랜지스터)
14424,34010202,(트랜지스터),수출,BE,벨기에,3,2025.10,34010202,(트랜지스터)
110665,34010202,(트랜지스터),수출,BR,브라질,1102,2025.10,34010202,(트랜지스터)
3675,34010202,(트랜지스터),수출,CA,캐나다,12,2025.10,34010202,(트랜지스터)
36724244,34010202,(트랜지스터),수출,CN,중국,26163,2025.10,34010202,(트랜지스터)
160993,34010202,(트랜지스터),수출,CZ,체코공화국,224,2025.10,34010202,(트랜지스터)
403634,34010202,(트랜지스터),수출,DE,독일,1193,2025.10,34010202,(트랜지스터)
1892,34010202,(트랜지스터),수출,EG,이집트,10,2025.10,34010202,(트랜지스터)
69,34010202,(트랜지스터),수출,ES,스페인,1,2025.10,34010202,(트랜지스터)
7627,34010202,(트랜지스터),수출,FR,프랑스,32,2025.10,34010202,(트랜지스터)
840,34010202,(트랜지스터),수출,GB,영국,2,2025.10,34010202,(트랜지스터)
5320620,34010202,(트랜지스터),수출,HK,홍콩,20685,2025.10,34010202,(트랜지스터)
418,34010202,(트랜지스터),수출,HU,헝가리,15,2025.10,34010202,(트랜지스터)
97442,34010202,(트랜지스터),수출,ID,인도네시아,1231,2025.10,34010202,(트랜지스터)
49,34010202,(트랜지스터),수출,IL,이스라엘,0,2025.10,34010202,(트랜지스터)
960945,34010202,(트랜지스터),수출,IN,인도,3740,2025.10,34010202,(트랜지스터)
102,34010202,(트랜지스터),수출,IT,이탈리아,1,2025.10,34010202,(트랜지스터)
18249507,34010202,(트랜지스터),수출,JP,일본,9709,2025.10,34010202,(트랜지스터)
820335,34010202,(트랜지스터),수출,MX,멕시코,2216,2025.10,34010202,(트랜지스터)
2477536,34010202,(트랜지스터),수출,MY,말레이시아,614,2025.10,34010202,(트랜지스터)
23,34010202,(트랜지스터),수출,PE,페루,0,2025.10,34010202,(트랜지스터)
28169390,34010202,(트랜지스터),수출,PH,필리핀,2809,2025.10,34010202,(트랜지스터)
514749,34010202,(트랜지스터),수출,PL,폴란드,577,2025.10,34010202,(트랜지스터)
24110,34010202,(트랜지스터),수출,RO,루마니아,10,2025.10,34010202,(트랜지스터)
61947,34010202,(트랜지스터),수출,RS,세르비아,1683,2025.10,34010202,(트랜지스터)
3198,34010202,(트랜지스터),수출,SE,스웨덴,0,2025.10,34010202,(트랜지스터)
1281267,34010202,(트랜지스터),수출,SG,싱가포르,6325,2025.10,34010202,(트랜지스터)
65643,34010202,(트랜지스터),수출,SK,슬로바키아,373,2025.10,34010202,(트랜지스터)
6102690,34010202,(트랜지스터),수출,TH,태국,7224,2025.10,34010202,(트랜지스터)
1472,34010202,(트랜지스터),수출,TR,튀르키예,4,2025.10,34010202,(트랜지스터)
1451478,34010202,(트랜지스터),수출,TW,대만,3141,2025.10,34010202,(트랜지스터)
1293307,34010202,(트랜지스터),수출,US,미국,2665,2025.10,34010202,(트랜지스터)
96,34010202,(트랜지스터),수출,UZ,우즈베키스탄,30,2025.10,34010202,(트랜지스터)
20562915,34010202,(트랜지스터),수출,VN,베트남,26712,2025.10,34010202,(트랜지스터)
4180,34010202,(트랜지스터),수출,ZA,남아프리카공화국,29,2025.10,34010202,(트랜지스터)
422,34010202,(트랜지스터),수출,AE,아랍에미리트 연합,12,2025.11,34010202,(트랜지스터)
45464,34010202,(트랜지스터),수출,AR,아르헨티나,71,2025.11,34010202,(트랜지스터)
302,34010202,(트랜지스터),수출,AU,호주,2,2025.11,34010202,(트랜지스터)
371,34010202,(트랜지스터),수출,BD,방글라데시,0,2025.11,34010202,(트랜지스터)
103196,34010202,(트랜지스터),수출,BE,벨기에,2,2025.11,34010202,(트랜지스터)
217345,34010202,(트랜지스터),수출,BR,브라질,3886,2025.11,34010202,(트랜지스터)
620,34010202,(트랜지스터),수출,CA,캐나다,5,2025.11,34010202,(트랜지스터)
20,34010202,(트랜지스터),수출,CL,칠레,0,2025.11,34010202,(트랜지스터)
33077523,34010202,(트랜지스터),수출,CN,중국,34488,2025.11,34010202,(트랜지스터)
106802,34010202,(트랜지스터),수출,CZ,체코공화국,179,2025.11,34010202,(트랜지스터)
448844,34010202,(트랜지스터),수출,DE,독일,1332,2025.11,34010202,(트랜지스터)
3195,34010202,(트랜지스터),수출,EG,이집트,3,2025.11,34010202,(트랜지스터)
284,34010202,(트랜지스터),수출,ES,스페인,2,2025.11,34010202,(트랜지스터)
1486,34010202,(트랜지스터),수출,FR,프랑스,1,2025.11,34010202,(트랜지스터)
3367,34010202,(트랜지스터),수출,GB,영국,35,2025.11,34010202,(트랜지스터)
5975774,34010202,(트랜지스터),수출,HK,홍콩,19298,2025.11,34010202,(트랜지스터)
6600,34010202,(트랜지스터),수출,HU,헝가리,3,2025.11,34010202,(트랜지스터)
227611,34010202,(트랜지스터),수출,ID,인도네시아,1283,2025.11,34010202,(트랜지스터)
1356356,34010202,(트랜지스터),수출,IN,인도,4690,2025.11,34010202,(트랜지스터)
1872,34010202,(트랜지스터),수출,IT,이탈리아,3,2025.11,34010202,(트랜지스터)
24379844,34010202,(트랜지스터),수출,JP,일본,8469,2025.11,34010202,(트랜지스터)
25,34010202,(트랜지스터),수출,LA,라오스,0,2025.11,34010202,(트랜지스터)
39,34010202,(트랜지스터),수출,MM,미얀마,0,2025.11,34010202,(트랜지스터)
864339,34010202,(트랜지스터),수출,MX,멕시코,3154,2025.11,34010202,(트랜지스터)
3051370,34010202,(트랜지스터),수출,MY,말레이시아,708,2025.11,34010202,(트랜지스터)
0,34010202,(트랜지스터),수출,NL,네덜란드,0,2025.11,34010202,(트랜지스터)
33221742,34010202,(트랜지스터),수출,PH,필리핀,3691,2025.11,34010202,(트랜지스터)
650070,34010202,(트랜지스터),수출,PL,폴란드,524,2025.11,34010202,(트랜지스터)
748,34010202,(트랜지스터),수출,RO,루마니아,3,2025.11,34010202,(트랜지스터)
43726,34010202,(트랜지스터),수출,RS,세르비아,596,2025.11,34010202,(트랜지스터)
4075,34010202,(트랜지스터),수출,SE,스웨덴,1,2025.11,34010202,(트랜지스터)
13567932,34010202,(트랜지스터),수출,SG,싱가포르,10244,2025.11,34010202,(트랜지스터)
115812,34010202,(트랜지스터),수출,SK,슬로바키아,687,2025.11,34010202,(트랜지스터)
5502473,34010202,(트랜지스터),수출,TH,태국,8652,2025.11,34010202,(트랜지스터)
2831,34010202,(트랜지스터),수출,TR,튀르키예,16,2025.11,34010202,(트랜지스터)
1322660,34010202,(트랜지스터),수출,TW,대만,2502,2025.11,34010202,(트랜지스터)
1422323,34010202,(트랜지스터),수출,US,미국,2707,2025.11,34010202,(트랜지스터)
14918743,34010202,(트랜지스터),수출,VN,베트남,31134,2025.11,34010202,(트랜지스터)
708,34010202,(트랜지스터),수출,ZA,남아프리카공화국,11,2025.11,34010202,(트랜지스터)
3079,34010202,(트랜지스터),수출,ZZ,기타국,7,2025.11,34010202,(트랜지스터)
12351,34010202,(트랜지스터),수출,AE,아랍에미리트 연합,34,2025.12,34010202,(트랜지스터)
59,34010202,(트랜지스터),수출,AR,아르헨티나,0,2025.12,34010202,(트랜지스터)
9072,34010202,(트랜지스터),수출,AT,오스트리아,23,2025.12,34010202,(트랜지스터)
444,34010202,(트랜지스터),수출,AU,호주,5,2025.12,34010202,(트랜지스터)
26308,34010202,(트랜지스터),수출,BE,벨기에,6,2025.12,34010202,(트랜지스터)
161506,34010202,(트랜지스터),수출,BR,브라질,1976,2025.12,34010202,(트랜지스터)
3719,34010202,(트랜지스터),수출,CA,캐나다,132,2025.12,34010202,(트랜지스터)
25346586,34010202,(트랜지스터),수출,CN,중국,27441,2025.12,34010202,(트랜지스터)
128467,34010202,(트랜지스터),수출,CZ,체코공화국,294,2025.12,34010202,(트랜지스터)
431434,34010202,(트랜지스터),수출,DE,독일,1583,2025.12,34010202,(트랜지스터)
1427,34010202,(트랜지스터),수출,EG,이집트,4,2025.12,34010202,(트랜지스터)
454,34010202,(트랜지스터),수출,ES,스페인,4,2025.12,34010202,(트랜지스터)
10456,34010202,(트랜지스터),수출,FR,프랑스,14,2025.12,34010202,(트랜지스터)
1244,34010202,(트랜지스터),수출,GB,영국,14,2025.12,34010202,(트랜지스터)
7889006,34010202,(트랜지스터),수출,HK,홍콩,31755,2025.12,34010202,(트랜지스터)
42,34010202,(트랜지스터),수출,HU,헝가리,1,2025.12,34010202,(트랜지스터)
38515,34010202,(트랜지스터),수출,ID,인도네시아,317,2025.12,34010202,(트랜지스터)
81,34010202,(트랜지스터),수출,IL,이스라엘,1,2025.12,34010202,(트랜지스터)
1767709,34010202,(트랜지스터),수출,IN,인도,5573,2025.12,34010202,(트랜지스터)
9821271,34010202,(트랜지스터),수출,JP,일본,8981,2025.12,34010202,(트랜지스터)
17,34010202,(트랜지스터),수출,KZ,카자흐스탄,0,2025.12,34010202,(트랜지스터)
99,34010202,(트랜지스터),수출,LA,라오스,0,2025.12,34010202,(트랜지스터)
10714,34010202,(트랜지스터),수출,LT,리투아니아,18,2025.12,34010202,(트랜지스터)
1326,34010202,(트랜지스터),수출,MK,마세도니아,1,2025.12,34010202,(트랜지스터)
336,34010202,(트랜지스터),수출,MM,미얀마,2,2025.12,34010202,(트랜지스터)
759128,34010202,(트랜지스터),수출,MX,멕시코,8151,2025.12,34010202,(트랜지스터)
2516862,34010202,(트랜지스터),수출,MY,말레이시아,743,2025.12,34010202,(트랜지스터)
42950,34010202,(트랜지스터),수출,NL,네덜란드,34,2025.12,34010202,(트랜지스터)
23,34010202,(트랜지스터),수출,NZ,뉴질랜드,0,2025.12,34010202,(트랜지스터)
17313933,34010202,(트랜지스터),수출,PH,필리핀,2144,2025.12,34010202,(트랜지스터)
877420,34010202,(트랜지스터),수출,PL,폴란드,753,2025.12,34010202,(트랜지스터)
111,34010202,(트랜지스터),수출,PY,파라과이,2,2025.12,34010202,(트랜지스터)
1525,34010202,(트랜지스터),수출,RO,루마니아,6,2025.12,34010202,(트랜지스터)
23145,34010202,(트랜지스터),수출,RS,세르비아,175,2025.12,34010202,(트랜지스터)
56,34010202,(트랜지스터),수출,SE,스웨덴,0,2025.12,34010202,(트랜지스터)
15498909,34010202,(트랜지스터),수출,SG,싱가포르,8248,2025.12,34010202,(트랜지스터)
4713274,34010202,(트랜지스터),수출,TH,태국,8506,2025.12,34010202,(트랜지스터)
8465,34010202,(트랜지스터),수출,TR,튀르키예,37,2025.12,34010202,(트랜지스터)
827463,34010202,(트랜지스터),수출,TW,대만,2000,2025.12,34010202,(트랜지스터)
1669689,34010202,(트랜지스터),수출,US,미국,3286,2025.12,34010202,(트랜지스터)
1393,34010202,(트랜지스터),수출,UZ,우즈베키스탄,3,2025.12,34010202,(트랜지스터)
20492563,34010202,(트랜지스터),수출,VN,베트남,29752,2025.12,34010202,(트랜지스터)
25,34010202,(트랜지스터),수출,ZA,남아프리카공화국,0,2025.12,34010202,(트랜지스터)
403,34010202,(트랜지스터),수출,AE,아랍에미리트 연합,9,2026.01,34010202,(트랜지스터)
359,34010202,(트랜지스터),수출,AR,아르헨티나,2,2026.01,34010202,(트랜지스터)
1052,34010202,(트랜지스터),수출,AT,오스트리아,13,2026.01,34010202,(트랜지스터)
326,34010202,(트랜지스터),수출,AU,호주,5,2026.01,34010202,(트랜지스터)
2363,34010202,(트랜지스터),수출,BD,방글라데시,4,2026.01,34010202,(트랜지스터)
11281,34010202,(트랜지스터),수출,BE,벨기에,14,2026.01,34010202,(트랜지스터)
84602,34010202,(트랜지스터),수출,BR,브라질,1406,2026.01,34010202,(트랜지스터)
842,34010202,(트랜지스터),수출,CA,캐나다,8,2026.01,34010202,(트랜지스터)
35633474,34010202,(트랜지스터),수출,CN,중국,32258,2026.01,34010202,(트랜지스터)
178543,34010202,(트랜지스터),수출,CZ,체코공화국,357,2026.01,34010202,(트랜지스터)
595741,34010202,(트랜지스터),수출,DE,독일,1785,2026.01,34010202,(트랜지스터)
4892,34010202,(트랜지스터),수출,EG,이집트,1,2026.01,34010202,(트랜지스터)
109,34010202,(트랜지스터),수출,ES,스페인,2,2026.01,34010202,(트랜지스터)
32,34010202,(트랜지스터),수출,FR,프랑스,1,2026.01,34010202,(트랜지스터)
10318,34010202,(트랜지스터),수출,GB,영국,241,2026.01,34010202,(트랜지스터)
5457698,34010202,(트랜지스터),수출,HK,홍콩,25933,2026.01,34010202,(트랜지스터)
58,34010202,(트랜지스터),수출,HU,헝가리,0,2026.01,34010202,(트랜지스터)
189401,34010202,(트랜지스터),수출,ID,인도네시아,1362,2026.01,34010202,(트랜지스터)
76,34010202,(트랜지스터),수출,IL,이스라엘,1,2026.01,34010202,(트랜지스터)
1052808,34010202,(트랜지스터),수출,IN,인도,5027,2026.01,34010202,(트랜지스터)
7247,34010202,(트랜지스터),수출,IT,이탈리아,16,2026.01,34010202,(트랜지스터)
14148750,34010202,(트랜지스터),수출,JP,일본,8878,2026.01,34010202,(트랜지스터)
265,34010202,(트랜지스터),수출,KZ,카자흐스탄,2,2026.01,34010202,(트랜지스터)
90,34010202,(트랜지스터),수출,LA,라오스,1,2026.01,34010202,(트랜지스터)
72,34010202,(트랜지스터),수출,MN,몽골,1,2026.01,34010202,(트랜지스터)
1431748,34010202,(트랜지스터),수출,MX,멕시코,5786,2026.01,34010202,(트랜지스터)
2288651,34010202,(트랜지스터),수출,MY,말레이시아,731,2026.01,34010202,(트랜지스터)
124,34010202,(트랜지스터),수출,NC,뉴 칼레도니아,0,2026.01,34010202,(트랜지스터)
44448,34010202,(트랜지스터),수출,NL,네덜란드,44,2026.01,34010202,(트랜지스터)
23,34010202,(트랜지스터),수출,NZ,뉴질랜드,0,2026.01,34010202,(트랜지스터)
29853993,34010202,(트랜지스터),수출,PH,필리핀,2281,2026.01,34010202,(트랜지스터)
1405338,34010202,(트랜지스터),수출,PL,폴란드,1073,2026.01,34010202,(트랜지스터)
18826,34010202,(트랜지스터),수출,RS,세르비아,1489,2026.01,34010202,(트랜지스터)
313,34010202,(트랜지스터),수출,SA,사우디아라비아,5,2026.01,34010202,(트랜지스터)
37988,34010202,(트랜지스터),수출,SE,스웨덴,3,2026.01,34010202,(트랜지스터)
1397957,34010202,(트랜지스터),수출,SG,싱가포르,12504,2026.01,34010202,(트랜지스터)
9946,34010202,(트랜지스터),수출,SI,슬로베니아,0,2026.01,34010202,(트랜지스터)
124729,34010202,(트랜지스터),수출,SK,슬로바키아,794,2026.01,34010202,(트랜지스터)
4837602,34010202,(트랜지스터),수출,TH,태국,8983,2026.01,34010202,(트랜지스터)
1914,34010202,(트랜지스터),수출,TR,튀르키예,6,2026.01,34010202,(트랜지스터)
881129,34010202,(트랜지스터),수출,TW,대만,1527,2026.01,34010202,(트랜지스터)
1187589,34010202,(트랜지스터),수출,US,미국,3032,2026.01,34010202,(트랜지스터)
18745019,34010202,(트랜지스터),수출,VN,베트남,38807,2026.01,34010202,(트랜지스터)
902,34010202,(트랜지스터),수출,ZA,남아프리카공화국,20,2026.01,34010202,(트랜지스터)
82,34010202,(트랜지스터),수출,AE,아랍에미리트 연합,1,2026.02,34010202,(트랜지스터)
4408,34010202,(트랜지스터),수출,AT,오스트리아,1,2026.02,34010202,(트랜지스터)
3337,34010202,(트랜지스터),수출,AU,호주,13,2026.02,34010202,(트랜지스터)
65477,34010202,(트랜지스터),수출,BE,벨기에,1,2026.02,34010202,(트랜지스터)
202622,34010202,(트랜지스터),수출,BR,브라질,1275,2026.02,34010202,(트랜지스터)
605,34010202,(트랜지스터),수출,CA,캐나다,9,2026.02,34010202,(트랜지스터)
24642355,34010202,(트랜지스터),수출,CN,중국,22853,2026.02,34010202,(트랜지스터)
37,34010202,(트랜지스터),수출,CR,코스타리카,0,2026.02,34010202,(트랜지스터)
199897,34010202,(트랜지스터),수출,CZ,체코공화국,399,2026.02,34010202,(트랜지스터)
436934,34010202,(트랜지스터),수출,DE,독일,1238,2026.02,34010202,(트랜지스터)
5111,34010202,(트랜지스터),수출,EG,이집트,3,2026.02,34010202,(트랜지스터)
1579,34010202,(트랜지스터),수출,ES,스페인,4,2026.02,34010202,(트랜지스터)
2000,34010202,(트랜지스터),수출,FR,프랑스,2,2026.02,34010202,(트랜지스터)
343,34010202,(트랜지스터),수출,GB,영국,5,2026.02,34010202,(트랜지스터)
5697921,34010202,(트랜지스터),수출,HK,홍콩,21659,2026.02,34010202,(트랜지스터)
2532,34010202,(트랜지스터),수출,HU,헝가리,9,2026.02,34010202,(트랜지스터)
145635,34010202,(트랜지스터),수출,ID,인도네시아,913,2026.02,34010202,(트랜지스터)
876,34010202,(트랜지스터),수출,IE,아일랜드,1,2026.02,34010202,(트랜지스터)
1185983,34010202,(트랜지스터),수출,IN,인도,3679,2026.02,34010202,(트랜지스터)
167,34010202,(트랜지스터),수출,IT,이탈리아,4,2026.02,34010202,(트랜지스터)
17260709,34010202,(트랜지스터),수출,JP,일본,7798,2026.02,34010202,(트랜지스터)
41,34010202,(트랜지스터),수출,KZ,카자흐스탄,0,2026.02,34010202,(트랜지스터)
322,34010202,(트랜지스터),수출,LT,리투아니아,1,2026.02,34010202,(트랜지스터)
1631,34010202,(트랜지스터),수출,MK,마세도니아,2,2026.02,34010202,(트랜지스터)
45,34010202,(트랜지스터),수출,MM,미얀마,0,2026.02,34010202,(트랜지스터)
1115886,34010202,(트랜지스터),수출,MX,멕시코,4507,2026.02,34010202,(트랜지스터)
2335875,34010202,(트랜지스터),수출,MY,말레이시아,830,2026.02,34010202,(트랜지스터)
23,34010202,(트랜지스터),수출,NZ,뉴질랜드,0,2026.02,34010202,(트랜지스터)
22342480,34010202,(트랜지스터),수출,PH,필리핀,2418,2026.02,34010202,(트랜지스터)
1287458,34010202,(트랜지스터),수출,PL,폴란드,1639,2026.02,34010202,(트랜지스터)
87,34010202,(트랜지스터),수출,PY,파라과이,1,2026.02,34010202,(트랜지스터)
1548,34010202,(트랜지스터),수출,RO,루마니아,10,2026.02,34010202,(트랜지스터)
4025,34010202,(트랜지스터),수출,RS,세르비아,514,2026.02,34010202,(트랜지스터)
10521,34010202,(트랜지스터),수출,SE,스웨덴,9,2026.02,34010202,(트랜지스터)
948116,34010202,(트랜지스터),수출,SG,싱가포르,7536,2026.02,34010202,(트랜지스터)
4003,34010202,(트랜지스터),수출,SK,슬로바키아,23,2026.02,34010202,(트랜지스터)
4174965,34010202,(트랜지스터),수출,TH,태국,9478,2026.02,34010202,(트랜지스터)
9713,34010202,(트랜지스터),수출,TR,튀르키예,150,2026.02,34010202,(트랜지스터)
741867,34010202,(트랜지스터),수출,TW,대만,1572,2026.02,34010202,(트랜지스터)
884188,34010202,(트랜지스터),수출,US,미국,1346,2026.02,34010202,(트랜지스터)
436134,34010202,(트랜지스터),수출,UZ,우즈베키스탄,74,2026.02,34010202,(트랜지스터)
17282955,34010202,(트랜지스터),수출,VN,베트남,33587,2026.02,34010202,(트랜지스터)
809,34010202,(트랜지스터),수출,ZA,남아프리카공화국,76,2026.02,34010202,(트랜지스터)
625,34010202,(트랜지스터),수출,AE,아랍에미리트 연합,6,2026.03,34010202,(트랜지스터)
262,34010202,(트랜지스터),수출,AR,아르헨티나,1,2026.03,34010202,(트랜지스터)
29341,34010202,(트랜지스터),수출,AT,오스트리아,4,2026.03,34010202,(트랜지스터)
4696,34010202,(트랜지스터),수출,AU,호주,7,2026.03,34010202,(트랜지스터)
2880,34010202,(트랜지스터),수출,BD,방글라데시,1,2026.03,34010202,(트랜지스터)
32371,34010202,(트랜지스터),수출,BE,벨기에,4,2026.03,34010202,(트랜지스터)
138747,34010202,(트랜지스터),수출,BR,브라질,493,2026.03,34010202,(트랜지스터)
9377,34010202,(트랜지스터),수출,CA,캐나다,13,2026.03,34010202,(트랜지스터)
32084521,34010202,(트랜지스터),수출,CN,중국,36903,2026.03,34010202,(트랜지스터)
701,34010202,(트랜지스터),수출,CO,콜롬비아,27,2026.03,34010202,(트랜지스터)
201389,34010202,(트랜지스터),수출,CZ,체코공화국,485,2026.03,34010202,(트랜지스터)
697348,34010202,(트랜지스터),수출,DE,독일,3217,2026.03,34010202,(트랜지스터)
772,34010202,(트랜지스터),수출,EG,이집트,0,2026.03,34010202,(트랜지스터)
1636,34010202,(트랜지스터),수출,ES,스페인,8,2026.03,34010202,(트랜지스터)
19301,34010202,(트랜지스터),수출,FR,프랑스,23,2026.03,34010202,(트랜지스터)
4774,34010202,(트랜지스터),수출,GB,영국,8,2026.03,34010202,(트랜지스터)
6774062,34010202,(트랜지스터),수출,HK,홍콩,22562,2026.03,34010202,(트랜지스터)
1403,34010202,(트랜지스터),수출,HU,헝가리,10,2026.03,34010202,(트랜지스터)
151890,34010202,(트랜지스터),수출,ID,인도네시아,1168,2026.03,34010202,(트랜지스터)
526,34010202,(트랜지스터),수출,IE,아일랜드,1,2026.03,34010202,(트랜지스터)
2600,34010202,(트랜지스터),수출,IL,이스라엘,0,2026.03,34010202,(트랜지스터)
1303194,34010202,(트랜지스터),수출,IN,인도,4516,2026.03,34010202,(트랜지스터)
2808,34010202,(트랜지스터),수출,IT,이탈리아,5,2026.03,34010202,(트랜지스터)
17279476,34010202,(트랜지스터),수출,JP,일본,7259,2026.03,34010202,(트랜지스터)
23,34010202,(트랜지스터),수출,KH,캄보디아,0,2026.03,34010202,(트랜지스터)
106,34010202,(트랜지스터),수출,KZ,카자흐스탄,1,2026.03,34010202,(트랜지스터)
892,34010202,(트랜지스터),수출,MK,마세도니아,1,2026.03,34010202,(트랜지스터)
1490445,34010202,(트랜지스터),수출,MX,멕시코,7385,2026.03,34010202,(트랜지스터)
2773028,34010202,(트랜지스터),수출,MY,말레이시아,767,2026.03,34010202,(트랜지스터)
13752,34010202,(트랜지스터),수출,NL,네덜란드,20,2026.03,34010202,(트랜지스터)
42,34010202,(트랜지스터),수출,NZ,뉴질랜드,0,2026.03,34010202,(트랜지스터)
16924172,34010202,(트랜지스터),수출,PH,필리핀,2459,2026.03,34010202,(트랜지스터)
16,34010202,(트랜지스터),수출,PK,파키스탄,1,2026.03,34010202,(트랜지스터)
1407370,34010202,(트랜지스터),수출,PL,폴란드,1230,2026.03,34010202,(트랜지스터)
192,34010202,(트랜지스터),수출,PY,파라과이,4,2026.03,34010202,(트랜지스터)
6498,34010202,(트랜지스터),수출,RO,루마니아,11,2026.03,34010202,(트랜지스터)
13528,34010202,(트랜지스터),수출,RS,세르비아,117,2026.03,34010202,(트랜지스터)
1311484,34010202,(트랜지스터),수출,SG,싱가포르,11061,2026.03,34010202,(트랜지스터)
8295,34010202,(트랜지스터),수출,SI,슬로베니아,2,2026.03,34010202,(트랜지스터)
228471,34010202,(트랜지스터),수출,SK,슬로바키아,1568,2026.03,34010202,(트랜지스터)
6284179,34010202,(트랜지스터),수출,TH,태국,8455,2026.03,34010202,(트랜지스터)
15334,34010202,(트랜지스터),수출,TR,튀르키예,175,2026.03,34010202,(트랜지스터)
1343889,34010202,(트랜지스터),수출,TW,대만,2150,2026.03,34010202,(트랜지스터)
1616784,34010202,(트랜지스터),수출,US,미국,2096,2026.03,34010202,(트랜지스터)
21548,34010202,(트랜지스터),수출,UZ,우즈베키스탄,51,2026.03,34010202,(트랜지스터)
17942658,34010202,(트랜지스터),수출,VN,베트남,33291,2026.03,34010202,(트랜지스터)
582,34010202,(트랜지스터),수출,ZA,남아프리카공화국,29,2026.03,34010202,(트랜지스터)
242,34010202,(트랜지스터),수출,AE,아랍에미리트 연합,5,2026.04,34010202,(트랜지스터)
857,34010202,(트랜지스터),수출,AR,아르헨티나,2,2026.04,34010202,(트랜지스터)
25572,34010202,(트랜지스터),수출,AT,오스트리아,3,2026.04,34010202,(트랜지스터)
1118,34010202,(트랜지스터),수출,AU,호주,18,2026.04,34010202,(트랜지스터)
240,34010202,(트랜지스터),수출,BD,방글라데시,1,2026.04,34010202,(트랜지스터)
19941,34010202,(트랜지스터),수출,BE,벨기에,3,2026.04,34010202,(트랜지스터)
321369,34010202,(트랜지스터),수출,BR,브라질,582,2026.04,34010202,(트랜지스터)
2528,34010202,(트랜지스터),수출,CA,캐나다,20,2026.04,34010202,(트랜지스터)
32335850,34010202,(트랜지스터),수출,CN,중국,35101,2026.04,34010202,(트랜지스터)
246940,34010202,(트랜지스터),수출,CZ,체코공화국,771,2026.04,34010202,(트랜지스터)
395107,34010202,(트랜지스터),수출,DE,독일,1339,2026.04,34010202,(트랜지스터)
2842,34010202,(트랜지스터),수출,EG,이집트,19,2026.04,34010202,(트랜지스터)
294,34010202,(트랜지스터),수출,ES,스페인,3,2026.04,34010202,(트랜지스터)
1377,34010202,(트랜지스터),수출,FR,프랑스,6,2026.04,34010202,(트랜지스터)
372,34010202,(트랜지스터),수출,GB,영국,3,2026.04,34010202,(트랜지스터)
6438424,34010202,(트랜지스터),수출,HK,홍콩,21908,2026.04,34010202,(트랜지스터)
11174,34010202,(트랜지스터),수출,HU,헝가리,28,2026.04,34010202,(트랜지스터)
242711,34010202,(트랜지스터),수출,ID,인도네시아,1917,2026.04,34010202,(트랜지스터)
328,34010202,(트랜지스터),수출,IE,아일랜드,0,2026.04,34010202,(트랜지스터)
1121523,34010202,(트랜지스터),수출,IN,인도,4349,2026.04,34010202,(트랜지스터)
1250,34010202,(트랜지스터),수출,IT,이탈리아,11,2026.04,34010202,(트랜지스터)
8235953,34010202,(트랜지스터),수출,JP,일본,11537,2026.04,34010202,(트랜지스터)
153,34010202,(트랜지스터),수출,KZ,카자흐스탄,1,2026.04,34010202,(트랜지스터)
78,34010202,(트랜지스터),수출,LA,라오스,0,2026.04,34010202,(트랜지스터)
816,34010202,(트랜지스터),수출,MK,마세도니아,1,2026.04,34010202,(트랜지스터)
1258966,34010202,(트랜지스터),수출,MX,멕시코,4249,2026.04,34010202,(트랜지스터)
2936913,34010202,(트랜지스터),수출,MY,말레이시아,738,2026.04,34010202,(트랜지스터)
261,34010202,(트랜지스터),수출,NL,네덜란드,1,2026.04,34010202,(트랜지스터)
44,34010202,(트랜지스터),수출,NZ,뉴질랜드,0,2026.04,34010202,(트랜지스터)
26431137,34010202,(트랜지스터),수출,PH,필리핀,2514,2026.04,34010202,(트랜지스터)
16,34010202,(트랜지스터),수출,PK,파키스탄,1,2026.04,34010202,(트랜지스터)
1322310,34010202,(트랜지스터),수출,PL,폴란드,1266,2026.04,34010202,(트랜지스터)
254,34010202,(트랜지스터),수출,PY,파라과이,1,2026.04,34010202,(트랜지스터)
589,34010202,(트랜지스터),수출,RO,루마니아,3,2026.04,34010202,(트랜지스터)
19372,34010202,(트랜지스터),수출,RS,세르비아,612,2026.04,34010202,(트랜지스터)
3952,34010202,(트랜지스터),수출,SE,스웨덴,3,2026.04,34010202,(트랜지스터)
1414546,34010202,(트랜지스터),수출,SG,싱가포르,11807,2026.04,34010202,(트랜지스터)
272464,34010202,(트랜지스터),수출,SK,슬로바키아,1958,2026.04,34010202,(트랜지스터)
5058663,34010202,(트랜지스터),수출,TH,태국,7247,2026.04,34010202,(트랜지스터)
46657,34010202,(트랜지스터),수출,TR,튀르키예,654,2026.04,34010202,(트랜지스터)
1411745,34010202,(트랜지스터),수출,TW,대만,3153,2026.04,34010202,(트랜지스터)
1651610,34010202,(트랜지스터),수출,US,미국,4213,2026.04,34010202,(트랜지스터)
20939202,34010202,(트랜지스터),수출,VN,베트남,30229,2026.04,34010202,(트랜지스터)
604,34010202,(트랜지스터),수출,ZA,남아프리카공화국,12,2026.04,34010202,(트랜지스터)
188,34010202,(트랜지스터),수출,AE,아랍에미리트 연합,5,2026.05,34010202,(트랜지스터)
23,34010202,(트랜지스터),수출,AR,아르헨티나,0,2026.05,34010202,(트랜지스터)
24692,34010202,(트랜지스터),수출,AT,오스트리아,161,2026.05,34010202,(트랜지스터)
159,34010202,(트랜지스터),수출,AU,호주,2,2026.05,34010202,(트랜지스터)
360,34010202,(트랜지스터),수출,BD,방글라데시,1,2026.05,34010202,(트랜지스터)
10172,34010202,(트랜지스터),수출,BE,벨기에,14,2026.05,34010202,(트랜지스터)
113298,34010202,(트랜지스터),수출,BR,브라질,1072,2026.05,34010202,(트랜지스터)
440,34010202,(트랜지스터),수출,CA,캐나다,4,2026.05,34010202,(트랜지스터)
31269505,34010202,(트랜지스터),수출,CN,중국,35971,2026.05,34010202,(트랜지스터)
220027,34010202,(트랜지스터),수출,CZ,체코공화국,387,2026.05,34010202,(트랜지스터)
328855,34010202,(트랜지스터),수출,DE,독일,1922,2026.05,34010202,(트랜지스터)
2407,34010202,(트랜지스터),수출,EG,이집트,5,2026.05,34010202,(트랜지스터)
643,34010202,(트랜지스터),수출,ES,스페인,3,2026.05,34010202,(트랜지스터)
4426,34010202,(트랜지스터),수출,GB,영국,42,2026.05,34010202,(트랜지스터)
7755705,34010202,(트랜지스터),수출,HK,홍콩,23018,2026.05,34010202,(트랜지스터)
14309,34010202,(트랜지스터),수출,HU,헝가리,38,2026.05,34010202,(트랜지스터)
171697,34010202,(트랜지스터),수출,ID,인도네시아,1177,2026.05,34010202,(트랜지스터)
13150,34010202,(트랜지스터),수출,IL,이스라엘,2,2026.05,34010202,(트랜지스터)
1150728,34010202,(트랜지스터),수출,IN,인도,3977,2026.05,34010202,(트랜지스터)
22981,34010202,(트랜지스터),수출,IT,이탈리아,9,2026.05,34010202,(트랜지스터)
26126503,34010202,(트랜지스터),수출,JP,일본,9579,2026.05,34010202,(트랜지스터)
24,34010202,(트랜지스터),수출,KZ,카자흐스탄,2,2026.05,34010202,(트랜지스터)
790,34010202,(트랜지스터),수출,MK,마세도니아,1,2026.05,34010202,(트랜지스터)
1092016,34010202,(트랜지스터),수출,MX,멕시코,3318,2026.05,34010202,(트랜지스터)
1899758,34010202,(트랜지스터),수출,MY,말레이시아,785,2026.05,34010202,(트랜지스터)
1004,34010202,(트랜지스터),수출,NL,네덜란드,8,2026.05,34010202,(트랜지스터)
32168596,34010202,(트랜지스터),수출,PH,필리핀,2517,2026.05,34010202,(트랜지스터)
1490207,34010202,(트랜지스터),수출,PL,폴란드,2903,2026.05,34010202,(트랜지스터)
62,34010202,(트랜지스터),수출,PY,파라과이,0,2026.05,34010202,(트랜지스터)
21169,34010202,(트랜지스터),수출,RS,세르비아,557,2026.05,34010202,(트랜지스터)
322,34010202,(트랜지스터),수출,RU,러시아 연방,0,2026.05,34010202,(트랜지스터)
2601,34010202,(트랜지스터),수출,SE,스웨덴,2,2026.05,34010202,(트랜지스터)
1688449,34010202,(트랜지스터),수출,SG,싱가포르,15434,2026.05,34010202,(트랜지스터)
13084,34010202,(트랜지스터),수출,SI,슬로베니아,1,2026.05,34010202,(트랜지스터)
187532,34010202,(트랜지스터),수출,SK,슬로바키아,1272,2026.05,34010202,(트랜지스터)
6154148,34010202,(트랜지스터),수출,TH,태국,5325,2026.05,34010202,(트랜지스터)
2671,34010202,(트랜지스터),수출,TR,튀르키예,14,2026.05,34010202,(트랜지스터)
2483340,34010202,(트랜지스터),수출,TW,대만,2167,2026.05,34010202,(트랜지스터)
1510775,34010202,(트랜지스터),수출,US,미국,3418,2026.05,34010202,(트랜지스터)
13228391,34010202,(트랜지스터),수출,VN,베트남,26794,2026.05,34010202,(트랜지스터)
584,34010202,(트랜지스터),수출,ZA,남아프리카공화국,12,2026.05,34010202,(트랜지스터)
616,34010202,(트랜지스터),수출,AE,아랍에미리트 연합,34,2026.06,34010202,(트랜지스터)
40,34010202,(트랜지스터),수출,AR,아르헨티나,10,2026.06,34010202,(트랜지스터)
50742,34010202,(트랜지스터),수출,AT,오스트리아,305,2026.06,34010202,(트랜지스터)
161,34010202,(트랜지스터),수출,AU,호주,3,2026.06,34010202,(트랜지스터)
648,34010202,(트랜지스터),수출,BD,방글라데시,2,2026.06,34010202,(트랜지스터)
38557,34010202,(트랜지스터),수출,BE,벨기에,4,2026.06,34010202,(트랜지스터)
151359,34010202,(트랜지스터),수출,BR,브라질,954,2026.06,34010202,(트랜지스터)
5060,34010202,(트랜지스터),수출,CA,캐나다,5,2026.06,34010202,(트랜지스터)
360,34010202,(트랜지스터),수출,CH,스위스,0,2026.06,34010202,(트랜지스터)
34303237,34010202,(트랜지스터),수출,CN,중국,36152,2026.06,34010202,(트랜지스터)
113,34010202,(트랜지스터),수출,CR,코스타리카,0,2026.06,34010202,(트랜지스터)
204600,34010202,(트랜지스터),수출,CZ,체코공화국,524,2026.06,34010202,(트랜지스터)
408599,34010202,(트랜지스터),수출,DE,독일,1381,2026.06,34010202,(트랜지스터)
319,34010202,(트랜지스터),수출,DK,덴마크,0,2026.06,34010202,(트랜지스터)
1296,34010202,(트랜지스터),수출,EG,이집트,10,2026.06,34010202,(트랜지스터)
699,34010202,(트랜지스터),수출,ES,스페인,3,2026.06,34010202,(트랜지스터)
6848498,34010202,(트랜지스터),수출,HK,홍콩,18722,2026.06,34010202,(트랜지스터)
19439,34010202,(트랜지스터),수출,HU,헝가리,41,2026.06,34010202,(트랜지스터)
182113,34010202,(트랜지스터),수출,ID,인도네시아,1447,2026.06,34010202,(트랜지스터)
460,34010202,(트랜지스터),수출,IE,아일랜드,1,2026.06,34010202,(트랜지스터)
53,34010202,(트랜지스터),수출,IL,이스라엘,2,2026.06,34010202,(트랜지스터)
1510628,34010202,(트랜지스터),수출,IN,인도,3940,2026.06,34010202,(트랜지스터)
31150,34010202,(트랜지스터),수출,IT,이탈리아,23,2026.06,34010202,(트랜지스터)
3486228,34010202,(트랜지스터),수출,JP,일본,7939,2026.06,34010202,(트랜지스터)
50,34010202,(트랜지스터),수출,KG,키르기스스탄,1,2026.06,34010202,(트랜지스터)
211,34010202,(트랜지스터),수출,KZ,카자흐스탄,2,2026.06,34010202,(트랜지스터)
2760,34010202,(트랜지스터),수출,MA,모로코,8,2026.06,34010202,(트랜지스터)
892,34010202,(트랜지스터),수출,MK,마세도니아,1,2026.06,34010202,(트랜지스터)
25,34010202,(트랜지스터),수출,MO,마카오,0,2026.06,34010202,(트랜지스터)
1832897,34010202,(트랜지스터),수출,MX,멕시코,4890,2026.06,34010202,(트랜지스터)
2375265,34010202,(트랜지스터),수출,MY,말레이시아,698,2026.06,34010202,(트랜지스터)
49297949,34010202,(트랜지스터),수출,PH,필리핀,3161,2026.06,34010202,(트랜지스터)
61,34010202,(트랜지스터),수출,PK,파키스탄,1,2026.06,34010202,(트랜지스터)
1375787,34010202,(트랜지스터),수출,PL,폴란드,1228,2026.06,34010202,(트랜지스터)
451,34010202,(트랜지스터),수출,PY,파라과이,2,2026.06,34010202,(트랜지스터)
30224,34010202,(트랜지스터),수출,RS,세르비아,981,2026.06,34010202,(트랜지스터)
120,34010202,(트랜지스터),수출,SA,사우디아라비아,0,2026.06,34010202,(트랜지스터)
5516,34010202,(트랜지스터),수출,SE,스웨덴,1,2026.06,34010202,(트랜지스터)
1556393,34010202,(트랜지스터),수출,SG,싱가포르,10682,2026.06,34010202,(트랜지스터)
595,34010202,(트랜지스터),수출,SI,슬로베니아,1,2026.06,34010202,(트랜지스터)
246611,34010202,(트랜지스터),수출,SK,슬로바키아,1709,2026.06,34010202,(트랜지스터)
4512477,34010202,(트랜지스터),수출,TH,태국,6066,2026.06,34010202,(트랜지스터)
10167,34010202,(트랜지스터),수출,TR,튀르키예,122,2026.06,34010202,(트랜지스터)
1740490,34010202,(트랜지스터),수출,TW,대만,1996,2026.06,34010202,(트랜지스터)
1625199,34010202,(트랜지스터),수출,US,미국,2821,2026.06,34010202,(트랜지스터)
17811178,34010202,(트랜지스터),수출,VN,베트남,39902,2026.06,34010202,(트랜지스터)
600,34010202,(트랜지스터),수출,ZA,남아프리카공화국,11,2026.06,34010202,(트랜지스터)
182,34010202,(트랜지스터),수출,AE,아랍에미리트 연합,3,2026.07,34010202,(트랜지스터)
160,34010202,(트랜지스터),수출,AR,아르헨티나,4,2026.07,34010202,(트랜지스터)
8374,34010202,(트랜지스터),수출,AT,오스트리아,2,2026.07,34010202,(트랜지스터)
613,34010202,(트랜지스터),수출,AU,호주,6,2026.07,34010202,(트랜지스터)
60,34010202,(트랜지스터),수출,BD,방글라데시,0,2026.07,34010202,(트랜지스터)
39062,34010202,(트랜지스터),수출,BE,벨기에,4,2026.07,34010202,(트랜지스터)
77944,34010202,(트랜지스터),수출,BR,브라질,339,2026.07,34010202,(트랜지스터)
483,34010202,(트랜지스터),수출,CA,캐나다,6,2026.07,34010202,(트랜지스터)
35105898,34010202,(트랜지스터),수출,CN,중국,34156,2026.07,34010202,(트랜지스터)
303545,34010202,(트랜지스터),수출,CZ,체코공화국,1105,2026.07,34010202,(트랜지스터)
334544,34010202,(트랜지스터),수출,DE,독일,1036,2026.07,34010202,(트랜지스터)
1840,34010202,(트랜지스터),수출,EG,이집트,0,2026.07,34010202,(트랜지스터)
352,34010202,(트랜지스터),수출,ES,스페인,2,2026.07,34010202,(트랜지스터)
16783,34010202,(트랜지스터),수출,GB,영국,6,2026.07,34010202,(트랜지스터)
5815056,34010202,(트랜지스터),수출,HK,홍콩,17630,2026.07,34010202,(트랜지스터)
42,34010202,(트랜지스터),수출,HU,헝가리,0,2026.07,34010202,(트랜지스터)
265283,34010202,(트랜지스터),수출,ID,인도네시아,2008,2026.07,34010202,(트랜지스터)
2134324,34010202,(트랜지스터),수출,IN,인도,5944,2026.07,34010202,(트랜지스터)
50216,34010202,(트랜지스터),수출,IT,이탈리아,58,2026.07,34010202,(트랜지스터)
3873374,34010202,(트랜지스터),수출,JP,일본,11467,2026.07,34010202,(트랜지스터)
158,34010202,(트랜지스터),수출,KZ,카자흐스탄,2,2026.07,34010202,(트랜지스터)
841,34010202,(트랜지스터),수출,MK,마세도니아,1,2026.07,34010202,(트랜지스터)
1621516,34010202,(트랜지스터),수출,MX,멕시코,4764,2026.07,34010202,(트랜지스터)
2419206,34010202,(트랜지스터),수출,MY,말레이시아,715,2026.07,34010202,(트랜지스터)
19,34010202,(트랜지스터),수출,NZ,뉴질랜드,0,2026.07,34010202,(트랜지스터)
45,34010202,(트랜지스터),수출,PE,페루,0,2026.07,34010202,(트랜지스터)
41225188,34010202,(트랜지스터),수출,PH,필리핀,3322,2026.07,34010202,(트랜지스터)
1541429,34010202,(트랜지스터),수출,PL,폴란드,1139,2026.07,34010202,(트랜지스터)
23342,34010202,(트랜지스터),수출,RS,세르비아,1472,2026.07,34010202,(트랜지스터)
16079,34010202,(트랜지스터),수출,SE,스웨덴,1,2026.07,34010202,(트랜지스터)
3908322,34010202,(트랜지스터),수출,SG,싱가포르,18453,2026.07,34010202,(트랜지스터)
161862,34010202,(트랜지스터),수출,SK,슬로바키아,1165,2026.07,34010202,(트랜지스터)
5607743,34010202,(트랜지스터),수출,TH,태국,12233,2026.07,34010202,(트랜지스터)
2940,34010202,(트랜지스터),수출,TR,튀르키예,12,2026.07,34010202,(트랜지스터)
14599028,34010202,(트랜지스터),수출,TW,대만,2191,2026.07,34010202,(트랜지스터)
1647669,34010202,(트랜지스터),수출,US,미국,2808,2026.07,34010202,(트랜지스터)
45,34010202,(트랜지스터),수출,UZ,우즈베키스탄,2,2026.07,34010202,(트랜지스터)
19153596,34010202,(트랜지스터),수출,VN,베트남,38239,2026.07,34010202,(트랜지스터)
26,34010202,(트랜지스터),수출,ZA,남아프리카공화국,1,2026.07,34010202,(트랜지스터)
558,34010202,(트랜지스터),수출,AE,아랍에미리트 연합,10,2026.08,34010202,(트랜지스터)
319,34010202,(트랜지스터),수출,AR,아르헨티나,2,2026.08,34010202,(트랜지스터)
7135,34010202,(트랜지스터),수출,AT,오스트리아,33,2026.08,34010202,(트랜지스터)
483,34010202,(트랜지스터),수출,AU,호주,1,2026.08,34010202,(트랜지스터)
120,34010202,(트랜지스터),수출,BD,방글라데시,0,2026.08,34010202,(트랜지스터)
88516,34010202,(트랜지스터),수출,BE,벨기에,3,2026.08,34010202,(트랜지스터)
7290,34010202,(트랜지스터),수출,BG,불가리아,27,2026.08,34010202,(트랜지스터)
79211,34010202,(트랜지스터),수출,BR,브라질,220,2026.08,34010202,(트랜지스터)
326,34010202,(트랜지스터),수출,CA,캐나다,4,2026.08,34010202,(트랜지스터)
41896999,34010202,(트랜지스터),수출,CN,중국,28005,2026.08,34010202,(트랜지스터)
137410,34010202,(트랜지스터),수출,CZ,체코공화국,484,2026.08,34010202,(트랜지스터)
253421,34010202,(트랜지스터),수출,DE,독일,829,2026.08,34010202,(트랜지스터)
513,34010202,(트랜지스터),수출,EC,에쿠아도르,9,2026.08,34010202,(트랜지스터)
2550,34010202,(트랜지스터),수출,EG,이집트,6,2026.08,34010202,(트랜지스터)
482,34010202,(트랜지스터),수출,ES,스페인,4,2026.08,34010202,(트랜지스터)
8741,34010202,(트랜지스터),수출,GB,영국,10,2026.08,34010202,(트랜지스터)
6355069,34010202,(트랜지스터),수출,HK,홍콩,18418,2026.08,34010202,(트랜지스터)
101,34010202,(트랜지스터),수출,HU,헝가리,1,2026.08,34010202,(트랜지스터)
162180,34010202,(트랜지스터),수출,ID,인도네시아,946,2026.08,34010202,(트랜지스터)
8863,34010202,(트랜지스터),수출,IL,이스라엘,4,2026.08,34010202,(트랜지스터)
1194736,34010202,(트랜지스터),수출,IN,인도,4425,2026.08,34010202,(트랜지스터)
11769,34010202,(트랜지스터),수출,IT,이탈리아,25,2026.08,34010202,(트랜지스터)
3153204,34010202,(트랜지스터),수출,JP,일본,8446,2026.08,34010202,(트랜지스터)
4414,34010202,(트랜지스터),수출,KW,쿠웨이트,1,2026.08,34010202,(트랜지스터)
1162657,34010202,(트랜지스터),수출,MX,멕시코,2921,2026.08,34010202,(트랜지스터)
3686782,34010202,(트랜지스터),수출,MY,말레이시아,1091,2026.08,34010202,(트랜지스터)
25,34010202,(트랜지스터),수출,NZ,뉴질랜드,0,2026.08,34010202,(트랜지스터)
32644828,34010202,(트랜지스터),수출,PH,필리핀,3732,2026.08,34010202,(트랜지스터)
1028842,34010202,(트랜지스터),수출,PL,폴란드,891,2026.08,34010202,(트랜지스터)
70,34010202,(트랜지스터),수출,PY,파라과이,2,2026.08,34010202,(트랜지스터)
18860,34010202,(트랜지스터),수출,RS,세르비아,992,2026.08,34010202,(트랜지스터)
11798,34010202,(트랜지스터),수출,SE,스웨덴,1,2026.08,34010202,(트랜지스터)
1743704,34010202,(트랜지스터),수출,SG,싱가포르,17551,2026.08,34010202,(트랜지스터)
62935,34010202,(트랜지스터),수출,SI,슬로베니아,2,2026.08,34010202,(트랜지스터)
364659,34010202,(트랜지스터),수출,SK,슬로바키아,2486,2026.08,34010202,(트랜지스터)
3635236,34010202,(트랜지스터),수출,TH,태국,3995,2026.08,34010202,(트랜지스터)
1229,34010202,(트랜지스터),수출,TR,튀르키예,7,2026.08,34010202,(트랜지스터)
54890544,34010202,(트랜지스터),수출,TW,대만,3061,2026.08,34010202,(트랜지스터)
1279296,34010202,(트랜지스터),수출,US,미국,2837,2026.08,34010202,(트랜지스터)
22084386,34010202,(트랜지스터),수출,VN,베트남,28752,2026.08,34010202,(트랜지스터)
539,34010202,(트랜지스터),수출,ZA,남아프리카공화국,9,2026.08,34010202,(트랜지스터)
3212,34010203,(발광다이오드(LED)),수출,AE,아랍에미리트 연합,165,2025.09,34010203,(발광다이오드(LED))
98658,34010203,(발광다이오드(LED)),수출,AR,아르헨티나,212,2025.09,34010203,(발광다이오드(LED))
4190,34010203,(발광다이오드(LED)),수출,AU,호주,10,2025.09,34010203,(발광다이오드(LED))
3504,34010203,(발광다이오드(LED)),수출,BG,불가리아,1,2025.09,34010203,(발광다이오드(LED))
131212,34010203,(발광다이오드(LED)),수출,BR,브라질,6595,2025.09,34010203,(발광다이오드(LED))
35624,34010203,(발광다이오드(LED)),수출,CA,캐나다,12,2025.09,34010203,(발광다이오드(LED))
26028,34010203,(발광다이오드(LED)),수출,CH,스위스,5,2025.09,34010203,(발광다이오드(LED))
43,34010203,(발광다이오드(LED)),수출,CL,칠레,2,2025.09,34010203,(발광다이오드(LED))
13558457,34010203,(발광다이오드(LED)),수출,CN,중국,7245,2025.09,34010203,(발광다이오드(LED))
7775,34010203,(발광다이오드(LED)),수출,CZ,체코공화국,5,2025.09,34010203,(발광다이오드(LED))
590638,34010203,(발광다이오드(LED)),수출,DE,독일,563,2025.09,34010203,(발광다이오드(LED))
7109,34010203,(발광다이오드(LED)),수출,EG,이집트,133,2025.09,34010203,(발광다이오드(LED))
220,34010203,(발광다이오드(LED)),수출,FR,프랑스,0,2025.09,34010203,(발광다이오드(LED))
269882,34010203,(발광다이오드(LED)),수출,GB,영국,451,2025.09,34010203,(발광다이오드(LED))
16893,34010203,(발광다이오드(LED)),수출,GT,과테말라,830,2025.09,34010203,(발광다이오드(LED))
1510916,34010203,(발광다이오드(LED)),수출,HK,홍콩,1448,2025.09,34010203,(발광다이오드(LED))
45494,34010203,(발광다이오드(LED)),수출,HU,헝가리,48,2025.09,34010203,(발광다이오드(LED))
200233,34010203,(발광다이오드(LED)),수출,ID,인도네시아,1289,2025.09,34010203,(발광다이오드(LED))
6400,34010203,(발광다이오드(LED)),수출,IE,아일랜드,3,2025.09,34010203,(발광다이오드(LED))
2000,34010203,(발광다이오드(LED)),수출,IL,이스라엘,1,2025.09,34010203,(발광다이오드(LED))
1448050,34010203,(발광다이오드(LED)),수출,IN,인도,3828,2025.09,34010203,(발광다이오드(LED))
120,34010203,(발광다이오드(LED)),수출,IQ,이라크,0,2025.09,34010203,(발광다이오드(LED))
105342,34010203,(발광다이오드(LED)),수출,IT,이탈리아,219,2025.09,34010203,(발광다이오드(LED))
878883,34010203,(발광다이오드(LED)),수출,JP,일본,15325,2025.09,34010203,(발광다이오드(LED))
45900,34010203,(발광다이오드(LED)),수출,LT,리투아니아,5,2025.09,34010203,(발광다이오드(LED))
516742,34010203,(발광다이오드(LED)),수출,MX,멕시코,1271,2025.09,34010203,(발광다이오드(LED))
56264,34010203,(발광다이오드(LED)),수출,MY,말레이시아,77,2025.09,34010203,(발광다이오드(LED))
34927,34010203,(발광다이오드(LED)),수출,NL,네덜란드,123,2025.09,34010203,(발광다이오드(LED))
71,34010203,(발광다이오드(LED)),수출,PA,파나마,1,2025.09,34010203,(발광다이오드(LED))
77,34010203,(발광다이오드(LED)),수출,PE,페루,4,2025.09,34010203,(발광다이오드(LED))
32235,34010203,(발광다이오드(LED)),수출,PH,필리핀,1328,2025.09,34010203,(발광다이오드(LED))
1647615,34010203,(발광다이오드(LED)),수출,PL,폴란드,9065,2025.09,34010203,(발광다이오드(LED))
55100,34010203,(발광다이오드(LED)),수출,RO,루마니아,13,2025.09,34010203,(발광다이오드(LED))
4720,34010203,(발광다이오드(LED)),수출,RU,러시아 연방,46,2025.09,34010203,(발광다이오드(LED))
107831,34010203,(발광다이오드(LED)),수출,SE,스웨덴,182,2025.09,34010203,(발광다이오드(LED))
264030,34010203,(발광다이오드(LED)),수출,SG,싱가포르,368,2025.09,34010203,(발광다이오드(LED))
52892,34010203,(발광다이오드(LED)),수출,SI,슬로베니아,74,2025.09,34010203,(발광다이오드(LED))
25324,34010203,(발광다이오드(LED)),수출,SK,슬로바키아,22,2025.09,34010203,(발광다이오드(LED))
732356,34010203,(발광다이오드(LED)),수출,TH,태국,4408,2025.09,34010203,(발광다이오드(LED))
306377,34010203,(발광다이오드(LED)),수출,TN,튀니지,657,2025.09,34010203,(발광다이오드(LED))
72043,34010203,(발광다이오드(LED)),수출,TR,튀르키예,2776,2025.09,34010203,(발광다이오드(LED))
95756,34010203,(발광다이오드(LED)),수출,TW,대만,51,2025.09,34010203,(발광다이오드(LED))
339251,34010203,(발광다이오드(LED)),수출,US,미국,591,2025.09,34010203,(발광다이오드(LED))
4503236,34010203,(발광다이오드(LED)),수출,VN,베트남,10208,2025.09,34010203,(발광다이오드(LED))
82,34010203,(발광다이오드(LED)),수출,ZA,남아프리카공화국,6,2025.09,34010203,(발광다이오드(LED))
379,34010203,(발광다이오드(LED)),수출,AE,아랍에미리트 연합,6,2025.10,34010203,(발광다이오드(LED))
56592,34010203,(발광다이오드(LED)),수출,AR,아르헨티나,105,2025.10,34010203,(발광다이오드(LED))
3535,34010203,(발광다이오드(LED)),수출,AT,오스트리아,36,2025.10,34010203,(발광다이오드(LED))
8230,34010203,(발광다이오드(LED)),수출,AU,호주,3,2025.10,34010203,(발광다이오드(LED))
19680,34010203,(발광다이오드(LED)),수출,BR,브라질,4,2025.10,34010203,(발광다이오드(LED))
36676,34010203,(발광다이오드(LED)),수출,CA,캐나다,24,2025.10,34010203,(발광다이오드(LED))
7962464,34010203,(발광다이오드(LED)),수출,CN,중국,6513,2025.10,34010203,(발광다이오드(LED))
2694,34010203,(발광다이오드(LED)),수출,CZ,체코공화국,11,2025.10,34010203,(발광다이오드(LED))
414950,34010203,(발광다이오드(LED)),수출,DE,독일,202,2025.10,34010203,(발광다이오드(LED))
11483,34010203,(발광다이오드(LED)),수출,EG,이집트,6,2025.10,34010203,(발광다이오드(LED))
765,34010203,(발광다이오드(LED)),수출,FR,프랑스,0,2025.10,34010203,(발광다이오드(LED))
513937,34010203,(발광다이오드(LED)),수출,GB,영국,652,2025.10,34010203,(발광다이오드(LED))
1053781,34010203,(발광다이오드(LED)),수출,HK,홍콩,1112,2025.10,34010203,(발광다이오드(LED))
16200,34010203,(발광다이오드(LED)),수출,HU,헝가리,24,2025.10,34010203,(발광다이오드(LED))
181297,34010203,(발광다이오드(LED)),수출,ID,인도네시아,789,2025.10,34010203,(발광다이오드(LED))
1792506,34010203,(발광다이오드(LED)),수출,IN,인도,3563,2025.10,34010203,(발광다이오드(LED))
76442,34010203,(발광다이오드(LED)),수출,IT,이탈리아,95,2025.10,34010203,(발광다이오드(LED))
488814,34010203,(발광다이오드(LED)),수출,JP,일본,1042,2025.10,34010203,(발광다이오드(LED))
8028,34010203,(발광다이오드(LED)),수출,KH,캄보디아,30,2025.10,34010203,(발광다이오드(LED))
31,34010203,(발광다이오드(LED)),수출,KZ,카자흐스탄,1,2025.10,34010203,(발광다이오드(LED))
193,34010203,(발광다이오드(LED)),수출,LK,스리랑카,0,2025.10,34010203,(발광다이오드(LED))
45900,34010203,(발광다이오드(LED)),수출,LT,리투아니아,5,2025.10,34010203,(발광다이오드(LED))
539197,34010203,(발광다이오드(LED)),수출,MX,멕시코,1935,2025.10,34010203,(발광다이오드(LED))
43407,34010203,(발광다이오드(LED)),수출,MY,말레이시아,23,2025.10,34010203,(발광다이오드(LED))
36518,34010203,(발광다이오드(LED)),수출,NL,네덜란드,69,2025.10,34010203,(발광다이오드(LED))
10200,34010203,(발광다이오드(LED)),수출,NO,노르웨이,2,2025.10,34010203,(발광다이오드(LED))
9,34010203,(발광다이오드(LED)),수출,NP,네팔,0,2025.10,34010203,(발광다이오드(LED))
13,34010203,(발광다이오드(LED)),수출,NZ,뉴질랜드,1,2025.10,34010203,(발광다이오드(LED))
9,34010203,(발광다이오드(LED)),수출,PE,페루,0,2025.10,34010203,(발광다이오드(LED))
2948,34010203,(발광다이오드(LED)),수출,PH,필리핀,160,2025.10,34010203,(발광다이오드(LED))
1253266,34010203,(발광다이오드(LED)),수출,PL,폴란드,994,2025.10,34010203,(발광다이오드(LED))
4290,34010203,(발광다이오드(LED)),수출,RU,러시아 연방,42,2025.10,34010203,(발광다이오드(LED))
10363,34010203,(발광다이오드(LED)),수출,SE,스웨덴,10,2025.10,34010203,(발광다이오드(LED))
37195,34010203,(발광다이오드(LED)),수출,SG,싱가포르,61,2025.10,34010203,(발광다이오드(LED))
266255,34010203,(발광다이오드(LED)),수출,SI,슬로베니아,155,2025.10,34010203,(발광다이오드(LED))
618,34010203,(발광다이오드(LED)),수출,SK,슬로바키아,5,2025.10,34010203,(발광다이오드(LED))
786485,34010203,(발광다이오드(LED)),수출,TH,태국,3604,2025.10,34010203,(발광다이오드(LED))
44363,34010203,(발광다이오드(LED)),수출,TR,튀르키예,1301,2025.10,34010203,(발광다이오드(LED))
461089,34010203,(발광다이오드(LED)),수출,TW,대만,214,2025.10,34010203,(발광다이오드(LED))
344842,34010203,(발광다이오드(LED)),수출,US,미국,477,2025.10,34010203,(발광다이오드(LED))
4583685,34010203,(발광다이오드(LED)),수출,VN,베트남,11654,2025.10,34010203,(발광다이오드(LED))
70,34010203,(발광다이오드(LED)),수출,ZA,남아프리카공화국,2,2025.10,34010203,(발광다이오드(LED))
227048,34010203,(발광다이오드(LED)),수출,AE,아랍에미리트 연합,13774,2025.11,34010203,(발광다이오드(LED))
4393,34010203,(발광다이오드(LED)),수출,AR,아르헨티나,10,2025.11,34010203,(발광다이오드(LED))
1631,34010203,(발광다이오드(LED)),수출,AT,오스트리아,21,2025.11,34010203,(발광다이오드(LED))
16710,34010203,(발광다이오드(LED)),수출,AU,호주,4,2025.11,34010203,(발광다이오드(LED))
1800,34010203,(발광다이오드(LED)),수출,BG,불가리아,10,2025.11,34010203,(발광다이오드(LED))
1411,34010203,(발광다이오드(LED)),수출,BR,브라질,1,2025.11,34010203,(발광다이오드(LED))
12480,34010203,(발광다이오드(LED)),수출,CA,캐나다,9,2025.11,34010203,(발광다이오드(LED))
554,34010203,(발광다이오드(LED)),수출,CL,칠레,34,2025.11,34010203,(발광다이오드(LED))
10677341,34010203,(발광다이오드(LED)),수출,CN,중국,7065,2025.11,34010203,(발광다이오드(LED))
850,34010203,(발광다이오드(LED)),수출,CZ,체코공화국,1,2025.11,34010203,(발광다이오드(LED))
335299,34010203,(발광다이오드(LED)),수출,DE,독일,195,2025.11,34010203,(발광다이오드(LED))
3420,34010203,(발광다이오드(LED)),수출,EG,이집트,43,2025.11,34010203,(발광다이오드(LED))
1390,34010203,(발광다이오드(LED)),수출,FR,프랑스,0,2025.11,34010203,(발광다이오드(LED))
479967,34010203,(발광다이오드(LED)),수출,GB,영국,1176,2025.11,34010203,(발광다이오드(LED))
33600,34010203,(발광다이오드(LED)),수출,GR,그리스,0,2025.11,34010203,(발광다이오드(LED))
14707,34010203,(발광다이오드(LED)),수출,GT,과테말라,700,2025.11,34010203,(발광다이오드(LED))
1030552,34010203,(발광다이오드(LED)),수출,HK,홍콩,1058,2025.11,34010203,(발광다이오드(LED))
1183,34010203,(발광다이오드(LED)),수출,HU,헝가리,1,2025.11,34010203,(발광다이오드(LED))
129617,34010203,(발광다이오드(LED)),수출,ID,인도네시아,1288,2025.11,34010203,(발광다이오드(LED))
11400,34010203,(발광다이오드(LED)),수출,IE,아일랜드,0,2025.11,34010203,(발광다이오드(LED))
9755,34010203,(발광다이오드(LED)),수출,IL,이스라엘,1,2025.11,34010203,(발광다이오드(LED))
1395799,34010203,(발광다이오드(LED)),수출,IN,인도,2307,2025.11,34010203,(발광다이오드(LED))
76063,34010203,(발광다이오드(LED)),수출,IT,이탈리아,98,2025.11,34010203,(발광다이오드(LED))
960180,34010203,(발광다이오드(LED)),수출,JP,일본,13706,2025.11,34010203,(발광다이오드(LED))
29,34010203,(발광다이오드(LED)),수출,KZ,카자흐스탄,0,2025.11,34010203,(발광다이오드(LED))
484,34010203,(발광다이오드(LED)),수출,LK,스리랑카,2,2025.11,34010203,(발광다이오드(LED))
45900,34010203,(발광다이오드(LED)),수출,LT,리투아니아,5,2025.11,34010203,(발광다이오드(LED))
470174,34010203,(발광다이오드(LED)),수출,MX,멕시코,1311,2025.11,34010203,(발광다이오드(LED))
50153,34010203,(발광다이오드(LED)),수출,MY,말레이시아,44,2025.11,34010203,(발광다이오드(LED))
3332,34010203,(발광다이오드(LED)),수출,NE,니제르,4,2025.11,34010203,(발광다이오드(LED))
47605,34010203,(발광다이오드(LED)),수출,NL,네덜란드,80,2025.11,34010203,(발광다이오드(LED))
9,34010203,(발광다이오드(LED)),수출,NZ,뉴질랜드,2,2025.11,34010203,(발광다이오드(LED))
36,34010203,(발광다이오드(LED)),수출,PA,파나마,2,2025.11,34010203,(발광다이오드(LED))
26,34010203,(발광다이오드(LED)),수출,PE,페루,1,2025.11,34010203,(발광다이오드(LED))
3620,34010203,(발광다이오드(LED)),수출,PH,필리핀,214,2025.11,34010203,(발광다이오드(LED))
168442,34010203,(발광다이오드(LED)),수출,PL,폴란드,829,2025.11,34010203,(발광다이오드(LED))
740,34010203,(발광다이오드(LED)),수출,QA,카타르,35,2025.11,34010203,(발광다이오드(LED))
10019,34010203,(발광다이오드(LED)),수출,RU,러시아 연방,100,2025.11,34010203,(발광다이오드(LED))
168402,34010203,(발광다이오드(LED)),수출,SA,사우디아라비아,9547,2025.11,34010203,(발광다이오드(LED))
59068,34010203,(발광다이오드(LED)),수출,SE,스웨덴,145,2025.11,34010203,(발광다이오드(LED))
147087,34010203,(발광다이오드(LED)),수출,SG,싱가포르,187,2025.11,34010203,(발광다이오드(LED))
28694,34010203,(발광다이오드(LED)),수출,SI,슬로베니아,71,2025.11,34010203,(발광다이오드(LED))
1365,34010203,(발광다이오드(LED)),수출,SK,슬로바키아,5,2025.11,34010203,(발광다이오드(LED))
561876,34010203,(발광다이오드(LED)),수출,TH,태국,2061,2025.11,34010203,(발광다이오드(LED))
183390,34010203,(발광다이오드(LED)),수출,TN,튀니지,503,2025.11,34010203,(발광다이오드(LED))
8652,34010203,(발광다이오드(LED)),수출,TR,튀르키예,15,2025.11,34010203,(발광다이오드(LED))
489324,34010203,(발광다이오드(LED)),수출,TW,대만,128,2025.11,34010203,(발광다이오드(LED))
410045,34010203,(발광다이오드(LED)),수출,US,미국,504,2025.11,34010203,(발광다이오드(LED))
4162632,34010203,(발광다이오드(LED)),수출,VN,베트남,8722,2025.11,34010203,(발광다이오드(LED))
25612,34010203,(발광다이오드(LED)),수출,AE,아랍에미리트 연합,1450,2025.12,34010203,(발광다이오드(LED))
5114,34010203,(발광다이오드(LED)),수출,AR,아르헨티나,16,2025.12,34010203,(발광다이오드(LED))
52,34010203,(발광다이오드(LED)),수출,AT,오스트리아,1,2025.12,34010203,(발광다이오드(LED))
560,34010203,(발광다이오드(LED)),수출,AU,호주,1,2025.12,34010203,(발광다이오드(LED))
5580,34010203,(발광다이오드(LED)),수출,BG,불가리아,3,2025.12,34010203,(발광다이오드(LED))
1150,34010203,(발광다이오드(LED)),수출,BR,브라질,2,2025.12,34010203,(발광다이오드(LED))
44140,34010203,(발광다이오드(LED)),수출,CA,캐나다,21,2025.12,34010203,(발광다이오드(LED))
1434,34010203,(발광다이오드(LED)),수출,CH,스위스,3,2025.12,34010203,(발광다이오드(LED))
41,34010203,(발광다이오드(LED)),수출,CL,칠레,2,2025.12,34010203,(발광다이오드(LED))
11141601,34010203,(발광다이오드(LED)),수출,CN,중국,7340,2025.12,34010203,(발광다이오드(LED))
334,34010203,(발광다이오드(LED)),수출,CZ,체코공화국,7,2025.12,34010203,(발광다이오드(LED))
400410,34010203,(발광다이오드(LED)),수출,DE,독일,250,2025.12,34010203,(발광다이오드(LED))
14889,34010203,(발광다이오드(LED)),수출,EG,이집트,17,2025.12,34010203,(발광다이오드(LED))
4287,34010203,(발광다이오드(LED)),수출,FR,프랑스,16,2025.12,34010203,(발광다이오드(LED))
72953,34010203,(발광다이오드(LED)),수출,GB,영국,248,2025.12,34010203,(발광다이오드(LED))
1236348,34010203,(발광다이오드(LED)),수출,HK,홍콩,1423,2025.12,34010203,(발광다이오드(LED))
3383,34010203,(발광다이오드(LED)),수출,HU,헝가리,10,2025.12,34010203,(발광다이오드(LED))
258715,34010203,(발광다이오드(LED)),수출,ID,인도네시아,1312,2025.12,34010203,(발광다이오드(LED))
26400,34010203,(발광다이오드(LED)),수출,IE,아일랜드,10,2025.12,34010203,(발광다이오드(LED))
58253,34010203,(발광다이오드(LED)),수출,IL,이스라엘,6,2025.12,34010203,(발광다이오드(LED))
1173128,34010203,(발광다이오드(LED)),수출,IN,인도,2148,2025.12,34010203,(발광다이오드(LED))
364135,34010203,(발광다이오드(LED)),수출,JP,일본,675,2025.12,34010203,(발광다이오드(LED))
47,34010203,(발광다이오드(LED)),수출,KZ,카자흐스탄,1,2025.12,34010203,(발광다이오드(LED))
52225,34010203,(발광다이오드(LED)),수출,LT,리투아니아,6,2025.12,34010203,(발광다이오드(LED))
510626,34010203,(발광다이오드(LED)),수출,MX,멕시코,1229,2025.12,34010203,(발광다이오드(LED))
102733,34010203,(발광다이오드(LED)),수출,MY,말레이시아,39,2025.12,34010203,(발광다이오드(LED))
32220,34010203,(발광다이오드(LED)),수출,NL,네덜란드,58,2025.12,34010203,(발광다이오드(LED))
4,34010203,(발광다이오드(LED)),수출,NZ,뉴질랜드,0,2025.12,34010203,(발광다이오드(LED))
40,34010203,(발광다이오드(LED)),수출,PA,파나마,1,2025.12,34010203,(발광다이오드(LED))
4134,34010203,(발광다이오드(LED)),수출,PH,필리핀,271,2025.12,34010203,(발광다이오드(LED))
502621,34010203,(발광다이오드(LED)),수출,PL,폴란드,981,2025.12,34010203,(발광다이오드(LED))
475,34010203,(발광다이오드(LED)),수출,RO,루마니아,0,2025.12,34010203,(발광다이오드(LED))
4200,34010203,(발광다이오드(LED)),수출,RS,세르비아,130,2025.12,34010203,(발광다이오드(LED))
19558,34010203,(발광다이오드(LED)),수출,RU,러시아 연방,200,2025.12,34010203,(발광다이오드(LED))
94527,34010203,(발광다이오드(LED)),수출,SE,스웨덴,258,2025.12,34010203,(발광다이오드(LED))
29442,34010203,(발광다이오드(LED)),수출,SG,싱가포르,22,2025.12,34010203,(발광다이오드(LED))
128120,34010203,(발광다이오드(LED)),수출,SI,슬로베니아,260,2025.12,34010203,(발광다이오드(LED))
7712,34010203,(발광다이오드(LED)),수출,SK,슬로바키아,106,2025.12,34010203,(발광다이오드(LED))
666597,34010203,(발광다이오드(LED)),수출,TH,태국,3231,2025.12,34010203,(발광다이오드(LED))
369277,34010203,(발광다이오드(LED)),수출,TR,튀르키예,13526,2025.12,34010203,(발광다이오드(LED))
230996,34010203,(발광다이오드(LED)),수출,TW,대만,83,2025.12,34010203,(발광다이오드(LED))
54672,34010203,(발광다이오드(LED)),수출,UA,우크라이나,163,2025.12,34010203,(발광다이오드(LED))
1226070,34010203,(발광다이오드(LED)),수출,US,미국,1373,2025.12,34010203,(발광다이오드(LED))
4404087,34010203,(발광다이오드(LED)),수출,VN,베트남,14440,2025.12,34010203,(발광다이오드(LED))
6,34010203,(발광다이오드(LED)),수출,ZA,남아프리카공화국,0,2025.12,34010203,(발광다이오드(LED))
7105,34010203,(발광다이오드(LED)),수출,AE,아랍에미리트 연합,267,2026.01,34010203,(발광다이오드(LED))
6763,34010203,(발광다이오드(LED)),수출,AR,아르헨티나,30,2026.01,34010203,(발광다이오드(LED))
24854,34010203,(발광다이오드(LED)),수출,AU,호주,19,2026.01,34010203,(발광다이오드(LED))
10738,34010203,(발광다이오드(LED)),수출,BE,벨기에,11,2026.01,34010203,(발광다이오드(LED))
4730,34010203,(발광다이오드(LED)),수출,BH,바레인,100,2026.01,34010203,(발광다이오드(LED))
1920,34010203,(발광다이오드(LED)),수출,BR,브라질,73,2026.01,34010203,(발광다이오드(LED))
45705,34010203,(발광다이오드(LED)),수출,CA,캐나다,16,2026.01,34010203,(발광다이오드(LED))
1382,34010203,(발광다이오드(LED)),수출,CH,스위스,2,2026.01,34010203,(발광다이오드(LED))
149,34010203,(발광다이오드(LED)),수출,CL,칠레,7,2026.01,34010203,(발광다이오드(LED))
11345660,34010203,(발광다이오드(LED)),수출,CN,중국,6491,2026.01,34010203,(발광다이오드(LED))
40,34010203,(발광다이오드(LED)),수출,CO,콜롬비아,1,2026.01,34010203,(발광다이오드(LED))
94,34010203,(발광다이오드(LED)),수출,CZ,체코공화국,1,2026.01,34010203,(발광다이오드(LED))
529616,34010203,(발광다이오드(LED)),수출,DE,독일,385,2026.01,34010203,(발광다이오드(LED))
7113,34010203,(발광다이오드(LED)),수출,EG,이집트,4,2026.01,34010203,(발광다이오드(LED))
63,34010203,(발광다이오드(LED)),수출,ES,스페인,2,2026.01,34010203,(발광다이오드(LED))
5232,34010203,(발광다이오드(LED)),수출,FR,프랑스,1,2026.01,34010203,(발광다이오드(LED))
74572,34010203,(발광다이오드(LED)),수출,GB,영국,115,2026.01,34010203,(발광다이오드(LED))
20000,34010203,(발광다이오드(LED)),수출,GR,그리스,0,2026.01,34010203,(발광다이오드(LED))
1578161,34010203,(발광다이오드(LED)),수출,HK,홍콩,2486,2026.01,34010203,(발광다이오드(LED))
5768,34010203,(발광다이오드(LED)),수출,HU,헝가리,8,2026.01,34010203,(발광다이오드(LED))
129366,34010203,(발광다이오드(LED)),수출,ID,인도네시아,1784,2026.01,34010203,(발광다이오드(LED))
20,34010203,(발광다이오드(LED)),수출,IL,이스라엘,2,2026.01,34010203,(발광다이오드(LED))
1198800,34010203,(발광다이오드(LED)),수출,IN,인도,2120,2026.01,34010203,(발광다이오드(LED))
193713,34010203,(발광다이오드(LED)),수출,IQ,이라크,11040,2026.01,34010203,(발광다이오드(LED))
182317,34010203,(발광다이오드(LED)),수출,IT,이탈리아,361,2026.01,34010203,(발광다이오드(LED))
856653,34010203,(발광다이오드(LED)),수출,JP,일본,13817,2026.01,34010203,(발광다이오드(LED))
24581,34010203,(발광다이오드(LED)),수출,KW,쿠웨이트,1295,2026.01,34010203,(발광다이오드(LED))
34,34010203,(발광다이오드(LED)),수출,KZ,카자흐스탄,4,2026.01,34010203,(발광다이오드(LED))
463,34010203,(발광다이오드(LED)),수출,LK,스리랑카,0,2026.01,34010203,(발광다이오드(LED))
45900,34010203,(발광다이오드(LED)),수출,LT,리투아니아,5,2026.01,34010203,(발광다이오드(LED))
566363,34010203,(발광다이오드(LED)),수출,MX,멕시코,2091,2026.01,34010203,(발광다이오드(LED))
76621,34010203,(발광다이오드(LED)),수출,MY,말레이시아,131,2026.01,34010203,(발광다이오드(LED))
22808,34010203,(발광다이오드(LED)),수출,NL,네덜란드,78,2026.01,34010203,(발광다이오드(LED))
5,34010203,(발광다이오드(LED)),수출,NP,네팔,1,2026.01,34010203,(발광다이오드(LED))
6,34010203,(발광다이오드(LED)),수출,NZ,뉴질랜드,1,2026.01,34010203,(발광다이오드(LED))
172,34010203,(발광다이오드(LED)),수출,PA,파나마,5,2026.01,34010203,(발광다이오드(LED))
138,34010203,(발광다이오드(LED)),수출,PE,페루,10,2026.01,34010203,(발광다이오드(LED))
11369,34010203,(발광다이오드(LED)),수출,PH,필리핀,357,2026.01,34010203,(발광다이오드(LED))
1057415,34010203,(발광다이오드(LED)),수출,PL,폴란드,1570,2026.01,34010203,(발광다이오드(LED))
26962,34010203,(발광다이오드(LED)),수출,RU,러시아 연방,279,2026.01,34010203,(발광다이오드(LED))
29777,34010203,(발광다이오드(LED)),수출,SE,스웨덴,76,2026.01,34010203,(발광다이오드(LED))
260266,34010203,(발광다이오드(LED)),수출,SG,싱가포르,351,2026.01,34010203,(발광다이오드(LED))
15181,34010203,(발광다이오드(LED)),수출,SI,슬로베니아,11,2026.01,34010203,(발광다이오드(LED))
1630,34010203,(발광다이오드(LED)),수출,SK,슬로바키아,66,2026.01,34010203,(발광다이오드(LED))
650808,34010203,(발광다이오드(LED)),수출,TH,태국,3383,2026.01,34010203,(발광다이오드(LED))
116447,34010203,(발광다이오드(LED)),수출,TN,튀니지,355,2026.01,34010203,(발광다이오드(LED))
6797,34010203,(발광다이오드(LED)),수출,TR,튀르키예,102,2026.01,34010203,(발광다이오드(LED))
539563,34010203,(발광다이오드(LED)),수출,TW,대만,158,2026.01,34010203,(발광다이오드(LED))
2041,34010203,(발광다이오드(LED)),수출,UA,우크라이나,2,2026.01,34010203,(발광다이오드(LED))
451214,34010203,(발광다이오드(LED)),수출,US,미국,880,2026.01,34010203,(발광다이오드(LED))
4393706,34010203,(발광다이오드(LED)),수출,VN,베트남,10940,2026.01,34010203,(발광다이오드(LED))
153,34010203,(발광다이오드(LED)),수출,ZA,남아프리카공화국,2,2026.01,34010203,(발광다이오드(LED))
1255,34010203,(발광다이오드(LED)),수출,AE,아랍에미리트 연합,46,2026.02,34010203,(발광다이오드(LED))
10691,34010203,(발광다이오드(LED)),수출,AR,아르헨티나,32,2026.02,34010203,(발광다이오드(LED))
5748,34010203,(발광다이오드(LED)),수출,AU,호주,14,2026.02,34010203,(발광다이오드(LED))
3670,34010203,(발광다이오드(LED)),수출,BR,브라질,122,2026.02,34010203,(발광다이오드(LED))
302,34010203,(발광다이오드(LED)),수출,CA,캐나다,4,2026.02,34010203,(발광다이오드(LED))
96905,34010203,(발광다이오드(LED)),수출,CH,스위스,29,2026.02,34010203,(발광다이오드(LED))
39,34010203,(발광다이오드(LED)),수출,CL,칠레,2,2026.02,34010203,(발광다이오드(LED))
10228425,34010203,(발광다이오드(LED)),수출,CN,중국,6437,2026.02,34010203,(발광다이오드(LED))
163,34010203,(발광다이오드(LED)),수출,CO,콜롬비아,7,2026.02,34010203,(발광다이오드(LED))
283,34010203,(발광다이오드(LED)),수출,CZ,체코공화국,1,2026.02,34010203,(발광다이오드(LED))
507141,34010203,(발광다이오드(LED)),수출,DE,독일,338,2026.02,34010203,(발광다이오드(LED))
8476,34010203,(발광다이오드(LED)),수출,EG,이집트,6,2026.02,34010203,(발광다이오드(LED))
269520,34010203,(발광다이오드(LED)),수출,ES,스페인,42,2026.02,34010203,(발광다이오드(LED))
695,34010203,(발광다이오드(LED)),수출,FR,프랑스,0,2026.02,34010203,(발광다이오드(LED))
107432,34010203,(발광다이오드(LED)),수출,GB,영국,198,2026.02,34010203,(발광다이오드(LED))
587309,34010203,(발광다이오드(LED)),수출,HK,홍콩,488,2026.02,34010203,(발광다이오드(LED))
484,34010203,(발광다이오드(LED)),수출,HU,헝가리,0,2026.02,34010203,(발광다이오드(LED))
166936,34010203,(발광다이오드(LED)),수출,ID,인도네시아,1237,2026.02,34010203,(발광다이오드(LED))
984911,34010203,(발광다이오드(LED)),수출,IN,인도,1539,2026.02,34010203,(발광다이오드(LED))
103465,34010203,(발광다이오드(LED)),수출,IT,이탈리아,125,2026.02,34010203,(발광다이오드(LED))
660602,34010203,(발광다이오드(LED)),수출,JP,일본,7608,2026.02,34010203,(발광다이오드(LED))
97,34010203,(발광다이오드(LED)),수출,KZ,카자흐스탄,4,2026.02,34010203,(발광다이오드(LED))
12900,34010203,(발광다이오드(LED)),수출,LT,리투아니아,3,2026.02,34010203,(발광다이오드(LED))
3650989,34010203,(발광다이오드(LED)),수출,MX,멕시코,78511,2026.02,34010203,(발광다이오드(LED))
141985,34010203,(발광다이오드(LED)),수출,MY,말레이시아,74,2026.02,34010203,(발광다이오드(LED))
150058,34010203,(발광다이오드(LED)),수출,NL,네덜란드,251,2026.02,34010203,(발광다이오드(LED))
687,34010203,(발광다이오드(LED)),수출,PA,파나마,24,2026.02,34010203,(발광다이오드(LED))
159,34010203,(발광다이오드(LED)),수출,PE,페루,8,2026.02,34010203,(발광다이오드(LED))
924,34010203,(발광다이오드(LED)),수출,PH,필리핀,25,2026.02,34010203,(발광다이오드(LED))
696304,34010203,(발광다이오드(LED)),수출,PL,폴란드,923,2026.02,34010203,(발광다이오드(LED))
73255,34010203,(발광다이오드(LED)),수출,RO,루마니아,17,2026.02,34010203,(발광다이오드(LED))
27545,34010203,(발광다이오드(LED)),수출,RU,러시아 연방,283,2026.02,34010203,(발광다이오드(LED))
14594,34010203,(발광다이오드(LED)),수출,SE,스웨덴,25,2026.02,34010203,(발광다이오드(LED))
155360,34010203,(발광다이오드(LED)),수출,SG,싱가포르,151,2026.02,34010203,(발광다이오드(LED))
48885,34010203,(발광다이오드(LED)),수출,SI,슬로베니아,74,2026.02,34010203,(발광다이오드(LED))
2494,34010203,(발광다이오드(LED)),수출,SK,슬로바키아,71,2026.02,34010203,(발광다이오드(LED))
637696,34010203,(발광다이오드(LED)),수출,TH,태국,4296,2026.02,34010203,(발광다이오드(LED))
160493,34010203,(발광다이오드(LED)),수출,TN,튀니지,476,2026.02,34010203,(발광다이오드(LED))
6272,34010203,(발광다이오드(LED)),수출,TR,튀르키예,17,2026.02,34010203,(발광다이오드(LED))
265524,34010203,(발광다이오드(LED)),수출,TW,대만,57,2026.02,34010203,(발광다이오드(LED))
26608,34010203,(발광다이오드(LED)),수출,UA,우크라이나,54,2026.02,34010203,(발광다이오드(LED))
413697,34010203,(발광다이오드(LED)),수출,US,미국,576,2026.02,34010203,(발광다이오드(LED))
3834389,34010203,(발광다이오드(LED)),수출,VN,베트남,10437,2026.02,34010203,(발광다이오드(LED))
39,34010203,(발광다이오드(LED)),수출,ZA,남아프리카공화국,1,2026.02,34010203,(발광다이오드(LED))
1708,34010203,(발광다이오드(LED)),수출,AE,아랍에미리트 연합,38,2026.03,34010203,(발광다이오드(LED))
57840,34010203,(발광다이오드(LED)),수출,AR,아르헨티나,80,2026.03,34010203,(발광다이오드(LED))
7073,34010203,(발광다이오드(LED)),수출,AU,호주,37,2026.03,34010203,(발광다이오드(LED))
9993,34010203,(발광다이오드(LED)),수출,BR,브라질,150,2026.03,34010203,(발광다이오드(LED))
54102,34010203,(발광다이오드(LED)),수출,CA,캐나다,19,2026.03,34010203,(발광다이오드(LED))
7888,34010203,(발광다이오드(LED)),수출,CH,스위스,6,2026.03,34010203,(발광다이오드(LED))
151,34010203,(발광다이오드(LED)),수출,CL,칠레,7,2026.03,34010203,(발광다이오드(LED))
4593693,34010203,(발광다이오드(LED)),수출,CN,중국,6292,2026.03,34010203,(발광다이오드(LED))
33,34010203,(발광다이오드(LED)),수출,CO,콜롬비아,1,2026.03,34010203,(발광다이오드(LED))
6004,34010203,(발광다이오드(LED)),수출,CZ,체코공화국,11,2026.03,34010203,(발광다이오드(LED))
665391,34010203,(발광다이오드(LED)),수출,DE,독일,404,2026.03,34010203,(발광다이오드(LED))
2861,34010203,(발광다이오드(LED)),수출,EG,이집트,3,2026.03,34010203,(발광다이오드(LED))
232,34010203,(발광다이오드(LED)),수출,ES,스페인,62,2026.03,34010203,(발광다이오드(LED))
1390,34010203,(발광다이오드(LED)),수출,FR,프랑스,1,2026.03,34010203,(발광다이오드(LED))
102989,34010203,(발광다이오드(LED)),수출,GB,영국,153,2026.03,34010203,(발광다이오드(LED))
801010,34010203,(발광다이오드(LED)),수출,HK,홍콩,719,2026.03,34010203,(발광다이오드(LED))
1544,34010203,(발광다이오드(LED)),수출,HU,헝가리,25,2026.03,34010203,(발광다이오드(LED))
142450,34010203,(발광다이오드(LED)),수출,ID,인도네시아,1568,2026.03,34010203,(발광다이오드(LED))
61815,34010203,(발광다이오드(LED)),수출,IL,이스라엘,2,2026.03,34010203,(발광다이오드(LED))
1381555,34010203,(발광다이오드(LED)),수출,IN,인도,1736,2026.03,34010203,(발광다이오드(LED))
41062,34010203,(발광다이오드(LED)),수출,IT,이탈리아,59,2026.03,34010203,(발광다이오드(LED))
595563,34010203,(발광다이오드(LED)),수출,JP,일본,950,2026.03,34010203,(발광다이오드(LED))
2057,34010203,(발광다이오드(LED)),수출,KH,캄보디아,10,2026.03,34010203,(발광다이오드(LED))
12,34010203,(발광다이오드(LED)),수출,KZ,카자흐스탄,0,2026.03,34010203,(발광다이오드(LED))
15950,34010203,(발광다이오드(LED)),수출,LT,리투아니아,1,2026.03,34010203,(발광다이오드(LED))
1106908,34010203,(발광다이오드(LED)),수출,MX,멕시코,8298,2026.03,34010203,(발광다이오드(LED))
138522,34010203,(발광다이오드(LED)),수출,MY,말레이시아,61,2026.03,34010203,(발광다이오드(LED))
86687,34010203,(발광다이오드(LED)),수출,NL,네덜란드,99,2026.03,34010203,(발광다이오드(LED))
15,34010203,(발광다이오드(LED)),수출,NZ,뉴질랜드,1,2026.03,34010203,(발광다이오드(LED))
508,34010203,(발광다이오드(LED)),수출,PA,파나마,19,2026.03,34010203,(발광다이오드(LED))
132,34010203,(발광다이오드(LED)),수출,PE,페루,6,2026.03,34010203,(발광다이오드(LED))
3217,34010203,(발광다이오드(LED)),수출,PH,필리핀,99,2026.03,34010203,(발광다이오드(LED))
623658,34010203,(발광다이오드(LED)),수출,PL,폴란드,1048,2026.03,34010203,(발광다이오드(LED))
36242,34010203,(발광다이오드(LED)),수출,RU,러시아 연방,370,2026.03,34010203,(발광다이오드(LED))
102143,34010203,(발광다이오드(LED)),수출,SE,스웨덴,277,2026.03,34010203,(발광다이오드(LED))
238618,34010203,(발광다이오드(LED)),수출,SG,싱가포르,224,2026.03,34010203,(발광다이오드(LED))
125658,34010203,(발광다이오드(LED)),수출,SI,슬로베니아,125,2026.03,34010203,(발광다이오드(LED))
219,34010203,(발광다이오드(LED)),수출,SK,슬로바키아,8,2026.03,34010203,(발광다이오드(LED))
574797,34010203,(발광다이오드(LED)),수출,TH,태국,1522,2026.03,34010203,(발광다이오드(LED))
113004,34010203,(발광다이오드(LED)),수출,TN,튀니지,318,2026.03,34010203,(발광다이오드(LED))
8080,34010203,(발광다이오드(LED)),수출,TR,튀르키예,33,2026.03,34010203,(발광다이오드(LED))
217520,34010203,(발광다이오드(LED)),수출,TW,대만,75,2026.03,34010203,(발광다이오드(LED))
9310,34010203,(발광다이오드(LED)),수출,UA,우크라이나,15,2026.03,34010203,(발광다이오드(LED))
357541,34010203,(발광다이오드(LED)),수출,US,미국,873,2026.03,34010203,(발광다이오드(LED))
1064,34010203,(발광다이오드(LED)),수출,UZ,우즈베키스탄,8,2026.03,34010203,(발광다이오드(LED))
4267559,34010203,(발광다이오드(LED)),수출,VN,베트남,7437,2026.03,34010203,(발광다이오드(LED))
323,34010203,(발광다이오드(LED)),수출,ZA,남아프리카공화국,10,2026.03,34010203,(발광다이오드(LED))
25856,34010203,(발광다이오드(LED)),수출,AE,아랍에미리트 연합,1443,2026.04,34010203,(발광다이오드(LED))
35253,34010203,(발광다이오드(LED)),수출,AR,아르헨티나,97,2026.04,34010203,(발광다이오드(LED))
9450,34010203,(발광다이오드(LED)),수출,AU,호주,82,2026.04,34010203,(발광다이오드(LED))
15382,34010203,(발광다이오드(LED)),수출,BE,벨기에,21,2026.04,34010203,(발광다이오드(LED))
145726,34010203,(발광다이오드(LED)),수출,BR,브라질,5930,2026.04,34010203,(발광다이오드(LED))
34273,34010203,(발광다이오드(LED)),수출,CA,캐나다,258,2026.04,34010203,(발광다이오드(LED))
247,34010203,(발광다이오드(LED)),수출,CL,칠레,9,2026.04,34010203,(발광다이오드(LED))
6803274,34010203,(발광다이오드(LED)),수출,CN,중국,9643,2026.04,34010203,(발광다이오드(LED))
21,34010203,(발광다이오드(LED)),수출,CO,콜롬비아,1,2026.04,34010203,(발광다이오드(LED))
555,34010203,(발광다이오드(LED)),수출,CZ,체코공화국,1,2026.04,34010203,(발광다이오드(LED))
755814,34010203,(발광다이오드(LED)),수출,DE,독일,387,2026.04,34010203,(발광다이오드(LED))
60,34010203,(발광다이오드(LED)),수출,EE,에스토니아,0,2026.04,34010203,(발광다이오드(LED))
7801,34010203,(발광다이오드(LED)),수출,EG,이집트,15,2026.04,34010203,(발광다이오드(LED))
638,34010203,(발광다이오드(LED)),수출,ES,스페인,22,2026.04,34010203,(발광다이오드(LED))
4016,34010203,(발광다이오드(LED)),수출,FR,프랑스,4,2026.04,34010203,(발광다이오드(LED))
89796,34010203,(발광다이오드(LED)),수출,GB,영국,151,2026.04,34010203,(발광다이오드(LED))
1327210,34010203,(발광다이오드(LED)),수출,HK,홍콩,1394,2026.04,34010203,(발광다이오드(LED))
27900,34010203,(발광다이오드(LED)),수출,HU,헝가리,28,2026.04,34010203,(발광다이오드(LED))
233194,34010203,(발광다이오드(LED)),수출,ID,인도네시아,2014,2026.04,34010203,(발광다이오드(LED))
36042,34010203,(발광다이오드(LED)),수출,IE,아일랜드,13,2026.04,34010203,(발광다이오드(LED))
410,34010203,(발광다이오드(LED)),수출,IL,이스라엘,0,2026.04,34010203,(발광다이오드(LED))
2174244,34010203,(발광다이오드(LED)),수출,IN,인도,7541,2026.04,34010203,(발광다이오드(LED))
60202,34010203,(발광다이오드(LED)),수출,IT,이탈리아,59,2026.04,34010203,(발광다이오드(LED))
963162,34010203,(발광다이오드(LED)),수출,JP,일본,14272,2026.04,34010203,(발광다이오드(LED))
21,34010203,(발광다이오드(LED)),수출,KZ,카자흐스탄,1,2026.04,34010203,(발광다이오드(LED))
2427,34010203,(발광다이오드(LED)),수출,LK,스리랑카,0,2026.04,34010203,(발광다이오드(LED))
109100,34010203,(발광다이오드(LED)),수출,LT,리투아니아,12,2026.04,34010203,(발광다이오드(LED))
33,34010203,(발광다이오드(LED)),수출,MA,모로코,1,2026.04,34010203,(발광다이오드(LED))
953970,34010203,(발광다이오드(LED)),수출,MX,멕시코,1473,2026.04,34010203,(발광다이오드(LED))
42542,34010203,(발광다이오드(LED)),수출,MY,말레이시아,48,2026.04,34010203,(발광다이오드(LED))
29656,34010203,(발광다이오드(LED)),수출,NL,네덜란드,119,2026.04,34010203,(발광다이오드(LED))
1467,34010203,(발광다이오드(LED)),수출,PA,파나마,57,2026.04,34010203,(발광다이오드(LED))
172,34010203,(발광다이오드(LED)),수출,PE,페루,7,2026.04,34010203,(발광다이오드(LED))
26307,34010203,(발광다이오드(LED)),수출,PH,필리핀,1133,2026.04,34010203,(발광다이오드(LED))
817731,34010203,(발광다이오드(LED)),수출,PL,폴란드,1667,2026.04,34010203,(발광다이오드(LED))
4498,34010203,(발광다이오드(LED)),수출,RO,루마니아,1,2026.04,34010203,(발광다이오드(LED))
4200,34010203,(발광다이오드(LED)),수출,RS,세르비아,130,2026.04,34010203,(발광다이오드(LED))
31262,34010203,(발광다이오드(LED)),수출,SA,사우디아라비아,1767,2026.04,34010203,(발광다이오드(LED))
36791,34010203,(발광다이오드(LED)),수출,SE,스웨덴,91,2026.04,34010203,(발광다이오드(LED))
213142,34010203,(발광다이오드(LED)),수출,SG,싱가포르,229,2026.04,34010203,(발광다이오드(LED))
314939,34010203,(발광다이오드(LED)),수출,SI,슬로베니아,908,2026.04,34010203,(발광다이오드(LED))
346,34010203,(발광다이오드(LED)),수출,SK,슬로바키아,4,2026.04,34010203,(발광다이오드(LED))
677980,34010203,(발광다이오드(LED)),수출,TH,태국,3536,2026.04,34010203,(발광다이오드(LED))
248638,34010203,(발광다이오드(LED)),수출,TN,튀니지,681,2026.04,34010203,(발광다이오드(LED))
13209,34010203,(발광다이오드(LED)),수출,TR,튀르키예,12,2026.04,34010203,(발광다이오드(LED))
283996,34010203,(발광다이오드(LED)),수출,TW,대만,121,2026.04,34010203,(발광다이오드(LED))
52436,34010203,(발광다이오드(LED)),수출,UA,우크라이나,92,2026.04,34010203,(발광다이오드(LED))
781281,34010203,(발광다이오드(LED)),수출,US,미국,706,2026.04,34010203,(발광다이오드(LED))
5122921,34010203,(발광다이오드(LED)),수출,VN,베트남,16004,2026.04,34010203,(발광다이오드(LED))
201,34010203,(발광다이오드(LED)),수출,ZA,남아프리카공화국,8,2026.04,34010203,(발광다이오드(LED))
2082,34010203,(발광다이오드(LED)),수출,AE,아랍에미리트 연합,83,2026.05,34010203,(발광다이오드(LED))
35038,34010203,(발광다이오드(LED)),수출,AR,아르헨티나,62,2026.05,34010203,(발광다이오드(LED))
443,34010203,(발광다이오드(LED)),수출,AT,오스트리아,2,2026.05,34010203,(발광다이오드(LED))
9239,34010203,(발광다이오드(LED)),수출,AU,호주,19,2026.05,34010203,(발광다이오드(LED))
3240,34010203,(발광다이오드(LED)),수출,BE,벨기에,23,2026.05,34010203,(발광다이오드(LED))
4566,34010203,(발광다이오드(LED)),수출,BR,브라질,36,2026.05,34010203,(발광다이오드(LED))
80074,34010203,(발광다이오드(LED)),수출,CA,캐나다,35,2026.05,34010203,(발광다이오드(LED))
4131,34010203,(발광다이오드(LED)),수출,CH,스위스,2,2026.05,34010203,(발광다이오드(LED))
169,34010203,(발광다이오드(LED)),수출,CL,칠레,6,2026.05,34010203,(발광다이오드(LED))
4546735,34010203,(발광다이오드(LED)),수출,CN,중국,5889,2026.05,34010203,(발광다이오드(LED))
438,34010203,(발광다이오드(LED)),수출,CO,콜롬비아,15,2026.05,34010203,(발광다이오드(LED))
1049,34010203,(발광다이오드(LED)),수출,CR,코스타리카,1,2026.05,34010203,(발광다이오드(LED))
1771,34010203,(발광다이오드(LED)),수출,CZ,체코공화국,1,2026.05,34010203,(발광다이오드(LED))
513796,34010203,(발광다이오드(LED)),수출,DE,독일,574,2026.05,34010203,(발광다이오드(LED))
8712,34010203,(발광다이오드(LED)),수출,EG,이집트,15,2026.05,34010203,(발광다이오드(LED))
118,34010203,(발광다이오드(LED)),수출,ES,스페인,6,2026.05,34010203,(발광다이오드(LED))
4560,34010203,(발광다이오드(LED)),수출,FR,프랑스,1,2026.05,34010203,(발광다이오드(LED))
127210,34010203,(발광다이오드(LED)),수출,GB,영국,379,2026.05,34010203,(발광다이오드(LED))
1863046,34010203,(발광다이오드(LED)),수출,HK,홍콩,1584,2026.05,34010203,(발광다이오드(LED))
6549,34010203,(발광다이오드(LED)),수출,HU,헝가리,8,2026.05,34010203,(발광다이오드(LED))
111044,34010203,(발광다이오드(LED)),수출,ID,인도네시아,645,2026.05,34010203,(발광다이오드(LED))
23800,34010203,(발광다이오드(LED)),수출,IE,아일랜드,5,2026.05,34010203,(발광다이오드(LED))
16070,34010203,(발광다이오드(LED)),수출,IL,이스라엘,40,2026.05,34010203,(발광다이오드(LED))
1663036,34010203,(발광다이오드(LED)),수출,IN,인도,3369,2026.05,34010203,(발광다이오드(LED))
90000,34010203,(발광다이오드(LED)),수출,IQ,이라크,5040,2026.05,34010203,(발광다이오드(LED))
39946,34010203,(발광다이오드(LED)),수출,IT,이탈리아,49,2026.05,34010203,(발광다이오드(LED))
1014450,34010203,(발광다이오드(LED)),수출,JP,일본,11394,2026.05,34010203,(발광다이오드(LED))
6171,34010203,(발광다이오드(LED)),수출,KH,캄보디아,20,2026.05,34010203,(발광다이오드(LED))
1,34010203,(발광다이오드(LED)),수출,KZ,카자흐스탄,0,2026.05,34010203,(발광다이오드(LED))
45900,34010203,(발광다이오드(LED)),수출,LT,리투아니아,5,2026.05,34010203,(발광다이오드(LED))
699273,34010203,(발광다이오드(LED)),수출,MX,멕시코,992,2026.05,34010203,(발광다이오드(LED))
233307,34010203,(발광다이오드(LED)),수출,MY,말레이시아,50,2026.05,34010203,(발광다이오드(LED))
98260,34010203,(발광다이오드(LED)),수출,NL,네덜란드,200,2026.05,34010203,(발광다이오드(LED))
18,34010203,(발광다이오드(LED)),수출,NZ,뉴질랜드,2,2026.05,34010203,(발광다이오드(LED))
42,34010203,(발광다이오드(LED)),수출,PA,파나마,2,2026.05,34010203,(발광다이오드(LED))
68,34010203,(발광다이오드(LED)),수출,PE,페루,3,2026.05,34010203,(발광다이오드(LED))
2991,34010203,(발광다이오드(LED)),수출,PH,필리핀,59,2026.05,34010203,(발광다이오드(LED))
998564,34010203,(발광다이오드(LED)),수출,PL,폴란드,1061,2026.05,34010203,(발광다이오드(LED))
51012,34010203,(발광다이오드(LED)),수출,RO,루마니아,16,2026.05,34010203,(발광다이오드(LED))
162840,34010203,(발광다이오드(LED)),수출,SA,사우디아라비아,9692,2026.05,34010203,(발광다이오드(LED))
57178,34010203,(발광다이오드(LED)),수출,SE,스웨덴,128,2026.05,34010203,(발광다이오드(LED))
85363,34010203,(발광다이오드(LED)),수출,SG,싱가포르,107,2026.05,34010203,(발광다이오드(LED))
121157,34010203,(발광다이오드(LED)),수출,SI,슬로베니아,127,2026.05,34010203,(발광다이오드(LED))
411,34010203,(발광다이오드(LED)),수출,SK,슬로바키아,6,2026.05,34010203,(발광다이오드(LED))
547633,34010203,(발광다이오드(LED)),수출,TH,태국,2592,2026.05,34010203,(발광다이오드(LED))
146055,34010203,(발광다이오드(LED)),수출,TN,튀니지,382,2026.05,34010203,(발광다이오드(LED))
183266,34010203,(발광다이오드(LED)),수출,TR,튀르키예,453,2026.05,34010203,(발광다이오드(LED))
151428,34010203,(발광다이오드(LED)),수출,TW,대만,158,2026.05,34010203,(발광다이오드(LED))
39078,34010203,(발광다이오드(LED)),수출,UA,우크라이나,63,2026.05,34010203,(발광다이오드(LED))
1078017,34010203,(발광다이오드(LED)),수출,US,미국,2539,2026.05,34010203,(발광다이오드(LED))
5231495,34010203,(발광다이오드(LED)),수출,VN,베트남,11978,2026.05,34010203,(발광다이오드(LED))
302,34010203,(발광다이오드(LED)),수출,ZA,남아프리카공화국,10,2026.05,34010203,(발광다이오드(LED))
2088,34010203,(발광다이오드(LED)),수출,AE,아랍에미리트 연합,68,2026.06,34010203,(발광다이오드(LED))
50160,34010203,(발광다이오드(LED)),수출,AR,아르헨티나,128,2026.06,34010203,(발광다이오드(LED))
6529,34010203,(발광다이오드(LED)),수출,AU,호주,11,2026.06,34010203,(발광다이오드(LED))
19602,34010203,(발광다이오드(LED)),수출,BE,벨기에,26,2026.06,34010203,(발광다이오드(LED))
8038,34010203,(발광다이오드(LED)),수출,BG,불가리아,3,2026.06,34010203,(발광다이오드(LED))
18830,34010203,(발광다이오드(LED)),수출,BH,바레인,400,2026.06,34010203,(발광다이오드(LED))
2284,34010203,(발광다이오드(LED)),수출,BR,브라질,87,2026.06,34010203,(발광다이오드(LED))
70712,34010203,(발광다이오드(LED)),수출,CA,캐나다,29,2026.06,34010203,(발광다이오드(LED))
76812,34010203,(발광다이오드(LED)),수출,CH,스위스,22,2026.06,34010203,(발광다이오드(LED))
117,34010203,(발광다이오드(LED)),수출,CL,칠레,5,2026.06,34010203,(발광다이오드(LED))
5991265,34010203,(발광다이오드(LED)),수출,CN,중국,7302,2026.06,34010203,(발광다이오드(LED))
63,34010203,(발광다이오드(LED)),수출,CO,콜롬비아,3,2026.06,34010203,(발광다이오드(LED))
1665,34010203,(발광다이오드(LED)),수출,CZ,체코공화국,1,2026.06,34010203,(발광다이오드(LED))
976470,34010203,(발광다이오드(LED)),수출,DE,독일,503,2026.06,34010203,(발광다이오드(LED))
187,34010203,(발광다이오드(LED)),수출,DZ,알제리,10,2026.06,34010203,(발광다이오드(LED))
5928,34010203,(발광다이오드(LED)),수출,EG,이집트,10,2026.06,34010203,(발광다이오드(LED))
186,34010203,(발광다이오드(LED)),수출,ES,스페인,9,2026.06,34010203,(발광다이오드(LED))
5210,34010203,(발광다이오드(LED)),수출,FR,프랑스,8,2026.06,34010203,(발광다이오드(LED))
39875,34010203,(발광다이오드(LED)),수출,GB,영국,44,2026.06,34010203,(발광다이오드(LED))
24193,34010203,(발광다이오드(LED)),수출,GT,과테말라,1200,2026.06,34010203,(발광다이오드(LED))
2005529,34010203,(발광다이오드(LED)),수출,HK,홍콩,2077,2026.06,34010203,(발광다이오드(LED))
203578,34010203,(발광다이오드(LED)),수출,ID,인도네시아,1637,2026.06,34010203,(발광다이오드(LED))
29,34010203,(발광다이오드(LED)),수출,IE,아일랜드,0,2026.06,34010203,(발광다이오드(LED))
6660,34010203,(발광다이오드(LED)),수출,IL,이스라엘,2,2026.06,34010203,(발광다이오드(LED))
2081853,34010203,(발광다이오드(LED)),수출,IN,인도,3531,2026.06,34010203,(발광다이오드(LED))
106853,34010203,(발광다이오드(LED)),수출,IQ,이라크,6383,2026.06,34010203,(발광다이오드(LED))
51946,34010203,(발광다이오드(LED)),수출,IT,이탈리아,19,2026.06,34010203,(발광다이오드(LED))
945891,34010203,(발광다이오드(LED)),수출,JP,일본,992,2026.06,34010203,(발광다이오드(LED))
24115,34010203,(발광다이오드(LED)),수출,KH,캄보디아,45,2026.06,34010203,(발광다이오드(LED))
114750,34010203,(발광다이오드(LED)),수출,LT,리투아니아,13,2026.06,34010203,(발광다이오드(LED))
1004440,34010203,(발광다이오드(LED)),수출,MX,멕시코,954,2026.06,34010203,(발광다이오드(LED))
188096,34010203,(발광다이오드(LED)),수출,MY,말레이시아,125,2026.06,34010203,(발광다이오드(LED))
67864,34010203,(발광다이오드(LED)),수출,NL,네덜란드,134,2026.06,34010203,(발광다이오드(LED))
17,34010203,(발광다이오드(LED)),수출,NZ,뉴질랜드,1,2026.06,34010203,(발광다이오드(LED))
337,34010203,(발광다이오드(LED)),수출,PA,파나마,11,2026.06,34010203,(발광다이오드(LED))
90,34010203,(발광다이오드(LED)),수출,PE,페루,4,2026.06,34010203,(발광다이오드(LED))
6077,34010203,(발광다이오드(LED)),수출,PH,필리핀,9,2026.06,34010203,(발광다이오드(LED))
793087,34010203,(발광다이오드(LED)),수출,PL,폴란드,938,2026.06,34010203,(발광다이오드(LED))
69177,34010203,(발광다이오드(LED)),수출,RO,루마니아,24,2026.06,34010203,(발광다이오드(LED))
24241,34010203,(발광다이오드(LED)),수출,RS,세르비아,15,2026.06,34010203,(발광다이오드(LED))
2924,34010203,(발광다이오드(LED)),수출,SE,스웨덴,4,2026.06,34010203,(발광다이오드(LED))
154926,34010203,(발광다이오드(LED)),수출,SG,싱가포르,139,2026.06,34010203,(발광다이오드(LED))
209091,34010203,(발광다이오드(LED)),수출,SI,슬로베니아,233,2026.06,34010203,(발광다이오드(LED))
70640,34010203,(발광다이오드(LED)),수출,SK,슬로바키아,18,2026.06,34010203,(발광다이오드(LED))
421422,34010203,(발광다이오드(LED)),수출,TH,태국,1954,2026.06,34010203,(발광다이오드(LED))
2748,34010203,(발광다이오드(LED)),수출,TN,튀니지,21,2026.06,34010203,(발광다이오드(LED))
167938,34010203,(발광다이오드(LED)),수출,TR,튀르키예,1188,2026.06,34010203,(발광다이오드(LED))
443797,34010203,(발광다이오드(LED)),수출,TW,대만,198,2026.06,34010203,(발광다이오드(LED))
8933,34010203,(발광다이오드(LED)),수출,UA,우크라이나,13,2026.06,34010203,(발광다이오드(LED))
657126,34010203,(발광다이오드(LED)),수출,US,미국,2324,2026.06,34010203,(발광다이오드(LED))
25,34010203,(발광다이오드(LED)),수출,UZ,우즈베키스탄,1,2026.06,34010203,(발광다이오드(LED))
5322098,34010203,(발광다이오드(LED)),수출,VN,베트남,8545,2026.06,34010203,(발광다이오드(LED))
67,34010203,(발광다이오드(LED)),수출,ZA,남아프리카공화국,0,2026.06,34010203,(발광다이오드(LED))
43074,34010203,(발광다이오드(LED)),수출,AE,아랍에미리트 연합,2401,2026.07,34010203,(발광다이오드(LED))
94804,34010203,(발광다이오드(LED)),수출,AR,아르헨티나,244,2026.07,34010203,(발광다이오드(LED))
11822,34010203,(발광다이오드(LED)),수출,AU,호주,6,2026.07,34010203,(발광다이오드(LED))
14255,34010203,(발광다이오드(LED)),수출,BE,벨기에,15,2026.07,34010203,(발광다이오드(LED))
11534,34010203,(발광다이오드(LED)),수출,BR,브라질,464,2026.07,34010203,(발광다이오드(LED))
81574,34010203,(발광다이오드(LED)),수출,CA,캐나다,33,2026.07,34010203,(발광다이오드(LED))
374402,34010203,(발광다이오드(LED)),수출,CH,스위스,97,2026.07,34010203,(발광다이오드(LED))
7,34010203,(발광다이오드(LED)),수출,CL,칠레,0,2026.07,34010203,(발광다이오드(LED))
6877986,34010203,(발광다이오드(LED)),수출,CN,중국,6767,2026.07,34010203,(발광다이오드(LED))
22,34010203,(발광다이오드(LED)),수출,CO,콜롬비아,1,2026.07,34010203,(발광다이오드(LED))
12723,34010203,(발광다이오드(LED)),수출,CZ,체코공화국,18,2026.07,34010203,(발광다이오드(LED))
1250518,34010203,(발광다이오드(LED)),수출,DE,독일,4099,2026.07,34010203,(발광다이오드(LED))
3475,34010203,(발광다이오드(LED)),수출,EG,이집트,5,2026.07,34010203,(발광다이오드(LED))
814,34010203,(발광다이오드(LED)),수출,ES,스페인,6,2026.07,34010203,(발광다이오드(LED))
4366,34010203,(발광다이오드(LED)),수출,FR,프랑스,3,2026.07,34010203,(발광다이오드(LED))
54545,34010203,(발광다이오드(LED)),수출,GB,영국,39,2026.07,34010203,(발광다이오드(LED))
2039768,34010203,(발광다이오드(LED)),수출,HK,홍콩,1644,2026.07,34010203,(발광다이오드(LED))
5400,34010203,(발광다이오드(LED)),수출,HU,헝가리,7,2026.07,34010203,(발광다이오드(LED))
185969,34010203,(발광다이오드(LED)),수출,ID,인도네시아,1435,2026.07,34010203,(발광다이오드(LED))
21600,34010203,(발광다이오드(LED)),수출,IE,아일랜드,8,2026.07,34010203,(발광다이오드(LED))
540,34010203,(발광다이오드(LED)),수출,IL,이스라엘,1,2026.07,34010203,(발광다이오드(LED))
1700696,34010203,(발광다이오드(LED)),수출,IN,인도,3305,2026.07,34010203,(발광다이오드(LED))
111436,34010203,(발광다이오드(LED)),수출,IQ,이라크,6200,2026.07,34010203,(발광다이오드(LED))
75819,34010203,(발광다이오드(LED)),수출,IT,이탈리아,136,2026.07,34010203,(발광다이오드(LED))
184532,34010203,(발광다이오드(LED)),수출,JO,요르단,10000,2026.07,34010203,(발광다이오드(LED))
1213218,34010203,(발광다이오드(LED)),수출,JP,일본,13023,2026.07,34010203,(발광다이오드(LED))
12,34010203,(발광다이오드(LED)),수출,KZ,카자흐스탄,1,2026.07,34010203,(발광다이오드(LED))
68850,34010203,(발광다이오드(LED)),수출,LT,리투아니아,8,2026.07,34010203,(발광다이오드(LED))
1999098,34010203,(발광다이오드(LED)),수출,MX,멕시코,1978,2026.07,34010203,(발광다이오드(LED))
441170,34010203,(발광다이오드(LED)),수출,MY,말레이시아,166,2026.07,34010203,(발광다이오드(LED))
82635,34010203,(발광다이오드(LED)),수출,NL,네덜란드,145,2026.07,34010203,(발광다이오드(LED))
130,34010203,(발광다이오드(LED)),수출,NZ,뉴질랜드,4,2026.07,34010203,(발광다이오드(LED))
2027,34010203,(발광다이오드(LED)),수출,OM,오만,4,2026.07,34010203,(발광다이오드(LED))
30,34010203,(발광다이오드(LED)),수출,PA,파나마,1,2026.07,34010203,(발광다이오드(LED))
336,34010203,(발광다이오드(LED)),수출,PE,페루,11,2026.07,34010203,(발광다이오드(LED))
44721,34010203,(발광다이오드(LED)),수출,PH,필리핀,2329,2026.07,34010203,(발광다이오드(LED))
871768,34010203,(발광다이오드(LED)),수출,PL,폴란드,1197,2026.07,34010203,(발광다이오드(LED))
55303,34010203,(발광다이오드(LED)),수출,RO,루마니아,76,2026.07,34010203,(발광다이오드(LED))
128817,34010203,(발광다이오드(LED)),수출,RS,세르비아,74,2026.07,34010203,(발광다이오드(LED))
170454,34010203,(발광다이오드(LED)),수출,SG,싱가포르,196,2026.07,34010203,(발광다이오드(LED))
104149,34010203,(발광다이오드(LED)),수출,SI,슬로베니아,123,2026.07,34010203,(발광다이오드(LED))
39725,34010203,(발광다이오드(LED)),수출,SK,슬로바키아,12,2026.07,34010203,(발광다이오드(LED))
695036,34010203,(발광다이오드(LED)),수출,TH,태국,2905,2026.07,34010203,(발광다이오드(LED))
99473,34010203,(발광다이오드(LED)),수출,TN,튀니지,281,2026.07,34010203,(발광다이오드(LED))
27510,34010203,(발광다이오드(LED)),수출,TR,튀르키예,12,2026.07,34010203,(발광다이오드(LED))
264782,34010203,(발광다이오드(LED)),수출,TW,대만,76,2026.07,34010203,(발광다이오드(LED))
19200,34010203,(발광다이오드(LED)),수출,UA,우크라이나,53,2026.07,34010203,(발광다이오드(LED))
512593,34010203,(발광다이오드(LED)),수출,US,미국,1312,2026.07,34010203,(발광다이오드(LED))
6506050,34010203,(발광다이오드(LED)),수출,VN,베트남,12368,2026.07,34010203,(발광다이오드(LED))
5833,34010203,(발광다이오드(LED)),수출,AE,아랍에미리트 연합,234,2026.08,34010203,(발광다이오드(LED))
16549,34010203,(발광다이오드(LED)),수출,AR,아르헨티나,39,2026.08,34010203,(발광다이오드(LED))
17455,34010203,(발광다이오드(LED)),수출,AU,호주,69,2026.08,34010203,(발광다이오드(LED))
14015,34010203,(발광다이오드(LED)),수출,BE,벨기에,19,2026.08,34010203,(발광다이오드(LED))
5067,34010203,(발광다이오드(LED)),수출,BR,브라질,71,2026.08,34010203,(발광다이오드(LED))
65051,34010203,(발광다이오드(LED)),수출,CA,캐나다,27,2026.08,34010203,(발광다이오드(LED))
160980,34010203,(발광다이오드(LED)),수출,CH,스위스,44,2026.08,34010203,(발광다이오드(LED))
93,34010203,(발광다이오드(LED)),수출,CL,칠레,5,2026.08,34010203,(발광다이오드(LED))
5499146,34010203,(발광다이오드(LED)),수출,CN,중국,6900,2026.08,34010203,(발광다이오드(LED))
690634,34010203,(발광다이오드(LED)),수출,DE,독일,323,2026.08,34010203,(발광다이오드(LED))
4461,34010203,(발광다이오드(LED)),수출,EG,이집트,50,2026.08,34010203,(발광다이오드(LED))
57258,34010203,(발광다이오드(LED)),수출,ES,스페인,503,2026.08,34010203,(발광다이오드(LED))
1390,34010203,(발광다이오드(LED)),수출,FR,프랑스,0,2026.08,34010203,(발광다이오드(LED))
185729,34010203,(발광다이오드(LED)),수출,GB,영국,177,2026.08,34010203,(발광다이오드(LED))
2105754,34010203,(발광다이오드(LED)),수출,HK,홍콩,1767,2026.08,34010203,(발광다이오드(LED))
22320,34010203,(발광다이오드(LED)),수출,HU,헝가리,20,2026.08,34010203,(발광다이오드(LED))
106790,34010203,(발광다이오드(LED)),수출,ID,인도네시아,1008,2026.08,34010203,(발광다이오드(LED))
9660,34010203,(발광다이오드(LED)),수출,IL,이스라엘,1,2026.08,34010203,(발광다이오드(LED))
2036695,34010203,(발광다이오드(LED)),수출,IN,인도,3014,2026.08,34010203,(발광다이오드(LED))
13528,34010203,(발광다이오드(LED)),수출,IT,이탈리아,6,2026.08,34010203,(발광다이오드(LED))
1120,34010203,(발광다이오드(LED)),수출,JO,요르단,65,2026.08,34010203,(발광다이오드(LED))
874872,34010203,(발광다이오드(LED)),수출,JP,일본,13759,2026.08,34010203,(발광다이오드(LED))
17,34010203,(발광다이오드(LED)),수출,KZ,카자흐스탄,1,2026.08,34010203,(발광다이오드(LED))
46525,34010203,(발광다이오드(LED)),수출,LT,리투아니아,6,2026.08,34010203,(발광다이오드(LED))
1233446,34010203,(발광다이오드(LED)),수출,MX,멕시코,850,2026.08,34010203,(발광다이오드(LED))
342474,34010203,(발광다이오드(LED)),수출,MY,말레이시아,170,2026.08,34010203,(발광다이오드(LED))
58793,34010203,(발광다이오드(LED)),수출,NL,네덜란드,89,2026.08,34010203,(발광다이오드(LED))
750,34010203,(발광다이오드(LED)),수출,PA,파나마,28,2026.08,34010203,(발광다이오드(LED))
358,34010203,(발광다이오드(LED)),수출,PE,페루,14,2026.08,34010203,(발광다이오드(LED))
10635,34010203,(발광다이오드(LED)),수출,PH,필리핀,484,2026.08,34010203,(발광다이오드(LED))
735854,34010203,(발광다이오드(LED)),수출,PL,폴란드,980,2026.08,34010203,(발광다이오드(LED))
31075,34010203,(발광다이오드(LED)),수출,RO,루마니아,24,2026.08,34010203,(발광다이오드(LED))
83228,34010203,(발광다이오드(LED)),수출,RS,세르비아,176,2026.08,34010203,(발광다이오드(LED))
1020,34010203,(발광다이오드(LED)),수출,SA,사우디아라비아,3,2026.08,34010203,(발광다이오드(LED))
234,34010203,(발광다이오드(LED)),수출,SE,스웨덴,1,2026.08,34010203,(발광다이오드(LED))
201844,34010203,(발광다이오드(LED)),수출,SG,싱가포르,250,2026.08,34010203,(발광다이오드(LED))
14050,34010203,(발광다이오드(LED)),수출,SI,슬로베니아,11,2026.08,34010203,(발광다이오드(LED))
44922,34010203,(발광다이오드(LED)),수출,SK,슬로바키아,11,2026.08,34010203,(발광다이오드(LED))
500280,34010203,(발광다이오드(LED)),수출,TH,태국,2195,2026.08,34010203,(발광다이오드(LED))
171766,34010203,(발광다이오드(LED)),수출,TN,튀니지,465,2026.08,34010203,(발광다이오드(LED))
69023,34010203,(발광다이오드(LED)),수출,TR,튀르키예,387,2026.08,34010203,(발광다이오드(LED))
259290,34010203,(발광다이오드(LED)),수출,TW,대만,120,2026.08,34010203,(발광다이오드(LED))
6304,34010203,(발광다이오드(LED)),수출,UA,우크라이나,8,2026.08,34010203,(발광다이오드(LED))
625516,34010203,(발광다이오드(LED)),수출,US,미국,1351,2026.08,34010203,(발광다이오드(LED))
5052115,34010203,(발광다이오드(LED)),수출,VN,베트남,7913,2026.08,34010203,(발광다이오드(LED))
40040,34010204,(개별소자반도체 부품),수출,CA,캐나다,9,2025.09,34010204,(개별소자반도체 부품)
3652563,34010204,(개별소자반도체 부품),수출,CN,중국,111138,2025.09,34010204,(개별소자반도체 부품)
18854,34010204,(개별소자반도체 부품),수출,DE,독일,8,2025.09,34010204,(개별소자반도체 부품)
134750,34010204,(개별소자반도체 부품),수출,GB,영국,80,2025.09,34010204,(개별소자반도체 부품)
105380,34010204,(개별소자반도체 부품),수출,HK,홍콩,321,2025.09,34010204,(개별소자반도체 부품)
23976,34010204,(개별소자반도체 부품),수출,ID,인도네시아,346,2025.09,34010204,(개별소자반도체 부품)
22000,34010204,(개별소자반도체 부품),수출,IL,이스라엘,1,2025.09,34010204,(개별소자반도체 부품)
32907,34010204,(개별소자반도체 부품),수출,IN,인도,75,2025.09,34010204,(개별소자반도체 부품)
731145,34010204,(개별소자반도체 부품),수출,JP,일본,2081,2025.09,34010204,(개별소자반도체 부품)
575515,34010204,(개별소자반도체 부품),수출,MY,말레이시아,9364,2025.09,34010204,(개별소자반도체 부품)
400454,34010204,(개별소자반도체 부품),수출,PH,필리핀,2406,2025.09,34010204,(개별소자반도체 부품)
22256,34010204,(개별소자반도체 부품),수출,SG,싱가포르,8,2025.09,34010204,(개별소자반도체 부품)
115602,34010204,(개별소자반도체 부품),수출,TH,태국,1598,2025.09,34010204,(개별소자반도체 부품)
515662,34010204,(개별소자반도체 부품),수출,TW,대만,1861,2025.09,34010204,(개별소자반도체 부품)
89360,34010204,(개별소자반도체 부품),수출,US,미국,29,2025.09,34010204,(개별소자반도체 부품)
1977000,34010204,(개별소자반도체 부품),수출,VN,베트남,10091,2025.09,34010204,(개별소자반도체 부품)
6600,34010204,(개별소자반도체 부품),수출,BR,브라질,279,2025.10,34010204,(개별소자반도체 부품)
92875,34010204,(개별소자반도체 부품),수출,CA,캐나다,50,2025.10,34010204,(개별소자반도체 부품)
810,34010204,(개별소자반도체 부품),수출,CL,칠레,10,2025.10,34010204,(개별소자반도체 부품)
3730815,34010204,(개별소자반도체 부품),수출,CN,중국,93655,2025.10,34010204,(개별소자반도체 부품)
6169,34010204,(개별소자반도체 부품),수출,DE,독일,14,2025.10,34010204,(개별소자반도체 부품)
46075,34010204,(개별소자반도체 부품),수출,GB,영국,46,2025.10,34010204,(개별소자반도체 부품)
131458,34010204,(개별소자반도체 부품),수출,HK,홍콩,104,2025.10,34010204,(개별소자반도체 부품)
50217,34010204,(개별소자반도체 부품),수출,ID,인도네시아,89,2025.10,34010204,(개별소자반도체 부품)
32172,34010204,(개별소자반도체 부품),수출,IL,이스라엘,52,2025.10,34010204,(개별소자반도체 부품)
14178,34010204,(개별소자반도체 부품),수출,IN,인도,12,2025.10,34010204,(개별소자반도체 부품)
546874,34010204,(개별소자반도체 부품),수출,JP,일본,1907,2025.10,34010204,(개별소자반도체 부품)
509905,34010204,(개별소자반도체 부품),수출,MY,말레이시아,12461,2025.10,34010204,(개별소자반도체 부품)
286154,34010204,(개별소자반도체 부품),수출,PH,필리핀,1704,2025.10,34010204,(개별소자반도체 부품)
31008,34010204,(개별소자반도체 부품),수출,SG,싱가포르,41,2025.10,34010204,(개별소자반도체 부품)
139836,34010204,(개별소자반도체 부품),수출,TH,태국,370,2025.10,34010204,(개별소자반도체 부품)
406891,34010204,(개별소자반도체 부품),수출,TW,대만,1447,2025.10,34010204,(개별소자반도체 부품)
19935,34010204,(개별소자반도체 부품),수출,US,미국,9,2025.10,34010204,(개별소자반도체 부품)
1832161,34010204,(개별소자반도체 부품),수출,VN,베트남,8370,2025.10,34010204,(개별소자반도체 부품)
3000,34010204,(개별소자반도체 부품),수출,AE,아랍에미리트 연합,0,2025.11,34010204,(개별소자반도체 부품)
33875,34010204,(개별소자반도체 부품),수출,CA,캐나다,9,2025.11,34010204,(개별소자반도체 부품)
115900,34010204,(개별소자반도체 부품),수출,CF,중앙아프리카공화국,938,2025.11,34010204,(개별소자반도체 부품)
3969741,34010204,(개별소자반도체 부품),수출,CN,중국,69818,2025.11,34010204,(개별소자반도체 부품)
210,34010204,(개별소자반도체 부품),수출,DE,독일,0,2025.11,34010204,(개별소자반도체 부품)
90,34010204,(개별소자반도체 부품),수출,EG,이집트,1,2025.11,34010204,(개별소자반도체 부품)
9050,34010204,(개별소자반도체 부품),수출,GB,영국,23,2025.11,34010204,(개별소자반도체 부품)
189239,34010204,(개별소자반도체 부품),수출,HK,홍콩,661,2025.11,34010204,(개별소자반도체 부품)
17451,34010204,(개별소자반도체 부품),수출,ID,인도네시아,17,2025.11,34010204,(개별소자반도체 부품)
224520,34010204,(개별소자반도체 부품),수출,IL,이스라엘,21,2025.11,34010204,(개별소자반도체 부품)
18093,34010204,(개별소자반도체 부품),수출,IN,인도,29,2025.11,34010204,(개별소자반도체 부품)
595889,34010204,(개별소자반도체 부품),수출,JP,일본,1857,2025.11,34010204,(개별소자반도체 부품)
503837,34010204,(개별소자반도체 부품),수출,MY,말레이시아,12386,2025.11,34010204,(개별소자반도체 부품)
427166,34010204,(개별소자반도체 부품),수출,PH,필리핀,8892,2025.11,34010204,(개별소자반도체 부품)
7500,34010204,(개별소자반도체 부품),수출,SG,싱가포르,6,2025.11,34010204,(개별소자반도체 부품)
127680,34010204,(개별소자반도체 부품),수출,TH,태국,410,2025.11,34010204,(개별소자반도체 부품)
796530,34010204,(개별소자반도체 부품),수출,TW,대만,2543,2025.11,34010204,(개별소자반도체 부품)
35986,34010204,(개별소자반도체 부품),수출,US,미국,9,2025.11,34010204,(개별소자반도체 부품)
1767255,34010204,(개별소자반도체 부품),수출,VN,베트남,7335,2025.11,34010204,(개별소자반도체 부품)
55225,34010204,(개별소자반도체 부품),수출,CA,캐나다,45,2025.12,34010204,(개별소자반도체 부품)
4128750,34010204,(개별소자반도체 부품),수출,CN,중국,94624,2025.12,34010204,(개별소자반도체 부품)
7150,34010204,(개별소자반도체 부품),수출,DE,독일,1,2025.12,34010204,(개별소자반도체 부품)
1625,34010204,(개별소자반도체 부품),수출,GB,영국,0,2025.12,34010204,(개별소자반도체 부품)
290911,34010204,(개별소자반도체 부품),수출,HK,홍콩,215,2025.12,34010204,(개별소자반도체 부품)
64627,34010204,(개별소자반도체 부품),수출,ID,인도네시아,118,2025.12,34010204,(개별소자반도체 부품)
2990,34010204,(개별소자반도체 부품),수출,IE,아일랜드,0,2025.12,34010204,(개별소자반도체 부품)
484858,34010204,(개별소자반도체 부품),수출,IL,이스라엘,45,2025.12,34010204,(개별소자반도체 부품)
16292,34010204,(개별소자반도체 부품),수출,IN,인도,114,2025.12,34010204,(개별소자반도체 부품)
689843,34010204,(개별소자반도체 부품),수출,JP,일본,1672,2025.12,34010204,(개별소자반도체 부품)
9470,34010204,(개별소자반도체 부품),수출,MM,미얀마,41,2025.12,34010204,(개별소자반도체 부품)
4375,34010204,(개별소자반도체 부품),수출,MX,멕시코,2,2025.12,34010204,(개별소자반도체 부품)
622103,34010204,(개별소자반도체 부품),수출,MY,말레이시아,14580,2025.12,34010204,(개별소자반도체 부품)
246744,34010204,(개별소자반도체 부품),수출,PH,필리핀,3289,2025.12,34010204,(개별소자반도체 부품)
10476,34010204,(개별소자반도체 부품),수출,SG,싱가포르,10,2025.12,34010204,(개별소자반도체 부품)
65868,34010204,(개별소자반도체 부품),수출,TH,태국,260,2025.12,34010204,(개별소자반도체 부품)
862549,34010204,(개별소자반도체 부품),수출,TW,대만,2751,2025.12,34010204,(개별소자반도체 부품)
1338962,34010204,(개별소자반도체 부품),수출,US,미국,274747,2025.12,34010204,(개별소자반도체 부품)
1891625,34010204,(개별소자반도체 부품),수출,VN,베트남,9424,2025.12,34010204,(개별소자반도체 부품)
1200,34010204,(개별소자반도체 부품),수출,BR,브라질,0,2026.01,34010204,(개별소자반도체 부품)
118325,34010204,(개별소자반도체 부품),수출,CA,캐나다,73,2026.01,34010204,(개별소자반도체 부품)
2804956,34010204,(개별소자반도체 부품),수출,CN,중국,74995,2026.01,34010204,(개별소자반도체 부품)
3000,34010204,(개별소자반도체 부품),수출,DE,독일,1,2026.01,34010204,(개별소자반도체 부품)
696477,34010204,(개별소자반도체 부품),수출,GB,영국,175,2026.01,34010204,(개별소자반도체 부품)
2600,34010204,(개별소자반도체 부품),수출,GR,그리스,0,2026.01,34010204,(개별소자반도체 부품)
348315,34010204,(개별소자반도체 부품),수출,HK,홍콩,1010,2026.01,34010204,(개별소자반도체 부품)
4500,34010204,(개별소자반도체 부품),수출,HN,온두라스,10,2026.01,34010204,(개별소자반도체 부품)
5205,34010204,(개별소자반도체 부품),수출,ID,인도네시아,8,2026.01,34010204,(개별소자반도체 부품)
237567,34010204,(개별소자반도체 부품),수출,IL,이스라엘,49,2026.01,34010204,(개별소자반도체 부품)
3300,34010204,(개별소자반도체 부품),수출,IN,인도,88,2026.01,34010204,(개별소자반도체 부품)
20540,34010204,(개별소자반도체 부품),수출,IT,이탈리아,31,2026.01,34010204,(개별소자반도체 부품)
694510,34010204,(개별소자반도체 부품),수출,JP,일본,2451,2026.01,34010204,(개별소자반도체 부품)
751184,34010204,(개별소자반도체 부품),수출,MY,말레이시아,15147,2026.01,34010204,(개별소자반도체 부품)
438463,34010204,(개별소자반도체 부품),수출,PH,필리핀,2681,2026.01,34010204,(개별소자반도체 부품)
450,34010204,(개별소자반도체 부품),수출,SA,사우디아라비아,2,2026.01,34010204,(개별소자반도체 부품)
143174,34010204,(개별소자반도체 부품),수출,TH,태국,463,2026.01,34010204,(개별소자반도체 부품)
880202,34010204,(개별소자반도체 부품),수출,TW,대만,2705,2026.01,34010204,(개별소자반도체 부품)
80189,34010204,(개별소자반도체 부품),수출,US,미국,49,2026.01,34010204,(개별소자반도체 부품)
2084989,34010204,(개별소자반도체 부품),수출,VN,베트남,8801,2026.01,34010204,(개별소자반도체 부품)
13500,34010204,(개별소자반도체 부품),수출,CA,캐나다,4,2026.02,34010204,(개별소자반도체 부품)
2429882,34010204,(개별소자반도체 부품),수출,CN,중국,63615,2026.02,34010204,(개별소자반도체 부품)
16303,34010204,(개별소자반도체 부품),수출,DE,독일,31,2026.02,34010204,(개별소자반도체 부품)
47579,34010204,(개별소자반도체 부품),수출,GB,영국,65,2026.02,34010204,(개별소자반도체 부품)
47898,34010204,(개별소자반도체 부품),수출,HK,홍콩,22,2026.02,34010204,(개별소자반도체 부품)
32757,34010204,(개별소자반도체 부품),수출,ID,인도네시아,105,2026.02,34010204,(개별소자반도체 부품)
171500,34010204,(개별소자반도체 부품),수출,IL,이스라엘,30,2026.02,34010204,(개별소자반도체 부품)
1468,34010204,(개별소자반도체 부품),수출,IN,인도,3,2026.02,34010204,(개별소자반도체 부품)
599111,34010204,(개별소자반도체 부품),수출,JP,일본,1233,2026.02,34010204,(개별소자반도체 부품)
5700,34010204,(개별소자반도체 부품),수출,MX,멕시코,3,2026.02,34010204,(개별소자반도체 부품)
645530,34010204,(개별소자반도체 부품),수출,MY,말레이시아,15089,2026.02,34010204,(개별소자반도체 부품)
252193,34010204,(개별소자반도체 부품),수출,PH,필리핀,1655,2026.02,34010204,(개별소자반도체 부품)
4930,34010204,(개별소자반도체 부품),수출,SG,싱가포르,6,2026.02,34010204,(개별소자반도체 부품)
154673,34010204,(개별소자반도체 부품),수출,TH,태국,415,2026.02,34010204,(개별소자반도체 부품)
817619,34010204,(개별소자반도체 부품),수출,TW,대만,2174,2026.02,34010204,(개별소자반도체 부품)
282048,34010204,(개별소자반도체 부품),수출,US,미국,172,2026.02,34010204,(개별소자반도체 부품)
1489208,34010204,(개별소자반도체 부품),수출,VN,베트남,6042,2026.02,34010204,(개별소자반도체 부품)
43375,34010204,(개별소자반도체 부품),수출,CA,캐나다,26,2026.03,34010204,(개별소자반도체 부품)
3450630,34010204,(개별소자반도체 부품),수출,CN,중국,82221,2026.03,34010204,(개별소자반도체 부품)
7840,34010204,(개별소자반도체 부품),수출,CZ,체코공화국,2,2026.03,34010204,(개별소자반도체 부품)
23,34010204,(개별소자반도체 부품),수출,DE,독일,0,2026.03,34010204,(개별소자반도체 부품)
200,34010204,(개별소자반도체 부품),수출,FR,프랑스,0,2026.03,34010204,(개별소자반도체 부품)
8987,34010204,(개별소자반도체 부품),수출,GB,영국,20,2026.03,34010204,(개별소자반도체 부품)
385935,34010204,(개별소자반도체 부품),수출,HK,홍콩,1251,2026.03,34010204,(개별소자반도체 부품)
49898,34010204,(개별소자반도체 부품),수출,ID,인도네시아,47,2026.03,34010204,(개별소자반도체 부품)
15996,34010204,(개별소자반도체 부품),수출,IL,이스라엘,1,2026.03,34010204,(개별소자반도체 부품)
14923,34010204,(개별소자반도체 부품),수출,IN,인도,65,2026.03,34010204,(개별소자반도체 부품)
860186,34010204,(개별소자반도체 부품),수출,JP,일본,1507,2026.03,34010204,(개별소자반도체 부품)
2840,34010204,(개별소자반도체 부품),수출,MX,멕시코,6,2026.03,34010204,(개별소자반도체 부품)
799060,34010204,(개별소자반도체 부품),수출,MY,말레이시아,18483,2026.03,34010204,(개별소자반도체 부품)
595,34010204,(개별소자반도체 부품),수출,NL,네덜란드,0,2026.03,34010204,(개별소자반도체 부품)
300940,34010204,(개별소자반도체 부품),수출,PH,필리핀,2438,2026.03,34010204,(개별소자반도체 부품)
215852,34010204,(개별소자반도체 부품),수출,TH,태국,282,2026.03,34010204,(개별소자반도체 부품)
861062,34010204,(개별소자반도체 부품),수출,TW,대만,3330,2026.03,34010204,(개별소자반도체 부품)
252098,34010204,(개별소자반도체 부품),수출,US,미국,87,2026.03,34010204,(개별소자반도체 부품)
1993653,34010204,(개별소자반도체 부품),수출,VN,베트남,8804,2026.03,34010204,(개별소자반도체 부품)
2010,34010204,(개별소자반도체 부품),수출,BR,브라질,3,2026.04,34010204,(개별소자반도체 부품)
67425,34010204,(개별소자반도체 부품),수출,CA,캐나다,28,2026.04,34010204,(개별소자반도체 부품)
3465273,34010204,(개별소자반도체 부품),수출,CN,중국,94858,2026.04,34010204,(개별소자반도체 부품)
362,34010204,(개별소자반도체 부품),수출,CZ,체코공화국,0,2026.04,34010204,(개별소자반도체 부품)
32455,34010204,(개별소자반도체 부품),수출,DE,독일,14,2026.04,34010204,(개별소자반도체 부품)
154,34010204,(개별소자반도체 부품),수출,DO,도미니카 공화국,2,2026.04,34010204,(개별소자반도체 부품)
225,34010204,(개별소자반도체 부품),수출,FR,프랑스,1,2026.04,34010204,(개별소자반도체 부품)
81800,34010204,(개별소자반도체 부품),수출,GB,영국,78,2026.04,34010204,(개별소자반도체 부품)
154181,34010204,(개별소자반도체 부품),수출,HK,홍콩,43,2026.04,34010204,(개별소자반도체 부품)
43257,34010204,(개별소자반도체 부품),수출,ID,인도네시아,38,2026.04,34010204,(개별소자반도체 부품)
815675,34010204,(개별소자반도체 부품),수출,IL,이스라엘,127,2026.04,34010204,(개별소자반도체 부품)
1550,34010204,(개별소자반도체 부품),수출,IN,인도,3,2026.04,34010204,(개별소자반도체 부품)
764675,34010204,(개별소자반도체 부품),수출,JP,일본,2538,2026.04,34010204,(개별소자반도체 부품)
510316,34010204,(개별소자반도체 부품),수출,MY,말레이시아,10039,2026.04,34010204,(개별소자반도체 부품)
340075,34010204,(개별소자반도체 부품),수출,PH,필리핀,7557,2026.04,34010204,(개별소자반도체 부품)
65560,34010204,(개별소자반도체 부품),수출,TH,태국,186,2026.04,34010204,(개별소자반도체 부품)
1008845,34010204,(개별소자반도체 부품),수출,TW,대만,2911,2026.04,34010204,(개별소자반도체 부품)
389044,34010204,(개별소자반도체 부품),수출,US,미국,140,2026.04,34010204,(개별소자반도체 부품)
2088020,34010204,(개별소자반도체 부품),수출,VN,베트남,9656,2026.04,34010204,(개별소자반도체 부품)
1200,34010204,(개별소자반도체 부품),수출,BR,브라질,0,2026.05,34010204,(개별소자반도체 부품)
152600,34010204,(개별소자반도체 부품),수출,CA,캐나다,70,2026.05,34010204,(개별소자반도체 부품)
2800,34010204,(개별소자반도체 부품),수출,CH,스위스,2,2026.05,34010204,(개별소자반도체 부품)
3521562,34010204,(개별소자반도체 부품),수출,CN,중국,101884,2026.05,34010204,(개별소자반도체 부품)
7127,34010204,(개별소자반도체 부품),수출,DE,독일,2,2026.05,34010204,(개별소자반도체 부품)
573,34010204,(개별소자반도체 부품),수출,FR,프랑스,1,2026.05,34010204,(개별소자반도체 부품)
76800,34010204,(개별소자반도체 부품),수출,GB,영국,72,2026.05,34010204,(개별소자반도체 부품)
314197,34010204,(개별소자반도체 부품),수출,HK,홍콩,1087,2026.05,34010204,(개별소자반도체 부품)
4800,34010204,(개별소자반도체 부품),수출,HN,온두라스,8,2026.05,34010204,(개별소자반도체 부품)
12750,34010204,(개별소자반도체 부품),수출,HU,헝가리,56,2026.05,34010204,(개별소자반도체 부품)
112073,34010204,(개별소자반도체 부품),수출,ID,인도네시아,150,2026.05,34010204,(개별소자반도체 부품)
37740,34010204,(개별소자반도체 부품),수출,IL,이스라엘,35,2026.05,34010204,(개별소자반도체 부품)
28602,34010204,(개별소자반도체 부품),수출,IN,인도,38,2026.05,34010204,(개별소자반도체 부품)
1625,34010204,(개별소자반도체 부품),수출,IT,이탈리아,0,2026.05,34010204,(개별소자반도체 부품)
801552,34010204,(개별소자반도체 부품),수출,JP,일본,2397,2026.05,34010204,(개별소자반도체 부품)
2546,34010204,(개별소자반도체 부품),수출,MX,멕시코,4,2026.05,34010204,(개별소자반도체 부품)
488180,34010204,(개별소자반도체 부품),수출,MY,말레이시아,9956,2026.05,34010204,(개별소자반도체 부품)
568976,34010204,(개별소자반도체 부품),수출,PH,필리핀,2703,2026.05,34010204,(개별소자반도체 부품)
225297,34010204,(개별소자반도체 부품),수출,TH,태국,430,2026.05,34010204,(개별소자반도체 부품)
852663,34010204,(개별소자반도체 부품),수출,TW,대만,2608,2026.05,34010204,(개별소자반도체 부품)
315415,34010204,(개별소자반도체 부품),수출,US,미국,128,2026.05,34010204,(개별소자반도체 부품)
2002458,34010204,(개별소자반도체 부품),수출,VN,베트남,8185,2026.05,34010204,(개별소자반도체 부품)
135575,34010204,(개별소자반도체 부품),수출,CA,캐나다,72,2026.06,34010204,(개별소자반도체 부품)
3652256,34010204,(개별소자반도체 부품),수출,CN,중국,89124,2026.06,34010204,(개별소자반도체 부품)
25332,34010204,(개별소자반도체 부품),수출,DE,독일,9,2026.06,34010204,(개별소자반도체 부품)
52520,34010204,(개별소자반도체 부품),수출,GB,영국,52,2026.06,34010204,(개별소자반도체 부품)
141102,34010204,(개별소자반도체 부품),수출,HK,홍콩,66,2026.06,34010204,(개별소자반도체 부품)
1200,34010204,(개별소자반도체 부품),수출,HN,온두라스,3,2026.06,34010204,(개별소자반도체 부품)
4200,34010204,(개별소자반도체 부품),수출,HU,헝가리,2,2026.06,34010204,(개별소자반도체 부품)
114396,34010204,(개별소자반도체 부품),수출,ID,인도네시아,90,2026.06,34010204,(개별소자반도체 부품)
528357,34010204,(개별소자반도체 부품),수출,IL,이스라엘,91,2026.06,34010204,(개별소자반도체 부품)
12880,34010204,(개별소자반도체 부품),수출,IN,인도,16,2026.06,34010204,(개별소자반도체 부품)
1625,34010204,(개별소자반도체 부품),수출,IT,이탈리아,0,2026.06,34010204,(개별소자반도체 부품)
531058,34010204,(개별소자반도체 부품),수출,JP,일본,1586,2026.06,34010204,(개별소자반도체 부품)
858039,34010204,(개별소자반도체 부품),수출,MY,말레이시아,5842,2026.06,34010204,(개별소자반도체 부품)
844583,34010204,(개별소자반도체 부품),수출,PH,필리핀,4541,2026.06,34010204,(개별소자반도체 부품)
163671,34010204,(개별소자반도체 부품),수출,TH,태국,350,2026.06,34010204,(개별소자반도체 부품)
1117198,34010204,(개별소자반도체 부품),수출,TW,대만,2735,2026.06,34010204,(개별소자반도체 부품)
203939,34010204,(개별소자반도체 부품),수출,US,미국,86,2026.06,34010204,(개별소자반도체 부품)
1956289,34010204,(개별소자반도체 부품),수출,VN,베트남,8639,2026.06,34010204,(개별소자반도체 부품)
85750,34010204,(개별소자반도체 부품),수출,CA,캐나다,27,2026.07,34010204,(개별소자반도체 부품)
4145757,34010204,(개별소자반도체 부품),수출,CN,중국,99616,2026.07,34010204,(개별소자반도체 부품)
676,34010204,(개별소자반도체 부품),수출,CZ,체코공화국,0,2026.07,34010204,(개별소자반도체 부품)
13918,34010204,(개별소자반도체 부품),수출,DE,독일,4,2026.07,34010204,(개별소자반도체 부품)
50043,34010204,(개별소자반도체 부품),수출,FR,프랑스,2,2026.07,34010204,(개별소자반도체 부품)
45090,34010204,(개별소자반도체 부품),수출,GB,영국,24,2026.07,34010204,(개별소자반도체 부품)
239362,34010204,(개별소자반도체 부품),수출,HK,홍콩,302,2026.07,34010204,(개별소자반도체 부품)
2250,34010204,(개별소자반도체 부품),수출,HN,온두라스,4,2026.07,34010204,(개별소자반도체 부품)
81427,34010204,(개별소자반도체 부품),수출,ID,인도네시아,70,2026.07,34010204,(개별소자반도체 부품)
769833,34010204,(개별소자반도체 부품),수출,IL,이스라엘,76,2026.07,34010204,(개별소자반도체 부품)
26970,34010204,(개별소자반도체 부품),수출,IN,인도,31,2026.07,34010204,(개별소자반도체 부품)
20540,34010204,(개별소자반도체 부품),수출,IT,이탈리아,5,2026.07,34010204,(개별소자반도체 부품)
960309,34010204,(개별소자반도체 부품),수출,JP,일본,1990,2026.07,34010204,(개별소자반도체 부품)
96,34010204,(개별소자반도체 부품),수출,MX,멕시코,0,2026.07,34010204,(개별소자반도체 부품)
509572,34010204,(개별소자반도체 부품),수출,MY,말레이시아,3034,2026.07,34010204,(개별소자반도체 부품)
20,34010204,(개별소자반도체 부품),수출,NL,네덜란드,1,2026.07,34010204,(개별소자반도체 부품)
451638,34010204,(개별소자반도체 부품),수출,PH,필리핀,4599,2026.07,34010204,(개별소자반도체 부품)
12915,34010204,(개별소자반도체 부품),수출,SG,싱가포르,5,2026.07,34010204,(개별소자반도체 부품)
64669,34010204,(개별소자반도체 부품),수출,TH,태국,276,2026.07,34010204,(개별소자반도체 부품)
992105,34010204,(개별소자반도체 부품),수출,TW,대만,2551,2026.07,34010204,(개별소자반도체 부품)
132216,34010204,(개별소자반도체 부품),수출,US,미국,6747,2026.07,34010204,(개별소자반도체 부품)
2182570,34010204,(개별소자반도체 부품),수출,VN,베트남,7802,2026.07,34010204,(개별소자반도체 부품)
81726,34010204,(개별소자반도체 부품),수출,AU,호주,10,2026.08,34010204,(개별소자반도체 부품)
105475,34010204,(개별소자반도체 부품),수출,CA,캐나다,47,2026.08,34010204,(개별소자반도체 부품)
3393790,34010204,(개별소자반도체 부품),수출,CN,중국,92167,2026.08,34010204,(개별소자반도체 부품)
32829,34010204,(개별소자반도체 부품),수출,DE,독일,16,2026.08,34010204,(개별소자반도체 부품)
150,34010204,(개별소자반도체 부품),수출,DK,덴마크,1,2026.08,34010204,(개별소자반도체 부품)
8009,34010204,(개별소자반도체 부품),수출,GB,영국,9,2026.08,34010204,(개별소자반도체 부품)
380439,34010204,(개별소자반도체 부품),수출,HK,홍콩,537,2026.08,34010204,(개별소자반도체 부품)
84870,34010204,(개별소자반도체 부품),수출,ID,인도네시아,79,2026.08,34010204,(개별소자반도체 부품)
2990,34010204,(개별소자반도체 부품),수출,IE,아일랜드,0,2026.08,34010204,(개별소자반도체 부품)
346615,34010204,(개별소자반도체 부품),수출,IL,이스라엘,48,2026.08,34010204,(개별소자반도체 부품)
14600,34010204,(개별소자반도체 부품),수출,IN,인도,18,2026.08,34010204,(개별소자반도체 부품)
750947,34010204,(개별소자반도체 부품),수출,JP,일본,2514,2026.08,34010204,(개별소자반도체 부품)
79112,34010204,(개별소자반도체 부품),수출,MN,몽골,1780,2026.08,34010204,(개별소자반도체 부품)
946690,34010204,(개별소자반도체 부품),수출,MY,말레이시아,12249,2026.08,34010204,(개별소자반도체 부품)
577573,34010204,(개별소자반도체 부품),수출,PH,필리핀,2465,2026.08,34010204,(개별소자반도체 부품)
154678,34010204,(개별소자반도체 부품),수출,TH,태국,327,2026.08,34010204,(개별소자반도체 부품)
1172671,34010204,(개별소자반도체 부품),수출,TW,대만,3033,2026.08,34010204,(개별소자반도체 부품)
87345,34010204,(개별소자반도체 부품),수출,US,미국,30,2026.08,34010204,(개별소자반도체 부품)
2207430,34010204,(개별소자반도체 부품),수출,VN,베트남,7707,2026.08,34010204,(개별소자반도체 부품)
6237,34010290,(기타 개별소자반도체),수출,AE,아랍에미리트 연합,13,2025.09,34010290,(기타 개별소자반도체)
50066,34010290,(기타 개별소자반도체),수출,AF,아프카니스탄,109910,2025.09,34010290,(기타 개별소자반도체)
49931,34010290,(기타 개별소자반도체),수출,AR,아르헨티나,98,2025.09,34010290,(기타 개별소자반도체)
35152,34010290,(기타 개별소자반도체),수출,AT,오스트리아,561,2025.09,34010290,(기타 개별소자반도체)
4459,34010290,(기타 개별소자반도체),수출,AU,호주,2,2025.09,34010290,(기타 개별소자반도체)
21784,34010290,(기타 개별소자반도체),수출,BE,벨기에,27,2025.09,34010290,(기타 개별소자반도체)
55703,34010290,(기타 개별소자반도체),수출,BR,브라질,939,2025.09,34010290,(기타 개별소자반도체)
67911,34010290,(기타 개별소자반도체),수출,CA,캐나다,39,2025.09,34010290,(기타 개별소자반도체)
30291,34010290,(기타 개별소자반도체),수출,CH,스위스,22,2025.09,34010290,(기타 개별소자반도체)
1600,34010290,(기타 개별소자반도체),수출,CL,칠레,0,2025.09,34010290,(기타 개별소자반도체)
144,34010290,(기타 개별소자반도체),수출,CM,카메룬,400,2025.09,34010290,(기타 개별소자반도체)
17637259,34010290,(기타 개별소자반도체),수출,CN,중국,111030,2025.09,34010290,(기타 개별소자반도체)
114645,34010290,(기타 개별소자반도체),수출,CZ,체코공화국,117,2025.09,34010290,(기타 개별소자반도체)
757742,34010290,(기타 개별소자반도체),수출,DE,독일,837,2025.09,34010290,(기타 개별소자반도체)
41400,34010290,(기타 개별소자반도체),수출,DK,덴마크,95,2025.09,34010290,(기타 개별소자반도체)
27249,34010290,(기타 개별소자반도체),수출,EG,이집트,128,2025.09,34010290,(기타 개별소자반도체)
4218,34010290,(기타 개별소자반도체),수출,FI,핀란드,70,2025.09,34010290,(기타 개별소자반도체)
130685,34010290,(기타 개별소자반도체),수출,FR,프랑스,4176,2025.09,34010290,(기타 개별소자반도체)
265772,34010290,(기타 개별소자반도체),수출,GB,영국,524,2025.09,34010290,(기타 개별소자반도체)
296543,34010290,(기타 개별소자반도체),수출,GH,가나,8409,2025.09,34010290,(기타 개별소자반도체)
852357,34010290,(기타 개별소자반도체),수출,HK,홍콩,4115,2025.09,34010290,(기타 개별소자반도체)
260,34010290,(기타 개별소자반도체),수출,HU,헝가리,2,2025.09,34010290,(기타 개별소자반도체)
293847,34010290,(기타 개별소자반도체),수출,ID,인도네시아,2519,2025.09,34010290,(기타 개별소자반도체)
115,34010290,(기타 개별소자반도체),수출,IE,아일랜드,1,2025.09,34010290,(기타 개별소자반도체)
50997,34010290,(기타 개별소자반도체),수출,IL,이스라엘,92,2025.09,34010290,(기타 개별소자반도체)
388729,34010290,(기타 개별소자반도체),수출,IN,인도,1957,2025.09,34010290,(기타 개별소자반도체)
500,34010290,(기타 개별소자반도체),수출,IQ,이라크,46,2025.09,34010290,(기타 개별소자반도체)
14355,34010290,(기타 개별소자반도체),수출,IR,이란,103200,2025.09,34010290,(기타 개별소자반도체)
637438,34010290,(기타 개별소자반도체),수출,IT,이탈리아,1312,2025.09,34010290,(기타 개별소자반도체)
1269309,34010290,(기타 개별소자반도체),수출,JP,일본,24399,2025.09,34010290,(기타 개별소자반도체)
10000,34010290,(기타 개별소자반도체),수출,KE,케냐,19580,2025.09,34010290,(기타 개별소자반도체)
17400,34010290,(기타 개별소자반도체),수출,KH,캄보디아,7,2025.09,34010290,(기타 개별소자반도체)
4300,34010290,(기타 개별소자반도체),수출,MA,모로코,1,2025.09,34010290,(기타 개별소자반도체)
353211,34010290,(기타 개별소자반도체),수출,MX,멕시코,560,2025.09,34010290,(기타 개별소자반도체)
2424367,34010290,(기타 개별소자반도체),수출,MY,말레이시아,1953,2025.09,34010290,(기타 개별소자반도체)
50121,34010290,(기타 개별소자반도체),수출,NG,나이지리아,102705,2025.09,34010290,(기타 개별소자반도체)
42255,34010290,(기타 개별소자반도체),수출,NL,네덜란드,264,2025.09,34010290,(기타 개별소자반도체)
195745,34010290,(기타 개별소자반도체),수출,NO,노르웨이,341,2025.09,34010290,(기타 개별소자반도체)
15,34010290,(기타 개별소자반도체),수출,PE,페루,0,2025.09,34010290,(기타 개별소자반도체)
354001,34010290,(기타 개별소자반도체),수출,PH,필리핀,1998,2025.09,34010290,(기타 개별소자반도체)
129110,34010290,(기타 개별소자반도체),수출,PL,폴란드,151,2025.09,34010290,(기타 개별소자반도체)
286122,34010290,(기타 개별소자반도체),수출,PR,푸에르토리코,98,2025.09,34010290,(기타 개별소자반도체)
245,34010290,(기타 개별소자반도체),수출,QA,카타르,0,2025.09,34010290,(기타 개별소자반도체)
159682,34010290,(기타 개별소자반도체),수출,RO,루마니아,4478,2025.09,34010290,(기타 개별소자반도체)
3925,34010290,(기타 개별소자반도체),수출,RS,세르비아,244,2025.09,34010290,(기타 개별소자반도체)
5100,34010290,(기타 개별소자반도체),수출,SA,사우디아라비아,4,2025.09,34010290,(기타 개별소자반도체)
2817,34010290,(기타 개별소자반도체),수출,SE,스웨덴,127,2025.09,34010290,(기타 개별소자반도체)
616293,34010290,(기타 개별소자반도체),수출,SG,싱가포르,4344,2025.09,34010290,(기타 개별소자반도체)
10054,34010290,(기타 개별소자반도체),수출,SK,슬로바키아,206,2025.09,34010290,(기타 개별소자반도체)
1385,34010290,(기타 개별소자반도체),수출,SL,시에라 리온,1490,2025.09,34010290,(기타 개별소자반도체)
358684,34010290,(기타 개별소자반도체),수출,TH,태국,2922,2025.09,34010290,(기타 개별소자반도체)
2166,34010290,(기타 개별소자반도체),수출,TJ,타지크,70,2025.09,34010290,(기타 개별소자반도체)
238597,34010290,(기타 개별소자반도체),수출,TR,튀르키예,98537,2025.09,34010290,(기타 개별소자반도체)
2297132,34010290,(기타 개별소자반도체),수출,TW,대만,1931,2025.09,34010290,(기타 개별소자반도체)
20014071,34010290,(기타 개별소자반도체),수출,US,미국,588979,2025.09,34010290,(기타 개별소자반도체)
47750936,34010290,(기타 개별소자반도체),수출,VN,베트남,13517,2025.09,34010290,(기타 개별소자반도체)
2281,34010290,(기타 개별소자반도체),수출,ZA,남아프리카공화국,7,2025.09,34010290,(기타 개별소자반도체)
5525,34010290,(기타 개별소자반도체),수출,AE,아랍에미리트 연합,72,2025.10,34010290,(기타 개별소자반도체)
5850,34010290,(기타 개별소자반도체),수출,AR,아르헨티나,3,2025.10,34010290,(기타 개별소자반도체)
12863,34010290,(기타 개별소자반도체),수출,AT,오스트리아,85,2025.10,34010290,(기타 개별소자반도체)
9733,34010290,(기타 개별소자반도체),수출,AU,호주,5,2025.10,34010290,(기타 개별소자반도체)
3865,34010290,(기타 개별소자반도체),수출,BD,방글라데시,399,2025.10,34010290,(기타 개별소자반도체)
58690,34010290,(기타 개별소자반도체),수출,BE,벨기에,80,2025.10,34010290,(기타 개별소자반도체)
1580,34010290,(기타 개별소자반도체),수출,BG,불가리아,1,2025.10,34010290,(기타 개별소자반도체)
42301,34010290,(기타 개별소자반도체),수출,BR,브라질,58,2025.10,34010290,(기타 개별소자반도체)
81307,34010290,(기타 개별소자반도체),수출,CA,캐나다,90,2025.10,34010290,(기타 개별소자반도체)
22952,34010290,(기타 개별소자반도체),수출,CH,스위스,13,2025.10,34010290,(기타 개별소자반도체)
22310857,34010290,(기타 개별소자반도체),수출,CN,중국,57419,2025.10,34010290,(기타 개별소자반도체)
78152,34010290,(기타 개별소자반도체),수출,CZ,체코공화국,543,2025.10,34010290,(기타 개별소자반도체)
385133,34010290,(기타 개별소자반도체),수출,DE,독일,1548,2025.10,34010290,(기타 개별소자반도체)
105,34010290,(기타 개별소자반도체),수출,DO,도미니카 공화국,1,2025.10,34010290,(기타 개별소자반도체)
23741,34010290,(기타 개별소자반도체),수출,EG,이집트,114,2025.10,34010290,(기타 개별소자반도체)
2115,34010290,(기타 개별소자반도체),수출,ES,스페인,1,2025.10,34010290,(기타 개별소자반도체)
48063,34010290,(기타 개별소자반도체),수출,FR,프랑스,163,2025.10,34010290,(기타 개별소자반도체)
263551,34010290,(기타 개별소자반도체),수출,GB,영국,625,2025.10,34010290,(기타 개별소자반도체)
380755,34010290,(기타 개별소자반도체),수출,GH,가나,62827,2025.10,34010290,(기타 개별소자반도체)
2606222,34010290,(기타 개별소자반도체),수출,HK,홍콩,5671,2025.10,34010290,(기타 개별소자반도체)
24,34010290,(기타 개별소자반도체),수출,HU,헝가리,0,2025.10,34010290,(기타 개별소자반도체)
162612,34010290,(기타 개별소자반도체),수출,ID,인도네시아,1495,2025.10,34010290,(기타 개별소자반도체)
435,34010290,(기타 개별소자반도체),수출,IE,아일랜드,0,2025.10,34010290,(기타 개별소자반도체)
4530,34010290,(기타 개별소자반도체),수출,IL,이스라엘,9,2025.10,34010290,(기타 개별소자반도체)
364646,34010290,(기타 개별소자반도체),수출,IN,인도,2901,2025.10,34010290,(기타 개별소자반도체)
4524,34010290,(기타 개별소자반도체),수출,IQ,이라크,3,2025.10,34010290,(기타 개별소자반도체)
12561,34010290,(기타 개별소자반도체),수출,IR,이란,191717,2025.10,34010290,(기타 개별소자반도체)
91281,34010290,(기타 개별소자반도체),수출,IT,이탈리아,64,2025.10,34010290,(기타 개별소자반도체)
1256268,34010290,(기타 개별소자반도체),수출,JP,일본,59381,2025.10,34010290,(기타 개별소자반도체)
9245,34010290,(기타 개별소자반도체),수출,KG,키르기스스탄,2691,2025.10,34010290,(기타 개별소자반도체)
1687,34010290,(기타 개별소자반도체),수출,MA,모로코,1,2025.10,34010290,(기타 개별소자반도체)
14369,34010290,(기타 개별소자반도체),수출,ML,말리,21164,2025.10,34010290,(기타 개별소자반도체)
334374,34010290,(기타 개별소자반도체),수출,MX,멕시코,695,2025.10,34010290,(기타 개별소자반도체)
1583486,34010290,(기타 개별소자반도체),수출,MY,말레이시아,2083,2025.10,34010290,(기타 개별소자반도체)
66,34010290,(기타 개별소자반도체),수출,NC,뉴 칼레도니아,0,2025.10,34010290,(기타 개별소자반도체)
25730,34010290,(기타 개별소자반도체),수출,NG,나이지리아,32140,2025.10,34010290,(기타 개별소자반도체)
83448,34010290,(기타 개별소자반도체),수출,NL,네덜란드,69,2025.10,34010290,(기타 개별소자반도체)
112950,34010290,(기타 개별소자반도체),수출,NO,노르웨이,222,2025.10,34010290,(기타 개별소자반도체)
2134,34010290,(기타 개별소자반도체),수출,NZ,뉴질랜드,1,2025.10,34010290,(기타 개별소자반도체)
116153,34010290,(기타 개별소자반도체),수출,PH,필리핀,753,2025.10,34010290,(기타 개별소자반도체)
152769,34010290,(기타 개별소자반도체),수출,PL,폴란드,147,2025.10,34010290,(기타 개별소자반도체)
109997,34010290,(기타 개별소자반도체),수출,RO,루마니아,3101,2025.10,34010290,(기타 개별소자반도체)
270,34010290,(기타 개별소자반도체),수출,SA,사우디아라비아,1,2025.10,34010290,(기타 개별소자반도체)
1468,34010290,(기타 개별소자반도체),수출,SE,스웨덴,3,2025.10,34010290,(기타 개별소자반도체)
372006,34010290,(기타 개별소자반도체),수출,SG,싱가포르,1508,2025.10,34010290,(기타 개별소자반도체)
2040,34010290,(기타 개별소자반도체),수출,SK,슬로바키아,36,2025.10,34010290,(기타 개별소자반도체)
414355,34010290,(기타 개별소자반도체),수출,TH,태국,2171,2025.10,34010290,(기타 개별소자반도체)
127294,34010290,(기타 개별소자반도체),수출,TR,튀르키예,82659,2025.10,34010290,(기타 개별소자반도체)
1787429,34010290,(기타 개별소자반도체),수출,TW,대만,560,2025.10,34010290,(기타 개별소자반도체)
33858611,34010290,(기타 개별소자반도체),수출,US,미국,2346312,2025.10,34010290,(기타 개별소자반도체)
42589970,34010290,(기타 개별소자반도체),수출,VN,베트남,10874,2025.10,34010290,(기타 개별소자반도체)
99,34010290,(기타 개별소자반도체),수출,ZA,남아프리카공화국,1,2025.10,34010290,(기타 개별소자반도체)
9395,34010290,(기타 개별소자반도체),수출,AE,아랍에미리트 연합,50,2025.11,34010290,(기타 개별소자반도체)
47880,34010290,(기타 개별소자반도체),수출,AF,아프카니스탄,213650,2025.11,34010290,(기타 개별소자반도체)
122978,34010290,(기타 개별소자반도체),수출,AR,아르헨티나,147,2025.11,34010290,(기타 개별소자반도체)
8413,34010290,(기타 개별소자반도체),수출,AT,오스트리아,123,2025.11,34010290,(기타 개별소자반도체)
4847,34010290,(기타 개별소자반도체),수출,AU,호주,2,2025.11,34010290,(기타 개별소자반도체)
48629,34010290,(기타 개별소자반도체),수출,BE,벨기에,52,2025.11,34010290,(기타 개별소자반도체)
684,34010290,(기타 개별소자반도체),수출,BF,부르키나 파소,3600,2025.11,34010290,(기타 개별소자반도체)
29782,34010290,(기타 개별소자반도체),수출,BR,브라질,613,2025.11,34010290,(기타 개별소자반도체)
87997,34010290,(기타 개별소자반도체),수출,CA,캐나다,73,2025.11,34010290,(기타 개별소자반도체)
14811,34010290,(기타 개별소자반도체),수출,CH,스위스,8,2025.11,34010290,(기타 개별소자반도체)
2620,34010290,(기타 개별소자반도체),수출,CL,칠레,1,2025.11,34010290,(기타 개별소자반도체)
22052936,34010290,(기타 개별소자반도체),수출,CN,중국,163700,2025.11,34010290,(기타 개별소자반도체)
2300,34010290,(기타 개별소자반도체),수출,CO,콜롬비아,3,2025.11,34010290,(기타 개별소자반도체)
66829,34010290,(기타 개별소자반도체),수출,CZ,체코공화국,202,2025.11,34010290,(기타 개별소자반도체)
1620048,34010290,(기타 개별소자반도체),수출,DE,독일,27109,2025.11,34010290,(기타 개별소자반도체)
76,34010290,(기타 개별소자반도체),수출,DO,도미니카 공화국,3,2025.11,34010290,(기타 개별소자반도체)
26357,34010290,(기타 개별소자반도체),수출,EG,이집트,60,2025.11,34010290,(기타 개별소자반도체)
1254,34010290,(기타 개별소자반도체),수출,FI,핀란드,1,2025.11,34010290,(기타 개별소자반도체)
28169,34010290,(기타 개별소자반도체),수출,FR,프랑스,110,2025.11,34010290,(기타 개별소자반도체)
257364,34010290,(기타 개별소자반도체),수출,GB,영국,456,2025.11,34010290,(기타 개별소자반도체)
4500,34010290,(기타 개별소자반도체),수출,GR,그리스,3,2025.11,34010290,(기타 개별소자반도체)
51,34010290,(기타 개별소자반도체),수출,GU,괌,0,2025.11,34010290,(기타 개별소자반도체)
1193107,34010290,(기타 개별소자반도체),수출,HK,홍콩,4315,2025.11,34010290,(기타 개별소자반도체)
4590,34010290,(기타 개별소자반도체),수출,HU,헝가리,4,2025.11,34010290,(기타 개별소자반도체)
122631,34010290,(기타 개별소자반도체),수출,ID,인도네시아,908,2025.11,34010290,(기타 개별소자반도체)
649,34010290,(기타 개별소자반도체),수출,IE,아일랜드,2,2025.11,34010290,(기타 개별소자반도체)
12010,34010290,(기타 개별소자반도체),수출,IL,이스라엘,11,2025.11,34010290,(기타 개별소자반도체)
353752,34010290,(기타 개별소자반도체),수출,IN,인도,1814,2025.11,34010290,(기타 개별소자반도체)
3100,34010290,(기타 개별소자반도체),수출,IR,이란,47150,2025.11,34010290,(기타 개별소자반도체)
64875,34010290,(기타 개별소자반도체),수출,IT,이탈리아,72,2025.11,34010290,(기타 개별소자반도체)
1066296,34010290,(기타 개별소자반도체),수출,JP,일본,9097,2025.11,34010290,(기타 개별소자반도체)
35,34010290,(기타 개별소자반도체),수출,KG,키르기스스탄,10,2025.11,34010290,(기타 개별소자반도체)
30529,34010290,(기타 개별소자반도체),수출,ML,말리,39140,2025.11,34010290,(기타 개별소자반도체)
60,34010290,(기타 개별소자반도체),수출,MU,모리셔스,0,2025.11,34010290,(기타 개별소자반도체)
301915,34010290,(기타 개별소자반도체),수출,MX,멕시코,351,2025.11,34010290,(기타 개별소자반도체)
1945380,34010290,(기타 개별소자반도체),수출,MY,말레이시아,1935,2025.11,34010290,(기타 개별소자반도체)
15325,34010290,(기타 개별소자반도체),수출,NG,나이지리아,27000,2025.11,34010290,(기타 개별소자반도체)
65292,34010290,(기타 개별소자반도체),수출,NL,네덜란드,112,2025.11,34010290,(기타 개별소자반도체)
113030,34010290,(기타 개별소자반도체),수출,NO,노르웨이,211,2025.11,34010290,(기타 개별소자반도체)
293552,34010290,(기타 개별소자반도체),수출,PH,필리핀,1940,2025.11,34010290,(기타 개별소자반도체)
6720,34010290,(기타 개별소자반도체),수출,PK,파키스탄,5,2025.11,34010290,(기타 개별소자반도체)
162669,34010290,(기타 개별소자반도체),수출,PL,폴란드,174,2025.11,34010290,(기타 개별소자반도체)
154351,34010290,(기타 개별소자반도체),수출,PR,푸에르토리코,56,2025.11,34010290,(기타 개별소자반도체)
9860,34010290,(기타 개별소자반도체),수출,PT,포루투갈,36,2025.11,34010290,(기타 개별소자반도체)
202730,34010290,(기타 개별소자반도체),수출,RO,루마니아,5855,2025.11,34010290,(기타 개별소자반도체)
159,34010290,(기타 개별소자반도체),수출,RS,세르비아,1,2025.11,34010290,(기타 개별소자반도체)
22646,34010290,(기타 개별소자반도체),수출,SA,사우디아라비아,270,2025.11,34010290,(기타 개별소자반도체)
2761,34010290,(기타 개별소자반도체),수출,SE,스웨덴,3,2025.11,34010290,(기타 개별소자반도체)
598667,34010290,(기타 개별소자반도체),수출,SG,싱가포르,1991,2025.11,34010290,(기타 개별소자반도체)
6229,34010290,(기타 개별소자반도체),수출,SK,슬로바키아,137,2025.11,34010290,(기타 개별소자반도체)
455088,34010290,(기타 개별소자반도체),수출,TH,태국,21698,2025.11,34010290,(기타 개별소자반도체)
62335,34010290,(기타 개별소자반도체),수출,TN,튀니지,149,2025.11,34010290,(기타 개별소자반도체)
148529,34010290,(기타 개별소자반도체),수출,TR,튀르키예,22701,2025.11,34010290,(기타 개별소자반도체)
1522227,34010290,(기타 개별소자반도체),수출,TW,대만,719,2025.11,34010290,(기타 개별소자반도체)
119179247,34010290,(기타 개별소자반도체),수출,US,미국,2930181,2025.11,34010290,(기타 개별소자반도체)
51804995,34010290,(기타 개별소자반도체),수출,VN,베트남,11889,2025.11,34010290,(기타 개별소자반도체)
55,34010290,(기타 개별소자반도체),수출,ZA,남아프리카공화국,1,2025.11,34010290,(기타 개별소자반도체)
8072,34010290,(기타 개별소자반도체),수출,AE,아랍에미리트 연합,55,2025.12,34010290,(기타 개별소자반도체)
32624,34010290,(기타 개별소자반도체),수출,AF,아프카니스탄,122890,2025.12,34010290,(기타 개별소자반도체)
1058041,34010290,(기타 개별소자반도체),수출,AR,아르헨티나,1521,2025.12,34010290,(기타 개별소자반도체)
12193,34010290,(기타 개별소자반도체),수출,AT,오스트리아,253,2025.12,34010290,(기타 개별소자반도체)
780,34010290,(기타 개별소자반도체),수출,AU,호주,0,2025.12,34010290,(기타 개별소자반도체)
66341,34010290,(기타 개별소자반도체),수출,BE,벨기에,71,2025.12,34010290,(기타 개별소자반도체)
43593,34010290,(기타 개별소자반도체),수출,BR,브라질,2069,2025.12,34010290,(기타 개별소자반도체)
72875,34010290,(기타 개별소자반도체),수출,CA,캐나다,188,2025.12,34010290,(기타 개별소자반도체)
33730,34010290,(기타 개별소자반도체),수출,CH,스위스,9,2025.12,34010290,(기타 개별소자반도체)
20286250,34010290,(기타 개별소자반도체),수출,CN,중국,120111,2025.12,34010290,(기타 개별소자반도체)
600,34010290,(기타 개별소자반도체),수출,CO,콜롬비아,2,2025.12,34010290,(기타 개별소자반도체)
62430,34010290,(기타 개별소자반도체),수출,CZ,체코공화국,101,2025.12,34010290,(기타 개별소자반도체)
329251,34010290,(기타 개별소자반도체),수출,DE,독일,812,2025.12,34010290,(기타 개별소자반도체)
46667,34010290,(기타 개별소자반도체),수출,EG,이집트,129,2025.12,34010290,(기타 개별소자반도체)
45,34010290,(기타 개별소자반도체),수출,ES,스페인,0,2025.12,34010290,(기타 개별소자반도체)
2865,34010290,(기타 개별소자반도체),수출,FI,핀란드,182,2025.12,34010290,(기타 개별소자반도체)
126467,34010290,(기타 개별소자반도체),수출,FR,프랑스,4241,2025.12,34010290,(기타 개별소자반도체)
288632,34010290,(기타 개별소자반도체),수출,GB,영국,642,2025.12,34010290,(기타 개별소자반도체)
5599,34010290,(기타 개별소자반도체),수출,GH,가나,17101,2025.12,34010290,(기타 개별소자반도체)
10,34010290,(기타 개별소자반도체),수출,GU,괌,0,2025.12,34010290,(기타 개별소자반도체)
1551762,34010290,(기타 개별소자반도체),수출,HK,홍콩,3885,2025.12,34010290,(기타 개별소자반도체)
17430,34010290,(기타 개별소자반도체),수출,HU,헝가리,23,2025.12,34010290,(기타 개별소자반도체)
227185,34010290,(기타 개별소자반도체),수출,ID,인도네시아,1509,2025.12,34010290,(기타 개별소자반도체)
41527,34010290,(기타 개별소자반도체),수출,IL,이스라엘,23,2025.12,34010290,(기타 개별소자반도체)
320738,34010290,(기타 개별소자반도체),수출,IN,인도,857,2025.12,34010290,(기타 개별소자반도체)
29949,34010290,(기타 개별소자반도체),수출,IR,이란,153960,2025.12,34010290,(기타 개별소자반도체)
73735,34010290,(기타 개별소자반도체),수출,IT,이탈리아,70,2025.12,34010290,(기타 개별소자반도체)
980600,34010290,(기타 개별소자반도체),수출,JP,일본,40897,2025.12,34010290,(기타 개별소자반도체)
2071,34010290,(기타 개별소자반도체),수출,KE,케냐,160,2025.12,34010290,(기타 개별소자반도체)
16511,34010290,(기타 개별소자반도체),수출,LA,라오스,8000,2025.12,34010290,(기타 개별소자반도체)
15,34010290,(기타 개별소자반도체),수출,LK,스리랑카,0,2025.12,34010290,(기타 개별소자반도체)
1000,34010290,(기타 개별소자반도체),수출,LT,리투아니아,0,2025.12,34010290,(기타 개별소자반도체)
230759,34010290,(기타 개별소자반도체),수출,MX,멕시코,317,2025.12,34010290,(기타 개별소자반도체)
1274726,34010290,(기타 개별소자반도체),수출,MY,말레이시아,1563,2025.12,34010290,(기타 개별소자반도체)
56151,34010290,(기타 개별소자반도체),수출,NG,나이지리아,220800,2025.12,34010290,(기타 개별소자반도체)
57351,34010290,(기타 개별소자반도체),수출,NL,네덜란드,170,2025.12,34010290,(기타 개별소자반도체)
78600,34010290,(기타 개별소자반도체),수출,NO,노르웨이,149,2025.12,34010290,(기타 개별소자반도체)
1,34010290,(기타 개별소자반도체),수출,PA,파나마,0,2025.12,34010290,(기타 개별소자반도체)
15,34010290,(기타 개별소자반도체),수출,PE,페루,0,2025.12,34010290,(기타 개별소자반도체)
197745,34010290,(기타 개별소자반도체),수출,PH,필리핀,15084,2025.12,34010290,(기타 개별소자반도체)
2653,34010290,(기타 개별소자반도체),수출,PK,파키스탄,3,2025.12,34010290,(기타 개별소자반도체)
176422,34010290,(기타 개별소자반도체),수출,PL,폴란드,102,2025.12,34010290,(기타 개별소자반도체)
411939,34010290,(기타 개별소자반도체),수출,PR,푸에르토리코,129,2025.12,34010290,(기타 개별소자반도체)
525,34010290,(기타 개별소자반도체),수출,QA,카타르,6,2025.12,34010290,(기타 개별소자반도체)
42,34010290,(기타 개별소자반도체),수출,RO,루마니아,0,2025.12,34010290,(기타 개별소자반도체)
311,34010290,(기타 개별소자반도체),수출,RS,세르비아,0,2025.12,34010290,(기타 개별소자반도체)
3568,34010290,(기타 개별소자반도체),수출,SA,사우디아라비아,5,2025.12,34010290,(기타 개별소자반도체)
2707,34010290,(기타 개별소자반도체),수출,SE,스웨덴,5,2025.12,34010290,(기타 개별소자반도체)
533183,34010290,(기타 개별소자반도체),수출,SG,싱가포르,2055,2025.12,34010290,(기타 개별소자반도체)
3432,34010290,(기타 개별소자반도체),수출,SK,슬로바키아,36,2025.12,34010290,(기타 개별소자반도체)
3363,34010290,(기타 개별소자반도체),수출,TG,토고,22816,2025.12,34010290,(기타 개별소자반도체)
460466,34010290,(기타 개별소자반도체),수출,TH,태국,2601,2025.12,34010290,(기타 개별소자반도체)
351633,34010290,(기타 개별소자반도체),수출,TJ,타지크,165309,2025.12,34010290,(기타 개별소자반도체)
283349,34010290,(기타 개별소자반도체),수출,TR,튀르키예,136,2025.12,34010290,(기타 개별소자반도체)
1909784,34010290,(기타 개별소자반도체),수출,TW,대만,980,2025.12,34010290,(기타 개별소자반도체)
60237302,34010290,(기타 개별소자반도체),수출,US,미국,1254578,2025.12,34010290,(기타 개별소자반도체)
1202,34010290,(기타 개별소자반도체),수출,UZ,우즈베키스탄,3,2025.12,34010290,(기타 개별소자반도체)
49158978,34010290,(기타 개별소자반도체),수출,VN,베트남,12067,2025.12,34010290,(기타 개별소자반도체)
17,34010290,(기타 개별소자반도체),수출,ZA,남아프리카공화국,0,2025.12,34010290,(기타 개별소자반도체)
2399,34010290,(기타 개별소자반도체),수출,AE,아랍에미리트 연합,20,2026.01,34010290,(기타 개별소자반도체)
7508,34010290,(기타 개별소자반도체),수출,AF,아프카니스탄,85660,2026.01,34010290,(기타 개별소자반도체)
12054,34010290,(기타 개별소자반도체),수출,AR,아르헨티나,23,2026.01,34010290,(기타 개별소자반도체)
20308,34010290,(기타 개별소자반도체),수출,AT,오스트리아,435,2026.01,34010290,(기타 개별소자반도체)
2428,34010290,(기타 개별소자반도체),수출,AU,호주,2,2026.01,34010290,(기타 개별소자반도체)
215,34010290,(기타 개별소자반도체),수출,BD,방글라데시,2,2026.01,34010290,(기타 개별소자반도체)
57274,34010290,(기타 개별소자반도체),수출,BE,벨기에,54,2026.01,34010290,(기타 개별소자반도체)
55775,34010290,(기타 개별소자반도체),수출,BR,브라질,481,2026.01,34010290,(기타 개별소자반도체)
46773,34010290,(기타 개별소자반도체),수출,CA,캐나다,104,2026.01,34010290,(기타 개별소자반도체)
15561,34010290,(기타 개별소자반도체),수출,CH,스위스,8,2026.01,34010290,(기타 개별소자반도체)
15,34010290,(기타 개별소자반도체),수출,CL,칠레,0,2026.01,34010290,(기타 개별소자반도체)
100,34010290,(기타 개별소자반도체),수출,CM,카메룬,1500,2026.01,34010290,(기타 개별소자반도체)
19872779,34010290,(기타 개별소자반도체),수출,CN,중국,100982,2026.01,34010290,(기타 개별소자반도체)
2900,34010290,(기타 개별소자반도체),수출,CO,콜롬비아,11,2026.01,34010290,(기타 개별소자반도체)
115092,34010290,(기타 개별소자반도체),수출,CZ,체코공화국,187,2026.01,34010290,(기타 개별소자반도체)
596431,34010290,(기타 개별소자반도체),수출,DE,독일,1133,2026.01,34010290,(기타 개별소자반도체)
41400,34010290,(기타 개별소자반도체),수출,DK,덴마크,122,2026.01,34010290,(기타 개별소자반도체)
51561,34010290,(기타 개별소자반도체),수출,EG,이집트,164,2026.01,34010290,(기타 개별소자반도체)
1411,34010290,(기타 개별소자반도체),수출,ES,스페인,5,2026.01,34010290,(기타 개별소자반도체)
550,34010290,(기타 개별소자반도체),수출,FI,핀란드,1,2026.01,34010290,(기타 개별소자반도체)
116728,34010290,(기타 개별소자반도체),수출,FR,프랑스,4186,2026.01,34010290,(기타 개별소자반도체)
202380,34010290,(기타 개별소자반도체),수출,GB,영국,257,2026.01,34010290,(기타 개별소자반도체)
361,34010290,(기타 개별소자반도체),수출,GQ,적도 기니,32,2026.01,34010290,(기타 개별소자반도체)
21,34010290,(기타 개별소자반도체),수출,GU,괌,0,2026.01,34010290,(기타 개별소자반도체)
1650596,34010290,(기타 개별소자반도체),수출,HK,홍콩,6515,2026.01,34010290,(기타 개별소자반도체)
428,34010290,(기타 개별소자반도체),수출,HU,헝가리,3,2026.01,34010290,(기타 개별소자반도체)
223580,34010290,(기타 개별소자반도체),수출,ID,인도네시아,492,2026.01,34010290,(기타 개별소자반도체)
480,34010290,(기타 개별소자반도체),수출,IE,아일랜드,11,2026.01,34010290,(기타 개별소자반도체)
49847,34010290,(기타 개별소자반도체),수출,IL,이스라엘,29,2026.01,34010290,(기타 개별소자반도체)
298342,34010290,(기타 개별소자반도체),수출,IN,인도,2286,2026.01,34010290,(기타 개별소자반도체)
3266,34010290,(기타 개별소자반도체),수출,IR,이란,28500,2026.01,34010290,(기타 개별소자반도체)
239621,34010290,(기타 개별소자반도체),수출,IT,이탈리아,403,2026.01,34010290,(기타 개별소자반도체)
1554598,34010290,(기타 개별소자반도체),수출,JP,일본,46979,2026.01,34010290,(기타 개별소자반도체)
4670,34010290,(기타 개별소자반도체),수출,KE,케냐,300,2026.01,34010290,(기타 개별소자반도체)
1362,34010290,(기타 개별소자반도체),수출,KG,키르기스스탄,2500,2026.01,34010290,(기타 개별소자반도체)
52,34010290,(기타 개별소자반도체),수출,KW,쿠웨이트,4,2026.01,34010290,(기타 개별소자반도체)
525,34010290,(기타 개별소자반도체),수출,LK,스리랑카,2,2026.01,34010290,(기타 개별소자반도체)
200,34010290,(기타 개별소자반도체),수출,LT,리투아니아,0,2026.01,34010290,(기타 개별소자반도체)
1500,34010290,(기타 개별소자반도체),수출,MA,모로코,2,2026.01,34010290,(기타 개별소자반도체)
51040,34010290,(기타 개별소자반도체),수출,ML,말리,61860,2026.01,34010290,(기타 개별소자반도체)
107,34010290,(기타 개별소자반도체),수출,MN,몽골,1,2026.01,34010290,(기타 개별소자반도체)
414236,34010290,(기타 개별소자반도체),수출,MX,멕시코,738,2026.01,34010290,(기타 개별소자반도체)
2220469,34010290,(기타 개별소자반도체),수출,MY,말레이시아,1958,2026.01,34010290,(기타 개별소자반도체)
70496,34010290,(기타 개별소자반도체),수출,NG,나이지리아,149950,2026.01,34010290,(기타 개별소자반도체)
114827,34010290,(기타 개별소자반도체),수출,NL,네덜란드,170,2026.01,34010290,(기타 개별소자반도체)
402928,34010290,(기타 개별소자반도체),수출,NO,노르웨이,691,2026.01,34010290,(기타 개별소자반도체)
164541,34010290,(기타 개별소자반도체),수출,PH,필리핀,15035,2026.01,34010290,(기타 개별소자반도체)
3250,34010290,(기타 개별소자반도체),수출,PK,파키스탄,25,2026.01,34010290,(기타 개별소자반도체)
165297,34010290,(기타 개별소자반도체),수출,PL,폴란드,170,2026.01,34010290,(기타 개별소자반도체)
327125,34010290,(기타 개별소자반도체),수출,PR,푸에르토리코,98,2026.01,34010290,(기타 개별소자반도체)
15,34010290,(기타 개별소자반도체),수출,PY,파라과이,0,2026.01,34010290,(기타 개별소자반도체)
57173,34010290,(기타 개별소자반도체),수출,RO,루마니아,1721,2026.01,34010290,(기타 개별소자반도체)
313,34010290,(기타 개별소자반도체),수출,RS,세르비아,0,2026.01,34010290,(기타 개별소자반도체)
3920,34010290,(기타 개별소자반도체),수출,SE,스웨덴,4,2026.01,34010290,(기타 개별소자반도체)
678646,34010290,(기타 개별소자반도체),수출,SG,싱가포르,2300,2026.01,34010290,(기타 개별소자반도체)
272,34010290,(기타 개별소자반도체),수출,SI,슬로베니아,6,2026.01,34010290,(기타 개별소자반도체)
8459,34010290,(기타 개별소자반도체),수출,SK,슬로바키아,85,2026.01,34010290,(기타 개별소자반도체)
346,34010290,(기타 개별소자반도체),수출,SN,세네갈,1000,2026.01,34010290,(기타 개별소자반도체)
397408,34010290,(기타 개별소자반도체),수출,TH,태국,2378,2026.01,34010290,(기타 개별소자반도체)
251215,34010290,(기타 개별소자반도체),수출,TR,튀르키예,105,2026.01,34010290,(기타 개별소자반도체)
1580226,34010290,(기타 개별소자반도체),수출,TW,대만,865,2026.01,34010290,(기타 개별소자반도체)
74724461,34010290,(기타 개별소자반도체),수출,US,미국,2433374,2026.01,34010290,(기타 개별소자반도체)
930,34010290,(기타 개별소자반도체),수출,UZ,우즈베키스탄,5,2026.01,34010290,(기타 개별소자반도체)
42750350,34010290,(기타 개별소자반도체),수출,VN,베트남,10122,2026.01,34010290,(기타 개별소자반도체)
13016,34010290,(기타 개별소자반도체),수출,ZA,남아프리카공화국,46000,2026.01,34010290,(기타 개별소자반도체)
1192,34010290,(기타 개별소자반도체),수출,AE,아랍에미리트 연합,5,2026.02,34010290,(기타 개별소자반도체)
28667,34010290,(기타 개별소자반도체),수출,AF,아프카니스탄,88290,2026.02,34010290,(기타 개별소자반도체)
504,34010290,(기타 개별소자반도체),수출,AR,아르헨티나,10,2026.02,34010290,(기타 개별소자반도체)
21875,34010290,(기타 개별소자반도체),수출,AT,오스트리아,1612,2026.02,34010290,(기타 개별소자반도체)
20175,34010290,(기타 개별소자반도체),수출,AU,호주,15,2026.02,34010290,(기타 개별소자반도체)
51501,34010290,(기타 개별소자반도체),수출,BE,벨기에,48,2026.02,34010290,(기타 개별소자반도체)
28066,34010290,(기타 개별소자반도체),수출,BR,브라질,343,2026.02,34010290,(기타 개별소자반도체)
16565,34010290,(기타 개별소자반도체),수출,CA,캐나다,20,2026.02,34010290,(기타 개별소자반도체)
32220,34010290,(기타 개별소자반도체),수출,CH,스위스,133,2026.02,34010290,(기타 개별소자반도체)
11880591,34010290,(기타 개별소자반도체),수출,CN,중국,99697,2026.02,34010290,(기타 개별소자반도체)
11545,34010290,(기타 개별소자반도체),수출,CO,콜롬비아,14,2026.02,34010290,(기타 개별소자반도체)
86848,34010290,(기타 개별소자반도체),수출,CZ,체코공화국,94,2026.02,34010290,(기타 개별소자반도체)
584513,34010290,(기타 개별소자반도체),수출,DE,독일,1434,2026.02,34010290,(기타 개별소자반도체)
500,34010290,(기타 개별소자반도체),수출,DO,도미니카 공화국,1,2026.02,34010290,(기타 개별소자반도체)
16614,34010290,(기타 개별소자반도체),수출,EG,이집트,117,2026.02,34010290,(기타 개별소자반도체)
7264,34010290,(기타 개별소자반도체),수출,ES,스페인,10,2026.02,34010290,(기타 개별소자반도체)
4625,34010290,(기타 개별소자반도체),수출,FI,핀란드,46,2026.02,34010290,(기타 개별소자반도체)
50132,34010290,(기타 개별소자반도체),수출,FR,프랑스,46,2026.02,34010290,(기타 개별소자반도체)
323705,34010290,(기타 개별소자반도체),수출,GB,영국,680,2026.02,34010290,(기타 개별소자반도체)
5500,34010290,(기타 개별소자반도체),수출,GH,가나,20900,2026.02,34010290,(기타 개별소자반도체)
10,34010290,(기타 개별소자반도체),수출,GU,괌,0,2026.02,34010290,(기타 개별소자반도체)
1416050,34010290,(기타 개별소자반도체),수출,HK,홍콩,4577,2026.02,34010290,(기타 개별소자반도체)
321,34010290,(기타 개별소자반도체),수출,HU,헝가리,1,2026.02,34010290,(기타 개별소자반도체)
220911,34010290,(기타 개별소자반도체),수출,ID,인도네시아,864,2026.02,34010290,(기타 개별소자반도체)
990,34010290,(기타 개별소자반도체),수출,IE,아일랜드,4,2026.02,34010290,(기타 개별소자반도체)
67694,34010290,(기타 개별소자반도체),수출,IL,이스라엘,27,2026.02,34010290,(기타 개별소자반도체)
315153,34010290,(기타 개별소자반도체),수출,IN,인도,3199,2026.02,34010290,(기타 개별소자반도체)
3927,34010290,(기타 개별소자반도체),수출,IR,이란,54000,2026.02,34010290,(기타 개별소자반도체)
91649,34010290,(기타 개별소자반도체),수출,IT,이탈리아,150,2026.02,34010290,(기타 개별소자반도체)
1028533,34010290,(기타 개별소자반도체),수출,JP,일본,972,2026.02,34010290,(기타 개별소자반도체)
10333,34010290,(기타 개별소자반도체),수출,KG,키르기스스탄,2550,2026.02,34010290,(기타 개별소자반도체)
50,34010290,(기타 개별소자반도체),수출,KZ,카자흐스탄,10,2026.02,34010290,(기타 개별소자반도체)
20566,34010290,(기타 개별소자반도체),수출,ML,말리,21890,2026.02,34010290,(기타 개별소자반도체)
73,34010290,(기타 개별소자반도체),수출,MN,몽골,22,2026.02,34010290,(기타 개별소자반도체)
335482,34010290,(기타 개별소자반도체),수출,MX,멕시코,210,2026.02,34010290,(기타 개별소자반도체)
3700722,34010290,(기타 개별소자반도체),수출,MY,말레이시아,2303,2026.02,34010290,(기타 개별소자반도체)
131183,34010290,(기타 개별소자반도체),수출,NG,나이지리아,190180,2026.02,34010290,(기타 개별소자반도체)
68575,34010290,(기타 개별소자반도체),수출,NL,네덜란드,211,2026.02,34010290,(기타 개별소자반도체)
338285,34010290,(기타 개별소자반도체),수출,NO,노르웨이,665,2026.02,34010290,(기타 개별소자반도체)
2140,34010290,(기타 개별소자반도체),수출,NZ,뉴질랜드,3,2026.02,34010290,(기타 개별소자반도체)
340436,34010290,(기타 개별소자반도체),수출,PH,필리핀,139,2026.02,34010290,(기타 개별소자반도체)
103432,34010290,(기타 개별소자반도체),수출,PL,폴란드,106,2026.02,34010290,(기타 개별소자반도체)
320217,34010290,(기타 개별소자반도체),수출,PR,푸에르토리코,98,2026.02,34010290,(기타 개별소자반도체)
9860,34010290,(기타 개별소자반도체),수출,PT,포루투갈,36,2026.02,34010290,(기타 개별소자반도체)
48965,34010290,(기타 개별소자반도체),수출,RO,루마니아,1379,2026.02,34010290,(기타 개별소자반도체)
4576,34010290,(기타 개별소자반도체),수출,RS,세르비아,236,2026.02,34010290,(기타 개별소자반도체)
5000,34010290,(기타 개별소자반도체),수출,SA,사우디아라비아,20,2026.02,34010290,(기타 개별소자반도체)
7434,34010290,(기타 개별소자반도체),수출,SE,스웨덴,2,2026.02,34010290,(기타 개별소자반도체)
524241,34010290,(기타 개별소자반도체),수출,SG,싱가포르,1725,2026.02,34010290,(기타 개별소자반도체)
3960,34010290,(기타 개별소자반도체),수출,SK,슬로바키아,71,2026.02,34010290,(기타 개별소자반도체)
2761,34010290,(기타 개별소자반도체),수출,TG,토고,18437,2026.02,34010290,(기타 개별소자반도체)
297398,34010290,(기타 개별소자반도체),수출,TH,태국,2091,2026.02,34010290,(기타 개별소자반도체)
136766,34010290,(기타 개별소자반도체),수출,TR,튀르키예,43378,2026.02,34010290,(기타 개별소자반도체)
2040712,34010290,(기타 개별소자반도체),수출,TW,대만,851,2026.02,34010290,(기타 개별소자반도체)
72275731,34010290,(기타 개별소자반도체),수출,US,미국,2042365,2026.02,34010290,(기타 개별소자반도체)
3,34010290,(기타 개별소자반도체),수출,UZ,우즈베키스탄,1,2026.02,34010290,(기타 개별소자반도체)
44188154,34010290,(기타 개별소자반도체),수출,VN,베트남,12559,2026.02,34010290,(기타 개별소자반도체)
2115,34010290,(기타 개별소자반도체),수출,ZA,남아프리카공화국,2,2026.02,34010290,(기타 개별소자반도체)
5558,34010290,(기타 개별소자반도체),수출,AE,아랍에미리트 연합,10,2026.03,34010290,(기타 개별소자반도체)
8000,34010290,(기타 개별소자반도체),수출,AF,아프카니스탄,21370,2026.03,34010290,(기타 개별소자반도체)
1045619,34010290,(기타 개별소자반도체),수출,AO,앙골라,286720,2026.03,34010290,(기타 개별소자반도체)
1271,34010290,(기타 개별소자반도체),수출,AR,아르헨티나,2,2026.03,34010290,(기타 개별소자반도체)
10706,34010290,(기타 개별소자반도체),수출,AT,오스트리아,92,2026.03,34010290,(기타 개별소자반도체)
6424,34010290,(기타 개별소자반도체),수출,AU,호주,3,2026.03,34010290,(기타 개별소자반도체)
5571,34010290,(기타 개별소자반도체),수출,BD,방글라데시,2,2026.03,34010290,(기타 개별소자반도체)
59950,34010290,(기타 개별소자반도체),수출,BE,벨기에,56,2026.03,34010290,(기타 개별소자반도체)
20739,34010290,(기타 개별소자반도체),수출,BR,브라질,216,2026.03,34010290,(기타 개별소자반도체)
49384,34010290,(기타 개별소자반도체),수출,CA,캐나다,62,2026.03,34010290,(기타 개별소자반도체)
23226,34010290,(기타 개별소자반도체),수출,CH,스위스,16,2026.03,34010290,(기타 개별소자반도체)
18724998,34010290,(기타 개별소자반도체),수출,CN,중국,138182,2026.03,34010290,(기타 개별소자반도체)
128967,34010290,(기타 개별소자반도체),수출,CZ,체코공화국,153,2026.03,34010290,(기타 개별소자반도체)
509493,34010290,(기타 개별소자반도체),수출,DE,독일,1814,2026.03,34010290,(기타 개별소자반도체)
60,34010290,(기타 개별소자반도체),수출,DK,덴마크,0,2026.03,34010290,(기타 개별소자반도체)
27567,34010290,(기타 개별소자반도체),수출,EG,이집트,43,2026.03,34010290,(기타 개별소자반도체)
147644,34010290,(기타 개별소자반도체),수출,FR,프랑스,4252,2026.03,34010290,(기타 개별소자반도체)
359627,34010290,(기타 개별소자반도체),수출,GB,영국,791,2026.03,34010290,(기타 개별소자반도체)
400,34010290,(기타 개별소자반도체),수출,GH,가나,120,2026.03,34010290,(기타 개별소자반도체)
41,34010290,(기타 개별소자반도체),수출,GU,괌,0,2026.03,34010290,(기타 개별소자반도체)
1502164,34010290,(기타 개별소자반도체),수출,HK,홍콩,3227,2026.03,34010290,(기타 개별소자반도체)
20936,34010290,(기타 개별소자반도체),수출,HU,헝가리,24,2026.03,34010290,(기타 개별소자반도체)
284898,34010290,(기타 개별소자반도체),수출,ID,인도네시아,1340,2026.03,34010290,(기타 개별소자반도체)
14238,34010290,(기타 개별소자반도체),수출,IE,아일랜드,3,2026.03,34010290,(기타 개별소자반도체)
84762,34010290,(기타 개별소자반도체),수출,IL,이스라엘,106,2026.03,34010290,(기타 개별소자반도체)
326758,34010290,(기타 개별소자반도체),수출,IN,인도,2344,2026.03,34010290,(기타 개별소자반도체)
140392,34010290,(기타 개별소자반도체),수출,IT,이탈리아,153,2026.03,34010290,(기타 개별소자반도체)
1314426,34010290,(기타 개별소자반도체),수출,JP,일본,10320,2026.03,34010290,(기타 개별소자반도체)
139650,34010290,(기타 개별소자반도체),수출,KH,캄보디아,385,2026.03,34010290,(기타 개별소자반도체)
2880,34010290,(기타 개별소자반도체),수출,LK,스리랑카,0,2026.03,34010290,(기타 개별소자반도체)
8663,34010290,(기타 개별소자반도체),수출,MC,모나코,3,2026.03,34010290,(기타 개별소자반도체)
150054,34010290,(기타 개별소자반도체),수출,ML,말리,131818,2026.03,34010290,(기타 개별소자반도체)
377824,34010290,(기타 개별소자반도체),수출,MX,멕시코,446,2026.03,34010290,(기타 개별소자반도체)
2728220,34010290,(기타 개별소자반도체),수출,MY,말레이시아,1623,2026.03,34010290,(기타 개별소자반도체)
81,34010290,(기타 개별소자반도체),수출,MZ,모잠비크,20,2026.03,34010290,(기타 개별소자반도체)
205627,34010290,(기타 개별소자반도체),수출,NG,나이지리아,219711,2026.03,34010290,(기타 개별소자반도체)
97447,34010290,(기타 개별소자반도체),수출,NL,네덜란드,117,2026.03,34010290,(기타 개별소자반도체)
203697,34010290,(기타 개별소자반도체),수출,NO,노르웨이,395,2026.03,34010290,(기타 개별소자반도체)
250,34010290,(기타 개별소자반도체),수출,PA,파나마,1,2026.03,34010290,(기타 개별소자반도체)
455497,34010290,(기타 개별소자반도체),수출,PH,필리핀,73,2026.03,34010290,(기타 개별소자반도체)
207136,34010290,(기타 개별소자반도체),수출,PL,폴란드,165,2026.03,34010290,(기타 개별소자반도체)
329831,34010290,(기타 개별소자반도체),수출,PR,푸에르토리코,95,2026.03,34010290,(기타 개별소자반도체)
47585,34010290,(기타 개별소자반도체),수출,RO,루마니아,1381,2026.03,34010290,(기타 개별소자반도체)
13,34010290,(기타 개별소자반도체),수출,RS,세르비아,2,2026.03,34010290,(기타 개별소자반도체)
4500,34010290,(기타 개별소자반도체),수출,SA,사우디아라비아,4,2026.03,34010290,(기타 개별소자반도체)
4496,34010290,(기타 개별소자반도체),수출,SE,스웨덴,7,2026.03,34010290,(기타 개별소자반도체)
628558,34010290,(기타 개별소자반도체),수출,SG,싱가포르,2109,2026.03,34010290,(기타 개별소자반도체)
1713,34010290,(기타 개별소자반도체),수출,SK,슬로바키아,15,2026.03,34010290,(기타 개별소자반도체)
272954,34010290,(기타 개별소자반도체),수출,TH,태국,2137,2026.03,34010290,(기타 개별소자반도체)
229049,34010290,(기타 개별소자반도체),수출,TR,튀르키예,88,2026.03,34010290,(기타 개별소자반도체)
1926218,34010290,(기타 개별소자반도체),수출,TW,대만,1477,2026.03,34010290,(기타 개별소자반도체)
56576027,34010290,(기타 개별소자반도체),수출,US,미국,1739927,2026.03,34010290,(기타 개별소자반도체)
64,34010290,(기타 개별소자반도체),수출,UZ,우즈베키스탄,3,2026.03,34010290,(기타 개별소자반도체)
46751291,34010290,(기타 개별소자반도체),수출,VN,베트남,12888,2026.03,34010290,(기타 개별소자반도체)
21541,34010290,(기타 개별소자반도체),수출,ZA,남아프리카공화국,20727,2026.03,34010290,(기타 개별소자반도체)
1492,34010290,(기타 개별소자반도체),수출,AE,아랍에미리트 연합,8,2026.04,34010290,(기타 개별소자반도체)
8401716,34010290,(기타 개별소자반도체),수출,AO,앙골라,2238208,2026.04,34010290,(기타 개별소자반도체)
1288,34010290,(기타 개별소자반도체),수출,AR,아르헨티나,6,2026.04,34010290,(기타 개별소자반도체)
15314,34010290,(기타 개별소자반도체),수출,AT,오스트리아,411,2026.04,34010290,(기타 개별소자반도체)
11590,34010290,(기타 개별소자반도체),수출,AU,호주,4,2026.04,34010290,(기타 개별소자반도체)
18176,34010290,(기타 개별소자반도체),수출,BD,방글라데시,787,2026.04,34010290,(기타 개별소자반도체)
82088,34010290,(기타 개별소자반도체),수출,BE,벨기에,81,2026.04,34010290,(기타 개별소자반도체)
1580,34010290,(기타 개별소자반도체),수출,BG,불가리아,1,2026.04,34010290,(기타 개별소자반도체)
38207,34010290,(기타 개별소자반도체),수출,BR,브라질,405,2026.04,34010290,(기타 개별소자반도체)
25913,34010290,(기타 개별소자반도체),수출,CA,캐나다,11,2026.04,34010290,(기타 개별소자반도체)
39484,34010290,(기타 개별소자반도체),수출,CH,스위스,27,2026.04,34010290,(기타 개별소자반도체)
3750,34010290,(기타 개별소자반도체),수출,CM,카메룬,1500,2026.04,34010290,(기타 개별소자반도체)
14777014,34010290,(기타 개별소자반도체),수출,CN,중국,134915,2026.04,34010290,(기타 개별소자반도체)
750,34010290,(기타 개별소자반도체),수출,CO,콜롬비아,1,2026.04,34010290,(기타 개별소자반도체)
161269,34010290,(기타 개별소자반도체),수출,CZ,체코공화국,171,2026.04,34010290,(기타 개별소자반도체)
618492,34010290,(기타 개별소자반도체),수출,DE,독일,1585,2026.04,34010290,(기타 개별소자반도체)
41400,34010290,(기타 개별소자반도체),수출,DK,덴마크,122,2026.04,34010290,(기타 개별소자반도체)
26914,34010290,(기타 개별소자반도체),수출,EG,이집트,111,2026.04,34010290,(기타 개별소자반도체)
3664,34010290,(기타 개별소자반도체),수출,ES,스페인,10,2026.04,34010290,(기타 개별소자반도체)
113931,34010290,(기타 개별소자반도체),수출,FR,프랑스,3361,2026.04,34010290,(기타 개별소자반도체)
552455,34010290,(기타 개별소자반도체),수출,GB,영국,768,2026.04,34010290,(기타 개별소자반도체)
1875,34010290,(기타 개별소자반도체),수출,GR,그리스,2,2026.04,34010290,(기타 개별소자반도체)
30203,34010290,(기타 개별소자반도체),수출,GU,괌,6955,2026.04,34010290,(기타 개별소자반도체)
1864717,34010290,(기타 개별소자반도체),수출,HK,홍콩,3025,2026.04,34010290,(기타 개별소자반도체)
7733,34010290,(기타 개별소자반도체),수출,HU,헝가리,9,2026.04,34010290,(기타 개별소자반도체)
260215,34010290,(기타 개별소자반도체),수출,ID,인도네시아,566,2026.04,34010290,(기타 개별소자반도체)
16223,34010290,(기타 개별소자반도체),수출,IE,아일랜드,4,2026.04,34010290,(기타 개별소자반도체)
81240,34010290,(기타 개별소자반도체),수출,IL,이스라엘,126,2026.04,34010290,(기타 개별소자반도체)
433624,34010290,(기타 개별소자반도체),수출,IN,인도,1991,2026.04,34010290,(기타 개별소자반도체)
1219,34010290,(기타 개별소자반도체),수출,IQ,이라크,8,2026.04,34010290,(기타 개별소자반도체)
175515,34010290,(기타 개별소자반도체),수출,IT,이탈리아,329,2026.04,34010290,(기타 개별소자반도체)
1165168,34010290,(기타 개별소자반도체),수출,JP,일본,659,2026.04,34010290,(기타 개별소자반도체)
720,34010290,(기타 개별소자반도체),수출,LK,스리랑카,0,2026.04,34010290,(기타 개별소자반도체)
1050,34010290,(기타 개별소자반도체),수출,MA,모로코,1,2026.04,34010290,(기타 개별소자반도체)
6022,34010290,(기타 개별소자반도체),수출,MC,모나코,12,2026.04,34010290,(기타 개별소자반도체)
64586,34010290,(기타 개별소자반도체),수출,ML,말리,78587,2026.04,34010290,(기타 개별소자반도체)
160,34010290,(기타 개별소자반도체),수출,MN,몽골,140,2026.04,34010290,(기타 개별소자반도체)
467811,34010290,(기타 개별소자반도체),수출,MX,멕시코,488,2026.04,34010290,(기타 개별소자반도체)
2982990,34010290,(기타 개별소자반도체),수출,MY,말레이시아,2243,2026.04,34010290,(기타 개별소자반도체)
160010,34010290,(기타 개별소자반도체),수출,NG,나이지리아,232760,2026.04,34010290,(기타 개별소자반도체)
242929,34010290,(기타 개별소자반도체),수출,NL,네덜란드,203,2026.04,34010290,(기타 개별소자반도체)
98250,34010290,(기타 개별소자반도체),수출,NO,노르웨이,187,2026.04,34010290,(기타 개별소자반도체)
500,34010290,(기타 개별소자반도체),수출,OM,오만,4,2026.04,34010290,(기타 개별소자반도체)
612951,34010290,(기타 개별소자반도체),수출,PH,필리핀,121,2026.04,34010290,(기타 개별소자반도체)
104430,34010290,(기타 개별소자반도체),수출,PL,폴란드,84,2026.04,34010290,(기타 개별소자반도체)
371949,34010290,(기타 개별소자반도체),수출,PR,푸에르토리코,112,2026.04,34010290,(기타 개별소자반도체)
9860,34010290,(기타 개별소자반도체),수출,PT,포루투갈,36,2026.04,34010290,(기타 개별소자반도체)
23955,34010290,(기타 개별소자반도체),수출,RO,루마니아,688,2026.04,34010290,(기타 개별소자반도체)
2595,34010290,(기타 개별소자반도체),수출,RS,세르비아,8,2026.04,34010290,(기타 개별소자반도체)
461685,34010290,(기타 개별소자반도체),수출,SA,사우디아라비아,783,2026.04,34010290,(기타 개별소자반도체)
4221,34010290,(기타 개별소자반도체),수출,SE,스웨덴,3,2026.04,34010290,(기타 개별소자반도체)
658291,34010290,(기타 개별소자반도체),수출,SG,싱가포르,2431,2026.04,34010290,(기타 개별소자반도체)
290,34010290,(기타 개별소자반도체),수출,SK,슬로바키아,2,2026.04,34010290,(기타 개별소자반도체)
3343,34010290,(기타 개별소자반도체),수출,TG,토고,10000,2026.04,34010290,(기타 개별소자반도체)
372119,34010290,(기타 개별소자반도체),수출,TH,태국,2040,2026.04,34010290,(기타 개별소자반도체)
224025,34010290,(기타 개별소자반도체),수출,TR,튀르키예,394,2026.04,34010290,(기타 개별소자반도체)
3761228,34010290,(기타 개별소자반도체),수출,TW,대만,1243,2026.04,34010290,(기타 개별소자반도체)
60486870,34010290,(기타 개별소자반도체),수출,US,미국,1161489,2026.04,34010290,(기타 개별소자반도체)
3271,34010290,(기타 개별소자반도체),수출,UZ,우즈베키스탄,16,2026.04,34010290,(기타 개별소자반도체)
37846491,34010290,(기타 개별소자반도체),수출,VN,베트남,12204,2026.04,34010290,(기타 개별소자반도체)
2435,34010290,(기타 개별소자반도체),수출,ZA,남아프리카공화국,6,2026.04,34010290,(기타 개별소자반도체)
3839,34010290,(기타 개별소자반도체),수출,AE,아랍에미리트 연합,12,2026.05,34010290,(기타 개별소자반도체)
1812462,34010290,(기타 개별소자반도체),수출,AO,앙골라,479616,2026.05,34010290,(기타 개별소자반도체)
2612,34010290,(기타 개별소자반도체),수출,AR,아르헨티나,4,2026.05,34010290,(기타 개별소자반도체)
8261,34010290,(기타 개별소자반도체),수출,AT,오스트리아,247,2026.05,34010290,(기타 개별소자반도체)
1214,34010290,(기타 개별소자반도체),수출,AU,호주,0,2026.05,34010290,(기타 개별소자반도체)
11093,34010290,(기타 개별소자반도체),수출,BD,방글라데시,10,2026.05,34010290,(기타 개별소자반도체)
100998,34010290,(기타 개별소자반도체),수출,BE,벨기에,137,2026.05,34010290,(기타 개별소자반도체)
423,34010290,(기타 개별소자반도체),수출,BO,볼리비아,2,2026.05,34010290,(기타 개별소자반도체)
47174,34010290,(기타 개별소자반도체),수출,BR,브라질,296,2026.05,34010290,(기타 개별소자반도체)
57931,34010290,(기타 개별소자반도체),수출,CA,캐나다,35,2026.05,34010290,(기타 개별소자반도체)
20229,34010290,(기타 개별소자반도체),수출,CH,스위스,9,2026.05,34010290,(기타 개별소자반도체)
13155210,34010290,(기타 개별소자반도체),수출,CN,중국,223397,2026.05,34010290,(기타 개별소자반도체)
1635,34010290,(기타 개별소자반도체),수출,CO,콜롬비아,1,2026.05,34010290,(기타 개별소자반도체)
159920,34010290,(기타 개별소자반도체),수출,CZ,체코공화국,193,2026.05,34010290,(기타 개별소자반도체)
406155,34010290,(기타 개별소자반도체),수출,DE,독일,1566,2026.05,34010290,(기타 개별소자반도체)
660,34010290,(기타 개별소자반도체),수출,DK,덴마크,1,2026.05,34010290,(기타 개별소자반도체)
12854,34010290,(기타 개별소자반도체),수출,EG,이집트,70,2026.05,34010290,(기타 개별소자반도체)
5839,34010290,(기타 개별소자반도체),수출,ES,스페인,4,2026.05,34010290,(기타 개별소자반도체)
223979,34010290,(기타 개별소자반도체),수출,FR,프랑스,224,2026.05,34010290,(기타 개별소자반도체)
262010,34010290,(기타 개별소자반도체),수출,GB,영국,381,2026.05,34010290,(기타 개별소자반도체)
1218,34010290,(기타 개별소자반도체),수출,GH,가나,1,2026.05,34010290,(기타 개별소자반도체)
1896451,34010290,(기타 개별소자반도체),수출,HK,홍콩,3757,2026.05,34010290,(기타 개별소자반도체)
111,34010290,(기타 개별소자반도체),수출,HU,헝가리,1,2026.05,34010290,(기타 개별소자반도체)
421173,34010290,(기타 개별소자반도체),수출,ID,인도네시아,465,2026.05,34010290,(기타 개별소자반도체)
6547,34010290,(기타 개별소자반도체),수출,IE,아일랜드,2,2026.05,34010290,(기타 개별소자반도체)
245450,34010290,(기타 개별소자반도체),수출,IL,이스라엘,38,2026.05,34010290,(기타 개별소자반도체)
321460,34010290,(기타 개별소자반도체),수출,IN,인도,2061,2026.05,34010290,(기타 개별소자반도체)
86448,34010290,(기타 개별소자반도체),수출,IT,이탈리아,97,2026.05,34010290,(기타 개별소자반도체)
2160,34010290,(기타 개별소자반도체),수출,JM,자마이카,2,2026.05,34010290,(기타 개별소자반도체)
1108993,34010290,(기타 개별소자반도체),수출,JP,일본,1482,2026.05,34010290,(기타 개별소자반도체)
133,34010290,(기타 개별소자반도체),수출,KG,키르기스스탄,4,2026.05,34010290,(기타 개별소자반도체)
2880,34010290,(기타 개별소자반도체),수출,LK,스리랑카,1,2026.05,34010290,(기타 개별소자반도체)
34160,34010290,(기타 개별소자반도체),수출,ML,말리,45140,2026.05,34010290,(기타 개별소자반도체)
647,34010290,(기타 개별소자반도체),수출,MN,몽골,778,2026.05,34010290,(기타 개별소자반도체)
95,34010290,(기타 개별소자반도체),수출,MR,모리타니,150,2026.05,34010290,(기타 개별소자반도체)
540,34010290,(기타 개별소자반도체),수출,MU,모리셔스,1,2026.05,34010290,(기타 개별소자반도체)
288594,34010290,(기타 개별소자반도체),수출,MX,멕시코,599,2026.05,34010290,(기타 개별소자반도체)
2887601,34010290,(기타 개별소자반도체),수출,MY,말레이시아,1034,2026.05,34010290,(기타 개별소자반도체)
15540,34010290,(기타 개별소자반도체),수출,NG,나이지리아,41650,2026.05,34010290,(기타 개별소자반도체)
82128,34010290,(기타 개별소자반도체),수출,NL,네덜란드,168,2026.05,34010290,(기타 개별소자반도체)
414649,34010290,(기타 개별소자반도체),수출,NO,노르웨이,819,2026.05,34010290,(기타 개별소자반도체)
747,34010290,(기타 개별소자반도체),수출,NZ,뉴질랜드,0,2026.05,34010290,(기타 개별소자반도체)
2682,34010290,(기타 개별소자반도체),수출,OM,오만,4,2026.05,34010290,(기타 개별소자반도체)
615492,34010290,(기타 개별소자반도체),수출,PH,필리핀,103,2026.05,34010290,(기타 개별소자반도체)
128682,34010290,(기타 개별소자반도체),수출,PL,폴란드,231,2026.05,34010290,(기타 개별소자반도체)
374940,34010290,(기타 개별소자반도체),수출,PR,푸에르토리코,112,2026.05,34010290,(기타 개별소자반도체)
350,34010290,(기타 개별소자반도체),수출,QA,카타르,1,2026.05,34010290,(기타 개별소자반도체)
1975,34010290,(기타 개별소자반도체),수출,RS,세르비아,7,2026.05,34010290,(기타 개별소자반도체)
1225,34010290,(기타 개별소자반도체),수출,SA,사우디아라비아,2,2026.05,34010290,(기타 개별소자반도체)
4845,34010290,(기타 개별소자반도체),수출,SE,스웨덴,7,2026.05,34010290,(기타 개별소자반도체)
900945,34010290,(기타 개별소자반도체),수출,SG,싱가포르,1715,2026.05,34010290,(기타 개별소자반도체)
497,34010290,(기타 개별소자반도체),수출,SK,슬로바키아,8,2026.05,34010290,(기타 개별소자반도체)
3514,34010290,(기타 개별소자반도체),수출,TG,토고,18429,2026.05,34010290,(기타 개별소자반도체)
296003,34010290,(기타 개별소자반도체),수출,TH,태국,1357,2026.05,34010290,(기타 개별소자반도체)
281102,34010290,(기타 개별소자반도체),수출,TR,튀르키예,174,2026.05,34010290,(기타 개별소자반도체)
2455038,34010290,(기타 개별소자반도체),수출,TW,대만,883,2026.05,34010290,(기타 개별소자반도체)
77372050,34010290,(기타 개별소자반도체),수출,US,미국,599511,2026.05,34010290,(기타 개별소자반도체)
26730694,34010290,(기타 개별소자반도체),수출,VN,베트남,11791,2026.05,34010290,(기타 개별소자반도체)
23787,34010290,(기타 개별소자반도체),수출,ZA,남아프리카공화국,23061,2026.05,34010290,(기타 개별소자반도체)
265974,34010290,(기타 개별소자반도체),수출,AE,아랍에미리트 연합,80,2026.06,34010290,(기타 개별소자반도체)
3449,34010290,(기타 개별소자반도체),수출,AR,아르헨티나,20,2026.06,34010290,(기타 개별소자반도체)
38817,34010290,(기타 개별소자반도체),수출,AT,오스트리아,77,2026.06,34010290,(기타 개별소자반도체)
4512,34010290,(기타 개별소자반도체),수출,AU,호주,2,2026.06,34010290,(기타 개별소자반도체)
20559,34010290,(기타 개별소자반도체),수출,BD,방글라데시,20,2026.06,34010290,(기타 개별소자반도체)
63350,34010290,(기타 개별소자반도체),수출,BE,벨기에,97,2026.06,34010290,(기타 개별소자반도체)
1039,34010290,(기타 개별소자반도체),수출,BF,부르키나 파소,19000,2026.06,34010290,(기타 개별소자반도체)
62127,34010290,(기타 개별소자반도체),수출,BR,브라질,389,2026.06,34010290,(기타 개별소자반도체)
9197,34010290,(기타 개별소자반도체),수출,CA,캐나다,78,2026.06,34010290,(기타 개별소자반도체)
36707,34010290,(기타 개별소자반도체),수출,CH,스위스,67,2026.06,34010290,(기타 개별소자반도체)
780,34010290,(기타 개별소자반도체),수출,CL,칠레,1,2026.06,34010290,(기타 개별소자반도체)
3000,34010290,(기타 개별소자반도체),수출,CM,카메룬,1500,2026.06,34010290,(기타 개별소자반도체)
17377725,34010290,(기타 개별소자반도체),수출,CN,중국,196535,2026.06,34010290,(기타 개별소자반도체)
138814,34010290,(기타 개별소자반도체),수출,CZ,체코공화국,167,2026.06,34010290,(기타 개별소자반도체)
437466,34010290,(기타 개별소자반도체),수출,DE,독일,1377,2026.06,34010290,(기타 개별소자반도체)
250,34010290,(기타 개별소자반도체),수출,DO,도미니카 공화국,1,2026.06,34010290,(기타 개별소자반도체)
2880,34010290,(기타 개별소자반도체),수출,EC,에쿠아도르,16,2026.06,34010290,(기타 개별소자반도체)
26306,34010290,(기타 개별소자반도체),수출,EG,이집트,49,2026.06,34010290,(기타 개별소자반도체)
92,34010290,(기타 개별소자반도체),수출,ES,스페인,2,2026.06,34010290,(기타 개별소자반도체)
227275,34010290,(기타 개별소자반도체),수출,FR,프랑스,2177,2026.06,34010290,(기타 개별소자반도체)
422075,34010290,(기타 개별소자반도체),수출,GB,영국,447,2026.06,34010290,(기타 개별소자반도체)
1871787,34010290,(기타 개별소자반도체),수출,HK,홍콩,3502,2026.06,34010290,(기타 개별소자반도체)
24728,34010290,(기타 개별소자반도체),수출,HU,헝가리,34,2026.06,34010290,(기타 개별소자반도체)
268745,34010290,(기타 개별소자반도체),수출,ID,인도네시아,862,2026.06,34010290,(기타 개별소자반도체)
49772,34010290,(기타 개별소자반도체),수출,IE,아일랜드,47,2026.06,34010290,(기타 개별소자반도체)
70335,34010290,(기타 개별소자반도체),수출,IL,이스라엘,28,2026.06,34010290,(기타 개별소자반도체)
456480,34010290,(기타 개별소자반도체),수출,IN,인도,4008,2026.06,34010290,(기타 개별소자반도체)
4600,34010290,(기타 개별소자반도체),수출,IQ,이라크,7,2026.06,34010290,(기타 개별소자반도체)
370524,34010290,(기타 개별소자반도체),수출,IT,이탈리아,852,2026.06,34010290,(기타 개별소자반도체)
1177206,34010290,(기타 개별소자반도체),수출,JP,일본,3377,2026.06,34010290,(기타 개별소자반도체)
2600,34010290,(기타 개별소자반도체),수출,KG,키르기스스탄,800,2026.06,34010290,(기타 개별소자반도체)
2140,34010290,(기타 개별소자반도체),수출,LK,스리랑카,2,2026.06,34010290,(기타 개별소자반도체)
821,34010290,(기타 개별소자반도체),수출,LT,리투아니아,1,2026.06,34010290,(기타 개별소자반도체)
112009,34010290,(기타 개별소자반도체),수출,ML,말리,97352,2026.06,34010290,(기타 개별소자반도체)
120,34010290,(기타 개별소자반도체),수출,MU,모리셔스,0,2026.06,34010290,(기타 개별소자반도체)
608127,34010290,(기타 개별소자반도체),수출,MX,멕시코,706,2026.06,34010290,(기타 개별소자반도체)
1772351,34010290,(기타 개별소자반도체),수출,MY,말레이시아,962,2026.06,34010290,(기타 개별소자반도체)
114459,34010290,(기타 개별소자반도체),수출,MZ,모잠비크,57167,2026.06,34010290,(기타 개별소자반도체)
207935,34010290,(기타 개별소자반도체),수출,NG,나이지리아,175320,2026.06,34010290,(기타 개별소자반도체)
65616,34010290,(기타 개별소자반도체),수출,NL,네덜란드,79,2026.06,34010290,(기타 개별소자반도체)
133620,34010290,(기타 개별소자반도체),수출,NO,노르웨이,253,2026.06,34010290,(기타 개별소자반도체)
2294,34010290,(기타 개별소자반도체),수출,NZ,뉴질랜드,2,2026.06,34010290,(기타 개별소자반도체)
513602,34010290,(기타 개별소자반도체),수출,PH,필리핀,121,2026.06,34010290,(기타 개별소자반도체)
133398,34010290,(기타 개별소자반도체),수출,PL,폴란드,396,2026.06,34010290,(기타 개별소자반도체)
429050,34010290,(기타 개별소자반도체),수출,PR,푸에르토리코,133,2026.06,34010290,(기타 개별소자반도체)
9860,34010290,(기타 개별소자반도체),수출,PT,포루투갈,36,2026.06,34010290,(기타 개별소자반도체)
311,34010290,(기타 개별소자반도체),수출,QA,카타르,1,2026.06,34010290,(기타 개별소자반도체)
69034,34010290,(기타 개별소자반도체),수출,RO,루마니아,2065,2026.06,34010290,(기타 개별소자반도체)
2840,34010290,(기타 개별소자반도체),수출,RS,세르비아,76,2026.06,34010290,(기타 개별소자반도체)
6850,34010290,(기타 개별소자반도체),수출,SA,사우디아라비아,5,2026.06,34010290,(기타 개별소자반도체)
9014,34010290,(기타 개별소자반도체),수출,SE,스웨덴,13,2026.06,34010290,(기타 개별소자반도체)
643040,34010290,(기타 개별소자반도체),수출,SG,싱가포르,1942,2026.06,34010290,(기타 개별소자반도체)
562,34010290,(기타 개별소자반도체),수출,SK,슬로바키아,9,2026.06,34010290,(기타 개별소자반도체)
160,34010290,(기타 개별소자반도체),수출,SV,엘살바도르,0,2026.06,34010290,(기타 개별소자반도체)
328268,34010290,(기타 개별소자반도체),수출,TH,태국,1460,2026.06,34010290,(기타 개별소자반도체)
278204,34010290,(기타 개별소자반도체),수출,TR,튀르키예,194,2026.06,34010290,(기타 개별소자반도체)
3359433,34010290,(기타 개별소자반도체),수출,TW,대만,1193,2026.06,34010290,(기타 개별소자반도체)
86939240,34010290,(기타 개별소자반도체),수출,US,미국,695541,2026.06,34010290,(기타 개별소자반도체)
1040,34010290,(기타 개별소자반도체),수출,UZ,우즈베키스탄,4,2026.06,34010290,(기타 개별소자반도체)
37913357,34010290,(기타 개별소자반도체),수출,VN,베트남,13168,2026.06,34010290,(기타 개별소자반도체)
21569,34010290,(기타 개별소자반도체),수출,ZA,남아프리카공화국,21493,2026.06,34010290,(기타 개별소자반도체)
4257,34010290,(기타 개별소자반도체),수출,AE,아랍에미리트 연합,14,2026.07,34010290,(기타 개별소자반도체)
6485345,34010290,(기타 개별소자반도체),수출,AO,앙골라,1824077,2026.07,34010290,(기타 개별소자반도체)
43842,34010290,(기타 개별소자반도체),수출,AR,아르헨티나,22,2026.07,34010290,(기타 개별소자반도체)
16496,34010290,(기타 개별소자반도체),수출,AS,아메리칸 사모아,1044,2026.07,34010290,(기타 개별소자반도체)
13443,34010290,(기타 개별소자반도체),수출,AT,오스트리아,350,2026.07,34010290,(기타 개별소자반도체)
11109,34010290,(기타 개별소자반도체),수출,AU,호주,4,2026.07,34010290,(기타 개별소자반도체)
1855,34010290,(기타 개별소자반도체),수출,BD,방글라데시,0,2026.07,34010290,(기타 개별소자반도체)
97525,34010290,(기타 개별소자반도체),수출,BE,벨기에,451,2026.07,34010290,(기타 개별소자반도체)
40242,34010290,(기타 개별소자반도체),수출,BR,브라질,135,2026.07,34010290,(기타 개별소자반도체)
69083,34010290,(기타 개별소자반도체),수출,CA,캐나다,233,2026.07,34010290,(기타 개별소자반도체)
38577,34010290,(기타 개별소자반도체),수출,CH,스위스,17,2026.07,34010290,(기타 개별소자반도체)
19162235,34010290,(기타 개별소자반도체),수출,CN,중국,205390,2026.07,34010290,(기타 개별소자반도체)
300,34010290,(기타 개별소자반도체),수출,CO,콜롬비아,1,2026.07,34010290,(기타 개별소자반도체)
960,34010290,(기타 개별소자반도체),수출,CY,사이프러스,0,2026.07,34010290,(기타 개별소자반도체)
140994,34010290,(기타 개별소자반도체),수출,CZ,체코공화국,228,2026.07,34010290,(기타 개별소자반도체)
440301,34010290,(기타 개별소자반도체),수출,DE,독일,4142,2026.07,34010290,(기타 개별소자반도체)
41400,34010290,(기타 개별소자반도체),수출,DK,덴마크,121,2026.07,34010290,(기타 개별소자반도체)
25477,34010290,(기타 개별소자반도체),수출,EG,이집트,48,2026.07,34010290,(기타 개별소자반도체)
38335,34010290,(기타 개별소자반도체),수출,ES,스페인,4,2026.07,34010290,(기타 개별소자반도체)
152396,34010290,(기타 개별소자반도체),수출,FR,프랑스,3835,2026.07,34010290,(기타 개별소자반도체)
476124,34010290,(기타 개별소자반도체),수출,GB,영국,586,2026.07,34010290,(기타 개별소자반도체)
5661,34010290,(기타 개별소자반도체),수출,GR,그리스,8,2026.07,34010290,(기타 개별소자반도체)
6817,34010290,(기타 개별소자반도체),수출,GT,과테말라,536,2026.07,34010290,(기타 개별소자반도체)
2428673,34010290,(기타 개별소자반도체),수출,HK,홍콩,4500,2026.07,34010290,(기타 개별소자반도체)
8800,34010290,(기타 개별소자반도체),수출,HR,크로아티아,1,2026.07,34010290,(기타 개별소자반도체)
11845,34010290,(기타 개별소자반도체),수출,HU,헝가리,10,2026.07,34010290,(기타 개별소자반도체)
212328,34010290,(기타 개별소자반도체),수출,ID,인도네시아,578,2026.07,34010290,(기타 개별소자반도체)
229,34010290,(기타 개별소자반도체),수출,IE,아일랜드,0,2026.07,34010290,(기타 개별소자반도체)
31653,34010290,(기타 개별소자반도체),수출,IL,이스라엘,16,2026.07,34010290,(기타 개별소자반도체)
451246,34010290,(기타 개별소자반도체),수출,IN,인도,3266,2026.07,34010290,(기타 개별소자반도체)
92691,34010290,(기타 개별소자반도체),수출,IT,이탈리아,118,2026.07,34010290,(기타 개별소자반도체)
1182016,34010290,(기타 개별소자반도체),수출,JP,일본,4122,2026.07,34010290,(기타 개별소자반도체)
720,34010290,(기타 개별소자반도체),수출,LK,스리랑카,0,2026.07,34010290,(기타 개별소자반도체)
2550,34010290,(기타 개별소자반도체),수출,MA,모로코,12,2026.07,34010290,(기타 개별소자반도체)
80399,34010290,(기타 개별소자반도체),수출,ML,말리,61493,2026.07,34010290,(기타 개별소자반도체)
270,34010290,(기타 개별소자반도체),수출,MT,몰타,0,2026.07,34010290,(기타 개별소자반도체)
397201,34010290,(기타 개별소자반도체),수출,MX,멕시코,701,2026.07,34010290,(기타 개별소자반도체)
1935328,34010290,(기타 개별소자반도체),수출,MY,말레이시아,697,2026.07,34010290,(기타 개별소자반도체)
2384,34010290,(기타 개별소자반도체),수출,NG,나이지리아,2000,2026.07,34010290,(기타 개별소자반도체)
132265,34010290,(기타 개별소자반도체),수출,NL,네덜란드,320,2026.07,34010290,(기타 개별소자반도체)
369,34010290,(기타 개별소자반도체),수출,OM,오만,2,2026.07,34010290,(기타 개별소자반도체)
483739,34010290,(기타 개별소자반도체),수출,PH,필리핀,80,2026.07,34010290,(기타 개별소자반도체)
230,34010290,(기타 개별소자반도체),수출,PK,파키스탄,4,2026.07,34010290,(기타 개별소자반도체)
129735,34010290,(기타 개별소자반도체),수출,PL,폴란드,285,2026.07,34010290,(기타 개별소자반도체)
431978,34010290,(기타 개별소자반도체),수출,PR,푸에르토리코,133,2026.07,34010290,(기타 개별소자반도체)
9860,34010290,(기타 개별소자반도체),수출,PT,포루투갈,36,2026.07,34010290,(기타 개별소자반도체)
350,34010290,(기타 개별소자반도체),수출,QA,카타르,10,2026.07,34010290,(기타 개별소자반도체)
40261,34010290,(기타 개별소자반도체),수출,RO,루마니아,1032,2026.07,34010290,(기타 개별소자반도체)
2675,34010290,(기타 개별소자반도체),수출,RS,세르비아,428,2026.07,34010290,(기타 개별소자반도체)
882,34010290,(기타 개별소자반도체),수출,SA,사우디아라비아,1,2026.07,34010290,(기타 개별소자반도체)
2628,34010290,(기타 개별소자반도체),수출,SE,스웨덴,3,2026.07,34010290,(기타 개별소자반도체)
544129,34010290,(기타 개별소자반도체),수출,SG,싱가포르,1823,2026.07,34010290,(기타 개별소자반도체)
377,34010290,(기타 개별소자반도체),수출,SK,슬로바키아,6,2026.07,34010290,(기타 개별소자반도체)
787,34010290,(기타 개별소자반도체),수출,SX,세인트마틴(생마르탱),439,2026.07,34010290,(기타 개별소자반도체)
285477,34010290,(기타 개별소자반도체),수출,TH,태국,1301,2026.07,34010290,(기타 개별소자반도체)
72666,34010290,(기타 개별소자반도체),수출,TR,튀르키예,150,2026.07,34010290,(기타 개별소자반도체)
4059505,34010290,(기타 개별소자반도체),수출,TW,대만,14623,2026.07,34010290,(기타 개별소자반도체)
88722320,34010290,(기타 개별소자반도체),수출,US,미국,675663,2026.07,34010290,(기타 개별소자반도체)
108,34010290,(기타 개별소자반도체),수출,UZ,우즈베키스탄,1,2026.07,34010290,(기타 개별소자반도체)
43042530,34010290,(기타 개별소자반도체),수출,VN,베트남,16833,2026.07,34010290,(기타 개별소자반도체)
506,34010290,(기타 개별소자반도체),수출,ZA,남아프리카공화국,27,2026.07,34010290,(기타 개별소자반도체)
18798,34010290,(기타 개별소자반도체),수출,AE,아랍에미리트 연합,241,2026.08,34010290,(기타 개별소자반도체)
60835,34010290,(기타 개별소자반도체),수출,AF,아프카니스탄,101460,2026.08,34010290,(기타 개별소자반도체)
9457143,34010290,(기타 개별소자반도체),수출,AO,앙골라,1933341,2026.08,34010290,(기타 개별소자반도체)
1265,34010290,(기타 개별소자반도체),수출,AR,아르헨티나,19,2026.08,34010290,(기타 개별소자반도체)
21120,34010290,(기타 개별소자반도체),수출,AT,오스트리아,362,2026.08,34010290,(기타 개별소자반도체)
3529,34010290,(기타 개별소자반도체),수출,AU,호주,2,2026.08,34010290,(기타 개별소자반도체)
3711,34010290,(기타 개별소자반도체),수출,BD,방글라데시,0,2026.08,34010290,(기타 개별소자반도체)
72212,34010290,(기타 개별소자반도체),수출,BE,벨기에,129,2026.08,34010290,(기타 개별소자반도체)
41444,34010290,(기타 개별소자반도체),수출,BR,브라질,116,2026.08,34010290,(기타 개별소자반도체)
26365,34010290,(기타 개별소자반도체),수출,CA,캐나다,19,2026.08,34010290,(기타 개별소자반도체)
26500,34010290,(기타 개별소자반도체),수출,CH,스위스,15,2026.08,34010290,(기타 개별소자반도체)
920,34010290,(기타 개별소자반도체),수출,CL,칠레,7,2026.08,34010290,(기타 개별소자반도체)
18474033,34010290,(기타 개별소자반도체),수출,CN,중국,167358,2026.08,34010290,(기타 개별소자반도체)
4600,34010290,(기타 개별소자반도체),수출,CO,콜롬비아,4,2026.08,34010290,(기타 개별소자반도체)
54733,34010290,(기타 개별소자반도체),수출,CZ,체코공화국,91,2026.08,34010290,(기타 개별소자반도체)
412918,34010290,(기타 개별소자반도체),수출,DE,독일,2409,2026.08,34010290,(기타 개별소자반도체)
79,34010290,(기타 개별소자반도체),수출,DZ,알제리,1,2026.08,34010290,(기타 개별소자반도체)
2140,34010290,(기타 개별소자반도체),수출,EE,에스토니아,8,2026.08,34010290,(기타 개별소자반도체)
13421,34010290,(기타 개별소자반도체),수출,EG,이집트,38,2026.08,34010290,(기타 개별소자반도체)
22425,34010290,(기타 개별소자반도체),수출,ES,스페인,3,2026.08,34010290,(기타 개별소자반도체)
3462,34010290,(기타 개별소자반도체),수출,FI,핀란드,8,2026.08,34010290,(기타 개별소자반도체)
15498,34010290,(기타 개별소자반도체),수출,FJ,피지,970,2026.08,34010290,(기타 개별소자반도체)
89893,34010290,(기타 개별소자반도체),수출,FR,프랑스,2162,2026.08,34010290,(기타 개별소자반도체)
372106,34010290,(기타 개별소자반도체),수출,GB,영국,324,2026.08,34010290,(기타 개별소자반도체)
4886,34010290,(기타 개별소자반도체),수출,GH,가나,0,2026.08,34010290,(기타 개별소자반도체)
1250,34010290,(기타 개별소자반도체),수출,GR,그리스,1,2026.08,34010290,(기타 개별소자반도체)
1456601,34010290,(기타 개별소자반도체),수출,HK,홍콩,4045,2026.08,34010290,(기타 개별소자반도체)
36142,34010290,(기타 개별소자반도체),수출,HU,헝가리,78,2026.08,34010290,(기타 개별소자반도체)
177022,34010290,(기타 개별소자반도체),수출,ID,인도네시아,504,2026.08,34010290,(기타 개별소자반도체)
23206,34010290,(기타 개별소자반도체),수출,IE,아일랜드,4,2026.08,34010290,(기타 개별소자반도체)
4980,34010290,(기타 개별소자반도체),수출,IL,이스라엘,13,2026.08,34010290,(기타 개별소자반도체)
427428,34010290,(기타 개별소자반도체),수출,IN,인도,2858,2026.08,34010290,(기타 개별소자반도체)
97968,34010290,(기타 개별소자반도체),수출,IT,이탈리아,139,2026.08,34010290,(기타 개별소자반도체)
1282403,34010290,(기타 개별소자반도체),수출,JP,일본,945,2026.08,34010290,(기타 개별소자반도체)
4320,34010290,(기타 개별소자반도체),수출,LK,스리랑카,1,2026.08,34010290,(기타 개별소자반도체)
528,34010290,(기타 개별소자반도체),수출,MA,모로코,1,2026.08,34010290,(기타 개별소자반도체)
70574,34010290,(기타 개별소자반도체),수출,ML,말리,67315,2026.08,34010290,(기타 개별소자반도체)
452286,34010290,(기타 개별소자반도체),수출,MX,멕시코,364,2026.08,34010290,(기타 개별소자반도체)
2281446,34010290,(기타 개별소자반도체),수출,MY,말레이시아,2149,2026.08,34010290,(기타 개별소자반도체)
23381,34010290,(기타 개별소자반도체),수출,NG,나이지리아,58020,2026.08,34010290,(기타 개별소자반도체)
70154,34010290,(기타 개별소자반도체),수출,NI,니카라과,22572,2026.08,34010290,(기타 개별소자반도체)
134621,34010290,(기타 개별소자반도체),수출,NL,네덜란드,350,2026.08,34010290,(기타 개별소자반도체)
229135,34010290,(기타 개별소자반도체),수출,NO,노르웨이,451,2026.08,34010290,(기타 개별소자반도체)
15,34010290,(기타 개별소자반도체),수출,PE,페루,0,2026.08,34010290,(기타 개별소자반도체)
169905,34010290,(기타 개별소자반도체),수출,PH,필리핀,1361,2026.08,34010290,(기타 개별소자반도체)
8700,34010290,(기타 개별소자반도체),수출,PK,파키스탄,3,2026.08,34010290,(기타 개별소자반도체)
147065,34010290,(기타 개별소자반도체),수출,PL,폴란드,227,2026.08,34010290,(기타 개별소자반도체)
337687,34010290,(기타 개별소자반도체),수출,PR,푸에르토리코,105,2026.08,34010290,(기타 개별소자반도체)
42920,34010290,(기타 개별소자반도체),수출,RO,루마니아,1032,2026.08,34010290,(기타 개별소자반도체)
626,34010290,(기타 개별소자반도체),수출,RS,세르비아,18,2026.08,34010290,(기타 개별소자반도체)
2236,34010290,(기타 개별소자반도체),수출,SE,스웨덴,3,2026.08,34010290,(기타 개별소자반도체)
645278,34010290,(기타 개별소자반도체),수출,SG,싱가포르,2402,2026.08,34010290,(기타 개별소자반도체)
960,34010290,(기타 개별소자반도체),수출,SN,세네갈,6,2026.08,34010290,(기타 개별소자반도체)
1600,34010290,(기타 개별소자반도체),수출,SV,엘살바도르,1,2026.08,34010290,(기타 개별소자반도체)
3087,34010290,(기타 개별소자반도체),수출,TG,토고,35000,2026.08,34010290,(기타 개별소자반도체)
372242,34010290,(기타 개별소자반도체),수출,TH,태국,1730,2026.08,34010290,(기타 개별소자반도체)
251921,34010290,(기타 개별소자반도체),수출,TR,튀르키예,98,2026.08,34010290,(기타 개별소자반도체)
5282469,34010290,(기타 개별소자반도체),수출,TW,대만,1111,2026.08,34010290,(기타 개별소자반도체)
64840920,34010290,(기타 개별소자반도체),수출,US,미국,2329410,2026.08,34010290,(기타 개별소자반도체)
372,34010290,(기타 개별소자반도체),수출,UZ,우즈베키스탄,2,2026.08,34010290,(기타 개별소자반도체)
32663461,34010290,(기타 개별소자반도체),수출,VN,베트남,12992,2026.08,34010290,(기타 개별소자반도체)
3396,34010290,(기타 개별소자반도체),수출,ZA,남아프리카공화국,1,2026.08,34010290,(기타 개별소자반도체)
415909,34010301,(실리콘웨이퍼),수출,AT,오스트리아,13,2025.09,34010301,(실리콘웨이퍼)
71044,34010301,(실리콘웨이퍼),수출,BE,벨기에,119,2025.09,34010301,(실리콘웨이퍼)
15293,34010301,(실리콘웨이퍼),수출,BR,브라질,180,2025.09,34010301,(실리콘웨이퍼)
113800,34010301,(실리콘웨이퍼),수출,CA,캐나다,12,2025.09,34010301,(실리콘웨이퍼)
6120,34010301,(실리콘웨이퍼),수출,CH,스위스,1,2025.09,34010301,(실리콘웨이퍼)
172897135,34010301,(실리콘웨이퍼),수출,CN,중국,99480,2025.09,34010301,(실리콘웨이퍼)
300738,34010301,(실리콘웨이퍼),수출,CZ,체코공화국,235,2025.09,34010301,(실리콘웨이퍼)
1120064,34010301,(실리콘웨이퍼),수출,DE,독일,7050,2025.09,34010301,(실리콘웨이퍼)
3695450,34010301,(실리콘웨이퍼),수출,FR,프랑스,4703,2025.09,34010301,(실리콘웨이퍼)
61750,34010301,(실리콘웨이퍼),수출,GB,영국,91,2025.09,34010301,(실리콘웨이퍼)
98112,34010301,(실리콘웨이퍼),수출,HK,홍콩,4,2025.09,34010301,(실리콘웨이퍼)
45712,34010301,(실리콘웨이퍼),수출,ID,인도네시아,103,2025.09,34010301,(실리콘웨이퍼)
354324,34010301,(실리콘웨이퍼),수출,IE,아일랜드,459,2025.09,34010301,(실리콘웨이퍼)
225220,34010301,(실리콘웨이퍼),수출,IL,이스라엘,279,2025.09,34010301,(실리콘웨이퍼)
4220,34010301,(실리콘웨이퍼),수출,IN,인도,6,2025.09,34010301,(실리콘웨이퍼)
240856,34010301,(실리콘웨이퍼),수출,IT,이탈리아,437,2025.09,34010301,(실리콘웨이퍼)
9779009,34010301,(실리콘웨이퍼),수출,JP,일본,62109,2025.09,34010301,(실리콘웨이퍼)
50300,34010301,(실리콘웨이퍼),수출,MY,말레이시아,13,2025.09,34010301,(실리콘웨이퍼)
2456512,34010301,(실리콘웨이퍼),수출,NL,네덜란드,173,2025.09,34010301,(실리콘웨이퍼)
138964,34010301,(실리콘웨이퍼),수출,PH,필리핀,264,2025.09,34010301,(실리콘웨이퍼)
1075,34010301,(실리콘웨이퍼),수출,SE,스웨덴,2,2025.09,34010301,(실리콘웨이퍼)
3224397,34010301,(실리콘웨이퍼),수출,SG,싱가포르,5555,2025.09,34010301,(실리콘웨이퍼)
25555,34010301,(실리콘웨이퍼),수출,TH,태국,10,2025.09,34010301,(실리콘웨이퍼)
9955792,34010301,(실리콘웨이퍼),수출,TW,대만,26400,2025.09,34010301,(실리콘웨이퍼)
22044182,34010301,(실리콘웨이퍼),수출,US,미국,32632,2025.09,34010301,(실리콘웨이퍼)
106516,34010301,(실리콘웨이퍼),수출,VN,베트남,4969,2025.09,34010301,(실리콘웨이퍼)
1467035,34010301,(실리콘웨이퍼),수출,AT,오스트리아,107,2025.10,34010301,(실리콘웨이퍼)
84985,34010301,(실리콘웨이퍼),수출,BE,벨기에,159,2025.10,34010301,(실리콘웨이퍼)
15288,34010301,(실리콘웨이퍼),수출,BR,브라질,12,2025.10,34010301,(실리콘웨이퍼)
8524,34010301,(실리콘웨이퍼),수출,CA,캐나다,6,2025.10,34010301,(실리콘웨이퍼)
1002,34010301,(실리콘웨이퍼),수출,CH,스위스,5,2025.10,34010301,(실리콘웨이퍼)
174903150,34010301,(실리콘웨이퍼),수출,CN,중국,94750,2025.10,34010301,(실리콘웨이퍼)
6564642,34010301,(실리콘웨이퍼),수출,CZ,체코공화국,157,2025.10,34010301,(실리콘웨이퍼)
417080,34010301,(실리콘웨이퍼),수출,DE,독일,334,2025.10,34010301,(실리콘웨이퍼)
551,34010301,(실리콘웨이퍼),수출,FI,핀란드,1,2025.10,34010301,(실리콘웨이퍼)
3397633,34010301,(실리콘웨이퍼),수출,FR,프랑스,4432,2025.10,34010301,(실리콘웨이퍼)
1100,34010301,(실리콘웨이퍼),수출,GB,영국,5,2025.10,34010301,(실리콘웨이퍼)
38634,34010301,(실리콘웨이퍼),수출,HK,홍콩,3,2025.10,34010301,(실리콘웨이퍼)
18559,34010301,(실리콘웨이퍼),수출,ID,인도네시아,10,2025.10,34010301,(실리콘웨이퍼)
349462,34010301,(실리콘웨이퍼),수출,IE,아일랜드,480,2025.10,34010301,(실리콘웨이퍼)
513340,34010301,(실리콘웨이퍼),수출,IL,이스라엘,692,2025.10,34010301,(실리콘웨이퍼)
26894,34010301,(실리콘웨이퍼),수출,IN,인도,0,2025.10,34010301,(실리콘웨이퍼)
704122,34010301,(실리콘웨이퍼),수출,IT,이탈리아,1091,2025.10,34010301,(실리콘웨이퍼)
12307422,34010301,(실리콘웨이퍼),수출,JP,일본,77681,2025.10,34010301,(실리콘웨이퍼)
27770,34010301,(실리콘웨이퍼),수출,MY,말레이시아,11,2025.10,34010301,(실리콘웨이퍼)
102805,34010301,(실리콘웨이퍼),수출,NL,네덜란드,98,2025.10,34010301,(실리콘웨이퍼)
67715,34010301,(실리콘웨이퍼),수출,PH,필리핀,201,2025.10,34010301,(실리콘웨이퍼)
2973656,34010301,(실리콘웨이퍼),수출,SG,싱가포르,5293,2025.10,34010301,(실리콘웨이퍼)
103916,34010301,(실리콘웨이퍼),수출,TH,태국,33,2025.10,34010301,(실리콘웨이퍼)
10668863,34010301,(실리콘웨이퍼),수출,TW,대만,22793,2025.10,34010301,(실리콘웨이퍼)
15244241,34010301,(실리콘웨이퍼),수출,US,미국,24046,2025.10,34010301,(실리콘웨이퍼)
9372,34010301,(실리콘웨이퍼),수출,VN,베트남,308,2025.10,34010301,(실리콘웨이퍼)
13640,34010301,(실리콘웨이퍼),수출,AT,오스트리아,6,2025.11,34010301,(실리콘웨이퍼)
272866,34010301,(실리콘웨이퍼),수출,BE,벨기에,461,2025.11,34010301,(실리콘웨이퍼)
16393,34010301,(실리콘웨이퍼),수출,BR,브라질,200,2025.11,34010301,(실리콘웨이퍼)
68380,34010301,(실리콘웨이퍼),수출,CH,스위스,91,2025.11,34010301,(실리콘웨이퍼)
176835779,34010301,(실리콘웨이퍼),수출,CN,중국,83110,2025.11,34010301,(실리콘웨이퍼)
55633942,34010301,(실리콘웨이퍼),수출,CZ,체코공화국,895,2025.11,34010301,(실리콘웨이퍼)
659131,34010301,(실리콘웨이퍼),수출,DE,독일,1330,2025.11,34010301,(실리콘웨이퍼)
100,34010301,(실리콘웨이퍼),수출,DK,덴마크,17,2025.11,34010301,(실리콘웨이퍼)
1485,34010301,(실리콘웨이퍼),수출,FI,핀란드,2,2025.11,34010301,(실리콘웨이퍼)
4952605,34010301,(실리콘웨이퍼),수출,FR,프랑스,6473,2025.11,34010301,(실리콘웨이퍼)
45822,34010301,(실리콘웨이퍼),수출,GB,영국,56,2025.11,34010301,(실리콘웨이퍼)
1200,34010301,(실리콘웨이퍼),수출,GR,그리스,0,2025.11,34010301,(실리콘웨이퍼)
72941,34010301,(실리콘웨이퍼),수출,HK,홍콩,43,2025.11,34010301,(실리콘웨이퍼)
29177,34010301,(실리콘웨이퍼),수출,ID,인도네시아,153,2025.11,34010301,(실리콘웨이퍼)
265207,34010301,(실리콘웨이퍼),수출,IE,아일랜드,344,2025.11,34010301,(실리콘웨이퍼)
182771,34010301,(실리콘웨이퍼),수출,IL,이스라엘,266,2025.11,34010301,(실리콘웨이퍼)
357315,34010301,(실리콘웨이퍼),수출,IT,이탈리아,616,2025.11,34010301,(실리콘웨이퍼)
5960497,34010301,(실리콘웨이퍼),수출,JP,일본,62559,2025.11,34010301,(실리콘웨이퍼)
40050,34010301,(실리콘웨이퍼),수출,MY,말레이시아,111,2025.11,34010301,(실리콘웨이퍼)
218433,34010301,(실리콘웨이퍼),수출,NL,네덜란드,78,2025.11,34010301,(실리콘웨이퍼)
50799,34010301,(실리콘웨이퍼),수출,PH,필리핀,155,2025.11,34010301,(실리콘웨이퍼)
18940,34010301,(실리콘웨이퍼),수출,SE,스웨덴,7,2025.11,34010301,(실리콘웨이퍼)
5171695,34010301,(실리콘웨이퍼),수출,SG,싱가포르,7696,2025.11,34010301,(실리콘웨이퍼)
135942,34010301,(실리콘웨이퍼),수출,TH,태국,47,2025.11,34010301,(실리콘웨이퍼)
15000,34010301,(실리콘웨이퍼),수출,TR,튀르키예,4,2025.11,34010301,(실리콘웨이퍼)
9862158,34010301,(실리콘웨이퍼),수출,TW,대만,22186,2025.11,34010301,(실리콘웨이퍼)
15103077,34010301,(실리콘웨이퍼),수출,US,미국,21773,2025.11,34010301,(실리콘웨이퍼)
132180,34010301,(실리콘웨이퍼),수출,VN,베트남,2762,2025.11,34010301,(실리콘웨이퍼)
8584,34010301,(실리콘웨이퍼),수출,AT,오스트리아,20,2025.12,34010301,(실리콘웨이퍼)
36045,34010301,(실리콘웨이퍼),수출,BE,벨기에,68,2025.12,34010301,(실리콘웨이퍼)
15293,34010301,(실리콘웨이퍼),수출,BR,브라질,180,2025.12,34010301,(실리콘웨이퍼)
23300,34010301,(실리콘웨이퍼),수출,CA,캐나다,2,2025.12,34010301,(실리콘웨이퍼)
187890064,34010301,(실리콘웨이퍼),수출,CN,중국,99349,2025.12,34010301,(실리콘웨이퍼)
620594,34010301,(실리콘웨이퍼),수출,DE,독일,1192,2025.12,34010301,(실리콘웨이퍼)
400,34010301,(실리콘웨이퍼),수출,DK,덴마크,17,2025.12,34010301,(실리콘웨이퍼)
1878,34010301,(실리콘웨이퍼),수출,FI,핀란드,1,2025.12,34010301,(실리콘웨이퍼)
4482213,34010301,(실리콘웨이퍼),수출,FR,프랑스,5398,2025.12,34010301,(실리콘웨이퍼)
9150,34010301,(실리콘웨이퍼),수출,GB,영국,47,2025.12,34010301,(실리콘웨이퍼)
642737,34010301,(실리콘웨이퍼),수출,HK,홍콩,28,2025.12,34010301,(실리콘웨이퍼)
21509,34010301,(실리콘웨이퍼),수출,ID,인도네시아,42,2025.12,34010301,(실리콘웨이퍼)
557487,34010301,(실리콘웨이퍼),수출,IE,아일랜드,694,2025.12,34010301,(실리콘웨이퍼)
484352,34010301,(실리콘웨이퍼),수출,IL,이스라엘,581,2025.12,34010301,(실리콘웨이퍼)
384396,34010301,(실리콘웨이퍼),수출,IT,이탈리아,620,2025.12,34010301,(실리콘웨이퍼)
5927269,34010301,(실리콘웨이퍼),수출,JP,일본,66609,2025.12,34010301,(실리콘웨이퍼)
19648,34010301,(실리콘웨이퍼),수출,MY,말레이시아,21,2025.12,34010301,(실리콘웨이퍼)
136292,34010301,(실리콘웨이퍼),수출,NL,네덜란드,150,2025.12,34010301,(실리콘웨이퍼)
24281,34010301,(실리콘웨이퍼),수출,SE,스웨덴,11,2025.12,34010301,(실리콘웨이퍼)
6499347,34010301,(실리콘웨이퍼),수출,SG,싱가포르,10116,2025.12,34010301,(실리콘웨이퍼)
37389,34010301,(실리콘웨이퍼),수출,TH,태국,12,2025.12,34010301,(실리콘웨이퍼)
48650,34010301,(실리콘웨이퍼),수출,TR,튀르키예,1,2025.12,34010301,(실리콘웨이퍼)
10175066,34010301,(실리콘웨이퍼),수출,TW,대만,20663,2025.12,34010301,(실리콘웨이퍼)
14289824,34010301,(실리콘웨이퍼),수출,US,미국,22575,2025.12,34010301,(실리콘웨이퍼)
62811,34010301,(실리콘웨이퍼),수출,VN,베트남,2842,2025.12,34010301,(실리콘웨이퍼)
21697,34010301,(실리콘웨이퍼),수출,AT,오스트리아,2,2026.01,34010301,(실리콘웨이퍼)
2600,34010301,(실리콘웨이퍼),수출,AU,호주,1,2026.01,34010301,(실리콘웨이퍼)
7875,34010301,(실리콘웨이퍼),수출,BE,벨기에,14,2026.01,34010301,(실리콘웨이퍼)
21403,34010301,(실리콘웨이퍼),수출,BR,브라질,15,2026.01,34010301,(실리콘웨이퍼)
63250,34010301,(실리콘웨이퍼),수출,CA,캐나다,2,2026.01,34010301,(실리콘웨이퍼)
157240121,34010301,(실리콘웨이퍼),수출,CN,중국,74861,2026.01,34010301,(실리콘웨이퍼)
34557,34010301,(실리콘웨이퍼),수출,CZ,체코공화국,27,2026.01,34010301,(실리콘웨이퍼)
248980,34010301,(실리콘웨이퍼),수출,DE,독일,438,2026.01,34010301,(실리콘웨이퍼)
100,34010301,(실리콘웨이퍼),수출,DK,덴마크,18,2026.01,34010301,(실리콘웨이퍼)
6919676,34010301,(실리콘웨이퍼),수출,FR,프랑스,9702,2026.01,34010301,(실리콘웨이퍼)
600,34010301,(실리콘웨이퍼),수출,GB,영국,18,2026.01,34010301,(실리콘웨이퍼)
387070,34010301,(실리콘웨이퍼),수출,HK,홍콩,20,2026.01,34010301,(실리콘웨이퍼)
26053,34010301,(실리콘웨이퍼),수출,ID,인도네시아,12,2026.01,34010301,(실리콘웨이퍼)
548544,34010301,(실리콘웨이퍼),수출,IE,아일랜드,690,2026.01,34010301,(실리콘웨이퍼)
686833,34010301,(실리콘웨이퍼),수출,IL,이스라엘,930,2026.01,34010301,(실리콘웨이퍼)
167,34010301,(실리콘웨이퍼),수출,IN,인도,10,2026.01,34010301,(실리콘웨이퍼)
296913,34010301,(실리콘웨이퍼),수출,IT,이탈리아,601,2026.01,34010301,(실리콘웨이퍼)
5438462,34010301,(실리콘웨이퍼),수출,JP,일본,70915,2026.01,34010301,(실리콘웨이퍼)
10,34010301,(실리콘웨이퍼),수출,LI,리히텐슈타인,0,2026.01,34010301,(실리콘웨이퍼)
66445,34010301,(실리콘웨이퍼),수출,MY,말레이시아,25,2026.01,34010301,(실리콘웨이퍼)
35664,34010301,(실리콘웨이퍼),수출,NL,네덜란드,19,2026.01,34010301,(실리콘웨이퍼)
90928,34010301,(실리콘웨이퍼),수출,PH,필리핀,280,2026.01,34010301,(실리콘웨이퍼)
12800,34010301,(실리콘웨이퍼),수출,SE,스웨덴,5,2026.01,34010301,(실리콘웨이퍼)
2158314,34010301,(실리콘웨이퍼),수출,SG,싱가포르,4443,2026.01,34010301,(실리콘웨이퍼)
143241,34010301,(실리콘웨이퍼),수출,TH,태국,45,2026.01,34010301,(실리콘웨이퍼)
11925108,34010301,(실리콘웨이퍼),수출,TW,대만,27962,2026.01,34010301,(실리콘웨이퍼)
16201564,34010301,(실리콘웨이퍼),수출,US,미국,23205,2026.01,34010301,(실리콘웨이퍼)
17679,34010301,(실리콘웨이퍼),수출,VN,베트남,698,2026.01,34010301,(실리콘웨이퍼)
22589,34010301,(실리콘웨이퍼),수출,BE,벨기에,35,2026.02,34010301,(실리콘웨이퍼)
3514,34010301,(실리콘웨이퍼),수출,CA,캐나다,2,2026.02,34010301,(실리콘웨이퍼)
50,34010301,(실리콘웨이퍼),수출,CH,스위스,2,2026.02,34010301,(실리콘웨이퍼)
130271816,34010301,(실리콘웨이퍼),수출,CN,중국,67889,2026.02,34010301,(실리콘웨이퍼)
31768,34010301,(실리콘웨이퍼),수출,CZ,체코공화국,25,2026.02,34010301,(실리콘웨이퍼)
508853,34010301,(실리콘웨이퍼),수출,DE,독일,743,2026.02,34010301,(실리콘웨이퍼)
4669928,34010301,(실리콘웨이퍼),수출,FR,프랑스,6362,2026.02,34010301,(실리콘웨이퍼)
13900,34010301,(실리콘웨이퍼),수출,GB,영국,208,2026.02,34010301,(실리콘웨이퍼)
86988,34010301,(실리콘웨이퍼),수출,HK,홍콩,38,2026.02,34010301,(실리콘웨이퍼)
10241,34010301,(실리콘웨이퍼),수출,ID,인도네시아,146,2026.02,34010301,(실리콘웨이퍼)
432484,34010301,(실리콘웨이퍼),수출,IE,아일랜드,537,2026.02,34010301,(실리콘웨이퍼)
506492,34010301,(실리콘웨이퍼),수출,IL,이스라엘,679,2026.02,34010301,(실리콘웨이퍼)
1296,34010301,(실리콘웨이퍼),수출,IN,인도,0,2026.02,34010301,(실리콘웨이퍼)
386093,34010301,(실리콘웨이퍼),수출,IT,이탈리아,780,2026.02,34010301,(실리콘웨이퍼)
5808186,34010301,(실리콘웨이퍼),수출,JP,일본,60807,2026.02,34010301,(실리콘웨이퍼)
8895,34010301,(실리콘웨이퍼),수출,MY,말레이시아,11,2026.02,34010301,(실리콘웨이퍼)
2142105,34010301,(실리콘웨이퍼),수출,NL,네덜란드,163,2026.02,34010301,(실리콘웨이퍼)
78751,34010301,(실리콘웨이퍼),수출,PH,필리핀,237,2026.02,34010301,(실리콘웨이퍼)
3152822,34010301,(실리콘웨이퍼),수출,SG,싱가포르,7052,2026.02,34010301,(실리콘웨이퍼)
89338,34010301,(실리콘웨이퍼),수출,TH,태국,26,2026.02,34010301,(실리콘웨이퍼)
45500,34010301,(실리콘웨이퍼),수출,TR,튀르키예,1,2026.02,34010301,(실리콘웨이퍼)
12992261,34010301,(실리콘웨이퍼),수출,TW,대만,26388,2026.02,34010301,(실리콘웨이퍼)
17323797,34010301,(실리콘웨이퍼),수출,US,미국,25428,2026.02,34010301,(실리콘웨이퍼)
23821,34010301,(실리콘웨이퍼),수출,VN,베트남,1857,2026.02,34010301,(실리콘웨이퍼)
340,34010301,(실리콘웨이퍼),수출,AE,아랍에미리트 연합,1,2026.03,34010301,(실리콘웨이퍼)
252178,34010301,(실리콘웨이퍼),수출,BE,벨기에,469,2026.03,34010301,(실리콘웨이퍼)
23125,34010301,(실리콘웨이퍼),수출,CA,캐나다,9,2026.03,34010301,(실리콘웨이퍼)
75923,34010301,(실리콘웨이퍼),수출,CH,스위스,96,2026.03,34010301,(실리콘웨이퍼)
156101139,34010301,(실리콘웨이퍼),수출,CN,중국,79700,2026.03,34010301,(실리콘웨이퍼)
45386,34010301,(실리콘웨이퍼),수출,CZ,체코공화국,54,2026.03,34010301,(실리콘웨이퍼)
880054,34010301,(실리콘웨이퍼),수출,DE,독일,957,2026.03,34010301,(실리콘웨이퍼)
425,34010301,(실리콘웨이퍼),수출,FI,핀란드,3,2026.03,34010301,(실리콘웨이퍼)
5891721,34010301,(실리콘웨이퍼),수출,FR,프랑스,7882,2026.03,34010301,(실리콘웨이퍼)
26600,34010301,(실리콘웨이퍼),수출,GB,영국,12,2026.03,34010301,(실리콘웨이퍼)
783928,34010301,(실리콘웨이퍼),수출,HK,홍콩,12,2026.03,34010301,(실리콘웨이퍼)
87600,34010301,(실리콘웨이퍼),수출,ID,인도네시아,251,2026.03,34010301,(실리콘웨이퍼)
651743,34010301,(실리콘웨이퍼),수출,IE,아일랜드,804,2026.03,34010301,(실리콘웨이퍼)
4863,34010301,(실리콘웨이퍼),수출,IL,이스라엘,88,2026.03,34010301,(실리콘웨이퍼)
367116,34010301,(실리콘웨이퍼),수출,IT,이탈리아,708,2026.03,34010301,(실리콘웨이퍼)
8670002,34010301,(실리콘웨이퍼),수출,JP,일본,78224,2026.03,34010301,(실리콘웨이퍼)
35850,34010301,(실리콘웨이퍼),수출,MY,말레이시아,18,2026.03,34010301,(실리콘웨이퍼)
81182,34010301,(실리콘웨이퍼),수출,NL,네덜란드,55,2026.03,34010301,(실리콘웨이퍼)
80480,34010301,(실리콘웨이퍼),수출,PH,필리핀,246,2026.03,34010301,(실리콘웨이퍼)
19713,34010301,(실리콘웨이퍼),수출,SE,스웨덴,3,2026.03,34010301,(실리콘웨이퍼)
5207267,34010301,(실리콘웨이퍼),수출,SG,싱가포르,10143,2026.03,34010301,(실리콘웨이퍼)
93276,34010301,(실리콘웨이퍼),수출,TH,태국,28,2026.03,34010301,(실리콘웨이퍼)
18700,34010301,(실리콘웨이퍼),수출,TR,튀르키예,1,2026.03,34010301,(실리콘웨이퍼)
14237414,34010301,(실리콘웨이퍼),수출,TW,대만,28998,2026.03,34010301,(실리콘웨이퍼)
16489484,34010301,(실리콘웨이퍼),수출,US,미국,23855,2026.03,34010301,(실리콘웨이퍼)
3737,34010301,(실리콘웨이퍼),수출,VN,베트남,12,2026.03,34010301,(실리콘웨이퍼)
2200,34010301,(실리콘웨이퍼),수출,AT,오스트리아,1,2026.04,34010301,(실리콘웨이퍼)
0,34010301,(실리콘웨이퍼),수출,BE,벨기에,0,2026.04,34010301,(실리콘웨이퍼)
16817,34010301,(실리콘웨이퍼),수출,BR,브라질,13,2026.04,34010301,(실리콘웨이퍼)
154831171,34010301,(실리콘웨이퍼),수출,CN,중국,89423,2026.04,34010301,(실리콘웨이퍼)
52744,34010301,(실리콘웨이퍼),수출,CZ,체코공화국,45,2026.04,34010301,(실리콘웨이퍼)
837605,34010301,(실리콘웨이퍼),수출,DE,독일,1149,2026.04,34010301,(실리콘웨이퍼)
232,34010301,(실리콘웨이퍼),수출,FI,핀란드,2,2026.04,34010301,(실리콘웨이퍼)
5174522,34010301,(실리콘웨이퍼),수출,FR,프랑스,6994,2026.04,34010301,(실리콘웨이퍼)
26934,34010301,(실리콘웨이퍼),수출,GB,영국,39,2026.04,34010301,(실리콘웨이퍼)
10,34010301,(실리콘웨이퍼),수출,GR,그리스,0,2026.04,34010301,(실리콘웨이퍼)
1409342,34010301,(실리콘웨이퍼),수출,HK,홍콩,1986,2026.04,34010301,(실리콘웨이퍼)
34440,34010301,(실리콘웨이퍼),수출,HR,크로아티아,9,2026.04,34010301,(실리콘웨이퍼)
2522,34010301,(실리콘웨이퍼),수출,ID,인도네시아,2,2026.04,34010301,(실리콘웨이퍼)
1307969,34010301,(실리콘웨이퍼),수출,IE,아일랜드,1685,2026.04,34010301,(실리콘웨이퍼)
514880,34010301,(실리콘웨이퍼),수출,IL,이스라엘,613,2026.04,34010301,(실리콘웨이퍼)
6486,34010301,(실리콘웨이퍼),수출,IN,인도,11,2026.04,34010301,(실리콘웨이퍼)
463903,34010301,(실리콘웨이퍼),수출,IT,이탈리아,858,2026.04,34010301,(실리콘웨이퍼)
8273251,34010301,(실리콘웨이퍼),수출,JP,일본,71291,2026.04,34010301,(실리콘웨이퍼)
8000,34010301,(실리콘웨이퍼),수출,MY,말레이시아,2,2026.04,34010301,(실리콘웨이퍼)
12493,34010301,(실리콘웨이퍼),수출,NL,네덜란드,21,2026.04,34010301,(실리콘웨이퍼)
42175,34010301,(실리콘웨이퍼),수출,PH,필리핀,127,2026.04,34010301,(실리콘웨이퍼)
33750,34010301,(실리콘웨이퍼),수출,SE,스웨덴,16,2026.04,34010301,(실리콘웨이퍼)
3351700,34010301,(실리콘웨이퍼),수출,SG,싱가포르,6534,2026.04,34010301,(실리콘웨이퍼)
83896,34010301,(실리콘웨이퍼),수출,TH,태국,26,2026.04,34010301,(실리콘웨이퍼)
46665,34010301,(실리콘웨이퍼),수출,TR,튀르키예,2,2026.04,34010301,(실리콘웨이퍼)
14745178,34010301,(실리콘웨이퍼),수출,TW,대만,30475,2026.04,34010301,(실리콘웨이퍼)
13255957,34010301,(실리콘웨이퍼),수출,US,미국,21397,2026.04,34010301,(실리콘웨이퍼)
31699,34010301,(실리콘웨이퍼),수출,VN,베트남,837,2026.04,34010301,(실리콘웨이퍼)
268179,34010301,(실리콘웨이퍼),수출,BE,벨기에,470,2026.05,34010301,(실리콘웨이퍼)
6600,34010301,(실리콘웨이퍼),수출,CA,캐나다,5,2026.05,34010301,(실리콘웨이퍼)
160521321,34010301,(실리콘웨이퍼),수출,CN,중국,85415,2026.05,34010301,(실리콘웨이퍼)
312420,34010301,(실리콘웨이퍼),수출,CZ,체코공화국,238,2026.05,34010301,(실리콘웨이퍼)
729485,34010301,(실리콘웨이퍼),수출,DE,독일,1078,2026.05,34010301,(실리콘웨이퍼)
3969911,34010301,(실리콘웨이퍼),수출,FR,프랑스,5670,2026.05,34010301,(실리콘웨이퍼)
200,34010301,(실리콘웨이퍼),수출,GB,영국,22,2026.05,34010301,(실리콘웨이퍼)
500648,34010301,(실리콘웨이퍼),수출,HK,홍콩,54,2026.05,34010301,(실리콘웨이퍼)
6120,34010301,(실리콘웨이퍼),수출,ID,인도네시아,3,2026.05,34010301,(실리콘웨이퍼)
1975102,34010301,(실리콘웨이퍼),수출,IE,아일랜드,2489,2026.05,34010301,(실리콘웨이퍼)
713743,34010301,(실리콘웨이퍼),수출,IL,이스라엘,986,2026.05,34010301,(실리콘웨이퍼)
3041,34010301,(실리콘웨이퍼),수출,IN,인도,2,2026.05,34010301,(실리콘웨이퍼)
401776,34010301,(실리콘웨이퍼),수출,IT,이탈리아,957,2026.05,34010301,(실리콘웨이퍼)
9497315,34010301,(실리콘웨이퍼),수출,JP,일본,69664,2026.05,34010301,(실리콘웨이퍼)
14200,34010301,(실리콘웨이퍼),수출,MY,말레이시아,20,2026.05,34010301,(실리콘웨이퍼)
12281,34010301,(실리콘웨이퍼),수출,NL,네덜란드,103,2026.05,34010301,(실리콘웨이퍼)
40192,34010301,(실리콘웨이퍼),수출,PH,필리핀,125,2026.05,34010301,(실리콘웨이퍼)
3347150,34010301,(실리콘웨이퍼),수출,SG,싱가포르,6793,2026.05,34010301,(실리콘웨이퍼)
83297,34010301,(실리콘웨이퍼),수출,TH,태국,25,2026.05,34010301,(실리콘웨이퍼)
35172,34010301,(실리콘웨이퍼),수출,TR,튀르키예,2,2026.05,34010301,(실리콘웨이퍼)
16793750,34010301,(실리콘웨이퍼),수출,TW,대만,33630,2026.05,34010301,(실리콘웨이퍼)
16954541,34010301,(실리콘웨이퍼),수출,US,미국,26573,2026.05,34010301,(실리콘웨이퍼)
14678,34010301,(실리콘웨이퍼),수출,VN,베트남,448,2026.05,34010301,(실리콘웨이퍼)
22389,34010301,(실리콘웨이퍼),수출,BE,벨기에,24,2026.06,34010301,(실리콘웨이퍼)
12230,34010301,(실리콘웨이퍼),수출,BR,브라질,11,2026.06,34010301,(실리콘웨이퍼)
23500,34010301,(실리콘웨이퍼),수출,CA,캐나다,2,2026.06,34010301,(실리콘웨이퍼)
3580,34010301,(실리콘웨이퍼),수출,CH,스위스,12,2026.06,34010301,(실리콘웨이퍼)
172773169,34010301,(실리콘웨이퍼),수출,CN,중국,89877,2026.06,34010301,(실리콘웨이퍼)
395165,34010301,(실리콘웨이퍼),수출,CZ,체코공화국,288,2026.06,34010301,(실리콘웨이퍼)
467429,34010301,(실리콘웨이퍼),수출,DE,독일,670,2026.06,34010301,(실리콘웨이퍼)
3995211,34010301,(실리콘웨이퍼),수출,FR,프랑스,5416,2026.06,34010301,(실리콘웨이퍼)
18000,34010301,(실리콘웨이퍼),수출,GB,영국,58,2026.06,34010301,(실리콘웨이퍼)
266403,34010301,(실리콘웨이퍼),수출,HK,홍콩,4,2026.06,34010301,(실리콘웨이퍼)
6613,34010301,(실리콘웨이퍼),수출,ID,인도네시아,2,2026.06,34010301,(실리콘웨이퍼)
960526,34010301,(실리콘웨이퍼),수출,IE,아일랜드,1186,2026.06,34010301,(실리콘웨이퍼)
1125053,34010301,(실리콘웨이퍼),수출,IL,이스라엘,1426,2026.06,34010301,(실리콘웨이퍼)
12303,34010301,(실리콘웨이퍼),수출,IN,인도,19,2026.06,34010301,(실리콘웨이퍼)
404666,34010301,(실리콘웨이퍼),수출,IT,이탈리아,779,2026.06,34010301,(실리콘웨이퍼)
11045500,34010301,(실리콘웨이퍼),수출,JP,일본,78090,2026.06,34010301,(실리콘웨이퍼)
33677,34010301,(실리콘웨이퍼),수출,MY,말레이시아,18,2026.06,34010301,(실리콘웨이퍼)
143508,34010301,(실리콘웨이퍼),수출,NL,네덜란드,202,2026.06,34010301,(실리콘웨이퍼)
51420,34010301,(실리콘웨이퍼),수출,PH,필리핀,160,2026.06,34010301,(실리콘웨이퍼)
3220562,34010301,(실리콘웨이퍼),수출,SG,싱가포르,6505,2026.06,34010301,(실리콘웨이퍼)
111144,34010301,(실리콘웨이퍼),수출,TH,태국,29,2026.06,34010301,(실리콘웨이퍼)
28710,34010301,(실리콘웨이퍼),수출,TR,튀르키예,1,2026.06,34010301,(실리콘웨이퍼)
14676216,34010301,(실리콘웨이퍼),수출,TW,대만,30231,2026.06,34010301,(실리콘웨이퍼)
15927223,34010301,(실리콘웨이퍼),수출,US,미국,26526,2026.06,34010301,(실리콘웨이퍼)
85431,34010301,(실리콘웨이퍼),수출,VN,베트남,1830,2026.06,34010301,(실리콘웨이퍼)
20790,34010301,(실리콘웨이퍼),수출,BE,벨기에,18,2026.07,34010301,(실리콘웨이퍼)
24466,34010301,(실리콘웨이퍼),수출,BR,브라질,190,2026.07,34010301,(실리콘웨이퍼)
9371,34010301,(실리콘웨이퍼),수출,CA,캐나다,2,2026.07,34010301,(실리콘웨이퍼)
164084450,34010301,(실리콘웨이퍼),수출,CN,중국,91379,2026.07,34010301,(실리콘웨이퍼)
412493,34010301,(실리콘웨이퍼),수출,CZ,체코공화국,288,2026.07,34010301,(실리콘웨이퍼)
865542,34010301,(실리콘웨이퍼),수출,DE,독일,1250,2026.07,34010301,(실리콘웨이퍼)
600,34010301,(실리콘웨이퍼),수출,DK,덴마크,70,2026.07,34010301,(실리콘웨이퍼)
4544600,34010301,(실리콘웨이퍼),수출,FR,프랑스,6228,2026.07,34010301,(실리콘웨이퍼)
6700,34010301,(실리콘웨이퍼),수출,GB,영국,91,2026.07,34010301,(실리콘웨이퍼)
241925,34010301,(실리콘웨이퍼),수출,HK,홍콩,11,2026.07,34010301,(실리콘웨이퍼)
44201,34010301,(실리콘웨이퍼),수출,ID,인도네시아,260,2026.07,34010301,(실리콘웨이퍼)
320675,34010301,(실리콘웨이퍼),수출,IE,아일랜드,384,2026.07,34010301,(실리콘웨이퍼)
406562,34010301,(실리콘웨이퍼),수출,IL,이스라엘,512,2026.07,34010301,(실리콘웨이퍼)
20582,34010301,(실리콘웨이퍼),수출,IN,인도,2,2026.07,34010301,(실리콘웨이퍼)
692767,34010301,(실리콘웨이퍼),수출,IT,이탈리아,1361,2026.07,34010301,(실리콘웨이퍼)
9816268,34010301,(실리콘웨이퍼),수출,JP,일본,99435,2026.07,34010301,(실리콘웨이퍼)
3600,34010301,(실리콘웨이퍼),수출,MY,말레이시아,1,2026.07,34010301,(실리콘웨이퍼)
286,34010301,(실리콘웨이퍼),수출,NL,네덜란드,5,2026.07,34010301,(실리콘웨이퍼)
39763,34010301,(실리콘웨이퍼),수출,PH,필리핀,125,2026.07,34010301,(실리콘웨이퍼)
39083,34010301,(실리콘웨이퍼),수출,SE,스웨덴,10,2026.07,34010301,(실리콘웨이퍼)
7676964,34010301,(실리콘웨이퍼),수출,SG,싱가포르,17804,2026.07,34010301,(실리콘웨이퍼)
88291,34010301,(실리콘웨이퍼),수출,TH,태국,21,2026.07,34010301,(실리콘웨이퍼)
20016847,34010301,(실리콘웨이퍼),수출,TW,대만,42226,2026.07,34010301,(실리콘웨이퍼)
20193947,34010301,(실리콘웨이퍼),수출,US,미국,34507,2026.07,34010301,(실리콘웨이퍼)
34681,34010301,(실리콘웨이퍼),수출,VN,베트남,1329,2026.07,34010301,(실리콘웨이퍼)
496,34010301,(실리콘웨이퍼),수출,AT,오스트리아,15,2026.08,34010301,(실리콘웨이퍼)
3337,34010301,(실리콘웨이퍼),수출,BE,벨기에,4,2026.08,34010301,(실리콘웨이퍼)
17581,34010301,(실리콘웨이퍼),수출,BR,브라질,14,2026.08,34010301,(실리콘웨이퍼)
33600,34010301,(실리콘웨이퍼),수출,CA,캐나다,3,2026.08,34010301,(실리콘웨이퍼)
59742,34010301,(실리콘웨이퍼),수출,CH,스위스,91,2026.08,34010301,(실리콘웨이퍼)
155099182,34010301,(실리콘웨이퍼),수출,CN,중국,105677,2026.08,34010301,(실리콘웨이퍼)
401153,34010301,(실리콘웨이퍼),수출,CZ,체코공화국,319,2026.08,34010301,(실리콘웨이퍼)
470559,34010301,(실리콘웨이퍼),수출,DE,독일,533,2026.08,34010301,(실리콘웨이퍼)
200,34010301,(실리콘웨이퍼),수출,DK,덴마크,18,2026.08,34010301,(실리콘웨이퍼)
3949502,34010301,(실리콘웨이퍼),수출,FR,프랑스,5629,2026.08,34010301,(실리콘웨이퍼)
135300,34010301,(실리콘웨이퍼),수출,GB,영국,108,2026.08,34010301,(실리콘웨이퍼)
132498,34010301,(실리콘웨이퍼),수출,HK,홍콩,2,2026.08,34010301,(실리콘웨이퍼)
36186,34010301,(실리콘웨이퍼),수출,ID,인도네시아,38,2026.08,34010301,(실리콘웨이퍼)
339404,34010301,(실리콘웨이퍼),수출,IE,아일랜드,422,2026.08,34010301,(실리콘웨이퍼)
414776,34010301,(실리콘웨이퍼),수출,IL,이스라엘,579,2026.08,34010301,(실리콘웨이퍼)
10514,34010301,(실리콘웨이퍼),수출,IN,인도,10,2026.08,34010301,(실리콘웨이퍼)
424378,34010301,(실리콘웨이퍼),수출,IT,이탈리아,873,2026.08,34010301,(실리콘웨이퍼)
9019437,34010301,(실리콘웨이퍼),수출,JP,일본,62866,2026.08,34010301,(실리콘웨이퍼)
10562,34010301,(실리콘웨이퍼),수출,MY,말레이시아,5,2026.08,34010301,(실리콘웨이퍼)
58317,34010301,(실리콘웨이퍼),수출,NL,네덜란드,9,2026.08,34010301,(실리콘웨이퍼)
1140,34010301,(실리콘웨이퍼),수출,PH,필리핀,2,2026.08,34010301,(실리콘웨이퍼)
5674556,34010301,(실리콘웨이퍼),수출,SG,싱가포르,10346,2026.08,34010301,(실리콘웨이퍼)
185875,34010301,(실리콘웨이퍼),수출,TH,태국,60,2026.08,34010301,(실리콘웨이퍼)
33350,34010301,(실리콘웨이퍼),수출,TR,튀르키예,0,2026.08,34010301,(실리콘웨이퍼)
18921116,34010301,(실리콘웨이퍼),수출,TW,대만,40981,2026.08,34010301,(실리콘웨이퍼)
22143890,34010301,(실리콘웨이퍼),수출,US,미국,30925,2026.08,34010301,(실리콘웨이퍼)
47438,34010301,(실리콘웨이퍼),수출,VN,베트남,682,2026.08,34010301,(실리콘웨이퍼)
