시트,검색어,행,열,셀내용
HSK코드표,HS,0,1,HS 코드
HSK코드표,코드,0,1,HS 코드
HSK코드표,HS,0,2,HS 품목명(국문)
HSK코드표,품목명,0,2,HS 품목명(국문)
HSK코드표,HS,0,3,HS 품목명(영문)
HSK코드표,품목명,0,3,HS 품목명(영문)
HSK코드표,HS,574,3,"Live, fresh or chilled stromboid conchs (Strombus spp.)"
HSK코드표,HS,576,3,Frozen stromboid conchs (Strombus spp.)
HSK코드표,HS,702,3,Stomachs
HSK코드표,바이오,1459,2,바이오디젤 제조용
HSK코드표,바이오,1462,2,바이오디젤 제조용
HSK코드표,HS,2127,3,Decolourising earths and fuller's earth
HSK코드표,HS,2143,3,"Siliceous fossil meals (for example, kieselguhr, tripolite and diatomite) and similar siliceous earths, whether or not calcined, of an apparent specific gravity of 1 or less."
HSK코드표,철강,2274,2,철강을 제조할 때 생기는 알갱이 모양의 슬래그(slag)[슬래그 샌드(slag sand)]
HSK코드표,자동차,2335,2,자동차 휘발유
HSK코드표,자동차,2356,2,자동차용 기관오일
HSK코드표,선박,2357,2,선박용 기관오일
HSK코드표,자동차,2383,2,자동차 휘발유
HSK코드표,자동차,2404,2,자동차용 기관오일
HSK코드표,선박,2405,2,선박용 기관오일
HSK코드표,자동차,2431,2,자동차 휘발유ㆍ항공 휘발유ㆍ제트 연료유의 것
HSK코드표,자동차,2441,2,자동차 휘발유ㆍ항공 휘발유ㆍ제트 연료유의 것
HSK코드표,이차전지,2493,2,이차전지 제조용
HSK코드표,반도체,2527,2,반도체 제조용
HSK코드표,반도체,2530,2,반도체 제조용
HSK코드표,반도체,2534,2,반도체 제조용
HSK코드표,반도체,2541,2,반도체 제조용
HSK코드표,이차전지,2597,2,이차전지 제조용
HSK코드표,이차전지,2687,2,이차전지 제조용
HSK코드표,이차전지,2694,2,이차전지 제조용
HSK코드표,이차전지,2696,2,이차전지 제조용
HSK코드표,이차전지,2729,2,이차전지 제조용
HSK코드표,반도체,2778,2,반도체 제조용 금청산칼륨
HSK코드표,반도체,2806,2,반도체 제조용
HSK코드표,반도체,2913,2,반도체 제조용
HSK코드표,반도체,3061,2,반도체 제조용
HSK코드표,디스플레이,4023,2,광학용 투명 점착 필름 접착제ㆍ광학용 투명 경화성 액상 접착제(평판디스플레이 또는 터치 감지 스크린 패널의 제조에 전용 또는 주로 사용되는 종류의 것으로 한정한다)
HSK코드표,디스플레이,4053,2,평판디스플레이용[블랭크마스크(blank mask)로 한정한다]
HSK코드표,반도체,4055,2,반도체 제조용
HSK코드표,반도체,4059,2,반도체 제조용
HSK코드표,반도체,4107,2,반도체 제조용
HSK코드표,반도체,4112,2,반도체 제조용
HSK코드표,반도체,4117,2,반도체 제조용
HSK코드표,이차전지,4126,2,이차전지 제조용
HSK코드표,HS,4133,3,Activated clays and activated earths
HSK코드표,섬유,4170,2,섬유산업이나 이와 유사한 산업에서 사용하는 것
HSK코드표,반도체,4195,2,반도체 제조용
HSK코드표,섬유,4231,2,"종이, 판지, 셀룰로오스워딩, 셀룰로오스 섬유의 웹(web)[제48류의 주 제8호의 롤 모양이나 시트(sheet) 모양으로 한정한다]"
HSK코드표,섬유,4237,2,"종이, 판지, 셀룰로오스워딩, 셀룰로오스 섬유의 웹(web)[제48류의 주 제8호의 롤 모양이나 시트(sheet) 모양으로 한정한다]"
HSK코드표,섬유,4241,2,"종이, 판지, 셀룰로오스워딩, 셀룰로오스 섬유의 웹(web)[제48류의 주 제8호의 롤 모양이나 시트(sheet) 모양으로 한정한다]"
HSK코드표,섬유,4247,2,"종이, 판지, 셀룰로오스워딩, 셀룰로오스 섬유의 웹(web)[제48류의 주 제8호의 롤 모양이나 시트(sheet) 모양으로 한정한다]"
HSK코드표,HSK,4315,3,Prepared organic peroxides (other than products of heading 38.15 and HSK 3824.99-4400)
HSK코드표,HS,4315,3,Prepared organic peroxides (other than products of heading 38.15 and HSK 3824.99-4400)
HSK코드표,바이오,4340,2,바이오디젤과 그 혼합물[석유나 역청유(瀝靑油)를 함유하지 않거나 중량기준으로 70 퍼센트 미만을 함유한 것으로 한정한다]
HSK코드표,이차전지,4384,2,폴리비닐리덴 플루오라이드[이차전지 제조용으로 한정한다]
HSK코드표,반도체,4405,2,반도체 제조용
HSK코드표,반도체,4426,2,반도체 제조용
HSK코드표,이차전지,4532,2,격리막(이차전지 제조용으로 한정한다)
HSK코드표,이차전지,4534,2,격리막(이차전지 제조용으로 한정한다)
HSK코드표,HS,4563,3,Baths and shower baths
HSK코드표,HS,4578,3,Table cloths and other similar articles
HSK코드표,HS,4594,3,"Frames for painting, photographs, mirrors and the like"
HSK코드표,자동차,4622,2,제87류 자동차용의 타이어의 것
HSK코드표,섬유,4653,2,방직용 섬유 재료로만 보강된 것
HSK코드표,자동차,4681,2,승용자동차용[스테이션왜건(station wagon)과 경주 자동차용을 포함한다]
HSK코드표,자동차,4682,2,버스용ㆍ화물자동차용
HSK코드표,자동차,4686,2,승용자동차용[스테이션왜건(station wagon)과 경주 자동차용을 포함한다]
HSK코드표,자동차,4695,2,승용자동차용[스테이션왜건(station wagon)과 경주 자동차용을 포함한다]
HSK코드표,섬유,4789,2,콤퍼지션 레더(composition leather)[가죽이나 가죽섬유를 기본 재료로 하여 제조한 것으로서 롤 모양인지에 상관없으며 슬래브 모양ㆍ시트(sheet) 모양ㆍ스트립 모양으로 한정한다]
HSK코드표,섬유,4799,2,방직용 섬유재료로 만든 것
HSK코드표,섬유,4810,2,방직용 섬유재료로 만든 것
HSK코드표,섬유,4819,2,방직용 섬유재료로 만든 것
HSK코드표,섬유,4827,2,방직용 섬유재료로 만든 것
HSK코드표,섬유,5284,2,회수한 종이나 판지[웨이스트(waste)와 스크랩(scrap)]에서 뽑아낸 섬유펄프
HSK코드표,컴퓨터,5306,2,전산용지와 폼용지 (컴퓨터용지와 지로용지를 포함한다)
HSK코드표,섬유,5341,2,셀룰로오스워딩과 셀룰로오스섬유의 웹(web)
HSK코드표,화장품,5407,2,카톤(carton)용 원지(화장품ㆍ의약품ㆍ담배의 포장용과 이와 유사한 것을 포함한다)
HSK코드표,섬유,5434,2,갈포섬유로 만든 것
HSK코드표,HS,5450,3,Tablecloths and serviettes
HSK코드표,섬유,5468,2,방직용 섬유사를 감는 데에 사용하는 것
HSK코드표,섬유,5543,2,그 밖의 인조섬유와 혼방한 견직물
HSK코드표,섬유,5566,2,폴리에스테르섬유와 혼방한 것
HSK코드표,섬유,5567,2,폴리아미드섬유와 혼방한 것
HSK코드표,섬유,5568,2,그 밖의 합성섬유와 혼방한 것
HSK코드표,섬유,5571,2,합성섬유와 혼방한 것
HSK코드표,섬유,5572,2,그 밖의 섬유와 혼방한 것
HSK코드표,섬유,5573,2,폴리에스테르섬유와 혼방한 것
HSK코드표,섬유,5574,2,폴리아미드섬유와 혼방한 것
HSK코드표,섬유,5575,2,아크릴섬유와 혼방한 것
HSK코드표,섬유,5576,2,그 밖의 섬유와 혼방한 것
HSK코드표,섬유,5589,2,기타(주로 인조스테이플섬유와 혼방한 것으로 한정한다)
HSK코드표,섬유,5596,2,기타(주로 인조스테이플섬유와 혼방한 것으로 한정한다)
HSK코드표,섬유,5600,2,섬유 길이가 23.2밀리미터 미만인 것
HSK코드표,섬유,5601,2,섬유 길이가 23.2밀리미터 이상 25.4밀리미터 미만인 것
HSK코드표,섬유,5602,2,섬유 길이가 25.4밀리미터 이상 28.5밀리미터 미만인 것
HSK코드표,섬유,5603,2,섬유 길이가 28.5밀리미터 이상 34.9밀리미터 미만인 것
HSK코드표,섬유,5604,2,섬유 길이가 34.9밀리미터 이상인 것
HSK코드표,섬유,5754,2,그 밖의 방직용 인피(靭皮)섬유
HSK코드표,섬유,5756,2,그 밖의 방직용 인피(靭皮)섬유
HSK코드표,섬유,5758,2,그 밖의 방직용 인피(靭皮)섬유의 토우(tow)와 웨이스트(waste)
HSK코드표,코드,5790,2,타이어 코드사
HSK코드표,코드,5793,2,타이어 코드사
HSK코드표,섬유,5849,2,"재생ㆍ반(半)합성 모노필라멘트(67데시텍스 이상인 것으로서 횡단면의 치수가 1밀리미터 이하인 것으로 한정한다), 재생ㆍ반(半)합성 방직용 섬유재료의 스트립(strip)이나 이와 유사한 것[예: 인조 스트로(straw)](시폭이 5밀리미터 이하인 것으로 한정한다)"
HSK코드표,섬유,5939,2,합성섬유의 것
HSK코드표,섬유,5940,2,재생ㆍ반(半)합성 섬유의 것
HSK코드표,섬유,5946,2,재생ㆍ반(半)합성 스테이플섬유[카드(card)ㆍ코움(comb)이나 그 밖의 방적준비 처리를 한 것으로 한정한다]
HSK코드표,섬유,5949,2,재생ㆍ반(半)합성 스테이플섬유의 것
HSK코드표,섬유,5964,2,주로 재생ㆍ반(半)합성 스테이플섬유와 혼방한 것
HSK코드표,섬유,5990,2,합성스테이플섬유의 함유량이 전 중량의 100분의 85 이상인 것
HSK코드표,섬유,5991,2,합성스테이플섬유의 함유량이 전 중량의 100분의 85 미만인 것
HSK코드표,섬유,5992,2,재생ㆍ반(半)합성 스테이플섬유의 것
HSK코드표,섬유,6003,2,폴리에스테르 스테이플섬유의 것[평직(平織)으로 한정한다]
HSK코드표,섬유,6004,2,폴리에스테르 스테이플섬유의 능직(綾織)[3올이나 4올의 능직(綾織)으로 한정하며 파사문직(破斜文織)을 포함한다]
HSK코드표,섬유,6005,2,폴리에스테르 스테이플섬유의 그 밖의 직물
HSK코드표,섬유,6007,2,폴리에스테르 스테이플섬유의 것[평직(平織)으로 한정한다]
HSK코드표,섬유,6008,2,폴리에스테르 스테이플섬유의 능직(綾織)[3올이나 4올의 능직(綾織)으로 한정하며 파사문직(破斜文織)을 포함한다]
HSK코드표,섬유,6011,2,폴리에스테르 스테이플섬유의 것[평직(平織)으로 한정한다]
HSK코드표,섬유,6013,2,폴리에스테르 스테이플섬유의 것[평직(平織)으로 한정한다]
HSK코드표,섬유,6015,2,폴리에스테르 스테이플섬유의 것[평직(平織)으로 한정한다]
HSK코드표,섬유,6016,2,폴리에스테르 스테이플섬유의 능직(綾織)[3올이나 4올의 능직(綾織)으로 한정하며 파사문직(破斜文織)을 포함한다]
HSK코드표,섬유,6017,2,폴리에스테르 스테이플섬유의 기타직물
HSK코드표,섬유,6019,2,폴리에스테르 스테이플섬유의 것[평직(平織)으로 한정한다]
HSK코드표,섬유,6020,2,폴리에스테르 스테이플섬유의 능직(綾織)[3올이나 4올의 능직(綾織)으로 한정하며 파사문직(破斜文織)을 포함한다]
HSK코드표,섬유,6021,2,폴리에스테르 스테이플섬유의 그 밖의 직물
HSK코드표,섬유,6024,2,폴리에스테르 스테이플섬유의 것[평직(平織)으로 한정한다]
HSK코드표,섬유,6025,2,폴리에스테르 스테이플섬유의 능직(綾織)[3올이나 4올의 능직(綾織)으로 한정하며 파사문직(破斜文織)을 포함한다]
HSK코드표,섬유,6026,2,폴리에스테르 스테이플섬유의 그 밖의 직물
HSK코드표,섬유,6072,2,인조섬유로 만든 것
HSK코드표,섬유,6074,2,섬유의 플록(flock)
HSK코드표,섬유,6077,2,스티치 본드(stitch-bonded) 섬유직물
HSK코드표,섬유,6079,2,그 밖의 섬유로 만든 것
HSK코드표,섬유,6093,2,고무실과 고무끈(방직용 섬유로 피복한 것으로 한정한다)
HSK코드표,섬유,6096,2,"금속드리사(metallised yarn)[짐프한(gimped) 것인지에 상관없으며 방직용 섬유사, 제5404호나 제5405호의 스트립(strip)이나 이와 유사한 것으로서 실ㆍ스트립(strip)ㆍ가루 모양의 금속과 결합한 것이나 금속을 피복한 것으로 한정한다]"
HSK코드표,섬유,6105,2,그 밖의 합성섬유로 만든 것
HSK코드표,섬유,6106,2,"제5303호의 황마, 방직용 인피섬유로 만든 것"
HSK코드표,섬유,6114,2,합성섬유로 만든 것
HSK코드표,섬유,6118,2,식물성 섬유로 만든 것(면으로 만든 것은 제외한다)
HSK코드표,섬유,6119,2,인조섬유로 만든 것
HSK코드표,섬유,6122,2,그 밖의 방직용 섬유로 만든 것
HSK코드표,섬유,6124,2,코코넛섬유(코이어)로 만든 바닥깔개
HSK코드표,섬유,6126,2,인조섬유로 만든 것
HSK코드표,섬유,6127,2,그 밖의 방직용 섬유로 만든 것
HSK코드표,섬유,6129,2,인조섬유로 만든 것
HSK코드표,섬유,6130,2,그 밖의 방직용 섬유로 만든 것
HSK코드표,섬유,6133,2,인조섬유로 만든 것
HSK코드표,섬유,6134,2,그 밖의 방직용 섬유로 만든 것
HSK코드표,섬유,6140,2,그 밖의 방직용 섬유로 만든 것
HSK코드표,섬유,6144,2,그 밖의 양탄자류와 그 밖의 방직용 섬유로 만든 바닥깔개(제품으로 된 것인지에 상관없다)
HSK코드표,섬유,6156,2,그 밖의 섬유로 만든 것
HSK코드표,섬유,6158,2,그 밖의 섬유로 만든 테리타월지(terry towelling fabric)와 이와 유사한 테리(terry)직물
HSK코드표,섬유,6161,2,인조섬유로 만든 것
HSK코드표,섬유,6163,2,인조섬유로 만든 것
HSK코드표,섬유,6168,2,인조섬유로 만든 것
HSK코드표,섬유,6172,2,인조섬유로 만든 것
HSK코드표,섬유,6173,2,그 밖의 방직용 섬유로 만든 것
HSK코드표,섬유,6184,2,인조섬유로 만든 것
HSK코드표,섬유,6185,2,그 밖의 방직용 섬유로 만든 것
HSK코드표,섬유,6186,2,인조섬유로 만든 것
HSK코드표,섬유,6188,2,서적 장정용이나 이와 유사한 용도로 사용하는 방직용 섬유의 직물류로서 검(gum)이나 전분질의 물품을 도포한 것
HSK코드표,섬유,6191,2,버크럼(buckram)과 이와 유사한 경화가공된 방직용 섬유의 직물
HSK코드표,섬유,6200,2,방직용 섬유로 만든 벽 피복재
HSK코드표,섬유,6204,2,건성유의 조제품이나 기름을 도포ㆍ침투한 방직용 섬유의 직물류
HSK코드표,섬유,6209,2,방직용 섬유로 만든 호스와 이와 유사한 관 모양의 물품(다른 재료를 내장ㆍ보강한 것인지 또는 부속품이 있는지에 상관없다)
HSK코드표,섬유,6210,2,"전동(transmission)용ㆍ컨베이어용 벨트와 벨팅(belting)(방직용 섬유로 만든 것으로 한정하며, 플라스틱을 침투ㆍ도포ㆍ피복ㆍ적층한 것인지 또는 금속이나 그 밖의 물품으로 보강한 것인지에 상관없다)"
HSK코드표,섬유,6211,2,"침포(針布)로 사용하는 방직용 섬유의 직물류, 펠트(felt), 펠트(felt)로 안을 붙인 직물로서 고무ㆍ가죽 그 밖의 물품을 도포ㆍ피복하거나 적층한 물품으로 그 밖의 기술적 용도로 사용하는 이와 유사한 직물[위빙스핀들(weaving spindle)(위빙빔)을 피복하기 위한 고무를 침투시킨 벨벳으로 된 세폭(細幅)직물을 포함한다]"
HSK코드표,섬유,6218,2,인조섬유로 만든 것
HSK코드표,섬유,6221,2,인조섬유로 만든 것
HSK코드표,섬유,6222,2,그 밖의 방직용 섬유로 만든 것
HSK코드표,섬유,6224,2,인조섬유로 만든 것
HSK코드표,섬유,6225,2,그 밖의 방직용 섬유로 만든 것
HSK코드표,섬유,6230,2,합성섬유로 만든 것
HSK코드표,섬유,6231,2,재생ㆍ반(半)합성 섬유로 만든 것
HSK코드표,섬유,6267,2,합성섬유로 만든 것
HSK코드표,섬유,6268,2,재생ㆍ반(半)합성 섬유로 만든 것
HSK코드표,섬유,6269,2,그 밖의 방직용 섬유로 만든 것
HSK코드표,섬유,6272,2,합성섬유로 만든 것
HSK코드표,섬유,6273,2,재생ㆍ반(半)합성 섬유로 만든 것
HSK코드표,섬유,6274,2,그 밖의 방직용 섬유로 만든 것
HSK코드표,섬유,6276,2,합성섬유로 만든 것
HSK코드표,섬유,6277,2,그 밖의 방직용 섬유로 만든 것
HSK코드표,섬유,6279,2,합성섬유로 만든 것
HSK코드표,섬유,6280,2,그 밖의 방직용 섬유로 만든 것
HSK코드표,섬유,6283,2,합성섬유로 만든 것
HSK코드표,섬유,6284,2,그 밖의 방직용 섬유로 만든 것
HSK코드표,섬유,6287,2,합성섬유로 만든 것
HSK코드표,섬유,6288,2,그 밖의 방직용 섬유로 만든 것
HSK코드표,섬유,6289,2,합성섬유로 만든 것
HSK코드표,섬유,6293,2,합성섬유로 만든 것
HSK코드표,섬유,6294,2,그 밖의 방직용 섬유로 만든 것
HSK코드표,섬유,6297,2,합성섬유로 만든 것
HSK코드표,섬유,6298,2,그 밖의 방직용 섬유로 만든 것
HSK코드표,섬유,6301,2,합성섬유로 만든 것
HSK코드표,섬유,6302,2,재생ㆍ반(半)합성 섬유로 만든 것
HSK코드표,섬유,6307,2,합성섬유로 만든 것
HSK코드표,섬유,6308,2,그 밖의 방직용 섬유로 만든 것
HSK코드표,섬유,6311,2,합성섬유로 만든 것
HSK코드표,섬유,6312,2,그 밖의 방직용 섬유로 만든 것
HSK코드표,섬유,6314,2,합성섬유로 만든 것
HSK코드표,섬유,6315,2,재생ㆍ반(半)합성 섬유로 만든 것
HSK코드표,섬유,6316,2,그 밖의 방직용 섬유로 만든 것
HSK코드표,섬유,6318,2,합성섬유로 만든 것
HSK코드표,섬유,6319,2,재생ㆍ반(半)합성 섬유로 만든 것
HSK코드표,섬유,6320,2,그 밖의 방직용 섬유로 만든 것
HSK코드표,섬유,6322,2,합성섬유로 만든 것
HSK코드표,섬유,6323,2,재생ㆍ반(半)합성 섬유로 만든 것
HSK코드표,섬유,6324,2,그 밖의 방직용 섬유로 만든 것
HSK코드표,섬유,6326,2,합성섬유로 만든 것
HSK코드표,섬유,6327,2,재생ㆍ반(半)합성 섬유로 만든 것
HSK코드표,섬유,6328,2,그 밖의 방직용 섬유로 만든 것
HSK코드표,섬유,6330,2,그 밖의 방직용 섬유로 만든 것
HSK코드표,섬유,6331,2,합성섬유로 만든 것
HSK코드표,섬유,6332,2,재생ㆍ반(半)합성 섬유로 만든 것
HSK코드표,섬유,6333,2,그 밖의 방직용 섬유로 만든 것
HSK코드표,섬유,6335,2,합성섬유로 만든 것
HSK코드표,섬유,6336,2,재생ㆍ반(半)합성 섬유로 만든 것
HSK코드표,섬유,6337,2,그 밖의 방직용 섬유로 만든 것
HSK코드표,섬유,6339,2,합성섬유로 만든 것
HSK코드표,섬유,6340,2,재생ㆍ반(半)합성 섬유로 만든 것
HSK코드표,섬유,6341,2,그 밖의 방직용 섬유로 만든 것
HSK코드표,섬유,6343,2,합성섬유로 만든 것
HSK코드표,섬유,6344,2,재생ㆍ반(半)합성 섬유로 만든 것
HSK코드표,섬유,6345,2,그 밖의 방직용 섬유로 만든 것
HSK코드표,섬유,6360,2,합성섬유로 만든 것
HSK코드표,섬유,6361,2,재생ㆍ반(半)합성 섬유로 만든 것
HSK코드표,섬유,6371,2,합성섬유로 만든 것
HSK코드표,섬유,6372,2,그 밖의 방직용 섬유로 만든 것
HSK코드표,섬유,6374,2,합성섬유로 만든 것
HSK코드표,섬유,6375,2,그 밖의 방직용 섬유로 만든 것
HSK코드표,섬유,6376,2,합성섬유로 만든 것
HSK코드표,섬유,6377,2,그 밖의 방직용 섬유로 만든 것
HSK코드표,섬유,6382,2,합성섬유로 만든 것
HSK코드표,섬유,6383,2,재생ㆍ반(半)합성 섬유로 만든 것
HSK코드표,섬유,6384,2,그 밖의 방직용 섬유로 만든 것
HSK코드표,섬유,6386,2,합성섬유로 만든 것(구성하는 단사가 67데시텍스 미만인 것으로 한정한다)
HSK코드표,섬유,6387,2,합성섬유로 만든 것(구성하는 단사가 67데시텍스 이상인 것으로 한정한다)
HSK코드표,섬유,6388,2,그 밖의 방직용 섬유로 만든 것
HSK코드표,섬유,6392,2,합성섬유로 만든 것
HSK코드표,섬유,6393,2,그 밖의 방직용 섬유로 만든 것
HSK코드표,섬유,6398,2,합성섬유로 만든 것
HSK코드표,섬유,6399,2,그 밖의 방직용 섬유로 만든 것
HSK코드표,섬유,6403,2,인조섬유로 만든 것
HSK코드표,섬유,6428,2,합성섬유로 만든 것
HSK코드표,섬유,6429,2,그 밖의 방직용 섬유로 만든 것
HSK코드표,섬유,6431,2,합성섬유로 만든 것
HSK코드표,섬유,6432,2,그 밖의 방직용 섬유로 만든 것
HSK코드표,섬유,6435,2,합성섬유로 만든 것
HSK코드표,섬유,6436,2,그 밖의 방직용 섬유로 만든 것
HSK코드표,섬유,6440,2,합성섬유로 만든 것
HSK코드표,섬유,6441,2,그 밖의 방직용 섬유로 만든 것
HSK코드표,섬유,6444,2,합성섬유로 만든 것
HSK코드표,섬유,6445,2,그 밖의 방직용 섬유로 만든 것
HSK코드표,섬유,6448,2,합성섬유로 만든 것
HSK코드표,섬유,6449,2,그 밖의 방직용 섬유로 만든 것
HSK코드표,섬유,6452,2,합성섬유로 만든 것
HSK코드표,섬유,6457,2,합성섬유로 만든 것
HSK코드표,섬유,6458,2,재생ㆍ반(半)합성 섬유로 만든 것
HSK코드표,섬유,6463,2,합성섬유로 만든 것
HSK코드표,섬유,6469,2,합성섬유로 만든 것
HSK코드표,섬유,6473,2,합성섬유로 만든 것
HSK코드표,섬유,6474,2,재생ㆍ반(半)합성 섬유로 만든 것
HSK코드표,섬유,6475,2,그 밖의 방직용 섬유로 만든 것
HSK코드표,섬유,6479,2,합성섬유로 만든 것
HSK코드표,섬유,6480,2,재생ㆍ반(半)합성 섬유로 만든 것
HSK코드표,섬유,6481,2,그 밖의 방직용 섬유로 만든 것
HSK코드표,섬유,6483,2,인조섬유로 만든 것
HSK코드표,섬유,6486,2,합성섬유로 만든 것
HSK코드표,섬유,6487,2,재생ㆍ반(半)합성 섬유로 만든 것
HSK코드표,섬유,6488,2,그 밖의 방직용 섬유로 만든 것
HSK코드표,섬유,6492,2,합성섬유로 만든 것
HSK코드표,섬유,6493,2,재생ㆍ반(半)합성 섬유로 만든 것
HSK코드표,섬유,6495,2,합성섬유로 만든 것
HSK코드표,섬유,6496,2,재생ㆍ반(半)합성 섬유로 만든 것
HSK코드표,섬유,6497,2,그 밖의 방직용 섬유로 만든 것
HSK코드표,섬유,6499,2,합성섬유로 만든 것
HSK코드표,섬유,6500,2,재생ㆍ반(半)합성 섬유로 만든 것
HSK코드표,섬유,6501,2,그 밖의 방직용 섬유로 만든 것
HSK코드표,섬유,6503,2,합성섬유로 만든 것
HSK코드표,섬유,6504,2,재생ㆍ반(半)합성 섬유로 만든 것
HSK코드표,섬유,6505,2,그 밖의 방직용 섬유로 만든 것
HSK코드표,섬유,6532,2,인조섬유로 만든 것
HSK코드표,섬유,6534,2,인조섬유로 만든 것
HSK코드표,섬유,6536,2,인조섬유로 만든 것
HSK코드표,섬유,6540,2,합성섬유로 만든 것
HSK코드표,섬유,6541,2,재생ㆍ반(半)합성 섬유로 만든 것
HSK코드표,섬유,6546,2,합성섬유로 만든 것
HSK코드표,섬유,6547,2,재생ㆍ반(半)합성 섬유로 만든 것
HSK코드표,섬유,6551,2,인조섬유로 만든 것
HSK코드표,섬유,6554,2,인조섬유로 만든 것
HSK코드표,섬유,6559,2,그 밖의 방직용 섬유로 만든 것
HSK코드표,섬유,6562,2,합성섬유로 만든 것
HSK코드표,섬유,6563,2,재생ㆍ반(半)합성 섬유로 만든 것
HSK코드표,섬유,6564,2,그 밖의 방직용 섬유로 만든 것
HSK코드표,섬유,6566,2,인조섬유로 만든 것
HSK코드표,섬유,6567,2,그 밖의 방직용 섬유로 만든 것
HSK코드표,섬유,6575,2,합성섬유로 만든 모포(전기모포는 제외한다)와 여행용 러그(rug)
HSK코드표,섬유,6580,2,인조섬유로 만든 것
HSK코드표,섬유,6581,2,그 밖의 방직용 섬유로 만든 것
HSK코드표,섬유,6583,2,인조섬유로 만든 것
HSK코드표,섬유,6584,2,그 밖의 방직용 섬유로 만든 것
HSK코드표,섬유,6587,2,인조섬유로 만든 것
HSK코드표,섬유,6588,2,그 밖의 방직용 섬유로 만든 것
HSK코드표,섬유,6591,2,인조섬유로 만든 것
HSK코드표,섬유,6592,2,그 밖의 방직용 섬유로 만든 것
HSK코드표,섬유,6593,2,합성섬유로 만든 것
HSK코드표,섬유,6594,2,그 밖의 방직용 섬유로 만든 것
HSK코드표,섬유,6596,2,합성섬유로 만든 것
HSK코드표,섬유,6597,2,그 밖의 방직용 섬유로 만든 것
HSK코드표,섬유,6603,2,합성섬유로 만든 것(메리야스 편물이나 뜨개질 편물은 제외한다)
HSK코드표,섬유,6604,2,그 밖의 방직용 섬유로 만든 것(메리야스 편물이나 뜨개질 편물은 제외한다)
HSK코드표,섬유,6605,2,황마나 제5303호의 그 밖의 방직용 인피(靭皮)섬유로 만든 것
HSK코드표,섬유,6610,2,그 밖의 방직용 섬유로 만든 것
HSK코드표,섬유,6611,2,합성섬유로 만든 것
HSK코드표,섬유,6612,2,그 밖의 방직용 섬유로 만든 것
HSK코드표,섬유,6613,2,합성섬유로 만든 것
HSK코드표,섬유,6614,2,그 밖의 방직용 섬유로 만든 것
HSK코드표,섬유,6618,2,합성섬유로 만든 것
HSK코드표,HS,6620,3,"Floor-cloths, dish-cloths, dusters and similar cleaning cloths"
HSK코드표,섬유,6630,2,"러그(rug)용ㆍ태피스트리(tapestry)용ㆍ자수한 테이블보용ㆍ서비에트(serviette)용 직물이나 실로 구성된 세트(부속품이 있는지에 상관없다), 이와 유사한 방직용 섬유제품을 제조하기 위한 것으로서 소매용으로 포장한 것"
HSK코드표,HS,6630,3,"Sets consisting of woven fabric and yarn, whether or not with accessories, for making up into rugs, tapestries, embroidered table cloths or serviettes, or similar textile articles, put up in packings for retail sale."
HSK코드표,섬유,6671,2,갑피(甲皮)를 방직용 섬유재료로 만든 것
HSK코드표,섬유,6684,2,합성섬유로 만든 것
HSK코드표,섬유,6685,2,그 밖의 섬유로 만든 것
HSK코드표,반도체,6733,2,반도체 웨이퍼 연마용
HSK코드표,섬유,6737,2,방직용 섬유의 직물만을 기본 재료로 한 것
HSK코드표,섬유,6752,2,패널ㆍ보드ㆍ타일ㆍ블록과 이와 유사한 물품[식물성 섬유ㆍ짚ㆍ목재의 대팻밥ㆍ칩ㆍ파티클(particle)ㆍ톱밥이나 그 밖의 웨이스트(waste)를 시멘트ㆍ플라스터(plaster)나 그 밖의 광물성 결합재로 응결시킨 것으로 한정한다]
HSK코드표,섬유,6778,2,탄소섬유
HSK코드표,섬유,6779,2,탄소섬유 직물
HSK코드표,반도체,6796,2,반도체 웨이퍼(wafer) 제조에 사용되는 노(爐)용
HSK코드표,HS,6824,3,Articles having a hardness equivalent to 9 or more on the Mohs scale
HSK코드표,반도체,6851,2,반도체 제조용으로서 석영제품(quartz ware) 제조에 사용되는 것
HSK코드표,반도체,6853,2,반도체 제조용으로서 석영제품(quartz ware) 제조에 사용되는 것
HSK코드표,디스플레이,6908,2,플라즈마 디스플레이 패널용
HSK코드표,반도체,6909,2,반도체나 평판디스플레이 제조에 사용되는 블랭크마스크(blank mask)용
HSK코드표,디스플레이,6909,2,반도체나 평판디스플레이 제조에 사용되는 블랭크마스크(blank mask)용
HSK코드표,디스플레이,6910,2,유기발광다이오드(오엘이디) 디스플레이 패널용
HSK코드표,디스플레이,6911,2,액정 디스플레이용
HSK코드표,디스플레이,6915,2,플라즈마 디스플레이 패널용
HSK코드표,반도체,6916,2,반도체나 평판디스플레이 제조에 사용되는 블랭크마스크(blank mask)용
HSK코드표,디스플레이,6916,2,반도체나 평판디스플레이 제조에 사용되는 블랭크마스크(blank mask)용
HSK코드표,디스플레이,6917,2,유기발광다이오드(오엘이디) 디스플레이 패널용
HSK코드표,디스플레이,6943,2,플라즈마 디스플레이 패널용
HSK코드표,반도체,6944,2,반도체나 평판디스플레이 제조에 사용되는 블랭크마스크(blank mask)용
HSK코드표,디스플레이,6944,2,반도체나 평판디스플레이 제조에 사용되는 블랭크마스크(blank mask)용
HSK코드표,디스플레이,6945,2,유기발광다이오드(오엘이디) 디스플레이 패널용
HSK코드표,디스플레이,6946,2,액정 디스플레이용
HSK코드표,반도체,7029,2,반도체 웨이퍼(wafer) 제조용으로 확산로(擴散爐)와 산화로(酸化爐)에 삽입할 수 있도록 고안된 석영 리액터(reactor) 튜브와 홀더
HSK코드표,반도체,7030,2,반도체 웨이퍼(wafer) 제조에 사용되는 노(爐)용 석영 도가니
HSK코드표,반도체,7031,2,반도체 제조용으로서 석영제품(quartz ware) 제조에 사용되는 것
HSK코드표,반도체,7081,2,반도체 제조용
HSK코드표,철강,7168,2,주석을 도금한 철강의 웨이스트(waste)와 스크랩(scrap)
HSK코드표,철강,7529,2,나선 가공한 슬리브(sleeve)(철강으로 만든 것에 한정한다)
HSK코드표,철강,7540,2,"철강으로 만든 각종 재료용 저장조ㆍ탱크ㆍ통과 이와 유사한 용기(압축용이나 액화가스용은 제외하고, 기계장치나 가열ㆍ냉각 장치를 갖추지 않은 것으로서 용적이 300리터를 초과하는 것으로 한정하며, 내장한 것인지 또는 열절연한 것인지에 상관없다)"
HSK코드표,코드,7550,2,스틸타이어 코드
HSK코드표,코드,7555,2,스틸타이어 코드
HSK코드표,반도체,7605,2,반도체 웨이퍼ㆍ반도체 디바이스의 측정이나 검사에 사용되는 핀
HSK코드표,자동차,7611,2,자동차용 판상 스프링
HSK코드표,자동차,7614,2,자동차용
HSK코드표,철강,7636,2,"철강의 울, 철강으로 만든 용기세정용구와 세정용이나 폴리싱(polishing)용 패드ㆍ글러브(glove)와 이와 유사한 것"
HSK코드표,철강,7640,2,철강(주철은 제외한다)으로 만든 것으로 법랑제의 것
HSK코드표,철강,7658,2,철강선으로 만든 제품
HSK코드표,반도체,7694,2,반도체 제조용
HSK코드표,반도체,7696,2,반도체 제조용
HSK코드표,반도체,7698,2,반도체 제조용
HSK코드표,반도체,7700,2,반도체 제조용
HSK코드표,반도체,7702,2,반도체 제조용
HSK코드표,반도체,7704,2,반도체 제조용
HSK코드표,반도체,7706,2,반도체 제조용
HSK코드표,반도체,7708,2,반도체 제조용
HSK코드표,반도체,7710,2,반도체 제조용
HSK코드표,철강,7819,2,철강심으로 되어 있는 것
HSK코드표,반도체,7990,2,"반도체 웨이퍼, 반도체 디바이스를 개별 단위로 절단하는 기기에 사용되는 것"
HSK코드표,자동차,8097,2,자동차용 자물쇠
HSK코드표,자동차,8107,2,자동차용으로 적합한 그 밖의 장착구ㆍ부착구와 이와 유사한 물품
HSK코드표,철강,8126,2,철강으로 만든 것
HSK코드표,반도체,8138,2,반도체 제조용
HSK코드표,반도체,8140,2,반도체 제조용
HSK코드표,반도체,8142,2,반도체 제조용
HSK코드표,반도체,8145,2,반도체 제조용
HSK코드표,선박,8179,2,선박추진용 터빈
HSK코드표,선박,8184,2,선박추진용 증기터빈의 것
HSK코드표,선박,8209,2,선박용 내연기관
HSK코드표,선박,8236,2,선박용
HSK코드표,선박,8239,2,선박용
HSK코드표,선박,8242,2,선박용
HSK코드표,선박,8245,2,선박용
HSK코드표,선박,8248,2,선박용
HSK코드표,선박,8251,2,선박용
HSK코드표,선박,8274,2,선박용
HSK코드표,반도체,8304,2,반도체 제조에 전용되거나 주로 사용되는 종류의 것
HSK코드표,디스플레이,8305,2,평판디스플레이 제조에 전용되거나 주로 사용되는 종류의 것
HSK코드표,자동차,8337,2,자동차용(탑승자용으로 한정한다)
HSK코드표,철강,8353,2,철강용
HSK코드표,섬유,8400,2,인조섬유 제조용 중합기
HSK코드표,섬유,8410,2,인조섬유 제조용 중합기의 것
HSK코드표,석유화학,8428,2,석유화학공업용
HSK코드표,반도체,8432,2,반도체 제조용 여과기나 청정기
HSK코드표,자동차,8493,2,중량 측정에 전자적 방법을 이용하는 것(자동차중량측정용 기기는 제외한다)
HSK코드표,자동차,8499,2,중량 측정에 전자적 방법을 이용하는 것(자동차중량측정용 기기의 부분품은 제외한다)
HSK코드표,자동차,8501,2,중량 측정에 전자적 방법을 이용하는 것(자동차중량측정용 기기의 부분품은 제외한다)
HSK코드표,자동차,8503,2,중량 측정에 전자적 방법을 이용하는 것(자동차중량측정용 기기의 부분품은 제외한다)
HSK코드표,반도체,8517,2,반도체 제조에 전용 또는 주로 사용되는 종류의 것
HSK코드표,반도체,8523,2,반도체 제조에 전용 또는 주로 사용되는 종류의 것
HSK코드표,선박,8552,2,선박의 데릭(derrick)
HSK코드표,HS,8610,3,Snow-ploughs and snow-blowers
HSK코드표,HS,8631,3,Ploughs
HSK코드표,HS,8642,3,Of ploughs
HSK코드표,섬유,8697,2,섬유소 펄프의 제조용 기계
HSK코드표,섬유,8705,2,섬유소 펄프 제조용 기계의 것
HSK코드표,반도체,8745,2,반도체 제조용
HSK코드표,섬유,8827,2,1회의 세탁 능력이 건조한 섬유제품의 중량으로 10킬로그램을 초과하는 것
HSK코드표,섬유,8830,2,1회의 건조 능력이 건조한 섬유제품의 중량으로 10킬로그램 이하인 것
HSK코드표,HSK,9026,3,"Of HSK 8479.89-9010, 8479.89-9030 or 8479.89-9091"
HSK코드표,HS,9026,3,"Of HSK 8479.89-9010, 8479.89-9030 or 8479.89-9091"
HSK코드표,디스플레이,9046,2,"휴대용 자동자료처리기계(중량이 10킬로그램 이하인 것으로서 적어도 중앙처리장치, 키보드, 디스플레이를 갖추고 있는 것으로 한정한다)"
HSK코드표,컴퓨터,9094,2,컴퓨터 케이스
HSK코드표,컴퓨터,9097,2,컴퓨터용 중앙처리장치로서 제8542호에 분류되지 않는 것
HSK코드표,섬유,9114,2,광섬유와 광섬유 예비성형품 제조용 기계
HSK코드표,섬유,9119,2,광섬유와 광섬유 예비성형품 제조용
HSK코드표,섬유,9145,2,"파티클보드(particle board)나 건축용 섬유판(목재나 그 밖의 목질 물질로 제조된 것으로 한정한다)의 제조용 프레스, 목재나 코르크 처리용 그 밖의 기계"
HSK코드표,HSK,9147,3,"Of subheading 8479.81, 8479.82, HSK 8479.89-9010, 8479.89-9030, 8479.89-9060 or 8479.89-9091"
HSK코드표,HS,9147,3,"Of subheading 8479.81, 8479.82, HSK 8479.89-9010, 8479.89-9030, 8479.89-9060 or 8479.89-9091"
HSK코드표,HSK,9148,3,Of HSK 8479.89-9080
HSK코드표,HS,9148,3,Of HSK 8479.89-9080
HSK코드표,반도체,9154,2,반도체 제조용
HSK코드표,선박,9170,2,선박용ㆍ어업용 기기
HSK코드표,HSK,9180,3,Of those specified in HSK 8479.89-9080
HSK코드표,HS,9180,3,Of those specified in HSK 8479.89-9080
HSK코드표,반도체,9181,2,반도체 제조용 기기의 것
HSK코드표,선박,9191,2,선박용ㆍ어업 기기의 것
HSK코드표,반도체,9271,2,반도체재료 도핑용 이온주입기
HSK코드표,반도체,9272,2,반도체웨이퍼 위에 막을 형성하거나 금속을 증착하는 기계
HSK코드표,반도체,9274,2,반도체웨이퍼 위에 직접 그리는 기기
HSK코드표,반도체,9278,2,"반도체 웨이퍼를 습식 식각, 현상, 스트리핑하거나 세척하는 기계"
HSK코드표,반도체,9280,2,반도체재료의 건식식각 패턴용의 것
HSK코드표,반도체,9281,2,반도체웨이퍼를 스트리핑하거나 세척하는 기기
HSK코드표,반도체,9285,2,반도체 웨이퍼가공용의 연마기ㆍ광택기(래핑기를 포함한다)
HSK코드표,반도체,9286,2,반도체 웨이퍼의 스크라이빙ㆍ스코어링을 위한 다이싱기
HSK코드표,반도체,9289,2,반도체웨이퍼 위에 테이프를 부착시키는 기계
HSK코드표,반도체,9290,2,반도체웨이퍼를 개별 칩으로 절단하는 기기
HSK코드표,디스플레이,9296,2,감광성 평판디스플레이용 기판에 회로모형을 투영하거나 드로잉하는 기기
HSK코드표,디스플레이,9304,2,감광성 평판디스플레이용기판에 회로모형을 투영하거나 드로잉하는 기기
HSK코드표,반도체,9314,2,"반도체 조립용의 다이 부착기, 테이프자동접착기ㆍ와이어접착기"
HSK코드표,반도체,9315,2,반도체 디바이스를 삽입ㆍ제거시키는 기계
HSK코드표,반도체,9316,2,반도체조립용 인캡슐레이션 기기
HSK코드표,반도체,9318,2,납볼을 반도체 제조용 인쇄회로기판이나 세라믹기판에 탑재하는 기계
HSK코드표,반도체,9320,2,"반도체 다이를 부착하거나 웨이퍼, 캐리어, 튜브를 세척하는 기계"
HSK코드표,반도체,9321,2,"굽힘용ㆍ접음용ㆍ교정용ㆍ펼침용 금속가공 공작기계(반도체 리드의 것으로서 프레스를 포함하며, 수치제어식의 여부는 상관없다)"
HSK코드표,반도체,9325,2,"반도체 소자 제조용 웨이퍼, 웨이퍼카셋트, 상자나 그 밖의 물품을 이송, 핸들링 그리고 저장하기 위한 것"
HSK코드표,디스플레이,9326,2,"평판디스플레이의 권양(捲揚), 취급, 적하(積荷)나 양하(揚荷)용의 것"
HSK코드표,디스플레이,9332,2,유기발광다이오드(오엘이디) 디스플레이 제조용기기의 것
HSK코드표,디스플레이,9333,2,액정 디스플레이 제조용 기기의 것
HSK코드표,선박,9336,2,선박이나 보트의 추진기와 그 블레이드(blade)
HSK코드표,HSK,9499,3,Of HSK 8508.11-9000
HSK코드표,HS,9499,3,Of HSK 8508.11-9000
HSK코드표,HSK,9500,3,Of HSK 8508.19-9000 or 8508.60-0000
HSK코드표,HS,9500,3,Of HSK 8508.19-9000 or 8508.60-0000
HSK코드표,HSK,9501,3,Of HSK 8508.11-1000 or 8508.19-2000
HSK코드표,HS,9501,3,Of HSK 8508.11-1000 or 8508.19-2000
HSK코드표,반도체,9561,2,반도체 제조용
HSK코드표,반도체,9563,2,반도체 제조용
HSK코드표,코드,9614,2,코드분할다중접속을 사용하는 동기식
HSK코드표,코드,9616,2,코드분할다중접속을 사용하는 비동기식
HSK코드표,무선통신,9622,2,무선통신용
HSK코드표,무선통신,9624,2,무선통신용
HSK코드표,무선통신,9626,2,무선통신용
HSK코드표,무선통신,9629,2,그 밖의 무선통신용
HSK코드표,무선통신,9631,2,무선통신용
HSK코드표,HSK,9651,3,"PCA(printed circuit assemblies) of HSK 8518.10-1000, 8518.29-1000"
HSK코드표,HS,9651,3,"PCA(printed circuit assemblies) of HSK 8518.10-1000, 8518.29-1000"
HSK코드표,코드,9654,2,턴 테이블(레코드 데크)
HSK코드표,반도체,9657,2,반도체 매체를 이용하는 기기
HSK코드표,반도체,9658,2,자기식ㆍ광학식이나 그 밖의 반도체 매체 중 두 가지 이상의 방식을 이용할 수 있는 기기
HSK코드표,컴퓨터,9668,2,컴퓨터 소프트웨어를 수록한 것
HSK코드표,컴퓨터,9673,2,컴퓨터 소프트웨어를 수록한 것
HSK코드표,컴퓨터,9677,2,컴퓨터 소프트웨어를 수록한 것
HSK코드표,컴퓨터,9682,2,컴퓨터 소프트웨어를 수록한 것
HSK코드표,컴퓨터,9690,2,컴퓨터 소프트웨어를 수록한 것
HSK코드표,컴퓨터,9695,2,컴퓨터 소프트웨어를 수록한 것
HSK코드표,전기기기,9744,2,"초소형 카메라(필기구, 버튼, 안경, 시계, USB 메모리 등 일상소품이나 다른 전기기기에 장착되었거나 장착되도록 설계제작된 것)"
HSK코드표,자동차,9755,2,자동차용
HSK코드표,자동차,9759,2,자동차용
HSK코드표,디스플레이,9801,2,액정디스플레이 방식
HSK코드표,디스플레이,9810,2,제8524호의 평판 디스플레이 모듈용의 것
HSK코드표,디스플레이,9817,2,그 밖의 액정 디스플레이 방식용
HSK코드표,디스플레이,9818,2,그 밖의 유기발광다이오드(오엘이디) 디스플레이 방식용
HSK코드표,자동차,9875,2,자동차단기
HSK코드표,자동차,9895,2,"제8702호, 제8703호, 제8704호나 제8711호의 자동차용 배터리 클램프(battery clamp)"
HSK코드표,디스플레이,9898,2,"터치감응식 자료입력장치('터치스크린'이라 불림)[영상 디스플레이 장치가 있는 기기에 결합되어 디스플레이 영역 내의 접촉여부와 위치를 감지하는 기능을 하며, 제시된 상태에서 디스플레이를 갖추지 않은 것으로 한정함]"
HSK코드표,자동차,9907,2,자동차단기의 것
HSK코드표,디스플레이,9921,2,평판디스플레이의 후면광원(backlighting)용
HSK코드표,반도체,9925,2,반도체 제조용 기기의 것
HSK코드표,자동차,10026,2,점화용 와이어링 세트와 그 밖의 와이어링 세트(자동차용ㆍ항공기용ㆍ선박용으로 한정한다)
HSK코드표,선박,10026,2,점화용 와이어링 세트와 그 밖의 와이어링 세트(자동차용ㆍ항공기용ㆍ선박용으로 한정한다)
HSK코드표,섬유,10048,2,광섬유 케이블
HSK코드표,철강,10069,2,철강ㆍ구리ㆍ니켈ㆍ아연을 함유한 것
HSK코드표,철강,10073,2,철강·구리·니켈·납·아연을 함유한 것
HSK코드표,철강,10076,2,철강·구리·니켈·납·아연을 함유한 것
HSK코드표,철강,10079,2,철강·구리·니켈·납·아연을 함유한 것
HSK코드표,철강,10082,2,철강·구리·니켈·납·아연을 함유한 것
HSK코드표,철강,10085,2,철강·구리·니켈·납·아연을 함유한 것
HSK코드표,철강,10088,2,철강·구리·니켈·납·아연을 함유한 것
HSK코드표,HS,10293,3,Snow-ploughs and snow-blowers
HSK코드표,선박,10442,2,"순항선ㆍ유람선과 이와 유사한 선박(주로 사람 수송용으로 설계된 것으로 한정한다), 각종 페리보트(ferry-boat)"
HSK코드표,철강,10447,2,철강선
HSK코드표,선박,10490,2,해체용 선박
HSK코드표,섬유,10492,2,광섬유ㆍ광섬유 다발과 광섬유 케이블
HSK코드표,반도체,10511,2,반도체 제조용 기기의 것
HSK코드표,반도체,10543,2,반도체 제조용
HSK코드표,반도체,10545,2,반도체 제조용 현상기
HSK코드표,HSK,10548,3,Of the apparatus of HSK 9010.50-1000
HSK코드표,HS,10548,3,Of the apparatus of HSK 9010.50-1000
HSK코드표,반도체,10550,2,소호 제9010.50호 및 제9010.60호의 것(반도체 제조용은 제외한다)
HSK코드표,반도체,10552,2,반도체 웨이퍼나 레티클의 취급과 이송용으로 특별히 고안된 장치가 부착된 것
HSK코드표,반도체,10554,2,반도체 웨이퍼나 레티클의 취급과 이송용으로 특별히 고안된 장치가 부착된 것
HSK코드표,HSK,10560,3,"Of HSK 9011.10-1000, 9011.20-1010"
HSK코드표,HS,10560,3,"Of HSK 9011.10-1000, 9011.20-1010"
HSK코드표,반도체,10562,2,일렉트론 빔 현미경(반도체 웨이퍼나 레티클의 취급과 이송용으로 특별히 고안된 장치가 부착된 것으로 한정한다)
HSK코드표,HSK,10565,3,Of HSK 9012.10-1010
HSK코드표,HS,10565,3,Of HSK 9012.10-1010
HSK코드표,섬유,10570,2,"확대경, 루페, 섬유 카운터"
HSK코드표,반도체,10613,2,반도체 제조용
HSK코드표,반도체,10615,2,반도체 제조용
HSK코드표,HS,10618,3,Electro-cardiographs
HSK코드표,HS,10625,3,Electro-encephalographs
HSK코드표,HS,10627,3,Electro-tonographs
HSK코드표,컴퓨터,10688,2,컴퓨터 단층촬영기기
HSK코드표,반도체,10717,2,"인쇄회로기판, 반도체 디바이스 및 전자집적회로의 볼이나 와이어의 접착력ㆍ전단력 측정을 위한 기기"
HSK코드표,HS,10746,3,Chromatographs and electrophoresis instruments
HSK코드표,반도체,10761,2,반도체 제조용
HSK코드표,HS,10782,3,Oscilloscopes and oscillographs
HSK코드표,반도체,10797,2,반도체 웨이퍼나 소자(집적회로를 포함한다)의 측정용이나 검사용
HSK코드표,반도체,10804,2,반도체웨이퍼 표면의 파티클 오염상태 측정용
HSK코드표,반도체,10807,2,반도체 제조공정의 것
HSK코드표,반도체,10816,2,반도체 제조용
HSK코드표,반도체,10826,2,반도체 제조용 기기에 전용 또는 주로 사용되는 종류의 것
HSK코드표,반도체,10836,2,반도체 제조용 기기의 것
HSK코드표,선박,10876,2,차량용ㆍ항공기용ㆍ우주선용ㆍ선박용 계기반 클록(clock)과 이와 유사한 클록(clock)
HSK코드표,HS,11030,3,"Swords, cutlasses, bayonets, lances and similar arms and parts thereof and scabbards and sheaths therefor."
HSK코드표,철강,11112,2,철강으로 만든 것
HSK코드표,섬유,11120,2,방직용 섬유재료로 만든 것
HSK코드표,HSK,11131,3,"Reduced-size (“scale”) model assembly kits, whether or not working models, excluding those of HSK 9503.00-31"
HSK코드표,HS,11131,3,"Reduced-size (“scale”) model assembly kits, whether or not working models, excluding those of HSK 9503.00-31"
HSK코드표,섬유,11133,2,방직용 섬유재료로 만든 것
HSK코드표,섬유,11135,2,방직용 섬유재료로 만든 것
HSK코드표,HSK,11148,3,Parts and accessories (excluding those of HSK 9503.00-3190)
HSK코드표,HS,11148,3,Parts and accessories (excluding those of HSK 9503.00-3190)
HSK코드표,섬유,11195,2,유리섬유로 만든 것
HSK코드표,섬유,11230,2,플라스틱으로 만든 것으로서 방직용 섬유재료로 피복되어 있지 않은 것
HSK코드표,섬유,11231,2,비금속(卑金屬)으로 만든 것으로서 방직용 섬유재료로 피복되어 있지 않은 것
HSK코드표,섬유,11287,2,방직용 섬유재료의 워딩(wadding)으로 만든 것
HSK코드표,섬유,11290,2,제품으로 된 방직용 섬유재료의 그 밖의 물품(제63류 주 제2호 각 목의 것은 제외한다)
HSK코드표,HS,11306,3,Lithographs
HSK코드표,HS,11309,3,Lithographs
MTI코드표,MTI,0,1,MTI 코드
MTI코드표,코드,0,1,MTI 코드
MTI코드표,MTI,0,2,MTI 단위
MTI코드표,MTI,0,3,MTI 품목명(국문)
MTI코드표,품목명,0,3,MTI 품목명(국문)
MTI코드표,MTI,0,4,MTI 품목명(영문)
MTI코드표,품목명,0,4,MTI 품목명(영문)
MTI코드표,섬유,5,3,섬유류
MTI코드표,생활용품,6,3,생활용품
MTI코드표,철강,7,3,철강금속제품
MTI코드표,석유화학,19,3,석유화학제품
MTI코드표,섬유,30,3,섬유원료
MTI코드표,섬유,31,3,섬유사
MTI코드표,섬유,33,3,섬유패션제품
MTI코드표,생활용품,34,3,생활용품
MTI코드표,생활용품,35,3,기타 생활용품
MTI코드표,철강,36,3,철강제품
MTI코드표,비철금속,37,3,비철금속제품
MTI코드표,철강,40,3,기타철강금속제품
MTI코드표,전기기기,50,3,전기기기
MTI코드표,바이오,53,3,바이오헬스
MTI코드표,석유제품,98,3,석유제품
MTI코드표,석유화학,104,3,석유화학중간원료
MTI코드표,석유화학,105,3,석유화학합섬원료
MTI코드표,석유화학,108,3,기타석유화학제품
MTI코드표,화장품,115,3,비누치약및화장품
MTI코드표,섬유,139,3,인조섬유
MTI코드표,섬유,140,3,재생섬유
MTI코드표,섬유,141,3,천연섬유
MTI코드표,섬유,142,3,천연섬유사
MTI코드표,섬유,143,3,인조섬유장섬유사
MTI코드표,섬유,144,3,인조섬유방적사
MTI코드표,섬유,148,3,인조장섬유직물
MTI코드표,섬유,149,3,인조단섬유직물
MTI코드표,섬유,155,3,기타섬유제품
MTI코드표,생활용품,167,3,기타 생활용품
MTI코드표,철강,170,3,철강판
MTI코드표,철강,171,3,철강관및철강선
MTI코드표,철강,174,3,강반제품및기타철강제품
MTI코드표,비철금속,183,3,기타비철금속제품
MTI코드표,철강,188,3,기타철강금속제품
MTI코드표,철강,190,3,기타철강재
MTI코드표,섬유,193,3,섬유및화학기계
MTI코드표,반도체,203,3,반도체제조용장비
MTI코드표,디스플레이,206,3,평판 디스플레이 제조용 장비
MTI코드표,자동차,207,3,자동차
MTI코드표,자동차,208,3,자동차부품
MTI코드표,자동차부품,208,3,자동차부품
MTI코드표,선박,212,3,선박해양구조물및부품
MTI코드표,무선통신,221,3,무선통신기기
MTI코드표,컴퓨터,222,3,컴퓨터
MTI코드표,반도체,232,3,반도체
MTI코드표,디스플레이,238,3,평판디스플레이 및 센서
MTI코드표,전기기기,241,3,산업용 전기기기
MTI코드표,섬유,323,3,섬유판
MTI코드표,생활용품,326,3,목제생활용품
MTI코드표,석유제품,392,3,기타석유제품
MTI코드표,석유화학,398,3,석유화학중간원료
MTI코드표,석유화학,399,3,석유화학합성원료
MTI코드표,석유화학,402,3,기타석유화학제품
MTI코드표,화장품,411,3,화장품
MTI코드표,화장품,412,3,기타화장품
MTI코드표,섬유,470,3,폴리에스터섬유
MTI코드표,섬유,471,3,아크릴섬유
MTI코드표,섬유,472,3,나일론섬유
MTI코드표,섬유,473,3,기타합성섬유
MTI코드표,섬유,474,3,비스코스섬유
MTI코드표,섬유,475,3,아세테이트섬유
MTI코드표,섬유,476,3,기타재생섬유
MTI코드표,섬유,481,3,기타천연섬유원료
MTI코드표,섬유,490,3,탄소섬유사
MTI코드표,섬유,491,3,기타인조섬유장섬유사
MTI코드표,섬유,494,3,기타인조섬유방적사
MTI코드표,섬유,507,3,폴리에스터단섬유직물
MTI코드표,섬유,508,3,기타합섬단섬유직물
MTI코드표,섬유,509,3,재생단섬유직물
MTI코드표,코드,512,3,타이어코드
MTI코드표,섬유,516,3,탄소섬유직물
MTI코드표,섬유,524,3,기타섬유제품
MTI코드표,생활용품,553,3,생활용품
MTI코드표,생활용품,561,3,기타 생활용품
MTI코드표,철강,562,3,철강및비합금강형강
MTI코드표,철강,574,3,철강관
MTI코드표,철강,575,3,철강선
MTI코드표,철강,579,3,기타철강제품
MTI코드표,비철금속,606,3,기타비철금속제품
MTI코드표,철강,611,3,기타철강금속제품
MTI코드표,철강,616,3,기타철강제품
MTI코드표,철강,620,3,철강재용기
MTI코드표,철강,621,3,철강재체인
MTI코드표,철강,623,3,기타철강제품
MTI코드표,섬유,630,3,섬유기계
MTI코드표,섬유,633,3,섬유및피혁가공기계부품
MTI코드표,반도체,662,3,반도체제조용장비
MTI코드표,반도체,663,3,반도체제조용장비부품
MTI코드표,디스플레이,668,3,평판 디스플레이 제조용 장비
MTI코드표,디스플레이,669,3,평판 디스플레이 장비 부품
MTI코드표,자동차,675,3,기타자동차
MTI코드표,자동차,676,3,자동차부품
MTI코드표,자동차부품,676,3,자동차부품
MTI코드표,선박,686,3,선박
MTI코드표,선박,688,3,선박용 엔진 및 그 부품
MTI코드표,선박,689,3,선박용 부품
MTI코드표,무선통신,728,3,무선통신기기부품
MTI코드표,컴퓨터,729,3,컴퓨터
MTI코드표,컴퓨터,733,3,컴퓨터주변기기
MTI코드표,컴퓨터,734,3,컴퓨터부품
MTI코드표,코드,762,3,오디오테이프및레코드
MTI코드표,반도체,788,3,메모리반도체
MTI코드표,반도체,789,3,시스템반도체
MTI코드표,반도체,790,3,개별소자반도체
MTI코드표,디스플레이,807,3,평판디스플레이
MTI코드표,전기기기,820,3,기타 전기기기
MTI코드표,농수산,847,5,농수산식품
MTI코드표,농수산,848,5,농수산식품
MTI코드표,농수산,849,5,농수산식품
MTI코드표,농수산,850,5,농수산식품
MTI코드표,농수산,851,5,농수산식품
MTI코드표,농수산,852,5,농수산식품
MTI코드표,농수산,853,5,농수산식품
MTI코드표,농수산,854,5,농수산식품
MTI코드표,농수산,855,5,농수산식품
MTI코드표,농수산,856,5,농수산식품
MTI코드표,농수산,857,5,농수산식품
MTI코드표,농수산,858,5,농수산식품
MTI코드표,농수산,859,5,농수산식품
MTI코드표,농수산,860,5,농수산식품
MTI코드표,농수산,861,5,농수산식품
MTI코드표,농수산,862,5,농수산식품
MTI코드표,농수산,863,5,농수산식품
MTI코드표,농수산,864,5,농수산식품
MTI코드표,농수산,865,5,농수산식품
MTI코드표,농수산,866,5,농수산식품
MTI코드표,농수산,867,5,농수산식품
MTI코드표,농수산,868,5,농수산식품
MTI코드표,농수산,869,5,농수산식품
MTI코드표,농수산,870,5,농수산식품
MTI코드표,농수산,871,5,농수산식품
MTI코드표,농수산,872,5,농수산식품
MTI코드표,농수산,873,5,농수산식품
MTI코드표,농수산,874,5,농수산식품
MTI코드표,농수산,875,5,농수산식품
MTI코드표,농수산,876,5,농수산식품
MTI코드표,농수산,877,5,농수산식품
MTI코드표,농수산,878,5,농수산식품
MTI코드표,농수산,879,5,농수산식품
MTI코드표,농수산,880,5,농수산식품
MTI코드표,농수산,881,5,농수산식품
MTI코드표,농수산,882,5,농수산식품
MTI코드표,농수산,883,5,농수산식품
MTI코드표,농수산,884,5,농수산식품
MTI코드표,농수산,885,5,농수산식품
MTI코드표,농수산,886,5,농수산식품
MTI코드표,농수산,887,5,농수산식품
MTI코드표,농수산,888,5,농수산식품
MTI코드표,농수산,889,5,농수산식품
MTI코드표,농수산,890,5,농수산식품
MTI코드표,농수산,891,5,농수산식품
MTI코드표,농수산,892,5,농수산식품
MTI코드표,농수산,893,5,농수산식품
MTI코드표,농수산,894,5,농수산식품
MTI코드표,농수산,895,5,농수산식품
MTI코드표,농수산,896,5,농수산식품
MTI코드표,농수산,897,5,농수산식품
MTI코드표,농수산,898,5,농수산식품
MTI코드표,농수산,899,5,농수산식품
MTI코드표,농수산,900,5,농수산식품
MTI코드표,농수산,901,5,농수산식품
MTI코드표,농수산,902,5,농수산식품
MTI코드표,농수산,903,5,농수산식품
MTI코드표,농수산,904,5,농수산식품
MTI코드표,농수산,905,5,농수산식품
MTI코드표,농수산,906,5,농수산식품
MTI코드표,농수산,907,5,농수산식품
MTI코드표,농수산,908,5,농수산식품
MTI코드표,농수산,909,5,농수산식품
MTI코드표,농수산,910,5,농수산식품
MTI코드표,농수산,911,5,농수산식품
MTI코드표,농수산,912,5,농수산식품
MTI코드표,농수산,913,5,농수산식품
MTI코드표,농수산,914,5,농수산식품
MTI코드표,농수산,915,5,농수산식품
MTI코드표,농수산,916,5,농수산식품
MTI코드표,농수산,917,5,농수산식품
MTI코드표,농수산,918,5,농수산식품
MTI코드표,농수산,919,5,농수산식품
MTI코드표,농수산,920,5,농수산식품
MTI코드표,농수산,921,5,농수산식품
MTI코드표,농수산,922,5,농수산식품
MTI코드표,농수산,923,5,농수산식품
MTI코드표,농수산,924,5,농수산식품
MTI코드표,농수산,925,5,농수산식품
MTI코드표,농수산,926,5,농수산식품
MTI코드표,농수산,927,5,농수산식품
MTI코드표,농수산,928,5,농수산식품
MTI코드표,농수산,929,5,농수산식품
MTI코드표,농수산,930,5,농수산식품
MTI코드표,농수산,931,5,농수산식품
MTI코드표,농수산,932,5,농수산식품
MTI코드표,농수산,933,5,농수산식품
MTI코드표,농수산,934,5,농수산식품
MTI코드표,농수산,935,5,농수산식품
MTI코드표,농수산,936,5,농수산식품
MTI코드표,농수산,937,5,농수산식품
MTI코드표,농수산,938,5,농수산식품
MTI코드표,농수산,939,5,농수산식품
MTI코드표,농수산,940,5,농수산식품
MTI코드표,농수산,941,5,농수산식품
MTI코드표,농수산,942,5,농수산식품
MTI코드표,농수산,943,5,농수산식품
MTI코드표,농수산,944,5,농수산식품
MTI코드표,농수산,945,5,농수산식품
MTI코드표,농수산,946,5,농수산식품
MTI코드표,농수산,947,5,농수산식품
MTI코드표,농수산,948,5,농수산식품
MTI코드표,농수산,949,5,농수산식품
MTI코드표,농수산,950,5,농수산식품
MTI코드표,농수산,951,5,농수산식품
MTI코드표,농수산,952,5,농수산식품
MTI코드표,농수산,953,5,농수산식품
MTI코드표,농수산,954,5,농수산식품
MTI코드표,농수산,955,5,농수산식품
MTI코드표,농수산,956,5,농수산식품
MTI코드표,농수산,957,5,농수산식품
MTI코드표,농수산,958,5,농수산식품
MTI코드표,농수산,959,5,농수산식품
MTI코드표,농수산,960,5,농수산식품
MTI코드표,농수산,961,5,농수산식품
MTI코드표,농수산,962,5,농수산식품
MTI코드표,농수산,963,5,농수산식품
MTI코드표,농수산,964,5,농수산식품
MTI코드표,농수산,965,5,농수산식품
MTI코드표,농수산,966,5,농수산식품
MTI코드표,농수산,967,5,농수산식품
MTI코드표,농수산,968,5,농수산식품
MTI코드표,농수산,969,5,농수산식품
MTI코드표,농수산,970,5,농수산식품
MTI코드표,농수산,971,5,농수산식품
MTI코드표,농수산,972,5,농수산식품
MTI코드표,농수산,973,5,농수산식품
MTI코드표,농수산,974,5,농수산식품
MTI코드표,농수산,975,5,농수산식품
MTI코드표,농수산,976,5,농수산식품
MTI코드표,농수산,977,5,농수산식품
MTI코드표,농수산,978,5,농수산식품
MTI코드표,농수산,979,5,농수산식품
MTI코드표,농수산,980,5,농수산식품
MTI코드표,농수산,981,5,농수산식품
MTI코드표,농수산,982,5,농수산식품
MTI코드표,농수산,983,5,농수산식품
MTI코드표,농수산,984,5,농수산식품
MTI코드표,농수산,985,5,농수산식품
MTI코드표,농수산,986,5,농수산식품
MTI코드표,농수산,987,5,농수산식품
MTI코드표,농수산,988,5,농수산식품
MTI코드표,농수산,989,5,농수산식품
MTI코드표,농수산,990,5,농수산식품
MTI코드표,농수산,991,5,농수산식품
MTI코드표,농수산,992,5,농수산식품
MTI코드표,농수산,993,5,농수산식품
MTI코드표,농수산,994,5,농수산식품
MTI코드표,농수산,995,5,농수산식품
MTI코드표,농수산,996,5,농수산식품
MTI코드표,농수산,997,5,농수산식품
MTI코드표,농수산,998,5,농수산식품
MTI코드표,농수산,999,5,농수산식품
MTI코드표,농수산,1000,5,농수산식품
MTI코드표,농수산,1001,5,농수산식품
MTI코드표,농수산,1002,5,농수산식품
MTI코드표,농수산,1003,5,농수산식품
MTI코드표,농수산,1004,5,농수산식품
MTI코드표,농수산,1005,5,농수산식품
MTI코드표,농수산,1006,5,농수산식품
MTI코드표,농수산,1007,5,농수산식품
MTI코드표,농수산,1008,5,농수산식품
MTI코드표,농수산,1009,5,농수산식품
MTI코드표,농수산,1010,5,농수산식품
MTI코드표,농수산,1011,5,농수산식품
MTI코드표,농수산,1012,5,농수산식품
MTI코드표,농수산,1013,5,농수산식품
MTI코드표,농수산,1014,5,농수산식품
MTI코드표,농수산,1015,5,농수산식품
MTI코드표,농수산,1016,5,농수산식품
MTI코드표,농수산,1017,5,농수산식품
MTI코드표,농수산,1018,5,농수산식품
MTI코드표,농수산,1019,5,농수산식품
MTI코드표,농수산,1020,5,농수산식품
MTI코드표,농수산,1021,5,농수산식품
MTI코드표,농수산,1022,5,농수산식품
MTI코드표,농수산,1023,5,농수산식품
MTI코드표,농수산,1024,5,농수산식품
MTI코드표,농수산,1025,5,농수산식품
MTI코드표,농수산,1026,5,농수산식품
MTI코드표,농수산,1027,5,농수산식품
MTI코드표,농수산,1028,5,농수산식품
MTI코드표,농수산,1029,5,농수산식품
MTI코드표,농수산,1030,5,농수산식품
MTI코드표,농수산,1031,5,농수산식품
MTI코드표,농수산,1032,5,농수산식품
MTI코드표,농수산,1033,5,농수산식품
MTI코드표,농수산,1034,5,농수산식품
MTI코드표,농수산,1035,5,농수산식품
MTI코드표,농수산,1036,5,농수산식품
MTI코드표,농수산,1037,5,농수산식품
MTI코드표,농수산,1038,5,농수산식품
MTI코드표,농수산,1039,5,농수산식품
MTI코드표,농수산,1040,5,농수산식품
MTI코드표,농수산,1041,5,농수산식품
MTI코드표,농수산,1042,5,농수산식품
MTI코드표,농수산,1043,5,농수산식품
MTI코드표,농수산,1044,5,농수산식품
MTI코드표,농수산,1045,5,농수산식품
MTI코드표,농수산,1046,5,농수산식품
MTI코드표,농수산,1047,5,농수산식품
MTI코드표,농수산,1048,5,농수산식품
MTI코드표,농수산,1049,5,농수산식품
MTI코드표,농수산,1050,5,농수산식품
MTI코드표,농수산,1051,5,농수산식품
MTI코드표,농수산,1052,5,농수산식품
MTI코드표,농수산,1053,5,농수산식품
MTI코드표,농수산,1054,5,농수산식품
MTI코드표,농수산,1055,5,농수산식품
MTI코드표,농수산,1056,5,농수산식품
MTI코드표,농수산,1057,5,농수산식품
MTI코드표,농수산,1058,5,농수산식품
MTI코드표,농수산,1059,5,농수산식품
MTI코드표,농수산,1060,5,농수산식품
MTI코드표,농수산,1061,5,농수산식품
MTI코드표,농수산,1062,5,농수산식품
MTI코드표,섬유,1063,3,섬유판
MTI코드표,농수산,1063,5,농수산식품
MTI코드표,농수산,1064,5,농수산식품
MTI코드표,농수산,1065,5,농수산식품
MTI코드표,농수산,1066,5,농수산식품
MTI코드표,농수산,1067,5,농수산식품
MTI코드표,농수산,1068,5,농수산식품
MTI코드표,농수산,1069,5,농수산식품
MTI코드표,농수산,1070,5,농수산식품
MTI코드표,생활용품,1071,3,기타목재생활용품
MTI코드표,농수산,1071,5,농수산식품
MTI코드표,농수산,1072,5,농수산식품
MTI코드표,농수산,1073,5,농수산식품
MTI코드표,농수산,1074,5,농수산식품
MTI코드표,농수산,1075,5,농수산식품
MTI코드표,농수산,1076,5,농수산식품
MTI코드표,농수산,1077,5,농수산식품
MTI코드표,농수산,1078,5,농수산식품
MTI코드표,농수산,1079,5,농수산식품
MTI코드표,농수산,1080,5,농수산식품
MTI코드표,농수산,1081,5,농수산식품
MTI코드표,농수산,1082,5,농수산식품
MTI코드표,농수산,1083,5,농수산식품
MTI코드표,농수산,1084,5,농수산식품
MTI코드표,농수산,1085,5,농수산식품
MTI코드표,농수산,1086,5,농수산식품
MTI코드표,농수산,1087,5,농수산식품
MTI코드표,농수산,1088,5,농수산식품
MTI코드표,농수산,1089,5,농수산식품
MTI코드표,농수산,1090,5,농수산식품
MTI코드표,농수산,1091,5,농수산식품
MTI코드표,농수산,1092,5,농수산식품
MTI코드표,농수산,1093,5,농수산식품
MTI코드표,농수산,1094,5,농수산식품
MTI코드표,농수산,1095,5,농수산식품
MTI코드표,농수산,1096,5,농수산식품
MTI코드표,농수산,1097,5,농수산식품
MTI코드표,농수산,1098,5,농수산식품
MTI코드표,농수산,1099,5,농수산식품
MTI코드표,농수산,1100,5,농수산식품
MTI코드표,농수산,1101,5,농수산식품
MTI코드표,농수산,1102,5,농수산식품
MTI코드표,농수산,1103,5,농수산식품
MTI코드표,농수산,1104,5,농수산식품
MTI코드표,농수산,1105,5,농수산식품
MTI코드표,농수산,1106,5,농수산식품
MTI코드표,농수산,1107,5,농수산식품
MTI코드표,농수산,1108,5,농수산식품
MTI코드표,농수산,1109,5,농수산식품
MTI코드표,농수산,1110,5,농수산식품
MTI코드표,농수산,1111,5,농수산식품
MTI코드표,농수산,1112,5,농수산식품
MTI코드표,농수산,1113,5,농수산식품
MTI코드표,농수산,1114,5,농수산식품
MTI코드표,농수산,1115,5,농수산식품
MTI코드표,농수산,1116,5,농수산식품
MTI코드표,석유제품,1139,5,석유제품
MTI코드표,자동차,1140,3,자동차휘발유
MTI코드표,석유제품,1140,5,석유제품
MTI코드표,석유제품,1141,5,석유제품
MTI코드표,석유제품,1142,5,석유제품
MTI코드표,석유제품,1143,5,석유제품
MTI코드표,석유제품,1144,5,석유제품
MTI코드표,석유제품,1145,5,석유제품
MTI코드표,석유제품,1146,5,석유제품
MTI코드표,석유제품,1147,5,석유제품
MTI코드표,석유제품,1148,5,석유제품
MTI코드표,석유제품,1149,5,석유제품
MTI코드표,석유제품,1150,3,기타석유제품
MTI코드표,석유제품,1150,5,석유제품
MTI코드표,석유화학,1157,5,석유화학
MTI코드표,석유화학,1158,5,석유화학
MTI코드표,석유화학,1159,5,석유화학
MTI코드표,석유화학,1160,5,석유화학
MTI코드표,석유화학,1161,5,석유화학
MTI코드표,석유화학,1162,5,석유화학
MTI코드표,석유화학,1163,5,석유화학
MTI코드표,석유화학,1164,5,석유화학
MTI코드표,석유화학,1165,5,석유화학
MTI코드표,석유화학,1166,5,석유화학
MTI코드표,석유화학,1167,5,석유화학
MTI코드표,석유화학,1168,5,석유화학
MTI코드표,석유화학,1169,5,석유화학
MTI코드표,석유화학,1170,5,석유화학
MTI코드표,석유화학,1171,5,석유화학
MTI코드표,석유화학,1172,3,기타석유화학중간원료
MTI코드표,석유화학,1172,5,석유화학
MTI코드표,석유화학,1173,5,석유화학
MTI코드표,석유화학,1174,5,석유화학
MTI코드표,석유화학,1175,5,석유화학
MTI코드표,석유화학,1176,5,석유화학
MTI코드표,석유화학,1177,5,석유화학
MTI코드표,석유화학,1178,5,석유화학
MTI코드표,석유화학,1179,5,석유화학
MTI코드표,석유화학,1180,5,석유화학
MTI코드표,석유화학,1181,5,석유화학
MTI코드표,석유화학,1182,5,석유화학
MTI코드표,석유화학,1183,5,석유화학
MTI코드표,석유화학,1184,5,석유화학
MTI코드표,석유화학,1185,5,석유화학
MTI코드표,석유화학,1186,5,석유화학
MTI코드표,석유화학,1187,5,석유화학
MTI코드표,석유화학,1188,5,석유화학
MTI코드표,석유화학,1189,5,석유화학
MTI코드표,석유화학,1190,5,석유화학
MTI코드표,석유화학,1191,5,석유화학
MTI코드표,석유화학,1192,5,석유화학
MTI코드표,석유화학,1193,5,석유화학
MTI코드표,석유화학,1194,5,석유화학
MTI코드표,석유화학,1195,5,석유화학
MTI코드표,석유화학,1196,5,석유화학
MTI코드표,석유화학,1197,5,석유화학
MTI코드표,석유화학,1198,5,석유화학
MTI코드표,석유화학,1199,5,석유화학
MTI코드표,석유화학,1200,5,석유화학
MTI코드표,석유화학,1201,5,석유화학
MTI코드표,석유화학,1202,3,기타석유화학제품
MTI코드표,석유화학,1202,5,석유화학
MTI코드표,화장품,1214,5,화장품
MTI코드표,화장품,1215,3,"메이크업, 기초화장품"
MTI코드표,화장품,1215,5,화장품
MTI코드표,화장품,1216,5,화장품
MTI코드표,화장품,1217,5,화장품
MTI코드표,화장품,1218,5,화장품
MTI코드표,화장품,1219,5,화장품
MTI코드표,화장품,1220,5,화장품
MTI코드표,화장품,1221,3,기타화장품
MTI코드표,화장품,1221,5,화장품
MTI코드표,화장품,1222,3,기타 화장품
MTI코드표,섬유,1290,3,폴리에스터 섬유
MTI코드표,섬유,1290,5,섬유류
MTI코드표,섬유,1291,3,아크릴섬유
MTI코드표,섬유,1291,5,섬유류
MTI코드표,섬유,1292,3,나일론섬유
MTI코드표,섬유,1292,5,섬유류
MTI코드표,섬유,1293,3,아라미드섬유
MTI코드표,섬유,1293,5,섬유류
MTI코드표,섬유,1294,3,기타합성섬유
MTI코드표,섬유,1294,5,섬유류
MTI코드표,섬유,1295,3,비스코스섬유
MTI코드표,섬유,1295,5,섬유류
MTI코드표,섬유,1296,3,아세테이트섬유
MTI코드표,섬유,1296,5,섬유류
MTI코드표,섬유,1297,3,기타재생섬유
MTI코드표,섬유,1297,5,섬유류
MTI코드표,섬유,1298,5,섬유류
MTI코드표,섬유,1299,5,섬유류
MTI코드표,섬유,1300,5,섬유류
MTI코드표,섬유,1301,5,섬유류
MTI코드표,섬유,1302,3,기타천연섬유원료
MTI코드표,섬유,1302,5,섬유류
MTI코드표,섬유,1303,5,섬유류
MTI코드표,섬유,1304,5,섬유류
MTI코드표,섬유,1305,5,섬유류
MTI코드표,섬유,1306,5,섬유류
MTI코드표,섬유,1307,5,섬유류
MTI코드표,섬유,1308,5,섬유류
MTI코드표,섬유,1309,5,섬유류
MTI코드표,섬유,1310,5,섬유류
MTI코드표,섬유,1311,5,섬유류
MTI코드표,섬유,1312,5,섬유류
MTI코드표,섬유,1313,5,섬유류
MTI코드표,코드,1314,3,타이어코드사
MTI코드표,섬유,1314,5,섬유류
MTI코드표,섬유,1315,5,섬유류
MTI코드표,섬유,1316,5,섬유류
MTI코드표,섬유,1317,5,섬유류
MTI코드표,섬유,1318,3,탄소섬유사
MTI코드표,섬유,1318,5,섬유류
MTI코드표,섬유,1319,3,기타인조섬유장섬유사
MTI코드표,섬유,1319,5,섬유류
MTI코드표,섬유,1320,5,섬유류
MTI코드표,섬유,1321,5,섬유류
MTI코드표,섬유,1322,5,섬유류
MTI코드표,섬유,1323,5,섬유류
MTI코드표,섬유,1324,5,섬유류
MTI코드표,섬유,1325,5,섬유류
MTI코드표,섬유,1326,3,기타인조섬유방적사
MTI코드표,섬유,1326,5,섬유류
MTI코드표,섬유,1327,5,섬유류
MTI코드표,섬유,1328,5,섬유류
MTI코드표,섬유,1329,5,섬유류
MTI코드표,섬유,1330,5,섬유류
MTI코드표,섬유,1331,5,섬유류
MTI코드표,섬유,1332,5,섬유류
MTI코드표,섬유,1333,5,섬유류
MTI코드표,섬유,1334,5,섬유류
MTI코드표,섬유,1335,5,섬유류
MTI코드표,섬유,1336,5,섬유류
MTI코드표,섬유,1337,5,섬유류
MTI코드표,섬유,1338,5,섬유류
MTI코드표,섬유,1339,5,섬유류
MTI코드표,섬유,1340,5,섬유류
MTI코드표,섬유,1341,5,섬유류
MTI코드표,섬유,1342,5,섬유류
MTI코드표,섬유,1343,5,섬유류
MTI코드표,섬유,1344,5,섬유류
MTI코드표,섬유,1345,5,섬유류
MTI코드표,섬유,1346,5,섬유류
MTI코드표,섬유,1347,5,섬유류
MTI코드표,섬유,1348,5,섬유류
MTI코드표,섬유,1349,3,아크릴단섬유직물
MTI코드표,섬유,1349,5,섬유류
MTI코드표,섬유,1350,3,기타 단섬유직물
MTI코드표,섬유,1350,5,섬유류
MTI코드표,섬유,1351,3,순재생단섬유직물
MTI코드표,섬유,1351,5,섬유류
MTI코드표,섬유,1352,3,혼방재생단섬유직물
MTI코드표,섬유,1352,5,섬유류
MTI코드표,섬유,1353,5,섬유류
MTI코드표,섬유,1354,5,섬유류
MTI코드표,코드,1355,3,타이어코드
MTI코드표,섬유,1355,5,섬유류
MTI코드표,섬유,1356,5,섬유류
MTI코드표,섬유,1357,5,섬유류
MTI코드표,섬유,1358,5,섬유류
MTI코드표,섬유,1359,3,탄소섬유직물
MTI코드표,섬유,1359,5,섬유류
MTI코드표,섬유,1360,5,섬유류
MTI코드표,섬유,1361,3,유리섬유 직물
MTI코드표,섬유,1361,5,섬유류
MTI코드표,섬유,1362,5,섬유류
MTI코드표,섬유,1363,5,섬유류
MTI코드표,섬유,1364,5,섬유류
MTI코드표,섬유,1365,5,섬유류
MTI코드표,섬유,1366,5,섬유류
MTI코드표,섬유,1367,5,섬유류
MTI코드표,섬유,1368,5,섬유류
MTI코드표,섬유,1369,5,섬유류
MTI코드표,섬유,1370,5,섬유류
MTI코드표,섬유,1371,5,섬유류
MTI코드표,섬유,1372,5,섬유류
MTI코드표,섬유,1373,5,섬유류
MTI코드표,섬유,1374,5,섬유류
MTI코드표,섬유,1375,5,섬유류
MTI코드표,섬유,1376,5,섬유류
MTI코드표,섬유,1377,5,섬유류
MTI코드표,섬유,1378,5,섬유류
MTI코드표,섬유,1379,5,섬유류
MTI코드표,섬유,1380,5,섬유류
MTI코드표,섬유,1381,5,섬유류
MTI코드표,섬유,1382,5,섬유류
MTI코드표,섬유,1383,5,섬유류
MTI코드표,섬유,1384,5,섬유류
MTI코드표,섬유,1385,5,섬유류
MTI코드표,섬유,1386,5,섬유류
MTI코드표,섬유,1387,5,섬유류
MTI코드표,섬유,1388,5,섬유류
MTI코드표,섬유,1389,5,섬유류
MTI코드표,섬유,1390,5,섬유류
MTI코드표,섬유,1391,5,섬유류
MTI코드표,섬유,1392,5,섬유류
MTI코드표,섬유,1393,5,섬유류
MTI코드표,섬유,1394,5,섬유류
MTI코드표,섬유,1395,5,섬유류
MTI코드표,섬유,1396,5,섬유류
MTI코드표,섬유,1397,5,섬유류
MTI코드표,섬유,1398,5,섬유류
MTI코드표,섬유,1399,5,섬유류
MTI코드표,섬유,1400,5,섬유류
MTI코드표,섬유,1401,5,섬유류
MTI코드표,섬유,1402,5,섬유류
MTI코드표,섬유,1403,5,섬유류
MTI코드표,섬유,1404,5,섬유류
MTI코드표,섬유,1405,5,섬유류
MTI코드표,섬유,1406,5,섬유류
MTI코드표,섬유,1407,5,섬유류
MTI코드표,섬유,1408,5,섬유류
MTI코드표,섬유,1409,5,섬유류
MTI코드표,섬유,1410,5,섬유류
MTI코드표,섬유,1411,5,섬유류
MTI코드표,섬유,1412,5,섬유류
MTI코드표,섬유,1413,5,섬유류
MTI코드표,섬유,1414,5,섬유류
MTI코드표,섬유,1415,5,섬유류
MTI코드표,섬유,1416,5,섬유류
MTI코드표,섬유,1417,5,섬유류
MTI코드표,섬유,1418,5,섬유류
MTI코드표,섬유,1419,5,섬유류
MTI코드표,섬유,1420,5,섬유류
MTI코드표,섬유,1421,5,섬유류
MTI코드표,섬유,1422,5,섬유류
MTI코드표,섬유,1423,5,섬유류
MTI코드표,섬유,1424,5,섬유류
MTI코드표,섬유,1425,5,섬유류
MTI코드표,섬유,1426,5,섬유류
MTI코드표,섬유,1427,5,섬유류
MTI코드표,섬유,1428,5,섬유류
MTI코드표,섬유,1429,5,섬유류
MTI코드표,섬유,1430,5,섬유류
MTI코드표,섬유,1431,5,섬유류
MTI코드표,섬유,1432,3,기타의 섬유제품
MTI코드표,섬유,1432,5,섬유류
MTI코드표,생활용품,1433,5,생활용품
MTI코드표,생활용품,1434,5,생활용품
MTI코드표,생활용품,1435,5,생활용품
MTI코드표,생활용품,1436,5,생활용품
MTI코드표,생활용품,1437,5,생활용품
MTI코드표,생활용품,1438,5,생활용품
MTI코드표,생활용품,1439,5,생활용품
MTI코드표,생활용품,1440,5,생활용품
MTI코드표,생활용품,1441,5,생활용품
MTI코드표,생활용품,1442,5,생활용품
MTI코드표,생활용품,1443,5,생활용품
MTI코드표,생활용품,1444,5,생활용품
MTI코드표,생활용품,1445,5,생활용품
MTI코드표,생활용품,1446,5,생활용품
MTI코드표,생활용품,1447,5,생활용품
MTI코드표,생활용품,1448,5,생활용품
MTI코드표,생활용품,1449,5,생활용품
MTI코드표,생활용품,1450,5,생활용품
MTI코드표,생활용품,1451,5,생활용품
MTI코드표,생활용품,1452,5,생활용품
MTI코드표,생활용품,1453,5,생활용품
MTI코드표,생활용품,1454,5,생활용품
MTI코드표,생활용품,1455,5,생활용품
MTI코드표,생활용품,1456,5,생활용품
MTI코드표,생활용품,1457,5,생활용품
MTI코드표,생활용품,1458,5,생활용품
MTI코드표,생활용품,1459,5,생활용품
MTI코드표,생활용품,1460,5,생활용품
MTI코드표,생활용품,1461,5,생활용품
MTI코드표,생활용품,1462,5,생활용품
MTI코드표,생활용품,1463,5,생활용품
MTI코드표,생활용품,1464,5,생활용품
MTI코드표,생활용품,1465,5,생활용품
MTI코드표,생활용품,1466,5,생활용품
MTI코드표,생활용품,1467,5,생활용품
MTI코드표,생활용품,1468,5,생활용품
MTI코드표,생활용품,1469,5,생활용품
MTI코드표,생활용품,1470,5,생활용품
MTI코드표,생활용품,1471,5,생활용품
MTI코드표,생활용품,1472,5,생활용품
MTI코드표,생활용품,1473,5,생활용품
MTI코드표,생활용품,1474,5,생활용품
MTI코드표,생활용품,1475,5,생활용품
MTI코드표,생활용품,1476,5,생활용품
MTI코드표,생활용품,1477,5,생활용품
MTI코드표,생활용품,1478,5,생활용품
MTI코드표,생활용품,1479,5,생활용품
MTI코드표,생활용품,1480,5,생활용품
MTI코드표,생활용품,1481,5,생활용품
MTI코드표,생활용품,1482,5,생활용품
MTI코드표,생활용품,1483,5,생활용품
MTI코드표,생활용품,1484,5,생활용품
MTI코드표,생활용품,1485,5,생활용품
MTI코드표,생활용품,1486,5,생활용품
MTI코드표,생활용품,1487,5,생활용품
MTI코드표,생활용품,1488,5,생활용품
MTI코드표,생활용품,1489,5,생활용품
MTI코드표,생활용품,1490,5,생활용품
MTI코드표,생활용품,1491,5,생활용품
MTI코드표,철강,1492,3,철강제 식탁용품 및 주방용품
MTI코드표,생활용품,1492,5,생활용품
MTI코드표,생활용품,1493,5,생활용품
MTI코드표,생활용품,1494,5,생활용품
MTI코드표,생활용품,1495,5,생활용품
MTI코드표,생활용품,1496,5,생활용품
MTI코드표,생활용품,1497,5,생활용품
MTI코드표,생활용품,1498,5,생활용품
MTI코드표,생활용품,1499,5,생활용품
MTI코드표,생활용품,1500,5,생활용품
MTI코드표,생활용품,1501,5,생활용품
MTI코드표,생활용품,1502,5,생활용품
MTI코드표,생활용품,1503,5,생활용품
MTI코드표,생활용품,1504,5,생활용품
MTI코드표,생활용품,1505,5,생활용품
MTI코드표,생활용품,1506,5,생활용품
MTI코드표,생활용품,1507,5,생활용품
MTI코드표,생활용품,1508,5,생활용품
MTI코드표,생활용품,1509,5,생활용품
MTI코드표,생활용품,1510,5,생활용품
MTI코드표,선박,1511,3,차량·항공기·선박용 시계
MTI코드표,생활용품,1511,5,생활용품
MTI코드표,생활용품,1512,5,생활용품
MTI코드표,생활용품,1513,5,생활용품
MTI코드표,생활용품,1514,5,생활용품
MTI코드표,생활용품,1515,5,생활용품
MTI코드표,생활용품,1516,5,생활용품
MTI코드표,생활용품,1517,5,생활용품
MTI코드표,생활용품,1518,5,생활용품
MTI코드표,생활용품,1519,5,생활용품
MTI코드표,생활용품,1520,5,생활용품
MTI코드표,생활용품,1521,5,생활용품
MTI코드표,생활용품,1522,5,생활용품
MTI코드표,생활용품,1523,5,생활용품
MTI코드표,생활용품,1524,5,생활용품
MTI코드표,생활용품,1525,5,생활용품
MTI코드표,생활용품,1526,5,생활용품
MTI코드표,생활용품,1527,5,생활용품
MTI코드표,생활용품,1528,5,생활용품
MTI코드표,생활용품,1529,5,생활용품
MTI코드표,생활용품,1530,5,생활용품
MTI코드표,생활용품,1531,5,생활용품
MTI코드표,생활용품,1532,5,생활용품
MTI코드표,생활용품,1533,5,생활용품
MTI코드표,생활용품,1534,3,기타 생활용품
MTI코드표,생활용품,1534,5,생활용품
MTI코드표,철강,1535,5,철강제품
MTI코드표,철강,1536,5,철강제품
MTI코드표,철강,1537,5,철강제품
MTI코드표,철강,1538,5,철강제품
MTI코드표,철강,1539,5,철강제품
MTI코드표,철강,1540,5,철강제품
MTI코드표,철강,1541,5,철강제품
MTI코드표,철강,1542,5,철강제품
MTI코드표,철강,1543,5,철강제품
MTI코드표,철강,1544,5,철강제품
MTI코드표,철강,1545,5,철강제품
MTI코드표,철강,1546,5,철강제품
MTI코드표,철강,1547,5,철강제품
MTI코드표,철강,1548,5,철강제품
MTI코드표,철강,1549,5,철강제품
MTI코드표,철강,1550,5,철강제품
MTI코드표,철강,1551,5,철강제품
MTI코드표,철강,1552,5,철강제품
MTI코드표,철강,1553,5,철강제품
MTI코드표,철강,1554,5,철강제품
MTI코드표,철강,1555,5,철강제품
MTI코드표,철강,1556,5,철강제품
MTI코드표,철강,1557,5,철강제품
MTI코드표,철강,1558,5,철강제품
MTI코드표,철강,1559,5,철강제품
MTI코드표,철강,1560,5,철강제품
MTI코드표,철강,1561,5,철강제품
MTI코드표,철강,1562,5,철강제품
MTI코드표,철강,1563,5,철강제품
MTI코드표,철강,1564,5,철강제품
MTI코드표,철강,1565,5,철강제품
MTI코드표,철강,1566,5,철강제품
MTI코드표,철강,1567,5,철강제품
MTI코드표,철강,1568,5,철강제품
MTI코드표,철강,1569,5,철강제품
MTI코드표,철강,1570,5,철강제품
MTI코드표,철강,1571,5,철강제품
MTI코드표,철강,1572,5,철강제품
MTI코드표,철강,1573,5,철강제품
MTI코드표,철강,1574,5,철강제품
MTI코드표,철강,1575,5,철강제품
MTI코드표,철강,1576,5,철강제품
MTI코드표,철강,1577,3,기타철강제품
MTI코드표,철강,1577,5,철강제품
MTI코드표,비철금속,1578,5,비철금속
MTI코드표,비철금속,1579,5,비철금속
MTI코드표,비철금속,1580,5,비철금속
MTI코드표,비철금속,1581,5,비철금속
MTI코드표,비철금속,1582,5,비철금속
MTI코드표,비철금속,1583,5,비철금속
MTI코드표,비철금속,1584,5,비철금속
MTI코드표,비철금속,1585,5,비철금속
MTI코드표,비철금속,1586,5,비철금속
MTI코드표,비철금속,1587,5,비철금속
MTI코드표,비철금속,1588,5,비철금속
MTI코드표,비철금속,1589,5,비철금속
MTI코드표,비철금속,1590,5,비철금속
MTI코드표,비철금속,1591,5,비철금속
MTI코드표,비철금속,1592,5,비철금속
MTI코드표,비철금속,1593,5,비철금속
MTI코드표,비철금속,1594,5,비철금속
MTI코드표,비철금속,1595,5,비철금속
MTI코드표,비철금속,1596,5,비철금속
MTI코드표,비철금속,1597,5,비철금속
MTI코드표,비철금속,1598,5,비철금속
MTI코드표,비철금속,1599,5,비철금속
MTI코드표,비철금속,1600,5,비철금속
MTI코드표,비철금속,1601,5,비철금속
MTI코드표,비철금속,1602,5,비철금속
MTI코드표,비철금속,1603,5,비철금속
MTI코드표,비철금속,1604,5,비철금속
MTI코드표,비철금속,1605,5,비철금속
MTI코드표,비철금속,1606,5,비철금속
MTI코드표,비철금속,1607,5,비철금속
MTI코드표,비철금속,1608,5,비철금속
MTI코드표,비철금속,1609,5,비철금속
MTI코드표,비철금속,1610,5,비철금속
MTI코드표,비철금속,1611,5,비철금속
MTI코드표,비철금속,1612,5,비철금속
MTI코드표,비철금속,1613,5,비철금속
MTI코드표,비철금속,1614,5,비철금속
MTI코드표,비철금속,1615,5,비철금속
MTI코드표,비철금속,1616,5,비철금속
MTI코드표,비철금속,1617,5,비철금속
MTI코드표,비철금속,1618,5,비철금속
MTI코드표,비철금속,1619,5,비철금속
MTI코드표,비철금속,1620,5,비철금속
MTI코드표,비철금속,1621,5,비철금속
MTI코드표,비철금속,1622,5,비철금속
MTI코드표,비철금속,1623,5,비철금속
MTI코드표,비철금속,1624,5,비철금속
MTI코드표,비철금속,1625,5,비철금속
MTI코드표,비철금속,1626,5,비철금속
MTI코드표,비철금속,1627,5,비철금속
MTI코드표,비철금속,1628,5,비철금속
MTI코드표,비철금속,1629,5,비철금속
MTI코드표,비철금속,1630,5,비철금속
MTI코드표,비철금속,1631,5,비철금속
MTI코드표,비철금속,1632,5,비철금속
MTI코드표,비철금속,1633,5,비철금속
MTI코드표,비철금속,1634,5,비철금속
MTI코드표,비철금속,1635,5,비철금속
MTI코드표,비철금속,1636,5,비철금속
MTI코드표,비철금속,1637,5,비철금속
MTI코드표,비철금속,1638,5,비철금속
MTI코드표,비철금속,1639,5,비철금속
MTI코드표,비철금속,1640,5,비철금속
MTI코드표,비철금속,1641,5,비철금속
MTI코드표,비철금속,1642,5,비철금속
MTI코드표,비철금속,1643,5,비철금속
MTI코드표,비철금속,1644,5,비철금속
MTI코드표,비철금속,1645,3,기타비철금속제품
MTI코드표,비철금속,1645,5,비철금속
MTI코드표,철강,1650,3,기타철강금속제품
MTI코드표,철강,1661,3,기타철강제품
MTI코드표,철강,1675,3,철강재용기
MTI코드표,철강,1676,3,철강재체인
MTI코드표,철강,1680,3,기타철강제품
MTI코드표,일반기계,1681,5,일반기계
MTI코드표,일반기계,1682,5,일반기계
MTI코드표,일반기계,1683,5,일반기계
MTI코드표,일반기계,1684,5,일반기계
MTI코드표,일반기계,1685,5,일반기계
MTI코드표,일반기계,1686,5,일반기계
MTI코드표,일반기계,1687,5,일반기계
MTI코드표,일반기계,1688,5,일반기계
MTI코드표,일반기계,1689,5,일반기계
MTI코드표,일반기계,1690,5,일반기계
MTI코드표,일반기계,1691,5,일반기계
MTI코드표,일반기계,1692,5,일반기계
MTI코드표,일반기계,1693,5,일반기계
MTI코드표,일반기계,1694,5,일반기계
MTI코드표,일반기계,1695,5,일반기계
MTI코드표,섬유,1696,3,섬유기계
MTI코드표,일반기계,1696,5,일반기계
MTI코드표,일반기계,1697,5,일반기계
MTI코드표,일반기계,1698,5,일반기계
MTI코드표,섬유,1699,3,섬유및피혁가공기계부품
MTI코드표,일반기계,1699,5,일반기계
MTI코드표,일반기계,1700,5,일반기계
MTI코드표,일반기계,1701,5,일반기계
MTI코드표,일반기계,1702,5,일반기계
MTI코드표,일반기계,1703,5,일반기계
MTI코드표,일반기계,1704,5,일반기계
MTI코드표,일반기계,1705,5,일반기계
MTI코드표,일반기계,1706,5,일반기계
MTI코드표,일반기계,1707,5,일반기계
MTI코드표,일반기계,1708,5,일반기계
MTI코드표,일반기계,1709,5,일반기계
MTI코드표,일반기계,1710,5,일반기계
MTI코드표,일반기계,1711,5,일반기계
MTI코드표,일반기계,1712,5,일반기계
MTI코드표,일반기계,1713,5,일반기계
MTI코드표,일반기계,1714,5,일반기계
MTI코드표,일반기계,1715,5,일반기계
MTI코드표,일반기계,1716,5,일반기계
MTI코드표,일반기계,1717,5,일반기계
MTI코드표,일반기계,1718,5,일반기계
MTI코드표,일반기계,1719,5,일반기계
MTI코드표,일반기계,1720,5,일반기계
MTI코드표,일반기계,1721,5,일반기계
MTI코드표,일반기계,1722,5,일반기계
MTI코드표,일반기계,1723,5,일반기계
MTI코드표,일반기계,1724,5,일반기계
MTI코드표,일반기계,1725,5,일반기계
MTI코드표,일반기계,1726,5,일반기계
MTI코드표,일반기계,1727,5,일반기계
MTI코드표,일반기계,1728,5,일반기계
MTI코드표,일반기계,1729,5,일반기계
MTI코드표,일반기계,1730,5,일반기계
MTI코드표,일반기계,1731,5,일반기계
MTI코드표,일반기계,1732,5,일반기계
MTI코드표,일반기계,1733,5,일반기계
MTI코드표,일반기계,1734,5,일반기계
MTI코드표,일반기계,1735,5,일반기계
MTI코드표,일반기계,1736,5,일반기계
MTI코드표,일반기계,1737,5,일반기계
MTI코드표,일반기계,1738,5,일반기계
MTI코드표,일반기계,1739,5,일반기계
MTI코드표,일반기계,1740,5,일반기계
MTI코드표,일반기계,1741,5,일반기계
MTI코드표,일반기계,1742,5,일반기계
MTI코드표,일반기계,1743,5,일반기계
MTI코드표,일반기계,1744,5,일반기계
MTI코드표,일반기계,1745,5,일반기계
MTI코드표,일반기계,1746,5,일반기계
MTI코드표,일반기계,1747,5,일반기계
MTI코드표,일반기계,1748,5,일반기계
MTI코드표,일반기계,1749,5,일반기계
MTI코드표,일반기계,1750,5,일반기계
MTI코드표,일반기계,1751,5,일반기계
MTI코드표,반도체,1752,3,반도체제조용장비
MTI코드표,반도체,1753,3,반도체제조용장비부품
MTI코드표,디스플레이,1758,3,평판 디스플레이 제조용 장비
MTI코드표,디스플레이,1759,3,평판 디스플레이 장비 부품
MTI코드표,자동차,1760,5,자동차
MTI코드표,자동차,1761,5,자동차
MTI코드표,자동차,1762,5,자동차
MTI코드표,자동차,1763,5,자동차
MTI코드표,자동차,1764,5,자동차
MTI코드표,자동차,1765,5,자동차
MTI코드표,자동차,1766,5,자동차
MTI코드표,자동차,1767,5,자동차
MTI코드표,자동차,1768,5,자동차
MTI코드표,자동차,1769,5,자동차
MTI코드표,자동차,1770,5,자동차
MTI코드표,자동차,1771,5,자동차
MTI코드표,자동차,1772,5,자동차
MTI코드표,자동차,1773,5,자동차
MTI코드표,자동차,1774,5,자동차
MTI코드표,자동차,1775,5,자동차
MTI코드표,자동차,1776,5,자동차
MTI코드표,자동차,1777,5,자동차
MTI코드표,자동차,1778,5,자동차
MTI코드표,자동차,1779,5,자동차
MTI코드표,자동차,1780,5,자동차
MTI코드표,자동차,1781,5,자동차
MTI코드표,자동차,1782,5,자동차
MTI코드표,자동차,1783,5,자동차
MTI코드표,자동차,1784,5,자동차
MTI코드표,자동차,1785,3,기타자동차
MTI코드표,자동차,1785,5,자동차
MTI코드표,자동차,1786,3,자동차부품
MTI코드표,자동차부품,1786,3,자동차부품
MTI코드표,자동차,1786,5,자동차부품
MTI코드표,자동차부품,1786,5,자동차부품
MTI코드표,자동차,1787,3,자동차용내연기관
MTI코드표,자동차,1787,5,자동차부품
MTI코드표,자동차부품,1787,5,자동차부품
MTI코드표,자동차,1788,5,자동차부품
MTI코드표,자동차부품,1788,5,자동차부품
MTI코드표,선박,1798,5,선박류
MTI코드표,선박,1799,5,선박류
MTI코드표,선박,1800,5,선박류
MTI코드표,선박,1801,5,선박류
MTI코드표,선박,1802,5,선박류
MTI코드표,선박,1803,5,선박류
MTI코드표,선박,1804,5,선박류
MTI코드표,선박,1805,5,선박류
MTI코드표,선박,1806,3,기타선박
MTI코드표,선박,1806,5,선박류
MTI코드표,선박,1807,5,선박류
MTI코드표,선박,1808,3,선박용증기터빈
MTI코드표,선박,1808,5,선박류
MTI코드표,선박,1809,3,선박용가스터빈
MTI코드표,선박,1809,5,선박류
MTI코드표,선박,1810,3,선박용불꽃점화식엔진
MTI코드표,선박,1810,5,선박류
MTI코드표,선박,1811,3,선박용압축점화식엔진
MTI코드표,선박,1811,5,선박류
MTI코드표,선박,1812,3,선박용 부품
MTI코드표,선박,1812,5,선박류
MTI코드표,일반기계,1823,5,일반기계
MTI코드표,일반기계,1824,5,일반기계
MTI코드표,일반기계,1825,5,일반기계
MTI코드표,일반기계,1826,5,일반기계
MTI코드표,일반기계,1827,5,일반기계
MTI코드표,일반기계,1828,5,일반기계
MTI코드표,일반기계,1829,5,일반기계
MTI코드표,일반기계,1830,5,일반기계
MTI코드표,일반기계,1831,5,일반기계
MTI코드표,일반기계,1832,5,일반기계
MTI코드표,일반기계,1833,5,일반기계
MTI코드표,일반기계,1834,5,일반기계
MTI코드표,일반기계,1835,5,일반기계
MTI코드표,일반기계,1836,5,일반기계
MTI코드표,일반기계,1837,5,일반기계
MTI코드표,일반기계,1838,5,일반기계
MTI코드표,일반기계,1839,5,일반기계
MTI코드표,일반기계,1840,5,일반기계
MTI코드표,일반기계,1841,5,일반기계
MTI코드표,일반기계,1842,5,일반기계
MTI코드표,일반기계,1843,5,일반기계
MTI코드표,일반기계,1844,5,일반기계
MTI코드표,일반기계,1845,5,일반기계
MTI코드표,일반기계,1846,5,일반기계
MTI코드표,일반기계,1847,5,일반기계
MTI코드표,일반기계,1848,5,일반기계
MTI코드표,일반기계,1849,5,일반기계
MTI코드표,일반기계,1850,5,일반기계
MTI코드표,일반기계,1851,5,일반기계
MTI코드표,일반기계,1852,5,일반기계
MTI코드표,일반기계,1853,5,일반기계
MTI코드표,일반기계,1854,5,일반기계
MTI코드표,일반기계,1855,5,일반기계
MTI코드표,일반기계,1856,5,일반기계
MTI코드표,일반기계,1857,5,일반기계
MTI코드표,일반기계,1858,5,일반기계
MTI코드표,일반기계,1859,5,일반기계
MTI코드표,일반기계,1860,5,일반기계
MTI코드표,일반기계,1861,5,일반기계
MTI코드표,일반기계,1862,5,일반기계
MTI코드표,일반기계,1863,5,일반기계
MTI코드표,일반기계,1864,5,일반기계
MTI코드표,일반기계,1865,5,일반기계
MTI코드표,일반기계,1866,5,일반기계
MTI코드표,일반기계,1867,5,일반기계
MTI코드표,일반기계,1868,5,일반기계
MTI코드표,일반기계,1869,5,일반기계
MTI코드표,일반기계,1870,5,일반기계
MTI코드표,일반기계,1871,5,일반기계
MTI코드표,일반기계,1872,5,일반기계
MTI코드표,일반기계,1873,5,일반기계
MTI코드표,코드,1881,3,코드 분할식 전화기
MTI코드표,무선통신,1881,5,무선통신기기
MTI코드표,무선통신,1882,5,무선통신기기
MTI코드표,무선통신,1883,5,무선통신기기
MTI코드표,무선통신,1884,5,무선통신기기
MTI코드표,무선통신,1885,5,무선통신기기
MTI코드표,무선통신,1886,5,무선통신기기
MTI코드표,무선통신,1887,5,무선통신기기
MTI코드표,무선통신,1888,5,무선통신기기
MTI코드표,무선통신,1889,5,무선통신기기
MTI코드표,무선통신,1890,5,무선통신기기
MTI코드표,무선통신,1891,5,무선통신기기
MTI코드표,무선통신,1892,5,무선통신기기
MTI코드표,무선통신,1893,5,무선통신기기
MTI코드표,무선통신,1894,5,무선통신기기
MTI코드표,무선통신,1895,5,무선통신기기
MTI코드표,무선통신,1896,5,무선통신기기
MTI코드표,무선통신,1897,3,기타무선통신기기부품
MTI코드표,무선통신,1897,5,무선통신기기
MTI코드표,컴퓨터,1898,3,휴대용컴퓨터
MTI코드표,컴퓨터,1898,5,컴퓨터
MTI코드표,컴퓨터,1899,3,개인용컴퓨터
MTI코드표,컴퓨터,1899,5,컴퓨터
MTI코드표,컴퓨터,1900,5,컴퓨터
MTI코드표,컴퓨터,1901,5,컴퓨터
MTI코드표,컴퓨터,1902,5,컴퓨터
MTI코드표,컴퓨터,1903,5,컴퓨터
MTI코드표,컴퓨터,1904,5,컴퓨터
MTI코드표,컴퓨터,1905,5,컴퓨터
MTI코드표,컴퓨터,1906,5,컴퓨터
MTI코드표,컴퓨터,1907,5,컴퓨터
MTI코드표,컴퓨터,1908,5,컴퓨터
MTI코드표,컴퓨터,1909,5,컴퓨터
MTI코드표,디스플레이,1910,3,데이터디스플레이장치
MTI코드표,컴퓨터,1910,5,컴퓨터
MTI코드표,컴퓨터,1911,5,컴퓨터
MTI코드표,컴퓨터,1912,5,컴퓨터
MTI코드표,컴퓨터,1913,5,컴퓨터
MTI코드표,컴퓨터,1914,3,기타컴퓨터주변기기
MTI코드표,컴퓨터,1914,5,컴퓨터
MTI코드표,컴퓨터,1915,5,컴퓨터
MTI코드표,컴퓨터,1916,3,기타컴퓨터부품
MTI코드표,컴퓨터,1916,5,컴퓨터
MTI코드표,컴퓨터,1917,5,컴퓨터
MTI코드표,컴퓨터,1918,5,컴퓨터
MTI코드표,가전,1955,5,가전
MTI코드표,가전,1956,5,가전
MTI코드표,가전,1957,5,가전
MTI코드표,가전,1958,5,가전
MTI코드표,가전,1959,5,가전
MTI코드표,가전,1960,5,가전
MTI코드표,가전,1961,5,가전
MTI코드표,가전,1962,5,가전
MTI코드표,가전,1963,5,가전
MTI코드표,가전,1964,5,가전
MTI코드표,가전,1965,5,가전
MTI코드표,가전,1966,5,가전
MTI코드표,가전,1967,5,가전
MTI코드표,가전,1968,5,가전
MTI코드표,가전,1969,5,가전
MTI코드표,코드,1970,3,오디오레코드
MTI코드표,가전,1970,5,가전
MTI코드표,가전,1971,5,가전
MTI코드표,가전,1972,5,가전
MTI코드표,가전,1973,5,가전
MTI코드표,가전,1974,5,가전
MTI코드표,가전,1975,5,가전
MTI코드표,가전,1976,5,가전
MTI코드표,가전,1977,5,가전
MTI코드표,가전,1978,5,가전
MTI코드표,가전,1979,5,가전
MTI코드표,가전,1980,5,가전
MTI코드표,가전,1981,5,가전
MTI코드표,가전,1982,5,가전
MTI코드표,가전,1983,5,가전
MTI코드표,가전,1984,5,가전
MTI코드표,가전,1985,5,가전
MTI코드표,가전,1986,5,가전
MTI코드표,가전,1987,5,가전
MTI코드표,가전,1988,5,가전
MTI코드표,가전,1989,5,가전
MTI코드표,가전,1990,5,가전
MTI코드표,가전,1991,5,가전
MTI코드표,가전,1992,5,가전
MTI코드표,가전,1993,5,가전
MTI코드표,가전,1994,5,가전
MTI코드표,가전,1995,5,가전
MTI코드표,가전,1996,5,가전
MTI코드표,가전,1997,5,가전
MTI코드표,가전,1998,5,가전
MTI코드표,가전,1999,5,가전
MTI코드표,가전,2000,5,가전
MTI코드표,가전,2001,5,가전
MTI코드표,반도체,2002,5,반도체
MTI코드표,반도체,2003,5,반도체
MTI코드표,반도체,2004,5,반도체
MTI코드표,반도체,2005,3,기타 메모리반도체
MTI코드표,반도체,2005,5,반도체
MTI코드표,반도체,2006,5,반도체
MTI코드표,반도체,2007,5,반도체
MTI코드표,반도체,2008,3,기타 집적회로반도체
MTI코드표,반도체,2008,5,반도체
MTI코드표,반도체,2009,3,집적회로 반도체부품
MTI코드표,반도체,2009,5,반도체
MTI코드표,반도체,2010,5,반도체
MTI코드표,반도체,2011,5,반도체
MTI코드표,반도체,2012,3,반도체기반 트랜스듀서
MTI코드표,반도체,2012,5,반도체
MTI코드표,반도체,2013,3,개별소자 반도체부품
MTI코드표,반도체,2013,5,반도체
MTI코드표,반도체,2014,3,기타개별소자반도체
MTI코드표,반도체,2014,5,반도체
MTI코드표,반도체,2015,5,반도체
MTI코드표,이차전지,2035,5,이차전지
MTI코드표,이차전지,2036,5,이차전지
MTI코드표,이차전지,2037,5,이차전지
MTI코드표,이차전지,2038,5,이차전지
MTI코드표,디스플레이,2042,5,디스플레이
MTI코드표,디스플레이,2043,5,디스플레이
MTI코드표,디스플레이,2044,5,디스플레이
MTI코드표,전기기기,2047,5,전기기기
MTI코드표,전기기기,2048,5,전기기기
MTI코드표,전기기기,2049,5,전기기기
MTI코드표,전기기기,2050,5,전기기기
MTI코드표,전기기기,2051,5,전기기기
MTI코드표,전기기기,2052,5,전기기기
MTI코드표,전기기기,2053,5,전기기기
MTI코드표,전기기기,2054,5,전기기기
MTI코드표,전기기기,2055,5,전기기기
MTI코드표,전기기기,2056,5,전기기기
MTI코드표,전기기기,2057,5,전기기기
MTI코드표,전기기기,2058,5,전기기기
MTI코드표,전기기기,2059,5,전기기기
MTI코드표,전기기기,2060,5,전기기기
MTI코드표,전기기기,2061,5,전기기기
MTI코드표,전기기기,2062,5,전기기기
MTI코드표,전기기기,2063,5,전기기기
MTI코드표,전기기기,2064,5,전기기기
MTI코드표,전기기기,2065,5,전기기기
MTI코드표,전기기기,2066,5,전기기기
MTI코드표,전기기기,2067,5,전기기기
MTI코드표,전기기기,2068,5,전기기기
MTI코드표,전기기기,2069,5,전기기기
MTI코드표,전기기기,2070,5,전기기기
MTI코드표,전기기기,2071,5,전기기기
MTI코드표,전기기기,2072,5,전기기기
MTI코드표,전기기기,2073,5,전기기기
MTI코드표,코드,2074,3,절연코드세트
MTI코드표,전기기기,2074,5,전기기기
MTI코드표,전기기기,2075,5,전기기기
MTI코드표,전기기기,2076,5,전기기기
MTI코드표,전기기기,2077,5,전기기기
MTI코드표,전기기기,2078,5,전기기기
MTI코드표,전기기기,2079,5,전기기기
MTI코드표,전기기기,2080,5,전기기기
MTI코드표,전기기기,2081,5,전기기기
MTI코드표,전기기기,2082,5,전기기기
MTI코드표,전기기기,2083,5,전기기기
MTI코드표,전기기기,2084,5,전기기기
MTI코드표,전기기기,2085,5,전기기기
MTI코드표,전기기기,2086,5,전기기기
MTI코드표,전기기기,2087,5,전기기기
MTI코드표,전기기기,2088,5,전기기기
MTI코드표,전기기기,2089,5,전기기기
MTI코드표,전기기기,2090,5,전기기기
MTI코드표,전기기기,2091,5,전기기기
MTI코드표,전기기기,2092,5,전기기기
MTI코드표,전기기기,2093,5,전기기기
MTI코드표,전기기기,2094,5,전기기기
MTI코드표,전기기기,2095,5,전기기기
MTI코드표,전기기기,2096,5,전기기기
MTI코드표,전기기기,2097,5,전기기기
MTI코드표,전기기기,2098,5,전기기기
MTI코드표,전기기기,2099,5,전기기기
MTI코드표,전기기기,2100,5,전기기기
MTI코드표,전기기기,2101,5,전기기기
MTI코드표,전기기기,2102,5,전기기기
MTI코드표,전기기기,2103,5,전기기기
MTI코드표,전기기기,2104,5,전기기기
MTI코드표,전기기기,2105,5,전기기기
MTI코드표,전기기기,2106,5,전기기기
MTI코드표,전기기기,2107,5,전기기기
MTI코드표,전기기기,2108,5,전기기기
MTI코드표,전기기기,2109,5,전기기기
MTI코드표,바이오,2118,3,바이오의약품
MTI코드표,바이오,2118,5,바이오헬스
MTI코드표,바이오,2119,5,바이오헬스
MTI코드표,바이오,2120,3,바이오원료
MTI코드표,바이오,2120,5,바이오헬스
MTI코드표,바이오,2121,5,바이오헬스
MTI코드표,바이오,2122,5,바이오헬스
MTI코드표,바이오,2123,5,바이오헬스
MTI코드표,바이오,2124,5,바이오헬스
MTI코드표,바이오,2125,5,바이오헬스
MTI코드표,바이오,2126,5,바이오헬스
MTI코드표,바이오,2127,5,바이오헬스
MTI코드표,바이오,2128,5,바이오헬스
HSK-MTI 연계표,HSK,0,1,HSK
HSK-MTI 연계표,HS,0,1,HSK
HSK-MTI 연계표,MTI,0,2,MTI
HSK-MTI 연계표,농수산,1,3,농수산식품
HSK-MTI 연계표,농수산,2,3,농수산식품
HSK-MTI 연계표,농수산,3,3,농수산식품
HSK-MTI 연계표,농수산,4,3,농수산식품
HSK-MTI 연계표,농수산,5,3,농수산식품
HSK-MTI 연계표,농수산,6,3,농수산식품
HSK-MTI 연계표,농수산,7,3,농수산식품
HSK-MTI 연계표,농수산,8,3,농수산식품
HSK-MTI 연계표,농수산,9,3,농수산식품
HSK-MTI 연계표,농수산,10,3,농수산식품
HSK-MTI 연계표,농수산,11,3,농수산식품
HSK-MTI 연계표,농수산,12,3,농수산식품
HSK-MTI 연계표,농수산,13,3,농수산식품
HSK-MTI 연계표,농수산,14,3,농수산식품
HSK-MTI 연계표,농수산,15,3,농수산식품
HSK-MTI 연계표,농수산,16,3,농수산식품
HSK-MTI 연계표,농수산,17,3,농수산식품
HSK-MTI 연계표,농수산,18,3,농수산식품
HSK-MTI 연계표,농수산,19,3,농수산식품
HSK-MTI 연계표,농수산,20,3,농수산식품
HSK-MTI 연계표,농수산,21,3,농수산식품
HSK-MTI 연계표,농수산,22,3,농수산식품
HSK-MTI 연계표,농수산,23,3,농수산식품
HSK-MTI 연계표,농수산,24,3,농수산식품
HSK-MTI 연계표,농수산,25,3,농수산식품
HSK-MTI 연계표,농수산,26,3,농수산식품
HSK-MTI 연계표,농수산,27,3,농수산식품
HSK-MTI 연계표,농수산,28,3,농수산식품
HSK-MTI 연계표,농수산,29,3,농수산식품
HSK-MTI 연계표,농수산,30,3,농수산식품
HSK-MTI 연계표,농수산,31,3,농수산식품
HSK-MTI 연계표,농수산,32,3,농수산식품
HSK-MTI 연계표,농수산,33,3,농수산식품
HSK-MTI 연계표,농수산,34,3,농수산식품
HSK-MTI 연계표,농수산,35,3,농수산식품
HSK-MTI 연계표,농수산,36,3,농수산식품
HSK-MTI 연계표,농수산,37,3,농수산식품
HSK-MTI 연계표,농수산,38,3,농수산식품
HSK-MTI 연계표,농수산,39,3,농수산식품
HSK-MTI 연계표,농수산,40,3,농수산식품
HSK-MTI 연계표,농수산,41,3,농수산식품
HSK-MTI 연계표,농수산,42,3,농수산식품
HSK-MTI 연계표,농수산,43,3,농수산식품
HSK-MTI 연계표,농수산,44,3,농수산식품
HSK-MTI 연계표,농수산,45,3,농수산식품
HSK-MTI 연계표,농수산,46,3,농수산식품
HSK-MTI 연계표,농수산,47,3,농수산식품
HSK-MTI 연계표,농수산,48,3,농수산식품
HSK-MTI 연계표,농수산,49,3,농수산식품
HSK-MTI 연계표,농수산,50,3,농수산식품
HSK-MTI 연계표,농수산,51,3,농수산식품
HSK-MTI 연계표,농수산,52,3,농수산식품
HSK-MTI 연계표,농수산,53,3,농수산식품
HSK-MTI 연계표,농수산,54,3,농수산식품
HSK-MTI 연계표,농수산,55,3,농수산식품
HSK-MTI 연계표,농수산,56,3,농수산식품
HSK-MTI 연계표,농수산,57,3,농수산식품
HSK-MTI 연계표,농수산,58,3,농수산식품
HSK-MTI 연계표,농수산,59,3,농수산식품
HSK-MTI 연계표,농수산,60,3,농수산식품
HSK-MTI 연계표,농수산,61,3,농수산식품
HSK-MTI 연계표,농수산,62,3,농수산식품
HSK-MTI 연계표,농수산,63,3,농수산식품
HSK-MTI 연계표,농수산,64,3,농수산식품
HSK-MTI 연계표,농수산,65,3,농수산식품
HSK-MTI 연계표,농수산,66,3,농수산식품
HSK-MTI 연계표,농수산,67,3,농수산식품
HSK-MTI 연계표,농수산,68,3,농수산식품
HSK-MTI 연계표,농수산,69,3,농수산식품
HSK-MTI 연계표,농수산,70,3,농수산식품
HSK-MTI 연계표,농수산,71,3,농수산식품
HSK-MTI 연계표,농수산,72,3,농수산식품
HSK-MTI 연계표,농수산,73,3,농수산식품
HSK-MTI 연계표,농수산,74,3,농수산식품
HSK-MTI 연계표,농수산,75,3,농수산식품
HSK-MTI 연계표,농수산,76,3,농수산식품
HSK-MTI 연계표,농수산,77,3,농수산식품
HSK-MTI 연계표,농수산,78,3,농수산식품
HSK-MTI 연계표,농수산,79,3,농수산식품
HSK-MTI 연계표,농수산,80,3,농수산식품
HSK-MTI 연계표,농수산,81,3,농수산식품
HSK-MTI 연계표,농수산,82,3,농수산식품
HSK-MTI 연계표,농수산,83,3,농수산식품
HSK-MTI 연계표,농수산,84,3,농수산식품
HSK-MTI 연계표,농수산,85,3,농수산식품
HSK-MTI 연계표,농수산,86,3,농수산식품
HSK-MTI 연계표,농수산,87,3,농수산식품
HSK-MTI 연계표,농수산,88,3,농수산식품
HSK-MTI 연계표,농수산,89,3,농수산식품
HSK-MTI 연계표,농수산,90,3,농수산식품
HSK-MTI 연계표,농수산,91,3,농수산식품
HSK-MTI 연계표,농수산,92,3,농수산식품
HSK-MTI 연계표,농수산,93,3,농수산식품
HSK-MTI 연계표,농수산,94,3,농수산식품
HSK-MTI 연계표,농수산,95,3,농수산식품
HSK-MTI 연계표,농수산,96,3,농수산식품
HSK-MTI 연계표,농수산,97,3,농수산식품
HSK-MTI 연계표,농수산,98,3,농수산식품
HSK-MTI 연계표,농수산,99,3,농수산식품
HSK-MTI 연계표,농수산,100,3,농수산식품
HSK-MTI 연계표,농수산,101,3,농수산식품
HSK-MTI 연계표,농수산,102,3,농수산식품
HSK-MTI 연계표,농수산,103,3,농수산식품
HSK-MTI 연계표,농수산,104,3,농수산식품
HSK-MTI 연계표,농수산,105,3,농수산식품
HSK-MTI 연계표,농수산,106,3,농수산식품
HSK-MTI 연계표,농수산,107,3,농수산식품
HSK-MTI 연계표,농수산,108,3,농수산식품
HSK-MTI 연계표,농수산,109,3,농수산식품
HSK-MTI 연계표,농수산,110,3,농수산식품
HSK-MTI 연계표,농수산,111,3,농수산식품
HSK-MTI 연계표,농수산,112,3,농수산식품
HSK-MTI 연계표,농수산,113,3,농수산식품
HSK-MTI 연계표,농수산,114,3,농수산식품
HSK-MTI 연계표,농수산,115,3,농수산식품
HSK-MTI 연계표,농수산,116,3,농수산식품
HSK-MTI 연계표,농수산,117,3,농수산식품
HSK-MTI 연계표,농수산,118,3,농수산식품
HSK-MTI 연계표,농수산,119,3,농수산식품
HSK-MTI 연계표,농수산,120,3,농수산식품
HSK-MTI 연계표,농수산,121,3,농수산식품
HSK-MTI 연계표,농수산,122,3,농수산식품
HSK-MTI 연계표,농수산,123,3,농수산식품
HSK-MTI 연계표,농수산,124,3,농수산식품
HSK-MTI 연계표,농수산,125,3,농수산식품
HSK-MTI 연계표,농수산,126,3,농수산식품
HSK-MTI 연계표,농수산,127,3,농수산식품
HSK-MTI 연계표,농수산,128,3,농수산식품
HSK-MTI 연계표,농수산,129,3,농수산식품
HSK-MTI 연계표,농수산,130,3,농수산식품
HSK-MTI 연계표,농수산,131,3,농수산식품
HSK-MTI 연계표,농수산,132,3,농수산식품
HSK-MTI 연계표,농수산,133,3,농수산식품
HSK-MTI 연계표,농수산,134,3,농수산식품
HSK-MTI 연계표,농수산,135,3,농수산식품
HSK-MTI 연계표,농수산,136,3,농수산식품
HSK-MTI 연계표,농수산,137,3,농수산식품
HSK-MTI 연계표,농수산,138,3,농수산식품
HSK-MTI 연계표,농수산,139,3,농수산식품
HSK-MTI 연계표,농수산,140,3,농수산식품
HSK-MTI 연계표,농수산,141,3,농수산식품
HSK-MTI 연계표,농수산,142,3,농수산식품
HSK-MTI 연계표,농수산,143,3,농수산식품
HSK-MTI 연계표,농수산,144,3,농수산식품
HSK-MTI 연계표,농수산,145,3,농수산식품
HSK-MTI 연계표,농수산,146,3,농수산식품
HSK-MTI 연계표,농수산,147,3,농수산식품
HSK-MTI 연계표,농수산,148,3,농수산식품
HSK-MTI 연계표,농수산,149,3,농수산식품
HSK-MTI 연계표,농수산,150,3,농수산식품
HSK-MTI 연계표,농수산,151,3,농수산식품
HSK-MTI 연계표,농수산,152,3,농수산식품
HSK-MTI 연계표,농수산,153,3,농수산식품
HSK-MTI 연계표,농수산,154,3,농수산식품
HSK-MTI 연계표,농수산,155,3,농수산식품
HSK-MTI 연계표,농수산,156,3,농수산식품
HSK-MTI 연계표,농수산,157,3,농수산식품
HSK-MTI 연계표,농수산,158,3,농수산식품
HSK-MTI 연계표,농수산,159,3,농수산식품
HSK-MTI 연계표,농수산,160,3,농수산식품
HSK-MTI 연계표,농수산,161,3,농수산식품
HSK-MTI 연계표,농수산,162,3,농수산식품
HSK-MTI 연계표,농수산,163,3,농수산식품
HSK-MTI 연계표,농수산,164,3,농수산식품
HSK-MTI 연계표,농수산,165,3,농수산식품
HSK-MTI 연계표,농수산,166,3,농수산식품
HSK-MTI 연계표,농수산,167,3,농수산식품
HSK-MTI 연계표,농수산,168,3,농수산식품
HSK-MTI 연계표,농수산,169,3,농수산식품
HSK-MTI 연계표,농수산,170,3,농수산식품
HSK-MTI 연계표,농수산,171,3,농수산식품
HSK-MTI 연계표,농수산,172,3,농수산식품
HSK-MTI 연계표,농수산,173,3,농수산식품
HSK-MTI 연계표,농수산,174,3,농수산식품
HSK-MTI 연계표,농수산,175,3,농수산식품
HSK-MTI 연계표,농수산,176,3,농수산식품
HSK-MTI 연계표,농수산,177,3,농수산식품
HSK-MTI 연계표,농수산,178,3,농수산식품
HSK-MTI 연계표,농수산,179,3,농수산식품
HSK-MTI 연계표,농수산,180,3,농수산식품
HSK-MTI 연계표,농수산,181,3,농수산식품
HSK-MTI 연계표,농수산,182,3,농수산식품
HSK-MTI 연계표,농수산,183,3,농수산식품
HSK-MTI 연계표,농수산,184,3,농수산식품
HSK-MTI 연계표,농수산,185,3,농수산식품
HSK-MTI 연계표,농수산,186,3,농수산식품
HSK-MTI 연계표,농수산,187,3,농수산식품
HSK-MTI 연계표,농수산,188,3,농수산식품
HSK-MTI 연계표,농수산,189,3,농수산식품
HSK-MTI 연계표,농수산,190,3,농수산식품
HSK-MTI 연계표,농수산,191,3,농수산식품
HSK-MTI 연계표,농수산,192,3,농수산식품
HSK-MTI 연계표,농수산,193,3,농수산식품
HSK-MTI 연계표,농수산,194,3,농수산식품
HSK-MTI 연계표,농수산,195,3,농수산식품
HSK-MTI 연계표,농수산,196,3,농수산식품
HSK-MTI 연계표,농수산,197,3,농수산식품
HSK-MTI 연계표,농수산,198,3,농수산식품
HSK-MTI 연계표,농수산,199,3,농수산식품
HSK-MTI 연계표,농수산,200,3,농수산식품
HSK-MTI 연계표,농수산,201,3,농수산식품
HSK-MTI 연계표,농수산,202,3,농수산식품
HSK-MTI 연계표,농수산,203,3,농수산식품
HSK-MTI 연계표,농수산,204,3,농수산식품
HSK-MTI 연계표,농수산,205,3,농수산식품
HSK-MTI 연계표,농수산,206,3,농수산식품
HSK-MTI 연계표,농수산,207,3,농수산식품
HSK-MTI 연계표,농수산,208,3,농수산식품
HSK-MTI 연계표,농수산,209,3,농수산식품
HSK-MTI 연계표,농수산,210,3,농수산식품
HSK-MTI 연계표,농수산,211,3,농수산식품
HSK-MTI 연계표,농수산,212,3,농수산식품
HSK-MTI 연계표,농수산,213,3,농수산식품
HSK-MTI 연계표,농수산,214,3,농수산식품
HSK-MTI 연계표,농수산,215,3,농수산식품
HSK-MTI 연계표,농수산,216,3,농수산식품
HSK-MTI 연계표,농수산,217,3,농수산식품
HSK-MTI 연계표,농수산,218,3,농수산식품
HSK-MTI 연계표,농수산,219,3,농수산식품
HSK-MTI 연계표,농수산,220,3,농수산식품
HSK-MTI 연계표,농수산,221,3,농수산식품
HSK-MTI 연계표,농수산,222,3,농수산식품
HSK-MTI 연계표,농수산,223,3,농수산식품
HSK-MTI 연계표,농수산,224,3,농수산식품
HSK-MTI 연계표,농수산,225,3,농수산식품
HSK-MTI 연계표,농수산,226,3,농수산식품
HSK-MTI 연계표,농수산,227,3,농수산식품
HSK-MTI 연계표,농수산,228,3,농수산식품
HSK-MTI 연계표,농수산,229,3,농수산식품
HSK-MTI 연계표,농수산,230,3,농수산식품
HSK-MTI 연계표,농수산,231,3,농수산식품
HSK-MTI 연계표,농수산,232,3,농수산식품
HSK-MTI 연계표,농수산,233,3,농수산식품
HSK-MTI 연계표,농수산,234,3,농수산식품
HSK-MTI 연계표,농수산,235,3,농수산식품
HSK-MTI 연계표,농수산,236,3,농수산식품
HSK-MTI 연계표,농수산,237,3,농수산식품
HSK-MTI 연계표,농수산,238,3,농수산식품
HSK-MTI 연계표,농수산,239,3,농수산식품
HSK-MTI 연계표,농수산,240,3,농수산식품
HSK-MTI 연계표,농수산,241,3,농수산식품
HSK-MTI 연계표,농수산,242,3,농수산식품
HSK-MTI 연계표,농수산,243,3,농수산식품
HSK-MTI 연계표,농수산,244,3,농수산식품
HSK-MTI 연계표,농수산,245,3,농수산식품
HSK-MTI 연계표,농수산,246,3,농수산식품
HSK-MTI 연계표,농수산,247,3,농수산식품
HSK-MTI 연계표,농수산,248,3,농수산식품
HSK-MTI 연계표,농수산,249,3,농수산식품
HSK-MTI 연계표,농수산,250,3,농수산식품
HSK-MTI 연계표,농수산,251,3,농수산식품
HSK-MTI 연계표,농수산,252,3,농수산식품
HSK-MTI 연계표,농수산,253,3,농수산식품
HSK-MTI 연계표,농수산,254,3,농수산식품
HSK-MTI 연계표,농수산,255,3,농수산식품
HSK-MTI 연계표,농수산,256,3,농수산식품
HSK-MTI 연계표,농수산,257,3,농수산식품
HSK-MTI 연계표,농수산,258,3,농수산식품
HSK-MTI 연계표,농수산,259,3,농수산식품
HSK-MTI 연계표,농수산,260,3,농수산식품
HSK-MTI 연계표,농수산,261,3,농수산식품
HSK-MTI 연계표,농수산,262,3,농수산식품
HSK-MTI 연계표,농수산,263,3,농수산식품
HSK-MTI 연계표,농수산,264,3,농수산식품
HSK-MTI 연계표,농수산,265,3,농수산식품
HSK-MTI 연계표,농수산,266,3,농수산식품
HSK-MTI 연계표,농수산,267,3,농수산식품
HSK-MTI 연계표,농수산,268,3,농수산식품
HSK-MTI 연계표,농수산,269,3,농수산식품
HSK-MTI 연계표,농수산,270,3,농수산식품
HSK-MTI 연계표,농수산,271,3,농수산식품
HSK-MTI 연계표,농수산,272,3,농수산식품
HSK-MTI 연계표,농수산,273,3,농수산식품
HSK-MTI 연계표,농수산,274,3,농수산식품
HSK-MTI 연계표,농수산,275,3,농수산식품
HSK-MTI 연계표,농수산,276,3,농수산식품
HSK-MTI 연계표,농수산,277,3,농수산식품
HSK-MTI 연계표,농수산,278,3,농수산식품
HSK-MTI 연계표,농수산,279,3,농수산식품
HSK-MTI 연계표,농수산,280,3,농수산식품
HSK-MTI 연계표,농수산,281,3,농수산식품
HSK-MTI 연계표,농수산,282,3,농수산식품
HSK-MTI 연계표,농수산,283,3,농수산식품
HSK-MTI 연계표,농수산,284,3,농수산식품
HSK-MTI 연계표,농수산,285,3,농수산식품
HSK-MTI 연계표,농수산,286,3,농수산식품
HSK-MTI 연계표,농수산,287,3,농수산식품
HSK-MTI 연계표,농수산,288,3,농수산식품
HSK-MTI 연계표,농수산,289,3,농수산식품
HSK-MTI 연계표,농수산,290,3,농수산식품
HSK-MTI 연계표,농수산,291,3,농수산식품
HSK-MTI 연계표,농수산,292,3,농수산식품
HSK-MTI 연계표,농수산,293,3,농수산식품
HSK-MTI 연계표,농수산,294,3,농수산식품
HSK-MTI 연계표,농수산,295,3,농수산식품
HSK-MTI 연계표,농수산,296,3,농수산식품
HSK-MTI 연계표,농수산,297,3,농수산식품
HSK-MTI 연계표,농수산,298,3,농수산식품
HSK-MTI 연계표,농수산,299,3,농수산식품
HSK-MTI 연계표,농수산,300,3,농수산식품
HSK-MTI 연계표,농수산,301,3,농수산식품
HSK-MTI 연계표,농수산,302,3,농수산식품
HSK-MTI 연계표,농수산,303,3,농수산식품
HSK-MTI 연계표,농수산,304,3,농수산식품
HSK-MTI 연계표,농수산,305,3,농수산식품
HSK-MTI 연계표,농수산,306,3,농수산식품
HSK-MTI 연계표,농수산,307,3,농수산식품
HSK-MTI 연계표,농수산,308,3,농수산식품
HSK-MTI 연계표,농수산,309,3,농수산식품
HSK-MTI 연계표,농수산,310,3,농수산식품
HSK-MTI 연계표,농수산,311,3,농수산식품
HSK-MTI 연계표,농수산,312,3,농수산식품
HSK-MTI 연계표,농수산,313,3,농수산식품
HSK-MTI 연계표,농수산,314,3,농수산식품
HSK-MTI 연계표,농수산,315,3,농수산식품
HSK-MTI 연계표,농수산,316,3,농수산식품
HSK-MTI 연계표,농수산,317,3,농수산식품
HSK-MTI 연계표,농수산,318,3,농수산식품
HSK-MTI 연계표,농수산,319,3,농수산식품
HSK-MTI 연계표,농수산,320,3,농수산식품
HSK-MTI 연계표,농수산,321,3,농수산식품
HSK-MTI 연계표,농수산,322,3,농수산식품
HSK-MTI 연계표,농수산,323,3,농수산식품
HSK-MTI 연계표,농수산,324,3,농수산식품
HSK-MTI 연계표,농수산,325,3,농수산식품
HSK-MTI 연계표,농수산,326,3,농수산식품
HSK-MTI 연계표,농수산,327,3,농수산식품
HSK-MTI 연계표,농수산,328,3,농수산식품
HSK-MTI 연계표,농수산,329,3,농수산식품
HSK-MTI 연계표,농수산,330,3,농수산식품
HSK-MTI 연계표,농수산,331,3,농수산식품
HSK-MTI 연계표,농수산,332,3,농수산식품
HSK-MTI 연계표,농수산,333,3,농수산식품
HSK-MTI 연계표,농수산,334,3,농수산식품
HSK-MTI 연계표,농수산,335,3,농수산식품
HSK-MTI 연계표,농수산,336,3,농수산식품
HSK-MTI 연계표,농수산,337,3,농수산식품
HSK-MTI 연계표,농수산,338,3,농수산식품
HSK-MTI 연계표,농수산,339,3,농수산식품
HSK-MTI 연계표,농수산,340,3,농수산식품
HSK-MTI 연계표,농수산,341,3,농수산식품
HSK-MTI 연계표,농수산,342,3,농수산식품
HSK-MTI 연계표,농수산,343,3,농수산식품
HSK-MTI 연계표,농수산,344,3,농수산식품
HSK-MTI 연계표,농수산,345,3,농수산식품
HSK-MTI 연계표,농수산,346,3,농수산식품
HSK-MTI 연계표,농수산,347,3,농수산식품
HSK-MTI 연계표,농수산,348,3,농수산식품
HSK-MTI 연계표,농수산,349,3,농수산식품
HSK-MTI 연계표,농수산,350,3,농수산식품
HSK-MTI 연계표,농수산,351,3,농수산식품
HSK-MTI 연계표,농수산,352,3,농수산식품
HSK-MTI 연계표,농수산,353,3,농수산식품
HSK-MTI 연계표,농수산,354,3,농수산식품
HSK-MTI 연계표,농수산,355,3,농수산식품
HSK-MTI 연계표,농수산,356,3,농수산식품
HSK-MTI 연계표,농수산,357,3,농수산식품
HSK-MTI 연계표,농수산,358,3,농수산식품
HSK-MTI 연계표,농수산,359,3,농수산식품
HSK-MTI 연계표,농수산,360,3,농수산식품
HSK-MTI 연계표,농수산,361,3,농수산식품
HSK-MTI 연계표,농수산,362,3,농수산식품
HSK-MTI 연계표,농수산,363,3,농수산식품
HSK-MTI 연계표,농수산,364,3,농수산식품
HSK-MTI 연계표,농수산,365,3,농수산식품
HSK-MTI 연계표,농수산,366,3,농수산식품
HSK-MTI 연계표,농수산,367,3,농수산식품
HSK-MTI 연계표,농수산,368,3,농수산식품
HSK-MTI 연계표,농수산,369,3,농수산식품
HSK-MTI 연계표,농수산,370,3,농수산식품
HSK-MTI 연계표,농수산,371,3,농수산식품
HSK-MTI 연계표,농수산,372,3,농수산식품
HSK-MTI 연계표,농수산,373,3,농수산식품
HSK-MTI 연계표,농수산,374,3,농수산식품
HSK-MTI 연계표,농수산,375,3,농수산식품
HSK-MTI 연계표,농수산,376,3,농수산식품
HSK-MTI 연계표,농수산,377,3,농수산식품
HSK-MTI 연계표,농수산,378,3,농수산식품
HSK-MTI 연계표,농수산,379,3,농수산식품
HSK-MTI 연계표,농수산,380,3,농수산식품
HSK-MTI 연계표,농수산,381,3,농수산식품
HSK-MTI 연계표,농수산,382,3,농수산식품
HSK-MTI 연계표,농수산,383,3,농수산식품
HSK-MTI 연계표,농수산,384,3,농수산식품
HSK-MTI 연계표,농수산,385,3,농수산식품
HSK-MTI 연계표,농수산,386,3,농수산식품
HSK-MTI 연계표,농수산,387,3,농수산식품
HSK-MTI 연계표,농수산,388,3,농수산식품
HSK-MTI 연계표,농수산,389,3,농수산식품
HSK-MTI 연계표,농수산,390,3,농수산식품
HSK-MTI 연계표,농수산,391,3,농수산식품
HSK-MTI 연계표,농수산,392,3,농수산식품
HSK-MTI 연계표,농수산,393,3,농수산식품
HSK-MTI 연계표,농수산,394,3,농수산식품
HSK-MTI 연계표,농수산,395,3,농수산식품
HSK-MTI 연계표,농수산,396,3,농수산식품
HSK-MTI 연계표,농수산,397,3,농수산식품
HSK-MTI 연계표,농수산,398,3,농수산식품
HSK-MTI 연계표,농수산,399,3,농수산식품
HSK-MTI 연계표,농수산,400,3,농수산식품
HSK-MTI 연계표,농수산,401,3,농수산식품
HSK-MTI 연계표,농수산,402,3,농수산식품
HSK-MTI 연계표,농수산,403,3,농수산식품
HSK-MTI 연계표,농수산,404,3,농수산식품
HSK-MTI 연계표,농수산,405,3,농수산식품
HSK-MTI 연계표,농수산,406,3,농수산식품
HSK-MTI 연계표,농수산,407,3,농수산식품
HSK-MTI 연계표,농수산,408,3,농수산식품
HSK-MTI 연계표,농수산,409,3,농수산식품
HSK-MTI 연계표,농수산,410,3,농수산식품
HSK-MTI 연계표,농수산,411,3,농수산식품
HSK-MTI 연계표,농수산,412,3,농수산식품
HSK-MTI 연계표,농수산,413,3,농수산식품
HSK-MTI 연계표,농수산,414,3,농수산식품
HSK-MTI 연계표,농수산,415,3,농수산식품
HSK-MTI 연계표,농수산,416,3,농수산식품
HSK-MTI 연계표,농수산,417,3,농수산식품
HSK-MTI 연계표,농수산,418,3,농수산식품
HSK-MTI 연계표,농수산,419,3,농수산식품
HSK-MTI 연계표,농수산,420,3,농수산식품
HSK-MTI 연계표,농수산,421,3,농수산식품
HSK-MTI 연계표,농수산,422,3,농수산식품
HSK-MTI 연계표,농수산,423,3,농수산식품
HSK-MTI 연계표,농수산,424,3,농수산식품
HSK-MTI 연계표,농수산,425,3,농수산식품
HSK-MTI 연계표,농수산,426,3,농수산식품
HSK-MTI 연계표,농수산,427,3,농수산식품
HSK-MTI 연계표,농수산,428,3,농수산식품
HSK-MTI 연계표,농수산,429,3,농수산식품
HSK-MTI 연계표,농수산,430,3,농수산식품
HSK-MTI 연계표,농수산,431,3,농수산식품
HSK-MTI 연계표,농수산,432,3,농수산식품
HSK-MTI 연계표,농수산,433,3,농수산식품
HSK-MTI 연계표,농수산,434,3,농수산식품
HSK-MTI 연계표,농수산,435,3,농수산식품
HSK-MTI 연계표,농수산,436,3,농수산식품
HSK-MTI 연계표,농수산,437,3,농수산식품
HSK-MTI 연계표,농수산,438,3,농수산식품
HSK-MTI 연계표,농수산,439,3,농수산식품
HSK-MTI 연계표,농수산,440,3,농수산식품
HSK-MTI 연계표,농수산,441,3,농수산식품
HSK-MTI 연계표,농수산,442,3,농수산식품
HSK-MTI 연계표,농수산,443,3,농수산식품
HSK-MTI 연계표,농수산,444,3,농수산식품
HSK-MTI 연계표,농수산,445,3,농수산식품
HSK-MTI 연계표,농수산,446,3,농수산식품
HSK-MTI 연계표,농수산,447,3,농수산식품
HSK-MTI 연계표,농수산,448,3,농수산식품
HSK-MTI 연계표,농수산,449,3,농수산식품
HSK-MTI 연계표,농수산,450,3,농수산식품
HSK-MTI 연계표,농수산,451,3,농수산식품
HSK-MTI 연계표,농수산,452,3,농수산식품
HSK-MTI 연계표,농수산,453,3,농수산식품
HSK-MTI 연계표,농수산,454,3,농수산식품
HSK-MTI 연계표,농수산,455,3,농수산식품
HSK-MTI 연계표,농수산,456,3,농수산식품
HSK-MTI 연계표,농수산,457,3,농수산식품
HSK-MTI 연계표,농수산,458,3,농수산식품
HSK-MTI 연계표,농수산,459,3,농수산식품
HSK-MTI 연계표,농수산,460,3,농수산식품
HSK-MTI 연계표,농수산,461,3,농수산식품
HSK-MTI 연계표,농수산,462,3,농수산식품
HSK-MTI 연계표,농수산,463,3,농수산식품
HSK-MTI 연계표,농수산,464,3,농수산식품
HSK-MTI 연계표,농수산,465,3,농수산식품
HSK-MTI 연계표,농수산,466,3,농수산식품
HSK-MTI 연계표,농수산,467,3,농수산식품
HSK-MTI 연계표,농수산,468,3,농수산식품
HSK-MTI 연계표,농수산,469,3,농수산식품
HSK-MTI 연계표,농수산,470,3,농수산식품
HSK-MTI 연계표,농수산,471,3,농수산식품
HSK-MTI 연계표,농수산,472,3,농수산식품
HSK-MTI 연계표,농수산,473,3,농수산식품
HSK-MTI 연계표,농수산,474,3,농수산식품
HSK-MTI 연계표,농수산,475,3,농수산식품
HSK-MTI 연계표,농수산,476,3,농수산식품
HSK-MTI 연계표,농수산,477,3,농수산식품
HSK-MTI 연계표,농수산,478,3,농수산식품
HSK-MTI 연계표,농수산,479,3,농수산식품
HSK-MTI 연계표,농수산,480,3,농수산식품
HSK-MTI 연계표,농수산,481,3,농수산식품
HSK-MTI 연계표,농수산,482,3,농수산식품
HSK-MTI 연계표,농수산,483,3,농수산식품
HSK-MTI 연계표,농수산,484,3,농수산식품
HSK-MTI 연계표,농수산,485,3,농수산식품
HSK-MTI 연계표,농수산,486,3,농수산식품
HSK-MTI 연계표,농수산,487,3,농수산식품
HSK-MTI 연계표,농수산,488,3,농수산식품
HSK-MTI 연계표,농수산,489,3,농수산식품
HSK-MTI 연계표,농수산,490,3,농수산식품
HSK-MTI 연계표,농수산,491,3,농수산식품
HSK-MTI 연계표,농수산,492,3,농수산식품
HSK-MTI 연계표,농수산,493,3,농수산식품
HSK-MTI 연계표,농수산,494,3,농수산식품
HSK-MTI 연계표,농수산,495,3,농수산식품
HSK-MTI 연계표,농수산,496,3,농수산식품
HSK-MTI 연계표,농수산,497,3,농수산식품
HSK-MTI 연계표,농수산,498,3,농수산식품
HSK-MTI 연계표,농수산,499,3,농수산식품
HSK-MTI 연계표,농수산,500,3,농수산식품
HSK-MTI 연계표,농수산,501,3,농수산식품
HSK-MTI 연계표,농수산,502,3,농수산식품
HSK-MTI 연계표,농수산,503,3,농수산식품
HSK-MTI 연계표,농수산,504,3,농수산식품
HSK-MTI 연계표,농수산,505,3,농수산식품
HSK-MTI 연계표,농수산,506,3,농수산식품
HSK-MTI 연계표,농수산,507,3,농수산식품
HSK-MTI 연계표,농수산,508,3,농수산식품
HSK-MTI 연계표,농수산,509,3,농수산식품
HSK-MTI 연계표,농수산,510,3,농수산식품
HSK-MTI 연계표,농수산,511,3,농수산식품
HSK-MTI 연계표,농수산,512,3,농수산식품
HSK-MTI 연계표,농수산,513,3,농수산식품
HSK-MTI 연계표,농수산,514,3,농수산식품
HSK-MTI 연계표,농수산,515,3,농수산식품
HSK-MTI 연계표,농수산,516,3,농수산식품
HSK-MTI 연계표,농수산,517,3,농수산식품
HSK-MTI 연계표,농수산,518,3,농수산식품
HSK-MTI 연계표,농수산,519,3,농수산식품
HSK-MTI 연계표,농수산,520,3,농수산식품
HSK-MTI 연계표,농수산,521,3,농수산식품
HSK-MTI 연계표,농수산,522,3,농수산식품
HSK-MTI 연계표,농수산,523,3,농수산식품
HSK-MTI 연계표,농수산,524,3,농수산식품
HSK-MTI 연계표,농수산,525,3,농수산식품
HSK-MTI 연계표,농수산,526,3,농수산식품
HSK-MTI 연계표,농수산,527,3,농수산식품
HSK-MTI 연계표,농수산,528,3,농수산식품
HSK-MTI 연계표,농수산,529,3,농수산식품
HSK-MTI 연계표,농수산,530,3,농수산식품
HSK-MTI 연계표,농수산,531,3,농수산식품
HSK-MTI 연계표,농수산,532,3,농수산식품
HSK-MTI 연계표,농수산,533,3,농수산식품
HSK-MTI 연계표,농수산,534,3,농수산식품
HSK-MTI 연계표,농수산,535,3,농수산식품
HSK-MTI 연계표,농수산,536,3,농수산식품
HSK-MTI 연계표,농수산,537,3,농수산식품
HSK-MTI 연계표,농수산,538,3,농수산식품
HSK-MTI 연계표,농수산,539,3,농수산식품
HSK-MTI 연계표,농수산,540,3,농수산식품
HSK-MTI 연계표,농수산,541,3,농수산식품
HSK-MTI 연계표,농수산,542,3,농수산식품
HSK-MTI 연계표,농수산,543,3,농수산식품
HSK-MTI 연계표,농수산,544,3,농수산식품
HSK-MTI 연계표,농수산,545,3,농수산식품
HSK-MTI 연계표,농수산,546,3,농수산식품
HSK-MTI 연계표,농수산,547,3,농수산식품
HSK-MTI 연계표,농수산,548,3,농수산식품
HSK-MTI 연계표,농수산,549,3,농수산식품
HSK-MTI 연계표,농수산,550,3,농수산식품
HSK-MTI 연계표,농수산,551,3,농수산식품
HSK-MTI 연계표,농수산,552,3,농수산식품
HSK-MTI 연계표,농수산,553,3,농수산식품
HSK-MTI 연계표,농수산,554,3,농수산식품
HSK-MTI 연계표,농수산,555,3,농수산식품
HSK-MTI 연계표,농수산,556,3,농수산식품
HSK-MTI 연계표,농수산,557,3,농수산식품
HSK-MTI 연계표,농수산,558,3,농수산식품
HSK-MTI 연계표,농수산,559,3,농수산식품
HSK-MTI 연계표,농수산,560,3,농수산식품
HSK-MTI 연계표,농수산,561,3,농수산식품
HSK-MTI 연계표,농수산,562,3,농수산식품
HSK-MTI 연계표,농수산,563,3,농수산식품
HSK-MTI 연계표,농수산,564,3,농수산식품
HSK-MTI 연계표,농수산,565,3,농수산식품
HSK-MTI 연계표,농수산,566,3,농수산식품
HSK-MTI 연계표,농수산,567,3,농수산식품
HSK-MTI 연계표,농수산,568,3,농수산식품
HSK-MTI 연계표,농수산,569,3,농수산식품
HSK-MTI 연계표,농수산,570,3,농수산식품
HSK-MTI 연계표,농수산,571,3,농수산식품
HSK-MTI 연계표,농수산,572,3,농수산식품
HSK-MTI 연계표,농수산,573,3,농수산식품
HSK-MTI 연계표,농수산,574,3,농수산식품
HSK-MTI 연계표,농수산,575,3,농수산식품
HSK-MTI 연계표,농수산,576,3,농수산식품
HSK-MTI 연계표,농수산,577,3,농수산식품
HSK-MTI 연계표,농수산,578,3,농수산식품
HSK-MTI 연계표,농수산,579,3,농수산식품
HSK-MTI 연계표,농수산,580,3,농수산식품
HSK-MTI 연계표,농수산,581,3,농수산식품
HSK-MTI 연계표,농수산,582,3,농수산식품
HSK-MTI 연계표,농수산,583,3,농수산식품
HSK-MTI 연계표,농수산,584,3,농수산식품
HSK-MTI 연계표,농수산,585,3,농수산식품
HSK-MTI 연계표,농수산,586,3,농수산식품
HSK-MTI 연계표,농수산,587,3,농수산식품
HSK-MTI 연계표,농수산,588,3,농수산식품
HSK-MTI 연계표,농수산,589,3,농수산식품
HSK-MTI 연계표,농수산,590,3,농수산식품
HSK-MTI 연계표,농수산,591,3,농수산식품
HSK-MTI 연계표,농수산,592,3,농수산식품
HSK-MTI 연계표,농수산,593,3,농수산식품
HSK-MTI 연계표,농수산,594,3,농수산식품
HSK-MTI 연계표,농수산,595,3,농수산식품
HSK-MTI 연계표,농수산,596,3,농수산식품
HSK-MTI 연계표,농수산,597,3,농수산식품
HSK-MTI 연계표,농수산,598,3,농수산식품
HSK-MTI 연계표,농수산,599,3,농수산식품
HSK-MTI 연계표,농수산,600,3,농수산식품
HSK-MTI 연계표,농수산,601,3,농수산식품
HSK-MTI 연계표,농수산,602,3,농수산식품
HSK-MTI 연계표,농수산,603,3,농수산식품
HSK-MTI 연계표,농수산,604,3,농수산식품
HSK-MTI 연계표,농수산,605,3,농수산식품
HSK-MTI 연계표,농수산,606,3,농수산식품
HSK-MTI 연계표,농수산,607,3,농수산식품
HSK-MTI 연계표,농수산,608,3,농수산식품
HSK-MTI 연계표,농수산,609,3,농수산식품
HSK-MTI 연계표,농수산,610,3,농수산식품
HSK-MTI 연계표,농수산,611,3,농수산식품
HSK-MTI 연계표,농수산,612,3,농수산식품
HSK-MTI 연계표,농수산,613,3,농수산식품
HSK-MTI 연계표,농수산,614,3,농수산식품
HSK-MTI 연계표,농수산,615,3,농수산식품
HSK-MTI 연계표,농수산,616,3,농수산식품
HSK-MTI 연계표,농수산,617,3,농수산식품
HSK-MTI 연계표,농수산,618,3,농수산식품
HSK-MTI 연계표,농수산,619,3,농수산식품
HSK-MTI 연계표,농수산,620,3,농수산식품
HSK-MTI 연계표,농수산,621,3,농수산식품
HSK-MTI 연계표,농수산,622,3,농수산식품
HSK-MTI 연계표,농수산,623,3,농수산식품
HSK-MTI 연계표,농수산,624,3,농수산식품
HSK-MTI 연계표,농수산,625,3,농수산식품
HSK-MTI 연계표,농수산,626,3,농수산식품
HSK-MTI 연계표,농수산,627,3,농수산식품
HSK-MTI 연계표,농수산,628,3,농수산식품
HSK-MTI 연계표,농수산,629,3,농수산식품
HSK-MTI 연계표,농수산,630,3,농수산식품
HSK-MTI 연계표,농수산,631,3,농수산식품
HSK-MTI 연계표,농수산,632,3,농수산식품
HSK-MTI 연계표,농수산,633,3,농수산식품
HSK-MTI 연계표,농수산,634,3,농수산식품
HSK-MTI 연계표,농수산,635,3,농수산식품
HSK-MTI 연계표,농수산,636,3,농수산식품
HSK-MTI 연계표,농수산,637,3,농수산식품
HSK-MTI 연계표,농수산,638,3,농수산식품
HSK-MTI 연계표,농수산,639,3,농수산식품
HSK-MTI 연계표,농수산,640,3,농수산식품
HSK-MTI 연계표,농수산,641,3,농수산식품
HSK-MTI 연계표,농수산,642,3,농수산식품
HSK-MTI 연계표,농수산,643,3,농수산식품
HSK-MTI 연계표,농수산,644,3,농수산식품
HSK-MTI 연계표,농수산,645,3,농수산식품
HSK-MTI 연계표,농수산,646,3,농수산식품
HSK-MTI 연계표,농수산,647,3,농수산식품
HSK-MTI 연계표,농수산,648,3,농수산식품
HSK-MTI 연계표,농수산,649,3,농수산식품
HSK-MTI 연계표,농수산,650,3,농수산식품
HSK-MTI 연계표,농수산,651,3,농수산식품
HSK-MTI 연계표,농수산,652,3,농수산식품
HSK-MTI 연계표,농수산,653,3,농수산식품
HSK-MTI 연계표,농수산,654,3,농수산식품
HSK-MTI 연계표,농수산,655,3,농수산식품
HSK-MTI 연계표,농수산,656,3,농수산식품
HSK-MTI 연계표,농수산,657,3,농수산식품
HSK-MTI 연계표,농수산,658,3,농수산식품
HSK-MTI 연계표,농수산,659,3,농수산식품
HSK-MTI 연계표,농수산,660,3,농수산식품
HSK-MTI 연계표,농수산,661,3,농수산식품
HSK-MTI 연계표,농수산,662,3,농수산식품
HSK-MTI 연계표,농수산,663,3,농수산식품
HSK-MTI 연계표,농수산,664,3,농수산식품
HSK-MTI 연계표,농수산,665,3,농수산식품
HSK-MTI 연계표,농수산,666,3,농수산식품
HSK-MTI 연계표,농수산,667,3,농수산식품
HSK-MTI 연계표,농수산,668,3,농수산식품
HSK-MTI 연계표,농수산,669,3,농수산식품
HSK-MTI 연계표,농수산,670,3,농수산식품
HSK-MTI 연계표,농수산,671,3,농수산식품
HSK-MTI 연계표,농수산,672,3,농수산식품
HSK-MTI 연계표,농수산,673,3,농수산식품
HSK-MTI 연계표,농수산,674,3,농수산식품
HSK-MTI 연계표,농수산,675,3,농수산식품
HSK-MTI 연계표,농수산,676,3,농수산식품
HSK-MTI 연계표,농수산,677,3,농수산식품
HSK-MTI 연계표,농수산,678,3,농수산식품
HSK-MTI 연계표,농수산,679,3,농수산식품
HSK-MTI 연계표,농수산,680,3,농수산식품
HSK-MTI 연계표,농수산,681,3,농수산식품
HSK-MTI 연계표,농수산,682,3,농수산식품
HSK-MTI 연계표,농수산,683,3,농수산식품
HSK-MTI 연계표,농수산,684,3,농수산식품
HSK-MTI 연계표,농수산,685,3,농수산식품
HSK-MTI 연계표,농수산,686,3,농수산식품
HSK-MTI 연계표,농수산,687,3,농수산식품
HSK-MTI 연계표,농수산,688,3,농수산식품
HSK-MTI 연계표,농수산,689,3,농수산식품
HSK-MTI 연계표,농수산,690,3,농수산식품
HSK-MTI 연계표,농수산,691,3,농수산식품
HSK-MTI 연계표,농수산,693,3,농수산식품
HSK-MTI 연계표,농수산,694,3,농수산식품
HSK-MTI 연계표,농수산,695,3,농수산식품
HSK-MTI 연계표,농수산,696,3,농수산식품
HSK-MTI 연계표,농수산,697,3,농수산식품
HSK-MTI 연계표,농수산,698,3,농수산식품
HSK-MTI 연계표,농수산,699,3,농수산식품
HSK-MTI 연계표,농수산,700,3,농수산식품
HSK-MTI 연계표,농수산,701,3,농수산식품
HSK-MTI 연계표,농수산,702,3,농수산식품
HSK-MTI 연계표,농수산,703,3,농수산식품
HSK-MTI 연계표,농수산,704,3,농수산식품
HSK-MTI 연계표,농수산,705,3,농수산식품
HSK-MTI 연계표,농수산,706,3,농수산식품
HSK-MTI 연계표,농수산,707,3,농수산식품
HSK-MTI 연계표,농수산,708,3,농수산식품
HSK-MTI 연계표,농수산,709,3,농수산식품
HSK-MTI 연계표,농수산,710,3,농수산식품
HSK-MTI 연계표,농수산,711,3,농수산식품
HSK-MTI 연계표,농수산,712,3,농수산식품
HSK-MTI 연계표,농수산,713,3,농수산식품
HSK-MTI 연계표,농수산,714,3,농수산식품
HSK-MTI 연계표,농수산,715,3,농수산식품
HSK-MTI 연계표,농수산,716,3,농수산식품
HSK-MTI 연계표,농수산,717,3,농수산식품
HSK-MTI 연계표,농수산,718,3,농수산식품
HSK-MTI 연계표,생활용품,719,3,생활용품
HSK-MTI 연계표,생활용품,720,3,생활용품
HSK-MTI 연계표,생활용품,721,3,생활용품
HSK-MTI 연계표,생활용품,722,3,생활용품
HSK-MTI 연계표,생활용품,723,3,생활용품
HSK-MTI 연계표,생활용품,724,3,생활용품
HSK-MTI 연계표,생활용품,725,3,생활용품
HSK-MTI 연계표,생활용품,726,3,생활용품
HSK-MTI 연계표,생활용품,727,3,생활용품
HSK-MTI 연계표,생활용품,728,3,생활용품
HSK-MTI 연계표,농수산,729,3,농수산식품
HSK-MTI 연계표,농수산,730,3,농수산식품
HSK-MTI 연계표,농수산,731,3,농수산식품
HSK-MTI 연계표,농수산,732,3,농수산식품
HSK-MTI 연계표,농수산,733,3,농수산식품
HSK-MTI 연계표,농수산,734,3,농수산식품
HSK-MTI 연계표,농수산,735,3,농수산식품
HSK-MTI 연계표,농수산,736,3,농수산식품
HSK-MTI 연계표,농수산,737,3,농수산식품
HSK-MTI 연계표,농수산,738,3,농수산식품
HSK-MTI 연계표,농수산,739,3,농수산식품
HSK-MTI 연계표,농수산,740,3,농수산식품
HSK-MTI 연계표,농수산,741,3,농수산식품
HSK-MTI 연계표,농수산,742,3,농수산식품
HSK-MTI 연계표,농수산,743,3,농수산식품
HSK-MTI 연계표,농수산,744,3,농수산식품
HSK-MTI 연계표,농수산,745,3,농수산식품
HSK-MTI 연계표,농수산,746,3,농수산식품
HSK-MTI 연계표,농수산,747,3,농수산식품
HSK-MTI 연계표,농수산,748,3,농수산식품
HSK-MTI 연계표,농수산,749,3,농수산식품
HSK-MTI 연계표,농수산,750,3,농수산식품
HSK-MTI 연계표,농수산,751,3,농수산식품
HSK-MTI 연계표,농수산,752,3,농수산식품
HSK-MTI 연계표,농수산,753,3,농수산식품
HSK-MTI 연계표,농수산,754,3,농수산식품
HSK-MTI 연계표,농수산,755,3,농수산식품
HSK-MTI 연계표,농수산,756,3,농수산식품
HSK-MTI 연계표,농수산,757,3,농수산식품
HSK-MTI 연계표,농수산,758,3,농수산식품
HSK-MTI 연계표,농수산,759,3,농수산식품
HSK-MTI 연계표,농수산,760,3,농수산식품
HSK-MTI 연계표,농수산,761,3,농수산식품
HSK-MTI 연계표,농수산,762,3,농수산식품
HSK-MTI 연계표,농수산,763,3,농수산식품
HSK-MTI 연계표,농수산,764,3,농수산식품
HSK-MTI 연계표,농수산,765,3,농수산식품
HSK-MTI 연계표,농수산,766,3,농수산식품
HSK-MTI 연계표,농수산,767,3,농수산식품
HSK-MTI 연계표,농수산,768,3,농수산식품
HSK-MTI 연계표,농수산,769,3,농수산식품
HSK-MTI 연계표,농수산,770,3,농수산식품
HSK-MTI 연계표,농수산,771,3,농수산식품
HSK-MTI 연계표,농수산,772,3,농수산식품
HSK-MTI 연계표,농수산,773,3,농수산식품
HSK-MTI 연계표,농수산,774,3,농수산식품
HSK-MTI 연계표,농수산,775,3,농수산식품
HSK-MTI 연계표,농수산,776,3,농수산식품
HSK-MTI 연계표,농수산,777,3,농수산식품
HSK-MTI 연계표,농수산,778,3,농수산식품
HSK-MTI 연계표,농수산,779,3,농수산식품
HSK-MTI 연계표,농수산,780,3,농수산식품
HSK-MTI 연계표,농수산,781,3,농수산식품
HSK-MTI 연계표,농수산,782,3,농수산식품
HSK-MTI 연계표,농수산,783,3,농수산식품
HSK-MTI 연계표,농수산,784,3,농수산식품
HSK-MTI 연계표,농수산,785,3,농수산식품
HSK-MTI 연계표,농수산,786,3,농수산식품
HSK-MTI 연계표,농수산,787,3,농수산식품
HSK-MTI 연계표,농수산,788,3,농수산식품
HSK-MTI 연계표,농수산,789,3,농수산식품
HSK-MTI 연계표,농수산,790,3,농수산식품
HSK-MTI 연계표,농수산,791,3,농수산식품
HSK-MTI 연계표,농수산,792,3,농수산식품
HSK-MTI 연계표,농수산,793,3,농수산식품
HSK-MTI 연계표,농수산,794,3,농수산식품
HSK-MTI 연계표,농수산,795,3,농수산식품
HSK-MTI 연계표,농수산,796,3,농수산식품
HSK-MTI 연계표,농수산,797,3,농수산식품
HSK-MTI 연계표,농수산,798,3,농수산식품
HSK-MTI 연계표,농수산,799,3,농수산식품
HSK-MTI 연계표,농수산,800,3,농수산식품
HSK-MTI 연계표,농수산,801,3,농수산식품
HSK-MTI 연계표,농수산,802,3,농수산식품
HSK-MTI 연계표,농수산,803,3,농수산식품
HSK-MTI 연계표,농수산,804,3,농수산식품
HSK-MTI 연계표,농수산,805,3,농수산식품
HSK-MTI 연계표,농수산,806,3,농수산식품
HSK-MTI 연계표,농수산,807,3,농수산식품
HSK-MTI 연계표,농수산,808,3,농수산식품
HSK-MTI 연계표,농수산,809,3,농수산식품
HSK-MTI 연계표,농수산,810,3,농수산식품
HSK-MTI 연계표,농수산,811,3,농수산식품
HSK-MTI 연계표,농수산,812,3,농수산식품
HSK-MTI 연계표,농수산,813,3,농수산식품
HSK-MTI 연계표,농수산,814,3,농수산식품
HSK-MTI 연계표,농수산,815,3,농수산식품
HSK-MTI 연계표,농수산,816,3,농수산식품
HSK-MTI 연계표,농수산,817,3,농수산식품
HSK-MTI 연계표,농수산,818,3,농수산식품
HSK-MTI 연계표,농수산,819,3,농수산식품
HSK-MTI 연계표,농수산,820,3,농수산식품
HSK-MTI 연계표,농수산,821,3,농수산식품
HSK-MTI 연계표,농수산,822,3,농수산식품
HSK-MTI 연계표,농수산,823,3,농수산식품
HSK-MTI 연계표,농수산,824,3,농수산식품
HSK-MTI 연계표,농수산,825,3,농수산식품
HSK-MTI 연계표,농수산,826,3,농수산식품
HSK-MTI 연계표,농수산,827,3,농수산식품
HSK-MTI 연계표,농수산,828,3,농수산식품
HSK-MTI 연계표,농수산,829,3,농수산식품
HSK-MTI 연계표,농수산,830,3,농수산식품
HSK-MTI 연계표,농수산,831,3,농수산식품
HSK-MTI 연계표,농수산,832,3,농수산식품
HSK-MTI 연계표,농수산,833,3,농수산식품
HSK-MTI 연계표,농수산,834,3,농수산식품
HSK-MTI 연계표,농수산,835,3,농수산식품
HSK-MTI 연계표,농수산,836,3,농수산식품
HSK-MTI 연계표,농수산,837,3,농수산식품
HSK-MTI 연계표,농수산,838,3,농수산식품
HSK-MTI 연계표,농수산,839,3,농수산식품
HSK-MTI 연계표,농수산,840,3,농수산식품
HSK-MTI 연계표,농수산,841,3,농수산식품
HSK-MTI 연계표,농수산,842,3,농수산식품
HSK-MTI 연계표,농수산,843,3,농수산식품
HSK-MTI 연계표,농수산,844,3,농수산식품
HSK-MTI 연계표,농수산,845,3,농수산식품
HSK-MTI 연계표,농수산,846,3,농수산식품
HSK-MTI 연계표,농수산,847,3,농수산식품
HSK-MTI 연계표,농수산,848,3,농수산식품
HSK-MTI 연계표,농수산,849,3,농수산식품
HSK-MTI 연계표,농수산,850,3,농수산식품
HSK-MTI 연계표,농수산,851,3,농수산식품
HSK-MTI 연계표,농수산,852,3,농수산식품
HSK-MTI 연계표,농수산,853,3,농수산식품
HSK-MTI 연계표,농수산,854,3,농수산식품
HSK-MTI 연계표,농수산,855,3,농수산식품
HSK-MTI 연계표,농수산,856,3,농수산식품
HSK-MTI 연계표,농수산,857,3,농수산식품
HSK-MTI 연계표,농수산,858,3,농수산식품
HSK-MTI 연계표,농수산,859,3,농수산식품
HSK-MTI 연계표,농수산,860,3,농수산식품
HSK-MTI 연계표,농수산,861,3,농수산식품
HSK-MTI 연계표,농수산,862,3,농수산식품
HSK-MTI 연계표,농수산,863,3,농수산식품
HSK-MTI 연계표,농수산,864,3,농수산식품
HSK-MTI 연계표,농수산,865,3,농수산식품
HSK-MTI 연계표,농수산,866,3,농수산식품
HSK-MTI 연계표,농수산,867,3,농수산식품
HSK-MTI 연계표,농수산,868,3,농수산식품
HSK-MTI 연계표,농수산,869,3,농수산식품
HSK-MTI 연계표,농수산,870,3,농수산식품
HSK-MTI 연계표,농수산,871,3,농수산식품
HSK-MTI 연계표,농수산,872,3,농수산식품
HSK-MTI 연계표,농수산,873,3,농수산식품
HSK-MTI 연계표,농수산,874,3,농수산식품
HSK-MTI 연계표,농수산,875,3,농수산식품
HSK-MTI 연계표,농수산,876,3,농수산식품
HSK-MTI 연계표,농수산,877,3,농수산식품
HSK-MTI 연계표,농수산,878,3,농수산식품
HSK-MTI 연계표,농수산,879,3,농수산식품
HSK-MTI 연계표,농수산,880,3,농수산식품
HSK-MTI 연계표,농수산,881,3,농수산식품
HSK-MTI 연계표,농수산,882,3,농수산식품
HSK-MTI 연계표,농수산,883,3,농수산식품
HSK-MTI 연계표,농수산,884,3,농수산식품
HSK-MTI 연계표,농수산,885,3,농수산식품
HSK-MTI 연계표,농수산,886,3,농수산식품
HSK-MTI 연계표,농수산,887,3,농수산식품
HSK-MTI 연계표,농수산,888,3,농수산식품
HSK-MTI 연계표,농수산,889,3,농수산식품
HSK-MTI 연계표,농수산,890,3,농수산식품
HSK-MTI 연계표,농수산,891,3,농수산식품
HSK-MTI 연계표,농수산,892,3,농수산식품
HSK-MTI 연계표,농수산,893,3,농수산식품
HSK-MTI 연계표,농수산,894,3,농수산식품
HSK-MTI 연계표,농수산,895,3,농수산식품
HSK-MTI 연계표,농수산,896,3,농수산식품
HSK-MTI 연계표,농수산,897,3,농수산식품
HSK-MTI 연계표,농수산,898,3,농수산식품
HSK-MTI 연계표,농수산,899,3,농수산식품
HSK-MTI 연계표,농수산,900,3,농수산식품
HSK-MTI 연계표,농수산,901,3,농수산식품
HSK-MTI 연계표,농수산,902,3,농수산식품
HSK-MTI 연계표,농수산,903,3,농수산식품
HSK-MTI 연계표,농수산,904,3,농수산식품
HSK-MTI 연계표,농수산,905,3,농수산식품
HSK-MTI 연계표,농수산,906,3,농수산식품
HSK-MTI 연계표,농수산,907,3,농수산식품
HSK-MTI 연계표,농수산,908,3,농수산식품
HSK-MTI 연계표,농수산,909,3,농수산식품
HSK-MTI 연계표,농수산,910,3,농수산식품
HSK-MTI 연계표,농수산,911,3,농수산식품
HSK-MTI 연계표,농수산,912,3,농수산식품
HSK-MTI 연계표,농수산,913,3,농수산식품
HSK-MTI 연계표,농수산,914,3,농수산식품
HSK-MTI 연계표,농수산,915,3,농수산식품
HSK-MTI 연계표,농수산,916,3,농수산식품
HSK-MTI 연계표,농수산,917,3,농수산식품
HSK-MTI 연계표,농수산,918,3,농수산식품
HSK-MTI 연계표,농수산,919,3,농수산식품
HSK-MTI 연계표,농수산,920,3,농수산식품
HSK-MTI 연계표,농수산,921,3,농수산식품
HSK-MTI 연계표,농수산,922,3,농수산식품
HSK-MTI 연계표,농수산,923,3,농수산식품
HSK-MTI 연계표,농수산,924,3,농수산식품
HSK-MTI 연계표,농수산,925,3,농수산식품
HSK-MTI 연계표,농수산,926,3,농수산식품
HSK-MTI 연계표,농수산,927,3,농수산식품
HSK-MTI 연계표,농수산,928,3,농수산식품
HSK-MTI 연계표,농수산,929,3,농수산식품
HSK-MTI 연계표,농수산,930,3,농수산식품
HSK-MTI 연계표,농수산,931,3,농수산식품
HSK-MTI 연계표,농수산,932,3,농수산식품
HSK-MTI 연계표,농수산,933,3,농수산식품
HSK-MTI 연계표,농수산,934,3,농수산식품
HSK-MTI 연계표,농수산,935,3,농수산식품
HSK-MTI 연계표,농수산,936,3,농수산식품
HSK-MTI 연계표,농수산,937,3,농수산식품
HSK-MTI 연계표,농수산,938,3,농수산식품
HSK-MTI 연계표,농수산,939,3,농수산식품
HSK-MTI 연계표,농수산,940,3,농수산식품
HSK-MTI 연계표,농수산,941,3,농수산식품
HSK-MTI 연계표,농수산,942,3,농수산식품
HSK-MTI 연계표,농수산,943,3,농수산식품
HSK-MTI 연계표,농수산,944,3,농수산식품
HSK-MTI 연계표,농수산,945,3,농수산식품
HSK-MTI 연계표,농수산,946,3,농수산식품
HSK-MTI 연계표,농수산,947,3,농수산식품
HSK-MTI 연계표,농수산,948,3,농수산식품
HSK-MTI 연계표,농수산,949,3,농수산식품
HSK-MTI 연계표,농수산,950,3,농수산식품
HSK-MTI 연계표,농수산,951,3,농수산식품
HSK-MTI 연계표,농수산,952,3,농수산식품
HSK-MTI 연계표,농수산,953,3,농수산식품
HSK-MTI 연계표,농수산,954,3,농수산식품
HSK-MTI 연계표,농수산,955,3,농수산식품
HSK-MTI 연계표,농수산,956,3,농수산식품
HSK-MTI 연계표,농수산,957,3,농수산식품
HSK-MTI 연계표,농수산,958,3,농수산식품
HSK-MTI 연계표,농수산,959,3,농수산식품
HSK-MTI 연계표,농수산,960,3,농수산식품
HSK-MTI 연계표,농수산,961,3,농수산식품
HSK-MTI 연계표,농수산,962,3,농수산식품
HSK-MTI 연계표,농수산,963,3,농수산식품
HSK-MTI 연계표,농수산,964,3,농수산식품
HSK-MTI 연계표,농수산,965,3,농수산식품
HSK-MTI 연계표,농수산,966,3,농수산식품
HSK-MTI 연계표,농수산,967,3,농수산식품
HSK-MTI 연계표,농수산,968,3,농수산식품
HSK-MTI 연계표,농수산,969,3,농수산식품
HSK-MTI 연계표,농수산,970,3,농수산식품
HSK-MTI 연계표,농수산,971,3,농수산식품
HSK-MTI 연계표,농수산,972,3,농수산식품
HSK-MTI 연계표,농수산,973,3,농수산식품
HSK-MTI 연계표,농수산,974,3,농수산식품
HSK-MTI 연계표,농수산,975,3,농수산식품
HSK-MTI 연계표,농수산,976,3,농수산식품
HSK-MTI 연계표,농수산,977,3,농수산식품
HSK-MTI 연계표,농수산,978,3,농수산식품
HSK-MTI 연계표,농수산,979,3,농수산식품
HSK-MTI 연계표,농수산,980,3,농수산식품
HSK-MTI 연계표,농수산,981,3,농수산식품
HSK-MTI 연계표,농수산,982,3,농수산식품
HSK-MTI 연계표,농수산,983,3,농수산식품
HSK-MTI 연계표,농수산,984,3,농수산식품
HSK-MTI 연계표,농수산,985,3,농수산식품
HSK-MTI 연계표,농수산,986,3,농수산식품
HSK-MTI 연계표,농수산,987,3,농수산식품
HSK-MTI 연계표,농수산,988,3,농수산식품
HSK-MTI 연계표,농수산,989,3,농수산식품
HSK-MTI 연계표,농수산,990,3,농수산식품
HSK-MTI 연계표,농수산,991,3,농수산식품
HSK-MTI 연계표,농수산,992,3,농수산식품
HSK-MTI 연계표,농수산,993,3,농수산식품
HSK-MTI 연계표,농수산,994,3,농수산식품
HSK-MTI 연계표,농수산,995,3,농수산식품
HSK-MTI 연계표,농수산,996,3,농수산식품
HSK-MTI 연계표,농수산,997,3,농수산식품
HSK-MTI 연계표,농수산,998,3,농수산식품
HSK-MTI 연계표,농수산,999,3,농수산식품
HSK-MTI 연계표,농수산,1000,3,농수산식품
HSK-MTI 연계표,농수산,1001,3,농수산식품
HSK-MTI 연계표,농수산,1002,3,농수산식품
HSK-MTI 연계표,농수산,1003,3,농수산식품
HSK-MTI 연계표,농수산,1004,3,농수산식품
HSK-MTI 연계표,농수산,1005,3,농수산식품
HSK-MTI 연계표,농수산,1006,3,농수산식품
HSK-MTI 연계표,농수산,1007,3,농수산식품
HSK-MTI 연계표,농수산,1008,3,농수산식품
HSK-MTI 연계표,농수산,1009,3,농수산식품
HSK-MTI 연계표,농수산,1010,3,농수산식품
HSK-MTI 연계표,농수산,1011,3,농수산식품
HSK-MTI 연계표,농수산,1012,3,농수산식품
HSK-MTI 연계표,농수산,1013,3,농수산식품
HSK-MTI 연계표,농수산,1014,3,농수산식품
HSK-MTI 연계표,농수산,1015,3,농수산식품
HSK-MTI 연계표,농수산,1016,3,농수산식품
HSK-MTI 연계표,농수산,1017,3,농수산식품
HSK-MTI 연계표,농수산,1018,3,농수산식품
HSK-MTI 연계표,농수산,1019,3,농수산식품
HSK-MTI 연계표,농수산,1020,3,농수산식품
HSK-MTI 연계표,농수산,1021,3,농수산식품
HSK-MTI 연계표,농수산,1022,3,농수산식품
HSK-MTI 연계표,농수산,1023,3,농수산식품
HSK-MTI 연계표,농수산,1024,3,농수산식품
HSK-MTI 연계표,농수산,1025,3,농수산식품
HSK-MTI 연계표,농수산,1026,3,농수산식품
HSK-MTI 연계표,농수산,1027,3,농수산식품
HSK-MTI 연계표,농수산,1028,3,농수산식품
HSK-MTI 연계표,농수산,1029,3,농수산식품
HSK-MTI 연계표,농수산,1030,3,농수산식품
HSK-MTI 연계표,농수산,1031,3,농수산식품
HSK-MTI 연계표,농수산,1032,3,농수산식품
HSK-MTI 연계표,농수산,1033,3,농수산식품
HSK-MTI 연계표,농수산,1034,3,농수산식품
HSK-MTI 연계표,농수산,1035,3,농수산식품
HSK-MTI 연계표,농수산,1036,3,농수산식품
HSK-MTI 연계표,농수산,1037,3,농수산식품
HSK-MTI 연계표,농수산,1038,3,농수산식품
HSK-MTI 연계표,농수산,1039,3,농수산식품
HSK-MTI 연계표,농수산,1040,3,농수산식품
HSK-MTI 연계표,농수산,1041,3,농수산식품
HSK-MTI 연계표,농수산,1042,3,농수산식품
HSK-MTI 연계표,농수산,1043,3,농수산식품
HSK-MTI 연계표,농수산,1044,3,농수산식품
HSK-MTI 연계표,농수산,1045,3,농수산식품
HSK-MTI 연계표,농수산,1046,3,농수산식품
HSK-MTI 연계표,농수산,1047,3,농수산식품
HSK-MTI 연계표,농수산,1048,3,농수산식품
HSK-MTI 연계표,농수산,1049,3,농수산식품
HSK-MTI 연계표,농수산,1050,3,농수산식품
HSK-MTI 연계표,농수산,1051,3,농수산식품
HSK-MTI 연계표,농수산,1052,3,농수산식품
HSK-MTI 연계표,농수산,1053,3,농수산식품
HSK-MTI 연계표,농수산,1054,3,농수산식품
HSK-MTI 연계표,농수산,1055,3,농수산식품
HSK-MTI 연계표,농수산,1056,3,농수산식품
HSK-MTI 연계표,농수산,1057,3,농수산식품
HSK-MTI 연계표,농수산,1058,3,농수산식품
HSK-MTI 연계표,농수산,1059,3,농수산식품
HSK-MTI 연계표,농수산,1060,3,농수산식품
HSK-MTI 연계표,농수산,1061,3,농수산식품
HSK-MTI 연계표,농수산,1062,3,농수산식품
HSK-MTI 연계표,농수산,1063,3,농수산식품
HSK-MTI 연계표,농수산,1064,3,농수산식품
HSK-MTI 연계표,농수산,1065,3,농수산식품
HSK-MTI 연계표,농수산,1066,3,농수산식품
HSK-MTI 연계표,농수산,1067,3,농수산식품
HSK-MTI 연계표,농수산,1068,3,농수산식품
HSK-MTI 연계표,농수산,1069,3,농수산식품
HSK-MTI 연계표,농수산,1070,3,농수산식품
HSK-MTI 연계표,농수산,1071,3,농수산식품
HSK-MTI 연계표,농수산,1072,3,농수산식품
HSK-MTI 연계표,농수산,1073,3,농수산식품
HSK-MTI 연계표,농수산,1074,3,농수산식품
HSK-MTI 연계표,농수산,1075,3,농수산식품
HSK-MTI 연계표,농수산,1076,3,농수산식품
HSK-MTI 연계표,농수산,1077,3,농수산식품
HSK-MTI 연계표,농수산,1078,3,농수산식품
HSK-MTI 연계표,농수산,1079,3,농수산식품
HSK-MTI 연계표,농수산,1080,3,농수산식품
HSK-MTI 연계표,농수산,1081,3,농수산식품
HSK-MTI 연계표,농수산,1082,3,농수산식품
HSK-MTI 연계표,농수산,1083,3,농수산식품
HSK-MTI 연계표,농수산,1084,3,농수산식품
HSK-MTI 연계표,농수산,1085,3,농수산식품
HSK-MTI 연계표,농수산,1086,3,농수산식품
HSK-MTI 연계표,농수산,1087,3,농수산식품
HSK-MTI 연계표,농수산,1088,3,농수산식품
HSK-MTI 연계표,농수산,1089,3,농수산식품
HSK-MTI 연계표,농수산,1090,3,농수산식품
HSK-MTI 연계표,농수산,1091,3,농수산식품
HSK-MTI 연계표,농수산,1092,3,농수산식품
HSK-MTI 연계표,농수산,1093,3,농수산식품
HSK-MTI 연계표,농수산,1094,3,농수산식품
HSK-MTI 연계표,농수산,1095,3,농수산식품
HSK-MTI 연계표,농수산,1096,3,농수산식품
HSK-MTI 연계표,농수산,1097,3,농수산식품
HSK-MTI 연계표,농수산,1098,3,농수산식품
HSK-MTI 연계표,농수산,1099,3,농수산식품
HSK-MTI 연계표,농수산,1100,3,농수산식품
HSK-MTI 연계표,농수산,1101,3,농수산식품
HSK-MTI 연계표,농수산,1102,3,농수산식품
HSK-MTI 연계표,농수산,1103,3,농수산식품
HSK-MTI 연계표,농수산,1104,3,농수산식품
HSK-MTI 연계표,농수산,1105,3,농수산식품
HSK-MTI 연계표,농수산,1106,3,농수산식품
HSK-MTI 연계표,농수산,1107,3,농수산식품
HSK-MTI 연계표,농수산,1108,3,농수산식품
HSK-MTI 연계표,농수산,1109,3,농수산식품
HSK-MTI 연계표,농수산,1110,3,농수산식품
HSK-MTI 연계표,농수산,1111,3,농수산식품
HSK-MTI 연계표,농수산,1112,3,농수산식품
HSK-MTI 연계표,농수산,1113,3,농수산식품
HSK-MTI 연계표,농수산,1114,3,농수산식품
HSK-MTI 연계표,농수산,1115,3,농수산식품
HSK-MTI 연계표,농수산,1116,3,농수산식품
HSK-MTI 연계표,농수산,1117,3,농수산식품
HSK-MTI 연계표,농수산,1118,3,농수산식품
HSK-MTI 연계표,농수산,1119,3,농수산식품
HSK-MTI 연계표,농수산,1120,3,농수산식품
HSK-MTI 연계표,농수산,1121,3,농수산식품
HSK-MTI 연계표,농수산,1122,3,농수산식품
HSK-MTI 연계표,농수산,1123,3,농수산식품
HSK-MTI 연계표,농수산,1124,3,농수산식품
HSK-MTI 연계표,농수산,1125,3,농수산식품
HSK-MTI 연계표,농수산,1126,3,농수산식품
HSK-MTI 연계표,농수산,1127,3,농수산식품
HSK-MTI 연계표,농수산,1128,3,농수산식품
HSK-MTI 연계표,농수산,1129,3,농수산식품
HSK-MTI 연계표,농수산,1130,3,농수산식품
HSK-MTI 연계표,농수산,1131,3,농수산식품
HSK-MTI 연계표,농수산,1132,3,농수산식품
HSK-MTI 연계표,농수산,1133,3,농수산식품
HSK-MTI 연계표,농수산,1134,3,농수산식품
HSK-MTI 연계표,농수산,1135,3,농수산식품
HSK-MTI 연계표,농수산,1136,3,농수산식품
HSK-MTI 연계표,농수산,1137,3,농수산식품
HSK-MTI 연계표,농수산,1138,3,농수산식품
HSK-MTI 연계표,농수산,1139,3,농수산식품
HSK-MTI 연계표,농수산,1140,3,농수산식품
HSK-MTI 연계표,농수산,1141,3,농수산식품
HSK-MTI 연계표,농수산,1142,3,농수산식품
HSK-MTI 연계표,농수산,1143,3,농수산식품
HSK-MTI 연계표,농수산,1144,3,농수산식품
HSK-MTI 연계표,농수산,1145,3,농수산식품
HSK-MTI 연계표,농수산,1146,3,농수산식품
HSK-MTI 연계표,농수산,1147,3,농수산식품
HSK-MTI 연계표,농수산,1148,3,농수산식품
HSK-MTI 연계표,농수산,1149,3,농수산식품
HSK-MTI 연계표,농수산,1150,3,농수산식품
HSK-MTI 연계표,농수산,1151,3,농수산식품
HSK-MTI 연계표,농수산,1152,3,농수산식품
HSK-MTI 연계표,농수산,1153,3,농수산식품
HSK-MTI 연계표,농수산,1154,3,농수산식품
HSK-MTI 연계표,농수산,1155,3,농수산식품
HSK-MTI 연계표,농수산,1156,3,농수산식품
HSK-MTI 연계표,농수산,1157,3,농수산식품
HSK-MTI 연계표,농수산,1158,3,농수산식품
HSK-MTI 연계표,농수산,1159,3,농수산식품
HSK-MTI 연계표,농수산,1160,3,농수산식품
HSK-MTI 연계표,농수산,1161,3,농수산식품
HSK-MTI 연계표,농수산,1162,3,농수산식품
HSK-MTI 연계표,농수산,1163,3,농수산식품
HSK-MTI 연계표,농수산,1164,3,농수산식품
HSK-MTI 연계표,농수산,1165,3,농수산식품
HSK-MTI 연계표,농수산,1166,3,농수산식품
HSK-MTI 연계표,농수산,1167,3,농수산식품
HSK-MTI 연계표,농수산,1168,3,농수산식품
HSK-MTI 연계표,농수산,1169,3,농수산식품
HSK-MTI 연계표,농수산,1170,3,농수산식품
HSK-MTI 연계표,농수산,1171,3,농수산식품
HSK-MTI 연계표,농수산,1172,3,농수산식품
HSK-MTI 연계표,농수산,1173,3,농수산식품
HSK-MTI 연계표,농수산,1174,3,농수산식품
HSK-MTI 연계표,농수산,1175,3,농수산식품
HSK-MTI 연계표,농수산,1176,3,농수산식품
HSK-MTI 연계표,농수산,1177,3,농수산식품
HSK-MTI 연계표,농수산,1178,3,농수산식품
HSK-MTI 연계표,농수산,1179,3,농수산식품
HSK-MTI 연계표,농수산,1180,3,농수산식품
HSK-MTI 연계표,농수산,1181,3,농수산식품
HSK-MTI 연계표,농수산,1182,3,농수산식품
HSK-MTI 연계표,농수산,1183,3,농수산식품
HSK-MTI 연계표,농수산,1184,3,농수산식품
HSK-MTI 연계표,바이오,1185,3,바이오헬스
HSK-MTI 연계표,농수산,1186,3,농수산식품
HSK-MTI 연계표,농수산,1187,3,농수산식품
HSK-MTI 연계표,농수산,1188,3,농수산식품
HSK-MTI 연계표,농수산,1189,3,농수산식품
HSK-MTI 연계표,농수산,1190,3,농수산식품
HSK-MTI 연계표,농수산,1191,3,농수산식품
HSK-MTI 연계표,농수산,1192,3,농수산식품
HSK-MTI 연계표,농수산,1193,3,농수산식품
HSK-MTI 연계표,농수산,1194,3,농수산식품
HSK-MTI 연계표,농수산,1195,3,농수산식품
HSK-MTI 연계표,농수산,1196,3,농수산식품
HSK-MTI 연계표,농수산,1197,3,농수산식품
HSK-MTI 연계표,농수산,1198,3,농수산식품
HSK-MTI 연계표,농수산,1199,3,농수산식품
HSK-MTI 연계표,농수산,1200,3,농수산식품
HSK-MTI 연계표,농수산,1201,3,농수산식품
HSK-MTI 연계표,농수산,1202,3,농수산식품
HSK-MTI 연계표,농수산,1203,3,농수산식품
HSK-MTI 연계표,농수산,1204,3,농수산식품
HSK-MTI 연계표,농수산,1205,3,농수산식품
HSK-MTI 연계표,농수산,1206,3,농수산식품
HSK-MTI 연계표,농수산,1207,3,농수산식품
HSK-MTI 연계표,농수산,1208,3,농수산식품
HSK-MTI 연계표,농수산,1209,3,농수산식품
HSK-MTI 연계표,농수산,1210,3,농수산식품
HSK-MTI 연계표,농수산,1211,3,농수산식품
HSK-MTI 연계표,농수산,1212,3,농수산식품
HSK-MTI 연계표,농수산,1213,3,농수산식품
HSK-MTI 연계표,농수산,1214,3,농수산식품
HSK-MTI 연계표,농수산,1215,3,농수산식품
HSK-MTI 연계표,농수산,1216,3,농수산식품
HSK-MTI 연계표,농수산,1217,3,농수산식품
HSK-MTI 연계표,농수산,1218,3,농수산식품
HSK-MTI 연계표,농수산,1219,3,농수산식품
HSK-MTI 연계표,농수산,1220,3,농수산식품
HSK-MTI 연계표,농수산,1221,3,농수산식품
HSK-MTI 연계표,농수산,1222,3,농수산식품
HSK-MTI 연계표,농수산,1223,3,농수산식품
HSK-MTI 연계표,농수산,1224,3,농수산식품
HSK-MTI 연계표,농수산,1225,3,농수산식품
HSK-MTI 연계표,농수산,1226,3,농수산식품
HSK-MTI 연계표,농수산,1227,3,농수산식품
HSK-MTI 연계표,농수산,1228,3,농수산식품
HSK-MTI 연계표,농수산,1229,3,농수산식품
HSK-MTI 연계표,농수산,1230,3,농수산식품
HSK-MTI 연계표,농수산,1231,3,농수산식품
HSK-MTI 연계표,농수산,1232,3,농수산식품
HSK-MTI 연계표,농수산,1233,3,농수산식품
HSK-MTI 연계표,농수산,1234,3,농수산식품
HSK-MTI 연계표,농수산,1235,3,농수산식품
HSK-MTI 연계표,농수산,1236,3,농수산식품
HSK-MTI 연계표,농수산,1237,3,농수산식품
HSK-MTI 연계표,농수산,1238,3,농수산식품
HSK-MTI 연계표,농수산,1239,3,농수산식품
HSK-MTI 연계표,농수산,1240,3,농수산식품
HSK-MTI 연계표,농수산,1241,3,농수산식품
HSK-MTI 연계표,농수산,1242,3,농수산식품
HSK-MTI 연계표,농수산,1243,3,농수산식품
HSK-MTI 연계표,농수산,1244,3,농수산식품
HSK-MTI 연계표,농수산,1245,3,농수산식품
HSK-MTI 연계표,농수산,1246,3,농수산식품
HSK-MTI 연계표,농수산,1247,3,농수산식품
HSK-MTI 연계표,농수산,1248,3,농수산식품
HSK-MTI 연계표,농수산,1249,3,농수산식품
HSK-MTI 연계표,농수산,1250,3,농수산식품
HSK-MTI 연계표,농수산,1251,3,농수산식품
HSK-MTI 연계표,농수산,1252,3,농수산식품
HSK-MTI 연계표,농수산,1253,3,농수산식품
HSK-MTI 연계표,농수산,1254,3,농수산식품
HSK-MTI 연계표,농수산,1255,3,농수산식품
HSK-MTI 연계표,농수산,1256,3,농수산식품
HSK-MTI 연계표,농수산,1257,3,농수산식품
HSK-MTI 연계표,농수산,1258,3,농수산식품
HSK-MTI 연계표,농수산,1259,3,농수산식품
HSK-MTI 연계표,농수산,1260,3,농수산식품
HSK-MTI 연계표,농수산,1261,3,농수산식품
HSK-MTI 연계표,농수산,1262,3,농수산식품
HSK-MTI 연계표,농수산,1263,3,농수산식품
HSK-MTI 연계표,농수산,1264,3,농수산식품
HSK-MTI 연계표,농수산,1265,3,농수산식품
HSK-MTI 연계표,농수산,1266,3,농수산식품
HSK-MTI 연계표,농수산,1267,3,농수산식품
HSK-MTI 연계표,농수산,1268,3,농수산식품
HSK-MTI 연계표,농수산,1269,3,농수산식품
HSK-MTI 연계표,농수산,1270,3,농수산식품
HSK-MTI 연계표,농수산,1271,3,농수산식품
HSK-MTI 연계표,농수산,1272,3,농수산식품
HSK-MTI 연계표,농수산,1273,3,농수산식품
HSK-MTI 연계표,농수산,1274,3,농수산식품
HSK-MTI 연계표,농수산,1275,3,농수산식품
HSK-MTI 연계표,농수산,1276,3,농수산식품
HSK-MTI 연계표,농수산,1277,3,농수산식품
HSK-MTI 연계표,농수산,1278,3,농수산식품
HSK-MTI 연계표,농수산,1279,3,농수산식품
HSK-MTI 연계표,농수산,1280,3,농수산식품
HSK-MTI 연계표,농수산,1281,3,농수산식품
HSK-MTI 연계표,농수산,1282,3,농수산식품
HSK-MTI 연계표,농수산,1283,3,농수산식품
HSK-MTI 연계표,농수산,1284,3,농수산식품
HSK-MTI 연계표,농수산,1285,3,농수산식품
HSK-MTI 연계표,농수산,1286,3,농수산식품
HSK-MTI 연계표,농수산,1287,3,농수산식품
HSK-MTI 연계표,농수산,1288,3,농수산식품
HSK-MTI 연계표,농수산,1289,3,농수산식품
HSK-MTI 연계표,농수산,1290,3,농수산식품
HSK-MTI 연계표,농수산,1291,3,농수산식품
HSK-MTI 연계표,농수산,1292,3,농수산식품
HSK-MTI 연계표,농수산,1293,3,농수산식품
HSK-MTI 연계표,농수산,1294,3,농수산식품
HSK-MTI 연계표,농수산,1295,3,농수산식품
HSK-MTI 연계표,농수산,1296,3,농수산식품
HSK-MTI 연계표,농수산,1297,3,농수산식품
HSK-MTI 연계표,농수산,1298,3,농수산식품
HSK-MTI 연계표,농수산,1299,3,농수산식품
HSK-MTI 연계표,농수산,1300,3,농수산식품
HSK-MTI 연계표,농수산,1301,3,농수산식품
HSK-MTI 연계표,농수산,1302,3,농수산식품
HSK-MTI 연계표,농수산,1303,3,농수산식품
HSK-MTI 연계표,농수산,1304,3,농수산식품
HSK-MTI 연계표,농수산,1305,3,농수산식품
HSK-MTI 연계표,농수산,1306,3,농수산식품
HSK-MTI 연계표,농수산,1307,3,농수산식품
HSK-MTI 연계표,농수산,1308,3,농수산식품
HSK-MTI 연계표,농수산,1309,3,농수산식품
HSK-MTI 연계표,농수산,1310,3,농수산식품
HSK-MTI 연계표,농수산,1311,3,농수산식품
HSK-MTI 연계표,농수산,1312,3,농수산식품
HSK-MTI 연계표,농수산,1313,3,농수산식품
HSK-MTI 연계표,농수산,1314,3,농수산식품
HSK-MTI 연계표,농수산,1315,3,농수산식품
HSK-MTI 연계표,농수산,1316,3,농수산식품
HSK-MTI 연계표,농수산,1317,3,농수산식품
HSK-MTI 연계표,농수산,1318,3,농수산식품
HSK-MTI 연계표,농수산,1319,3,농수산식품
HSK-MTI 연계표,농수산,1320,3,농수산식품
HSK-MTI 연계표,농수산,1321,3,농수산식품
HSK-MTI 연계표,농수산,1322,3,농수산식품
HSK-MTI 연계표,농수산,1323,3,농수산식품
HSK-MTI 연계표,농수산,1324,3,농수산식품
HSK-MTI 연계표,농수산,1325,3,농수산식품
HSK-MTI 연계표,농수산,1326,3,농수산식품
HSK-MTI 연계표,농수산,1327,3,농수산식품
HSK-MTI 연계표,농수산,1328,3,농수산식품
HSK-MTI 연계표,농수산,1329,3,농수산식품
HSK-MTI 연계표,농수산,1330,3,농수산식품
HSK-MTI 연계표,농수산,1331,3,농수산식품
HSK-MTI 연계표,농수산,1332,3,농수산식품
HSK-MTI 연계표,농수산,1333,3,농수산식품
HSK-MTI 연계표,농수산,1334,3,농수산식품
HSK-MTI 연계표,농수산,1335,3,농수산식품
HSK-MTI 연계표,농수산,1336,3,농수산식품
HSK-MTI 연계표,농수산,1337,3,농수산식품
HSK-MTI 연계표,농수산,1338,3,농수산식품
HSK-MTI 연계표,농수산,1339,3,농수산식품
HSK-MTI 연계표,농수산,1340,3,농수산식품
HSK-MTI 연계표,농수산,1341,3,농수산식품
HSK-MTI 연계표,농수산,1342,3,농수산식품
HSK-MTI 연계표,농수산,1343,3,농수산식품
HSK-MTI 연계표,농수산,1344,3,농수산식품
HSK-MTI 연계표,농수산,1345,3,농수산식품
HSK-MTI 연계표,농수산,1346,3,농수산식품
HSK-MTI 연계표,농수산,1347,3,농수산식품
HSK-MTI 연계표,농수산,1348,3,농수산식품
HSK-MTI 연계표,농수산,1349,3,농수산식품
HSK-MTI 연계표,농수산,1350,3,농수산식품
HSK-MTI 연계표,농수산,1351,3,농수산식품
HSK-MTI 연계표,농수산,1352,3,농수산식품
HSK-MTI 연계표,농수산,1353,3,농수산식품
HSK-MTI 연계표,농수산,1354,3,농수산식품
HSK-MTI 연계표,농수산,1355,3,농수산식품
HSK-MTI 연계표,농수산,1356,3,농수산식품
HSK-MTI 연계표,농수산,1357,3,농수산식품
HSK-MTI 연계표,농수산,1358,3,농수산식품
HSK-MTI 연계표,농수산,1359,3,농수산식품
HSK-MTI 연계표,농수산,1360,3,농수산식품
HSK-MTI 연계표,농수산,1361,3,농수산식품
HSK-MTI 연계표,농수산,1362,3,농수산식품
HSK-MTI 연계표,농수산,1363,3,농수산식품
HSK-MTI 연계표,농수산,1364,3,농수산식품
HSK-MTI 연계표,농수산,1365,3,농수산식품
HSK-MTI 연계표,농수산,1366,3,농수산식품
HSK-MTI 연계표,농수산,1367,3,농수산식품
HSK-MTI 연계표,농수산,1368,3,농수산식품
HSK-MTI 연계표,농수산,1369,3,농수산식품
HSK-MTI 연계표,농수산,1370,3,농수산식품
HSK-MTI 연계표,농수산,1371,3,농수산식품
HSK-MTI 연계표,농수산,1372,3,농수산식품
HSK-MTI 연계표,농수산,1373,3,농수산식품
HSK-MTI 연계표,농수산,1374,3,농수산식품
HSK-MTI 연계표,농수산,1375,3,농수산식품
HSK-MTI 연계표,농수산,1376,3,농수산식품
HSK-MTI 연계표,농수산,1377,3,농수산식품
HSK-MTI 연계표,농수산,1378,3,농수산식품
HSK-MTI 연계표,농수산,1379,3,농수산식품
HSK-MTI 연계표,농수산,1380,3,농수산식품
HSK-MTI 연계표,농수산,1381,3,농수산식품
HSK-MTI 연계표,농수산,1382,3,농수산식품
HSK-MTI 연계표,농수산,1383,3,농수산식품
HSK-MTI 연계표,농수산,1384,3,농수산식품
HSK-MTI 연계표,농수산,1385,3,농수산식품
HSK-MTI 연계표,농수산,1386,3,농수산식품
HSK-MTI 연계표,바이오,1387,3,바이오헬스
HSK-MTI 연계표,농수산,1388,3,농수산식품
HSK-MTI 연계표,바이오,1389,3,바이오헬스
HSK-MTI 연계표,농수산,1390,3,농수산식품
HSK-MTI 연계표,바이오,1391,3,바이오헬스
HSK-MTI 연계표,농수산,1392,3,농수산식품
HSK-MTI 연계표,바이오,1393,3,바이오헬스
HSK-MTI 연계표,바이오,1394,3,바이오헬스
HSK-MTI 연계표,농수산,1395,3,농수산식품
HSK-MTI 연계표,바이오,1396,3,바이오헬스
HSK-MTI 연계표,바이오,1397,3,바이오헬스
HSK-MTI 연계표,바이오,1398,3,바이오헬스
HSK-MTI 연계표,농수산,1399,3,농수산식품
HSK-MTI 연계표,바이오,1400,3,바이오헬스
HSK-MTI 연계표,바이오,1401,3,바이오헬스
HSK-MTI 연계표,농수산,1402,3,농수산식품
HSK-MTI 연계표,농수산,1403,3,농수산식품
HSK-MTI 연계표,농수산,1404,3,농수산식품
HSK-MTI 연계표,바이오,1405,3,바이오헬스
HSK-MTI 연계표,농수산,1406,3,농수산식품
HSK-MTI 연계표,바이오,1407,3,바이오헬스
HSK-MTI 연계표,바이오,1408,3,바이오헬스
HSK-MTI 연계표,바이오,1409,3,바이오헬스
HSK-MTI 연계표,바이오,1410,3,바이오헬스
HSK-MTI 연계표,바이오,1411,3,바이오헬스
HSK-MTI 연계표,바이오,1412,3,바이오헬스
HSK-MTI 연계표,농수산,1413,3,농수산식품
HSK-MTI 연계표,농수산,1414,3,농수산식품
HSK-MTI 연계표,농수산,1415,3,농수산식품
HSK-MTI 연계표,농수산,1416,3,농수산식품
HSK-MTI 연계표,농수산,1417,3,농수산식품
HSK-MTI 연계표,농수산,1418,3,농수산식품
HSK-MTI 연계표,농수산,1419,3,농수산식품
HSK-MTI 연계표,농수산,1420,3,농수산식품
HSK-MTI 연계표,농수산,1421,3,농수산식품
HSK-MTI 연계표,농수산,1422,3,농수산식품
HSK-MTI 연계표,농수산,1423,3,농수산식품
HSK-MTI 연계표,농수산,1424,3,농수산식품
HSK-MTI 연계표,농수산,1425,3,농수산식품
HSK-MTI 연계표,농수산,1426,3,농수산식품
HSK-MTI 연계표,농수산,1427,3,농수산식품
HSK-MTI 연계표,농수산,1428,3,농수산식품
HSK-MTI 연계표,농수산,1429,3,농수산식품
HSK-MTI 연계표,농수산,1430,3,농수산식품
HSK-MTI 연계표,농수산,1431,3,농수산식품
HSK-MTI 연계표,농수산,1432,3,농수산식품
HSK-MTI 연계표,농수산,1433,3,농수산식품
HSK-MTI 연계표,농수산,1434,3,농수산식품
HSK-MTI 연계표,농수산,1435,3,농수산식품
HSK-MTI 연계표,농수산,1436,3,농수산식품
HSK-MTI 연계표,농수산,1437,3,농수산식품
HSK-MTI 연계표,농수산,1438,3,농수산식품
HSK-MTI 연계표,농수산,1439,3,농수산식품
HSK-MTI 연계표,농수산,1440,3,농수산식품
HSK-MTI 연계표,농수산,1441,3,농수산식품
HSK-MTI 연계표,농수산,1442,3,농수산식품
HSK-MTI 연계표,농수산,1443,3,농수산식품
HSK-MTI 연계표,농수산,1444,3,농수산식품
HSK-MTI 연계표,농수산,1445,3,농수산식품
HSK-MTI 연계표,농수산,1446,3,농수산식품
HSK-MTI 연계표,농수산,1447,3,농수산식품
HSK-MTI 연계표,농수산,1448,3,농수산식품
HSK-MTI 연계표,농수산,1449,3,농수산식품
HSK-MTI 연계표,농수산,1450,3,농수산식품
HSK-MTI 연계표,바이오,1451,3,바이오헬스
HSK-MTI 연계표,농수산,1452,3,농수산식품
HSK-MTI 연계표,농수산,1453,3,농수산식품
HSK-MTI 연계표,바이오,1454,3,바이오헬스
HSK-MTI 연계표,바이오,1455,3,바이오헬스
HSK-MTI 연계표,농수산,1456,3,농수산식품
HSK-MTI 연계표,바이오,1457,3,바이오헬스
HSK-MTI 연계표,농수산,1458,3,농수산식품
HSK-MTI 연계표,농수산,1459,3,농수산식품
HSK-MTI 연계표,농수산,1460,3,농수산식품
HSK-MTI 연계표,농수산,1461,3,농수산식품
HSK-MTI 연계표,농수산,1462,3,농수산식품
HSK-MTI 연계표,바이오,1463,3,바이오헬스
HSK-MTI 연계표,바이오,1464,3,바이오헬스
HSK-MTI 연계표,농수산,1465,3,농수산식품
HSK-MTI 연계표,농수산,1466,3,농수산식품
HSK-MTI 연계표,농수산,1467,3,농수산식품
HSK-MTI 연계표,농수산,1468,3,농수산식품
HSK-MTI 연계표,농수산,1469,3,농수산식품
HSK-MTI 연계표,농수산,1470,3,농수산식품
HSK-MTI 연계표,바이오,1471,3,바이오헬스
HSK-MTI 연계표,농수산,1472,3,농수산식품
HSK-MTI 연계표,농수산,1473,3,농수산식품
HSK-MTI 연계표,농수산,1474,3,농수산식품
HSK-MTI 연계표,농수산,1475,3,농수산식품
HSK-MTI 연계표,농수산,1476,3,농수산식품
HSK-MTI 연계표,농수산,1477,3,농수산식품
HSK-MTI 연계표,농수산,1478,3,농수산식품
HSK-MTI 연계표,바이오,1479,3,바이오헬스
HSK-MTI 연계표,농수산,1480,3,농수산식품
HSK-MTI 연계표,농수산,1481,3,농수산식품
HSK-MTI 연계표,농수산,1482,3,농수산식품
HSK-MTI 연계표,농수산,1483,3,농수산식품
HSK-MTI 연계표,농수산,1484,3,농수산식품
HSK-MTI 연계표,바이오,1485,3,바이오헬스
HSK-MTI 연계표,농수산,1486,3,농수산식품
HSK-MTI 연계표,농수산,1487,3,농수산식품
HSK-MTI 연계표,농수산,1488,3,농수산식품
HSK-MTI 연계표,농수산,1489,3,농수산식품
HSK-MTI 연계표,농수산,1490,3,농수산식품
HSK-MTI 연계표,농수산,1491,3,농수산식품
HSK-MTI 연계표,바이오,1492,3,바이오헬스
HSK-MTI 연계표,농수산,1493,3,농수산식품
HSK-MTI 연계표,농수산,1494,3,농수산식품
HSK-MTI 연계표,농수산,1495,3,농수산식품
HSK-MTI 연계표,농수산,1496,3,농수산식품
HSK-MTI 연계표,농수산,1497,3,농수산식품
HSK-MTI 연계표,농수산,1498,3,농수산식품
HSK-MTI 연계표,농수산,1499,3,농수산식품
HSK-MTI 연계표,농수산,1500,3,농수산식품
HSK-MTI 연계표,농수산,1501,3,농수산식품
HSK-MTI 연계표,농수산,1502,3,농수산식품
HSK-MTI 연계표,농수산,1503,3,농수산식품
HSK-MTI 연계표,농수산,1504,3,농수산식품
HSK-MTI 연계표,농수산,1505,3,농수산식품
HSK-MTI 연계표,농수산,1506,3,농수산식품
HSK-MTI 연계표,바이오,1507,3,바이오헬스
HSK-MTI 연계표,농수산,1508,3,농수산식품
HSK-MTI 연계표,농수산,1509,3,농수산식품
HSK-MTI 연계표,농수산,1510,3,농수산식품
HSK-MTI 연계표,농수산,1511,3,농수산식품
HSK-MTI 연계표,농수산,1512,3,농수산식품
HSK-MTI 연계표,농수산,1513,3,농수산식품
HSK-MTI 연계표,농수산,1514,3,농수산식품
HSK-MTI 연계표,농수산,1515,3,농수산식품
HSK-MTI 연계표,농수산,1516,3,농수산식품
HSK-MTI 연계표,농수산,1517,3,농수산식품
HSK-MTI 연계표,농수산,1518,3,농수산식품
HSK-MTI 연계표,농수산,1519,3,농수산식품
HSK-MTI 연계표,농수산,1520,3,농수산식품
HSK-MTI 연계표,농수산,1521,3,농수산식품
HSK-MTI 연계표,농수산,1522,3,농수산식품
HSK-MTI 연계표,농수산,1523,3,농수산식품
HSK-MTI 연계표,농수산,1524,3,농수산식품
HSK-MTI 연계표,농수산,1525,3,농수산식품
HSK-MTI 연계표,농수산,1526,3,농수산식품
HSK-MTI 연계표,농수산,1527,3,농수산식품
HSK-MTI 연계표,농수산,1528,3,농수산식품
HSK-MTI 연계표,농수산,1529,3,농수산식품
HSK-MTI 연계표,농수산,1530,3,농수산식품
HSK-MTI 연계표,농수산,1531,3,농수산식품
HSK-MTI 연계표,농수산,1532,3,농수산식품
HSK-MTI 연계표,농수산,1533,3,농수산식품
HSK-MTI 연계표,농수산,1534,3,농수산식품
HSK-MTI 연계표,농수산,1535,3,농수산식품
HSK-MTI 연계표,농수산,1536,3,농수산식품
HSK-MTI 연계표,농수산,1537,3,농수산식품
HSK-MTI 연계표,농수산,1538,3,농수산식품
HSK-MTI 연계표,농수산,1539,3,농수산식품
HSK-MTI 연계표,바이오,1540,3,바이오헬스
HSK-MTI 연계표,농수산,1541,3,농수산식품
HSK-MTI 연계표,농수산,1542,3,농수산식품
HSK-MTI 연계표,농수산,1543,3,농수산식품
HSK-MTI 연계표,바이오,1544,3,바이오헬스
HSK-MTI 연계표,농수산,1545,3,농수산식품
HSK-MTI 연계표,농수산,1546,3,농수산식품
HSK-MTI 연계표,농수산,1547,3,농수산식품
HSK-MTI 연계표,농수산,1548,3,농수산식품
HSK-MTI 연계표,농수산,1549,3,농수산식품
HSK-MTI 연계표,농수산,1550,3,농수산식품
HSK-MTI 연계표,농수산,1551,3,농수산식품
HSK-MTI 연계표,농수산,1552,3,농수산식품
HSK-MTI 연계표,농수산,1553,3,농수산식품
HSK-MTI 연계표,농수산,1554,3,농수산식품
HSK-MTI 연계표,농수산,1555,3,농수산식품
HSK-MTI 연계표,농수산,1556,3,농수산식품
HSK-MTI 연계표,농수산,1557,3,농수산식품
HSK-MTI 연계표,농수산,1558,3,농수산식품
HSK-MTI 연계표,농수산,1559,3,농수산식품
HSK-MTI 연계표,농수산,1560,3,농수산식품
HSK-MTI 연계표,농수산,1561,3,농수산식품
HSK-MTI 연계표,농수산,1562,3,농수산식품
HSK-MTI 연계표,농수산,1563,3,농수산식품
HSK-MTI 연계표,농수산,1564,3,농수산식품
HSK-MTI 연계표,농수산,1565,3,농수산식품
HSK-MTI 연계표,농수산,1566,3,농수산식품
HSK-MTI 연계표,농수산,1567,3,농수산식품
HSK-MTI 연계표,농수산,1568,3,농수산식품
HSK-MTI 연계표,농수산,1569,3,농수산식품
HSK-MTI 연계표,농수산,1570,3,농수산식품
HSK-MTI 연계표,농수산,1571,3,농수산식품
HSK-MTI 연계표,농수산,1572,3,농수산식품
HSK-MTI 연계표,농수산,1573,3,농수산식품
HSK-MTI 연계표,농수산,1574,3,농수산식품
HSK-MTI 연계표,농수산,1575,3,농수산식품
HSK-MTI 연계표,농수산,1576,3,농수산식품
HSK-MTI 연계표,농수산,1577,3,농수산식품
HSK-MTI 연계표,농수산,1578,3,농수산식품
HSK-MTI 연계표,농수산,1579,3,농수산식품
HSK-MTI 연계표,농수산,1580,3,농수산식품
HSK-MTI 연계표,농수산,1581,3,농수산식품
HSK-MTI 연계표,농수산,1582,3,농수산식품
HSK-MTI 연계표,농수산,1583,3,농수산식품
HSK-MTI 연계표,농수산,1584,3,농수산식품
HSK-MTI 연계표,농수산,1585,3,농수산식품
HSK-MTI 연계표,농수산,1586,3,농수산식품
HSK-MTI 연계표,농수산,1587,3,농수산식품
HSK-MTI 연계표,농수산,1588,3,농수산식품
HSK-MTI 연계표,농수산,1589,3,농수산식품
HSK-MTI 연계표,농수산,1590,3,농수산식품
HSK-MTI 연계표,농수산,1591,3,농수산식품
HSK-MTI 연계표,농수산,1592,3,농수산식품
HSK-MTI 연계표,농수산,1593,3,농수산식품
HSK-MTI 연계표,농수산,1594,3,농수산식품
HSK-MTI 연계표,농수산,1595,3,농수산식품
HSK-MTI 연계표,농수산,1596,3,농수산식품
HSK-MTI 연계표,농수산,1597,3,농수산식품
HSK-MTI 연계표,농수산,1598,3,농수산식품
HSK-MTI 연계표,농수산,1599,3,농수산식품
HSK-MTI 연계표,농수산,1600,3,농수산식품
HSK-MTI 연계표,농수산,1601,3,농수산식품
HSK-MTI 연계표,농수산,1602,3,농수산식품
HSK-MTI 연계표,농수산,1603,3,농수산식품
HSK-MTI 연계표,농수산,1604,3,농수산식품
HSK-MTI 연계표,농수산,1605,3,농수산식품
HSK-MTI 연계표,농수산,1606,3,농수산식품
HSK-MTI 연계표,농수산,1607,3,농수산식품
HSK-MTI 연계표,농수산,1608,3,농수산식품
HSK-MTI 연계표,농수산,1609,3,농수산식품
HSK-MTI 연계표,농수산,1610,3,농수산식품
HSK-MTI 연계표,농수산,1611,3,농수산식품
HSK-MTI 연계표,농수산,1612,3,농수산식품
HSK-MTI 연계표,농수산,1613,3,농수산식품
HSK-MTI 연계표,농수산,1614,3,농수산식품
HSK-MTI 연계표,농수산,1615,3,농수산식품
HSK-MTI 연계표,농수산,1616,3,농수산식품
HSK-MTI 연계표,농수산,1617,3,농수산식품
HSK-MTI 연계표,농수산,1618,3,농수산식품
HSK-MTI 연계표,농수산,1619,3,농수산식품
HSK-MTI 연계표,농수산,1620,3,농수산식품
HSK-MTI 연계표,농수산,1621,3,농수산식품
HSK-MTI 연계표,농수산,1622,3,농수산식품
HSK-MTI 연계표,농수산,1623,3,농수산식품
HSK-MTI 연계표,농수산,1624,3,농수산식품
HSK-MTI 연계표,농수산,1625,3,농수산식품
HSK-MTI 연계표,농수산,1626,3,농수산식품
HSK-MTI 연계표,농수산,1627,3,농수산식품
HSK-MTI 연계표,농수산,1628,3,농수산식품
HSK-MTI 연계표,농수산,1629,3,농수산식품
HSK-MTI 연계표,농수산,1630,3,농수산식품
HSK-MTI 연계표,농수산,1631,3,농수산식품
HSK-MTI 연계표,농수산,1632,3,농수산식품
HSK-MTI 연계표,농수산,1633,3,농수산식품
HSK-MTI 연계표,농수산,1634,3,농수산식품
HSK-MTI 연계표,농수산,1635,3,농수산식품
HSK-MTI 연계표,농수산,1636,3,농수산식품
HSK-MTI 연계표,농수산,1637,3,농수산식품
HSK-MTI 연계표,농수산,1638,3,농수산식품
HSK-MTI 연계표,농수산,1639,3,농수산식품
HSK-MTI 연계표,농수산,1640,3,농수산식품
HSK-MTI 연계표,농수산,1641,3,농수산식품
HSK-MTI 연계표,농수산,1642,3,농수산식품
HSK-MTI 연계표,농수산,1643,3,농수산식품
HSK-MTI 연계표,농수산,1644,3,농수산식품
HSK-MTI 연계표,농수산,1645,3,농수산식품
HSK-MTI 연계표,농수산,1646,3,농수산식품
HSK-MTI 연계표,농수산,1647,3,농수산식품
HSK-MTI 연계표,농수산,1648,3,농수산식품
HSK-MTI 연계표,농수산,1649,3,농수산식품
HSK-MTI 연계표,농수산,1650,3,농수산식품
HSK-MTI 연계표,농수산,1651,3,농수산식품
HSK-MTI 연계표,농수산,1652,3,농수산식품
HSK-MTI 연계표,농수산,1653,3,농수산식품
HSK-MTI 연계표,농수산,1654,3,농수산식품
HSK-MTI 연계표,농수산,1655,3,농수산식품
HSK-MTI 연계표,농수산,1656,3,농수산식품
HSK-MTI 연계표,농수산,1657,3,농수산식품
HSK-MTI 연계표,농수산,1658,3,농수산식품
HSK-MTI 연계표,바이오,1659,3,바이오헬스
HSK-MTI 연계표,농수산,1660,3,농수산식품
HSK-MTI 연계표,바이오,1661,3,바이오헬스
HSK-MTI 연계표,농수산,1662,3,농수산식품
HSK-MTI 연계표,농수산,1663,3,농수산식품
HSK-MTI 연계표,농수산,1664,3,농수산식품
HSK-MTI 연계표,바이오,1665,3,바이오헬스
HSK-MTI 연계표,농수산,1666,3,농수산식품
HSK-MTI 연계표,바이오,1667,3,바이오헬스
HSK-MTI 연계표,농수산,1668,3,농수산식품
HSK-MTI 연계표,농수산,1669,3,농수산식품
HSK-MTI 연계표,바이오,1670,3,바이오헬스
HSK-MTI 연계표,농수산,1671,3,농수산식품
HSK-MTI 연계표,농수산,1672,3,농수산식품
HSK-MTI 연계표,농수산,1673,3,농수산식품
HSK-MTI 연계표,바이오,1674,3,바이오헬스
HSK-MTI 연계표,농수산,1675,3,농수산식품
HSK-MTI 연계표,농수산,1676,3,농수산식품
HSK-MTI 연계표,농수산,1677,3,농수산식품
HSK-MTI 연계표,농수산,1678,3,농수산식품
HSK-MTI 연계표,농수산,1679,3,농수산식품
HSK-MTI 연계표,농수산,1680,3,농수산식품
HSK-MTI 연계표,농수산,1681,3,농수산식품
HSK-MTI 연계표,농수산,1682,3,농수산식품
HSK-MTI 연계표,농수산,1683,3,농수산식품
HSK-MTI 연계표,농수산,1684,3,농수산식품
HSK-MTI 연계표,농수산,1685,3,농수산식품
HSK-MTI 연계표,농수산,1686,3,농수산식품
HSK-MTI 연계표,농수산,1687,3,농수산식품
HSK-MTI 연계표,농수산,1688,3,농수산식품
HSK-MTI 연계표,농수산,1689,3,농수산식품
HSK-MTI 연계표,농수산,1690,3,농수산식품
HSK-MTI 연계표,농수산,1691,3,농수산식품
HSK-MTI 연계표,농수산,1692,3,농수산식품
HSK-MTI 연계표,농수산,1693,3,농수산식품
HSK-MTI 연계표,농수산,1694,3,농수산식품
HSK-MTI 연계표,농수산,1695,3,농수산식품
HSK-MTI 연계표,농수산,1696,3,농수산식품
HSK-MTI 연계표,농수산,1697,3,농수산식품
HSK-MTI 연계표,농수산,1698,3,농수산식품
HSK-MTI 연계표,농수산,1699,3,농수산식품
HSK-MTI 연계표,농수산,1700,3,농수산식품
HSK-MTI 연계표,농수산,1701,3,농수산식품
HSK-MTI 연계표,농수산,1702,3,농수산식품
HSK-MTI 연계표,농수산,1703,3,농수산식품
HSK-MTI 연계표,농수산,1704,3,농수산식품
HSK-MTI 연계표,농수산,1705,3,농수산식품
HSK-MTI 연계표,농수산,1706,3,농수산식품
HSK-MTI 연계표,농수산,1707,3,농수산식품
HSK-MTI 연계표,농수산,1708,3,농수산식품
HSK-MTI 연계표,농수산,1709,3,농수산식품
HSK-MTI 연계표,농수산,1710,3,농수산식품
HSK-MTI 연계표,농수산,1711,3,농수산식품
HSK-MTI 연계표,농수산,1712,3,농수산식품
HSK-MTI 연계표,농수산,1713,3,농수산식품
HSK-MTI 연계표,농수산,1714,3,농수산식품
HSK-MTI 연계표,농수산,1715,3,농수산식품
HSK-MTI 연계표,농수산,1716,3,농수산식품
HSK-MTI 연계표,농수산,1717,3,농수산식품
HSK-MTI 연계표,농수산,1718,3,농수산식품
HSK-MTI 연계표,농수산,1719,3,농수산식품
HSK-MTI 연계표,농수산,1720,3,농수산식품
HSK-MTI 연계표,농수산,1721,3,농수산식품
HSK-MTI 연계표,농수산,1722,3,농수산식품
HSK-MTI 연계표,농수산,1723,3,농수산식품
HSK-MTI 연계표,농수산,1724,3,농수산식품
HSK-MTI 연계표,농수산,1725,3,농수산식품
HSK-MTI 연계표,농수산,1726,3,농수산식품
HSK-MTI 연계표,농수산,1727,3,농수산식품
HSK-MTI 연계표,농수산,1728,3,농수산식품
HSK-MTI 연계표,농수산,1729,3,농수산식품
HSK-MTI 연계표,농수산,1730,3,농수산식품
HSK-MTI 연계표,농수산,1731,3,농수산식품
HSK-MTI 연계표,농수산,1732,3,농수산식품
HSK-MTI 연계표,농수산,1733,3,농수산식품
HSK-MTI 연계표,농수산,1734,3,농수산식품
HSK-MTI 연계표,농수산,1735,3,농수산식품
HSK-MTI 연계표,농수산,1736,3,농수산식품
HSK-MTI 연계표,농수산,1737,3,농수산식품
HSK-MTI 연계표,농수산,1738,3,농수산식품
HSK-MTI 연계표,농수산,1739,3,농수산식품
HSK-MTI 연계표,농수산,1740,3,농수산식품
HSK-MTI 연계표,농수산,1741,3,농수산식품
HSK-MTI 연계표,농수산,1742,3,농수산식품
HSK-MTI 연계표,농수산,1743,3,농수산식품
HSK-MTI 연계표,농수산,1744,3,농수산식품
HSK-MTI 연계표,농수산,1745,3,농수산식품
HSK-MTI 연계표,농수산,1746,3,농수산식품
HSK-MTI 연계표,농수산,1747,3,농수산식품
HSK-MTI 연계표,농수산,1748,3,농수산식품
HSK-MTI 연계표,농수산,1749,3,농수산식품
HSK-MTI 연계표,농수산,1750,3,농수산식품
HSK-MTI 연계표,농수산,1751,3,농수산식품
HSK-MTI 연계표,농수산,1752,3,농수산식품
HSK-MTI 연계표,농수산,1753,3,농수산식품
HSK-MTI 연계표,농수산,1754,3,농수산식품
HSK-MTI 연계표,농수산,1755,3,농수산식품
HSK-MTI 연계표,농수산,1756,3,농수산식품
HSK-MTI 연계표,농수산,1757,3,농수산식품
HSK-MTI 연계표,농수산,1758,3,농수산식품
HSK-MTI 연계표,농수산,1759,3,농수산식품
HSK-MTI 연계표,농수산,1760,3,농수산식품
HSK-MTI 연계표,농수산,1761,3,농수산식품
HSK-MTI 연계표,농수산,1762,3,농수산식품
HSK-MTI 연계표,농수산,1763,3,농수산식품
HSK-MTI 연계표,농수산,1764,3,농수산식품
HSK-MTI 연계표,농수산,1765,3,농수산식품
HSK-MTI 연계표,농수산,1766,3,농수산식품
HSK-MTI 연계표,농수산,1767,3,농수산식품
HSK-MTI 연계표,농수산,1768,3,농수산식품
HSK-MTI 연계표,농수산,1769,3,농수산식품
HSK-MTI 연계표,농수산,1770,3,농수산식품
HSK-MTI 연계표,농수산,1771,3,농수산식품
HSK-MTI 연계표,농수산,1772,3,농수산식품
HSK-MTI 연계표,농수산,1773,3,농수산식품
HSK-MTI 연계표,농수산,1774,3,농수산식품
HSK-MTI 연계표,농수산,1775,3,농수산식품
HSK-MTI 연계표,농수산,1776,3,농수산식품
HSK-MTI 연계표,농수산,1777,3,농수산식품
HSK-MTI 연계표,농수산,1778,3,농수산식품
HSK-MTI 연계표,농수산,1779,3,농수산식품
HSK-MTI 연계표,농수산,1780,3,농수산식품
HSK-MTI 연계표,농수산,1781,3,농수산식품
HSK-MTI 연계표,농수산,1782,3,농수산식품
HSK-MTI 연계표,농수산,1783,3,농수산식품
HSK-MTI 연계표,농수산,1784,3,농수산식품
HSK-MTI 연계표,농수산,1785,3,농수산식품
HSK-MTI 연계표,농수산,1786,3,농수산식품
HSK-MTI 연계표,농수산,1787,3,농수산식품
HSK-MTI 연계표,농수산,1788,3,농수산식품
HSK-MTI 연계표,농수산,1789,3,농수산식품
HSK-MTI 연계표,농수산,1790,3,농수산식품
HSK-MTI 연계표,농수산,1791,3,농수산식품
HSK-MTI 연계표,농수산,1792,3,농수산식품
HSK-MTI 연계표,농수산,1793,3,농수산식품
HSK-MTI 연계표,농수산,1794,3,농수산식품
HSK-MTI 연계표,농수산,1795,3,농수산식품
HSK-MTI 연계표,농수산,1796,3,농수산식품
HSK-MTI 연계표,농수산,1797,3,농수산식품
HSK-MTI 연계표,농수산,1798,3,농수산식품
HSK-MTI 연계표,농수산,1799,3,농수산식품
HSK-MTI 연계표,농수산,1800,3,농수산식품
HSK-MTI 연계표,농수산,1801,3,농수산식품
HSK-MTI 연계표,농수산,1802,3,농수산식품
HSK-MTI 연계표,농수산,1803,3,농수산식품
HSK-MTI 연계표,농수산,1804,3,농수산식품
HSK-MTI 연계표,농수산,1805,3,농수산식품
HSK-MTI 연계표,농수산,1806,3,농수산식품
HSK-MTI 연계표,농수산,1807,3,농수산식품
HSK-MTI 연계표,농수산,1808,3,농수산식품
HSK-MTI 연계표,농수산,1809,3,농수산식품
HSK-MTI 연계표,농수산,1810,3,농수산식품
HSK-MTI 연계표,농수산,1811,3,농수산식품
HSK-MTI 연계표,농수산,1812,3,농수산식품
HSK-MTI 연계표,농수산,1813,3,농수산식품
HSK-MTI 연계표,농수산,1814,3,농수산식품
HSK-MTI 연계표,농수산,1815,3,농수산식품
HSK-MTI 연계표,농수산,1816,3,농수산식품
HSK-MTI 연계표,농수산,1817,3,농수산식품
HSK-MTI 연계표,농수산,1818,3,농수산식품
HSK-MTI 연계표,농수산,1819,3,농수산식품
HSK-MTI 연계표,농수산,1820,3,농수산식품
HSK-MTI 연계표,농수산,1821,3,농수산식품
HSK-MTI 연계표,농수산,1822,3,농수산식품
HSK-MTI 연계표,농수산,1823,3,농수산식품
HSK-MTI 연계표,농수산,1824,3,농수산식품
HSK-MTI 연계표,농수산,1825,3,농수산식품
HSK-MTI 연계표,농수산,1826,3,농수산식품
HSK-MTI 연계표,농수산,1827,3,농수산식품
HSK-MTI 연계표,농수산,1828,3,농수산식품
HSK-MTI 연계표,농수산,1829,3,농수산식품
HSK-MTI 연계표,농수산,1830,3,농수산식품
HSK-MTI 연계표,농수산,1831,3,농수산식품
HSK-MTI 연계표,농수산,1832,3,농수산식품
HSK-MTI 연계표,농수산,1833,3,농수산식품
HSK-MTI 연계표,농수산,1834,3,농수산식품
HSK-MTI 연계표,농수산,1835,3,농수산식품
HSK-MTI 연계표,농수산,1836,3,농수산식품
HSK-MTI 연계표,농수산,1837,3,농수산식품
HSK-MTI 연계표,농수산,1838,3,농수산식품
HSK-MTI 연계표,농수산,1839,3,농수산식품
HSK-MTI 연계표,농수산,1840,3,농수산식품
HSK-MTI 연계표,농수산,1841,3,농수산식품
HSK-MTI 연계표,농수산,1842,3,농수산식품
HSK-MTI 연계표,농수산,1843,3,농수산식품
HSK-MTI 연계표,농수산,1844,3,농수산식품
HSK-MTI 연계표,농수산,1845,3,농수산식품
HSK-MTI 연계표,농수산,1846,3,농수산식품
HSK-MTI 연계표,농수산,1847,3,농수산식품
HSK-MTI 연계표,농수산,1848,3,농수산식품
HSK-MTI 연계표,농수산,1849,3,농수산식품
HSK-MTI 연계표,농수산,1850,3,농수산식품
HSK-MTI 연계표,농수산,1851,3,농수산식품
HSK-MTI 연계표,농수산,1852,3,농수산식품
HSK-MTI 연계표,농수산,1853,3,농수산식품
HSK-MTI 연계표,농수산,1854,3,농수산식품
HSK-MTI 연계표,농수산,1855,3,농수산식품
HSK-MTI 연계표,농수산,1856,3,농수산식품
HSK-MTI 연계표,농수산,1857,3,농수산식품
HSK-MTI 연계표,농수산,1858,3,농수산식품
HSK-MTI 연계표,농수산,1859,3,농수산식품
HSK-MTI 연계표,농수산,1860,3,농수산식품
HSK-MTI 연계표,농수산,1861,3,농수산식품
HSK-MTI 연계표,농수산,1862,3,농수산식품
HSK-MTI 연계표,농수산,1863,3,농수산식품
HSK-MTI 연계표,농수산,1864,3,농수산식품
HSK-MTI 연계표,농수산,1865,3,농수산식품
HSK-MTI 연계표,농수산,1866,3,농수산식품
HSK-MTI 연계표,농수산,1867,3,농수산식품
HSK-MTI 연계표,농수산,1868,3,농수산식품
HSK-MTI 연계표,농수산,1869,3,농수산식품
HSK-MTI 연계표,농수산,1870,3,농수산식품
HSK-MTI 연계표,농수산,1871,3,농수산식품
HSK-MTI 연계표,농수산,1872,3,농수산식품
HSK-MTI 연계표,농수산,1873,3,농수산식품
HSK-MTI 연계표,농수산,1874,3,농수산식품
HSK-MTI 연계표,농수산,1875,3,농수산식품
HSK-MTI 연계표,농수산,1876,3,농수산식품
HSK-MTI 연계표,농수산,1877,3,농수산식품
HSK-MTI 연계표,농수산,1878,3,농수산식품
HSK-MTI 연계표,농수산,1879,3,농수산식품
HSK-MTI 연계표,농수산,1880,3,농수산식품
HSK-MTI 연계표,농수산,1881,3,농수산식품
HSK-MTI 연계표,농수산,1882,3,농수산식품
HSK-MTI 연계표,농수산,1883,3,농수산식품
HSK-MTI 연계표,농수산,1884,3,농수산식품
HSK-MTI 연계표,농수산,1885,3,농수산식품
HSK-MTI 연계표,농수산,1886,3,농수산식품
HSK-MTI 연계표,농수산,1887,3,농수산식품
HSK-MTI 연계표,농수산,1888,3,농수산식품
HSK-MTI 연계표,농수산,1889,3,농수산식품
HSK-MTI 연계표,농수산,1890,3,농수산식품
HSK-MTI 연계표,농수산,1891,3,농수산식품
HSK-MTI 연계표,농수산,1892,3,농수산식품
HSK-MTI 연계표,농수산,1893,3,농수산식품
HSK-MTI 연계표,농수산,1894,3,농수산식품
HSK-MTI 연계표,농수산,1895,3,농수산식품
HSK-MTI 연계표,농수산,1896,3,농수산식품
HSK-MTI 연계표,농수산,1897,3,농수산식품
HSK-MTI 연계표,농수산,1898,3,농수산식품
HSK-MTI 연계표,농수산,1899,3,농수산식품
HSK-MTI 연계표,농수산,1900,3,농수산식품
HSK-MTI 연계표,농수산,1901,3,농수산식품
HSK-MTI 연계표,농수산,1902,3,농수산식품
HSK-MTI 연계표,바이오,1903,3,바이오헬스
HSK-MTI 연계표,바이오,1904,3,바이오헬스
HSK-MTI 연계표,농수산,1905,3,농수산식품
HSK-MTI 연계표,농수산,1906,3,농수산식품
HSK-MTI 연계표,농수산,1907,3,농수산식품
HSK-MTI 연계표,농수산,1908,3,농수산식품
HSK-MTI 연계표,농수산,1909,3,농수산식품
HSK-MTI 연계표,바이오,1910,3,바이오헬스
HSK-MTI 연계표,농수산,1911,3,농수산식품
HSK-MTI 연계표,농수산,1912,3,농수산식품
HSK-MTI 연계표,농수산,1913,3,농수산식품
HSK-MTI 연계표,농수산,1914,3,농수산식품
HSK-MTI 연계표,농수산,1915,3,농수산식품
HSK-MTI 연계표,농수산,1916,3,농수산식품
HSK-MTI 연계표,농수산,1917,3,농수산식품
HSK-MTI 연계표,농수산,1918,3,농수산식품
HSK-MTI 연계표,농수산,1919,3,농수산식품
HSK-MTI 연계표,농수산,1920,3,농수산식품
HSK-MTI 연계표,농수산,1921,3,농수산식품
HSK-MTI 연계표,농수산,1922,3,농수산식품
HSK-MTI 연계표,농수산,1923,3,농수산식품
HSK-MTI 연계표,농수산,1924,3,농수산식품
HSK-MTI 연계표,농수산,1925,3,농수산식품
HSK-MTI 연계표,농수산,1926,3,농수산식품
HSK-MTI 연계표,농수산,1927,3,농수산식품
HSK-MTI 연계표,농수산,1928,3,농수산식품
HSK-MTI 연계표,농수산,1929,3,농수산식품
HSK-MTI 연계표,농수산,1930,3,농수산식품
HSK-MTI 연계표,농수산,1931,3,농수산식품
HSK-MTI 연계표,농수산,1932,3,농수산식품
HSK-MTI 연계표,농수산,1933,3,농수산식품
HSK-MTI 연계표,농수산,1934,3,농수산식품
HSK-MTI 연계표,농수산,1935,3,농수산식품
HSK-MTI 연계표,농수산,1936,3,농수산식품
HSK-MTI 연계표,농수산,1937,3,농수산식품
HSK-MTI 연계표,농수산,1938,3,농수산식품
HSK-MTI 연계표,농수산,1939,3,농수산식품
HSK-MTI 연계표,농수산,1940,3,농수산식품
HSK-MTI 연계표,농수산,1941,3,농수산식품
HSK-MTI 연계표,농수산,1942,3,농수산식품
HSK-MTI 연계표,농수산,1943,3,농수산식품
HSK-MTI 연계표,농수산,1944,3,농수산식품
HSK-MTI 연계표,농수산,1945,3,농수산식품
HSK-MTI 연계표,농수산,1946,3,농수산식품
HSK-MTI 연계표,농수산,1947,3,농수산식품
HSK-MTI 연계표,농수산,1948,3,농수산식품
HSK-MTI 연계표,농수산,1949,3,농수산식품
HSK-MTI 연계표,농수산,1950,3,농수산식품
HSK-MTI 연계표,농수산,1951,3,농수산식품
HSK-MTI 연계표,농수산,1952,3,농수산식품
HSK-MTI 연계표,농수산,1953,3,농수산식품
HSK-MTI 연계표,농수산,1954,3,농수산식품
HSK-MTI 연계표,농수산,1955,3,농수산식품
HSK-MTI 연계표,농수산,1956,3,농수산식품
HSK-MTI 연계표,농수산,1957,3,농수산식품
HSK-MTI 연계표,농수산,1958,3,농수산식품
HSK-MTI 연계표,농수산,1959,3,농수산식품
HSK-MTI 연계표,농수산,1960,3,농수산식품
HSK-MTI 연계표,농수산,1961,3,농수산식품
HSK-MTI 연계표,농수산,1962,3,농수산식품
HSK-MTI 연계표,농수산,1963,3,농수산식품
HSK-MTI 연계표,농수산,1964,3,농수산식품
HSK-MTI 연계표,농수산,1965,3,농수산식품
HSK-MTI 연계표,농수산,1966,3,농수산식품
HSK-MTI 연계표,농수산,1967,3,농수산식품
HSK-MTI 연계표,농수산,1968,3,농수산식품
HSK-MTI 연계표,농수산,1969,3,농수산식품
HSK-MTI 연계표,농수산,1970,3,농수산식품
HSK-MTI 연계표,농수산,1971,3,농수산식품
HSK-MTI 연계표,농수산,1972,3,농수산식품
HSK-MTI 연계표,농수산,1973,3,농수산식품
HSK-MTI 연계표,농수산,1974,3,농수산식품
HSK-MTI 연계표,농수산,1975,3,농수산식품
HSK-MTI 연계표,농수산,1976,3,농수산식품
HSK-MTI 연계표,농수산,1977,3,농수산식품
HSK-MTI 연계표,농수산,1978,3,농수산식품
HSK-MTI 연계표,농수산,1979,3,농수산식품
HSK-MTI 연계표,농수산,1980,3,농수산식품
HSK-MTI 연계표,농수산,1981,3,농수산식품
HSK-MTI 연계표,농수산,1982,3,농수산식품
HSK-MTI 연계표,농수산,1983,3,농수산식품
HSK-MTI 연계표,농수산,1984,3,농수산식품
HSK-MTI 연계표,농수산,1985,3,농수산식품
HSK-MTI 연계표,농수산,1986,3,농수산식품
HSK-MTI 연계표,농수산,1987,3,농수산식품
HSK-MTI 연계표,농수산,1988,3,농수산식품
HSK-MTI 연계표,농수산,1989,3,농수산식품
HSK-MTI 연계표,농수산,1990,3,농수산식품
HSK-MTI 연계표,농수산,1991,3,농수산식품
HSK-MTI 연계표,농수산,1992,3,농수산식품
HSK-MTI 연계표,농수산,1993,3,농수산식품
HSK-MTI 연계표,농수산,1994,3,농수산식품
HSK-MTI 연계표,농수산,1995,3,농수산식품
HSK-MTI 연계표,농수산,1996,3,농수산식품
HSK-MTI 연계표,농수산,1997,3,농수산식품
HSK-MTI 연계표,농수산,1998,3,농수산식품
HSK-MTI 연계표,농수산,1999,3,농수산식품
HSK-MTI 연계표,농수산,2000,3,농수산식품
HSK-MTI 연계표,농수산,2001,3,농수산식품
HSK-MTI 연계표,농수산,2002,3,농수산식품
HSK-MTI 연계표,농수산,2003,3,농수산식품
HSK-MTI 연계표,농수산,2004,3,농수산식품
HSK-MTI 연계표,농수산,2005,3,농수산식품
HSK-MTI 연계표,농수산,2006,3,농수산식품
HSK-MTI 연계표,농수산,2007,3,농수산식품
HSK-MTI 연계표,농수산,2008,3,농수산식품
HSK-MTI 연계표,농수산,2009,3,농수산식품
HSK-MTI 연계표,농수산,2010,3,농수산식품
HSK-MTI 연계표,농수산,2011,3,농수산식품
HSK-MTI 연계표,농수산,2012,3,농수산식품
HSK-MTI 연계표,농수산,2013,3,농수산식품
HSK-MTI 연계표,농수산,2014,3,농수산식품
HSK-MTI 연계표,농수산,2015,3,농수산식품
HSK-MTI 연계표,농수산,2016,3,농수산식품
HSK-MTI 연계표,농수산,2017,3,농수산식품
HSK-MTI 연계표,농수산,2018,3,농수산식품
HSK-MTI 연계표,농수산,2019,3,농수산식품
HSK-MTI 연계표,농수산,2020,3,농수산식품
HSK-MTI 연계표,농수산,2021,3,농수산식품
HSK-MTI 연계표,농수산,2022,3,농수산식품
HSK-MTI 연계표,농수산,2023,3,농수산식품
HSK-MTI 연계표,농수산,2024,3,농수산식품
HSK-MTI 연계표,농수산,2025,3,농수산식품
HSK-MTI 연계표,농수산,2026,3,농수산식품
HSK-MTI 연계표,농수산,2027,3,농수산식품
HSK-MTI 연계표,농수산,2028,3,농수산식품
HSK-MTI 연계표,농수산,2029,3,농수산식품
HSK-MTI 연계표,농수산,2030,3,농수산식품
HSK-MTI 연계표,농수산,2031,3,농수산식품
HSK-MTI 연계표,농수산,2032,3,농수산식품
HSK-MTI 연계표,농수산,2033,3,농수산식품
HSK-MTI 연계표,농수산,2034,3,농수산식품
HSK-MTI 연계표,농수산,2035,3,농수산식품
HSK-MTI 연계표,농수산,2036,3,농수산식품
HSK-MTI 연계표,농수산,2037,3,농수산식품
HSK-MTI 연계표,농수산,2038,3,농수산식품
HSK-MTI 연계표,농수산,2039,3,농수산식품
HSK-MTI 연계표,농수산,2040,3,농수산식품
HSK-MTI 연계표,농수산,2041,3,농수산식품
HSK-MTI 연계표,농수산,2042,3,농수산식품
HSK-MTI 연계표,농수산,2043,3,농수산식품
HSK-MTI 연계표,농수산,2044,3,농수산식품
HSK-MTI 연계표,농수산,2045,3,농수산식품
HSK-MTI 연계표,농수산,2046,3,농수산식품
HSK-MTI 연계표,농수산,2047,3,농수산식품
HSK-MTI 연계표,농수산,2048,3,농수산식품
HSK-MTI 연계표,농수산,2049,3,농수산식품
HSK-MTI 연계표,농수산,2050,3,농수산식품
HSK-MTI 연계표,농수산,2051,3,농수산식품
HSK-MTI 연계표,농수산,2052,3,농수산식품
HSK-MTI 연계표,농수산,2053,3,농수산식품
HSK-MTI 연계표,농수산,2054,3,농수산식품
HSK-MTI 연계표,농수산,2055,3,농수산식품
HSK-MTI 연계표,농수산,2056,3,농수산식품
HSK-MTI 연계표,농수산,2057,3,농수산식품
HSK-MTI 연계표,농수산,2058,3,농수산식품
HSK-MTI 연계표,농수산,2059,3,농수산식품
HSK-MTI 연계표,농수산,2060,3,농수산식품
HSK-MTI 연계표,농수산,2061,3,농수산식품
HSK-MTI 연계표,농수산,2062,3,농수산식품
HSK-MTI 연계표,농수산,2063,3,농수산식품
HSK-MTI 연계표,농수산,2064,3,농수산식품
HSK-MTI 연계표,농수산,2065,3,농수산식품
HSK-MTI 연계표,농수산,2066,3,농수산식품
HSK-MTI 연계표,농수산,2067,3,농수산식품
HSK-MTI 연계표,농수산,2068,3,농수산식품
HSK-MTI 연계표,농수산,2069,3,농수산식품
HSK-MTI 연계표,농수산,2070,3,농수산식품
HSK-MTI 연계표,농수산,2071,3,농수산식품
HSK-MTI 연계표,농수산,2072,3,농수산식품
HSK-MTI 연계표,농수산,2073,3,농수산식품
HSK-MTI 연계표,농수산,2074,3,농수산식품
HSK-MTI 연계표,농수산,2075,3,농수산식품
HSK-MTI 연계표,농수산,2076,3,농수산식품
HSK-MTI 연계표,농수산,2077,3,농수산식품
HSK-MTI 연계표,농수산,2078,3,농수산식품
HSK-MTI 연계표,농수산,2079,3,농수산식품
HSK-MTI 연계표,농수산,2080,3,농수산식품
HSK-MTI 연계표,농수산,2081,3,농수산식품
HSK-MTI 연계표,농수산,2082,3,농수산식품
HSK-MTI 연계표,농수산,2083,3,농수산식품
HSK-MTI 연계표,농수산,2084,3,농수산식품
HSK-MTI 연계표,농수산,2085,3,농수산식품
HSK-MTI 연계표,농수산,2086,3,농수산식품
HSK-MTI 연계표,농수산,2087,3,농수산식품
HSK-MTI 연계표,농수산,2088,3,농수산식품
HSK-MTI 연계표,농수산,2089,3,농수산식품
HSK-MTI 연계표,농수산,2090,3,농수산식품
HSK-MTI 연계표,바이오,2103,3,바이오헬스
HSK-MTI 연계표,바이오,2120,3,바이오헬스
HSK-MTI 연계표,바이오,2121,3,바이오헬스
HSK-MTI 연계표,바이오,2181,3,바이오헬스
HSK-MTI 연계표,바이오,2184,3,바이오헬스
HSK-MTI 연계표,석유화학,2313,3,석유화학
HSK-MTI 연계표,석유화학,2314,3,석유화학
HSK-MTI 연계표,석유화학,2315,3,석유화학
HSK-MTI 연계표,석유화학,2316,3,석유화학
HSK-MTI 연계표,석유화학,2317,3,석유화학
HSK-MTI 연계표,석유화학,2318,3,석유화학
HSK-MTI 연계표,석유화학,2319,3,석유화학
HSK-MTI 연계표,석유화학,2320,3,석유화학
HSK-MTI 연계표,석유화학,2321,3,석유화학
HSK-MTI 연계표,석유화학,2322,3,석유화학
HSK-MTI 연계표,석유제품,2323,3,석유제품
HSK-MTI 연계표,석유제품,2324,3,석유제품
HSK-MTI 연계표,석유제품,2335,3,석유제품
HSK-MTI 연계표,석유제품,2336,3,석유제품
HSK-MTI 연계표,석유제품,2337,3,석유제품
HSK-MTI 연계표,석유제품,2338,3,석유제품
HSK-MTI 연계표,석유제품,2339,3,석유제품
HSK-MTI 연계표,석유제품,2340,3,석유제품
HSK-MTI 연계표,석유제품,2341,3,석유제품
HSK-MTI 연계표,석유제품,2342,3,석유제품
HSK-MTI 연계표,석유제품,2343,3,석유제품
HSK-MTI 연계표,석유제품,2344,3,석유제품
HSK-MTI 연계표,석유화학,2345,3,석유화학
HSK-MTI 연계표,석유제품,2346,3,석유제품
HSK-MTI 연계표,석유제품,2347,3,석유제품
HSK-MTI 연계표,석유제품,2348,3,석유제품
HSK-MTI 연계표,석유제품,2349,3,석유제품
HSK-MTI 연계표,석유제품,2350,3,석유제품
HSK-MTI 연계표,석유제품,2351,3,석유제품
HSK-MTI 연계표,석유제품,2352,3,석유제품
HSK-MTI 연계표,석유제품,2353,3,석유제품
HSK-MTI 연계표,석유제품,2354,3,석유제품
HSK-MTI 연계표,석유제품,2355,3,석유제품
HSK-MTI 연계표,석유제품,2356,3,석유제품
HSK-MTI 연계표,석유제품,2357,3,석유제품
HSK-MTI 연계표,석유제품,2358,3,석유제품
HSK-MTI 연계표,석유제품,2359,3,석유제품
HSK-MTI 연계표,석유제품,2360,3,석유제품
HSK-MTI 연계표,석유제품,2361,3,석유제품
HSK-MTI 연계표,석유제품,2362,3,석유제품
HSK-MTI 연계표,석유제품,2363,3,석유제품
HSK-MTI 연계표,석유제품,2364,3,석유제품
HSK-MTI 연계표,석유제품,2365,3,석유제품
HSK-MTI 연계표,석유제품,2366,3,석유제품
HSK-MTI 연계표,석유제품,2367,3,석유제품
HSK-MTI 연계표,석유제품,2368,3,석유제품
HSK-MTI 연계표,석유제품,2369,3,석유제품
HSK-MTI 연계표,석유제품,2370,3,석유제품
HSK-MTI 연계표,석유제품,2371,3,석유제품
HSK-MTI 연계표,석유제품,2372,3,석유제품
HSK-MTI 연계표,석유제품,2373,3,석유제품
HSK-MTI 연계표,석유제품,2374,3,석유제품
HSK-MTI 연계표,석유제품,2375,3,석유제품
HSK-MTI 연계표,석유제품,2376,3,석유제품
HSK-MTI 연계표,석유제품,2377,3,석유제품
HSK-MTI 연계표,석유제품,2378,3,석유제품
HSK-MTI 연계표,석유제품,2379,3,석유제품
HSK-MTI 연계표,석유제품,2380,3,석유제품
HSK-MTI 연계표,석유제품,2381,3,석유제품
HSK-MTI 연계표,석유제품,2382,3,석유제품
HSK-MTI 연계표,석유제품,2383,3,석유제품
HSK-MTI 연계표,석유제품,2384,3,석유제품
HSK-MTI 연계표,석유제품,2385,3,석유제품
HSK-MTI 연계표,석유제품,2386,3,석유제품
HSK-MTI 연계표,석유제품,2387,3,석유제품
HSK-MTI 연계표,석유제품,2388,3,석유제품
HSK-MTI 연계표,석유제품,2389,3,석유제품
HSK-MTI 연계표,석유제품,2390,3,석유제품
HSK-MTI 연계표,석유제품,2391,3,석유제품
HSK-MTI 연계표,석유제품,2392,3,석유제품
HSK-MTI 연계표,석유화학,2393,3,석유화학
HSK-MTI 연계표,석유제품,2394,3,석유제품
HSK-MTI 연계표,석유제품,2395,3,석유제품
HSK-MTI 연계표,석유제품,2396,3,석유제품
HSK-MTI 연계표,석유제품,2397,3,석유제품
HSK-MTI 연계표,석유제품,2398,3,석유제품
HSK-MTI 연계표,석유제품,2399,3,석유제품
HSK-MTI 연계표,석유제품,2400,3,석유제품
HSK-MTI 연계표,석유제품,2401,3,석유제품
HSK-MTI 연계표,석유제품,2402,3,석유제품
HSK-MTI 연계표,석유제품,2403,3,석유제품
HSK-MTI 연계표,석유제품,2404,3,석유제품
HSK-MTI 연계표,석유제품,2405,3,석유제품
HSK-MTI 연계표,석유제품,2406,3,석유제품
HSK-MTI 연계표,석유제품,2407,3,석유제품
HSK-MTI 연계표,석유제품,2408,3,석유제품
HSK-MTI 연계표,석유제품,2409,3,석유제품
HSK-MTI 연계표,석유제품,2410,3,석유제품
HSK-MTI 연계표,석유제품,2411,3,석유제품
HSK-MTI 연계표,석유제품,2412,3,석유제품
HSK-MTI 연계표,석유제품,2413,3,석유제품
HSK-MTI 연계표,석유제품,2414,3,석유제품
HSK-MTI 연계표,석유제품,2415,3,석유제품
HSK-MTI 연계표,석유제품,2416,3,석유제품
HSK-MTI 연계표,석유제품,2417,3,석유제품
HSK-MTI 연계표,석유제품,2418,3,석유제품
HSK-MTI 연계표,석유제품,2419,3,석유제품
HSK-MTI 연계표,석유제품,2420,3,석유제품
HSK-MTI 연계표,석유제품,2421,3,석유제품
HSK-MTI 연계표,석유제품,2422,3,석유제품
HSK-MTI 연계표,석유제품,2423,3,석유제품
HSK-MTI 연계표,석유제품,2424,3,석유제품
HSK-MTI 연계표,석유제품,2425,3,석유제품
HSK-MTI 연계표,석유제품,2426,3,석유제품
HSK-MTI 연계표,석유제품,2427,3,석유제품
HSK-MTI 연계표,석유제품,2428,3,석유제품
HSK-MTI 연계표,석유제품,2429,3,석유제품
HSK-MTI 연계표,석유제품,2430,3,석유제품
HSK-MTI 연계표,석유제품,2431,3,석유제품
HSK-MTI 연계표,석유제품,2432,3,석유제품
HSK-MTI 연계표,석유제품,2433,3,석유제품
HSK-MTI 연계표,석유제품,2434,3,석유제품
HSK-MTI 연계표,석유제품,2435,3,석유제품
HSK-MTI 연계표,석유제품,2436,3,석유제품
HSK-MTI 연계표,석유제품,2437,3,석유제품
HSK-MTI 연계표,석유제품,2438,3,석유제품
HSK-MTI 연계표,석유제품,2439,3,석유제품
HSK-MTI 연계표,석유제품,2440,3,석유제품
HSK-MTI 연계표,석유제품,2441,3,석유제품
HSK-MTI 연계표,석유제품,2442,3,석유제품
HSK-MTI 연계표,석유제품,2443,3,석유제품
HSK-MTI 연계표,석유제품,2444,3,석유제품
HSK-MTI 연계표,석유제품,2445,3,석유제품
HSK-MTI 연계표,석유제품,2446,3,석유제품
HSK-MTI 연계표,석유제품,2447,3,석유제품
HSK-MTI 연계표,석유제품,2448,3,석유제품
HSK-MTI 연계표,석유제품,2449,3,석유제품
HSK-MTI 연계표,석유제품,2450,3,석유제품
HSK-MTI 연계표,석유화학,2454,3,석유화학
HSK-MTI 연계표,석유화학,2455,3,석유화학
HSK-MTI 연계표,석유화학,2456,3,석유화학
HSK-MTI 연계표,석유화학,2457,3,석유화학
HSK-MTI 연계표,석유제품,2458,3,석유제품
HSK-MTI 연계표,석유제품,2460,3,석유제품
HSK-MTI 연계표,석유제품,2461,3,석유제품
HSK-MTI 연계표,석유제품,2462,3,석유제품
HSK-MTI 연계표,석유제품,2463,3,석유제품
HSK-MTI 연계표,석유제품,2464,3,석유제품
HSK-MTI 연계표,석유제품,2465,3,석유제품
HSK-MTI 연계표,석유제품,2466,3,석유제품
HSK-MTI 연계표,석유제품,2467,3,석유제품
HSK-MTI 연계표,석유제품,2468,3,석유제품
HSK-MTI 연계표,석유제품,2469,3,석유제품
HSK-MTI 연계표,석유제품,2470,3,석유제품
HSK-MTI 연계표,석유제품,2471,3,석유제품
HSK-MTI 연계표,석유제품,2472,3,석유제품
HSK-MTI 연계표,석유제품,2473,3,석유제품
HSK-MTI 연계표,석유제품,2474,3,석유제품
HSK-MTI 연계표,석유제품,2475,3,석유제품
HSK-MTI 연계표,석유제품,2476,3,석유제품
HSK-MTI 연계표,석유제품,2477,3,석유제품
HSK-MTI 연계표,석유제품,2478,3,석유제품
HSK-MTI 연계표,석유제품,2479,3,석유제품
HSK-MTI 연계표,석유제품,2480,3,석유제품
HSK-MTI 연계표,석유제품,2481,3,석유제품
HSK-MTI 연계표,석유제품,2482,3,석유제품
HSK-MTI 연계표,석유제품,2483,3,석유제품
HSK-MTI 연계표,바이오,2540,3,바이오헬스
HSK-MTI 연계표,바이오,2548,3,바이오헬스
HSK-MTI 연계표,바이오,2551,3,바이오헬스
HSK-MTI 연계표,바이오,2554,3,바이오헬스
HSK-MTI 연계표,바이오,2572,3,바이오헬스
HSK-MTI 연계표,바이오,2576,3,바이오헬스
HSK-MTI 연계표,바이오,2585,3,바이오헬스
HSK-MTI 연계표,바이오,2628,3,바이오헬스
HSK-MTI 연계표,바이오,2644,3,바이오헬스
HSK-MTI 연계표,바이오,2648,3,바이오헬스
HSK-MTI 연계표,바이오,2649,3,바이오헬스
HSK-MTI 연계표,바이오,2650,3,바이오헬스
HSK-MTI 연계표,바이오,2651,3,바이오헬스
HSK-MTI 연계표,바이오,2654,3,바이오헬스
HSK-MTI 연계표,바이오,2664,3,바이오헬스
HSK-MTI 연계표,바이오,2666,3,바이오헬스
HSK-MTI 연계표,바이오,2680,3,바이오헬스
HSK-MTI 연계표,바이오,2684,3,바이오헬스
HSK-MTI 연계표,바이오,2686,3,바이오헬스
HSK-MTI 연계표,바이오,2698,3,바이오헬스
HSK-MTI 연계표,바이오,2709,3,바이오헬스
HSK-MTI 연계표,바이오,2710,3,바이오헬스
HSK-MTI 연계표,바이오,2711,3,바이오헬스
HSK-MTI 연계표,바이오,2712,3,바이오헬스
HSK-MTI 연계표,바이오,2713,3,바이오헬스
HSK-MTI 연계표,바이오,2721,3,바이오헬스
HSK-MTI 연계표,바이오,2723,3,바이오헬스
HSK-MTI 연계표,바이오,2727,3,바이오헬스
HSK-MTI 연계표,바이오,2771,3,바이오헬스
HSK-MTI 연계표,비철금속,2789,3,비철금속
HSK-MTI 연계표,비철금속,2790,3,비철금속
HSK-MTI 연계표,바이오,2791,3,바이오헬스
HSK-MTI 연계표,바이오,2792,3,바이오헬스
HSK-MTI 연계표,바이오,2793,3,바이오헬스
HSK-MTI 연계표,바이오,2801,3,바이오헬스
HSK-MTI 연계표,바이오,2805,3,바이오헬스
HSK-MTI 연계표,석유화학,2825,3,석유화학
HSK-MTI 연계표,석유화학,2826,3,석유화학
HSK-MTI 연계표,석유화학,2827,3,석유화학
HSK-MTI 연계표,석유화학,2828,3,석유화학
HSK-MTI 연계표,석유화학,2829,3,석유화학
HSK-MTI 연계표,석유화학,2830,3,석유화학
HSK-MTI 연계표,석유화학,2831,3,석유화학
HSK-MTI 연계표,석유화학,2832,3,석유화학
HSK-MTI 연계표,석유화학,2833,3,석유화학
HSK-MTI 연계표,석유화학,2834,3,석유화학
HSK-MTI 연계표,석유화학,2835,3,석유화학
HSK-MTI 연계표,석유화학,2836,3,석유화학
HSK-MTI 연계표,석유화학,2837,3,석유화학
HSK-MTI 연계표,석유화학,2838,3,석유화학
HSK-MTI 연계표,석유화학,2839,3,석유화학
HSK-MTI 연계표,석유화학,2840,3,석유화학
HSK-MTI 연계표,석유화학,2841,3,석유화학
HSK-MTI 연계표,석유화학,2842,3,석유화학
HSK-MTI 연계표,석유화학,2843,3,석유화학
HSK-MTI 연계표,석유화학,2844,3,석유화학
HSK-MTI 연계표,석유화학,2845,3,석유화학
HSK-MTI 연계표,석유화학,2846,3,석유화학
HSK-MTI 연계표,석유화학,2847,3,석유화학
HSK-MTI 연계표,석유화학,2848,3,석유화학
HSK-MTI 연계표,바이오,2855,3,바이오헬스
HSK-MTI 연계표,석유화학,2856,3,석유화학
HSK-MTI 연계표,석유화학,2858,3,석유화학
HSK-MTI 연계표,석유화학,2860,3,석유화학
HSK-MTI 연계표,바이오,2892,3,바이오헬스
HSK-MTI 연계표,바이오,2899,3,바이오헬스
HSK-MTI 연계표,바이오,2910,3,바이오헬스
HSK-MTI 연계표,석유화학,2911,3,석유화학
HSK-MTI 연계표,석유화학,2912,3,석유화학
HSK-MTI 연계표,석유화학,2913,3,석유화학
HSK-MTI 연계표,석유화학,2914,3,석유화학
HSK-MTI 연계표,석유화학,2915,3,석유화학
HSK-MTI 연계표,석유화학,2916,3,석유화학
HSK-MTI 연계표,석유화학,2917,3,석유화학
HSK-MTI 연계표,석유화학,2918,3,석유화학
HSK-MTI 연계표,바이오,2920,3,바이오헬스
HSK-MTI 연계표,바이오,2921,3,바이오헬스
HSK-MTI 연계표,석유화학,2924,3,석유화학
HSK-MTI 연계표,바이오,2929,3,바이오헬스
HSK-MTI 연계표,석유화학,2933,3,석유화학
HSK-MTI 연계표,석유화학,2934,3,석유화학
HSK-MTI 연계표,바이오,2940,3,바이오헬스
HSK-MTI 연계표,바이오,2941,3,바이오헬스
HSK-MTI 연계표,바이오,2942,3,바이오헬스
HSK-MTI 연계표,바이오,2943,3,바이오헬스
HSK-MTI 연계표,바이오,2945,3,바이오헬스
HSK-MTI 연계표,바이오,2946,3,바이오헬스
HSK-MTI 연계표,바이오,2948,3,바이오헬스
HSK-MTI 연계표,바이오,2949,3,바이오헬스
HSK-MTI 연계표,바이오,2950,3,바이오헬스
HSK-MTI 연계표,바이오,2953,3,바이오헬스
HSK-MTI 연계표,바이오,2954,3,바이오헬스
HSK-MTI 연계표,석유화학,2955,3,석유화학
HSK-MTI 연계표,석유화학,2962,3,석유화학
HSK-MTI 연계표,석유화학,2963,3,석유화학
HSK-MTI 연계표,바이오,2964,3,바이오헬스
HSK-MTI 연계표,석유화학,2965,3,석유화학
HSK-MTI 연계표,바이오,2969,3,바이오헬스
HSK-MTI 연계표,바이오,2970,3,바이오헬스
HSK-MTI 연계표,석유화학,2971,3,석유화학
HSK-MTI 연계표,석유화학,2972,3,석유화학
HSK-MTI 연계표,석유화학,2975,3,석유화학
HSK-MTI 연계표,석유화학,2976,3,석유화학
HSK-MTI 연계표,석유화학,2977,3,석유화학
HSK-MTI 연계표,석유화학,2978,3,석유화학
HSK-MTI 연계표,석유화학,2979,3,석유화학
HSK-MTI 연계표,석유화학,2980,3,석유화학
HSK-MTI 연계표,석유화학,2981,3,석유화학
HSK-MTI 연계표,석유화학,2982,3,석유화학
HSK-MTI 연계표,석유화학,2983,3,석유화학
HSK-MTI 연계표,석유화학,2984,3,석유화학
HSK-MTI 연계표,석유화학,2985,3,석유화학
HSK-MTI 연계표,석유화학,2986,3,석유화학
HSK-MTI 연계표,석유화학,2987,3,석유화학
HSK-MTI 연계표,석유화학,2988,3,석유화학
HSK-MTI 연계표,석유화학,2989,3,석유화학
HSK-MTI 연계표,석유화학,2990,3,석유화학
HSK-MTI 연계표,석유화학,2991,3,석유화학
HSK-MTI 연계표,석유화학,2992,3,석유화학
HSK-MTI 연계표,석유화학,2994,3,석유화학
HSK-MTI 연계표,석유화학,2995,3,석유화학
HSK-MTI 연계표,석유화학,2996,3,석유화학
HSK-MTI 연계표,석유화학,2997,3,석유화학
HSK-MTI 연계표,석유화학,2998,3,석유화학
HSK-MTI 연계표,석유화학,2999,3,석유화학
HSK-MTI 연계표,석유화학,3000,3,석유화학
HSK-MTI 연계표,석유화학,3001,3,석유화학
HSK-MTI 연계표,석유화학,3002,3,석유화학
HSK-MTI 연계표,석유화학,3003,3,석유화학
HSK-MTI 연계표,석유화학,3004,3,석유화학
HSK-MTI 연계표,석유화학,3005,3,석유화학
HSK-MTI 연계표,석유화학,3006,3,석유화학
HSK-MTI 연계표,석유화학,3007,3,석유화학
HSK-MTI 연계표,석유화학,3008,3,석유화학
HSK-MTI 연계표,석유화학,3009,3,석유화학
HSK-MTI 연계표,석유화학,3010,3,석유화학
HSK-MTI 연계표,석유화학,3011,3,석유화학
HSK-MTI 연계표,석유화학,3012,3,석유화학
HSK-MTI 연계표,석유화학,3013,3,석유화학
HSK-MTI 연계표,석유화학,3014,3,석유화학
HSK-MTI 연계표,석유화학,3015,3,석유화학
HSK-MTI 연계표,석유화학,3016,3,석유화학
HSK-MTI 연계표,석유화학,3017,3,석유화학
HSK-MTI 연계표,석유화학,3018,3,석유화학
HSK-MTI 연계표,석유화학,3019,3,석유화학
HSK-MTI 연계표,석유화학,3020,3,석유화학
HSK-MTI 연계표,석유화학,3021,3,석유화학
HSK-MTI 연계표,석유화학,3022,3,석유화학
HSK-MTI 연계표,석유화학,3023,3,석유화학
HSK-MTI 연계표,석유화학,3024,3,석유화학
HSK-MTI 연계표,석유화학,3026,3,석유화학
HSK-MTI 연계표,석유화학,3027,3,석유화학
HSK-MTI 연계표,바이오,3029,3,바이오헬스
HSK-MTI 연계표,석유화학,3030,3,석유화학
HSK-MTI 연계표,바이오,3035,3,바이오헬스
HSK-MTI 연계표,바이오,3037,3,바이오헬스
HSK-MTI 연계표,바이오,3041,3,바이오헬스
HSK-MTI 연계표,바이오,3045,3,바이오헬스
HSK-MTI 연계표,바이오,3048,3,바이오헬스
HSK-MTI 연계표,바이오,3049,3,바이오헬스
HSK-MTI 연계표,석유화학,3053,3,석유화학
HSK-MTI 연계표,바이오,3054,3,바이오헬스
HSK-MTI 연계표,바이오,3055,3,바이오헬스
HSK-MTI 연계표,바이오,3056,3,바이오헬스
HSK-MTI 연계표,바이오,3058,3,바이오헬스
HSK-MTI 연계표,석유화학,3059,3,석유화학
HSK-MTI 연계표,석유화학,3060,3,석유화학
HSK-MTI 연계표,석유화학,3067,3,석유화학
HSK-MTI 연계표,석유화학,3089,3,석유화학
HSK-MTI 연계표,석유화학,3090,3,석유화학
HSK-MTI 연계표,석유화학,3091,3,석유화학
HSK-MTI 연계표,석유화학,3092,3,석유화학
HSK-MTI 연계표,석유화학,3093,3,석유화학
HSK-MTI 연계표,석유화학,3094,3,석유화학
HSK-MTI 연계표,석유화학,3095,3,석유화학
HSK-MTI 연계표,석유화학,3096,3,석유화학
HSK-MTI 연계표,석유화학,3097,3,석유화학
HSK-MTI 연계표,석유화학,3098,3,석유화학
HSK-MTI 연계표,석유화학,3099,3,석유화학
HSK-MTI 연계표,바이오,3100,3,바이오헬스
HSK-MTI 연계표,바이오,3106,3,바이오헬스
HSK-MTI 연계표,바이오,3107,3,바이오헬스
HSK-MTI 연계표,바이오,3108,3,바이오헬스
HSK-MTI 연계표,바이오,3111,3,바이오헬스
HSK-MTI 연계표,바이오,3112,3,바이오헬스
HSK-MTI 연계표,바이오,3113,3,바이오헬스
HSK-MTI 연계표,바이오,3114,3,바이오헬스
HSK-MTI 연계표,바이오,3115,3,바이오헬스
HSK-MTI 연계표,바이오,3117,3,바이오헬스
HSK-MTI 연계표,바이오,3118,3,바이오헬스
HSK-MTI 연계표,석유화학,3121,3,석유화학
HSK-MTI 연계표,석유화학,3122,3,석유화학
HSK-MTI 연계표,석유화학,3123,3,석유화학
HSK-MTI 연계표,석유화학,3124,3,석유화학
HSK-MTI 연계표,바이오,3125,3,바이오헬스
HSK-MTI 연계표,석유화학,3127,3,석유화학
HSK-MTI 연계표,바이오,3130,3,바이오헬스
HSK-MTI 연계표,석유화학,3140,3,석유화학
HSK-MTI 연계표,석유화학,3141,3,석유화학
HSK-MTI 연계표,바이오,3142,3,바이오헬스
HSK-MTI 연계표,석유화학,3143,3,석유화학
HSK-MTI 연계표,석유화학,3144,3,석유화학
HSK-MTI 연계표,바이오,3148,3,바이오헬스
HSK-MTI 연계표,바이오,3149,3,바이오헬스
HSK-MTI 연계표,바이오,3151,3,바이오헬스
HSK-MTI 연계표,바이오,3152,3,바이오헬스
HSK-MTI 연계표,바이오,3153,3,바이오헬스
HSK-MTI 연계표,바이오,3154,3,바이오헬스
HSK-MTI 연계표,바이오,3155,3,바이오헬스
HSK-MTI 연계표,바이오,3156,3,바이오헬스
HSK-MTI 연계표,바이오,3157,3,바이오헬스
HSK-MTI 연계표,바이오,3158,3,바이오헬스
HSK-MTI 연계표,바이오,3159,3,바이오헬스
HSK-MTI 연계표,바이오,3162,3,바이오헬스
HSK-MTI 연계표,바이오,3163,3,바이오헬스
HSK-MTI 연계표,바이오,3164,3,바이오헬스
HSK-MTI 연계표,바이오,3165,3,바이오헬스
HSK-MTI 연계표,바이오,3166,3,바이오헬스
HSK-MTI 연계표,바이오,3167,3,바이오헬스
HSK-MTI 연계표,바이오,3168,3,바이오헬스
HSK-MTI 연계표,바이오,3169,3,바이오헬스
HSK-MTI 연계표,바이오,3170,3,바이오헬스
HSK-MTI 연계표,바이오,3172,3,바이오헬스
HSK-MTI 연계표,바이오,3176,3,바이오헬스
HSK-MTI 연계표,바이오,3179,3,바이오헬스
HSK-MTI 연계표,바이오,3182,3,바이오헬스
HSK-MTI 연계표,바이오,3183,3,바이오헬스
HSK-MTI 연계표,바이오,3184,3,바이오헬스
HSK-MTI 연계표,석유화학,3186,3,석유화학
HSK-MTI 연계표,석유화학,3188,3,석유화학
HSK-MTI 연계표,석유화학,3189,3,석유화학
HSK-MTI 연계표,석유화학,3190,3,석유화학
HSK-MTI 연계표,석유화학,3191,3,석유화학
HSK-MTI 연계표,석유화학,3192,3,석유화학
HSK-MTI 연계표,석유화학,3193,3,석유화학
HSK-MTI 연계표,석유화학,3195,3,석유화학
HSK-MTI 연계표,석유화학,3196,3,석유화학
HSK-MTI 연계표,석유화학,3197,3,석유화학
HSK-MTI 연계표,석유화학,3198,3,석유화학
HSK-MTI 연계표,석유화학,3199,3,석유화학
HSK-MTI 연계표,석유화학,3200,3,석유화학
HSK-MTI 연계표,석유화학,3201,3,석유화학
HSK-MTI 연계표,석유화학,3202,3,석유화학
HSK-MTI 연계표,석유화학,3203,3,석유화학
HSK-MTI 연계표,석유화학,3204,3,석유화학
HSK-MTI 연계표,석유화학,3205,3,석유화학
HSK-MTI 연계표,석유화학,3206,3,석유화학
HSK-MTI 연계표,석유화학,3207,3,석유화학
HSK-MTI 연계표,석유화학,3208,3,석유화학
HSK-MTI 연계표,석유화학,3209,3,석유화학
HSK-MTI 연계표,석유화학,3210,3,석유화학
HSK-MTI 연계표,석유화학,3211,3,석유화학
HSK-MTI 연계표,석유화학,3212,3,석유화학
HSK-MTI 연계표,석유화학,3213,3,석유화학
HSK-MTI 연계표,석유화학,3214,3,석유화학
HSK-MTI 연계표,석유화학,3215,3,석유화학
HSK-MTI 연계표,석유화학,3216,3,석유화학
HSK-MTI 연계표,석유화학,3217,3,석유화학
HSK-MTI 연계표,석유화학,3218,3,석유화학
HSK-MTI 연계표,석유화학,3219,3,석유화학
HSK-MTI 연계표,석유화학,3220,3,석유화학
HSK-MTI 연계표,석유화학,3221,3,석유화학
HSK-MTI 연계표,석유화학,3222,3,석유화학
HSK-MTI 연계표,석유화학,3223,3,석유화학
HSK-MTI 연계표,석유화학,3224,3,석유화학
HSK-MTI 연계표,석유화학,3226,3,석유화학
HSK-MTI 연계표,석유화학,3227,3,석유화학
HSK-MTI 연계표,석유화학,3229,3,석유화학
HSK-MTI 연계표,석유화학,3230,3,석유화학
HSK-MTI 연계표,석유화학,3231,3,석유화학
HSK-MTI 연계표,석유화학,3232,3,석유화학
HSK-MTI 연계표,석유화학,3233,3,석유화학
HSK-MTI 연계표,석유화학,3234,3,석유화학
HSK-MTI 연계표,석유화학,3235,3,석유화학
HSK-MTI 연계표,석유화학,3236,3,석유화학
HSK-MTI 연계표,석유화학,3237,3,석유화학
HSK-MTI 연계표,석유화학,3238,3,석유화학
HSK-MTI 연계표,석유화학,3239,3,석유화학
HSK-MTI 연계표,석유화학,3240,3,석유화학
HSK-MTI 연계표,석유화학,3241,3,석유화학
HSK-MTI 연계표,석유화학,3243,3,석유화학
HSK-MTI 연계표,석유화학,3244,3,석유화학
HSK-MTI 연계표,석유화학,3245,3,석유화학
HSK-MTI 연계표,석유화학,3246,3,석유화학
HSK-MTI 연계표,석유화학,3247,3,석유화학
HSK-MTI 연계표,석유화학,3248,3,석유화학
HSK-MTI 연계표,석유화학,3249,3,석유화학
HSK-MTI 연계표,석유화학,3250,3,석유화학
HSK-MTI 연계표,석유화학,3251,3,석유화학
HSK-MTI 연계표,석유화학,3252,3,석유화학
HSK-MTI 연계표,바이오,3264,3,바이오헬스
HSK-MTI 연계표,바이오,3271,3,바이오헬스
HSK-MTI 연계표,바이오,3275,3,바이오헬스
HSK-MTI 연계표,바이오,3276,3,바이오헬스
HSK-MTI 연계표,바이오,3278,3,바이오헬스
HSK-MTI 연계표,석유화학,3279,3,석유화학
HSK-MTI 연계표,바이오,3280,3,바이오헬스
HSK-MTI 연계표,바이오,3283,3,바이오헬스
HSK-MTI 연계표,바이오,3284,3,바이오헬스
HSK-MTI 연계표,바이오,3285,3,바이오헬스
HSK-MTI 연계표,바이오,3286,3,바이오헬스
HSK-MTI 연계표,바이오,3288,3,바이오헬스
HSK-MTI 연계표,바이오,3290,3,바이오헬스
HSK-MTI 연계표,바이오,3291,3,바이오헬스
HSK-MTI 연계표,바이오,3292,3,바이오헬스
HSK-MTI 연계표,바이오,3293,3,바이오헬스
HSK-MTI 연계표,바이오,3294,3,바이오헬스
HSK-MTI 연계표,바이오,3311,3,바이오헬스
HSK-MTI 연계표,바이오,3312,3,바이오헬스
HSK-MTI 연계표,바이오,3313,3,바이오헬스
HSK-MTI 연계표,바이오,3314,3,바이오헬스
HSK-MTI 연계표,바이오,3315,3,바이오헬스
HSK-MTI 연계표,바이오,3316,3,바이오헬스
HSK-MTI 연계표,바이오,3318,3,바이오헬스
HSK-MTI 연계표,바이오,3319,3,바이오헬스
HSK-MTI 연계표,바이오,3324,3,바이오헬스
HSK-MTI 연계표,바이오,3328,3,바이오헬스
HSK-MTI 연계표,석유화학,3329,3,석유화학
HSK-MTI 연계표,석유화학,3345,3,석유화학
HSK-MTI 연계표,석유화학,3346,3,석유화학
HSK-MTI 연계표,석유화학,3347,3,석유화학
HSK-MTI 연계표,바이오,3349,3,바이오헬스
HSK-MTI 연계표,바이오,3357,3,바이오헬스
HSK-MTI 연계표,바이오,3370,3,바이오헬스
HSK-MTI 연계표,바이오,3371,3,바이오헬스
HSK-MTI 연계표,바이오,3372,3,바이오헬스
HSK-MTI 연계표,바이오,3403,3,바이오헬스
HSK-MTI 연계표,바이오,3416,3,바이오헬스
HSK-MTI 연계표,바이오,3422,3,바이오헬스
HSK-MTI 연계표,바이오,3426,3,바이오헬스
HSK-MTI 연계표,바이오,3428,3,바이오헬스
HSK-MTI 연계표,바이오,3431,3,바이오헬스
HSK-MTI 연계표,바이오,3436,3,바이오헬스
HSK-MTI 연계표,바이오,3437,3,바이오헬스
HSK-MTI 연계표,바이오,3438,3,바이오헬스
HSK-MTI 연계표,바이오,3439,3,바이오헬스
HSK-MTI 연계표,바이오,3440,3,바이오헬스
HSK-MTI 연계표,바이오,3441,3,바이오헬스
HSK-MTI 연계표,바이오,3442,3,바이오헬스
HSK-MTI 연계표,바이오,3443,3,바이오헬스
HSK-MTI 연계표,바이오,3444,3,바이오헬스
HSK-MTI 연계표,바이오,3445,3,바이오헬스
HSK-MTI 연계표,바이오,3447,3,바이오헬스
HSK-MTI 연계표,바이오,3448,3,바이오헬스
HSK-MTI 연계표,바이오,3452,3,바이오헬스
HSK-MTI 연계표,바이오,3458,3,바이오헬스
HSK-MTI 연계표,바이오,3459,3,바이오헬스
HSK-MTI 연계표,석유화학,3466,3,석유화학
HSK-MTI 연계표,바이오,3469,3,바이오헬스
HSK-MTI 연계표,바이오,3470,3,바이오헬스
HSK-MTI 연계표,바이오,3473,3,바이오헬스
HSK-MTI 연계표,바이오,3475,3,바이오헬스
HSK-MTI 연계표,바이오,3476,3,바이오헬스
HSK-MTI 연계표,바이오,3478,3,바이오헬스
HSK-MTI 연계표,바이오,3482,3,바이오헬스
HSK-MTI 연계표,바이오,3484,3,바이오헬스
HSK-MTI 연계표,바이오,3486,3,바이오헬스
HSK-MTI 연계표,바이오,3488,3,바이오헬스
HSK-MTI 연계표,바이오,3490,3,바이오헬스
HSK-MTI 연계표,바이오,3491,3,바이오헬스
HSK-MTI 연계표,바이오,3498,3,바이오헬스
HSK-MTI 연계표,바이오,3499,3,바이오헬스
HSK-MTI 연계표,바이오,3500,3,바이오헬스
HSK-MTI 연계표,바이오,3501,3,바이오헬스
HSK-MTI 연계표,바이오,3502,3,바이오헬스
HSK-MTI 연계표,바이오,3503,3,바이오헬스
HSK-MTI 연계표,바이오,3504,3,바이오헬스
HSK-MTI 연계표,바이오,3505,3,바이오헬스
HSK-MTI 연계표,바이오,3506,3,바이오헬스
HSK-MTI 연계표,바이오,3507,3,바이오헬스
HSK-MTI 연계표,바이오,3508,3,바이오헬스
HSK-MTI 연계표,바이오,3509,3,바이오헬스
HSK-MTI 연계표,바이오,3510,3,바이오헬스
HSK-MTI 연계표,바이오,3511,3,바이오헬스
HSK-MTI 연계표,바이오,3512,3,바이오헬스
HSK-MTI 연계표,바이오,3513,3,바이오헬스
HSK-MTI 연계표,바이오,3514,3,바이오헬스
HSK-MTI 연계표,바이오,3515,3,바이오헬스
HSK-MTI 연계표,바이오,3516,3,바이오헬스
HSK-MTI 연계표,바이오,3517,3,바이오헬스
HSK-MTI 연계표,바이오,3518,3,바이오헬스
HSK-MTI 연계표,바이오,3519,3,바이오헬스
HSK-MTI 연계표,바이오,3520,3,바이오헬스
HSK-MTI 연계표,바이오,3521,3,바이오헬스
HSK-MTI 연계표,바이오,3522,3,바이오헬스
HSK-MTI 연계표,바이오,3523,3,바이오헬스
HSK-MTI 연계표,바이오,3524,3,바이오헬스
HSK-MTI 연계표,바이오,3525,3,바이오헬스
HSK-MTI 연계표,바이오,3526,3,바이오헬스
HSK-MTI 연계표,바이오,3527,3,바이오헬스
HSK-MTI 연계표,바이오,3528,3,바이오헬스
HSK-MTI 연계표,바이오,3529,3,바이오헬스
HSK-MTI 연계표,바이오,3530,3,바이오헬스
HSK-MTI 연계표,바이오,3531,3,바이오헬스
HSK-MTI 연계표,바이오,3532,3,바이오헬스
HSK-MTI 연계표,바이오,3533,3,바이오헬스
HSK-MTI 연계표,바이오,3534,3,바이오헬스
HSK-MTI 연계표,바이오,3535,3,바이오헬스
HSK-MTI 연계표,바이오,3536,3,바이오헬스
HSK-MTI 연계표,바이오,3537,3,바이오헬스
HSK-MTI 연계표,바이오,3538,3,바이오헬스
HSK-MTI 연계표,바이오,3539,3,바이오헬스
HSK-MTI 연계표,바이오,3540,3,바이오헬스
HSK-MTI 연계표,바이오,3541,3,바이오헬스
HSK-MTI 연계표,바이오,3542,3,바이오헬스
HSK-MTI 연계표,바이오,3546,3,바이오헬스
HSK-MTI 연계표,바이오,3549,3,바이오헬스
HSK-MTI 연계표,바이오,3554,3,바이오헬스
HSK-MTI 연계표,바이오,3555,3,바이오헬스
HSK-MTI 연계표,바이오,3557,3,바이오헬스
HSK-MTI 연계표,바이오,3560,3,바이오헬스
HSK-MTI 연계표,바이오,3565,3,바이오헬스
HSK-MTI 연계표,바이오,3566,3,바이오헬스
HSK-MTI 연계표,바이오,3567,3,바이오헬스
HSK-MTI 연계표,바이오,3576,3,바이오헬스
HSK-MTI 연계표,바이오,3577,3,바이오헬스
HSK-MTI 연계표,바이오,3588,3,바이오헬스
HSK-MTI 연계표,바이오,3589,3,바이오헬스
HSK-MTI 연계표,바이오,3590,3,바이오헬스
HSK-MTI 연계표,바이오,3591,3,바이오헬스
HSK-MTI 연계표,바이오,3593,3,바이오헬스
HSK-MTI 연계표,바이오,3594,3,바이오헬스
HSK-MTI 연계표,바이오,3595,3,바이오헬스
HSK-MTI 연계표,바이오,3596,3,바이오헬스
HSK-MTI 연계표,바이오,3597,3,바이오헬스
HSK-MTI 연계표,바이오,3598,3,바이오헬스
HSK-MTI 연계표,바이오,3599,3,바이오헬스
HSK-MTI 연계표,바이오,3600,3,바이오헬스
HSK-MTI 연계표,바이오,3602,3,바이오헬스
HSK-MTI 연계표,바이오,3604,3,바이오헬스
HSK-MTI 연계표,바이오,3605,3,바이오헬스
HSK-MTI 연계표,바이오,3606,3,바이오헬스
HSK-MTI 연계표,바이오,3607,3,바이오헬스
HSK-MTI 연계표,농수산,3608,3,농수산식품
HSK-MTI 연계표,바이오,3609,3,바이오헬스
HSK-MTI 연계표,바이오,3610,3,바이오헬스
HSK-MTI 연계표,바이오,3611,3,바이오헬스
HSK-MTI 연계표,바이오,3612,3,바이오헬스
HSK-MTI 연계표,바이오,3613,3,바이오헬스
HSK-MTI 연계표,바이오,3614,3,바이오헬스
HSK-MTI 연계표,바이오,3615,3,바이오헬스
HSK-MTI 연계표,바이오,3616,3,바이오헬스
HSK-MTI 연계표,바이오,3617,3,바이오헬스
HSK-MTI 연계표,바이오,3618,3,바이오헬스
HSK-MTI 연계표,바이오,3619,3,바이오헬스
HSK-MTI 연계표,바이오,3620,3,바이오헬스
HSK-MTI 연계표,바이오,3621,3,바이오헬스
HSK-MTI 연계표,바이오,3622,3,바이오헬스
HSK-MTI 연계표,바이오,3623,3,바이오헬스
HSK-MTI 연계표,바이오,3624,3,바이오헬스
HSK-MTI 연계표,바이오,3625,3,바이오헬스
HSK-MTI 연계표,바이오,3626,3,바이오헬스
HSK-MTI 연계표,바이오,3627,3,바이오헬스
HSK-MTI 연계표,바이오,3628,3,바이오헬스
HSK-MTI 연계표,바이오,3629,3,바이오헬스
HSK-MTI 연계표,바이오,3630,3,바이오헬스
HSK-MTI 연계표,바이오,3631,3,바이오헬스
HSK-MTI 연계표,바이오,3632,3,바이오헬스
HSK-MTI 연계표,바이오,3633,3,바이오헬스
HSK-MTI 연계표,바이오,3634,3,바이오헬스
HSK-MTI 연계표,바이오,3635,3,바이오헬스
HSK-MTI 연계표,바이오,3636,3,바이오헬스
HSK-MTI 연계표,바이오,3637,3,바이오헬스
HSK-MTI 연계표,바이오,3638,3,바이오헬스
HSK-MTI 연계표,바이오,3639,3,바이오헬스
HSK-MTI 연계표,바이오,3640,3,바이오헬스
HSK-MTI 연계표,바이오,3641,3,바이오헬스
HSK-MTI 연계표,바이오,3642,3,바이오헬스
HSK-MTI 연계표,바이오,3643,3,바이오헬스
HSK-MTI 연계표,바이오,3644,3,바이오헬스
HSK-MTI 연계표,바이오,3645,3,바이오헬스
HSK-MTI 연계표,바이오,3646,3,바이오헬스
HSK-MTI 연계표,바이오,3647,3,바이오헬스
HSK-MTI 연계표,바이오,3648,3,바이오헬스
HSK-MTI 연계표,바이오,3649,3,바이오헬스
HSK-MTI 연계표,바이오,3650,3,바이오헬스
HSK-MTI 연계표,바이오,3651,3,바이오헬스
HSK-MTI 연계표,바이오,3652,3,바이오헬스
HSK-MTI 연계표,바이오,3653,3,바이오헬스
HSK-MTI 연계표,바이오,3654,3,바이오헬스
HSK-MTI 연계표,바이오,3655,3,바이오헬스
HSK-MTI 연계표,바이오,3656,3,바이오헬스
HSK-MTI 연계표,바이오,3657,3,바이오헬스
HSK-MTI 연계표,바이오,3658,3,바이오헬스
HSK-MTI 연계표,바이오,3659,3,바이오헬스
HSK-MTI 연계표,바이오,3660,3,바이오헬스
HSK-MTI 연계표,바이오,3661,3,바이오헬스
HSK-MTI 연계표,바이오,3662,3,바이오헬스
HSK-MTI 연계표,바이오,3663,3,바이오헬스
HSK-MTI 연계표,바이오,3664,3,바이오헬스
HSK-MTI 연계표,바이오,3665,3,바이오헬스
HSK-MTI 연계표,바이오,3666,3,바이오헬스
HSK-MTI 연계표,바이오,3667,3,바이오헬스
HSK-MTI 연계표,바이오,3668,3,바이오헬스
HSK-MTI 연계표,바이오,3669,3,바이오헬스
HSK-MTI 연계표,바이오,3670,3,바이오헬스
HSK-MTI 연계표,바이오,3671,3,바이오헬스
HSK-MTI 연계표,바이오,3672,3,바이오헬스
HSK-MTI 연계표,바이오,3673,3,바이오헬스
HSK-MTI 연계표,바이오,3674,3,바이오헬스
HSK-MTI 연계표,바이오,3675,3,바이오헬스
HSK-MTI 연계표,바이오,3676,3,바이오헬스
HSK-MTI 연계표,바이오,3677,3,바이오헬스
HSK-MTI 연계표,바이오,3678,3,바이오헬스
HSK-MTI 연계표,바이오,3686,3,바이오헬스
HSK-MTI 연계표,바이오,3687,3,바이오헬스
HSK-MTI 연계표,바이오,3688,3,바이오헬스
HSK-MTI 연계표,바이오,3689,3,바이오헬스
HSK-MTI 연계표,바이오,3690,3,바이오헬스
HSK-MTI 연계표,바이오,3691,3,바이오헬스
HSK-MTI 연계표,바이오,3693,3,바이오헬스
HSK-MTI 연계표,바이오,3694,3,바이오헬스
HSK-MTI 연계표,바이오,3695,3,바이오헬스
HSK-MTI 연계표,바이오,3696,3,바이오헬스
HSK-MTI 연계표,바이오,3697,3,바이오헬스
HSK-MTI 연계표,바이오,3698,3,바이오헬스
HSK-MTI 연계표,바이오,3699,3,바이오헬스
HSK-MTI 연계표,바이오,3700,3,바이오헬스
HSK-MTI 연계표,바이오,3702,3,바이오헬스
HSK-MTI 연계표,바이오,3713,3,바이오헬스
HSK-MTI 연계표,바이오,3718,3,바이오헬스
HSK-MTI 연계표,바이오,3733,3,바이오헬스
HSK-MTI 연계표,바이오,3735,3,바이오헬스
HSK-MTI 연계표,바이오,3756,3,바이오헬스
HSK-MTI 연계표,바이오,3779,3,바이오헬스
HSK-MTI 연계표,생활용품,3847,3,생활용품
HSK-MTI 연계표,생활용품,3848,3,생활용품
HSK-MTI 연계표,생활용품,3849,3,생활용품
HSK-MTI 연계표,생활용품,3850,3,생활용품
HSK-MTI 연계표,생활용품,3851,3,생활용품
HSK-MTI 연계표,생활용품,3852,3,생활용품
HSK-MTI 연계표,생활용품,3859,3,생활용품
HSK-MTI 연계표,생활용품,3860,3,생활용품
HSK-MTI 연계표,생활용품,3861,3,생활용품
HSK-MTI 연계표,생활용품,3862,3,생활용품
HSK-MTI 연계표,생활용품,3863,3,생활용품
HSK-MTI 연계표,생활용품,3864,3,생활용품
HSK-MTI 연계표,생활용품,3865,3,생활용품
HSK-MTI 연계표,생활용품,3866,3,생활용품
HSK-MTI 연계표,생활용품,3867,3,생활용품
HSK-MTI 연계표,생활용품,3868,3,생활용품
HSK-MTI 연계표,생활용품,3869,3,생활용품
HSK-MTI 연계표,생활용품,3870,3,생활용품
HSK-MTI 연계표,생활용품,3871,3,생활용품
HSK-MTI 연계표,농수산,3872,3,농수산식품
HSK-MTI 연계표,농수산,3873,3,농수산식품
HSK-MTI 연계표,농수산,3874,3,농수산식품
HSK-MTI 연계표,바이오,3875,3,바이오헬스
HSK-MTI 연계표,농수산,3876,3,농수산식품
HSK-MTI 연계표,농수산,3877,3,농수산식품
HSK-MTI 연계표,농수산,3878,3,농수산식품
HSK-MTI 연계표,농수산,3879,3,농수산식품
HSK-MTI 연계표,농수산,3880,3,농수산식품
HSK-MTI 연계표,농수산,3881,3,농수산식품
HSK-MTI 연계표,농수산,3882,3,농수산식품
HSK-MTI 연계표,농수산,3883,3,농수산식품
HSK-MTI 연계표,농수산,3884,3,농수산식품
HSK-MTI 연계표,농수산,3885,3,농수산식품
HSK-MTI 연계표,농수산,3886,3,농수산식품
HSK-MTI 연계표,농수산,3887,3,농수산식품
HSK-MTI 연계표,농수산,3888,3,농수산식품
HSK-MTI 연계표,농수산,3889,3,농수산식품
HSK-MTI 연계표,농수산,3890,3,농수산식품
HSK-MTI 연계표,농수산,3891,3,농수산식품
HSK-MTI 연계표,화장품,3897,3,화장품
HSK-MTI 연계표,화장품,3898,3,화장품
HSK-MTI 연계표,화장품,3899,3,화장품
HSK-MTI 연계표,화장품,3900,3,화장품
HSK-MTI 연계표,화장품,3901,3,화장품
HSK-MTI 연계표,화장품,3902,3,화장품
HSK-MTI 연계표,화장품,3903,3,화장품
HSK-MTI 연계표,화장품,3904,3,화장품
HSK-MTI 연계표,화장품,3905,3,화장품
HSK-MTI 연계표,화장품,3906,3,화장품
HSK-MTI 연계표,화장품,3907,3,화장품
HSK-MTI 연계표,화장품,3908,3,화장품
HSK-MTI 연계표,화장품,3909,3,화장품
HSK-MTI 연계표,화장품,3910,3,화장품
HSK-MTI 연계표,화장품,3911,3,화장품
HSK-MTI 연계표,화장품,3912,3,화장품
HSK-MTI 연계표,화장품,3913,3,화장품
HSK-MTI 연계표,화장품,3914,3,화장품
HSK-MTI 연계표,화장품,3915,3,화장품
HSK-MTI 연계표,화장품,3916,3,화장품
HSK-MTI 연계표,화장품,3917,3,화장품
HSK-MTI 연계표,생활용품,3918,3,생활용품
HSK-MTI 연계표,생활용품,3919,3,생활용품
HSK-MTI 연계표,생활용품,3920,3,생활용품
HSK-MTI 연계표,생활용품,3921,3,생활용품
HSK-MTI 연계표,생활용품,3922,3,생활용품
HSK-MTI 연계표,바이오,3923,3,바이오헬스
HSK-MTI 연계표,바이오,3924,3,바이오헬스
HSK-MTI 연계표,화장품,3925,3,화장품
HSK-MTI 연계표,화장품,3926,3,화장품
HSK-MTI 연계표,화장품,3927,3,화장품
HSK-MTI 연계표,화장품,3928,3,화장품
HSK-MTI 연계표,화장품,3929,3,화장품
HSK-MTI 연계표,화장품,3932,3,화장품
HSK-MTI 연계표,화장품,3934,3,화장품
HSK-MTI 연계표,화장품,3935,3,화장품
HSK-MTI 연계표,화장품,3936,3,화장품
HSK-MTI 연계표,화장품,3937,3,화장품
HSK-MTI 연계표,화장품,3939,3,화장품
HSK-MTI 연계표,화장품,3941,3,화장품
HSK-MTI 연계표,화장품,3942,3,화장품
HSK-MTI 연계표,생활용품,3943,3,생활용품
HSK-MTI 연계표,생활용품,3944,3,생활용품
HSK-MTI 연계표,생활용품,3945,3,생활용품
HSK-MTI 연계표,생활용품,3946,3,생활용품
HSK-MTI 연계표,생활용품,3947,3,생활용품
HSK-MTI 연계표,생활용품,3948,3,생활용품
HSK-MTI 연계표,생활용품,3949,3,생활용품
HSK-MTI 연계표,생활용품,3950,3,생활용품
HSK-MTI 연계표,생활용품,3951,3,생활용품
HSK-MTI 연계표,생활용품,3952,3,생활용품
HSK-MTI 연계표,생활용품,3953,3,생활용품
HSK-MTI 연계표,생활용품,3954,3,생활용품
HSK-MTI 연계표,생활용품,3969,3,생활용품
HSK-MTI 연계표,생활용품,3970,3,생활용품
HSK-MTI 연계표,생활용품,3971,3,생활용품
HSK-MTI 연계표,생활용품,3972,3,생활용품
HSK-MTI 연계표,생활용품,3973,3,생활용품
HSK-MTI 연계표,생활용품,3974,3,생활용품
HSK-MTI 연계표,생활용품,3975,3,생활용품
HSK-MTI 연계표,생활용품,3976,3,생활용품
HSK-MTI 연계표,생활용품,3977,3,생활용품
HSK-MTI 연계표,생활용품,3978,3,생활용품
HSK-MTI 연계표,생활용품,3979,3,생활용품
HSK-MTI 연계표,생활용품,3980,3,생활용품
HSK-MTI 연계표,생활용품,3981,3,생활용품
HSK-MTI 연계표,바이오,3983,3,바이오헬스
HSK-MTI 연계표,바이오,3984,3,바이오헬스
HSK-MTI 연계표,바이오,3985,3,바이오헬스
HSK-MTI 연계표,농수산,3986,3,농수산식품
HSK-MTI 연계표,농수산,3987,3,농수산식품
HSK-MTI 연계표,농수산,3988,3,농수산식품
HSK-MTI 연계표,농수산,3989,3,농수산식품
HSK-MTI 연계표,농수산,3990,3,농수산식품
HSK-MTI 연계표,농수산,3991,3,농수산식품
HSK-MTI 연계표,농수산,3992,3,농수산식품
HSK-MTI 연계표,농수산,3993,3,농수산식품
HSK-MTI 연계표,농수산,3994,3,농수산식품
HSK-MTI 연계표,농수산,3995,3,농수산식품
HSK-MTI 연계표,농수산,3996,3,농수산식품
HSK-MTI 연계표,바이오,3997,3,바이오헬스
HSK-MTI 연계표,농수산,3998,3,농수산식품
HSK-MTI 연계표,농수산,3999,3,농수산식품
HSK-MTI 연계표,농수산,4000,3,농수산식품
HSK-MTI 연계표,농수산,4001,3,농수산식품
HSK-MTI 연계표,농수산,4002,3,농수산식품
HSK-MTI 연계표,바이오,4003,3,바이오헬스
HSK-MTI 연계표,농수산,4004,3,농수산식품
HSK-MTI 연계표,농수산,4005,3,농수산식품
HSK-MTI 연계표,농수산,4006,3,농수산식품
HSK-MTI 연계표,농수산,4007,3,농수산식품
HSK-MTI 연계표,바이오,4008,3,바이오헬스
HSK-MTI 연계표,농수산,4009,3,농수산식품
HSK-MTI 연계표,농수산,4010,3,농수산식품
HSK-MTI 연계표,농수산,4011,3,농수산식품
HSK-MTI 연계표,바이오,4012,3,바이오헬스
HSK-MTI 연계표,농수산,4013,3,농수산식품
HSK-MTI 연계표,바이오,4014,3,바이오헬스
HSK-MTI 연계표,농수산,4015,3,농수산식품
HSK-MTI 연계표,농수산,4016,3,농수산식품
HSK-MTI 연계표,생활용품,4020,3,생활용품
HSK-MTI 연계표,생활용품,4021,3,생활용품
HSK-MTI 연계표,생활용품,4022,3,생활용품
HSK-MTI 연계표,바이오,4028,3,바이오헬스
HSK-MTI 연계표,바이오,4029,3,바이오헬스
HSK-MTI 연계표,바이오,4030,3,바이오헬스
HSK-MTI 연계표,바이오,4031,3,바이오헬스
HSK-MTI 연계표,바이오,4033,3,바이오헬스
HSK-MTI 연계표,생활용품,4046,3,생활용품
HSK-MTI 연계표,바이오,4049,3,바이오헬스
HSK-MTI 연계표,바이오,4063,3,바이오헬스
HSK-MTI 연계표,바이오,4166,3,바이오헬스
HSK-MTI 연계표,농수산,4169,3,농수산식품
HSK-MTI 연계표,석유화학,4213,3,석유화학
HSK-MTI 연계표,반도체,4214,3,반도체
HSK-MTI 연계표,반도체,4215,3,반도체
HSK-MTI 연계표,반도체,4216,3,반도체
HSK-MTI 연계표,바이오,4222,3,바이오헬스
HSK-MTI 연계표,바이오,4223,3,바이오헬스
HSK-MTI 연계표,바이오,4224,3,바이오헬스
HSK-MTI 연계표,바이오,4225,3,바이오헬스
HSK-MTI 연계표,바이오,4226,3,바이오헬스
HSK-MTI 연계표,바이오,4227,3,바이오헬스
HSK-MTI 연계표,바이오,4228,3,바이오헬스
HSK-MTI 연계표,바이오,4229,3,바이오헬스
HSK-MTI 연계표,바이오,4230,3,바이오헬스
HSK-MTI 연계표,바이오,4231,3,바이오헬스
HSK-MTI 연계표,바이오,4232,3,바이오헬스
HSK-MTI 연계표,바이오,4233,3,바이오헬스
HSK-MTI 연계표,바이오,4234,3,바이오헬스
HSK-MTI 연계표,바이오,4235,3,바이오헬스
HSK-MTI 연계표,바이오,4236,3,바이오헬스
HSK-MTI 연계표,바이오,4237,3,바이오헬스
HSK-MTI 연계표,바이오,4238,3,바이오헬스
HSK-MTI 연계표,바이오,4239,3,바이오헬스
HSK-MTI 연계표,바이오,4240,3,바이오헬스
HSK-MTI 연계표,바이오,4241,3,바이오헬스
HSK-MTI 연계표,바이오,4242,3,바이오헬스
HSK-MTI 연계표,바이오,4243,3,바이오헬스
HSK-MTI 연계표,바이오,4244,3,바이오헬스
HSK-MTI 연계표,바이오,4245,3,바이오헬스
HSK-MTI 연계표,바이오,4246,3,바이오헬스
HSK-MTI 연계표,바이오,4247,3,바이오헬스
HSK-MTI 연계표,바이오,4248,3,바이오헬스
HSK-MTI 연계표,바이오,4249,3,바이오헬스
HSK-MTI 연계표,바이오,4250,3,바이오헬스
HSK-MTI 연계표,바이오,4251,3,바이오헬스
HSK-MTI 연계표,바이오,4252,3,바이오헬스
HSK-MTI 연계표,바이오,4253,3,바이오헬스
HSK-MTI 연계표,바이오,4254,3,바이오헬스
HSK-MTI 연계표,바이오,4255,3,바이오헬스
HSK-MTI 연계표,바이오,4256,3,바이오헬스
HSK-MTI 연계표,바이오,4257,3,바이오헬스
HSK-MTI 연계표,바이오,4258,3,바이오헬스
HSK-MTI 연계표,바이오,4259,3,바이오헬스
HSK-MTI 연계표,바이오,4266,3,바이오헬스
HSK-MTI 연계표,바이오,4275,3,바이오헬스
HSK-MTI 연계표,바이오,4280,3,바이오헬스
HSK-MTI 연계표,바이오,4303,3,바이오헬스
HSK-MTI 연계표,석유화학,4361,3,석유화학
HSK-MTI 연계표,석유화학,4362,3,석유화학
HSK-MTI 연계표,석유화학,4363,3,석유화학
HSK-MTI 연계표,석유화학,4364,3,석유화학
HSK-MTI 연계표,석유화학,4365,3,석유화학
HSK-MTI 연계표,석유화학,4366,3,석유화학
HSK-MTI 연계표,석유화학,4367,3,석유화학
HSK-MTI 연계표,석유화학,4368,3,석유화학
HSK-MTI 연계표,석유화학,4369,3,석유화학
HSK-MTI 연계표,석유화학,4370,3,석유화학
HSK-MTI 연계표,석유화학,4371,3,석유화학
HSK-MTI 연계표,석유화학,4372,3,석유화학
HSK-MTI 연계표,석유화학,4373,3,석유화학
HSK-MTI 연계표,석유화학,4374,3,석유화학
HSK-MTI 연계표,석유화학,4375,3,석유화학
HSK-MTI 연계표,석유화학,4376,3,석유화학
HSK-MTI 연계표,석유화학,4377,3,석유화학
HSK-MTI 연계표,석유화학,4378,3,석유화학
HSK-MTI 연계표,석유화학,4379,3,석유화학
HSK-MTI 연계표,석유화학,4380,3,석유화학
HSK-MTI 연계표,석유화학,4381,3,석유화학
HSK-MTI 연계표,석유화학,4382,3,석유화학
HSK-MTI 연계표,석유화학,4383,3,석유화학
HSK-MTI 연계표,석유화학,4384,3,석유화학
HSK-MTI 연계표,석유화학,4385,3,석유화학
HSK-MTI 연계표,석유화학,4386,3,석유화학
HSK-MTI 연계표,석유화학,4387,3,석유화학
HSK-MTI 연계표,석유화학,4388,3,석유화학
HSK-MTI 연계표,석유화학,4389,3,석유화학
HSK-MTI 연계표,석유화학,4390,3,석유화학
HSK-MTI 연계표,석유화학,4391,3,석유화학
HSK-MTI 연계표,석유화학,4392,3,석유화학
HSK-MTI 연계표,석유화학,4393,3,석유화학
HSK-MTI 연계표,석유화학,4394,3,석유화학
HSK-MTI 연계표,석유화학,4395,3,석유화학
HSK-MTI 연계표,석유화학,4396,3,석유화학
HSK-MTI 연계표,석유화학,4397,3,석유화학
HSK-MTI 연계표,석유화학,4398,3,석유화학
HSK-MTI 연계표,석유화학,4399,3,석유화학
HSK-MTI 연계표,석유화학,4400,3,석유화학
HSK-MTI 연계표,석유화학,4401,3,석유화학
HSK-MTI 연계표,석유화학,4402,3,석유화학
HSK-MTI 연계표,석유화학,4403,3,석유화학
HSK-MTI 연계표,석유화학,4404,3,석유화학
HSK-MTI 연계표,석유화학,4405,3,석유화학
HSK-MTI 연계표,석유화학,4406,3,석유화학
HSK-MTI 연계표,석유화학,4407,3,석유화학
HSK-MTI 연계표,석유화학,4408,3,석유화학
HSK-MTI 연계표,석유화학,4409,3,석유화학
HSK-MTI 연계표,석유화학,4410,3,석유화학
HSK-MTI 연계표,석유화학,4411,3,석유화학
HSK-MTI 연계표,석유화학,4412,3,석유화학
HSK-MTI 연계표,석유화학,4413,3,석유화학
HSK-MTI 연계표,석유화학,4414,3,석유화학
HSK-MTI 연계표,석유화학,4415,3,석유화학
HSK-MTI 연계표,석유화학,4416,3,석유화학
HSK-MTI 연계표,석유화학,4417,3,석유화학
HSK-MTI 연계표,석유화학,4418,3,석유화학
HSK-MTI 연계표,석유화학,4419,3,석유화학
HSK-MTI 연계표,석유화학,4420,3,석유화학
HSK-MTI 연계표,석유화학,4421,3,석유화학
HSK-MTI 연계표,석유화학,4422,3,석유화학
HSK-MTI 연계표,석유화학,4423,3,석유화학
HSK-MTI 연계표,석유화학,4424,3,석유화학
HSK-MTI 연계표,석유화학,4425,3,석유화학
HSK-MTI 연계표,석유화학,4426,3,석유화학
HSK-MTI 연계표,석유화학,4427,3,석유화학
HSK-MTI 연계표,석유화학,4428,3,석유화학
HSK-MTI 연계표,석유화학,4429,3,석유화학
HSK-MTI 연계표,석유화학,4430,3,석유화학
HSK-MTI 연계표,석유화학,4431,3,석유화학
HSK-MTI 연계표,석유화학,4432,3,석유화학
HSK-MTI 연계표,석유화학,4433,3,석유화학
HSK-MTI 연계표,석유화학,4434,3,석유화학
HSK-MTI 연계표,석유화학,4435,3,석유화학
HSK-MTI 연계표,석유화학,4436,3,석유화학
HSK-MTI 연계표,석유화학,4437,3,석유화학
HSK-MTI 연계표,바이오,4441,3,바이오헬스
HSK-MTI 연계표,바이오,4442,3,바이오헬스
HSK-MTI 연계표,바이오,4446,3,바이오헬스
HSK-MTI 연계표,바이오,4447,3,바이오헬스
HSK-MTI 연계표,바이오,4448,3,바이오헬스
HSK-MTI 연계표,바이오,4451,3,바이오헬스
HSK-MTI 연계표,석유화학,4452,3,석유화학
HSK-MTI 연계표,석유화학,4453,3,석유화학
HSK-MTI 연계표,생활용품,4576,3,생활용품
HSK-MTI 연계표,생활용품,4584,3,생활용품
HSK-MTI 연계표,생활용품,4585,3,생활용품
HSK-MTI 연계표,생활용품,4586,3,생활용품
HSK-MTI 연계표,생활용품,4589,3,생활용품
HSK-MTI 연계표,생활용품,4590,3,생활용품
HSK-MTI 연계표,생활용품,4591,3,생활용품
HSK-MTI 연계표,생활용품,4592,3,생활용품
HSK-MTI 연계표,생활용품,4593,3,생활용품
HSK-MTI 연계표,생활용품,4594,3,생활용품
HSK-MTI 연계표,생활용품,4595,3,생활용품
HSK-MTI 연계표,생활용품,4596,3,생활용품
HSK-MTI 연계표,농수산,4597,3,농수산식품
HSK-MTI 연계표,농수산,4598,3,농수산식품
HSK-MTI 연계표,농수산,4599,3,농수산식품
HSK-MTI 연계표,농수산,4600,3,농수산식품
HSK-MTI 연계표,농수산,4601,3,농수산식품
HSK-MTI 연계표,석유화학,4602,3,석유화학
HSK-MTI 연계표,석유화학,4603,3,석유화학
HSK-MTI 연계표,석유화학,4604,3,석유화학
HSK-MTI 연계표,석유화학,4605,3,석유화학
HSK-MTI 연계표,석유화학,4606,3,석유화학
HSK-MTI 연계표,석유화학,4607,3,석유화학
HSK-MTI 연계표,석유화학,4608,3,석유화학
HSK-MTI 연계표,석유화학,4609,3,석유화학
HSK-MTI 연계표,석유화학,4610,3,석유화학
HSK-MTI 연계표,석유화학,4611,3,석유화학
HSK-MTI 연계표,석유화학,4612,3,석유화학
HSK-MTI 연계표,석유화학,4613,3,석유화학
HSK-MTI 연계표,석유화학,4614,3,석유화학
HSK-MTI 연계표,석유화학,4615,3,석유화학
HSK-MTI 연계표,석유화학,4616,3,석유화학
HSK-MTI 연계표,석유화학,4617,3,석유화학
HSK-MTI 연계표,석유화학,4618,3,석유화학
HSK-MTI 연계표,석유화학,4619,3,석유화학
HSK-MTI 연계표,석유화학,4620,3,석유화학
HSK-MTI 연계표,바이오,4702,3,바이오헬스
HSK-MTI 연계표,바이오,4704,3,바이오헬스
HSK-MTI 연계표,바이오,4705,3,바이오헬스
HSK-MTI 연계표,섬유,4706,3,섬유류
HSK-MTI 연계표,섬유,4707,3,섬유류
HSK-MTI 연계표,바이오,4708,3,바이오헬스
HSK-MTI 연계표,생활용품,4712,3,생활용품
HSK-MTI 연계표,생활용품,4791,3,생활용품
HSK-MTI 연계표,생활용품,4792,3,생활용품
HSK-MTI 연계표,섬유,4793,3,섬유류
HSK-MTI 연계표,섬유,4794,3,섬유류
HSK-MTI 연계표,섬유,4795,3,섬유류
HSK-MTI 연계표,섬유,4796,3,섬유류
HSK-MTI 연계표,섬유,4797,3,섬유류
HSK-MTI 연계표,섬유,4798,3,섬유류
HSK-MTI 연계표,섬유,4799,3,섬유류
HSK-MTI 연계표,섬유,4800,3,섬유류
HSK-MTI 연계표,섬유,4801,3,섬유류
HSK-MTI 연계표,섬유,4802,3,섬유류
HSK-MTI 연계표,섬유,4803,3,섬유류
HSK-MTI 연계표,섬유,4804,3,섬유류
HSK-MTI 연계표,섬유,4805,3,섬유류
HSK-MTI 연계표,섬유,4806,3,섬유류
HSK-MTI 연계표,섬유,4807,3,섬유류
HSK-MTI 연계표,섬유,4808,3,섬유류
HSK-MTI 연계표,섬유,4809,3,섬유류
HSK-MTI 연계표,섬유,4810,3,섬유류
HSK-MTI 연계표,섬유,4811,3,섬유류
HSK-MTI 연계표,섬유,4812,3,섬유류
HSK-MTI 연계표,섬유,4813,3,섬유류
HSK-MTI 연계표,섬유,4814,3,섬유류
HSK-MTI 연계표,섬유,4815,3,섬유류
HSK-MTI 연계표,섬유,4816,3,섬유류
HSK-MTI 연계표,섬유,4817,3,섬유류
HSK-MTI 연계표,섬유,4818,3,섬유류
HSK-MTI 연계표,섬유,4819,3,섬유류
HSK-MTI 연계표,섬유,4820,3,섬유류
HSK-MTI 연계표,섬유,4821,3,섬유류
HSK-MTI 연계표,섬유,4822,3,섬유류
HSK-MTI 연계표,섬유,4823,3,섬유류
HSK-MTI 연계표,섬유,4824,3,섬유류
HSK-MTI 연계표,섬유,4825,3,섬유류
HSK-MTI 연계표,섬유,4826,3,섬유류
HSK-MTI 연계표,섬유,4827,3,섬유류
HSK-MTI 연계표,섬유,4828,3,섬유류
HSK-MTI 연계표,섬유,4829,3,섬유류
HSK-MTI 연계표,섬유,4830,3,섬유류
HSK-MTI 연계표,섬유,4831,3,섬유류
HSK-MTI 연계표,섬유,4832,3,섬유류
HSK-MTI 연계표,섬유,4833,3,섬유류
HSK-MTI 연계표,섬유,4834,3,섬유류
HSK-MTI 연계표,섬유,4835,3,섬유류
HSK-MTI 연계표,섬유,4836,3,섬유류
HSK-MTI 연계표,섬유,4837,3,섬유류
HSK-MTI 연계표,섬유,4838,3,섬유류
HSK-MTI 연계표,섬유,4839,3,섬유류
HSK-MTI 연계표,섬유,4840,3,섬유류
HSK-MTI 연계표,섬유,4841,3,섬유류
HSK-MTI 연계표,섬유,4842,3,섬유류
HSK-MTI 연계표,섬유,4843,3,섬유류
HSK-MTI 연계표,생활용품,4844,3,생활용품
HSK-MTI 연계표,생활용품,4845,3,생활용품
HSK-MTI 연계표,생활용품,4846,3,생활용품
HSK-MTI 연계표,생활용품,4847,3,생활용품
HSK-MTI 연계표,생활용품,4848,3,생활용품
HSK-MTI 연계표,생활용품,4849,3,생활용품
HSK-MTI 연계표,섬유,4850,3,섬유류
HSK-MTI 연계표,섬유,4851,3,섬유류
HSK-MTI 연계표,섬유,4852,3,섬유류
HSK-MTI 연계표,섬유,4853,3,섬유류
HSK-MTI 연계표,섬유,4854,3,섬유류
HSK-MTI 연계표,섬유,4855,3,섬유류
HSK-MTI 연계표,섬유,4856,3,섬유류
HSK-MTI 연계표,섬유,4893,3,섬유류
HSK-MTI 연계표,섬유,4894,3,섬유류
HSK-MTI 연계표,섬유,4895,3,섬유류
HSK-MTI 연계표,섬유,4896,3,섬유류
HSK-MTI 연계표,섬유,4897,3,섬유류
HSK-MTI 연계표,섬유,4898,3,섬유류
HSK-MTI 연계표,섬유,4899,3,섬유류
HSK-MTI 연계표,섬유,4900,3,섬유류
HSK-MTI 연계표,섬유,4901,3,섬유류
HSK-MTI 연계표,섬유,4902,3,섬유류
HSK-MTI 연계표,섬유,4903,3,섬유류
HSK-MTI 연계표,섬유,4905,3,섬유류
HSK-MTI 연계표,농수산,4906,3,농수산식품
HSK-MTI 연계표,농수산,4907,3,농수산식품
HSK-MTI 연계표,농수산,4908,3,농수산식품
HSK-MTI 연계표,농수산,4909,3,농수산식품
HSK-MTI 연계표,농수산,4910,3,농수산식품
HSK-MTI 연계표,농수산,4911,3,농수산식품
HSK-MTI 연계표,농수산,4912,3,농수산식품
HSK-MTI 연계표,농수산,4913,3,농수산식품
HSK-MTI 연계표,농수산,4914,3,농수산식품
HSK-MTI 연계표,농수산,4915,3,농수산식품
HSK-MTI 연계표,농수산,4916,3,농수산식품
HSK-MTI 연계표,농수산,4917,3,농수산식품
HSK-MTI 연계표,농수산,4918,3,농수산식품
HSK-MTI 연계표,농수산,4919,3,농수산식품
HSK-MTI 연계표,농수산,4920,3,농수산식품
HSK-MTI 연계표,농수산,4921,3,농수산식품
HSK-MTI 연계표,농수산,4922,3,농수산식품
HSK-MTI 연계표,농수산,4923,3,농수산식품
HSK-MTI 연계표,농수산,4924,3,농수산식품
HSK-MTI 연계표,농수산,4925,3,농수산식품
HSK-MTI 연계표,농수산,4926,3,농수산식품
HSK-MTI 연계표,농수산,4927,3,농수산식품
HSK-MTI 연계표,농수산,4928,3,농수산식품
HSK-MTI 연계표,농수산,4929,3,농수산식품
HSK-MTI 연계표,농수산,4930,3,농수산식품
HSK-MTI 연계표,농수산,4931,3,농수산식품
HSK-MTI 연계표,농수산,4932,3,농수산식품
HSK-MTI 연계표,농수산,4933,3,농수산식품
HSK-MTI 연계표,농수산,4934,3,농수산식품
HSK-MTI 연계표,농수산,4935,3,농수산식품
HSK-MTI 연계표,농수산,4936,3,농수산식품
HSK-MTI 연계표,농수산,4937,3,농수산식품
HSK-MTI 연계표,농수산,4938,3,농수산식품
HSK-MTI 연계표,농수산,4939,3,농수산식품
HSK-MTI 연계표,농수산,4940,3,농수산식품
HSK-MTI 연계표,농수산,4941,3,농수산식품
HSK-MTI 연계표,농수산,4942,3,농수산식품
HSK-MTI 연계표,농수산,4943,3,농수산식품
HSK-MTI 연계표,농수산,4944,3,농수산식품
HSK-MTI 연계표,농수산,4945,3,농수산식품
HSK-MTI 연계표,농수산,4946,3,농수산식품
HSK-MTI 연계표,농수산,4947,3,농수산식품
HSK-MTI 연계표,농수산,4948,3,농수산식품
HSK-MTI 연계표,농수산,4949,3,농수산식품
HSK-MTI 연계표,농수산,4950,3,농수산식품
HSK-MTI 연계표,농수산,4951,3,농수산식품
HSK-MTI 연계표,농수산,4952,3,농수산식품
HSK-MTI 연계표,농수산,4953,3,농수산식품
HSK-MTI 연계표,농수산,4954,3,농수산식품
HSK-MTI 연계표,농수산,4955,3,농수산식품
HSK-MTI 연계표,농수산,4956,3,농수산식품
HSK-MTI 연계표,농수산,4957,3,농수산식품
HSK-MTI 연계표,농수산,4958,3,농수산식품
HSK-MTI 연계표,농수산,4959,3,농수산식품
HSK-MTI 연계표,농수산,4960,3,농수산식품
HSK-MTI 연계표,농수산,4961,3,농수산식품
HSK-MTI 연계표,농수산,4962,3,농수산식품
HSK-MTI 연계표,농수산,4963,3,농수산식품
HSK-MTI 연계표,농수산,4964,3,농수산식품
HSK-MTI 연계표,농수산,4965,3,농수산식품
HSK-MTI 연계표,농수산,4966,3,농수산식품
HSK-MTI 연계표,농수산,4967,3,농수산식품
HSK-MTI 연계표,농수산,4968,3,농수산식품
HSK-MTI 연계표,농수산,4969,3,농수산식품
HSK-MTI 연계표,농수산,4970,3,농수산식품
HSK-MTI 연계표,농수산,4971,3,농수산식품
HSK-MTI 연계표,농수산,4972,3,농수산식품
HSK-MTI 연계표,농수산,4973,3,농수산식품
HSK-MTI 연계표,농수산,4974,3,농수산식품
HSK-MTI 연계표,농수산,4975,3,농수산식품
HSK-MTI 연계표,농수산,4976,3,농수산식품
HSK-MTI 연계표,농수산,4977,3,농수산식품
HSK-MTI 연계표,농수산,4978,3,농수산식품
HSK-MTI 연계표,농수산,4979,3,농수산식품
HSK-MTI 연계표,농수산,4980,3,농수산식품
HSK-MTI 연계표,농수산,4981,3,농수산식품
HSK-MTI 연계표,농수산,4982,3,농수산식품
HSK-MTI 연계표,농수산,4983,3,농수산식품
HSK-MTI 연계표,농수산,4984,3,농수산식품
HSK-MTI 연계표,농수산,4985,3,농수산식품
HSK-MTI 연계표,농수산,4986,3,농수산식품
HSK-MTI 연계표,농수산,4987,3,농수산식품
HSK-MTI 연계표,농수산,4988,3,농수산식품
HSK-MTI 연계표,농수산,4989,3,농수산식품
HSK-MTI 연계표,농수산,4990,3,농수산식품
HSK-MTI 연계표,농수산,4991,3,농수산식품
HSK-MTI 연계표,농수산,4992,3,농수산식품
HSK-MTI 연계표,농수산,4993,3,농수산식품
HSK-MTI 연계표,농수산,4994,3,농수산식품
HSK-MTI 연계표,농수산,4995,3,농수산식품
HSK-MTI 연계표,농수산,4996,3,농수산식품
HSK-MTI 연계표,농수산,4997,3,농수산식품
HSK-MTI 연계표,농수산,4998,3,농수산식품
HSK-MTI 연계표,농수산,4999,3,농수산식품
HSK-MTI 연계표,농수산,5000,3,농수산식품
HSK-MTI 연계표,농수산,5001,3,농수산식품
HSK-MTI 연계표,농수산,5002,3,농수산식품
HSK-MTI 연계표,농수산,5003,3,농수산식품
HSK-MTI 연계표,농수산,5004,3,농수산식품
HSK-MTI 연계표,농수산,5005,3,농수산식품
HSK-MTI 연계표,농수산,5006,3,농수산식품
HSK-MTI 연계표,농수산,5007,3,농수산식품
HSK-MTI 연계표,농수산,5008,3,농수산식품
HSK-MTI 연계표,농수산,5009,3,농수산식품
HSK-MTI 연계표,농수산,5010,3,농수산식품
HSK-MTI 연계표,농수산,5011,3,농수산식품
HSK-MTI 연계표,농수산,5012,3,농수산식품
HSK-MTI 연계표,농수산,5013,3,농수산식품
HSK-MTI 연계표,농수산,5014,3,농수산식품
HSK-MTI 연계표,농수산,5015,3,농수산식품
HSK-MTI 연계표,농수산,5016,3,농수산식품
HSK-MTI 연계표,농수산,5017,3,농수산식품
HSK-MTI 연계표,농수산,5018,3,농수산식품
HSK-MTI 연계표,농수산,5019,3,농수산식품
HSK-MTI 연계표,농수산,5020,3,농수산식품
HSK-MTI 연계표,농수산,5021,3,농수산식품
HSK-MTI 연계표,농수산,5022,3,농수산식품
HSK-MTI 연계표,농수산,5023,3,농수산식품
HSK-MTI 연계표,농수산,5024,3,농수산식품
HSK-MTI 연계표,농수산,5025,3,농수산식품
HSK-MTI 연계표,농수산,5026,3,농수산식품
HSK-MTI 연계표,농수산,5027,3,농수산식품
HSK-MTI 연계표,농수산,5028,3,농수산식품
HSK-MTI 연계표,농수산,5029,3,농수산식품
HSK-MTI 연계표,농수산,5030,3,농수산식품
HSK-MTI 연계표,농수산,5031,3,농수산식품
HSK-MTI 연계표,농수산,5032,3,농수산식품
HSK-MTI 연계표,농수산,5033,3,농수산식품
HSK-MTI 연계표,농수산,5034,3,농수산식품
HSK-MTI 연계표,농수산,5035,3,농수산식품
HSK-MTI 연계표,농수산,5036,3,농수산식품
HSK-MTI 연계표,농수산,5037,3,농수산식품
HSK-MTI 연계표,농수산,5038,3,농수산식품
HSK-MTI 연계표,농수산,5039,3,농수산식품
HSK-MTI 연계표,농수산,5040,3,농수산식품
HSK-MTI 연계표,농수산,5041,3,농수산식품
HSK-MTI 연계표,농수산,5042,3,농수산식품
HSK-MTI 연계표,농수산,5043,3,농수산식품
HSK-MTI 연계표,농수산,5044,3,농수산식품
HSK-MTI 연계표,농수산,5045,3,농수산식품
HSK-MTI 연계표,농수산,5046,3,농수산식품
HSK-MTI 연계표,농수산,5047,3,농수산식품
HSK-MTI 연계표,농수산,5048,3,농수산식품
HSK-MTI 연계표,농수산,5049,3,농수산식품
HSK-MTI 연계표,농수산,5050,3,농수산식품
HSK-MTI 연계표,농수산,5051,3,농수산식품
HSK-MTI 연계표,농수산,5052,3,농수산식품
HSK-MTI 연계표,농수산,5053,3,농수산식품
HSK-MTI 연계표,농수산,5054,3,농수산식품
HSK-MTI 연계표,농수산,5055,3,농수산식품
HSK-MTI 연계표,농수산,5056,3,농수산식품
HSK-MTI 연계표,농수산,5057,3,농수산식품
HSK-MTI 연계표,농수산,5058,3,농수산식품
HSK-MTI 연계표,농수산,5059,3,농수산식품
HSK-MTI 연계표,농수산,5060,3,농수산식품
HSK-MTI 연계표,농수산,5061,3,농수산식품
HSK-MTI 연계표,농수산,5062,3,농수산식품
HSK-MTI 연계표,농수산,5063,3,농수산식품
HSK-MTI 연계표,농수산,5064,3,농수산식품
HSK-MTI 연계표,농수산,5065,3,농수산식품
HSK-MTI 연계표,농수산,5066,3,농수산식품
HSK-MTI 연계표,농수산,5067,3,농수산식품
HSK-MTI 연계표,농수산,5068,3,농수산식품
HSK-MTI 연계표,농수산,5069,3,농수산식품
HSK-MTI 연계표,농수산,5070,3,농수산식품
HSK-MTI 연계표,농수산,5071,3,농수산식품
HSK-MTI 연계표,농수산,5072,3,농수산식품
HSK-MTI 연계표,농수산,5073,3,농수산식품
HSK-MTI 연계표,농수산,5074,3,농수산식품
HSK-MTI 연계표,농수산,5075,3,농수산식품
HSK-MTI 연계표,농수산,5076,3,농수산식품
HSK-MTI 연계표,농수산,5077,3,농수산식품
HSK-MTI 연계표,농수산,5078,3,농수산식품
HSK-MTI 연계표,농수산,5079,3,농수산식품
HSK-MTI 연계표,농수산,5080,3,농수산식품
HSK-MTI 연계표,농수산,5081,3,농수산식품
HSK-MTI 연계표,농수산,5082,3,농수산식품
HSK-MTI 연계표,농수산,5083,3,농수산식품
HSK-MTI 연계표,농수산,5084,3,농수산식품
HSK-MTI 연계표,농수산,5085,3,농수산식품
HSK-MTI 연계표,농수산,5086,3,농수산식품
HSK-MTI 연계표,농수산,5087,3,농수산식품
HSK-MTI 연계표,농수산,5088,3,농수산식품
HSK-MTI 연계표,농수산,5089,3,농수산식품
HSK-MTI 연계표,농수산,5090,3,농수산식품
HSK-MTI 연계표,농수산,5091,3,농수산식품
HSK-MTI 연계표,농수산,5092,3,농수산식품
HSK-MTI 연계표,농수산,5093,3,농수산식품
HSK-MTI 연계표,농수산,5094,3,농수산식품
HSK-MTI 연계표,농수산,5095,3,농수산식품
HSK-MTI 연계표,농수산,5096,3,농수산식품
HSK-MTI 연계표,농수산,5097,3,농수산식품
HSK-MTI 연계표,농수산,5098,3,농수산식품
HSK-MTI 연계표,농수산,5099,3,농수산식품
HSK-MTI 연계표,농수산,5100,3,농수산식품
HSK-MTI 연계표,농수산,5101,3,농수산식품
HSK-MTI 연계표,농수산,5102,3,농수산식품
HSK-MTI 연계표,농수산,5103,3,농수산식품
HSK-MTI 연계표,농수산,5104,3,농수산식품
HSK-MTI 연계표,농수산,5105,3,농수산식품
HSK-MTI 연계표,농수산,5106,3,농수산식품
HSK-MTI 연계표,농수산,5107,3,농수산식품
HSK-MTI 연계표,농수산,5108,3,농수산식품
HSK-MTI 연계표,농수산,5109,3,농수산식품
HSK-MTI 연계표,농수산,5110,3,농수산식품
HSK-MTI 연계표,농수산,5111,3,농수산식품
HSK-MTI 연계표,농수산,5112,3,농수산식품
HSK-MTI 연계표,농수산,5113,3,농수산식품
HSK-MTI 연계표,농수산,5114,3,농수산식품
HSK-MTI 연계표,농수산,5115,3,농수산식품
HSK-MTI 연계표,농수산,5116,3,농수산식품
HSK-MTI 연계표,농수산,5117,3,농수산식품
HSK-MTI 연계표,농수산,5118,3,농수산식품
HSK-MTI 연계표,농수산,5119,3,농수산식품
HSK-MTI 연계표,농수산,5120,3,농수산식품
HSK-MTI 연계표,농수산,5121,3,농수산식품
HSK-MTI 연계표,농수산,5122,3,농수산식품
HSK-MTI 연계표,농수산,5123,3,농수산식품
HSK-MTI 연계표,농수산,5124,3,농수산식품
HSK-MTI 연계표,농수산,5125,3,농수산식품
HSK-MTI 연계표,농수산,5126,3,농수산식품
HSK-MTI 연계표,농수산,5127,3,농수산식품
HSK-MTI 연계표,농수산,5128,3,농수산식품
HSK-MTI 연계표,농수산,5129,3,농수산식품
HSK-MTI 연계표,농수산,5130,3,농수산식품
HSK-MTI 연계표,농수산,5131,3,농수산식품
HSK-MTI 연계표,농수산,5132,3,농수산식품
HSK-MTI 연계표,농수산,5133,3,농수산식품
HSK-MTI 연계표,농수산,5134,3,농수산식품
HSK-MTI 연계표,농수산,5135,3,농수산식품
HSK-MTI 연계표,농수산,5136,3,농수산식품
HSK-MTI 연계표,농수산,5137,3,농수산식품
HSK-MTI 연계표,농수산,5138,3,농수산식품
HSK-MTI 연계표,농수산,5139,3,농수산식품
HSK-MTI 연계표,농수산,5140,3,농수산식품
HSK-MTI 연계표,농수산,5141,3,농수산식품
HSK-MTI 연계표,농수산,5142,3,농수산식품
HSK-MTI 연계표,농수산,5143,3,농수산식품
HSK-MTI 연계표,농수산,5144,3,농수산식품
HSK-MTI 연계표,농수산,5145,3,농수산식품
HSK-MTI 연계표,농수산,5146,3,농수산식품
HSK-MTI 연계표,농수산,5147,3,농수산식품
HSK-MTI 연계표,농수산,5148,3,농수산식품
HSK-MTI 연계표,농수산,5149,3,농수산식품
HSK-MTI 연계표,농수산,5150,3,농수산식품
HSK-MTI 연계표,농수산,5151,3,농수산식품
HSK-MTI 연계표,농수산,5152,3,농수산식품
HSK-MTI 연계표,농수산,5153,3,농수산식품
HSK-MTI 연계표,농수산,5154,3,농수산식품
HSK-MTI 연계표,농수산,5155,3,농수산식품
HSK-MTI 연계표,농수산,5156,3,농수산식품
HSK-MTI 연계표,농수산,5157,3,농수산식품
HSK-MTI 연계표,농수산,5158,3,농수산식품
HSK-MTI 연계표,농수산,5159,3,농수산식품
HSK-MTI 연계표,농수산,5160,3,농수산식품
HSK-MTI 연계표,농수산,5161,3,농수산식품
HSK-MTI 연계표,농수산,5162,3,농수산식품
HSK-MTI 연계표,농수산,5163,3,농수산식품
HSK-MTI 연계표,농수산,5164,3,농수산식품
HSK-MTI 연계표,농수산,5165,3,농수산식품
HSK-MTI 연계표,농수산,5166,3,농수산식품
HSK-MTI 연계표,농수산,5167,3,농수산식품
HSK-MTI 연계표,농수산,5168,3,농수산식품
HSK-MTI 연계표,농수산,5169,3,농수산식품
HSK-MTI 연계표,농수산,5170,3,농수산식품
HSK-MTI 연계표,농수산,5171,3,농수산식품
HSK-MTI 연계표,농수산,5172,3,농수산식품
HSK-MTI 연계표,농수산,5173,3,농수산식품
HSK-MTI 연계표,농수산,5174,3,농수산식품
HSK-MTI 연계표,농수산,5175,3,농수산식품
HSK-MTI 연계표,농수산,5176,3,농수산식품
HSK-MTI 연계표,농수산,5177,3,농수산식품
HSK-MTI 연계표,농수산,5178,3,농수산식품
HSK-MTI 연계표,농수산,5179,3,농수산식품
HSK-MTI 연계표,농수산,5180,3,농수산식품
HSK-MTI 연계표,농수산,5181,3,농수산식품
HSK-MTI 연계표,농수산,5182,3,농수산식품
HSK-MTI 연계표,농수산,5183,3,농수산식품
HSK-MTI 연계표,농수산,5184,3,농수산식품
HSK-MTI 연계표,농수산,5185,3,농수산식품
HSK-MTI 연계표,농수산,5186,3,농수산식품
HSK-MTI 연계표,농수산,5187,3,농수산식품
HSK-MTI 연계표,농수산,5188,3,농수산식품
HSK-MTI 연계표,농수산,5189,3,농수산식품
HSK-MTI 연계표,농수산,5190,3,농수산식품
HSK-MTI 연계표,농수산,5191,3,농수산식품
HSK-MTI 연계표,농수산,5192,3,농수산식품
HSK-MTI 연계표,농수산,5193,3,농수산식품
HSK-MTI 연계표,농수산,5194,3,농수산식품
HSK-MTI 연계표,농수산,5195,3,농수산식품
HSK-MTI 연계표,농수산,5196,3,농수산식품
HSK-MTI 연계표,농수산,5197,3,농수산식품
HSK-MTI 연계표,농수산,5198,3,농수산식품
HSK-MTI 연계표,농수산,5199,3,농수산식품
HSK-MTI 연계표,농수산,5200,3,농수산식품
HSK-MTI 연계표,농수산,5201,3,농수산식품
HSK-MTI 연계표,농수산,5202,3,농수산식품
HSK-MTI 연계표,농수산,5203,3,농수산식품
HSK-MTI 연계표,농수산,5204,3,농수산식품
HSK-MTI 연계표,농수산,5205,3,농수산식품
HSK-MTI 연계표,농수산,5206,3,농수산식품
HSK-MTI 연계표,농수산,5207,3,농수산식품
HSK-MTI 연계표,농수산,5208,3,농수산식품
HSK-MTI 연계표,농수산,5209,3,농수산식품
HSK-MTI 연계표,농수산,5210,3,농수산식품
HSK-MTI 연계표,농수산,5211,3,농수산식품
HSK-MTI 연계표,농수산,5212,3,농수산식품
HSK-MTI 연계표,농수산,5213,3,농수산식품
HSK-MTI 연계표,농수산,5214,3,농수산식품
HSK-MTI 연계표,농수산,5215,3,농수산식품
HSK-MTI 연계표,농수산,5216,3,농수산식품
HSK-MTI 연계표,농수산,5217,3,농수산식품
HSK-MTI 연계표,농수산,5218,3,농수산식품
HSK-MTI 연계표,농수산,5219,3,농수산식품
HSK-MTI 연계표,농수산,5220,3,농수산식품
HSK-MTI 연계표,농수산,5221,3,농수산식품
HSK-MTI 연계표,농수산,5222,3,농수산식품
HSK-MTI 연계표,농수산,5223,3,농수산식품
HSK-MTI 연계표,농수산,5224,3,농수산식품
HSK-MTI 연계표,농수산,5225,3,농수산식품
HSK-MTI 연계표,농수산,5226,3,농수산식품
HSK-MTI 연계표,농수산,5227,3,농수산식품
HSK-MTI 연계표,농수산,5228,3,농수산식품
HSK-MTI 연계표,농수산,5229,3,농수산식품
HSK-MTI 연계표,농수산,5230,3,농수산식품
HSK-MTI 연계표,농수산,5231,3,농수산식품
HSK-MTI 연계표,농수산,5232,3,농수산식품
HSK-MTI 연계표,농수산,5233,3,농수산식품
HSK-MTI 연계표,농수산,5234,3,농수산식품
HSK-MTI 연계표,농수산,5235,3,농수산식품
HSK-MTI 연계표,농수산,5236,3,농수산식품
HSK-MTI 연계표,농수산,5237,3,농수산식품
HSK-MTI 연계표,농수산,5238,3,농수산식품
HSK-MTI 연계표,농수산,5239,3,농수산식품
HSK-MTI 연계표,농수산,5240,3,농수산식품
HSK-MTI 연계표,농수산,5241,3,농수산식품
HSK-MTI 연계표,농수산,5242,3,농수산식품
HSK-MTI 연계표,농수산,5243,3,농수산식품
HSK-MTI 연계표,농수산,5244,3,농수산식품
HSK-MTI 연계표,농수산,5245,3,농수산식품
HSK-MTI 연계표,농수산,5246,3,농수산식품
HSK-MTI 연계표,농수산,5247,3,농수산식품
HSK-MTI 연계표,농수산,5248,3,농수산식품
HSK-MTI 연계표,농수산,5249,3,농수산식품
HSK-MTI 연계표,농수산,5250,3,농수산식품
HSK-MTI 연계표,농수산,5251,3,농수산식품
HSK-MTI 연계표,농수산,5252,3,농수산식품
HSK-MTI 연계표,농수산,5253,3,농수산식품
HSK-MTI 연계표,농수산,5254,3,농수산식품
HSK-MTI 연계표,생활용품,5255,3,생활용품
HSK-MTI 연계표,생활용품,5256,3,생활용품
HSK-MTI 연계표,생활용품,5257,3,생활용품
HSK-MTI 연계표,생활용품,5258,3,생활용품
HSK-MTI 연계표,생활용품,5259,3,생활용품
HSK-MTI 연계표,생활용품,5260,3,생활용품
HSK-MTI 연계표,생활용품,5261,3,생활용품
HSK-MTI 연계표,생활용품,5262,3,생활용품
HSK-MTI 연계표,농수산,5263,3,농수산식품
HSK-MTI 연계표,농수산,5264,3,농수산식품
HSK-MTI 연계표,농수산,5265,3,농수산식품
HSK-MTI 연계표,생활용품,5266,3,생활용품
HSK-MTI 연계표,농수산,5267,3,농수산식품
HSK-MTI 연계표,생활용품,5268,3,생활용품
HSK-MTI 연계표,생활용품,5425,3,생활용품
HSK-MTI 연계표,생활용품,5426,3,생활용품
HSK-MTI 연계표,생활용품,5427,3,생활용품
HSK-MTI 연계표,농수산,5434,3,농수산식품
HSK-MTI 연계표,농수산,5435,3,농수산식품
HSK-MTI 연계표,생활용품,5437,3,생활용품
HSK-MTI 연계표,생활용품,5438,3,생활용품
HSK-MTI 연계표,생활용품,5439,3,생활용품
HSK-MTI 연계표,생활용품,5440,3,생활용품
HSK-MTI 연계표,생활용품,5441,3,생활용품
HSK-MTI 연계표,생활용품,5442,3,생활용품
HSK-MTI 연계표,생활용품,5443,3,생활용품
HSK-MTI 연계표,생활용품,5444,3,생활용품
HSK-MTI 연계표,생활용품,5445,3,생활용품
HSK-MTI 연계표,생활용품,5446,3,생활용품
HSK-MTI 연계표,생활용품,5447,3,생활용품
HSK-MTI 연계표,생활용품,5448,3,생활용품
HSK-MTI 연계표,생활용품,5449,3,생활용품
HSK-MTI 연계표,생활용품,5452,3,생활용품
HSK-MTI 연계표,생활용품,5459,3,생활용품
HSK-MTI 연계표,생활용품,5460,3,생활용품
HSK-MTI 연계표,생활용품,5461,3,생활용품
HSK-MTI 연계표,생활용품,5462,3,생활용품
HSK-MTI 연계표,생활용품,5463,3,생활용품
HSK-MTI 연계표,생활용품,5464,3,생활용품
HSK-MTI 연계표,생활용품,5465,3,생활용품
HSK-MTI 연계표,생활용품,5471,3,생활용품
HSK-MTI 연계표,생활용품,5502,3,생활용품
HSK-MTI 연계표,생활용품,5503,3,생활용품
HSK-MTI 연계표,생활용품,5504,3,생활용품
HSK-MTI 연계표,생활용품,5514,3,생활용품
HSK-MTI 연계표,생활용품,5515,3,생활용품
HSK-MTI 연계표,생활용품,5516,3,생활용품
HSK-MTI 연계표,농수산,5521,3,농수산식품
HSK-MTI 연계표,섬유,5522,3,섬유류
HSK-MTI 연계표,섬유,5523,3,섬유류
HSK-MTI 연계표,섬유,5524,3,섬유류
HSK-MTI 연계표,섬유,5525,3,섬유류
HSK-MTI 연계표,섬유,5526,3,섬유류
HSK-MTI 연계표,섬유,5527,3,섬유류
HSK-MTI 연계표,섬유,5528,3,섬유류
HSK-MTI 연계표,농수산,5529,3,농수산식품
HSK-MTI 연계표,농수산,5530,3,농수산식품
HSK-MTI 연계표,섬유,5531,3,섬유류
HSK-MTI 연계표,섬유,5532,3,섬유류
HSK-MTI 연계표,섬유,5533,3,섬유류
HSK-MTI 연계표,섬유,5534,3,섬유류
HSK-MTI 연계표,섬유,5535,3,섬유류
HSK-MTI 연계표,섬유,5536,3,섬유류
HSK-MTI 연계표,섬유,5537,3,섬유류
HSK-MTI 연계표,섬유,5538,3,섬유류
HSK-MTI 연계표,섬유,5539,3,섬유류
HSK-MTI 연계표,섬유,5540,3,섬유류
HSK-MTI 연계표,섬유,5541,3,섬유류
HSK-MTI 연계표,섬유,5542,3,섬유류
HSK-MTI 연계표,섬유,5543,3,섬유류
HSK-MTI 연계표,섬유,5544,3,섬유류
HSK-MTI 연계표,섬유,5545,3,섬유류
HSK-MTI 연계표,농수산,5546,3,농수산식품
HSK-MTI 연계표,농수산,5547,3,농수산식품
HSK-MTI 연계표,농수산,5548,3,농수산식품
HSK-MTI 연계표,농수산,5549,3,농수산식품
HSK-MTI 연계표,농수산,5550,3,농수산식품
HSK-MTI 연계표,농수산,5551,3,농수산식품
HSK-MTI 연계표,농수산,5552,3,농수산식품
HSK-MTI 연계표,농수산,5553,3,농수산식품
HSK-MTI 연계표,농수산,5554,3,농수산식품
HSK-MTI 연계표,농수산,5555,3,농수산식품
HSK-MTI 연계표,농수산,5556,3,농수산식품
HSK-MTI 연계표,섬유,5557,3,섬유류
HSK-MTI 연계표,섬유,5558,3,섬유류
HSK-MTI 연계표,섬유,5559,3,섬유류
HSK-MTI 연계표,섬유,5560,3,섬유류
HSK-MTI 연계표,섬유,5561,3,섬유류
HSK-MTI 연계표,섬유,5562,3,섬유류
HSK-MTI 연계표,섬유,5563,3,섬유류
HSK-MTI 연계표,섬유,5564,3,섬유류
HSK-MTI 연계표,섬유,5565,3,섬유류
HSK-MTI 연계표,섬유,5566,3,섬유류
HSK-MTI 연계표,섬유,5567,3,섬유류
HSK-MTI 연계표,섬유,5568,3,섬유류
HSK-MTI 연계표,섬유,5569,3,섬유류
HSK-MTI 연계표,섬유,5570,3,섬유류
HSK-MTI 연계표,섬유,5571,3,섬유류
HSK-MTI 연계표,섬유,5572,3,섬유류
HSK-MTI 연계표,섬유,5573,3,섬유류
HSK-MTI 연계표,섬유,5574,3,섬유류
HSK-MTI 연계표,섬유,5575,3,섬유류
HSK-MTI 연계표,섬유,5576,3,섬유류
HSK-MTI 연계표,섬유,5577,3,섬유류
HSK-MTI 연계표,섬유,5578,3,섬유류
HSK-MTI 연계표,섬유,5579,3,섬유류
HSK-MTI 연계표,섬유,5580,3,섬유류
HSK-MTI 연계표,섬유,5581,3,섬유류
HSK-MTI 연계표,섬유,5582,3,섬유류
HSK-MTI 연계표,섬유,5583,3,섬유류
HSK-MTI 연계표,섬유,5584,3,섬유류
HSK-MTI 연계표,섬유,5585,3,섬유류
HSK-MTI 연계표,섬유,5586,3,섬유류
HSK-MTI 연계표,섬유,5587,3,섬유류
HSK-MTI 연계표,섬유,5588,3,섬유류
HSK-MTI 연계표,섬유,5589,3,섬유류
HSK-MTI 연계표,섬유,5590,3,섬유류
HSK-MTI 연계표,섬유,5591,3,섬유류
HSK-MTI 연계표,섬유,5592,3,섬유류
HSK-MTI 연계표,섬유,5593,3,섬유류
HSK-MTI 연계표,섬유,5594,3,섬유류
HSK-MTI 연계표,섬유,5595,3,섬유류
HSK-MTI 연계표,섬유,5596,3,섬유류
HSK-MTI 연계표,섬유,5597,3,섬유류
HSK-MTI 연계표,섬유,5598,3,섬유류
HSK-MTI 연계표,섬유,5599,3,섬유류
HSK-MTI 연계표,섬유,5600,3,섬유류
HSK-MTI 연계표,섬유,5601,3,섬유류
HSK-MTI 연계표,섬유,5602,3,섬유류
HSK-MTI 연계표,섬유,5603,3,섬유류
HSK-MTI 연계표,섬유,5604,3,섬유류
HSK-MTI 연계표,섬유,5605,3,섬유류
HSK-MTI 연계표,섬유,5606,3,섬유류
HSK-MTI 연계표,섬유,5607,3,섬유류
HSK-MTI 연계표,섬유,5608,3,섬유류
HSK-MTI 연계표,섬유,5609,3,섬유류
HSK-MTI 연계표,섬유,5610,3,섬유류
HSK-MTI 연계표,섬유,5611,3,섬유류
HSK-MTI 연계표,섬유,5612,3,섬유류
HSK-MTI 연계표,섬유,5613,3,섬유류
HSK-MTI 연계표,섬유,5614,3,섬유류
HSK-MTI 연계표,섬유,5615,3,섬유류
HSK-MTI 연계표,섬유,5616,3,섬유류
HSK-MTI 연계표,섬유,5617,3,섬유류
HSK-MTI 연계표,섬유,5618,3,섬유류
HSK-MTI 연계표,섬유,5619,3,섬유류
HSK-MTI 연계표,섬유,5620,3,섬유류
HSK-MTI 연계표,섬유,5621,3,섬유류
HSK-MTI 연계표,섬유,5622,3,섬유류
HSK-MTI 연계표,섬유,5623,3,섬유류
HSK-MTI 연계표,섬유,5624,3,섬유류
HSK-MTI 연계표,섬유,5625,3,섬유류
HSK-MTI 연계표,섬유,5626,3,섬유류
HSK-MTI 연계표,섬유,5627,3,섬유류
HSK-MTI 연계표,섬유,5628,3,섬유류
HSK-MTI 연계표,섬유,5629,3,섬유류
HSK-MTI 연계표,섬유,5630,3,섬유류
HSK-MTI 연계표,섬유,5631,3,섬유류
HSK-MTI 연계표,섬유,5632,3,섬유류
HSK-MTI 연계표,섬유,5633,3,섬유류
HSK-MTI 연계표,섬유,5634,3,섬유류
HSK-MTI 연계표,섬유,5635,3,섬유류
HSK-MTI 연계표,섬유,5636,3,섬유류
HSK-MTI 연계표,섬유,5637,3,섬유류
HSK-MTI 연계표,섬유,5638,3,섬유류
HSK-MTI 연계표,섬유,5639,3,섬유류
HSK-MTI 연계표,섬유,5640,3,섬유류
HSK-MTI 연계표,섬유,5641,3,섬유류
HSK-MTI 연계표,섬유,5642,3,섬유류
HSK-MTI 연계표,섬유,5643,3,섬유류
HSK-MTI 연계표,섬유,5644,3,섬유류
HSK-MTI 연계표,섬유,5645,3,섬유류
HSK-MTI 연계표,섬유,5646,3,섬유류
HSK-MTI 연계표,섬유,5647,3,섬유류
HSK-MTI 연계표,섬유,5648,3,섬유류
HSK-MTI 연계표,섬유,5649,3,섬유류
HSK-MTI 연계표,섬유,5650,3,섬유류
HSK-MTI 연계표,섬유,5651,3,섬유류
HSK-MTI 연계표,섬유,5652,3,섬유류
HSK-MTI 연계표,섬유,5653,3,섬유류
HSK-MTI 연계표,섬유,5654,3,섬유류
HSK-MTI 연계표,섬유,5655,3,섬유류
HSK-MTI 연계표,섬유,5656,3,섬유류
HSK-MTI 연계표,섬유,5657,3,섬유류
HSK-MTI 연계표,섬유,5658,3,섬유류
HSK-MTI 연계표,섬유,5659,3,섬유류
HSK-MTI 연계표,섬유,5660,3,섬유류
HSK-MTI 연계표,섬유,5661,3,섬유류
HSK-MTI 연계표,섬유,5662,3,섬유류
HSK-MTI 연계표,섬유,5663,3,섬유류
HSK-MTI 연계표,섬유,5664,3,섬유류
HSK-MTI 연계표,섬유,5665,3,섬유류
HSK-MTI 연계표,섬유,5666,3,섬유류
HSK-MTI 연계표,섬유,5667,3,섬유류
HSK-MTI 연계표,섬유,5668,3,섬유류
HSK-MTI 연계표,섬유,5669,3,섬유류
HSK-MTI 연계표,섬유,5670,3,섬유류
HSK-MTI 연계표,섬유,5671,3,섬유류
HSK-MTI 연계표,섬유,5672,3,섬유류
HSK-MTI 연계표,섬유,5673,3,섬유류
HSK-MTI 연계표,섬유,5674,3,섬유류
HSK-MTI 연계표,섬유,5675,3,섬유류
HSK-MTI 연계표,섬유,5676,3,섬유류
HSK-MTI 연계표,섬유,5677,3,섬유류
HSK-MTI 연계표,섬유,5678,3,섬유류
HSK-MTI 연계표,섬유,5679,3,섬유류
HSK-MTI 연계표,섬유,5680,3,섬유류
HSK-MTI 연계표,섬유,5681,3,섬유류
HSK-MTI 연계표,섬유,5682,3,섬유류
HSK-MTI 연계표,섬유,5683,3,섬유류
HSK-MTI 연계표,섬유,5684,3,섬유류
HSK-MTI 연계표,섬유,5685,3,섬유류
HSK-MTI 연계표,섬유,5686,3,섬유류
HSK-MTI 연계표,섬유,5687,3,섬유류
HSK-MTI 연계표,섬유,5688,3,섬유류
HSK-MTI 연계표,섬유,5689,3,섬유류
HSK-MTI 연계표,섬유,5690,3,섬유류
HSK-MTI 연계표,섬유,5691,3,섬유류
HSK-MTI 연계표,섬유,5692,3,섬유류
HSK-MTI 연계표,섬유,5693,3,섬유류
HSK-MTI 연계표,섬유,5694,3,섬유류
HSK-MTI 연계표,섬유,5695,3,섬유류
HSK-MTI 연계표,섬유,5696,3,섬유류
HSK-MTI 연계표,섬유,5697,3,섬유류
HSK-MTI 연계표,섬유,5698,3,섬유류
HSK-MTI 연계표,섬유,5699,3,섬유류
HSK-MTI 연계표,섬유,5700,3,섬유류
HSK-MTI 연계표,섬유,5701,3,섬유류
HSK-MTI 연계표,섬유,5702,3,섬유류
HSK-MTI 연계표,섬유,5703,3,섬유류
HSK-MTI 연계표,섬유,5704,3,섬유류
HSK-MTI 연계표,섬유,5705,3,섬유류
HSK-MTI 연계표,섬유,5706,3,섬유류
HSK-MTI 연계표,섬유,5707,3,섬유류
HSK-MTI 연계표,섬유,5708,3,섬유류
HSK-MTI 연계표,섬유,5709,3,섬유류
HSK-MTI 연계표,섬유,5710,3,섬유류
HSK-MTI 연계표,섬유,5711,3,섬유류
HSK-MTI 연계표,섬유,5712,3,섬유류
HSK-MTI 연계표,섬유,5713,3,섬유류
HSK-MTI 연계표,섬유,5714,3,섬유류
HSK-MTI 연계표,섬유,5715,3,섬유류
HSK-MTI 연계표,섬유,5716,3,섬유류
HSK-MTI 연계표,섬유,5717,3,섬유류
HSK-MTI 연계표,섬유,5718,3,섬유류
HSK-MTI 연계표,섬유,5719,3,섬유류
HSK-MTI 연계표,섬유,5720,3,섬유류
HSK-MTI 연계표,섬유,5721,3,섬유류
HSK-MTI 연계표,섬유,5722,3,섬유류
HSK-MTI 연계표,섬유,5723,3,섬유류
HSK-MTI 연계표,섬유,5724,3,섬유류
HSK-MTI 연계표,섬유,5725,3,섬유류
HSK-MTI 연계표,섬유,5726,3,섬유류
HSK-MTI 연계표,섬유,5727,3,섬유류
HSK-MTI 연계표,섬유,5728,3,섬유류
HSK-MTI 연계표,섬유,5729,3,섬유류
HSK-MTI 연계표,섬유,5730,3,섬유류
HSK-MTI 연계표,섬유,5731,3,섬유류
HSK-MTI 연계표,섬유,5732,3,섬유류
HSK-MTI 연계표,섬유,5733,3,섬유류
HSK-MTI 연계표,섬유,5734,3,섬유류
HSK-MTI 연계표,섬유,5735,3,섬유류
HSK-MTI 연계표,섬유,5736,3,섬유류
HSK-MTI 연계표,섬유,5737,3,섬유류
HSK-MTI 연계표,섬유,5738,3,섬유류
HSK-MTI 연계표,섬유,5739,3,섬유류
HSK-MTI 연계표,섬유,5740,3,섬유류
HSK-MTI 연계표,섬유,5741,3,섬유류
HSK-MTI 연계표,섬유,5742,3,섬유류
HSK-MTI 연계표,섬유,5743,3,섬유류
HSK-MTI 연계표,섬유,5744,3,섬유류
HSK-MTI 연계표,섬유,5745,3,섬유류
HSK-MTI 연계표,섬유,5746,3,섬유류
HSK-MTI 연계표,섬유,5747,3,섬유류
HSK-MTI 연계표,섬유,5748,3,섬유류
HSK-MTI 연계표,섬유,5749,3,섬유류
HSK-MTI 연계표,섬유,5750,3,섬유류
HSK-MTI 연계표,섬유,5751,3,섬유류
HSK-MTI 연계표,섬유,5752,3,섬유류
HSK-MTI 연계표,섬유,5753,3,섬유류
HSK-MTI 연계표,섬유,5754,3,섬유류
HSK-MTI 연계표,섬유,5755,3,섬유류
HSK-MTI 연계표,섬유,5756,3,섬유류
HSK-MTI 연계표,섬유,5757,3,섬유류
HSK-MTI 연계표,섬유,5758,3,섬유류
HSK-MTI 연계표,섬유,5759,3,섬유류
HSK-MTI 연계표,섬유,5760,3,섬유류
HSK-MTI 연계표,섬유,5761,3,섬유류
HSK-MTI 연계표,섬유,5762,3,섬유류
HSK-MTI 연계표,섬유,5763,3,섬유류
HSK-MTI 연계표,섬유,5764,3,섬유류
HSK-MTI 연계표,섬유,5765,3,섬유류
HSK-MTI 연계표,섬유,5766,3,섬유류
HSK-MTI 연계표,섬유,5767,3,섬유류
HSK-MTI 연계표,섬유,5768,3,섬유류
HSK-MTI 연계표,섬유,5769,3,섬유류
HSK-MTI 연계표,섬유,5770,3,섬유류
HSK-MTI 연계표,섬유,5771,3,섬유류
HSK-MTI 연계표,섬유,5772,3,섬유류
HSK-MTI 연계표,섬유,5773,3,섬유류
HSK-MTI 연계표,섬유,5774,3,섬유류
HSK-MTI 연계표,섬유,5775,3,섬유류
HSK-MTI 연계표,섬유,5776,3,섬유류
HSK-MTI 연계표,섬유,5777,3,섬유류
HSK-MTI 연계표,섬유,5778,3,섬유류
HSK-MTI 연계표,섬유,5779,3,섬유류
HSK-MTI 연계표,섬유,5780,3,섬유류
HSK-MTI 연계표,섬유,5781,3,섬유류
HSK-MTI 연계표,섬유,5782,3,섬유류
HSK-MTI 연계표,섬유,5783,3,섬유류
HSK-MTI 연계표,섬유,5784,3,섬유류
HSK-MTI 연계표,섬유,5785,3,섬유류
HSK-MTI 연계표,섬유,5786,3,섬유류
HSK-MTI 연계표,섬유,5787,3,섬유류
HSK-MTI 연계표,섬유,5788,3,섬유류
HSK-MTI 연계표,섬유,5789,3,섬유류
HSK-MTI 연계표,섬유,5790,3,섬유류
HSK-MTI 연계표,섬유,5791,3,섬유류
HSK-MTI 연계표,섬유,5792,3,섬유류
HSK-MTI 연계표,섬유,5793,3,섬유류
HSK-MTI 연계표,섬유,5794,3,섬유류
HSK-MTI 연계표,섬유,5795,3,섬유류
HSK-MTI 연계표,섬유,5796,3,섬유류
HSK-MTI 연계표,섬유,5797,3,섬유류
HSK-MTI 연계표,섬유,5798,3,섬유류
HSK-MTI 연계표,섬유,5799,3,섬유류
HSK-MTI 연계표,섬유,5800,3,섬유류
HSK-MTI 연계표,섬유,5801,3,섬유류
HSK-MTI 연계표,섬유,5802,3,섬유류
HSK-MTI 연계표,섬유,5803,3,섬유류
HSK-MTI 연계표,섬유,5804,3,섬유류
HSK-MTI 연계표,섬유,5805,3,섬유류
HSK-MTI 연계표,섬유,5806,3,섬유류
HSK-MTI 연계표,섬유,5807,3,섬유류
HSK-MTI 연계표,섬유,5808,3,섬유류
HSK-MTI 연계표,섬유,5809,3,섬유류
HSK-MTI 연계표,섬유,5810,3,섬유류
HSK-MTI 연계표,섬유,5811,3,섬유류
HSK-MTI 연계표,섬유,5812,3,섬유류
HSK-MTI 연계표,섬유,5813,3,섬유류
HSK-MTI 연계표,섬유,5814,3,섬유류
HSK-MTI 연계표,섬유,5815,3,섬유류
HSK-MTI 연계표,섬유,5816,3,섬유류
HSK-MTI 연계표,섬유,5817,3,섬유류
HSK-MTI 연계표,섬유,5818,3,섬유류
HSK-MTI 연계표,섬유,5819,3,섬유류
HSK-MTI 연계표,섬유,5820,3,섬유류
HSK-MTI 연계표,섬유,5821,3,섬유류
HSK-MTI 연계표,섬유,5822,3,섬유류
HSK-MTI 연계표,섬유,5823,3,섬유류
HSK-MTI 연계표,섬유,5824,3,섬유류
HSK-MTI 연계표,섬유,5825,3,섬유류
HSK-MTI 연계표,섬유,5826,3,섬유류
HSK-MTI 연계표,섬유,5827,3,섬유류
HSK-MTI 연계표,섬유,5828,3,섬유류
HSK-MTI 연계표,섬유,5829,3,섬유류
HSK-MTI 연계표,섬유,5830,3,섬유류
HSK-MTI 연계표,섬유,5831,3,섬유류
HSK-MTI 연계표,섬유,5832,3,섬유류
HSK-MTI 연계표,섬유,5833,3,섬유류
HSK-MTI 연계표,섬유,5834,3,섬유류
HSK-MTI 연계표,섬유,5835,3,섬유류
HSK-MTI 연계표,섬유,5836,3,섬유류
HSK-MTI 연계표,섬유,5837,3,섬유류
HSK-MTI 연계표,섬유,5838,3,섬유류
HSK-MTI 연계표,섬유,5839,3,섬유류
HSK-MTI 연계표,섬유,5840,3,섬유류
HSK-MTI 연계표,섬유,5841,3,섬유류
HSK-MTI 연계표,섬유,5842,3,섬유류
HSK-MTI 연계표,섬유,5843,3,섬유류
HSK-MTI 연계표,섬유,5844,3,섬유류
HSK-MTI 연계표,섬유,5845,3,섬유류
HSK-MTI 연계표,섬유,5846,3,섬유류
HSK-MTI 연계표,섬유,5847,3,섬유류
HSK-MTI 연계표,섬유,5848,3,섬유류
HSK-MTI 연계표,섬유,5849,3,섬유류
HSK-MTI 연계표,섬유,5850,3,섬유류
HSK-MTI 연계표,섬유,5851,3,섬유류
HSK-MTI 연계표,섬유,5852,3,섬유류
HSK-MTI 연계표,섬유,5853,3,섬유류
HSK-MTI 연계표,섬유,5854,3,섬유류
HSK-MTI 연계표,섬유,5855,3,섬유류
HSK-MTI 연계표,섬유,5856,3,섬유류
HSK-MTI 연계표,섬유,5857,3,섬유류
HSK-MTI 연계표,섬유,5858,3,섬유류
HSK-MTI 연계표,섬유,5859,3,섬유류
HSK-MTI 연계표,섬유,5860,3,섬유류
HSK-MTI 연계표,섬유,5861,3,섬유류
HSK-MTI 연계표,섬유,5862,3,섬유류
HSK-MTI 연계표,섬유,5863,3,섬유류
HSK-MTI 연계표,섬유,5864,3,섬유류
HSK-MTI 연계표,섬유,5865,3,섬유류
HSK-MTI 연계표,섬유,5866,3,섬유류
HSK-MTI 연계표,섬유,5867,3,섬유류
HSK-MTI 연계표,섬유,5868,3,섬유류
HSK-MTI 연계표,섬유,5869,3,섬유류
HSK-MTI 연계표,섬유,5870,3,섬유류
HSK-MTI 연계표,섬유,5871,3,섬유류
HSK-MTI 연계표,섬유,5872,3,섬유류
HSK-MTI 연계표,섬유,5873,3,섬유류
HSK-MTI 연계표,섬유,5874,3,섬유류
HSK-MTI 연계표,섬유,5875,3,섬유류
HSK-MTI 연계표,섬유,5876,3,섬유류
HSK-MTI 연계표,섬유,5877,3,섬유류
HSK-MTI 연계표,섬유,5878,3,섬유류
HSK-MTI 연계표,섬유,5879,3,섬유류
HSK-MTI 연계표,섬유,5880,3,섬유류
HSK-MTI 연계표,섬유,5881,3,섬유류
HSK-MTI 연계표,섬유,5882,3,섬유류
HSK-MTI 연계표,섬유,5883,3,섬유류
HSK-MTI 연계표,섬유,5884,3,섬유류
HSK-MTI 연계표,섬유,5885,3,섬유류
HSK-MTI 연계표,섬유,5886,3,섬유류
HSK-MTI 연계표,섬유,5887,3,섬유류
HSK-MTI 연계표,섬유,5888,3,섬유류
HSK-MTI 연계표,섬유,5889,3,섬유류
HSK-MTI 연계표,섬유,5890,3,섬유류
HSK-MTI 연계표,섬유,5891,3,섬유류
HSK-MTI 연계표,섬유,5892,3,섬유류
HSK-MTI 연계표,섬유,5893,3,섬유류
HSK-MTI 연계표,섬유,5894,3,섬유류
HSK-MTI 연계표,섬유,5895,3,섬유류
HSK-MTI 연계표,섬유,5896,3,섬유류
HSK-MTI 연계표,섬유,5897,3,섬유류
HSK-MTI 연계표,섬유,5898,3,섬유류
HSK-MTI 연계표,섬유,5899,3,섬유류
HSK-MTI 연계표,섬유,5900,3,섬유류
HSK-MTI 연계표,섬유,5901,3,섬유류
HSK-MTI 연계표,섬유,5902,3,섬유류
HSK-MTI 연계표,섬유,5903,3,섬유류
HSK-MTI 연계표,섬유,5904,3,섬유류
HSK-MTI 연계표,섬유,5905,3,섬유류
HSK-MTI 연계표,섬유,5906,3,섬유류
HSK-MTI 연계표,섬유,5907,3,섬유류
HSK-MTI 연계표,섬유,5908,3,섬유류
HSK-MTI 연계표,섬유,5909,3,섬유류
HSK-MTI 연계표,섬유,5910,3,섬유류
HSK-MTI 연계표,섬유,5911,3,섬유류
HSK-MTI 연계표,섬유,5912,3,섬유류
HSK-MTI 연계표,섬유,5913,3,섬유류
HSK-MTI 연계표,섬유,5914,3,섬유류
HSK-MTI 연계표,섬유,5915,3,섬유류
HSK-MTI 연계표,섬유,5916,3,섬유류
HSK-MTI 연계표,섬유,5917,3,섬유류
HSK-MTI 연계표,섬유,5918,3,섬유류
HSK-MTI 연계표,섬유,5919,3,섬유류
HSK-MTI 연계표,섬유,5920,3,섬유류
HSK-MTI 연계표,섬유,5921,3,섬유류
HSK-MTI 연계표,섬유,5922,3,섬유류
HSK-MTI 연계표,섬유,5923,3,섬유류
HSK-MTI 연계표,섬유,5924,3,섬유류
HSK-MTI 연계표,섬유,5925,3,섬유류
HSK-MTI 연계표,섬유,5926,3,섬유류
HSK-MTI 연계표,섬유,5927,3,섬유류
HSK-MTI 연계표,섬유,5928,3,섬유류
HSK-MTI 연계표,섬유,5929,3,섬유류
HSK-MTI 연계표,섬유,5930,3,섬유류
HSK-MTI 연계표,섬유,5931,3,섬유류
HSK-MTI 연계표,섬유,5932,3,섬유류
HSK-MTI 연계표,섬유,5933,3,섬유류
HSK-MTI 연계표,섬유,5934,3,섬유류
HSK-MTI 연계표,섬유,5935,3,섬유류
HSK-MTI 연계표,섬유,5936,3,섬유류
HSK-MTI 연계표,섬유,5937,3,섬유류
HSK-MTI 연계표,섬유,5938,3,섬유류
HSK-MTI 연계표,섬유,5939,3,섬유류
HSK-MTI 연계표,섬유,5940,3,섬유류
HSK-MTI 연계표,섬유,5941,3,섬유류
HSK-MTI 연계표,섬유,5942,3,섬유류
HSK-MTI 연계표,섬유,5943,3,섬유류
HSK-MTI 연계표,섬유,5944,3,섬유류
HSK-MTI 연계표,섬유,5945,3,섬유류
HSK-MTI 연계표,섬유,5946,3,섬유류
HSK-MTI 연계표,섬유,5947,3,섬유류
HSK-MTI 연계표,섬유,5948,3,섬유류
HSK-MTI 연계표,섬유,5949,3,섬유류
HSK-MTI 연계표,섬유,5950,3,섬유류
HSK-MTI 연계표,섬유,5951,3,섬유류
HSK-MTI 연계표,섬유,5952,3,섬유류
HSK-MTI 연계표,섬유,5953,3,섬유류
HSK-MTI 연계표,섬유,5954,3,섬유류
HSK-MTI 연계표,섬유,5955,3,섬유류
HSK-MTI 연계표,섬유,5956,3,섬유류
HSK-MTI 연계표,섬유,5957,3,섬유류
HSK-MTI 연계표,섬유,5958,3,섬유류
HSK-MTI 연계표,섬유,5959,3,섬유류
HSK-MTI 연계표,섬유,5960,3,섬유류
HSK-MTI 연계표,섬유,5961,3,섬유류
HSK-MTI 연계표,섬유,5962,3,섬유류
HSK-MTI 연계표,섬유,5963,3,섬유류
HSK-MTI 연계표,섬유,5964,3,섬유류
HSK-MTI 연계표,섬유,5965,3,섬유류
HSK-MTI 연계표,섬유,5966,3,섬유류
HSK-MTI 연계표,섬유,5967,3,섬유류
HSK-MTI 연계표,섬유,5968,3,섬유류
HSK-MTI 연계표,섬유,5969,3,섬유류
HSK-MTI 연계표,섬유,5970,3,섬유류
HSK-MTI 연계표,섬유,5971,3,섬유류
HSK-MTI 연계표,섬유,5972,3,섬유류
HSK-MTI 연계표,섬유,5973,3,섬유류
HSK-MTI 연계표,섬유,5974,3,섬유류
HSK-MTI 연계표,섬유,5975,3,섬유류
HSK-MTI 연계표,섬유,5976,3,섬유류
HSK-MTI 연계표,섬유,5977,3,섬유류
HSK-MTI 연계표,섬유,5978,3,섬유류
HSK-MTI 연계표,섬유,5979,3,섬유류
HSK-MTI 연계표,섬유,5980,3,섬유류
HSK-MTI 연계표,섬유,5981,3,섬유류
HSK-MTI 연계표,섬유,5982,3,섬유류
HSK-MTI 연계표,섬유,5983,3,섬유류
HSK-MTI 연계표,섬유,5984,3,섬유류
HSK-MTI 연계표,섬유,5985,3,섬유류
HSK-MTI 연계표,섬유,5986,3,섬유류
HSK-MTI 연계표,섬유,5987,3,섬유류
HSK-MTI 연계표,섬유,5988,3,섬유류
HSK-MTI 연계표,섬유,5989,3,섬유류
HSK-MTI 연계표,섬유,5990,3,섬유류
HSK-MTI 연계표,섬유,5991,3,섬유류
HSK-MTI 연계표,섬유,5992,3,섬유류
HSK-MTI 연계표,섬유,5993,3,섬유류
HSK-MTI 연계표,섬유,5994,3,섬유류
HSK-MTI 연계표,섬유,5995,3,섬유류
HSK-MTI 연계표,섬유,5996,3,섬유류
HSK-MTI 연계표,섬유,5997,3,섬유류
HSK-MTI 연계표,섬유,5998,3,섬유류
HSK-MTI 연계표,섬유,5999,3,섬유류
HSK-MTI 연계표,섬유,6000,3,섬유류
HSK-MTI 연계표,섬유,6001,3,섬유류
HSK-MTI 연계표,섬유,6002,3,섬유류
HSK-MTI 연계표,섬유,6003,3,섬유류
HSK-MTI 연계표,섬유,6004,3,섬유류
HSK-MTI 연계표,섬유,6005,3,섬유류
HSK-MTI 연계표,섬유,6006,3,섬유류
HSK-MTI 연계표,섬유,6007,3,섬유류
HSK-MTI 연계표,섬유,6008,3,섬유류
HSK-MTI 연계표,섬유,6009,3,섬유류
HSK-MTI 연계표,섬유,6010,3,섬유류
HSK-MTI 연계표,섬유,6011,3,섬유류
HSK-MTI 연계표,섬유,6012,3,섬유류
HSK-MTI 연계표,섬유,6013,3,섬유류
HSK-MTI 연계표,섬유,6014,3,섬유류
HSK-MTI 연계표,섬유,6015,3,섬유류
HSK-MTI 연계표,섬유,6016,3,섬유류
HSK-MTI 연계표,섬유,6017,3,섬유류
HSK-MTI 연계표,섬유,6018,3,섬유류
HSK-MTI 연계표,섬유,6019,3,섬유류
HSK-MTI 연계표,섬유,6020,3,섬유류
HSK-MTI 연계표,섬유,6021,3,섬유류
HSK-MTI 연계표,섬유,6022,3,섬유류
HSK-MTI 연계표,섬유,6023,3,섬유류
HSK-MTI 연계표,섬유,6024,3,섬유류
HSK-MTI 연계표,섬유,6025,3,섬유류
HSK-MTI 연계표,섬유,6026,3,섬유류
HSK-MTI 연계표,섬유,6027,3,섬유류
HSK-MTI 연계표,섬유,6028,3,섬유류
HSK-MTI 연계표,섬유,6029,3,섬유류
HSK-MTI 연계표,섬유,6030,3,섬유류
HSK-MTI 연계표,섬유,6031,3,섬유류
HSK-MTI 연계표,섬유,6032,3,섬유류
HSK-MTI 연계표,섬유,6033,3,섬유류
HSK-MTI 연계표,섬유,6034,3,섬유류
HSK-MTI 연계표,섬유,6035,3,섬유류
HSK-MTI 연계표,섬유,6036,3,섬유류
HSK-MTI 연계표,섬유,6037,3,섬유류
HSK-MTI 연계표,섬유,6038,3,섬유류
HSK-MTI 연계표,섬유,6039,3,섬유류
HSK-MTI 연계표,섬유,6040,3,섬유류
HSK-MTI 연계표,섬유,6041,3,섬유류
HSK-MTI 연계표,섬유,6042,3,섬유류
HSK-MTI 연계표,섬유,6043,3,섬유류
HSK-MTI 연계표,섬유,6044,3,섬유류
HSK-MTI 연계표,섬유,6045,3,섬유류
HSK-MTI 연계표,섬유,6046,3,섬유류
HSK-MTI 연계표,섬유,6047,3,섬유류
HSK-MTI 연계표,섬유,6048,3,섬유류
HSK-MTI 연계표,섬유,6049,3,섬유류
HSK-MTI 연계표,섬유,6050,3,섬유류
HSK-MTI 연계표,섬유,6051,3,섬유류
HSK-MTI 연계표,섬유,6052,3,섬유류
HSK-MTI 연계표,섬유,6053,3,섬유류
HSK-MTI 연계표,섬유,6054,3,섬유류
HSK-MTI 연계표,섬유,6055,3,섬유류
HSK-MTI 연계표,섬유,6056,3,섬유류
HSK-MTI 연계표,섬유,6057,3,섬유류
HSK-MTI 연계표,섬유,6058,3,섬유류
HSK-MTI 연계표,섬유,6059,3,섬유류
HSK-MTI 연계표,섬유,6060,3,섬유류
HSK-MTI 연계표,섬유,6061,3,섬유류
HSK-MTI 연계표,섬유,6062,3,섬유류
HSK-MTI 연계표,섬유,6063,3,섬유류
HSK-MTI 연계표,섬유,6064,3,섬유류
HSK-MTI 연계표,섬유,6065,3,섬유류
HSK-MTI 연계표,섬유,6066,3,섬유류
HSK-MTI 연계표,섬유,6067,3,섬유류
HSK-MTI 연계표,섬유,6068,3,섬유류
HSK-MTI 연계표,섬유,6069,3,섬유류
HSK-MTI 연계표,섬유,6070,3,섬유류
HSK-MTI 연계표,섬유,6071,3,섬유류
HSK-MTI 연계표,섬유,6072,3,섬유류
HSK-MTI 연계표,섬유,6073,3,섬유류
HSK-MTI 연계표,섬유,6074,3,섬유류
HSK-MTI 연계표,섬유,6075,3,섬유류
HSK-MTI 연계표,섬유,6076,3,섬유류
HSK-MTI 연계표,섬유,6077,3,섬유류
HSK-MTI 연계표,섬유,6078,3,섬유류
HSK-MTI 연계표,섬유,6079,3,섬유류
HSK-MTI 연계표,섬유,6080,3,섬유류
HSK-MTI 연계표,섬유,6081,3,섬유류
HSK-MTI 연계표,섬유,6082,3,섬유류
HSK-MTI 연계표,섬유,6083,3,섬유류
HSK-MTI 연계표,섬유,6084,3,섬유류
HSK-MTI 연계표,섬유,6085,3,섬유류
HSK-MTI 연계표,섬유,6086,3,섬유류
HSK-MTI 연계표,섬유,6087,3,섬유류
HSK-MTI 연계표,섬유,6088,3,섬유류
HSK-MTI 연계표,섬유,6089,3,섬유류
HSK-MTI 연계표,섬유,6090,3,섬유류
HSK-MTI 연계표,섬유,6091,3,섬유류
HSK-MTI 연계표,섬유,6092,3,섬유류
HSK-MTI 연계표,섬유,6093,3,섬유류
HSK-MTI 연계표,섬유,6094,3,섬유류
HSK-MTI 연계표,섬유,6095,3,섬유류
HSK-MTI 연계표,섬유,6096,3,섬유류
HSK-MTI 연계표,섬유,6097,3,섬유류
HSK-MTI 연계표,섬유,6098,3,섬유류
HSK-MTI 연계표,섬유,6099,3,섬유류
HSK-MTI 연계표,섬유,6100,3,섬유류
HSK-MTI 연계표,섬유,6101,3,섬유류
HSK-MTI 연계표,섬유,6102,3,섬유류
HSK-MTI 연계표,섬유,6103,3,섬유류
HSK-MTI 연계표,섬유,6104,3,섬유류
HSK-MTI 연계표,섬유,6105,3,섬유류
HSK-MTI 연계표,섬유,6106,3,섬유류
HSK-MTI 연계표,섬유,6107,3,섬유류
HSK-MTI 연계표,섬유,6108,3,섬유류
HSK-MTI 연계표,섬유,6109,3,섬유류
HSK-MTI 연계표,섬유,6110,3,섬유류
HSK-MTI 연계표,섬유,6111,3,섬유류
HSK-MTI 연계표,섬유,6112,3,섬유류
HSK-MTI 연계표,섬유,6113,3,섬유류
HSK-MTI 연계표,섬유,6114,3,섬유류
HSK-MTI 연계표,섬유,6115,3,섬유류
HSK-MTI 연계표,섬유,6116,3,섬유류
HSK-MTI 연계표,섬유,6117,3,섬유류
HSK-MTI 연계표,섬유,6118,3,섬유류
HSK-MTI 연계표,섬유,6119,3,섬유류
HSK-MTI 연계표,섬유,6120,3,섬유류
HSK-MTI 연계표,섬유,6121,3,섬유류
HSK-MTI 연계표,섬유,6122,3,섬유류
HSK-MTI 연계표,섬유,6123,3,섬유류
HSK-MTI 연계표,섬유,6124,3,섬유류
HSK-MTI 연계표,섬유,6125,3,섬유류
HSK-MTI 연계표,섬유,6126,3,섬유류
HSK-MTI 연계표,섬유,6127,3,섬유류
HSK-MTI 연계표,섬유,6128,3,섬유류
HSK-MTI 연계표,섬유,6129,3,섬유류
HSK-MTI 연계표,섬유,6130,3,섬유류
HSK-MTI 연계표,섬유,6131,3,섬유류
HSK-MTI 연계표,섬유,6132,3,섬유류
HSK-MTI 연계표,섬유,6133,3,섬유류
HSK-MTI 연계표,섬유,6134,3,섬유류
HSK-MTI 연계표,섬유,6135,3,섬유류
HSK-MTI 연계표,섬유,6136,3,섬유류
HSK-MTI 연계표,섬유,6137,3,섬유류
HSK-MTI 연계표,섬유,6138,3,섬유류
HSK-MTI 연계표,섬유,6139,3,섬유류
HSK-MTI 연계표,섬유,6140,3,섬유류
HSK-MTI 연계표,섬유,6141,3,섬유류
HSK-MTI 연계표,섬유,6142,3,섬유류
HSK-MTI 연계표,섬유,6143,3,섬유류
HSK-MTI 연계표,섬유,6144,3,섬유류
HSK-MTI 연계표,섬유,6145,3,섬유류
HSK-MTI 연계표,섬유,6146,3,섬유류
HSK-MTI 연계표,섬유,6147,3,섬유류
HSK-MTI 연계표,섬유,6148,3,섬유류
HSK-MTI 연계표,섬유,6149,3,섬유류
HSK-MTI 연계표,섬유,6150,3,섬유류
HSK-MTI 연계표,섬유,6151,3,섬유류
HSK-MTI 연계표,섬유,6152,3,섬유류
HSK-MTI 연계표,섬유,6153,3,섬유류
HSK-MTI 연계표,섬유,6154,3,섬유류
HSK-MTI 연계표,섬유,6155,3,섬유류
HSK-MTI 연계표,섬유,6156,3,섬유류
HSK-MTI 연계표,섬유,6157,3,섬유류
HSK-MTI 연계표,섬유,6158,3,섬유류
HSK-MTI 연계표,섬유,6159,3,섬유류
HSK-MTI 연계표,섬유,6160,3,섬유류
HSK-MTI 연계표,섬유,6161,3,섬유류
HSK-MTI 연계표,섬유,6162,3,섬유류
HSK-MTI 연계표,섬유,6163,3,섬유류
HSK-MTI 연계표,섬유,6164,3,섬유류
HSK-MTI 연계표,섬유,6165,3,섬유류
HSK-MTI 연계표,섬유,6166,3,섬유류
HSK-MTI 연계표,섬유,6167,3,섬유류
HSK-MTI 연계표,섬유,6168,3,섬유류
HSK-MTI 연계표,섬유,6169,3,섬유류
HSK-MTI 연계표,섬유,6170,3,섬유류
HSK-MTI 연계표,섬유,6171,3,섬유류
HSK-MTI 연계표,섬유,6172,3,섬유류
HSK-MTI 연계표,섬유,6173,3,섬유류
HSK-MTI 연계표,섬유,6174,3,섬유류
HSK-MTI 연계표,섬유,6175,3,섬유류
HSK-MTI 연계표,섬유,6176,3,섬유류
HSK-MTI 연계표,섬유,6177,3,섬유류
HSK-MTI 연계표,섬유,6178,3,섬유류
HSK-MTI 연계표,섬유,6179,3,섬유류
HSK-MTI 연계표,섬유,6180,3,섬유류
HSK-MTI 연계표,섬유,6181,3,섬유류
HSK-MTI 연계표,섬유,6182,3,섬유류
HSK-MTI 연계표,섬유,6183,3,섬유류
HSK-MTI 연계표,섬유,6184,3,섬유류
HSK-MTI 연계표,섬유,6185,3,섬유류
HSK-MTI 연계표,섬유,6186,3,섬유류
HSK-MTI 연계표,섬유,6187,3,섬유류
HSK-MTI 연계표,섬유,6188,3,섬유류
HSK-MTI 연계표,섬유,6189,3,섬유류
HSK-MTI 연계표,생활용품,6190,3,생활용품
HSK-MTI 연계표,섬유,6191,3,섬유류
HSK-MTI 연계표,섬유,6192,3,섬유류
HSK-MTI 연계표,섬유,6193,3,섬유류
HSK-MTI 연계표,섬유,6194,3,섬유류
HSK-MTI 연계표,섬유,6195,3,섬유류
HSK-MTI 연계표,섬유,6196,3,섬유류
HSK-MTI 연계표,섬유,6197,3,섬유류
HSK-MTI 연계표,섬유,6198,3,섬유류
HSK-MTI 연계표,섬유,6199,3,섬유류
HSK-MTI 연계표,섬유,6200,3,섬유류
HSK-MTI 연계표,섬유,6201,3,섬유류
HSK-MTI 연계표,섬유,6202,3,섬유류
HSK-MTI 연계표,섬유,6203,3,섬유류
HSK-MTI 연계표,섬유,6204,3,섬유류
HSK-MTI 연계표,섬유,6205,3,섬유류
HSK-MTI 연계표,섬유,6206,3,섬유류
HSK-MTI 연계표,섬유,6207,3,섬유류
HSK-MTI 연계표,섬유,6208,3,섬유류
HSK-MTI 연계표,섬유,6209,3,섬유류
HSK-MTI 연계표,섬유,6210,3,섬유류
HSK-MTI 연계표,섬유,6211,3,섬유류
HSK-MTI 연계표,섬유,6212,3,섬유류
HSK-MTI 연계표,섬유,6213,3,섬유류
HSK-MTI 연계표,섬유,6214,3,섬유류
HSK-MTI 연계표,섬유,6215,3,섬유류
HSK-MTI 연계표,섬유,6216,3,섬유류
HSK-MTI 연계표,섬유,6217,3,섬유류
HSK-MTI 연계표,섬유,6218,3,섬유류
HSK-MTI 연계표,섬유,6219,3,섬유류
HSK-MTI 연계표,섬유,6220,3,섬유류
HSK-MTI 연계표,섬유,6221,3,섬유류
HSK-MTI 연계표,섬유,6222,3,섬유류
HSK-MTI 연계표,섬유,6223,3,섬유류
HSK-MTI 연계표,섬유,6224,3,섬유류
HSK-MTI 연계표,섬유,6225,3,섬유류
HSK-MTI 연계표,섬유,6226,3,섬유류
HSK-MTI 연계표,섬유,6227,3,섬유류
HSK-MTI 연계표,섬유,6228,3,섬유류
HSK-MTI 연계표,섬유,6229,3,섬유류
HSK-MTI 연계표,섬유,6230,3,섬유류
HSK-MTI 연계표,섬유,6231,3,섬유류
HSK-MTI 연계표,섬유,6232,3,섬유류
HSK-MTI 연계표,섬유,6233,3,섬유류
HSK-MTI 연계표,섬유,6234,3,섬유류
HSK-MTI 연계표,섬유,6235,3,섬유류
HSK-MTI 연계표,섬유,6236,3,섬유류
HSK-MTI 연계표,섬유,6237,3,섬유류
HSK-MTI 연계표,섬유,6238,3,섬유류
HSK-MTI 연계표,섬유,6239,3,섬유류
HSK-MTI 연계표,섬유,6240,3,섬유류
HSK-MTI 연계표,섬유,6241,3,섬유류
HSK-MTI 연계표,섬유,6242,3,섬유류
HSK-MTI 연계표,섬유,6243,3,섬유류
HSK-MTI 연계표,섬유,6244,3,섬유류
HSK-MTI 연계표,섬유,6245,3,섬유류
HSK-MTI 연계표,섬유,6246,3,섬유류
HSK-MTI 연계표,섬유,6247,3,섬유류
HSK-MTI 연계표,섬유,6248,3,섬유류
HSK-MTI 연계표,섬유,6249,3,섬유류
HSK-MTI 연계표,섬유,6250,3,섬유류
HSK-MTI 연계표,섬유,6251,3,섬유류
HSK-MTI 연계표,섬유,6252,3,섬유류
HSK-MTI 연계표,섬유,6253,3,섬유류
HSK-MTI 연계표,섬유,6254,3,섬유류
HSK-MTI 연계표,섬유,6255,3,섬유류
HSK-MTI 연계표,섬유,6256,3,섬유류
HSK-MTI 연계표,섬유,6257,3,섬유류
HSK-MTI 연계표,섬유,6258,3,섬유류
HSK-MTI 연계표,섬유,6259,3,섬유류
HSK-MTI 연계표,섬유,6260,3,섬유류
HSK-MTI 연계표,섬유,6261,3,섬유류
HSK-MTI 연계표,섬유,6262,3,섬유류
HSK-MTI 연계표,섬유,6263,3,섬유류
HSK-MTI 연계표,섬유,6264,3,섬유류
HSK-MTI 연계표,섬유,6265,3,섬유류
HSK-MTI 연계표,섬유,6266,3,섬유류
HSK-MTI 연계표,섬유,6267,3,섬유류
HSK-MTI 연계표,섬유,6268,3,섬유류
HSK-MTI 연계표,섬유,6269,3,섬유류
HSK-MTI 연계표,섬유,6270,3,섬유류
HSK-MTI 연계표,섬유,6271,3,섬유류
HSK-MTI 연계표,섬유,6272,3,섬유류
HSK-MTI 연계표,섬유,6273,3,섬유류
HSK-MTI 연계표,섬유,6274,3,섬유류
HSK-MTI 연계표,섬유,6275,3,섬유류
HSK-MTI 연계표,섬유,6276,3,섬유류
HSK-MTI 연계표,섬유,6277,3,섬유류
HSK-MTI 연계표,섬유,6278,3,섬유류
HSK-MTI 연계표,섬유,6279,3,섬유류
HSK-MTI 연계표,섬유,6280,3,섬유류
HSK-MTI 연계표,섬유,6281,3,섬유류
HSK-MTI 연계표,섬유,6282,3,섬유류
HSK-MTI 연계표,섬유,6283,3,섬유류
HSK-MTI 연계표,섬유,6284,3,섬유류
HSK-MTI 연계표,섬유,6285,3,섬유류
HSK-MTI 연계표,섬유,6286,3,섬유류
HSK-MTI 연계표,섬유,6287,3,섬유류
HSK-MTI 연계표,섬유,6288,3,섬유류
HSK-MTI 연계표,섬유,6289,3,섬유류
HSK-MTI 연계표,섬유,6290,3,섬유류
HSK-MTI 연계표,섬유,6291,3,섬유류
HSK-MTI 연계표,섬유,6292,3,섬유류
HSK-MTI 연계표,섬유,6293,3,섬유류
HSK-MTI 연계표,섬유,6294,3,섬유류
HSK-MTI 연계표,섬유,6295,3,섬유류
HSK-MTI 연계표,섬유,6296,3,섬유류
HSK-MTI 연계표,섬유,6297,3,섬유류
HSK-MTI 연계표,섬유,6298,3,섬유류
HSK-MTI 연계표,섬유,6299,3,섬유류
HSK-MTI 연계표,섬유,6300,3,섬유류
HSK-MTI 연계표,섬유,6301,3,섬유류
HSK-MTI 연계표,섬유,6302,3,섬유류
HSK-MTI 연계표,섬유,6303,3,섬유류
HSK-MTI 연계표,섬유,6304,3,섬유류
HSK-MTI 연계표,섬유,6305,3,섬유류
HSK-MTI 연계표,섬유,6306,3,섬유류
HSK-MTI 연계표,섬유,6307,3,섬유류
HSK-MTI 연계표,섬유,6308,3,섬유류
HSK-MTI 연계표,섬유,6309,3,섬유류
HSK-MTI 연계표,섬유,6310,3,섬유류
HSK-MTI 연계표,섬유,6311,3,섬유류
HSK-MTI 연계표,섬유,6312,3,섬유류
HSK-MTI 연계표,섬유,6313,3,섬유류
HSK-MTI 연계표,섬유,6314,3,섬유류
HSK-MTI 연계표,섬유,6315,3,섬유류
HSK-MTI 연계표,섬유,6316,3,섬유류
HSK-MTI 연계표,섬유,6317,3,섬유류
HSK-MTI 연계표,섬유,6318,3,섬유류
HSK-MTI 연계표,섬유,6319,3,섬유류
HSK-MTI 연계표,섬유,6320,3,섬유류
HSK-MTI 연계표,섬유,6321,3,섬유류
HSK-MTI 연계표,섬유,6322,3,섬유류
HSK-MTI 연계표,섬유,6323,3,섬유류
HSK-MTI 연계표,섬유,6324,3,섬유류
HSK-MTI 연계표,섬유,6325,3,섬유류
HSK-MTI 연계표,섬유,6326,3,섬유류
HSK-MTI 연계표,섬유,6327,3,섬유류
HSK-MTI 연계표,섬유,6328,3,섬유류
HSK-MTI 연계표,섬유,6329,3,섬유류
HSK-MTI 연계표,섬유,6330,3,섬유류
HSK-MTI 연계표,섬유,6331,3,섬유류
HSK-MTI 연계표,섬유,6332,3,섬유류
HSK-MTI 연계표,섬유,6333,3,섬유류
HSK-MTI 연계표,섬유,6334,3,섬유류
HSK-MTI 연계표,섬유,6335,3,섬유류
HSK-MTI 연계표,섬유,6336,3,섬유류
HSK-MTI 연계표,섬유,6337,3,섬유류
HSK-MTI 연계표,섬유,6338,3,섬유류
HSK-MTI 연계표,섬유,6339,3,섬유류
HSK-MTI 연계표,섬유,6340,3,섬유류
HSK-MTI 연계표,섬유,6341,3,섬유류
HSK-MTI 연계표,섬유,6342,3,섬유류
HSK-MTI 연계표,섬유,6343,3,섬유류
HSK-MTI 연계표,섬유,6344,3,섬유류
HSK-MTI 연계표,섬유,6345,3,섬유류
HSK-MTI 연계표,섬유,6346,3,섬유류
HSK-MTI 연계표,섬유,6347,3,섬유류
HSK-MTI 연계표,섬유,6348,3,섬유류
HSK-MTI 연계표,섬유,6349,3,섬유류
HSK-MTI 연계표,섬유,6350,3,섬유류
HSK-MTI 연계표,섬유,6351,3,섬유류
HSK-MTI 연계표,섬유,6352,3,섬유류
HSK-MTI 연계표,섬유,6353,3,섬유류
HSK-MTI 연계표,섬유,6354,3,섬유류
HSK-MTI 연계표,섬유,6355,3,섬유류
HSK-MTI 연계표,섬유,6356,3,섬유류
HSK-MTI 연계표,섬유,6357,3,섬유류
HSK-MTI 연계표,섬유,6358,3,섬유류
HSK-MTI 연계표,섬유,6359,3,섬유류
HSK-MTI 연계표,섬유,6360,3,섬유류
HSK-MTI 연계표,섬유,6361,3,섬유류
HSK-MTI 연계표,섬유,6362,3,섬유류
HSK-MTI 연계표,섬유,6363,3,섬유류
HSK-MTI 연계표,섬유,6364,3,섬유류
HSK-MTI 연계표,섬유,6365,3,섬유류
HSK-MTI 연계표,섬유,6366,3,섬유류
HSK-MTI 연계표,섬유,6367,3,섬유류
HSK-MTI 연계표,섬유,6368,3,섬유류
HSK-MTI 연계표,섬유,6369,3,섬유류
HSK-MTI 연계표,섬유,6370,3,섬유류
HSK-MTI 연계표,섬유,6371,3,섬유류
HSK-MTI 연계표,섬유,6372,3,섬유류
HSK-MTI 연계표,섬유,6373,3,섬유류
HSK-MTI 연계표,섬유,6374,3,섬유류
HSK-MTI 연계표,섬유,6375,3,섬유류
HSK-MTI 연계표,섬유,6376,3,섬유류
HSK-MTI 연계표,섬유,6377,3,섬유류
HSK-MTI 연계표,섬유,6378,3,섬유류
HSK-MTI 연계표,섬유,6379,3,섬유류
HSK-MTI 연계표,섬유,6380,3,섬유류
HSK-MTI 연계표,섬유,6381,3,섬유류
HSK-MTI 연계표,섬유,6382,3,섬유류
HSK-MTI 연계표,섬유,6383,3,섬유류
HSK-MTI 연계표,섬유,6384,3,섬유류
HSK-MTI 연계표,섬유,6385,3,섬유류
HSK-MTI 연계표,섬유,6386,3,섬유류
HSK-MTI 연계표,섬유,6387,3,섬유류
HSK-MTI 연계표,섬유,6388,3,섬유류
HSK-MTI 연계표,섬유,6389,3,섬유류
HSK-MTI 연계표,섬유,6390,3,섬유류
HSK-MTI 연계표,섬유,6391,3,섬유류
HSK-MTI 연계표,섬유,6392,3,섬유류
HSK-MTI 연계표,섬유,6393,3,섬유류
HSK-MTI 연계표,섬유,6394,3,섬유류
HSK-MTI 연계표,섬유,6395,3,섬유류
HSK-MTI 연계표,섬유,6396,3,섬유류
HSK-MTI 연계표,섬유,6397,3,섬유류
HSK-MTI 연계표,섬유,6398,3,섬유류
HSK-MTI 연계표,섬유,6399,3,섬유류
HSK-MTI 연계표,섬유,6400,3,섬유류
HSK-MTI 연계표,섬유,6401,3,섬유류
HSK-MTI 연계표,섬유,6402,3,섬유류
HSK-MTI 연계표,섬유,6403,3,섬유류
HSK-MTI 연계표,섬유,6404,3,섬유류
HSK-MTI 연계표,섬유,6405,3,섬유류
HSK-MTI 연계표,섬유,6406,3,섬유류
HSK-MTI 연계표,섬유,6407,3,섬유류
HSK-MTI 연계표,섬유,6408,3,섬유류
HSK-MTI 연계표,섬유,6409,3,섬유류
HSK-MTI 연계표,섬유,6410,3,섬유류
HSK-MTI 연계표,섬유,6411,3,섬유류
HSK-MTI 연계표,섬유,6412,3,섬유류
HSK-MTI 연계표,섬유,6413,3,섬유류
HSK-MTI 연계표,섬유,6414,3,섬유류
HSK-MTI 연계표,섬유,6415,3,섬유류
HSK-MTI 연계표,섬유,6416,3,섬유류
HSK-MTI 연계표,섬유,6417,3,섬유류
HSK-MTI 연계표,섬유,6418,3,섬유류
HSK-MTI 연계표,섬유,6419,3,섬유류
HSK-MTI 연계표,섬유,6420,3,섬유류
HSK-MTI 연계표,섬유,6421,3,섬유류
HSK-MTI 연계표,섬유,6422,3,섬유류
HSK-MTI 연계표,섬유,6423,3,섬유류
HSK-MTI 연계표,섬유,6424,3,섬유류
HSK-MTI 연계표,섬유,6425,3,섬유류
HSK-MTI 연계표,섬유,6426,3,섬유류
HSK-MTI 연계표,섬유,6427,3,섬유류
HSK-MTI 연계표,섬유,6428,3,섬유류
HSK-MTI 연계표,섬유,6429,3,섬유류
HSK-MTI 연계표,섬유,6430,3,섬유류
HSK-MTI 연계표,섬유,6431,3,섬유류
HSK-MTI 연계표,섬유,6432,3,섬유류
HSK-MTI 연계표,섬유,6433,3,섬유류
HSK-MTI 연계표,섬유,6434,3,섬유류
HSK-MTI 연계표,섬유,6435,3,섬유류
HSK-MTI 연계표,섬유,6436,3,섬유류
HSK-MTI 연계표,섬유,6437,3,섬유류
HSK-MTI 연계표,섬유,6438,3,섬유류
HSK-MTI 연계표,섬유,6439,3,섬유류
HSK-MTI 연계표,섬유,6440,3,섬유류
HSK-MTI 연계표,섬유,6441,3,섬유류
HSK-MTI 연계표,섬유,6442,3,섬유류
HSK-MTI 연계표,섬유,6443,3,섬유류
HSK-MTI 연계표,섬유,6444,3,섬유류
HSK-MTI 연계표,섬유,6445,3,섬유류
HSK-MTI 연계표,섬유,6446,3,섬유류
HSK-MTI 연계표,섬유,6447,3,섬유류
HSK-MTI 연계표,섬유,6448,3,섬유류
HSK-MTI 연계표,섬유,6449,3,섬유류
HSK-MTI 연계표,섬유,6450,3,섬유류
HSK-MTI 연계표,섬유,6451,3,섬유류
HSK-MTI 연계표,섬유,6452,3,섬유류
HSK-MTI 연계표,섬유,6453,3,섬유류
HSK-MTI 연계표,섬유,6454,3,섬유류
HSK-MTI 연계표,섬유,6455,3,섬유류
HSK-MTI 연계표,섬유,6456,3,섬유류
HSK-MTI 연계표,섬유,6457,3,섬유류
HSK-MTI 연계표,섬유,6458,3,섬유류
HSK-MTI 연계표,섬유,6459,3,섬유류
HSK-MTI 연계표,섬유,6460,3,섬유류
HSK-MTI 연계표,섬유,6461,3,섬유류
HSK-MTI 연계표,섬유,6462,3,섬유류
HSK-MTI 연계표,섬유,6463,3,섬유류
HSK-MTI 연계표,섬유,6464,3,섬유류
HSK-MTI 연계표,섬유,6465,3,섬유류
HSK-MTI 연계표,섬유,6466,3,섬유류
HSK-MTI 연계표,섬유,6467,3,섬유류
HSK-MTI 연계표,섬유,6468,3,섬유류
HSK-MTI 연계표,섬유,6469,3,섬유류
HSK-MTI 연계표,섬유,6470,3,섬유류
HSK-MTI 연계표,섬유,6471,3,섬유류
HSK-MTI 연계표,섬유,6472,3,섬유류
HSK-MTI 연계표,섬유,6473,3,섬유류
HSK-MTI 연계표,섬유,6474,3,섬유류
HSK-MTI 연계표,섬유,6475,3,섬유류
HSK-MTI 연계표,섬유,6476,3,섬유류
HSK-MTI 연계표,섬유,6477,3,섬유류
HSK-MTI 연계표,섬유,6478,3,섬유류
HSK-MTI 연계표,섬유,6479,3,섬유류
HSK-MTI 연계표,섬유,6480,3,섬유류
HSK-MTI 연계표,섬유,6481,3,섬유류
HSK-MTI 연계표,섬유,6482,3,섬유류
HSK-MTI 연계표,섬유,6483,3,섬유류
HSK-MTI 연계표,섬유,6484,3,섬유류
HSK-MTI 연계표,섬유,6485,3,섬유류
HSK-MTI 연계표,섬유,6486,3,섬유류
HSK-MTI 연계표,섬유,6487,3,섬유류
HSK-MTI 연계표,섬유,6488,3,섬유류
HSK-MTI 연계표,섬유,6489,3,섬유류
HSK-MTI 연계표,섬유,6490,3,섬유류
HSK-MTI 연계표,섬유,6491,3,섬유류
HSK-MTI 연계표,섬유,6492,3,섬유류
HSK-MTI 연계표,섬유,6493,3,섬유류
HSK-MTI 연계표,섬유,6494,3,섬유류
HSK-MTI 연계표,섬유,6495,3,섬유류
HSK-MTI 연계표,섬유,6496,3,섬유류
HSK-MTI 연계표,섬유,6497,3,섬유류
HSK-MTI 연계표,섬유,6498,3,섬유류
HSK-MTI 연계표,섬유,6499,3,섬유류
HSK-MTI 연계표,섬유,6500,3,섬유류
HSK-MTI 연계표,섬유,6501,3,섬유류
HSK-MTI 연계표,섬유,6502,3,섬유류
HSK-MTI 연계표,섬유,6503,3,섬유류
HSK-MTI 연계표,섬유,6504,3,섬유류
HSK-MTI 연계표,섬유,6505,3,섬유류
HSK-MTI 연계표,섬유,6506,3,섬유류
HSK-MTI 연계표,섬유,6507,3,섬유류
HSK-MTI 연계표,섬유,6508,3,섬유류
HSK-MTI 연계표,섬유,6509,3,섬유류
HSK-MTI 연계표,섬유,6510,3,섬유류
HSK-MTI 연계표,섬유,6511,3,섬유류
HSK-MTI 연계표,섬유,6512,3,섬유류
HSK-MTI 연계표,섬유,6513,3,섬유류
HSK-MTI 연계표,섬유,6514,3,섬유류
HSK-MTI 연계표,섬유,6515,3,섬유류
HSK-MTI 연계표,섬유,6516,3,섬유류
HSK-MTI 연계표,섬유,6517,3,섬유류
HSK-MTI 연계표,섬유,6518,3,섬유류
HSK-MTI 연계표,섬유,6519,3,섬유류
HSK-MTI 연계표,섬유,6520,3,섬유류
HSK-MTI 연계표,섬유,6521,3,섬유류
HSK-MTI 연계표,섬유,6522,3,섬유류
HSK-MTI 연계표,섬유,6523,3,섬유류
HSK-MTI 연계표,섬유,6524,3,섬유류
HSK-MTI 연계표,섬유,6525,3,섬유류
HSK-MTI 연계표,섬유,6526,3,섬유류
HSK-MTI 연계표,섬유,6527,3,섬유류
HSK-MTI 연계표,섬유,6528,3,섬유류
HSK-MTI 연계표,섬유,6529,3,섬유류
HSK-MTI 연계표,섬유,6530,3,섬유류
HSK-MTI 연계표,섬유,6531,3,섬유류
HSK-MTI 연계표,섬유,6532,3,섬유류
HSK-MTI 연계표,섬유,6533,3,섬유류
HSK-MTI 연계표,섬유,6534,3,섬유류
HSK-MTI 연계표,섬유,6535,3,섬유류
HSK-MTI 연계표,섬유,6536,3,섬유류
HSK-MTI 연계표,섬유,6537,3,섬유류
HSK-MTI 연계표,섬유,6538,3,섬유류
HSK-MTI 연계표,섬유,6539,3,섬유류
HSK-MTI 연계표,섬유,6540,3,섬유류
HSK-MTI 연계표,섬유,6541,3,섬유류
HSK-MTI 연계표,섬유,6542,3,섬유류
HSK-MTI 연계표,섬유,6543,3,섬유류
HSK-MTI 연계표,섬유,6544,3,섬유류
HSK-MTI 연계표,섬유,6545,3,섬유류
HSK-MTI 연계표,섬유,6546,3,섬유류
HSK-MTI 연계표,섬유,6547,3,섬유류
HSK-MTI 연계표,섬유,6548,3,섬유류
HSK-MTI 연계표,섬유,6549,3,섬유류
HSK-MTI 연계표,섬유,6550,3,섬유류
HSK-MTI 연계표,섬유,6551,3,섬유류
HSK-MTI 연계표,섬유,6552,3,섬유류
HSK-MTI 연계표,섬유,6553,3,섬유류
HSK-MTI 연계표,섬유,6554,3,섬유류
HSK-MTI 연계표,섬유,6555,3,섬유류
HSK-MTI 연계표,섬유,6556,3,섬유류
HSK-MTI 연계표,섬유,6557,3,섬유류
HSK-MTI 연계표,섬유,6558,3,섬유류
HSK-MTI 연계표,섬유,6559,3,섬유류
HSK-MTI 연계표,섬유,6560,3,섬유류
HSK-MTI 연계표,섬유,6561,3,섬유류
HSK-MTI 연계표,섬유,6562,3,섬유류
HSK-MTI 연계표,섬유,6563,3,섬유류
HSK-MTI 연계표,섬유,6564,3,섬유류
HSK-MTI 연계표,섬유,6565,3,섬유류
HSK-MTI 연계표,섬유,6566,3,섬유류
HSK-MTI 연계표,섬유,6567,3,섬유류
HSK-MTI 연계표,섬유,6568,3,섬유류
HSK-MTI 연계표,섬유,6569,3,섬유류
HSK-MTI 연계표,섬유,6570,3,섬유류
HSK-MTI 연계표,섬유,6571,3,섬유류
HSK-MTI 연계표,섬유,6572,3,섬유류
HSK-MTI 연계표,섬유,6573,3,섬유류
HSK-MTI 연계표,섬유,6574,3,섬유류
HSK-MTI 연계표,섬유,6575,3,섬유류
HSK-MTI 연계표,섬유,6576,3,섬유류
HSK-MTI 연계표,섬유,6577,3,섬유류
HSK-MTI 연계표,섬유,6578,3,섬유류
HSK-MTI 연계표,섬유,6579,3,섬유류
HSK-MTI 연계표,섬유,6580,3,섬유류
HSK-MTI 연계표,섬유,6581,3,섬유류
HSK-MTI 연계표,섬유,6582,3,섬유류
HSK-MTI 연계표,섬유,6583,3,섬유류
HSK-MTI 연계표,섬유,6584,3,섬유류
HSK-MTI 연계표,섬유,6585,3,섬유류
HSK-MTI 연계표,섬유,6586,3,섬유류
HSK-MTI 연계표,섬유,6587,3,섬유류
HSK-MTI 연계표,섬유,6588,3,섬유류
HSK-MTI 연계표,섬유,6589,3,섬유류
HSK-MTI 연계표,섬유,6590,3,섬유류
HSK-MTI 연계표,섬유,6591,3,섬유류
HSK-MTI 연계표,섬유,6592,3,섬유류
HSK-MTI 연계표,섬유,6593,3,섬유류
HSK-MTI 연계표,섬유,6594,3,섬유류
HSK-MTI 연계표,섬유,6595,3,섬유류
HSK-MTI 연계표,섬유,6596,3,섬유류
HSK-MTI 연계표,섬유,6597,3,섬유류
HSK-MTI 연계표,섬유,6598,3,섬유류
HSK-MTI 연계표,섬유,6599,3,섬유류
HSK-MTI 연계표,섬유,6600,3,섬유류
HSK-MTI 연계표,섬유,6601,3,섬유류
HSK-MTI 연계표,섬유,6602,3,섬유류
HSK-MTI 연계표,섬유,6603,3,섬유류
HSK-MTI 연계표,섬유,6604,3,섬유류
HSK-MTI 연계표,섬유,6605,3,섬유류
HSK-MTI 연계표,섬유,6606,3,섬유류
HSK-MTI 연계표,섬유,6607,3,섬유류
HSK-MTI 연계표,섬유,6608,3,섬유류
HSK-MTI 연계표,섬유,6609,3,섬유류
HSK-MTI 연계표,섬유,6610,3,섬유류
HSK-MTI 연계표,생활용품,6611,3,생활용품
HSK-MTI 연계표,생활용품,6612,3,생활용품
HSK-MTI 연계표,생활용품,6613,3,생활용품
HSK-MTI 연계표,생활용품,6614,3,생활용품
HSK-MTI 연계표,섬유,6615,3,섬유류
HSK-MTI 연계표,생활용품,6616,3,생활용품
HSK-MTI 연계표,생활용품,6617,3,생활용품
HSK-MTI 연계표,생활용품,6618,3,생활용품
HSK-MTI 연계표,생활용품,6619,3,생활용품
HSK-MTI 연계표,섬유,6620,3,섬유류
HSK-MTI 연계표,섬유,6621,3,섬유류
HSK-MTI 연계표,섬유,6622,3,섬유류
HSK-MTI 연계표,섬유,6623,3,섬유류
HSK-MTI 연계표,섬유,6624,3,섬유류
HSK-MTI 연계표,섬유,6625,3,섬유류
HSK-MTI 연계표,섬유,6626,3,섬유류
HSK-MTI 연계표,섬유,6627,3,섬유류
HSK-MTI 연계표,섬유,6628,3,섬유류
HSK-MTI 연계표,섬유,6629,3,섬유류
HSK-MTI 연계표,섬유,6630,3,섬유류
HSK-MTI 연계표,섬유,6631,3,섬유류
HSK-MTI 연계표,섬유,6632,3,섬유류
HSK-MTI 연계표,섬유,6633,3,섬유류
HSK-MTI 연계표,섬유,6634,3,섬유류
HSK-MTI 연계표,섬유,6635,3,섬유류
HSK-MTI 연계표,섬유,6636,3,섬유류
HSK-MTI 연계표,섬유,6637,3,섬유류
HSK-MTI 연계표,섬유,6638,3,섬유류
HSK-MTI 연계표,섬유,6639,3,섬유류
HSK-MTI 연계표,섬유,6640,3,섬유류
HSK-MTI 연계표,섬유,6641,3,섬유류
HSK-MTI 연계표,섬유,6642,3,섬유류
HSK-MTI 연계표,섬유,6643,3,섬유류
HSK-MTI 연계표,섬유,6644,3,섬유류
HSK-MTI 연계표,섬유,6645,3,섬유류
HSK-MTI 연계표,섬유,6646,3,섬유류
HSK-MTI 연계표,섬유,6647,3,섬유류
HSK-MTI 연계표,섬유,6648,3,섬유류
HSK-MTI 연계표,섬유,6649,3,섬유류
HSK-MTI 연계표,섬유,6650,3,섬유류
HSK-MTI 연계표,섬유,6651,3,섬유류
HSK-MTI 연계표,섬유,6652,3,섬유류
HSK-MTI 연계표,섬유,6653,3,섬유류
HSK-MTI 연계표,섬유,6654,3,섬유류
HSK-MTI 연계표,섬유,6655,3,섬유류
HSK-MTI 연계표,섬유,6656,3,섬유류
HSK-MTI 연계표,섬유,6657,3,섬유류
HSK-MTI 연계표,섬유,6658,3,섬유류
HSK-MTI 연계표,섬유,6659,3,섬유류
HSK-MTI 연계표,섬유,6660,3,섬유류
HSK-MTI 연계표,섬유,6661,3,섬유류
HSK-MTI 연계표,섬유,6662,3,섬유류
HSK-MTI 연계표,섬유,6663,3,섬유류
HSK-MTI 연계표,섬유,6664,3,섬유류
HSK-MTI 연계표,섬유,6665,3,섬유류
HSK-MTI 연계표,섬유,6666,3,섬유류
HSK-MTI 연계표,섬유,6667,3,섬유류
HSK-MTI 연계표,섬유,6668,3,섬유류
HSK-MTI 연계표,섬유,6669,3,섬유류
HSK-MTI 연계표,섬유,6670,3,섬유류
HSK-MTI 연계표,섬유,6671,3,섬유류
HSK-MTI 연계표,섬유,6672,3,섬유류
HSK-MTI 연계표,섬유,6673,3,섬유류
HSK-MTI 연계표,섬유,6674,3,섬유류
HSK-MTI 연계표,섬유,6675,3,섬유류
HSK-MTI 연계표,섬유,6676,3,섬유류
HSK-MTI 연계표,섬유,6677,3,섬유류
HSK-MTI 연계표,섬유,6678,3,섬유류
HSK-MTI 연계표,섬유,6679,3,섬유류
HSK-MTI 연계표,섬유,6680,3,섬유류
HSK-MTI 연계표,섬유,6681,3,섬유류
HSK-MTI 연계표,섬유,6682,3,섬유류
HSK-MTI 연계표,섬유,6683,3,섬유류
HSK-MTI 연계표,섬유,6684,3,섬유류
HSK-MTI 연계표,섬유,6685,3,섬유류
HSK-MTI 연계표,섬유,6686,3,섬유류
HSK-MTI 연계표,섬유,6687,3,섬유류
HSK-MTI 연계표,섬유,6688,3,섬유류
HSK-MTI 연계표,섬유,6689,3,섬유류
HSK-MTI 연계표,섬유,6690,3,섬유류
HSK-MTI 연계표,섬유,6691,3,섬유류
HSK-MTI 연계표,섬유,6692,3,섬유류
HSK-MTI 연계표,생활용품,6693,3,생활용품
HSK-MTI 연계표,생활용품,6694,3,생활용품
HSK-MTI 연계표,생활용품,6695,3,생활용품
HSK-MTI 연계표,생활용품,6696,3,생활용품
HSK-MTI 연계표,생활용품,6697,3,생활용품
HSK-MTI 연계표,생활용품,6698,3,생활용품
HSK-MTI 연계표,생활용품,6699,3,생활용품
HSK-MTI 연계표,생활용품,6700,3,생활용품
HSK-MTI 연계표,생활용품,6702,3,생활용품
HSK-MTI 연계표,생활용품,6703,3,생활용품
HSK-MTI 연계표,생활용품,6704,3,생활용품
HSK-MTI 연계표,생활용품,6707,3,생활용품
HSK-MTI 연계표,생활용품,6708,3,생활용품
HSK-MTI 연계표,생활용품,6709,3,생활용품
HSK-MTI 연계표,생활용품,6710,3,생활용품
HSK-MTI 연계표,생활용품,6711,3,생활용품
HSK-MTI 연계표,생활용품,6712,3,생활용품
HSK-MTI 연계표,생활용품,6713,3,생활용품
HSK-MTI 연계표,생활용품,6714,3,생활용품
HSK-MTI 연계표,생활용품,6715,3,생활용품
HSK-MTI 연계표,일반기계,6732,3,일반기계
HSK-MTI 연계표,섬유,6778,3,섬유류
HSK-MTI 연계표,섬유,6779,3,섬유류
HSK-MTI 연계표,섬유,6780,3,섬유류
HSK-MTI 연계표,생활용품,6832,3,생활용품
HSK-MTI 연계표,생활용품,6833,3,생활용품
HSK-MTI 연계표,생활용품,6834,3,생활용품
HSK-MTI 연계표,생활용품,6836,3,생활용품
HSK-MTI 연계표,생활용품,6837,3,생활용품
HSK-MTI 연계표,생활용품,6838,3,생활용품
HSK-MTI 연계표,생활용품,6839,3,생활용품
HSK-MTI 연계표,생활용품,6840,3,생활용품
HSK-MTI 연계표,생활용품,6841,3,생활용품
HSK-MTI 연계표,생활용품,6972,3,생활용품
HSK-MTI 연계표,생활용품,6973,3,생활용품
HSK-MTI 연계표,생활용품,6974,3,생활용품
HSK-MTI 연계표,생활용품,6984,3,생활용품
HSK-MTI 연계표,생활용품,6992,3,생활용품
HSK-MTI 연계표,생활용품,6993,3,생활용품
HSK-MTI 연계표,생활용품,6994,3,생활용품
HSK-MTI 연계표,생활용품,6995,3,생활용품
HSK-MTI 연계표,생활용품,6996,3,생활용품
HSK-MTI 연계표,생활용품,6997,3,생활용품
HSK-MTI 연계표,생활용품,6998,3,생활용품
HSK-MTI 연계표,생활용품,6999,3,생활용품
HSK-MTI 연계표,섬유,7000,3,섬유류
HSK-MTI 연계표,섬유,7001,3,섬유류
HSK-MTI 연계표,섬유,7002,3,섬유류
HSK-MTI 연계표,섬유,7003,3,섬유류
HSK-MTI 연계표,섬유,7004,3,섬유류
HSK-MTI 연계표,섬유,7005,3,섬유류
HSK-MTI 연계표,섬유,7006,3,섬유류
HSK-MTI 연계표,섬유,7007,3,섬유류
HSK-MTI 연계표,섬유,7008,3,섬유류
HSK-MTI 연계표,섬유,7009,3,섬유류
HSK-MTI 연계표,섬유,7010,3,섬유류
HSK-MTI 연계표,섬유,7011,3,섬유류
HSK-MTI 연계표,섬유,7012,3,섬유류
HSK-MTI 연계표,섬유,7013,3,섬유류
HSK-MTI 연계표,섬유,7014,3,섬유류
HSK-MTI 연계표,섬유,7015,3,섬유류
HSK-MTI 연계표,섬유,7016,3,섬유류
HSK-MTI 연계표,섬유,7017,3,섬유류
HSK-MTI 연계표,섬유,7018,3,섬유류
HSK-MTI 연계표,섬유,7019,3,섬유류
HSK-MTI 연계표,섬유,7020,3,섬유류
HSK-MTI 연계표,섬유,7021,3,섬유류
HSK-MTI 연계표,섬유,7022,3,섬유류
HSK-MTI 연계표,섬유,7023,3,섬유류
HSK-MTI 연계표,섬유,7024,3,섬유류
HSK-MTI 연계표,섬유,7025,3,섬유류
HSK-MTI 연계표,섬유,7026,3,섬유류
HSK-MTI 연계표,섬유,7027,3,섬유류
HSK-MTI 연계표,섬유,7028,3,섬유류
HSK-MTI 연계표,바이오,7082,3,바이오헬스
HSK-MTI 연계표,생활용품,7105,3,생활용품
HSK-MTI 연계표,생활용품,7106,3,생활용품
HSK-MTI 연계표,생활용품,7107,3,생활용품
HSK-MTI 연계표,생활용품,7108,3,생활용품
HSK-MTI 연계표,생활용품,7109,3,생활용품
HSK-MTI 연계표,생활용품,7110,3,생활용품
HSK-MTI 연계표,생활용품,7111,3,생활용품
HSK-MTI 연계표,생활용품,7112,3,생활용품
HSK-MTI 연계표,생활용품,7113,3,생활용품
HSK-MTI 연계표,생활용품,7114,3,생활용품
HSK-MTI 연계표,생활용품,7115,3,생활용품
HSK-MTI 연계표,생활용품,7116,3,생활용품
HSK-MTI 연계표,생활용품,7123,3,생활용품
HSK-MTI 연계표,생활용품,7124,3,생활용품
HSK-MTI 연계표,생활용품,7125,3,생활용품
HSK-MTI 연계표,생활용품,7126,3,생활용품
HSK-MTI 연계표,생활용품,7127,3,생활용품
HSK-MTI 연계표,생활용품,7128,3,생활용품
HSK-MTI 연계표,생활용품,7129,3,생활용품
HSK-MTI 연계표,생활용품,7130,3,생활용품
HSK-MTI 연계표,생활용품,7131,3,생활용품
HSK-MTI 연계표,생활용품,7132,3,생활용품
HSK-MTI 연계표,생활용품,7133,3,생활용품
HSK-MTI 연계표,생활용품,7134,3,생활용품
HSK-MTI 연계표,생활용품,7135,3,생활용품
HSK-MTI 연계표,생활용품,7136,3,생활용품
HSK-MTI 연계표,철강,7177,3,철강제품
HSK-MTI 연계표,철강,7178,3,철강제품
HSK-MTI 연계표,철강,7179,3,철강제품
HSK-MTI 연계표,철강,7180,3,철강제품
HSK-MTI 연계표,철강,7181,3,철강제품
HSK-MTI 연계표,철강,7182,3,철강제품
HSK-MTI 연계표,철강,7183,3,철강제품
HSK-MTI 연계표,철강,7184,3,철강제품
HSK-MTI 연계표,철강,7185,3,철강제품
HSK-MTI 연계표,철강,7186,3,철강제품
HSK-MTI 연계표,철강,7187,3,철강제품
HSK-MTI 연계표,철강,7188,3,철강제품
HSK-MTI 연계표,철강,7189,3,철강제품
HSK-MTI 연계표,철강,7190,3,철강제품
HSK-MTI 연계표,철강,7191,3,철강제품
HSK-MTI 연계표,철강,7192,3,철강제품
HSK-MTI 연계표,철강,7193,3,철강제품
HSK-MTI 연계표,철강,7194,3,철강제품
HSK-MTI 연계표,철강,7195,3,철강제품
HSK-MTI 연계표,철강,7196,3,철강제품
HSK-MTI 연계표,철강,7197,3,철강제품
HSK-MTI 연계표,철강,7198,3,철강제품
HSK-MTI 연계표,철강,7199,3,철강제품
HSK-MTI 연계표,철강,7200,3,철강제품
HSK-MTI 연계표,철강,7201,3,철강제품
HSK-MTI 연계표,철강,7202,3,철강제품
HSK-MTI 연계표,철강,7203,3,철강제품
HSK-MTI 연계표,철강,7204,3,철강제품
HSK-MTI 연계표,철강,7205,3,철강제품
HSK-MTI 연계표,철강,7206,3,철강제품
HSK-MTI 연계표,철강,7207,3,철강제품
HSK-MTI 연계표,철강,7208,3,철강제품
HSK-MTI 연계표,철강,7209,3,철강제품
HSK-MTI 연계표,철강,7210,3,철강제품
HSK-MTI 연계표,철강,7211,3,철강제품
HSK-MTI 연계표,철강,7212,3,철강제품
HSK-MTI 연계표,철강,7213,3,철강제품
HSK-MTI 연계표,철강,7214,3,철강제품
HSK-MTI 연계표,철강,7215,3,철강제품
HSK-MTI 연계표,철강,7216,3,철강제품
HSK-MTI 연계표,철강,7217,3,철강제품
HSK-MTI 연계표,철강,7218,3,철강제품
HSK-MTI 연계표,철강,7219,3,철강제품
HSK-MTI 연계표,철강,7220,3,철강제품
HSK-MTI 연계표,철강,7221,3,철강제품
HSK-MTI 연계표,철강,7222,3,철강제품
HSK-MTI 연계표,철강,7223,3,철강제품
HSK-MTI 연계표,철강,7224,3,철강제품
HSK-MTI 연계표,철강,7225,3,철강제품
HSK-MTI 연계표,철강,7226,3,철강제품
HSK-MTI 연계표,철강,7227,3,철강제품
HSK-MTI 연계표,철강,7228,3,철강제품
HSK-MTI 연계표,철강,7229,3,철강제품
HSK-MTI 연계표,철강,7230,3,철강제품
HSK-MTI 연계표,철강,7231,3,철강제품
HSK-MTI 연계표,철강,7232,3,철강제품
HSK-MTI 연계표,철강,7233,3,철강제품
HSK-MTI 연계표,철강,7234,3,철강제품
HSK-MTI 연계표,철강,7235,3,철강제품
HSK-MTI 연계표,철강,7236,3,철강제품
HSK-MTI 연계표,철강,7237,3,철강제품
HSK-MTI 연계표,철강,7238,3,철강제품
HSK-MTI 연계표,철강,7239,3,철강제품
HSK-MTI 연계표,철강,7240,3,철강제품
HSK-MTI 연계표,철강,7241,3,철강제품
HSK-MTI 연계표,철강,7242,3,철강제품
HSK-MTI 연계표,철강,7243,3,철강제품
HSK-MTI 연계표,철강,7244,3,철강제품
HSK-MTI 연계표,철강,7245,3,철강제품
HSK-MTI 연계표,철강,7246,3,철강제품
HSK-MTI 연계표,철강,7247,3,철강제품
HSK-MTI 연계표,철강,7248,3,철강제품
HSK-MTI 연계표,철강,7249,3,철강제품
HSK-MTI 연계표,철강,7250,3,철강제품
HSK-MTI 연계표,철강,7251,3,철강제품
HSK-MTI 연계표,철강,7252,3,철강제품
HSK-MTI 연계표,철강,7253,3,철강제품
HSK-MTI 연계표,철강,7254,3,철강제품
HSK-MTI 연계표,철강,7255,3,철강제품
HSK-MTI 연계표,철강,7256,3,철강제품
HSK-MTI 연계표,철강,7257,3,철강제품
HSK-MTI 연계표,철강,7258,3,철강제품
HSK-MTI 연계표,철강,7259,3,철강제품
HSK-MTI 연계표,철강,7260,3,철강제품
HSK-MTI 연계표,철강,7261,3,철강제품
HSK-MTI 연계표,철강,7262,3,철강제품
HSK-MTI 연계표,철강,7263,3,철강제품
HSK-MTI 연계표,철강,7264,3,철강제품
HSK-MTI 연계표,철강,7265,3,철강제품
HSK-MTI 연계표,철강,7266,3,철강제품
HSK-MTI 연계표,철강,7267,3,철강제품
HSK-MTI 연계표,철강,7268,3,철강제품
HSK-MTI 연계표,철강,7269,3,철강제품
HSK-MTI 연계표,철강,7270,3,철강제품
HSK-MTI 연계표,철강,7271,3,철강제품
HSK-MTI 연계표,철강,7272,3,철강제품
HSK-MTI 연계표,철강,7273,3,철강제품
HSK-MTI 연계표,철강,7274,3,철강제품
HSK-MTI 연계표,철강,7275,3,철강제품
HSK-MTI 연계표,철강,7276,3,철강제품
HSK-MTI 연계표,철강,7277,3,철강제품
HSK-MTI 연계표,철강,7278,3,철강제품
HSK-MTI 연계표,철강,7279,3,철강제품
HSK-MTI 연계표,철강,7280,3,철강제품
HSK-MTI 연계표,철강,7281,3,철강제품
HSK-MTI 연계표,철강,7282,3,철강제품
HSK-MTI 연계표,철강,7283,3,철강제품
HSK-MTI 연계표,철강,7284,3,철강제품
HSK-MTI 연계표,철강,7285,3,철강제품
HSK-MTI 연계표,철강,7286,3,철강제품
HSK-MTI 연계표,철강,7287,3,철강제품
HSK-MTI 연계표,철강,7288,3,철강제품
HSK-MTI 연계표,철강,7289,3,철강제품
HSK-MTI 연계표,철강,7290,3,철강제품
HSK-MTI 연계표,철강,7291,3,철강제품
HSK-MTI 연계표,철강,7292,3,철강제품
HSK-MTI 연계표,철강,7293,3,철강제품
HSK-MTI 연계표,철강,7294,3,철강제품
HSK-MTI 연계표,철강,7295,3,철강제품
HSK-MTI 연계표,철강,7296,3,철강제품
HSK-MTI 연계표,철강,7297,3,철강제품
HSK-MTI 연계표,철강,7298,3,철강제품
HSK-MTI 연계표,철강,7299,3,철강제품
HSK-MTI 연계표,철강,7300,3,철강제품
HSK-MTI 연계표,철강,7301,3,철강제품
HSK-MTI 연계표,철강,7302,3,철강제품
HSK-MTI 연계표,철강,7303,3,철강제품
HSK-MTI 연계표,철강,7304,3,철강제품
HSK-MTI 연계표,철강,7305,3,철강제품
HSK-MTI 연계표,철강,7306,3,철강제품
HSK-MTI 연계표,철강,7307,3,철강제품
HSK-MTI 연계표,철강,7308,3,철강제품
HSK-MTI 연계표,철강,7309,3,철강제품
HSK-MTI 연계표,철강,7310,3,철강제품
HSK-MTI 연계표,철강,7311,3,철강제품
HSK-MTI 연계표,철강,7312,3,철강제품
HSK-MTI 연계표,철강,7313,3,철강제품
HSK-MTI 연계표,철강,7314,3,철강제품
HSK-MTI 연계표,철강,7315,3,철강제품
HSK-MTI 연계표,철강,7316,3,철강제품
HSK-MTI 연계표,철강,7317,3,철강제품
HSK-MTI 연계표,철강,7318,3,철강제품
HSK-MTI 연계표,철강,7319,3,철강제품
HSK-MTI 연계표,철강,7320,3,철강제품
HSK-MTI 연계표,철강,7321,3,철강제품
HSK-MTI 연계표,철강,7322,3,철강제품
HSK-MTI 연계표,철강,7323,3,철강제품
HSK-MTI 연계표,철강,7324,3,철강제품
HSK-MTI 연계표,철강,7325,3,철강제품
HSK-MTI 연계표,철강,7326,3,철강제품
HSK-MTI 연계표,철강,7327,3,철강제품
HSK-MTI 연계표,철강,7328,3,철강제품
HSK-MTI 연계표,철강,7329,3,철강제품
HSK-MTI 연계표,철강,7330,3,철강제품
HSK-MTI 연계표,철강,7331,3,철강제품
HSK-MTI 연계표,철강,7332,3,철강제품
HSK-MTI 연계표,철강,7333,3,철강제품
HSK-MTI 연계표,철강,7334,3,철강제품
HSK-MTI 연계표,철강,7335,3,철강제품
HSK-MTI 연계표,철강,7336,3,철강제품
HSK-MTI 연계표,철강,7337,3,철강제품
HSK-MTI 연계표,철강,7338,3,철강제품
HSK-MTI 연계표,철강,7339,3,철강제품
HSK-MTI 연계표,철강,7340,3,철강제품
HSK-MTI 연계표,철강,7341,3,철강제품
HSK-MTI 연계표,철강,7342,3,철강제품
HSK-MTI 연계표,철강,7343,3,철강제품
HSK-MTI 연계표,철강,7344,3,철강제품
HSK-MTI 연계표,철강,7345,3,철강제품
HSK-MTI 연계표,철강,7346,3,철강제품
HSK-MTI 연계표,철강,7347,3,철강제품
HSK-MTI 연계표,철강,7348,3,철강제품
HSK-MTI 연계표,철강,7349,3,철강제품
HSK-MTI 연계표,철강,7350,3,철강제품
HSK-MTI 연계표,철강,7351,3,철강제품
HSK-MTI 연계표,철강,7352,3,철강제품
HSK-MTI 연계표,철강,7353,3,철강제품
HSK-MTI 연계표,철강,7354,3,철강제품
HSK-MTI 연계표,철강,7355,3,철강제품
HSK-MTI 연계표,철강,7356,3,철강제품
HSK-MTI 연계표,철강,7357,3,철강제품
HSK-MTI 연계표,철강,7358,3,철강제품
HSK-MTI 연계표,철강,7359,3,철강제품
HSK-MTI 연계표,철강,7360,3,철강제품
HSK-MTI 연계표,철강,7361,3,철강제품
HSK-MTI 연계표,철강,7362,3,철강제품
HSK-MTI 연계표,철강,7363,3,철강제품
HSK-MTI 연계표,철강,7364,3,철강제품
HSK-MTI 연계표,철강,7365,3,철강제품
HSK-MTI 연계표,철강,7366,3,철강제품
HSK-MTI 연계표,철강,7367,3,철강제품
HSK-MTI 연계표,철강,7368,3,철강제품
HSK-MTI 연계표,철강,7369,3,철강제품
HSK-MTI 연계표,철강,7370,3,철강제품
HSK-MTI 연계표,철강,7371,3,철강제품
HSK-MTI 연계표,철강,7372,3,철강제품
HSK-MTI 연계표,철강,7373,3,철강제품
HSK-MTI 연계표,철강,7374,3,철강제품
HSK-MTI 연계표,철강,7375,3,철강제품
HSK-MTI 연계표,철강,7376,3,철강제품
HSK-MTI 연계표,철강,7377,3,철강제품
HSK-MTI 연계표,철강,7378,3,철강제품
HSK-MTI 연계표,철강,7379,3,철강제품
HSK-MTI 연계표,철강,7380,3,철강제품
HSK-MTI 연계표,철강,7381,3,철강제품
HSK-MTI 연계표,철강,7382,3,철강제품
HSK-MTI 연계표,철강,7383,3,철강제품
HSK-MTI 연계표,철강,7384,3,철강제품
HSK-MTI 연계표,철강,7385,3,철강제품
HSK-MTI 연계표,철강,7386,3,철강제품
HSK-MTI 연계표,철강,7387,3,철강제품
HSK-MTI 연계표,철강,7388,3,철강제품
HSK-MTI 연계표,철강,7389,3,철강제품
HSK-MTI 연계표,철강,7390,3,철강제품
HSK-MTI 연계표,철강,7391,3,철강제품
HSK-MTI 연계표,철강,7392,3,철강제품
HSK-MTI 연계표,철강,7393,3,철강제품
HSK-MTI 연계표,철강,7394,3,철강제품
HSK-MTI 연계표,철강,7395,3,철강제품
HSK-MTI 연계표,철강,7396,3,철강제품
HSK-MTI 연계표,철강,7397,3,철강제품
HSK-MTI 연계표,철강,7398,3,철강제품
HSK-MTI 연계표,철강,7399,3,철강제품
HSK-MTI 연계표,철강,7400,3,철강제품
HSK-MTI 연계표,철강,7401,3,철강제품
HSK-MTI 연계표,철강,7402,3,철강제품
HSK-MTI 연계표,철강,7403,3,철강제품
HSK-MTI 연계표,철강,7404,3,철강제품
HSK-MTI 연계표,철강,7405,3,철강제품
HSK-MTI 연계표,철강,7406,3,철강제품
HSK-MTI 연계표,철강,7407,3,철강제품
HSK-MTI 연계표,철강,7408,3,철강제품
HSK-MTI 연계표,철강,7409,3,철강제품
HSK-MTI 연계표,철강,7410,3,철강제품
HSK-MTI 연계표,철강,7411,3,철강제품
HSK-MTI 연계표,철강,7412,3,철강제품
HSK-MTI 연계표,철강,7413,3,철강제품
HSK-MTI 연계표,철강,7414,3,철강제품
HSK-MTI 연계표,철강,7415,3,철강제품
HSK-MTI 연계표,철강,7416,3,철강제품
HSK-MTI 연계표,철강,7417,3,철강제품
HSK-MTI 연계표,철강,7418,3,철강제품
HSK-MTI 연계표,철강,7419,3,철강제품
HSK-MTI 연계표,철강,7420,3,철강제품
HSK-MTI 연계표,철강,7421,3,철강제품
HSK-MTI 연계표,철강,7422,3,철강제품
HSK-MTI 연계표,철강,7423,3,철강제품
HSK-MTI 연계표,철강,7424,3,철강제품
HSK-MTI 연계표,철강,7425,3,철강제품
HSK-MTI 연계표,철강,7426,3,철강제품
HSK-MTI 연계표,철강,7427,3,철강제품
HSK-MTI 연계표,철강,7428,3,철강제품
HSK-MTI 연계표,철강,7429,3,철강제품
HSK-MTI 연계표,철강,7430,3,철강제품
HSK-MTI 연계표,철강,7431,3,철강제품
HSK-MTI 연계표,철강,7432,3,철강제품
HSK-MTI 연계표,철강,7433,3,철강제품
HSK-MTI 연계표,철강,7434,3,철강제품
HSK-MTI 연계표,철강,7435,3,철강제품
HSK-MTI 연계표,철강,7436,3,철강제품
HSK-MTI 연계표,철강,7437,3,철강제품
HSK-MTI 연계표,철강,7438,3,철강제품
HSK-MTI 연계표,철강,7439,3,철강제품
HSK-MTI 연계표,철강,7440,3,철강제품
HSK-MTI 연계표,철강,7441,3,철강제품
HSK-MTI 연계표,철강,7442,3,철강제품
HSK-MTI 연계표,철강,7443,3,철강제품
HSK-MTI 연계표,철강,7444,3,철강제품
HSK-MTI 연계표,철강,7445,3,철강제품
HSK-MTI 연계표,철강,7446,3,철강제품
HSK-MTI 연계표,철강,7447,3,철강제품
HSK-MTI 연계표,철강,7448,3,철강제품
HSK-MTI 연계표,철강,7449,3,철강제품
HSK-MTI 연계표,철강,7450,3,철강제품
HSK-MTI 연계표,철강,7451,3,철강제품
HSK-MTI 연계표,철강,7452,3,철강제품
HSK-MTI 연계표,철강,7457,3,철강제품
HSK-MTI 연계표,철강,7458,3,철강제품
HSK-MTI 연계표,철강,7459,3,철강제품
HSK-MTI 연계표,철강,7460,3,철강제품
HSK-MTI 연계표,철강,7461,3,철강제품
HSK-MTI 연계표,철강,7462,3,철강제품
HSK-MTI 연계표,철강,7463,3,철강제품
HSK-MTI 연계표,철강,7464,3,철강제품
HSK-MTI 연계표,철강,7465,3,철강제품
HSK-MTI 연계표,철강,7466,3,철강제품
HSK-MTI 연계표,철강,7467,3,철강제품
HSK-MTI 연계표,철강,7471,3,철강제품
HSK-MTI 연계표,철강,7472,3,철강제품
HSK-MTI 연계표,철강,7473,3,철강제품
HSK-MTI 연계표,철강,7474,3,철강제품
HSK-MTI 연계표,철강,7475,3,철강제품
HSK-MTI 연계표,철강,7476,3,철강제품
HSK-MTI 연계표,철강,7477,3,철강제품
HSK-MTI 연계표,철강,7478,3,철강제품
HSK-MTI 연계표,철강,7479,3,철강제품
HSK-MTI 연계표,철강,7480,3,철강제품
HSK-MTI 연계표,철강,7481,3,철강제품
HSK-MTI 연계표,철강,7482,3,철강제품
HSK-MTI 연계표,철강,7483,3,철강제품
HSK-MTI 연계표,철강,7484,3,철강제품
HSK-MTI 연계표,철강,7485,3,철강제품
HSK-MTI 연계표,철강,7486,3,철강제품
HSK-MTI 연계표,철강,7487,3,철강제품
HSK-MTI 연계표,철강,7488,3,철강제품
HSK-MTI 연계표,철강,7489,3,철강제품
HSK-MTI 연계표,철강,7490,3,철강제품
HSK-MTI 연계표,철강,7491,3,철강제품
HSK-MTI 연계표,철강,7492,3,철강제품
HSK-MTI 연계표,철강,7493,3,철강제품
HSK-MTI 연계표,철강,7494,3,철강제품
HSK-MTI 연계표,철강,7495,3,철강제품
HSK-MTI 연계표,철강,7496,3,철강제품
HSK-MTI 연계표,철강,7497,3,철강제품
HSK-MTI 연계표,철강,7498,3,철강제품
HSK-MTI 연계표,철강,7499,3,철강제품
HSK-MTI 연계표,철강,7500,3,철강제품
HSK-MTI 연계표,철강,7501,3,철강제품
HSK-MTI 연계표,철강,7502,3,철강제품
HSK-MTI 연계표,철강,7503,3,철강제품
HSK-MTI 연계표,철강,7504,3,철강제품
HSK-MTI 연계표,철강,7505,3,철강제품
HSK-MTI 연계표,철강,7506,3,철강제품
HSK-MTI 연계표,철강,7507,3,철강제품
HSK-MTI 연계표,철강,7508,3,철강제품
HSK-MTI 연계표,철강,7509,3,철강제품
HSK-MTI 연계표,철강,7510,3,철강제품
HSK-MTI 연계표,철강,7511,3,철강제품
HSK-MTI 연계표,철강,7512,3,철강제품
HSK-MTI 연계표,철강,7513,3,철강제품
HSK-MTI 연계표,철강,7514,3,철강제품
HSK-MTI 연계표,철강,7515,3,철강제품
HSK-MTI 연계표,철강,7516,3,철강제품
HSK-MTI 연계표,철강,7517,3,철강제품
HSK-MTI 연계표,철강,7518,3,철강제품
HSK-MTI 연계표,철강,7519,3,철강제품
HSK-MTI 연계표,철강,7520,3,철강제품
HSK-MTI 연계표,철강,7523,3,철강제품
HSK-MTI 연계표,철강,7524,3,철강제품
HSK-MTI 연계표,철강,7525,3,철강제품
HSK-MTI 연계표,철강,7526,3,철강제품
HSK-MTI 연계표,철강,7527,3,철강제품
HSK-MTI 연계표,철강,7528,3,철강제품
HSK-MTI 연계표,철강,7529,3,철강제품
HSK-MTI 연계표,철강,7530,3,철강제품
HSK-MTI 연계표,철강,7531,3,철강제품
HSK-MTI 연계표,철강,7532,3,철강제품
HSK-MTI 연계표,철강,7533,3,철강제품
HSK-MTI 연계표,선박,7578,3,선박류
HSK-MTI 연계표,선박,7579,3,선박류
HSK-MTI 연계표,생활용품,7584,3,생활용품
HSK-MTI 연계표,생활용품,7585,3,생활용품
HSK-MTI 연계표,일반기계,7589,3,일반기계
HSK-MTI 연계표,일반기계,7590,3,일반기계
HSK-MTI 연계표,일반기계,7591,3,일반기계
HSK-MTI 연계표,일반기계,7592,3,일반기계
HSK-MTI 연계표,일반기계,7593,3,일반기계
HSK-MTI 연계표,일반기계,7594,3,일반기계
HSK-MTI 연계표,일반기계,7595,3,일반기계
HSK-MTI 연계표,일반기계,7596,3,일반기계
HSK-MTI 연계표,일반기계,7597,3,일반기계
HSK-MTI 연계표,일반기계,7598,3,일반기계
HSK-MTI 연계표,일반기계,7599,3,일반기계
HSK-MTI 연계표,일반기계,7600,3,일반기계
HSK-MTI 연계표,일반기계,7601,3,일반기계
HSK-MTI 연계표,일반기계,7602,3,일반기계
HSK-MTI 연계표,일반기계,7603,3,일반기계
HSK-MTI 연계표,일반기계,7604,3,일반기계
HSK-MTI 연계표,일반기계,7605,3,일반기계
HSK-MTI 연계표,일반기계,7606,3,일반기계
HSK-MTI 연계표,일반기계,7607,3,일반기계
HSK-MTI 연계표,일반기계,7608,3,일반기계
HSK-MTI 연계표,일반기계,7609,3,일반기계
HSK-MTI 연계표,일반기계,7610,3,일반기계
HSK-MTI 연계표,자동차,7611,3,자동차부품
HSK-MTI 연계표,자동차부품,7611,3,자동차부품
HSK-MTI 연계표,일반기계,7613,3,일반기계
HSK-MTI 연계표,자동차,7614,3,자동차부품
HSK-MTI 연계표,자동차부품,7614,3,자동차부품
HSK-MTI 연계표,일반기계,7615,3,일반기계
HSK-MTI 연계표,일반기계,7617,3,일반기계
HSK-MTI 연계표,일반기계,7618,3,일반기계
HSK-MTI 연계표,일반기계,7619,3,일반기계
HSK-MTI 연계표,일반기계,7620,3,일반기계
HSK-MTI 연계표,일반기계,7621,3,일반기계
HSK-MTI 연계표,일반기계,7622,3,일반기계
HSK-MTI 연계표,일반기계,7623,3,일반기계
HSK-MTI 연계표,일반기계,7624,3,일반기계
HSK-MTI 연계표,일반기계,7625,3,일반기계
HSK-MTI 연계표,일반기계,7626,3,일반기계
HSK-MTI 연계표,일반기계,7627,3,일반기계
HSK-MTI 연계표,일반기계,7628,3,일반기계
HSK-MTI 연계표,일반기계,7629,3,일반기계
HSK-MTI 연계표,일반기계,7630,3,일반기계
HSK-MTI 연계표,일반기계,7631,3,일반기계
HSK-MTI 연계표,일반기계,7632,3,일반기계
HSK-MTI 연계표,일반기계,7633,3,일반기계
HSK-MTI 연계표,일반기계,7634,3,일반기계
HSK-MTI 연계표,일반기계,7635,3,일반기계
HSK-MTI 연계표,생활용품,7636,3,생활용품
HSK-MTI 연계표,생활용품,7637,3,생활용품
HSK-MTI 연계표,생활용품,7638,3,생활용품
HSK-MTI 연계표,생활용품,7639,3,생활용품
HSK-MTI 연계표,생활용품,7640,3,생활용품
HSK-MTI 연계표,생활용품,7641,3,생활용품
HSK-MTI 연계표,철강,7651,3,철강제품
HSK-MTI 연계표,철강,7653,3,철강제품
HSK-MTI 연계표,철강,7654,3,철강제품
HSK-MTI 연계표,철강,7656,3,철강제품
HSK-MTI 연계표,철강,7657,3,철강제품
HSK-MTI 연계표,일반기계,7659,3,일반기계
HSK-MTI 연계표,비철금속,7661,3,비철금속
HSK-MTI 연계표,비철금속,7662,3,비철금속
HSK-MTI 연계표,비철금속,7663,3,비철금속
HSK-MTI 연계표,비철금속,7664,3,비철금속
HSK-MTI 연계표,비철금속,7665,3,비철금속
HSK-MTI 연계표,비철금속,7666,3,비철금속
HSK-MTI 연계표,비철금속,7667,3,비철금속
HSK-MTI 연계표,비철금속,7668,3,비철금속
HSK-MTI 연계표,비철금속,7669,3,비철금속
HSK-MTI 연계표,비철금속,7670,3,비철금속
HSK-MTI 연계표,비철금속,7671,3,비철금속
HSK-MTI 연계표,비철금속,7672,3,비철금속
HSK-MTI 연계표,비철금속,7673,3,비철금속
HSK-MTI 연계표,비철금속,7674,3,비철금속
HSK-MTI 연계표,비철금속,7675,3,비철금속
HSK-MTI 연계표,비철금속,7676,3,비철금속
HSK-MTI 연계표,비철금속,7677,3,비철금속
HSK-MTI 연계표,비철금속,7678,3,비철금속
HSK-MTI 연계표,비철금속,7679,3,비철금속
HSK-MTI 연계표,비철금속,7680,3,비철금속
HSK-MTI 연계표,비철금속,7681,3,비철금속
HSK-MTI 연계표,비철금속,7682,3,비철금속
HSK-MTI 연계표,비철금속,7683,3,비철금속
HSK-MTI 연계표,비철금속,7684,3,비철금속
HSK-MTI 연계표,비철금속,7685,3,비철금속
HSK-MTI 연계표,비철금속,7686,3,비철금속
HSK-MTI 연계표,비철금속,7687,3,비철금속
HSK-MTI 연계표,비철금속,7688,3,비철금속
HSK-MTI 연계표,비철금속,7689,3,비철금속
HSK-MTI 연계표,비철금속,7690,3,비철금속
HSK-MTI 연계표,비철금속,7691,3,비철금속
HSK-MTI 연계표,비철금속,7692,3,비철금속
HSK-MTI 연계표,비철금속,7693,3,비철금속
HSK-MTI 연계표,비철금속,7694,3,비철금속
HSK-MTI 연계표,비철금속,7695,3,비철금속
HSK-MTI 연계표,비철금속,7696,3,비철금속
HSK-MTI 연계표,비철금속,7697,3,비철금속
HSK-MTI 연계표,비철금속,7698,3,비철금속
HSK-MTI 연계표,비철금속,7699,3,비철금속
HSK-MTI 연계표,비철금속,7700,3,비철금속
HSK-MTI 연계표,비철금속,7701,3,비철금속
HSK-MTI 연계표,비철금속,7702,3,비철금속
HSK-MTI 연계표,비철금속,7703,3,비철금속
HSK-MTI 연계표,비철금속,7704,3,비철금속
HSK-MTI 연계표,비철금속,7705,3,비철금속
HSK-MTI 연계표,비철금속,7706,3,비철금속
HSK-MTI 연계표,비철금속,7707,3,비철금속
HSK-MTI 연계표,비철금속,7708,3,비철금속
HSK-MTI 연계표,비철금속,7709,3,비철금속
HSK-MTI 연계표,비철금속,7710,3,비철금속
HSK-MTI 연계표,비철금속,7711,3,비철금속
HSK-MTI 연계표,비철금속,7712,3,비철금속
HSK-MTI 연계표,비철금속,7713,3,비철금속
HSK-MTI 연계표,비철금속,7714,3,비철금속
HSK-MTI 연계표,비철금속,7715,3,비철금속
HSK-MTI 연계표,비철금속,7716,3,비철금속
HSK-MTI 연계표,비철금속,7717,3,비철금속
HSK-MTI 연계표,비철금속,7718,3,비철금속
HSK-MTI 연계표,비철금속,7719,3,비철금속
HSK-MTI 연계표,비철금속,7720,3,비철금속
HSK-MTI 연계표,비철금속,7721,3,비철금속
HSK-MTI 연계표,비철금속,7722,3,비철금속
HSK-MTI 연계표,비철금속,7723,3,비철금속
HSK-MTI 연계표,비철금속,7724,3,비철금속
HSK-MTI 연계표,비철금속,7725,3,비철금속
HSK-MTI 연계표,전기기기,7726,3,전기기기
HSK-MTI 연계표,비철금속,7727,3,비철금속
HSK-MTI 연계표,비철금속,7728,3,비철금속
HSK-MTI 연계표,비철금속,7729,3,비철금속
HSK-MTI 연계표,비철금속,7730,3,비철금속
HSK-MTI 연계표,비철금속,7731,3,비철금속
HSK-MTI 연계표,비철금속,7732,3,비철금속
HSK-MTI 연계표,생활용품,7733,3,생활용품
HSK-MTI 연계표,생활용품,7734,3,생활용품
HSK-MTI 연계표,생활용품,7735,3,생활용품
HSK-MTI 연계표,생활용품,7736,3,생활용품
HSK-MTI 연계표,생활용품,7737,3,생활용품
HSK-MTI 연계표,생활용품,7738,3,생활용품
HSK-MTI 연계표,생활용품,7739,3,생활용품
HSK-MTI 연계표,생활용품,7740,3,생활용품
HSK-MTI 연계표,비철금속,7741,3,비철금속
HSK-MTI 연계표,비철금속,7742,3,비철금속
HSK-MTI 연계표,비철금속,7743,3,비철금속
HSK-MTI 연계표,일반기계,7744,3,일반기계
HSK-MTI 연계표,비철금속,7745,3,비철금속
HSK-MTI 연계표,비철금속,7746,3,비철금속
HSK-MTI 연계표,비철금속,7747,3,비철금속
HSK-MTI 연계표,비철금속,7748,3,비철금속
HSK-MTI 연계표,비철금속,7749,3,비철금속
HSK-MTI 연계표,비철금속,7750,3,비철금속
HSK-MTI 연계표,비철금속,7751,3,비철금속
HSK-MTI 연계표,비철금속,7752,3,비철금속
HSK-MTI 연계표,비철금속,7753,3,비철금속
HSK-MTI 연계표,비철금속,7754,3,비철금속
HSK-MTI 연계표,비철금속,7755,3,비철금속
HSK-MTI 연계표,비철금속,7756,3,비철금속
HSK-MTI 연계표,비철금속,7757,3,비철금속
HSK-MTI 연계표,비철금속,7758,3,비철금속
HSK-MTI 연계표,비철금속,7759,3,비철금속
HSK-MTI 연계표,비철금속,7760,3,비철금속
HSK-MTI 연계표,비철금속,7761,3,비철금속
HSK-MTI 연계표,비철금속,7762,3,비철금속
HSK-MTI 연계표,비철금속,7763,3,비철금속
HSK-MTI 연계표,비철금속,7764,3,비철금속
HSK-MTI 연계표,비철금속,7765,3,비철금속
HSK-MTI 연계표,비철금속,7766,3,비철금속
HSK-MTI 연계표,비철금속,7767,3,비철금속
HSK-MTI 연계표,비철금속,7768,3,비철금속
HSK-MTI 연계표,비철금속,7769,3,비철금속
HSK-MTI 연계표,비철금속,7770,3,비철금속
HSK-MTI 연계표,비철금속,7771,3,비철금속
HSK-MTI 연계표,비철금속,7772,3,비철금속
HSK-MTI 연계표,비철금속,7773,3,비철금속
HSK-MTI 연계표,비철금속,7774,3,비철금속
HSK-MTI 연계표,비철금속,7775,3,비철금속
HSK-MTI 연계표,비철금속,7776,3,비철금속
HSK-MTI 연계표,비철금속,7777,3,비철금속
HSK-MTI 연계표,비철금속,7778,3,비철금속
HSK-MTI 연계표,비철금속,7779,3,비철금속
HSK-MTI 연계표,비철금속,7780,3,비철금속
HSK-MTI 연계표,비철금속,7781,3,비철금속
HSK-MTI 연계표,비철금속,7782,3,비철금속
HSK-MTI 연계표,비철금속,7783,3,비철금속
HSK-MTI 연계표,비철금속,7784,3,비철금속
HSK-MTI 연계표,비철금속,7785,3,비철금속
HSK-MTI 연계표,비철금속,7786,3,비철금속
HSK-MTI 연계표,비철금속,7787,3,비철금속
HSK-MTI 연계표,비철금속,7788,3,비철금속
HSK-MTI 연계표,비철금속,7789,3,비철금속
HSK-MTI 연계표,비철금속,7790,3,비철금속
HSK-MTI 연계표,비철금속,7791,3,비철금속
HSK-MTI 연계표,비철금속,7792,3,비철금속
HSK-MTI 연계표,비철금속,7793,3,비철금속
HSK-MTI 연계표,비철금속,7794,3,비철금속
HSK-MTI 연계표,비철금속,7795,3,비철금속
HSK-MTI 연계표,비철금속,7796,3,비철금속
HSK-MTI 연계표,비철금속,7797,3,비철금속
HSK-MTI 연계표,비철금속,7798,3,비철금속
HSK-MTI 연계표,비철금속,7799,3,비철금속
HSK-MTI 연계표,비철금속,7800,3,비철금속
HSK-MTI 연계표,비철금속,7801,3,비철금속
HSK-MTI 연계표,비철금속,7802,3,비철금속
HSK-MTI 연계표,비철금속,7803,3,비철금속
HSK-MTI 연계표,비철금속,7804,3,비철금속
HSK-MTI 연계표,비철금속,7805,3,비철금속
HSK-MTI 연계표,비철금속,7806,3,비철금속
HSK-MTI 연계표,비철금속,7807,3,비철금속
HSK-MTI 연계표,비철금속,7808,3,비철금속
HSK-MTI 연계표,비철금속,7809,3,비철금속
HSK-MTI 연계표,비철금속,7810,3,비철금속
HSK-MTI 연계표,비철금속,7811,3,비철금속
HSK-MTI 연계표,비철금속,7812,3,비철금속
HSK-MTI 연계표,비철금속,7813,3,비철금속
HSK-MTI 연계표,비철금속,7814,3,비철금속
HSK-MTI 연계표,비철금속,7815,3,비철금속
HSK-MTI 연계표,비철금속,7816,3,비철금속
HSK-MTI 연계표,비철금속,7817,3,비철금속
HSK-MTI 연계표,비철금속,7818,3,비철금속
HSK-MTI 연계표,비철금속,7819,3,비철금속
HSK-MTI 연계표,비철금속,7820,3,비철금속
HSK-MTI 연계표,생활용품,7821,3,생활용품
HSK-MTI 연계표,생활용품,7822,3,생활용품
HSK-MTI 연계표,생활용품,7823,3,생활용품
HSK-MTI 연계표,생활용품,7824,3,생활용품
HSK-MTI 연계표,생활용품,7825,3,생활용품
HSK-MTI 연계표,생활용품,7826,3,생활용품
HSK-MTI 연계표,생활용품,7827,3,생활용품
HSK-MTI 연계표,비철금속,7828,3,비철금속
HSK-MTI 연계표,비철금속,7829,3,비철금속
HSK-MTI 연계표,비철금속,7830,3,비철금속
HSK-MTI 연계표,비철금속,7831,3,비철금속
HSK-MTI 연계표,비철금속,7832,3,비철금속
HSK-MTI 연계표,비철금속,7833,3,비철금속
HSK-MTI 연계표,비철금속,7834,3,비철금속
HSK-MTI 연계표,비철금속,7835,3,비철금속
HSK-MTI 연계표,비철금속,7836,3,비철금속
HSK-MTI 연계표,비철금속,7837,3,비철금속
HSK-MTI 연계표,비철금속,7838,3,비철금속
HSK-MTI 연계표,비철금속,7839,3,비철금속
HSK-MTI 연계표,비철금속,7840,3,비철금속
HSK-MTI 연계표,비철금속,7841,3,비철금속
HSK-MTI 연계표,비철금속,7842,3,비철금속
HSK-MTI 연계표,비철금속,7843,3,비철금속
HSK-MTI 연계표,비철금속,7844,3,비철금속
HSK-MTI 연계표,비철금속,7845,3,비철금속
HSK-MTI 연계표,비철금속,7846,3,비철금속
HSK-MTI 연계표,비철금속,7847,3,비철금속
HSK-MTI 연계표,비철금속,7848,3,비철금속
HSK-MTI 연계표,비철금속,7849,3,비철금속
HSK-MTI 연계표,비철금속,7850,3,비철금속
HSK-MTI 연계표,비철금속,7851,3,비철금속
HSK-MTI 연계표,비철금속,7852,3,비철금속
HSK-MTI 연계표,비철금속,7853,3,비철금속
HSK-MTI 연계표,비철금속,7854,3,비철금속
HSK-MTI 연계표,비철금속,7855,3,비철금속
HSK-MTI 연계표,비철금속,7856,3,비철금속
HSK-MTI 연계표,비철금속,7857,3,비철금속
HSK-MTI 연계표,비철금속,7858,3,비철금속
HSK-MTI 연계표,비철금속,7859,3,비철금속
HSK-MTI 연계표,비철금속,7860,3,비철금속
HSK-MTI 연계표,비철금속,7861,3,비철금속
HSK-MTI 연계표,비철금속,7862,3,비철금속
HSK-MTI 연계표,비철금속,7863,3,비철금속
HSK-MTI 연계표,비철금속,7864,3,비철금속
HSK-MTI 연계표,비철금속,7865,3,비철금속
HSK-MTI 연계표,비철금속,7866,3,비철금속
HSK-MTI 연계표,비철금속,7867,3,비철금속
HSK-MTI 연계표,비철금속,7868,3,비철금속
HSK-MTI 연계표,비철금속,7869,3,비철금속
HSK-MTI 연계표,비철금속,7870,3,비철금속
HSK-MTI 연계표,비철금속,7871,3,비철금속
HSK-MTI 연계표,비철금속,7872,3,비철금속
HSK-MTI 연계표,비철금속,7873,3,비철금속
HSK-MTI 연계표,비철금속,7874,3,비철금속
HSK-MTI 연계표,비철금속,7875,3,비철금속
HSK-MTI 연계표,비철금속,7876,3,비철금속
HSK-MTI 연계표,비철금속,7877,3,비철금속
HSK-MTI 연계표,비철금속,7878,3,비철금속
HSK-MTI 연계표,비철금속,7879,3,비철금속
HSK-MTI 연계표,비철금속,7880,3,비철금속
HSK-MTI 연계표,비철금속,7881,3,비철금속
HSK-MTI 연계표,비철금속,7882,3,비철금속
HSK-MTI 연계표,비철금속,7883,3,비철금속
HSK-MTI 연계표,비철금속,7884,3,비철금속
HSK-MTI 연계표,비철금속,7885,3,비철금속
HSK-MTI 연계표,비철금속,7886,3,비철금속
HSK-MTI 연계표,비철금속,7887,3,비철금속
HSK-MTI 연계표,비철금속,7888,3,비철금속
HSK-MTI 연계표,비철금속,7889,3,비철금속
HSK-MTI 연계표,비철금속,7890,3,비철금속
HSK-MTI 연계표,비철금속,7891,3,비철금속
HSK-MTI 연계표,비철금속,7892,3,비철금속
HSK-MTI 연계표,비철금속,7893,3,비철금속
HSK-MTI 연계표,비철금속,7894,3,비철금속
HSK-MTI 연계표,비철금속,7895,3,비철금속
HSK-MTI 연계표,비철금속,7896,3,비철금속
HSK-MTI 연계표,비철금속,7897,3,비철금속
HSK-MTI 연계표,비철금속,7898,3,비철금속
HSK-MTI 연계표,비철금속,7899,3,비철금속
HSK-MTI 연계표,비철금속,7900,3,비철금속
HSK-MTI 연계표,비철금속,7901,3,비철금속
HSK-MTI 연계표,비철금속,7902,3,비철금속
HSK-MTI 연계표,비철금속,7903,3,비철금속
HSK-MTI 연계표,비철금속,7904,3,비철금속
HSK-MTI 연계표,비철금속,7905,3,비철금속
HSK-MTI 연계표,비철금속,7906,3,비철금속
HSK-MTI 연계표,비철금속,7907,3,비철금속
HSK-MTI 연계표,비철금속,7908,3,비철금속
HSK-MTI 연계표,비철금속,7909,3,비철금속
HSK-MTI 연계표,비철금속,7910,3,비철금속
HSK-MTI 연계표,비철금속,7911,3,비철금속
HSK-MTI 연계표,비철금속,7912,3,비철금속
HSK-MTI 연계표,비철금속,7913,3,비철금속
HSK-MTI 연계표,비철금속,7914,3,비철금속
HSK-MTI 연계표,비철금속,7915,3,비철금속
HSK-MTI 연계표,비철금속,7916,3,비철금속
HSK-MTI 연계표,비철금속,7917,3,비철금속
HSK-MTI 연계표,비철금속,7918,3,비철금속
HSK-MTI 연계표,비철금속,7919,3,비철금속
HSK-MTI 연계표,비철금속,7920,3,비철금속
HSK-MTI 연계표,비철금속,7921,3,비철금속
HSK-MTI 연계표,비철금속,7922,3,비철금속
HSK-MTI 연계표,비철금속,7923,3,비철금속
HSK-MTI 연계표,비철금속,7924,3,비철금속
HSK-MTI 연계표,비철금속,7925,3,비철금속
HSK-MTI 연계표,비철금속,7926,3,비철금속
HSK-MTI 연계표,비철금속,7927,3,비철금속
HSK-MTI 연계표,비철금속,7928,3,비철금속
HSK-MTI 연계표,비철금속,7929,3,비철금속
HSK-MTI 연계표,비철금속,7930,3,비철금속
HSK-MTI 연계표,비철금속,7931,3,비철금속
HSK-MTI 연계표,비철금속,7932,3,비철금속
HSK-MTI 연계표,비철금속,7933,3,비철금속
HSK-MTI 연계표,비철금속,7934,3,비철금속
HSK-MTI 연계표,비철금속,7935,3,비철금속
HSK-MTI 연계표,비철금속,7936,3,비철금속
HSK-MTI 연계표,비철금속,7937,3,비철금속
HSK-MTI 연계표,비철금속,7938,3,비철금속
HSK-MTI 연계표,비철금속,7939,3,비철금속
HSK-MTI 연계표,비철금속,7940,3,비철금속
HSK-MTI 연계표,비철금속,7941,3,비철금속
HSK-MTI 연계표,비철금속,7942,3,비철금속
HSK-MTI 연계표,비철금속,7943,3,비철금속
HSK-MTI 연계표,비철금속,7944,3,비철금속
HSK-MTI 연계표,비철금속,7945,3,비철금속
HSK-MTI 연계표,비철금속,7946,3,비철금속
HSK-MTI 연계표,비철금속,7947,3,비철금속
HSK-MTI 연계표,비철금속,7948,3,비철금속
HSK-MTI 연계표,비철금속,7949,3,비철금속
HSK-MTI 연계표,비철금속,7950,3,비철금속
HSK-MTI 연계표,비철금속,7951,3,비철금속
HSK-MTI 연계표,비철금속,7952,3,비철금속
HSK-MTI 연계표,비철금속,7953,3,비철금속
HSK-MTI 연계표,비철금속,7954,3,비철금속
HSK-MTI 연계표,비철금속,7955,3,비철금속
HSK-MTI 연계표,비철금속,7956,3,비철금속
HSK-MTI 연계표,비철금속,7957,3,비철금속
HSK-MTI 연계표,비철금속,7958,3,비철금속
HSK-MTI 연계표,비철금속,7959,3,비철금속
HSK-MTI 연계표,비철금속,7960,3,비철금속
HSK-MTI 연계표,비철금속,7961,3,비철금속
HSK-MTI 연계표,비철금속,7962,3,비철금속
HSK-MTI 연계표,비철금속,7963,3,비철금속
HSK-MTI 연계표,비철금속,7964,3,비철금속
HSK-MTI 연계표,비철금속,7965,3,비철금속
HSK-MTI 연계표,비철금속,7966,3,비철금속
HSK-MTI 연계표,비철금속,7967,3,비철금속
HSK-MTI 연계표,비철금속,7968,3,비철금속
HSK-MTI 연계표,비철금속,7969,3,비철금속
HSK-MTI 연계표,비철금속,7970,3,비철금속
HSK-MTI 연계표,비철금속,7971,3,비철금속
HSK-MTI 연계표,비철금속,7972,3,비철금속
HSK-MTI 연계표,비철금속,7973,3,비철금속
HSK-MTI 연계표,비철금속,7974,3,비철금속
HSK-MTI 연계표,비철금속,7975,3,비철금속
HSK-MTI 연계표,비철금속,7976,3,비철금속
HSK-MTI 연계표,비철금속,7977,3,비철금속
HSK-MTI 연계표,일반기계,7978,3,일반기계
HSK-MTI 연계표,일반기계,7979,3,일반기계
HSK-MTI 연계표,일반기계,7980,3,일반기계
HSK-MTI 연계표,일반기계,7981,3,일반기계
HSK-MTI 연계표,일반기계,7982,3,일반기계
HSK-MTI 연계표,일반기계,7983,3,일반기계
HSK-MTI 연계표,일반기계,7984,3,일반기계
HSK-MTI 연계표,일반기계,7985,3,일반기계
HSK-MTI 연계표,일반기계,7986,3,일반기계
HSK-MTI 연계표,일반기계,7987,3,일반기계
HSK-MTI 연계표,일반기계,7988,3,일반기계
HSK-MTI 연계표,일반기계,7989,3,일반기계
HSK-MTI 연계표,일반기계,7990,3,일반기계
HSK-MTI 연계표,일반기계,7991,3,일반기계
HSK-MTI 연계표,일반기계,7992,3,일반기계
HSK-MTI 연계표,일반기계,7993,3,일반기계
HSK-MTI 연계표,일반기계,7994,3,일반기계
HSK-MTI 연계표,일반기계,7995,3,일반기계
HSK-MTI 연계표,일반기계,7996,3,일반기계
HSK-MTI 연계표,일반기계,7997,3,일반기계
HSK-MTI 연계표,일반기계,7998,3,일반기계
HSK-MTI 연계표,일반기계,7999,3,일반기계
HSK-MTI 연계표,일반기계,8000,3,일반기계
HSK-MTI 연계표,일반기계,8001,3,일반기계
HSK-MTI 연계표,일반기계,8002,3,일반기계
HSK-MTI 연계표,일반기계,8003,3,일반기계
HSK-MTI 연계표,일반기계,8004,3,일반기계
HSK-MTI 연계표,일반기계,8005,3,일반기계
HSK-MTI 연계표,일반기계,8006,3,일반기계
HSK-MTI 연계표,일반기계,8007,3,일반기계
HSK-MTI 연계표,일반기계,8008,3,일반기계
HSK-MTI 연계표,일반기계,8009,3,일반기계
HSK-MTI 연계표,일반기계,8010,3,일반기계
HSK-MTI 연계표,일반기계,8011,3,일반기계
HSK-MTI 연계표,일반기계,8012,3,일반기계
HSK-MTI 연계표,일반기계,8013,3,일반기계
HSK-MTI 연계표,일반기계,8014,3,일반기계
HSK-MTI 연계표,일반기계,8015,3,일반기계
HSK-MTI 연계표,일반기계,8016,3,일반기계
HSK-MTI 연계표,일반기계,8017,3,일반기계
HSK-MTI 연계표,일반기계,8018,3,일반기계
HSK-MTI 연계표,일반기계,8019,3,일반기계
HSK-MTI 연계표,일반기계,8020,3,일반기계
HSK-MTI 연계표,일반기계,8021,3,일반기계
HSK-MTI 연계표,일반기계,8022,3,일반기계
HSK-MTI 연계표,일반기계,8023,3,일반기계
HSK-MTI 연계표,일반기계,8024,3,일반기계
HSK-MTI 연계표,일반기계,8025,3,일반기계
HSK-MTI 연계표,일반기계,8026,3,일반기계
HSK-MTI 연계표,일반기계,8027,3,일반기계
HSK-MTI 연계표,일반기계,8028,3,일반기계
HSK-MTI 연계표,일반기계,8029,3,일반기계
HSK-MTI 연계표,일반기계,8030,3,일반기계
HSK-MTI 연계표,일반기계,8031,3,일반기계
HSK-MTI 연계표,일반기계,8032,3,일반기계
HSK-MTI 연계표,일반기계,8033,3,일반기계
HSK-MTI 연계표,일반기계,8034,3,일반기계
HSK-MTI 연계표,일반기계,8035,3,일반기계
HSK-MTI 연계표,일반기계,8036,3,일반기계
HSK-MTI 연계표,일반기계,8037,3,일반기계
HSK-MTI 연계표,일반기계,8038,3,일반기계
HSK-MTI 연계표,일반기계,8039,3,일반기계
HSK-MTI 연계표,일반기계,8040,3,일반기계
HSK-MTI 연계표,일반기계,8041,3,일반기계
HSK-MTI 연계표,일반기계,8042,3,일반기계
HSK-MTI 연계표,일반기계,8043,3,일반기계
HSK-MTI 연계표,일반기계,8044,3,일반기계
HSK-MTI 연계표,일반기계,8045,3,일반기계
HSK-MTI 연계표,일반기계,8046,3,일반기계
HSK-MTI 연계표,일반기계,8047,3,일반기계
HSK-MTI 연계표,일반기계,8048,3,일반기계
HSK-MTI 연계표,일반기계,8049,3,일반기계
HSK-MTI 연계표,일반기계,8050,3,일반기계
HSK-MTI 연계표,일반기계,8051,3,일반기계
HSK-MTI 연계표,일반기계,8052,3,일반기계
HSK-MTI 연계표,일반기계,8053,3,일반기계
HSK-MTI 연계표,일반기계,8054,3,일반기계
HSK-MTI 연계표,일반기계,8055,3,일반기계
HSK-MTI 연계표,일반기계,8056,3,일반기계
HSK-MTI 연계표,일반기계,8057,3,일반기계
HSK-MTI 연계표,일반기계,8058,3,일반기계
HSK-MTI 연계표,일반기계,8059,3,일반기계
HSK-MTI 연계표,일반기계,8060,3,일반기계
HSK-MTI 연계표,일반기계,8061,3,일반기계
HSK-MTI 연계표,일반기계,8062,3,일반기계
HSK-MTI 연계표,일반기계,8063,3,일반기계
HSK-MTI 연계표,일반기계,8064,3,일반기계
HSK-MTI 연계표,일반기계,8065,3,일반기계
HSK-MTI 연계표,일반기계,8066,3,일반기계
HSK-MTI 연계표,일반기계,8067,3,일반기계
HSK-MTI 연계표,비철금속,8068,3,비철금속
HSK-MTI 연계표,생활용품,8069,3,생활용품
HSK-MTI 연계표,생활용품,8074,3,생활용품
HSK-MTI 연계표,생활용품,8075,3,생활용품
HSK-MTI 연계표,생활용품,8076,3,생활용품
HSK-MTI 연계표,일반기계,8077,3,일반기계
HSK-MTI 연계표,일반기계,8078,3,일반기계
HSK-MTI 연계표,일반기계,8079,3,일반기계
HSK-MTI 연계표,일반기계,8080,3,일반기계
HSK-MTI 연계표,생활용품,8081,3,생활용품
HSK-MTI 연계표,일반기계,8082,3,일반기계
HSK-MTI 연계표,생활용품,8083,3,생활용품
HSK-MTI 연계표,생활용품,8084,3,생활용품
HSK-MTI 연계표,생활용품,8085,3,생활용품
HSK-MTI 연계표,생활용품,8088,3,생활용품
HSK-MTI 연계표,생활용품,8089,3,생활용품
HSK-MTI 연계표,생활용품,8090,3,생활용품
HSK-MTI 연계표,생활용품,8091,3,생활용품
HSK-MTI 연계표,생활용품,8092,3,생활용품
HSK-MTI 연계표,생활용품,8093,3,생활용품
HSK-MTI 연계표,생활용품,8094,3,생활용품
HSK-MTI 연계표,생활용품,8095,3,생활용품
HSK-MTI 연계표,생활용품,8111,3,생활용품
HSK-MTI 연계표,생활용품,8112,3,생활용품
HSK-MTI 연계표,생활용품,8113,3,생활용품
HSK-MTI 연계표,일반기계,8114,3,일반기계
HSK-MTI 연계표,생활용품,8117,3,생활용품
HSK-MTI 연계표,생활용품,8118,3,생활용품
HSK-MTI 연계표,생활용품,8119,3,생활용품
HSK-MTI 연계표,생활용품,8120,3,생활용품
HSK-MTI 연계표,생활용품,8121,3,생활용품
HSK-MTI 연계표,생활용품,8122,3,생활용품
HSK-MTI 연계표,생활용품,8123,3,생활용품
HSK-MTI 연계표,생활용품,8124,3,생활용품
HSK-MTI 연계표,생활용품,8125,3,생활용품
HSK-MTI 연계표,전기기기,8147,3,전기기기
HSK-MTI 연계표,전기기기,8148,3,전기기기
HSK-MTI 연계표,전기기기,8150,3,전기기기
HSK-MTI 연계표,일반기계,8151,3,일반기계
HSK-MTI 연계표,일반기계,8152,3,일반기계
HSK-MTI 연계표,일반기계,8153,3,일반기계
HSK-MTI 연계표,일반기계,8154,3,일반기계
HSK-MTI 연계표,일반기계,8155,3,일반기계
HSK-MTI 연계표,일반기계,8156,3,일반기계
HSK-MTI 연계표,일반기계,8157,3,일반기계
HSK-MTI 연계표,일반기계,8158,3,일반기계
HSK-MTI 연계표,일반기계,8159,3,일반기계
HSK-MTI 연계표,일반기계,8160,3,일반기계
HSK-MTI 연계표,일반기계,8161,3,일반기계
HSK-MTI 연계표,일반기계,8162,3,일반기계
HSK-MTI 연계표,일반기계,8163,3,일반기계
HSK-MTI 연계표,일반기계,8164,3,일반기계
HSK-MTI 연계표,일반기계,8165,3,일반기계
HSK-MTI 연계표,일반기계,8166,3,일반기계
HSK-MTI 연계표,일반기계,8167,3,일반기계
HSK-MTI 연계표,일반기계,8168,3,일반기계
HSK-MTI 연계표,일반기계,8169,3,일반기계
HSK-MTI 연계표,일반기계,8170,3,일반기계
HSK-MTI 연계표,일반기계,8171,3,일반기계
HSK-MTI 연계표,일반기계,8172,3,일반기계
HSK-MTI 연계표,일반기계,8173,3,일반기계
HSK-MTI 연계표,일반기계,8174,3,일반기계
HSK-MTI 연계표,일반기계,8175,3,일반기계
HSK-MTI 연계표,일반기계,8176,3,일반기계
HSK-MTI 연계표,일반기계,8177,3,일반기계
HSK-MTI 연계표,일반기계,8178,3,일반기계
HSK-MTI 연계표,선박,8179,3,선박류
HSK-MTI 연계표,일반기계,8180,3,일반기계
HSK-MTI 연계표,일반기계,8181,3,일반기계
HSK-MTI 연계표,일반기계,8182,3,일반기계
HSK-MTI 연계표,일반기계,8183,3,일반기계
HSK-MTI 연계표,선박,8184,3,선박류
HSK-MTI 연계표,일반기계,8185,3,일반기계
HSK-MTI 연계표,선박,8187,3,선박류
HSK-MTI 연계표,일반기계,8188,3,일반기계
HSK-MTI 연계표,일반기계,8189,3,일반기계
HSK-MTI 연계표,일반기계,8190,3,일반기계
HSK-MTI 연계표,일반기계,8191,3,일반기계
HSK-MTI 연계표,일반기계,8192,3,일반기계
HSK-MTI 연계표,일반기계,8193,3,일반기계
HSK-MTI 연계표,일반기계,8194,3,일반기계
HSK-MTI 연계표,일반기계,8195,3,일반기계
HSK-MTI 연계표,일반기계,8196,3,일반기계
HSK-MTI 연계표,일반기계,8198,3,일반기계
HSK-MTI 연계표,선박,8199,3,선박류
HSK-MTI 연계표,선박,8200,3,선박류
HSK-MTI 연계표,선박,8201,3,선박류
HSK-MTI 연계표,일반기계,8202,3,일반기계
HSK-MTI 연계표,일반기계,8203,3,일반기계
HSK-MTI 연계표,일반기계,8204,3,일반기계
HSK-MTI 연계표,일반기계,8205,3,일반기계
HSK-MTI 연계표,일반기계,8206,3,일반기계
HSK-MTI 연계표,선박,8209,3,선박류
HSK-MTI 연계표,일반기계,8210,3,일반기계
HSK-MTI 연계표,일반기계,8211,3,일반기계
HSK-MTI 연계표,일반기계,8212,3,일반기계
HSK-MTI 연계표,일반기계,8213,3,일반기계
HSK-MTI 연계표,자동차,8215,3,자동차부품
HSK-MTI 연계표,자동차부품,8215,3,자동차부품
HSK-MTI 연계표,선박,8216,3,선박류
HSK-MTI 연계표,일반기계,8217,3,일반기계
HSK-MTI 연계표,일반기계,8218,3,일반기계
HSK-MTI 연계표,일반기계,8219,3,일반기계
HSK-MTI 연계표,일반기계,8220,3,일반기계
HSK-MTI 연계표,자동차,8222,3,자동차부품
HSK-MTI 연계표,자동차부품,8222,3,자동차부품
HSK-MTI 연계표,선박,8223,3,선박류
HSK-MTI 연계표,선박,8224,3,선박류
HSK-MTI 연계표,선박,8225,3,선박류
HSK-MTI 연계표,일반기계,8226,3,일반기계
HSK-MTI 연계표,일반기계,8227,3,일반기계
HSK-MTI 연계표,일반기계,8228,3,일반기계
HSK-MTI 연계표,일반기계,8229,3,일반기계
HSK-MTI 연계표,일반기계,8230,3,일반기계
HSK-MTI 연계표,일반기계,8231,3,일반기계
HSK-MTI 연계표,일반기계,8232,3,일반기계
HSK-MTI 연계표,일반기계,8233,3,일반기계
HSK-MTI 연계표,일반기계,8234,3,일반기계
HSK-MTI 연계표,선박,8236,3,선박류
HSK-MTI 연계표,일반기계,8237,3,일반기계
HSK-MTI 연계표,선박,8239,3,선박류
HSK-MTI 연계표,일반기계,8240,3,일반기계
HSK-MTI 연계표,선박,8242,3,선박류
HSK-MTI 연계표,일반기계,8243,3,일반기계
HSK-MTI 연계표,선박,8245,3,선박류
HSK-MTI 연계표,일반기계,8246,3,일반기계
HSK-MTI 연계표,선박,8248,3,선박류
HSK-MTI 연계표,일반기계,8249,3,일반기계
HSK-MTI 연계표,선박,8251,3,선박류
HSK-MTI 연계표,일반기계,8252,3,일반기계
HSK-MTI 연계표,일반기계,8254,3,일반기계
HSK-MTI 연계표,일반기계,8256,3,일반기계
HSK-MTI 연계표,일반기계,8257,3,일반기계
HSK-MTI 연계표,일반기계,8258,3,일반기계
HSK-MTI 연계표,일반기계,8259,3,일반기계
HSK-MTI 연계표,일반기계,8260,3,일반기계
HSK-MTI 연계표,일반기계,8261,3,일반기계
HSK-MTI 연계표,일반기계,8262,3,일반기계
HSK-MTI 연계표,일반기계,8263,3,일반기계
HSK-MTI 연계표,일반기계,8264,3,일반기계
HSK-MTI 연계표,일반기계,8265,3,일반기계
HSK-MTI 연계표,일반기계,8266,3,일반기계
HSK-MTI 연계표,일반기계,8267,3,일반기계
HSK-MTI 연계표,일반기계,8268,3,일반기계
HSK-MTI 연계표,일반기계,8269,3,일반기계
HSK-MTI 연계표,일반기계,8270,3,일반기계
HSK-MTI 연계표,일반기계,8271,3,일반기계
HSK-MTI 연계표,선박,8274,3,선박류
HSK-MTI 연계표,자동차,8275,3,자동차부품
HSK-MTI 연계표,자동차부품,8275,3,자동차부품
HSK-MTI 연계표,일반기계,8276,3,일반기계
HSK-MTI 연계표,일반기계,8277,3,일반기계
HSK-MTI 연계표,일반기계,8278,3,일반기계
HSK-MTI 연계표,일반기계,8279,3,일반기계
HSK-MTI 연계표,일반기계,8280,3,일반기계
HSK-MTI 연계표,일반기계,8281,3,일반기계
HSK-MTI 연계표,일반기계,8282,3,일반기계
HSK-MTI 연계표,일반기계,8283,3,일반기계
HSK-MTI 연계표,일반기계,8284,3,일반기계
HSK-MTI 연계표,일반기계,8285,3,일반기계
HSK-MTI 연계표,일반기계,8286,3,일반기계
HSK-MTI 연계표,일반기계,8287,3,일반기계
HSK-MTI 연계표,일반기계,8288,3,일반기계
HSK-MTI 연계표,일반기계,8289,3,일반기계
HSK-MTI 연계표,일반기계,8290,3,일반기계
HSK-MTI 연계표,일반기계,8291,3,일반기계
HSK-MTI 연계표,일반기계,8292,3,일반기계
HSK-MTI 연계표,일반기계,8293,3,일반기계
HSK-MTI 연계표,일반기계,8294,3,일반기계
HSK-MTI 연계표,일반기계,8295,3,일반기계
HSK-MTI 연계표,일반기계,8296,3,일반기계
HSK-MTI 연계표,일반기계,8297,3,일반기계
HSK-MTI 연계표,일반기계,8298,3,일반기계
HSK-MTI 연계표,일반기계,8299,3,일반기계
HSK-MTI 연계표,일반기계,8300,3,일반기계
HSK-MTI 연계표,일반기계,8301,3,일반기계
HSK-MTI 연계표,일반기계,8302,3,일반기계
HSK-MTI 연계표,일반기계,8305,3,일반기계
HSK-MTI 연계표,일반기계,8306,3,일반기계
HSK-MTI 연계표,일반기계,8307,3,일반기계
HSK-MTI 연계표,일반기계,8308,3,일반기계
HSK-MTI 연계표,일반기계,8309,3,일반기계
HSK-MTI 연계표,일반기계,8310,3,일반기계
HSK-MTI 연계표,가전,8312,3,가전
HSK-MTI 연계표,컴퓨터,8314,3,컴퓨터
HSK-MTI 연계표,일반기계,8315,3,일반기계
HSK-MTI 연계표,가전,8317,3,가전
HSK-MTI 연계표,일반기계,8318,3,일반기계
HSK-MTI 연계표,일반기계,8319,3,일반기계
HSK-MTI 연계표,일반기계,8321,3,일반기계
HSK-MTI 연계표,일반기계,8322,3,일반기계
HSK-MTI 연계표,일반기계,8323,3,일반기계
HSK-MTI 연계표,일반기계,8324,3,일반기계
HSK-MTI 연계표,일반기계,8325,3,일반기계
HSK-MTI 연계표,일반기계,8326,3,일반기계
HSK-MTI 연계표,일반기계,8327,3,일반기계
HSK-MTI 연계표,일반기계,8328,3,일반기계
HSK-MTI 연계표,일반기계,8329,3,일반기계
HSK-MTI 연계표,일반기계,8330,3,일반기계
HSK-MTI 연계표,일반기계,8331,3,일반기계
HSK-MTI 연계표,일반기계,8332,3,일반기계
HSK-MTI 연계표,가전,8333,3,가전
HSK-MTI 연계표,일반기계,8334,3,일반기계
HSK-MTI 연계표,일반기계,8335,3,일반기계
HSK-MTI 연계표,일반기계,8336,3,일반기계
HSK-MTI 연계표,일반기계,8337,3,일반기계
HSK-MTI 연계표,일반기계,8338,3,일반기계
HSK-MTI 연계표,일반기계,8339,3,일반기계
HSK-MTI 연계표,일반기계,8340,3,일반기계
HSK-MTI 연계표,일반기계,8341,3,일반기계
HSK-MTI 연계표,일반기계,8342,3,일반기계
HSK-MTI 연계표,일반기계,8343,3,일반기계
HSK-MTI 연계표,일반기계,8344,3,일반기계
HSK-MTI 연계표,일반기계,8345,3,일반기계
HSK-MTI 연계표,일반기계,8346,3,일반기계
HSK-MTI 연계표,일반기계,8347,3,일반기계
HSK-MTI 연계표,일반기계,8348,3,일반기계
HSK-MTI 연계표,일반기계,8349,3,일반기계
HSK-MTI 연계표,일반기계,8350,3,일반기계
HSK-MTI 연계표,일반기계,8351,3,일반기계
HSK-MTI 연계표,일반기계,8352,3,일반기계
HSK-MTI 연계표,일반기계,8353,3,일반기계
HSK-MTI 연계표,일반기계,8354,3,일반기계
HSK-MTI 연계표,일반기계,8355,3,일반기계
HSK-MTI 연계표,일반기계,8356,3,일반기계
HSK-MTI 연계표,일반기계,8357,3,일반기계
HSK-MTI 연계표,일반기계,8358,3,일반기계
HSK-MTI 연계표,일반기계,8359,3,일반기계
HSK-MTI 연계표,일반기계,8360,3,일반기계
HSK-MTI 연계표,일반기계,8361,3,일반기계
HSK-MTI 연계표,일반기계,8362,3,일반기계
HSK-MTI 연계표,가전,8363,3,가전
HSK-MTI 연계표,가전,8364,3,가전
HSK-MTI 연계표,가전,8365,3,가전
HSK-MTI 연계표,가전,8366,3,가전
HSK-MTI 연계표,가전,8367,3,가전
HSK-MTI 연계표,가전,8368,3,가전
HSK-MTI 연계표,가전,8369,3,가전
HSK-MTI 연계표,가전,8370,3,가전
HSK-MTI 연계표,가전,8371,3,가전
HSK-MTI 연계표,일반기계,8372,3,일반기계
HSK-MTI 연계표,일반기계,8373,3,일반기계
HSK-MTI 연계표,일반기계,8374,3,일반기계
HSK-MTI 연계표,일반기계,8375,3,일반기계
HSK-MTI 연계표,일반기계,8376,3,일반기계
HSK-MTI 연계표,바이오,8377,3,바이오헬스
HSK-MTI 연계표,일반기계,8378,3,일반기계
HSK-MTI 연계표,일반기계,8379,3,일반기계
HSK-MTI 연계표,일반기계,8380,3,일반기계
HSK-MTI 연계표,일반기계,8381,3,일반기계
HSK-MTI 연계표,일반기계,8382,3,일반기계
HSK-MTI 연계표,일반기계,8383,3,일반기계
HSK-MTI 연계표,가전,8384,3,가전
HSK-MTI 연계표,일반기계,8385,3,일반기계
HSK-MTI 연계표,일반기계,8386,3,일반기계
HSK-MTI 연계표,일반기계,8387,3,일반기계
HSK-MTI 연계표,일반기계,8388,3,일반기계
HSK-MTI 연계표,바이오,8389,3,바이오헬스
HSK-MTI 연계표,일반기계,8390,3,일반기계
HSK-MTI 연계표,일반기계,8391,3,일반기계
HSK-MTI 연계표,일반기계,8392,3,일반기계
HSK-MTI 연계표,일반기계,8393,3,일반기계
HSK-MTI 연계표,일반기계,8394,3,일반기계
HSK-MTI 연계표,일반기계,8396,3,일반기계
HSK-MTI 연계표,일반기계,8397,3,일반기계
HSK-MTI 연계표,일반기계,8398,3,일반기계
HSK-MTI 연계표,일반기계,8399,3,일반기계
HSK-MTI 연계표,일반기계,8400,3,일반기계
HSK-MTI 연계표,일반기계,8401,3,일반기계
HSK-MTI 연계표,일반기계,8402,3,일반기계
HSK-MTI 연계표,일반기계,8403,3,일반기계
HSK-MTI 연계표,일반기계,8404,3,일반기계
HSK-MTI 연계표,일반기계,8405,3,일반기계
HSK-MTI 연계표,일반기계,8406,3,일반기계
HSK-MTI 연계표,일반기계,8407,3,일반기계
HSK-MTI 연계표,일반기계,8408,3,일반기계
HSK-MTI 연계표,일반기계,8409,3,일반기계
HSK-MTI 연계표,일반기계,8410,3,일반기계
HSK-MTI 연계표,일반기계,8411,3,일반기계
HSK-MTI 연계표,일반기계,8412,3,일반기계
HSK-MTI 연계표,일반기계,8413,3,일반기계
HSK-MTI 연계표,일반기계,8414,3,일반기계
HSK-MTI 연계표,일반기계,8415,3,일반기계
HSK-MTI 연계표,일반기계,8416,3,일반기계
HSK-MTI 연계표,일반기계,8417,3,일반기계
HSK-MTI 연계표,일반기계,8418,3,일반기계
HSK-MTI 연계표,일반기계,8419,3,일반기계
HSK-MTI 연계표,일반기계,8420,3,일반기계
HSK-MTI 연계표,일반기계,8421,3,일반기계
HSK-MTI 연계표,일반기계,8422,3,일반기계
HSK-MTI 연계표,일반기계,8423,3,일반기계
HSK-MTI 연계표,일반기계,8424,3,일반기계
HSK-MTI 연계표,일반기계,8425,3,일반기계
HSK-MTI 연계표,일반기계,8426,3,일반기계
HSK-MTI 연계표,일반기계,8427,3,일반기계
HSK-MTI 연계표,일반기계,8428,3,일반기계
HSK-MTI 연계표,일반기계,8429,3,일반기계
HSK-MTI 연계표,일반기계,8430,3,일반기계
HSK-MTI 연계표,일반기계,8431,3,일반기계
HSK-MTI 연계표,일반기계,8433,3,일반기계
HSK-MTI 연계표,일반기계,8434,3,일반기계
HSK-MTI 연계표,자동차,8435,3,자동차부품
HSK-MTI 연계표,자동차부품,8435,3,자동차부품
HSK-MTI 연계표,일반기계,8437,3,일반기계
HSK-MTI 연계표,일반기계,8438,3,일반기계
HSK-MTI 연계표,일반기계,8439,3,일반기계
HSK-MTI 연계표,일반기계,8440,3,일반기계
HSK-MTI 연계표,일반기계,8444,3,일반기계
HSK-MTI 연계표,일반기계,8445,3,일반기계
HSK-MTI 연계표,자동차,8446,3,자동차부품
HSK-MTI 연계표,자동차부품,8446,3,자동차부품
HSK-MTI 연계표,일반기계,8448,3,일반기계
HSK-MTI 연계표,일반기계,8449,3,일반기계
HSK-MTI 연계표,일반기계,8450,3,일반기계
HSK-MTI 연계표,일반기계,8451,3,일반기계
HSK-MTI 연계표,일반기계,8452,3,일반기계
HSK-MTI 연계표,일반기계,8453,3,일반기계
HSK-MTI 연계표,일반기계,8457,3,일반기계
HSK-MTI 연계표,일반기계,8458,3,일반기계
HSK-MTI 연계표,일반기계,8459,3,일반기계
HSK-MTI 연계표,일반기계,8460,3,일반기계
HSK-MTI 연계표,일반기계,8461,3,일반기계
HSK-MTI 연계표,일반기계,8462,3,일반기계
HSK-MTI 연계표,가전,8463,3,가전
HSK-MTI 연계표,가전,8464,3,가전
HSK-MTI 연계표,일반기계,8467,3,일반기계
HSK-MTI 연계표,일반기계,8468,3,일반기계
HSK-MTI 연계표,생활용품,8469,3,생활용품
HSK-MTI 연계표,일반기계,8470,3,일반기계
HSK-MTI 연계표,일반기계,8471,3,일반기계
HSK-MTI 연계표,일반기계,8472,3,일반기계
HSK-MTI 연계표,일반기계,8473,3,일반기계
HSK-MTI 연계표,일반기계,8474,3,일반기계
HSK-MTI 연계표,일반기계,8475,3,일반기계
HSK-MTI 연계표,일반기계,8476,3,일반기계
HSK-MTI 연계표,일반기계,8477,3,일반기계
HSK-MTI 연계표,일반기계,8478,3,일반기계
HSK-MTI 연계표,일반기계,8479,3,일반기계
HSK-MTI 연계표,일반기계,8480,3,일반기계
HSK-MTI 연계표,일반기계,8481,3,일반기계
HSK-MTI 연계표,가전,8482,3,가전
HSK-MTI 연계표,일반기계,8483,3,일반기계
HSK-MTI 연계표,일반기계,8484,3,일반기계
HSK-MTI 연계표,일반기계,8505,3,일반기계
HSK-MTI 연계표,일반기계,8506,3,일반기계
HSK-MTI 연계표,일반기계,8507,3,일반기계
HSK-MTI 연계표,일반기계,8508,3,일반기계
HSK-MTI 연계표,일반기계,8509,3,일반기계
HSK-MTI 연계표,일반기계,8510,3,일반기계
HSK-MTI 연계표,일반기계,8511,3,일반기계
HSK-MTI 연계표,일반기계,8512,3,일반기계
HSK-MTI 연계표,일반기계,8513,3,일반기계
HSK-MTI 연계표,일반기계,8514,3,일반기계
HSK-MTI 연계표,일반기계,8515,3,일반기계
HSK-MTI 연계표,일반기계,8516,3,일반기계
HSK-MTI 연계표,일반기계,8518,3,일반기계
HSK-MTI 연계표,일반기계,8519,3,일반기계
HSK-MTI 연계표,일반기계,8520,3,일반기계
HSK-MTI 연계표,일반기계,8521,3,일반기계
HSK-MTI 연계표,일반기계,8522,3,일반기계
HSK-MTI 연계표,일반기계,8524,3,일반기계
HSK-MTI 연계표,일반기계,8525,3,일반기계
HSK-MTI 연계표,일반기계,8526,3,일반기계
HSK-MTI 연계표,일반기계,8527,3,일반기계
HSK-MTI 연계표,일반기계,8528,3,일반기계
HSK-MTI 연계표,일반기계,8529,3,일반기계
HSK-MTI 연계표,일반기계,8530,3,일반기계
HSK-MTI 연계표,일반기계,8531,3,일반기계
HSK-MTI 연계표,일반기계,8532,3,일반기계
HSK-MTI 연계표,일반기계,8533,3,일반기계
HSK-MTI 연계표,일반기계,8534,3,일반기계
HSK-MTI 연계표,일반기계,8535,3,일반기계
HSK-MTI 연계표,일반기계,8536,3,일반기계
HSK-MTI 연계표,일반기계,8537,3,일반기계
HSK-MTI 연계표,일반기계,8538,3,일반기계
HSK-MTI 연계표,일반기계,8539,3,일반기계
HSK-MTI 연계표,일반기계,8540,3,일반기계
HSK-MTI 연계표,일반기계,8541,3,일반기계
HSK-MTI 연계표,일반기계,8542,3,일반기계
HSK-MTI 연계표,일반기계,8543,3,일반기계
HSK-MTI 연계표,일반기계,8544,3,일반기계
HSK-MTI 연계표,일반기계,8545,3,일반기계
HSK-MTI 연계표,일반기계,8546,3,일반기계
HSK-MTI 연계표,일반기계,8547,3,일반기계
HSK-MTI 연계표,일반기계,8548,3,일반기계
HSK-MTI 연계표,일반기계,8549,3,일반기계
HSK-MTI 연계표,일반기계,8550,3,일반기계
HSK-MTI 연계표,일반기계,8551,3,일반기계
HSK-MTI 연계표,선박,8552,3,선박류
HSK-MTI 연계표,일반기계,8553,3,일반기계
HSK-MTI 연계표,일반기계,8554,3,일반기계
HSK-MTI 연계표,일반기계,8555,3,일반기계
HSK-MTI 연계표,일반기계,8556,3,일반기계
HSK-MTI 연계표,일반기계,8557,3,일반기계
HSK-MTI 연계표,일반기계,8558,3,일반기계
HSK-MTI 연계표,일반기계,8559,3,일반기계
HSK-MTI 연계표,일반기계,8560,3,일반기계
HSK-MTI 연계표,일반기계,8561,3,일반기계
HSK-MTI 연계표,일반기계,8562,3,일반기계
HSK-MTI 연계표,일반기계,8563,3,일반기계
HSK-MTI 연계표,자동차,8564,3,자동차
HSK-MTI 연계표,자동차,8565,3,자동차
HSK-MTI 연계표,일반기계,8566,3,일반기계
HSK-MTI 연계표,일반기계,8567,3,일반기계
HSK-MTI 연계표,일반기계,8569,3,일반기계
HSK-MTI 연계표,일반기계,8570,3,일반기계
HSK-MTI 연계표,일반기계,8571,3,일반기계
HSK-MTI 연계표,일반기계,8574,3,일반기계
HSK-MTI 연계표,일반기계,8575,3,일반기계
HSK-MTI 연계표,일반기계,8577,3,일반기계
HSK-MTI 연계표,일반기계,8578,3,일반기계
HSK-MTI 연계표,일반기계,8579,3,일반기계
HSK-MTI 연계표,일반기계,8580,3,일반기계
HSK-MTI 연계표,일반기계,8581,3,일반기계
HSK-MTI 연계표,일반기계,8582,3,일반기계
HSK-MTI 연계표,일반기계,8583,3,일반기계
HSK-MTI 연계표,일반기계,8584,3,일반기계
HSK-MTI 연계표,일반기계,8585,3,일반기계
HSK-MTI 연계표,일반기계,8586,3,일반기계
HSK-MTI 연계표,일반기계,8587,3,일반기계
HSK-MTI 연계표,일반기계,8588,3,일반기계
HSK-MTI 연계표,일반기계,8589,3,일반기계
HSK-MTI 연계표,일반기계,8590,3,일반기계
HSK-MTI 연계표,일반기계,8591,3,일반기계
HSK-MTI 연계표,일반기계,8592,3,일반기계
HSK-MTI 연계표,일반기계,8593,3,일반기계
HSK-MTI 연계표,일반기계,8594,3,일반기계
HSK-MTI 연계표,일반기계,8595,3,일반기계
HSK-MTI 연계표,일반기계,8596,3,일반기계
HSK-MTI 연계표,일반기계,8597,3,일반기계
HSK-MTI 연계표,일반기계,8598,3,일반기계
HSK-MTI 연계표,일반기계,8599,3,일반기계
HSK-MTI 연계표,일반기계,8600,3,일반기계
HSK-MTI 연계표,일반기계,8601,3,일반기계
HSK-MTI 연계표,일반기계,8602,3,일반기계
HSK-MTI 연계표,일반기계,8603,3,일반기계
HSK-MTI 연계표,일반기계,8604,3,일반기계
HSK-MTI 연계표,일반기계,8605,3,일반기계
HSK-MTI 연계표,일반기계,8606,3,일반기계
HSK-MTI 연계표,일반기계,8607,3,일반기계
HSK-MTI 연계표,일반기계,8608,3,일반기계
HSK-MTI 연계표,일반기계,8609,3,일반기계
HSK-MTI 연계표,일반기계,8610,3,일반기계
HSK-MTI 연계표,일반기계,8611,3,일반기계
HSK-MTI 연계표,일반기계,8612,3,일반기계
HSK-MTI 연계표,일반기계,8613,3,일반기계
HSK-MTI 연계표,일반기계,8614,3,일반기계
HSK-MTI 연계표,일반기계,8615,3,일반기계
HSK-MTI 연계표,일반기계,8616,3,일반기계
HSK-MTI 연계표,일반기계,8617,3,일반기계
HSK-MTI 연계표,일반기계,8618,3,일반기계
HSK-MTI 연계표,일반기계,8619,3,일반기계
HSK-MTI 연계표,일반기계,8620,3,일반기계
HSK-MTI 연계표,일반기계,8621,3,일반기계
HSK-MTI 연계표,일반기계,8622,3,일반기계
HSK-MTI 연계표,일반기계,8623,3,일반기계
HSK-MTI 연계표,일반기계,8624,3,일반기계
HSK-MTI 연계표,일반기계,8625,3,일반기계
HSK-MTI 연계표,일반기계,8626,3,일반기계
HSK-MTI 연계표,일반기계,8627,3,일반기계
HSK-MTI 연계표,일반기계,8628,3,일반기계
HSK-MTI 연계표,일반기계,8629,3,일반기계
HSK-MTI 연계표,일반기계,8630,3,일반기계
HSK-MTI 연계표,일반기계,8631,3,일반기계
HSK-MTI 연계표,일반기계,8632,3,일반기계
HSK-MTI 연계표,일반기계,8633,3,일반기계
HSK-MTI 연계표,일반기계,8634,3,일반기계
HSK-MTI 연계표,일반기계,8635,3,일반기계
HSK-MTI 연계표,일반기계,8636,3,일반기계
HSK-MTI 연계표,일반기계,8637,3,일반기계
HSK-MTI 연계표,일반기계,8638,3,일반기계
HSK-MTI 연계표,일반기계,8639,3,일반기계
HSK-MTI 연계표,일반기계,8640,3,일반기계
HSK-MTI 연계표,일반기계,8641,3,일반기계
HSK-MTI 연계표,일반기계,8642,3,일반기계
HSK-MTI 연계표,일반기계,8643,3,일반기계
HSK-MTI 연계표,일반기계,8644,3,일반기계
HSK-MTI 연계표,일반기계,8645,3,일반기계
HSK-MTI 연계표,일반기계,8646,3,일반기계
HSK-MTI 연계표,일반기계,8647,3,일반기계
HSK-MTI 연계표,일반기계,8648,3,일반기계
HSK-MTI 연계표,일반기계,8649,3,일반기계
HSK-MTI 연계표,일반기계,8650,3,일반기계
HSK-MTI 연계표,일반기계,8651,3,일반기계
HSK-MTI 연계표,일반기계,8652,3,일반기계
HSK-MTI 연계표,일반기계,8653,3,일반기계
HSK-MTI 연계표,일반기계,8654,3,일반기계
HSK-MTI 연계표,일반기계,8655,3,일반기계
HSK-MTI 연계표,일반기계,8656,3,일반기계
HSK-MTI 연계표,일반기계,8657,3,일반기계
HSK-MTI 연계표,일반기계,8658,3,일반기계
HSK-MTI 연계표,일반기계,8659,3,일반기계
HSK-MTI 연계표,일반기계,8660,3,일반기계
HSK-MTI 연계표,일반기계,8661,3,일반기계
HSK-MTI 연계표,일반기계,8662,3,일반기계
HSK-MTI 연계표,일반기계,8663,3,일반기계
HSK-MTI 연계표,일반기계,8664,3,일반기계
HSK-MTI 연계표,일반기계,8665,3,일반기계
HSK-MTI 연계표,일반기계,8666,3,일반기계
HSK-MTI 연계표,일반기계,8667,3,일반기계
HSK-MTI 연계표,일반기계,8668,3,일반기계
HSK-MTI 연계표,일반기계,8669,3,일반기계
HSK-MTI 연계표,일반기계,8670,3,일반기계
HSK-MTI 연계표,일반기계,8671,3,일반기계
HSK-MTI 연계표,일반기계,8672,3,일반기계
HSK-MTI 연계표,일반기계,8673,3,일반기계
HSK-MTI 연계표,일반기계,8674,3,일반기계
HSK-MTI 연계표,일반기계,8675,3,일반기계
HSK-MTI 연계표,일반기계,8676,3,일반기계
HSK-MTI 연계표,일반기계,8677,3,일반기계
HSK-MTI 연계표,일반기계,8678,3,일반기계
HSK-MTI 연계표,일반기계,8679,3,일반기계
HSK-MTI 연계표,일반기계,8680,3,일반기계
HSK-MTI 연계표,일반기계,8681,3,일반기계
HSK-MTI 연계표,일반기계,8682,3,일반기계
HSK-MTI 연계표,일반기계,8683,3,일반기계
HSK-MTI 연계표,일반기계,8684,3,일반기계
HSK-MTI 연계표,일반기계,8685,3,일반기계
HSK-MTI 연계표,일반기계,8686,3,일반기계
HSK-MTI 연계표,일반기계,8687,3,일반기계
HSK-MTI 연계표,일반기계,8688,3,일반기계
HSK-MTI 연계표,일반기계,8689,3,일반기계
HSK-MTI 연계표,일반기계,8690,3,일반기계
HSK-MTI 연계표,일반기계,8691,3,일반기계
HSK-MTI 연계표,일반기계,8692,3,일반기계
HSK-MTI 연계표,일반기계,8693,3,일반기계
HSK-MTI 연계표,일반기계,8694,3,일반기계
HSK-MTI 연계표,일반기계,8695,3,일반기계
HSK-MTI 연계표,일반기계,8696,3,일반기계
HSK-MTI 연계표,일반기계,8697,3,일반기계
HSK-MTI 연계표,일반기계,8698,3,일반기계
HSK-MTI 연계표,일반기계,8699,3,일반기계
HSK-MTI 연계표,일반기계,8700,3,일반기계
HSK-MTI 연계표,일반기계,8701,3,일반기계
HSK-MTI 연계표,일반기계,8702,3,일반기계
HSK-MTI 연계표,일반기계,8703,3,일반기계
HSK-MTI 연계표,일반기계,8704,3,일반기계
HSK-MTI 연계표,일반기계,8705,3,일반기계
HSK-MTI 연계표,일반기계,8706,3,일반기계
HSK-MTI 연계표,일반기계,8707,3,일반기계
HSK-MTI 연계표,일반기계,8708,3,일반기계
HSK-MTI 연계표,일반기계,8709,3,일반기계
HSK-MTI 연계표,일반기계,8710,3,일반기계
HSK-MTI 연계표,일반기계,8711,3,일반기계
HSK-MTI 연계표,일반기계,8712,3,일반기계
HSK-MTI 연계표,일반기계,8713,3,일반기계
HSK-MTI 연계표,일반기계,8714,3,일반기계
HSK-MTI 연계표,일반기계,8715,3,일반기계
HSK-MTI 연계표,일반기계,8716,3,일반기계
HSK-MTI 연계표,일반기계,8717,3,일반기계
HSK-MTI 연계표,일반기계,8718,3,일반기계
HSK-MTI 연계표,일반기계,8719,3,일반기계
HSK-MTI 연계표,일반기계,8720,3,일반기계
HSK-MTI 연계표,일반기계,8721,3,일반기계
HSK-MTI 연계표,일반기계,8722,3,일반기계
HSK-MTI 연계표,일반기계,8723,3,일반기계
HSK-MTI 연계표,일반기계,8724,3,일반기계
HSK-MTI 연계표,일반기계,8725,3,일반기계
HSK-MTI 연계표,일반기계,8726,3,일반기계
HSK-MTI 연계표,일반기계,8727,3,일반기계
HSK-MTI 연계표,일반기계,8728,3,일반기계
HSK-MTI 연계표,일반기계,8729,3,일반기계
HSK-MTI 연계표,일반기계,8730,3,일반기계
HSK-MTI 연계표,일반기계,8731,3,일반기계
HSK-MTI 연계표,일반기계,8732,3,일반기계
HSK-MTI 연계표,컴퓨터,8733,3,컴퓨터
HSK-MTI 연계표,컴퓨터,8734,3,컴퓨터
HSK-MTI 연계표,컴퓨터,8735,3,컴퓨터
HSK-MTI 연계표,컴퓨터,8736,3,컴퓨터
HSK-MTI 연계표,일반기계,8737,3,일반기계
HSK-MTI 연계표,컴퓨터,8739,3,컴퓨터
HSK-MTI 연계표,컴퓨터,8740,3,컴퓨터
HSK-MTI 연계표,컴퓨터,8741,3,컴퓨터
HSK-MTI 연계표,컴퓨터,8742,3,컴퓨터
HSK-MTI 연계표,일반기계,8743,3,일반기계
HSK-MTI 연계표,일반기계,8746,3,일반기계
HSK-MTI 연계표,일반기계,8747,3,일반기계
HSK-MTI 연계표,일반기계,8748,3,일반기계
HSK-MTI 연계표,일반기계,8749,3,일반기계
HSK-MTI 연계표,일반기계,8750,3,일반기계
HSK-MTI 연계표,일반기계,8751,3,일반기계
HSK-MTI 연계표,일반기계,8752,3,일반기계
HSK-MTI 연계표,일반기계,8753,3,일반기계
HSK-MTI 연계표,일반기계,8754,3,일반기계
HSK-MTI 연계표,일반기계,8755,3,일반기계
HSK-MTI 연계표,일반기계,8756,3,일반기계
HSK-MTI 연계표,일반기계,8757,3,일반기계
HSK-MTI 연계표,일반기계,8758,3,일반기계
HSK-MTI 연계표,일반기계,8759,3,일반기계
HSK-MTI 연계표,일반기계,8760,3,일반기계
HSK-MTI 연계표,일반기계,8761,3,일반기계
HSK-MTI 연계표,일반기계,8762,3,일반기계
HSK-MTI 연계표,일반기계,8763,3,일반기계
HSK-MTI 연계표,일반기계,8764,3,일반기계
HSK-MTI 연계표,일반기계,8765,3,일반기계
HSK-MTI 연계표,일반기계,8766,3,일반기계
HSK-MTI 연계표,일반기계,8767,3,일반기계
HSK-MTI 연계표,일반기계,8768,3,일반기계
HSK-MTI 연계표,일반기계,8769,3,일반기계
HSK-MTI 연계표,일반기계,8770,3,일반기계
HSK-MTI 연계표,일반기계,8771,3,일반기계
HSK-MTI 연계표,일반기계,8772,3,일반기계
HSK-MTI 연계표,일반기계,8773,3,일반기계
HSK-MTI 연계표,일반기계,8774,3,일반기계
HSK-MTI 연계표,일반기계,8775,3,일반기계
HSK-MTI 연계표,일반기계,8776,3,일반기계
HSK-MTI 연계표,일반기계,8777,3,일반기계
HSK-MTI 연계표,일반기계,8778,3,일반기계
HSK-MTI 연계표,일반기계,8779,3,일반기계
HSK-MTI 연계표,일반기계,8780,3,일반기계
HSK-MTI 연계표,일반기계,8781,3,일반기계
HSK-MTI 연계표,일반기계,8782,3,일반기계
HSK-MTI 연계표,일반기계,8783,3,일반기계
HSK-MTI 연계표,일반기계,8784,3,일반기계
HSK-MTI 연계표,일반기계,8785,3,일반기계
HSK-MTI 연계표,일반기계,8786,3,일반기계
HSK-MTI 연계표,일반기계,8787,3,일반기계
HSK-MTI 연계표,일반기계,8788,3,일반기계
HSK-MTI 연계표,일반기계,8789,3,일반기계
HSK-MTI 연계표,일반기계,8790,3,일반기계
HSK-MTI 연계표,일반기계,8791,3,일반기계
HSK-MTI 연계표,일반기계,8792,3,일반기계
HSK-MTI 연계표,일반기계,8793,3,일반기계
HSK-MTI 연계표,일반기계,8794,3,일반기계
HSK-MTI 연계표,일반기계,8795,3,일반기계
HSK-MTI 연계표,일반기계,8796,3,일반기계
HSK-MTI 연계표,일반기계,8797,3,일반기계
HSK-MTI 연계표,일반기계,8798,3,일반기계
HSK-MTI 연계표,일반기계,8799,3,일반기계
HSK-MTI 연계표,일반기계,8800,3,일반기계
HSK-MTI 연계표,일반기계,8801,3,일반기계
HSK-MTI 연계표,일반기계,8802,3,일반기계
HSK-MTI 연계표,일반기계,8803,3,일반기계
HSK-MTI 연계표,일반기계,8804,3,일반기계
HSK-MTI 연계표,일반기계,8805,3,일반기계
HSK-MTI 연계표,일반기계,8806,3,일반기계
HSK-MTI 연계표,일반기계,8807,3,일반기계
HSK-MTI 연계표,일반기계,8808,3,일반기계
HSK-MTI 연계표,일반기계,8809,3,일반기계
HSK-MTI 연계표,일반기계,8810,3,일반기계
HSK-MTI 연계표,일반기계,8811,3,일반기계
HSK-MTI 연계표,일반기계,8812,3,일반기계
HSK-MTI 연계표,일반기계,8813,3,일반기계
HSK-MTI 연계표,일반기계,8814,3,일반기계
HSK-MTI 연계표,일반기계,8815,3,일반기계
HSK-MTI 연계표,일반기계,8816,3,일반기계
HSK-MTI 연계표,일반기계,8817,3,일반기계
HSK-MTI 연계표,일반기계,8818,3,일반기계
HSK-MTI 연계표,일반기계,8819,3,일반기계
HSK-MTI 연계표,일반기계,8820,3,일반기계
HSK-MTI 연계표,일반기계,8821,3,일반기계
HSK-MTI 연계표,일반기계,8822,3,일반기계
HSK-MTI 연계표,일반기계,8823,3,일반기계
HSK-MTI 연계표,가전,8824,3,가전
HSK-MTI 연계표,가전,8825,3,가전
HSK-MTI 연계표,가전,8826,3,가전
HSK-MTI 연계표,가전,8827,3,가전
HSK-MTI 연계표,가전,8828,3,가전
HSK-MTI 연계표,일반기계,8829,3,일반기계
HSK-MTI 연계표,가전,8830,3,가전
HSK-MTI 연계표,일반기계,8831,3,일반기계
HSK-MTI 연계표,일반기계,8832,3,일반기계
HSK-MTI 연계표,일반기계,8833,3,일반기계
HSK-MTI 연계표,일반기계,8834,3,일반기계
HSK-MTI 연계표,일반기계,8835,3,일반기계
HSK-MTI 연계표,일반기계,8836,3,일반기계
HSK-MTI 연계표,일반기계,8837,3,일반기계
HSK-MTI 연계표,일반기계,8838,3,일반기계
HSK-MTI 연계표,일반기계,8839,3,일반기계
HSK-MTI 연계표,일반기계,8840,3,일반기계
HSK-MTI 연계표,일반기계,8841,3,일반기계
HSK-MTI 연계표,일반기계,8842,3,일반기계
HSK-MTI 연계표,일반기계,8843,3,일반기계
HSK-MTI 연계표,일반기계,8844,3,일반기계
HSK-MTI 연계표,일반기계,8845,3,일반기계
HSK-MTI 연계표,일반기계,8846,3,일반기계
HSK-MTI 연계표,일반기계,8847,3,일반기계
HSK-MTI 연계표,일반기계,8848,3,일반기계
HSK-MTI 연계표,일반기계,8849,3,일반기계
HSK-MTI 연계표,일반기계,8850,3,일반기계
HSK-MTI 연계표,일반기계,8851,3,일반기계
HSK-MTI 연계표,일반기계,8852,3,일반기계
HSK-MTI 연계표,일반기계,8853,3,일반기계
HSK-MTI 연계표,일반기계,8854,3,일반기계
HSK-MTI 연계표,일반기계,8855,3,일반기계
HSK-MTI 연계표,일반기계,8856,3,일반기계
HSK-MTI 연계표,일반기계,8857,3,일반기계
HSK-MTI 연계표,일반기계,8858,3,일반기계
HSK-MTI 연계표,일반기계,8859,3,일반기계
HSK-MTI 연계표,일반기계,8860,3,일반기계
HSK-MTI 연계표,일반기계,8861,3,일반기계
HSK-MTI 연계표,일반기계,8862,3,일반기계
HSK-MTI 연계표,일반기계,8863,3,일반기계
HSK-MTI 연계표,일반기계,8864,3,일반기계
HSK-MTI 연계표,일반기계,8865,3,일반기계
HSK-MTI 연계표,일반기계,8866,3,일반기계
HSK-MTI 연계표,일반기계,8867,3,일반기계
HSK-MTI 연계표,일반기계,8868,3,일반기계
HSK-MTI 연계표,일반기계,8869,3,일반기계
HSK-MTI 연계표,일반기계,8870,3,일반기계
HSK-MTI 연계표,일반기계,8871,3,일반기계
HSK-MTI 연계표,일반기계,8872,3,일반기계
HSK-MTI 연계표,일반기계,8873,3,일반기계
HSK-MTI 연계표,일반기계,8874,3,일반기계
HSK-MTI 연계표,일반기계,8875,3,일반기계
HSK-MTI 연계표,일반기계,8876,3,일반기계
HSK-MTI 연계표,일반기계,8877,3,일반기계
HSK-MTI 연계표,일반기계,8878,3,일반기계
HSK-MTI 연계표,일반기계,8879,3,일반기계
HSK-MTI 연계표,일반기계,8880,3,일반기계
HSK-MTI 연계표,일반기계,8881,3,일반기계
HSK-MTI 연계표,일반기계,8882,3,일반기계
HSK-MTI 연계표,일반기계,8883,3,일반기계
HSK-MTI 연계표,일반기계,8884,3,일반기계
HSK-MTI 연계표,일반기계,8885,3,일반기계
HSK-MTI 연계표,일반기계,8886,3,일반기계
HSK-MTI 연계표,일반기계,8887,3,일반기계
HSK-MTI 연계표,일반기계,8888,3,일반기계
HSK-MTI 연계표,일반기계,8889,3,일반기계
HSK-MTI 연계표,일반기계,8890,3,일반기계
HSK-MTI 연계표,일반기계,8891,3,일반기계
HSK-MTI 연계표,일반기계,8892,3,일반기계
HSK-MTI 연계표,일반기계,8893,3,일반기계
HSK-MTI 연계표,일반기계,8894,3,일반기계
HSK-MTI 연계표,일반기계,8895,3,일반기계
HSK-MTI 연계표,일반기계,8896,3,일반기계
HSK-MTI 연계표,일반기계,8897,3,일반기계
HSK-MTI 연계표,일반기계,8898,3,일반기계
HSK-MTI 연계표,일반기계,8899,3,일반기계
HSK-MTI 연계표,일반기계,8900,3,일반기계
HSK-MTI 연계표,일반기계,8901,3,일반기계
HSK-MTI 연계표,일반기계,8902,3,일반기계
HSK-MTI 연계표,일반기계,8903,3,일반기계
HSK-MTI 연계표,일반기계,8904,3,일반기계
HSK-MTI 연계표,일반기계,8905,3,일반기계
HSK-MTI 연계표,일반기계,8906,3,일반기계
HSK-MTI 연계표,일반기계,8907,3,일반기계
HSK-MTI 연계표,일반기계,8908,3,일반기계
HSK-MTI 연계표,일반기계,8909,3,일반기계
HSK-MTI 연계표,일반기계,8910,3,일반기계
HSK-MTI 연계표,일반기계,8911,3,일반기계
HSK-MTI 연계표,일반기계,8912,3,일반기계
HSK-MTI 연계표,일반기계,8913,3,일반기계
HSK-MTI 연계표,일반기계,8914,3,일반기계
HSK-MTI 연계표,일반기계,8915,3,일반기계
HSK-MTI 연계표,일반기계,8916,3,일반기계
HSK-MTI 연계표,일반기계,8917,3,일반기계
HSK-MTI 연계표,일반기계,8918,3,일반기계
HSK-MTI 연계표,일반기계,8919,3,일반기계
HSK-MTI 연계표,일반기계,8920,3,일반기계
HSK-MTI 연계표,일반기계,8921,3,일반기계
HSK-MTI 연계표,일반기계,8922,3,일반기계
HSK-MTI 연계표,일반기계,8923,3,일반기계
HSK-MTI 연계표,일반기계,8924,3,일반기계
HSK-MTI 연계표,일반기계,8925,3,일반기계
HSK-MTI 연계표,일반기계,8926,3,일반기계
HSK-MTI 연계표,일반기계,8927,3,일반기계
HSK-MTI 연계표,일반기계,8928,3,일반기계
HSK-MTI 연계표,일반기계,8929,3,일반기계
HSK-MTI 연계표,일반기계,8930,3,일반기계
HSK-MTI 연계표,일반기계,8931,3,일반기계
HSK-MTI 연계표,일반기계,8932,3,일반기계
HSK-MTI 연계표,일반기계,8933,3,일반기계
HSK-MTI 연계표,일반기계,8934,3,일반기계
HSK-MTI 연계표,일반기계,8935,3,일반기계
HSK-MTI 연계표,일반기계,8936,3,일반기계
HSK-MTI 연계표,일반기계,8937,3,일반기계
HSK-MTI 연계표,일반기계,8938,3,일반기계
HSK-MTI 연계표,일반기계,8939,3,일반기계
HSK-MTI 연계표,일반기계,8940,3,일반기계
HSK-MTI 연계표,일반기계,8941,3,일반기계
HSK-MTI 연계표,일반기계,8942,3,일반기계
HSK-MTI 연계표,일반기계,8943,3,일반기계
HSK-MTI 연계표,일반기계,8944,3,일반기계
HSK-MTI 연계표,일반기계,8945,3,일반기계
HSK-MTI 연계표,일반기계,8946,3,일반기계
HSK-MTI 연계표,일반기계,8947,3,일반기계
HSK-MTI 연계표,일반기계,8948,3,일반기계
HSK-MTI 연계표,일반기계,8949,3,일반기계
HSK-MTI 연계표,일반기계,8950,3,일반기계
HSK-MTI 연계표,일반기계,8951,3,일반기계
HSK-MTI 연계표,일반기계,8952,3,일반기계
HSK-MTI 연계표,일반기계,8953,3,일반기계
HSK-MTI 연계표,일반기계,8954,3,일반기계
HSK-MTI 연계표,일반기계,8955,3,일반기계
HSK-MTI 연계표,일반기계,8956,3,일반기계
HSK-MTI 연계표,일반기계,8957,3,일반기계
HSK-MTI 연계표,일반기계,8958,3,일반기계
HSK-MTI 연계표,일반기계,8959,3,일반기계
HSK-MTI 연계표,일반기계,8960,3,일반기계
HSK-MTI 연계표,일반기계,8961,3,일반기계
HSK-MTI 연계표,일반기계,8962,3,일반기계
HSK-MTI 연계표,일반기계,8963,3,일반기계
HSK-MTI 연계표,일반기계,8964,3,일반기계
HSK-MTI 연계표,일반기계,8965,3,일반기계
HSK-MTI 연계표,일반기계,8966,3,일반기계
HSK-MTI 연계표,일반기계,8967,3,일반기계
HSK-MTI 연계표,일반기계,8968,3,일반기계
HSK-MTI 연계표,일반기계,8969,3,일반기계
HSK-MTI 연계표,일반기계,8970,3,일반기계
HSK-MTI 연계표,일반기계,8971,3,일반기계
HSK-MTI 연계표,일반기계,8972,3,일반기계
HSK-MTI 연계표,일반기계,8973,3,일반기계
HSK-MTI 연계표,일반기계,8974,3,일반기계
HSK-MTI 연계표,일반기계,8975,3,일반기계
HSK-MTI 연계표,일반기계,8976,3,일반기계
HSK-MTI 연계표,일반기계,8977,3,일반기계
HSK-MTI 연계표,일반기계,8978,3,일반기계
HSK-MTI 연계표,일반기계,8979,3,일반기계
HSK-MTI 연계표,일반기계,8980,3,일반기계
HSK-MTI 연계표,일반기계,8981,3,일반기계
HSK-MTI 연계표,일반기계,8982,3,일반기계
HSK-MTI 연계표,일반기계,8983,3,일반기계
HSK-MTI 연계표,일반기계,8984,3,일반기계
HSK-MTI 연계표,일반기계,8985,3,일반기계
HSK-MTI 연계표,일반기계,8986,3,일반기계
HSK-MTI 연계표,일반기계,8987,3,일반기계
HSK-MTI 연계표,일반기계,8988,3,일반기계
HSK-MTI 연계표,일반기계,8989,3,일반기계
HSK-MTI 연계표,일반기계,8990,3,일반기계
HSK-MTI 연계표,일반기계,8991,3,일반기계
HSK-MTI 연계표,일반기계,8992,3,일반기계
HSK-MTI 연계표,일반기계,8993,3,일반기계
HSK-MTI 연계표,일반기계,8994,3,일반기계
HSK-MTI 연계표,일반기계,8995,3,일반기계
HSK-MTI 연계표,일반기계,8996,3,일반기계
HSK-MTI 연계표,일반기계,8997,3,일반기계
HSK-MTI 연계표,일반기계,8998,3,일반기계
HSK-MTI 연계표,일반기계,8999,3,일반기계
HSK-MTI 연계표,일반기계,9000,3,일반기계
HSK-MTI 연계표,일반기계,9001,3,일반기계
HSK-MTI 연계표,일반기계,9002,3,일반기계
HSK-MTI 연계표,일반기계,9003,3,일반기계
HSK-MTI 연계표,일반기계,9004,3,일반기계
HSK-MTI 연계표,일반기계,9005,3,일반기계
HSK-MTI 연계표,일반기계,9006,3,일반기계
HSK-MTI 연계표,일반기계,9007,3,일반기계
HSK-MTI 연계표,일반기계,9008,3,일반기계
HSK-MTI 연계표,일반기계,9009,3,일반기계
HSK-MTI 연계표,일반기계,9010,3,일반기계
HSK-MTI 연계표,일반기계,9011,3,일반기계
HSK-MTI 연계표,일반기계,9012,3,일반기계
HSK-MTI 연계표,일반기계,9013,3,일반기계
HSK-MTI 연계표,일반기계,9014,3,일반기계
HSK-MTI 연계표,일반기계,9015,3,일반기계
HSK-MTI 연계표,일반기계,9016,3,일반기계
HSK-MTI 연계표,일반기계,9017,3,일반기계
HSK-MTI 연계표,일반기계,9018,3,일반기계
HSK-MTI 연계표,일반기계,9019,3,일반기계
HSK-MTI 연계표,일반기계,9020,3,일반기계
HSK-MTI 연계표,일반기계,9021,3,일반기계
HSK-MTI 연계표,일반기계,9022,3,일반기계
HSK-MTI 연계표,일반기계,9023,3,일반기계
HSK-MTI 연계표,일반기계,9024,3,일반기계
HSK-MTI 연계표,일반기계,9025,3,일반기계
HSK-MTI 연계표,일반기계,9026,3,일반기계
HSK-MTI 연계표,일반기계,9027,3,일반기계
HSK-MTI 연계표,일반기계,9028,3,일반기계
HSK-MTI 연계표,일반기계,9029,3,일반기계
HSK-MTI 연계표,일반기계,9030,3,일반기계
HSK-MTI 연계표,일반기계,9031,3,일반기계
HSK-MTI 연계표,일반기계,9032,3,일반기계
HSK-MTI 연계표,일반기계,9033,3,일반기계
HSK-MTI 연계표,일반기계,9034,3,일반기계
HSK-MTI 연계표,일반기계,9035,3,일반기계
HSK-MTI 연계표,일반기계,9036,3,일반기계
HSK-MTI 연계표,일반기계,9037,3,일반기계
HSK-MTI 연계표,컴퓨터,9046,3,컴퓨터
HSK-MTI 연계표,컴퓨터,9047,3,컴퓨터
HSK-MTI 연계표,컴퓨터,9048,3,컴퓨터
HSK-MTI 연계표,컴퓨터,9049,3,컴퓨터
HSK-MTI 연계표,컴퓨터,9050,3,컴퓨터
HSK-MTI 연계표,컴퓨터,9051,3,컴퓨터
HSK-MTI 연계표,컴퓨터,9052,3,컴퓨터
HSK-MTI 연계표,컴퓨터,9053,3,컴퓨터
HSK-MTI 연계표,컴퓨터,9054,3,컴퓨터
HSK-MTI 연계표,컴퓨터,9055,3,컴퓨터
HSK-MTI 연계표,컴퓨터,9056,3,컴퓨터
HSK-MTI 연계표,컴퓨터,9057,3,컴퓨터
HSK-MTI 연계표,컴퓨터,9058,3,컴퓨터
HSK-MTI 연계표,컴퓨터,9059,3,컴퓨터
HSK-MTI 연계표,컴퓨터,9060,3,컴퓨터
HSK-MTI 연계표,컴퓨터,9061,3,컴퓨터
HSK-MTI 연계표,컴퓨터,9062,3,컴퓨터
HSK-MTI 연계표,컴퓨터,9063,3,컴퓨터
HSK-MTI 연계표,컴퓨터,9064,3,컴퓨터
HSK-MTI 연계표,컴퓨터,9065,3,컴퓨터
HSK-MTI 연계표,컴퓨터,9066,3,컴퓨터
HSK-MTI 연계표,컴퓨터,9067,3,컴퓨터
HSK-MTI 연계표,컴퓨터,9068,3,컴퓨터
HSK-MTI 연계표,컴퓨터,9069,3,컴퓨터
HSK-MTI 연계표,컴퓨터,9070,3,컴퓨터
HSK-MTI 연계표,컴퓨터,9071,3,컴퓨터
HSK-MTI 연계표,컴퓨터,9072,3,컴퓨터
HSK-MTI 연계표,컴퓨터,9073,3,컴퓨터
HSK-MTI 연계표,컴퓨터,9074,3,컴퓨터
HSK-MTI 연계표,컴퓨터,9075,3,컴퓨터
HSK-MTI 연계표,일반기계,9076,3,일반기계
HSK-MTI 연계표,일반기계,9077,3,일반기계
HSK-MTI 연계표,일반기계,9083,3,일반기계
HSK-MTI 연계표,생활용품,9085,3,생활용품
HSK-MTI 연계표,일반기계,9086,3,일반기계
HSK-MTI 연계표,일반기계,9087,3,일반기계
HSK-MTI 연계표,컴퓨터,9092,3,컴퓨터
HSK-MTI 연계표,컴퓨터,9093,3,컴퓨터
HSK-MTI 연계표,컴퓨터,9094,3,컴퓨터
HSK-MTI 연계표,반도체,9095,3,반도체
HSK-MTI 연계표,컴퓨터,9096,3,컴퓨터
HSK-MTI 연계표,컴퓨터,9097,3,컴퓨터
HSK-MTI 연계표,컴퓨터,9098,3,컴퓨터
HSK-MTI 연계표,컴퓨터,9100,3,컴퓨터
HSK-MTI 연계표,일반기계,9101,3,일반기계
HSK-MTI 연계표,일반기계,9102,3,일반기계
HSK-MTI 연계표,일반기계,9103,3,일반기계
HSK-MTI 연계표,일반기계,9104,3,일반기계
HSK-MTI 연계표,일반기계,9105,3,일반기계
HSK-MTI 연계표,일반기계,9106,3,일반기계
HSK-MTI 연계표,일반기계,9107,3,일반기계
HSK-MTI 연계표,일반기계,9108,3,일반기계
HSK-MTI 연계표,일반기계,9109,3,일반기계
HSK-MTI 연계표,일반기계,9110,3,일반기계
HSK-MTI 연계표,일반기계,9111,3,일반기계
HSK-MTI 연계표,일반기계,9112,3,일반기계
HSK-MTI 연계표,일반기계,9113,3,일반기계
HSK-MTI 연계표,일반기계,9114,3,일반기계
HSK-MTI 연계표,일반기계,9115,3,일반기계
HSK-MTI 연계표,일반기계,9116,3,일반기계
HSK-MTI 연계표,일반기계,9117,3,일반기계
HSK-MTI 연계표,일반기계,9118,3,일반기계
HSK-MTI 연계표,일반기계,9119,3,일반기계
HSK-MTI 연계표,일반기계,9120,3,일반기계
HSK-MTI 연계표,일반기계,9129,3,일반기계
HSK-MTI 연계표,일반기계,9130,3,일반기계
HSK-MTI 연계표,일반기계,9131,3,일반기계
HSK-MTI 연계표,일반기계,9132,3,일반기계
HSK-MTI 연계표,일반기계,9133,3,일반기계
HSK-MTI 연계표,일반기계,9134,3,일반기계
HSK-MTI 연계표,일반기계,9135,3,일반기계
HSK-MTI 연계표,일반기계,9136,3,일반기계
HSK-MTI 연계표,일반기계,9137,3,일반기계
HSK-MTI 연계표,일반기계,9138,3,일반기계
HSK-MTI 연계표,일반기계,9139,3,일반기계
HSK-MTI 연계표,일반기계,9140,3,일반기계
HSK-MTI 연계표,일반기계,9141,3,일반기계
HSK-MTI 연계표,일반기계,9142,3,일반기계
HSK-MTI 연계표,일반기계,9143,3,일반기계
HSK-MTI 연계표,일반기계,9144,3,일반기계
HSK-MTI 연계표,일반기계,9145,3,일반기계
HSK-MTI 연계표,일반기계,9146,3,일반기계
HSK-MTI 연계표,일반기계,9147,3,일반기계
HSK-MTI 연계표,일반기계,9148,3,일반기계
HSK-MTI 연계표,일반기계,9149,3,일반기계
HSK-MTI 연계표,일반기계,9150,3,일반기계
HSK-MTI 연계표,일반기계,9151,3,일반기계
HSK-MTI 연계표,일반기계,9152,3,일반기계
HSK-MTI 연계표,일반기계,9153,3,일반기계
HSK-MTI 연계표,일반기계,9155,3,일반기계
HSK-MTI 연계표,일반기계,9156,3,일반기계
HSK-MTI 연계표,일반기계,9157,3,일반기계
HSK-MTI 연계표,일반기계,9158,3,일반기계
HSK-MTI 연계표,일반기계,9159,3,일반기계
HSK-MTI 연계표,일반기계,9160,3,일반기계
HSK-MTI 연계표,일반기계,9161,3,일반기계
HSK-MTI 연계표,일반기계,9162,3,일반기계
HSK-MTI 연계표,일반기계,9163,3,일반기계
HSK-MTI 연계표,일반기계,9164,3,일반기계
HSK-MTI 연계표,가전,9165,3,가전
HSK-MTI 연계표,일반기계,9166,3,일반기계
HSK-MTI 연계표,일반기계,9167,3,일반기계
HSK-MTI 연계표,일반기계,9168,3,일반기계
HSK-MTI 연계표,일반기계,9169,3,일반기계
HSK-MTI 연계표,선박,9170,3,선박류
HSK-MTI 연계표,일반기계,9171,3,일반기계
HSK-MTI 연계표,일반기계,9172,3,일반기계
HSK-MTI 연계표,일반기계,9173,3,일반기계
HSK-MTI 연계표,일반기계,9174,3,일반기계
HSK-MTI 연계표,일반기계,9175,3,일반기계
HSK-MTI 연계표,일반기계,9176,3,일반기계
HSK-MTI 연계표,일반기계,9177,3,일반기계
HSK-MTI 연계표,일반기계,9178,3,일반기계
HSK-MTI 연계표,일반기계,9179,3,일반기계
HSK-MTI 연계표,일반기계,9180,3,일반기계
HSK-MTI 연계표,일반기계,9182,3,일반기계
HSK-MTI 연계표,일반기계,9183,3,일반기계
HSK-MTI 연계표,일반기계,9184,3,일반기계
HSK-MTI 연계표,일반기계,9185,3,일반기계
HSK-MTI 연계표,일반기계,9186,3,일반기계
HSK-MTI 연계표,일반기계,9187,3,일반기계
HSK-MTI 연계표,일반기계,9188,3,일반기계
HSK-MTI 연계표,일반기계,9189,3,일반기계
HSK-MTI 연계표,일반기계,9190,3,일반기계
HSK-MTI 연계표,선박,9191,3,선박류
HSK-MTI 연계표,일반기계,9192,3,일반기계
HSK-MTI 연계표,일반기계,9193,3,일반기계
HSK-MTI 연계표,일반기계,9194,3,일반기계
HSK-MTI 연계표,일반기계,9195,3,일반기계
HSK-MTI 연계표,일반기계,9196,3,일반기계
HSK-MTI 연계표,일반기계,9197,3,일반기계
HSK-MTI 연계표,일반기계,9198,3,일반기계
HSK-MTI 연계표,일반기계,9199,3,일반기계
HSK-MTI 연계표,일반기계,9200,3,일반기계
HSK-MTI 연계표,일반기계,9201,3,일반기계
HSK-MTI 연계표,일반기계,9202,3,일반기계
HSK-MTI 연계표,일반기계,9203,3,일반기계
HSK-MTI 연계표,일반기계,9204,3,일반기계
HSK-MTI 연계표,일반기계,9205,3,일반기계
HSK-MTI 연계표,일반기계,9206,3,일반기계
HSK-MTI 연계표,일반기계,9207,3,일반기계
HSK-MTI 연계표,일반기계,9208,3,일반기계
HSK-MTI 연계표,일반기계,9209,3,일반기계
HSK-MTI 연계표,일반기계,9210,3,일반기계
HSK-MTI 연계표,일반기계,9211,3,일반기계
HSK-MTI 연계표,일반기계,9212,3,일반기계
HSK-MTI 연계표,일반기계,9213,3,일반기계
HSK-MTI 연계표,일반기계,9214,3,일반기계
HSK-MTI 연계표,일반기계,9215,3,일반기계
HSK-MTI 연계표,일반기계,9216,3,일반기계
HSK-MTI 연계표,일반기계,9217,3,일반기계
HSK-MTI 연계표,일반기계,9218,3,일반기계
HSK-MTI 연계표,일반기계,9219,3,일반기계
HSK-MTI 연계표,일반기계,9220,3,일반기계
HSK-MTI 연계표,일반기계,9221,3,일반기계
HSK-MTI 연계표,일반기계,9222,3,일반기계
HSK-MTI 연계표,일반기계,9223,3,일반기계
HSK-MTI 연계표,자동차,9225,3,자동차부품
HSK-MTI 연계표,자동차부품,9225,3,자동차부품
HSK-MTI 연계표,일반기계,9226,3,일반기계
HSK-MTI 연계표,일반기계,9228,3,일반기계
HSK-MTI 연계표,일반기계,9230,3,일반기계
HSK-MTI 연계표,일반기계,9233,3,일반기계
HSK-MTI 연계표,일반기계,9234,3,일반기계
HSK-MTI 연계표,일반기계,9235,3,일반기계
HSK-MTI 연계표,자동차,9236,3,자동차부품
HSK-MTI 연계표,자동차부품,9236,3,자동차부품
HSK-MTI 연계표,일반기계,9237,3,일반기계
HSK-MTI 연계표,일반기계,9238,3,일반기계
HSK-MTI 연계표,일반기계,9240,3,일반기계
HSK-MTI 연계표,전기기기,9242,3,전기기기
HSK-MTI 연계표,일반기계,9243,3,일반기계
HSK-MTI 연계표,전기기기,9245,3,전기기기
HSK-MTI 연계표,일반기계,9246,3,일반기계
HSK-MTI 연계표,자동차,9247,3,자동차부품
HSK-MTI 연계표,자동차부품,9247,3,자동차부품
HSK-MTI 연계표,일반기계,9248,3,일반기계
HSK-MTI 연계표,일반기계,9249,3,일반기계
HSK-MTI 연계표,일반기계,9250,3,일반기계
HSK-MTI 연계표,일반기계,9251,3,일반기계
HSK-MTI 연계표,일반기계,9252,3,일반기계
HSK-MTI 연계표,일반기계,9253,3,일반기계
HSK-MTI 연계표,일반기계,9254,3,일반기계
HSK-MTI 연계표,일반기계,9255,3,일반기계
HSK-MTI 연계표,일반기계,9256,3,일반기계
HSK-MTI 연계표,선박,9336,3,선박류
HSK-MTI 연계표,일반기계,9337,3,일반기계
HSK-MTI 연계표,일반기계,9338,3,일반기계
HSK-MTI 연계표,일반기계,9339,3,일반기계
HSK-MTI 연계표,전기기기,9340,3,전기기기
HSK-MTI 연계표,전기기기,9341,3,전기기기
HSK-MTI 연계표,전기기기,9342,3,전기기기
HSK-MTI 연계표,전기기기,9343,3,전기기기
HSK-MTI 연계표,자동차,9344,3,자동차부품
HSK-MTI 연계표,자동차부품,9344,3,자동차부품
HSK-MTI 연계표,자동차,9345,3,자동차부품
HSK-MTI 연계표,자동차부품,9345,3,자동차부품
HSK-MTI 연계표,전기기기,9346,3,전기기기
HSK-MTI 연계표,전기기기,9347,3,전기기기
HSK-MTI 연계표,전기기기,9348,3,전기기기
HSK-MTI 연계표,전기기기,9349,3,전기기기
HSK-MTI 연계표,전기기기,9350,3,전기기기
HSK-MTI 연계표,전기기기,9351,3,전기기기
HSK-MTI 연계표,전기기기,9352,3,전기기기
HSK-MTI 연계표,전기기기,9353,3,전기기기
HSK-MTI 연계표,전기기기,9354,3,전기기기
HSK-MTI 연계표,전기기기,9355,3,전기기기
HSK-MTI 연계표,전기기기,9356,3,전기기기
HSK-MTI 연계표,전기기기,9357,3,전기기기
HSK-MTI 연계표,전기기기,9358,3,전기기기
HSK-MTI 연계표,전기기기,9359,3,전기기기
HSK-MTI 연계표,전기기기,9360,3,전기기기
HSK-MTI 연계표,전기기기,9361,3,전기기기
HSK-MTI 연계표,전기기기,9362,3,전기기기
HSK-MTI 연계표,전기기기,9363,3,전기기기
HSK-MTI 연계표,전기기기,9364,3,전기기기
HSK-MTI 연계표,전기기기,9365,3,전기기기
HSK-MTI 연계표,전기기기,9366,3,전기기기
HSK-MTI 연계표,전기기기,9367,3,전기기기
HSK-MTI 연계표,전기기기,9368,3,전기기기
HSK-MTI 연계표,전기기기,9369,3,전기기기
HSK-MTI 연계표,전기기기,9370,3,전기기기
HSK-MTI 연계표,전기기기,9371,3,전기기기
HSK-MTI 연계표,전기기기,9372,3,전기기기
HSK-MTI 연계표,전기기기,9373,3,전기기기
HSK-MTI 연계표,전기기기,9374,3,전기기기
HSK-MTI 연계표,전기기기,9375,3,전기기기
HSK-MTI 연계표,전기기기,9376,3,전기기기
HSK-MTI 연계표,전기기기,9377,3,전기기기
HSK-MTI 연계표,전기기기,9378,3,전기기기
HSK-MTI 연계표,전기기기,9379,3,전기기기
HSK-MTI 연계표,전기기기,9380,3,전기기기
HSK-MTI 연계표,전기기기,9381,3,전기기기
HSK-MTI 연계표,전기기기,9382,3,전기기기
HSK-MTI 연계표,전기기기,9383,3,전기기기
HSK-MTI 연계표,전기기기,9384,3,전기기기
HSK-MTI 연계표,전기기기,9385,3,전기기기
HSK-MTI 연계표,전기기기,9386,3,전기기기
HSK-MTI 연계표,전기기기,9387,3,전기기기
HSK-MTI 연계표,전기기기,9388,3,전기기기
HSK-MTI 연계표,전기기기,9389,3,전기기기
HSK-MTI 연계표,전기기기,9390,3,전기기기
HSK-MTI 연계표,전기기기,9391,3,전기기기
HSK-MTI 연계표,전기기기,9392,3,전기기기
HSK-MTI 연계표,전기기기,9393,3,전기기기
HSK-MTI 연계표,전기기기,9394,3,전기기기
HSK-MTI 연계표,전기기기,9395,3,전기기기
HSK-MTI 연계표,전기기기,9396,3,전기기기
HSK-MTI 연계표,전기기기,9397,3,전기기기
HSK-MTI 연계표,전기기기,9398,3,전기기기
HSK-MTI 연계표,전기기기,9399,3,전기기기
HSK-MTI 연계표,전기기기,9400,3,전기기기
HSK-MTI 연계표,전기기기,9401,3,전기기기
HSK-MTI 연계표,전기기기,9402,3,전기기기
HSK-MTI 연계표,전기기기,9403,3,전기기기
HSK-MTI 연계표,전기기기,9404,3,전기기기
HSK-MTI 연계표,전기기기,9405,3,전기기기
HSK-MTI 연계표,전기기기,9406,3,전기기기
HSK-MTI 연계표,전기기기,9407,3,전기기기
HSK-MTI 연계표,전기기기,9408,3,전기기기
HSK-MTI 연계표,전기기기,9409,3,전기기기
HSK-MTI 연계표,전기기기,9410,3,전기기기
HSK-MTI 연계표,전기기기,9411,3,전기기기
HSK-MTI 연계표,전기기기,9412,3,전기기기
HSK-MTI 연계표,전기기기,9413,3,전기기기
HSK-MTI 연계표,전기기기,9414,3,전기기기
HSK-MTI 연계표,전기기기,9415,3,전기기기
HSK-MTI 연계표,전기기기,9416,3,전기기기
HSK-MTI 연계표,전기기기,9417,3,전기기기
HSK-MTI 연계표,전기기기,9418,3,전기기기
HSK-MTI 연계표,전기기기,9419,3,전기기기
HSK-MTI 연계표,전기기기,9420,3,전기기기
HSK-MTI 연계표,전기기기,9421,3,전기기기
HSK-MTI 연계표,전기기기,9422,3,전기기기
HSK-MTI 연계표,전기기기,9423,3,전기기기
HSK-MTI 연계표,전기기기,9424,3,전기기기
HSK-MTI 연계표,전기기기,9425,3,전기기기
HSK-MTI 연계표,전기기기,9426,3,전기기기
HSK-MTI 연계표,전기기기,9427,3,전기기기
HSK-MTI 연계표,전기기기,9428,3,전기기기
HSK-MTI 연계표,전기기기,9429,3,전기기기
HSK-MTI 연계표,전기기기,9430,3,전기기기
HSK-MTI 연계표,전기기기,9431,3,전기기기
HSK-MTI 연계표,전기기기,9432,3,전기기기
HSK-MTI 연계표,전기기기,9433,3,전기기기
HSK-MTI 연계표,전기기기,9434,3,전기기기
HSK-MTI 연계표,전기기기,9435,3,전기기기
HSK-MTI 연계표,전기기기,9436,3,전기기기
HSK-MTI 연계표,전기기기,9437,3,전기기기
HSK-MTI 연계표,전기기기,9438,3,전기기기
HSK-MTI 연계표,전기기기,9439,3,전기기기
HSK-MTI 연계표,전기기기,9440,3,전기기기
HSK-MTI 연계표,전기기기,9441,3,전기기기
HSK-MTI 연계표,전기기기,9442,3,전기기기
HSK-MTI 연계표,전기기기,9443,3,전기기기
HSK-MTI 연계표,전기기기,9444,3,전기기기
HSK-MTI 연계표,전기기기,9445,3,전기기기
HSK-MTI 연계표,전기기기,9446,3,전기기기
HSK-MTI 연계표,전기기기,9447,3,전기기기
HSK-MTI 연계표,전기기기,9448,3,전기기기
HSK-MTI 연계표,전기기기,9449,3,전기기기
HSK-MTI 연계표,전기기기,9450,3,전기기기
HSK-MTI 연계표,전기기기,9451,3,전기기기
HSK-MTI 연계표,전기기기,9452,3,전기기기
HSK-MTI 연계표,전기기기,9453,3,전기기기
HSK-MTI 연계표,전기기기,9454,3,전기기기
HSK-MTI 연계표,전기기기,9455,3,전기기기
HSK-MTI 연계표,전기기기,9457,3,전기기기
HSK-MTI 연계표,전기기기,9463,3,전기기기
HSK-MTI 연계표,전기기기,9468,3,전기기기
HSK-MTI 연계표,전기기기,9469,3,전기기기
HSK-MTI 연계표,전기기기,9470,3,전기기기
HSK-MTI 연계표,전기기기,9471,3,전기기기
HSK-MTI 연계표,전기기기,9472,3,전기기기
HSK-MTI 연계표,전기기기,9473,3,전기기기
HSK-MTI 연계표,이차전지,9484,3,이차전지
HSK-MTI 연계표,이차전지,9485,3,이차전지
HSK-MTI 연계표,이차전지,9486,3,이차전지
HSK-MTI 연계표,이차전지,9487,3,이차전지
HSK-MTI 연계표,이차전지,9488,3,이차전지
HSK-MTI 연계표,이차전지,9489,3,이차전지
HSK-MTI 연계표,이차전지,9490,3,이차전지
HSK-MTI 연계표,이차전지,9491,3,이차전지
HSK-MTI 연계표,이차전지,9492,3,이차전지
HSK-MTI 연계표,이차전지,9493,3,이차전지
HSK-MTI 연계표,가전,9494,3,가전
HSK-MTI 연계표,가전,9495,3,가전
HSK-MTI 연계표,가전,9496,3,가전
HSK-MTI 연계표,일반기계,9497,3,일반기계
HSK-MTI 연계표,일반기계,9498,3,일반기계
HSK-MTI 연계표,가전,9499,3,가전
HSK-MTI 연계표,일반기계,9500,3,일반기계
HSK-MTI 연계표,가전,9501,3,가전
HSK-MTI 연계표,가전,9502,3,가전
HSK-MTI 연계표,가전,9503,3,가전
HSK-MTI 연계표,가전,9504,3,가전
HSK-MTI 연계표,가전,9505,3,가전
HSK-MTI 연계표,가전,9506,3,가전
HSK-MTI 연계표,가전,9507,3,가전
HSK-MTI 연계표,가전,9508,3,가전
HSK-MTI 연계표,가전,9509,3,가전
HSK-MTI 연계표,가전,9510,3,가전
HSK-MTI 연계표,가전,9511,3,가전
HSK-MTI 연계표,가전,9512,3,가전
HSK-MTI 연계표,가전,9513,3,가전
HSK-MTI 연계표,가전,9514,3,가전
HSK-MTI 연계표,자동차,9516,3,자동차부품
HSK-MTI 연계표,자동차부품,9516,3,자동차부품
HSK-MTI 연계표,자동차,9517,3,자동차부품
HSK-MTI 연계표,자동차부품,9517,3,자동차부품
HSK-MTI 연계표,자동차,9519,3,자동차부품
HSK-MTI 연계표,자동차부품,9519,3,자동차부품
HSK-MTI 연계표,자동차,9521,3,자동차부품
HSK-MTI 연계표,자동차부품,9521,3,자동차부품
HSK-MTI 연계표,자동차,9523,3,자동차부품
HSK-MTI 연계표,자동차부품,9523,3,자동차부품
HSK-MTI 연계표,자동차,9524,3,자동차부품
HSK-MTI 연계표,자동차부품,9524,3,자동차부품
HSK-MTI 연계표,자동차,9526,3,자동차부품
HSK-MTI 연계표,자동차부품,9526,3,자동차부품
HSK-MTI 연계표,자동차,9528,3,자동차부품
HSK-MTI 연계표,자동차부품,9528,3,자동차부품
HSK-MTI 연계표,자동차,9530,3,자동차부품
HSK-MTI 연계표,자동차부품,9530,3,자동차부품
HSK-MTI 연계표,가전,9531,3,가전
HSK-MTI 연계표,가전,9532,3,가전
HSK-MTI 연계표,가전,9533,3,가전
HSK-MTI 연계표,가전,9534,3,가전
HSK-MTI 연계표,가전,9535,3,가전
HSK-MTI 연계표,가전,9536,3,가전
HSK-MTI 연계표,자동차,9537,3,자동차부품
HSK-MTI 연계표,자동차부품,9537,3,자동차부품
HSK-MTI 연계표,자동차,9538,3,자동차부품
HSK-MTI 연계표,자동차부품,9538,3,자동차부품
HSK-MTI 연계표,자동차,9539,3,자동차부품
HSK-MTI 연계표,자동차부품,9539,3,자동차부품
HSK-MTI 연계표,가전,9540,3,가전
HSK-MTI 연계표,가전,9541,3,가전
HSK-MTI 연계표,가전,9542,3,가전
HSK-MTI 연계표,가전,9543,3,가전
HSK-MTI 연계표,가전,9544,3,가전
HSK-MTI 연계표,가전,9545,3,가전
HSK-MTI 연계표,일반기계,9546,3,일반기계
HSK-MTI 연계표,전기기기,9547,3,전기기기
HSK-MTI 연계표,전기기기,9548,3,전기기기
HSK-MTI 연계표,전기기기,9549,3,전기기기
HSK-MTI 연계표,전기기기,9550,3,전기기기
HSK-MTI 연계표,전기기기,9551,3,전기기기
HSK-MTI 연계표,전기기기,9552,3,전기기기
HSK-MTI 연계표,전기기기,9553,3,전기기기
HSK-MTI 연계표,전기기기,9554,3,전기기기
HSK-MTI 연계표,전기기기,9555,3,전기기기
HSK-MTI 연계표,전기기기,9556,3,전기기기
HSK-MTI 연계표,전기기기,9557,3,전기기기
HSK-MTI 연계표,전기기기,9558,3,전기기기
HSK-MTI 연계표,전기기기,9559,3,전기기기
HSK-MTI 연계표,전기기기,9560,3,전기기기
HSK-MTI 연계표,전기기기,9562,3,전기기기
HSK-MTI 연계표,전기기기,9564,3,전기기기
HSK-MTI 연계표,전기기기,9565,3,전기기기
HSK-MTI 연계표,일반기계,9566,3,일반기계
HSK-MTI 연계표,일반기계,9567,3,일반기계
HSK-MTI 연계표,일반기계,9568,3,일반기계
HSK-MTI 연계표,일반기계,9569,3,일반기계
HSK-MTI 연계표,일반기계,9570,3,일반기계
HSK-MTI 연계표,일반기계,9571,3,일반기계
HSK-MTI 연계표,일반기계,9572,3,일반기계
HSK-MTI 연계표,일반기계,9573,3,일반기계
HSK-MTI 연계표,일반기계,9574,3,일반기계
HSK-MTI 연계표,일반기계,9575,3,일반기계
HSK-MTI 연계표,일반기계,9576,3,일반기계
HSK-MTI 연계표,일반기계,9577,3,일반기계
HSK-MTI 연계표,일반기계,9578,3,일반기계
HSK-MTI 연계표,일반기계,9579,3,일반기계
HSK-MTI 연계표,일반기계,9580,3,일반기계
HSK-MTI 연계표,일반기계,9581,3,일반기계
HSK-MTI 연계표,일반기계,9582,3,일반기계
HSK-MTI 연계표,일반기계,9583,3,일반기계
HSK-MTI 연계표,일반기계,9584,3,일반기계
HSK-MTI 연계표,일반기계,9585,3,일반기계
HSK-MTI 연계표,일반기계,9586,3,일반기계
HSK-MTI 연계표,일반기계,9587,3,일반기계
HSK-MTI 연계표,일반기계,9588,3,일반기계
HSK-MTI 연계표,일반기계,9589,3,일반기계
HSK-MTI 연계표,일반기계,9590,3,일반기계
HSK-MTI 연계표,일반기계,9591,3,일반기계
HSK-MTI 연계표,일반기계,9592,3,일반기계
HSK-MTI 연계표,일반기계,9593,3,일반기계
HSK-MTI 연계표,일반기계,9594,3,일반기계
HSK-MTI 연계표,가전,9595,3,가전
HSK-MTI 연계표,가전,9596,3,가전
HSK-MTI 연계표,가전,9597,3,가전
HSK-MTI 연계표,가전,9598,3,가전
HSK-MTI 연계표,가전,9599,3,가전
HSK-MTI 연계표,가전,9600,3,가전
HSK-MTI 연계표,가전,9601,3,가전
HSK-MTI 연계표,가전,9602,3,가전
HSK-MTI 연계표,가전,9603,3,가전
HSK-MTI 연계표,가전,9604,3,가전
HSK-MTI 연계표,가전,9605,3,가전
HSK-MTI 연계표,가전,9606,3,가전
HSK-MTI 연계표,가전,9607,3,가전
HSK-MTI 연계표,가전,9608,3,가전
HSK-MTI 연계표,가전,9609,3,가전
HSK-MTI 연계표,가전,9610,3,가전
HSK-MTI 연계표,가전,9611,3,가전
HSK-MTI 연계표,무선통신,9613,3,무선통신기기
HSK-MTI 연계표,무선통신,9614,3,무선통신기기
HSK-MTI 연계표,무선통신,9615,3,무선통신기기
HSK-MTI 연계표,무선통신,9616,3,무선통신기기
HSK-MTI 연계표,무선통신,9617,3,무선통신기기
HSK-MTI 연계표,무선통신,9618,3,무선통신기기
HSK-MTI 연계표,무선통신,9620,3,무선통신기기
HSK-MTI 연계표,무선통신,9622,3,무선통신기기
HSK-MTI 연계표,무선통신,9624,3,무선통신기기
HSK-MTI 연계표,무선통신,9625,3,무선통신기기
HSK-MTI 연계표,무선통신,9626,3,무선통신기기
HSK-MTI 연계표,무선통신,9631,3,무선통신기기
HSK-MTI 연계표,무선통신,9632,3,무선통신기기
HSK-MTI 연계표,무선통신,9633,3,무선통신기기
HSK-MTI 연계표,무선통신,9635,3,무선통신기기
HSK-MTI 연계표,무선통신,9636,3,무선통신기기
HSK-MTI 연계표,무선통신,9637,3,무선통신기기
HSK-MTI 연계표,무선통신,9639,3,무선통신기기
HSK-MTI 연계표,가전,9640,3,가전
HSK-MTI 연계표,가전,9641,3,가전
HSK-MTI 연계표,가전,9642,3,가전
HSK-MTI 연계표,가전,9643,3,가전
HSK-MTI 연계표,가전,9644,3,가전
HSK-MTI 연계표,가전,9645,3,가전
HSK-MTI 연계표,가전,9646,3,가전
HSK-MTI 연계표,가전,9649,3,가전
HSK-MTI 연계표,가전,9650,3,가전
HSK-MTI 연계표,가전,9651,3,가전
HSK-MTI 연계표,가전,9652,3,가전
HSK-MTI 연계표,가전,9653,3,가전
HSK-MTI 연계표,가전,9654,3,가전
HSK-MTI 연계표,가전,9655,3,가전
HSK-MTI 연계표,가전,9656,3,가전
HSK-MTI 연계표,가전,9657,3,가전
HSK-MTI 연계표,가전,9658,3,가전
HSK-MTI 연계표,가전,9659,3,가전
HSK-MTI 연계표,가전,9660,3,가전
HSK-MTI 연계표,가전,9661,3,가전
HSK-MTI 연계표,가전,9662,3,가전
HSK-MTI 연계표,가전,9663,3,가전
HSK-MTI 연계표,컴퓨터,9664,3,컴퓨터
HSK-MTI 연계표,가전,9665,3,가전
HSK-MTI 연계표,컴퓨터,9666,3,컴퓨터
HSK-MTI 연계표,컴퓨터,9667,3,컴퓨터
HSK-MTI 연계표,컴퓨터,9668,3,컴퓨터
HSK-MTI 연계표,가전,9669,3,가전
HSK-MTI 연계표,컴퓨터,9670,3,컴퓨터
HSK-MTI 연계표,컴퓨터,9671,3,컴퓨터
HSK-MTI 연계표,컴퓨터,9672,3,컴퓨터
HSK-MTI 연계표,컴퓨터,9673,3,컴퓨터
HSK-MTI 연계표,컴퓨터,9674,3,컴퓨터
HSK-MTI 연계표,가전,9675,3,가전
HSK-MTI 연계표,컴퓨터,9676,3,컴퓨터
HSK-MTI 연계표,컴퓨터,9677,3,컴퓨터
HSK-MTI 연계표,가전,9678,3,가전
HSK-MTI 연계표,컴퓨터,9679,3,컴퓨터
HSK-MTI 연계표,컴퓨터,9680,3,컴퓨터
HSK-MTI 연계표,컴퓨터,9681,3,컴퓨터
HSK-MTI 연계표,컴퓨터,9682,3,컴퓨터
HSK-MTI 연계표,컴퓨터,9683,3,컴퓨터
HSK-MTI 연계표,컴퓨터,9684,3,컴퓨터
HSK-MTI 연계표,컴퓨터,9685,3,컴퓨터
HSK-MTI 연계표,반도체,9686,3,반도체
HSK-MTI 연계표,반도체,9687,3,반도체
HSK-MTI 연계표,반도체,9688,3,반도체
HSK-MTI 연계표,컴퓨터,9689,3,컴퓨터
HSK-MTI 연계표,컴퓨터,9690,3,컴퓨터
HSK-MTI 연계표,컴퓨터,9691,3,컴퓨터
HSK-MTI 연계표,컴퓨터,9692,3,컴퓨터
HSK-MTI 연계표,가전,9693,3,가전
HSK-MTI 연계표,컴퓨터,9694,3,컴퓨터
HSK-MTI 연계표,컴퓨터,9695,3,컴퓨터
HSK-MTI 연계표,컴퓨터,9696,3,컴퓨터
HSK-MTI 연계표,컴퓨터,9697,3,컴퓨터
HSK-MTI 연계표,컴퓨터,9698,3,컴퓨터
HSK-MTI 연계표,디스플레이,9699,3,디스플레이
HSK-MTI 연계표,디스플레이,9700,3,디스플레이
HSK-MTI 연계표,디스플레이,9701,3,디스플레이
HSK-MTI 연계표,디스플레이,9702,3,디스플레이
HSK-MTI 연계표,디스플레이,9703,3,디스플레이
HSK-MTI 연계표,디스플레이,9704,3,디스플레이
HSK-MTI 연계표,디스플레이,9705,3,디스플레이
HSK-MTI 연계표,디스플레이,9706,3,디스플레이
HSK-MTI 연계표,디스플레이,9707,3,디스플레이
HSK-MTI 연계표,디스플레이,9708,3,디스플레이
HSK-MTI 연계표,디스플레이,9709,3,디스플레이
HSK-MTI 연계표,디스플레이,9710,3,디스플레이
HSK-MTI 연계표,디스플레이,9711,3,디스플레이
HSK-MTI 연계표,디스플레이,9712,3,디스플레이
HSK-MTI 연계표,디스플레이,9713,3,디스플레이
HSK-MTI 연계표,디스플레이,9714,3,디스플레이
HSK-MTI 연계표,디스플레이,9715,3,디스플레이
HSK-MTI 연계표,디스플레이,9716,3,디스플레이
HSK-MTI 연계표,디스플레이,9717,3,디스플레이
HSK-MTI 연계표,디스플레이,9718,3,디스플레이
HSK-MTI 연계표,디스플레이,9719,3,디스플레이
HSK-MTI 연계표,디스플레이,9720,3,디스플레이
HSK-MTI 연계표,디스플레이,9721,3,디스플레이
HSK-MTI 연계표,디스플레이,9722,3,디스플레이
HSK-MTI 연계표,디스플레이,9723,3,디스플레이
HSK-MTI 연계표,디스플레이,9724,3,디스플레이
HSK-MTI 연계표,디스플레이,9725,3,디스플레이
HSK-MTI 연계표,디스플레이,9726,3,디스플레이
HSK-MTI 연계표,디스플레이,9727,3,디스플레이
HSK-MTI 연계표,디스플레이,9728,3,디스플레이
HSK-MTI 연계표,디스플레이,9729,3,디스플레이
HSK-MTI 연계표,디스플레이,9730,3,디스플레이
HSK-MTI 연계표,디스플레이,9731,3,디스플레이
HSK-MTI 연계표,디스플레이,9732,3,디스플레이
HSK-MTI 연계표,디스플레이,9733,3,디스플레이
HSK-MTI 연계표,디스플레이,9734,3,디스플레이
HSK-MTI 연계표,무선통신,9735,3,무선통신기기
HSK-MTI 연계표,무선통신,9736,3,무선통신기기
HSK-MTI 연계표,무선통신,9737,3,무선통신기기
HSK-MTI 연계표,무선통신,9738,3,무선통신기기
HSK-MTI 연계표,무선통신,9739,3,무선통신기기
HSK-MTI 연계표,무선통신,9740,3,무선통신기기
HSK-MTI 연계표,무선통신,9741,3,무선통신기기
HSK-MTI 연계표,무선통신,9742,3,무선통신기기
HSK-MTI 연계표,무선통신,9743,3,무선통신기기
HSK-MTI 연계표,무선통신,9744,3,무선통신기기
HSK-MTI 연계표,무선통신,9745,3,무선통신기기
HSK-MTI 연계표,가전,9746,3,가전
HSK-MTI 연계표,가전,9747,3,가전
HSK-MTI 연계표,무선통신,9748,3,무선통신기기
HSK-MTI 연계표,무선통신,9749,3,무선통신기기
HSK-MTI 연계표,무선통신,9750,3,무선통신기기
HSK-MTI 연계표,무선통신,9751,3,무선통신기기
HSK-MTI 연계표,무선통신,9752,3,무선통신기기
HSK-MTI 연계표,무선통신,9753,3,무선통신기기
HSK-MTI 연계표,무선통신,9754,3,무선통신기기
HSK-MTI 연계표,무선통신,9755,3,무선통신기기
HSK-MTI 연계표,무선통신,9756,3,무선통신기기
HSK-MTI 연계표,무선통신,9757,3,무선통신기기
HSK-MTI 연계표,무선통신,9758,3,무선통신기기
HSK-MTI 연계표,무선통신,9759,3,무선통신기기
HSK-MTI 연계표,무선통신,9760,3,무선통신기기
HSK-MTI 연계표,무선통신,9761,3,무선통신기기
HSK-MTI 연계표,가전,9762,3,가전
HSK-MTI 연계표,가전,9763,3,가전
HSK-MTI 연계표,가전,9764,3,가전
HSK-MTI 연계표,가전,9765,3,가전
HSK-MTI 연계표,가전,9766,3,가전
HSK-MTI 연계표,가전,9767,3,가전
HSK-MTI 연계표,가전,9768,3,가전
HSK-MTI 연계표,가전,9769,3,가전
HSK-MTI 연계표,가전,9770,3,가전
HSK-MTI 연계표,가전,9771,3,가전
HSK-MTI 연계표,가전,9772,3,가전
HSK-MTI 연계표,가전,9773,3,가전
HSK-MTI 연계표,가전,9774,3,가전
HSK-MTI 연계표,가전,9775,3,가전
HSK-MTI 연계표,가전,9776,3,가전
HSK-MTI 연계표,가전,9777,3,가전
HSK-MTI 연계표,가전,9778,3,가전
HSK-MTI 연계표,가전,9779,3,가전
HSK-MTI 연계표,가전,9780,3,가전
HSK-MTI 연계표,가전,9781,3,가전
HSK-MTI 연계표,가전,9782,3,가전
HSK-MTI 연계표,무선통신,9783,3,무선통신기기
HSK-MTI 연계표,무선통신,9784,3,무선통신기기
HSK-MTI 연계표,무선통신,9785,3,무선통신기기
HSK-MTI 연계표,무선통신,9786,3,무선통신기기
HSK-MTI 연계표,무선통신,9787,3,무선통신기기
HSK-MTI 연계표,컴퓨터,9788,3,컴퓨터
HSK-MTI 연계표,컴퓨터,9789,3,컴퓨터
HSK-MTI 연계표,바이오,9790,3,바이오헬스
HSK-MTI 연계표,무선통신,9791,3,무선통신기기
HSK-MTI 연계표,바이오,9792,3,바이오헬스
HSK-MTI 연계표,무선통신,9793,3,무선통신기기
HSK-MTI 연계표,컴퓨터,9794,3,컴퓨터
HSK-MTI 연계표,무선통신,9795,3,무선통신기기
HSK-MTI 연계표,무선통신,9796,3,무선통신기기
HSK-MTI 연계표,무선통신,9797,3,무선통신기기
HSK-MTI 연계표,무선통신,9798,3,무선통신기기
HSK-MTI 연계표,무선통신,9799,3,무선통신기기
HSK-MTI 연계표,가전,9800,3,가전
HSK-MTI 연계표,가전,9801,3,가전
HSK-MTI 연계표,가전,9802,3,가전
HSK-MTI 연계표,가전,9803,3,가전
HSK-MTI 연계표,가전,9804,3,가전
HSK-MTI 연계표,가전,9805,3,가전
HSK-MTI 연계표,무선통신,9806,3,무선통신기기
HSK-MTI 연계표,무선통신,9807,3,무선통신기기
HSK-MTI 연계표,무선통신,9808,3,무선통신기기
HSK-MTI 연계표,무선통신,9809,3,무선통신기기
HSK-MTI 연계표,무선통신,9811,3,무선통신기기
HSK-MTI 연계표,무선통신,9812,3,무선통신기기
HSK-MTI 연계표,무선통신,9813,3,무선통신기기
HSK-MTI 연계표,가전,9814,3,가전
HSK-MTI 연계표,무선통신,9815,3,무선통신기기
HSK-MTI 연계표,가전,9816,3,가전
HSK-MTI 연계표,디스플레이,9817,3,디스플레이
HSK-MTI 연계표,디스플레이,9818,3,디스플레이
HSK-MTI 연계표,가전,9819,3,가전
HSK-MTI 연계표,디스플레이,9829,3,디스플레이
HSK-MTI 연계표,디스플레이,9835,3,디스플레이
HSK-MTI 연계표,전기기기,9836,3,전기기기
HSK-MTI 연계표,전기기기,9861,3,전기기기
HSK-MTI 연계표,전기기기,9862,3,전기기기
HSK-MTI 연계표,전기기기,9863,3,전기기기
HSK-MTI 연계표,전기기기,9864,3,전기기기
HSK-MTI 연계표,전기기기,9865,3,전기기기
HSK-MTI 연계표,전기기기,9866,3,전기기기
HSK-MTI 연계표,전기기기,9867,3,전기기기
HSK-MTI 연계표,전기기기,9868,3,전기기기
HSK-MTI 연계표,전기기기,9869,3,전기기기
HSK-MTI 연계표,전기기기,9870,3,전기기기
HSK-MTI 연계표,전기기기,9871,3,전기기기
HSK-MTI 연계표,전기기기,9872,3,전기기기
HSK-MTI 연계표,전기기기,9875,3,전기기기
HSK-MTI 연계표,전기기기,9876,3,전기기기
HSK-MTI 연계표,전기기기,9878,3,전기기기
HSK-MTI 연계표,전기기기,9879,3,전기기기
HSK-MTI 연계표,전기기기,9880,3,전기기기
HSK-MTI 연계표,전기기기,9881,3,전기기기
HSK-MTI 연계표,전기기기,9882,3,전기기기
HSK-MTI 연계표,전기기기,9883,3,전기기기
HSK-MTI 연계표,전기기기,9884,3,전기기기
HSK-MTI 연계표,전기기기,9885,3,전기기기
HSK-MTI 연계표,전기기기,9886,3,전기기기
HSK-MTI 연계표,전기기기,9898,3,전기기기
HSK-MTI 연계표,전기기기,9899,3,전기기기
HSK-MTI 연계표,전기기기,9900,3,전기기기
HSK-MTI 연계표,전기기기,9901,3,전기기기
HSK-MTI 연계표,전기기기,9902,3,전기기기
HSK-MTI 연계표,전기기기,9903,3,전기기기
HSK-MTI 연계표,전기기기,9904,3,전기기기
HSK-MTI 연계표,전기기기,9905,3,전기기기
HSK-MTI 연계표,전기기기,9906,3,전기기기
HSK-MTI 연계표,전기기기,9907,3,전기기기
HSK-MTI 연계표,전기기기,9908,3,전기기기
HSK-MTI 연계표,전기기기,9909,3,전기기기
HSK-MTI 연계표,디스플레이,9910,3,디스플레이
HSK-MTI 연계표,가전,9911,3,가전
HSK-MTI 연계표,가전,9912,3,가전
HSK-MTI 연계표,가전,9913,3,가전
HSK-MTI 연계표,가전,9914,3,가전
HSK-MTI 연계표,가전,9915,3,가전
HSK-MTI 연계표,가전,9916,3,가전
HSK-MTI 연계표,가전,9917,3,가전
HSK-MTI 연계표,가전,9918,3,가전
HSK-MTI 연계표,가전,9919,3,가전
HSK-MTI 연계표,가전,9920,3,가전
HSK-MTI 연계표,가전,9921,3,가전
HSK-MTI 연계표,가전,9922,3,가전
HSK-MTI 연계표,가전,9923,3,가전
HSK-MTI 연계표,가전,9924,3,가전
HSK-MTI 연계표,가전,9926,3,가전
HSK-MTI 연계표,가전,9927,3,가전
HSK-MTI 연계표,가전,9928,3,가전
HSK-MTI 연계표,가전,9929,3,가전
HSK-MTI 연계표,가전,9930,3,가전
HSK-MTI 연계표,가전,9931,3,가전
HSK-MTI 연계표,가전,9932,3,가전
HSK-MTI 연계표,반도체,9948,3,반도체
HSK-MTI 연계표,반도체,9949,3,반도체
HSK-MTI 연계표,반도체,9950,3,반도체
HSK-MTI 연계표,반도체,9951,3,반도체
HSK-MTI 연계표,반도체,9952,3,반도체
HSK-MTI 연계표,반도체,9953,3,반도체
HSK-MTI 연계표,반도체,9954,3,반도체
HSK-MTI 연계표,반도체,9955,3,반도체
HSK-MTI 연계표,반도체,9956,3,반도체
HSK-MTI 연계표,반도체,9957,3,반도체
HSK-MTI 연계표,반도체,9958,3,반도체
HSK-MTI 연계표,반도체,9959,3,반도체
HSK-MTI 연계표,반도체,9960,3,반도체
HSK-MTI 연계표,전기기기,9961,3,전기기기
HSK-MTI 연계표,반도체,9962,3,반도체
HSK-MTI 연계표,반도체,9963,3,반도체
HSK-MTI 연계표,반도체,9964,3,반도체
HSK-MTI 연계표,반도체,9965,3,반도체
HSK-MTI 연계표,반도체,9966,3,반도체
HSK-MTI 연계표,반도체,9967,3,반도체
HSK-MTI 연계표,반도체,9968,3,반도체
HSK-MTI 연계표,반도체,9969,3,반도체
HSK-MTI 연계표,반도체,9970,3,반도체
HSK-MTI 연계표,반도체,9971,3,반도체
HSK-MTI 연계표,반도체,9972,3,반도체
HSK-MTI 연계표,반도체,9973,3,반도체
HSK-MTI 연계표,반도체,9974,3,반도체
HSK-MTI 연계표,반도체,9975,3,반도체
HSK-MTI 연계표,반도체,9976,3,반도체
HSK-MTI 연계표,반도체,9977,3,반도체
HSK-MTI 연계표,반도체,9978,3,반도체
HSK-MTI 연계표,반도체,9979,3,반도체
HSK-MTI 연계표,반도체,9980,3,반도체
HSK-MTI 연계표,반도체,9981,3,반도체
HSK-MTI 연계표,반도체,9982,3,반도체
HSK-MTI 연계표,반도체,9983,3,반도체
HSK-MTI 연계표,반도체,9984,3,반도체
HSK-MTI 연계표,반도체,9985,3,반도체
HSK-MTI 연계표,반도체,9986,3,반도체
HSK-MTI 연계표,반도체,9987,3,반도체
HSK-MTI 연계표,반도체,9988,3,반도체
HSK-MTI 연계표,반도체,9989,3,반도체
HSK-MTI 연계표,반도체,9990,3,반도체
HSK-MTI 연계표,반도체,9991,3,반도체
HSK-MTI 연계표,반도체,9992,3,반도체
HSK-MTI 연계표,반도체,9993,3,반도체
HSK-MTI 연계표,반도체,9994,3,반도체
HSK-MTI 연계표,반도체,9995,3,반도체
HSK-MTI 연계표,반도체,9996,3,반도체
HSK-MTI 연계표,전기기기,9999,3,전기기기
HSK-MTI 연계표,전기기기,10000,3,전기기기
HSK-MTI 연계표,전기기기,10001,3,전기기기
HSK-MTI 연계표,전기기기,10002,3,전기기기
HSK-MTI 연계표,전기기기,10003,3,전기기기
HSK-MTI 연계표,전기기기,10004,3,전기기기
HSK-MTI 연계표,가전,10005,3,가전
HSK-MTI 연계표,가전,10006,3,가전
HSK-MTI 연계표,가전,10007,3,가전
HSK-MTI 연계표,가전,10008,3,가전
HSK-MTI 연계표,가전,10009,3,가전
HSK-MTI 연계표,가전,10010,3,가전
HSK-MTI 연계표,가전,10013,3,가전
HSK-MTI 연계표,반도체,10020,3,반도체
HSK-MTI 연계표,전기기기,10022,3,전기기기
HSK-MTI 연계표,전기기기,10023,3,전기기기
HSK-MTI 연계표,전기기기,10024,3,전기기기
HSK-MTI 연계표,전기기기,10025,3,전기기기
HSK-MTI 연계표,전기기기,10026,3,전기기기
HSK-MTI 연계표,전기기기,10027,3,전기기기
HSK-MTI 연계표,전기기기,10028,3,전기기기
HSK-MTI 연계표,전기기기,10029,3,전기기기
HSK-MTI 연계표,전기기기,10030,3,전기기기
HSK-MTI 연계표,전기기기,10031,3,전기기기
HSK-MTI 연계표,전기기기,10032,3,전기기기
HSK-MTI 연계표,전기기기,10033,3,전기기기
HSK-MTI 연계표,전기기기,10034,3,전기기기
HSK-MTI 연계표,전기기기,10035,3,전기기기
HSK-MTI 연계표,전기기기,10036,3,전기기기
HSK-MTI 연계표,전기기기,10037,3,전기기기
HSK-MTI 연계표,전기기기,10038,3,전기기기
HSK-MTI 연계표,전기기기,10039,3,전기기기
HSK-MTI 연계표,전기기기,10040,3,전기기기
HSK-MTI 연계표,전기기기,10041,3,전기기기
HSK-MTI 연계표,전기기기,10042,3,전기기기
HSK-MTI 연계표,전기기기,10043,3,전기기기
HSK-MTI 연계표,전기기기,10044,3,전기기기
HSK-MTI 연계표,전기기기,10045,3,전기기기
HSK-MTI 연계표,전기기기,10046,3,전기기기
HSK-MTI 연계표,전기기기,10047,3,전기기기
HSK-MTI 연계표,전기기기,10048,3,전기기기
HSK-MTI 연계표,전기기기,10049,3,전기기기
HSK-MTI 연계표,전기기기,10050,3,전기기기
HSK-MTI 연계표,전기기기,10051,3,전기기기
HSK-MTI 연계표,전기기기,10052,3,전기기기
HSK-MTI 연계표,전기기기,10053,3,전기기기
HSK-MTI 연계표,전기기기,10055,3,전기기기
HSK-MTI 연계표,전기기기,10056,3,전기기기
HSK-MTI 연계표,전기기기,10057,3,전기기기
HSK-MTI 연계표,전기기기,10058,3,전기기기
HSK-MTI 연계표,전기기기,10059,3,전기기기
HSK-MTI 연계표,전기기기,10060,3,전기기기
HSK-MTI 연계표,전기기기,10061,3,전기기기
HSK-MTI 연계표,반도체,10062,3,반도체
HSK-MTI 연계표,디스플레이,10063,3,디스플레이
HSK-MTI 연계표,전기기기,10064,3,전기기기
HSK-MTI 연계표,전기기기,10065,3,전기기기
HSK-MTI 연계표,전기기기,10066,3,전기기기
HSK-MTI 연계표,전기기기,10067,3,전기기기
HSK-MTI 연계표,전기기기,10068,3,전기기기
HSK-MTI 연계표,전기기기,10069,3,전기기기
HSK-MTI 연계표,전기기기,10070,3,전기기기
HSK-MTI 연계표,전기기기,10071,3,전기기기
HSK-MTI 연계표,전기기기,10072,3,전기기기
HSK-MTI 연계표,전기기기,10073,3,전기기기
HSK-MTI 연계표,전기기기,10074,3,전기기기
HSK-MTI 연계표,전기기기,10075,3,전기기기
HSK-MTI 연계표,전기기기,10076,3,전기기기
HSK-MTI 연계표,전기기기,10077,3,전기기기
HSK-MTI 연계표,전기기기,10078,3,전기기기
HSK-MTI 연계표,전기기기,10079,3,전기기기
HSK-MTI 연계표,전기기기,10080,3,전기기기
HSK-MTI 연계표,전기기기,10081,3,전기기기
HSK-MTI 연계표,전기기기,10082,3,전기기기
HSK-MTI 연계표,전기기기,10083,3,전기기기
HSK-MTI 연계표,전기기기,10084,3,전기기기
HSK-MTI 연계표,전기기기,10085,3,전기기기
HSK-MTI 연계표,전기기기,10086,3,전기기기
HSK-MTI 연계표,전기기기,10087,3,전기기기
HSK-MTI 연계표,전기기기,10088,3,전기기기
HSK-MTI 연계표,전기기기,10089,3,전기기기
HSK-MTI 연계표,전기기기,10090,3,전기기기
HSK-MTI 연계표,일반기계,10123,3,일반기계
HSK-MTI 연계표,일반기계,10124,3,일반기계
HSK-MTI 연계표,일반기계,10125,3,일반기계
HSK-MTI 연계표,일반기계,10132,3,일반기계
HSK-MTI 연계표,자동차,10133,3,자동차
HSK-MTI 연계표,자동차,10134,3,자동차
HSK-MTI 연계표,자동차,10135,3,자동차
HSK-MTI 연계표,자동차,10136,3,자동차
HSK-MTI 연계표,자동차,10137,3,자동차
HSK-MTI 연계표,자동차,10138,3,자동차
HSK-MTI 연계표,자동차,10139,3,자동차
HSK-MTI 연계표,자동차,10140,3,자동차
HSK-MTI 연계표,자동차,10141,3,자동차
HSK-MTI 연계표,자동차,10142,3,자동차
HSK-MTI 연계표,자동차,10143,3,자동차
HSK-MTI 연계표,자동차,10144,3,자동차
HSK-MTI 연계표,자동차,10145,3,자동차
HSK-MTI 연계표,일반기계,10146,3,일반기계
HSK-MTI 연계표,자동차,10147,3,자동차
HSK-MTI 연계표,자동차,10148,3,자동차
HSK-MTI 연계표,자동차,10149,3,자동차
HSK-MTI 연계표,일반기계,10150,3,일반기계
HSK-MTI 연계표,자동차,10151,3,자동차
HSK-MTI 연계표,자동차,10152,3,자동차
HSK-MTI 연계표,자동차,10153,3,자동차
HSK-MTI 연계표,일반기계,10154,3,일반기계
HSK-MTI 연계표,자동차,10155,3,자동차
HSK-MTI 연계표,자동차,10156,3,자동차
HSK-MTI 연계표,자동차,10157,3,자동차
HSK-MTI 연계표,일반기계,10158,3,일반기계
HSK-MTI 연계표,자동차,10159,3,자동차
HSK-MTI 연계표,자동차,10160,3,자동차
HSK-MTI 연계표,자동차,10161,3,자동차
HSK-MTI 연계표,일반기계,10162,3,일반기계
HSK-MTI 연계표,자동차,10163,3,자동차
HSK-MTI 연계표,자동차,10164,3,자동차
HSK-MTI 연계표,자동차,10165,3,자동차
HSK-MTI 연계표,자동차,10166,3,자동차
HSK-MTI 연계표,자동차,10167,3,자동차
HSK-MTI 연계표,자동차,10168,3,자동차
HSK-MTI 연계표,자동차,10169,3,자동차
HSK-MTI 연계표,자동차,10170,3,자동차
HSK-MTI 연계표,자동차,10171,3,자동차
HSK-MTI 연계표,자동차,10172,3,자동차
HSK-MTI 연계표,자동차,10173,3,자동차
HSK-MTI 연계표,자동차,10174,3,자동차
HSK-MTI 연계표,자동차,10175,3,자동차
HSK-MTI 연계표,자동차,10176,3,자동차
HSK-MTI 연계표,자동차,10177,3,자동차
HSK-MTI 연계표,자동차,10178,3,자동차
HSK-MTI 연계표,자동차,10179,3,자동차
HSK-MTI 연계표,자동차,10180,3,자동차
HSK-MTI 연계표,자동차,10181,3,자동차
HSK-MTI 연계표,자동차,10182,3,자동차
HSK-MTI 연계표,자동차,10183,3,자동차
HSK-MTI 연계표,자동차,10184,3,자동차
HSK-MTI 연계표,자동차,10185,3,자동차
HSK-MTI 연계표,자동차,10186,3,자동차
HSK-MTI 연계표,자동차,10187,3,자동차
HSK-MTI 연계표,자동차,10188,3,자동차
HSK-MTI 연계표,자동차,10189,3,자동차
HSK-MTI 연계표,자동차,10190,3,자동차
HSK-MTI 연계표,자동차,10191,3,자동차
HSK-MTI 연계표,자동차,10192,3,자동차
HSK-MTI 연계표,자동차,10193,3,자동차
HSK-MTI 연계표,자동차,10194,3,자동차
HSK-MTI 연계표,자동차,10195,3,자동차
HSK-MTI 연계표,자동차,10196,3,자동차
HSK-MTI 연계표,자동차,10197,3,자동차
HSK-MTI 연계표,자동차,10198,3,자동차
HSK-MTI 연계표,자동차,10199,3,자동차
HSK-MTI 연계표,자동차,10200,3,자동차
HSK-MTI 연계표,자동차,10201,3,자동차
HSK-MTI 연계표,자동차,10202,3,자동차
HSK-MTI 연계표,자동차,10203,3,자동차
HSK-MTI 연계표,자동차,10204,3,자동차
HSK-MTI 연계표,자동차,10205,3,자동차
HSK-MTI 연계표,자동차,10206,3,자동차
HSK-MTI 연계표,자동차,10207,3,자동차
HSK-MTI 연계표,자동차,10208,3,자동차
HSK-MTI 연계표,자동차,10209,3,자동차
HSK-MTI 연계표,자동차,10210,3,자동차
HSK-MTI 연계표,자동차,10211,3,자동차
HSK-MTI 연계표,자동차,10212,3,자동차
HSK-MTI 연계표,자동차,10213,3,자동차
HSK-MTI 연계표,자동차,10214,3,자동차
HSK-MTI 연계표,자동차,10215,3,자동차
HSK-MTI 연계표,자동차,10216,3,자동차
HSK-MTI 연계표,자동차,10217,3,자동차
HSK-MTI 연계표,자동차,10218,3,자동차
HSK-MTI 연계표,자동차,10219,3,자동차
HSK-MTI 연계표,자동차,10220,3,자동차
HSK-MTI 연계표,자동차,10221,3,자동차
HSK-MTI 연계표,자동차,10222,3,자동차
HSK-MTI 연계표,자동차,10223,3,자동차
HSK-MTI 연계표,자동차,10224,3,자동차
HSK-MTI 연계표,자동차,10225,3,자동차
HSK-MTI 연계표,자동차,10226,3,자동차
HSK-MTI 연계표,자동차,10227,3,자동차
HSK-MTI 연계표,자동차,10228,3,자동차
HSK-MTI 연계표,자동차,10229,3,자동차
HSK-MTI 연계표,자동차,10230,3,자동차
HSK-MTI 연계표,자동차,10231,3,자동차
HSK-MTI 연계표,자동차,10232,3,자동차
HSK-MTI 연계표,자동차,10233,3,자동차
HSK-MTI 연계표,자동차,10234,3,자동차
HSK-MTI 연계표,자동차,10235,3,자동차
HSK-MTI 연계표,자동차,10236,3,자동차
HSK-MTI 연계표,자동차,10237,3,자동차
HSK-MTI 연계표,자동차,10238,3,자동차
HSK-MTI 연계표,자동차,10239,3,자동차
HSK-MTI 연계표,자동차,10240,3,자동차
HSK-MTI 연계표,자동차,10241,3,자동차
HSK-MTI 연계표,자동차,10242,3,자동차
HSK-MTI 연계표,자동차,10243,3,자동차
HSK-MTI 연계표,자동차,10244,3,자동차
HSK-MTI 연계표,자동차,10245,3,자동차
HSK-MTI 연계표,자동차,10246,3,자동차
HSK-MTI 연계표,자동차,10247,3,자동차
HSK-MTI 연계표,자동차,10248,3,자동차
HSK-MTI 연계표,자동차,10249,3,자동차
HSK-MTI 연계표,자동차,10250,3,자동차
HSK-MTI 연계표,자동차,10251,3,자동차
HSK-MTI 연계표,자동차,10252,3,자동차
HSK-MTI 연계표,자동차,10253,3,자동차
HSK-MTI 연계표,자동차,10254,3,자동차
HSK-MTI 연계표,자동차,10255,3,자동차
HSK-MTI 연계표,자동차,10256,3,자동차
HSK-MTI 연계표,자동차,10257,3,자동차
HSK-MTI 연계표,자동차,10258,3,자동차
HSK-MTI 연계표,자동차,10259,3,자동차
HSK-MTI 연계표,자동차,10260,3,자동차
HSK-MTI 연계표,자동차,10261,3,자동차
HSK-MTI 연계표,자동차,10262,3,자동차
HSK-MTI 연계표,자동차,10263,3,자동차
HSK-MTI 연계표,자동차,10264,3,자동차
HSK-MTI 연계표,자동차,10265,3,자동차
HSK-MTI 연계표,자동차,10266,3,자동차
HSK-MTI 연계표,자동차,10267,3,자동차
HSK-MTI 연계표,자동차,10268,3,자동차
HSK-MTI 연계표,자동차,10269,3,자동차
HSK-MTI 연계표,자동차,10270,3,자동차
HSK-MTI 연계표,자동차,10271,3,자동차
HSK-MTI 연계표,자동차,10272,3,자동차
HSK-MTI 연계표,자동차,10273,3,자동차
HSK-MTI 연계표,자동차,10274,3,자동차
HSK-MTI 연계표,자동차,10275,3,자동차
HSK-MTI 연계표,자동차,10276,3,자동차
HSK-MTI 연계표,자동차,10277,3,자동차
HSK-MTI 연계표,자동차,10278,3,자동차
HSK-MTI 연계표,자동차,10279,3,자동차
HSK-MTI 연계표,자동차,10280,3,자동차
HSK-MTI 연계표,자동차,10281,3,자동차
HSK-MTI 연계표,자동차,10282,3,자동차
HSK-MTI 연계표,자동차,10283,3,자동차
HSK-MTI 연계표,자동차,10284,3,자동차
HSK-MTI 연계표,자동차,10285,3,자동차
HSK-MTI 연계표,자동차,10286,3,자동차
HSK-MTI 연계표,자동차,10287,3,자동차
HSK-MTI 연계표,자동차,10288,3,자동차
HSK-MTI 연계표,자동차,10289,3,자동차
HSK-MTI 연계표,자동차,10290,3,자동차
HSK-MTI 연계표,자동차,10291,3,자동차
HSK-MTI 연계표,자동차,10292,3,자동차
HSK-MTI 연계표,자동차,10293,3,자동차
HSK-MTI 연계표,자동차,10294,3,자동차
HSK-MTI 연계표,자동차,10295,3,자동차부품
HSK-MTI 연계표,자동차부품,10295,3,자동차부품
HSK-MTI 연계표,자동차,10296,3,자동차부품
HSK-MTI 연계표,자동차부품,10296,3,자동차부품
HSK-MTI 연계표,자동차,10297,3,자동차부품
HSK-MTI 연계표,자동차부품,10297,3,자동차부품
HSK-MTI 연계표,자동차,10298,3,자동차부품
HSK-MTI 연계표,자동차부품,10298,3,자동차부품
HSK-MTI 연계표,자동차,10299,3,자동차부품
HSK-MTI 연계표,자동차부품,10299,3,자동차부품
HSK-MTI 연계표,자동차,10300,3,자동차부품
HSK-MTI 연계표,자동차부품,10300,3,자동차부품
HSK-MTI 연계표,자동차,10301,3,자동차부품
HSK-MTI 연계표,자동차부품,10301,3,자동차부품
HSK-MTI 연계표,자동차,10302,3,자동차부품
HSK-MTI 연계표,자동차부품,10302,3,자동차부품
HSK-MTI 연계표,자동차,10303,3,자동차부품
HSK-MTI 연계표,자동차부품,10303,3,자동차부품
HSK-MTI 연계표,자동차,10304,3,자동차부품
HSK-MTI 연계표,자동차부품,10304,3,자동차부품
HSK-MTI 연계표,자동차,10305,3,자동차부품
HSK-MTI 연계표,자동차부품,10305,3,자동차부품
HSK-MTI 연계표,자동차,10306,3,자동차부품
HSK-MTI 연계표,자동차부품,10306,3,자동차부품
HSK-MTI 연계표,자동차,10307,3,자동차부품
HSK-MTI 연계표,자동차부품,10307,3,자동차부품
HSK-MTI 연계표,자동차,10308,3,자동차부품
HSK-MTI 연계표,자동차부품,10308,3,자동차부품
HSK-MTI 연계표,자동차,10309,3,자동차부품
HSK-MTI 연계표,자동차부품,10309,3,자동차부품
HSK-MTI 연계표,자동차,10310,3,자동차부품
HSK-MTI 연계표,자동차부품,10310,3,자동차부품
HSK-MTI 연계표,자동차,10311,3,자동차부품
HSK-MTI 연계표,자동차부품,10311,3,자동차부품
HSK-MTI 연계표,자동차,10312,3,자동차부품
HSK-MTI 연계표,자동차부품,10312,3,자동차부품
HSK-MTI 연계표,자동차,10313,3,자동차부품
HSK-MTI 연계표,자동차부품,10313,3,자동차부품
HSK-MTI 연계표,자동차,10314,3,자동차부품
HSK-MTI 연계표,자동차부품,10314,3,자동차부품
HSK-MTI 연계표,자동차,10315,3,자동차부품
HSK-MTI 연계표,자동차부품,10315,3,자동차부품
HSK-MTI 연계표,자동차,10316,3,자동차부품
HSK-MTI 연계표,자동차부품,10316,3,자동차부품
HSK-MTI 연계표,자동차,10317,3,자동차부품
HSK-MTI 연계표,자동차부품,10317,3,자동차부품
HSK-MTI 연계표,자동차,10318,3,자동차부품
HSK-MTI 연계표,자동차부품,10318,3,자동차부품
HSK-MTI 연계표,자동차,10319,3,자동차부품
HSK-MTI 연계표,자동차부품,10319,3,자동차부품
HSK-MTI 연계표,자동차,10320,3,자동차부품
HSK-MTI 연계표,자동차부품,10320,3,자동차부품
HSK-MTI 연계표,자동차,10321,3,자동차부품
HSK-MTI 연계표,자동차부품,10321,3,자동차부품
HSK-MTI 연계표,자동차,10322,3,자동차부품
HSK-MTI 연계표,자동차부품,10322,3,자동차부품
HSK-MTI 연계표,자동차,10323,3,자동차부품
HSK-MTI 연계표,자동차부품,10323,3,자동차부품
HSK-MTI 연계표,자동차,10324,3,자동차부품
HSK-MTI 연계표,자동차부품,10324,3,자동차부품
HSK-MTI 연계표,자동차,10325,3,자동차부품
HSK-MTI 연계표,자동차부품,10325,3,자동차부품
HSK-MTI 연계표,자동차,10326,3,자동차부품
HSK-MTI 연계표,자동차부품,10326,3,자동차부품
HSK-MTI 연계표,자동차,10327,3,자동차부품
HSK-MTI 연계표,자동차부품,10327,3,자동차부품
HSK-MTI 연계표,자동차,10328,3,자동차부품
HSK-MTI 연계표,자동차부품,10328,3,자동차부품
HSK-MTI 연계표,자동차,10329,3,자동차부품
HSK-MTI 연계표,자동차부품,10329,3,자동차부품
HSK-MTI 연계표,자동차,10330,3,자동차
HSK-MTI 연계표,자동차,10331,3,자동차
HSK-MTI 연계표,자동차,10332,3,자동차부품
HSK-MTI 연계표,자동차부품,10332,3,자동차부품
HSK-MTI 연계표,바이오,10354,3,바이오헬스
HSK-MTI 연계표,바이오,10355,3,바이오헬스
HSK-MTI 연계표,바이오,10358,3,바이오헬스
HSK-MTI 연계표,생활용품,10373,3,생활용품
HSK-MTI 연계표,자동차,10374,3,자동차
HSK-MTI 연계표,일반기계,10375,3,일반기계
HSK-MTI 연계표,자동차,10376,3,자동차
HSK-MTI 연계표,자동차,10377,3,자동차
HSK-MTI 연계표,자동차,10378,3,자동차
HSK-MTI 연계표,자동차,10379,3,자동차
HSK-MTI 연계표,자동차,10380,3,자동차
HSK-MTI 연계표,자동차,10381,3,자동차
HSK-MTI 연계표,자동차,10382,3,자동차
HSK-MTI 연계표,자동차,10383,3,자동차부품
HSK-MTI 연계표,자동차부품,10383,3,자동차부품
HSK-MTI 연계표,자동차,10384,3,자동차부품
HSK-MTI 연계표,자동차부품,10384,3,자동차부품
HSK-MTI 연계표,선박,10442,3,선박류
HSK-MTI 연계표,선박,10443,3,선박류
HSK-MTI 연계표,선박,10444,3,선박류
HSK-MTI 연계표,선박,10445,3,선박류
HSK-MTI 연계표,선박,10446,3,선박류
HSK-MTI 연계표,선박,10447,3,선박류
HSK-MTI 연계표,선박,10448,3,선박류
HSK-MTI 연계표,선박,10449,3,선박류
HSK-MTI 연계표,선박,10450,3,선박류
HSK-MTI 연계표,선박,10451,3,선박류
HSK-MTI 연계표,선박,10452,3,선박류
HSK-MTI 연계표,선박,10453,3,선박류
HSK-MTI 연계표,선박,10454,3,선박류
HSK-MTI 연계표,선박,10455,3,선박류
HSK-MTI 연계표,선박,10456,3,선박류
HSK-MTI 연계표,선박,10457,3,선박류
HSK-MTI 연계표,선박,10458,3,선박류
HSK-MTI 연계표,선박,10459,3,선박류
HSK-MTI 연계표,선박,10460,3,선박류
HSK-MTI 연계표,선박,10461,3,선박류
HSK-MTI 연계표,선박,10462,3,선박류
HSK-MTI 연계표,선박,10463,3,선박류
HSK-MTI 연계표,선박,10464,3,선박류
HSK-MTI 연계표,선박,10465,3,선박류
HSK-MTI 연계표,선박,10466,3,선박류
HSK-MTI 연계표,선박,10467,3,선박류
HSK-MTI 연계표,선박,10468,3,선박류
HSK-MTI 연계표,선박,10469,3,선박류
HSK-MTI 연계표,선박,10470,3,선박류
HSK-MTI 연계표,선박,10471,3,선박류
HSK-MTI 연계표,선박,10472,3,선박류
HSK-MTI 연계표,선박,10473,3,선박류
HSK-MTI 연계표,선박,10474,3,선박류
HSK-MTI 연계표,선박,10475,3,선박류
HSK-MTI 연계표,선박,10476,3,선박류
HSK-MTI 연계표,선박,10477,3,선박류
HSK-MTI 연계표,선박,10478,3,선박류
HSK-MTI 연계표,선박,10479,3,선박류
HSK-MTI 연계표,선박,10480,3,선박류
HSK-MTI 연계표,선박,10481,3,선박류
HSK-MTI 연계표,선박,10482,3,선박류
HSK-MTI 연계표,선박,10483,3,선박류
HSK-MTI 연계표,선박,10484,3,선박류
HSK-MTI 연계표,선박,10485,3,선박류
HSK-MTI 연계표,선박,10486,3,선박류
HSK-MTI 연계표,선박,10487,3,선박류
HSK-MTI 연계표,선박,10488,3,선박류
HSK-MTI 연계표,선박,10489,3,선박류
HSK-MTI 연계표,선박,10490,3,선박류
HSK-MTI 연계표,선박,10491,3,선박류
HSK-MTI 연계표,일반기계,10493,3,일반기계
HSK-MTI 연계표,바이오,10494,3,바이오헬스
HSK-MTI 연계표,바이오,10495,3,바이오헬스
HSK-MTI 연계표,바이오,10496,3,바이오헬스
HSK-MTI 연계표,생활용품,10497,3,생활용품
HSK-MTI 연계표,일반기계,10498,3,일반기계
HSK-MTI 연계표,일반기계,10499,3,일반기계
HSK-MTI 연계표,일반기계,10500,3,일반기계
HSK-MTI 연계표,일반기계,10501,3,일반기계
HSK-MTI 연계표,일반기계,10502,3,일반기계
HSK-MTI 연계표,일반기계,10503,3,일반기계
HSK-MTI 연계표,일반기계,10504,3,일반기계
HSK-MTI 연계표,일반기계,10505,3,일반기계
HSK-MTI 연계표,일반기계,10506,3,일반기계
HSK-MTI 연계표,일반기계,10507,3,일반기계
HSK-MTI 연계표,일반기계,10508,3,일반기계
HSK-MTI 연계표,일반기계,10509,3,일반기계
HSK-MTI 연계표,일반기계,10510,3,일반기계
HSK-MTI 연계표,일반기계,10512,3,일반기계
HSK-MTI 연계표,생활용품,10513,3,생활용품
HSK-MTI 연계표,생활용품,10514,3,생활용품
HSK-MTI 연계표,생활용품,10515,3,생활용품
HSK-MTI 연계표,생활용품,10516,3,생활용품
HSK-MTI 연계표,생활용품,10517,3,생활용품
HSK-MTI 연계표,생활용품,10518,3,생활용품
HSK-MTI 연계표,바이오,10519,3,바이오헬스
HSK-MTI 연계표,생활용품,10520,3,생활용품
HSK-MTI 연계표,바이오,10521,3,바이오헬스
HSK-MTI 연계표,일반기계,10522,3,일반기계
HSK-MTI 연계표,일반기계,10523,3,일반기계
HSK-MTI 연계표,일반기계,10524,3,일반기계
HSK-MTI 연계표,바이오,10525,3,바이오헬스
HSK-MTI 연계표,일반기계,10526,3,일반기계
HSK-MTI 연계표,일반기계,10527,3,일반기계
HSK-MTI 연계표,일반기계,10528,3,일반기계
HSK-MTI 연계표,일반기계,10529,3,일반기계
HSK-MTI 연계표,일반기계,10530,3,일반기계
HSK-MTI 연계표,일반기계,10531,3,일반기계
HSK-MTI 연계표,일반기계,10532,3,일반기계
HSK-MTI 연계표,일반기계,10533,3,일반기계
HSK-MTI 연계표,일반기계,10534,3,일반기계
HSK-MTI 연계표,일반기계,10535,3,일반기계
HSK-MTI 연계표,일반기계,10536,3,일반기계
HSK-MTI 연계표,일반기계,10537,3,일반기계
HSK-MTI 연계표,일반기계,10538,3,일반기계
HSK-MTI 연계표,일반기계,10539,3,일반기계
HSK-MTI 연계표,일반기계,10540,3,일반기계
HSK-MTI 연계표,일반기계,10541,3,일반기계
HSK-MTI 연계표,일반기계,10542,3,일반기계
HSK-MTI 연계표,일반기계,10544,3,일반기계
HSK-MTI 연계표,일반기계,10546,3,일반기계
HSK-MTI 연계표,일반기계,10547,3,일반기계
HSK-MTI 연계표,일반기계,10550,3,일반기계
HSK-MTI 연계표,일반기계,10551,3,일반기계
HSK-MTI 연계표,일반기계,10552,3,일반기계
HSK-MTI 연계표,일반기계,10553,3,일반기계
HSK-MTI 연계표,일반기계,10554,3,일반기계
HSK-MTI 연계표,일반기계,10555,3,일반기계
HSK-MTI 연계표,일반기계,10556,3,일반기계
HSK-MTI 연계표,일반기계,10557,3,일반기계
HSK-MTI 연계표,일반기계,10558,3,일반기계
HSK-MTI 연계표,일반기계,10559,3,일반기계
HSK-MTI 연계표,일반기계,10560,3,일반기계
HSK-MTI 연계표,일반기계,10561,3,일반기계
HSK-MTI 연계표,일반기계,10567,3,일반기계
HSK-MTI 연계표,일반기계,10568,3,일반기계
HSK-MTI 연계표,무선통신,10569,3,무선통신기기
HSK-MTI 연계표,일반기계,10570,3,일반기계
HSK-MTI 연계표,일반기계,10571,3,일반기계
HSK-MTI 연계표,일반기계,10572,3,일반기계
HSK-MTI 연계표,일반기계,10573,3,일반기계
HSK-MTI 연계표,일반기계,10574,3,일반기계
HSK-MTI 연계표,생활용품,10600,3,생활용품
HSK-MTI 연계표,생활용품,10601,3,생활용품
HSK-MTI 연계표,생활용품,10602,3,생활용품
HSK-MTI 연계표,생활용품,10603,3,생활용품
HSK-MTI 연계표,생활용품,10604,3,생활용품
HSK-MTI 연계표,생활용품,10605,3,생활용품
HSK-MTI 연계표,일반기계,10607,3,일반기계
HSK-MTI 연계표,일반기계,10608,3,일반기계
HSK-MTI 연계표,일반기계,10609,3,일반기계
HSK-MTI 연계표,일반기계,10610,3,일반기계
HSK-MTI 연계표,일반기계,10611,3,일반기계
HSK-MTI 연계표,생활용품,10612,3,생활용품
HSK-MTI 연계표,일반기계,10614,3,일반기계
HSK-MTI 연계표,일반기계,10617,3,일반기계
HSK-MTI 연계표,바이오,10618,3,바이오헬스
HSK-MTI 연계표,바이오,10619,3,바이오헬스
HSK-MTI 연계표,바이오,10620,3,바이오헬스
HSK-MTI 연계표,바이오,10621,3,바이오헬스
HSK-MTI 연계표,바이오,10622,3,바이오헬스
HSK-MTI 연계표,바이오,10623,3,바이오헬스
HSK-MTI 연계표,바이오,10624,3,바이오헬스
HSK-MTI 연계표,바이오,10625,3,바이오헬스
HSK-MTI 연계표,바이오,10626,3,바이오헬스
HSK-MTI 연계표,바이오,10627,3,바이오헬스
HSK-MTI 연계표,바이오,10628,3,바이오헬스
HSK-MTI 연계표,바이오,10629,3,바이오헬스
HSK-MTI 연계표,바이오,10630,3,바이오헬스
HSK-MTI 연계표,바이오,10631,3,바이오헬스
HSK-MTI 연계표,바이오,10632,3,바이오헬스
HSK-MTI 연계표,바이오,10633,3,바이오헬스
HSK-MTI 연계표,바이오,10634,3,바이오헬스
HSK-MTI 연계표,바이오,10635,3,바이오헬스
HSK-MTI 연계표,바이오,10636,3,바이오헬스
HSK-MTI 연계표,바이오,10637,3,바이오헬스
HSK-MTI 연계표,바이오,10638,3,바이오헬스
HSK-MTI 연계표,바이오,10639,3,바이오헬스
HSK-MTI 연계표,바이오,10640,3,바이오헬스
HSK-MTI 연계표,바이오,10641,3,바이오헬스
HSK-MTI 연계표,바이오,10642,3,바이오헬스
HSK-MTI 연계표,바이오,10643,3,바이오헬스
HSK-MTI 연계표,바이오,10644,3,바이오헬스
HSK-MTI 연계표,바이오,10645,3,바이오헬스
HSK-MTI 연계표,바이오,10646,3,바이오헬스
HSK-MTI 연계표,바이오,10647,3,바이오헬스
HSK-MTI 연계표,바이오,10648,3,바이오헬스
HSK-MTI 연계표,바이오,10649,3,바이오헬스
HSK-MTI 연계표,바이오,10650,3,바이오헬스
HSK-MTI 연계표,바이오,10651,3,바이오헬스
HSK-MTI 연계표,바이오,10652,3,바이오헬스
HSK-MTI 연계표,바이오,10653,3,바이오헬스
HSK-MTI 연계표,바이오,10654,3,바이오헬스
HSK-MTI 연계표,바이오,10655,3,바이오헬스
HSK-MTI 연계표,바이오,10656,3,바이오헬스
HSK-MTI 연계표,바이오,10657,3,바이오헬스
HSK-MTI 연계표,바이오,10658,3,바이오헬스
HSK-MTI 연계표,바이오,10659,3,바이오헬스
HSK-MTI 연계표,바이오,10660,3,바이오헬스
HSK-MTI 연계표,바이오,10661,3,바이오헬스
HSK-MTI 연계표,바이오,10662,3,바이오헬스
HSK-MTI 연계표,바이오,10663,3,바이오헬스
HSK-MTI 연계표,가전,10664,3,가전
HSK-MTI 연계표,바이오,10665,3,바이오헬스
HSK-MTI 연계표,바이오,10666,3,바이오헬스
HSK-MTI 연계표,바이오,10667,3,바이오헬스
HSK-MTI 연계표,바이오,10668,3,바이오헬스
HSK-MTI 연계표,바이오,10669,3,바이오헬스
HSK-MTI 연계표,바이오,10670,3,바이오헬스
HSK-MTI 연계표,바이오,10671,3,바이오헬스
HSK-MTI 연계표,바이오,10672,3,바이오헬스
HSK-MTI 연계표,바이오,10673,3,바이오헬스
HSK-MTI 연계표,바이오,10674,3,바이오헬스
HSK-MTI 연계표,바이오,10675,3,바이오헬스
HSK-MTI 연계표,바이오,10676,3,바이오헬스
HSK-MTI 연계표,바이오,10677,3,바이오헬스
HSK-MTI 연계표,바이오,10678,3,바이오헬스
HSK-MTI 연계표,바이오,10679,3,바이오헬스
HSK-MTI 연계표,바이오,10680,3,바이오헬스
HSK-MTI 연계표,바이오,10681,3,바이오헬스
HSK-MTI 연계표,바이오,10682,3,바이오헬스
HSK-MTI 연계표,바이오,10683,3,바이오헬스
HSK-MTI 연계표,바이오,10684,3,바이오헬스
HSK-MTI 연계표,바이오,10685,3,바이오헬스
HSK-MTI 연계표,바이오,10686,3,바이오헬스
HSK-MTI 연계표,바이오,10687,3,바이오헬스
HSK-MTI 연계표,바이오,10688,3,바이오헬스
HSK-MTI 연계표,바이오,10689,3,바이오헬스
HSK-MTI 연계표,바이오,10690,3,바이오헬스
HSK-MTI 연계표,바이오,10691,3,바이오헬스
HSK-MTI 연계표,바이오,10692,3,바이오헬스
HSK-MTI 연계표,바이오,10693,3,바이오헬스
HSK-MTI 연계표,바이오,10697,3,바이오헬스
HSK-MTI 연계표,바이오,10698,3,바이오헬스
HSK-MTI 연계표,바이오,10699,3,바이오헬스
HSK-MTI 연계표,바이오,10700,3,바이오헬스
HSK-MTI 연계표,바이오,10706,3,바이오헬스
HSK-MTI 연계표,바이오,10708,3,바이오헬스
HSK-MTI 연계표,바이오,10709,3,바이오헬스
HSK-MTI 연계표,바이오,10710,3,바이오헬스
HSK-MTI 연계표,바이오,10725,3,바이오헬스
HSK-MTI 연계표,바이오,10726,3,바이오헬스
HSK-MTI 연계표,바이오,10729,3,바이오헬스
HSK-MTI 연계표,바이오,10751,3,바이오헬스
HSK-MTI 연계표,전기기기,10770,3,전기기기
HSK-MTI 연계표,전기기기,10771,3,전기기기
HSK-MTI 연계표,생활용품,10843,3,생활용품
HSK-MTI 연계표,생활용품,10844,3,생활용품
HSK-MTI 연계표,생활용품,10845,3,생활용품
HSK-MTI 연계표,생활용품,10846,3,생활용품
HSK-MTI 연계표,생활용품,10847,3,생활용품
HSK-MTI 연계표,생활용품,10848,3,생활용품
HSK-MTI 연계표,생활용품,10849,3,생활용품
HSK-MTI 연계표,생활용품,10850,3,생활용품
HSK-MTI 연계표,생활용품,10851,3,생활용품
HSK-MTI 연계표,생활용품,10852,3,생활용품
HSK-MTI 연계표,생활용품,10853,3,생활용품
HSK-MTI 연계표,생활용품,10854,3,생활용품
HSK-MTI 연계표,생활용품,10855,3,생활용품
HSK-MTI 연계표,생활용품,10856,3,생활용품
HSK-MTI 연계표,생활용품,10857,3,생활용품
HSK-MTI 연계표,생활용품,10858,3,생활용품
HSK-MTI 연계표,생활용품,10859,3,생활용품
HSK-MTI 연계표,생활용품,10860,3,생활용품
HSK-MTI 연계표,생활용품,10861,3,생활용품
HSK-MTI 연계표,생활용품,10862,3,생활용품
HSK-MTI 연계표,생활용품,10863,3,생활용품
HSK-MTI 연계표,생활용품,10864,3,생활용품
HSK-MTI 연계표,생활용품,10865,3,생활용품
HSK-MTI 연계표,생활용품,10866,3,생활용품
HSK-MTI 연계표,생활용품,10867,3,생활용품
HSK-MTI 연계표,생활용품,10868,3,생활용품
HSK-MTI 연계표,생활용품,10869,3,생활용품
HSK-MTI 연계표,생활용품,10870,3,생활용품
HSK-MTI 연계표,생활용품,10871,3,생활용품
HSK-MTI 연계표,생활용품,10872,3,생활용품
HSK-MTI 연계표,생활용품,10873,3,생활용품
HSK-MTI 연계표,생활용품,10874,3,생활용품
HSK-MTI 연계표,생활용품,10875,3,생활용품
HSK-MTI 연계표,생활용품,10876,3,생활용품
HSK-MTI 연계표,생활용품,10877,3,생활용품
HSK-MTI 연계표,생활용품,10878,3,생활용품
HSK-MTI 연계표,생활용품,10879,3,생활용품
HSK-MTI 연계표,생활용품,10880,3,생활용품
HSK-MTI 연계표,생활용품,10881,3,생활용품
HSK-MTI 연계표,생활용품,10882,3,생활용품
HSK-MTI 연계표,생활용품,10883,3,생활용품
HSK-MTI 연계표,생활용품,10884,3,생활용품
HSK-MTI 연계표,생활용품,10885,3,생활용품
HSK-MTI 연계표,생활용품,10886,3,생활용품
HSK-MTI 연계표,생활용품,10887,3,생활용품
HSK-MTI 연계표,생활용품,10888,3,생활용품
HSK-MTI 연계표,생활용품,10889,3,생활용품
HSK-MTI 연계표,생활용품,10890,3,생활용품
HSK-MTI 연계표,생활용품,10891,3,생활용품
HSK-MTI 연계표,생활용품,10892,3,생활용품
HSK-MTI 연계표,생활용품,10893,3,생활용품
HSK-MTI 연계표,생활용품,10894,3,생활용품
HSK-MTI 연계표,생활용품,10895,3,생활용품
HSK-MTI 연계표,생활용품,10896,3,생활용품
HSK-MTI 연계표,생활용품,10897,3,생활용품
HSK-MTI 연계표,생활용품,10898,3,생활용품
HSK-MTI 연계표,생활용품,10899,3,생활용품
HSK-MTI 연계표,생활용품,10900,3,생활용품
HSK-MTI 연계표,생활용품,10901,3,생활용품
HSK-MTI 연계표,생활용품,10902,3,생활용품
HSK-MTI 연계표,생활용품,10903,3,생활용품
HSK-MTI 연계표,생활용품,10904,3,생활용품
HSK-MTI 연계표,생활용품,10905,3,생활용품
HSK-MTI 연계표,생활용품,10906,3,생활용품
HSK-MTI 연계표,생활용품,10907,3,생활용품
HSK-MTI 연계표,생활용품,10908,3,생활용품
HSK-MTI 연계표,생활용품,10909,3,생활용품
HSK-MTI 연계표,생활용품,10910,3,생활용품
HSK-MTI 연계표,생활용품,10911,3,생활용품
HSK-MTI 연계표,생활용품,10912,3,생활용품
HSK-MTI 연계표,생활용품,10913,3,생활용품
HSK-MTI 연계표,생활용품,10914,3,생활용품
HSK-MTI 연계표,생활용품,10915,3,생활용품
HSK-MTI 연계표,생활용품,10916,3,생활용품
HSK-MTI 연계표,생활용품,10917,3,생활용품
HSK-MTI 연계표,생활용품,10918,3,생활용품
HSK-MTI 연계표,생활용품,10919,3,생활용품
HSK-MTI 연계표,생활용품,10920,3,생활용품
HSK-MTI 연계표,생활용품,10921,3,생활용품
HSK-MTI 연계표,생활용품,10922,3,생활용품
HSK-MTI 연계표,생활용품,10923,3,생활용품
HSK-MTI 연계표,생활용품,10924,3,생활용품
HSK-MTI 연계표,생활용품,10925,3,생활용품
HSK-MTI 연계표,생활용품,10926,3,생활용품
HSK-MTI 연계표,생활용품,10927,3,생활용품
HSK-MTI 연계표,생활용품,10928,3,생활용품
HSK-MTI 연계표,생활용품,10929,3,생활용품
HSK-MTI 연계표,생활용품,10930,3,생활용품
HSK-MTI 연계표,생활용품,10931,3,생활용품
HSK-MTI 연계표,생활용품,10932,3,생활용품
HSK-MTI 연계표,생활용품,10933,3,생활용품
HSK-MTI 연계표,생활용품,10934,3,생활용품
HSK-MTI 연계표,생활용품,10935,3,생활용품
HSK-MTI 연계표,생활용품,10936,3,생활용품
HSK-MTI 연계표,생활용품,10937,3,생활용품
HSK-MTI 연계표,생활용품,10938,3,생활용품
HSK-MTI 연계표,생활용품,10939,3,생활용품
HSK-MTI 연계표,생활용품,10940,3,생활용품
HSK-MTI 연계표,생활용품,10941,3,생활용품
HSK-MTI 연계표,생활용품,10942,3,생활용품
HSK-MTI 연계표,생활용품,10943,3,생활용품
HSK-MTI 연계표,생활용품,10944,3,생활용품
HSK-MTI 연계표,생활용품,10945,3,생활용품
HSK-MTI 연계표,생활용품,10946,3,생활용품
HSK-MTI 연계표,생활용품,10947,3,생활용품
HSK-MTI 연계표,생활용품,10948,3,생활용품
HSK-MTI 연계표,생활용품,10949,3,생활용품
HSK-MTI 연계표,생활용품,10973,3,생활용품
HSK-MTI 연계표,생활용품,10974,3,생활용품
HSK-MTI 연계표,생활용품,10975,3,생활용품
HSK-MTI 연계표,생활용품,10976,3,생활용품
HSK-MTI 연계표,생활용품,10977,3,생활용품
HSK-MTI 연계표,생활용품,10978,3,생활용품
HSK-MTI 연계표,생활용품,10979,3,생활용품
HSK-MTI 연계표,생활용품,10980,3,생활용품
HSK-MTI 연계표,생활용품,10981,3,생활용품
HSK-MTI 연계표,생활용품,10982,3,생활용품
HSK-MTI 연계표,생활용품,10983,3,생활용품
HSK-MTI 연계표,생활용품,10984,3,생활용품
HSK-MTI 연계표,생활용품,10985,3,생활용품
HSK-MTI 연계표,생활용품,10986,3,생활용품
HSK-MTI 연계표,생활용품,10987,3,생활용품
HSK-MTI 연계표,생활용품,10988,3,생활용품
HSK-MTI 연계표,생활용품,11031,3,생활용품
HSK-MTI 연계표,생활용품,11032,3,생활용품
HSK-MTI 연계표,생활용품,11033,3,생활용품
HSK-MTI 연계표,생활용품,11034,3,생활용품
HSK-MTI 연계표,생활용품,11035,3,생활용품
HSK-MTI 연계표,생활용품,11036,3,생활용품
HSK-MTI 연계표,생활용품,11037,3,생활용품
HSK-MTI 연계표,생활용품,11038,3,생활용품
HSK-MTI 연계표,생활용품,11039,3,생활용품
HSK-MTI 연계표,생활용품,11040,3,생활용품
HSK-MTI 연계표,생활용품,11041,3,생활용품
HSK-MTI 연계표,생활용품,11042,3,생활용품
HSK-MTI 연계표,생활용품,11043,3,생활용품
HSK-MTI 연계표,생활용품,11044,3,생활용품
HSK-MTI 연계표,생활용품,11045,3,생활용품
HSK-MTI 연계표,생활용품,11046,3,생활용품
HSK-MTI 연계표,생활용품,11047,3,생활용품
HSK-MTI 연계표,생활용품,11048,3,생활용품
HSK-MTI 연계표,생활용품,11049,3,생활용품
HSK-MTI 연계표,생활용품,11050,3,생활용품
HSK-MTI 연계표,생활용품,11051,3,생활용품
HSK-MTI 연계표,생활용품,11052,3,생활용품
HSK-MTI 연계표,생활용품,11053,3,생활용품
HSK-MTI 연계표,바이오,11054,3,바이오헬스
HSK-MTI 연계표,생활용품,11055,3,생활용품
HSK-MTI 연계표,생활용품,11056,3,생활용품
HSK-MTI 연계표,바이오,11057,3,바이오헬스
HSK-MTI 연계표,바이오,11058,3,바이오헬스
HSK-MTI 연계표,바이오,11059,3,바이오헬스
HSK-MTI 연계표,생활용품,11060,3,생활용품
HSK-MTI 연계표,생활용품,11061,3,생활용품
HSK-MTI 연계표,생활용품,11062,3,생활용품
HSK-MTI 연계표,생활용품,11063,3,생활용품
HSK-MTI 연계표,생활용품,11064,3,생활용품
HSK-MTI 연계표,생활용품,11065,3,생활용품
HSK-MTI 연계표,생활용품,11066,3,생활용품
HSK-MTI 연계표,생활용품,11067,3,생활용품
HSK-MTI 연계표,생활용품,11068,3,생활용품
HSK-MTI 연계표,생활용품,11069,3,생활용품
HSK-MTI 연계표,생활용품,11070,3,생활용품
HSK-MTI 연계표,생활용품,11071,3,생활용품
HSK-MTI 연계표,생활용품,11072,3,생활용품
HSK-MTI 연계표,생활용품,11073,3,생활용품
HSK-MTI 연계표,생활용품,11074,3,생활용품
HSK-MTI 연계표,생활용품,11075,3,생활용품
HSK-MTI 연계표,생활용품,11076,3,생활용품
HSK-MTI 연계표,생활용품,11077,3,생활용품
HSK-MTI 연계표,생활용품,11078,3,생활용품
HSK-MTI 연계표,생활용품,11079,3,생활용품
HSK-MTI 연계표,바이오,11080,3,바이오헬스
HSK-MTI 연계표,섬유,11081,3,섬유류
HSK-MTI 연계표,섬유,11082,3,섬유류
HSK-MTI 연계표,섬유,11083,3,섬유류
HSK-MTI 연계표,섬유,11084,3,섬유류
HSK-MTI 연계표,섬유,11085,3,섬유류
HSK-MTI 연계표,가전,11086,3,가전
HSK-MTI 연계표,가전,11087,3,가전
HSK-MTI 연계표,가전,11088,3,가전
HSK-MTI 연계표,가전,11089,3,가전
HSK-MTI 연계표,가전,11090,3,가전
HSK-MTI 연계표,가전,11091,3,가전
HSK-MTI 연계표,가전,11092,3,가전
HSK-MTI 연계표,가전,11093,3,가전
HSK-MTI 연계표,가전,11094,3,가전
HSK-MTI 연계표,가전,11095,3,가전
HSK-MTI 연계표,가전,11096,3,가전
HSK-MTI 연계표,가전,11097,3,가전
HSK-MTI 연계표,가전,11098,3,가전
HSK-MTI 연계표,가전,11099,3,가전
HSK-MTI 연계표,가전,11100,3,가전
HSK-MTI 연계표,가전,11101,3,가전
HSK-MTI 연계표,가전,11102,3,가전
HSK-MTI 연계표,가전,11103,3,가전
HSK-MTI 연계표,가전,11104,3,가전
HSK-MTI 연계표,가전,11105,3,가전
HSK-MTI 연계표,가전,11106,3,가전
HSK-MTI 연계표,가전,11107,3,가전
HSK-MTI 연계표,가전,11108,3,가전
HSK-MTI 연계표,농수산,11109,3,농수산식품
HSK-MTI 연계표,비철금속,11113,3,비철금속
HSK-MTI 연계표,생활용품,11115,3,생활용품
HSK-MTI 연계표,생활용품,11116,3,생활용품
HSK-MTI 연계표,생활용품,11117,3,생활용품
HSK-MTI 연계표,생활용품,11118,3,생활용품
HSK-MTI 연계표,생활용품,11119,3,생활용품
HSK-MTI 연계표,생활용품,11120,3,생활용품
HSK-MTI 연계표,생활용품,11121,3,생활용품
HSK-MTI 연계표,생활용품,11122,3,생활용품
HSK-MTI 연계표,생활용품,11123,3,생활용품
HSK-MTI 연계표,생활용품,11124,3,생활용품
HSK-MTI 연계표,생활용품,11125,3,생활용품
HSK-MTI 연계표,생활용품,11126,3,생활용품
HSK-MTI 연계표,생활용품,11127,3,생활용품
HSK-MTI 연계표,생활용품,11128,3,생활용품
HSK-MTI 연계표,생활용품,11129,3,생활용품
HSK-MTI 연계표,생활용품,11130,3,생활용품
HSK-MTI 연계표,생활용품,11131,3,생활용품
HSK-MTI 연계표,생활용품,11132,3,생활용품
HSK-MTI 연계표,생활용품,11133,3,생활용품
HSK-MTI 연계표,생활용품,11134,3,생활용품
HSK-MTI 연계표,생활용품,11135,3,생활용품
HSK-MTI 연계표,생활용품,11136,3,생활용품
HSK-MTI 연계표,생활용품,11137,3,생활용품
HSK-MTI 연계표,생활용품,11138,3,생활용품
HSK-MTI 연계표,생활용품,11139,3,생활용품
HSK-MTI 연계표,생활용품,11140,3,생활용품
HSK-MTI 연계표,생활용품,11141,3,생활용품
HSK-MTI 연계표,생활용품,11142,3,생활용품
HSK-MTI 연계표,생활용품,11143,3,생활용품
HSK-MTI 연계표,생활용품,11144,3,생활용품
HSK-MTI 연계표,생활용품,11145,3,생활용품
HSK-MTI 연계표,생활용품,11146,3,생활용품
HSK-MTI 연계표,생활용품,11147,3,생활용품
HSK-MTI 연계표,생활용품,11148,3,생활용품
HSK-MTI 연계표,생활용품,11149,3,생활용품
HSK-MTI 연계표,생활용품,11150,3,생활용품
HSK-MTI 연계표,생활용품,11151,3,생활용품
HSK-MTI 연계표,생활용품,11152,3,생활용품
HSK-MTI 연계표,생활용품,11153,3,생활용품
HSK-MTI 연계표,생활용품,11154,3,생활용품
HSK-MTI 연계표,생활용품,11155,3,생활용품
HSK-MTI 연계표,생활용품,11156,3,생활용품
HSK-MTI 연계표,생활용품,11157,3,생활용품
HSK-MTI 연계표,생활용품,11158,3,생활용품
HSK-MTI 연계표,생활용품,11159,3,생활용품
HSK-MTI 연계표,생활용품,11160,3,생활용품
HSK-MTI 연계표,생활용품,11161,3,생활용품
HSK-MTI 연계표,생활용품,11162,3,생활용품
HSK-MTI 연계표,생활용품,11163,3,생활용품
HSK-MTI 연계표,생활용품,11164,3,생활용품
HSK-MTI 연계표,생활용품,11165,3,생활용품
HSK-MTI 연계표,생활용품,11166,3,생활용품
HSK-MTI 연계표,생활용품,11167,3,생활용품
HSK-MTI 연계표,생활용품,11168,3,생활용품
HSK-MTI 연계표,생활용품,11169,3,생활용품
HSK-MTI 연계표,생활용품,11170,3,생활용품
HSK-MTI 연계표,생활용품,11171,3,생활용품
HSK-MTI 연계표,생활용품,11172,3,생활용품
HSK-MTI 연계표,생활용품,11173,3,생활용품
HSK-MTI 연계표,생활용품,11174,3,생활용품
HSK-MTI 연계표,생활용품,11175,3,생활용품
HSK-MTI 연계표,생활용품,11176,3,생활용품
HSK-MTI 연계표,생활용품,11177,3,생활용품
HSK-MTI 연계표,생활용품,11178,3,생활용품
HSK-MTI 연계표,생활용품,11179,3,생활용품
HSK-MTI 연계표,생활용품,11180,3,생활용품
HSK-MTI 연계표,생활용품,11181,3,생활용품
HSK-MTI 연계표,생활용품,11182,3,생활용품
HSK-MTI 연계표,생활용품,11183,3,생활용품
HSK-MTI 연계표,생활용품,11184,3,생활용품
HSK-MTI 연계표,생활용품,11185,3,생활용품
HSK-MTI 연계표,생활용품,11186,3,생활용품
HSK-MTI 연계표,생활용품,11187,3,생활용품
HSK-MTI 연계표,생활용품,11188,3,생활용품
HSK-MTI 연계표,생활용품,11189,3,생활용품
HSK-MTI 연계표,생활용품,11190,3,생활용품
HSK-MTI 연계표,생활용품,11191,3,생활용품
HSK-MTI 연계표,생활용품,11192,3,생활용품
HSK-MTI 연계표,생활용품,11193,3,생활용품
HSK-MTI 연계표,생활용품,11194,3,생활용품
HSK-MTI 연계표,생활용품,11195,3,생활용품
HSK-MTI 연계표,생활용품,11196,3,생활용품
HSK-MTI 연계표,생활용품,11197,3,생활용품
HSK-MTI 연계표,생활용품,11198,3,생활용품
HSK-MTI 연계표,생활용품,11199,3,생활용품
HSK-MTI 연계표,생활용품,11200,3,생활용품
HSK-MTI 연계표,생활용품,11201,3,생활용품
HSK-MTI 연계표,생활용품,11202,3,생활용품
HSK-MTI 연계표,생활용품,11203,3,생활용품
HSK-MTI 연계표,생활용품,11204,3,생활용품
HSK-MTI 연계표,생활용품,11205,3,생활용품
HSK-MTI 연계표,생활용품,11206,3,생활용품
HSK-MTI 연계표,생활용품,11207,3,생활용품
HSK-MTI 연계표,생활용품,11208,3,생활용품
HSK-MTI 연계표,생활용품,11209,3,생활용품
HSK-MTI 연계표,생활용품,11210,3,생활용품
HSK-MTI 연계표,생활용품,11211,3,생활용품
HSK-MTI 연계표,생활용품,11212,3,생활용품
HSK-MTI 연계표,생활용품,11213,3,생활용품
HSK-MTI 연계표,생활용품,11214,3,생활용품
HSK-MTI 연계표,생활용품,11215,3,생활용품
HSK-MTI 연계표,생활용품,11216,3,생활용품
HSK-MTI 연계표,바이오,11217,3,바이오헬스
HSK-MTI 연계표,생활용품,11218,3,생활용품
HSK-MTI 연계표,생활용품,11219,3,생활용품
HSK-MTI 연계표,생활용품,11220,3,생활용품
HSK-MTI 연계표,생활용품,11221,3,생활용품
HSK-MTI 연계표,생활용품,11222,3,생활용품
HSK-MTI 연계표,생활용품,11223,3,생활용품
HSK-MTI 연계표,생활용품,11224,3,생활용품
HSK-MTI 연계표,생활용품,11225,3,생활용품
HSK-MTI 연계표,생활용품,11226,3,생활용품
HSK-MTI 연계표,생활용품,11227,3,생활용품
HSK-MTI 연계표,생활용품,11228,3,생활용품
HSK-MTI 연계표,생활용품,11229,3,생활용품
HSK-MTI 연계표,생활용품,11230,3,생활용품
HSK-MTI 연계표,생활용품,11231,3,생활용품
HSK-MTI 연계표,생활용품,11232,3,생활용품
HSK-MTI 연계표,생활용품,11233,3,생활용품
HSK-MTI 연계표,생활용품,11234,3,생활용품
HSK-MTI 연계표,생활용품,11235,3,생활용품
HSK-MTI 연계표,생활용품,11236,3,생활용품
HSK-MTI 연계표,생활용품,11237,3,생활용품
HSK-MTI 연계표,생활용품,11238,3,생활용품
HSK-MTI 연계표,생활용품,11239,3,생활용품
HSK-MTI 연계표,생활용품,11240,3,생활용품
HSK-MTI 연계표,생활용품,11241,3,생활용품
HSK-MTI 연계표,생활용품,11242,3,생활용품
HSK-MTI 연계표,생활용품,11243,3,생활용품
HSK-MTI 연계표,생활용품,11244,3,생활용품
HSK-MTI 연계표,생활용품,11245,3,생활용품
HSK-MTI 연계표,생활용품,11246,3,생활용품
HSK-MTI 연계표,생활용품,11247,3,생활용품
HSK-MTI 연계표,생활용품,11248,3,생활용품
HSK-MTI 연계표,생활용품,11249,3,생활용품
HSK-MTI 연계표,생활용품,11250,3,생활용품
HSK-MTI 연계표,생활용품,11251,3,생활용품
HSK-MTI 연계표,생활용품,11252,3,생활용품
HSK-MTI 연계표,생활용품,11253,3,생활용품
HSK-MTI 연계표,생활용품,11254,3,생활용품
HSK-MTI 연계표,생활용품,11255,3,생활용품
HSK-MTI 연계표,생활용품,11256,3,생활용품
HSK-MTI 연계표,생활용품,11257,3,생활용품
HSK-MTI 연계표,생활용품,11258,3,생활용품
HSK-MTI 연계표,생활용품,11259,3,생활용품
HSK-MTI 연계표,생활용품,11260,3,생활용품
HSK-MTI 연계표,생활용품,11261,3,생활용품
HSK-MTI 연계표,생활용품,11262,3,생활용품
HSK-MTI 연계표,생활용품,11263,3,생활용품
HSK-MTI 연계표,생활용품,11264,3,생활용품
HSK-MTI 연계표,생활용품,11265,3,생활용품
HSK-MTI 연계표,생활용품,11266,3,생활용품
HSK-MTI 연계표,생활용품,11267,3,생활용품
HSK-MTI 연계표,생활용품,11268,3,생활용품
HSK-MTI 연계표,생활용품,11269,3,생활용품
HSK-MTI 연계표,생활용품,11270,3,생활용품
HSK-MTI 연계표,생활용품,11271,3,생활용품
HSK-MTI 연계표,생활용품,11272,3,생활용품
HSK-MTI 연계표,생활용품,11273,3,생활용품
HSK-MTI 연계표,생활용품,11274,3,생활용품
HSK-MTI 연계표,생활용품,11275,3,생활용품
HSK-MTI 연계표,생활용품,11276,3,생활용품
HSK-MTI 연계표,생활용품,11277,3,생활용품
HSK-MTI 연계표,생활용품,11278,3,생활용품
HSK-MTI 연계표,생활용품,11279,3,생활용품
HSK-MTI 연계표,생활용품,11280,3,생활용품
HSK-MTI 연계표,생활용품,11281,3,생활용품
HSK-MTI 연계표,생활용품,11282,3,생활용품
HSK-MTI 연계표,생활용품,11283,3,생활용품
HSK-MTI 연계표,생활용품,11284,3,생활용품
HSK-MTI 연계표,생활용품,11285,3,생활용품
HSK-MTI 연계표,생활용품,11286,3,생활용품
HSK-MTI 연계표,섬유,11287,3,섬유류
HSK-MTI 연계표,섬유,11288,3,섬유류
HSK-MTI 연계표,섬유,11289,3,섬유류
HSK-MTI 연계표,섬유,11290,3,섬유류
HSK-MTI 연계표,섬유,11291,3,섬유류
HSK-MTI 연계표,섬유,11292,3,섬유류
