적용연도,HSK10,MTI6,산업20
2026,0101211000,021130,농수산식품
2026,0101219000,021190,농수산식품
2026,0101291000,021130,농수산식품
2026,0101299000,021130,농수산식품
2026,0101300000,021190,농수산식품
2026,0101900000,021190,농수산식품
2026,0102211000,021110,농수산식품
2026,0102212000,021110,농수산식품
2026,0102219000,021110,농수산식품
2026,0102291000,021110,농수산식품
2026,0102292000,021110,농수산식품
2026,0102299000,021110,농수산식품
2026,0102310000,021110,농수산식품
2026,0102391000,021110,농수산식품
2026,0102392000,021110,농수산식품
2026,0102399000,021110,농수산식품
2026,0102901000,021110,농수산식품
2026,0102909010,021110,농수산식품
2026,0102909020,021110,농수산식품
2026,0102909090,021110,농수산식품
2026,0103100000,021120,농수산식품
2026,0103910000,021120,농수산식품
2026,0103920000,021120,농수산식품
2026,0104101000,021190,농수산식품
2026,0104109000,021190,농수산식품
2026,0104201000,021190,농수산식품
2026,0104209000,021190,농수산식품
2026,0105111000,021210,농수산식품
2026,0105119000,021210,농수산식품
2026,0105120000,021230,농수산식품
2026,0105131000,021220,농수산식품
2026,0105139000,021220,농수산식품
2026,0105140000,021290,농수산식품
2026,0105150000,021290,농수산식품
2026,0105941000,021210,농수산식품
2026,0105949000,021210,농수산식품
2026,0105991010,021220,농수산식품
2026,0105991090,021220,농수산식품
2026,0105992000,021230,농수산식품
2026,0105999000,021290,농수산식품
2026,0106110000,021900,농수산식품
2026,0106121000,021900,농수산식품
2026,0106122000,021900,농수산식품
2026,0106130000,021900,농수산식품
2026,0106141000,021190,농수산식품
2026,0106149000,021190,농수산식품
2026,0106191000,021190,농수산식품
2026,0106193000,021190,농수산식품
2026,0106194000,021900,농수산식품
2026,0106195010,021900,농수산식품
2026,0106195090,021900,농수산식품
2026,0106196010,021900,농수산식품
2026,0106196090,021900,농수산식품
2026,0106199000,021900,농수산식품
2026,0106201000,021900,농수산식품
2026,0106202000,021900,농수산식품
2026,0106203000,021900,농수산식품
2026,0106209000,021900,농수산식품
2026,0106310000,021900,농수산식품
2026,0106320000,021900,농수산식품
2026,0106330000,021900,농수산식품
2026,0106390000,021900,농수산식품
2026,0106410000,021900,농수산식품
2026,0106490000,021900,농수산식품
2026,0106901000,021900,농수산식품
2026,0106903010,049090,농수산식품
2026,0106903020,049090,농수산식품
2026,0106903090,021900,농수산식품
2026,0106909000,021900,농수산식품
2026,0201100000,022110,농수산식품
2026,0201201000,022110,농수산식품
2026,0201209000,022110,농수산식품
2026,0201300000,022110,농수산식품
2026,0202100000,022110,농수산식품
2026,0202201000,022110,농수산식품
2026,0202209000,022110,농수산식품
2026,0202300000,022110,농수산식품
2026,0203110000,022120,농수산식품
2026,0203120000,022120,농수산식품
2026,0203191000,022120,농수산식품
2026,0203199000,022120,농수산식품
2026,0203210000,022120,농수산식품
2026,0203220000,022120,농수산식품
2026,0203291000,022120,농수산식품
2026,0203299000,022120,농수산식품
2026,0204100000,022130,농수산식품
2026,0204210000,022130,농수산식품
2026,0204220000,022130,농수산식품
2026,0204230000,022130,농수산식품
2026,0204300000,022130,농수산식품
2026,0204410000,022130,농수산식품
2026,0204420000,022130,농수산식품
2026,0204430000,022130,농수산식품
2026,0204500000,022130,농수산식품
2026,0205000000,022190,농수산식품
2026,0206100000,022110,농수산식품
2026,0206210000,022110,농수산식품
2026,0206220000,022110,농수산식품
2026,0206291000,022110,농수산식품
2026,0206292000,022110,농수산식품
2026,0206299000,022110,농수산식품
2026,0206300000,022120,농수산식품
2026,0206410000,022120,농수산식품
2026,0206491000,022120,농수산식품
2026,0206499000,022120,농수산식품
2026,0206800000,022190,농수산식품
2026,0206900000,022190,농수산식품
2026,0207110000,022210,농수산식품
2026,0207120000,022210,농수산식품
2026,0207131000,022210,농수산식품
2026,0207132010,022210,농수산식품
2026,0207132090,022210,농수산식품
2026,0207141010,022210,농수산식품
2026,0207141020,022210,농수산식품
2026,0207141030,022210,농수산식품
2026,0207141090,022210,농수산식품
2026,0207142010,022210,농수산식품
2026,0207142090,022210,농수산식품
2026,0207240000,022230,농수산식품
2026,0207250000,022230,농수산식품
2026,0207261000,022230,농수산식품
2026,0207262010,022230,농수산식품
2026,0207262090,022230,농수산식품
2026,0207271000,022230,농수산식품
2026,0207272010,022230,농수산식품
2026,0207272090,022230,농수산식품
2026,0207410000,022220,농수산식품
2026,0207420000,022220,농수산식품
2026,0207430000,022220,농수산식품
2026,0207441000,022220,농수산식품
2026,0207442010,022220,농수산식품
2026,0207442090,022220,농수산식품
2026,0207451000,022220,농수산식품
2026,0207452010,022220,농수산식품
2026,0207452090,022220,농수산식품
2026,0207510000,022220,농수산식품
2026,0207520000,022220,농수산식품
2026,0207530000,022220,농수산식품
2026,0207541000,022220,농수산식품
2026,0207542010,022220,농수산식품
2026,0207542090,022220,농수산식품
2026,0207551000,022220,농수산식품
2026,0207552010,022220,농수산식품
2026,0207552090,022220,농수산식품
2026,0207601000,022220,농수산식품
2026,0207602000,022220,농수산식품
2026,0207603100,022220,농수산식품
2026,0207603210,022220,농수산식품
2026,0207603290,022220,농수산식품
2026,0207604100,022220,농수산식품
2026,0207604210,022220,농수산식품
2026,0207604290,022220,농수산식품
2026,0208100000,022190,농수산식품
2026,0208300000,022990,농수산식품
2026,0208401000,045100,농수산식품
2026,0208402000,045100,농수산식품
2026,0208500000,022990,농수산식품
2026,0208600000,022190,농수산식품
2026,0208901000,022190,농수산식품
2026,0208909010,045100,농수산식품
2026,0208909090,022990,농수산식품
2026,0209100000,022120,농수산식품
2026,0209900000,022290,농수산식품
2026,0210110000,022120,농수산식품
2026,0210120000,022120,농수산식품
2026,0210190000,022120,농수산식품
2026,0210201000,022110,농수산식품
2026,0210209000,022110,농수산식품
2026,0210910000,022990,농수산식품
2026,0210921000,022990,농수산식품
2026,0210922000,022990,농수산식품
2026,0210930000,022990,농수산식품
2026,0210991010,022110,농수산식품
2026,0210991090,022990,농수산식품
2026,0210999020,022290,농수산식품
2026,0210999090,022990,농수산식품
2026,0301111000,041900,농수산식품
2026,0301119000,041900,농수산식품
2026,0301190000,041900,농수산식품
2026,0301910000,041900,농수산식품
2026,0301921000,041800,농수산식품
2026,0301922000,041800,농수산식품
2026,0301929010,041800,농수산식품
2026,0301929090,041800,농수산식품
2026,0301931000,041900,농수산식품
2026,0301939000,041900,농수산식품
2026,0301940000,041100,농수산식품
2026,0301950000,041100,농수산식품
2026,0301992000,041900,농수산식품
2026,0301994010,041900,농수산식품
2026,0301994091,041900,농수산식품
2026,0301994099,041900,농수산식품
2026,0301995000,041900,농수산식품
2026,0301996000,041900,농수산식품
2026,0301997000,041900,농수산식품
2026,0301998000,041500,농수산식품
2026,0301999010,041900,농수산식품
2026,0301999020,041900,농수산식품
2026,0301999040,041900,농수산식품
2026,0301999051,041900,농수산식품
2026,0301999059,041900,농수산식품
2026,0301999060,041900,농수산식품
2026,0301999070,041900,농수산식품
2026,0301999080,041900,농수산식품
2026,0301999091,041900,농수산식품
2026,0301999092,041900,농수산식품
2026,0301999095,041900,농수산식품
2026,0301999096,041900,농수산식품
2026,0301999097,041900,농수산식품
2026,0301999099,041900,농수산식품
2026,0302110000,041900,농수산식품
2026,0302130000,041900,농수산식품
2026,0302140000,041900,농수산식품
2026,0302190000,041900,농수산식품
2026,0302210000,041500,농수산식품
2026,0302220000,041600,농수산식품
2026,0302230000,041900,농수산식품
2026,0302240000,041500,농수산식품
2026,0302290000,041900,농수산식품
2026,0302310000,041100,농수산식품
2026,0302320000,041100,농수산식품
2026,0302330000,041100,농수산식품
2026,0302340000,041100,농수산식품
2026,0302351000,041100,농수산식품
2026,0302352000,041100,농수산식품
2026,0302360000,041100,농수산식품
2026,0302390000,041100,농수산식품
2026,0302410000,041900,농수산식품
2026,0302420000,041900,농수산식품
2026,0302430000,041900,농수산식품
2026,0302440000,041900,농수산식품
2026,0302450000,041900,농수산식품
2026,0302460000,041900,농수산식품
2026,0302470000,041900,농수산식품
2026,0302491000,041900,농수산식품
2026,0302492000,041900,농수산식품
2026,0302493000,041900,농수산식품
2026,0302499000,041900,농수산식품
2026,0302510000,041700,농수산식품
2026,0302520000,041900,농수산식품
2026,0302530000,041700,농수산식품
2026,0302540000,041700,농수산식품
2026,0302550000,041400,농수산식품
2026,0302560000,041900,농수산식품
2026,0302590000,041900,농수산식품
2026,0302710000,041900,농수산식품
2026,0302720000,041900,농수산식품
2026,0302730000,041900,농수산식품
2026,0302740000,041800,농수산식품
2026,0302790000,041900,농수산식품
2026,0302810000,041900,농수산식품
2026,0302820000,041900,농수산식품
2026,0302830000,041900,농수산식품
2026,0302840000,041900,농수산식품
2026,0302850000,041900,농수산식품
2026,0302891000,041900,농수산식품
2026,0302892000,041300,농수산식품
2026,0302893000,041900,농수산식품
2026,0302894000,041900,농수산식품
2026,0302895000,041900,농수산식품
2026,0302896000,041900,농수산식품
2026,0302899020,041900,농수산식품
2026,0302899040,041900,농수산식품
2026,0302899090,041900,농수산식품
2026,0302911000,046900,농수산식품
2026,0302912000,045290,농수산식품
2026,0302920000,046900,농수산식품
2026,0302990000,046900,농수산식품
2026,0303110000,041900,농수산식품
2026,0303120000,041900,농수산식품
2026,0303130000,041900,농수산식품
2026,0303140000,041900,농수산식품
2026,0303190000,041900,농수산식품
2026,0303230000,041900,농수산식품
2026,0303240000,041900,농수산식품
2026,0303250000,041900,농수산식품
2026,0303260000,041800,농수산식품
2026,0303290000,041900,농수산식품
2026,0303310000,041500,농수산식품
2026,0303320000,041600,농수산식품
2026,0303330000,041900,농수산식품
2026,0303340000,041500,농수산식품
2026,0303391000,041900,농수산식품
2026,0303399000,041900,농수산식품
2026,0303410000,041100,농수산식품
2026,0303420000,041100,농수산식품
2026,0303430000,041100,농수산식품
2026,0303440000,041100,농수산식품
2026,0303451000,041100,농수산식품
2026,0303452000,041100,농수산식품
2026,0303460000,041100,농수산식품
2026,0303490000,041100,농수산식품
2026,0303510000,041900,농수산식품
2026,0303530000,041900,농수산식품
2026,0303540000,041900,농수산식품
2026,0303550000,041900,농수산식품
2026,0303560000,041900,농수산식품
2026,0303570000,041900,농수산식품
2026,0303591000,041900,농수산식품
2026,0303592000,041900,농수산식품
2026,0303599000,041900,농수산식품
2026,0303630000,041700,농수산식품
2026,0303640000,041900,농수산식품
2026,0303650000,041700,농수산식품
2026,0303660000,041700,농수산식품
2026,0303670000,041400,농수산식품
2026,0303680000,041900,농수산식품
2026,0303691000,041900,농수산식품
2026,0303699000,041900,농수산식품
2026,0303810000,041900,농수산식품
2026,0303821000,041900,농수산식품
2026,0303822000,041900,농수산식품
2026,0303830000,041900,농수산식품
2026,0303840000,041900,농수산식품
2026,0303891000,041700,농수산식품
2026,0303892000,041300,농수산식품
2026,0303893010,041900,농수산식품
2026,0303893020,041900,농수산식품
2026,0303893090,041900,농수산식품
2026,0303894000,041900,농수산식품
2026,0303895010,041200,농수산식품
2026,0303895020,041200,농수산식품
2026,0303895090,041200,농수산식품
2026,0303896000,041900,농수산식품
2026,0303898000,041900,농수산식품
2026,0303899010,041900,농수산식품
2026,0303899020,041900,농수산식품
2026,0303899030,041900,농수산식품
2026,0303899040,041900,농수산식품
2026,0303899050,041900,농수산식품
2026,0303899060,041900,농수산식품
2026,0303899070,041900,농수산식품
2026,0303899080,041900,농수산식품
2026,0303899091,041900,농수산식품
2026,0303899092,041900,농수산식품
2026,0303899093,041900,농수산식품
2026,0303899099,041900,농수산식품
2026,0303911000,047000,농수산식품
2026,0303912010,045210,농수산식품
2026,0303912090,045290,농수산식품
2026,0303920000,046900,농수산식품
2026,0303990000,046900,농수산식품
2026,0304310000,045100,농수산식품
2026,0304320000,045100,농수산식품
2026,0304330000,045100,농수산식품
2026,0304390000,045100,농수산식품
2026,0304410000,045100,농수산식품
2026,0304420000,045100,농수산식품
2026,0304431000,045100,농수산식품
2026,0304439000,045100,농수산식품
2026,0304440000,045100,농수산식품
2026,0304450000,045100,농수산식품
2026,0304460000,045100,농수산식품
2026,0304470000,045100,농수산식품
2026,0304480000,045100,농수산식품
2026,0304491000,045100,농수산식품
2026,0304492000,045100,농수산식품
2026,0304499000,045100,농수산식품
2026,0304511000,045100,농수산식품
2026,0304519000,045100,농수산식품
2026,0304520000,045100,농수산식품
2026,0304530000,045100,농수산식품
2026,0304540000,045100,농수산식품
2026,0304550000,045100,농수산식품
2026,0304560000,045100,농수산식품
2026,0304573000,045100,농수산식품
2026,0304579000,045100,농수산식품
2026,0304591000,045100,농수산식품
2026,0304592000,045100,농수산식품
2026,0304593010,045100,농수산식품
2026,0304593090,045100,농수산식품
2026,0304599010,045100,농수산식품
2026,0304599090,045100,농수산식품
2026,0304610000,045100,농수산식품
2026,0304620000,045100,농수산식품
2026,0304630000,045100,농수산식품
2026,0304690000,045100,농수산식품
2026,0304710000,045100,농수산식품
2026,0304720000,045100,농수산식품
2026,0304730000,045100,농수산식품
2026,0304740000,045100,농수산식품
2026,0304750000,045100,농수산식품
2026,0304790000,045100,농수산식품
2026,0304810000,045100,농수산식품
2026,0304820000,045100,농수산식품
2026,0304831000,045100,농수산식품
2026,0304839000,045100,농수산식품
2026,0304840000,045100,농수산식품
2026,0304850000,045100,농수산식품
2026,0304860000,045100,농수산식품
2026,0304871000,045100,농수산식품
2026,0304879000,045100,농수산식품
2026,0304881000,045100,농수산식품
2026,0304889000,045100,농수산식품
2026,0304891000,045100,농수산식품
2026,0304892000,045100,농수산식품
2026,0304893000,045100,농수산식품
2026,0304894000,045100,농수산식품
2026,0304895000,045100,농수산식품
2026,0304899000,045100,농수산식품
2026,0304911000,045100,농수산식품
2026,0304919000,045100,농수산식품
2026,0304921000,045100,농수산식품
2026,0304929000,045100,농수산식품
2026,0304931000,045100,농수산식품
2026,0304939000,045100,농수산식품
2026,0304941000,045100,농수산식품
2026,0304949000,045100,농수산식품
2026,0304951000,045100,농수산식품
2026,0304959000,045100,농수산식품
2026,0304960000,045100,농수산식품
2026,0304970000,045100,농수산식품
2026,0304991000,045100,농수산식품
2026,0304999000,045100,농수산식품
2026,0305201000,046900,농수산식품
2026,0305202000,046300,농수산식품
2026,0305203000,046300,농수산식품
2026,0305204010,046220,농수산식품
2026,0305204020,046220,농수산식품
2026,0305204030,046220,농수산식품
2026,0305204090,046220,농수산식품
2026,0305311000,046300,농수산식품
2026,0305312000,046290,농수산식품
2026,0305321000,046300,농수산식품
2026,0305322000,046290,농수산식품
2026,0305391000,046300,농수산식품
2026,0305392000,046290,농수산식품
2026,0305410000,041900,농수산식품
2026,0305420000,046300,농수산식품
2026,0305430000,046300,농수산식품
2026,0305440000,046300,농수산식품
2026,0305491000,046300,농수산식품
2026,0305492000,046300,농수산식품
2026,0305499000,046300,농수산식품
2026,0305510000,046300,농수산식품
2026,0305520000,046300,농수산식품
2026,0305531000,046300,농수산식품
2026,0305539000,046300,농수산식품
2026,0305541000,046900,농수산식품
2026,0305549000,046300,농수산식품
2026,0305594000,046300,농수산식품
2026,0305595000,046300,농수산식품
2026,0305596000,046300,농수산식품
2026,0305597000,046300,농수산식품
2026,0305598000,046300,농수산식품
2026,0305599000,046300,농수산식품
2026,0305610000,046290,농수산식품
2026,0305620000,046290,농수산식품
2026,0305631000,046290,농수산식품
2026,0305639000,046290,농수산식품
2026,0305640000,046290,농수산식품
2026,0305691000,046900,농수산식품
2026,0305692000,046900,농수산식품
2026,0305693000,046900,농수산식품
2026,0305694000,046900,농수산식품
2026,0305695000,046900,농수산식품
2026,0305696000,046900,농수산식품
2026,0305698000,046900,농수산식품
2026,0305699000,046900,농수산식품
2026,0305711000,046900,농수산식품
2026,0305712000,046300,농수산식품
2026,0305713000,046900,농수산식품
2026,0305720000,046900,농수산식품
2026,0305790000,046900,농수산식품
2026,0306111000,042100,농수산식품
2026,0306119000,042100,농수산식품
2026,0306121000,042300,농수산식품
2026,0306129000,042300,농수산식품
2026,0306141010,042290,농수산식품
2026,0306141090,042290,농수산식품
2026,0306142000,042290,농수산식품
2026,0306143010,042210,농수산식품
2026,0306143090,042210,농수산식품
2026,0306149010,042290,농수산식품
2026,0306149090,042290,농수산식품
2026,0306151000,042300,농수산식품
2026,0306159000,042300,농수산식품
2026,0306161010,042100,농수산식품
2026,0306161090,042100,농수산식품
2026,0306169010,042100,농수산식품
2026,0306169090,042100,농수산식품
2026,0306171010,042100,농수산식품
2026,0306171090,042100,농수산식품
2026,0306179010,042100,농수산식품
2026,0306179091,042100,농수산식품
2026,0306179099,042100,농수산식품
2026,0306191000,042900,농수산식품
2026,0306199000,042900,농수산식품
2026,0306310000,042100,농수산식품
2026,0306320000,042300,농수산식품
2026,0306331000,042210,농수산식품
2026,0306332000,042290,농수산식품
2026,0306339000,042290,농수산식품
2026,0306340000,042300,농수산식품
2026,0306350000,042100,농수산식품
2026,0306360000,042100,농수산식품
2026,0306390000,042900,농수산식품
2026,0306910000,042100,농수산식품
2026,0306920000,042300,농수산식품
2026,0306930000,042290,농수산식품
2026,0306940000,042300,농수산식품
2026,0306951020,042100,농수산식품
2026,0306951030,046210,농수산식품
2026,0306951040,042100,농수산식품
2026,0306959020,042100,농수산식품
2026,0306959030,046210,농수산식품
2026,0306959040,042100,농수산식품
2026,0306992000,046300,농수산식품
2026,0306993000,042900,농수산식품
2026,0306994000,042900,농수산식품
2026,0307111010,043400,농수산식품
2026,0307111090,043400,농수산식품
2026,0307119000,043400,농수산식품
2026,0307120000,043400,농수산식품
2026,0307192000,043400,농수산식품
2026,0307193000,043400,농수산식품
2026,0307194000,043400,농수산식품
2026,0307211000,043590,농수산식품
2026,0307219000,043590,농수산식품
2026,0307221000,043590,농수산식품
2026,0307229000,043900,농수산식품
2026,0307291000,043590,농수산식품
2026,0307299000,043590,농수산식품
2026,0307310000,043590,농수산식품
2026,0307320000,043590,농수산식품
2026,0307392000,046300,농수산식품
2026,0307399000,046290,농수산식품
2026,0307421010,043100,농수산식품
2026,0307421090,043100,농수산식품
2026,0307422010,043100,농수산식품
2026,0307422090,043100,농수산식품
2026,0307431010,043100,농수산식품
2026,0307431090,043100,농수산식품
2026,0307432010,043100,농수산식품
2026,0307432090,043100,농수산식품
2026,0307492010,046290,농수산식품
2026,0307492090,046290,농수산식품
2026,0307493010,043100,농수산식품
2026,0307493090,043100,농수산식품
2026,0307494010,043100,농수산식품
2026,0307494090,043100,농수산식품
2026,0307511000,043200,농수산식품
2026,0307512000,043200,농수산식품
2026,0307519000,043200,농수산식품
2026,0307521000,043200,농수산식품
2026,0307522000,043300,농수산식품
2026,0307523000,043200,농수산식품
2026,0307529000,043900,농수산식품
2026,0307592000,046300,농수산식품
2026,0307599000,046290,농수산식품
2026,0307600000,043900,농수산식품
2026,0307711000,043590,농수산식품
2026,0307712010,043510,농수산식품
2026,0307712090,043510,농수산식품
2026,0307713000,043590,농수산식품
2026,0307714000,043590,농수산식품
2026,0307715000,043590,농수산식품
2026,0307719000,043590,농수산식품
2026,0307721000,043590,농수산식품
2026,0307722000,043590,농수산식품
2026,0307723000,043590,농수산식품
2026,0307724000,043510,농수산식품
2026,0307725000,043590,농수산식품
2026,0307729000,043590,농수산식품
2026,0307792010,046300,농수산식품
2026,0307792020,046300,농수산식품
2026,0307792090,046300,농수산식품
2026,0307793010,046290,농수산식품
2026,0307793020,046290,농수산식품
2026,0307793090,046290,농수산식품
2026,0307794010,043590,농수산식품
2026,0307794090,043590,농수산식품
2026,0307810000,043590,농수산식품
2026,0307820000,043590,농수산식품
2026,0307830000,043590,농수산식품
2026,0307840000,043590,농수산식품
2026,0307871000,046300,농수산식품
2026,0307872000,046290,농수산식품
2026,0307873000,043590,농수산식품
2026,0307881000,046300,농수산식품
2026,0307882000,046290,농수산식품
2026,0307883000,043590,농수산식품
2026,0307911000,043900,농수산식품
2026,0307912010,043590,농수산식품
2026,0307912090,043590,농수산식품
2026,0307913000,043900,농수산식품
2026,0307914000,043590,농수산식품
2026,0307919000,043900,농수산식품
2026,0307921000,043900,농수산식품
2026,0307922000,043900,농수산식품
2026,0307929000,043900,농수산식품
2026,0307992100,046300,농수산식품
2026,0307992900,049090,농수산식품
2026,0307993000,049090,농수산식품
2026,0307994110,049090,농수산식품
2026,0307994120,049090,농수산식품
2026,0307994900,049090,농수산식품
2026,0308110000,049090,농수산식품
2026,0308120000,049090,농수산식품
2026,0308192000,049090,농수산식품
2026,0308193000,049090,농수산식품
2026,0308194000,049090,농수산식품
2026,0308210000,049090,농수산식품
2026,0308220000,049090,농수산식품
2026,0308292000,049090,농수산식품
2026,0308293000,049090,농수산식품
2026,0308294000,049090,농수산식품
2026,0308301000,049090,농수산식품
2026,0308302000,049090,농수산식품
2026,0308303000,046300,농수산식품
2026,0308304000,049090,농수산식품
2026,0308305000,049090,농수산식품
2026,0308901011,049090,농수산식품
2026,0308901019,049090,농수산식품
2026,0308901090,049090,농수산식품
2026,0308902010,049090,농수산식품
2026,0308902090,049090,농수산식품
2026,0308903000,049090,농수산식품
2026,0308904000,049090,농수산식품
2026,0308905000,049090,농수산식품
2026,0309100000,049010,농수산식품
2026,0309901000,049010,농수산식품
2026,0309902000,049010,농수산식품
2026,0309909000,049010,농수산식품
2026,0401100000,024310,농수산식품
2026,0401200000,024310,농수산식품
2026,0401401000,024310,농수산식품
2026,0401409000,024310,농수산식품
2026,0401501000,024310,농수산식품
2026,0401509000,024310,농수산식품
2026,0402101010,024320,농수산식품
2026,0402101090,024320,농수산식품
2026,0402109000,024320,농수산식품
2026,0402211000,024320,농수산식품
2026,0402219000,024320,농수산식품
2026,0402290000,024320,농수산식품
2026,0402911000,024390,농수산식품
2026,0402919000,024390,농수산식품
2026,0402991000,024390,농수산식품
2026,0402999000,024390,농수산식품
2026,0403201000,016900,농수산식품
2026,0403202000,016900,농수산식품
2026,0403209000,016900,농수산식품
2026,0403901000,024390,농수산식품
2026,0403909000,024350,농수산식품
2026,0404101011,024390,농수산식품
2026,0404101019,024390,농수산식품
2026,0404101091,024390,농수산식품
2026,0404101099,024390,농수산식품
2026,0404102111,024390,농수산식품
2026,0404102119,024390,농수산식품
2026,0404102121,024390,농수산식품
2026,0404102129,024390,농수산식품
2026,0404102131,024390,농수산식품
2026,0404102139,024390,농수산식품
2026,0404102191,024390,농수산식품
2026,0404102199,024390,농수산식품
2026,0404102910,024390,농수산식품
2026,0404102990,024390,농수산식품
2026,0404901000,024390,농수산식품
2026,0404902000,024390,농수산식품
2026,0405100000,024330,농수산식품
2026,0405200000,024330,농수산식품
2026,0405900000,024330,농수산식품
2026,0406101010,024340,농수산식품
2026,0406101020,024340,농수산식품
2026,0406101090,024340,농수산식품
2026,0406102000,024340,농수산식품
2026,0406200000,024340,농수산식품
2026,0406300000,024340,농수산식품
2026,0406400000,024340,농수산식품
2026,0406901000,024340,농수산식품
2026,0406902000,024340,농수산식품
2026,0406903000,024340,농수산식품
2026,0406904000,024340,농수산식품
2026,0406909000,024340,농수산식품
2026,0407110000,024400,농수산식품
2026,0407190000,024400,농수산식품
2026,0407210000,024400,농수산식품
2026,0407290000,024400,농수산식품
2026,0407900000,024400,농수산식품
2026,0408110000,024400,농수산식품
2026,0408190000,024400,농수산식품
2026,0408910000,024400,농수산식품
2026,0408991000,024400,농수산식품
2026,0408999000,024400,농수산식품
2026,0409000000,024210,농수산식품
2026,0410100000,022910,농수산식품
2026,0410901000,023900,농수산식품
2026,0410902000,024220,농수산식품
2026,0410909000,023900,농수산식품
2026,0502100000,025000,농수산식품
2026,0502900000,025000,농수산식품
2026,0504001010,022990,농수산식품
2026,0504001021,022990,농수산식품
2026,0504001029,022990,농수산식품
2026,0504001031,022990,농수산식품
2026,0504001039,022990,농수산식품
2026,0504001090,022990,농수산식품
2026,0504002000,022990,농수산식품
2026,0504003000,022990,농수산식품
2026,0505100000,025000,농수산식품
2026,0505901000,025000,농수산식품
2026,0505909000,025000,농수산식품
2026,0506100000,023290,농수산식품
2026,0506901020,023290,농수산식품
2026,0506901090,023290,농수산식품
2026,0506902000,023290,농수산식품
2026,0506909000,023290,농수산식품
2026,0507101000,023210,농수산식품
2026,0507109000,023210,농수산식품
2026,0507901110,023310,농수산식품
2026,0507901190,023310,농수산식품
2026,0507901200,023310,농수산식품
2026,0507902010,023900,농수산식품
2026,0507902020,023900,농수산식품
2026,0507902090,023900,농수산식품
2026,0508001000,525900,생활용품
2026,0508002010,525200,생활용품
2026,0508002020,525200,생활용품
2026,0508002030,525200,생활용품
2026,0508002040,525200,생활용품
2026,0508002050,525200,생활용품
2026,0508002060,525200,생활용품
2026,0508002070,525200,생활용품
2026,0508002090,525200,생활용품
2026,0508009000,525900,생활용품
2026,0510003000,023390,농수산식품
2026,0510004000,023390,농수산식품
2026,0510009000,023900,농수산식품
2026,0511100000,023900,농수산식품
2026,0511911010,047000,농수산식품
2026,0511911090,047000,농수산식품
2026,0511912000,047000,농수산식품
2026,0511919000,047000,농수산식품
2026,0511991000,023900,농수산식품
2026,0511992010,023900,농수산식품
2026,0511992090,023900,농수산식품
2026,0511993010,023900,농수산식품
2026,0511993020,023900,농수산식품
2026,0511993090,023900,농수산식품
2026,0511994000,023900,농수산식품
2026,0511995030,025000,농수산식품
2026,0511995090,025000,농수산식품
2026,0511996000,047000,농수산식품
2026,0511999010,019000,농수산식품
2026,0511999020,019000,농수산식품
2026,0511999030,023900,농수산식품
2026,0511999040,023900,농수산식품
2026,0511999090,023900,농수산식품
2026,0601101000,012203,농수산식품
2026,0601102000,012204,농수산식품
2026,0601104000,012206,농수산식품
2026,0601105000,012207,농수산식품
2026,0601106000,012208,농수산식품
2026,0601107000,012209,농수산식품
2026,0601108000,012210,농수산식품
2026,0601109000,012290,농수산식품
2026,0601201000,012203,농수산식품
2026,0601202000,012204,농수산식품
2026,0601207000,012208,농수산식품
2026,0601208000,012209,농수산식품
2026,0601209010,012210,농수산식품
2026,0601209090,012290,농수산식품
2026,0602100000,032100,농수산식품
2026,0602201000,012990,농수산식품
2026,0602202000,012990,농수산식품
2026,0602203000,012990,농수산식품
2026,0602204000,012990,농수산식품
2026,0602206000,012990,농수산식품
2026,0602209000,012990,농수산식품
2026,0602300000,012290,농수산식품
2026,0602400000,012201,농수산식품
2026,0602901010,012211,농수산식품
2026,0602901020,012212,농수산식품
2026,0602901030,012290,농수산식품
2026,0602901040,012290,농수산식품
2026,0602901050,012202,농수산식품
2026,0602901060,012290,농수산식품
2026,0602901090,012290,농수산식품
2026,0602902010,032100,농수산식품
2026,0602902021,032100,농수산식품
2026,0602902029,032100,농수산식품
2026,0602902090,032100,농수산식품
2026,0602909010,012290,농수산식품
2026,0602909030,012990,농수산식품
2026,0602909040,012490,농수산식품
2026,0602909050,012910,농수산식품
2026,0602909090,012990,농수산식품
2026,0603110000,012201,농수산식품
2026,0603120000,012212,농수산식품
2026,0603131000,012211,농수산식품
2026,0603132000,012211,농수산식품
2026,0603139000,012211,농수산식품
2026,0603140000,012202,농수산식품
2026,0603150000,012204,농수산식품
2026,0603191000,012203,농수산식품
2026,0603199000,012290,농수산식품
2026,0603900000,012290,농수산식품
2026,0604201000,033900,농수산식품
2026,0604202000,033900,농수산식품
2026,0604209000,013900,농수산식품
2026,0604901000,013900,농수산식품
2026,0604909000,013900,농수산식품
2026,0701100000,011210,농수산식품
2026,0701900000,011210,농수산식품
2026,0702001000,012107,농수산식품
2026,0702009000,012107,농수산식품
2026,0703101010,012111,농수산식품
2026,0703101090,012111,농수산식품
2026,0703103000,012112,농수산식품
2026,0703201000,012113,농수산식품
2026,0703209000,012113,농수산식품
2026,0703901000,012114,농수산식품
2026,0703902000,012190,농수산식품
2026,0703903000,012190,농수산식품
2026,0703909000,012190,농수산식품
2026,0704100000,012102,농수산식품
2026,0704200000,012102,농수산식품
2026,0704901000,012102,농수산식품
2026,0704902000,012101,농수산식품
2026,0704909000,012101,농수산식품
2026,0705110000,012103,농수산식품
2026,0705190000,012103,농수산식품
2026,0705210000,012190,농수산식품
2026,0705290000,012190,농수산식품
2026,0706101000,012106,농수산식품
2026,0706102000,012105,농수산식품
2026,0706901000,012105,농수산식품
2026,0706902000,012118,농수산식품
2026,0706903000,012190,농수산식품
2026,0706904000,012190,농수산식품
2026,0706909000,012190,농수산식품
2026,0707000000,012108,농수산식품
2026,0708100000,011350,농수산식품
2026,0708200000,011390,농수산식품
2026,0708900000,011390,농수산식품
2026,0709200000,012115,농수산식품
2026,0709300000,012110,농수산식품
2026,0709400000,012190,농수산식품
2026,0709517000,012410,농수산식품
2026,0709519000,012490,농수산식품
2026,0709520000,012490,농수산식품
2026,0709530000,012490,농수산식품
2026,0709540000,012450,농수산식품
2026,0709550000,012440,농수산식품
2026,0709560000,012490,농수산식품
2026,0709593000,012420,농수산식품
2026,0709594010,012430,농수산식품
2026,0709594090,012430,농수산식품
2026,0709595000,012460,농수산식품
2026,0709599000,012490,농수산식품
2026,0709601000,012116,농수산식품
2026,0709609000,012116,농수산식품
2026,0709700000,012104,농수산식품
2026,0709910000,012190,농수산식품
2026,0709920000,012190,농수산식품
2026,0709930000,012109,농수산식품
2026,0709991000,012310,농수산식품
2026,0709992000,012330,농수산식품
2026,0709993000,012119,농수산식품
2026,0709999000,012190,농수산식품
2026,0710100000,011210,농수산식품
2026,0710210000,011350,농수산식품
2026,0710220000,011390,농수산식품
2026,0710290000,011390,농수산식품
2026,0710300000,012104,농수산식품
2026,0710400000,012190,농수산식품
2026,0710801000,012111,농수산식품
2026,0710802000,012113,농수산식품
2026,0710804000,012106,농수산식품
2026,0710805000,012310,농수산식품
2026,0710806000,012440,농수산식품
2026,0710807000,012116,농수산식품
2026,0710808010,012190,농수산식품
2026,0710808020,012190,농수산식품
2026,0710809010,012190,농수산식품
2026,0710809090,012190,농수산식품
2026,0710900000,012190,농수산식품
2026,0711200000,012190,농수산식품
2026,0711400000,012108,농수산식품
2026,0711510000,012490,농수산식품
2026,0711591000,012190,농수산식품
2026,0711599000,012490,농수산식품
2026,0711901000,012113,농수산식품
2026,0711903000,012320,농수산식품
2026,0711904000,012106,농수산식품
2026,0711905010,012310,농수산식품
2026,0711905020,012330,농수산식품
2026,0711905091,012190,농수산식품
2026,0711905099,012190,농수산식품
2026,0711909000,012190,농수산식품
2026,0712200000,012111,농수산식품
2026,0712311000,012410,농수산식품
2026,0712319000,012490,농수산식품
2026,0712320000,012490,농수산식품
2026,0712330000,012490,농수산식품
2026,0712340000,012450,농수산식품
2026,0712391010,012440,농수산식품
2026,0712391030,012420,농수산식품
2026,0712391040,012430,농수산식품
2026,0712391050,012460,농수산식품
2026,0712391090,012490,농수산식품
2026,0712392000,012490,농수산식품
2026,0712901000,012113,농수산식품
2026,0712902010,012310,농수산식품
2026,0712902020,012105,농수산식품
2026,0712902030,012112,농수산식품
2026,0712902040,012106,농수산식품
2026,0712902050,012109,농수산식품
2026,0712902060,012102,농수산식품
2026,0712902070,012190,농수산식품
2026,0712902080,012190,농수산식품
2026,0712902091,012190,농수산식품
2026,0712902092,012190,농수산식품
2026,0712902093,011210,농수산식품
2026,0712902094,012330,농수산식품
2026,0712902095,012190,농수산식품
2026,0712902096,012190,농수산식품
2026,0712902097,012190,농수산식품
2026,0712902099,012190,농수산식품
2026,0712909000,012190,농수산식품
2026,0713101000,011350,농수산식품
2026,0713102000,011350,농수산식품
2026,0713109000,011350,농수산식품
2026,0713200000,011390,농수산식품
2026,0713311000,011320,농수산식품
2026,0713319000,011320,농수산식품
2026,0713321000,011330,농수산식품
2026,0713329000,011330,농수산식품
2026,0713331000,011340,농수산식품
2026,0713339000,011340,농수산식품
2026,0713340000,011390,농수산식품
2026,0713350000,011390,농수산식품
2026,0713390000,011390,농수산식품
2026,0713400000,011390,농수산식품
2026,0713500000,011390,농수산식품
2026,0713600000,011390,농수산식품
2026,0713900000,011390,농수산식품
2026,0714101000,011230,농수산식품
2026,0714102010,011230,농수산식품
2026,0714102020,011230,농수산식품
2026,0714102090,011230,농수산식품
2026,0714103000,011230,농수산식품
2026,0714104000,011230,농수산식품
2026,0714201000,011220,농수산식품
2026,0714202000,011220,농수산식품
2026,0714203000,011220,농수산식품
2026,0714204000,011220,농수산식품
2026,0714301000,011220,농수산식품
2026,0714309000,011220,농수산식품
2026,0714401000,011220,농수산식품
2026,0714409000,011220,농수산식품
2026,0714501000,011220,농수산식품
2026,0714509000,011220,농수산식품
2026,0714901010,033900,농수산식품
2026,0714901090,033900,농수산식품
2026,0714909010,011290,농수산식품
2026,0714909090,011290,농수산식품
2026,0801110000,012560,농수산식품
2026,0801120000,012560,농수산식품
2026,0801190000,012560,농수산식품
2026,0801210000,011690,농수산식품
2026,0801220000,011690,농수산식품
2026,0801310000,011690,농수산식품
2026,0801320000,011690,농수산식품
2026,0802110000,012550,농수산식품
2026,0802120000,012550,농수산식품
2026,0802210000,012590,농수산식품
2026,0802220000,012590,농수산식품
2026,0802310000,012520,농수산식품
2026,0802320000,012520,농수산식품
2026,0802410000,012510,농수산식품
2026,0802420000,012510,농수산식품
2026,0802510000,012590,농수산식품
2026,0802520000,012590,농수산식품
2026,0802610000,012590,농수산식품
2026,0802620000,012590,농수산식품
2026,0802700000,012590,농수산식품
2026,0802800000,012590,농수산식품
2026,0802910000,012530,농수산식품
2026,0802920000,012530,농수산식품
2026,0802991010,012540,농수산식품
2026,0802991020,012540,농수산식품
2026,0802999000,012590,농수산식품
2026,0803100000,011617,농수산식품
2026,0803900000,011617,농수산식품
2026,0804100000,011613,농수산식품
2026,0804200000,011614,농수산식품
2026,0804300000,011615,농수산식품
2026,0804400000,011690,농수산식품
2026,0804501000,011690,농수산식품
2026,0804502000,011616,농수산식품
2026,0804503000,011690,농수산식품
2026,0805100000,011618,농수산식품
2026,0805211000,011620,농수산식품
2026,0805219000,011690,농수산식품
2026,0805220000,011690,농수산식품
2026,0805290000,011690,농수산식품
2026,0805400000,011690,농수산식품
2026,0805501000,011619,농수산식품
2026,0805502010,011619,농수산식품
2026,0805502020,011619,농수산식품
2026,0805900000,011620,농수산식품
2026,0806100000,011621,농수산식품
2026,0806200000,011621,농수산식품
2026,0807110000,011622,농수산식품
2026,0807191000,011624,농수산식품
2026,0807199000,011623,농수산식품
2026,0807200000,011690,농수산식품
2026,0808100000,011601,농수산식품
2026,0808300000,011602,농수산식품
2026,0808400000,011609,농수산식품
2026,0809100000,011605,농수산식품
2026,0809210000,011608,농수산식품
2026,0809290000,011608,농수산식품
2026,0809300000,011604,농수산식품
2026,0809401000,011606,농수산식품
2026,0809402000,011606,농수산식품
2026,0810100000,011603,농수산식품
2026,0810200000,011690,농수산식품
2026,0810300000,011690,농수산식품
2026,0810400000,011690,농수산식품
2026,0810500000,011611,농수산식품
2026,0810600000,011690,농수산식품
2026,0810701000,011610,농수산식품
2026,0810709000,011610,농수산식품
2026,0810903000,011607,농수산식품
2026,0810905000,011612,농수산식품
2026,0810909000,011690,농수산식품
2026,0811100000,011603,농수산식품
2026,0811200000,011690,농수산식품
2026,0811901000,012510,농수산식품
2026,0811902000,011690,농수산식품
2026,0811903000,011690,농수산식품
2026,0811909000,011690,농수산식품
2026,0812100000,011608,농수산식품
2026,0812901000,011603,농수산식품
2026,0812909000,011690,농수산식품
2026,0813100000,011605,농수산식품
2026,0813200000,011606,농수산식품
2026,0813300000,011601,농수산식품
2026,0813401000,011610,농수산식품
2026,0813402000,011607,농수산식품
2026,0813409000,011690,농수산식품
2026,0813500000,016900,농수산식품
2026,0814001000,013900,농수산식품
2026,0814002000,013900,농수산식품
2026,0901110000,015110,농수산식품
2026,0901120000,015110,농수산식품
2026,0901210000,015110,농수산식품
2026,0901220000,015110,농수산식품
2026,0901901000,015110,농수산식품
2026,0901902000,015110,농수산식품
2026,0902100000,015310,농수산식품
2026,0902200000,015310,농수산식품
2026,0902300000,015320,농수산식품
2026,0902400000,015320,농수산식품
2026,0903000000,011900,농수산식품
2026,0904110000,012190,농수산식품
2026,0904120000,012190,농수산식품
2026,0904210000,012116,농수산식품
2026,0904220000,012116,농수산식품
2026,0905100000,011900,농수산식품
2026,0905200000,011900,농수산식품
2026,0906110000,015600,농수산식품
2026,0906190000,015600,농수산식품
2026,0906200000,015600,농수산식품
2026,0907100000,015600,농수산식품
2026,0907200000,015600,농수산식품
2026,0908110000,015600,농수산식품
2026,0908120000,015600,농수산식품
2026,0908210000,015600,농수산식품
2026,0908220000,015600,농수산식품
2026,0908310000,015600,농수산식품
2026,0908320000,015600,농수산식품
2026,0909210000,015600,농수산식품
2026,0909220000,015600,농수산식품
2026,0909310000,015600,농수산식품
2026,0909320000,015600,농수산식품
2026,0909611000,015600,농수산식품
2026,0909612000,015600,농수산식품
2026,0909613000,015600,농수산식품
2026,0909621000,015600,농수산식품
2026,0909622000,015600,농수산식품
2026,0909623000,015600,농수산식품
2026,0910111000,012117,농수산식품
2026,0910112000,012117,농수산식품
2026,0910113000,012117,농수산식품
2026,0910119000,012117,농수산식품
2026,0910121000,012117,농수산식품
2026,0910122000,012117,농수산식품
2026,0910123000,012117,농수산식품
2026,0910129000,012117,농수산식품
2026,0910200000,014400,농수산식품
2026,0910300000,014400,농수산식품
2026,0910911000,014400,농수산식품
2026,0910919000,014400,농수산식품
2026,0910991000,014400,농수산식품
2026,0910999000,014400,농수산식품
2026,1001110000,011130,농수산식품
2026,1001190000,011130,농수산식품
2026,1001911000,011130,농수산식품
2026,1001919000,011130,농수산식품
2026,1001991010,013600,농수산식품
2026,1001991090,013600,농수산식품
2026,1001992010,011130,농수산식품
2026,1001992090,011130,농수산식품
2026,1001999010,011130,농수산식품
2026,1001999090,011130,농수산식품
2026,1002100000,011130,농수산식품
2026,1002900000,011130,농수산식품
2026,1003101000,011120,농수산식품
2026,1003102000,011120,농수산식품
2026,1003103000,011120,농수산식품
2026,1003109000,011120,농수산식품
2026,1003901000,011120,농수산식품
2026,1003902000,011120,농수산식품
2026,1003903000,011120,농수산식품
2026,1003909000,011120,농수산식품
2026,1004100000,011190,농수산식품
2026,1004900000,011190,농수산식품
2026,1005100000,011140,농수산식품
2026,1005901000,013600,농수산식품
2026,1005902000,011140,농수산식품
2026,1005909000,011140,농수산식품
2026,1006100000,011110,농수산식품
2026,1006201000,011110,농수산식품
2026,1006202000,011110,농수산식품
2026,1006301000,011110,농수산식품
2026,1006302000,011110,농수산식품
2026,1006400000,011110,농수산식품
2026,1007100000,011160,농수산식품
2026,1007900000,011160,농수산식품
2026,1008100000,011130,농수산식품
2026,1008211000,011150,농수산식품
2026,1008219000,011150,농수산식품
2026,1008291000,011190,농수산식품
2026,1008299000,011190,농수산식품
2026,1008300000,011190,농수산식품
2026,1008400000,011190,농수산식품
2026,1008500000,011190,농수산식품
2026,1008600000,011190,농수산식품
2026,1008900000,011430,농수산식품
2026,1101001000,011430,농수산식품
2026,1101002000,011490,농수산식품
2026,1102200000,011440,농수산식품
2026,1102901000,011420,농수산식품
2026,1102902000,011410,농수산식품
2026,1102903000,011490,농수산식품
2026,1102909000,011490,농수산식품
2026,1103110000,011430,농수산식품
2026,1103130000,011440,농수산식품
2026,1103191000,011420,농수산식품
2026,1103192000,011490,농수산식품
2026,1103193000,011410,농수산식품
2026,1103199000,011490,농수산식품
2026,1103201000,011430,농수산식품
2026,1103202000,011410,농수산식품
2026,1103203000,011420,농수산식품
2026,1103209000,011490,농수산식품
2026,1104120000,011490,농수산식품
2026,1104191000,011410,농수산식품
2026,1104192000,011420,농수산식품
2026,1104199000,011490,농수산식품
2026,1104220000,011490,농수산식품
2026,1104230000,011490,농수산식품
2026,1104291000,011490,농수산식품
2026,1104292000,011420,농수산식품
2026,1104299000,011490,농수산식품
2026,1104301000,011410,농수산식품
2026,1104309000,011490,농수산식품
2026,1105100000,011490,농수산식품
2026,1105200000,011490,농수산식품
2026,1106100000,011390,농수산식품
2026,1106201000,033900,농수산식품
2026,1106209000,013900,농수산식품
2026,1106300000,011690,농수산식품
2026,1107100000,011420,농수산식품
2026,1107201000,011420,농수산식품
2026,1107209000,011420,농수산식품
2026,1108110000,011430,농수산식품
2026,1108121000,011440,농수산식품
2026,1108129000,931220,바이오헬스
2026,1108130000,011490,농수산식품
2026,1108141000,011490,농수산식품
2026,1108149000,011490,농수산식품
2026,1108191000,011490,농수산식품
2026,1108199000,011490,농수산식품
2026,1108200000,011490,농수산식품
2026,1109000000,014100,농수산식품
2026,1201101000,011310,농수산식품
2026,1201109000,011310,농수산식품
2026,1201901000,011310,농수산식품
2026,1201902000,011310,농수산식품
2026,1201903000,011310,농수산식품
2026,1201909000,011310,농수산식품
2026,1202301000,011510,농수산식품
2026,1202302000,011510,농수산식품
2026,1202410000,011510,농수산식품
2026,1202420000,011510,농수산식품
2026,1203000000,011590,농수산식품
2026,1204000000,011560,농수산식품
2026,1205101000,011590,농수산식품
2026,1205109000,011590,농수산식품
2026,1205901000,011590,농수산식품
2026,1205909000,011590,농수산식품
2026,1206000000,011540,농수산식품
2026,1207100000,011590,농수산식품
2026,1207210000,011590,농수산식품
2026,1207291000,011590,농수산식품
2026,1207299000,011590,농수산식품
2026,1207300000,011550,농수산식품
2026,1207400000,011520,농수산식품
2026,1207500000,011590,농수산식품
2026,1207600000,011590,농수산식품
2026,1207700000,011590,농수산식품
2026,1207910000,011590,농수산식품
2026,1207991000,011530,농수산식품
2026,1207992000,011590,농수산식품
2026,1207999000,011590,농수산식품
2026,1208100000,011310,농수산식품
2026,1208901000,011590,농수산식품
2026,1208909000,011590,농수산식품
2026,1209100000,017000,농수산식품
2026,1209210000,017000,농수산식품
2026,1209220000,017000,농수산식품
2026,1209230000,017000,농수산식품
2026,1209240000,017000,농수산식품
2026,1209250000,017000,농수산식품
2026,1209291000,017000,농수산식품
2026,1209292000,017000,농수산식품
2026,1209293000,017000,농수산식품
2026,1209294000,011900,농수산식품
2026,1209299000,017000,농수산식품
2026,1209300000,017000,농수산식품
2026,1209911010,017000,농수산식품
2026,1209911090,017000,농수산식품
2026,1209912000,017000,농수산식품
2026,1209913000,017000,농수산식품
2026,1209914000,017000,농수산식품
2026,1209915000,017000,농수산식품
2026,1209919000,017000,농수산식품
2026,1209991010,032200,농수산식품
2026,1209991090,032200,농수산식품
2026,1209992000,011900,농수산식품
2026,1209993000,011900,농수산식품
2026,1209994000,032200,농수산식품
2026,1209999000,011900,농수산식품
2026,1210100000,011900,농수산식품
2026,1210201000,011900,농수산식품
2026,1210202000,011900,농수산식품
2026,1211201110,015510,농수산식품
2026,1211201120,015510,농수산식품
2026,1211201190,015510,농수산식품
2026,1211201211,015520,농수산식품
2026,1211201219,015520,농수산식품
2026,1211201291,015520,농수산식품
2026,1211201299,015520,농수산식품
2026,1211201311,015530,농수산식품
2026,1211201319,015530,농수산식품
2026,1211201391,015530,농수산식품
2026,1211201399,015530,농수산식품
2026,1211202110,015520,농수산식품
2026,1211202120,015520,농수산식품
2026,1211202190,015520,농수산식품
2026,1211202210,015530,농수산식품
2026,1211202220,015530,농수산식품
2026,1211202290,015530,농수산식품
2026,1211203100,015590,농수산식품
2026,1211203200,017000,농수산식품
2026,1211209300,015590,농수산식품
2026,1211209900,015590,농수산식품
2026,1211301000,015600,농수산식품
2026,1211309000,015600,농수산식품
2026,1211401000,015600,농수산식품
2026,1211409000,015600,농수산식품
2026,1211501000,015600,농수산식품
2026,1211509000,015600,농수산식품
2026,1211601000,015600,농수산식품
2026,1211609000,014900,농수산식품
2026,1211901100,015600,농수산식품
2026,1211901200,015600,농수산식품
2026,1211901300,015600,농수산식품
2026,1211901400,015600,농수산식품
2026,1211901500,015600,농수산식품
2026,1211901600,015600,농수산식품
2026,1211901700,015600,농수산식품
2026,1211901800,015600,농수산식품
2026,1211901910,015600,농수산식품
2026,1211901920,015600,농수산식품
2026,1211901930,015600,농수산식품
2026,1211901940,015600,농수산식품
2026,1211901950,033900,농수산식품
2026,1211901960,015600,농수산식품
2026,1211901970,015600,농수산식품
2026,1211901980,015600,농수산식품
2026,1211901991,015600,농수산식품
2026,1211901992,015600,농수산식품
2026,1211901993,015600,농수산식품
2026,1211901999,015600,농수산식품
2026,1211909010,015600,농수산식품
2026,1211909090,014900,농수산식품
2026,1212211010,044100,농수산식품
2026,1212211020,044100,농수산식품
2026,1212211030,044100,농수산식품
2026,1212211090,044100,농수산식품
2026,1212212010,044300,농수산식품
2026,1212212020,044300,농수산식품
2026,1212212030,044300,농수산식품
2026,1212212040,044300,농수산식품
2026,1212212090,044300,농수산식품
2026,1212213010,044200,농수산식품
2026,1212213020,044200,농수산식품
2026,1212213030,044200,농수산식품
2026,1212213090,044200,농수산식품
2026,1212214010,044900,농수산식품
2026,1212214020,044900,농수산식품
2026,1212214030,044900,농수산식품
2026,1212214090,044900,농수산식품
2026,1212215010,044900,농수산식품
2026,1212215020,044900,농수산식품
2026,1212215030,044900,농수산식품
2026,1212215090,044900,농수산식품
2026,1212216010,044900,농수산식품
2026,1212216090,044900,농수산식품
2026,1212217011,044900,농수산식품
2026,1212217019,044900,농수산식품
2026,1212217021,044900,농수산식품
2026,1212217029,044900,농수산식품
2026,1212217031,044900,농수산식품
2026,1212217039,044900,농수산식품
2026,1212218011,044900,농수산식품
2026,1212218019,044900,농수산식품
2026,1212218021,044900,농수산식품
2026,1212218029,044900,농수산식품
2026,1212218031,044900,농수산식품
2026,1212218039,044900,농수산식품
2026,1212219011,044900,농수산식품
2026,1212219019,044900,농수산식품
2026,1212219091,044900,농수산식품
2026,1212219099,044900,농수산식품
2026,1212291010,044100,농수산식품
2026,1212291090,044100,농수산식품
2026,1212292010,044300,농수산식품
2026,1212292090,044300,농수산식품
2026,1212293010,044200,농수산식품
2026,1212293090,044200,농수산식품
2026,1212294010,044900,농수산식품
2026,1212294090,044900,농수산식품
2026,1212295010,044900,농수산식품
2026,1212295090,044900,농수산식품
2026,1212296010,044900,농수산식품
2026,1212296090,044900,농수산식품
2026,1212297011,044900,농수산식품
2026,1212297019,044900,농수산식품
2026,1212297021,044900,농수산식품
2026,1212297029,044900,농수산식품
2026,1212297031,044900,농수산식품
2026,1212297039,044900,농수산식품
2026,1212298011,044900,농수산식품
2026,1212298019,044900,농수산식품
2026,1212298021,044900,농수산식품
2026,1212298029,044900,농수산식품
2026,1212298031,044900,농수산식품
2026,1212298039,044900,농수산식품
2026,1212299011,044900,농수산식품
2026,1212299019,044900,농수산식품
2026,1212299091,044900,농수산식품
2026,1212299099,044900,농수산식품
2026,1212910000,011900,농수산식품
2026,1212920000,011900,농수산식품
2026,1212930000,011900,농수산식품
2026,1212940000,011900,농수산식품
2026,1212992000,011900,농수산식품
2026,1212993000,011900,농수산식품
2026,1212996000,011900,농수산식품
2026,1212999000,011900,농수산식품
2026,1213000000,013600,농수산식품
2026,1214101000,013600,농수산식품
2026,1214109000,013600,농수산식품
2026,1214901000,013600,농수산식품
2026,1214909011,013600,농수산식품
2026,1214909019,013600,농수산식품
2026,1214909090,013600,농수산식품
2026,1301200000,931220,바이오헬스
2026,1301901000,033900,농수산식품
2026,1301902010,931220,바이오헬스
2026,1301902090,013400,농수산식품
2026,1301909000,931220,바이오헬스
2026,1302110000,013400,농수산식품
2026,1302120000,931220,바이오헬스
2026,1302130000,931220,바이오헬스
2026,1302140000,013400,농수산식품
2026,1302191110,931220,바이오헬스
2026,1302191120,931220,바이오헬스
2026,1302191190,931220,바이오헬스
2026,1302191210,015530,농수산식품
2026,1302191220,931220,바이오헬스
2026,1302191290,931220,바이오헬스
2026,1302191900,015590,농수산식품
2026,1302192000,013400,농수산식품
2026,1302193000,033900,농수산식품
2026,1302199010,931220,바이오헬스
2026,1302199020,013400,농수산식품
2026,1302199031,931220,바이오헬스
2026,1302199032,931220,바이오헬스
2026,1302199033,931220,바이오헬스
2026,1302199034,931220,바이오헬스
2026,1302199035,931220,바이오헬스
2026,1302199039,931220,바이오헬스
2026,1302199091,013400,농수산식품
2026,1302199099,013400,농수산식품
2026,1302200000,013400,농수산식품
2026,1302311000,044400,농수산식품
2026,1302312000,044400,농수산식품
2026,1302319000,044400,농수산식품
2026,1302320000,013400,농수산식품
2026,1302390000,013400,농수산식품
2026,1401102000,033900,농수산식품
2026,1401109000,033900,농수산식품
2026,1401200000,033900,농수산식품
2026,1401900000,033900,농수산식품
2026,1404200000,014900,농수산식품
2026,1404901000,014900,농수산식품
2026,1404902010,033900,농수산식품
2026,1404902090,033900,농수산식품
2026,1404903010,033900,농수산식품
2026,1404903020,033900,농수산식품
2026,1404903090,033900,농수산식품
2026,1404904000,014900,농수산식품
2026,1404905000,014900,농수산식품
2026,1404906010,033900,농수산식품
2026,1404906020,033900,농수산식품
2026,1404906090,033900,농수산식품
2026,1404909000,014900,농수산식품
2026,1501101000,023120,농수산식품
2026,1501109000,023120,농수산식품
2026,1501200000,023120,농수산식품
2026,1501900000,023190,농수산식품
2026,1502101010,023110,농수산식품
2026,1502101090,023110,농수산식품
2026,1502109000,023110,농수산식품
2026,1502901000,023110,농수산식품
2026,1502909000,023190,농수산식품
2026,1503002000,023190,농수산식품
2026,1503009000,023190,농수산식품
2026,1504101000,047000,농수산식품
2026,1504109000,047000,농수산식품
2026,1504200000,931220,바이오헬스
2026,1504301000,047000,농수산식품
2026,1504309000,047000,농수산식품
2026,1505001000,931220,바이오헬스
2026,1505009000,931220,바이오헬스
2026,1506001000,023190,농수산식품
2026,1506009000,931220,바이오헬스
2026,1507101000,013110,농수산식품
2026,1507102000,013110,농수산식품
2026,1507109000,013110,농수산식품
2026,1507901010,013110,농수산식품
2026,1507901020,013110,농수산식품
2026,1507901090,931220,바이오헬스
2026,1507909000,931220,바이오헬스
2026,1508100000,013190,농수산식품
2026,1508901000,013190,농수산식품
2026,1508909000,013190,농수산식품
2026,1509200000,013140,농수산식품
2026,1509300000,013140,농수산식품
2026,1509400000,013140,농수산식품
2026,1509900000,931220,바이오헬스
2026,1510100000,013140,농수산식품
2026,1510900000,013140,농수산식품
2026,1511100000,013190,농수산식품
2026,1511901000,013190,농수산식품
2026,1511902000,013190,농수산식품
2026,1511909000,013190,농수산식품
2026,1512111000,013190,농수산식품
2026,1512112000,931220,바이오헬스
2026,1512191010,013190,농수산식품
2026,1512191020,013190,농수산식품
2026,1512199010,013190,농수산식품
2026,1512199020,013190,농수산식품
2026,1512210000,013190,농수산식품
2026,1512291000,931220,바이오헬스
2026,1512299000,013190,농수산식품
2026,1513110000,013190,농수산식품
2026,1513191000,013190,농수산식품
2026,1513199000,013190,농수산식품
2026,1513211000,013190,농수산식품
2026,1513212000,013190,농수산식품
2026,1513291010,931220,바이오헬스
2026,1513291020,013190,농수산식품
2026,1513299000,013190,농수산식품
2026,1514110000,013190,농수산식품
2026,1514191000,013190,농수산식품
2026,1514199000,013190,농수산식품
2026,1514911000,013190,농수산식품
2026,1514912000,013190,농수산식품
2026,1514991010,013190,농수산식품
2026,1514991020,013190,농수산식품
2026,1514999000,013190,농수산식품
2026,1515110000,013190,농수산식품
2026,1515190000,013190,농수산식품
2026,1515210000,013190,농수산식품
2026,1515290000,013190,농수산식품
2026,1515300000,931220,바이오헬스
2026,1515500000,013120,농수산식품
2026,1515600000,013190,농수산식품
2026,1515901000,013130,농수산식품
2026,1515909010,013190,농수산식품
2026,1515909020,013190,농수산식품
2026,1515909030,013190,농수산식품
2026,1515909040,013190,농수산식품
2026,1515909090,013190,농수산식품
2026,1516101000,023110,농수산식품
2026,1516102000,047000,농수산식품
2026,1516109000,023190,농수산식품
2026,1516201010,013190,농수산식품
2026,1516201020,013190,농수산식품
2026,1516201030,013190,농수산식품
2026,1516201040,013130,농수산식품
2026,1516201050,013120,농수산식품
2026,1516202010,013190,농수산식품
2026,1516202020,013190,농수산식품
2026,1516202030,013190,농수산식품
2026,1516202040,013190,농수산식품
2026,1516202050,013110,농수산식품
2026,1516202090,013190,농수산식품
2026,1516300000,013190,농수산식품
2026,1517100000,013210,농수산식품
2026,1517901000,013290,농수산식품
2026,1517902000,013290,농수산식품
2026,1517909000,013290,농수산식품
2026,1518001000,013290,농수산식품
2026,1518002000,013290,농수산식품
2026,1518009010,013290,농수산식품
2026,1518009090,013290,농수산식품
2026,1520000000,014500,농수산식품
2026,1521101000,931220,바이오헬스
2026,1521102000,013300,농수산식품
2026,1521109000,013300,농수산식품
2026,1521901000,047000,농수산식품
2026,1521902000,931220,바이오헬스
2026,1521909000,013300,농수산식품
2026,1522000000,014500,농수산식품
2026,1601001000,024110,농수산식품
2026,1601009000,024110,농수산식품
2026,1602100000,024190,농수산식품
2026,1602201000,024190,농수산식품
2026,1602209000,024190,농수산식품
2026,1602311000,022230,농수산식품
2026,1602319000,022230,농수산식품
2026,1602321010,022210,농수산식품
2026,1602321090,022210,농수산식품
2026,1602329000,022210,농수산식품
2026,1602391000,022290,농수산식품
2026,1602399000,022290,농수산식품
2026,1602411000,022120,농수산식품
2026,1602419000,022120,농수산식품
2026,1602421000,022120,농수산식품
2026,1602429000,022120,농수산식품
2026,1602491000,022120,농수산식품
2026,1602499000,022120,농수산식품
2026,1602501000,022110,농수산식품
2026,1602509000,022110,농수산식품
2026,1602901000,024190,농수산식품
2026,1602909000,024190,농수산식품
2026,1603001000,024190,농수산식품
2026,1603002000,024190,농수산식품
2026,1603003000,047000,농수산식품
2026,1603004000,047000,농수산식품
2026,1603009000,047000,농수산식품
2026,1604111000,046110,농수산식품
2026,1604119000,046900,농수산식품
2026,1604121000,046110,농수산식품
2026,1604129000,046900,농수산식품
2026,1604131000,046110,농수산식품
2026,1604139000,046900,농수산식품
2026,1604141011,046110,농수산식품
2026,1604141012,046110,농수산식품
2026,1604141019,046110,농수산식품
2026,1604141021,046110,농수산식품
2026,1604141029,046110,농수산식품
2026,1604141031,046110,농수산식품
2026,1604141039,046110,농수산식품
2026,1604149000,046900,농수산식품
2026,1604151000,046110,농수산식품
2026,1604159000,046900,농수산식품
2026,1604161000,046110,농수산식품
2026,1604169000,046900,농수산식품
2026,1604171000,046110,농수산식품
2026,1604179000,046110,농수산식품
2026,1604180000,046900,농수산식품
2026,1604191010,046110,농수산식품
2026,1604191020,046110,농수산식품
2026,1604191090,046110,농수산식품
2026,1604199010,046900,농수산식품
2026,1604199090,046900,농수산식품
2026,1604201000,046900,농수산식품
2026,1604202000,046900,농수산식품
2026,1604203000,046900,농수산식품
2026,1604204010,046900,농수산식품
2026,1604204090,046900,농수산식품
2026,1604209000,046900,농수산식품
2026,1604310000,046900,농수산식품
2026,1604320000,046900,농수산식품
2026,1605101010,046190,농수산식품
2026,1605101091,046900,농수산식품
2026,1605101099,046900,농수산식품
2026,1605109000,046190,농수산식품
2026,1605211000,046900,농수산식품
2026,1605219000,046900,농수산식품
2026,1605290000,046900,농수산식품
2026,1605301000,046190,농수산식품
2026,1605309000,046900,농수산식품
2026,1605401000,046190,농수산식품
2026,1605409000,046900,농수산식품
2026,1605511000,046190,농수산식품
2026,1605519000,046900,농수산식품
2026,1605520000,046900,농수산식품
2026,1605531000,046190,농수산식품
2026,1605539000,046900,농수산식품
2026,1605541000,046900,농수산식품
2026,1605542010,046190,농수산식품
2026,1605542091,046900,농수산식품
2026,1605542099,046900,농수산식품
2026,1605550000,046900,농수산식품
2026,1605561010,046190,농수산식품
2026,1605561090,046900,농수산식품
2026,1605562010,046190,농수산식품
2026,1605562090,046900,농수산식품
2026,1605569010,046190,농수산식품
2026,1605569090,046900,농수산식품
2026,1605571000,046190,농수산식품
2026,1605579000,046900,농수산식품
2026,1605581000,046190,농수산식품
2026,1605589000,046900,농수산식품
2026,1605591010,046190,농수산식품
2026,1605591090,046900,농수산식품
2026,1605592010,046190,농수산식품
2026,1605592090,046900,농수산식품
2026,1605599010,046190,농수산식품
2026,1605599090,046900,농수산식품
2026,1605611000,046190,농수산식품
2026,1605619000,046900,농수산식품
2026,1605621000,046190,농수산식품
2026,1605629000,046900,농수산식품
2026,1605631000,046190,농수산식품
2026,1605639000,046900,농수산식품
2026,1605690000,046900,농수산식품
2026,1701121000,015810,농수산식품
2026,1701122000,015810,농수산식품
2026,1701130000,015810,농수산식품
2026,1701141000,015810,농수산식품
2026,1701142000,015810,농수산식품
2026,1701910000,015820,농수산식품
2026,1701990000,015820,농수산식품
2026,1702111000,931220,바이오헬스
2026,1702119000,015890,농수산식품
2026,1702191000,931220,바이오헬스
2026,1702199000,015890,농수산식품
2026,1702201000,015890,농수산식품
2026,1702202000,015890,농수산식품
2026,1702301000,931220,바이오헬스
2026,1702302000,015890,농수산식품
2026,1702401000,931220,바이오헬스
2026,1702402000,015890,농수산식품
2026,1702500000,015890,농수산식품
2026,1702601000,931220,바이오헬스
2026,1702602000,015890,농수산식품
2026,1702901000,024210,농수산식품
2026,1702902000,015890,농수산식품
2026,1702903000,931220,바이오헬스
2026,1702909000,015890,농수산식품
2026,1703101000,015830,농수산식품
2026,1703109000,015830,농수산식품
2026,1703901000,015830,농수산식품
2026,1703909000,015830,농수산식품
2026,1704100000,016110,농수산식품
2026,1704901000,016120,농수산식품
2026,1704902010,016120,농수산식품
2026,1704902020,016120,농수산식품
2026,1704902090,016120,농수산식품
2026,1704909000,016120,농수산식품
2026,1801001000,012560,농수산식품
2026,1801002000,012560,농수산식품
2026,1802001000,013500,농수산식품
2026,1802009000,013500,농수산식품
2026,1803100000,014900,농수산식품
2026,1803200000,014900,농수산식품
2026,1804000000,015220,농수산식품
2026,1805000000,015220,농수산식품
2026,1806100000,015220,농수산식품
2026,1806201000,015210,농수산식품
2026,1806209010,015220,농수산식품
2026,1806209090,015220,농수산식품
2026,1806311000,015210,농수산식품
2026,1806319000,015220,농수산식품
2026,1806321000,015210,농수산식품
2026,1806329000,015220,농수산식품
2026,1806901000,015210,농수산식품
2026,1806902111,016200,농수산식품
2026,1806902119,016200,농수산식품
2026,1806902191,016200,농수산식품
2026,1806902199,016200,농수산식품
2026,1806902210,016200,농수산식품
2026,1806902290,015220,농수산식품
2026,1806902910,016200,농수산식품
2026,1806902920,016200,농수산식품
2026,1806902991,016200,농수산식품
2026,1806902992,016200,농수산식품
2026,1806902999,016900,농수산식품
2026,1806903010,016200,농수산식품
2026,1806903091,016200,농수산식품
2026,1806903099,016200,농수산식품
2026,1806909010,015220,농수산식품
2026,1806909090,015220,농수산식품
2026,1901101010,024320,농수산식품
2026,1901101090,024390,농수산식품
2026,1901109010,016200,농수산식품
2026,1901109090,016200,농수산식품
2026,1901201000,014100,농수산식품
2026,1901202000,014100,농수산식품
2026,1901209000,014100,농수산식품
2026,1901901000,016900,농수산식품
2026,1901902010,016900,농수산식품
2026,1901902020,016900,농수산식품
2026,1901909010,016900,농수산식품
2026,1901909091,016900,농수산식품
2026,1901909092,016900,농수산식품
2026,1901909099,016900,농수산식품
2026,1902111000,016400,농수산식품
2026,1902112000,016400,농수산식품
2026,1902119000,016400,농수산식품
2026,1902191000,016400,농수산식품
2026,1902192000,016400,농수산식품
2026,1902193000,016400,농수산식품
2026,1902199000,016400,농수산식품
2026,1902200000,016400,농수산식품
2026,1902301010,016400,농수산식품
2026,1902301090,016400,농수산식품
2026,1902309000,016400,농수산식품
2026,1902400000,016400,농수산식품
2026,1903001000,011230,농수산식품
2026,1903009000,011230,농수산식품
2026,1904101000,016200,농수산식품
2026,1904102000,016200,농수산식품
2026,1904103000,016200,농수산식품
2026,1904109000,016200,농수산식품
2026,1904201000,016200,농수산식품
2026,1904209000,016200,농수산식품
2026,1904300000,016200,농수산식품
2026,1904901010,016200,농수산식품
2026,1904901090,016200,농수산식품
2026,1904909000,016200,농수산식품
2026,1905100000,016300,농수산식품
2026,1905200000,016300,농수산식품
2026,1905310000,016130,농수산식품
2026,1905320000,016300,농수산식품
2026,1905400000,016300,농수산식품
2026,1905901010,016300,농수산식품
2026,1905901020,016130,농수산식품
2026,1905901030,016300,농수산식품
2026,1905901040,016130,농수산식품
2026,1905901050,016130,농수산식품
2026,1905901090,016300,농수산식품
2026,1905909010,016900,농수산식품
2026,1905909020,016900,농수산식품
2026,1905909090,016900,농수산식품
2026,2001100000,012108,농수산식품
2026,2001901000,016900,농수산식품
2026,2001909010,012112,농수산식품
2026,2001909020,012107,농수산식품
2026,2001909030,012102,농수산식품
2026,2001909040,012190,농수산식품
2026,2001909050,012190,농수산식품
2026,2001909060,012113,농수산식품
2026,2001909070,012111,농수산식품
2026,2001909090,012190,농수산식품
2026,2002100000,012107,농수산식품
2026,2002901000,012107,농수산식품
2026,2002909000,012107,농수산식품
2026,2003104000,012410,농수산식품
2026,2003109000,012490,농수산식품
2026,2003901000,012450,농수산식품
2026,2003902000,012440,농수산식품
2026,2003903000,012490,농수산식품
2026,2003909000,012490,농수산식품
2026,2004100000,011210,농수산식품
2026,2004901000,012190,농수산식품
2026,2004909000,012190,농수산식품
2026,2005101000,012190,농수산식품
2026,2005109000,012190,농수산식품
2026,2005201000,011210,농수산식품
2026,2005209000,011210,농수산식품
2026,2005400000,011350,농수산식품
2026,2005511000,011320,농수산식품
2026,2005512000,011330,농수산식품
2026,2005519000,011390,농수산식품
2026,2005591000,011320,농수산식품
2026,2005592000,011330,농수산식품
2026,2005599000,011390,농수산식품
2026,2005600000,012115,농수산식품
2026,2005700000,012190,농수산식품
2026,2005800000,012190,농수산식품
2026,2005910000,012320,농수산식품
2026,2005991000,016900,농수산식품
2026,2005992000,012190,농수산식품
2026,2005994000,012190,농수산식품
2026,2005999000,012190,농수산식품
2026,2006001000,012510,농수산식품
2026,2006002000,011615,농수산식품
2026,2006003000,012117,농수산식품
2026,2006004000,012190,농수산식품
2026,2006005000,011350,농수산식품
2026,2006006010,011390,농수산식품
2026,2006006090,011390,농수산식품
2026,2006007000,012115,농수산식품
2026,2006008000,012190,농수산식품
2026,2006009010,012190,농수산식품
2026,2006009020,012320,농수산식품
2026,2006009030,012190,농수산식품
2026,2006009090,012190,농수산식품
2026,2007100000,016900,농수산식품
2026,2007911000,016900,농수산식품
2026,2007919000,016900,농수산식품
2026,2007991000,016900,농수산식품
2026,2007999000,016900,농수산식품
2026,2008111000,011510,농수산식품
2026,2008119000,011510,농수산식품
2026,2008191000,012510,농수산식품
2026,2008192000,016900,농수산식품
2026,2008193000,016900,농수산식품
2026,2008199000,016900,농수산식품
2026,2008200000,016900,농수산식품
2026,2008301000,016900,농수산식품
2026,2008309000,016900,농수산식품
2026,2008400000,016900,농수산식품
2026,2008500000,016900,농수산식품
2026,2008600000,016900,농수산식품
2026,2008701000,016900,농수산식품
2026,2008709000,016900,농수산식품
2026,2008800000,016900,농수산식품
2026,2008910000,016900,농수산식품
2026,2008930000,016900,농수산식품
2026,2008971010,016900,농수산식품
2026,2008971090,016900,농수산식품
2026,2008972000,016900,농수산식품
2026,2008979000,016900,농수산식품
2026,2008991000,016900,농수산식품
2026,2008992000,016900,농수산식품
2026,2008993000,016900,농수산식품
2026,2008994000,016900,농수산식품
2026,2008995010,046900,농수산식품
2026,2008995090,046900,농수산식품
2026,2008999000,016900,농수산식품
2026,2009110000,015940,농수산식품
2026,2009120000,015940,농수산식품
2026,2009190000,015940,농수산식품
2026,2009210000,015940,농수산식품
2026,2009290000,015940,농수산식품
2026,2009311000,015940,농수산식품
2026,2009312000,015940,농수산식품
2026,2009319000,015940,농수산식품
2026,2009391000,015940,농수산식품
2026,2009392000,015940,농수산식품
2026,2009399000,015940,농수산식품
2026,2009410000,015940,농수산식품
2026,2009490000,015940,농수산식품
2026,2009500000,015990,농수산식품
2026,2009610000,015940,농수산식품
2026,2009690000,015940,농수산식품
2026,2009710000,015940,농수산식품
2026,2009790000,015940,농수산식품
2026,2009810000,015940,농수산식품
2026,2009891010,015940,농수산식품
2026,2009891020,015940,농수산식품
2026,2009891030,015940,농수산식품
2026,2009891090,015940,농수산식품
2026,2009892000,015990,농수산식품
2026,2009901010,015940,농수산식품
2026,2009901020,015940,농수산식품
2026,2009901030,015940,농수산식품
2026,2009901090,015940,농수산식품
2026,2009902000,015990,농수산식품
2026,2009909000,015990,농수산식품
2026,2101111000,015120,농수산식품
2026,2101119000,015120,농수산식품
2026,2101121000,015120,농수산식품
2026,2101129010,015120,농수산식품
2026,2101129090,015120,농수산식품
2026,2101201000,016900,농수산식품
2026,2101209011,016900,농수산식품
2026,2101209019,016900,농수산식품
2026,2101209090,016900,농수산식품
2026,2101301000,016900,농수산식품
2026,2101309000,016900,농수산식품
2026,2102101000,014200,농수산식품
2026,2102102000,014200,농수산식품
2026,2102103000,014200,농수산식품
2026,2102104000,014200,농수산식품
2026,2102109000,931220,바이오헬스
2026,2102201000,931220,바이오헬스
2026,2102202000,014200,농수산식품
2026,2102203010,014200,농수산식품
2026,2102203090,014200,농수산식품
2026,2102204010,014200,농수산식품
2026,2102204090,014200,농수산식품
2026,2102209000,931220,바이오헬스
2026,2102300000,014200,농수산식품
2026,2103100000,014310,농수산식품
2026,2103201000,014340,농수산식품
2026,2103202000,014390,농수산식품
2026,2103301000,014350,농수산식품
2026,2103302000,014350,농수산식품
2026,2103901010,014320,농수산식품
2026,2103901020,014390,농수산식품
2026,2103901030,014330,농수산식품
2026,2103901090,014390,농수산식품
2026,2103909010,014360,농수산식품
2026,2103909020,014370,농수산식품
2026,2103909030,014390,농수산식품
2026,2103909040,014390,농수산식품
2026,2103909050,014390,농수산식품
2026,2103909090,014390,농수산식품
2026,2104101000,024190,농수산식품
2026,2104102000,046900,농수산식품
2026,2104103000,012190,농수산식품
2026,2104109000,016900,농수산식품
2026,2104200000,016900,농수산식품
2026,2105001010,016500,농수산식품
2026,2105001090,016500,농수산식품
2026,2105009010,016500,농수산식품
2026,2105009090,016500,농수산식품
2026,2106101000,016900,농수산식품
2026,2106109020,016900,농수산식품
2026,2106109030,016900,농수산식품
2026,2106901010,015920,농수산식품
2026,2106901020,015920,농수산식품
2026,2106901090,015920,농수산식품
2026,2106902000,015990,농수산식품
2026,2106903011,015520,농수산식품
2026,2106903019,015520,농수산식품
2026,2106903021,015530,농수산식품
2026,2106903029,015530,농수산식품
2026,2106909010,015120,농수산식품
2026,2106909021,024390,농수산식품
2026,2106909022,024390,농수산식품
2026,2106909023,024390,농수산식품
2026,2106909030,024390,농수산식품
2026,2106909040,014200,농수산식품
2026,2106909050,016900,농수산식품
2026,2106909060,012590,농수산식품
2026,2106909070,016900,농수산식품
2026,2106909080,016900,농수산식품
2026,2106909091,024220,농수산식품
2026,2106909099,024220,농수산식품
2026,2201100000,015910,농수산식품
2026,2201901000,015910,농수산식품
2026,2201909000,015910,농수산식품
2026,2202101000,015910,농수산식품
2026,2202109000,015910,농수산식품
2026,2202910000,015990,농수산식품
2026,2202991000,015930,농수산식품
2026,2202992000,015940,농수산식품
2026,2202993000,015990,농수산식품
2026,2202999000,015990,농수산식품
2026,2203000000,015720,농수산식품
2026,2204100000,015740,농수산식품
2026,2204211000,015740,농수산식품
2026,2204212000,015740,농수산식품
2026,2204219000,015740,농수산식품
2026,2204221000,015740,농수산식품
2026,2204222000,015740,농수산식품
2026,2204229000,015740,농수산식품
2026,2204291000,015740,농수산식품
2026,2204292000,015740,농수산식품
2026,2204299000,015740,농수산식품
2026,2204300000,015740,농수산식품
2026,2205100000,015790,농수산식품
2026,2205900000,015790,농수산식품
2026,2206001010,015790,농수산식품
2026,2206001020,015790,농수산식품
2026,2206001090,015790,농수산식품
2026,2206002010,015790,농수산식품
2026,2206002020,015790,농수산식품
2026,2206002030,015790,농수산식품
2026,2206002090,015790,농수산식품
2026,2206009010,015790,농수산식품
2026,2206009090,015790,농수산식품
2026,2207101000,015790,농수산식품
2026,2207109010,015790,농수산식품
2026,2207109090,015790,농수산식품
2026,2207200000,015790,농수산식품
2026,2208201000,015790,농수산식품
2026,2208209000,015790,농수산식품
2026,2208301000,015750,농수산식품
2026,2208302000,015750,농수산식품
2026,2208303000,015750,농수산식품
2026,2208309000,015750,농수산식품
2026,2208400000,015760,농수산식품
2026,2208500000,015760,농수산식품
2026,2208600000,015790,농수산식품
2026,2208701000,015730,농수산식품
2026,2208702000,015790,농수산식품
2026,2208709000,015790,농수산식품
2026,2208901000,015760,농수산식품
2026,2208904000,015710,농수산식품
2026,2208906000,015790,농수산식품
2026,2208907000,015790,농수산식품
2026,2208909000,015790,농수산식품
2026,2209001000,016900,농수산식품
2026,2209009000,016900,농수산식품
2026,2301101000,023900,농수산식품
2026,2301102000,023900,농수산식품
2026,2301201000,046900,농수산식품
2026,2301209000,046900,농수산식품
2026,2302100000,013500,농수산식품
2026,2302300000,013500,농수산식품
2026,2302401000,013500,농수산식품
2026,2302409000,013500,농수산식품
2026,2302500000,013500,농수산식품
2026,2303100000,013500,농수산식품
2026,2303200000,013500,농수산식품
2026,2303301000,013500,농수산식품
2026,2303309000,013500,농수산식품
2026,2304000000,013500,농수산식품
2026,2305000000,013500,농수산식품
2026,2306100000,013500,농수산식품
2026,2306200000,013500,농수산식품
2026,2306300000,013500,농수산식품
2026,2306410000,013500,농수산식품
2026,2306490000,013500,농수산식품
2026,2306500000,013500,농수산식품
2026,2306600000,013500,농수산식품
2026,2306901000,013500,농수산식품
2026,2306902000,013500,농수산식품
2026,2306903000,013500,농수산식품
2026,2306909000,013500,농수산식품
2026,2307000000,013500,농수산식품
2026,2308001000,012590,농수산식품
2026,2308002000,011690,농수산식품
2026,2308003000,013600,농수산식품
2026,2308009000,013600,농수산식품
2026,2309101000,013600,농수산식품
2026,2309102000,013600,농수산식품
2026,2309901010,013600,농수산식품
2026,2309901020,013600,농수산식품
2026,2309901030,013600,농수산식품
2026,2309901040,013600,농수산식품
2026,2309901091,013600,농수산식품
2026,2309901099,013600,농수산식품
2026,2309902010,013600,농수산식품
2026,2309902020,013600,농수산식품
2026,2309902030,013600,농수산식품
2026,2309902099,013600,농수산식품
2026,2309903010,013600,농수산식품
2026,2309903020,013600,농수산식품
2026,2309903030,013600,농수산식품
2026,2309903090,013600,농수산식품
2026,2309909010,013600,농수산식품
2026,2309909090,013600,농수산식품
2026,2401101000,015410,농수산식품
2026,2401102000,015410,농수산식품
2026,2401103000,015410,농수산식품
2026,2401109000,015410,농수산식품
2026,2401201000,015410,농수산식품
2026,2401202000,015410,농수산식품
2026,2401203000,015410,농수산식품
2026,2401209000,015410,농수산식품
2026,2401301000,015410,농수산식품
2026,2401302000,015410,농수산식품
2026,2401309000,015410,농수산식품
2026,2402101000,015420,농수산식품
2026,2402102000,015420,농수산식품
2026,2402103000,015420,농수산식품
2026,2402201000,015420,농수산식품
2026,2402209000,015420,농수산식품
2026,2402900000,015420,농수산식품
2026,2403110000,015420,농수산식품
2026,2403191000,015420,농수산식품
2026,2403199000,015420,농수산식품
2026,2403911000,015420,농수산식품
2026,2403919000,015420,농수산식품
2026,2403991000,015420,농수산식품
2026,2403992000,015420,농수산식품
2026,2403993000,015420,농수산식품
2026,2403994000,015420,농수산식품
2026,2403999000,015420,농수산식품
2026,2501009020,931220,바이오헬스
2026,2507001010,931220,바이오헬스
2026,2507001090,931220,바이오헬스
2026,2519909000,931220,바이오헬스
2026,2520201000,932090,바이오헬스
2026,2707100000,211040,석유화학
2026,2707200000,211050,석유화학
2026,2707300000,211060,석유화학
2026,2707400000,219000,석유화학
2026,2707500000,211060,석유화학
2026,2707910000,219000,석유화학
2026,2707991000,219000,석유화학
2026,2707992000,219000,석유화학
2026,2707993000,219000,석유화학
2026,2707999000,219000,석유화학
2026,2708100000,133900,석유제품
2026,2708200000,133900,석유제품
2026,2710121000,133120,석유제품
2026,2710122000,133110,석유제품
2026,2710123000,133900,석유제품
2026,2710124000,133400,석유제품
2026,2710125000,133400,석유제품
2026,2710129000,133900,석유제품
2026,2710191010,133310,석유제품
2026,2710191090,133900,석유제품
2026,2710192010,133320,석유제품
2026,2710192020,133310,석유제품
2026,2710192030,219000,석유화학
2026,2710192090,133900,석유제품
2026,2710193000,133200,석유제품
2026,2710194010,133510,석유제품
2026,2710194020,133520,석유제품
2026,2710194030,133530,석유제품
2026,2710194090,133590,석유제품
2026,2710195010,133600,석유제품
2026,2710195020,133600,석유제품
2026,2710196000,133600,석유제품
2026,2710197110,133600,석유제품
2026,2710197120,133600,석유제품
2026,2710197130,133600,석유제품
2026,2710197190,133600,석유제품
2026,2710197210,133600,석유제품
2026,2710197220,133600,석유제품
2026,2710197230,133600,석유제품
2026,2710197240,133600,석유제품
2026,2710197250,133600,석유제품
2026,2710197310,133600,석유제품
2026,2710197320,133600,석유제품
2026,2710197330,133600,석유제품
2026,2710197410,133600,석유제품
2026,2710197420,133600,석유제품
2026,2710197430,133600,석유제품
2026,2710197440,133600,석유제품
2026,2710197450,133600,석유제품
2026,2710197510,133600,석유제품
2026,2710197520,133600,석유제품
2026,2710197530,133600,석유제품
2026,2710197540,133600,석유제품
2026,2710197900,133600,석유제품
2026,2710198010,133600,석유제품
2026,2710198020,133600,석유제품
2026,2710198030,133600,석유제품
2026,2710198040,133600,석유제품
2026,2710198090,133600,석유제품
2026,2710199000,133600,석유제품
2026,2710201010,133120,석유제품
2026,2710201020,133110,석유제품
2026,2710201030,133900,석유제품
2026,2710201040,133400,석유제품
2026,2710201050,133400,석유제품
2026,2710201090,133900,석유제품
2026,2710209110,133310,석유제품
2026,2710209190,133900,석유제품
2026,2710209210,133320,석유제품
2026,2710209220,133310,석유제품
2026,2710209230,219000,석유화학
2026,2710209290,133900,석유제품
2026,2710209300,133200,석유제품
2026,2710209410,133510,석유제품
2026,2710209420,133520,석유제품
2026,2710209430,133530,석유제품
2026,2710209490,133590,석유제품
2026,2710209510,133600,석유제품
2026,2710209520,133600,석유제품
2026,2710209600,133600,석유제품
2026,2710209711,133600,석유제품
2026,2710209712,133600,석유제품
2026,2710209713,133600,석유제품
2026,2710209719,133600,석유제품
2026,2710209721,133600,석유제품
2026,2710209722,133600,석유제품
2026,2710209723,133600,석유제품
2026,2710209724,133600,석유제품
2026,2710209725,133600,석유제품
2026,2710209731,133600,석유제품
2026,2710209732,133600,석유제품
2026,2710209733,133600,석유제품
2026,2710209741,133600,석유제품
2026,2710209742,133600,석유제품
2026,2710209743,133600,석유제품
2026,2710209744,133600,석유제품
2026,2710209745,133600,석유제품
2026,2710209751,133600,석유제품
2026,2710209752,133600,석유제품
2026,2710209753,133600,석유제품
2026,2710209754,133600,석유제품
2026,2710209790,133600,석유제품
2026,2710209810,133600,석유제품
2026,2710209820,133600,석유제품
2026,2710209830,133600,석유제품
2026,2710209840,133600,석유제품
2026,2710209890,133600,석유제품
2026,2710209900,133600,석유제품
2026,2710911010,133900,석유제품
2026,2710911020,133400,석유제품
2026,2710911090,133900,석유제품
2026,2710912010,133900,석유제품
2026,2710912090,133900,석유제품
2026,2710913000,133200,석유제품
2026,2710914010,133590,석유제품
2026,2710914090,133590,석유제품
2026,2710915000,133600,석유제품
2026,2710919000,133600,석유제품
2026,2710991010,133900,석유제품
2026,2710991020,133400,석유제품
2026,2710991090,133900,석유제품
2026,2710992010,133900,석유제품
2026,2710992090,133900,석유제품
2026,2710993000,133200,석유제품
2026,2710994010,133590,석유제품
2026,2710994090,133590,석유제품
2026,2710995000,133600,석유제품
2026,2710999000,133600,석유제품
2026,2711141000,211090,석유화학
2026,2711142000,211090,석유화학
2026,2711143000,211090,석유화학
2026,2711144000,211090,석유화학
2026,2711190000,133900,석유제품
2026,2711290000,133900,석유제품
2026,2712101000,133900,석유제품
2026,2712109000,133900,석유제품
2026,2712200000,133900,석유제품
2026,2712901010,133900,석유제품
2026,2712901020,133900,석유제품
2026,2712901090,133900,석유제품
2026,2712909010,133900,석유제품
2026,2712909020,133900,석유제품
2026,2712909030,133900,석유제품
2026,2712909040,133900,석유제품
2026,2712909090,133900,석유제품
2026,2713110000,133900,석유제품
2026,2713120000,133900,석유제품
2026,2713200000,133900,석유제품
2026,2713900000,133900,석유제품
2026,2714100000,133900,석유제품
2026,2714901000,133900,석유제품
2026,2714902000,133900,석유제품
2026,2714903000,133900,석유제품
2026,2715001000,133900,석유제품
2026,2715002000,133900,석유제품
2026,2715003000,133900,석유제품
2026,2715009000,133900,석유제품
2026,2810009000,931220,바이오헬스
2026,2811210000,931220,바이오헬스
2026,2811229090,931220,바이오헬스
2026,2811299000,931220,바이오헬스
2026,2815110000,931220,바이오헬스
2026,2816101000,931220,바이오헬스
2026,2818301000,931220,바이오헬스
2026,2825902010,931220,바이오헬스
2026,2826904000,931220,바이오헬스
2026,2827100000,931220,바이오헬스
2026,2827200000,931220,바이오헬스
2026,2827310000,931220,바이오헬스
2026,2827320000,931220,바이오헬스
2026,2827399000,931220,바이오헬스
2026,2827609010,931220,바이오헬스
2026,2828100000,931220,바이오헬스
2026,2832100000,931220,바이오헬스
2026,2833110000,931220,바이오헬스
2026,2833210000,931220,바이오헬스
2026,2833299000,931220,바이오헬스
2026,2835221000,931220,바이오헬스
2026,2835222000,931220,바이오헬스
2026,2835240000,931220,바이오헬스
2026,2835250000,931220,바이오헬스
2026,2835260000,931220,바이오헬스
2026,2836300000,931220,바이오헬스
2026,2836500000,931220,바이오헬스
2026,2836991010,931220,바이오헬스
2026,2842101000,931220,바이오헬스
2026,2844301000,629000,비철금속
2026,2844309000,629000,비철금속
2026,2844410000,931120,바이오헬스
2026,2844420000,931120,바이오헬스
2026,2844430000,931120,바이오헬스
2026,2845902000,931120,바이오헬스
2026,2846909000,931120,바이오헬스
2026,2901101000,211090,석유화학
2026,2901102000,211090,석유화학
2026,2901103000,211090,석유화학
2026,2901109000,211090,석유화학
2026,2901210000,211010,석유화학
2026,2901220000,211020,석유화학
2026,2901230000,211090,석유화학
2026,2901241000,211030,석유화학
2026,2901242000,211090,석유화학
2026,2901291000,211090,석유화학
2026,2901292000,211090,석유화학
2026,2901299000,211090,석유화학
2026,2902110000,212090,석유화학
2026,2902191000,219000,석유화학
2026,2902199000,219000,석유화학
2026,2902200000,211040,석유화학
2026,2902300000,211050,석유화학
2026,2902410000,212010,석유화학
2026,2902420000,212090,석유화학
2026,2902430000,212020,석유화학
2026,2902440000,211060,석유화학
2026,2902500000,212030,석유화학
2026,2902600000,212090,석유화학
2026,2902700000,219000,석유화학
2026,2903120000,931220,바이오헬스
2026,2903130000,219000,석유화학
2026,2903150000,212040,석유화학
2026,2903210000,212050,석유화학
2026,2903899000,931220,바이오헬스
2026,2904100000,931220,바이오헬스
2026,2904990000,931220,바이오헬스
2026,2905110000,219000,석유화학
2026,2905121000,219000,석유화학
2026,2905122010,219000,석유화학
2026,2905122090,219000,석유화학
2026,2905130000,219000,석유화학
2026,2905140000,219000,석유화학
2026,2905161000,219000,석유화학
2026,2905169000,219000,석유화학
2026,2905172000,931220,바이오헬스
2026,2905173000,931220,바이오헬스
2026,2905193000,219000,석유화학
2026,2905199090,931220,바이오헬스
2026,2905310000,213010,석유화학
2026,2905320000,219000,석유화학
2026,2905430000,931220,바이오헬스
2026,2905440000,931220,바이오헬스
2026,2905450000,931220,바이오헬스
2026,2905490000,931220,바이오헬스
2026,2905590000,931220,바이오헬스
2026,2906110000,931220,바이오헬스
2026,2906131000,931220,바이오헬스
2026,2906132000,931220,바이오헬스
2026,2906191000,931220,바이오헬스
2026,2906210000,931220,바이오헬스
2026,2906290000,931220,바이오헬스
2026,2907111000,219000,석유화학
2026,2907151000,219000,석유화학
2026,2907152000,219000,석유화학
2026,2907191000,931220,바이오헬스
2026,2907192000,219000,석유화학
2026,2907221000,931220,바이오헬스
2026,2907222000,931220,바이오헬스
2026,2907231000,219000,석유화학
2026,2907232000,219000,석유화학
2026,2908110000,219000,석유화학
2026,2908191000,219000,석유화학
2026,2908192000,219000,석유화학
2026,2908193000,219000,석유화학
2026,2908199000,219000,석유화학
2026,2908910000,219000,석유화학
2026,2908920000,219000,석유화학
2026,2908990000,219000,석유화학
2026,2909110000,219000,석유화학
2026,2909191000,219000,석유화학
2026,2909192000,219000,석유화학
2026,2909199000,219000,석유화학
2026,2909200000,219000,석유화학
2026,2909301000,219000,석유화학
2026,2909302000,219000,석유화학
2026,2909303000,219000,석유화학
2026,2909304000,219000,석유화학
2026,2909305000,219000,석유화학
2026,2909309090,219000,석유화학
2026,2909410000,213010,석유화학
2026,2909430000,219000,석유화학
2026,2909441000,219000,석유화학
2026,2909449000,219000,석유화학
2026,2909491000,213010,석유화학
2026,2909499000,219000,석유화학
2026,2909500000,219000,석유화학
2026,2909601000,219000,석유화학
2026,2909602000,219000,석유화학
2026,2909603000,219000,석유화학
2026,2909604000,219000,석유화학
2026,2909609000,219000,석유화학
2026,2910100000,212090,석유화학
2026,2910200000,212060,석유화학
2026,2910300000,219000,석유화학
2026,2910400000,219000,석유화학
2026,2910500000,219000,석유화학
2026,2910900000,219000,석유화학
2026,2911000000,219000,석유화학
2026,2912110000,219000,석유화학
2026,2912120000,219000,석유화학
2026,2912193000,219000,석유화학
2026,2912199000,219000,석유화학
2026,2912210000,219000,석유화학
2026,2912290000,219000,석유화학
2026,2912410000,219000,석유화학
2026,2912420000,219000,석유화학
2026,2912490000,219000,석유화학
2026,2912500000,219000,석유화학
2026,2912600000,219000,석유화학
2026,2914110000,219000,석유화학
2026,2914120000,219000,석유화학
2026,2914190000,931220,바이오헬스
2026,2914221000,219000,석유화학
2026,2914299000,931220,바이오헬스
2026,2914390000,931220,바이오헬스
2026,2914509000,931220,바이오헬스
2026,2914699000,931220,바이오헬스
2026,2914799000,931220,바이오헬스
2026,2915110000,931220,바이오헬스
2026,2915210000,219000,석유화학
2026,2915240000,931220,바이오헬스
2026,2915291000,931220,바이오헬스
2026,2915292000,931220,바이오헬스
2026,2915299000,931220,바이오헬스
2026,2915310000,219000,석유화학
2026,2915320000,212070,석유화학
2026,2915394000,219000,석유화학
2026,2916111000,219000,석유화학
2026,2916119000,219000,석유화학
2026,2916121000,219000,석유화학
2026,2916122000,219000,석유화학
2026,2916123000,219000,석유화학
2026,2916124000,219000,석유화학
2026,2916129000,219000,석유화학
2026,2916131000,219000,석유화학
2026,2916139000,219000,석유화학
2026,2916141000,212080,석유화학
2026,2916149000,219000,석유화학
2026,2916151000,931220,바이오헬스
2026,2916209000,931220,바이오헬스
2026,2916311000,931220,바이오헬스
2026,2916312000,931220,바이오헬스
2026,2916319090,931220,바이오헬스
2026,2916321000,931220,바이오헬스
2026,2916322000,931220,바이오헬스
2026,2916340000,931220,바이오헬스
2026,2916391000,931220,바이오헬스
2026,2916399090,931220,바이오헬스
2026,2917111000,931220,바이오헬스
2026,2917121000,219000,석유화학
2026,2917122000,219000,석유화학
2026,2917123010,219000,석유화학
2026,2917123090,219000,석유화학
2026,2917131000,931220,바이오헬스
2026,2917140000,219000,석유화학
2026,2917199000,931220,바이오헬스
2026,2917350000,219000,석유화학
2026,2917361000,213020,석유화학
2026,2917369000,931220,바이오헬스
2026,2917370000,213030,석유화학
2026,2917391000,219000,석유화학
2026,2918111000,931220,바이오헬스
2026,2918112000,931220,바이오헬스
2026,2918120000,931220,바이오헬스
2026,2918131000,931220,바이오헬스
2026,2918132000,931220,바이오헬스
2026,2918140000,931220,바이오헬스
2026,2918151000,931220,바이오헬스
2026,2918152000,931220,바이오헬스
2026,2918161000,931220,바이오헬스
2026,2918162000,931220,바이오헬스
2026,2918163000,931220,바이오헬스
2026,2918191010,931220,바이오헬스
2026,2918191090,931220,바이오헬스
2026,2918192000,931220,바이오헬스
2026,2918193000,931220,바이오헬스
2026,2918199000,931220,바이오헬스
2026,2918210000,931220,바이오헬스
2026,2918220000,931220,바이오헬스
2026,2918231000,931220,바이오헬스
2026,2918232000,931220,바이오헬스
2026,2918299010,931220,바이오헬스
2026,2918309000,931220,바이오헬스
2026,2918999000,931220,바이오헬스
2026,2919901090,931220,바이오헬스
2026,2919902000,931220,바이오헬스
2026,2919909000,931220,바이오헬스
2026,2920119000,219000,석유화학
2026,2920199000,219000,석유화학
2026,2920210000,219000,석유화학
2026,2920220000,219000,석유화학
2026,2920230000,219000,석유화학
2026,2920240000,219000,석유화학
2026,2920290000,219000,석유화학
2026,2920309000,219000,석유화학
2026,2920904000,219000,석유화학
2026,2920909110,219000,석유화학
2026,2920909190,219000,석유화학
2026,2920909200,219000,석유화학
2026,2920909900,219000,석유화학
2026,2921111010,219000,석유화학
2026,2921111020,219000,석유화학
2026,2921112010,219000,석유화학
2026,2921112020,219000,석유화학
2026,2921113010,219000,석유화학
2026,2921113020,219000,석유화학
2026,2921120000,219000,석유화학
2026,2921130000,219000,석유화학
2026,2921140000,219000,석유화학
2026,2921192000,219000,석유화학
2026,2921199010,219000,석유화학
2026,2921199090,219000,석유화학
2026,2921211000,219000,석유화학
2026,2921212000,219000,석유화학
2026,2921221000,219000,석유화학
2026,2921222000,219000,석유화학
2026,2921229000,219000,석유화학
2026,2921291000,219000,석유화학
2026,2921292000,219000,석유화학
2026,2921299000,219000,석유화학
2026,2921301000,219000,석유화학
2026,2921309000,219000,석유화학
2026,2921411000,219000,석유화학
2026,2921412000,219000,석유화학
2026,2921429020,219000,석유화학
2026,2921429090,219000,석유화학
2026,2921435000,219000,석유화학
2026,2921436000,219000,석유화학
2026,2921437000,219000,석유화학
2026,2921439010,219000,석유화학
2026,2921439090,219000,석유화학
2026,2921441000,219000,석유화학
2026,2921449000,219000,석유화학
2026,2921451000,219000,석유화학
2026,2921459010,219000,석유화학
2026,2921459020,219000,석유화학
2026,2921459030,219000,석유화학
2026,2921459090,219000,석유화학
2026,2921460000,219000,석유화학
2026,2921499000,219000,석유화학
2026,2921511000,219000,석유화학
2026,2921512000,219000,석유화학
2026,2921519010,219000,석유화학
2026,2921519020,219000,석유화학
2026,2921519030,219000,석유화학
2026,2921519040,219000,석유화학
2026,2921519090,219000,석유화학
2026,2921592000,219000,석유화학
2026,2921599000,219000,석유화학
2026,2922199000,931220,바이오헬스
2026,2922299000,931220,바이오헬스
2026,2922411000,931220,바이오헬스
2026,2922412000,931220,바이오헬스
2026,2922421000,931220,바이오헬스
2026,2922422000,219000,석유화학
2026,2922423000,931220,바이오헬스
2026,2922491000,931220,바이오헬스
2026,2922492000,931220,바이오헬스
2026,2922493000,931220,바이오헬스
2026,2922494000,931220,바이오헬스
2026,2922499000,931220,바이오헬스
2026,2922506000,931220,바이오헬스
2026,2922509000,931220,바이오헬스
2026,2923101000,931220,바이오헬스
2026,2923102000,931220,바이오헬스
2026,2923201000,931220,바이오헬스
2026,2924291010,931220,바이오헬스
2026,2924291020,931220,바이오헬스
2026,2924291090,931220,바이오헬스
2026,2924292000,931220,바이오헬스
2026,2924299010,931220,바이오헬스
2026,2924299020,931220,바이오헬스
2026,2924299099,931220,바이오헬스
2026,2925111000,931220,바이오헬스
2026,2925199090,931220,바이오헬스
2026,2925299090,931220,바이오헬스
2026,2926100000,213040,석유화학
2026,2929101000,219000,석유화학
2026,2929102000,219000,석유화학
2026,2929109000,219000,석유화학
2026,2930100000,931220,바이오헬스
2026,2930400000,931220,바이오헬스
2026,2930909030,931220,바이오헬스
2026,2930909050,931220,바이오헬스
2026,2930909090,931220,바이오헬스
2026,2932199000,931220,바이오헬스
2026,2932209099,931220,바이오헬스
2026,2932960000,931220,바이오헬스
2026,2932999090,931220,바이오헬스
2026,2933119000,931220,바이오헬스
2026,2933199000,931220,바이오헬스
2026,2933299090,931220,바이오헬스
2026,2933311000,931220,바이오헬스
2026,2933312000,931220,바이오헬스
2026,2933321000,931220,바이오헬스
2026,2933329000,931220,바이오헬스
2026,2933330000,931220,바이오헬스
2026,2933340000,931220,바이오헬스
2026,2933350000,931220,바이오헬스
2026,2933360000,931220,바이오헬스
2026,2933370000,931220,바이오헬스
2026,2933393000,931220,바이오헬스
2026,2933399000,931220,바이오헬스
2026,2933499090,931220,바이오헬스
2026,2933592000,931220,바이오헬스
2026,2933593000,931220,바이오헬스
2026,2933710000,213050,석유화학
2026,2933799000,931220,바이오헬스
2026,2933910000,931220,바이오헬스
2026,2933991000,931220,바이오헬스
2026,2933999090,931220,바이오헬스
2026,2934101000,931220,바이오헬스
2026,2934109090,931220,바이오헬스
2026,2934209000,931220,바이오헬스
2026,2934309000,931220,바이오헬스
2026,2934920000,931220,바이오헬스
2026,2934995000,931220,바이오헬스
2026,2934997000,931220,바이오헬스
2026,2934999000,931220,바이오헬스
2026,2935905000,931220,바이오헬스
2026,2935909000,931220,바이오헬스
2026,2936210000,931220,바이오헬스
2026,2936220000,931220,바이오헬스
2026,2936230000,931220,바이오헬스
2026,2936240000,931220,바이오헬스
2026,2936250000,931220,바이오헬스
2026,2936260000,931220,바이오헬스
2026,2936271000,931220,바이오헬스
2026,2936272000,931220,바이오헬스
2026,2936273000,931220,바이오헬스
2026,2936279000,931220,바이오헬스
2026,2936281000,931220,바이오헬스
2026,2936289000,931220,바이오헬스
2026,2936291010,931220,바이오헬스
2026,2936291090,931220,바이오헬스
2026,2936292000,931220,바이오헬스
2026,2936293000,931220,바이오헬스
2026,2936294000,931220,바이오헬스
2026,2936295000,931220,바이오헬스
2026,2936299000,931220,바이오헬스
2026,2936901000,931220,바이오헬스
2026,2936909000,931220,바이오헬스
2026,2937111000,931220,바이오헬스
2026,2937119000,931220,바이오헬스
2026,2937120000,931220,바이오헬스
2026,2937191000,931220,바이오헬스
2026,2937199000,931220,바이오헬스
2026,2937211000,931220,바이오헬스
2026,2937212000,931220,바이오헬스
2026,2937213000,931220,바이오헬스
2026,2937214000,931220,바이오헬스
2026,2937220000,931220,바이오헬스
2026,2937230000,931220,바이오헬스
2026,2937292000,931220,바이오헬스
2026,2937299000,931220,바이오헬스
2026,2937501000,931220,바이오헬스
2026,2937502000,931220,바이오헬스
2026,2937509000,931220,바이오헬스
2026,2937901000,931220,바이오헬스
2026,2937902100,931220,바이오헬스
2026,2937902910,931220,바이오헬스
2026,2937902990,931220,바이오헬스
2026,2937903000,931220,바이오헬스
2026,2937909000,931220,바이오헬스
2026,2938902000,931220,바이오헬스
2026,2938909000,931220,바이오헬스
2026,2939119000,931220,바이오헬스
2026,2939190000,931220,바이오헬스
2026,2939300000,931220,바이오헬스
2026,2939421000,931220,바이오헬스
2026,2939490000,931220,바이오헬스
2026,2939510000,931220,바이오헬스
2026,2939590000,931220,바이오헬스
2026,2939791000,931220,바이오헬스
2026,2939799000,931220,바이오헬스
2026,2941101000,931220,바이오헬스
2026,2941109010,931220,바이오헬스
2026,2941109020,931220,바이오헬스
2026,2941109090,931220,바이오헬스
2026,2941209000,931220,바이오헬스
2026,2941301000,931220,바이오헬스
2026,2941302000,931220,바이오헬스
2026,2941303000,931220,바이오헬스
2026,2941309000,931220,바이오헬스
2026,2941400000,931220,바이오헬스
2026,2941501000,931220,바이오헬스
2026,2941509000,931220,바이오헬스
2026,2941909000,931220,바이오헬스
2026,3001202000,931210,바이오헬스
2026,3001209000,931210,바이오헬스
2026,3001901010,931220,바이오헬스
2026,3001901090,931210,바이오헬스
2026,3001902010,023320,농수산식품
2026,3001902090,931210,바이오헬스
2026,3001909010,931210,바이오헬스
2026,3001909020,931220,바이오헬스
2026,3001909090,931210,바이오헬스
2026,3002122000,931210,바이오헬스
2026,3002123000,931210,바이오헬스
2026,3002130000,931210,바이오헬스
2026,3002140000,931110,바이오헬스
2026,3002150000,931110,바이오헬스
2026,3002410000,931110,바이오헬스
2026,3002421000,931110,바이오헬스
2026,3002429000,931210,바이오헬스
2026,3002491000,931110,바이오헬스
2026,3002492000,931210,바이오헬스
2026,3002493000,931210,바이오헬스
2026,3002494000,931210,바이오헬스
2026,3002510000,931210,바이오헬스
2026,3002590000,931210,바이오헬스
2026,3002901000,931210,바이오헬스
2026,3002902000,931210,바이오헬스
2026,3002909000,931210,바이오헬스
2026,3003101000,931120,바이오헬스
2026,3003102000,931120,바이오헬스
2026,3003200000,931120,바이오헬스
2026,3003310000,931120,바이오헬스
2026,3003395000,931120,바이오헬스
2026,3003399000,931120,바이오헬스
2026,3003410000,931120,바이오헬스
2026,3003420000,931120,바이오헬스
2026,3003430000,931120,바이오헬스
2026,3003490000,931120,바이오헬스
2026,3003600000,931120,바이오헬스
2026,3003902000,931120,바이오헬스
2026,3003903000,931120,바이오헬스
2026,3003909000,931120,바이오헬스
2026,3004101000,931120,바이오헬스
2026,3004102000,931120,바이오헬스
2026,3004201000,931120,바이오헬스
2026,3004209100,931120,바이오헬스
2026,3004209300,931120,바이오헬스
2026,3004209900,931120,바이오헬스
2026,3004310000,931120,바이오헬스
2026,3004320000,931120,바이오헬스
2026,3004391010,931120,바이오헬스
2026,3004391020,931120,바이오헬스
2026,3004393000,931120,바이오헬스
2026,3004395000,931120,바이오헬스
2026,3004396000,931120,바이오헬스
2026,3004397000,931120,바이오헬스
2026,3004399000,931120,바이오헬스
2026,3004410000,931120,바이오헬스
2026,3004420000,931120,바이오헬스
2026,3004430000,931120,바이오헬스
2026,3004491000,931120,바이오헬스
2026,3004492010,931120,바이오헬스
2026,3004492020,931120,바이오헬스
2026,3004492030,931120,바이오헬스
2026,3004493000,931120,바이오헬스
2026,3004499000,931120,바이오헬스
2026,3004501000,931120,바이오헬스
2026,3004502010,931120,바이오헬스
2026,3004502090,931120,바이오헬스
2026,3004503000,931120,바이오헬스
2026,3004504000,931120,바이오헬스
2026,3004509000,931120,바이오헬스
2026,3004600000,931220,바이오헬스
2026,3004901000,931120,바이오헬스
2026,3004909100,931120,바이오헬스
2026,3004909200,931120,바이오헬스
2026,3004909900,931120,바이오헬스
2026,3006101010,932090,바이오헬스
2026,3006101020,932090,바이오헬스
2026,3006102000,932090,바이오헬스
2026,3006103000,932090,바이오헬스
2026,3006104000,932090,바이오헬스
2026,3006105010,932090,바이오헬스
2026,3006105090,932090,바이오헬스
2026,3006301000,931120,바이오헬스
2026,3006302000,931120,바이오헬스
2026,3006401000,932090,바이오헬스
2026,3006402000,932090,바이오헬스
2026,3006403000,932090,바이오헬스
2026,3006500000,932090,바이오헬스
2026,3006600000,931120,바이오헬스
2026,3006910000,932090,바이오헬스
2026,3006930000,931120,바이오헬스
2026,3102109000,931220,바이오헬스
2026,3104200000,931220,바이오헬스
2026,3104309000,931220,바이오헬스
2026,3203001000,931220,바이오헬스
2026,3205009000,931220,바이오헬스
2026,3213101000,515120,생활용품
2026,3213102000,515120,생활용품
2026,3213109000,515120,생활용품
2026,3213901000,515120,생활용품
2026,3213902000,515120,생활용품
2026,3213909000,515120,생활용품
2026,3215110000,515110,생활용품
2026,3215190000,515110,생활용품
2026,3215901000,515110,생활용품
2026,3215902000,515110,생활용품
2026,3215903000,515110,생활용품
2026,3215904010,515110,생활용품
2026,3215904020,515110,생활용품
2026,3215904030,515110,생활용품
2026,3215905000,515110,생활용품
2026,3215906010,515110,생활용품
2026,3215906020,515110,생활용품
2026,3215906030,515110,생활용품
2026,3215909000,515110,생활용품
2026,3301120000,013190,농수산식품
2026,3301130000,013190,농수산식품
2026,3301190000,013190,농수산식품
2026,3301240000,931220,바이오헬스
2026,3301250000,013190,농수산식품
2026,3301290000,013190,농수산식품
2026,3301300000,013190,농수산식품
2026,3301901000,013190,농수산식품
2026,3301902000,013190,농수산식품
2026,3301903000,013190,농수산식품
2026,3301904100,013400,농수산식품
2026,3301904200,013400,농수산식품
2026,3301904300,013400,농수산식품
2026,3301904400,013400,농수산식품
2026,3301904510,015930,농수산식품
2026,3301904520,015930,농수산식품
2026,3301904530,015930,농수산식품
2026,3301904600,013400,농수산식품
2026,3301904700,013400,농수산식품
2026,3301904800,013400,농수산식품
2026,3303001000,227310,화장품
2026,3303002000,227310,화장품
2026,3304101000,227320,화장품
2026,3304109000,227320,화장품
2026,3304201000,227320,화장품
2026,3304209000,227320,화장품
2026,3304301000,227320,화장품
2026,3304309000,227320,화장품
2026,3304911000,227320,화장품
2026,3304912000,227320,화장품
2026,3304919000,227320,화장품
2026,3304991000,227320,화장품
2026,3304992000,227320,화장품
2026,3304993000,227320,화장품
2026,3304999000,227320,화장품
2026,3305100000,227330,화장품
2026,3305200000,227330,화장품
2026,3305300000,227330,화장품
2026,3305901000,227330,화장품
2026,3305902000,227330,화장품
2026,3305909000,227330,화장품
2026,3306100000,511040,생활용품
2026,3306201011,511040,생활용품
2026,3306201019,511040,생활용품
2026,3306201020,511040,생활용품
2026,3306209000,511040,생활용품
2026,3306901000,932090,바이오헬스
2026,3306902000,932090,바이오헬스
2026,3307101000,227340,화장품
2026,3307109000,227340,화장품
2026,3307200000,227350,화장품
2026,3307301000,227360,화장품
2026,3307302000,227360,화장품
2026,3307901000,227330,화장품
2026,3307904000,227390,화장품
2026,3307909000,227390,화장품
2026,3401111000,227370,화장품
2026,3401119000,227370,화장품
2026,3401191090,227390,화장품
2026,3401200000,227390,화장품
2026,3401300000,227370,화장품
2026,3402310000,511010,생활용품
2026,3402390000,511010,생활용품
2026,3402410000,511010,생활용품
2026,3402421000,511010,생활용품
2026,3402429000,511010,생활용품
2026,3402490000,511010,생활용품
2026,3402501000,511010,생활용품
2026,3402502000,511010,생활용품
2026,3402509000,511010,생활용품
2026,3402901000,511010,생활용품
2026,3402902000,511010,생활용품
2026,3402903000,511010,생활용품
2026,3404200000,511020,생활용품
2026,3404901010,511020,생활용품
2026,3404901030,511020,생활용품
2026,3404901040,511020,생활용품
2026,3404901090,511020,생활용품
2026,3404902000,511020,생활용품
2026,3405100000,511030,생활용품
2026,3405200000,511030,생활용품
2026,3405300000,511030,생활용품
2026,3405400000,511030,생활용품
2026,3405901030,511030,생활용품
2026,3405901090,511030,생활용품
2026,3405909000,511030,생활용품
2026,3407001000,932090,바이오헬스
2026,3407002000,932090,바이오헬스
2026,3407003000,932090,바이오헬스
2026,3501101000,024500,농수산식품
2026,3501109000,024500,농수산식품
2026,3501901110,024500,농수산식품
2026,3501901190,024500,농수산식품
2026,3501901200,024500,농수산식품
2026,3501902000,024500,농수산식품
2026,3502110000,024500,농수산식품
2026,3502190000,024500,농수산식품
2026,3502200000,024500,농수산식품
2026,3502901000,024500,농수산식품
2026,3502909000,024500,농수산식품
2026,3503001010,931220,바이오헬스
2026,3503001020,024500,농수산식품
2026,3503002000,024500,농수산식품
2026,3503003000,024500,농수산식품
2026,3504001010,024500,농수산식품
2026,3504001020,024500,농수산식품
2026,3504002010,931220,바이오헬스
2026,3504002020,024500,농수산식품
2026,3504002030,024500,농수산식품
2026,3504002090,024500,농수산식품
2026,3504003000,024500,농수산식품
2026,3505101000,931220,바이오헬스
2026,3505102000,013900,농수산식품
2026,3505103000,013900,농수산식품
2026,3505104010,013900,농수산식품
2026,3505104090,931220,바이오헬스
2026,3505105010,013900,농수산식품
2026,3505105090,931220,바이오헬스
2026,3505109010,013900,농수산식품
2026,3505109090,013900,농수산식품
2026,3506101000,515130,생활용품
2026,3506102000,515130,생활용품
2026,3506109000,515130,생활용품
2026,3507901000,931220,바이오헬스
2026,3507904000,931220,바이오헬스
2026,3507906010,931220,바이오헬스
2026,3507906020,931220,바이오헬스
2026,3507909000,931220,바이오헬스
2026,3605000000,521290,생활용품
2026,3701100000,932090,바이오헬스
2026,3702100000,932090,바이오헬스
2026,3808940000,931120,바이오헬스
2026,3809100000,013900,농수산식품
2026,3817000000,219000,석유화학
2026,3818001000,831400,반도체
2026,3818002010,831400,반도체
2026,3818002090,831400,반도체
2026,3822111000,932010,바이오헬스
2026,3822112000,932010,바이오헬스
2026,3822119000,932010,바이오헬스
2026,3822121000,932010,바이오헬스
2026,3822129000,932010,바이오헬스
2026,3822130000,932010,바이오헬스
2026,3822191000,932010,바이오헬스
2026,3822192011,932010,바이오헬스
2026,3822192012,932010,바이오헬스
2026,3822192013,932010,바이오헬스
2026,3822192014,932010,바이오헬스
2026,3822192019,932010,바이오헬스
2026,3822192020,932010,바이오헬스
2026,3822192091,932010,바이오헬스
2026,3822192092,932010,바이오헬스
2026,3822192093,932010,바이오헬스
2026,3822192099,932010,바이오헬스
2026,3822193011,932010,바이오헬스
2026,3822193012,932010,바이오헬스
2026,3822193013,932010,바이오헬스
2026,3822193014,932010,바이오헬스
2026,3822193019,932010,바이오헬스
2026,3822193020,932010,바이오헬스
2026,3822193091,932010,바이오헬스
2026,3822193092,932010,바이오헬스
2026,3822193093,932010,바이오헬스
2026,3822193099,932010,바이오헬스
2026,3822900011,932010,바이오헬스
2026,3822900012,932010,바이오헬스
2026,3822900013,932010,바이오헬스
2026,3822900014,932010,바이오헬스
2026,3822900015,932010,바이오헬스
2026,3822900016,932010,바이오헬스
2026,3822900017,932010,바이오헬스
2026,3822900018,932010,바이오헬스
2026,3822900019,932010,바이오헬스
2026,3822900020,932010,바이오헬스
2026,3823110000,931220,바이오헬스
2026,3823702000,931220,바이오헬스
2026,3824600000,931220,바이오헬스
2026,3824850000,931220,바이오헬스
2026,3824996200,932090,바이오헬스
2026,3901101000,214001,석유화학
2026,3901109000,214001,석유화학
2026,3901200000,214002,석유화학
2026,3901300000,214001,석유화학
2026,3901400000,214090,석유화학
2026,3901900000,214090,석유화학
2026,3902100000,214004,석유화학
2026,3902200000,214090,석유화학
2026,3902300000,214004,석유화학
2026,3902900000,214090,석유화학
2026,3903110000,214003,석유화학
2026,3903190000,214005,석유화학
2026,3903200000,214090,석유화학
2026,3903300000,214006,석유화학
2026,3903901000,214005,석유화학
2026,3903909000,214090,석유화학
2026,3904100000,214007,석유화학
2026,3904210000,214007,석유화학
2026,3904220000,214007,석유화학
2026,3904300000,214090,석유화학
2026,3904400000,214090,석유화학
2026,3904500000,214090,석유화학
2026,3904610000,214090,석유화학
2026,3904691000,214090,석유화학
2026,3904699000,214090,석유화학
2026,3904900000,214090,석유화학
2026,3905120000,214090,석유화학
2026,3905190000,214090,석유화학
2026,3905210000,214090,석유화학
2026,3905290000,214090,석유화학
2026,3905300000,214090,석유화학
2026,3905910000,214090,석유화학
2026,3905990000,214090,석유화학
2026,3906100000,214008,석유화학
2026,3906901000,214090,석유화학
2026,3906909000,214008,석유화학
2026,3907100000,214011,석유화학
2026,3907210000,214090,석유화학
2026,3907291010,214090,석유화학
2026,3907291090,214090,석유화학
2026,3907292010,219000,석유화학
2026,3907292090,219000,석유화학
2026,3907293000,214009,석유화학
2026,3907299000,214090,석유화학
2026,3907301000,214012,석유화학
2026,3907309000,214012,석유화학
2026,3907400000,214013,석유화학
2026,3907500000,214090,석유화학
2026,3907610000,214014,석유화학
2026,3907690000,214014,석유화학
2026,3907700000,214090,석유화학
2026,3907910000,214090,석유화학
2026,3907991000,214014,석유화학
2026,3907992000,214090,석유화학
2026,3907999000,214090,석유화학
2026,3908101000,214015,석유화학
2026,3908102000,214015,석유화학
2026,3908103000,214015,석유화학
2026,3908900000,214015,석유화학
2026,3909100000,214090,석유화학
2026,3909200000,214090,석유화학
2026,3909310000,214090,석유화학
2026,3909390000,214090,석유화학
2026,3909400000,214090,석유화학
2026,3909500000,214090,석유화학
2026,3910001000,214090,석유화학
2026,3910009010,214010,석유화학
2026,3910009020,214010,석유화학
2026,3910009090,214010,석유화학
2026,3911101000,214090,석유화학
2026,3911102000,214090,석유화학
2026,3911103000,214090,석유화학
2026,3911200000,214090,석유화학
2026,3911901000,214090,석유화학
2026,3911902000,214090,석유화학
2026,3911903000,214090,석유화학
2026,3911909000,214090,석유화학
2026,3912311000,931220,바이오헬스
2026,3912319000,931220,바이오헬스
2026,3913101000,931220,바이오헬스
2026,3913102000,931220,바이오헬스
2026,3913109000,931220,바이오헬스
2026,3913909000,931220,바이오헬스
2026,3914001000,214090,석유화학
2026,3914009000,214090,석유화학
2026,3924100000,516110,생활용품
2026,3926101000,515190,생활용품
2026,3926102000,515190,생활용품
2026,3926109000,515190,생활용품
2026,3926400000,525900,생활용품
2026,3926901000,515190,생활용품
2026,3926902000,515190,생활용품
2026,3926903000,515190,생활용품
2026,3926904000,515190,생활용품
2026,3926905000,515190,생활용품
2026,3926906000,515190,생활용품
2026,3926909000,515190,생활용품
2026,4001100000,033200,농수산식품
2026,4001210000,033200,농수산식품
2026,4001220000,033200,농수산식품
2026,4001290000,033200,농수산식품
2026,4001300000,033200,농수산식품
2026,4002110000,215010,석유화학
2026,4002190000,215020,석유화학
2026,4002201000,215090,석유화학
2026,4002209000,215030,석유화학
2026,4002311000,215090,석유화학
2026,4002319000,215040,석유화학
2026,4002391000,215090,석유화학
2026,4002399010,215090,석유화학
2026,4002399020,215090,석유화학
2026,4002410000,215090,석유화학
2026,4002490000,215050,석유화학
2026,4002510000,215090,석유화학
2026,4002590000,215060,석유화학
2026,4002600000,215090,석유화학
2026,4002700000,215070,석유화학
2026,4002800000,215090,석유화학
2026,4002910000,215090,석유화학
2026,4002991000,215090,석유화학
2026,4002999000,215090,석유화학
2026,4014100000,932090,바이오헬스
2026,4014909000,932090,바이오헬스
2026,4015120000,932090,바이오헬스
2026,4015190000,441301,섬유류
2026,4015901000,441301,섬유류
2026,4015902000,932090,바이오헬스
2026,4016920000,515190,생활용품
2026,4201002000,524200,생활용품
2026,4201009000,524200,생활용품
2026,4202111000,442120,섬유류
2026,4202112000,442120,섬유류
2026,4202113000,442120,섬유류
2026,4202121010,442130,섬유류
2026,4202121020,442130,섬유류
2026,4202121090,442130,섬유류
2026,4202122000,442110,섬유류
2026,4202190000,442190,섬유류
2026,4202211010,442120,섬유류
2026,4202211020,442120,섬유류
2026,4202211030,442120,섬유류
2026,4202211090,442120,섬유류
2026,4202212000,442120,섬유류
2026,4202213000,442120,섬유류
2026,4202221010,442130,섬유류
2026,4202221020,442130,섬유류
2026,4202221090,442130,섬유류
2026,4202222000,442110,섬유류
2026,4202290000,442190,섬유류
2026,4202311030,442120,섬유류
2026,4202311090,442120,섬유류
2026,4202312000,442120,섬유류
2026,4202313000,442120,섬유류
2026,4202321010,442130,섬유류
2026,4202321020,442130,섬유류
2026,4202321090,442130,섬유류
2026,4202322000,442110,섬유류
2026,4202390000,442190,섬유류
2026,4202911000,442120,섬유류
2026,4202912000,442120,섬유류
2026,4202913000,442120,섬유류
2026,4202921010,442130,섬유류
2026,4202921020,442130,섬유류
2026,4202921090,442130,섬유류
2026,4202922000,442110,섬유류
2026,4202991000,442190,섬유류
2026,4202999000,442190,섬유류
2026,4203101010,441302,섬유류
2026,4203101020,441302,섬유류
2026,4203101060,441302,섬유류
2026,4203101090,441302,섬유류
2026,4203102000,441302,섬유류
2026,4203103010,441302,섬유류
2026,4203103020,441302,섬유류
2026,4203103050,441302,섬유류
2026,4203103060,441302,섬유류
2026,4203103070,441302,섬유류
2026,4203103090,441302,섬유류
2026,4203109010,441302,섬유류
2026,4203109020,441302,섬유류
2026,4203109090,441302,섬유류
2026,4203211000,524100,생활용품
2026,4203212000,524100,생활용품
2026,4203213000,524100,생활용품
2026,4203214000,524100,생활용품
2026,4203215000,524100,생활용품
2026,4203219000,524100,생활용품
2026,4203291000,449010,섬유류
2026,4203292000,449010,섬유류
2026,4203299000,449010,섬유류
2026,4203301030,441407,섬유류
2026,4203301090,441407,섬유류
2026,4203309000,441407,섬유류
2026,4203400000,441302,섬유류
2026,4303101100,441303,섬유류
2026,4303101200,441303,섬유류
2026,4303101300,441303,섬유류
2026,4303101600,441303,섬유류
2026,4303101900,441303,섬유류
2026,4303102100,441303,섬유류
2026,4303102200,441303,섬유류
2026,4303102600,441303,섬유류
2026,4303102920,441303,섬유류
2026,4303102990,441303,섬유류
2026,4303900000,441303,섬유류
2026,4304002000,441303,섬유류
2026,4401110000,031900,농수산식품
2026,4401120000,031900,농수산식품
2026,4401210000,031900,농수산식품
2026,4401221000,031900,농수산식품
2026,4401229000,031900,농수산식품
2026,4401310000,031900,농수산식품
2026,4401320000,031900,농수산식품
2026,4401390000,031900,농수산식품
2026,4401410000,031900,농수산식품
2026,4401490000,031900,농수산식품
2026,4402101010,031900,농수산식품
2026,4402101090,031900,농수산식품
2026,4402109000,031900,농수산식품
2026,4402201010,031900,농수산식품
2026,4402201090,031900,농수산식품
2026,4402209000,031900,농수산식품
2026,4402901011,031900,농수산식품
2026,4402901019,031900,농수산식품
2026,4402901090,031900,농수산식품
2026,4402909010,031900,농수산식품
2026,4402909020,031900,농수산식품
2026,4402909090,031900,농수산식품
2026,4403110000,031100,농수산식품
2026,4403121000,031100,농수산식품
2026,4403129000,031100,농수산식품
2026,4403211000,031100,농수산식품
2026,4403212000,031100,농수산식품
2026,4403219000,031100,농수산식품
2026,4403221000,031100,농수산식품
2026,4403222000,031100,농수산식품
2026,4403229000,031100,농수산식품
2026,4403231000,031100,농수산식품
2026,4403232000,031100,농수산식품
2026,4403241000,031100,농수산식품
2026,4403242000,031100,농수산식품
2026,4403251000,031100,농수산식품
2026,4403252010,031100,농수산식품
2026,4403252020,031100,농수산식품
2026,4403252090,031100,농수산식품
2026,4403254000,031100,농수산식품
2026,4403255000,031100,농수산식품
2026,4403259000,031100,농수산식품
2026,4403261000,031100,농수산식품
2026,4403262010,031100,농수산식품
2026,4403262020,031100,농수산식품
2026,4403262090,031100,농수산식품
2026,4403264000,031100,농수산식품
2026,4403265000,031100,농수산식품
2026,4403269000,031100,농수산식품
2026,4403410000,031100,농수산식품
2026,4403420000,031100,농수산식품
2026,4403491000,031100,농수산식품
2026,4403492000,031100,농수산식품
2026,4403493000,031100,농수산식품
2026,4403494000,031100,농수산식품
2026,4403495000,031100,농수산식품
2026,4403499000,031100,농수산식품
2026,4403910000,031100,농수산식품
2026,4403930000,031100,농수산식품
2026,4403940000,031100,농수산식품
2026,4403950000,031100,농수산식품
2026,4403960000,031100,농수산식품
2026,4403971000,031100,농수산식품
2026,4403972000,031100,농수산식품
2026,4403980000,031100,농수산식품
2026,4403991010,031100,농수산식품
2026,4403991020,031100,농수산식품
2026,4403991040,031100,농수산식품
2026,4403991050,031100,농수산식품
2026,4403991090,031100,농수산식품
2026,4403992000,031100,농수산식품
2026,4403993030,031100,농수산식품
2026,4403993040,031100,농수산식품
2026,4403993060,031100,농수산식품
2026,4403994000,031100,농수산식품
2026,4403999000,031100,농수산식품
2026,4404100000,031900,농수산식품
2026,4404200000,031900,농수산식품
2026,4405000000,031900,농수산식품
2026,4406110000,031900,농수산식품
2026,4406120000,031900,농수산식품
2026,4406910000,031900,농수산식품
2026,4406920000,031900,농수산식품
2026,4407111010,031200,농수산식품
2026,4407111020,031200,농수산식품
2026,4407111090,031200,농수산식품
2026,4407112000,031200,농수산식품
2026,4407119000,031200,농수산식품
2026,4407121000,031200,농수산식품
2026,4407122010,031200,농수산식품
2026,4407122020,031200,농수산식품
2026,4407122090,031200,농수산식품
2026,4407131000,031200,농수산식품
2026,4407132000,031200,농수산식품
2026,4407139000,031200,농수산식품
2026,4407140000,031200,농수산식품
2026,4407191000,031200,농수산식품
2026,4407192010,031200,농수산식품
2026,4407192020,031200,농수산식품
2026,4407192090,031200,농수산식품
2026,4407193000,031200,농수산식품
2026,4407194000,031200,농수산식품
2026,4407195000,031200,농수산식품
2026,4407199000,031200,농수산식품
2026,4407210000,031200,농수산식품
2026,4407220000,031200,농수산식품
2026,4407230000,031200,농수산식품
2026,4407250000,031200,농수산식품
2026,4407260000,031200,농수산식품
2026,4407270000,031200,농수산식품
2026,4407280000,031200,농수산식품
2026,4407291000,031200,농수산식품
2026,4407293000,031200,농수산식품
2026,4407299000,031200,농수산식품
2026,4407910000,031200,농수산식품
2026,4407920000,031200,농수산식품
2026,4407930000,031200,농수산식품
2026,4407940000,031200,농수산식품
2026,4407950000,031200,농수산식품
2026,4407960000,031200,농수산식품
2026,4407971000,031200,농수산식품
2026,4407972000,031200,농수산식품
2026,4407991010,031200,농수산식품
2026,4407991020,031200,농수산식품
2026,4407991040,031200,농수산식품
2026,4407991090,031200,농수산식품
2026,4407992000,031200,농수산식품
2026,4407993040,031200,농수산식품
2026,4407993060,031200,농수산식품
2026,4407994000,031200,농수산식품
2026,4407999000,031200,농수산식품
2026,4408106000,031400,농수산식품
2026,4408109100,031400,농수산식품
2026,4408109200,031400,농수산식품
2026,4408109910,031400,농수산식품
2026,4408109920,031400,농수산식품
2026,4408109950,031400,농수산식품
2026,4408109960,031400,농수산식품
2026,4408109990,031400,농수산식품
2026,4408313000,031400,농수산식품
2026,4408319011,031400,농수산식품
2026,4408319012,031400,농수산식품
2026,4408319019,031400,농수산식품
2026,4408319021,031400,농수산식품
2026,4408319022,031400,농수산식품
2026,4408319029,031400,농수산식품
2026,4408396000,031400,농수산식품
2026,4408399011,031400,농수산식품
2026,4408399012,031400,농수산식품
2026,4408399019,031400,농수산식품
2026,4408399021,031400,농수산식품
2026,4408399022,031400,농수산식품
2026,4408399029,031400,농수산식품
2026,4408399031,031400,농수산식품
2026,4408399032,031400,농수산식품
2026,4408399039,031400,농수산식품
2026,4408399041,031400,농수산식품
2026,4408399042,031400,농수산식품
2026,4408399049,031400,농수산식품
2026,4408399051,031400,농수산식품
2026,4408399052,031400,농수산식품
2026,4408399059,031400,농수산식품
2026,4408399091,031400,농수산식품
2026,4408399092,031400,농수산식품
2026,4408399099,031400,농수산식품
2026,4408901000,031400,농수산식품
2026,4408909150,031400,농수산식품
2026,4408909160,031400,농수산식품
2026,4408909191,031400,농수산식품
2026,4408909192,031400,농수산식품
2026,4408909193,031400,농수산식품
2026,4408909194,031400,농수산식품
2026,4408909195,031400,농수산식품
2026,4408909199,031400,농수산식품
2026,4408909210,031400,농수산식품
2026,4408909220,031400,농수산식품
2026,4408909290,031400,농수산식품
2026,4408909370,031400,농수산식품
2026,4408909380,031400,농수산식품
2026,4408909391,031400,농수산식품
2026,4408909392,031400,농수산식품
2026,4408909393,031400,농수산식품
2026,4408909394,031400,농수산식품
2026,4408909395,031400,농수산식품
2026,4408909396,031400,농수산식품
2026,4408909410,031400,농수산식품
2026,4408909420,031400,농수산식품
2026,4408909490,031400,농수산식품
2026,4408909910,031400,농수산식품
2026,4408909920,031400,농수산식품
2026,4408909990,031400,농수산식품
2026,4409101000,031900,농수산식품
2026,4409102000,031900,농수산식품
2026,4409109000,031900,농수산식품
2026,4409210000,031900,농수산식품
2026,4409221000,031900,농수산식품
2026,4409222000,031900,농수산식품
2026,4409229000,031900,농수산식품
2026,4409291000,031900,농수산식품
2026,4409292000,031900,농수산식품
2026,4409299000,031900,농수산식품
2026,4410111000,031600,농수산식품
2026,4410112000,031600,농수산식품
2026,4410119000,031600,농수산식품
2026,4410121000,031600,농수산식품
2026,4410129000,031600,농수산식품
2026,4410191000,031600,농수산식품
2026,4410199000,031600,농수산식품
2026,4410900000,031600,농수산식품
2026,4411121000,031500,농수산식품
2026,4411129000,031500,농수산식품
2026,4411131000,031500,농수산식품
2026,4411139000,031500,농수산식품
2026,4411141000,031500,농수산식품
2026,4411149010,031500,농수산식품
2026,4411149090,031500,농수산식품
2026,4411921000,031500,농수산식품
2026,4411929010,031500,농수산식품
2026,4411929090,031500,농수산식품
2026,4411931000,031500,농수산식품
2026,4411939010,031500,농수산식품
2026,4411939090,031500,농수산식품
2026,4411941000,031500,농수산식품
2026,4411949000,031500,농수산식품
2026,4412101010,031310,농수산식품
2026,4412101020,031310,농수산식품
2026,4412102000,031310,농수산식품
2026,4412109010,031310,농수산식품
2026,4412109090,031310,농수산식품
2026,4412311000,031310,농수산식품
2026,4412312010,031310,농수산식품
2026,4412312090,031310,농수산식품
2026,4412313000,031310,농수산식품
2026,4412314011,031310,농수산식품
2026,4412314019,031310,농수산식품
2026,4412314021,031310,농수산식품
2026,4412314029,031310,농수산식품
2026,4412315010,031310,농수산식품
2026,4412315090,031310,농수산식품
2026,4412316010,031310,농수산식품
2026,4412316090,031310,농수산식품
2026,4412317010,031310,농수산식품
2026,4412317090,031310,농수산식품
2026,4412331000,031310,농수산식품
2026,4412332000,031310,농수산식품
2026,4412333000,031310,농수산식품
2026,4412334010,031310,농수산식품
2026,4412334020,031310,농수산식품
2026,4412335000,031310,농수산식품
2026,4412336000,031310,농수산식품
2026,4412337000,031310,농수산식품
2026,4412341000,031310,농수산식품
2026,4412342000,031310,농수산식품
2026,4412343000,031310,농수산식품
2026,4412344010,031310,농수산식품
2026,4412344020,031310,농수산식품
2026,4412345000,031310,농수산식품
2026,4412346000,031310,농수산식품
2026,4412347000,031310,농수산식품
2026,4412391000,031310,농수산식품
2026,4412399000,031310,농수산식품
2026,4412411000,031320,농수산식품
2026,4412419000,031320,농수산식품
2026,4412421000,031320,농수산식품
2026,4412429000,031320,농수산식품
2026,4412491000,031320,농수산식품
2026,4412499000,031320,농수산식품
2026,4412510000,031320,농수산식품
2026,4412520000,031320,농수산식품
2026,4412590000,031320,농수산식품
2026,4412911000,031310,농수산식품
2026,4412919110,031310,농수산식품
2026,4412919190,031310,농수산식품
2026,4412919910,031310,농수산식품
2026,4412919990,031310,농수산식품
2026,4412921000,031310,농수산식품
2026,4412929110,031310,농수산식품
2026,4412929190,031310,농수산식품
2026,4412929910,031310,농수산식품
2026,4412929990,031310,농수산식품
2026,4412991000,031310,농수산식품
2026,4412999110,031310,농수산식품
2026,4412999190,031310,농수산식품
2026,4412999910,031310,농수산식품
2026,4412999990,031310,농수산식품
2026,4413000000,031900,농수산식품
2026,4414100000,031810,농수산식품
2026,4414900000,031810,농수산식품
2026,4415100000,031900,농수산식품
2026,4415200000,031900,농수산식품
2026,4416000000,031900,농수산식품
2026,4417000000,031900,농수산식품
2026,4418110000,031790,농수산식품
2026,4418190000,031790,농수산식품
2026,4418210000,031790,농수산식품
2026,4418290000,031790,농수산식품
2026,4418300000,031790,농수산식품
2026,4418400000,031790,농수산식품
2026,4418500000,031790,농수산식품
2026,4418731000,031790,농수산식품
2026,4418739000,031790,농수산식품
2026,4418741000,031790,농수산식품
2026,4418749000,031790,농수산식품
2026,4418751000,031790,농수산식품
2026,4418759000,031790,농수산식품
2026,4418791000,031790,농수산식품
2026,4418799000,031790,농수산식품
2026,4418810000,031710,농수산식품
2026,4418820000,031710,농수산식품
2026,4418830000,031710,농수산식품
2026,4418890000,031710,농수산식품
2026,4418910000,031790,농수산식품
2026,4418920000,031790,농수산식품
2026,4418999000,031790,농수산식품
2026,4419110000,031830,농수산식품
2026,4419120000,031820,농수산식품
2026,4419190000,031830,농수산식품
2026,4419201000,031830,농수산식품
2026,4419202000,031830,농수산식품
2026,4419203000,031820,농수산식품
2026,4419209000,031830,농수산식품
2026,4419901000,031830,농수산식품
2026,4419902000,031830,농수산식품
2026,4419903000,031820,농수산식품
2026,4419909000,031830,농수산식품
2026,4420110000,031840,농수산식품
2026,4420190000,031840,농수산식품
2026,4420902000,031840,농수산식품
2026,4420909010,031840,농수산식품
2026,4420909020,031840,농수산식품
2026,4420909090,031840,농수산식품
2026,4421100000,031890,농수산식품
2026,4421200000,031900,농수산식품
2026,4421913000,031890,농수산식품
2026,4421915000,031890,농수산식품
2026,4421919000,031900,농수산식품
2026,4421991000,031900,농수산식품
2026,4421993000,031890,농수산식품
2026,4421994000,031900,농수산식품
2026,4421995000,031890,농수산식품
2026,4421999010,031900,농수산식품
2026,4421999090,031900,농수산식품
2026,4501100000,033100,농수산식품
2026,4501900000,033100,농수산식품
2026,4502000000,033100,농수산식품
2026,4503100000,031890,농수산식품
2026,4503900000,033100,농수산식품
2026,4504100000,033100,농수산식품
2026,4504900000,033100,농수산식품
2026,4601211000,525900,생활용품
2026,4601212000,525900,생활용품
2026,4601220000,525900,생활용품
2026,4601290000,525900,생활용품
2026,4601920000,525900,생활용품
2026,4601930000,525900,생활용품
2026,4601940000,525900,생활용품
2026,4601990000,525900,생활용품
2026,4602111000,031890,농수산식품
2026,4602119000,031890,농수산식품
2026,4602120000,031890,농수산식품
2026,4602191000,525900,생활용품
2026,4602199000,031830,농수산식품
2026,4602900000,525900,생활용품
2026,4811901000,515130,생활용품
2026,4811902010,515130,생활용품
2026,4811902090,515130,생활용품
2026,4814901010,033900,농수산식품
2026,4814901090,033900,농수산식품
2026,4816200000,515130,생활용품
2026,4816901000,515130,생활용품
2026,4816902010,515130,생활용품
2026,4816902090,515130,생활용품
2026,4816903000,515130,생활용품
2026,4816904000,515130,생활용품
2026,4816905000,515130,생활용품
2026,4816909000,515130,생활용품
2026,4817100000,515190,생활용품
2026,4817200000,515190,생활용품
2026,4817300000,515190,생활용품
2026,4818100000,511060,생활용품
2026,4818200000,511050,생활용품
2026,4818900000,511050,생활용품
2026,4819600000,515190,생활용품
2026,4820100000,515130,생활용품
2026,4820200000,515130,생활용품
2026,4820300000,515190,생활용품
2026,4820400000,515190,생활용품
2026,4820500000,515190,생활용품
2026,4820900000,515190,생활용품
2026,4823400000,515190,생활용품
2026,4905201000,515190,생활용품
2026,4905209000,515190,생활용품
2026,4905900000,515190,생활용품
2026,4909000000,515190,생활용품
2026,4910001000,515190,생활용품
2026,4910009000,515190,생활용품
2026,5001000000,019000,농수산식품
2026,5002001010,413100,섬유류
2026,5002001020,413100,섬유류
2026,5002001030,413100,섬유류
2026,5002001040,413100,섬유류
2026,5002001050,413100,섬유류
2026,5002002000,413100,섬유류
2026,5002009000,413100,섬유류
2026,5003001000,019000,농수산식품
2026,5003009000,019000,농수산식품
2026,5004000000,421100,섬유류
2026,5005000000,421100,섬유류
2026,5006000000,421100,섬유류
2026,5007100000,431900,섬유류
2026,5007201000,431190,섬유류
2026,5007202010,431110,섬유류
2026,5007202020,431190,섬유류
2026,5007202030,431190,섬유류
2026,5007202090,431190,섬유류
2026,5007209000,431190,섬유류
2026,5007901000,431200,섬유류
2026,5007902000,431200,섬유류
2026,5007903000,431200,섬유류
2026,5007904000,431200,섬유류
2026,5007909000,431200,섬유류
2026,5101110000,025000,농수산식품
2026,5101190000,025000,농수산식품
2026,5101210000,025000,농수산식품
2026,5101290000,025000,농수산식품
2026,5101300000,025000,농수산식품
2026,5102110000,025000,농수산식품
2026,5102190000,025000,농수산식품
2026,5102200000,025000,농수산식품
2026,5103100000,025000,농수산식품
2026,5103200000,025000,농수산식품
2026,5103300000,025000,농수산식품
2026,5104000000,413200,섬유류
2026,5105100000,413200,섬유류
2026,5105210000,413200,섬유류
2026,5105290000,413200,섬유류
2026,5105310000,413200,섬유류
2026,5105390000,413200,섬유류
2026,5105400000,413200,섬유류
2026,5106101000,421220,섬유류
2026,5106109000,421220,섬유류
2026,5106201000,421220,섬유류
2026,5106202000,421220,섬유류
2026,5106204000,421220,섬유류
2026,5106209000,421220,섬유류
2026,5107101000,421210,섬유류
2026,5107102000,421210,섬유류
2026,5107109000,421210,섬유류
2026,5107201000,421210,섬유류
2026,5107202000,421210,섬유류
2026,5107203000,421210,섬유류
2026,5107209000,421210,섬유류
2026,5108100000,421220,섬유류
2026,5108200000,421210,섬유류
2026,5109101000,421290,섬유류
2026,5109109000,421290,섬유류
2026,5109901000,421290,섬유류
2026,5109909000,421290,섬유류
2026,5110000000,421290,섬유류
2026,5111111000,432200,섬유류
2026,5111112000,432200,섬유류
2026,5111191000,432200,섬유류
2026,5111192000,432200,섬유류
2026,5111200000,432200,섬유류
2026,5111300000,432200,섬유류
2026,5111900000,432200,섬유류
2026,5112111000,432100,섬유류
2026,5112112000,432100,섬유류
2026,5112191000,432100,섬유류
2026,5112192000,432100,섬유류
2026,5112200000,432100,섬유류
2026,5112300000,432100,섬유류
2026,5112900000,432100,섬유류
2026,5113000000,432900,섬유류
2026,5201001000,413300,섬유류
2026,5201009010,413300,섬유류
2026,5201009020,413300,섬유류
2026,5201009030,413300,섬유류
2026,5201009050,413300,섬유류
2026,5201009060,413300,섬유류
2026,5202100000,413300,섬유류
2026,5202910000,413300,섬유류
2026,5202990000,413300,섬유류
2026,5203000000,413300,섬유류
2026,5204110000,421390,섬유류
2026,5204190000,421390,섬유류
2026,5204200000,421390,섬유류
2026,5205111000,421310,섬유류
2026,5205119000,421310,섬유류
2026,5205121010,421310,섬유류
2026,5205121090,421310,섬유류
2026,5205129000,421310,섬유류
2026,5205131000,421310,섬유류
2026,5205139000,421310,섬유류
2026,5205141000,421310,섬유류
2026,5205149000,421310,섬유류
2026,5205150000,421310,섬유류
2026,5205210000,421310,섬유류
2026,5205221000,421310,섬유류
2026,5205229000,421310,섬유류
2026,5205231000,421310,섬유류
2026,5205239000,421310,섬유류
2026,5205241000,421310,섬유류
2026,5205249000,421310,섬유류
2026,5205260000,421310,섬유류
2026,5205270000,421310,섬유류
2026,5205280000,421310,섬유류
2026,5205310000,421310,섬유류
2026,5205321010,421310,섬유류
2026,5205321090,421310,섬유류
2026,5205329000,421310,섬유류
2026,5205330000,421310,섬유류
2026,5205340000,421310,섬유류
2026,5205350000,421310,섬유류
2026,5205410000,421310,섬유류
2026,5205420000,421310,섬유류
2026,5205430000,421310,섬유류
2026,5205440000,421310,섬유류
2026,5205460000,421310,섬유류
2026,5205470000,421310,섬유류
2026,5205480000,421310,섬유류
2026,5206111000,421320,섬유류
2026,5206119000,421320,섬유류
2026,5206121000,421320,섬유류
2026,5206129000,421320,섬유류
2026,5206130000,421320,섬유류
2026,5206140000,421320,섬유류
2026,5206150000,421320,섬유류
2026,5206210000,421320,섬유류
2026,5206221000,421320,섬유류
2026,5206229000,421320,섬유류
2026,5206231000,421320,섬유류
2026,5206239000,421320,섬유류
2026,5206241000,421320,섬유류
2026,5206249000,421320,섬유류
2026,5206250000,421320,섬유류
2026,5206310000,421320,섬유류
2026,5206320000,421320,섬유류
2026,5206330000,421320,섬유류
2026,5206340000,421320,섬유류
2026,5206350000,421320,섬유류
2026,5206410000,421320,섬유류
2026,5206420000,421320,섬유류
2026,5206430000,421320,섬유류
2026,5206440000,421320,섬유류
2026,5206450000,421320,섬유류
2026,5207100000,421390,섬유류
2026,5207900000,421390,섬유류
2026,5208110000,433110,섬유류
2026,5208120000,433110,섬유류
2026,5208130000,433110,섬유류
2026,5208190000,433110,섬유류
2026,5208210000,433120,섬유류
2026,5208220000,433120,섬유류
2026,5208230000,433120,섬유류
2026,5208290000,433120,섬유류
2026,5208310000,433130,섬유류
2026,5208320000,433130,섬유류
2026,5208330000,433130,섬유류
2026,5208390000,433130,섬유류
2026,5208410000,433190,섬유류
2026,5208420000,433190,섬유류
2026,5208430000,433190,섬유류
2026,5208490000,433190,섬유류
2026,5208510000,433130,섬유류
2026,5208520000,433130,섬유류
2026,5208591000,433130,섬유류
2026,5208599000,433130,섬유류
2026,5209110000,433110,섬유류
2026,5209120000,433110,섬유류
2026,5209190000,433110,섬유류
2026,5209210000,433120,섬유류
2026,5209220000,433120,섬유류
2026,5209290000,433120,섬유류
2026,5209310000,433130,섬유류
2026,5209320000,433130,섬유류
2026,5209390000,433130,섬유류
2026,5209410000,433190,섬유류
2026,5209420000,433190,섬유류
2026,5209430000,433190,섬유류
2026,5209490000,433190,섬유류
2026,5209510000,433130,섬유류
2026,5209520000,433130,섬유류
2026,5209590000,433130,섬유류
2026,5210110000,433210,섬유류
2026,5210190000,433210,섬유류
2026,5210210000,433220,섬유류
2026,5210290000,433220,섬유류
2026,5210310000,433230,섬유류
2026,5210320000,433230,섬유류
2026,5210390000,433230,섬유류
2026,5210410000,433290,섬유류
2026,5210490000,433290,섬유류
2026,5210510000,433230,섬유류
2026,5210590000,433230,섬유류
2026,5211110000,433210,섬유류
2026,5211120000,433210,섬유류
2026,5211190000,433210,섬유류
2026,5211200000,433220,섬유류
2026,5211310000,433230,섬유류
2026,5211320000,433230,섬유류
2026,5211390000,433230,섬유류
2026,5211410000,433290,섬유류
2026,5211420000,433290,섬유류
2026,5211430000,433290,섬유류
2026,5211490000,433290,섬유류
2026,5211510000,433230,섬유류
2026,5211520000,433230,섬유류
2026,5211590000,433230,섬유류
2026,5212110000,433210,섬유류
2026,5212120000,433220,섬유류
2026,5212130000,433230,섬유류
2026,5212140000,433290,섬유류
2026,5212150000,433230,섬유류
2026,5212210000,433210,섬유류
2026,5212220000,433220,섬유류
2026,5212230000,433230,섬유류
2026,5212240000,433290,섬유류
2026,5212250000,433230,섬유류
2026,5301100000,413900,섬유류
2026,5301210000,413900,섬유류
2026,5301290000,413900,섬유류
2026,5301301000,413900,섬유류
2026,5301302000,413900,섬유류
2026,5302100000,413900,섬유류
2026,5302901000,413900,섬유류
2026,5302902010,413900,섬유류
2026,5302902020,413900,섬유류
2026,5303101000,413400,섬유류
2026,5303102000,413400,섬유류
2026,5303901010,413400,섬유류
2026,5303901090,413400,섬유류
2026,5303909010,413400,섬유류
2026,5303909090,413400,섬유류
2026,5305001000,413400,섬유류
2026,5305002000,413400,섬유류
2026,5305003000,413400,섬유류
2026,5305009000,413400,섬유류
2026,5306101000,421910,섬유류
2026,5306102000,421910,섬유류
2026,5306201000,421910,섬유류
2026,5306202000,421910,섬유류
2026,5307101000,421910,섬유류
2026,5307109000,421910,섬유류
2026,5307201000,421910,섬유류
2026,5307209000,421910,섬유류
2026,5308100000,421910,섬유류
2026,5308200000,421910,섬유류
2026,5308901000,421910,섬유류
2026,5308909000,421910,섬유류
2026,5309110000,439100,섬유류
2026,5309190000,439100,섬유류
2026,5309210000,439100,섬유류
2026,5309290000,439100,섬유류
2026,5310100000,439100,섬유류
2026,5310900000,439100,섬유류
2026,5311001000,439100,섬유류
2026,5311002000,439100,섬유류
2026,5311009000,439100,섬유류
2026,5401101000,422110,섬유류
2026,5401102000,422200,섬유류
2026,5401109000,422900,섬유류
2026,5401201000,422300,섬유류
2026,5401209000,422900,섬유류
2026,5402110000,422120,섬유류
2026,5402191011,422130,섬유류
2026,5402191012,422110,섬유류
2026,5402191019,422110,섬유류
2026,5402191021,422130,섬유류
2026,5402191029,422110,섬유류
2026,5402191090,422110,섬유류
2026,5402199000,422110,섬유류
2026,5402200000,422200,섬유류
2026,5402311010,422110,섬유류
2026,5402311020,422110,섬유류
2026,5402311090,422110,섬유류
2026,5402319000,422110,섬유류
2026,5402321010,422110,섬유류
2026,5402321020,422110,섬유류
2026,5402321090,422110,섬유류
2026,5402329000,422110,섬유류
2026,5402331000,422200,섬유류
2026,5402339000,422200,섬유류
2026,5402340000,422900,섬유류
2026,5402390000,422900,섬유류
2026,5402440000,422900,섬유류
2026,5402451010,422110,섬유류
2026,5402451020,422110,섬유류
2026,5402451090,422110,섬유류
2026,5402459000,422110,섬유류
2026,5402461000,422200,섬유류
2026,5402469000,422200,섬유류
2026,5402471000,422200,섬유류
2026,5402479000,422200,섬유류
2026,5402480000,422900,섬유류
2026,5402491000,422900,섬유류
2026,5402499000,422900,섬유류
2026,5402510000,422110,섬유류
2026,5402520000,422200,섬유류
2026,5402530000,422900,섬유류
2026,5402591000,422900,섬유류
2026,5402599000,422900,섬유류
2026,5402610000,422110,섬유류
2026,5402620000,422200,섬유류
2026,5402630000,422900,섬유류
2026,5402691000,422900,섬유류
2026,5402692000,422900,섬유류
2026,5402699000,422900,섬유류
2026,5403100000,422300,섬유류
2026,5403310000,422300,섬유류
2026,5403320000,422300,섬유류
2026,5403331000,422400,섬유류
2026,5403339000,422400,섬유류
2026,5403390000,422900,섬유류
2026,5403411000,422300,섬유류
2026,5403419000,422300,섬유류
2026,5403420000,422400,섬유류
2026,5403490000,422900,섬유류
2026,5404110000,422900,섬유류
2026,5404120000,422900,섬유류
2026,5404191000,422110,섬유류
2026,5404199000,422900,섬유류
2026,5404901000,422900,섬유류
2026,5404909000,422900,섬유류
2026,5405000000,422900,섬유류
2026,5406001000,422900,섬유류
2026,5406002000,422900,섬유류
2026,5407101000,434100,섬유류
2026,5407102000,434200,섬유류
2026,5407200000,434300,섬유류
2026,5407300000,434300,섬유류
2026,5407410000,434100,섬유류
2026,5407420000,434100,섬유류
2026,5407430000,434100,섬유류
2026,5407440000,434100,섬유류
2026,5407510000,434200,섬유류
2026,5407520000,434200,섬유류
2026,5407530000,434200,섬유류
2026,5407540000,434200,섬유류
2026,5407611000,434200,섬유류
2026,5407612000,434200,섬유류
2026,5407613000,434200,섬유류
2026,5407614000,434200,섬유류
2026,5407691000,434200,섬유류
2026,5407692000,434200,섬유류
2026,5407693000,434200,섬유류
2026,5407694000,434200,섬유류
2026,5407710000,434300,섬유류
2026,5407720000,434300,섬유류
2026,5407730000,434300,섬유류
2026,5407740000,434300,섬유류
2026,5407811000,434100,섬유류
2026,5407812000,434200,섬유류
2026,5407813000,434300,섬유류
2026,5407819000,434300,섬유류
2026,5407821000,434100,섬유류
2026,5407822000,434200,섬유류
2026,5407823000,434300,섬유류
2026,5407829000,434300,섬유류
2026,5407831000,434100,섬유류
2026,5407832000,434200,섬유류
2026,5407833000,434300,섬유류
2026,5407839000,434300,섬유류
2026,5407841000,434100,섬유류
2026,5407842000,434200,섬유류
2026,5407843000,434300,섬유류
2026,5407849000,434300,섬유류
2026,5407911000,434100,섬유류
2026,5407912000,434200,섬유류
2026,5407913000,434300,섬유류
2026,5407919000,434300,섬유류
2026,5407921000,434100,섬유류
2026,5407922000,434200,섬유류
2026,5407923000,434300,섬유류
2026,5407929000,434300,섬유류
2026,5407931000,434100,섬유류
2026,5407932000,434200,섬유류
2026,5407933000,434300,섬유류
2026,5407939000,434300,섬유류
2026,5407941000,434100,섬유류
2026,5407942000,434200,섬유류
2026,5407943000,434300,섬유류
2026,5407949000,434300,섬유류
2026,5408100000,434900,섬유류
2026,5408210000,434900,섬유류
2026,5408220000,434900,섬유류
2026,5408230000,434900,섬유류
2026,5408240000,434900,섬유류
2026,5408310000,434900,섬유류
2026,5408320000,434900,섬유류
2026,5408330000,434900,섬유류
2026,5408340000,434900,섬유류
2026,5501110000,411320,섬유류
2026,5501190000,411310,섬유류
2026,5501200000,411100,섬유류
2026,5501300000,411200,섬유류
2026,5501400000,411900,섬유류
2026,5501900000,411900,섬유류
2026,5502101000,412200,섬유류
2026,5502102000,412200,섬유류
2026,5502900000,412100,섬유류
2026,5503110000,411320,섬유류
2026,5503190000,411310,섬유류
2026,5503201000,411100,섬유류
2026,5503209000,411100,섬유류
2026,5503301000,411200,섬유류
2026,5503302000,411200,섬유류
2026,5503400000,411900,섬유류
2026,5503900000,411900,섬유류
2026,5504101000,412100,섬유류
2026,5504102000,412100,섬유류
2026,5504109000,412100,섬유류
2026,5504902000,412900,섬유류
2026,5504909000,412900,섬유류
2026,5505100000,411900,섬유류
2026,5505200000,412900,섬유류
2026,5506100000,411310,섬유류
2026,5506200000,411100,섬유류
2026,5506300000,411200,섬유류
2026,5506400000,411200,섬유류
2026,5506900000,411900,섬유류
2026,5507000000,412100,섬유류
2026,5508102000,423190,섬유류
2026,5508109000,423900,섬유류
2026,5508200000,423900,섬유류
2026,5509111000,423900,섬유류
2026,5509119000,423900,섬유류
2026,5509121000,423900,섬유류
2026,5509129000,423900,섬유류
2026,5509211000,423190,섬유류
2026,5509219000,423190,섬유류
2026,5509221000,423190,섬유류
2026,5509229000,423190,섬유류
2026,5509311000,423290,섬유류
2026,5509312000,423290,섬유류
2026,5509321000,423290,섬유류
2026,5509322000,423290,섬유류
2026,5509410000,423900,섬유류
2026,5509420000,423900,섬유류
2026,5509510000,423190,섬유류
2026,5509520000,423120,섬유류
2026,5509530000,423110,섬유류
2026,5509590000,423190,섬유류
2026,5509611000,423220,섬유류
2026,5509612000,423220,섬유류
2026,5509621000,423210,섬유류
2026,5509622000,423210,섬유류
2026,5509691010,423290,섬유류
2026,5509691020,423290,섬유류
2026,5509692010,423290,섬유류
2026,5509692020,423290,섬유류
2026,5509911000,423900,섬유류
2026,5509919000,423900,섬유류
2026,5509920000,423900,섬유류
2026,5509990000,423900,섬유류
2026,5510111000,423900,섬유류
2026,5510119000,423900,섬유류
2026,5510121000,423900,섬유류
2026,5510129000,423900,섬유류
2026,5510201000,423900,섬유류
2026,5510209000,423900,섬유류
2026,5510301000,423900,섬유류
2026,5510309000,423900,섬유류
2026,5510901000,423900,섬유류
2026,5510909000,423900,섬유류
2026,5511100000,423900,섬유류
2026,5511200000,423900,섬유류
2026,5511300000,423900,섬유류
2026,5512110000,435190,섬유류
2026,5512191000,435190,섬유류
2026,5512192000,435190,섬유류
2026,5512193000,435190,섬유류
2026,5512210000,435210,섬유류
2026,5512290000,435210,섬유류
2026,5512911000,435190,섬유류
2026,5512919000,435190,섬유류
2026,5512991000,435190,섬유류
2026,5512999000,435190,섬유류
2026,5513110000,435110,섬유류
2026,5513120000,435110,섬유류
2026,5513130000,435110,섬유류
2026,5513190000,435190,섬유류
2026,5513210000,435110,섬유류
2026,5513231000,435110,섬유류
2026,5513239000,435110,섬유류
2026,5513290000,435190,섬유류
2026,5513310000,435110,섬유류
2026,5513390000,435190,섬유류
2026,5513410000,435110,섬유류
2026,5513490000,435190,섬유류
2026,5514110000,435110,섬유류
2026,5514120000,435110,섬유류
2026,5514193000,435110,섬유류
2026,5514199000,435190,섬유류
2026,5514210000,435110,섬유류
2026,5514220000,435110,섬유류
2026,5514230000,435110,섬유류
2026,5514290000,435190,섬유류
2026,5514300000,435220,섬유류
2026,5514410000,435110,섬유류
2026,5514420000,435110,섬유류
2026,5514430000,435110,섬유류
2026,5514490000,435190,섬유류
2026,5515111000,435190,섬유류
2026,5515119000,435190,섬유류
2026,5515121000,435190,섬유류
2026,5515129000,435190,섬유류
2026,5515131000,435120,섬유류
2026,5515139000,435120,섬유류
2026,5515191000,435190,섬유류
2026,5515199000,435190,섬유류
2026,5515210000,435210,섬유류
2026,5515221000,435210,섬유류
2026,5515229000,435210,섬유류
2026,5515290000,435210,섬유류
2026,5515910000,435190,섬유류
2026,5515990000,435190,섬유류
2026,5516111000,435910,섬유류
2026,5516119000,435910,섬유류
2026,5516121000,435910,섬유류
2026,5516129000,435910,섬유류
2026,5516130000,435910,섬유류
2026,5516141000,435910,섬유류
2026,5516149000,435910,섬유류
2026,5516211000,435990,섬유류
2026,5516219000,435990,섬유류
2026,5516221000,435990,섬유류
2026,5516229000,435990,섬유류
2026,5516230000,435990,섬유류
2026,5516241000,435990,섬유류
2026,5516249000,435990,섬유류
2026,5516310000,435990,섬유류
2026,5516320000,435990,섬유류
2026,5516330000,435990,섬유류
2026,5516340000,435990,섬유류
2026,5516411000,435990,섬유류
2026,5516419000,435990,섬유류
2026,5516421000,435990,섬유류
2026,5516429000,435990,섬유류
2026,5516430000,435990,섬유류
2026,5516440000,435990,섬유류
2026,5516910000,435990,섬유류
2026,5516921000,435990,섬유류
2026,5516929000,435990,섬유류
2026,5516930000,435990,섬유류
2026,5516940000,435990,섬유류
2026,5601210000,449090,섬유류
2026,5601220000,449090,섬유류
2026,5601290000,449090,섬유류
2026,5601301000,449090,섬유류
2026,5601309000,449090,섬유류
2026,5602101000,449090,섬유류
2026,5602102000,449090,섬유류
2026,5602210000,449090,섬유류
2026,5602290000,449090,섬유류
2026,5602900000,449090,섬유류
2026,5603111000,439500,섬유류
2026,5603119000,439500,섬유류
2026,5603121000,439500,섬유류
2026,5603129000,439500,섬유류
2026,5603131000,439500,섬유류
2026,5603139000,439500,섬유류
2026,5603141000,439500,섬유류
2026,5603149000,439500,섬유류
2026,5603910000,439500,섬유류
2026,5603920000,439500,섬유류
2026,5603930000,439500,섬유류
2026,5603940000,439500,섬유류
2026,5604100000,421990,섬유류
2026,5604902000,421990,섬유류
2026,5604909000,421990,섬유류
2026,5605000000,421990,섬유류
2026,5606001000,421990,섬유류
2026,5606002000,421990,섬유류
2026,5606003000,421990,섬유류
2026,5606009000,421990,섬유류
2026,5607210000,449007,섬유류
2026,5607290000,449007,섬유류
2026,5607410000,449007,섬유류
2026,5607490000,449007,섬유류
2026,5607500000,449007,섬유류
2026,5607901000,449007,섬유류
2026,5607909000,449007,섬유류
2026,5608111011,449006,섬유류
2026,5608111012,449006,섬유류
2026,5608111013,449006,섬유류
2026,5608111020,449006,섬유류
2026,5608111090,449006,섬유류
2026,5608119000,449006,섬유류
2026,5608191000,449006,섬유류
2026,5608199000,449006,섬유류
2026,5608900000,449006,섬유류
2026,5609001000,449007,섬유류
2026,5609002000,449007,섬유류
2026,5609003000,449007,섬유류
2026,5609009000,449007,섬유류
2026,5701100000,449001,섬유류
2026,5701900000,449001,섬유류
2026,5702100000,449001,섬유류
2026,5702200000,449001,섬유류
2026,5702310000,449001,섬유류
2026,5702320000,449001,섬유류
2026,5702390000,449001,섬유류
2026,5702410000,449001,섬유류
2026,5702420000,449001,섬유류
2026,5702490000,449001,섬유류
2026,5702500000,449001,섬유류
2026,5702910000,449001,섬유류
2026,5702920000,449001,섬유류
2026,5702990000,449001,섬유류
2026,5703100000,449001,섬유류
2026,5703210000,449013,섬유류
2026,5703290000,449001,섬유류
2026,5703310000,449013,섬유류
2026,5703390000,449001,섬유류
2026,5703900000,449001,섬유류
2026,5704100000,449001,섬유류
2026,5704200000,449001,섬유류
2026,5704900000,449001,섬유류
2026,5705000000,449001,섬유류
2026,5801100000,439400,섬유류
2026,5801210000,439400,섬유류
2026,5801220000,439400,섬유류
2026,5801230000,439400,섬유류
2026,5801260000,439400,섬유류
2026,5801270000,439400,섬유류
2026,5801310000,439400,섬유류
2026,5801320000,439400,섬유류
2026,5801330000,439400,섬유류
2026,5801360000,439400,섬유류
2026,5801370000,439400,섬유류
2026,5801900000,439400,섬유류
2026,5802100000,439990,섬유류
2026,5802200000,439990,섬유류
2026,5802300000,439990,섬유류
2026,5803000000,439990,섬유류
2026,5804103000,439990,섬유류
2026,5804109000,439990,섬유류
2026,5804210000,439990,섬유류
2026,5804292000,439990,섬유류
2026,5804299000,439990,섬유류
2026,5804300000,439990,섬유류
2026,5805000000,449090,섬유류
2026,5806103000,439990,섬유류
2026,5806109000,439990,섬유류
2026,5806200000,439990,섬유류
2026,5806310000,439990,섬유류
2026,5806320000,439990,섬유류
2026,5806390000,439990,섬유류
2026,5806400000,439990,섬유류
2026,5807101000,449090,섬유류
2026,5807109000,449090,섬유류
2026,5807901000,449090,섬유류
2026,5807909000,449090,섬유류
2026,5808100000,449090,섬유류
2026,5808900000,449090,섬유류
2026,5809000000,439990,섬유류
2026,5810100000,439300,섬유류
2026,5810910000,439300,섬유류
2026,5810920000,439300,섬유류
2026,5810990000,439300,섬유류
2026,5811004000,449090,섬유류
2026,5811009000,449090,섬유류
2026,5901100000,439990,섬유류
2026,5901901000,439990,섬유류
2026,5901902000,515120,생활용품
2026,5901903000,439990,섬유류
2026,5902100000,439200,섬유류
2026,5902200000,439200,섬유류
2026,5902900000,439200,섬유류
2026,5903100000,439990,섬유류
2026,5903200000,439990,섬유류
2026,5903900000,439990,섬유류
2026,5904100000,449090,섬유류
2026,5904900000,449090,섬유류
2026,5905000000,439990,섬유류
2026,5906100000,439990,섬유류
2026,5906910000,439990,섬유류
2026,5906990000,439990,섬유류
2026,5907001000,439990,섬유류
2026,5907002000,439990,섬유류
2026,5907009000,439990,섬유류
2026,5908001000,449090,섬유류
2026,5908009000,449090,섬유류
2026,5909000000,449090,섬유류
2026,5910000000,449090,섬유류
2026,5911100000,449090,섬유류
2026,5911200000,449090,섬유류
2026,5911310000,449090,섬유류
2026,5911320000,449090,섬유류
2026,5911400000,449090,섬유류
2026,5911900000,449090,섬유류
2026,6001101000,436000,섬유류
2026,6001102000,436000,섬유류
2026,6001109000,436000,섬유류
2026,6001210000,436000,섬유류
2026,6001220000,436000,섬유류
2026,6001290000,436000,섬유류
2026,6001910000,436000,섬유류
2026,6001920000,436000,섬유류
2026,6001990000,436000,섬유류
2026,6002400000,436000,섬유류
2026,6002900000,436000,섬유류
2026,6003100000,436000,섬유류
2026,6003200000,436000,섬유류
2026,6003300000,436000,섬유류
2026,6003400000,436000,섬유류
2026,6003900000,436000,섬유류
2026,6004100000,436000,섬유류
2026,6004900000,436000,섬유류
2026,6005210000,436000,섬유류
2026,6005220000,436000,섬유류
2026,6005230000,436000,섬유류
2026,6005240000,436000,섬유류
2026,6005351000,436000,섬유류
2026,6005352000,436000,섬유류
2026,6005353000,436000,섬유류
2026,6005354000,436000,섬유류
2026,6005360000,436000,섬유류
2026,6005370000,436000,섬유류
2026,6005380000,436000,섬유류
2026,6005390000,436000,섬유류
2026,6005410000,436000,섬유류
2026,6005420000,436000,섬유류
2026,6005430000,436000,섬유류
2026,6005440000,436000,섬유류
2026,6005900000,436000,섬유류
2026,6006100000,436000,섬유류
2026,6006210000,436000,섬유류
2026,6006220000,436000,섬유류
2026,6006230000,436000,섬유류
2026,6006240000,436000,섬유류
2026,6006310000,436000,섬유류
2026,6006320000,436000,섬유류
2026,6006330000,436000,섬유류
2026,6006340000,436000,섬유류
2026,6006410000,436000,섬유류
2026,6006420000,436000,섬유류
2026,6006430000,436000,섬유류
2026,6006440000,436000,섬유류
2026,6006900000,436000,섬유류
2026,6101200000,441101,섬유류
2026,6101301000,441101,섬유류
2026,6101302000,441101,섬유류
2026,6101900000,441101,섬유류
2026,6102100000,441101,섬유류
2026,6102200000,441101,섬유류
2026,6102301000,441101,섬유류
2026,6102302000,441101,섬유류
2026,6102900000,441101,섬유류
2026,6103101000,441102,섬유류
2026,6103102000,441102,섬유류
2026,6103109000,441102,섬유류
2026,6103220000,441102,섬유류
2026,6103230000,441102,섬유류
2026,6103290000,441102,섬유류
2026,6103310000,441103,섬유류
2026,6103320000,441103,섬유류
2026,6103330000,441103,섬유류
2026,6103390000,441103,섬유류
2026,6103410000,441104,섬유류
2026,6103420000,441104,섬유류
2026,6103430000,441104,섬유류
2026,6103490000,441104,섬유류
2026,6104130000,441102,섬유류
2026,6104191000,441102,섬유류
2026,6104199000,441102,섬유류
2026,6104220000,441102,섬유류
2026,6104230000,441102,섬유류
2026,6104290000,441102,섬유류
2026,6104310000,441103,섬유류
2026,6104320000,441103,섬유류
2026,6104330000,441103,섬유류
2026,6104390000,441103,섬유류
2026,6104410000,441105,섬유류
2026,6104420000,441105,섬유류
2026,6104430000,441105,섬유류
2026,6104440000,441105,섬유류
2026,6104491000,441105,섬유류
2026,6104499000,441105,섬유류
2026,6104510000,441104,섬유류
2026,6104520000,441104,섬유류
2026,6104530000,441104,섬유류
2026,6104590000,441104,섬유류
2026,6104610000,441104,섬유류
2026,6104620000,441104,섬유류
2026,6104630000,441104,섬유류
2026,6104690000,441104,섬유류
2026,6105100000,441106,섬유류
2026,6105201000,441106,섬유류
2026,6105202000,441106,섬유류
2026,6105900000,441106,섬유류
2026,6106100000,441107,섬유류
2026,6106201000,441107,섬유류
2026,6106202000,441107,섬유류
2026,6106900000,441107,섬유류
2026,6107110000,441110,섬유류
2026,6107121000,441110,섬유류
2026,6107122000,441110,섬유류
2026,6107190000,441110,섬유류
2026,6107210000,441113,섬유류
2026,6107221000,441113,섬유류
2026,6107222000,441113,섬유류
2026,6107290000,441113,섬유류
2026,6107910000,441114,섬유류
2026,6107990000,441114,섬유류
2026,6108111000,441111,섬유류
2026,6108112000,441111,섬유류
2026,6108190000,441111,섬유류
2026,6108210000,441110,섬유류
2026,6108221000,441110,섬유류
2026,6108222000,441110,섬유류
2026,6108290000,441110,섬유류
2026,6108310000,441113,섬유류
2026,6108321000,441113,섬유류
2026,6108322000,441113,섬유류
2026,6108390000,441113,섬유류
2026,6108910000,441114,섬유류
2026,6108921000,441114,섬유류
2026,6108922000,441114,섬유류
2026,6108990000,441114,섬유류
2026,6109101000,441109,섬유류
2026,6109109000,441109,섬유류
2026,6109901010,441109,섬유류
2026,6109901090,441109,섬유류
2026,6109902010,441109,섬유류
2026,6109902090,441109,섬유류
2026,6109903010,441109,섬유류
2026,6109903090,441109,섬유류
2026,6109909010,441109,섬유류
2026,6109909090,441109,섬유류
2026,6110110000,441108,섬유류
2026,6110120000,441108,섬유류
2026,6110190000,441108,섬유류
2026,6110200000,441108,섬유류
2026,6110301000,441108,섬유류
2026,6110302000,441108,섬유류
2026,6110901000,441108,섬유류
2026,6110909000,441108,섬유류
2026,6111201000,441115,섬유류
2026,6111202000,441115,섬유류
2026,6111301000,441115,섬유류
2026,6111302000,441115,섬유류
2026,6111901000,441115,섬유류
2026,6111902000,441115,섬유류
2026,6112110000,441116,섬유류
2026,6112120000,441116,섬유류
2026,6112190000,441116,섬유류
2026,6112200000,441116,섬유류
2026,6112310000,441116,섬유류
2026,6112390000,441116,섬유류
2026,6112410000,441116,섬유류
2026,6112490000,441116,섬유류
2026,6113001000,441117,섬유류
2026,6113002000,441117,섬유류
2026,6113003000,441117,섬유류
2026,6114200000,441118,섬유류
2026,6114301000,441118,섬유류
2026,6114302000,441118,섬유류
2026,6114900000,441118,섬유류
2026,6115100000,441401,섬유류
2026,6115210000,441402,섬유류
2026,6115220000,441402,섬유류
2026,6115290000,441402,섬유류
2026,6115300000,441401,섬유류
2026,6115940000,441401,섬유류
2026,6115950000,441401,섬유류
2026,6115960000,441401,섬유류
2026,6115990000,441401,섬유류
2026,6116100000,441403,섬유류
2026,6116910000,441403,섬유류
2026,6116921000,441403,섬유류
2026,6116929000,441403,섬유류
2026,6116930000,441403,섬유류
2026,6116990000,441403,섬유류
2026,6117101000,441190,섬유류
2026,6117102000,441190,섬유류
2026,6117103000,441190,섬유류
2026,6117104000,441190,섬유류
2026,6117109000,441190,섬유류
2026,6117800000,441190,섬유류
2026,6117900000,441190,섬유류
2026,6201201000,441201,섬유류
2026,6201209000,441201,섬유류
2026,6201301000,441201,섬유류
2026,6201309000,441201,섬유류
2026,6201401010,441201,섬유류
2026,6201401090,441201,섬유류
2026,6201409010,441201,섬유류
2026,6201409090,441201,섬유류
2026,6201901000,441201,섬유류
2026,6201909000,441201,섬유류
2026,6202201000,441201,섬유류
2026,6202209000,441201,섬유류
2026,6202301000,441201,섬유류
2026,6202309000,441201,섬유류
2026,6202401010,441201,섬유류
2026,6202401090,441201,섬유류
2026,6202409010,441201,섬유류
2026,6202409090,441201,섬유류
2026,6202901000,441201,섬유류
2026,6202909000,441201,섬유류
2026,6203110000,441202,섬유류
2026,6203120000,441202,섬유류
2026,6203190000,441202,섬유류
2026,6203220000,441204,섬유류
2026,6203230000,441204,섬유류
2026,6203290000,441204,섬유류
2026,6203310000,441205,섬유류
2026,6203320000,441205,섬유류
2026,6203330000,441205,섬유류
2026,6203390000,441205,섬유류
2026,6203410000,441207,섬유류
2026,6203421000,441207,섬유류
2026,6203429000,441207,섬유류
2026,6203430000,441207,섬유류
2026,6203490000,441207,섬유류
2026,6204110000,441203,섬유류
2026,6204120000,441203,섬유류
2026,6204130000,441203,섬유류
2026,6204190000,441203,섬유류
2026,6204210000,441204,섬유류
2026,6204220000,441204,섬유류
2026,6204230000,441204,섬유류
2026,6204290000,441204,섬유류
2026,6204310000,441206,섬유류
2026,6204320000,441206,섬유류
2026,6204330000,441206,섬유류
2026,6204391000,441206,섬유류
2026,6204399000,441206,섬유류
2026,6204410000,441209,섬유류
2026,6204420000,441209,섬유류
2026,6204430000,441209,섬유류
2026,6204440000,441209,섬유류
2026,6204491000,441209,섬유류
2026,6204499000,441209,섬유류
2026,6204510000,441208,섬유류
2026,6204520000,441208,섬유류
2026,6204530000,441208,섬유류
2026,6204591000,441208,섬유류
2026,6204599000,441208,섬유류
2026,6204610000,441208,섬유류
2026,6204621000,441208,섬유류
2026,6204629000,441208,섬유류
2026,6204630000,441208,섬유류
2026,6204691000,441208,섬유류
2026,6204699000,441208,섬유류
2026,6205200000,441213,섬유류
2026,6205301000,441213,섬유류
2026,6205302000,441213,섬유류
2026,6205900000,441213,섬유류
2026,6206100000,441210,섬유류
2026,6206200000,441210,섬유류
2026,6206300000,441210,섬유류
2026,6206401000,441210,섬유류
2026,6206402000,441210,섬유류
2026,6206900000,441210,섬유류
2026,6207110000,441215,섬유류
2026,6207191000,441215,섬유류
2026,6207199000,441215,섬유류
2026,6207210000,441214,섬유류
2026,6207221000,441214,섬유류
2026,6207222000,441214,섬유류
2026,6207290000,441214,섬유류
2026,6207910000,441215,섬유류
2026,6207991000,441215,섬유류
2026,6207992000,441215,섬유류
2026,6207993010,441215,섬유류
2026,6207993020,441215,섬유류
2026,6207999000,441215,섬유류
2026,6208111000,441215,섬유류
2026,6208112000,441215,섬유류
2026,6208190000,441215,섬유류
2026,6208210000,441214,섬유류
2026,6208221000,441214,섬유류
2026,6208222000,441214,섬유류
2026,6208290000,441214,섬유류
2026,6208910000,441215,섬유류
2026,6208921000,441215,섬유류
2026,6208922000,441215,섬유류
2026,6208990000,441215,섬유류
2026,6209201000,441216,섬유류
2026,6209202000,441216,섬유류
2026,6209301000,441216,섬유류
2026,6209302000,441216,섬유류
2026,6209901000,441216,섬유류
2026,6209902000,441216,섬유류
2026,6210101000,441217,섬유류
2026,6210102000,441217,섬유류
2026,6210201010,441217,섬유류
2026,6210201020,441217,섬유류
2026,6210201030,441217,섬유류
2026,6210209010,441217,섬유류
2026,6210209020,441217,섬유류
2026,6210209030,441217,섬유류
2026,6210301010,441217,섬유류
2026,6210301020,441217,섬유류
2026,6210301030,441217,섬유류
2026,6210309010,441217,섬유류
2026,6210309020,441217,섬유류
2026,6210309030,441217,섬유류
2026,6210401000,441217,섬유류
2026,6210402000,441217,섬유류
2026,6210403000,441217,섬유류
2026,6210501000,441217,섬유류
2026,6210502000,441217,섬유류
2026,6210503000,441217,섬유류
2026,6211111000,441212,섬유류
2026,6211119000,441212,섬유류
2026,6211121000,441212,섬유류
2026,6211129000,441212,섬유류
2026,6211201000,441211,섬유류
2026,6211209000,441211,섬유류
2026,6211321000,441212,섬유류
2026,6211329000,441212,섬유류
2026,6211331000,441212,섬유류
2026,6211332000,441212,섬유류
2026,6211391000,441212,섬유류
2026,6211399000,441212,섬유류
2026,6211421000,441212,섬유류
2026,6211429000,441212,섬유류
2026,6211431000,441212,섬유류
2026,6211432000,441212,섬유류
2026,6211491000,441212,섬유류
2026,6211499000,441212,섬유류
2026,6212101000,441112,섬유류
2026,6212102000,441112,섬유류
2026,6212109000,441112,섬유류
2026,6212201000,441112,섬유류
2026,6212202000,441112,섬유류
2026,6212209000,441112,섬유류
2026,6212300000,441112,섬유류
2026,6212900000,441112,섬유류
2026,6213200000,441404,섬유류
2026,6213900000,441404,섬유류
2026,6214100000,441404,섬유류
2026,6214200000,441404,섬유류
2026,6214300000,441404,섬유류
2026,6214400000,441404,섬유류
2026,6214900000,441404,섬유류
2026,6215100000,441405,섬유류
2026,6215200000,441405,섬유류
2026,6215900000,441405,섬유류
2026,6216001000,441403,섬유류
2026,6216009000,441403,섬유류
2026,6217100000,441220,섬유류
2026,6217900000,441220,섬유류
2026,6301100000,449002,섬유류
2026,6301200000,449002,섬유류
2026,6301300000,449002,섬유류
2026,6301400000,449002,섬유류
2026,6301900000,449002,섬유류
2026,6302101000,449003,섬유류
2026,6302109000,449003,섬유류
2026,6302210000,449003,섬유류
2026,6302220000,449003,섬유류
2026,6302290000,449003,섬유류
2026,6302310000,449003,섬유류
2026,6302320000,449003,섬유류
2026,6302390000,449003,섬유류
2026,6302400000,449003,섬유류
2026,6302510000,449003,섬유류
2026,6302530000,449003,섬유류
2026,6302590000,449003,섬유류
2026,6302600000,449003,섬유류
2026,6302910000,449003,섬유류
2026,6302930000,449003,섬유류
2026,6302990000,449003,섬유류
2026,6303120000,449014,섬유류
2026,6303190000,449014,섬유류
2026,6303910000,449014,섬유류
2026,6303920000,449014,섬유류
2026,6303990000,449014,섬유류
2026,6304110000,449003,섬유류
2026,6304190000,449003,섬유류
2026,6304200000,449003,섬유류
2026,6304910000,449003,섬유류
2026,6304920000,449003,섬유류
2026,6304930000,449003,섬유류
2026,6304990000,449003,섬유류
2026,6305100000,449004,섬유류
2026,6305200000,449004,섬유류
2026,6305320000,449004,섬유류
2026,6305330000,449004,섬유류
2026,6305390000,449004,섬유류
2026,6305900000,449004,섬유류
2026,6306120000,514210,생활용품
2026,6306190000,514210,생활용품
2026,6306220000,514210,생활용품
2026,6306290000,514210,생활용품
2026,6306300000,449005,섬유류
2026,6306400000,514210,생활용품
2026,6306901000,514210,생활용품
2026,6306902000,514210,생활용품
2026,6306909000,514210,생활용품
2026,6307100000,449090,섬유류
2026,6307200000,449090,섬유류
2026,6307901000,449090,섬유류
2026,6307902000,449090,섬유류
2026,6307903000,449090,섬유류
2026,6307904010,449090,섬유류
2026,6307904020,449090,섬유류
2026,6307904030,449090,섬유류
2026,6307904090,449090,섬유류
2026,6307909000,449090,섬유류
2026,6308000000,449090,섬유류
2026,6309000000,449090,섬유류
2026,6310100000,449090,섬유류
2026,6310900000,449090,섬유류
2026,6401100000,443190,섬유류
2026,6401921000,443140,섬유류
2026,6401929010,443190,섬유류
2026,6401929090,443190,섬유류
2026,6401991010,443190,섬유류
2026,6401991090,443190,섬유류
2026,6401999000,443190,섬유류
2026,6402120000,443140,섬유류
2026,6402190000,443120,섬유류
2026,6402200000,443190,섬유류
2026,6402911000,443190,섬유류
2026,6402912000,443120,섬유류
2026,6402919000,443190,섬유류
2026,6402991000,443190,섬유류
2026,6402992000,443120,섬유류
2026,6402999000,443190,섬유류
2026,6403120000,443140,섬유류
2026,6403190000,443120,섬유류
2026,6403200000,443190,섬유류
2026,6403400000,443190,섬유류
2026,6403510000,443190,섬유류
2026,6403591000,443130,섬유류
2026,6403599000,443190,섬유류
2026,6403911000,443130,섬유류
2026,6403912000,443110,섬유류
2026,6403913000,443190,섬유류
2026,6403914000,443120,섬유류
2026,6403919000,443190,섬유류
2026,6403991000,443130,섬유류
2026,6403992000,443110,섬유류
2026,6403994000,443120,섬유류
2026,6403999000,443190,섬유류
2026,6404110000,443120,섬유류
2026,6404191000,443190,섬유류
2026,6404199000,443190,섬유류
2026,6404200000,443190,섬유류
2026,6405100000,443190,섬유류
2026,6405200000,443190,섬유류
2026,6405900000,443190,섬유류
2026,6406101000,443150,섬유류
2026,6406102000,443150,섬유류
2026,6406201000,443150,섬유류
2026,6406202000,443150,섬유류
2026,6406902000,443150,섬유류
2026,6406903000,443150,섬유류
2026,6406909000,443150,섬유류
2026,6501000000,441406,섬유류
2026,6502000000,441406,섬유류
2026,6504000000,441406,섬유류
2026,6505001000,441406,섬유류
2026,6505009011,441406,섬유류
2026,6505009019,441406,섬유류
2026,6505009021,441406,섬유류
2026,6505009029,441406,섬유류
2026,6505009090,441406,섬유류
2026,6506100000,441406,섬유류
2026,6506910000,441406,섬유류
2026,6506990000,441406,섬유류
2026,6507000000,441406,섬유류
2026,6601100000,521110,생활용품
2026,6601910000,521110,생활용품
2026,6601992000,521120,생활용품
2026,6601999000,521110,생활용품
2026,6602001000,521290,생활용품
2026,6602009000,521290,생활용품
2026,6603200000,521290,생활용품
2026,6603900000,521290,생활용품
2026,6702100000,525100,생활용품
2026,6702901000,525100,생활용품
2026,6702909000,525100,생활용품
2026,6704110000,518410,생활용품
2026,6704191000,518410,생활용품
2026,6704194000,518440,생활용품
2026,6704199000,518490,생활용품
2026,6704201000,518410,생활용품
2026,6704202000,518410,생활용품
2026,6704205000,518440,생활용품
2026,6704209000,518490,생활용품
2026,6704900000,518490,생활용품
2026,6804210000,763300,일반기계
2026,6815110000,422500,섬유류
2026,6815120000,439610,섬유류
2026,6815131000,439620,섬유류
2026,6911101000,516110,생활용품
2026,6911102000,516110,생활용품
2026,6911109000,516110,생활용품
2026,6912001010,516120,생활용품
2026,6912001020,516120,생활용품
2026,6912001090,516120,생활용품
2026,6912002000,516120,생활용품
2026,6912003000,516120,생활용품
2026,6912009000,516120,생활용품
2026,7013410000,516130,생활용품
2026,7013420000,516130,생활용품
2026,7013490000,516130,생활용품
2026,7016100000,525300,생활용품
2026,7018101000,525300,생활용품
2026,7018102000,525300,생활용품
2026,7018103000,525300,생활용품
2026,7018104000,525300,생활용품
2026,7018109000,525300,생활용품
2026,7018200000,525300,생활용품
2026,7018901000,525300,생활용품
2026,7018909000,525300,생활용품
2026,7019110000,422900,섬유류
2026,7019120000,422900,섬유류
2026,7019130000,422900,섬유류
2026,7019140000,439990,섬유류
2026,7019150000,439990,섬유류
2026,7019190000,422900,섬유류
2026,7019610000,439910,섬유류
2026,7019620000,439910,섬유류
2026,7019631000,439910,섬유류
2026,7019632000,439910,섬유류
2026,7019639000,439910,섬유류
2026,7019641000,439910,섬유류
2026,7019642000,439910,섬유류
2026,7019649000,439910,섬유류
2026,7019651000,439910,섬유류
2026,7019659000,439910,섬유류
2026,7019661000,439910,섬유류
2026,7019662000,439910,섬유류
2026,7019669000,439910,섬유류
2026,7019692000,439910,섬유류
2026,7019693010,439910,섬유류
2026,7019693090,439910,섬유류
2026,7019699000,439910,섬유류
2026,7019710000,439910,섬유류
2026,7019720000,439910,섬유류
2026,7019730000,439910,섬유류
2026,7019801000,439920,섬유류
2026,7019809000,439920,섬유류
2026,7019900000,439990,섬유류
2026,7108131090,932090,바이오헬스
2026,7113110000,518310,생활용품
2026,7113191000,518310,생활용품
2026,7113192000,518310,생활용품
2026,7113199000,518310,생활용품
2026,7113201000,518310,생활용품
2026,7113202000,518310,생활용품
2026,7113203000,518310,생활용품
2026,7113209000,518310,생활용품
2026,7114110000,518320,생활용품
2026,7114191000,518320,생활용품
2026,7114199000,518320,생활용품
2026,7114200000,518320,생활용품
2026,7116101000,518330,생활용품
2026,7116102000,518330,생활용품
2026,7116201000,518330,생활용품
2026,7116209010,518330,생활용품
2026,7116209090,518330,생활용품
2026,7117110000,518340,생활용품
2026,7117191000,518340,생활용품
2026,7117192000,518340,생활용품
2026,7117193000,518340,생활용품
2026,7117194000,518340,생활용품
2026,7117195000,518340,생활용품
2026,7117196000,518340,생활용품
2026,7117199000,518340,생활용품
2026,7117900000,518340,생활용품
2026,7206100000,619190,철강제품
2026,7206900000,619190,철강제품
2026,7207111000,619110,철강제품
2026,7207112000,619120,철강제품
2026,7207121000,619130,철강제품
2026,7207122000,619140,철강제품
2026,7207190000,619190,철강제품
2026,7207201000,619110,철강제품
2026,7207202000,619120,철강제품
2026,7207203000,619130,철강제품
2026,7207209000,619190,철강제품
2026,7208101000,613210,철강제품
2026,7208109000,613210,철강제품
2026,7208251000,613210,철강제품
2026,7208259000,613210,철강제품
2026,7208261000,613210,철강제품
2026,7208269000,613210,철강제품
2026,7208271000,613210,철강제품
2026,7208279000,613210,철강제품
2026,7208361000,613210,철강제품
2026,7208369000,613210,철강제품
2026,7208371000,613210,철강제품
2026,7208379000,613210,철강제품
2026,7208381000,613210,철강제품
2026,7208389000,613210,철강제품
2026,7208391000,613210,철강제품
2026,7208399000,613210,철강제품
2026,7208400000,613110,철강제품
2026,7208511000,613110,철강제품
2026,7208519000,613110,철강제품
2026,7208521000,613110,철강제품
2026,7208529000,613110,철강제품
2026,7208531000,613110,철강제품
2026,7208539000,613110,철강제품
2026,7208541000,613210,철강제품
2026,7208549000,613210,철강제품
2026,7208900000,613210,철강제품
2026,7209151000,613310,철강제품
2026,7209159000,613310,철강제품
2026,7209161000,613310,철강제품
2026,7209169000,613310,철강제품
2026,7209171000,613310,철강제품
2026,7209179000,613310,철강제품
2026,7209181000,613310,철강제품
2026,7209189000,613310,철강제품
2026,7209251000,613310,철강제품
2026,7209259000,613310,철강제품
2026,7209261000,613310,철강제품
2026,7209269000,613310,철강제품
2026,7209271000,613310,철강제품
2026,7209279000,613310,철강제품
2026,7209281000,613310,철강제품
2026,7209289000,613310,철강제품
2026,7209900000,613310,철강제품
2026,7210110000,613600,철강제품
2026,7210120000,613600,철강제품
2026,7210200000,613700,철강제품
2026,7210301000,613420,철강제품
2026,7210309000,613420,철강제품
2026,7210410000,613410,철강제품
2026,7210491010,613410,철강제품
2026,7210491090,613410,철강제품
2026,7210499010,613410,철강제품
2026,7210499090,613410,철강제품
2026,7210500000,613700,철강제품
2026,7210610000,613700,철강제품
2026,7210690000,613700,철강제품
2026,7210701000,613430,철강제품
2026,7210702000,613430,철강제품
2026,7210901000,613700,철강제품
2026,7210902000,613700,철강제품
2026,7210909000,613700,철강제품
2026,7211130000,613110,철강제품
2026,7211141000,613210,철강제품
2026,7211149000,613210,철강제품
2026,7211191000,613210,철강제품
2026,7211199000,613210,철강제품
2026,7211231000,613310,철강제품
2026,7211239000,613310,철강제품
2026,7211291000,613310,철강제품
2026,7211299000,613310,철강제품
2026,7211901000,613310,철강제품
2026,7211909000,613310,철강제품
2026,7212101000,613600,철강제품
2026,7212102000,613600,철강제품
2026,7212201000,613420,철강제품
2026,7212209000,613420,철강제품
2026,7212301010,613410,철강제품
2026,7212301090,613410,철강제품
2026,7212309010,613410,철강제품
2026,7212309090,613410,철강제품
2026,7212401000,613430,철강제품
2026,7212402000,613430,철강제품
2026,7212501000,613700,철강제품
2026,7212502000,613700,철강제품
2026,7212509000,613700,철강제품
2026,7212600000,613700,철강제품
2026,7213100000,612110,철강제품
2026,7213200000,612120,철강제품
2026,7213911010,612110,철강제품
2026,7213911090,612110,철강제품
2026,7213919000,612110,철강제품
2026,7213991010,612110,철강제품
2026,7213991090,612110,철강제품
2026,7213999000,612110,철강제품
2026,7214100000,612210,철강제품
2026,7214201000,612300,철강제품
2026,7214209000,612210,철강제품
2026,7214300000,612220,철강제품
2026,7214910000,612210,철강제품
2026,7214991000,612210,철강제품
2026,7214999000,612220,철강제품
2026,7215100000,612220,철강제품
2026,7215500000,612210,철강제품
2026,7215900000,612210,철강제품
2026,7216101000,611130,철강제품
2026,7216102000,611190,철강제품
2026,7216103000,611110,철강제품
2026,7216210000,611120,철강제품
2026,7216220000,611190,철강제품
2026,7216310000,611130,철강제품
2026,7216320000,611190,철강제품
2026,7216333000,611110,철강제품
2026,7216334000,611110,철강제품
2026,7216335000,611110,철강제품
2026,7216401000,611120,철강제품
2026,7216402000,611190,철강제품
2026,7216500000,611190,철강제품
2026,7216610000,611190,철강제품
2026,7216690000,611190,철강제품
2026,7216910000,611190,철강제품
2026,7216990000,611190,철강제품
2026,7217100000,614210,철강제품
2026,7217200000,614210,철강제품
2026,7217301000,614210,철강제품
2026,7217309000,614210,철강제품
2026,7217900000,614210,철강제품
2026,7218101000,619200,철강제품
2026,7218109000,619200,철강제품
2026,7218911000,619130,철강제품
2026,7218912000,619140,철강제품
2026,7218919000,619190,철강제품
2026,7218991000,619110,철강제품
2026,7218992000,619120,철강제품
2026,7218999000,619190,철강제품
2026,7219111010,613220,철강제품
2026,7219111090,613220,철강제품
2026,7219119000,613220,철강제품
2026,7219121010,613220,철강제품
2026,7219121090,613220,철강제품
2026,7219129000,613220,철강제품
2026,7219131010,613220,철강제품
2026,7219131090,613220,철강제품
2026,7219139000,613220,철강제품
2026,7219141010,613220,철강제품
2026,7219141090,613220,철강제품
2026,7219149000,613220,철강제품
2026,7219211010,613120,철강제품
2026,7219211090,613120,철강제품
2026,7219219000,613120,철강제품
2026,7219221010,613120,철강제품
2026,7219221090,613120,철강제품
2026,7219229000,613120,철강제품
2026,7219231010,613120,철강제품
2026,7219231090,613120,철강제품
2026,7219239000,613120,철강제품
2026,7219241010,613220,철강제품
2026,7219241090,613220,철강제품
2026,7219249000,613220,철강제품
2026,7219311010,613320,철강제품
2026,7219311090,613320,철강제품
2026,7219319000,613320,철강제품
2026,7219321010,613320,철강제품
2026,7219321090,613320,철강제품
2026,7219329000,613320,철강제품
2026,7219331010,613320,철강제품
2026,7219331090,613320,철강제품
2026,7219339000,613320,철강제품
2026,7219341010,613320,철강제품
2026,7219341090,613320,철강제품
2026,7219349000,613320,철강제품
2026,7219351010,613320,철강제품
2026,7219351090,613320,철강제품
2026,7219359000,613320,철강제품
2026,7219901010,613320,철강제품
2026,7219901090,613320,철강제품
2026,7219909000,613320,철강제품
2026,7220111010,613220,철강제품
2026,7220111090,613220,철강제품
2026,7220119000,613220,철강제품
2026,7220121010,613220,철강제품
2026,7220121090,613220,철강제품
2026,7220129000,613220,철강제품
2026,7220201010,613320,철강제품
2026,7220201090,613320,철강제품
2026,7220209000,613320,철강제품
2026,7220901010,613320,철강제품
2026,7220901090,613320,철강제품
2026,7220909000,613320,철강제품
2026,7221000000,612120,철강제품
2026,7222110000,612220,철강제품
2026,7222190000,612220,철강제품
2026,7222200000,612220,철강제품
2026,7222300000,612220,철강제품
2026,7222400000,611200,철강제품
2026,7223000000,614220,철강제품
2026,7224101000,619200,철강제품
2026,7224109000,619200,철강제품
2026,7224901000,619110,철강제품
2026,7224902000,619120,철강제품
2026,7224903000,619130,철강제품
2026,7224904000,619140,철강제품
2026,7224909000,619190,철강제품
2026,7225110000,613500,철강제품
2026,7225190000,613500,철강제품
2026,7225301000,613230,철강제품
2026,7225309010,613230,철강제품
2026,7225309091,613230,철강제품
2026,7225309092,613230,철강제품
2026,7225309099,613230,철강제품
2026,7225401000,613130,철강제품
2026,7225409010,613130,철강제품
2026,7225409091,613130,철강제품
2026,7225409092,613130,철강제품
2026,7225409099,613130,철강제품
2026,7225501000,613330,철강제품
2026,7225509000,613330,철강제품
2026,7225911000,613420,철강제품
2026,7225919010,613420,철강제품
2026,7225919090,613420,철강제품
2026,7225921000,613410,철강제품
2026,7225929011,613410,철강제품
2026,7225929019,613410,철강제품
2026,7225929091,613410,철강제품
2026,7225929099,613410,철강제품
2026,7225991000,613330,철강제품
2026,7225999000,613330,철강제품
2026,7226110000,613500,철강제품
2026,7226190000,613500,철강제품
2026,7226200000,613230,철강제품
2026,7226911000,613230,철강제품
2026,7226912000,613230,철강제품
2026,7226919000,613230,철강제품
2026,7226920000,613330,철강제품
2026,7226991000,613330,철강제품
2026,7226992000,613420,철강제품
2026,7226993000,613410,철강제품
2026,7226999000,613330,철강제품
2026,7227100000,612120,철강제품
2026,7227200000,612120,철강제품
2026,7227901000,612120,철강제품
2026,7227909010,612120,철강제품
2026,7227909020,612120,철강제품
2026,7227909090,612120,철강제품
2026,7228100000,612220,철강제품
2026,7228200000,612220,철강제품
2026,7228301000,612220,철강제품
2026,7228309000,612220,철강제품
2026,7228401000,612220,철강제품
2026,7228409000,612220,철강제품
2026,7228500000,612220,철강제품
2026,7228601000,612220,철강제품
2026,7228609000,612220,철강제품
2026,7228701010,611200,철강제품
2026,7228701090,611200,철강제품
2026,7228709000,611200,철강제품
2026,7228800000,612220,철강제품
2026,7229200000,614230,철강제품
2026,7229901010,614230,철강제품
2026,7229901090,614230,철강제품
2026,7229902010,614230,철강제품
2026,7229902090,614230,철강제품
2026,7229909010,614230,철강제품
2026,7229909090,614230,철강제품
2026,7301101000,611190,철강제품
2026,7301109000,611190,철강제품
2026,7302101010,615110,철강제품
2026,7302101090,615110,철강제품
2026,7302102010,615110,철강제품
2026,7302102090,615110,철강제품
2026,7302103010,615110,철강제품
2026,7302103090,615110,철강제품
2026,7302104010,615110,철강제품
2026,7302104090,615110,철강제품
2026,7302300000,615120,철강제품
2026,7302400000,615120,철강제품
2026,7302900000,615120,철강제품
2026,7304110000,614130,철강제품
2026,7304190000,614130,철강제품
2026,7304220000,614130,철강제품
2026,7304230000,614130,철강제품
2026,7304240000,614130,철강제품
2026,7304290000,614130,철강제품
2026,7304310000,614130,철강제품
2026,7304390000,614130,철강제품
2026,7304410000,614130,철강제품
2026,7304490000,614130,철강제품
2026,7304510000,614130,철강제품
2026,7304590000,614130,철강제품
2026,7304900000,614130,철강제품
2026,7305111000,614110,철강제품
2026,7305112000,614110,철강제품
2026,7305120000,614110,철강제품
2026,7305190000,614110,철강제품
2026,7305200000,614110,철강제품
2026,7305311000,614110,철강제품
2026,7305312000,614110,철강제품
2026,7305319000,614110,철강제품
2026,7305390000,614110,철강제품
2026,7305900000,614110,철강제품
2026,7306110000,614120,철강제품
2026,7306190000,614120,철강제품
2026,7306211000,614120,철강제품
2026,7306212000,614120,철강제품
2026,7306291000,614120,철강제품
2026,7306292000,614120,철강제품
2026,7306301010,614120,철강제품
2026,7306301020,614120,철강제품
2026,7306301030,614120,철강제품
2026,7306301090,614120,철강제품
2026,7306302010,614120,철강제품
2026,7306302020,614120,철강제품
2026,7306302030,614120,철강제품
2026,7306302090,614120,철강제품
2026,7306401000,614140,철강제품
2026,7306402000,614140,철강제품
2026,7306500000,614150,철강제품
2026,7306611010,614120,철강제품
2026,7306611090,614120,철강제품
2026,7306612000,614140,철강제품
2026,7306613000,614150,철강제품
2026,7306691010,614120,철강제품
2026,7306691090,614120,철강제품
2026,7306692000,614140,철강제품
2026,7306693000,614150,철강제품
2026,7306901000,614120,철강제품
2026,7306909000,614120,철강제품
2026,7307210000,617110,철강제품
2026,7307221000,617110,철강제품
2026,7307229000,617110,철강제품
2026,7307230000,617110,철강제품
2026,7307290000,617110,철강제품
2026,7307910000,617110,철강제품
2026,7307921000,617110,철강제품
2026,7307929000,617110,철강제품
2026,7307930000,617110,철강제품
2026,7307991000,617110,철강제품
2026,7307999000,617110,철강제품
2026,7316001000,746400,선박류
2026,7316002000,746400,선박류
2026,7317002000,515190,생활용품
2026,7317003000,515190,생활용품
2026,7318110000,761100,일반기계
2026,7318120000,761100,일반기계
2026,7318130000,761100,일반기계
2026,7318140000,761100,일반기계
2026,7318151000,761100,일반기계
2026,7318152000,761100,일반기계
2026,7318153000,761100,일반기계
2026,7318159000,761100,일반기계
2026,7318160000,761100,일반기계
2026,7318190000,761100,일반기계
2026,7318210000,761100,일반기계
2026,7318220000,761100,일반기계
2026,7318230000,761100,일반기계
2026,7318240000,761100,일반기계
2026,7318290000,761100,일반기계
2026,7319401000,761900,일반기계
2026,7319402000,761900,일반기계
2026,7319409000,761900,일반기계
2026,7319901010,761900,일반기계
2026,7319901020,761900,일반기계
2026,7319901090,761900,일반기계
2026,7319909000,761900,일반기계
2026,7320101000,742000,자동차부품
2026,7320109000,761400,일반기계
2026,7320201000,742000,자동차부품
2026,7320202000,761400,일반기계
2026,7320204000,761400,일반기계
2026,7320209000,761400,일반기계
2026,7320901000,761400,일반기계
2026,7320909000,761400,일반기계
2026,7321110000,751310,일반기계
2026,7321120000,751310,일반기계
2026,7321190000,751310,일반기계
2026,7321810000,751310,일반기계
2026,7321820000,751310,일반기계
2026,7321890000,751310,일반기계
2026,7321900000,751340,일반기계
2026,7322111000,751340,일반기계
2026,7322112000,751340,일반기계
2026,7322191000,751340,일반기계
2026,7322192000,751340,일반기계
2026,7322901000,751340,일반기계
2026,7322909010,751340,일반기계
2026,7322909020,751340,일반기계
2026,7322909030,751340,일반기계
2026,7323100000,516140,생활용품
2026,7323910000,516140,생활용품
2026,7323920000,516140,생활용품
2026,7323930000,516140,생활용품
2026,7323940000,516140,생활용품
2026,7323990000,516140,생활용품
2026,7325910000,617110,철강제품
2026,7325992000,617110,철강제품
2026,7325993000,617110,철강제품
2026,7326110000,617120,철강제품
2026,7326190000,617120,철강제품
2026,7326901000,713100,일반기계
2026,7401001000,622110,비철금속
2026,7401002000,622110,비철금속
2026,7402001000,622110,비철금속
2026,7402002000,622110,비철금속
2026,7403110000,622120,비철금속
2026,7403120000,622120,비철금속
2026,7403130000,622120,비철금속
2026,7403191000,622120,비철금속
2026,7403192000,622120,비철금속
2026,7403199000,622120,비철금속
2026,7403210000,622120,비철금속
2026,7403220000,622120,비철금속
2026,7403291010,622120,비철금속
2026,7403291020,622120,비철금속
2026,7403299000,622120,비철금속
2026,7404000000,622130,비철금속
2026,7405000000,622900,비철금속
2026,7406100000,622210,비철금속
2026,7406201000,622210,비철금속
2026,7406202000,622210,비철금속
2026,7407100000,622220,비철금속
2026,7407210000,622220,비철금속
2026,7407291000,622220,비철금속
2026,7407292010,622220,비철금속
2026,7407292020,622220,비철금속
2026,7407299000,622220,비철금속
2026,7408110000,622230,비철금속
2026,7408190000,622230,비철금속
2026,7408210000,622230,비철금속
2026,7408221000,622230,비철금속
2026,7408222000,622230,비철금속
2026,7408291000,622230,비철금속
2026,7408299000,622230,비철금속
2026,7409111000,622240,비철금속
2026,7409119000,622240,비철금속
2026,7409191000,622240,비철금속
2026,7409199000,622240,비철금속
2026,7409211000,622240,비철금속
2026,7409219000,622240,비철금속
2026,7409291000,622240,비철금속
2026,7409299000,622240,비철금속
2026,7409311000,622240,비철금속
2026,7409319000,622240,비철금속
2026,7409391000,622240,비철금속
2026,7409399000,622240,비철금속
2026,7409401010,622240,비철금속
2026,7409401090,622240,비철금속
2026,7409402010,622240,비철금속
2026,7409402090,622240,비철금속
2026,7409901000,622240,비철금속
2026,7409909000,622240,비철금속
2026,7410110000,622250,비철금속
2026,7410120000,622250,비철금속
2026,7410211000,622250,비철금속
2026,7410219000,622250,비철금속
2026,7410221000,622250,비철금속
2026,7410229000,622250,비철금속
2026,7411100000,622260,비철금속
2026,7411210000,622260,비철금속
2026,7411221000,622260,비철금속
2026,7411222000,622260,비철금속
2026,7411291000,622260,비철금속
2026,7411299000,622260,비철금속
2026,7412100000,622270,비철금속
2026,7412200000,622270,비철금속
2026,7413000000,841520,전기기기
2026,7415101000,622900,비철금속
2026,7415109000,622900,비철금속
2026,7415210000,622900,비철금속
2026,7415290000,622900,비철금속
2026,7415330000,622900,비철금속
2026,7415390000,622900,비철금속
2026,7418101000,516150,생활용품
2026,7418109010,516150,생활용품
2026,7418109020,516150,생활용품
2026,7418109030,516150,생활용품
2026,7418109091,516150,생활용품
2026,7418109099,516150,생활용품
2026,7418201000,516150,생활용품
2026,7418202000,516150,생활용품
2026,7419200000,622900,비철금속
2026,7419801010,622900,비철금속
2026,7419801090,622900,비철금속
2026,7419802000,761400,일반기계
2026,7419809000,622900,비철금속
2026,7501100000,623110,비철금속
2026,7501201010,623110,비철금속
2026,7501201090,623110,비철금속
2026,7501209010,623110,비철금속
2026,7501209090,623110,비철금속
2026,7502101000,623120,비철금속
2026,7502109000,623120,비철금속
2026,7502200000,623120,비철금속
2026,7503000000,623130,비철금속
2026,7504001000,623210,비철금속
2026,7504002000,623210,비철금속
2026,7505110000,623220,비철금속
2026,7505120000,623220,비철금속
2026,7505210000,623220,비철금속
2026,7505220000,623220,비철금속
2026,7506101000,623240,비철금속
2026,7506102000,623230,비철금속
2026,7506201000,623240,비철금속
2026,7506202000,623230,비철금속
2026,7507110000,623250,비철금속
2026,7507120000,623250,비철금속
2026,7507200000,623260,비철금속
2026,7508100000,623900,비철금속
2026,7508901000,623900,비철금속
2026,7508902010,623900,비철금속
2026,7508902020,623900,비철금속
2026,7508909000,623900,비철금속
2026,7601100000,621110,비철금속
2026,7601201000,621110,비철금속
2026,7601202000,621110,비철금속
2026,7601209000,621110,비철금속
2026,7602001000,621120,비철금속
2026,7602009000,621120,비철금속
2026,7603100000,621210,비철금속
2026,7603201000,621210,비철금속
2026,7603202000,621210,비철금속
2026,7604101000,621220,비철금속
2026,7604102010,621220,비철금속
2026,7604102090,621220,비철금속
2026,7604210000,621220,비철금속
2026,7604291000,621220,비철금속
2026,7604299000,621220,비철금속
2026,7605110000,621230,비철금속
2026,7605190000,621230,비철금속
2026,7605210000,621230,비철금속
2026,7605290000,621230,비철금속
2026,7606111000,621240,비철금속
2026,7606119000,621240,비철금속
2026,7606120000,621240,비철금속
2026,7606911000,621240,비철금속
2026,7606919000,621240,비철금속
2026,7606920000,621240,비철금속
2026,7607111000,621250,비철금속
2026,7607119000,621250,비철금속
2026,7607191000,621250,비철금속
2026,7607199000,621250,비철금속
2026,7607201000,621250,비철금속
2026,7607209000,621250,비철금속
2026,7608100000,621260,비철금속
2026,7608200000,621260,비철금속
2026,7609000000,621270,비철금속
2026,7610100000,621310,비철금속
2026,7610901000,621310,비철금속
2026,7610908000,621310,비철금속
2026,7610909000,621310,비철금속
2026,7611000000,621320,비철금속
2026,7612100000,621320,비철금속
2026,7612901000,621320,비철금속
2026,7612909010,621320,비철금속
2026,7612909020,621320,비철금속
2026,7612909030,621320,비철금속
2026,7613001000,621320,비철금속
2026,7613002000,621320,비철금속
2026,7614100000,621400,비철금속
2026,7614900000,621400,비철금속
2026,7615101000,516160,생활용품
2026,7615109010,516160,생활용품
2026,7615109020,516160,생활용품
2026,7615109030,516160,생활용품
2026,7615109090,516160,생활용품
2026,7615201000,516160,생활용품
2026,7615202000,516160,생활용품
2026,7616100000,621900,비철금속
2026,7616910000,621900,비철금속
2026,7616991000,621900,비철금속
2026,7616999010,621900,비철금속
2026,7616999020,621900,비철금속
2026,7616999090,621900,비철금속
2026,7801101000,625110,비철금속
2026,7801109000,625110,비철금속
2026,7801910000,625110,비철금속
2026,7801991000,625110,비철금속
2026,7801992010,625110,비철금속
2026,7801992090,625110,비철금속
2026,7802000000,625120,비철금속
2026,7804111000,625240,비철금속
2026,7804112000,625230,비철금속
2026,7804190000,625240,비철금속
2026,7804201000,625220,비철금속
2026,7804202000,625220,비철금속
2026,7806001000,625900,비철금속
2026,7806002000,625900,비철금속
2026,7806003010,625210,비철금속
2026,7806003030,625210,비철금속
2026,7806004000,625250,비철금속
2026,7806009000,625900,비철금속
2026,7901110000,626110,비철금속
2026,7901120000,626110,비철금속
2026,7901201000,626110,비철금속
2026,7901209000,626110,비철금속
2026,7902000000,626120,비철금속
2026,7903100000,626210,비철금속
2026,7903901000,626210,비철금속
2026,7903902000,626210,비철금속
2026,7904001000,626220,비철금속
2026,7904002000,626220,비철금속
2026,7904003000,626220,비철금속
2026,7905001000,626230,비철금속
2026,7905002000,626240,비철금속
2026,7907001000,626900,비철금속
2026,7907002010,626250,비철금속
2026,7907002020,626260,비철금속
2026,7907009010,626900,비철금속
2026,7907009090,626900,비철금속
2026,8001100000,627110,비철금속
2026,8001200000,627110,비철금속
2026,8002000000,627120,비철금속
2026,8003001010,627220,비철금속
2026,8003001090,627220,비철금속
2026,8003002010,627220,비철금속
2026,8003002090,627220,비철금속
2026,8007001000,627900,비철금속
2026,8007002000,627230,비철금속
2026,8007003010,627240,비철금속
2026,8007003021,627210,비철금속
2026,8007003022,627210,비철금속
2026,8007009000,627900,비철금속
2026,8101100000,628190,비철금속
2026,8101940000,628110,비철금속
2026,8101960000,628190,비철금속
2026,8101970000,628110,비철금속
2026,8101991010,628190,비철금속
2026,8101991020,628190,비철금속
2026,8101991030,628190,비철금속
2026,8101991040,628190,비철금속
2026,8101999010,628190,비철금속
2026,8101999090,628190,비철금속
2026,8102100000,628290,비철금속
2026,8102940000,628210,비철금속
2026,8102951000,628290,비철금속
2026,8102952000,628290,비철금속
2026,8102953000,628290,비철금속
2026,8102954000,628290,비철금속
2026,8102961000,628290,비철금속
2026,8102969000,628290,비철금속
2026,8102970000,628210,비철금속
2026,8102990000,628290,비철금속
2026,8103201000,629000,비철금속
2026,8103202000,629000,비철금속
2026,8103300000,629000,비철금속
2026,8103910000,629000,비철금속
2026,8103990000,629000,비철금속
2026,8104110000,624110,비철금속
2026,8104190000,624110,비철금속
2026,8104200000,624120,비철금속
2026,8104301000,624900,비철금속
2026,8104302000,624900,비철금속
2026,8104901000,624200,비철금속
2026,8104909000,624200,비철금속
2026,8105201000,629000,비철금속
2026,8105202000,629000,비철금속
2026,8105203000,629000,비철금속
2026,8105300000,629000,비철금속
2026,8105900000,629000,비철금속
2026,8106101000,629000,비철금속
2026,8106103000,629000,비철금속
2026,8106109000,629000,비철금속
2026,8106901000,629000,비철금속
2026,8106903000,629000,비철금속
2026,8106909000,629000,비철금속
2026,8108201000,629000,비철금속
2026,8108202000,629000,비철금속
2026,8108300000,629000,비철금속
2026,8108901000,629000,비철금속
2026,8108902000,629000,비철금속
2026,8108909000,629000,비철금속
2026,8109210000,629000,비철금속
2026,8109290000,629000,비철금속
2026,8109310000,629000,비철금속
2026,8109390000,629000,비철금속
2026,8109911010,629000,비철금속
2026,8109911020,629000,비철금속
2026,8109911030,629000,비철금속
2026,8109911090,629000,비철금속
2026,8109919000,629000,비철금속
2026,8109991010,629000,비철금속
2026,8109991020,629000,비철금속
2026,8109991030,629000,비철금속
2026,8109991090,629000,비철금속
2026,8109999000,629000,비철금속
2026,8110100000,629000,비철금속
2026,8110200000,629000,비철금속
2026,8110900000,629000,비철금속
2026,8111000000,628300,비철금속
2026,8112120000,629000,비철금속
2026,8112130000,629000,비철금속
2026,8112190000,629000,비철금속
2026,8112210000,629000,비철금속
2026,8112220000,629000,비철금속
2026,8112290000,629000,비철금속
2026,8112310000,629000,비철금속
2026,8112390000,629000,비철금속
2026,8112410000,629000,비철금속
2026,8112490000,629000,비철금속
2026,8112510000,629000,비철금속
2026,8112520000,629000,비철금속
2026,8112590000,629000,비철금속
2026,8112610000,629000,비철금속
2026,8112690000,629000,비철금속
2026,8112921000,629000,비철금속
2026,8112922000,629000,비철금속
2026,8112923000,629000,비철금속
2026,8112925000,629000,비철금속
2026,8112926000,629000,비철금속
2026,8112929000,629000,비철금속
2026,8112991000,629000,비철금속
2026,8112992000,629000,비철금속
2026,8112993000,629000,비철금속
2026,8112995000,629000,비철금속
2026,8112996000,629000,비철금속
2026,8112999000,629000,비철금속
2026,8113000000,629000,비철금속
2026,8201100000,763700,일반기계
2026,8201300000,763700,일반기계
2026,8201400000,763700,일반기계
2026,8201500000,763270,일반기계
2026,8201600000,763270,일반기계
2026,8201901000,763700,일반기계
2026,8201909000,763700,일반기계
2026,8202101000,763110,일반기계
2026,8202109000,763110,일반기계
2026,8202200000,763110,일반기계
2026,8202310000,763110,일반기계
2026,8202391000,763110,일반기계
2026,8202392010,763300,일반기계
2026,8202392090,763300,일반기계
2026,8202393000,763110,일반기계
2026,8202399000,763110,일반기계
2026,8202400000,763110,일반기계
2026,8202911000,763110,일반기계
2026,8202919000,763110,일반기계
2026,8202991000,763110,일반기계
2026,8202999000,763110,일반기계
2026,8203100000,763210,일반기계
2026,8203201000,763220,일반기계
2026,8203202000,763220,일반기계
2026,8203203000,763220,일반기계
2026,8203209000,763220,일반기계
2026,8203300000,763220,일반기계
2026,8203401000,763230,일반기계
2026,8203402000,763230,일반기계
2026,8203403000,763230,일반기계
2026,8203409000,763230,일반기계
2026,8204110000,763240,일반기계
2026,8204120000,763240,일반기계
2026,8204200000,763240,일반기계
2026,8205101000,763290,일반기계
2026,8205109000,763290,일반기계
2026,8205200000,763260,일반기계
2026,8205300000,763290,일반기계
2026,8205400000,763250,일반기계
2026,8205510000,763290,일반기계
2026,8205591000,763300,일반기계
2026,8205593000,763290,일반기계
2026,8205599000,763290,일반기계
2026,8205600000,763900,일반기계
2026,8205701000,763900,일반기계
2026,8205702000,763900,일반기계
2026,8205709000,763900,일반기계
2026,8205903000,763290,일반기계
2026,8205909000,763290,일반기계
2026,8206000000,763290,일반기계
2026,8207130000,763120,일반기계
2026,8207191000,763120,일반기계
2026,8207199000,763120,일반기계
2026,8207201000,762900,일반기계
2026,8207202000,762900,일반기계
2026,8207300000,762100,일반기계
2026,8207401000,763130,일반기계
2026,8207402000,763130,일반기계
2026,8207501010,763140,일반기계
2026,8207501090,763140,일반기계
2026,8207502000,763140,일반기계
2026,8207509000,763140,일반기계
2026,8207601000,763150,일반기계
2026,8207603000,763150,일반기계
2026,8207609000,763150,일반기계
2026,8207701000,763160,일반기계
2026,8207702000,763160,일반기계
2026,8207703000,763160,일반기계
2026,8207704000,763160,일반기계
2026,8207709000,763160,일반기계
2026,8207801000,763190,일반기계
2026,8207809000,763190,일반기계
2026,8207901000,763300,일반기계
2026,8207909000,763190,일반기계
2026,8208100000,763110,일반기계
2026,8208200000,763110,일반기계
2026,8208300000,763110,일반기계
2026,8208400000,763110,일반기계
2026,8208900000,763110,일반기계
2026,8209001010,763190,일반기계
2026,8209001050,763190,일반기계
2026,8209001090,763190,일반기계
2026,8209002010,763190,일반기계
2026,8209002090,763190,일반기계
2026,8210001000,715110,일반기계
2026,8210002000,715110,일반기계
2026,8210004000,715110,일반기계
2026,8210005000,715110,일반기계
2026,8210008000,715110,일반기계
2026,8210009000,715120,일반기계
2026,8211100000,629000,비철금속
2026,8211910000,516290,생활용품
2026,8212100000,511060,생활용품
2026,8212200000,511060,생활용품
2026,8212900000,511060,생활용품
2026,8213001000,763270,일반기계
2026,8213002010,763270,일반기계
2026,8213002020,763270,일반기계
2026,8213002090,763270,일반기계
2026,8213003000,521220,생활용품
2026,8213009000,763270,일반기계
2026,8214101000,515130,생활용품
2026,8214109000,515130,생활용품
2026,8214200000,521220,생활용품
2026,8215100000,516290,생활용품
2026,8215200000,516290,생활용품
2026,8215910000,516290,생활용품
2026,8215991000,516210,생활용품
2026,8215992000,516220,생활용품
2026,8215993000,516290,생활용품
2026,8215995000,516290,생활용품
2026,8215999000,516290,생활용품
2026,8302491000,529000,생활용품
2026,8302499000,529000,생활용품
2026,8302500000,529000,생활용품
2026,8302600000,719290,일반기계
2026,8304000000,515190,생활용품
2026,8305100000,515190,생활용품
2026,8305200000,515190,생활용품
2026,8305900000,515190,생활용품
2026,8306100000,529000,생활용품
2026,8306210000,525900,생활용품
2026,8306290000,525900,생활용품
2026,8306301000,525900,생활용품
2026,8306302000,529000,생활용품
2026,8401100000,841110,전기기기
2026,8401200000,841110,전기기기
2026,8401400000,841110,전기기기
2026,8402110000,751320,일반기계
2026,8402120000,751320,일반기계
2026,8402191000,751320,일반기계
2026,8402199000,751320,일반기계
2026,8402200000,751320,일반기계
2026,8402901000,751340,일반기계
2026,8402902000,751340,일반기계
2026,8403101000,751330,일반기계
2026,8403103000,751330,일반기계
2026,8403109000,751330,일반기계
2026,8403900000,751340,일반기계
2026,8404101000,751340,일반기계
2026,8404102000,751340,일반기계
2026,8404103000,751340,일반기계
2026,8404104000,751340,일반기계
2026,8404109000,751340,일반기계
2026,8404200000,751340,일반기계
2026,8404901000,751340,일반기계
2026,8404902000,751340,일반기계
2026,8404909000,751340,일반기계
2026,8405101000,712290,일반기계
2026,8405102000,712290,일반기계
2026,8405104000,712290,일반기계
2026,8405109000,712290,일반기계
2026,8405901000,712230,일반기계
2026,8405902000,712230,일반기계
2026,8405904000,712230,일반기계
2026,8405909000,712230,일반기계
2026,8406100000,746310,선박류
2026,8406811000,752110,일반기계
2026,8406812000,752110,일반기계
2026,8406813000,752110,일반기계
2026,8406820000,752110,일반기계
2026,8406901000,746310,선박류
2026,8406909000,752160,일반기계
2026,8407210000,746330,선박류
2026,8407290000,752130,일반기계
2026,8407311000,752130,일반기계
2026,8407319000,752130,일반기계
2026,8407321000,752130,일반기계
2026,8407329000,752130,일반기계
2026,8407331000,752130,일반기계
2026,8407339000,752130,일반기계
2026,8407341000,752130,일반기계
2026,8407349000,752130,일반기계
2026,8407909000,752130,일반기계
2026,8408101000,746340,선박류
2026,8408102000,746340,선박류
2026,8408103000,746340,선박류
2026,8408201000,722900,일반기계
2026,8408202000,752140,일반기계
2026,8408203000,752140,일반기계
2026,8408204000,752140,일반기계
2026,8408205000,752140,일반기계
2026,8408909010,746340,선박류
2026,8408909021,752140,일반기계
2026,8408909029,752140,일반기계
2026,8408909030,752140,일반기계
2026,8408909090,752140,일반기계
2026,8409911000,742010,자동차부품
2026,8409912000,746330,선박류
2026,8409919000,752130,일반기계
2026,8409994010,752130,일반기계
2026,8409994090,752130,일반기계
2026,8409995000,752130,일반기계
2026,8409997000,742000,자동차부품
2026,8409998010,746340,선박류
2026,8409998020,746340,선박류
2026,8409998030,746340,선박류
2026,8409999000,752130,일반기계
2026,8410111000,752120,일반기계
2026,8410119000,752120,일반기계
2026,8410120000,752120,일반기계
2026,8410130000,752120,일반기계
2026,8410901010,752160,일반기계
2026,8410901090,752160,일반기계
2026,8410909010,752160,일반기계
2026,8410909090,752160,일반기계
2026,8411119010,746320,선박류
2026,8411119090,752150,일반기계
2026,8411129010,746320,선박류
2026,8411129090,752150,일반기계
2026,8411219010,746320,선박류
2026,8411219090,752150,일반기계
2026,8411229010,746320,선박류
2026,8411229090,752150,일반기계
2026,8411819010,746320,선박류
2026,8411819090,752150,일반기계
2026,8411829010,746320,선박류
2026,8411829090,752150,일반기계
2026,8411919000,752160,일반기계
2026,8411999000,752160,일반기계
2026,8412101000,752190,일반기계
2026,8412109000,752190,일반기계
2026,8412211000,752190,일반기계
2026,8412219000,752190,일반기계
2026,8412290000,752190,일반기계
2026,8412310000,752190,일반기계
2026,8412390000,752190,일반기계
2026,8412800000,752190,일반기계
2026,8412901010,752160,일반기계
2026,8412901090,752160,일반기계
2026,8412902000,752160,일반기계
2026,8412909000,752160,일반기계
2026,8413110000,752210,일반기계
2026,8413190000,752210,일반기계
2026,8413200000,752210,일반기계
2026,8413303000,746400,선박류
2026,8413304000,742000,자동차부품
2026,8413309000,752210,일반기계
2026,8413400000,752210,일반기계
2026,8413504000,752210,일반기계
2026,8413509010,752210,일반기계
2026,8413509020,752210,일반기계
2026,8413509030,752210,일반기계
2026,8413509090,752210,일반기계
2026,8413604000,752210,일반기계
2026,8413609010,752210,일반기계
2026,8413609020,752210,일반기계
2026,8413609030,752210,일반기계
2026,8413609090,752210,일반기계
2026,8413703000,752210,일반기계
2026,8413709010,752210,일반기계
2026,8413709020,752210,일반기계
2026,8413709090,752210,일반기계
2026,8413811000,752210,일반기계
2026,8413812000,752210,일반기계
2026,8413819000,752210,일반기계
2026,8413820000,752210,일반기계
2026,8413911000,752230,일반기계
2026,8413912000,752230,일반기계
2026,8413913000,752230,일반기계
2026,8413914000,752230,일반기계
2026,8413915000,752230,일반기계
2026,8413919000,752230,일반기계
2026,8413920000,752230,일반기계
2026,8414109020,752220,일반기계
2026,8414109090,752220,일반기계
2026,8414200000,752220,일반기계
2026,8414301000,752220,일반기계
2026,8414302000,752220,일반기계
2026,8414400000,752220,일반기계
2026,8414519000,824300,가전
2026,8414592000,813690,컴퓨터
2026,8414599000,752220,일반기계
2026,8414609000,824400,가전
2026,8414700000,719190,일반기계
2026,8414801000,752220,일반기계
2026,8414809190,752220,일반기계
2026,8414809211,752220,일반기계
2026,8414809219,752220,일반기계
2026,8414809220,752220,일반기계
2026,8414809230,752220,일반기계
2026,8414809900,752220,일반기계
2026,8414901000,752230,일반기계
2026,8414909010,752230,일반기계
2026,8414909020,752230,일반기계
2026,8414909090,752230,일반기계
2026,8415101010,751110,일반기계
2026,8415101020,751110,일반기계
2026,8415102010,824200,가전
2026,8415102020,751110,일반기계
2026,8415109010,751110,일반기계
2026,8415109020,751110,일반기계
2026,8415200000,751110,일반기계
2026,8415810000,751110,일반기계
2026,8415820000,751110,일반기계
2026,8415830000,751110,일반기계
2026,8415900000,751120,일반기계
2026,8416101000,751340,일반기계
2026,8416102000,751340,일반기계
2026,8416103000,751340,일반기계
2026,8416201000,751340,일반기계
2026,8416202000,751340,일반기계
2026,8416209000,751340,일반기계
2026,8416300000,751340,일반기계
2026,8416901000,751340,일반기계
2026,8416909000,751340,일반기계
2026,8417101010,719190,일반기계
2026,8417101090,719190,일반기계
2026,8417102010,719190,일반기계
2026,8417102090,719190,일반기계
2026,8417200000,719190,일반기계
2026,8417801010,719190,일반기계
2026,8417801020,719190,일반기계
2026,8417801030,719190,일반기계
2026,8417801090,719190,일반기계
2026,8417802000,719190,일반기계
2026,8417809000,719190,일반기계
2026,8417900000,719290,일반기계
2026,8418101010,823010,가전
2026,8418101020,823020,가전
2026,8418101030,823030,가전
2026,8418109000,823030,가전
2026,8418211000,823010,가전
2026,8418212000,823020,가전
2026,8418213000,823030,가전
2026,8418291000,823030,가전
2026,8418299000,823030,가전
2026,8418300000,751210,일반기계
2026,8418400000,751210,일반기계
2026,8418501000,751210,일반기계
2026,8418509000,751210,일반기계
2026,8418610000,751210,일반기계
2026,8418691000,932090,바이오헬스
2026,8418692010,751210,일반기계
2026,8418692020,751210,일반기계
2026,8418692030,751210,일반기계
2026,8418692090,751210,일반기계
2026,8418693000,751210,일반기계
2026,8418910000,751220,일반기계
2026,8418991000,823040,가전
2026,8418999000,751220,일반기계
2026,8419110000,713610,일반기계
2026,8419120000,713610,일반기계
2026,8419190000,713610,일반기계
2026,8419200000,932090,바이오헬스
2026,8419330000,713610,일반기계
2026,8419340000,713610,일반기계
2026,8419350000,713610,일반기계
2026,8419390000,713610,일반기계
2026,8419400000,713610,일반기계
2026,8419502000,751110,일반기계
2026,8419509000,751110,일반기계
2026,8419600000,713610,일반기계
2026,8419810000,713610,일반기계
2026,8419891000,713610,일반기계
2026,8419899010,713610,일반기계
2026,8419899020,713610,일반기계
2026,8419899030,713610,일반기계
2026,8419899040,713610,일반기계
2026,8419899050,713610,일반기계
2026,8419899060,713610,일반기계
2026,8419899070,713610,일반기계
2026,8419899080,713610,일반기계
2026,8419899090,713610,일반기계
2026,8419901000,713620,일반기계
2026,8419909010,713620,일반기계
2026,8419909020,713620,일반기계
2026,8419909030,713620,일반기계
2026,8419909040,713620,일반기계
2026,8419909090,713620,일반기계
2026,8420101000,714500,일반기계
2026,8420102000,713100,일반기계
2026,8420103000,713300,일반기계
2026,8420104000,713300,일반기계
2026,8420105000,713510,일반기계
2026,8420109000,713510,일반기계
2026,8420910000,714500,일반기계
2026,8420990000,714500,일반기계
2026,8421110000,713400,일반기계
2026,8421120000,729010,일반기계
2026,8421191000,729010,일반기계
2026,8421192000,729010,일반기계
2026,8421193000,729010,일반기계
2026,8421199000,729010,일반기계
2026,8421211000,729010,일반기계
2026,8421219010,729010,일반기계
2026,8421219090,729010,일반기계
2026,8421220000,729010,일반기계
2026,8421231000,742000,자동차부품
2026,8421239000,729010,일반기계
2026,8421291000,729010,일반기계
2026,8421292010,729010,일반기계
2026,8421292090,729010,일반기계
2026,8421299010,729010,일반기계
2026,8421299090,729010,일반기계
2026,8421311000,742000,자동차부품
2026,8421319000,729010,일반기계
2026,8421320000,729010,일반기계
2026,8421391000,729010,일반기계
2026,8421392000,729010,일반기계
2026,8421399011,729010,일반기계
2026,8421399019,729010,일반기계
2026,8421399091,729010,일반기계
2026,8421399092,729010,일반기계
2026,8421399099,729010,일반기계
2026,8421910000,729020,일반기계
2026,8421991000,729020,일반기계
2026,8421999010,729020,일반기계
2026,8421999021,829200,가전
2026,8421999029,829200,가전
2026,8421999091,729020,일반기계
2026,8421999099,729020,일반기계
2026,8422110000,516300,생활용품
2026,8422190000,715210,일반기계
2026,8422200000,715210,일반기계
2026,8422301000,715210,일반기계
2026,8422302000,715210,일반기계
2026,8422303000,715210,일반기계
2026,8422304000,715210,일반기계
2026,8422309000,715210,일반기계
2026,8422404000,715210,일반기계
2026,8422409010,715210,일반기계
2026,8422409020,715210,일반기계
2026,8422409030,715210,일반기계
2026,8422409090,715210,일반기계
2026,8422901000,824700,가전
2026,8422902000,715220,일반기계
2026,8422909000,715220,일반기계
2026,8424100000,729010,일반기계
2026,8424201000,763500,일반기계
2026,8424202010,729010,일반기계
2026,8424202090,729010,일반기계
2026,8424209000,729010,일반기계
2026,8424301000,729010,일반기계
2026,8424302000,729010,일반기계
2026,8424309000,729010,일반기계
2026,8424410000,722900,일반기계
2026,8424491000,722900,일반기계
2026,8424499000,722900,일반기계
2026,8424820000,722900,일반기계
2026,8424892000,729010,일반기계
2026,8424899000,729010,일반기계
2026,8424901000,729020,일반기계
2026,8424902000,729020,일반기계
2026,8424903000,722400,일반기계
2026,8424909020,729020,일반기계
2026,8424909090,729020,일반기계
2026,8425111010,723190,일반기계
2026,8425111090,723190,일반기계
2026,8425112010,723190,일반기계
2026,8425112090,723190,일반기계
2026,8425190000,723190,일반기계
2026,8425311000,723190,일반기계
2026,8425319000,723190,일반기계
2026,8425391000,723190,일반기계
2026,8425399000,723190,일반기계
2026,8425410000,723190,일반기계
2026,8425421000,723190,일반기계
2026,8425422000,723190,일반기계
2026,8425491000,723190,일반기계
2026,8425492000,723190,일반기계
2026,8426110000,723190,일반기계
2026,8426121000,723190,일반기계
2026,8426122000,723190,일반기계
2026,8426190000,723190,일반기계
2026,8426200000,723190,일반기계
2026,8426301000,723190,일반기계
2026,8426302000,723190,일반기계
2026,8426410000,723190,일반기계
2026,8426491000,723190,일반기계
2026,8426492000,723190,일반기계
2026,8426499000,723190,일반기계
2026,8426910000,723190,일반기계
2026,8426991000,746400,선박류
2026,8426999000,723190,일반기계
2026,8427101010,721120,일반기계
2026,8427101020,721120,일반기계
2026,8427102010,721120,일반기계
2026,8427102020,721120,일반기계
2026,8427103000,721120,일반기계
2026,8427201011,721120,일반기계
2026,8427201012,721120,일반기계
2026,8427201021,721120,일반기계
2026,8427201022,721120,일반기계
2026,8427209000,723190,일반기계
2026,8427901000,741600,자동차
2026,8427909000,741600,자동차
2026,8428101000,723190,일반기계
2026,8428102000,723190,일반기계
2026,8428202000,723190,일반기계
2026,8428310000,723190,일반기계
2026,8428320000,723190,일반기계
2026,8428332000,723190,일반기계
2026,8428390000,723190,일반기계
2026,8428402000,723190,일반기계
2026,8428600000,723190,일반기계
2026,8428701000,723110,일반기계
2026,8428702000,723110,일반기계
2026,8428709000,723110,일반기계
2026,8428901000,723190,일반기계
2026,8428902000,723120,일반기계
2026,8428903000,723120,일반기계
2026,8428909000,723190,일반기계
2026,8429111000,721110,일반기계
2026,8429112000,721190,일반기계
2026,8429190000,721190,일반기계
2026,8429200000,721190,일반기계
2026,8429300000,721190,일반기계
2026,8429401000,721190,일반기계
2026,8429402000,721190,일반기계
2026,8429511011,721190,일반기계
2026,8429511012,721190,일반기계
2026,8429511021,721190,일반기계
2026,8429511022,721190,일반기계
2026,8429511031,721190,일반기계
2026,8429511032,721190,일반기계
2026,8429511091,721190,일반기계
2026,8429511092,721190,일반기계
2026,8429519000,721190,일반기계
2026,8429521011,721190,일반기계
2026,8429521012,721190,일반기계
2026,8429521021,721190,일반기계
2026,8429521022,721190,일반기계
2026,8429521090,721190,일반기계
2026,8429529000,721190,일반기계
2026,8429590000,721190,일반기계
2026,8430100000,721190,일반기계
2026,8430200000,721190,일반기계
2026,8430310000,721190,일반기계
2026,8430390000,721190,일반기계
2026,8430411000,721190,일반기계
2026,8430412000,721190,일반기계
2026,8430491000,721190,일반기계
2026,8430499000,721190,일반기계
2026,8430500000,721190,일반기계
2026,8430610000,721190,일반기계
2026,8430690000,721190,일반기계
2026,8431100000,723200,일반기계
2026,8431200000,723200,일반기계
2026,8431310000,723200,일반기계
2026,8431390000,723200,일반기계
2026,8431411000,721130,일반기계
2026,8431419000,721130,일반기계
2026,8431420000,721130,일반기계
2026,8431430000,721130,일반기계
2026,8431491000,721130,일반기계
2026,8431492000,721130,일반기계
2026,8431499000,721130,일반기계
2026,8432100000,722100,일반기계
2026,8432210000,722100,일반기계
2026,8432291000,722100,일반기계
2026,8432292000,722900,일반기계
2026,8432299000,722100,일반기계
2026,8432310000,722900,일반기계
2026,8432391000,722900,일반기계
2026,8432392000,722900,일반기계
2026,8432410000,722900,일반기계
2026,8432420000,722900,일반기계
2026,8432800000,722100,일반기계
2026,8432901000,722400,일반기계
2026,8432902000,722400,일반기계
2026,8432909000,722400,일반기계
2026,8433110000,722200,일반기계
2026,8433190000,722200,일반기계
2026,8433200000,722200,일반기계
2026,8433300000,722200,일반기계
2026,8433400000,722200,일반기계
2026,8433510000,722200,일반기계
2026,8433520000,722200,일반기계
2026,8433530000,722200,일반기계
2026,8433590000,722200,일반기계
2026,8433601000,722900,일반기계
2026,8433609010,722200,일반기계
2026,8433609090,722200,일반기계
2026,8433901000,722400,일반기계
2026,8433902000,722400,일반기계
2026,8433909000,722400,일반기계
2026,8434100000,722300,일반기계
2026,8434201000,722300,일반기계
2026,8434209000,722300,일반기계
2026,8434901000,722400,일반기계
2026,8434902000,722400,일반기계
2026,8434909000,722400,일반기계
2026,8435101000,715110,일반기계
2026,8435102000,715110,일반기계
2026,8435109000,715110,일반기계
2026,8435900000,715120,일반기계
2026,8436101000,722900,일반기계
2026,8436102000,722900,일반기계
2026,8436103000,722900,일반기계
2026,8436109000,722900,일반기계
2026,8436211000,722900,일반기계
2026,8436219000,722900,일반기계
2026,8436290000,722900,일반기계
2026,8436800000,722900,일반기계
2026,8436910000,722400,일반기계
2026,8436990000,722400,일반기계
2026,8437101000,722900,일반기계
2026,8437109000,722900,일반기계
2026,8437801000,722900,일반기계
2026,8437802000,722900,일반기계
2026,8437901000,722400,일반기계
2026,8437909000,722400,일반기계
2026,8438101000,715110,일반기계
2026,8438109000,715110,일반기계
2026,8438200000,715110,일반기계
2026,8438300000,715110,일반기계
2026,8438400000,715110,일반기계
2026,8438501000,715110,일반기계
2026,8438509000,715110,일반기계
2026,8438600000,715110,일반기계
2026,8438801000,715110,일반기계
2026,8438809000,715110,일반기계
2026,8438900000,715120,일반기계
2026,8439100000,714100,일반기계
2026,8439201000,714100,일반기계
2026,8439202000,714100,일반기계
2026,8439209000,714100,일반기계
2026,8439301000,714100,일반기계
2026,8439302000,714100,일반기계
2026,8439303000,714100,일반기계
2026,8439309000,714100,일반기계
2026,8439910000,714500,일반기계
2026,8439990000,714500,일반기계
2026,8440101000,714200,일반기계
2026,8440102000,714200,일반기계
2026,8440109000,714200,일반기계
2026,8440901000,714500,일반기계
2026,8440909000,714500,일반기계
2026,8441100000,714300,일반기계
2026,8441201000,714300,일반기계
2026,8441202000,714300,일반기계
2026,8441300000,714300,일반기계
2026,8441400000,714300,일반기계
2026,8441801000,714300,일반기계
2026,8441809000,714300,일반기계
2026,8441900000,714500,일반기계
2026,8442300000,714400,일반기계
2026,8442400000,714500,일반기계
2026,8442500000,714500,일반기계
2026,8443110000,714400,일반기계
2026,8443120000,714400,일반기계
2026,8443130000,714400,일반기계
2026,8443140000,714400,일반기계
2026,8443150000,714400,일반기계
2026,8443160000,714400,일반기계
2026,8443170000,714400,일반기계
2026,8443191000,714400,일반기계
2026,8443192000,714400,일반기계
2026,8443199000,714400,일반기계
2026,8443311010,813310,컴퓨터
2026,8443311020,813320,컴퓨터
2026,8443311030,813330,컴퓨터
2026,8443311090,813390,컴퓨터
2026,8443313000,724210,일반기계
2026,8443321010,813310,컴퓨터
2026,8443321020,813320,컴퓨터
2026,8443321030,813330,컴퓨터
2026,8443321090,813390,컴퓨터
2026,8443324000,724210,일반기계
2026,8443391090,714400,일반기계
2026,8443392000,724210,일반기계
2026,8443399000,714400,일반기계
2026,8443911010,714400,일반기계
2026,8443911020,714400,일반기계
2026,8443911090,714400,일반기계
2026,8443919000,714500,일반기계
2026,8443991000,714500,일반기계
2026,8443994010,724220,일반기계
2026,8443994020,724220,일반기계
2026,8443994030,724220,일반기계
2026,8443994090,724220,일반기계
2026,8443999000,714500,일반기계
2026,8444001000,713100,일반기계
2026,8444002000,713100,일반기계
2026,8444003000,713100,일반기계
2026,8444009000,713100,일반기계
2026,8445110000,713100,일반기계
2026,8445120000,713100,일반기계
2026,8445130000,713100,일반기계
2026,8445191000,713100,일반기계
2026,8445199000,713100,일반기계
2026,8445201010,713100,일반기계
2026,8445201090,713100,일반기계
2026,8445202000,713100,일반기계
2026,8445203000,713100,일반기계
2026,8445209000,713100,일반기계
2026,8445301000,713100,일반기계
2026,8445302000,713100,일반기계
2026,8445309000,713100,일반기계
2026,8445401000,713100,일반기계
2026,8445409000,713100,일반기계
2026,8445901000,713100,일반기계
2026,8445902000,713100,일반기계
2026,8445909000,713100,일반기계
2026,8446100000,713100,일반기계
2026,8446210000,713100,일반기계
2026,8446290000,713100,일반기계
2026,8446301010,713100,일반기계
2026,8446301090,713100,일반기계
2026,8446302000,713100,일반기계
2026,8446303000,713100,일반기계
2026,8446309000,713100,일반기계
2026,8447111000,713100,일반기계
2026,8447119000,713100,일반기계
2026,8447120000,713100,일반기계
2026,8447201010,713100,일반기계
2026,8447201020,713100,일반기계
2026,8447201090,713100,일반기계
2026,8447202010,713100,일반기계
2026,8447202020,713100,일반기계
2026,8447202090,713100,일반기계
2026,8447209000,713100,일반기계
2026,8447901000,713100,일반기계
2026,8447902010,713100,일반기계
2026,8447902090,713100,일반기계
2026,8447903000,713100,일반기계
2026,8447909000,713100,일반기계
2026,8448111000,713400,일반기계
2026,8448112000,713400,일반기계
2026,8448119000,713400,일반기계
2026,8448191000,713400,일반기계
2026,8448199000,713400,일반기계
2026,8448201000,713400,일반기계
2026,8448209000,713400,일반기계
2026,8448310000,713400,일반기계
2026,8448320000,713400,일반기계
2026,8448330000,713400,일반기계
2026,8448391000,713400,일반기계
2026,8448399000,713400,일반기계
2026,8448420000,713400,일반기계
2026,8448490000,713400,일반기계
2026,8448511000,713400,일반기계
2026,8448519000,713400,일반기계
2026,8448590000,713400,일반기계
2026,8449001000,713100,일반기계
2026,8449002000,713100,일반기계
2026,8449009000,713400,일반기계
2026,8450110000,824100,가전
2026,8450120000,824100,가전
2026,8450190000,824100,가전
2026,8450200000,824100,가전
2026,8450900000,824100,가전
2026,8451100000,713100,일반기계
2026,8451210000,824110,가전
2026,8451290000,713100,일반기계
2026,8451301000,713100,일반기계
2026,8451309000,713100,일반기계
2026,8451401000,713100,일반기계
2026,8451402000,713100,일반기계
2026,8451403000,713100,일반기계
2026,8451501000,713100,일반기계
2026,8451502000,713100,일반기계
2026,8451509000,713100,일반기계
2026,8451801000,713100,일반기계
2026,8451802000,713100,일반기계
2026,8451803000,713100,일반기계
2026,8451809010,713100,일반기계
2026,8451809020,713100,일반기계
2026,8451809030,713100,일반기계
2026,8451809050,713100,일반기계
2026,8451809090,713100,일반기계
2026,8451902000,713100,일반기계
2026,8451909000,713100,일반기계
2026,8452101020,713200,일반기계
2026,8452101090,713200,일반기계
2026,8452102000,713200,일반기계
2026,8452212000,713200,일반기계
2026,8452219000,713200,일반기계
2026,8452292000,713200,일반기계
2026,8452299000,713200,일반기계
2026,8452300000,713200,일반기계
2026,8452901000,713200,일반기계
2026,8452909000,713200,일반기계
2026,8453101000,713300,일반기계
2026,8453102000,713300,일반기계
2026,8453103000,713300,일반기계
2026,8453200000,713300,일반기계
2026,8453800000,713300,일반기계
2026,8453900000,713300,일반기계
2026,8454100000,712310,일반기계
2026,8454200000,712310,일반기계
2026,8454301010,712310,일반기계
2026,8454301090,712310,일반기계
2026,8454309000,712310,일반기계
2026,8454901000,712320,일반기계
2026,8454909000,712320,일반기계
2026,8455100000,712110,일반기계
2026,8455210000,712110,일반기계
2026,8455220000,712110,일반기계
2026,8455301000,712110,일반기계
2026,8455302000,712110,일반기계
2026,8455309000,712110,일반기계
2026,8455900000,712120,일반기계
2026,8456111000,711110,일반기계
2026,8456119000,711110,일반기계
2026,8456121000,711190,일반기계
2026,8456129000,711190,일반기계
2026,8456200000,711190,일반기계
2026,8456301010,711190,일반기계
2026,8456301090,711190,일반기계
2026,8456309000,711190,일반기계
2026,8456400000,711190,일반기계
2026,8456500000,711190,일반기계
2026,8456900000,711190,일반기계
2026,8457104000,711120,일반기계
2026,8457109010,711120,일반기계
2026,8457109020,711120,일반기계
2026,8457109030,711120,일반기계
2026,8457109090,711120,일반기계
2026,8457200000,711120,일반기계
2026,8457300000,711120,일반기계
2026,8458110000,711130,일반기계
2026,8458190000,711130,일반기계
2026,8458910000,711130,일반기계
2026,8458990000,711130,일반기계
2026,8459100000,711190,일반기계
2026,8459211000,711190,일반기계
2026,8459219000,711190,일반기계
2026,8459291000,711190,일반기계
2026,8459292000,711190,일반기계
2026,8459293000,711190,일반기계
2026,8459299000,711190,일반기계
2026,8459310000,711190,일반기계
2026,8459390000,711190,일반기계
2026,8459411000,711190,일반기계
2026,8459412000,711190,일반기계
2026,8459419000,711190,일반기계
2026,8459490000,711190,일반기계
2026,8459510000,711190,일반기계
2026,8459590000,711190,일반기계
2026,8459611000,711190,일반기계
2026,8459612000,711190,일반기계
2026,8459619000,711190,일반기계
2026,8459691000,711190,일반기계
2026,8459699000,711190,일반기계
2026,8459701000,711190,일반기계
2026,8459709000,711190,일반기계
2026,8460120000,711190,일반기계
2026,8460190000,711190,일반기계
2026,8460220000,711190,일반기계
2026,8460230000,711190,일반기계
2026,8460241000,711190,일반기계
2026,8460242000,711190,일반기계
2026,8460249000,711190,일반기계
2026,8460291000,711190,일반기계
2026,8460292000,711190,일반기계
2026,8460293000,711190,일반기계
2026,8460294000,711190,일반기계
2026,8460299000,711190,일반기계
2026,8460310000,711190,일반기계
2026,8460390000,711190,일반기계
2026,8460401000,711190,일반기계
2026,8460402000,711190,일반기계
2026,8460900000,711190,일반기계
2026,8461200000,711190,일반기계
2026,8461300000,711190,일반기계
2026,8461401010,711190,일반기계
2026,8461401090,711190,일반기계
2026,8461402000,711190,일반기계
2026,8461500000,711190,일반기계
2026,8461900000,711190,일반기계
2026,8462110000,711220,일반기계
2026,8462191000,711220,일반기계
2026,8462199000,711220,일반기계
2026,8462221000,711220,일반기계
2026,8462229000,711220,일반기계
2026,8462230000,711220,일반기계
2026,8462240000,711220,일반기계
2026,8462250000,711220,일반기계
2026,8462260000,711220,일반기계
2026,8462291000,711220,일반기계
2026,8462299000,711220,일반기계
2026,8462321010,711220,일반기계
2026,8462321090,711220,일반기계
2026,8462322010,711220,일반기계
2026,8462322090,711220,일반기계
2026,8462330000,711220,일반기계
2026,8462390000,711220,일반기계
2026,8462420000,711220,일반기계
2026,8462490000,711220,일반기계
2026,8462510000,711220,일반기계
2026,8462590000,711220,일반기계
2026,8462610000,711210,일반기계
2026,8462620000,711210,일반기계
2026,8462630000,711210,일반기계
2026,8462690000,711210,일반기계
2026,8462900000,711220,일반기계
2026,8463100000,711220,일반기계
2026,8463200000,711220,일반기계
2026,8463300000,711220,일반기계
2026,8463900000,711220,일반기계
2026,8464100000,716210,일반기계
2026,8464201000,716210,일반기계
2026,8464202000,716210,일반기계
2026,8464209000,716210,일반기계
2026,8464901000,716210,일반기계
2026,8464902000,716210,일반기계
2026,8464903000,716210,일반기계
2026,8464909000,716210,일반기계
2026,8465101000,716110,일반기계
2026,8465109000,716110,일반기계
2026,8465201000,716110,일반기계
2026,8465209000,716110,일반기계
2026,8465911000,716110,일반기계
2026,8465919000,716110,일반기계
2026,8465921000,716110,일반기계
2026,8465929000,716110,일반기계
2026,8465931000,716110,일반기계
2026,8465939000,716110,일반기계
2026,8465941000,716110,일반기계
2026,8465949000,716110,일반기계
2026,8465951000,716110,일반기계
2026,8465959000,716110,일반기계
2026,8465961000,716110,일반기계
2026,8465969000,716110,일반기계
2026,8465991000,716110,일반기계
2026,8465999000,716110,일반기계
2026,8466100000,711300,일반기계
2026,8466201000,716220,일반기계
2026,8466209000,716220,일반기계
2026,8466300000,711300,일반기계
2026,8466910000,716220,일반기계
2026,8466920000,716120,일반기계
2026,8466931000,711300,일반기계
2026,8466939000,711300,일반기계
2026,8466940000,711300,일반기계
2026,8467111000,763500,일반기계
2026,8467112000,763500,일반기계
2026,8467113000,763500,일반기계
2026,8467114000,763500,일반기계
2026,8467115000,763500,일반기계
2026,8467119000,763500,일반기계
2026,8467191000,763500,일반기계
2026,8467199000,763500,일반기계
2026,8467210000,763410,일반기계
2026,8467220000,763490,일반기계
2026,8467290000,763490,일반기계
2026,8467810000,763110,일반기계
2026,8467891010,763500,일반기계
2026,8467891020,763500,일반기계
2026,8467891090,763500,일반기계
2026,8467899000,763500,일반기계
2026,8467910000,763500,일반기계
2026,8467920000,763500,일반기계
2026,8467990000,763500,일반기계
2026,8468100000,712290,일반기계
2026,8468201000,712290,일반기계
2026,8468202000,712290,일반기계
2026,8468209000,763700,일반기계
2026,8468800000,712290,일반기계
2026,8468900000,712230,일반기계
2026,8471300000,813110,컴퓨터
2026,8471411000,813120,컴퓨터
2026,8471412000,813120,컴퓨터
2026,8471419000,813120,컴퓨터
2026,8471491010,813120,컴퓨터
2026,8471491020,813120,컴퓨터
2026,8471491090,813120,컴퓨터
2026,8471499000,813120,컴퓨터
2026,8471501000,813120,컴퓨터
2026,8471502000,813120,컴퓨터
2026,8471509000,813120,컴퓨터
2026,8471601010,813510,컴퓨터
2026,8471601020,813520,컴퓨터
2026,8471601030,813530,컴퓨터
2026,8471601040,813510,컴퓨터
2026,8471601090,813590,컴퓨터
2026,8471602000,813590,컴퓨터
2026,8471603000,813590,컴퓨터
2026,8471701000,813590,컴퓨터
2026,8471702020,813220,컴퓨터
2026,8471702031,813230,컴퓨터
2026,8471702032,813240,컴퓨터
2026,8471702033,813260,컴퓨터
2026,8471702039,813250,컴퓨터
2026,8471702090,813290,컴퓨터
2026,8471709000,813590,컴퓨터
2026,8471801000,813590,컴퓨터
2026,8471802000,813590,컴퓨터
2026,8471809000,813590,컴퓨터
2026,8471900000,813590,컴퓨터
2026,8472100000,724900,일반기계
2026,8472300000,724900,일반기계
2026,8472902000,724900,일반기계
2026,8472904000,515130,생활용품
2026,8472905000,724900,일반기계
2026,8472909000,724900,일반기계
2026,8473301000,813690,컴퓨터
2026,8473302000,813610,컴퓨터
2026,8473303000,813690,컴퓨터
2026,8473304060,831110,반도체
2026,8473304090,813690,컴퓨터
2026,8473309010,813690,컴퓨터
2026,8473309090,813690,컴퓨터
2026,8473500000,813590,컴퓨터
2026,8474100000,721210,일반기계
2026,8474201000,721210,일반기계
2026,8474209000,721210,일반기계
2026,8474311000,721210,일반기계
2026,8474319000,721210,일반기계
2026,8474321000,721210,일반기계
2026,8474329000,721210,일반기계
2026,8474390000,721210,일반기계
2026,8474801000,712310,일반기계
2026,8474802000,712310,일반기계
2026,8474809000,721210,일반기계
2026,8474900000,721220,일반기계
2026,8475100000,716310,일반기계
2026,8475210000,716310,일반기계
2026,8475291000,716310,일반기계
2026,8475292000,716310,일반기계
2026,8475299000,716310,일반기계
2026,8475901000,716320,일반기계
2026,8475902000,716320,일반기계
2026,8475909000,716320,일반기계
2026,8477101000,713510,일반기계
2026,8477102000,713510,일반기계
2026,8477201000,713510,일반기계
2026,8477202000,713510,일반기계
2026,8477300000,713510,일반기계
2026,8477400000,713510,일반기계
2026,8477510000,713510,일반기계
2026,8477590000,713510,일반기계
2026,8477800000,713510,일반기계
2026,8477900000,713520,일반기계
2026,8478100000,719190,일반기계
2026,8478900000,719290,일반기계
2026,8479101000,719190,일반기계
2026,8479102000,719190,일반기계
2026,8479109000,719190,일반기계
2026,8479200000,719190,일반기계
2026,8479300000,719190,일반기계
2026,8479400000,719190,일반기계
2026,8479501000,719190,일반기계
2026,8479502000,719190,일반기계
2026,8479509000,719190,일반기계
2026,8479600000,719190,일반기계
2026,8479710000,719190,일반기계
2026,8479790000,719190,일반기계
2026,8479811000,719190,일반기계
2026,8479812090,719190,일반기계
2026,8479813000,719190,일반기계
2026,8479814000,719190,일반기계
2026,8479819000,719190,일반기계
2026,8479821000,719190,일반기계
2026,8479822000,719190,일반기계
2026,8479823000,719190,일반기계
2026,8479824000,719190,일반기계
2026,8479829000,719190,일반기계
2026,8479830000,719190,일반기계
2026,8479891010,829100,가전
2026,8479891090,719290,일반기계
2026,8479892010,719190,일반기계
2026,8479892090,719190,일반기계
2026,8479899010,719290,일반기계
2026,8479899020,746400,선박류
2026,8479899030,719290,일반기계
2026,8479899050,719290,일반기계
2026,8479899060,719290,일반기계
2026,8479899080,719290,일반기계
2026,8479899091,729010,일반기계
2026,8479899099,719190,일반기계
2026,8479901010,751220,일반기계
2026,8479901020,719290,일반기계
2026,8479901030,729020,일반기계
2026,8479902000,719290,일반기계
2026,8479904000,719290,일반기계
2026,8479905010,719290,일반기계
2026,8479905090,719290,일반기계
2026,8479909010,719290,일반기계
2026,8479909020,719290,일반기계
2026,8479909030,719290,일반기계
2026,8479909040,719290,일반기계
2026,8479909050,719290,일반기계
2026,8479909060,719290,일반기계
2026,8479909070,746400,선박류
2026,8479909090,719290,일반기계
2026,8480100000,762900,일반기계
2026,8480200000,762900,일반기계
2026,8480300000,762900,일반기계
2026,8480410000,762300,일반기계
2026,8480490000,762300,일반기계
2026,8480500000,762900,일반기계
2026,8480600000,762900,일반기계
2026,8480710000,762200,일반기계
2026,8480790000,762200,일반기계
2026,8481100000,761200,일반기계
2026,8481201000,761200,일반기계
2026,8481202000,761200,일반기계
2026,8481300000,761200,일반기계
2026,8481400000,761200,일반기계
2026,8481801010,761200,일반기계
2026,8481801020,761200,일반기계
2026,8481801030,761200,일반기계
2026,8481801090,761200,일반기계
2026,8481802010,761200,일반기계
2026,8481802090,761200,일반기계
2026,8481809000,761200,일반기계
2026,8481900000,761900,일반기계
2026,8482102000,761300,일반기계
2026,8482109000,761300,일반기계
2026,8482200000,761300,일반기계
2026,8482300000,761300,일반기계
2026,8482400000,761300,일반기계
2026,8482500000,761300,일반기계
2026,8482800000,761300,일반기계
2026,8482910000,761900,일반기계
2026,8482990000,761900,일반기계
2026,8483109010,742000,자동차부품
2026,8483109090,761500,일반기계
2026,8483209000,761500,일반기계
2026,8483309000,761500,일반기계
2026,8483409010,761500,일반기계
2026,8483409020,761500,일반기계
2026,8483409030,761500,일반기계
2026,8483409040,742000,자동차부품
2026,8483409050,761500,일반기계
2026,8483409090,761500,일반기계
2026,8483509000,761500,일반기계
2026,8483602000,841150,전기기기
2026,8483609000,761500,일반기계
2026,8483902000,841150,전기기기
2026,8483909000,761900,일반기계
2026,8484101000,742000,자동차부품
2026,8484109000,719190,일반기계
2026,8484200000,761900,일반기계
2026,8484900000,719190,일반기계
2026,8485100000,719110,일반기계
2026,8485201000,719110,일반기계
2026,8485209000,719110,일반기계
2026,8485300000,719110,일반기계
2026,8485800000,719110,일반기계
2026,8485900000,719210,일반기계
2026,8487100000,746400,선박류
2026,8487901000,729020,일반기계
2026,8487909010,761900,일반기계
2026,8487909090,761900,일반기계
2026,8501101000,842210,전기기기
2026,8501102000,842210,전기기기
2026,8501103000,842210,전기기기
2026,8501201000,842220,전기기기
2026,8501202000,742130,자동차부품
2026,8501203000,742130,자동차부품
2026,8501311010,842230,전기기기
2026,8501311090,842230,전기기기
2026,8501312000,841129,전기기기
2026,8501321000,842230,전기기기
2026,8501322000,841129,전기기기
2026,8501331000,842230,전기기기
2026,8501332010,841129,전기기기
2026,8501332090,841129,전기기기
2026,8501341000,842230,전기기기
2026,8501342000,841129,전기기기
2026,8501401000,842220,전기기기
2026,8501402000,842220,전기기기
2026,8501403000,842220,전기기기
2026,8501404000,842220,전기기기
2026,8501510000,842220,전기기기
2026,8501521000,842220,전기기기
2026,8501529000,842220,전기기기
2026,8501531010,842220,전기기기
2026,8501531090,842220,전기기기
2026,8501532000,842220,전기기기
2026,8501534000,842220,전기기기
2026,8501611000,841139,전기기기
2026,8501612000,841139,전기기기
2026,8501621000,841139,전기기기
2026,8501629000,841139,전기기기
2026,8501631000,841139,전기기기
2026,8501639000,841139,전기기기
2026,8501640000,841139,전기기기
2026,8501710000,841121,전기기기
2026,8501721000,841121,전기기기
2026,8501722000,841121,전기기기
2026,8501723000,841121,전기기기
2026,8501724000,841121,전기기기
2026,8501801000,841131,전기기기
2026,8501802000,841131,전기기기
2026,8501803000,841131,전기기기
2026,8501804010,841131,전기기기
2026,8501804090,841131,전기기기
2026,8501805000,841131,전기기기
2026,8502111000,841140,전기기기
2026,8502112000,841140,전기기기
2026,8502120000,841140,전기기기
2026,8502131010,841140,전기기기
2026,8502131090,841140,전기기기
2026,8502132000,841140,전기기기
2026,8502134000,841140,전기기기
2026,8502201000,841140,전기기기
2026,8502202000,841140,전기기기
2026,8502203010,841140,전기기기
2026,8502203090,841140,전기기기
2026,8502204000,841140,전기기기
2026,8502311000,841150,전기기기
2026,8502312000,841150,전기기기
2026,8502314000,841150,전기기기
2026,8502391000,841170,전기기기
2026,8502392000,841170,전기기기
2026,8502393000,841170,전기기기
2026,8502394000,841170,전기기기
2026,8502400000,841170,전기기기
2026,8503001000,849110,전기기기
2026,8503002010,849120,전기기기
2026,8503002090,849120,전기기기
2026,8503003000,849120,전기기기
2026,8504101010,842310,전기기기
2026,8504101020,842310,전기기기
2026,8504102000,842310,전기기기
2026,8504103000,842310,전기기기
2026,8504211000,841230,전기기기
2026,8504219010,841210,전기기기
2026,8504219020,841210,전기기기
2026,8504221000,841230,전기기기
2026,8504229010,841210,전기기기
2026,8504229020,841210,전기기기
2026,8504229030,841210,전기기기
2026,8504230000,841210,전기기기
2026,8504311000,841230,전기기기
2026,8504312000,841240,전기기기
2026,8504319010,841220,전기기기
2026,8504319020,841220,전기기기
2026,8504319040,841220,전기기기
2026,8504321000,841230,전기기기
2026,8504322000,841240,전기기기
2026,8504329010,841220,전기기기
2026,8504329020,841220,전기기기
2026,8504331000,841230,전기기기
2026,8504332000,841240,전기기기
2026,8504339010,841220,전기기기
2026,8504339020,841220,전기기기
2026,8504339040,841220,전기기기
2026,8504341000,841230,전기기기
2026,8504342000,841240,전기기기
2026,8504349010,841220,전기기기
2026,8504349030,841220,전기기기
2026,8504401010,842320,전기기기
2026,8504401090,842320,전기기기
2026,8504402011,842330,전기기기
2026,8504402019,842330,전기기기
2026,8504402020,842330,전기기기
2026,8504402091,842340,전기기기
2026,8504402099,842340,전기기기
2026,8504403010,842350,전기기기
2026,8504403090,842350,전기기기
2026,8504404010,842360,전기기기
2026,8504404090,842360,전기기기
2026,8504405010,842370,전기기기
2026,8504405090,842370,전기기기
2026,8504409011,842380,전기기기
2026,8504409019,842380,전기기기
2026,8504409091,842390,전기기기
2026,8504409099,842390,전기기기
2026,8504501090,841390,전기기기
2026,8504909000,849210,전기기기
2026,8505200000,842910,전기기기
2026,8505901010,842910,전기기기
2026,8505901090,842910,전기기기
2026,8505902000,842910,전기기기
2026,8505903000,842910,전기기기
2026,8505909000,849990,전기기기
2026,8507100000,836120,이차전지
2026,8507200000,836120,이차전지
2026,8507300000,836130,이차전지
2026,8507500000,836130,이차전지
2026,8507602000,836110,이차전지
2026,8507603000,836110,이차전지
2026,8507609000,836110,이차전지
2026,8507800000,836130,이차전지
2026,8507901000,836140,이차전지
2026,8507909000,836140,이차전지
2026,8508111000,824510,가전
2026,8508119000,824500,가전
2026,8508192000,824510,가전
2026,8508199000,719190,일반기계
2026,8508600000,719190,일반기계
2026,8508701000,829200,가전
2026,8508702000,719290,일반기계
2026,8508703000,829200,가전
2026,8509400000,824600,가전
2026,8509801000,824900,가전
2026,8509802000,824900,가전
2026,8509803000,824900,가전
2026,8509804000,829100,가전
2026,8509809000,829100,가전
2026,8509900000,829200,가전
2026,8510100000,829100,가전
2026,8510200000,829100,가전
2026,8510300000,829100,가전
2026,8510901000,829200,가전
2026,8510902000,829200,가전
2026,8510903000,829200,가전
2026,8511102000,742000,자동차부품
2026,8511109000,742000,자동차부품
2026,8511209000,742000,자동차부품
2026,8511309000,742000,자동차부품
2026,8511402000,742000,자동차부품
2026,8511409000,742000,자동차부품
2026,8511509000,742000,자동차부품
2026,8511809000,742000,자동차부품
2026,8511909000,742000,자동차부품
2026,8512101000,826910,가전
2026,8512109000,826910,가전
2026,8512201010,826910,가전
2026,8512201090,826910,가전
2026,8512202010,826910,가전
2026,8512202090,826910,가전
2026,8512300000,742000,자동차부품
2026,8512400000,742000,자동차부품
2026,8512900000,742000,자동차부품
2026,8513101000,826910,가전
2026,8513102010,826910,가전
2026,8513102090,826910,가전
2026,8513109010,826910,가전
2026,8513109090,826910,가전
2026,8513900000,826200,가전
2026,8514110000,719190,일반기계
2026,8514191000,842410,전기기기
2026,8514192000,842420,전기기기
2026,8514193000,842430,전기기기
2026,8514199000,842490,전기기기
2026,8514201000,842410,전기기기
2026,8514202000,842420,전기기기
2026,8514203000,842430,전기기기
2026,8514209000,842490,전기기기
2026,8514311000,842490,전기기기
2026,8514319000,842490,전기기기
2026,8514321000,842490,전기기기
2026,8514329000,842490,전기기기
2026,8514391000,842490,전기기기
2026,8514399000,842490,전기기기
2026,8514409000,842490,전기기기
2026,8514902000,849990,전기기기
2026,8514909000,849990,전기기기
2026,8515110000,763700,일반기계
2026,8515191000,763700,일반기계
2026,8515199000,763700,일반기계
2026,8515211010,712210,일반기계
2026,8515211090,712220,일반기계
2026,8515212010,712210,일반기계
2026,8515212090,712220,일반기계
2026,8515213010,712210,일반기계
2026,8515213090,712220,일반기계
2026,8515219010,712210,일반기계
2026,8515219090,712220,일반기계
2026,8515291000,712220,일반기계
2026,8515292000,712220,일반기계
2026,8515293000,712220,일반기계
2026,8515299000,712220,일반기계
2026,8515311010,712210,일반기계
2026,8515311090,712220,일반기계
2026,8515319010,712210,일반기계
2026,8515319090,712220,일반기계
2026,8515391000,712220,일반기계
2026,8515399000,712220,일반기계
2026,8515801000,712220,일반기계
2026,8515802000,712220,일반기계
2026,8515803000,712220,일반기계
2026,8515809000,712220,일반기계
2026,8515901010,712230,일반기계
2026,8515901090,712230,일반기계
2026,8515902000,712230,일반기계
2026,8515909000,712230,일반기계
2026,8516100000,825100,가전
2026,8516210000,825100,가전
2026,8516290000,825100,가전
2026,8516310000,825300,가전
2026,8516320000,829100,가전
2026,8516330000,825900,가전
2026,8516400000,825200,가전
2026,8516500000,825400,가전
2026,8516601000,825900,가전
2026,8516602000,825500,가전
2026,8516609000,825900,가전
2026,8516710000,825900,가전
2026,8516720000,825700,가전
2026,8516791000,825600,가전
2026,8516799000,825900,가전
2026,8516800000,825800,가전
2026,8516900000,825800,가전
2026,8517130000,812160,무선통신기기
2026,8517141000,812130,무선통신기기
2026,8517142000,812140,무선통신기기
2026,8517143000,812130,무선통신기기
2026,8517144000,812150,무선통신기기
2026,8517149000,812190,무선통신기기
2026,8517610000,812720,무선통신기기
2026,8517621020,812720,무선통신기기
2026,8517622040,812200,무선통신기기
2026,8517623010,812720,무선통신기기
2026,8517623020,812720,무선통신기기
2026,8517694000,812590,무선통신기기
2026,8517711000,812890,무선통신기기
2026,8517719000,812890,무선통신기기
2026,8517791020,812820,무선통신기기
2026,8517791030,812890,무선통신기기
2026,8517792000,812890,무선통신기기
2026,8517794000,812890,무선통신기기
2026,8518101000,822610,가전
2026,8518109010,822610,가전
2026,8518109090,822610,가전
2026,8518210000,822500,가전
2026,8518220000,822500,가전
2026,8518291000,822500,가전
2026,8518299000,822500,가전
2026,8518400000,822490,가전
2026,8518500000,822490,가전
2026,8518901000,822800,가전
2026,8518909000,822800,가전
2026,8519200000,822490,가전
2026,8519300000,822490,가전
2026,8519812000,822900,가전
2026,8519814000,822900,가전
2026,8519815000,822900,가전
2026,8519816000,822900,가전
2026,8519890000,822900,가전
2026,8521100000,821310,가전
2026,8521901000,821310,가전
2026,8521909000,821310,가전
2026,8522100000,822800,가전
2026,8522903000,813690,컴퓨터
2026,8522909000,822800,가전
2026,8523210000,813800,컴퓨터
2026,8523291000,813800,컴퓨터
2026,8523292010,813700,컴퓨터
2026,8523292020,821500,가전
2026,8523292030,813700,컴퓨터
2026,8523292090,813700,컴퓨터
2026,8523410000,813800,컴퓨터
2026,8523491010,813700,컴퓨터
2026,8523491030,813700,컴퓨터
2026,8523491040,822720,가전
2026,8523491090,813700,컴퓨터
2026,8523499010,813700,컴퓨터
2026,8523499020,821500,가전
2026,8523499030,813700,컴퓨터
2026,8523499090,813700,컴퓨터
2026,8523511000,813800,컴퓨터
2026,8523512010,813700,컴퓨터
2026,8523512020,813700,컴퓨터
2026,8523512030,813700,컴퓨터
2026,8523512090,813700,컴퓨터
2026,8523521000,831230,반도체
2026,8523522000,831230,반도체
2026,8523529000,831230,반도체
2026,8523591000,813800,컴퓨터
2026,8523592010,813700,컴퓨터
2026,8523592020,813700,컴퓨터
2026,8523592030,813700,컴퓨터
2026,8523592090,829100,가전
2026,8523801000,813800,컴퓨터
2026,8523802010,813700,컴퓨터
2026,8523802020,813700,컴퓨터
2026,8523802030,813700,컴퓨터
2026,8523802090,813700,컴퓨터
2026,8524111000,837110,디스플레이
2026,8524112000,837110,디스플레이
2026,8524113000,837110,디스플레이
2026,8524114000,837110,디스플레이
2026,8524115000,837110,디스플레이
2026,8524119000,837110,디스플레이
2026,8524121000,837120,디스플레이
2026,8524122000,837120,디스플레이
2026,8524123000,837120,디스플레이
2026,8524124000,837120,디스플레이
2026,8524125000,837120,디스플레이
2026,8524129000,837120,디스플레이
2026,8524191000,837130,디스플레이
2026,8524192000,837130,디스플레이
2026,8524193000,837130,디스플레이
2026,8524194000,837130,디스플레이
2026,8524195000,837130,디스플레이
2026,8524199000,837130,디스플레이
2026,8524911000,837110,디스플레이
2026,8524912000,837110,디스플레이
2026,8524913000,837110,디스플레이
2026,8524914000,837110,디스플레이
2026,8524915000,837110,디스플레이
2026,8524919000,837110,디스플레이
2026,8524921000,837120,디스플레이
2026,8524922000,837120,디스플레이
2026,8524923000,837120,디스플레이
2026,8524924000,837120,디스플레이
2026,8524925000,837120,디스플레이
2026,8524929000,837120,디스플레이
2026,8524991000,837130,디스플레이
2026,8524992000,837130,디스플레이
2026,8524993000,837130,디스플레이
2026,8524994000,837130,디스플레이
2026,8524995000,837130,디스플레이
2026,8524999000,837130,디스플레이
2026,8525501000,812200,무선통신기기
2026,8525502000,812200,무선통신기기
2026,8525509000,812200,무선통신기기
2026,8525601000,812200,무선통신기기
2026,8525602000,812200,무선통신기기
2026,8525609000,812720,무선통신기기
2026,8525810000,812410,무선통신기기
2026,8525820000,812410,무선통신기기
2026,8525830000,812410,무선통신기기
2026,8525891000,812410,무선통신기기
2026,8525892000,812410,무선통신기기
2026,8525893000,821490,가전
2026,8525899000,821410,가전
2026,8526101000,812610,무선통신기기
2026,8526109000,812610,무선통신기기
2026,8526911010,812610,무선통신기기
2026,8526911090,812610,무선통신기기
2026,8526912010,812610,무선통신기기
2026,8526912090,812610,무선통신기기
2026,8526913010,812610,무선통신기기
2026,8526913020,812610,무선통신기기
2026,8526913090,812610,무선통신기기
2026,8526914000,812610,무선통신기기
2026,8526919010,812610,무선통신기기
2026,8526919020,812610,무선통신기기
2026,8526919090,812610,무선통신기기
2026,8526920000,812620,무선통신기기
2026,8527120000,822210,가전
2026,8527131000,822290,가전
2026,8527132000,822290,가전
2026,8527133000,822290,가전
2026,8527139000,822290,가전
2026,8527190000,822100,가전
2026,8527211000,822300,가전
2026,8527212010,822300,가전
2026,8527212090,822300,가전
2026,8527213010,822300,가전
2026,8527213090,822300,가전
2026,8527219010,822300,가전
2026,8527219090,822300,가전
2026,8527290000,822100,가전
2026,8527911010,822290,가전
2026,8527911020,822290,가전
2026,8527911030,822290,가전
2026,8527911090,822290,가전
2026,8527919000,822290,가전
2026,8527920000,822100,가전
2026,8527990000,822100,가전
2026,8528420000,812420,무선통신기기
2026,8528491010,812420,무선통신기기
2026,8528491090,812420,무선통신기기
2026,8528492010,812420,무선통신기기
2026,8528492090,812420,무선통신기기
2026,8528521000,813420,컴퓨터
2026,8528529000,813420,컴퓨터
2026,8528591010,932090,바이오헬스
2026,8528591090,812420,무선통신기기
2026,8528592010,932090,바이오헬스
2026,8528592090,812420,무선통신기기
2026,8528620000,813420,컴퓨터
2026,8528690000,812420,무선통신기기
2026,8528711000,812520,무선통신기기
2026,8528712020,812510,무선통신기기
2026,8528712090,812510,무선통신기기
2026,8528713000,812510,무선통신기기
2026,8528719000,821143,가전
2026,8528722000,821122,가전
2026,8528725000,821143,가전
2026,8528726000,821143,가전
2026,8528729000,821143,가전
2026,8528730000,821210,가전
2026,8529101000,812810,무선통신기기
2026,8529109100,812810,무선통신기기
2026,8529109200,812810,무선통신기기
2026,8529109900,812810,무선통신기기
2026,8529903010,812890,무선통신기기
2026,8529903020,812890,무선통신기기
2026,8529904000,812890,무선통신기기
2026,8529905000,822800,가전
2026,8529906010,812890,무선통신기기
2026,8529906021,821170,가전
2026,8529906022,837110,디스플레이
2026,8529906023,837120,디스플레이
2026,8529906029,821170,가전
2026,8531201000,837110,디스플레이
2026,8531909000,837120,디스플레이
2026,8532100000,841390,전기기기
2026,8535100000,841390,전기기기
2026,8535211000,841310,전기기기
2026,8535212000,841310,전기기기
2026,8535291000,841310,전기기기
2026,8535292000,841310,전기기기
2026,8535301000,841310,전기기기
2026,8535302000,841310,전기기기
2026,8535303000,841310,전기기기
2026,8535400000,841390,전기기기
2026,8535901000,841330,전기기기
2026,8535902000,841330,전기기기
2026,8535909000,841390,전기기기
2026,8536200000,841320,전기기기
2026,8536300000,841390,전기기기
2026,8536490000,841390,전기기기
2026,8536501000,841320,전기기기
2026,8536502000,841320,전기기기
2026,8536503000,841320,전기기기
2026,8536504000,841320,전기기기
2026,8536509010,841320,전기기기
2026,8536509020,841320,전기기기
2026,8536509030,841320,전기기기
2026,8536509090,841320,전기기기
2026,8537103000,849220,전기기기
2026,8537104000,849220,전기기기
2026,8537105010,842510,전기기기
2026,8537105020,842520,전기기기
2026,8537105090,842530,전기기기
2026,8537203000,841420,전기기기
2026,8537204000,841430,전기기기
2026,8538100000,849220,전기기기
2026,8538901000,849230,전기기기
2026,8538902000,849240,전기기기
2026,8538903000,849250,전기기기
2026,8538905000,849260,전기기기
2026,8538909000,837110,디스플레이
2026,8539100000,826100,가전
2026,8539210000,826100,가전
2026,8539221000,826100,가전
2026,8539223000,826100,가전
2026,8539229000,826100,가전
2026,8539290000,826100,가전
2026,8539310000,826100,가전
2026,8539321000,826100,가전
2026,8539322000,826100,가전
2026,8539323000,826100,가전
2026,8539391010,826100,가전
2026,8539391090,826100,가전
2026,8539399000,826100,가전
2026,8539410000,826100,가전
2026,8539491090,826100,가전
2026,8539492000,826100,가전
2026,8539510000,826910,가전
2026,8539520000,826100,가전
2026,8539901000,826200,가전
2026,8539902000,826200,가전
2026,8539909000,826920,가전
2026,8541101000,831320,반도체
2026,8541109000,831320,반도체
2026,8541211000,831310,반도체
2026,8541219000,831310,반도체
2026,8541291000,831310,반도체
2026,8541299000,831310,반도체
2026,8541301000,831390,반도체
2026,8541302000,831390,반도체
2026,8541303000,831390,반도체
2026,8541304000,831390,반도체
2026,8541411000,831390,반도체
2026,8541419000,831390,반도체
2026,8541420000,831390,반도체
2026,8541430000,841180,전기기기
2026,8541491000,831390,반도체
2026,8541492000,831390,반도체
2026,8541493000,831390,반도체
2026,8541499000,831390,반도체
2026,8541511000,831330,반도체
2026,8541512000,831330,반도체
2026,8541513000,831330,반도체
2026,8541514000,831330,반도체
2026,8541591000,831390,반도체
2026,8541599000,831390,반도체
2026,8541601000,831390,반도체
2026,8541609000,831390,반도체
2026,8541902000,831340,반도체
2026,8541903000,831340,반도체
2026,8541909000,831340,반도체
2026,8542311000,831210,반도체
2026,8542312000,831210,반도체
2026,8542313000,831210,반도체
2026,8542314000,831210,반도체
2026,8542321010,831110,반도체
2026,8542321020,831130,반도체
2026,8542321030,831120,반도체
2026,8542321090,831190,반도체
2026,8542322000,831190,반도체
2026,8542323000,831190,반도체
2026,8542324000,831190,반도체
2026,8542331000,831220,반도체
2026,8542332000,831220,반도체
2026,8542333000,831220,반도체
2026,8542334000,831220,반도체
2026,8542391000,831230,반도체
2026,8542392000,831230,반도체
2026,8542393000,831230,반도체
2026,8542394000,831230,반도체
2026,8542900000,831240,반도체
2026,8543301000,842990,전기기기
2026,8543302000,842990,전기기기
2026,8543309000,842990,전기기기
2026,8543401000,849910,전기기기
2026,8543409000,849910,전기기기
2026,8543701000,842990,전기기기
2026,8543702010,829100,가전
2026,8543702020,829100,가전
2026,8543702030,822490,가전
2026,8543702040,822490,가전
2026,8543702050,829100,가전
2026,8543702090,829100,가전
2026,8543709010,822490,가전
2026,8543901000,831240,반도체
2026,8544111000,842110,전기기기
2026,8544119000,842110,전기기기
2026,8544190000,842110,전기기기
2026,8544200000,842120,전기기기
2026,8544300000,842130,전기기기
2026,8544421010,842140,전기기기
2026,8544421090,842150,전기기기
2026,8544422010,842140,전기기기
2026,8544422090,842150,전기기기
2026,8544429010,842140,전기기기
2026,8544429090,842150,전기기기
2026,8544491011,842140,전기기기
2026,8544491012,842140,전기기기
2026,8544491090,841510,전기기기
2026,8544492011,842140,전기기기
2026,8544492012,842140,전기기기
2026,8544492090,841510,전기기기
2026,8544499011,842140,전기기기
2026,8544499012,842140,전기기기
2026,8544499090,841510,전기기기
2026,8544601010,841520,전기기기
2026,8544601090,841520,전기기기
2026,8544602010,841520,전기기기
2026,8544602090,841520,전기기기
2026,8544603010,841520,전기기기
2026,8544603090,841520,전기기기
2026,8544700000,842160,전기기기
2026,8545110000,849310,전기기기
2026,8545190000,849310,전기기기
2026,8545200000,849310,전기기기
2026,8545901000,849310,전기기기
2026,8545902000,849310,전기기기
2026,8546100000,841340,전기기기
2026,8546200000,841340,전기기기
2026,8546901000,841340,전기기기
2026,8546909000,841340,전기기기
2026,8547100000,849490,전기기기
2026,8547200000,849490,전기기기
2026,8547900000,849490,전기기기
2026,8548001000,831240,반도체
2026,8548009000,837120,디스플레이
2026,8549110000,849930,전기기기
2026,8549121000,849930,전기기기
2026,8549122000,849930,전기기기
2026,8549123000,849930,전기기기
2026,8549130000,849930,전기기기
2026,8549141000,849930,전기기기
2026,8549142000,849930,전기기기
2026,8549149000,849930,전기기기
2026,8549190000,849930,전기기기
2026,8549211000,849930,전기기기
2026,8549212000,849930,전기기기
2026,8549219000,849930,전기기기
2026,8549291000,849930,전기기기
2026,8549292000,849930,전기기기
2026,8549299000,849930,전기기기
2026,8549311000,849930,전기기기
2026,8549312000,849930,전기기기
2026,8549319000,849930,전기기기
2026,8549391000,849930,전기기기
2026,8549392000,849930,전기기기
2026,8549399000,849930,전기기기
2026,8549911000,849930,전기기기
2026,8549912000,849930,전기기기
2026,8549919000,849930,전기기기
2026,8549991000,849930,전기기기
2026,8549992000,849930,전기기기
2026,8549999000,849930,전기기기
2026,8608001000,719190,일반기계
2026,8608002000,719190,일반기계
2026,8608009000,719290,일반기계
2026,8701100000,722100,일반기계
2026,8701211000,741110,자동차
2026,8701212000,741120,자동차
2026,8701221000,741130,자동차
2026,8701222000,741140,자동차
2026,8701231000,741130,자동차
2026,8701232000,741140,자동차
2026,8701241000,741150,자동차
2026,8701242000,741160,자동차
2026,8701291000,741130,자동차
2026,8701292000,741140,자동차
2026,8701300000,741110,자동차
2026,8701911010,741110,자동차
2026,8701911020,741120,자동차
2026,8701912000,722100,일반기계
2026,8701919000,741120,자동차
2026,8701921010,741110,자동차
2026,8701921020,741120,자동차
2026,8701922000,722100,일반기계
2026,8701929000,741110,자동차
2026,8701931010,741110,자동차
2026,8701931020,741120,자동차
2026,8701932000,722100,일반기계
2026,8701939000,741110,자동차
2026,8701941010,741110,자동차
2026,8701941020,741120,자동차
2026,8701942000,722100,일반기계
2026,8701949000,741110,자동차
2026,8701951010,741110,자동차
2026,8701951020,741120,자동차
2026,8701952000,722100,일반기계
2026,8701959000,741110,자동차
2026,8702101010,741210,자동차
2026,8702101020,741220,자동차
2026,8702102010,741210,자동차
2026,8702102020,741220,자동차
2026,8702103010,741210,자동차
2026,8702103020,741220,자동차
2026,8702201000,741230,자동차
2026,8702202000,741240,자동차
2026,8702301000,741230,자동차
2026,8702302000,741240,자동차
2026,8702401000,741250,자동차
2026,8702402000,741260,자동차
2026,8702901010,741210,자동차
2026,8702901020,741220,자동차
2026,8702902010,741210,자동차
2026,8702902020,741220,자동차
2026,8702903010,741210,자동차
2026,8702903020,741220,자동차
2026,8703101000,741600,자동차
2026,8703102000,741600,자동차
2026,8703109000,741600,자동차
2026,8703217000,741310,자동차
2026,8703218000,741320,자동차
2026,8703227000,741310,자동차
2026,8703228000,741320,자동차
2026,8703231010,741310,자동차
2026,8703231020,741320,자동차
2026,8703239010,741310,자동차
2026,8703239020,741320,자동차
2026,8703241010,741310,자동차
2026,8703241020,741320,자동차
2026,8703249010,741310,자동차
2026,8703249020,741320,자동차
2026,8703317000,741310,자동차
2026,8703318000,741320,자동차
2026,8703321010,741310,자동차
2026,8703321020,741320,자동차
2026,8703329010,741310,자동차
2026,8703329020,741320,자동차
2026,8703337000,741310,자동차
2026,8703338000,741320,자동차
2026,8703401000,741330,자동차
2026,8703402000,741340,자동차
2026,8703501000,741330,자동차
2026,8703502000,741340,자동차
2026,8703601000,741330,자동차
2026,8703602000,741340,자동차
2026,8703701000,741330,자동차
2026,8703702000,741340,자동차
2026,8703801000,741350,자동차
2026,8703802000,741360,자동차
2026,8703900000,741310,자동차
2026,8704100000,741410,자동차
2026,8704211010,741410,자동차
2026,8704211020,741420,자동차
2026,8704219010,741410,자동차
2026,8704219020,741410,자동차
2026,8704219090,741410,자동차
2026,8704221011,741410,자동차
2026,8704221012,741420,자동차
2026,8704221091,741410,자동차
2026,8704221092,741420,자동차
2026,8704229010,741410,자동차
2026,8704229020,741420,자동차
2026,8704229090,741410,자동차
2026,8704231010,741410,자동차
2026,8704231020,741420,자동차
2026,8704239010,741410,자동차
2026,8704239020,741420,자동차
2026,8704239090,741410,자동차
2026,8704311010,741410,자동차
2026,8704311020,741420,자동차
2026,8704319010,741410,자동차
2026,8704319020,741420,자동차
2026,8704319090,741410,자동차
2026,8704321010,741410,자동차
2026,8704321020,741420,자동차
2026,8704329010,741410,자동차
2026,8704329020,741410,자동차
2026,8704329090,741410,자동차
2026,8704411010,741430,자동차
2026,8704411020,741440,자동차
2026,8704419010,741430,자동차
2026,8704419020,741430,자동차
2026,8704419090,741430,자동차
2026,8704421010,741430,자동차
2026,8704421020,741440,자동차
2026,8704429010,741430,자동차
2026,8704429020,741430,자동차
2026,8704429090,741430,자동차
2026,8704431010,741430,자동차
2026,8704431020,741440,자동차
2026,8704439010,741430,자동차
2026,8704439020,741430,자동차
2026,8704439090,741430,자동차
2026,8704511010,741430,자동차
2026,8704511020,741440,자동차
2026,8704519010,741430,자동차
2026,8704519020,741430,자동차
2026,8704519090,741430,자동차
2026,8704521010,741430,자동차
2026,8704521020,741440,자동차
2026,8704529010,741430,자동차
2026,8704529020,741430,자동차
2026,8704529090,741430,자동차
2026,8704601010,741450,자동차
2026,8704601020,741460,자동차
2026,8704609010,741450,자동차
2026,8704609020,741450,자동차
2026,8704609090,741450,자동차
2026,8704901010,741450,자동차
2026,8704901020,741460,자동차
2026,8704909010,741450,자동차
2026,8704909020,741450,자동차
2026,8704909090,741450,자동차
2026,8705101000,741500,자동차
2026,8705102000,741500,자동차
2026,8705109000,741500,자동차
2026,8705200000,741500,자동차
2026,8705300000,741500,자동차
2026,8705400000,741500,자동차
2026,8705901010,741500,자동차
2026,8705901090,741500,자동차
2026,8705909010,741500,자동차
2026,8705909020,741500,자동차
2026,8705909030,741500,자동차
2026,8705909040,741500,자동차
2026,8705909050,741500,자동차
2026,8705909060,741500,자동차
2026,8705909070,741500,자동차
2026,8705909090,741500,자동차
2026,8706001000,742000,자동차부품
2026,8706002000,742000,자동차부품
2026,8706003000,742000,자동차부품
2026,8706004000,742000,자동차부품
2026,8706005000,742000,자동차부품
2026,8707100000,742000,자동차부품
2026,8707901000,742000,자동차부품
2026,8707902000,742000,자동차부품
2026,8707903000,742000,자동차부품
2026,8707904000,742000,자동차부품
2026,8708100000,742000,자동차부품
2026,8708210000,742000,자동차부품
2026,8708220000,742000,자동차부품
2026,8708290000,742000,자동차부품
2026,8708301000,742000,자동차부품
2026,8708302000,742000,자동차부품
2026,8708303000,742000,자동차부품
2026,8708309000,742000,자동차부품
2026,8708400000,742000,자동차부품
2026,8708501000,742000,자동차부품
2026,8708502000,742000,자동차부품
2026,8708700000,742000,자동차부품
2026,8708800000,742000,자동차부품
2026,8708910000,742000,자동차부품
2026,8708920000,742000,자동차부품
2026,8708930000,742000,자동차부품
2026,8708940000,742000,자동차부품
2026,8708951000,742000,자동차부품
2026,8708959000,742000,자동차부품
2026,8708991010,742000,자동차부품
2026,8708991020,742000,자동차부품
2026,8708991030,742000,자동차부품
2026,8708991040,742000,자동차부품
2026,8708991050,742000,자동차부품
2026,8708999000,742000,자동차부품
2026,8709110000,741600,자동차
2026,8709190000,741600,자동차
2026,8709900000,742000,자동차부품
2026,8713100000,932090,바이오헬스
2026,8713900000,932090,바이오헬스
2026,8714200000,932090,바이오헬스
2026,8715000000,517100,생활용품
2026,8716100000,741600,자동차
2026,8716200000,722900,일반기계
2026,8716310000,741600,자동차
2026,8716390000,741600,자동차
2026,8716400000,741600,자동차
2026,8716801000,741600,자동차
2026,8716802000,741600,자동차
2026,8716803000,741600,자동차
2026,8716809000,741600,자동차
2026,8716901000,742000,자동차부품
2026,8716909000,742000,자동차부품
2026,8901100000,746110,선박류
2026,8901200000,746120,선박류
2026,8901300000,746120,선박류
2026,8901901000,746120,선박류
2026,8901902000,746120,선박류
2026,8902001010,746130,선박류
2026,8902001020,746130,선박류
2026,8902001030,746130,선박류
2026,8902001090,746130,선박류
2026,8902002010,746130,선박류
2026,8902002090,746130,선박류
2026,8903110000,746140,선박류
2026,8903120000,746140,선박류
2026,8903190000,746140,선박류
2026,8903210000,746140,선박류
2026,8903220000,746140,선박류
2026,8903230000,746140,선박류
2026,8903310000,746159,선박류
2026,8903320000,746159,선박류
2026,8903330000,746159,선박류
2026,8903931000,746151,선박류
2026,8903939000,746159,선박류
2026,8903991000,746151,선박류
2026,8903999000,746159,선박류
2026,8904001000,746160,선박류
2026,8904002000,746160,선박류
2026,8904009000,746160,선박류
2026,8905100000,746190,선박류
2026,8905201000,746200,선박류
2026,8905202000,746200,선박류
2026,8905209000,746200,선박류
2026,8905901000,746190,선박류
2026,8905902000,746190,선박류
2026,8905903000,746190,선박류
2026,8905905000,746190,선박류
2026,8905907000,746190,선박류
2026,8905908000,746190,선박류
2026,8905909000,746190,선박류
2026,8906100000,746170,선박류
2026,8906900000,746190,선박류
2026,8907100000,746200,선박류
2026,8907901000,746200,선박류
2026,8907902000,746200,선박류
2026,8907903000,746200,선박류
2026,8907904000,746200,선박류
2026,8907905000,746200,선박류
2026,8907906000,746200,선박류
2026,8907909000,746200,선박류
2026,8908001000,746190,선박류
2026,8908009000,746200,선박류
2026,9001200000,724390,일반기계
2026,9001300000,932050,바이오헬스
2026,9001400000,932050,바이오헬스
2026,9001501000,932050,바이오헬스
2026,9001509000,518110,생활용품
2026,9001901000,724310,일반기계
2026,9001902000,724310,일반기계
2026,9001903000,724310,일반기계
2026,9001909000,724310,일반기계
2026,9002111000,724310,일반기계
2026,9002119010,724310,일반기계
2026,9002119020,724310,일반기계
2026,9002119090,724310,일반기계
2026,9002191000,724310,일반기계
2026,9002199000,724310,일반기계
2026,9002201000,724310,일반기계
2026,9002209000,724310,일반기계
2026,9002901000,724310,일반기계
2026,9002909090,724310,일반기계
2026,9003110000,518120,생활용품
2026,9003191000,518120,생활용품
2026,9003199000,518120,생활용품
2026,9003900000,518120,생활용품
2026,9004101000,518130,생활용품
2026,9004109000,518130,생활용품
2026,9004901000,932090,바이오헬스
2026,9004902000,518130,생활용품
2026,9004909000,932090,바이오헬스
2026,9005100000,724150,일반기계
2026,9005800000,724150,일반기계
2026,9005900000,724390,일반기계
2026,9006300000,932090,바이오헬스
2026,9006400000,724110,일반기계
2026,9006531000,724110,일반기계
2026,9006539010,724110,일반기계
2026,9006539090,724110,일반기계
2026,9006591000,724110,일반기계
2026,9006599000,724110,일반기계
2026,9006610000,724110,일반기계
2026,9006690000,724110,일반기계
2026,9006910000,724390,일반기계
2026,9006990000,724390,일반기계
2026,9007100000,724120,일반기계
2026,9007200000,724130,일반기계
2026,9007910000,724390,일반기계
2026,9007920000,724390,일반기계
2026,9008500000,724190,일반기계
2026,9008900000,724390,일반기계
2026,9010101000,724140,일반기계
2026,9010109090,724140,일반기계
2026,9010509000,724140,일반기계
2026,9010600000,724140,일반기계
2026,9010902000,724390,일반기계
2026,9010909000,724390,일반기계
2026,9011101000,724160,일반기계
2026,9011109000,724160,일반기계
2026,9011201010,724160,일반기계
2026,9011201090,724160,일반기계
2026,9011209000,724160,일반기계
2026,9011802000,724160,일반기계
2026,9011804000,724160,일반기계
2026,9011809000,724160,일반기계
2026,9011901000,724160,일반기계
2026,9011909000,724160,일반기계
2026,9013101000,724190,일반기계
2026,9013109000,724190,일반기계
2026,9013200000,812410,무선통신기기
2026,9013802000,724190,일반기계
2026,9013803000,724190,일반기계
2026,9013809000,724390,일반기계
2026,9013902000,724390,일반기계
2026,9013909000,724390,일반기계
2026,9017101000,515190,생활용품
2026,9017109000,515190,생활용품
2026,9017201010,515190,생활용품
2026,9017201090,515190,생활용품
2026,9017202010,515190,생활용품
2026,9017202090,515190,생활용품
2026,9017209000,763610,일반기계
2026,9017301000,763610,일반기계
2026,9017302000,763610,일반기계
2026,9017303000,763610,일반기계
2026,9017309000,763610,일반기계
2026,9017801000,515190,생활용품
2026,9017809090,763610,일반기계
2026,9017909090,763620,일반기계
2026,9018111000,932090,바이오헬스
2026,9018119000,932090,바이오헬스
2026,9018121000,932030,바이오헬스
2026,9018129000,932030,바이오헬스
2026,9018131000,932030,바이오헬스
2026,9018139000,932030,바이오헬스
2026,9018140000,932090,바이오헬스
2026,9018191000,932060,바이오헬스
2026,9018192000,932060,바이오헬스
2026,9018194000,932060,바이오헬스
2026,9018197000,932060,바이오헬스
2026,9018198000,932060,바이오헬스
2026,9018199000,932060,바이오헬스
2026,9018201000,932050,바이오헬스
2026,9018209000,932040,바이오헬스
2026,9018310000,932060,바이오헬스
2026,9018321000,932090,바이오헬스
2026,9018322000,932090,바이오헬스
2026,9018329000,932090,바이오헬스
2026,9018391000,932060,바이오헬스
2026,9018392000,932060,바이오헬스
2026,9018398000,932060,바이오헬스
2026,9018399000,932060,바이오헬스
2026,9018411000,932090,바이오헬스
2026,9018419000,932090,바이오헬스
2026,9018491000,932020,바이오헬스
2026,9018492000,932020,바이오헬스
2026,9018493000,932020,바이오헬스
2026,9018498000,932020,바이오헬스
2026,9018499000,932020,바이오헬스
2026,9018501010,932090,바이오헬스
2026,9018501090,932090,바이오헬스
2026,9018509000,932090,바이오헬스
2026,9018901000,932040,바이오헬스
2026,9018902010,932040,바이오헬스
2026,9018902090,932040,바이오헬스
2026,9018903000,932040,바이오헬스
2026,9018904000,932040,바이오헬스
2026,9018905000,932040,바이오헬스
2026,9018906000,932040,바이오헬스
2026,9018907000,932040,바이오헬스
2026,9018908110,932040,바이오헬스
2026,9018908190,932040,바이오헬스
2026,9018908900,932040,바이오헬스
2026,9018909000,932040,바이오헬스
2026,9019101000,932090,바이오헬스
2026,9019102000,829100,가전
2026,9019103000,932090,바이오헬스
2026,9019109000,932090,바이오헬스
2026,9019202000,932090,바이오헬스
2026,9019203000,932090,바이오헬스
2026,9019204000,932090,바이오헬스
2026,9019208000,932090,바이오헬스
2026,9019209000,932090,바이오헬스
2026,9020001000,932090,바이오헬스
2026,9020008000,932090,바이오헬스
2026,9020009000,932090,바이오헬스
2026,9021101000,932060,바이오헬스
2026,9021109000,932060,바이오헬스
2026,9021210000,932020,바이오헬스
2026,9021290000,932020,바이오헬스
2026,9021310000,932060,바이오헬스
2026,9021391000,932090,바이오헬스
2026,9021399000,932090,바이오헬스
2026,9021400000,932090,바이오헬스
2026,9021500000,932090,바이오헬스
2026,9021901010,932090,바이오헬스
2026,9021901090,932090,바이오헬스
2026,9021908000,932090,바이오헬스
2026,9021909000,932090,바이오헬스
2026,9022120000,932030,바이오헬스
2026,9022130000,932020,바이오헬스
2026,9022141020,932090,바이오헬스
2026,9022141030,932090,바이오헬스
2026,9022141090,932090,바이오헬스
2026,9022142000,932090,바이오헬스
2026,9022211020,932090,바이오헬스
2026,9022211030,932090,바이오헬스
2026,9022211090,932090,바이오헬스
2026,9022212000,932090,바이오헬스
2026,9022901020,932030,바이오헬스
2026,9022901090,932030,바이오헬스
2026,9022909010,932030,바이오헬스
2026,9022909090,932030,바이오헬스
2026,9025111000,932090,바이오헬스
2026,9025119000,932090,바이오헬스
2026,9025192090,932090,바이오헬스
2026,9027503000,932090,바이오헬스
2026,9028301010,841440,전기기기
2026,9028301020,841440,전기기기
2026,9101110000,518210,생활용품
2026,9101190000,518210,생활용품
2026,9101210000,518210,생활용품
2026,9101290000,518210,생활용품
2026,9101910000,518270,생활용품
2026,9101990000,518270,생활용품
2026,9102111000,518210,생활용품
2026,9102112000,518210,생활용품
2026,9102119010,518210,생활용품
2026,9102119090,518210,생활용품
2026,9102121000,518240,생활용품
2026,9102129010,518240,생활용품
2026,9102129020,518240,생활용품
2026,9102129090,518240,생활용품
2026,9102191000,518210,생활용품
2026,9102199010,518210,생활용품
2026,9102199020,518210,생활용품
2026,9102199090,518210,생활용품
2026,9102211000,518210,생활용품
2026,9102212000,518210,생활용품
2026,9102219000,518210,생활용품
2026,9102291000,518210,생활용품
2026,9102292000,518210,생활용품
2026,9102299000,518210,생활용품
2026,9102911000,518270,생활용품
2026,9102912000,518270,생활용품
2026,9102919010,518270,생활용품
2026,9102919090,518270,생활용품
2026,9102991000,518270,생활용품
2026,9102992000,518270,생활용품
2026,9102999000,518270,생활용품
2026,9103100000,518270,생활용품
2026,9103900000,518270,생활용품
2026,9104000000,518260,생활용품
2026,9105110000,518220,생활용품
2026,9105190000,518220,생활용품
2026,9105210000,518230,생활용품
2026,9105290000,518230,생활용품
2026,9105910000,518270,생활용품
2026,9105990000,518270,생활용품
2026,9106100000,518270,생활용품
2026,9106902000,518270,생활용품
2026,9106909000,518270,생활용품
2026,9107000000,518290,생활용품
2026,9108110000,518290,생활용품
2026,9108120000,518290,생활용품
2026,9108190000,518290,생활용품
2026,9108200000,518290,생활용품
2026,9108900000,518290,생활용품
2026,9109100000,518290,생활용품
2026,9109900000,518290,생활용품
2026,9110110000,518290,생활용품
2026,9110120000,518290,생활용품
2026,9110190000,518290,생활용품
2026,9110900000,518290,생활용품
2026,9111100000,518290,생활용품
2026,9111200000,518290,생활용품
2026,9111800000,518290,생활용품
2026,9111901000,518290,생활용품
2026,9111909000,518290,생활용품
2026,9112200000,518290,생활용품
2026,9112900000,518290,생활용품
2026,9113100000,518290,생활용품
2026,9113200000,518250,생활용품
2026,9113901000,518250,생활용품
2026,9113902000,518250,생활용품
2026,9113909000,518250,생활용품
2026,9114300000,518290,생활용품
2026,9114400000,518290,생활용품
2026,9114900000,518290,생활용품
2026,9201100000,513100,생활용품
2026,9201200000,513100,생활용품
2026,9201900000,513900,생활용품
2026,9202101000,513210,생활용품
2026,9202102000,513220,생활용품
2026,9202109000,513290,생활용품
2026,9202901000,513290,생활용품
2026,9202902000,513290,생활용품
2026,9202909000,513900,생활용품
2026,9205101000,513310,생활용품
2026,9205109000,513390,생활용품
2026,9205901010,513390,생활용품
2026,9205901020,513391,생활용품
2026,9205901030,513392,생활용품
2026,9205901040,513393,생활용품
2026,9205901090,513394,생활용품
2026,9205902000,513900,생활용품
2026,9205903000,513900,생활용품
2026,9205904000,513900,생활용품
2026,9205909000,513395,생활용품
2026,9206001000,513400,생활용품
2026,9206003000,513400,생활용품
2026,9206009000,513400,생활용품
2026,9207101000,513900,생활용품
2026,9207103000,513100,생활용품
2026,9207109000,513900,생활용품
2026,9207901000,513900,생활용품
2026,9207902000,513900,생활용품
2026,9207909000,513900,생활용품
2026,9208100000,513900,생활용품
2026,9208900000,513900,생활용품
2026,9209301000,513500,생활용품
2026,9209309000,513500,생활용품
2026,9209910000,513500,생활용품
2026,9209920000,513500,생활용품
2026,9209940000,513500,생활용품
2026,9209990000,513500,생활용품
2026,9303201011,524300,생활용품
2026,9303201012,524300,생활용품
2026,9303201019,524300,생활용품
2026,9303201020,524300,생활용품
2026,9303201090,524300,생활용품
2026,9303209011,524300,생활용품
2026,9303209012,524300,생활용품
2026,9303209019,524300,생활용품
2026,9303209020,524300,생활용품
2026,9303209090,524300,생활용품
2026,9303301010,524300,생활용품
2026,9303301020,524300,생활용품
2026,9303301090,524300,생활용품
2026,9303309010,524300,생활용품
2026,9303309020,524300,생활용품
2026,9303309090,524300,생활용품
2026,9401100000,512110,생활용품
2026,9401200000,512120,생활용품
2026,9401311000,512130,생활용품
2026,9401319000,512130,생활용품
2026,9401391000,512130,생활용품
2026,9401399000,512130,생활용품
2026,9401410000,512140,생활용품
2026,9401490000,512140,생활용품
2026,9401520000,512150,생활용품
2026,9401530000,512150,생활용품
2026,9401590000,512150,생활용품
2026,9401611000,512150,생활용품
2026,9401619000,512150,생활용품
2026,9401691000,512150,생활용품
2026,9401699000,512150,생활용품
2026,9401711000,512150,생활용품
2026,9401719000,512150,생활용품
2026,9401791000,512150,생활용품
2026,9401799000,512150,생활용품
2026,9401800000,512150,생활용품
2026,9401910000,512160,생활용품
2026,9401991000,512160,생활용품
2026,9401999000,512160,생활용품
2026,9402101000,932090,바이오헬스
2026,9402109010,512190,생활용품
2026,9402109090,512190,생활용품
2026,9402901000,932090,바이오헬스
2026,9402908000,932090,바이오헬스
2026,9402909000,932090,바이오헬스
2026,9403100000,512900,생활용품
2026,9403201000,512210,생활용품
2026,9403209000,512900,생활용품
2026,9403301000,512400,생활용품
2026,9403309000,512900,생활용품
2026,9403401000,512300,생활용품
2026,9403409000,512900,생활용품
2026,9403501000,512210,생활용품
2026,9403509000,512900,생활용품
2026,9403601000,512900,생활용품
2026,9403609010,512510,생활용품
2026,9403609020,512520,생활용품
2026,9403609030,512530,생활용품
2026,9403609090,512900,생활용품
2026,9403700000,512900,생활용품
2026,9403820000,512190,생활용품
2026,9403830000,512190,생활용품
2026,9403890000,512900,생활용품
2026,9403910000,512900,생활용품
2026,9403990000,512900,생활용품
2026,9404100000,932090,바이오헬스
2026,9404210000,449009,섬유류
2026,9404290000,449009,섬유류
2026,9404300000,449009,섬유류
2026,9404400000,449009,섬유류
2026,9404900000,449009,섬유류
2026,9405110000,826910,가전
2026,9405191000,826910,가전
2026,9405192000,826910,가전
2026,9405199000,826910,가전
2026,9405210000,826910,가전
2026,9405291000,826910,가전
2026,9405299000,826910,가전
2026,9405310000,826910,가전
2026,9405390000,826910,가전
2026,9405410000,826910,가전
2026,9405420000,826910,가전
2026,9405491000,826910,가전
2026,9405492000,826910,가전
2026,9405493000,826910,가전
2026,9405499000,826910,가전
2026,9405500000,826910,가전
2026,9405610000,826910,가전
2026,9405691000,826910,가전
2026,9405692000,826910,가전
2026,9405699000,826910,가전
2026,9405910000,826920,가전
2026,9405920000,826920,가전
2026,9405990000,826920,가전
2026,9406100000,031790,농수산식품
2026,9406903000,621310,비철금속
2026,9503001100,515220,생활용품
2026,9503001200,515220,생활용품
2026,9503001300,515220,생활용품
2026,9503001800,515220,생활용품
2026,9503001900,515220,생활용품
2026,9503002110,515210,생활용품
2026,9503002120,515210,생활용품
2026,9503002130,515210,생활용품
2026,9503002140,515210,생활용품
2026,9503002150,515210,생활용품
2026,9503002160,515210,생활용품
2026,9503002190,515210,생활용품
2026,9503002910,515210,생활용품
2026,9503002990,515210,생활용품
2026,9503003110,515290,생활용품
2026,9503003190,515290,생활용품
2026,9503003200,515230,생활용품
2026,9503003300,515230,생활용품
2026,9503003411,515210,생활용품
2026,9503003419,515210,생활용품
2026,9503003491,515210,생활용품
2026,9503003492,515210,생활용품
2026,9503003493,515210,생활용품
2026,9503003495,515210,생활용품
2026,9503003496,515210,생활용품
2026,9503003497,515210,생활용품
2026,9503003499,515210,생활용품
2026,9503003500,515290,생활용품
2026,9503003600,515290,생활용품
2026,9503003700,515290,생활용품
2026,9503003800,515290,생활용품
2026,9503003911,515290,생활용품
2026,9503003919,515290,생활용품
2026,9503003990,515290,생활용품
2026,9504201000,514110,생활용품
2026,9504202000,514110,생활용품
2026,9504209000,514110,생활용품
2026,9504301000,515250,생활용품
2026,9504309000,515250,생활용품
2026,9504400000,515250,생활용품
2026,9504501000,515240,생활용품
2026,9504509000,515240,생활용품
2026,9504901020,514120,생활용품
2026,9504901030,514120,생활용품
2026,9504901040,514120,생활용품
2026,9504901050,514120,생활용품
2026,9504901090,514120,생활용품
2026,9504902000,515240,생활용품
2026,9504903000,515250,생활용품
2026,9504909020,515240,생활용품
2026,9504909090,515250,생활용품
2026,9505100000,515290,생활용품
2026,9505900000,515290,생활용품
2026,9506110000,514130,생활용품
2026,9506120000,514130,생활용품
2026,9506190000,514130,생활용품
2026,9506210000,514130,생활용품
2026,9506290000,514130,생활용품
2026,9506310000,514140,생활용품
2026,9506320000,514140,생활용품
2026,9506391000,514140,생활용품
2026,9506399000,514140,생활용품
2026,9506401000,514150,생활용품
2026,9506402000,514150,생활용품
2026,9506403000,514150,생활용품
2026,9506409000,514150,생활용품
2026,9506510000,514160,생활용품
2026,9506591000,514160,생활용품
2026,9506599000,514160,생활용품
2026,9506610000,514160,생활용품
2026,9506621000,514170,생활용품
2026,9506622000,514170,생활용품
2026,9506623000,514170,생활용품
2026,9506629000,514170,생활용품
2026,9506691000,514160,생활용품
2026,9506692000,514170,생활용품
2026,9506699000,514170,생활용품
2026,9506700000,514190,생활용품
2026,9506910000,514190,생활용품
2026,9506990000,514190,생활용품
2026,9507101000,514220,생활용품
2026,9507102000,514220,생활용품
2026,9507109000,514220,생활용품
2026,9507200000,514220,생활용품
2026,9507300000,514220,생활용품
2026,9507901000,514220,생활용품
2026,9507909000,514220,생활용품
2026,9508100000,514290,생활용품
2026,9508210000,514290,생활용품
2026,9508220000,514290,생활용품
2026,9508230000,514290,생활용품
2026,9508240000,514290,생활용품
2026,9508250000,514290,생활용품
2026,9508260000,514290,생활용품
2026,9508290000,514290,생활용품
2026,9508300000,514290,생활용품
2026,9508400000,514290,생활용품
2026,9601100000,525900,생활용품
2026,9601901010,525200,생활용품
2026,9601901090,525200,생활용품
2026,9601909010,525900,생활용품
2026,9601909090,525900,생활용품
2026,9602001000,931120,바이오헬스
2026,9602009010,525900,생활용품
2026,9602009090,525900,생활용품
2026,9603100000,511070,생활용품
2026,9603210000,511040,생활용품
2026,9603290000,511040,생활용품
2026,9603300000,515120,생활용품
2026,9603400000,529000,생활용품
2026,9603500000,529000,생활용품
2026,9603900000,529000,생활용품
2026,9604000000,529000,생활용품
2026,9605000000,521220,생활용품
2026,9606100000,529000,생활용품
2026,9606210000,529000,생활용품
2026,9606220000,529000,생활용품
2026,9606291000,529000,생활용품
2026,9606299000,529000,생활용품
2026,9606300000,529000,생활용품
2026,9607110000,529000,생활용품
2026,9607191000,529000,생활용품
2026,9607199000,529000,생활용품
2026,9607201000,529000,생활용품
2026,9607202000,529000,생활용품
2026,9607209000,529000,생활용품
2026,9608100000,515110,생활용품
2026,9608200000,515110,생활용품
2026,9608301000,515110,생활용품
2026,9608309000,515110,생활용품
2026,9608400000,515110,생활용품
2026,9608500000,515110,생활용품
2026,9608600000,515110,생활용품
2026,9608911000,515110,생활용품
2026,9608912000,515110,생활용품
2026,9608991000,515110,생활용품
2026,9608999000,515110,생활용품
2026,9609101000,515110,생활용품
2026,9609102000,515110,생활용품
2026,9609103000,515120,생활용품
2026,9609200000,515110,생활용품
2026,9609901000,515120,생활용품
2026,9609902000,515120,생활용품
2026,9609903000,515110,생활용품
2026,9609909000,515120,생활용품
2026,9610000000,515130,생활용품
2026,9611001000,515190,생활용품
2026,9611009000,515190,생활용품
2026,9612102000,515190,생활용품
2026,9612109000,515190,생활용품
2026,9612200000,515190,생활용품
2026,9613100000,521230,생활용품
2026,9613200000,521230,생활용품
2026,9613800000,521230,생활용품
2026,9613900000,521230,생활용품
2026,9614000000,521290,생활용품
2026,9615111000,521220,생활용품
2026,9615119000,521210,생활용품
2026,9615191000,521220,생활용품
2026,9615199000,521210,생활용품
2026,9615901000,521210,생활용품
2026,9615909000,521210,생활용품
2026,9616100000,521220,생활용품
2026,9616200000,521220,생활용품
2026,9617001000,516400,생활용품
2026,9617002000,516400,생활용품
2026,9617008000,516400,생활용품
2026,9617009000,516400,생활용품
2026,9618001000,529000,생활용품
2026,9618009000,529000,생활용품
2026,9619001010,517210,생활용품
2026,9619001090,517290,생활용품
2026,9619002000,449090,섬유류
2026,9619003010,449090,섬유류
2026,9619003020,449090,섬유류
2026,9619004000,449090,섬유류
2026,9619009010,449090,섬유류
2026,9619009090,449090,섬유류
