산업,검색어,시트,행,열,셀주소,셀내용
농수산식품,식품,HSK코드표,1185,3,C1185,식품용
농수산식품,식품,HSK코드표,1188,3,C1188,식품용
농수산식품,식품,HSK코드표,1459,3,C1459,식품용
농수산식품,식품,HSK코드표,1462,3,C1462,식품용
이차전지,이차전지,HSK코드표,2494,3,C2494,이차전지 제조용
농수산식품,수산,HSK코드표,2575,3,C2575,수산화칼륨[가성(苛性)칼륨]
농수산식품,수산,HSK코드표,2577,3,C2577,수산화마그네슘
농수산식품,수산,HSK코드표,2579,3,C2579,"스트론튬이나 바륨의 산화물, 수산화물, 과산화물"
농수산식품,수산,HSK코드표,2591,3,C2591,수산화크로뮴
농수산식품,수산,HSK코드표,2595,3,C2595,수산화철
이차전지,이차전지,HSK코드표,2598,3,C2598,이차전지 제조용
농수산식품,수산,HSK코드표,2600,3,C2600,수산화제일코발트
농수산식품,수산,HSK코드표,2611,3,C2611,수산화리튬
농수산식품,수산,HSK코드표,2615,3,C2615,수산화니켈
농수산식품,수산,HSK코드표,2622,3,C2622,수산화몰리브덴
농수산식품,수산,HSK코드표,2629,3,C2629,수산화칼슘
농수산식품,수산,HSK코드표,2630,3,C2630,니켈 코발트 망간 수산화물
농수산식품,수산,HSK코드표,2660,3,C2660,수산화염화물
이차전지,이차전지,HSK코드표,2688,3,C2688,이차전지 제조용
이차전지,이차전지,HSK코드표,2695,3,C2695,이차전지 제조용
이차전지,이차전지,HSK코드표,2697,3,C2697,이차전지 제조용
이차전지,이차전지,HSK코드표,2730,3,C2730,이차전지 제조용
농수산식품,식품,HSK코드표,3893,3,C3893,식품공업용
농수산식품,식품,HSK코드표,4012,3,C4012,식품용
농수산식품,식품,HSK코드표,4014,3,C4014,식품용
농수산식품,식품,HSK코드표,4016,3,C4016,식품용
이차전지,이차전지,HSK코드표,4127,3,C4127,이차전지 제조용
이차전지,이차전지,HSK코드표,4385,3,C4385,폴리비닐리덴 플루오라이드[이차전지 제조용으로 한정한다]
이차전지,이차전지,HSK코드표,4533,3,C4533,격리막(이차전지 제조용으로 한정한다)
이차전지,이차전지,HSK코드표,4535,3,C4535,격리막(이차전지 제조용으로 한정한다)
가전,가정용,HSK코드표,6840,3,C6840,가정용품
가전,가정용,HSK코드표,7736,3,C7736,태양열 집열기(가정용에 사용되는 비전기식으로 한정한다)
가전,가정용,HSK코드표,7737,3,C7737,기타 가정용 물품
가전,가정용,HSK코드표,7738,3,C7738,태양열 집열기(가정용에 사용되는 비전기식으로 한정한다)용
가전,가정용,HSK코드표,7825,3,C7825,그 밖의 가정용 물품
가전,가정용,HSK코드표,8018,3,C8018,가정용 공구
농수산식품,식품,HSK코드표,8055,3,C8055,주방기구용이나 식품공업에 사용되는 기계용
가전,가정용,HSK코드표,8067,3,C8067,그 밖의 가정용 식품가공기기
농수산식품,식품,HSK코드표,8067,3,C8067,그 밖의 가정용 식품가공기기
가전,가정용,HSK코드표,8078,3,C8078,가정용ㆍ사무용 가위
농수산식품,농산,HSK코드표,8392,3,C8392,기타(농산물용으로 한정한다)
농수산식품,식품,HSK코드표,8428,3,C8428,식품공업용
농수산식품,농산,HSK코드표,8656,3,C8656,농산물 선별기
가전,가정용,HSK코드표,8847,3,C8847,가정용 의류관리기
일반기계,공작기계,HSK코드표,8983,3,C8983,유리 냉간 가공용 공작기계
일반기계,공작기계,HSK코드표,8984,3,C8984,콘크리트 가공용 공작기계
일반기계,공작기계,HSK코드표,8985,3,C8985,도자기 가공용 공작기계
농수산식품,식품,HSK코드표,9125,3,C9125,식품 자동판매기
일반기계,공작기계,HSK코드표,9274,3,C9274,굽힘용ㆍ접음용ㆍ교정용ㆍ펼침용 금속가공 공작기계(프레스를 포함한다)
일반기계,공작기계,HSK코드표,9322,3,C9322,"굽힘용ㆍ접음용ㆍ교정용ㆍ펼침용 금속가공 공작기계(반도체 리드의 것으로서 프레스를 포함하며, 수치제어식의 여부는 상관없다)"
이차전지,축전지,HSK코드표,9485,3,C9485,피스톤식 엔진 시동용 연산(鉛酸)축전지
이차전지,축전지,HSK코드표,9486,3,C9486,그 밖의 연산(鉛酸)축전지
이차전지,축전지,HSK코드표,9487,3,C9487,니켈-카드뮴 축전지
이차전지,축전지,HSK코드표,9488,3,C9488,니켈-수소합금 축전지
이차전지,축전지,HSK코드표,9492,3,C9492,그 밖의 축전지
농수산식품,식품,HSK코드표,9503,3,C9503,"식품용 그라인더와 믹서, 과실주스·채소주스 추출기"
농수산식품,식품,HSK코드표,9550,3,C9550,식품공업용
농수산식품,식품,HSK코드표,9554,3,C9554,식품공업용
이차전지,축전지,HSK코드표,9859,3,C9859,"수동소자 부분[인덕턴스(inductance), 저항기, 축전지 등]이 형성된 것"
이차전지,배터리,HSK코드표,9896,3,C9896,"제8702호, 제8703호, 제8704호나 제8711호의 자동차용 배터리 클램프(battery clamp)"
이차전지,배터리,HSK코드표,10018,3,C10018,"휴대용 배터리로 작동하는 전자 리더기(문자, 정지화상 또는 음성파일의 기록 및 재생용으로 한정한다)"
이차전지,축전지,HSK코드표,10065,3,C10065,"연산(鉛酸) 축전지의 웨이스트(waste)와 스크랩(scrap), 수명이 끝난 연산 축전지"
이차전지,축전지,HSK코드표,10093,3,C10093,축전지로 주행하는 것
이차전지,배터리,HSK코드표,10852,3,C10852,배터리ㆍ축전지 구동식
이차전지,축전지,HSK코드표,10852,3,C10852,배터리ㆍ축전지 구동식
이차전지,배터리,HSK코드표,10854,3,C10854,배터리ㆍ축전지 구동식
이차전지,축전지,HSK코드표,10854,3,C10854,배터리ㆍ축전지 구동식
이차전지,배터리,HSK코드표,10858,3,C10858,배터리ㆍ축전지 구동식
이차전지,축전지,HSK코드표,10858,3,C10858,배터리ㆍ축전지 구동식
이차전지,배터리,HSK코드표,10870,3,C10870,배터리ㆍ축전지 구동식
이차전지,축전지,HSK코드표,10870,3,C10870,배터리ㆍ축전지 구동식
농수산식품,수산,MTI코드표,2,4,D2,농림수산물
농수산식품,농산,MTI코드표,12,4,D12,농산물
농수산식품,수산,MTI코드표,15,4,D15,수산물
일반기계,제조장비,MTI코드표,42,4,D42,제조장비
일반기계,산업기계,MTI코드표,43,4,D43,산업기계
일반기계,에너지기계,MTI코드표,46,4,D46,에너지기계
일반기계,기계부품,MTI코드표,47,4,D47,기계부품
가전,가정용,MTI코드표,49,4,D49,가정용전자제품
가전,가정용전자,MTI코드표,49,4,D49,가정용전자제품
농수산식품,식품,MTI코드표,64,4,D64,기호식품
농수산식품,농산,MTI코드표,65,4,D65,농산가공품
농수산식품,농산,MTI코드표,67,4,D67,기타농산물
농수산식품,수산,MTI코드표,81,4,D81,수산가공품
농수산식품,수산,MTI코드표,82,4,D82,수산부산물
농수산식품,수산,MTI코드표,83,4,D83,기타수산물
일반기계,공작기계,MTI코드표,192,4,D192,금속공작기계
농수산식품,식품,MTI코드표,196,4,D196,식품가공포장기계
일반기계,산업기계,MTI코드표,203,4,D203,기타산업기계
일반기계,기계요소,MTI코드표,218,4,D218,기계요소
가전,가정용,MTI코드표,229,4,D229,가정용회전기기
가전,가정용,MTI코드표,232,4,D232,기타가정용전자
가전,가정용전자,MTI코드표,232,4,D232,기타가정용전자
이차전지,축전지,MTI코드표,238,4,D238,축전지 및 소재
농수산식품,식품,MTI코드표,256,4,D256,귀금속장식품
농수산식품,농산,MTI코드표,276,4,D276,농산물왁스
농수산식품,농산,MTI코드표,301,4,D301,기타농산가공품
농수산식품,농산,MTI코드표,303,4,D303,기타농산물
농수산식품,수산,MTI코드표,360,4,D360,수산물통조림
농수산식품,수산,MTI코드표,361,4,D361,염장수산물
농수산식품,수산,MTI코드표,362,4,D362,건조수산물
농수산식품,수산,MTI코드표,363,4,D363,기타수산가공품
농수산식품,수산,MTI코드표,364,4,D364,수산부산물
농수산식품,수산,MTI코드표,365,4,D365,기타수산물
농수산식품,수산,MTI코드표,416,4,D416,수산화나트륨
농수산식품,식품,MTI코드표,427,4,D427,도자기장식품
농수산식품,식품,MTI코드표,435,4,D435,유리식기및장식품
일반기계,기계부품,MTI코드표,627,4,D627,금속공작기계부품
일반기계,공작기계,MTI코드표,627,4,D627,금속공작기계부품
일반기계,기계부품,MTI코드표,634,4,D634,섬유및피혁가공기계부품
일반기계,기계부품,MTI코드표,641,4,D641,제지인쇄기계부품
농수산식품,식품,MTI코드표,642,4,D642,식품가공기계
농수산식품,식품,MTI코드표,643,4,D643,식품포장기계
일반기계,기계부품,MTI코드표,654,4,D654,농기계부품
일반기계,기계부품,MTI코드표,657,4,D657,운반하역기계부품
일반기계,산업기계,MTI코드표,662,4,D662,기타산업기계
일반기계,기계요소,MTI코드표,705,4,D705,기타기계요소
가전,가정용,MTI코드표,774,4,D774,기타가정용회전기기
가전,가정용,MTI코드표,787,4,D787,기타가정용전자
가전,가정용전자,MTI코드표,787,4,D787,기타가정용전자
가전,가정용,MTI코드표,788,4,D788,기타가정용전자부품
가전,가정용전자,MTI코드표,788,4,D788,기타가정용전자부품
이차전지,축전지,MTI코드표,806,4,D806,축전지
이차전지,축전지,MTI코드표,807,4,D807,축전지 소재
농수산식품,식품,MTI코드표,842,4,D842,귀금속장식품
농수산식품,농수산식품,MTI코드표,848,6,F848,농수산식품
농수산식품,농수산,MTI코드표,848,6,F848,농수산식품
농수산식품,수산,MTI코드표,848,6,F848,농수산식품
농수산식품,식품,MTI코드표,848,6,F848,농수산식품
농수산식품,농수산식품,MTI코드표,849,6,F849,농수산식품
농수산식품,농수산,MTI코드표,849,6,F849,농수산식품
농수산식품,수산,MTI코드표,849,6,F849,농수산식품
농수산식품,식품,MTI코드표,849,6,F849,농수산식품
농수산식품,농수산식품,MTI코드표,850,6,F850,농수산식품
농수산식품,농수산,MTI코드표,850,6,F850,농수산식품
농수산식품,수산,MTI코드표,850,6,F850,농수산식품
농수산식품,식품,MTI코드표,850,6,F850,농수산식품
농수산식품,농수산식품,MTI코드표,851,6,F851,농수산식품
농수산식품,농수산,MTI코드표,851,6,F851,농수산식품
농수산식품,수산,MTI코드표,851,6,F851,농수산식품
농수산식품,식품,MTI코드표,851,6,F851,농수산식품
농수산식품,농수산식품,MTI코드표,852,6,F852,농수산식품
농수산식품,농수산,MTI코드표,852,6,F852,농수산식품
농수산식품,수산,MTI코드표,852,6,F852,농수산식품
농수산식품,식품,MTI코드표,852,6,F852,농수산식품
농수산식품,농수산식품,MTI코드표,853,6,F853,농수산식품
농수산식품,농수산,MTI코드표,853,6,F853,농수산식품
농수산식품,수산,MTI코드표,853,6,F853,농수산식품
농수산식품,식품,MTI코드표,853,6,F853,농수산식품
농수산식품,농수산식품,MTI코드표,854,6,F854,농수산식품
농수산식품,농수산,MTI코드표,854,6,F854,농수산식품
농수산식품,수산,MTI코드표,854,6,F854,농수산식품
농수산식품,식품,MTI코드표,854,6,F854,농수산식품
농수산식품,농수산식품,MTI코드표,855,6,F855,농수산식품
농수산식품,농수산,MTI코드표,855,6,F855,농수산식품
농수산식품,수산,MTI코드표,855,6,F855,농수산식품
농수산식품,식품,MTI코드표,855,6,F855,농수산식품
농수산식품,농수산식품,MTI코드표,856,6,F856,농수산식품
농수산식품,농수산,MTI코드표,856,6,F856,농수산식품
농수산식품,수산,MTI코드표,856,6,F856,농수산식품
농수산식품,식품,MTI코드표,856,6,F856,농수산식품
농수산식품,농수산식품,MTI코드표,857,6,F857,농수산식품
농수산식품,농수산,MTI코드표,857,6,F857,농수산식품
농수산식품,수산,MTI코드표,857,6,F857,농수산식품
농수산식품,식품,MTI코드표,857,6,F857,농수산식품
농수산식품,농수산식품,MTI코드표,858,6,F858,농수산식품
농수산식품,농수산,MTI코드표,858,6,F858,농수산식품
농수산식품,수산,MTI코드표,858,6,F858,농수산식품
농수산식품,식품,MTI코드표,858,6,F858,농수산식품
농수산식품,농수산식품,MTI코드표,859,6,F859,농수산식품
농수산식품,농수산,MTI코드표,859,6,F859,농수산식품
농수산식품,수산,MTI코드표,859,6,F859,농수산식품
농수산식품,식품,MTI코드표,859,6,F859,농수산식품
농수산식품,농수산식품,MTI코드표,860,6,F860,농수산식품
농수산식품,농수산,MTI코드표,860,6,F860,농수산식품
농수산식품,수산,MTI코드표,860,6,F860,농수산식품
농수산식품,식품,MTI코드표,860,6,F860,농수산식품
농수산식품,농수산식품,MTI코드표,861,6,F861,농수산식품
농수산식품,농수산,MTI코드표,861,6,F861,농수산식품
농수산식품,수산,MTI코드표,861,6,F861,농수산식품
농수산식품,식품,MTI코드표,861,6,F861,농수산식품
농수산식품,농수산식품,MTI코드표,862,6,F862,농수산식품
농수산식품,농수산,MTI코드표,862,6,F862,농수산식품
농수산식품,수산,MTI코드표,862,6,F862,농수산식품
농수산식품,식품,MTI코드표,862,6,F862,농수산식품
농수산식품,농수산식품,MTI코드표,863,6,F863,농수산식품
농수산식품,농수산,MTI코드표,863,6,F863,농수산식품
농수산식품,수산,MTI코드표,863,6,F863,농수산식품
농수산식품,식품,MTI코드표,863,6,F863,농수산식품
농수산식품,농수산식품,MTI코드표,864,6,F864,농수산식품
농수산식품,농수산,MTI코드표,864,6,F864,농수산식품
농수산식품,수산,MTI코드표,864,6,F864,농수산식품
농수산식품,식품,MTI코드표,864,6,F864,농수산식품
농수산식품,농수산식품,MTI코드표,865,6,F865,농수산식품
농수산식품,농수산,MTI코드표,865,6,F865,농수산식품
농수산식품,수산,MTI코드표,865,6,F865,농수산식품
농수산식품,식품,MTI코드표,865,6,F865,농수산식품
농수산식품,농수산식품,MTI코드표,866,6,F866,농수산식품
농수산식품,농수산,MTI코드표,866,6,F866,농수산식품
농수산식품,수산,MTI코드표,866,6,F866,농수산식품
농수산식품,식품,MTI코드표,866,6,F866,농수산식품
농수산식품,농수산식품,MTI코드표,867,6,F867,농수산식품
농수산식품,농수산,MTI코드표,867,6,F867,농수산식품
농수산식품,수산,MTI코드표,867,6,F867,농수산식품
농수산식품,식품,MTI코드표,867,6,F867,농수산식품
농수산식품,농수산식품,MTI코드표,868,6,F868,농수산식품
농수산식품,농수산,MTI코드표,868,6,F868,농수산식품
농수산식품,수산,MTI코드표,868,6,F868,농수산식품
농수산식품,식품,MTI코드표,868,6,F868,농수산식품
농수산식품,농수산식품,MTI코드표,869,6,F869,농수산식품
농수산식품,농수산,MTI코드표,869,6,F869,농수산식품
농수산식품,수산,MTI코드표,869,6,F869,농수산식품
농수산식품,식품,MTI코드표,869,6,F869,농수산식품
농수산식품,농수산식품,MTI코드표,870,6,F870,농수산식품
농수산식품,농수산,MTI코드표,870,6,F870,농수산식품
농수산식품,수산,MTI코드표,870,6,F870,농수산식품
농수산식품,식품,MTI코드표,870,6,F870,농수산식품
농수산식품,농수산식품,MTI코드표,871,6,F871,농수산식품
농수산식품,농수산,MTI코드표,871,6,F871,농수산식품
농수산식품,수산,MTI코드표,871,6,F871,농수산식품
농수산식품,식품,MTI코드표,871,6,F871,농수산식품
농수산식품,농수산식품,MTI코드표,872,6,F872,농수산식품
농수산식품,농수산,MTI코드표,872,6,F872,농수산식품
농수산식품,수산,MTI코드표,872,6,F872,농수산식품
농수산식품,식품,MTI코드표,872,6,F872,농수산식품
농수산식품,농수산식품,MTI코드표,873,6,F873,농수산식품
농수산식품,농수산,MTI코드표,873,6,F873,농수산식품
농수산식품,수산,MTI코드표,873,6,F873,농수산식품
농수산식품,식품,MTI코드표,873,6,F873,농수산식품
농수산식품,농수산식품,MTI코드표,874,6,F874,농수산식품
농수산식품,농수산,MTI코드표,874,6,F874,농수산식품
농수산식품,수산,MTI코드표,874,6,F874,농수산식품
농수산식품,식품,MTI코드표,874,6,F874,농수산식품
농수산식품,농수산식품,MTI코드표,875,6,F875,농수산식품
농수산식품,농수산,MTI코드표,875,6,F875,농수산식품
농수산식품,수산,MTI코드표,875,6,F875,농수산식품
농수산식품,식품,MTI코드표,875,6,F875,농수산식품
농수산식품,농수산식품,MTI코드표,876,6,F876,농수산식품
농수산식품,농수산,MTI코드표,876,6,F876,농수산식품
농수산식품,수산,MTI코드표,876,6,F876,농수산식품
농수산식품,식품,MTI코드표,876,6,F876,농수산식품
농수산식품,농수산식품,MTI코드표,877,6,F877,농수산식품
농수산식품,농수산,MTI코드표,877,6,F877,농수산식품
농수산식품,수산,MTI코드표,877,6,F877,농수산식품
농수산식품,식품,MTI코드표,877,6,F877,농수산식품
농수산식품,농수산식품,MTI코드표,878,6,F878,농수산식품
농수산식품,농수산,MTI코드표,878,6,F878,농수산식품
농수산식품,수산,MTI코드표,878,6,F878,농수산식품
농수산식품,식품,MTI코드표,878,6,F878,농수산식품
농수산식품,농수산식품,MTI코드표,879,6,F879,농수산식품
농수산식품,농수산,MTI코드표,879,6,F879,농수산식품
농수산식품,수산,MTI코드표,879,6,F879,농수산식품
농수산식품,식품,MTI코드표,879,6,F879,농수산식품
농수산식품,농수산식품,MTI코드표,880,6,F880,농수산식품
농수산식품,농수산,MTI코드표,880,6,F880,농수산식품
농수산식품,수산,MTI코드표,880,6,F880,농수산식품
농수산식품,식품,MTI코드표,880,6,F880,농수산식품
농수산식품,농수산식품,MTI코드표,881,6,F881,농수산식품
농수산식품,농수산,MTI코드표,881,6,F881,농수산식품
농수산식품,수산,MTI코드표,881,6,F881,농수산식품
농수산식품,식품,MTI코드표,881,6,F881,농수산식품
농수산식품,농수산식품,MTI코드표,882,6,F882,농수산식품
농수산식품,농수산,MTI코드표,882,6,F882,농수산식품
농수산식품,수산,MTI코드표,882,6,F882,농수산식품
농수산식품,식품,MTI코드표,882,6,F882,농수산식품
농수산식품,농수산식품,MTI코드표,883,6,F883,농수산식품
농수산식품,농수산,MTI코드표,883,6,F883,농수산식품
농수산식품,수산,MTI코드표,883,6,F883,농수산식품
농수산식품,식품,MTI코드표,883,6,F883,농수산식품
농수산식품,농수산식품,MTI코드표,884,6,F884,농수산식품
농수산식품,농수산,MTI코드표,884,6,F884,농수산식품
농수산식품,수산,MTI코드표,884,6,F884,농수산식품
농수산식품,식품,MTI코드표,884,6,F884,농수산식품
농수산식품,농수산식품,MTI코드표,885,6,F885,농수산식품
농수산식품,농수산,MTI코드표,885,6,F885,농수산식품
농수산식품,수산,MTI코드표,885,6,F885,농수산식품
농수산식품,식품,MTI코드표,885,6,F885,농수산식품
농수산식품,농수산식품,MTI코드표,886,6,F886,농수산식품
농수산식품,농수산,MTI코드표,886,6,F886,농수산식품
농수산식품,수산,MTI코드표,886,6,F886,농수산식품
농수산식품,식품,MTI코드표,886,6,F886,농수산식품
농수산식품,농수산식품,MTI코드표,887,6,F887,농수산식품
농수산식품,농수산,MTI코드표,887,6,F887,농수산식품
농수산식품,수산,MTI코드표,887,6,F887,농수산식품
농수산식품,식품,MTI코드표,887,6,F887,농수산식품
농수산식품,농수산식품,MTI코드표,888,6,F888,농수산식품
농수산식품,농수산,MTI코드표,888,6,F888,농수산식품
농수산식품,수산,MTI코드표,888,6,F888,농수산식품
농수산식품,식품,MTI코드표,888,6,F888,농수산식품
농수산식품,농수산식품,MTI코드표,889,6,F889,농수산식품
농수산식품,농수산,MTI코드표,889,6,F889,농수산식품
농수산식품,수산,MTI코드표,889,6,F889,농수산식품
농수산식품,식품,MTI코드표,889,6,F889,농수산식품
농수산식품,농수산식품,MTI코드표,890,6,F890,농수산식품
농수산식품,농수산,MTI코드표,890,6,F890,농수산식품
농수산식품,수산,MTI코드표,890,6,F890,농수산식품
농수산식품,식품,MTI코드표,890,6,F890,농수산식품
농수산식품,농수산식품,MTI코드표,891,6,F891,농수산식품
농수산식품,농수산,MTI코드표,891,6,F891,농수산식품
농수산식품,수산,MTI코드표,891,6,F891,농수산식품
농수산식품,식품,MTI코드표,891,6,F891,농수산식품
농수산식품,농수산식품,MTI코드표,892,6,F892,농수산식품
농수산식품,농수산,MTI코드표,892,6,F892,농수산식품
농수산식품,수산,MTI코드표,892,6,F892,농수산식품
농수산식품,식품,MTI코드표,892,6,F892,농수산식품
농수산식품,농수산식품,MTI코드표,893,6,F893,농수산식품
농수산식품,농수산,MTI코드표,893,6,F893,농수산식품
농수산식품,수산,MTI코드표,893,6,F893,농수산식품
농수산식품,식품,MTI코드표,893,6,F893,농수산식품
농수산식품,농수산식품,MTI코드표,894,6,F894,농수산식품
농수산식품,농수산,MTI코드표,894,6,F894,농수산식품
농수산식품,수산,MTI코드표,894,6,F894,농수산식품
농수산식품,식품,MTI코드표,894,6,F894,농수산식품
농수산식품,농수산식품,MTI코드표,895,6,F895,농수산식품
농수산식품,농수산,MTI코드표,895,6,F895,농수산식품
농수산식품,수산,MTI코드표,895,6,F895,농수산식품
농수산식품,식품,MTI코드표,895,6,F895,농수산식품
농수산식품,농수산식품,MTI코드표,896,6,F896,농수산식품
농수산식품,농수산,MTI코드표,896,6,F896,농수산식품
농수산식품,수산,MTI코드표,896,6,F896,농수산식품
농수산식품,식품,MTI코드표,896,6,F896,농수산식품
농수산식품,농수산식품,MTI코드표,897,6,F897,농수산식품
농수산식품,농수산,MTI코드표,897,6,F897,농수산식품
농수산식품,수산,MTI코드표,897,6,F897,농수산식품
농수산식품,식품,MTI코드표,897,6,F897,농수산식품
농수산식품,농수산식품,MTI코드표,898,6,F898,농수산식품
농수산식품,농수산,MTI코드표,898,6,F898,농수산식품
농수산식품,수산,MTI코드표,898,6,F898,농수산식품
농수산식품,식품,MTI코드표,898,6,F898,농수산식품
농수산식품,농수산식품,MTI코드표,899,6,F899,농수산식품
농수산식품,농수산,MTI코드표,899,6,F899,농수산식품
농수산식품,수산,MTI코드표,899,6,F899,농수산식품
농수산식품,식품,MTI코드표,899,6,F899,농수산식품
농수산식품,농수산식품,MTI코드표,900,6,F900,농수산식품
농수산식품,농수산,MTI코드표,900,6,F900,농수산식품
농수산식품,수산,MTI코드표,900,6,F900,농수산식품
농수산식품,식품,MTI코드표,900,6,F900,농수산식품
농수산식품,농수산식품,MTI코드표,901,6,F901,농수산식품
농수산식품,농수산,MTI코드표,901,6,F901,농수산식품
농수산식품,수산,MTI코드표,901,6,F901,농수산식품
농수산식품,식품,MTI코드표,901,6,F901,농수산식품
농수산식품,농수산식품,MTI코드표,902,6,F902,농수산식품
농수산식품,농수산,MTI코드표,902,6,F902,농수산식품
농수산식품,수산,MTI코드표,902,6,F902,농수산식품
농수산식품,식품,MTI코드표,902,6,F902,농수산식품
농수산식품,농수산식품,MTI코드표,903,6,F903,농수산식품
농수산식품,농수산,MTI코드표,903,6,F903,농수산식품
농수산식품,수산,MTI코드표,903,6,F903,농수산식품
농수산식품,식품,MTI코드표,903,6,F903,농수산식품
농수산식품,농수산식품,MTI코드표,904,6,F904,농수산식품
농수산식품,농수산,MTI코드표,904,6,F904,농수산식품
농수산식품,수산,MTI코드표,904,6,F904,농수산식품
농수산식품,식품,MTI코드표,904,6,F904,농수산식품
농수산식품,농수산식품,MTI코드표,905,6,F905,농수산식품
농수산식품,농수산,MTI코드표,905,6,F905,농수산식품
농수산식품,수산,MTI코드표,905,6,F905,농수산식품
농수산식품,식품,MTI코드표,905,6,F905,농수산식품
농수산식품,농수산식품,MTI코드표,906,6,F906,농수산식품
농수산식품,농수산,MTI코드표,906,6,F906,농수산식품
농수산식품,수산,MTI코드표,906,6,F906,농수산식품
농수산식품,식품,MTI코드표,906,6,F906,농수산식품
농수산식품,농수산식품,MTI코드표,907,6,F907,농수산식품
농수산식품,농수산,MTI코드표,907,6,F907,농수산식품
농수산식품,수산,MTI코드표,907,6,F907,농수산식품
농수산식품,식품,MTI코드표,907,6,F907,농수산식품
농수산식품,농수산식품,MTI코드표,908,6,F908,농수산식품
농수산식품,농수산,MTI코드표,908,6,F908,농수산식품
농수산식품,수산,MTI코드표,908,6,F908,농수산식품
농수산식품,식품,MTI코드표,908,6,F908,농수산식품
농수산식품,농수산식품,MTI코드표,909,6,F909,농수산식품
농수산식품,농수산,MTI코드표,909,6,F909,농수산식품
농수산식품,수산,MTI코드표,909,6,F909,농수산식품
농수산식품,식품,MTI코드표,909,6,F909,농수산식품
농수산식품,농수산식품,MTI코드표,910,6,F910,농수산식품
농수산식품,농수산,MTI코드표,910,6,F910,농수산식품
농수산식품,수산,MTI코드표,910,6,F910,농수산식품
농수산식품,식품,MTI코드표,910,6,F910,농수산식품
농수산식품,농수산식품,MTI코드표,911,6,F911,농수산식품
농수산식품,농수산,MTI코드표,911,6,F911,농수산식품
농수산식품,수산,MTI코드표,911,6,F911,농수산식품
농수산식품,식품,MTI코드표,911,6,F911,농수산식품
농수산식품,농수산식품,MTI코드표,912,6,F912,농수산식품
농수산식품,농수산,MTI코드표,912,6,F912,농수산식품
농수산식품,수산,MTI코드표,912,6,F912,농수산식품
농수산식품,식품,MTI코드표,912,6,F912,농수산식품
농수산식품,농수산식품,MTI코드표,913,6,F913,농수산식품
농수산식품,농수산,MTI코드표,913,6,F913,농수산식품
농수산식품,수산,MTI코드표,913,6,F913,농수산식품
농수산식품,식품,MTI코드표,913,6,F913,농수산식품
농수산식품,농수산식품,MTI코드표,914,6,F914,농수산식품
농수산식품,농수산,MTI코드표,914,6,F914,농수산식품
농수산식품,수산,MTI코드표,914,6,F914,농수산식품
농수산식품,식품,MTI코드표,914,6,F914,농수산식품
농수산식품,농수산식품,MTI코드표,915,6,F915,농수산식품
농수산식품,농수산,MTI코드표,915,6,F915,농수산식품
농수산식품,수산,MTI코드표,915,6,F915,농수산식품
농수산식품,식품,MTI코드표,915,6,F915,농수산식품
농수산식품,농수산식품,MTI코드표,916,6,F916,농수산식품
농수산식품,농수산,MTI코드표,916,6,F916,농수산식품
농수산식품,수산,MTI코드표,916,6,F916,농수산식품
농수산식품,식품,MTI코드표,916,6,F916,농수산식품
농수산식품,농수산식품,MTI코드표,917,6,F917,농수산식품
농수산식품,농수산,MTI코드표,917,6,F917,농수산식품
농수산식품,수산,MTI코드표,917,6,F917,농수산식품
농수산식품,식품,MTI코드표,917,6,F917,농수산식품
농수산식품,농수산식품,MTI코드표,918,6,F918,농수산식품
농수산식품,농수산,MTI코드표,918,6,F918,농수산식품
농수산식품,수산,MTI코드표,918,6,F918,농수산식품
농수산식품,식품,MTI코드표,918,6,F918,농수산식품
농수산식품,농수산식품,MTI코드표,919,6,F919,농수산식품
농수산식품,농수산,MTI코드표,919,6,F919,농수산식품
농수산식품,수산,MTI코드표,919,6,F919,농수산식품
농수산식품,식품,MTI코드표,919,6,F919,농수산식품
농수산식품,농수산식품,MTI코드표,920,6,F920,농수산식품
농수산식품,농수산,MTI코드표,920,6,F920,농수산식품
농수산식품,수산,MTI코드표,920,6,F920,농수산식품
농수산식품,식품,MTI코드표,920,6,F920,농수산식품
농수산식품,농수산식품,MTI코드표,921,6,F921,농수산식품
농수산식품,농수산,MTI코드표,921,6,F921,농수산식품
농수산식품,수산,MTI코드표,921,6,F921,농수산식품
농수산식품,식품,MTI코드표,921,6,F921,농수산식품
농수산식품,농수산식품,MTI코드표,922,6,F922,농수산식품
농수산식품,농수산,MTI코드표,922,6,F922,농수산식품
농수산식품,수산,MTI코드표,922,6,F922,농수산식품
농수산식품,식품,MTI코드표,922,6,F922,농수산식품
농수산식품,농수산식품,MTI코드표,923,6,F923,농수산식품
농수산식품,농수산,MTI코드표,923,6,F923,농수산식품
농수산식품,수산,MTI코드표,923,6,F923,농수산식품
농수산식품,식품,MTI코드표,923,6,F923,농수산식품
농수산식품,농수산식품,MTI코드표,924,6,F924,농수산식품
농수산식품,농수산,MTI코드표,924,6,F924,농수산식품
농수산식품,수산,MTI코드표,924,6,F924,농수산식품
농수산식품,식품,MTI코드표,924,6,F924,농수산식품
농수산식품,농수산식품,MTI코드표,925,6,F925,농수산식품
농수산식품,농수산,MTI코드표,925,6,F925,농수산식품
농수산식품,수산,MTI코드표,925,6,F925,농수산식품
농수산식품,식품,MTI코드표,925,6,F925,농수산식품
농수산식품,농수산식품,MTI코드표,926,6,F926,농수산식품
농수산식품,농수산,MTI코드표,926,6,F926,농수산식품
농수산식품,수산,MTI코드표,926,6,F926,농수산식품
농수산식품,식품,MTI코드표,926,6,F926,농수산식품
농수산식품,농수산식품,MTI코드표,927,6,F927,농수산식품
농수산식품,농수산,MTI코드표,927,6,F927,농수산식품
농수산식품,수산,MTI코드표,927,6,F927,농수산식품
농수산식품,식품,MTI코드표,927,6,F927,농수산식품
농수산식품,농수산식품,MTI코드표,928,6,F928,농수산식품
농수산식품,농수산,MTI코드표,928,6,F928,농수산식품
농수산식품,수산,MTI코드표,928,6,F928,농수산식품
농수산식품,식품,MTI코드표,928,6,F928,농수산식품
농수산식품,농수산식품,MTI코드표,929,6,F929,농수산식품
농수산식품,농수산,MTI코드표,929,6,F929,농수산식품
농수산식품,수산,MTI코드표,929,6,F929,농수산식품
농수산식품,식품,MTI코드표,929,6,F929,농수산식품
농수산식품,농수산식품,MTI코드표,930,6,F930,농수산식품
농수산식품,농수산,MTI코드표,930,6,F930,농수산식품
농수산식품,수산,MTI코드표,930,6,F930,농수산식품
농수산식품,식품,MTI코드표,930,6,F930,농수산식품
농수산식품,농수산식품,MTI코드표,931,6,F931,농수산식품
농수산식품,농수산,MTI코드표,931,6,F931,농수산식품
농수산식품,수산,MTI코드표,931,6,F931,농수산식품
농수산식품,식품,MTI코드표,931,6,F931,농수산식품
농수산식품,농수산식품,MTI코드표,932,6,F932,농수산식품
농수산식품,농수산,MTI코드표,932,6,F932,농수산식품
농수산식품,수산,MTI코드표,932,6,F932,농수산식품
농수산식품,식품,MTI코드표,932,6,F932,농수산식품
농수산식품,농수산식품,MTI코드표,933,6,F933,농수산식품
농수산식품,농수산,MTI코드표,933,6,F933,농수산식품
농수산식품,수산,MTI코드표,933,6,F933,농수산식품
농수산식품,식품,MTI코드표,933,6,F933,농수산식품
농수산식품,농수산식품,MTI코드표,934,6,F934,농수산식품
농수산식품,농수산,MTI코드표,934,6,F934,농수산식품
농수산식품,수산,MTI코드표,934,6,F934,농수산식품
농수산식품,식품,MTI코드표,934,6,F934,농수산식품
농수산식품,농수산식품,MTI코드표,935,6,F935,농수산식품
농수산식품,농수산,MTI코드표,935,6,F935,농수산식품
농수산식품,수산,MTI코드표,935,6,F935,농수산식품
농수산식품,식품,MTI코드표,935,6,F935,농수산식품
농수산식품,농수산식품,MTI코드표,936,6,F936,농수산식품
농수산식품,농수산,MTI코드표,936,6,F936,농수산식품
농수산식품,수산,MTI코드표,936,6,F936,농수산식품
농수산식품,식품,MTI코드표,936,6,F936,농수산식품
농수산식품,농수산식품,MTI코드표,937,6,F937,농수산식품
농수산식품,농수산,MTI코드표,937,6,F937,농수산식품
농수산식품,수산,MTI코드표,937,6,F937,농수산식품
농수산식품,식품,MTI코드표,937,6,F937,농수산식품
농수산식품,농수산식품,MTI코드표,938,6,F938,농수산식품
농수산식품,농수산,MTI코드표,938,6,F938,농수산식품
농수산식품,수산,MTI코드표,938,6,F938,농수산식품
농수산식품,식품,MTI코드표,938,6,F938,농수산식품
농수산식품,농수산식품,MTI코드표,939,6,F939,농수산식품
농수산식품,농수산,MTI코드표,939,6,F939,농수산식품
농수산식품,수산,MTI코드표,939,6,F939,농수산식품
농수산식품,식품,MTI코드표,939,6,F939,농수산식품
농수산식품,농수산식품,MTI코드표,940,6,F940,농수산식품
농수산식품,농수산,MTI코드표,940,6,F940,농수산식품
농수산식품,수산,MTI코드표,940,6,F940,농수산식품
농수산식품,식품,MTI코드표,940,6,F940,농수산식품
농수산식품,농수산식품,MTI코드표,941,6,F941,농수산식품
농수산식품,농수산,MTI코드표,941,6,F941,농수산식품
농수산식품,수산,MTI코드표,941,6,F941,농수산식품
농수산식품,식품,MTI코드표,941,6,F941,농수산식품
농수산식품,농수산식품,MTI코드표,942,6,F942,농수산식품
농수산식품,농수산,MTI코드표,942,6,F942,농수산식품
농수산식품,수산,MTI코드표,942,6,F942,농수산식품
농수산식품,식품,MTI코드표,942,6,F942,농수산식품
농수산식품,농수산식품,MTI코드표,943,6,F943,농수산식품
농수산식품,농수산,MTI코드표,943,6,F943,농수산식품
농수산식품,수산,MTI코드표,943,6,F943,농수산식품
농수산식품,식품,MTI코드표,943,6,F943,농수산식품
농수산식품,농수산식품,MTI코드표,944,6,F944,농수산식품
농수산식품,농수산,MTI코드표,944,6,F944,농수산식품
농수산식품,수산,MTI코드표,944,6,F944,농수산식품
농수산식품,식품,MTI코드표,944,6,F944,농수산식품
농수산식품,농수산식품,MTI코드표,945,6,F945,농수산식품
농수산식품,농수산,MTI코드표,945,6,F945,농수산식품
농수산식품,수산,MTI코드표,945,6,F945,농수산식품
농수산식품,식품,MTI코드표,945,6,F945,농수산식품
농수산식품,농수산식품,MTI코드표,946,6,F946,농수산식품
농수산식품,농수산,MTI코드표,946,6,F946,농수산식품
농수산식품,수산,MTI코드표,946,6,F946,농수산식품
농수산식품,식품,MTI코드표,946,6,F946,농수산식품
농수산식품,농수산식품,MTI코드표,947,6,F947,농수산식품
농수산식품,농수산,MTI코드표,947,6,F947,농수산식품
농수산식품,수산,MTI코드표,947,6,F947,농수산식품
농수산식품,식품,MTI코드표,947,6,F947,농수산식품
농수산식품,농수산식품,MTI코드표,948,6,F948,농수산식품
농수산식품,농수산,MTI코드표,948,6,F948,농수산식품
농수산식품,수산,MTI코드표,948,6,F948,농수산식품
농수산식품,식품,MTI코드표,948,6,F948,농수산식품
농수산식품,농수산식품,MTI코드표,949,6,F949,농수산식품
농수산식품,농수산,MTI코드표,949,6,F949,농수산식품
농수산식품,수산,MTI코드표,949,6,F949,농수산식품
농수산식품,식품,MTI코드표,949,6,F949,농수산식품
농수산식품,농수산식품,MTI코드표,950,6,F950,농수산식품
농수산식품,농수산,MTI코드표,950,6,F950,농수산식품
농수산식품,수산,MTI코드표,950,6,F950,농수산식품
농수산식품,식품,MTI코드표,950,6,F950,농수산식품
농수산식품,농수산식품,MTI코드표,951,6,F951,농수산식품
농수산식품,농수산,MTI코드표,951,6,F951,농수산식품
농수산식품,수산,MTI코드표,951,6,F951,농수산식품
농수산식품,식품,MTI코드표,951,6,F951,농수산식품
농수산식품,농수산식품,MTI코드표,952,6,F952,농수산식품
농수산식품,농수산,MTI코드표,952,6,F952,농수산식품
농수산식품,수산,MTI코드표,952,6,F952,농수산식품
농수산식품,식품,MTI코드표,952,6,F952,농수산식품
농수산식품,농수산식품,MTI코드표,953,6,F953,농수산식품
농수산식품,농수산,MTI코드표,953,6,F953,농수산식품
농수산식품,수산,MTI코드표,953,6,F953,농수산식품
농수산식품,식품,MTI코드표,953,6,F953,농수산식품
농수산식품,농수산식품,MTI코드표,954,6,F954,농수산식품
농수산식품,농수산,MTI코드표,954,6,F954,농수산식품
농수산식품,수산,MTI코드표,954,6,F954,농수산식품
농수산식품,식품,MTI코드표,954,6,F954,농수산식품
농수산식품,농수산식품,MTI코드표,955,6,F955,농수산식품
농수산식품,농수산,MTI코드표,955,6,F955,농수산식품
농수산식품,수산,MTI코드표,955,6,F955,농수산식품
농수산식품,식품,MTI코드표,955,6,F955,농수산식품
농수산식품,농수산식품,MTI코드표,956,6,F956,농수산식품
농수산식품,농수산,MTI코드표,956,6,F956,농수산식품
농수산식품,수산,MTI코드표,956,6,F956,농수산식품
농수산식품,식품,MTI코드표,956,6,F956,농수산식품
농수산식품,농수산식품,MTI코드표,957,6,F957,농수산식품
농수산식품,농수산,MTI코드표,957,6,F957,농수산식품
농수산식품,수산,MTI코드표,957,6,F957,농수산식품
농수산식품,식품,MTI코드표,957,6,F957,농수산식품
농수산식품,농수산식품,MTI코드표,958,6,F958,농수산식품
농수산식품,농수산,MTI코드표,958,6,F958,농수산식품
농수산식품,수산,MTI코드표,958,6,F958,농수산식품
농수산식품,식품,MTI코드표,958,6,F958,농수산식품
농수산식품,농수산식품,MTI코드표,959,6,F959,농수산식품
농수산식품,농수산,MTI코드표,959,6,F959,농수산식품
농수산식품,수산,MTI코드표,959,6,F959,농수산식품
농수산식품,식품,MTI코드표,959,6,F959,농수산식품
농수산식품,농수산식품,MTI코드표,960,6,F960,농수산식품
농수산식품,농수산,MTI코드표,960,6,F960,농수산식품
농수산식품,수산,MTI코드표,960,6,F960,농수산식품
농수산식품,식품,MTI코드표,960,6,F960,농수산식품
농수산식품,농산,MTI코드표,961,4,D961,농산물왁스
농수산식품,농수산식품,MTI코드표,961,6,F961,농수산식품
농수산식품,농수산,MTI코드표,961,6,F961,농수산식품
농수산식품,수산,MTI코드표,961,6,F961,농수산식품
농수산식품,식품,MTI코드표,961,6,F961,농수산식품
농수산식품,농수산식품,MTI코드표,962,6,F962,농수산식품
농수산식품,농수산,MTI코드표,962,6,F962,농수산식품
농수산식품,수산,MTI코드표,962,6,F962,농수산식품
농수산식품,식품,MTI코드표,962,6,F962,농수산식품
농수산식품,농수산식품,MTI코드표,963,6,F963,농수산식품
농수산식품,농수산,MTI코드표,963,6,F963,농수산식품
농수산식품,수산,MTI코드표,963,6,F963,농수산식품
농수산식품,식품,MTI코드표,963,6,F963,농수산식품
농수산식품,농수산식품,MTI코드표,964,6,F964,농수산식품
농수산식품,농수산,MTI코드표,964,6,F964,농수산식품
농수산식품,수산,MTI코드표,964,6,F964,농수산식품
농수산식품,식품,MTI코드표,964,6,F964,농수산식품
농수산식품,농수산식품,MTI코드표,965,6,F965,농수산식품
농수산식품,농수산,MTI코드표,965,6,F965,농수산식품
농수산식품,수산,MTI코드표,965,6,F965,농수산식품
농수산식품,식품,MTI코드표,965,6,F965,농수산식품
농수산식품,농수산식품,MTI코드표,966,6,F966,농수산식품
농수산식품,농수산,MTI코드표,966,6,F966,농수산식품
농수산식품,수산,MTI코드표,966,6,F966,농수산식품
농수산식품,식품,MTI코드표,966,6,F966,농수산식품
농수산식품,농수산식품,MTI코드표,967,6,F967,농수산식품
농수산식품,농수산,MTI코드표,967,6,F967,농수산식품
농수산식품,수산,MTI코드표,967,6,F967,농수산식품
농수산식품,식품,MTI코드표,967,6,F967,농수산식품
농수산식품,농수산식품,MTI코드표,968,6,F968,농수산식품
농수산식품,농수산,MTI코드표,968,6,F968,농수산식품
농수산식품,수산,MTI코드표,968,6,F968,농수산식품
농수산식품,식품,MTI코드표,968,6,F968,농수산식품
농수산식품,농수산식품,MTI코드표,969,6,F969,농수산식품
농수산식품,농수산,MTI코드표,969,6,F969,농수산식품
농수산식품,수산,MTI코드표,969,6,F969,농수산식품
농수산식품,식품,MTI코드표,969,6,F969,농수산식품
농수산식품,농수산식품,MTI코드표,970,6,F970,농수산식품
농수산식품,농수산,MTI코드표,970,6,F970,농수산식품
농수산식품,수산,MTI코드표,970,6,F970,농수산식품
농수산식품,식품,MTI코드표,970,6,F970,농수산식품
농수산식품,농수산식품,MTI코드표,971,6,F971,농수산식품
농수산식품,농수산,MTI코드표,971,6,F971,농수산식품
농수산식품,수산,MTI코드표,971,6,F971,농수산식품
농수산식품,식품,MTI코드표,971,6,F971,농수산식품
농수산식품,농수산식품,MTI코드표,972,6,F972,농수산식품
농수산식품,농수산,MTI코드표,972,6,F972,농수산식품
농수산식품,수산,MTI코드표,972,6,F972,농수산식품
농수산식품,식품,MTI코드표,972,6,F972,농수산식품
농수산식품,농수산식품,MTI코드표,973,6,F973,농수산식품
농수산식품,농수산,MTI코드표,973,6,F973,농수산식품
농수산식품,수산,MTI코드표,973,6,F973,농수산식품
농수산식품,식품,MTI코드표,973,6,F973,농수산식품
농수산식품,농수산식품,MTI코드표,974,6,F974,농수산식품
농수산식품,농수산,MTI코드표,974,6,F974,농수산식품
농수산식품,수산,MTI코드표,974,6,F974,농수산식품
농수산식품,식품,MTI코드표,974,6,F974,농수산식품
농수산식품,농수산식품,MTI코드표,975,6,F975,농수산식품
농수산식품,농수산,MTI코드표,975,6,F975,농수산식품
농수산식품,수산,MTI코드표,975,6,F975,농수산식품
농수산식품,식품,MTI코드표,975,6,F975,농수산식품
농수산식품,농수산식품,MTI코드표,976,6,F976,농수산식품
농수산식품,농수산,MTI코드표,976,6,F976,농수산식품
농수산식품,수산,MTI코드표,976,6,F976,농수산식품
농수산식품,식품,MTI코드표,976,6,F976,농수산식품
농수산식품,농수산식품,MTI코드표,977,6,F977,농수산식품
농수산식품,농수산,MTI코드표,977,6,F977,농수산식품
농수산식품,수산,MTI코드표,977,6,F977,농수산식품
농수산식품,식품,MTI코드표,977,6,F977,농수산식품
농수산식품,농수산식품,MTI코드표,978,6,F978,농수산식품
농수산식품,농수산,MTI코드표,978,6,F978,농수산식품
농수산식품,수산,MTI코드표,978,6,F978,농수산식품
농수산식품,식품,MTI코드표,978,6,F978,농수산식품
농수산식품,농수산식품,MTI코드표,979,6,F979,농수산식품
농수산식품,농수산,MTI코드표,979,6,F979,농수산식품
농수산식품,수산,MTI코드표,979,6,F979,농수산식품
농수산식품,식품,MTI코드표,979,6,F979,농수산식품
농수산식품,농수산식품,MTI코드표,980,6,F980,농수산식품
농수산식품,농수산,MTI코드표,980,6,F980,농수산식품
농수산식품,수산,MTI코드표,980,6,F980,농수산식품
농수산식품,식품,MTI코드표,980,6,F980,농수산식품
농수산식품,농수산식품,MTI코드표,981,6,F981,농수산식품
농수산식품,농수산,MTI코드표,981,6,F981,농수산식품
농수산식품,수산,MTI코드표,981,6,F981,농수산식품
농수산식품,식품,MTI코드표,981,6,F981,농수산식품
농수산식품,농수산식품,MTI코드표,982,6,F982,농수산식품
농수산식품,농수산,MTI코드표,982,6,F982,농수산식품
농수산식품,수산,MTI코드표,982,6,F982,농수산식품
농수산식품,식품,MTI코드표,982,6,F982,농수산식품
농수산식품,농수산식품,MTI코드표,983,6,F983,농수산식품
농수산식품,농수산,MTI코드표,983,6,F983,농수산식품
농수산식품,수산,MTI코드표,983,6,F983,농수산식품
농수산식품,식품,MTI코드표,983,6,F983,농수산식품
농수산식품,농수산식품,MTI코드표,984,6,F984,농수산식품
농수산식품,농수산,MTI코드표,984,6,F984,농수산식품
농수산식품,수산,MTI코드표,984,6,F984,농수산식품
농수산식품,식품,MTI코드표,984,6,F984,농수산식품
농수산식품,농수산식품,MTI코드표,985,6,F985,농수산식품
농수산식품,농수산,MTI코드표,985,6,F985,농수산식품
농수산식품,수산,MTI코드표,985,6,F985,농수산식품
농수산식품,식품,MTI코드표,985,6,F985,농수산식품
농수산식품,농수산식품,MTI코드표,986,6,F986,농수산식품
농수산식품,농수산,MTI코드표,986,6,F986,농수산식품
농수산식품,수산,MTI코드표,986,6,F986,농수산식품
농수산식품,식품,MTI코드표,986,6,F986,농수산식품
농수산식품,농수산식품,MTI코드표,987,6,F987,농수산식품
농수산식품,농수산,MTI코드표,987,6,F987,농수산식품
농수산식품,수산,MTI코드표,987,6,F987,농수산식품
농수산식품,식품,MTI코드표,987,6,F987,농수산식품
농수산식품,농수산식품,MTI코드표,988,6,F988,농수산식품
농수산식품,농수산,MTI코드표,988,6,F988,농수산식품
농수산식품,수산,MTI코드표,988,6,F988,농수산식품
농수산식품,식품,MTI코드표,988,6,F988,농수산식품
농수산식품,농수산식품,MTI코드표,989,6,F989,농수산식품
농수산식품,농수산,MTI코드표,989,6,F989,농수산식품
농수산식품,수산,MTI코드표,989,6,F989,농수산식품
농수산식품,식품,MTI코드표,989,6,F989,농수산식품
농수산식품,농수산식품,MTI코드표,990,6,F990,농수산식품
농수산식품,농수산,MTI코드표,990,6,F990,농수산식품
농수산식품,수산,MTI코드표,990,6,F990,농수산식품
농수산식품,식품,MTI코드표,990,6,F990,농수산식품
농수산식품,농수산식품,MTI코드표,991,6,F991,농수산식품
농수산식품,농수산,MTI코드표,991,6,F991,농수산식품
농수산식품,수산,MTI코드표,991,6,F991,농수산식품
농수산식품,식품,MTI코드표,991,6,F991,농수산식품
농수산식품,농수산식품,MTI코드표,992,6,F992,농수산식품
농수산식품,농수산,MTI코드표,992,6,F992,농수산식품
농수산식품,수산,MTI코드표,992,6,F992,농수산식품
농수산식품,식품,MTI코드표,992,6,F992,농수산식품
농수산식품,농수산식품,MTI코드표,993,6,F993,농수산식품
농수산식품,농수산,MTI코드표,993,6,F993,농수산식품
농수산식품,수산,MTI코드표,993,6,F993,농수산식품
농수산식품,식품,MTI코드표,993,6,F993,농수산식품
농수산식품,농수산식품,MTI코드표,994,6,F994,농수산식품
농수산식품,농수산,MTI코드표,994,6,F994,농수산식품
농수산식품,수산,MTI코드표,994,6,F994,농수산식품
농수산식품,식품,MTI코드표,994,6,F994,농수산식품
농수산식품,농수산식품,MTI코드표,995,6,F995,농수산식품
농수산식품,농수산,MTI코드표,995,6,F995,농수산식품
농수산식품,수산,MTI코드표,995,6,F995,농수산식품
농수산식품,식품,MTI코드표,995,6,F995,농수산식품
농수산식품,농수산식품,MTI코드표,996,6,F996,농수산식품
농수산식품,농수산,MTI코드표,996,6,F996,농수산식품
농수산식품,수산,MTI코드표,996,6,F996,농수산식품
농수산식품,식품,MTI코드표,996,6,F996,농수산식품
농수산식품,농수산식품,MTI코드표,997,6,F997,농수산식품
농수산식품,농수산,MTI코드표,997,6,F997,농수산식품
농수산식품,수산,MTI코드표,997,6,F997,농수산식품
농수산식품,식품,MTI코드표,997,6,F997,농수산식품
농수산식품,농수산식품,MTI코드표,998,6,F998,농수산식품
농수산식품,농수산,MTI코드표,998,6,F998,농수산식품
농수산식품,수산,MTI코드표,998,6,F998,농수산식품
농수산식품,식품,MTI코드표,998,6,F998,농수산식품
농수산식품,농수산식품,MTI코드표,999,6,F999,농수산식품
농수산식품,농수산,MTI코드표,999,6,F999,농수산식품
농수산식품,수산,MTI코드표,999,6,F999,농수산식품
농수산식품,식품,MTI코드표,999,6,F999,농수산식품
농수산식품,농수산식품,MTI코드표,1000,6,F1000,농수산식품
농수산식품,농수산,MTI코드표,1000,6,F1000,농수산식품
농수산식품,수산,MTI코드표,1000,6,F1000,농수산식품
농수산식품,식품,MTI코드표,1000,6,F1000,농수산식품
농수산식품,농수산식품,MTI코드표,1001,6,F1001,농수산식품
농수산식품,농수산,MTI코드표,1001,6,F1001,농수산식품
농수산식품,수산,MTI코드표,1001,6,F1001,농수산식품
농수산식품,식품,MTI코드표,1001,6,F1001,농수산식품
농수산식품,농수산식품,MTI코드표,1002,6,F1002,농수산식품
농수산식품,농수산,MTI코드표,1002,6,F1002,농수산식품
농수산식품,수산,MTI코드표,1002,6,F1002,농수산식품
농수산식품,식품,MTI코드표,1002,6,F1002,농수산식품
농수산식품,농수산식품,MTI코드표,1003,6,F1003,농수산식품
농수산식품,농수산,MTI코드표,1003,6,F1003,농수산식품
농수산식품,수산,MTI코드표,1003,6,F1003,농수산식품
농수산식품,식품,MTI코드표,1003,6,F1003,농수산식품
농수산식품,농수산식품,MTI코드표,1004,6,F1004,농수산식품
농수산식품,농수산,MTI코드표,1004,6,F1004,농수산식품
농수산식품,수산,MTI코드표,1004,6,F1004,농수산식품
농수산식품,식품,MTI코드표,1004,6,F1004,농수산식품
농수산식품,농수산식품,MTI코드표,1005,6,F1005,농수산식품
농수산식품,농수산,MTI코드표,1005,6,F1005,농수산식품
농수산식품,수산,MTI코드표,1005,6,F1005,농수산식품
농수산식품,식품,MTI코드표,1005,6,F1005,농수산식품
농수산식품,농수산식품,MTI코드표,1006,6,F1006,농수산식품
농수산식품,농수산,MTI코드표,1006,6,F1006,농수산식품
농수산식품,수산,MTI코드표,1006,6,F1006,농수산식품
농수산식품,식품,MTI코드표,1006,6,F1006,농수산식품
농수산식품,농수산식품,MTI코드표,1007,6,F1007,농수산식품
농수산식품,농수산,MTI코드표,1007,6,F1007,농수산식품
농수산식품,수산,MTI코드표,1007,6,F1007,농수산식품
농수산식품,식품,MTI코드표,1007,6,F1007,농수산식품
농수산식품,농수산식품,MTI코드표,1008,6,F1008,농수산식품
농수산식품,농수산,MTI코드표,1008,6,F1008,농수산식품
농수산식품,수산,MTI코드표,1008,6,F1008,농수산식품
농수산식품,식품,MTI코드표,1008,6,F1008,농수산식품
농수산식품,농수산식품,MTI코드표,1009,6,F1009,농수산식품
농수산식품,농수산,MTI코드표,1009,6,F1009,농수산식품
농수산식품,수산,MTI코드표,1009,6,F1009,농수산식품
농수산식품,식품,MTI코드표,1009,6,F1009,농수산식품
농수산식품,농수산식품,MTI코드표,1010,6,F1010,농수산식품
농수산식품,농수산,MTI코드표,1010,6,F1010,농수산식품
농수산식품,수산,MTI코드표,1010,6,F1010,농수산식품
농수산식품,식품,MTI코드표,1010,6,F1010,농수산식품
농수산식품,농수산식품,MTI코드표,1011,6,F1011,농수산식품
농수산식품,농수산,MTI코드표,1011,6,F1011,농수산식품
농수산식품,수산,MTI코드표,1011,6,F1011,농수산식품
농수산식품,식품,MTI코드표,1011,6,F1011,농수산식품
농수산식품,농수산식품,MTI코드표,1012,6,F1012,농수산식품
농수산식품,농수산,MTI코드표,1012,6,F1012,농수산식품
농수산식품,수산,MTI코드표,1012,6,F1012,농수산식품
농수산식품,식품,MTI코드표,1012,6,F1012,농수산식품
농수산식품,농수산식품,MTI코드표,1013,6,F1013,농수산식품
농수산식품,농수산,MTI코드표,1013,6,F1013,농수산식품
농수산식품,수산,MTI코드표,1013,6,F1013,농수산식품
농수산식품,식품,MTI코드표,1013,6,F1013,농수산식품
농수산식품,농수산식품,MTI코드표,1014,6,F1014,농수산식품
농수산식품,농수산,MTI코드표,1014,6,F1014,농수산식품
농수산식품,수산,MTI코드표,1014,6,F1014,농수산식품
농수산식품,식품,MTI코드표,1014,6,F1014,농수산식품
농수산식품,농산,MTI코드표,1015,4,D1015,기타농산가공품
농수산식품,농수산식품,MTI코드표,1015,6,F1015,농수산식품
농수산식품,농수산,MTI코드표,1015,6,F1015,농수산식품
농수산식품,수산,MTI코드표,1015,6,F1015,농수산식품
농수산식품,식품,MTI코드표,1015,6,F1015,농수산식품
농수산식품,농수산식품,MTI코드표,1016,6,F1016,농수산식품
농수산식품,농수산,MTI코드표,1016,6,F1016,농수산식품
농수산식품,수산,MTI코드표,1016,6,F1016,농수산식품
농수산식품,식품,MTI코드표,1016,6,F1016,농수산식품
농수산식품,농산,MTI코드표,1017,4,D1017,기타농산물
농수산식품,농수산식품,MTI코드표,1017,6,F1017,농수산식품
농수산식품,농수산,MTI코드표,1017,6,F1017,농수산식품
농수산식품,수산,MTI코드표,1017,6,F1017,농수산식품
농수산식품,식품,MTI코드표,1017,6,F1017,농수산식품
농수산식품,농수산식품,MTI코드표,1018,6,F1018,농수산식품
농수산식품,농수산,MTI코드표,1018,6,F1018,농수산식품
농수산식품,수산,MTI코드표,1018,6,F1018,농수산식품
농수산식품,식품,MTI코드표,1018,6,F1018,농수산식품
농수산식품,농수산식품,MTI코드표,1019,6,F1019,농수산식품
농수산식품,농수산,MTI코드표,1019,6,F1019,농수산식품
농수산식품,수산,MTI코드표,1019,6,F1019,농수산식품
농수산식품,식품,MTI코드표,1019,6,F1019,농수산식품
농수산식품,농수산식품,MTI코드표,1020,6,F1020,농수산식품
농수산식품,농수산,MTI코드표,1020,6,F1020,농수산식품
농수산식품,수산,MTI코드표,1020,6,F1020,농수산식품
농수산식품,식품,MTI코드표,1020,6,F1020,농수산식품
농수산식품,농수산식품,MTI코드표,1021,6,F1021,농수산식품
농수산식품,농수산,MTI코드표,1021,6,F1021,농수산식품
농수산식품,수산,MTI코드표,1021,6,F1021,농수산식품
농수산식품,식품,MTI코드표,1021,6,F1021,농수산식품
농수산식품,농수산식품,MTI코드표,1022,6,F1022,농수산식품
농수산식품,농수산,MTI코드표,1022,6,F1022,농수산식품
농수산식품,수산,MTI코드표,1022,6,F1022,농수산식품
농수산식품,식품,MTI코드표,1022,6,F1022,농수산식품
농수산식품,농수산식품,MTI코드표,1023,6,F1023,농수산식품
농수산식품,농수산,MTI코드표,1023,6,F1023,농수산식품
농수산식품,수산,MTI코드표,1023,6,F1023,농수산식품
농수산식품,식품,MTI코드표,1023,6,F1023,농수산식품
농수산식품,농수산식품,MTI코드표,1024,6,F1024,농수산식품
농수산식품,농수산,MTI코드표,1024,6,F1024,농수산식품
농수산식품,수산,MTI코드표,1024,6,F1024,농수산식품
농수산식품,식품,MTI코드표,1024,6,F1024,농수산식품
농수산식품,농수산식품,MTI코드표,1025,6,F1025,농수산식품
농수산식품,농수산,MTI코드표,1025,6,F1025,농수산식품
농수산식품,수산,MTI코드표,1025,6,F1025,농수산식품
농수산식품,식품,MTI코드표,1025,6,F1025,농수산식품
농수산식품,농수산식품,MTI코드표,1026,6,F1026,농수산식품
농수산식품,농수산,MTI코드표,1026,6,F1026,농수산식품
농수산식품,수산,MTI코드표,1026,6,F1026,농수산식품
농수산식품,식품,MTI코드표,1026,6,F1026,농수산식품
농수산식품,농수산식품,MTI코드표,1027,6,F1027,농수산식품
농수산식품,농수산,MTI코드표,1027,6,F1027,농수산식품
농수산식품,수산,MTI코드표,1027,6,F1027,농수산식품
농수산식품,식품,MTI코드표,1027,6,F1027,농수산식품
농수산식품,농수산식품,MTI코드표,1028,6,F1028,농수산식품
농수산식품,농수산,MTI코드표,1028,6,F1028,농수산식품
농수산식품,수산,MTI코드표,1028,6,F1028,농수산식품
농수산식품,식품,MTI코드표,1028,6,F1028,농수산식품
농수산식품,농수산식품,MTI코드표,1029,6,F1029,농수산식품
농수산식품,농수산,MTI코드표,1029,6,F1029,농수산식품
농수산식품,수산,MTI코드표,1029,6,F1029,농수산식품
농수산식품,식품,MTI코드표,1029,6,F1029,농수산식품
농수산식품,농수산식품,MTI코드표,1030,6,F1030,농수산식품
농수산식품,농수산,MTI코드표,1030,6,F1030,농수산식품
농수산식품,수산,MTI코드표,1030,6,F1030,농수산식품
농수산식품,식품,MTI코드표,1030,6,F1030,농수산식품
농수산식품,농수산식품,MTI코드표,1031,6,F1031,농수산식품
농수산식품,농수산,MTI코드표,1031,6,F1031,농수산식품
농수산식품,수산,MTI코드표,1031,6,F1031,농수산식품
농수산식품,식품,MTI코드표,1031,6,F1031,농수산식품
농수산식품,농수산식품,MTI코드표,1032,6,F1032,농수산식품
농수산식품,농수산,MTI코드표,1032,6,F1032,농수산식품
농수산식품,수산,MTI코드표,1032,6,F1032,농수산식품
농수산식품,식품,MTI코드표,1032,6,F1032,농수산식품
농수산식품,농수산식품,MTI코드표,1033,6,F1033,농수산식품
농수산식품,농수산,MTI코드표,1033,6,F1033,농수산식품
농수산식품,수산,MTI코드표,1033,6,F1033,농수산식품
농수산식품,식품,MTI코드표,1033,6,F1033,농수산식품
농수산식품,농수산식품,MTI코드표,1034,6,F1034,농수산식품
농수산식품,농수산,MTI코드표,1034,6,F1034,농수산식품
농수산식품,수산,MTI코드표,1034,6,F1034,농수산식품
농수산식품,식품,MTI코드표,1034,6,F1034,농수산식품
농수산식품,농수산식품,MTI코드표,1035,6,F1035,농수산식품
농수산식품,농수산,MTI코드표,1035,6,F1035,농수산식품
농수산식품,수산,MTI코드표,1035,6,F1035,농수산식품
농수산식품,식품,MTI코드표,1035,6,F1035,농수산식품
농수산식품,농수산식품,MTI코드표,1036,6,F1036,농수산식품
농수산식품,농수산,MTI코드표,1036,6,F1036,농수산식품
농수산식품,수산,MTI코드표,1036,6,F1036,농수산식품
농수산식품,식품,MTI코드표,1036,6,F1036,농수산식품
농수산식품,농수산식품,MTI코드표,1037,6,F1037,농수산식품
농수산식품,농수산,MTI코드표,1037,6,F1037,농수산식품
농수산식품,수산,MTI코드표,1037,6,F1037,농수산식품
농수산식품,식품,MTI코드표,1037,6,F1037,농수산식품
농수산식품,농수산식품,MTI코드표,1038,6,F1038,농수산식품
농수산식품,농수산,MTI코드표,1038,6,F1038,농수산식품
농수산식품,수산,MTI코드표,1038,6,F1038,농수산식품
농수산식품,식품,MTI코드표,1038,6,F1038,농수산식품
농수산식품,농수산식품,MTI코드표,1039,6,F1039,농수산식품
농수산식품,농수산,MTI코드표,1039,6,F1039,농수산식품
농수산식품,수산,MTI코드표,1039,6,F1039,농수산식품
농수산식품,식품,MTI코드표,1039,6,F1039,농수산식품
농수산식품,농수산식품,MTI코드표,1040,6,F1040,농수산식품
농수산식품,농수산,MTI코드표,1040,6,F1040,농수산식품
농수산식품,수산,MTI코드표,1040,6,F1040,농수산식품
농수산식품,식품,MTI코드표,1040,6,F1040,농수산식품
농수산식품,농수산식품,MTI코드표,1041,6,F1041,농수산식품
농수산식품,농수산,MTI코드표,1041,6,F1041,농수산식품
농수산식품,수산,MTI코드표,1041,6,F1041,농수산식품
농수산식품,식품,MTI코드표,1041,6,F1041,농수산식품
농수산식품,농수산식품,MTI코드표,1042,6,F1042,농수산식품
농수산식품,농수산,MTI코드표,1042,6,F1042,농수산식품
농수산식품,수산,MTI코드표,1042,6,F1042,농수산식품
농수산식품,식품,MTI코드표,1042,6,F1042,농수산식품
농수산식품,농수산식품,MTI코드표,1043,6,F1043,농수산식품
농수산식품,농수산,MTI코드표,1043,6,F1043,농수산식품
농수산식품,수산,MTI코드표,1043,6,F1043,농수산식품
농수산식품,식품,MTI코드표,1043,6,F1043,농수산식품
농수산식품,농수산식품,MTI코드표,1044,6,F1044,농수산식품
농수산식품,농수산,MTI코드표,1044,6,F1044,농수산식품
농수산식품,수산,MTI코드표,1044,6,F1044,농수산식품
농수산식품,식품,MTI코드표,1044,6,F1044,농수산식품
농수산식품,농수산식품,MTI코드표,1045,6,F1045,농수산식품
농수산식품,농수산,MTI코드표,1045,6,F1045,농수산식품
농수산식품,수산,MTI코드표,1045,6,F1045,농수산식품
농수산식품,식품,MTI코드표,1045,6,F1045,농수산식품
농수산식품,농수산식품,MTI코드표,1046,6,F1046,농수산식품
농수산식품,농수산,MTI코드표,1046,6,F1046,농수산식품
농수산식품,수산,MTI코드표,1046,6,F1046,농수산식품
농수산식품,식품,MTI코드표,1046,6,F1046,농수산식품
농수산식품,농수산식품,MTI코드표,1047,6,F1047,농수산식품
농수산식품,농수산,MTI코드표,1047,6,F1047,농수산식품
농수산식품,수산,MTI코드표,1047,6,F1047,농수산식품
농수산식품,식품,MTI코드표,1047,6,F1047,농수산식품
농수산식품,농수산식품,MTI코드표,1048,6,F1048,농수산식품
농수산식품,농수산,MTI코드표,1048,6,F1048,농수산식품
농수산식품,수산,MTI코드표,1048,6,F1048,농수산식품
농수산식품,식품,MTI코드표,1048,6,F1048,농수산식품
농수산식품,농수산식품,MTI코드표,1049,6,F1049,농수산식품
농수산식품,농수산,MTI코드표,1049,6,F1049,농수산식품
농수산식품,수산,MTI코드표,1049,6,F1049,농수산식품
농수산식품,식품,MTI코드표,1049,6,F1049,농수산식품
농수산식품,농수산식품,MTI코드표,1050,6,F1050,농수산식품
농수산식품,농수산,MTI코드표,1050,6,F1050,농수산식품
농수산식품,수산,MTI코드표,1050,6,F1050,농수산식품
농수산식품,식품,MTI코드표,1050,6,F1050,농수산식품
농수산식품,농수산식품,MTI코드표,1051,6,F1051,농수산식품
농수산식품,농수산,MTI코드표,1051,6,F1051,농수산식품
농수산식품,수산,MTI코드표,1051,6,F1051,농수산식품
농수산식품,식품,MTI코드표,1051,6,F1051,농수산식품
농수산식품,농수산식품,MTI코드표,1052,6,F1052,농수산식품
농수산식품,농수산,MTI코드표,1052,6,F1052,농수산식품
농수산식품,수산,MTI코드표,1052,6,F1052,농수산식품
농수산식품,식품,MTI코드표,1052,6,F1052,농수산식품
농수산식품,농수산식품,MTI코드표,1053,6,F1053,농수산식품
농수산식품,농수산,MTI코드표,1053,6,F1053,농수산식품
농수산식품,수산,MTI코드표,1053,6,F1053,농수산식품
농수산식품,식품,MTI코드표,1053,6,F1053,농수산식품
농수산식품,농수산식품,MTI코드표,1054,6,F1054,농수산식품
농수산식품,농수산,MTI코드표,1054,6,F1054,농수산식품
농수산식품,수산,MTI코드표,1054,6,F1054,농수산식품
농수산식품,식품,MTI코드표,1054,6,F1054,농수산식품
농수산식품,농수산식품,MTI코드표,1055,6,F1055,농수산식품
농수산식품,농수산,MTI코드표,1055,6,F1055,농수산식품
농수산식품,수산,MTI코드표,1055,6,F1055,농수산식품
농수산식품,식품,MTI코드표,1055,6,F1055,농수산식품
농수산식품,농수산식품,MTI코드표,1056,6,F1056,농수산식품
농수산식품,농수산,MTI코드표,1056,6,F1056,농수산식품
농수산식품,수산,MTI코드표,1056,6,F1056,농수산식품
농수산식품,식품,MTI코드표,1056,6,F1056,농수산식품
농수산식품,농수산식품,MTI코드표,1057,6,F1057,농수산식품
농수산식품,농수산,MTI코드표,1057,6,F1057,농수산식품
농수산식품,수산,MTI코드표,1057,6,F1057,농수산식품
농수산식품,식품,MTI코드표,1057,6,F1057,농수산식품
농수산식품,농수산식품,MTI코드표,1058,6,F1058,농수산식품
농수산식품,농수산,MTI코드표,1058,6,F1058,농수산식품
농수산식품,수산,MTI코드표,1058,6,F1058,농수산식품
농수산식품,식품,MTI코드표,1058,6,F1058,농수산식품
농수산식품,농수산식품,MTI코드표,1059,6,F1059,농수산식품
농수산식품,농수산,MTI코드표,1059,6,F1059,농수산식품
농수산식품,수산,MTI코드표,1059,6,F1059,농수산식품
농수산식품,식품,MTI코드표,1059,6,F1059,농수산식품
농수산식품,농수산식품,MTI코드표,1060,6,F1060,농수산식품
농수산식품,농수산,MTI코드표,1060,6,F1060,농수산식품
농수산식품,수산,MTI코드표,1060,6,F1060,농수산식품
농수산식품,식품,MTI코드표,1060,6,F1060,농수산식품
농수산식품,농수산식품,MTI코드표,1061,6,F1061,농수산식품
농수산식품,농수산,MTI코드표,1061,6,F1061,농수산식품
농수산식품,수산,MTI코드표,1061,6,F1061,농수산식품
농수산식품,식품,MTI코드표,1061,6,F1061,농수산식품
농수산식품,농수산식품,MTI코드표,1062,6,F1062,농수산식품
농수산식품,농수산,MTI코드표,1062,6,F1062,농수산식품
농수산식품,수산,MTI코드표,1062,6,F1062,농수산식품
농수산식품,식품,MTI코드표,1062,6,F1062,농수산식품
농수산식품,농수산식품,MTI코드표,1063,6,F1063,농수산식품
농수산식품,농수산,MTI코드표,1063,6,F1063,농수산식품
농수산식품,수산,MTI코드표,1063,6,F1063,농수산식품
농수산식품,식품,MTI코드표,1063,6,F1063,농수산식품
농수산식품,농수산식품,MTI코드표,1064,6,F1064,농수산식품
농수산식품,농수산,MTI코드표,1064,6,F1064,농수산식품
농수산식품,수산,MTI코드표,1064,6,F1064,농수산식품
농수산식품,식품,MTI코드표,1064,6,F1064,농수산식품
농수산식품,농수산식품,MTI코드표,1065,6,F1065,농수산식품
농수산식품,농수산,MTI코드표,1065,6,F1065,농수산식품
농수산식품,수산,MTI코드표,1065,6,F1065,농수산식품
농수산식품,식품,MTI코드표,1065,6,F1065,농수산식품
농수산식품,농수산식품,MTI코드표,1066,6,F1066,농수산식품
농수산식품,농수산,MTI코드표,1066,6,F1066,농수산식품
농수산식품,수산,MTI코드표,1066,6,F1066,농수산식품
농수산식품,식품,MTI코드표,1066,6,F1066,농수산식품
농수산식품,농수산식품,MTI코드표,1067,6,F1067,농수산식품
농수산식품,농수산,MTI코드표,1067,6,F1067,농수산식품
농수산식품,수산,MTI코드표,1067,6,F1067,농수산식품
농수산식품,식품,MTI코드표,1067,6,F1067,농수산식품
농수산식품,농수산식품,MTI코드표,1068,6,F1068,농수산식품
농수산식품,농수산,MTI코드표,1068,6,F1068,농수산식품
농수산식품,수산,MTI코드표,1068,6,F1068,농수산식품
농수산식품,식품,MTI코드표,1068,6,F1068,농수산식품
농수산식품,농수산식품,MTI코드표,1069,6,F1069,농수산식품
농수산식품,농수산,MTI코드표,1069,6,F1069,농수산식품
농수산식품,수산,MTI코드표,1069,6,F1069,농수산식품
농수산식품,식품,MTI코드표,1069,6,F1069,농수산식품
농수산식품,농수산식품,MTI코드표,1070,6,F1070,농수산식품
농수산식품,농수산,MTI코드표,1070,6,F1070,농수산식품
농수산식품,수산,MTI코드표,1070,6,F1070,농수산식품
농수산식품,식품,MTI코드표,1070,6,F1070,농수산식품
농수산식품,식품,MTI코드표,1071,4,D1071,목제장식품상자
농수산식품,농수산식품,MTI코드표,1071,6,F1071,농수산식품
농수산식품,농수산,MTI코드표,1071,6,F1071,농수산식품
농수산식품,수산,MTI코드표,1071,6,F1071,농수산식품
농수산식품,식품,MTI코드표,1071,6,F1071,농수산식품
농수산식품,농수산식품,MTI코드표,1072,6,F1072,농수산식품
농수산식품,농수산,MTI코드표,1072,6,F1072,농수산식품
농수산식품,수산,MTI코드표,1072,6,F1072,농수산식품
농수산식품,식품,MTI코드표,1072,6,F1072,농수산식품
농수산식품,농수산식품,MTI코드표,1073,6,F1073,농수산식품
농수산식품,농수산,MTI코드표,1073,6,F1073,농수산식품
농수산식품,수산,MTI코드표,1073,6,F1073,농수산식품
농수산식품,식품,MTI코드표,1073,6,F1073,농수산식품
농수산식품,농수산식품,MTI코드표,1074,6,F1074,농수산식품
농수산식품,농수산,MTI코드표,1074,6,F1074,농수산식품
농수산식품,수산,MTI코드표,1074,6,F1074,농수산식품
농수산식품,식품,MTI코드표,1074,6,F1074,농수산식품
농수산식품,농수산식품,MTI코드표,1075,6,F1075,농수산식품
농수산식품,농수산,MTI코드표,1075,6,F1075,농수산식품
농수산식품,수산,MTI코드표,1075,6,F1075,농수산식품
농수산식품,식품,MTI코드표,1075,6,F1075,농수산식품
농수산식품,농수산식품,MTI코드표,1076,6,F1076,농수산식품
농수산식품,농수산,MTI코드표,1076,6,F1076,농수산식품
농수산식품,수산,MTI코드표,1076,6,F1076,농수산식품
농수산식품,식품,MTI코드표,1076,6,F1076,농수산식품
농수산식품,농수산식품,MTI코드표,1077,6,F1077,농수산식품
농수산식품,농수산,MTI코드표,1077,6,F1077,농수산식품
농수산식품,수산,MTI코드표,1077,6,F1077,농수산식품
농수산식품,식품,MTI코드표,1077,6,F1077,농수산식품
농수산식품,농수산식품,MTI코드표,1078,6,F1078,농수산식품
농수산식품,농수산,MTI코드표,1078,6,F1078,농수산식품
농수산식품,수산,MTI코드표,1078,6,F1078,농수산식품
농수산식품,식품,MTI코드표,1078,6,F1078,농수산식품
농수산식품,농수산식품,MTI코드표,1079,6,F1079,농수산식품
농수산식품,농수산,MTI코드표,1079,6,F1079,농수산식품
농수산식품,수산,MTI코드표,1079,6,F1079,농수산식품
농수산식품,식품,MTI코드표,1079,6,F1079,농수산식품
농수산식품,농수산식품,MTI코드표,1080,6,F1080,농수산식품
농수산식품,농수산,MTI코드표,1080,6,F1080,농수산식품
농수산식품,수산,MTI코드표,1080,6,F1080,농수산식품
농수산식품,식품,MTI코드표,1080,6,F1080,농수산식품
농수산식품,농수산식품,MTI코드표,1081,6,F1081,농수산식품
농수산식품,농수산,MTI코드표,1081,6,F1081,농수산식품
농수산식품,수산,MTI코드표,1081,6,F1081,농수산식품
농수산식품,식품,MTI코드표,1081,6,F1081,농수산식품
농수산식품,농수산식품,MTI코드표,1082,6,F1082,농수산식품
농수산식품,농수산,MTI코드표,1082,6,F1082,농수산식품
농수산식품,수산,MTI코드표,1082,6,F1082,농수산식품
농수산식품,식품,MTI코드표,1082,6,F1082,농수산식품
농수산식품,농수산식품,MTI코드표,1083,6,F1083,농수산식품
농수산식품,농수산,MTI코드표,1083,6,F1083,농수산식품
농수산식품,수산,MTI코드표,1083,6,F1083,농수산식품
농수산식품,식품,MTI코드표,1083,6,F1083,농수산식품
농수산식품,농수산식품,MTI코드표,1084,6,F1084,농수산식품
농수산식품,농수산,MTI코드표,1084,6,F1084,농수산식품
농수산식품,수산,MTI코드표,1084,6,F1084,농수산식품
농수산식품,식품,MTI코드표,1084,6,F1084,농수산식품
농수산식품,농수산식품,MTI코드표,1085,6,F1085,농수산식품
농수산식품,농수산,MTI코드표,1085,6,F1085,농수산식품
농수산식품,수산,MTI코드표,1085,6,F1085,농수산식품
농수산식품,식품,MTI코드표,1085,6,F1085,농수산식품
농수산식품,농수산식품,MTI코드표,1086,6,F1086,농수산식품
농수산식품,농수산,MTI코드표,1086,6,F1086,농수산식품
농수산식품,수산,MTI코드표,1086,6,F1086,농수산식품
농수산식품,식품,MTI코드표,1086,6,F1086,농수산식품
농수산식품,농수산식품,MTI코드표,1087,6,F1087,농수산식품
농수산식품,농수산,MTI코드표,1087,6,F1087,농수산식품
농수산식품,수산,MTI코드표,1087,6,F1087,농수산식품
농수산식품,식품,MTI코드표,1087,6,F1087,농수산식품
농수산식품,농수산식품,MTI코드표,1088,6,F1088,농수산식품
농수산식품,농수산,MTI코드표,1088,6,F1088,농수산식품
농수산식품,수산,MTI코드표,1088,6,F1088,농수산식품
농수산식품,식품,MTI코드표,1088,6,F1088,농수산식품
농수산식품,농수산식품,MTI코드표,1089,6,F1089,농수산식품
농수산식품,농수산,MTI코드표,1089,6,F1089,농수산식품
농수산식품,수산,MTI코드표,1089,6,F1089,농수산식품
농수산식품,식품,MTI코드표,1089,6,F1089,농수산식품
농수산식품,농수산식품,MTI코드표,1090,6,F1090,농수산식품
농수산식품,농수산,MTI코드표,1090,6,F1090,농수산식품
농수산식품,수산,MTI코드표,1090,6,F1090,농수산식품
농수산식품,식품,MTI코드표,1090,6,F1090,농수산식품
농수산식품,농수산식품,MTI코드표,1091,6,F1091,농수산식품
농수산식품,농수산,MTI코드표,1091,6,F1091,농수산식품
농수산식품,수산,MTI코드표,1091,6,F1091,농수산식품
농수산식품,식품,MTI코드표,1091,6,F1091,농수산식품
농수산식품,농수산식품,MTI코드표,1092,6,F1092,농수산식품
농수산식품,농수산,MTI코드표,1092,6,F1092,농수산식품
농수산식품,수산,MTI코드표,1092,6,F1092,농수산식품
농수산식품,식품,MTI코드표,1092,6,F1092,농수산식품
농수산식품,농수산식품,MTI코드표,1093,6,F1093,농수산식품
농수산식품,농수산,MTI코드표,1093,6,F1093,농수산식품
농수산식품,수산,MTI코드표,1093,6,F1093,농수산식품
농수산식품,식품,MTI코드표,1093,6,F1093,농수산식품
농수산식품,농수산식품,MTI코드표,1094,6,F1094,농수산식품
농수산식품,농수산,MTI코드표,1094,6,F1094,농수산식품
농수산식품,수산,MTI코드표,1094,6,F1094,농수산식품
농수산식품,식품,MTI코드표,1094,6,F1094,농수산식품
농수산식품,농수산식품,MTI코드표,1095,6,F1095,농수산식품
농수산식품,농수산,MTI코드표,1095,6,F1095,농수산식품
농수산식품,수산,MTI코드표,1095,6,F1095,농수산식품
농수산식품,식품,MTI코드표,1095,6,F1095,농수산식품
농수산식품,농수산식품,MTI코드표,1096,6,F1096,농수산식품
농수산식품,농수산,MTI코드표,1096,6,F1096,농수산식품
농수산식품,수산,MTI코드표,1096,6,F1096,농수산식품
농수산식품,식품,MTI코드표,1096,6,F1096,농수산식품
농수산식품,농수산식품,MTI코드표,1097,6,F1097,농수산식품
농수산식품,농수산,MTI코드표,1097,6,F1097,농수산식품
농수산식품,수산,MTI코드표,1097,6,F1097,농수산식품
농수산식품,식품,MTI코드표,1097,6,F1097,농수산식품
농수산식품,농수산식품,MTI코드표,1098,6,F1098,농수산식품
농수산식품,농수산,MTI코드표,1098,6,F1098,농수산식품
농수산식품,수산,MTI코드표,1098,6,F1098,농수산식품
농수산식품,식품,MTI코드표,1098,6,F1098,농수산식품
농수산식품,농수산식품,MTI코드표,1099,6,F1099,농수산식품
농수산식품,농수산,MTI코드표,1099,6,F1099,농수산식품
농수산식품,수산,MTI코드표,1099,6,F1099,농수산식품
농수산식품,식품,MTI코드표,1099,6,F1099,농수산식품
농수산식품,농수산식품,MTI코드표,1100,6,F1100,농수산식품
농수산식품,농수산,MTI코드표,1100,6,F1100,농수산식품
농수산식품,수산,MTI코드표,1100,6,F1100,농수산식품
농수산식품,식품,MTI코드표,1100,6,F1100,농수산식품
농수산식품,농수산식품,MTI코드표,1101,6,F1101,농수산식품
농수산식품,농수산,MTI코드표,1101,6,F1101,농수산식품
농수산식품,수산,MTI코드표,1101,6,F1101,농수산식품
농수산식품,식품,MTI코드표,1101,6,F1101,농수산식품
농수산식품,농수산식품,MTI코드표,1102,6,F1102,농수산식품
농수산식품,농수산,MTI코드표,1102,6,F1102,농수산식품
농수산식품,수산,MTI코드표,1102,6,F1102,농수산식품
농수산식품,식품,MTI코드표,1102,6,F1102,농수산식품
농수산식품,농수산식품,MTI코드표,1103,6,F1103,농수산식품
농수산식품,농수산,MTI코드표,1103,6,F1103,농수산식품
농수산식품,수산,MTI코드표,1103,6,F1103,농수산식품
농수산식품,식품,MTI코드표,1103,6,F1103,농수산식품
농수산식품,농수산식품,MTI코드표,1104,6,F1104,농수산식품
농수산식품,농수산,MTI코드표,1104,6,F1104,농수산식품
농수산식품,수산,MTI코드표,1104,6,F1104,농수산식품
농수산식품,식품,MTI코드표,1104,6,F1104,농수산식품
농수산식품,농수산식품,MTI코드표,1105,6,F1105,농수산식품
농수산식품,농수산,MTI코드표,1105,6,F1105,농수산식품
농수산식품,수산,MTI코드표,1105,6,F1105,농수산식품
농수산식품,식품,MTI코드표,1105,6,F1105,농수산식품
농수산식품,농수산식품,MTI코드표,1106,6,F1106,농수산식품
농수산식품,농수산,MTI코드표,1106,6,F1106,농수산식품
농수산식품,수산,MTI코드표,1106,6,F1106,농수산식품
농수산식품,식품,MTI코드표,1106,6,F1106,농수산식품
농수산식품,농수산식품,MTI코드표,1107,6,F1107,농수산식품
농수산식품,농수산,MTI코드표,1107,6,F1107,농수산식품
농수산식품,수산,MTI코드표,1107,6,F1107,농수산식품
농수산식품,식품,MTI코드표,1107,6,F1107,농수산식품
농수산식품,농수산식품,MTI코드표,1108,6,F1108,농수산식품
농수산식품,농수산,MTI코드표,1108,6,F1108,농수산식품
농수산식품,수산,MTI코드표,1108,6,F1108,농수산식품
농수산식품,식품,MTI코드표,1108,6,F1108,농수산식품
농수산식품,수산,MTI코드표,1109,4,D1109,기타수산물통조림
농수산식품,농수산식품,MTI코드표,1109,6,F1109,농수산식품
농수산식품,농수산,MTI코드표,1109,6,F1109,농수산식품
농수산식품,수산,MTI코드표,1109,6,F1109,농수산식품
농수산식품,식품,MTI코드표,1109,6,F1109,농수산식품
농수산식품,농수산식품,MTI코드표,1110,6,F1110,농수산식품
농수산식품,농수산,MTI코드표,1110,6,F1110,농수산식품
농수산식품,수산,MTI코드표,1110,6,F1110,농수산식품
농수산식품,식품,MTI코드표,1110,6,F1110,농수산식품
농수산식품,농수산식품,MTI코드표,1111,6,F1111,농수산식품
농수산식품,농수산,MTI코드표,1111,6,F1111,농수산식품
농수산식품,수산,MTI코드표,1111,6,F1111,농수산식품
농수산식품,식품,MTI코드표,1111,6,F1111,농수산식품
농수산식품,수산,MTI코드표,1112,4,D1112,기타염장수산물
농수산식품,농수산식품,MTI코드표,1112,6,F1112,농수산식품
농수산식품,농수산,MTI코드표,1112,6,F1112,농수산식품
농수산식품,수산,MTI코드표,1112,6,F1112,농수산식품
농수산식품,식품,MTI코드표,1112,6,F1112,농수산식품
농수산식품,수산,MTI코드표,1113,4,D1113,건조수산물
농수산식품,농수산식품,MTI코드표,1113,6,F1113,농수산식품
농수산식품,농수산,MTI코드표,1113,6,F1113,농수산식품
농수산식품,수산,MTI코드표,1113,6,F1113,농수산식품
농수산식품,식품,MTI코드표,1113,6,F1113,농수산식품
농수산식품,수산,MTI코드표,1114,4,D1114,기타수산가공품
농수산식품,농수산식품,MTI코드표,1114,6,F1114,농수산식품
농수산식품,농수산,MTI코드표,1114,6,F1114,농수산식품
농수산식품,수산,MTI코드표,1114,6,F1114,농수산식품
농수산식품,식품,MTI코드표,1114,6,F1114,농수산식품
농수산식품,수산,MTI코드표,1115,4,D1115,수산부산물
농수산식품,농수산식품,MTI코드표,1115,6,F1115,농수산식품
농수산식품,농수산,MTI코드표,1115,6,F1115,농수산식품
농수산식품,수산,MTI코드표,1115,6,F1115,농수산식품
농수산식품,식품,MTI코드표,1115,6,F1115,농수산식품
농수산식품,농수산식품,MTI코드표,1116,6,F1116,농수산식품
농수산식품,농수산,MTI코드표,1116,6,F1116,농수산식품
농수산식품,수산,MTI코드표,1116,6,F1116,농수산식품
농수산식품,식품,MTI코드표,1116,6,F1116,농수산식품
농수산식품,수산,MTI코드표,1117,4,D1117,기타수산물
농수산식품,농수산식품,MTI코드표,1117,6,F1117,농수산식품
농수산식품,농수산,MTI코드표,1117,6,F1117,농수산식품
농수산식품,수산,MTI코드표,1117,6,F1117,농수산식품
농수산식품,식품,MTI코드표,1117,6,F1117,농수산식품
농수산식품,수산,MTI코드표,1226,4,D1226,수산화나트륨
농수산식품,식품,MTI코드표,1240,4,D1240,도자기장식품
농수산식품,식품,MTI코드표,1248,4,D1248,유리식기및장식품
농수산식품,식품,MTI코드표,1515,4,D1515,귀금속장식품
농수산식품,식품,MTI코드표,1517,4,D1517,진주 장식품
농수산식품,식품,MTI코드표,1518,4,D1518,모조 장식품
일반기계,일반기계,MTI코드표,1682,6,F1682,일반기계
일반기계,일반기계,MTI코드표,1683,6,F1683,일반기계
일반기계,일반기계,MTI코드표,1684,6,F1684,일반기계
일반기계,일반기계,MTI코드표,1685,6,F1685,일반기계
일반기계,일반기계,MTI코드표,1686,6,F1686,일반기계
일반기계,일반기계,MTI코드표,1687,6,F1687,일반기계
일반기계,기계부품,MTI코드표,1688,4,D1688,금속공작기계부품
일반기계,공작기계,MTI코드표,1688,4,D1688,금속공작기계부품
일반기계,일반기계,MTI코드표,1688,6,F1688,일반기계
일반기계,일반기계,MTI코드표,1689,6,F1689,일반기계
일반기계,일반기계,MTI코드표,1690,6,F1690,일반기계
일반기계,일반기계,MTI코드표,1691,6,F1691,일반기계
일반기계,일반기계,MTI코드표,1692,6,F1692,일반기계
일반기계,일반기계,MTI코드표,1693,6,F1693,일반기계
일반기계,일반기계,MTI코드표,1694,6,F1694,일반기계
일반기계,일반기계,MTI코드표,1695,6,F1695,일반기계
일반기계,일반기계,MTI코드표,1696,6,F1696,일반기계
일반기계,일반기계,MTI코드표,1697,6,F1697,일반기계
일반기계,일반기계,MTI코드표,1698,6,F1698,일반기계
일반기계,일반기계,MTI코드표,1699,6,F1699,일반기계
일반기계,기계부품,MTI코드표,1700,4,D1700,섬유및피혁가공기계부품
일반기계,일반기계,MTI코드표,1700,6,F1700,일반기계
일반기계,일반기계,MTI코드표,1701,6,F1701,일반기계
일반기계,기계부품,MTI코드표,1702,4,D1702,고무플라스틱가공기계부품
일반기계,일반기계,MTI코드표,1702,6,F1702,일반기계
일반기계,일반기계,MTI코드표,1703,6,F1703,일반기계
일반기계,기계부품,MTI코드표,1704,4,D1704,화학기계부품
일반기계,일반기계,MTI코드표,1704,6,F1704,일반기계
일반기계,일반기계,MTI코드표,1705,6,F1705,일반기계
일반기계,일반기계,MTI코드표,1706,6,F1706,일반기계
일반기계,일반기계,MTI코드표,1707,6,F1707,일반기계
일반기계,일반기계,MTI코드표,1708,6,F1708,일반기계
일반기계,기계부품,MTI코드표,1709,4,D1709,제지인쇄기계부품
일반기계,일반기계,MTI코드표,1709,6,F1709,일반기계
농수산식품,식품,MTI코드표,1710,4,D1710,식품가공기계
일반기계,일반기계,MTI코드표,1710,6,F1710,일반기계
일반기계,기계부품,MTI코드표,1711,4,D1711,식품가공기계부품
농수산식품,식품,MTI코드표,1711,4,D1711,식품가공기계부품
일반기계,일반기계,MTI코드표,1711,6,F1711,일반기계
농수산식품,식품,MTI코드표,1712,4,D1712,식품포장기계
일반기계,일반기계,MTI코드표,1712,6,F1712,일반기계
일반기계,기계부품,MTI코드표,1713,4,D1713,식품포장기계부품
농수산식품,식품,MTI코드표,1713,4,D1713,식품포장기계부품
일반기계,일반기계,MTI코드표,1713,6,F1713,일반기계
일반기계,일반기계,MTI코드표,1714,6,F1714,일반기계
일반기계,기계부품,MTI코드표,1715,4,D1715,목재가공기계부품
일반기계,일반기계,MTI코드표,1715,6,F1715,일반기계
일반기계,일반기계,MTI코드표,1716,6,F1716,일반기계
일반기계,기계부품,MTI코드표,1717,4,D1717,광물가공기계부품
일반기계,일반기계,MTI코드표,1717,6,F1717,일반기계
일반기계,일반기계,MTI코드표,1718,6,F1718,일반기계
일반기계,기계부품,MTI코드표,1719,4,D1719,유리가공기계부품
일반기계,일반기계,MTI코드표,1719,6,F1719,일반기계
일반기계,일반기계,MTI코드표,1720,6,F1720,일반기계
일반기계,일반기계,MTI코드표,1721,6,F1721,일반기계
일반기계,일반기계,MTI코드표,1722,6,F1722,일반기계
일반기계,일반기계,MTI코드표,1723,6,F1723,일반기계
일반기계,일반기계,MTI코드표,1724,6,F1724,일반기계
일반기계,일반기계,MTI코드표,1725,6,F1725,일반기계
일반기계,일반기계,MTI코드표,1726,6,F1726,일반기계
일반기계,일반기계,MTI코드표,1727,6,F1727,일반기계
일반기계,일반기계,MTI코드표,1728,6,F1728,일반기계
일반기계,기계부품,MTI코드표,1729,4,D1729,광산기계부품
일반기계,일반기계,MTI코드표,1729,6,F1729,일반기계
일반기계,일반기계,MTI코드표,1730,6,F1730,일반기계
일반기계,일반기계,MTI코드표,1731,6,F1731,일반기계
일반기계,일반기계,MTI코드표,1732,6,F1732,일반기계
일반기계,기계부품,MTI코드표,1733,4,D1733,농기계부품
일반기계,일반기계,MTI코드표,1733,6,F1733,일반기계
일반기계,일반기계,MTI코드표,1734,6,F1734,일반기계
일반기계,일반기계,MTI코드표,1735,6,F1735,일반기계
일반기계,일반기계,MTI코드표,1736,6,F1736,일반기계
일반기계,일반기계,MTI코드표,1737,6,F1737,일반기계
일반기계,기계부품,MTI코드표,1738,4,D1738,운반하역기계부품
일반기계,일반기계,MTI코드표,1738,6,F1738,일반기계
일반기계,일반기계,MTI코드표,1739,6,F1739,일반기계
일반기계,일반기계,MTI코드표,1740,6,F1740,일반기계
일반기계,일반기계,MTI코드표,1741,6,F1741,일반기계
일반기계,일반기계,MTI코드표,1742,6,F1742,일반기계
일반기계,일반기계,MTI코드표,1743,6,F1743,일반기계
일반기계,일반기계,MTI코드표,1744,6,F1744,일반기계
일반기계,일반기계,MTI코드표,1745,6,F1745,일반기계
일반기계,일반기계,MTI코드표,1746,6,F1746,일반기계
일반기계,일반기계,MTI코드표,1747,6,F1747,일반기계
일반기계,일반기계,MTI코드표,1748,6,F1748,일반기계
일반기계,일반기계,MTI코드표,1749,6,F1749,일반기계
일반기계,일반기계,MTI코드표,1750,6,F1750,일반기계
일반기계,산업기계,MTI코드표,1751,4,D1751,기타산업기계
일반기계,일반기계,MTI코드표,1751,6,F1751,일반기계
일반기계,산업기계,MTI코드표,1752,4,D1752,기타산업기계부품
일반기계,기계부품,MTI코드표,1752,4,D1752,기타산업기계부품
일반기계,일반기계,MTI코드표,1752,6,F1752,일반기계
일반기계,일반기계,MTI코드표,1824,6,F1824,일반기계
일반기계,일반기계,MTI코드표,1825,6,F1825,일반기계
일반기계,일반기계,MTI코드표,1826,6,F1826,일반기계
일반기계,일반기계,MTI코드표,1827,6,F1827,일반기계
일반기계,일반기계,MTI코드표,1828,6,F1828,일반기계
일반기계,일반기계,MTI코드표,1829,6,F1829,일반기계
일반기계,일반기계,MTI코드표,1830,6,F1830,일반기계
일반기계,일반기계,MTI코드표,1831,6,F1831,일반기계
일반기계,일반기계,MTI코드표,1832,6,F1832,일반기계
일반기계,일반기계,MTI코드표,1833,6,F1833,일반기계
일반기계,일반기계,MTI코드표,1834,6,F1834,일반기계
일반기계,일반기계,MTI코드표,1835,6,F1835,일반기계
일반기계,일반기계,MTI코드표,1836,6,F1836,일반기계
일반기계,일반기계,MTI코드표,1837,6,F1837,일반기계
일반기계,일반기계,MTI코드표,1838,6,F1838,일반기계
일반기계,일반기계,MTI코드표,1839,6,F1839,일반기계
일반기계,일반기계,MTI코드표,1840,6,F1840,일반기계
일반기계,일반기계,MTI코드표,1841,6,F1841,일반기계
일반기계,일반기계,MTI코드표,1842,6,F1842,일반기계
일반기계,일반기계,MTI코드표,1843,6,F1843,일반기계
일반기계,일반기계,MTI코드표,1844,6,F1844,일반기계
일반기계,일반기계,MTI코드표,1845,6,F1845,일반기계
일반기계,일반기계,MTI코드표,1846,6,F1846,일반기계
일반기계,기계요소,MTI코드표,1847,4,D1847,기타기계요소
일반기계,일반기계,MTI코드표,1847,6,F1847,일반기계
일반기계,일반기계,MTI코드표,1848,6,F1848,일반기계
일반기계,일반기계,MTI코드표,1849,6,F1849,일반기계
일반기계,일반기계,MTI코드표,1850,6,F1850,일반기계
일반기계,일반기계,MTI코드표,1851,6,F1851,일반기계
일반기계,일반기계,MTI코드표,1852,6,F1852,일반기계
일반기계,일반기계,MTI코드표,1853,6,F1853,일반기계
일반기계,일반기계,MTI코드표,1854,6,F1854,일반기계
일반기계,일반기계,MTI코드표,1855,6,F1855,일반기계
일반기계,일반기계,MTI코드표,1856,6,F1856,일반기계
일반기계,일반기계,MTI코드표,1857,6,F1857,일반기계
일반기계,일반기계,MTI코드표,1858,6,F1858,일반기계
일반기계,일반기계,MTI코드표,1859,6,F1859,일반기계
일반기계,일반기계,MTI코드표,1860,6,F1860,일반기계
일반기계,일반기계,MTI코드표,1861,6,F1861,일반기계
일반기계,일반기계,MTI코드표,1862,6,F1862,일반기계
일반기계,일반기계,MTI코드표,1863,6,F1863,일반기계
일반기계,일반기계,MTI코드표,1864,6,F1864,일반기계
일반기계,일반기계,MTI코드표,1865,6,F1865,일반기계
일반기계,일반기계,MTI코드표,1866,6,F1866,일반기계
일반기계,일반기계,MTI코드표,1867,6,F1867,일반기계
일반기계,일반기계,MTI코드표,1868,6,F1868,일반기계
일반기계,일반기계,MTI코드표,1869,6,F1869,일반기계
일반기계,일반기계,MTI코드표,1870,6,F1870,일반기계
일반기계,일반기계,MTI코드표,1871,6,F1871,일반기계
일반기계,일반기계,MTI코드표,1872,6,F1872,일반기계
일반기계,일반기계,MTI코드표,1873,6,F1873,일반기계
일반기계,일반기계,MTI코드표,1874,6,F1874,일반기계
농수산식품,식품,MTI코드표,1931,4,D1931,식품자동판매기
가전,가전,MTI코드표,1956,6,F1956,가전
가전,가전,MTI코드표,1957,6,F1957,가전
가전,가전,MTI코드표,1958,6,F1958,가전
가전,가전,MTI코드표,1959,6,F1959,가전
가전,가전,MTI코드표,1960,6,F1960,가전
가전,가전,MTI코드표,1961,6,F1961,가전
가전,가전,MTI코드표,1962,6,F1962,가전
가전,가전,MTI코드표,1963,6,F1963,가전
가전,가전,MTI코드표,1964,6,F1964,가전
가전,가전,MTI코드표,1965,6,F1965,가전
가전,가전,MTI코드표,1966,6,F1966,가전
가전,가전,MTI코드표,1967,6,F1967,가전
가전,가전,MTI코드표,1968,6,F1968,가전
가전,가전,MTI코드표,1969,6,F1969,가전
가전,가전,MTI코드표,1970,6,F1970,가전
가전,가전,MTI코드표,1971,6,F1971,가전
가전,가전,MTI코드표,1972,6,F1972,가전
가전,가전,MTI코드표,1973,6,F1973,가전
가전,가전,MTI코드표,1974,6,F1974,가전
가전,가전,MTI코드표,1975,6,F1975,가전
가전,가전,MTI코드표,1976,6,F1976,가전
가전,가전,MTI코드표,1977,6,F1977,가전
가전,가전,MTI코드표,1978,6,F1978,가전
가전,가전,MTI코드표,1979,6,F1979,가전
가전,가전,MTI코드표,1980,6,F1980,가전
가전,가전,MTI코드표,1981,6,F1981,가전
가전,가전,MTI코드표,1982,6,F1982,가전
가전,가전,MTI코드표,1983,6,F1983,가전
가전,가전,MTI코드표,1984,6,F1984,가전
가전,가전,MTI코드표,1985,6,F1985,가전
가전,가전,MTI코드표,1986,6,F1986,가전
가전,가정용,MTI코드표,1987,4,D1987,기타가정용회전기기
가전,가전,MTI코드표,1987,6,F1987,가전
가전,가전,MTI코드표,1988,6,F1988,가전
가전,가전,MTI코드표,1989,6,F1989,가전
가전,가전,MTI코드표,1990,6,F1990,가전
가전,가전,MTI코드표,1991,6,F1991,가전
가전,가전,MTI코드표,1992,6,F1992,가전
가전,가전,MTI코드표,1993,6,F1993,가전
가전,가전,MTI코드표,1994,6,F1994,가전
가전,가전,MTI코드표,1995,6,F1995,가전
가전,가전,MTI코드표,1996,6,F1996,가전
가전,가전,MTI코드표,1997,6,F1997,가전
가전,가전,MTI코드표,1998,6,F1998,가전
가전,가전,MTI코드표,1999,6,F1999,가전
가전,가전,MTI코드표,2000,6,F2000,가전
가전,가정용,MTI코드표,2001,4,D2001,기타가정용전자
가전,가정용전자,MTI코드표,2001,4,D2001,기타가정용전자
가전,가전,MTI코드표,2001,6,F2001,가전
가전,가정용,MTI코드표,2002,4,D2002,기타가정용전자부품
가전,가정용전자,MTI코드표,2002,4,D2002,기타가정용전자부품
가전,가전,MTI코드표,2002,6,F2002,가전
이차전지,리튬이온,MTI코드표,2036,4,D2036,리튬이온전지
이차전지,이차전지,MTI코드표,2036,6,F2036,이차전지
이차전지,축전지,MTI코드표,2037,4,D2037,연축전지
이차전지,이차전지,MTI코드표,2037,6,F2037,이차전지
이차전지,축전지,MTI코드표,2038,4,D2038,기타축전지
이차전지,이차전지,MTI코드표,2038,6,F2038,이차전지
이차전지,축전지,MTI코드표,2039,4,D2039,축전지부품
이차전지,이차전지,MTI코드표,2039,6,F2039,이차전지
농수산식품,식품,MTI코드표,2091,4,D2091,식품공업용 전기로
농수산식품,식품,MTI코드표,2136,4,D2136,귀금속장식품
농수산식품,농수산식품,HSK-MTI 연계표,2,4,D2,농수산식품
농수산식품,농수산,HSK-MTI 연계표,2,4,D2,농수산식품
농수산식품,수산,HSK-MTI 연계표,2,4,D2,농수산식품
농수산식품,식품,HSK-MTI 연계표,2,4,D2,농수산식품
농수산식품,농수산식품,HSK-MTI 연계표,3,4,D3,농수산식품
농수산식품,농수산,HSK-MTI 연계표,3,4,D3,농수산식품
농수산식품,수산,HSK-MTI 연계표,3,4,D3,농수산식품
농수산식품,식품,HSK-MTI 연계표,3,4,D3,농수산식품
농수산식품,농수산식품,HSK-MTI 연계표,4,4,D4,농수산식품
농수산식품,농수산,HSK-MTI 연계표,4,4,D4,농수산식품
농수산식품,수산,HSK-MTI 연계표,4,4,D4,농수산식품
농수산식품,식품,HSK-MTI 연계표,4,4,D4,농수산식품
농수산식품,농수산식품,HSK-MTI 연계표,5,4,D5,농수산식품
농수산식품,농수산,HSK-MTI 연계표,5,4,D5,농수산식품
농수산식품,수산,HSK-MTI 연계표,5,4,D5,농수산식품
농수산식품,식품,HSK-MTI 연계표,5,4,D5,농수산식품
농수산식품,농수산식품,HSK-MTI 연계표,6,4,D6,농수산식품
농수산식품,농수산,HSK-MTI 연계표,6,4,D6,농수산식품
농수산식품,수산,HSK-MTI 연계표,6,4,D6,농수산식품
농수산식품,식품,HSK-MTI 연계표,6,4,D6,농수산식품
농수산식품,농수산식품,HSK-MTI 연계표,7,4,D7,농수산식품
농수산식품,농수산,HSK-MTI 연계표,7,4,D7,농수산식품
농수산식품,수산,HSK-MTI 연계표,7,4,D7,농수산식품
농수산식품,식품,HSK-MTI 연계표,7,4,D7,농수산식품
농수산식품,농수산식품,HSK-MTI 연계표,8,4,D8,농수산식품
농수산식품,농수산,HSK-MTI 연계표,8,4,D8,농수산식품
농수산식품,수산,HSK-MTI 연계표,8,4,D8,농수산식품
농수산식품,식품,HSK-MTI 연계표,8,4,D8,농수산식품
농수산식품,농수산식품,HSK-MTI 연계표,9,4,D9,농수산식품
농수산식품,농수산,HSK-MTI 연계표,9,4,D9,농수산식품
농수산식품,수산,HSK-MTI 연계표,9,4,D9,농수산식품
농수산식품,식품,HSK-MTI 연계표,9,4,D9,농수산식품
농수산식품,농수산식품,HSK-MTI 연계표,10,4,D10,농수산식품
농수산식품,농수산,HSK-MTI 연계표,10,4,D10,농수산식품
농수산식품,수산,HSK-MTI 연계표,10,4,D10,농수산식품
농수산식품,식품,HSK-MTI 연계표,10,4,D10,농수산식품
농수산식품,농수산식품,HSK-MTI 연계표,11,4,D11,농수산식품
농수산식품,농수산,HSK-MTI 연계표,11,4,D11,농수산식품
농수산식품,수산,HSK-MTI 연계표,11,4,D11,농수산식품
농수산식품,식품,HSK-MTI 연계표,11,4,D11,농수산식품
농수산식품,농수산식품,HSK-MTI 연계표,12,4,D12,농수산식품
농수산식품,농수산,HSK-MTI 연계표,12,4,D12,농수산식품
농수산식품,수산,HSK-MTI 연계표,12,4,D12,농수산식품
농수산식품,식품,HSK-MTI 연계표,12,4,D12,농수산식품
농수산식품,농수산식품,HSK-MTI 연계표,13,4,D13,농수산식품
농수산식품,농수산,HSK-MTI 연계표,13,4,D13,농수산식품
농수산식품,수산,HSK-MTI 연계표,13,4,D13,농수산식품
농수산식품,식품,HSK-MTI 연계표,13,4,D13,농수산식품
농수산식품,농수산식품,HSK-MTI 연계표,14,4,D14,농수산식품
농수산식품,농수산,HSK-MTI 연계표,14,4,D14,농수산식품
농수산식품,수산,HSK-MTI 연계표,14,4,D14,농수산식품
농수산식품,식품,HSK-MTI 연계표,14,4,D14,농수산식품
농수산식품,농수산식품,HSK-MTI 연계표,15,4,D15,농수산식품
농수산식품,농수산,HSK-MTI 연계표,15,4,D15,농수산식품
농수산식품,수산,HSK-MTI 연계표,15,4,D15,농수산식품
농수산식품,식품,HSK-MTI 연계표,15,4,D15,농수산식품
농수산식품,농수산식품,HSK-MTI 연계표,16,4,D16,농수산식품
농수산식품,농수산,HSK-MTI 연계표,16,4,D16,농수산식품
농수산식품,수산,HSK-MTI 연계표,16,4,D16,농수산식품
농수산식품,식품,HSK-MTI 연계표,16,4,D16,농수산식품
농수산식품,농수산식품,HSK-MTI 연계표,17,4,D17,농수산식품
농수산식품,농수산,HSK-MTI 연계표,17,4,D17,농수산식품
농수산식품,수산,HSK-MTI 연계표,17,4,D17,농수산식품
농수산식품,식품,HSK-MTI 연계표,17,4,D17,농수산식품
농수산식품,농수산식품,HSK-MTI 연계표,18,4,D18,농수산식품
농수산식품,농수산,HSK-MTI 연계표,18,4,D18,농수산식품
농수산식품,수산,HSK-MTI 연계표,18,4,D18,농수산식품
농수산식품,식품,HSK-MTI 연계표,18,4,D18,농수산식품
농수산식품,농수산식품,HSK-MTI 연계표,19,4,D19,농수산식품
농수산식품,농수산,HSK-MTI 연계표,19,4,D19,농수산식품
농수산식품,수산,HSK-MTI 연계표,19,4,D19,농수산식품
농수산식품,식품,HSK-MTI 연계표,19,4,D19,농수산식품
농수산식품,농수산식품,HSK-MTI 연계표,20,4,D20,농수산식품
농수산식품,농수산,HSK-MTI 연계표,20,4,D20,농수산식품
농수산식품,수산,HSK-MTI 연계표,20,4,D20,농수산식품
농수산식품,식품,HSK-MTI 연계표,20,4,D20,농수산식품
농수산식품,농수산식품,HSK-MTI 연계표,21,4,D21,농수산식품
농수산식품,농수산,HSK-MTI 연계표,21,4,D21,농수산식품
농수산식품,수산,HSK-MTI 연계표,21,4,D21,농수산식품
농수산식품,식품,HSK-MTI 연계표,21,4,D21,농수산식품
농수산식품,농수산식품,HSK-MTI 연계표,22,4,D22,농수산식품
농수산식품,농수산,HSK-MTI 연계표,22,4,D22,농수산식품
농수산식품,수산,HSK-MTI 연계표,22,4,D22,농수산식품
농수산식품,식품,HSK-MTI 연계표,22,4,D22,농수산식품
농수산식품,농수산식품,HSK-MTI 연계표,23,4,D23,농수산식품
농수산식품,농수산,HSK-MTI 연계표,23,4,D23,농수산식품
농수산식품,수산,HSK-MTI 연계표,23,4,D23,농수산식품
농수산식품,식품,HSK-MTI 연계표,23,4,D23,농수산식품
농수산식품,농수산식품,HSK-MTI 연계표,24,4,D24,농수산식품
농수산식품,농수산,HSK-MTI 연계표,24,4,D24,농수산식품
농수산식품,수산,HSK-MTI 연계표,24,4,D24,농수산식품
농수산식품,식품,HSK-MTI 연계표,24,4,D24,농수산식품
농수산식품,농수산식품,HSK-MTI 연계표,25,4,D25,농수산식품
농수산식품,농수산,HSK-MTI 연계표,25,4,D25,농수산식품
농수산식품,수산,HSK-MTI 연계표,25,4,D25,농수산식품
농수산식품,식품,HSK-MTI 연계표,25,4,D25,농수산식품
농수산식품,농수산식품,HSK-MTI 연계표,26,4,D26,농수산식품
농수산식품,농수산,HSK-MTI 연계표,26,4,D26,농수산식품
농수산식품,수산,HSK-MTI 연계표,26,4,D26,농수산식품
농수산식품,식품,HSK-MTI 연계표,26,4,D26,농수산식품
농수산식품,농수산식품,HSK-MTI 연계표,27,4,D27,농수산식품
농수산식품,농수산,HSK-MTI 연계표,27,4,D27,농수산식품
농수산식품,수산,HSK-MTI 연계표,27,4,D27,농수산식품
농수산식품,식품,HSK-MTI 연계표,27,4,D27,농수산식품
농수산식품,농수산식품,HSK-MTI 연계표,28,4,D28,농수산식품
농수산식품,농수산,HSK-MTI 연계표,28,4,D28,농수산식품
농수산식품,수산,HSK-MTI 연계표,28,4,D28,농수산식품
농수산식품,식품,HSK-MTI 연계표,28,4,D28,농수산식품
농수산식품,농수산식품,HSK-MTI 연계표,29,4,D29,농수산식품
농수산식품,농수산,HSK-MTI 연계표,29,4,D29,농수산식품
농수산식품,수산,HSK-MTI 연계표,29,4,D29,농수산식품
농수산식품,식품,HSK-MTI 연계표,29,4,D29,농수산식품
농수산식품,농수산식품,HSK-MTI 연계표,30,4,D30,농수산식품
농수산식품,농수산,HSK-MTI 연계표,30,4,D30,농수산식품
농수산식품,수산,HSK-MTI 연계표,30,4,D30,농수산식품
농수산식품,식품,HSK-MTI 연계표,30,4,D30,농수산식품
농수산식품,농수산식품,HSK-MTI 연계표,31,4,D31,농수산식품
농수산식품,농수산,HSK-MTI 연계표,31,4,D31,농수산식품
농수산식품,수산,HSK-MTI 연계표,31,4,D31,농수산식품
농수산식품,식품,HSK-MTI 연계표,31,4,D31,농수산식품
농수산식품,농수산식품,HSK-MTI 연계표,32,4,D32,농수산식품
농수산식품,농수산,HSK-MTI 연계표,32,4,D32,농수산식품
농수산식품,수산,HSK-MTI 연계표,32,4,D32,농수산식품
농수산식품,식품,HSK-MTI 연계표,32,4,D32,농수산식품
농수산식품,농수산식품,HSK-MTI 연계표,33,4,D33,농수산식품
농수산식품,농수산,HSK-MTI 연계표,33,4,D33,농수산식품
농수산식품,수산,HSK-MTI 연계표,33,4,D33,농수산식품
농수산식품,식품,HSK-MTI 연계표,33,4,D33,농수산식품
농수산식품,농수산식품,HSK-MTI 연계표,34,4,D34,농수산식품
농수산식품,농수산,HSK-MTI 연계표,34,4,D34,농수산식품
농수산식품,수산,HSK-MTI 연계표,34,4,D34,농수산식품
농수산식품,식품,HSK-MTI 연계표,34,4,D34,농수산식품
농수산식품,농수산식품,HSK-MTI 연계표,35,4,D35,농수산식품
농수산식품,농수산,HSK-MTI 연계표,35,4,D35,농수산식품
농수산식품,수산,HSK-MTI 연계표,35,4,D35,농수산식품
농수산식품,식품,HSK-MTI 연계표,35,4,D35,농수산식품
농수산식품,농수산식품,HSK-MTI 연계표,36,4,D36,농수산식품
농수산식품,농수산,HSK-MTI 연계표,36,4,D36,농수산식품
농수산식품,수산,HSK-MTI 연계표,36,4,D36,농수산식품
농수산식품,식품,HSK-MTI 연계표,36,4,D36,농수산식품
농수산식품,농수산식품,HSK-MTI 연계표,37,4,D37,농수산식품
농수산식품,농수산,HSK-MTI 연계표,37,4,D37,농수산식품
농수산식품,수산,HSK-MTI 연계표,37,4,D37,농수산식품
농수산식품,식품,HSK-MTI 연계표,37,4,D37,농수산식품
농수산식품,농수산식품,HSK-MTI 연계표,38,4,D38,농수산식품
농수산식품,농수산,HSK-MTI 연계표,38,4,D38,농수산식품
농수산식품,수산,HSK-MTI 연계표,38,4,D38,농수산식품
농수산식품,식품,HSK-MTI 연계표,38,4,D38,농수산식품
농수산식품,농수산식품,HSK-MTI 연계표,39,4,D39,농수산식품
농수산식품,농수산,HSK-MTI 연계표,39,4,D39,농수산식품
농수산식품,수산,HSK-MTI 연계표,39,4,D39,농수산식품
농수산식품,식품,HSK-MTI 연계표,39,4,D39,농수산식품
농수산식품,농수산식품,HSK-MTI 연계표,40,4,D40,농수산식품
농수산식품,농수산,HSK-MTI 연계표,40,4,D40,농수산식품
농수산식품,수산,HSK-MTI 연계표,40,4,D40,농수산식품
농수산식품,식품,HSK-MTI 연계표,40,4,D40,농수산식품
농수산식품,농수산식품,HSK-MTI 연계표,41,4,D41,농수산식품
농수산식품,농수산,HSK-MTI 연계표,41,4,D41,농수산식품
농수산식품,수산,HSK-MTI 연계표,41,4,D41,농수산식품
농수산식품,식품,HSK-MTI 연계표,41,4,D41,농수산식품
농수산식품,농수산식품,HSK-MTI 연계표,42,4,D42,농수산식품
농수산식품,농수산,HSK-MTI 연계표,42,4,D42,농수산식품
농수산식품,수산,HSK-MTI 연계표,42,4,D42,농수산식품
농수산식품,식품,HSK-MTI 연계표,42,4,D42,농수산식품
농수산식품,농수산식품,HSK-MTI 연계표,43,4,D43,농수산식품
농수산식품,농수산,HSK-MTI 연계표,43,4,D43,농수산식품
농수산식품,수산,HSK-MTI 연계표,43,4,D43,농수산식품
농수산식품,식품,HSK-MTI 연계표,43,4,D43,농수산식품
농수산식품,농수산식품,HSK-MTI 연계표,44,4,D44,농수산식품
농수산식품,농수산,HSK-MTI 연계표,44,4,D44,농수산식품
농수산식품,수산,HSK-MTI 연계표,44,4,D44,농수산식품
농수산식품,식품,HSK-MTI 연계표,44,4,D44,농수산식품
농수산식품,농수산식품,HSK-MTI 연계표,45,4,D45,농수산식품
농수산식품,농수산,HSK-MTI 연계표,45,4,D45,농수산식품
농수산식품,수산,HSK-MTI 연계표,45,4,D45,농수산식품
농수산식품,식품,HSK-MTI 연계표,45,4,D45,농수산식품
농수산식품,농수산식품,HSK-MTI 연계표,46,4,D46,농수산식품
농수산식품,농수산,HSK-MTI 연계표,46,4,D46,농수산식품
농수산식품,수산,HSK-MTI 연계표,46,4,D46,농수산식품
농수산식품,식품,HSK-MTI 연계표,46,4,D46,농수산식품
농수산식품,농수산식품,HSK-MTI 연계표,47,4,D47,농수산식품
농수산식품,농수산,HSK-MTI 연계표,47,4,D47,농수산식품
농수산식품,수산,HSK-MTI 연계표,47,4,D47,농수산식품
농수산식품,식품,HSK-MTI 연계표,47,4,D47,농수산식품
농수산식품,농수산식품,HSK-MTI 연계표,48,4,D48,농수산식품
농수산식품,농수산,HSK-MTI 연계표,48,4,D48,농수산식품
농수산식품,수산,HSK-MTI 연계표,48,4,D48,농수산식품
농수산식품,식품,HSK-MTI 연계표,48,4,D48,농수산식품
농수산식품,농수산식품,HSK-MTI 연계표,49,4,D49,농수산식품
농수산식품,농수산,HSK-MTI 연계표,49,4,D49,농수산식품
농수산식품,수산,HSK-MTI 연계표,49,4,D49,농수산식품
농수산식품,식품,HSK-MTI 연계표,49,4,D49,농수산식품
농수산식품,농수산식품,HSK-MTI 연계표,50,4,D50,농수산식품
농수산식품,농수산,HSK-MTI 연계표,50,4,D50,농수산식품
농수산식품,수산,HSK-MTI 연계표,50,4,D50,농수산식품
농수산식품,식품,HSK-MTI 연계표,50,4,D50,농수산식품
농수산식품,농수산식품,HSK-MTI 연계표,51,4,D51,농수산식품
농수산식품,농수산,HSK-MTI 연계표,51,4,D51,농수산식품
농수산식품,수산,HSK-MTI 연계표,51,4,D51,농수산식품
농수산식품,식품,HSK-MTI 연계표,51,4,D51,농수산식품
농수산식품,농수산식품,HSK-MTI 연계표,52,4,D52,농수산식품
농수산식품,농수산,HSK-MTI 연계표,52,4,D52,농수산식품
농수산식품,수산,HSK-MTI 연계표,52,4,D52,농수산식품
농수산식품,식품,HSK-MTI 연계표,52,4,D52,농수산식품
농수산식품,농수산식품,HSK-MTI 연계표,53,4,D53,농수산식품
농수산식품,농수산,HSK-MTI 연계표,53,4,D53,농수산식품
농수산식품,수산,HSK-MTI 연계표,53,4,D53,농수산식품
농수산식품,식품,HSK-MTI 연계표,53,4,D53,농수산식품
농수산식품,농수산식품,HSK-MTI 연계표,54,4,D54,농수산식품
농수산식품,농수산,HSK-MTI 연계표,54,4,D54,농수산식품
농수산식품,수산,HSK-MTI 연계표,54,4,D54,농수산식품
농수산식품,식품,HSK-MTI 연계표,54,4,D54,농수산식품
농수산식품,농수산식품,HSK-MTI 연계표,55,4,D55,농수산식품
농수산식품,농수산,HSK-MTI 연계표,55,4,D55,농수산식품
농수산식품,수산,HSK-MTI 연계표,55,4,D55,농수산식품
농수산식품,식품,HSK-MTI 연계표,55,4,D55,농수산식품
농수산식품,농수산식품,HSK-MTI 연계표,56,4,D56,농수산식품
농수산식품,농수산,HSK-MTI 연계표,56,4,D56,농수산식품
농수산식품,수산,HSK-MTI 연계표,56,4,D56,농수산식품
농수산식품,식품,HSK-MTI 연계표,56,4,D56,농수산식품
농수산식품,농수산식품,HSK-MTI 연계표,57,4,D57,농수산식품
농수산식품,농수산,HSK-MTI 연계표,57,4,D57,농수산식품
농수산식품,수산,HSK-MTI 연계표,57,4,D57,농수산식품
농수산식품,식품,HSK-MTI 연계표,57,4,D57,농수산식품
농수산식품,농수산식품,HSK-MTI 연계표,58,4,D58,농수산식품
농수산식품,농수산,HSK-MTI 연계표,58,4,D58,농수산식품
농수산식품,수산,HSK-MTI 연계표,58,4,D58,농수산식품
농수산식품,식품,HSK-MTI 연계표,58,4,D58,농수산식품
농수산식품,농수산식품,HSK-MTI 연계표,59,4,D59,농수산식품
농수산식품,농수산,HSK-MTI 연계표,59,4,D59,농수산식품
농수산식품,수산,HSK-MTI 연계표,59,4,D59,농수산식품
농수산식품,식품,HSK-MTI 연계표,59,4,D59,농수산식품
농수산식품,농수산식품,HSK-MTI 연계표,60,4,D60,농수산식품
농수산식품,농수산,HSK-MTI 연계표,60,4,D60,농수산식품
농수산식품,수산,HSK-MTI 연계표,60,4,D60,농수산식품
농수산식품,식품,HSK-MTI 연계표,60,4,D60,농수산식품
농수산식품,농수산식품,HSK-MTI 연계표,61,4,D61,농수산식품
농수산식품,농수산,HSK-MTI 연계표,61,4,D61,농수산식품
농수산식품,수산,HSK-MTI 연계표,61,4,D61,농수산식품
농수산식품,식품,HSK-MTI 연계표,61,4,D61,농수산식품
농수산식품,농수산식품,HSK-MTI 연계표,62,4,D62,농수산식품
농수산식품,농수산,HSK-MTI 연계표,62,4,D62,농수산식품
농수산식품,수산,HSK-MTI 연계표,62,4,D62,농수산식품
농수산식품,식품,HSK-MTI 연계표,62,4,D62,농수산식품
농수산식품,농수산식품,HSK-MTI 연계표,63,4,D63,농수산식품
농수산식품,농수산,HSK-MTI 연계표,63,4,D63,농수산식품
농수산식품,수산,HSK-MTI 연계표,63,4,D63,농수산식품
농수산식품,식품,HSK-MTI 연계표,63,4,D63,농수산식품
농수산식품,농수산식품,HSK-MTI 연계표,64,4,D64,농수산식품
농수산식품,농수산,HSK-MTI 연계표,64,4,D64,농수산식품
농수산식품,수산,HSK-MTI 연계표,64,4,D64,농수산식품
농수산식품,식품,HSK-MTI 연계표,64,4,D64,농수산식품
농수산식품,농수산식품,HSK-MTI 연계표,65,4,D65,농수산식품
농수산식품,농수산,HSK-MTI 연계표,65,4,D65,농수산식품
농수산식품,수산,HSK-MTI 연계표,65,4,D65,농수산식품
농수산식품,식품,HSK-MTI 연계표,65,4,D65,농수산식품
농수산식품,농수산식품,HSK-MTI 연계표,66,4,D66,농수산식품
농수산식품,농수산,HSK-MTI 연계표,66,4,D66,농수산식품
농수산식품,수산,HSK-MTI 연계표,66,4,D66,농수산식품
농수산식품,식품,HSK-MTI 연계표,66,4,D66,농수산식품
농수산식품,농수산식품,HSK-MTI 연계표,67,4,D67,농수산식품
농수산식품,농수산,HSK-MTI 연계표,67,4,D67,농수산식품
농수산식품,수산,HSK-MTI 연계표,67,4,D67,농수산식품
농수산식품,식품,HSK-MTI 연계표,67,4,D67,농수산식품
농수산식품,농수산식품,HSK-MTI 연계표,68,4,D68,농수산식품
농수산식품,농수산,HSK-MTI 연계표,68,4,D68,농수산식품
농수산식품,수산,HSK-MTI 연계표,68,4,D68,농수산식품
농수산식품,식품,HSK-MTI 연계표,68,4,D68,농수산식품
농수산식품,농수산식품,HSK-MTI 연계표,69,4,D69,농수산식품
농수산식품,농수산,HSK-MTI 연계표,69,4,D69,농수산식품
농수산식품,수산,HSK-MTI 연계표,69,4,D69,농수산식품
농수산식품,식품,HSK-MTI 연계표,69,4,D69,농수산식품
농수산식품,농수산식품,HSK-MTI 연계표,70,4,D70,농수산식품
농수산식품,농수산,HSK-MTI 연계표,70,4,D70,농수산식품
농수산식품,수산,HSK-MTI 연계표,70,4,D70,농수산식품
농수산식품,식품,HSK-MTI 연계표,70,4,D70,농수산식품
농수산식품,농수산식품,HSK-MTI 연계표,71,4,D71,농수산식품
농수산식품,농수산,HSK-MTI 연계표,71,4,D71,농수산식품
농수산식품,수산,HSK-MTI 연계표,71,4,D71,농수산식품
농수산식품,식품,HSK-MTI 연계표,71,4,D71,농수산식품
농수산식품,농수산식품,HSK-MTI 연계표,72,4,D72,농수산식품
농수산식품,농수산,HSK-MTI 연계표,72,4,D72,농수산식품
농수산식품,수산,HSK-MTI 연계표,72,4,D72,농수산식품
농수산식품,식품,HSK-MTI 연계표,72,4,D72,농수산식품
농수산식품,농수산식품,HSK-MTI 연계표,73,4,D73,농수산식품
농수산식품,농수산,HSK-MTI 연계표,73,4,D73,농수산식품
농수산식품,수산,HSK-MTI 연계표,73,4,D73,농수산식품
농수산식품,식품,HSK-MTI 연계표,73,4,D73,농수산식품
농수산식품,농수산식품,HSK-MTI 연계표,74,4,D74,농수산식품
농수산식품,농수산,HSK-MTI 연계표,74,4,D74,농수산식품
농수산식품,수산,HSK-MTI 연계표,74,4,D74,농수산식품
농수산식품,식품,HSK-MTI 연계표,74,4,D74,농수산식품
농수산식품,농수산식품,HSK-MTI 연계표,75,4,D75,농수산식품
농수산식품,농수산,HSK-MTI 연계표,75,4,D75,농수산식품
농수산식품,수산,HSK-MTI 연계표,75,4,D75,농수산식품
농수산식품,식품,HSK-MTI 연계표,75,4,D75,농수산식품
농수산식품,농수산식품,HSK-MTI 연계표,76,4,D76,농수산식품
농수산식품,농수산,HSK-MTI 연계표,76,4,D76,농수산식품
농수산식품,수산,HSK-MTI 연계표,76,4,D76,농수산식품
농수산식품,식품,HSK-MTI 연계표,76,4,D76,농수산식품
농수산식품,농수산식품,HSK-MTI 연계표,77,4,D77,농수산식품
농수산식품,농수산,HSK-MTI 연계표,77,4,D77,농수산식품
농수산식품,수산,HSK-MTI 연계표,77,4,D77,농수산식품
농수산식품,식품,HSK-MTI 연계표,77,4,D77,농수산식품
농수산식품,농수산식품,HSK-MTI 연계표,78,4,D78,농수산식품
농수산식품,농수산,HSK-MTI 연계표,78,4,D78,농수산식품
농수산식품,수산,HSK-MTI 연계표,78,4,D78,농수산식품
농수산식품,식품,HSK-MTI 연계표,78,4,D78,농수산식품
농수산식품,농수산식품,HSK-MTI 연계표,79,4,D79,농수산식품
농수산식품,농수산,HSK-MTI 연계표,79,4,D79,농수산식품
농수산식품,수산,HSK-MTI 연계표,79,4,D79,농수산식품
농수산식품,식품,HSK-MTI 연계표,79,4,D79,농수산식품
농수산식품,농수산식품,HSK-MTI 연계표,80,4,D80,농수산식품
농수산식품,농수산,HSK-MTI 연계표,80,4,D80,농수산식품
농수산식품,수산,HSK-MTI 연계표,80,4,D80,농수산식품
농수산식품,식품,HSK-MTI 연계표,80,4,D80,농수산식품
농수산식품,농수산식품,HSK-MTI 연계표,81,4,D81,농수산식품
농수산식품,농수산,HSK-MTI 연계표,81,4,D81,농수산식품
농수산식품,수산,HSK-MTI 연계표,81,4,D81,농수산식품
농수산식품,식품,HSK-MTI 연계표,81,4,D81,농수산식품
농수산식품,농수산식품,HSK-MTI 연계표,82,4,D82,농수산식품
농수산식품,농수산,HSK-MTI 연계표,82,4,D82,농수산식품
농수산식품,수산,HSK-MTI 연계표,82,4,D82,농수산식품
농수산식품,식품,HSK-MTI 연계표,82,4,D82,농수산식품
농수산식품,농수산식품,HSK-MTI 연계표,83,4,D83,농수산식품
농수산식품,농수산,HSK-MTI 연계표,83,4,D83,농수산식품
농수산식품,수산,HSK-MTI 연계표,83,4,D83,농수산식품
농수산식품,식품,HSK-MTI 연계표,83,4,D83,농수산식품
농수산식품,농수산식품,HSK-MTI 연계표,84,4,D84,농수산식품
농수산식품,농수산,HSK-MTI 연계표,84,4,D84,농수산식품
농수산식품,수산,HSK-MTI 연계표,84,4,D84,농수산식품
농수산식품,식품,HSK-MTI 연계표,84,4,D84,농수산식품
농수산식품,농수산식품,HSK-MTI 연계표,85,4,D85,농수산식품
농수산식품,농수산,HSK-MTI 연계표,85,4,D85,농수산식품
농수산식품,수산,HSK-MTI 연계표,85,4,D85,농수산식품
농수산식품,식품,HSK-MTI 연계표,85,4,D85,농수산식품
농수산식품,농수산식품,HSK-MTI 연계표,86,4,D86,농수산식품
농수산식품,농수산,HSK-MTI 연계표,86,4,D86,농수산식품
농수산식품,수산,HSK-MTI 연계표,86,4,D86,농수산식품
농수산식품,식품,HSK-MTI 연계표,86,4,D86,농수산식품
농수산식품,농수산식품,HSK-MTI 연계표,87,4,D87,농수산식품
농수산식품,농수산,HSK-MTI 연계표,87,4,D87,농수산식품
농수산식품,수산,HSK-MTI 연계표,87,4,D87,농수산식품
농수산식품,식품,HSK-MTI 연계표,87,4,D87,농수산식품
농수산식품,농수산식품,HSK-MTI 연계표,88,4,D88,농수산식품
농수산식품,농수산,HSK-MTI 연계표,88,4,D88,농수산식품
농수산식품,수산,HSK-MTI 연계표,88,4,D88,농수산식품
농수산식품,식품,HSK-MTI 연계표,88,4,D88,농수산식품
농수산식품,농수산식품,HSK-MTI 연계표,89,4,D89,농수산식품
농수산식품,농수산,HSK-MTI 연계표,89,4,D89,농수산식품
농수산식품,수산,HSK-MTI 연계표,89,4,D89,농수산식품
농수산식품,식품,HSK-MTI 연계표,89,4,D89,농수산식품
농수산식품,농수산식품,HSK-MTI 연계표,90,4,D90,농수산식품
농수산식품,농수산,HSK-MTI 연계표,90,4,D90,농수산식품
농수산식품,수산,HSK-MTI 연계표,90,4,D90,농수산식품
농수산식품,식품,HSK-MTI 연계표,90,4,D90,농수산식품
농수산식품,농수산식품,HSK-MTI 연계표,91,4,D91,농수산식품
농수산식품,농수산,HSK-MTI 연계표,91,4,D91,농수산식품
농수산식품,수산,HSK-MTI 연계표,91,4,D91,농수산식품
농수산식품,식품,HSK-MTI 연계표,91,4,D91,농수산식품
농수산식품,농수산식품,HSK-MTI 연계표,92,4,D92,농수산식품
농수산식품,농수산,HSK-MTI 연계표,92,4,D92,농수산식품
농수산식품,수산,HSK-MTI 연계표,92,4,D92,농수산식품
농수산식품,식품,HSK-MTI 연계표,92,4,D92,농수산식품
농수산식품,농수산식품,HSK-MTI 연계표,93,4,D93,농수산식품
농수산식품,농수산,HSK-MTI 연계표,93,4,D93,농수산식품
농수산식품,수산,HSK-MTI 연계표,93,4,D93,농수산식품
농수산식품,식품,HSK-MTI 연계표,93,4,D93,농수산식품
농수산식품,농수산식품,HSK-MTI 연계표,94,4,D94,농수산식품
농수산식품,농수산,HSK-MTI 연계표,94,4,D94,농수산식품
농수산식품,수산,HSK-MTI 연계표,94,4,D94,농수산식품
농수산식품,식품,HSK-MTI 연계표,94,4,D94,농수산식품
농수산식품,농수산식품,HSK-MTI 연계표,95,4,D95,농수산식품
농수산식품,농수산,HSK-MTI 연계표,95,4,D95,농수산식품
농수산식품,수산,HSK-MTI 연계표,95,4,D95,농수산식품
농수산식품,식품,HSK-MTI 연계표,95,4,D95,농수산식품
농수산식품,농수산식품,HSK-MTI 연계표,96,4,D96,농수산식품
농수산식품,농수산,HSK-MTI 연계표,96,4,D96,농수산식품
농수산식품,수산,HSK-MTI 연계표,96,4,D96,농수산식품
농수산식품,식품,HSK-MTI 연계표,96,4,D96,농수산식품
농수산식품,농수산식품,HSK-MTI 연계표,97,4,D97,농수산식품
농수산식품,농수산,HSK-MTI 연계표,97,4,D97,농수산식품
농수산식품,수산,HSK-MTI 연계표,97,4,D97,농수산식품
농수산식품,식품,HSK-MTI 연계표,97,4,D97,농수산식품
농수산식품,농수산식품,HSK-MTI 연계표,98,4,D98,농수산식품
농수산식품,농수산,HSK-MTI 연계표,98,4,D98,농수산식품
농수산식품,수산,HSK-MTI 연계표,98,4,D98,농수산식품
농수산식품,식품,HSK-MTI 연계표,98,4,D98,농수산식품
농수산식품,농수산식품,HSK-MTI 연계표,99,4,D99,농수산식품
농수산식품,농수산,HSK-MTI 연계표,99,4,D99,농수산식품
농수산식품,수산,HSK-MTI 연계표,99,4,D99,농수산식품
농수산식품,식품,HSK-MTI 연계표,99,4,D99,농수산식품
농수산식품,농수산식품,HSK-MTI 연계표,100,4,D100,농수산식품
농수산식품,농수산,HSK-MTI 연계표,100,4,D100,농수산식품
농수산식품,수산,HSK-MTI 연계표,100,4,D100,농수산식품
농수산식품,식품,HSK-MTI 연계표,100,4,D100,농수산식품
농수산식품,농수산식품,HSK-MTI 연계표,101,4,D101,농수산식품
농수산식품,농수산,HSK-MTI 연계표,101,4,D101,농수산식품
농수산식품,수산,HSK-MTI 연계표,101,4,D101,농수산식품
농수산식품,식품,HSK-MTI 연계표,101,4,D101,농수산식품
농수산식품,농수산식품,HSK-MTI 연계표,102,4,D102,농수산식품
농수산식품,농수산,HSK-MTI 연계표,102,4,D102,농수산식품
농수산식품,수산,HSK-MTI 연계표,102,4,D102,농수산식품
농수산식품,식품,HSK-MTI 연계표,102,4,D102,농수산식품
농수산식품,농수산식품,HSK-MTI 연계표,103,4,D103,농수산식품
농수산식품,농수산,HSK-MTI 연계표,103,4,D103,농수산식품
농수산식품,수산,HSK-MTI 연계표,103,4,D103,농수산식품
농수산식품,식품,HSK-MTI 연계표,103,4,D103,농수산식품
농수산식품,농수산식품,HSK-MTI 연계표,104,4,D104,농수산식품
농수산식품,농수산,HSK-MTI 연계표,104,4,D104,농수산식품
농수산식품,수산,HSK-MTI 연계표,104,4,D104,농수산식품
농수산식품,식품,HSK-MTI 연계표,104,4,D104,농수산식품
농수산식품,농수산식품,HSK-MTI 연계표,105,4,D105,농수산식품
농수산식품,농수산,HSK-MTI 연계표,105,4,D105,농수산식품
농수산식품,수산,HSK-MTI 연계표,105,4,D105,농수산식품
농수산식품,식품,HSK-MTI 연계표,105,4,D105,농수산식품
농수산식품,농수산식품,HSK-MTI 연계표,106,4,D106,농수산식품
농수산식품,농수산,HSK-MTI 연계표,106,4,D106,농수산식품
농수산식품,수산,HSK-MTI 연계표,106,4,D106,농수산식품
농수산식품,식품,HSK-MTI 연계표,106,4,D106,농수산식품
농수산식품,농수산식품,HSK-MTI 연계표,107,4,D107,농수산식품
농수산식품,농수산,HSK-MTI 연계표,107,4,D107,농수산식품
농수산식품,수산,HSK-MTI 연계표,107,4,D107,농수산식품
농수산식품,식품,HSK-MTI 연계표,107,4,D107,농수산식품
농수산식품,농수산식품,HSK-MTI 연계표,108,4,D108,농수산식품
농수산식품,농수산,HSK-MTI 연계표,108,4,D108,농수산식품
농수산식품,수산,HSK-MTI 연계표,108,4,D108,농수산식품
농수산식품,식품,HSK-MTI 연계표,108,4,D108,농수산식품
농수산식품,농수산식품,HSK-MTI 연계표,109,4,D109,농수산식품
농수산식품,농수산,HSK-MTI 연계표,109,4,D109,농수산식품
농수산식품,수산,HSK-MTI 연계표,109,4,D109,농수산식품
농수산식품,식품,HSK-MTI 연계표,109,4,D109,농수산식품
농수산식품,농수산식품,HSK-MTI 연계표,110,4,D110,농수산식품
농수산식품,농수산,HSK-MTI 연계표,110,4,D110,농수산식품
농수산식품,수산,HSK-MTI 연계표,110,4,D110,농수산식품
농수산식품,식품,HSK-MTI 연계표,110,4,D110,농수산식품
농수산식품,농수산식품,HSK-MTI 연계표,111,4,D111,농수산식품
농수산식품,농수산,HSK-MTI 연계표,111,4,D111,농수산식품
농수산식품,수산,HSK-MTI 연계표,111,4,D111,농수산식품
농수산식품,식품,HSK-MTI 연계표,111,4,D111,농수산식품
농수산식품,농수산식품,HSK-MTI 연계표,112,4,D112,농수산식품
농수산식품,농수산,HSK-MTI 연계표,112,4,D112,농수산식품
농수산식품,수산,HSK-MTI 연계표,112,4,D112,농수산식품
농수산식품,식품,HSK-MTI 연계표,112,4,D112,농수산식품
농수산식품,농수산식품,HSK-MTI 연계표,113,4,D113,농수산식품
농수산식품,농수산,HSK-MTI 연계표,113,4,D113,농수산식품
농수산식품,수산,HSK-MTI 연계표,113,4,D113,농수산식품
농수산식품,식품,HSK-MTI 연계표,113,4,D113,농수산식품
농수산식품,농수산식품,HSK-MTI 연계표,114,4,D114,농수산식품
농수산식품,농수산,HSK-MTI 연계표,114,4,D114,농수산식품
농수산식품,수산,HSK-MTI 연계표,114,4,D114,농수산식품
농수산식품,식품,HSK-MTI 연계표,114,4,D114,농수산식품
농수산식품,농수산식품,HSK-MTI 연계표,115,4,D115,농수산식품
농수산식품,농수산,HSK-MTI 연계표,115,4,D115,농수산식품
농수산식품,수산,HSK-MTI 연계표,115,4,D115,농수산식품
농수산식품,식품,HSK-MTI 연계표,115,4,D115,농수산식품
농수산식품,농수산식품,HSK-MTI 연계표,116,4,D116,농수산식품
농수산식품,농수산,HSK-MTI 연계표,116,4,D116,농수산식품
농수산식품,수산,HSK-MTI 연계표,116,4,D116,농수산식품
농수산식품,식품,HSK-MTI 연계표,116,4,D116,농수산식품
농수산식품,농수산식품,HSK-MTI 연계표,117,4,D117,농수산식품
농수산식품,농수산,HSK-MTI 연계표,117,4,D117,농수산식품
농수산식품,수산,HSK-MTI 연계표,117,4,D117,농수산식품
농수산식품,식품,HSK-MTI 연계표,117,4,D117,농수산식품
농수산식품,농수산식품,HSK-MTI 연계표,118,4,D118,농수산식품
농수산식품,농수산,HSK-MTI 연계표,118,4,D118,농수산식품
농수산식품,수산,HSK-MTI 연계표,118,4,D118,농수산식품
농수산식품,식품,HSK-MTI 연계표,118,4,D118,농수산식품
농수산식품,농수산식품,HSK-MTI 연계표,119,4,D119,농수산식품
농수산식품,농수산,HSK-MTI 연계표,119,4,D119,농수산식품
농수산식품,수산,HSK-MTI 연계표,119,4,D119,농수산식품
농수산식품,식품,HSK-MTI 연계표,119,4,D119,농수산식품
농수산식품,농수산식품,HSK-MTI 연계표,120,4,D120,농수산식품
농수산식품,농수산,HSK-MTI 연계표,120,4,D120,농수산식품
농수산식품,수산,HSK-MTI 연계표,120,4,D120,농수산식품
농수산식품,식품,HSK-MTI 연계표,120,4,D120,농수산식품
농수산식품,농수산식품,HSK-MTI 연계표,121,4,D121,농수산식품
농수산식품,농수산,HSK-MTI 연계표,121,4,D121,농수산식품
농수산식품,수산,HSK-MTI 연계표,121,4,D121,농수산식품
농수산식품,식품,HSK-MTI 연계표,121,4,D121,농수산식품
농수산식품,농수산식품,HSK-MTI 연계표,122,4,D122,농수산식품
농수산식품,농수산,HSK-MTI 연계표,122,4,D122,농수산식품
농수산식품,수산,HSK-MTI 연계표,122,4,D122,농수산식품
농수산식품,식품,HSK-MTI 연계표,122,4,D122,농수산식품
농수산식품,농수산식품,HSK-MTI 연계표,123,4,D123,농수산식품
농수산식품,농수산,HSK-MTI 연계표,123,4,D123,농수산식품
농수산식품,수산,HSK-MTI 연계표,123,4,D123,농수산식품
농수산식품,식품,HSK-MTI 연계표,123,4,D123,농수산식품
농수산식품,농수산식품,HSK-MTI 연계표,124,4,D124,농수산식품
농수산식품,농수산,HSK-MTI 연계표,124,4,D124,농수산식품
농수산식품,수산,HSK-MTI 연계표,124,4,D124,농수산식품
농수산식품,식품,HSK-MTI 연계표,124,4,D124,농수산식품
농수산식품,농수산식품,HSK-MTI 연계표,125,4,D125,농수산식품
농수산식품,농수산,HSK-MTI 연계표,125,4,D125,농수산식품
농수산식품,수산,HSK-MTI 연계표,125,4,D125,농수산식품
농수산식품,식품,HSK-MTI 연계표,125,4,D125,농수산식품
농수산식품,농수산식품,HSK-MTI 연계표,126,4,D126,농수산식품
농수산식품,농수산,HSK-MTI 연계표,126,4,D126,농수산식품
농수산식품,수산,HSK-MTI 연계표,126,4,D126,농수산식품
농수산식품,식품,HSK-MTI 연계표,126,4,D126,농수산식품
농수산식품,농수산식품,HSK-MTI 연계표,127,4,D127,농수산식품
농수산식품,농수산,HSK-MTI 연계표,127,4,D127,농수산식품
농수산식품,수산,HSK-MTI 연계표,127,4,D127,농수산식품
농수산식품,식품,HSK-MTI 연계표,127,4,D127,농수산식품
농수산식품,농수산식품,HSK-MTI 연계표,128,4,D128,농수산식품
농수산식품,농수산,HSK-MTI 연계표,128,4,D128,농수산식품
농수산식품,수산,HSK-MTI 연계표,128,4,D128,농수산식품
농수산식품,식품,HSK-MTI 연계표,128,4,D128,농수산식품
농수산식품,농수산식품,HSK-MTI 연계표,129,4,D129,농수산식품
농수산식품,농수산,HSK-MTI 연계표,129,4,D129,농수산식품
농수산식품,수산,HSK-MTI 연계표,129,4,D129,농수산식품
농수산식품,식품,HSK-MTI 연계표,129,4,D129,농수산식품
농수산식품,농수산식품,HSK-MTI 연계표,130,4,D130,농수산식품
농수산식품,농수산,HSK-MTI 연계표,130,4,D130,농수산식품
농수산식품,수산,HSK-MTI 연계표,130,4,D130,농수산식품
농수산식품,식품,HSK-MTI 연계표,130,4,D130,농수산식품
농수산식품,농수산식품,HSK-MTI 연계표,131,4,D131,농수산식품
농수산식품,농수산,HSK-MTI 연계표,131,4,D131,농수산식품
농수산식품,수산,HSK-MTI 연계표,131,4,D131,농수산식품
농수산식품,식품,HSK-MTI 연계표,131,4,D131,농수산식품
농수산식품,농수산식품,HSK-MTI 연계표,132,4,D132,농수산식품
농수산식품,농수산,HSK-MTI 연계표,132,4,D132,농수산식품
농수산식품,수산,HSK-MTI 연계표,132,4,D132,농수산식품
농수산식품,식품,HSK-MTI 연계표,132,4,D132,농수산식품
농수산식품,농수산식품,HSK-MTI 연계표,133,4,D133,농수산식품
농수산식품,농수산,HSK-MTI 연계표,133,4,D133,농수산식품
농수산식품,수산,HSK-MTI 연계표,133,4,D133,농수산식품
농수산식품,식품,HSK-MTI 연계표,133,4,D133,농수산식품
농수산식품,농수산식품,HSK-MTI 연계표,134,4,D134,농수산식품
농수산식품,농수산,HSK-MTI 연계표,134,4,D134,농수산식품
농수산식품,수산,HSK-MTI 연계표,134,4,D134,농수산식품
농수산식품,식품,HSK-MTI 연계표,134,4,D134,농수산식품
농수산식품,농수산식품,HSK-MTI 연계표,135,4,D135,농수산식품
농수산식품,농수산,HSK-MTI 연계표,135,4,D135,농수산식품
농수산식품,수산,HSK-MTI 연계표,135,4,D135,농수산식품
농수산식품,식품,HSK-MTI 연계표,135,4,D135,농수산식품
농수산식품,농수산식품,HSK-MTI 연계표,136,4,D136,농수산식품
농수산식품,농수산,HSK-MTI 연계표,136,4,D136,농수산식품
농수산식품,수산,HSK-MTI 연계표,136,4,D136,농수산식품
농수산식품,식품,HSK-MTI 연계표,136,4,D136,농수산식품
농수산식품,농수산식품,HSK-MTI 연계표,137,4,D137,농수산식품
농수산식품,농수산,HSK-MTI 연계표,137,4,D137,농수산식품
농수산식품,수산,HSK-MTI 연계표,137,4,D137,농수산식품
농수산식품,식품,HSK-MTI 연계표,137,4,D137,농수산식품
농수산식품,농수산식품,HSK-MTI 연계표,138,4,D138,농수산식품
농수산식품,농수산,HSK-MTI 연계표,138,4,D138,농수산식품
농수산식품,수산,HSK-MTI 연계표,138,4,D138,농수산식품
농수산식품,식품,HSK-MTI 연계표,138,4,D138,농수산식품
농수산식품,농수산식품,HSK-MTI 연계표,139,4,D139,농수산식품
농수산식품,농수산,HSK-MTI 연계표,139,4,D139,농수산식품
농수산식품,수산,HSK-MTI 연계표,139,4,D139,농수산식품
농수산식품,식품,HSK-MTI 연계표,139,4,D139,농수산식품
농수산식품,농수산식품,HSK-MTI 연계표,140,4,D140,농수산식품
농수산식품,농수산,HSK-MTI 연계표,140,4,D140,농수산식품
농수산식품,수산,HSK-MTI 연계표,140,4,D140,농수산식품
농수산식품,식품,HSK-MTI 연계표,140,4,D140,농수산식품
농수산식품,농수산식품,HSK-MTI 연계표,141,4,D141,농수산식품
농수산식품,농수산,HSK-MTI 연계표,141,4,D141,농수산식품
농수산식품,수산,HSK-MTI 연계표,141,4,D141,농수산식품
농수산식품,식품,HSK-MTI 연계표,141,4,D141,농수산식품
농수산식품,농수산식품,HSK-MTI 연계표,142,4,D142,농수산식품
농수산식품,농수산,HSK-MTI 연계표,142,4,D142,농수산식품
농수산식품,수산,HSK-MTI 연계표,142,4,D142,농수산식품
농수산식품,식품,HSK-MTI 연계표,142,4,D142,농수산식품
농수산식품,농수산식품,HSK-MTI 연계표,143,4,D143,농수산식품
농수산식품,농수산,HSK-MTI 연계표,143,4,D143,농수산식품
농수산식품,수산,HSK-MTI 연계표,143,4,D143,농수산식품
농수산식품,식품,HSK-MTI 연계표,143,4,D143,농수산식품
농수산식품,농수산식품,HSK-MTI 연계표,144,4,D144,농수산식품
농수산식품,농수산,HSK-MTI 연계표,144,4,D144,농수산식품
농수산식품,수산,HSK-MTI 연계표,144,4,D144,농수산식품
농수산식품,식품,HSK-MTI 연계표,144,4,D144,농수산식품
농수산식품,농수산식품,HSK-MTI 연계표,145,4,D145,농수산식품
농수산식품,농수산,HSK-MTI 연계표,145,4,D145,농수산식품
농수산식품,수산,HSK-MTI 연계표,145,4,D145,농수산식품
농수산식품,식품,HSK-MTI 연계표,145,4,D145,농수산식품
농수산식품,농수산식품,HSK-MTI 연계표,146,4,D146,농수산식품
농수산식품,농수산,HSK-MTI 연계표,146,4,D146,농수산식품
농수산식품,수산,HSK-MTI 연계표,146,4,D146,농수산식품
농수산식품,식품,HSK-MTI 연계표,146,4,D146,농수산식품
농수산식품,농수산식품,HSK-MTI 연계표,147,4,D147,농수산식품
농수산식품,농수산,HSK-MTI 연계표,147,4,D147,농수산식품
농수산식품,수산,HSK-MTI 연계표,147,4,D147,농수산식품
농수산식품,식품,HSK-MTI 연계표,147,4,D147,농수산식품
농수산식품,농수산식품,HSK-MTI 연계표,148,4,D148,농수산식품
농수산식품,농수산,HSK-MTI 연계표,148,4,D148,농수산식품
농수산식품,수산,HSK-MTI 연계표,148,4,D148,농수산식품
농수산식품,식품,HSK-MTI 연계표,148,4,D148,농수산식품
농수산식품,농수산식품,HSK-MTI 연계표,149,4,D149,농수산식품
농수산식품,농수산,HSK-MTI 연계표,149,4,D149,농수산식품
농수산식품,수산,HSK-MTI 연계표,149,4,D149,농수산식품
농수산식품,식품,HSK-MTI 연계표,149,4,D149,농수산식품
농수산식품,농수산식품,HSK-MTI 연계표,150,4,D150,농수산식품
농수산식품,농수산,HSK-MTI 연계표,150,4,D150,농수산식품
농수산식품,수산,HSK-MTI 연계표,150,4,D150,농수산식품
농수산식품,식품,HSK-MTI 연계표,150,4,D150,농수산식품
농수산식품,농수산식품,HSK-MTI 연계표,151,4,D151,농수산식품
농수산식품,농수산,HSK-MTI 연계표,151,4,D151,농수산식품
농수산식품,수산,HSK-MTI 연계표,151,4,D151,농수산식품
농수산식품,식품,HSK-MTI 연계표,151,4,D151,농수산식품
농수산식품,농수산식품,HSK-MTI 연계표,152,4,D152,농수산식품
농수산식품,농수산,HSK-MTI 연계표,152,4,D152,농수산식품
농수산식품,수산,HSK-MTI 연계표,152,4,D152,농수산식품
농수산식품,식품,HSK-MTI 연계표,152,4,D152,농수산식품
농수산식품,농수산식품,HSK-MTI 연계표,153,4,D153,농수산식품
농수산식품,농수산,HSK-MTI 연계표,153,4,D153,농수산식품
농수산식품,수산,HSK-MTI 연계표,153,4,D153,농수산식품
농수산식품,식품,HSK-MTI 연계표,153,4,D153,농수산식품
농수산식품,농수산식품,HSK-MTI 연계표,154,4,D154,농수산식품
농수산식품,농수산,HSK-MTI 연계표,154,4,D154,농수산식품
농수산식품,수산,HSK-MTI 연계표,154,4,D154,농수산식품
농수산식품,식품,HSK-MTI 연계표,154,4,D154,농수산식품
농수산식품,농수산식품,HSK-MTI 연계표,155,4,D155,농수산식품
농수산식품,농수산,HSK-MTI 연계표,155,4,D155,농수산식품
농수산식품,수산,HSK-MTI 연계표,155,4,D155,농수산식품
농수산식품,식품,HSK-MTI 연계표,155,4,D155,농수산식품
농수산식품,농수산식품,HSK-MTI 연계표,156,4,D156,농수산식품
농수산식품,농수산,HSK-MTI 연계표,156,4,D156,농수산식품
농수산식품,수산,HSK-MTI 연계표,156,4,D156,농수산식품
농수산식품,식품,HSK-MTI 연계표,156,4,D156,농수산식품
농수산식품,농수산식품,HSK-MTI 연계표,157,4,D157,농수산식품
농수산식품,농수산,HSK-MTI 연계표,157,4,D157,농수산식품
농수산식품,수산,HSK-MTI 연계표,157,4,D157,농수산식품
농수산식품,식품,HSK-MTI 연계표,157,4,D157,농수산식품
농수산식품,농수산식품,HSK-MTI 연계표,158,4,D158,농수산식품
농수산식품,농수산,HSK-MTI 연계표,158,4,D158,농수산식품
농수산식품,수산,HSK-MTI 연계표,158,4,D158,농수산식품
농수산식품,식품,HSK-MTI 연계표,158,4,D158,농수산식품
농수산식품,농수산식품,HSK-MTI 연계표,159,4,D159,농수산식품
농수산식품,농수산,HSK-MTI 연계표,159,4,D159,농수산식품
농수산식품,수산,HSK-MTI 연계표,159,4,D159,농수산식품
농수산식품,식품,HSK-MTI 연계표,159,4,D159,농수산식품
농수산식품,농수산식품,HSK-MTI 연계표,160,4,D160,농수산식품
농수산식품,농수산,HSK-MTI 연계표,160,4,D160,농수산식품
농수산식품,수산,HSK-MTI 연계표,160,4,D160,농수산식품
농수산식품,식품,HSK-MTI 연계표,160,4,D160,농수산식품
농수산식품,농수산식품,HSK-MTI 연계표,161,4,D161,농수산식품
농수산식품,농수산,HSK-MTI 연계표,161,4,D161,농수산식품
농수산식품,수산,HSK-MTI 연계표,161,4,D161,농수산식품
농수산식품,식품,HSK-MTI 연계표,161,4,D161,농수산식품
농수산식품,농수산식품,HSK-MTI 연계표,162,4,D162,농수산식품
농수산식품,농수산,HSK-MTI 연계표,162,4,D162,농수산식품
농수산식품,수산,HSK-MTI 연계표,162,4,D162,농수산식품
농수산식품,식품,HSK-MTI 연계표,162,4,D162,농수산식품
농수산식품,농수산식품,HSK-MTI 연계표,163,4,D163,농수산식품
농수산식품,농수산,HSK-MTI 연계표,163,4,D163,농수산식품
농수산식품,수산,HSK-MTI 연계표,163,4,D163,농수산식품
농수산식품,식품,HSK-MTI 연계표,163,4,D163,농수산식품
농수산식품,농수산식품,HSK-MTI 연계표,164,4,D164,농수산식품
농수산식품,농수산,HSK-MTI 연계표,164,4,D164,농수산식품
농수산식품,수산,HSK-MTI 연계표,164,4,D164,농수산식품
농수산식품,식품,HSK-MTI 연계표,164,4,D164,농수산식품
농수산식품,농수산식품,HSK-MTI 연계표,165,4,D165,농수산식품
농수산식품,농수산,HSK-MTI 연계표,165,4,D165,농수산식품
농수산식품,수산,HSK-MTI 연계표,165,4,D165,농수산식품
농수산식품,식품,HSK-MTI 연계표,165,4,D165,농수산식품
농수산식품,농수산식품,HSK-MTI 연계표,166,4,D166,농수산식품
농수산식품,농수산,HSK-MTI 연계표,166,4,D166,농수산식품
농수산식품,수산,HSK-MTI 연계표,166,4,D166,농수산식품
농수산식품,식품,HSK-MTI 연계표,166,4,D166,농수산식품
농수산식품,농수산식품,HSK-MTI 연계표,167,4,D167,농수산식품
농수산식품,농수산,HSK-MTI 연계표,167,4,D167,농수산식품
농수산식품,수산,HSK-MTI 연계표,167,4,D167,농수산식품
농수산식품,식품,HSK-MTI 연계표,167,4,D167,농수산식품
농수산식품,농수산식품,HSK-MTI 연계표,168,4,D168,농수산식품
농수산식품,농수산,HSK-MTI 연계표,168,4,D168,농수산식품
농수산식품,수산,HSK-MTI 연계표,168,4,D168,농수산식품
농수산식품,식품,HSK-MTI 연계표,168,4,D168,농수산식품
농수산식품,농수산식품,HSK-MTI 연계표,169,4,D169,농수산식품
농수산식품,농수산,HSK-MTI 연계표,169,4,D169,농수산식품
농수산식품,수산,HSK-MTI 연계표,169,4,D169,농수산식품
농수산식품,식품,HSK-MTI 연계표,169,4,D169,농수산식품
농수산식품,농수산식품,HSK-MTI 연계표,170,4,D170,농수산식품
농수산식품,농수산,HSK-MTI 연계표,170,4,D170,농수산식품
농수산식품,수산,HSK-MTI 연계표,170,4,D170,농수산식품
농수산식품,식품,HSK-MTI 연계표,170,4,D170,농수산식품
농수산식품,농수산식품,HSK-MTI 연계표,171,4,D171,농수산식품
농수산식품,농수산,HSK-MTI 연계표,171,4,D171,농수산식품
농수산식품,수산,HSK-MTI 연계표,171,4,D171,농수산식품
농수산식품,식품,HSK-MTI 연계표,171,4,D171,농수산식품
농수산식품,농수산식품,HSK-MTI 연계표,172,4,D172,농수산식품
농수산식품,농수산,HSK-MTI 연계표,172,4,D172,농수산식품
농수산식품,수산,HSK-MTI 연계표,172,4,D172,농수산식품
농수산식품,식품,HSK-MTI 연계표,172,4,D172,농수산식품
농수산식품,농수산식품,HSK-MTI 연계표,173,4,D173,농수산식품
농수산식품,농수산,HSK-MTI 연계표,173,4,D173,농수산식품
농수산식품,수산,HSK-MTI 연계표,173,4,D173,농수산식품
농수산식품,식품,HSK-MTI 연계표,173,4,D173,농수산식품
농수산식품,농수산식품,HSK-MTI 연계표,174,4,D174,농수산식품
농수산식품,농수산,HSK-MTI 연계표,174,4,D174,농수산식품
농수산식품,수산,HSK-MTI 연계표,174,4,D174,농수산식품
농수산식품,식품,HSK-MTI 연계표,174,4,D174,농수산식품
농수산식품,농수산식품,HSK-MTI 연계표,175,4,D175,농수산식품
농수산식품,농수산,HSK-MTI 연계표,175,4,D175,농수산식품
농수산식품,수산,HSK-MTI 연계표,175,4,D175,농수산식품
농수산식품,식품,HSK-MTI 연계표,175,4,D175,농수산식품
농수산식품,농수산식품,HSK-MTI 연계표,176,4,D176,농수산식품
농수산식품,농수산,HSK-MTI 연계표,176,4,D176,농수산식품
농수산식품,수산,HSK-MTI 연계표,176,4,D176,농수산식품
농수산식품,식품,HSK-MTI 연계표,176,4,D176,농수산식품
농수산식품,농수산식품,HSK-MTI 연계표,177,4,D177,농수산식품
농수산식품,농수산,HSK-MTI 연계표,177,4,D177,농수산식품
농수산식품,수산,HSK-MTI 연계표,177,4,D177,농수산식품
농수산식품,식품,HSK-MTI 연계표,177,4,D177,농수산식품
농수산식품,농수산식품,HSK-MTI 연계표,178,4,D178,농수산식품
농수산식품,농수산,HSK-MTI 연계표,178,4,D178,농수산식품
농수산식품,수산,HSK-MTI 연계표,178,4,D178,농수산식품
농수산식품,식품,HSK-MTI 연계표,178,4,D178,농수산식품
농수산식품,농수산식품,HSK-MTI 연계표,179,4,D179,농수산식품
농수산식품,농수산,HSK-MTI 연계표,179,4,D179,농수산식품
농수산식품,수산,HSK-MTI 연계표,179,4,D179,농수산식품
농수산식품,식품,HSK-MTI 연계표,179,4,D179,농수산식품
농수산식품,농수산식품,HSK-MTI 연계표,180,4,D180,농수산식품
농수산식품,농수산,HSK-MTI 연계표,180,4,D180,농수산식품
농수산식품,수산,HSK-MTI 연계표,180,4,D180,농수산식품
농수산식품,식품,HSK-MTI 연계표,180,4,D180,농수산식품
농수산식품,농수산식품,HSK-MTI 연계표,181,4,D181,농수산식품
농수산식품,농수산,HSK-MTI 연계표,181,4,D181,농수산식품
농수산식품,수산,HSK-MTI 연계표,181,4,D181,농수산식품
농수산식품,식품,HSK-MTI 연계표,181,4,D181,농수산식품
농수산식품,농수산식품,HSK-MTI 연계표,182,4,D182,농수산식품
농수산식품,농수산,HSK-MTI 연계표,182,4,D182,농수산식품
농수산식품,수산,HSK-MTI 연계표,182,4,D182,농수산식품
농수산식품,식품,HSK-MTI 연계표,182,4,D182,농수산식품
농수산식품,농수산식품,HSK-MTI 연계표,183,4,D183,농수산식품
농수산식품,농수산,HSK-MTI 연계표,183,4,D183,농수산식품
농수산식품,수산,HSK-MTI 연계표,183,4,D183,농수산식품
농수산식품,식품,HSK-MTI 연계표,183,4,D183,농수산식품
농수산식품,농수산식품,HSK-MTI 연계표,184,4,D184,농수산식품
농수산식품,농수산,HSK-MTI 연계표,184,4,D184,농수산식품
농수산식품,수산,HSK-MTI 연계표,184,4,D184,농수산식품
농수산식품,식품,HSK-MTI 연계표,184,4,D184,농수산식품
농수산식품,농수산식품,HSK-MTI 연계표,185,4,D185,농수산식품
농수산식품,농수산,HSK-MTI 연계표,185,4,D185,농수산식품
농수산식품,수산,HSK-MTI 연계표,185,4,D185,농수산식품
농수산식품,식품,HSK-MTI 연계표,185,4,D185,농수산식품
농수산식품,농수산식품,HSK-MTI 연계표,186,4,D186,농수산식품
농수산식품,농수산,HSK-MTI 연계표,186,4,D186,농수산식품
농수산식품,수산,HSK-MTI 연계표,186,4,D186,농수산식품
농수산식품,식품,HSK-MTI 연계표,186,4,D186,농수산식품
농수산식품,농수산식품,HSK-MTI 연계표,187,4,D187,농수산식품
농수산식품,농수산,HSK-MTI 연계표,187,4,D187,농수산식품
농수산식품,수산,HSK-MTI 연계표,187,4,D187,농수산식품
농수산식품,식품,HSK-MTI 연계표,187,4,D187,농수산식품
농수산식품,농수산식품,HSK-MTI 연계표,188,4,D188,농수산식품
농수산식품,농수산,HSK-MTI 연계표,188,4,D188,농수산식품
농수산식품,수산,HSK-MTI 연계표,188,4,D188,농수산식품
농수산식품,식품,HSK-MTI 연계표,188,4,D188,농수산식품
농수산식품,농수산식품,HSK-MTI 연계표,189,4,D189,농수산식품
농수산식품,농수산,HSK-MTI 연계표,189,4,D189,농수산식품
농수산식품,수산,HSK-MTI 연계표,189,4,D189,농수산식품
농수산식품,식품,HSK-MTI 연계표,189,4,D189,농수산식품
농수산식품,농수산식품,HSK-MTI 연계표,190,4,D190,농수산식품
농수산식품,농수산,HSK-MTI 연계표,190,4,D190,농수산식품
농수산식품,수산,HSK-MTI 연계표,190,4,D190,농수산식품
농수산식품,식품,HSK-MTI 연계표,190,4,D190,농수산식품
농수산식품,농수산식품,HSK-MTI 연계표,191,4,D191,농수산식품
농수산식품,농수산,HSK-MTI 연계표,191,4,D191,농수산식품
농수산식품,수산,HSK-MTI 연계표,191,4,D191,농수산식품
농수산식품,식품,HSK-MTI 연계표,191,4,D191,농수산식품
농수산식품,농수산식품,HSK-MTI 연계표,192,4,D192,농수산식품
농수산식품,농수산,HSK-MTI 연계표,192,4,D192,농수산식품
농수산식품,수산,HSK-MTI 연계표,192,4,D192,농수산식품
농수산식품,식품,HSK-MTI 연계표,192,4,D192,농수산식품
농수산식품,농수산식품,HSK-MTI 연계표,193,4,D193,농수산식품
농수산식품,농수산,HSK-MTI 연계표,193,4,D193,농수산식품
농수산식품,수산,HSK-MTI 연계표,193,4,D193,농수산식품
농수산식품,식품,HSK-MTI 연계표,193,4,D193,농수산식품
농수산식품,농수산식품,HSK-MTI 연계표,194,4,D194,농수산식품
농수산식품,농수산,HSK-MTI 연계표,194,4,D194,농수산식품
농수산식품,수산,HSK-MTI 연계표,194,4,D194,농수산식품
농수산식품,식품,HSK-MTI 연계표,194,4,D194,농수산식품
농수산식품,농수산식품,HSK-MTI 연계표,195,4,D195,농수산식품
농수산식품,농수산,HSK-MTI 연계표,195,4,D195,농수산식품
농수산식품,수산,HSK-MTI 연계표,195,4,D195,농수산식품
농수산식품,식품,HSK-MTI 연계표,195,4,D195,농수산식품
농수산식품,농수산식품,HSK-MTI 연계표,196,4,D196,농수산식품
농수산식품,농수산,HSK-MTI 연계표,196,4,D196,농수산식품
농수산식품,수산,HSK-MTI 연계표,196,4,D196,농수산식품
농수산식품,식품,HSK-MTI 연계표,196,4,D196,농수산식품
농수산식품,농수산식품,HSK-MTI 연계표,197,4,D197,농수산식품
농수산식품,농수산,HSK-MTI 연계표,197,4,D197,농수산식품
농수산식품,수산,HSK-MTI 연계표,197,4,D197,농수산식품
농수산식품,식품,HSK-MTI 연계표,197,4,D197,농수산식품
농수산식품,농수산식품,HSK-MTI 연계표,198,4,D198,농수산식품
농수산식품,농수산,HSK-MTI 연계표,198,4,D198,농수산식품
농수산식품,수산,HSK-MTI 연계표,198,4,D198,농수산식품
농수산식품,식품,HSK-MTI 연계표,198,4,D198,농수산식품
농수산식품,농수산식품,HSK-MTI 연계표,199,4,D199,농수산식품
농수산식품,농수산,HSK-MTI 연계표,199,4,D199,농수산식품
농수산식품,수산,HSK-MTI 연계표,199,4,D199,농수산식품
농수산식품,식품,HSK-MTI 연계표,199,4,D199,농수산식품
농수산식품,농수산식품,HSK-MTI 연계표,200,4,D200,농수산식품
농수산식품,농수산,HSK-MTI 연계표,200,4,D200,농수산식품
농수산식품,수산,HSK-MTI 연계표,200,4,D200,농수산식품
농수산식품,식품,HSK-MTI 연계표,200,4,D200,농수산식품
농수산식품,농수산식품,HSK-MTI 연계표,201,4,D201,농수산식품
농수산식품,농수산,HSK-MTI 연계표,201,4,D201,농수산식품
농수산식품,수산,HSK-MTI 연계표,201,4,D201,농수산식품
농수산식품,식품,HSK-MTI 연계표,201,4,D201,농수산식품
농수산식품,농수산식품,HSK-MTI 연계표,202,4,D202,농수산식품
농수산식품,농수산,HSK-MTI 연계표,202,4,D202,농수산식품
농수산식품,수산,HSK-MTI 연계표,202,4,D202,농수산식품
농수산식품,식품,HSK-MTI 연계표,202,4,D202,농수산식품
농수산식품,농수산식품,HSK-MTI 연계표,203,4,D203,농수산식품
농수산식품,농수산,HSK-MTI 연계표,203,4,D203,농수산식품
농수산식품,수산,HSK-MTI 연계표,203,4,D203,농수산식품
농수산식품,식품,HSK-MTI 연계표,203,4,D203,농수산식품
농수산식품,농수산식품,HSK-MTI 연계표,204,4,D204,농수산식품
농수산식품,농수산,HSK-MTI 연계표,204,4,D204,농수산식품
농수산식품,수산,HSK-MTI 연계표,204,4,D204,농수산식품
농수산식품,식품,HSK-MTI 연계표,204,4,D204,농수산식품
농수산식품,농수산식품,HSK-MTI 연계표,205,4,D205,농수산식품
농수산식품,농수산,HSK-MTI 연계표,205,4,D205,농수산식품
농수산식품,수산,HSK-MTI 연계표,205,4,D205,농수산식품
농수산식품,식품,HSK-MTI 연계표,205,4,D205,농수산식품
농수산식품,농수산식품,HSK-MTI 연계표,206,4,D206,농수산식품
농수산식품,농수산,HSK-MTI 연계표,206,4,D206,농수산식품
농수산식품,수산,HSK-MTI 연계표,206,4,D206,농수산식품
농수산식품,식품,HSK-MTI 연계표,206,4,D206,농수산식품
농수산식품,농수산식품,HSK-MTI 연계표,207,4,D207,농수산식품
농수산식품,농수산,HSK-MTI 연계표,207,4,D207,농수산식품
농수산식품,수산,HSK-MTI 연계표,207,4,D207,농수산식품
농수산식품,식품,HSK-MTI 연계표,207,4,D207,농수산식품
농수산식품,농수산식품,HSK-MTI 연계표,208,4,D208,농수산식품
농수산식품,농수산,HSK-MTI 연계표,208,4,D208,농수산식품
농수산식품,수산,HSK-MTI 연계표,208,4,D208,농수산식품
농수산식품,식품,HSK-MTI 연계표,208,4,D208,농수산식품
농수산식품,농수산식품,HSK-MTI 연계표,209,4,D209,농수산식품
농수산식품,농수산,HSK-MTI 연계표,209,4,D209,농수산식품
농수산식품,수산,HSK-MTI 연계표,209,4,D209,농수산식품
농수산식품,식품,HSK-MTI 연계표,209,4,D209,농수산식품
농수산식품,농수산식품,HSK-MTI 연계표,210,4,D210,농수산식품
농수산식품,농수산,HSK-MTI 연계표,210,4,D210,농수산식품
농수산식품,수산,HSK-MTI 연계표,210,4,D210,농수산식품
농수산식품,식품,HSK-MTI 연계표,210,4,D210,농수산식품
농수산식품,농수산식품,HSK-MTI 연계표,211,4,D211,농수산식품
농수산식품,농수산,HSK-MTI 연계표,211,4,D211,농수산식품
농수산식품,수산,HSK-MTI 연계표,211,4,D211,농수산식품
농수산식품,식품,HSK-MTI 연계표,211,4,D211,농수산식품
농수산식품,농수산식품,HSK-MTI 연계표,212,4,D212,농수산식품
농수산식품,농수산,HSK-MTI 연계표,212,4,D212,농수산식품
농수산식품,수산,HSK-MTI 연계표,212,4,D212,농수산식품
농수산식품,식품,HSK-MTI 연계표,212,4,D212,농수산식품
농수산식품,농수산식품,HSK-MTI 연계표,213,4,D213,농수산식품
농수산식품,농수산,HSK-MTI 연계표,213,4,D213,농수산식품
농수산식품,수산,HSK-MTI 연계표,213,4,D213,농수산식품
농수산식품,식품,HSK-MTI 연계표,213,4,D213,농수산식품
농수산식품,농수산식품,HSK-MTI 연계표,214,4,D214,농수산식품
농수산식품,농수산,HSK-MTI 연계표,214,4,D214,농수산식품
농수산식품,수산,HSK-MTI 연계표,214,4,D214,농수산식품
농수산식품,식품,HSK-MTI 연계표,214,4,D214,농수산식품
농수산식품,농수산식품,HSK-MTI 연계표,215,4,D215,농수산식품
농수산식품,농수산,HSK-MTI 연계표,215,4,D215,농수산식품
농수산식품,수산,HSK-MTI 연계표,215,4,D215,농수산식품
농수산식품,식품,HSK-MTI 연계표,215,4,D215,농수산식품
농수산식품,농수산식품,HSK-MTI 연계표,216,4,D216,농수산식품
농수산식품,농수산,HSK-MTI 연계표,216,4,D216,농수산식품
농수산식품,수산,HSK-MTI 연계표,216,4,D216,농수산식품
농수산식품,식품,HSK-MTI 연계표,216,4,D216,농수산식품
농수산식품,농수산식품,HSK-MTI 연계표,217,4,D217,농수산식품
농수산식품,농수산,HSK-MTI 연계표,217,4,D217,농수산식품
농수산식품,수산,HSK-MTI 연계표,217,4,D217,농수산식품
농수산식품,식품,HSK-MTI 연계표,217,4,D217,농수산식품
농수산식품,농수산식품,HSK-MTI 연계표,218,4,D218,농수산식품
농수산식품,농수산,HSK-MTI 연계표,218,4,D218,농수산식품
농수산식품,수산,HSK-MTI 연계표,218,4,D218,농수산식품
농수산식품,식품,HSK-MTI 연계표,218,4,D218,농수산식품
농수산식품,농수산식품,HSK-MTI 연계표,219,4,D219,농수산식품
농수산식품,농수산,HSK-MTI 연계표,219,4,D219,농수산식품
농수산식품,수산,HSK-MTI 연계표,219,4,D219,농수산식품
농수산식품,식품,HSK-MTI 연계표,219,4,D219,농수산식품
농수산식품,농수산식품,HSK-MTI 연계표,220,4,D220,농수산식품
농수산식품,농수산,HSK-MTI 연계표,220,4,D220,농수산식품
농수산식품,수산,HSK-MTI 연계표,220,4,D220,농수산식품
농수산식품,식품,HSK-MTI 연계표,220,4,D220,농수산식품
농수산식품,농수산식품,HSK-MTI 연계표,221,4,D221,농수산식품
농수산식품,농수산,HSK-MTI 연계표,221,4,D221,농수산식품
농수산식품,수산,HSK-MTI 연계표,221,4,D221,농수산식품
농수산식품,식품,HSK-MTI 연계표,221,4,D221,농수산식품
농수산식품,농수산식품,HSK-MTI 연계표,222,4,D222,농수산식품
농수산식품,농수산,HSK-MTI 연계표,222,4,D222,농수산식품
농수산식품,수산,HSK-MTI 연계표,222,4,D222,농수산식품
농수산식품,식품,HSK-MTI 연계표,222,4,D222,농수산식품
농수산식품,농수산식품,HSK-MTI 연계표,223,4,D223,농수산식품
농수산식품,농수산,HSK-MTI 연계표,223,4,D223,농수산식품
농수산식품,수산,HSK-MTI 연계표,223,4,D223,농수산식품
농수산식품,식품,HSK-MTI 연계표,223,4,D223,농수산식품
농수산식품,농수산식품,HSK-MTI 연계표,224,4,D224,농수산식품
농수산식품,농수산,HSK-MTI 연계표,224,4,D224,농수산식품
농수산식품,수산,HSK-MTI 연계표,224,4,D224,농수산식품
농수산식품,식품,HSK-MTI 연계표,224,4,D224,농수산식품
농수산식품,농수산식품,HSK-MTI 연계표,225,4,D225,농수산식품
농수산식품,농수산,HSK-MTI 연계표,225,4,D225,농수산식품
농수산식품,수산,HSK-MTI 연계표,225,4,D225,농수산식품
농수산식품,식품,HSK-MTI 연계표,225,4,D225,농수산식품
농수산식품,농수산식품,HSK-MTI 연계표,226,4,D226,농수산식품
농수산식품,농수산,HSK-MTI 연계표,226,4,D226,농수산식품
농수산식품,수산,HSK-MTI 연계표,226,4,D226,농수산식품
농수산식품,식품,HSK-MTI 연계표,226,4,D226,농수산식품
농수산식품,농수산식품,HSK-MTI 연계표,227,4,D227,농수산식품
농수산식품,농수산,HSK-MTI 연계표,227,4,D227,농수산식품
농수산식품,수산,HSK-MTI 연계표,227,4,D227,농수산식품
농수산식품,식품,HSK-MTI 연계표,227,4,D227,농수산식품
농수산식품,농수산식품,HSK-MTI 연계표,228,4,D228,농수산식품
농수산식품,농수산,HSK-MTI 연계표,228,4,D228,농수산식품
농수산식품,수산,HSK-MTI 연계표,228,4,D228,농수산식품
농수산식품,식품,HSK-MTI 연계표,228,4,D228,농수산식품
농수산식품,농수산식품,HSK-MTI 연계표,229,4,D229,농수산식품
농수산식품,농수산,HSK-MTI 연계표,229,4,D229,농수산식품
농수산식품,수산,HSK-MTI 연계표,229,4,D229,농수산식품
농수산식품,식품,HSK-MTI 연계표,229,4,D229,농수산식품
농수산식품,농수산식품,HSK-MTI 연계표,230,4,D230,농수산식품
농수산식품,농수산,HSK-MTI 연계표,230,4,D230,농수산식품
농수산식품,수산,HSK-MTI 연계표,230,4,D230,농수산식품
농수산식품,식품,HSK-MTI 연계표,230,4,D230,농수산식품
농수산식품,농수산식품,HSK-MTI 연계표,231,4,D231,농수산식품
농수산식품,농수산,HSK-MTI 연계표,231,4,D231,농수산식품
농수산식품,수산,HSK-MTI 연계표,231,4,D231,농수산식품
농수산식품,식품,HSK-MTI 연계표,231,4,D231,농수산식품
농수산식품,농수산식품,HSK-MTI 연계표,232,4,D232,농수산식품
농수산식품,농수산,HSK-MTI 연계표,232,4,D232,농수산식품
농수산식품,수산,HSK-MTI 연계표,232,4,D232,농수산식품
농수산식품,식품,HSK-MTI 연계표,232,4,D232,농수산식품
농수산식품,농수산식품,HSK-MTI 연계표,233,4,D233,농수산식품
농수산식품,농수산,HSK-MTI 연계표,233,4,D233,농수산식품
농수산식품,수산,HSK-MTI 연계표,233,4,D233,농수산식품
농수산식품,식품,HSK-MTI 연계표,233,4,D233,농수산식품
농수산식품,농수산식품,HSK-MTI 연계표,234,4,D234,농수산식품
농수산식품,농수산,HSK-MTI 연계표,234,4,D234,농수산식품
농수산식품,수산,HSK-MTI 연계표,234,4,D234,농수산식품
농수산식품,식품,HSK-MTI 연계표,234,4,D234,농수산식품
농수산식품,농수산식품,HSK-MTI 연계표,235,4,D235,농수산식품
농수산식품,농수산,HSK-MTI 연계표,235,4,D235,농수산식품
농수산식품,수산,HSK-MTI 연계표,235,4,D235,농수산식품
농수산식품,식품,HSK-MTI 연계표,235,4,D235,농수산식품
농수산식품,농수산식품,HSK-MTI 연계표,236,4,D236,농수산식품
농수산식품,농수산,HSK-MTI 연계표,236,4,D236,농수산식품
농수산식품,수산,HSK-MTI 연계표,236,4,D236,농수산식품
농수산식품,식품,HSK-MTI 연계표,236,4,D236,농수산식품
농수산식품,농수산식품,HSK-MTI 연계표,237,4,D237,농수산식품
농수산식품,농수산,HSK-MTI 연계표,237,4,D237,농수산식품
농수산식품,수산,HSK-MTI 연계표,237,4,D237,농수산식품
농수산식품,식품,HSK-MTI 연계표,237,4,D237,농수산식품
농수산식품,농수산식품,HSK-MTI 연계표,238,4,D238,농수산식품
농수산식품,농수산,HSK-MTI 연계표,238,4,D238,농수산식품
농수산식품,수산,HSK-MTI 연계표,238,4,D238,농수산식품
농수산식품,식품,HSK-MTI 연계표,238,4,D238,농수산식품
농수산식품,농수산식품,HSK-MTI 연계표,239,4,D239,농수산식품
농수산식품,농수산,HSK-MTI 연계표,239,4,D239,농수산식품
농수산식품,수산,HSK-MTI 연계표,239,4,D239,농수산식품
농수산식품,식품,HSK-MTI 연계표,239,4,D239,농수산식품
농수산식품,농수산식품,HSK-MTI 연계표,240,4,D240,농수산식품
농수산식품,농수산,HSK-MTI 연계표,240,4,D240,농수산식품
농수산식품,수산,HSK-MTI 연계표,240,4,D240,농수산식품
농수산식품,식품,HSK-MTI 연계표,240,4,D240,농수산식품
농수산식품,농수산식품,HSK-MTI 연계표,241,4,D241,농수산식품
농수산식품,농수산,HSK-MTI 연계표,241,4,D241,농수산식품
농수산식품,수산,HSK-MTI 연계표,241,4,D241,농수산식품
농수산식품,식품,HSK-MTI 연계표,241,4,D241,농수산식품
농수산식품,농수산식품,HSK-MTI 연계표,242,4,D242,농수산식품
농수산식품,농수산,HSK-MTI 연계표,242,4,D242,농수산식품
농수산식품,수산,HSK-MTI 연계표,242,4,D242,농수산식품
농수산식품,식품,HSK-MTI 연계표,242,4,D242,농수산식품
농수산식품,농수산식품,HSK-MTI 연계표,243,4,D243,농수산식품
농수산식품,농수산,HSK-MTI 연계표,243,4,D243,농수산식품
농수산식품,수산,HSK-MTI 연계표,243,4,D243,농수산식품
농수산식품,식품,HSK-MTI 연계표,243,4,D243,농수산식품
농수산식품,농수산식품,HSK-MTI 연계표,244,4,D244,농수산식품
농수산식품,농수산,HSK-MTI 연계표,244,4,D244,농수산식품
농수산식품,수산,HSK-MTI 연계표,244,4,D244,농수산식품
농수산식품,식품,HSK-MTI 연계표,244,4,D244,농수산식품
농수산식품,농수산식품,HSK-MTI 연계표,245,4,D245,농수산식품
농수산식품,농수산,HSK-MTI 연계표,245,4,D245,농수산식품
농수산식품,수산,HSK-MTI 연계표,245,4,D245,농수산식품
농수산식품,식품,HSK-MTI 연계표,245,4,D245,농수산식품
농수산식품,농수산식품,HSK-MTI 연계표,246,4,D246,농수산식품
농수산식품,농수산,HSK-MTI 연계표,246,4,D246,농수산식품
농수산식품,수산,HSK-MTI 연계표,246,4,D246,농수산식품
농수산식품,식품,HSK-MTI 연계표,246,4,D246,농수산식품
농수산식품,농수산식품,HSK-MTI 연계표,247,4,D247,농수산식품
농수산식품,농수산,HSK-MTI 연계표,247,4,D247,농수산식품
농수산식품,수산,HSK-MTI 연계표,247,4,D247,농수산식품
농수산식품,식품,HSK-MTI 연계표,247,4,D247,농수산식품
농수산식품,농수산식품,HSK-MTI 연계표,248,4,D248,농수산식품
농수산식품,농수산,HSK-MTI 연계표,248,4,D248,농수산식품
농수산식품,수산,HSK-MTI 연계표,248,4,D248,농수산식품
농수산식품,식품,HSK-MTI 연계표,248,4,D248,농수산식품
농수산식품,농수산식품,HSK-MTI 연계표,249,4,D249,농수산식품
농수산식품,농수산,HSK-MTI 연계표,249,4,D249,농수산식품
농수산식품,수산,HSK-MTI 연계표,249,4,D249,농수산식품
농수산식품,식품,HSK-MTI 연계표,249,4,D249,농수산식품
농수산식품,농수산식품,HSK-MTI 연계표,250,4,D250,농수산식품
농수산식품,농수산,HSK-MTI 연계표,250,4,D250,농수산식품
농수산식품,수산,HSK-MTI 연계표,250,4,D250,농수산식품
농수산식품,식품,HSK-MTI 연계표,250,4,D250,농수산식품
농수산식품,농수산식품,HSK-MTI 연계표,251,4,D251,농수산식품
농수산식품,농수산,HSK-MTI 연계표,251,4,D251,농수산식품
농수산식품,수산,HSK-MTI 연계표,251,4,D251,농수산식품
농수산식품,식품,HSK-MTI 연계표,251,4,D251,농수산식품
농수산식품,농수산식품,HSK-MTI 연계표,252,4,D252,농수산식품
농수산식품,농수산,HSK-MTI 연계표,252,4,D252,농수산식품
농수산식품,수산,HSK-MTI 연계표,252,4,D252,농수산식품
농수산식품,식품,HSK-MTI 연계표,252,4,D252,농수산식품
농수산식품,농수산식품,HSK-MTI 연계표,253,4,D253,농수산식품
농수산식품,농수산,HSK-MTI 연계표,253,4,D253,농수산식품
농수산식품,수산,HSK-MTI 연계표,253,4,D253,농수산식품
농수산식품,식품,HSK-MTI 연계표,253,4,D253,농수산식품
농수산식품,농수산식품,HSK-MTI 연계표,254,4,D254,농수산식품
농수산식품,농수산,HSK-MTI 연계표,254,4,D254,농수산식품
농수산식품,수산,HSK-MTI 연계표,254,4,D254,농수산식품
농수산식품,식품,HSK-MTI 연계표,254,4,D254,농수산식품
농수산식품,농수산식품,HSK-MTI 연계표,255,4,D255,농수산식품
농수산식품,농수산,HSK-MTI 연계표,255,4,D255,농수산식품
농수산식품,수산,HSK-MTI 연계표,255,4,D255,농수산식품
농수산식품,식품,HSK-MTI 연계표,255,4,D255,농수산식품
농수산식품,농수산식품,HSK-MTI 연계표,256,4,D256,농수산식품
농수산식품,농수산,HSK-MTI 연계표,256,4,D256,농수산식품
농수산식품,수산,HSK-MTI 연계표,256,4,D256,농수산식품
농수산식품,식품,HSK-MTI 연계표,256,4,D256,농수산식품
농수산식품,농수산식품,HSK-MTI 연계표,257,4,D257,농수산식품
농수산식품,농수산,HSK-MTI 연계표,257,4,D257,농수산식품
농수산식품,수산,HSK-MTI 연계표,257,4,D257,농수산식품
농수산식품,식품,HSK-MTI 연계표,257,4,D257,농수산식품
농수산식품,농수산식품,HSK-MTI 연계표,258,4,D258,농수산식품
농수산식품,농수산,HSK-MTI 연계표,258,4,D258,농수산식품
농수산식품,수산,HSK-MTI 연계표,258,4,D258,농수산식품
농수산식품,식품,HSK-MTI 연계표,258,4,D258,농수산식품
농수산식품,농수산식품,HSK-MTI 연계표,259,4,D259,농수산식품
농수산식품,농수산,HSK-MTI 연계표,259,4,D259,농수산식품
농수산식품,수산,HSK-MTI 연계표,259,4,D259,농수산식품
농수산식품,식품,HSK-MTI 연계표,259,4,D259,농수산식품
농수산식품,농수산식품,HSK-MTI 연계표,260,4,D260,농수산식품
농수산식품,농수산,HSK-MTI 연계표,260,4,D260,농수산식품
농수산식품,수산,HSK-MTI 연계표,260,4,D260,농수산식품
농수산식품,식품,HSK-MTI 연계표,260,4,D260,농수산식품
농수산식품,농수산식품,HSK-MTI 연계표,261,4,D261,농수산식품
농수산식품,농수산,HSK-MTI 연계표,261,4,D261,농수산식품
농수산식품,수산,HSK-MTI 연계표,261,4,D261,농수산식품
농수산식품,식품,HSK-MTI 연계표,261,4,D261,농수산식품
농수산식품,농수산식품,HSK-MTI 연계표,262,4,D262,농수산식품
농수산식품,농수산,HSK-MTI 연계표,262,4,D262,농수산식품
농수산식품,수산,HSK-MTI 연계표,262,4,D262,농수산식품
농수산식품,식품,HSK-MTI 연계표,262,4,D262,농수산식품
농수산식품,농수산식품,HSK-MTI 연계표,263,4,D263,농수산식품
농수산식품,농수산,HSK-MTI 연계표,263,4,D263,농수산식품
농수산식품,수산,HSK-MTI 연계표,263,4,D263,농수산식품
농수산식품,식품,HSK-MTI 연계표,263,4,D263,농수산식품
농수산식품,농수산식품,HSK-MTI 연계표,264,4,D264,농수산식품
농수산식품,농수산,HSK-MTI 연계표,264,4,D264,농수산식품
농수산식품,수산,HSK-MTI 연계표,264,4,D264,농수산식품
농수산식품,식품,HSK-MTI 연계표,264,4,D264,농수산식품
농수산식품,농수산식품,HSK-MTI 연계표,265,4,D265,농수산식품
농수산식품,농수산,HSK-MTI 연계표,265,4,D265,농수산식품
농수산식품,수산,HSK-MTI 연계표,265,4,D265,농수산식품
농수산식품,식품,HSK-MTI 연계표,265,4,D265,농수산식품
농수산식품,농수산식품,HSK-MTI 연계표,266,4,D266,농수산식품
농수산식품,농수산,HSK-MTI 연계표,266,4,D266,농수산식품
농수산식품,수산,HSK-MTI 연계표,266,4,D266,농수산식품
농수산식품,식품,HSK-MTI 연계표,266,4,D266,농수산식품
농수산식품,농수산식품,HSK-MTI 연계표,267,4,D267,농수산식품
농수산식품,농수산,HSK-MTI 연계표,267,4,D267,농수산식품
농수산식품,수산,HSK-MTI 연계표,267,4,D267,농수산식품
농수산식품,식품,HSK-MTI 연계표,267,4,D267,농수산식품
농수산식품,농수산식품,HSK-MTI 연계표,268,4,D268,농수산식품
농수산식품,농수산,HSK-MTI 연계표,268,4,D268,농수산식품
농수산식품,수산,HSK-MTI 연계표,268,4,D268,농수산식품
농수산식품,식품,HSK-MTI 연계표,268,4,D268,농수산식품
농수산식품,농수산식품,HSK-MTI 연계표,269,4,D269,농수산식품
농수산식품,농수산,HSK-MTI 연계표,269,4,D269,농수산식품
농수산식품,수산,HSK-MTI 연계표,269,4,D269,농수산식품
농수산식품,식품,HSK-MTI 연계표,269,4,D269,농수산식품
농수산식품,농수산식품,HSK-MTI 연계표,270,4,D270,농수산식품
농수산식품,농수산,HSK-MTI 연계표,270,4,D270,농수산식품
농수산식품,수산,HSK-MTI 연계표,270,4,D270,농수산식품
농수산식품,식품,HSK-MTI 연계표,270,4,D270,농수산식품
농수산식품,농수산식품,HSK-MTI 연계표,271,4,D271,농수산식품
농수산식품,농수산,HSK-MTI 연계표,271,4,D271,농수산식품
농수산식품,수산,HSK-MTI 연계표,271,4,D271,농수산식품
농수산식품,식품,HSK-MTI 연계표,271,4,D271,농수산식품
농수산식품,농수산식품,HSK-MTI 연계표,272,4,D272,농수산식품
농수산식품,농수산,HSK-MTI 연계표,272,4,D272,농수산식품
농수산식품,수산,HSK-MTI 연계표,272,4,D272,농수산식품
농수산식품,식품,HSK-MTI 연계표,272,4,D272,농수산식품
농수산식품,농수산식품,HSK-MTI 연계표,273,4,D273,농수산식품
농수산식품,농수산,HSK-MTI 연계표,273,4,D273,농수산식품
농수산식품,수산,HSK-MTI 연계표,273,4,D273,농수산식품
농수산식품,식품,HSK-MTI 연계표,273,4,D273,농수산식품
농수산식품,농수산식품,HSK-MTI 연계표,274,4,D274,농수산식품
농수산식품,농수산,HSK-MTI 연계표,274,4,D274,농수산식품
농수산식품,수산,HSK-MTI 연계표,274,4,D274,농수산식품
농수산식품,식품,HSK-MTI 연계표,274,4,D274,농수산식품
농수산식품,농수산식품,HSK-MTI 연계표,275,4,D275,농수산식품
농수산식품,농수산,HSK-MTI 연계표,275,4,D275,농수산식품
농수산식품,수산,HSK-MTI 연계표,275,4,D275,농수산식품
농수산식품,식품,HSK-MTI 연계표,275,4,D275,농수산식품
농수산식품,농수산식품,HSK-MTI 연계표,276,4,D276,농수산식품
농수산식품,농수산,HSK-MTI 연계표,276,4,D276,농수산식품
농수산식품,수산,HSK-MTI 연계표,276,4,D276,농수산식품
농수산식품,식품,HSK-MTI 연계표,276,4,D276,농수산식품
농수산식품,농수산식품,HSK-MTI 연계표,277,4,D277,농수산식품
농수산식품,농수산,HSK-MTI 연계표,277,4,D277,농수산식품
농수산식품,수산,HSK-MTI 연계표,277,4,D277,농수산식품
농수산식품,식품,HSK-MTI 연계표,277,4,D277,농수산식품
농수산식품,농수산식품,HSK-MTI 연계표,278,4,D278,농수산식품
농수산식품,농수산,HSK-MTI 연계표,278,4,D278,농수산식품
농수산식품,수산,HSK-MTI 연계표,278,4,D278,농수산식품
농수산식품,식품,HSK-MTI 연계표,278,4,D278,농수산식품
농수산식품,농수산식품,HSK-MTI 연계표,279,4,D279,농수산식품
농수산식품,농수산,HSK-MTI 연계표,279,4,D279,농수산식품
농수산식품,수산,HSK-MTI 연계표,279,4,D279,농수산식품
농수산식품,식품,HSK-MTI 연계표,279,4,D279,농수산식품
농수산식품,농수산식품,HSK-MTI 연계표,280,4,D280,농수산식품
농수산식품,농수산,HSK-MTI 연계표,280,4,D280,농수산식품
농수산식품,수산,HSK-MTI 연계표,280,4,D280,농수산식품
농수산식품,식품,HSK-MTI 연계표,280,4,D280,농수산식품
농수산식품,농수산식품,HSK-MTI 연계표,281,4,D281,농수산식품
농수산식품,농수산,HSK-MTI 연계표,281,4,D281,농수산식품
농수산식품,수산,HSK-MTI 연계표,281,4,D281,농수산식품
농수산식품,식품,HSK-MTI 연계표,281,4,D281,농수산식품
농수산식품,농수산식품,HSK-MTI 연계표,282,4,D282,농수산식품
농수산식품,농수산,HSK-MTI 연계표,282,4,D282,농수산식품
농수산식품,수산,HSK-MTI 연계표,282,4,D282,농수산식품
농수산식품,식품,HSK-MTI 연계표,282,4,D282,농수산식품
농수산식품,농수산식품,HSK-MTI 연계표,283,4,D283,농수산식품
농수산식품,농수산,HSK-MTI 연계표,283,4,D283,농수산식품
농수산식품,수산,HSK-MTI 연계표,283,4,D283,농수산식품
농수산식품,식품,HSK-MTI 연계표,283,4,D283,농수산식품
농수산식품,농수산식품,HSK-MTI 연계표,284,4,D284,농수산식품
농수산식품,농수산,HSK-MTI 연계표,284,4,D284,농수산식품
농수산식품,수산,HSK-MTI 연계표,284,4,D284,농수산식품
농수산식품,식품,HSK-MTI 연계표,284,4,D284,농수산식품
농수산식품,농수산식품,HSK-MTI 연계표,285,4,D285,농수산식품
농수산식품,농수산,HSK-MTI 연계표,285,4,D285,농수산식품
농수산식품,수산,HSK-MTI 연계표,285,4,D285,농수산식품
농수산식품,식품,HSK-MTI 연계표,285,4,D285,농수산식품
농수산식품,농수산식품,HSK-MTI 연계표,286,4,D286,농수산식품
농수산식품,농수산,HSK-MTI 연계표,286,4,D286,농수산식품
농수산식품,수산,HSK-MTI 연계표,286,4,D286,농수산식품
농수산식품,식품,HSK-MTI 연계표,286,4,D286,농수산식품
농수산식품,농수산식품,HSK-MTI 연계표,287,4,D287,농수산식품
농수산식품,농수산,HSK-MTI 연계표,287,4,D287,농수산식품
농수산식품,수산,HSK-MTI 연계표,287,4,D287,농수산식품
농수산식품,식품,HSK-MTI 연계표,287,4,D287,농수산식품
농수산식품,농수산식품,HSK-MTI 연계표,288,4,D288,농수산식품
농수산식품,농수산,HSK-MTI 연계표,288,4,D288,농수산식품
농수산식품,수산,HSK-MTI 연계표,288,4,D288,농수산식품
농수산식품,식품,HSK-MTI 연계표,288,4,D288,농수산식품
농수산식품,농수산식품,HSK-MTI 연계표,289,4,D289,농수산식품
농수산식품,농수산,HSK-MTI 연계표,289,4,D289,농수산식품
농수산식품,수산,HSK-MTI 연계표,289,4,D289,농수산식품
농수산식품,식품,HSK-MTI 연계표,289,4,D289,농수산식품
농수산식품,농수산식품,HSK-MTI 연계표,290,4,D290,농수산식품
농수산식품,농수산,HSK-MTI 연계표,290,4,D290,농수산식품
농수산식품,수산,HSK-MTI 연계표,290,4,D290,농수산식품
농수산식품,식품,HSK-MTI 연계표,290,4,D290,농수산식품
농수산식품,농수산식품,HSK-MTI 연계표,291,4,D291,농수산식품
농수산식품,농수산,HSK-MTI 연계표,291,4,D291,농수산식품
농수산식품,수산,HSK-MTI 연계표,291,4,D291,농수산식품
농수산식품,식품,HSK-MTI 연계표,291,4,D291,농수산식품
농수산식품,농수산식품,HSK-MTI 연계표,292,4,D292,농수산식품
농수산식품,농수산,HSK-MTI 연계표,292,4,D292,농수산식품
농수산식품,수산,HSK-MTI 연계표,292,4,D292,농수산식품
농수산식품,식품,HSK-MTI 연계표,292,4,D292,농수산식품
농수산식품,농수산식품,HSK-MTI 연계표,293,4,D293,농수산식품
농수산식품,농수산,HSK-MTI 연계표,293,4,D293,농수산식품
농수산식품,수산,HSK-MTI 연계표,293,4,D293,농수산식품
농수산식품,식품,HSK-MTI 연계표,293,4,D293,농수산식품
농수산식품,농수산식품,HSK-MTI 연계표,294,4,D294,농수산식품
농수산식품,농수산,HSK-MTI 연계표,294,4,D294,농수산식품
농수산식품,수산,HSK-MTI 연계표,294,4,D294,농수산식품
농수산식품,식품,HSK-MTI 연계표,294,4,D294,농수산식품
농수산식품,농수산식품,HSK-MTI 연계표,295,4,D295,농수산식품
농수산식품,농수산,HSK-MTI 연계표,295,4,D295,농수산식품
농수산식품,수산,HSK-MTI 연계표,295,4,D295,농수산식품
농수산식품,식품,HSK-MTI 연계표,295,4,D295,농수산식품
농수산식품,농수산식품,HSK-MTI 연계표,296,4,D296,농수산식품
농수산식품,농수산,HSK-MTI 연계표,296,4,D296,농수산식품
농수산식품,수산,HSK-MTI 연계표,296,4,D296,농수산식품
농수산식품,식품,HSK-MTI 연계표,296,4,D296,농수산식품
농수산식품,농수산식품,HSK-MTI 연계표,297,4,D297,농수산식품
농수산식품,농수산,HSK-MTI 연계표,297,4,D297,농수산식품
농수산식품,수산,HSK-MTI 연계표,297,4,D297,농수산식품
농수산식품,식품,HSK-MTI 연계표,297,4,D297,농수산식품
농수산식품,농수산식품,HSK-MTI 연계표,298,4,D298,농수산식품
농수산식품,농수산,HSK-MTI 연계표,298,4,D298,농수산식품
농수산식품,수산,HSK-MTI 연계표,298,4,D298,농수산식품
농수산식품,식품,HSK-MTI 연계표,298,4,D298,농수산식품
농수산식품,농수산식품,HSK-MTI 연계표,299,4,D299,농수산식품
농수산식품,농수산,HSK-MTI 연계표,299,4,D299,농수산식품
농수산식품,수산,HSK-MTI 연계표,299,4,D299,농수산식품
농수산식품,식품,HSK-MTI 연계표,299,4,D299,농수산식품
농수산식품,농수산식품,HSK-MTI 연계표,300,4,D300,농수산식품
농수산식품,농수산,HSK-MTI 연계표,300,4,D300,농수산식품
농수산식품,수산,HSK-MTI 연계표,300,4,D300,농수산식품
농수산식품,식품,HSK-MTI 연계표,300,4,D300,농수산식품
농수산식품,농수산식품,HSK-MTI 연계표,301,4,D301,농수산식품
농수산식품,농수산,HSK-MTI 연계표,301,4,D301,농수산식품
농수산식품,수산,HSK-MTI 연계표,301,4,D301,농수산식품
농수산식품,식품,HSK-MTI 연계표,301,4,D301,농수산식품
농수산식품,농수산식품,HSK-MTI 연계표,302,4,D302,농수산식품
농수산식품,농수산,HSK-MTI 연계표,302,4,D302,농수산식품
농수산식품,수산,HSK-MTI 연계표,302,4,D302,농수산식품
농수산식품,식품,HSK-MTI 연계표,302,4,D302,농수산식품
농수산식품,농수산식품,HSK-MTI 연계표,303,4,D303,농수산식품
농수산식품,농수산,HSK-MTI 연계표,303,4,D303,농수산식품
농수산식품,수산,HSK-MTI 연계표,303,4,D303,농수산식품
농수산식품,식품,HSK-MTI 연계표,303,4,D303,농수산식품
농수산식품,농수산식품,HSK-MTI 연계표,304,4,D304,농수산식품
농수산식품,농수산,HSK-MTI 연계표,304,4,D304,농수산식품
농수산식품,수산,HSK-MTI 연계표,304,4,D304,농수산식품
농수산식품,식품,HSK-MTI 연계표,304,4,D304,농수산식품
농수산식품,농수산식품,HSK-MTI 연계표,305,4,D305,농수산식품
농수산식품,농수산,HSK-MTI 연계표,305,4,D305,농수산식품
농수산식품,수산,HSK-MTI 연계표,305,4,D305,농수산식품
농수산식품,식품,HSK-MTI 연계표,305,4,D305,농수산식품
농수산식품,농수산식품,HSK-MTI 연계표,306,4,D306,농수산식품
농수산식품,농수산,HSK-MTI 연계표,306,4,D306,농수산식품
농수산식품,수산,HSK-MTI 연계표,306,4,D306,농수산식품
농수산식품,식품,HSK-MTI 연계표,306,4,D306,농수산식품
농수산식품,농수산식품,HSK-MTI 연계표,307,4,D307,농수산식품
농수산식품,농수산,HSK-MTI 연계표,307,4,D307,농수산식품
농수산식품,수산,HSK-MTI 연계표,307,4,D307,농수산식품
농수산식품,식품,HSK-MTI 연계표,307,4,D307,농수산식품
농수산식품,농수산식품,HSK-MTI 연계표,308,4,D308,농수산식품
농수산식품,농수산,HSK-MTI 연계표,308,4,D308,농수산식품
농수산식품,수산,HSK-MTI 연계표,308,4,D308,농수산식품
농수산식품,식품,HSK-MTI 연계표,308,4,D308,농수산식품
농수산식품,농수산식품,HSK-MTI 연계표,309,4,D309,농수산식품
농수산식품,농수산,HSK-MTI 연계표,309,4,D309,농수산식품
농수산식품,수산,HSK-MTI 연계표,309,4,D309,농수산식품
농수산식품,식품,HSK-MTI 연계표,309,4,D309,농수산식품
농수산식품,농수산식품,HSK-MTI 연계표,310,4,D310,농수산식품
농수산식품,농수산,HSK-MTI 연계표,310,4,D310,농수산식품
농수산식품,수산,HSK-MTI 연계표,310,4,D310,농수산식품
농수산식품,식품,HSK-MTI 연계표,310,4,D310,농수산식품
농수산식품,농수산식품,HSK-MTI 연계표,311,4,D311,농수산식품
농수산식품,농수산,HSK-MTI 연계표,311,4,D311,농수산식품
농수산식품,수산,HSK-MTI 연계표,311,4,D311,농수산식품
농수산식품,식품,HSK-MTI 연계표,311,4,D311,농수산식품
농수산식품,농수산식품,HSK-MTI 연계표,312,4,D312,농수산식품
농수산식품,농수산,HSK-MTI 연계표,312,4,D312,농수산식품
농수산식품,수산,HSK-MTI 연계표,312,4,D312,농수산식품
농수산식품,식품,HSK-MTI 연계표,312,4,D312,농수산식품
농수산식품,농수산식품,HSK-MTI 연계표,313,4,D313,농수산식품
농수산식품,농수산,HSK-MTI 연계표,313,4,D313,농수산식품
농수산식품,수산,HSK-MTI 연계표,313,4,D313,농수산식품
농수산식품,식품,HSK-MTI 연계표,313,4,D313,농수산식품
농수산식품,농수산식품,HSK-MTI 연계표,314,4,D314,농수산식품
농수산식품,농수산,HSK-MTI 연계표,314,4,D314,농수산식품
농수산식품,수산,HSK-MTI 연계표,314,4,D314,농수산식품
농수산식품,식품,HSK-MTI 연계표,314,4,D314,농수산식품
농수산식품,농수산식품,HSK-MTI 연계표,315,4,D315,농수산식품
농수산식품,농수산,HSK-MTI 연계표,315,4,D315,농수산식품
농수산식품,수산,HSK-MTI 연계표,315,4,D315,농수산식품
농수산식품,식품,HSK-MTI 연계표,315,4,D315,농수산식품
농수산식품,농수산식품,HSK-MTI 연계표,316,4,D316,농수산식품
농수산식품,농수산,HSK-MTI 연계표,316,4,D316,농수산식품
농수산식품,수산,HSK-MTI 연계표,316,4,D316,농수산식품
농수산식품,식품,HSK-MTI 연계표,316,4,D316,농수산식품
농수산식품,농수산식품,HSK-MTI 연계표,317,4,D317,농수산식품
농수산식품,농수산,HSK-MTI 연계표,317,4,D317,농수산식품
농수산식품,수산,HSK-MTI 연계표,317,4,D317,농수산식품
농수산식품,식품,HSK-MTI 연계표,317,4,D317,농수산식품
농수산식품,농수산식품,HSK-MTI 연계표,318,4,D318,농수산식품
농수산식품,농수산,HSK-MTI 연계표,318,4,D318,농수산식품
농수산식품,수산,HSK-MTI 연계표,318,4,D318,농수산식품
농수산식품,식품,HSK-MTI 연계표,318,4,D318,농수산식품
농수산식품,농수산식품,HSK-MTI 연계표,319,4,D319,농수산식품
농수산식품,농수산,HSK-MTI 연계표,319,4,D319,농수산식품
농수산식품,수산,HSK-MTI 연계표,319,4,D319,농수산식품
농수산식품,식품,HSK-MTI 연계표,319,4,D319,농수산식품
농수산식품,농수산식품,HSK-MTI 연계표,320,4,D320,농수산식품
농수산식품,농수산,HSK-MTI 연계표,320,4,D320,농수산식품
농수산식품,수산,HSK-MTI 연계표,320,4,D320,농수산식품
농수산식품,식품,HSK-MTI 연계표,320,4,D320,농수산식품
농수산식품,농수산식품,HSK-MTI 연계표,321,4,D321,농수산식품
농수산식품,농수산,HSK-MTI 연계표,321,4,D321,농수산식품
농수산식품,수산,HSK-MTI 연계표,321,4,D321,농수산식품
농수산식품,식품,HSK-MTI 연계표,321,4,D321,농수산식품
농수산식품,농수산식품,HSK-MTI 연계표,322,4,D322,농수산식품
농수산식품,농수산,HSK-MTI 연계표,322,4,D322,농수산식품
농수산식품,수산,HSK-MTI 연계표,322,4,D322,농수산식품
농수산식품,식품,HSK-MTI 연계표,322,4,D322,농수산식품
농수산식품,농수산식품,HSK-MTI 연계표,323,4,D323,농수산식품
농수산식품,농수산,HSK-MTI 연계표,323,4,D323,농수산식품
농수산식품,수산,HSK-MTI 연계표,323,4,D323,농수산식품
농수산식품,식품,HSK-MTI 연계표,323,4,D323,농수산식품
농수산식품,농수산식품,HSK-MTI 연계표,324,4,D324,농수산식품
농수산식품,농수산,HSK-MTI 연계표,324,4,D324,농수산식품
농수산식품,수산,HSK-MTI 연계표,324,4,D324,농수산식품
농수산식품,식품,HSK-MTI 연계표,324,4,D324,농수산식품
농수산식품,농수산식품,HSK-MTI 연계표,325,4,D325,농수산식품
농수산식품,농수산,HSK-MTI 연계표,325,4,D325,농수산식품
농수산식품,수산,HSK-MTI 연계표,325,4,D325,농수산식품
농수산식품,식품,HSK-MTI 연계표,325,4,D325,농수산식품
농수산식품,농수산식품,HSK-MTI 연계표,326,4,D326,농수산식품
농수산식품,농수산,HSK-MTI 연계표,326,4,D326,농수산식품
농수산식품,수산,HSK-MTI 연계표,326,4,D326,농수산식품
농수산식품,식품,HSK-MTI 연계표,326,4,D326,농수산식품
농수산식품,농수산식품,HSK-MTI 연계표,327,4,D327,농수산식품
농수산식품,농수산,HSK-MTI 연계표,327,4,D327,농수산식품
농수산식품,수산,HSK-MTI 연계표,327,4,D327,농수산식품
농수산식품,식품,HSK-MTI 연계표,327,4,D327,농수산식품
농수산식품,농수산식품,HSK-MTI 연계표,328,4,D328,농수산식품
농수산식품,농수산,HSK-MTI 연계표,328,4,D328,농수산식품
농수산식품,수산,HSK-MTI 연계표,328,4,D328,농수산식품
농수산식품,식품,HSK-MTI 연계표,328,4,D328,농수산식품
농수산식품,농수산식품,HSK-MTI 연계표,329,4,D329,농수산식품
농수산식품,농수산,HSK-MTI 연계표,329,4,D329,농수산식품
농수산식품,수산,HSK-MTI 연계표,329,4,D329,농수산식품
농수산식품,식품,HSK-MTI 연계표,329,4,D329,농수산식품
농수산식품,농수산식품,HSK-MTI 연계표,330,4,D330,농수산식품
농수산식품,농수산,HSK-MTI 연계표,330,4,D330,농수산식품
농수산식품,수산,HSK-MTI 연계표,330,4,D330,농수산식품
농수산식품,식품,HSK-MTI 연계표,330,4,D330,농수산식품
농수산식품,농수산식품,HSK-MTI 연계표,331,4,D331,농수산식품
농수산식품,농수산,HSK-MTI 연계표,331,4,D331,농수산식품
농수산식품,수산,HSK-MTI 연계표,331,4,D331,농수산식품
농수산식품,식품,HSK-MTI 연계표,331,4,D331,농수산식품
농수산식품,농수산식품,HSK-MTI 연계표,332,4,D332,농수산식품
농수산식품,농수산,HSK-MTI 연계표,332,4,D332,농수산식품
농수산식품,수산,HSK-MTI 연계표,332,4,D332,농수산식품
농수산식품,식품,HSK-MTI 연계표,332,4,D332,농수산식품
농수산식품,농수산식품,HSK-MTI 연계표,333,4,D333,농수산식품
농수산식품,농수산,HSK-MTI 연계표,333,4,D333,농수산식품
농수산식품,수산,HSK-MTI 연계표,333,4,D333,농수산식품
농수산식품,식품,HSK-MTI 연계표,333,4,D333,농수산식품
농수산식품,농수산식품,HSK-MTI 연계표,334,4,D334,농수산식품
농수산식품,농수산,HSK-MTI 연계표,334,4,D334,농수산식품
농수산식품,수산,HSK-MTI 연계표,334,4,D334,농수산식품
농수산식품,식품,HSK-MTI 연계표,334,4,D334,농수산식품
농수산식품,농수산식품,HSK-MTI 연계표,335,4,D335,농수산식품
농수산식품,농수산,HSK-MTI 연계표,335,4,D335,농수산식품
농수산식품,수산,HSK-MTI 연계표,335,4,D335,농수산식품
농수산식품,식품,HSK-MTI 연계표,335,4,D335,농수산식품
농수산식품,농수산식품,HSK-MTI 연계표,336,4,D336,농수산식품
농수산식품,농수산,HSK-MTI 연계표,336,4,D336,농수산식품
농수산식품,수산,HSK-MTI 연계표,336,4,D336,농수산식품
농수산식품,식품,HSK-MTI 연계표,336,4,D336,농수산식품
농수산식품,농수산식품,HSK-MTI 연계표,337,4,D337,농수산식품
농수산식품,농수산,HSK-MTI 연계표,337,4,D337,농수산식품
농수산식품,수산,HSK-MTI 연계표,337,4,D337,농수산식품
농수산식품,식품,HSK-MTI 연계표,337,4,D337,농수산식품
농수산식품,농수산식품,HSK-MTI 연계표,338,4,D338,농수산식품
농수산식품,농수산,HSK-MTI 연계표,338,4,D338,농수산식품
농수산식품,수산,HSK-MTI 연계표,338,4,D338,농수산식품
농수산식품,식품,HSK-MTI 연계표,338,4,D338,농수산식품
농수산식품,농수산식품,HSK-MTI 연계표,339,4,D339,농수산식품
농수산식품,농수산,HSK-MTI 연계표,339,4,D339,농수산식품
농수산식품,수산,HSK-MTI 연계표,339,4,D339,농수산식품
농수산식품,식품,HSK-MTI 연계표,339,4,D339,농수산식품
농수산식품,농수산식품,HSK-MTI 연계표,340,4,D340,농수산식품
농수산식품,농수산,HSK-MTI 연계표,340,4,D340,농수산식품
농수산식품,수산,HSK-MTI 연계표,340,4,D340,농수산식품
농수산식품,식품,HSK-MTI 연계표,340,4,D340,농수산식품
농수산식품,농수산식품,HSK-MTI 연계표,341,4,D341,농수산식품
농수산식품,농수산,HSK-MTI 연계표,341,4,D341,농수산식품
농수산식품,수산,HSK-MTI 연계표,341,4,D341,농수산식품
농수산식품,식품,HSK-MTI 연계표,341,4,D341,농수산식품
농수산식품,농수산식품,HSK-MTI 연계표,342,4,D342,농수산식품
농수산식품,농수산,HSK-MTI 연계표,342,4,D342,농수산식품
농수산식품,수산,HSK-MTI 연계표,342,4,D342,농수산식품
농수산식품,식품,HSK-MTI 연계표,342,4,D342,농수산식품
농수산식품,농수산식품,HSK-MTI 연계표,343,4,D343,농수산식품
농수산식품,농수산,HSK-MTI 연계표,343,4,D343,농수산식품
농수산식품,수산,HSK-MTI 연계표,343,4,D343,농수산식품
농수산식품,식품,HSK-MTI 연계표,343,4,D343,농수산식품
농수산식품,농수산식품,HSK-MTI 연계표,344,4,D344,농수산식품
농수산식품,농수산,HSK-MTI 연계표,344,4,D344,농수산식품
농수산식품,수산,HSK-MTI 연계표,344,4,D344,농수산식품
농수산식품,식품,HSK-MTI 연계표,344,4,D344,농수산식품
농수산식품,농수산식품,HSK-MTI 연계표,345,4,D345,농수산식품
농수산식품,농수산,HSK-MTI 연계표,345,4,D345,농수산식품
농수산식품,수산,HSK-MTI 연계표,345,4,D345,농수산식품
농수산식품,식품,HSK-MTI 연계표,345,4,D345,농수산식품
농수산식품,농수산식품,HSK-MTI 연계표,346,4,D346,농수산식품
농수산식품,농수산,HSK-MTI 연계표,346,4,D346,농수산식품
농수산식품,수산,HSK-MTI 연계표,346,4,D346,농수산식품
농수산식품,식품,HSK-MTI 연계표,346,4,D346,농수산식품
농수산식품,농수산식품,HSK-MTI 연계표,347,4,D347,농수산식품
농수산식품,농수산,HSK-MTI 연계표,347,4,D347,농수산식품
농수산식품,수산,HSK-MTI 연계표,347,4,D347,농수산식품
농수산식품,식품,HSK-MTI 연계표,347,4,D347,농수산식품
농수산식품,농수산식품,HSK-MTI 연계표,348,4,D348,농수산식품
농수산식품,농수산,HSK-MTI 연계표,348,4,D348,농수산식품
농수산식품,수산,HSK-MTI 연계표,348,4,D348,농수산식품
농수산식품,식품,HSK-MTI 연계표,348,4,D348,농수산식품
농수산식품,농수산식품,HSK-MTI 연계표,349,4,D349,농수산식품
농수산식품,농수산,HSK-MTI 연계표,349,4,D349,농수산식품
농수산식품,수산,HSK-MTI 연계표,349,4,D349,농수산식품
농수산식품,식품,HSK-MTI 연계표,349,4,D349,농수산식품
농수산식품,농수산식품,HSK-MTI 연계표,350,4,D350,농수산식품
농수산식품,농수산,HSK-MTI 연계표,350,4,D350,농수산식품
농수산식품,수산,HSK-MTI 연계표,350,4,D350,농수산식품
농수산식품,식품,HSK-MTI 연계표,350,4,D350,농수산식품
농수산식품,농수산식품,HSK-MTI 연계표,351,4,D351,농수산식품
농수산식품,농수산,HSK-MTI 연계표,351,4,D351,농수산식품
농수산식품,수산,HSK-MTI 연계표,351,4,D351,농수산식품
농수산식품,식품,HSK-MTI 연계표,351,4,D351,농수산식품
농수산식품,농수산식품,HSK-MTI 연계표,352,4,D352,농수산식품
농수산식품,농수산,HSK-MTI 연계표,352,4,D352,농수산식품
농수산식품,수산,HSK-MTI 연계표,352,4,D352,농수산식품
농수산식품,식품,HSK-MTI 연계표,352,4,D352,농수산식품
농수산식품,농수산식품,HSK-MTI 연계표,353,4,D353,농수산식품
농수산식품,농수산,HSK-MTI 연계표,353,4,D353,농수산식품
농수산식품,수산,HSK-MTI 연계표,353,4,D353,농수산식품
농수산식품,식품,HSK-MTI 연계표,353,4,D353,농수산식품
농수산식품,농수산식품,HSK-MTI 연계표,354,4,D354,농수산식품
농수산식품,농수산,HSK-MTI 연계표,354,4,D354,농수산식품
농수산식품,수산,HSK-MTI 연계표,354,4,D354,농수산식품
농수산식품,식품,HSK-MTI 연계표,354,4,D354,농수산식품
농수산식품,농수산식품,HSK-MTI 연계표,355,4,D355,농수산식품
농수산식품,농수산,HSK-MTI 연계표,355,4,D355,농수산식품
농수산식품,수산,HSK-MTI 연계표,355,4,D355,농수산식품
농수산식품,식품,HSK-MTI 연계표,355,4,D355,농수산식품
농수산식품,농수산식품,HSK-MTI 연계표,356,4,D356,농수산식품
농수산식품,농수산,HSK-MTI 연계표,356,4,D356,농수산식품
농수산식품,수산,HSK-MTI 연계표,356,4,D356,농수산식품
농수산식품,식품,HSK-MTI 연계표,356,4,D356,농수산식품
농수산식품,농수산식품,HSK-MTI 연계표,357,4,D357,농수산식품
농수산식품,농수산,HSK-MTI 연계표,357,4,D357,농수산식품
농수산식품,수산,HSK-MTI 연계표,357,4,D357,농수산식품
농수산식품,식품,HSK-MTI 연계표,357,4,D357,농수산식품
농수산식품,농수산식품,HSK-MTI 연계표,358,4,D358,농수산식품
농수산식품,농수산,HSK-MTI 연계표,358,4,D358,농수산식품
농수산식품,수산,HSK-MTI 연계표,358,4,D358,농수산식품
농수산식품,식품,HSK-MTI 연계표,358,4,D358,농수산식품
농수산식품,농수산식품,HSK-MTI 연계표,359,4,D359,농수산식품
농수산식품,농수산,HSK-MTI 연계표,359,4,D359,농수산식품
농수산식품,수산,HSK-MTI 연계표,359,4,D359,농수산식품
농수산식품,식품,HSK-MTI 연계표,359,4,D359,농수산식품
농수산식품,농수산식품,HSK-MTI 연계표,360,4,D360,농수산식품
농수산식품,농수산,HSK-MTI 연계표,360,4,D360,농수산식품
농수산식품,수산,HSK-MTI 연계표,360,4,D360,농수산식품
농수산식품,식품,HSK-MTI 연계표,360,4,D360,농수산식품
농수산식품,농수산식품,HSK-MTI 연계표,361,4,D361,농수산식품
농수산식품,농수산,HSK-MTI 연계표,361,4,D361,농수산식품
농수산식품,수산,HSK-MTI 연계표,361,4,D361,농수산식품
농수산식품,식품,HSK-MTI 연계표,361,4,D361,농수산식품
농수산식품,농수산식품,HSK-MTI 연계표,362,4,D362,농수산식품
농수산식품,농수산,HSK-MTI 연계표,362,4,D362,농수산식품
농수산식품,수산,HSK-MTI 연계표,362,4,D362,농수산식품
농수산식품,식품,HSK-MTI 연계표,362,4,D362,농수산식품
농수산식품,농수산식품,HSK-MTI 연계표,363,4,D363,농수산식품
농수산식품,농수산,HSK-MTI 연계표,363,4,D363,농수산식품
농수산식품,수산,HSK-MTI 연계표,363,4,D363,농수산식품
농수산식품,식품,HSK-MTI 연계표,363,4,D363,농수산식품
농수산식품,농수산식품,HSK-MTI 연계표,364,4,D364,농수산식품
농수산식품,농수산,HSK-MTI 연계표,364,4,D364,농수산식품
농수산식품,수산,HSK-MTI 연계표,364,4,D364,농수산식품
농수산식품,식품,HSK-MTI 연계표,364,4,D364,농수산식품
농수산식품,농수산식품,HSK-MTI 연계표,365,4,D365,농수산식품
농수산식품,농수산,HSK-MTI 연계표,365,4,D365,농수산식품
농수산식품,수산,HSK-MTI 연계표,365,4,D365,농수산식품
농수산식품,식품,HSK-MTI 연계표,365,4,D365,농수산식품
농수산식품,농수산식품,HSK-MTI 연계표,366,4,D366,농수산식품
농수산식품,농수산,HSK-MTI 연계표,366,4,D366,농수산식품
농수산식품,수산,HSK-MTI 연계표,366,4,D366,농수산식품
농수산식품,식품,HSK-MTI 연계표,366,4,D366,농수산식품
농수산식품,농수산식품,HSK-MTI 연계표,367,4,D367,농수산식품
농수산식품,농수산,HSK-MTI 연계표,367,4,D367,농수산식품
농수산식품,수산,HSK-MTI 연계표,367,4,D367,농수산식품
농수산식품,식품,HSK-MTI 연계표,367,4,D367,농수산식품
농수산식품,농수산식품,HSK-MTI 연계표,368,4,D368,농수산식품
농수산식품,농수산,HSK-MTI 연계표,368,4,D368,농수산식품
농수산식품,수산,HSK-MTI 연계표,368,4,D368,농수산식품
농수산식품,식품,HSK-MTI 연계표,368,4,D368,농수산식품
농수산식품,농수산식품,HSK-MTI 연계표,369,4,D369,농수산식품
농수산식품,농수산,HSK-MTI 연계표,369,4,D369,농수산식품
농수산식품,수산,HSK-MTI 연계표,369,4,D369,농수산식품
농수산식품,식품,HSK-MTI 연계표,369,4,D369,농수산식품
농수산식품,농수산식품,HSK-MTI 연계표,370,4,D370,농수산식품
농수산식품,농수산,HSK-MTI 연계표,370,4,D370,농수산식품
농수산식품,수산,HSK-MTI 연계표,370,4,D370,농수산식품
농수산식품,식품,HSK-MTI 연계표,370,4,D370,농수산식품
농수산식품,농수산식품,HSK-MTI 연계표,371,4,D371,농수산식품
농수산식품,농수산,HSK-MTI 연계표,371,4,D371,농수산식품
농수산식품,수산,HSK-MTI 연계표,371,4,D371,농수산식품
농수산식품,식품,HSK-MTI 연계표,371,4,D371,농수산식품
농수산식품,농수산식품,HSK-MTI 연계표,372,4,D372,농수산식품
농수산식품,농수산,HSK-MTI 연계표,372,4,D372,농수산식품
농수산식품,수산,HSK-MTI 연계표,372,4,D372,농수산식품
농수산식품,식품,HSK-MTI 연계표,372,4,D372,농수산식품
농수산식품,농수산식품,HSK-MTI 연계표,373,4,D373,농수산식품
농수산식품,농수산,HSK-MTI 연계표,373,4,D373,농수산식품
농수산식품,수산,HSK-MTI 연계표,373,4,D373,농수산식품
농수산식품,식품,HSK-MTI 연계표,373,4,D373,농수산식품
농수산식품,농수산식품,HSK-MTI 연계표,374,4,D374,농수산식품
농수산식품,농수산,HSK-MTI 연계표,374,4,D374,농수산식품
농수산식품,수산,HSK-MTI 연계표,374,4,D374,농수산식품
농수산식품,식품,HSK-MTI 연계표,374,4,D374,농수산식품
농수산식품,농수산식품,HSK-MTI 연계표,375,4,D375,농수산식품
농수산식품,농수산,HSK-MTI 연계표,375,4,D375,농수산식품
농수산식품,수산,HSK-MTI 연계표,375,4,D375,농수산식품
농수산식품,식품,HSK-MTI 연계표,375,4,D375,농수산식품
농수산식품,농수산식품,HSK-MTI 연계표,376,4,D376,농수산식품
농수산식품,농수산,HSK-MTI 연계표,376,4,D376,농수산식품
농수산식품,수산,HSK-MTI 연계표,376,4,D376,농수산식품
농수산식품,식품,HSK-MTI 연계표,376,4,D376,농수산식품
농수산식품,농수산식품,HSK-MTI 연계표,377,4,D377,농수산식품
농수산식품,농수산,HSK-MTI 연계표,377,4,D377,농수산식품
농수산식품,수산,HSK-MTI 연계표,377,4,D377,농수산식품
농수산식품,식품,HSK-MTI 연계표,377,4,D377,농수산식품
농수산식품,농수산식품,HSK-MTI 연계표,378,4,D378,농수산식품
농수산식품,농수산,HSK-MTI 연계표,378,4,D378,농수산식품
농수산식품,수산,HSK-MTI 연계표,378,4,D378,농수산식품
농수산식품,식품,HSK-MTI 연계표,378,4,D378,농수산식품
농수산식품,농수산식품,HSK-MTI 연계표,379,4,D379,농수산식품
농수산식품,농수산,HSK-MTI 연계표,379,4,D379,농수산식품
농수산식품,수산,HSK-MTI 연계표,379,4,D379,농수산식품
농수산식품,식품,HSK-MTI 연계표,379,4,D379,농수산식품
농수산식품,농수산식품,HSK-MTI 연계표,380,4,D380,농수산식품
농수산식품,농수산,HSK-MTI 연계표,380,4,D380,농수산식품
농수산식품,수산,HSK-MTI 연계표,380,4,D380,농수산식품
농수산식품,식품,HSK-MTI 연계표,380,4,D380,농수산식품
농수산식품,농수산식품,HSK-MTI 연계표,381,4,D381,농수산식품
농수산식품,농수산,HSK-MTI 연계표,381,4,D381,농수산식품
농수산식품,수산,HSK-MTI 연계표,381,4,D381,농수산식품
농수산식품,식품,HSK-MTI 연계표,381,4,D381,농수산식품
농수산식품,농수산식품,HSK-MTI 연계표,382,4,D382,농수산식품
농수산식품,농수산,HSK-MTI 연계표,382,4,D382,농수산식품
농수산식품,수산,HSK-MTI 연계표,382,4,D382,농수산식품
농수산식품,식품,HSK-MTI 연계표,382,4,D382,농수산식품
농수산식품,농수산식품,HSK-MTI 연계표,383,4,D383,농수산식품
농수산식품,농수산,HSK-MTI 연계표,383,4,D383,농수산식품
농수산식품,수산,HSK-MTI 연계표,383,4,D383,농수산식품
농수산식품,식품,HSK-MTI 연계표,383,4,D383,농수산식품
농수산식품,농수산식품,HSK-MTI 연계표,384,4,D384,농수산식품
농수산식품,농수산,HSK-MTI 연계표,384,4,D384,농수산식품
농수산식품,수산,HSK-MTI 연계표,384,4,D384,농수산식품
농수산식품,식품,HSK-MTI 연계표,384,4,D384,농수산식품
농수산식품,농수산식품,HSK-MTI 연계표,385,4,D385,농수산식품
농수산식품,농수산,HSK-MTI 연계표,385,4,D385,농수산식품
농수산식품,수산,HSK-MTI 연계표,385,4,D385,농수산식품
농수산식품,식품,HSK-MTI 연계표,385,4,D385,농수산식품
농수산식품,농수산식품,HSK-MTI 연계표,386,4,D386,농수산식품
농수산식품,농수산,HSK-MTI 연계표,386,4,D386,농수산식품
농수산식품,수산,HSK-MTI 연계표,386,4,D386,농수산식품
농수산식품,식품,HSK-MTI 연계표,386,4,D386,농수산식품
농수산식품,농수산식품,HSK-MTI 연계표,387,4,D387,농수산식품
농수산식품,농수산,HSK-MTI 연계표,387,4,D387,농수산식품
농수산식품,수산,HSK-MTI 연계표,387,4,D387,농수산식품
농수산식품,식품,HSK-MTI 연계표,387,4,D387,농수산식품
농수산식품,농수산식품,HSK-MTI 연계표,388,4,D388,농수산식품
농수산식품,농수산,HSK-MTI 연계표,388,4,D388,농수산식품
농수산식품,수산,HSK-MTI 연계표,388,4,D388,농수산식품
농수산식품,식품,HSK-MTI 연계표,388,4,D388,농수산식품
농수산식품,농수산식품,HSK-MTI 연계표,389,4,D389,농수산식품
농수산식품,농수산,HSK-MTI 연계표,389,4,D389,농수산식품
농수산식품,수산,HSK-MTI 연계표,389,4,D389,농수산식품
농수산식품,식품,HSK-MTI 연계표,389,4,D389,농수산식품
농수산식품,농수산식품,HSK-MTI 연계표,390,4,D390,농수산식품
농수산식품,농수산,HSK-MTI 연계표,390,4,D390,농수산식품
농수산식품,수산,HSK-MTI 연계표,390,4,D390,농수산식품
농수산식품,식품,HSK-MTI 연계표,390,4,D390,농수산식품
농수산식품,농수산식품,HSK-MTI 연계표,391,4,D391,농수산식품
농수산식품,농수산,HSK-MTI 연계표,391,4,D391,농수산식품
농수산식품,수산,HSK-MTI 연계표,391,4,D391,농수산식품
농수산식품,식품,HSK-MTI 연계표,391,4,D391,농수산식품
농수산식품,농수산식품,HSK-MTI 연계표,392,4,D392,농수산식품
농수산식품,농수산,HSK-MTI 연계표,392,4,D392,농수산식품
농수산식품,수산,HSK-MTI 연계표,392,4,D392,농수산식품
농수산식품,식품,HSK-MTI 연계표,392,4,D392,농수산식품
농수산식품,농수산식품,HSK-MTI 연계표,393,4,D393,농수산식품
농수산식품,농수산,HSK-MTI 연계표,393,4,D393,농수산식품
농수산식품,수산,HSK-MTI 연계표,393,4,D393,농수산식품
농수산식품,식품,HSK-MTI 연계표,393,4,D393,농수산식품
농수산식품,농수산식품,HSK-MTI 연계표,394,4,D394,농수산식품
농수산식품,농수산,HSK-MTI 연계표,394,4,D394,농수산식품
농수산식품,수산,HSK-MTI 연계표,394,4,D394,농수산식품
농수산식품,식품,HSK-MTI 연계표,394,4,D394,농수산식품
농수산식품,농수산식품,HSK-MTI 연계표,395,4,D395,농수산식품
농수산식품,농수산,HSK-MTI 연계표,395,4,D395,농수산식품
농수산식품,수산,HSK-MTI 연계표,395,4,D395,농수산식품
농수산식품,식품,HSK-MTI 연계표,395,4,D395,농수산식품
농수산식품,농수산식품,HSK-MTI 연계표,396,4,D396,농수산식품
농수산식품,농수산,HSK-MTI 연계표,396,4,D396,농수산식품
농수산식품,수산,HSK-MTI 연계표,396,4,D396,농수산식품
농수산식품,식품,HSK-MTI 연계표,396,4,D396,농수산식품
농수산식품,농수산식품,HSK-MTI 연계표,397,4,D397,농수산식품
농수산식품,농수산,HSK-MTI 연계표,397,4,D397,농수산식품
농수산식품,수산,HSK-MTI 연계표,397,4,D397,농수산식품
농수산식품,식품,HSK-MTI 연계표,397,4,D397,농수산식품
농수산식품,농수산식품,HSK-MTI 연계표,398,4,D398,농수산식품
농수산식품,농수산,HSK-MTI 연계표,398,4,D398,농수산식품
농수산식품,수산,HSK-MTI 연계표,398,4,D398,농수산식품
농수산식품,식품,HSK-MTI 연계표,398,4,D398,농수산식품
농수산식품,농수산식품,HSK-MTI 연계표,399,4,D399,농수산식품
농수산식품,농수산,HSK-MTI 연계표,399,4,D399,농수산식품
농수산식품,수산,HSK-MTI 연계표,399,4,D399,농수산식품
농수산식품,식품,HSK-MTI 연계표,399,4,D399,농수산식품
농수산식품,농수산식품,HSK-MTI 연계표,400,4,D400,농수산식품
농수산식품,농수산,HSK-MTI 연계표,400,4,D400,농수산식품
농수산식품,수산,HSK-MTI 연계표,400,4,D400,농수산식품
농수산식품,식품,HSK-MTI 연계표,400,4,D400,농수산식품
농수산식품,농수산식품,HSK-MTI 연계표,401,4,D401,농수산식품
농수산식품,농수산,HSK-MTI 연계표,401,4,D401,농수산식품
농수산식품,수산,HSK-MTI 연계표,401,4,D401,농수산식품
농수산식품,식품,HSK-MTI 연계표,401,4,D401,농수산식품
농수산식품,농수산식품,HSK-MTI 연계표,402,4,D402,농수산식품
농수산식품,농수산,HSK-MTI 연계표,402,4,D402,농수산식품
농수산식품,수산,HSK-MTI 연계표,402,4,D402,농수산식품
농수산식품,식품,HSK-MTI 연계표,402,4,D402,농수산식품
농수산식품,농수산식품,HSK-MTI 연계표,403,4,D403,농수산식품
농수산식품,농수산,HSK-MTI 연계표,403,4,D403,농수산식품
농수산식품,수산,HSK-MTI 연계표,403,4,D403,농수산식품
농수산식품,식품,HSK-MTI 연계표,403,4,D403,농수산식품
농수산식품,농수산식품,HSK-MTI 연계표,404,4,D404,농수산식품
농수산식품,농수산,HSK-MTI 연계표,404,4,D404,농수산식품
농수산식품,수산,HSK-MTI 연계표,404,4,D404,농수산식품
농수산식품,식품,HSK-MTI 연계표,404,4,D404,농수산식품
농수산식품,농수산식품,HSK-MTI 연계표,405,4,D405,농수산식품
농수산식품,농수산,HSK-MTI 연계표,405,4,D405,농수산식품
농수산식품,수산,HSK-MTI 연계표,405,4,D405,농수산식품
농수산식품,식품,HSK-MTI 연계표,405,4,D405,농수산식품
농수산식품,농수산식품,HSK-MTI 연계표,406,4,D406,농수산식품
농수산식품,농수산,HSK-MTI 연계표,406,4,D406,농수산식품
농수산식품,수산,HSK-MTI 연계표,406,4,D406,농수산식품
농수산식품,식품,HSK-MTI 연계표,406,4,D406,농수산식품
농수산식품,농수산식품,HSK-MTI 연계표,407,4,D407,농수산식품
농수산식품,농수산,HSK-MTI 연계표,407,4,D407,농수산식품
농수산식품,수산,HSK-MTI 연계표,407,4,D407,농수산식품
농수산식품,식품,HSK-MTI 연계표,407,4,D407,농수산식품
농수산식품,농수산식품,HSK-MTI 연계표,408,4,D408,농수산식품
농수산식품,농수산,HSK-MTI 연계표,408,4,D408,농수산식품
농수산식품,수산,HSK-MTI 연계표,408,4,D408,농수산식품
농수산식품,식품,HSK-MTI 연계표,408,4,D408,농수산식품
농수산식품,농수산식품,HSK-MTI 연계표,409,4,D409,농수산식품
농수산식품,농수산,HSK-MTI 연계표,409,4,D409,농수산식품
농수산식품,수산,HSK-MTI 연계표,409,4,D409,농수산식품
농수산식품,식품,HSK-MTI 연계표,409,4,D409,농수산식품
농수산식품,농수산식품,HSK-MTI 연계표,410,4,D410,농수산식품
농수산식품,농수산,HSK-MTI 연계표,410,4,D410,농수산식품
농수산식품,수산,HSK-MTI 연계표,410,4,D410,농수산식품
농수산식품,식품,HSK-MTI 연계표,410,4,D410,농수산식품
농수산식품,농수산식품,HSK-MTI 연계표,411,4,D411,농수산식품
농수산식품,농수산,HSK-MTI 연계표,411,4,D411,농수산식품
농수산식품,수산,HSK-MTI 연계표,411,4,D411,농수산식품
농수산식품,식품,HSK-MTI 연계표,411,4,D411,농수산식품
농수산식품,농수산식품,HSK-MTI 연계표,412,4,D412,농수산식품
농수산식품,농수산,HSK-MTI 연계표,412,4,D412,농수산식품
농수산식품,수산,HSK-MTI 연계표,412,4,D412,농수산식품
농수산식품,식품,HSK-MTI 연계표,412,4,D412,농수산식품
농수산식품,농수산식품,HSK-MTI 연계표,413,4,D413,농수산식품
농수산식품,농수산,HSK-MTI 연계표,413,4,D413,농수산식품
농수산식품,수산,HSK-MTI 연계표,413,4,D413,농수산식품
농수산식품,식품,HSK-MTI 연계표,413,4,D413,농수산식품
농수산식품,농수산식품,HSK-MTI 연계표,414,4,D414,농수산식품
농수산식품,농수산,HSK-MTI 연계표,414,4,D414,농수산식품
농수산식품,수산,HSK-MTI 연계표,414,4,D414,농수산식품
농수산식품,식품,HSK-MTI 연계표,414,4,D414,농수산식품
농수산식품,농수산식품,HSK-MTI 연계표,415,4,D415,농수산식품
농수산식품,농수산,HSK-MTI 연계표,415,4,D415,농수산식품
농수산식품,수산,HSK-MTI 연계표,415,4,D415,농수산식품
농수산식품,식품,HSK-MTI 연계표,415,4,D415,농수산식품
농수산식품,농수산식품,HSK-MTI 연계표,416,4,D416,농수산식품
농수산식품,농수산,HSK-MTI 연계표,416,4,D416,농수산식품
농수산식품,수산,HSK-MTI 연계표,416,4,D416,농수산식품
농수산식품,식품,HSK-MTI 연계표,416,4,D416,농수산식품
농수산식품,농수산식품,HSK-MTI 연계표,417,4,D417,농수산식품
농수산식품,농수산,HSK-MTI 연계표,417,4,D417,농수산식품
농수산식품,수산,HSK-MTI 연계표,417,4,D417,농수산식품
농수산식품,식품,HSK-MTI 연계표,417,4,D417,농수산식품
농수산식품,농수산식품,HSK-MTI 연계표,418,4,D418,농수산식품
농수산식품,농수산,HSK-MTI 연계표,418,4,D418,농수산식품
농수산식품,수산,HSK-MTI 연계표,418,4,D418,농수산식품
농수산식품,식품,HSK-MTI 연계표,418,4,D418,농수산식품
농수산식품,농수산식품,HSK-MTI 연계표,419,4,D419,농수산식품
농수산식품,농수산,HSK-MTI 연계표,419,4,D419,농수산식품
농수산식품,수산,HSK-MTI 연계표,419,4,D419,농수산식품
농수산식품,식품,HSK-MTI 연계표,419,4,D419,농수산식품
농수산식품,농수산식품,HSK-MTI 연계표,420,4,D420,농수산식품
농수산식품,농수산,HSK-MTI 연계표,420,4,D420,농수산식품
농수산식품,수산,HSK-MTI 연계표,420,4,D420,농수산식품
농수산식품,식품,HSK-MTI 연계표,420,4,D420,농수산식품
농수산식품,농수산식품,HSK-MTI 연계표,421,4,D421,농수산식품
농수산식품,농수산,HSK-MTI 연계표,421,4,D421,농수산식품
농수산식품,수산,HSK-MTI 연계표,421,4,D421,농수산식품
농수산식품,식품,HSK-MTI 연계표,421,4,D421,농수산식품
농수산식품,농수산식품,HSK-MTI 연계표,422,4,D422,농수산식품
농수산식품,농수산,HSK-MTI 연계표,422,4,D422,농수산식품
농수산식품,수산,HSK-MTI 연계표,422,4,D422,농수산식품
농수산식품,식품,HSK-MTI 연계표,422,4,D422,농수산식품
농수산식품,농수산식품,HSK-MTI 연계표,423,4,D423,농수산식품
농수산식품,농수산,HSK-MTI 연계표,423,4,D423,농수산식품
농수산식품,수산,HSK-MTI 연계표,423,4,D423,농수산식품
농수산식품,식품,HSK-MTI 연계표,423,4,D423,농수산식품
농수산식품,농수산식품,HSK-MTI 연계표,424,4,D424,농수산식품
농수산식품,농수산,HSK-MTI 연계표,424,4,D424,농수산식품
농수산식품,수산,HSK-MTI 연계표,424,4,D424,농수산식품
농수산식품,식품,HSK-MTI 연계표,424,4,D424,농수산식품
농수산식품,농수산식품,HSK-MTI 연계표,425,4,D425,농수산식품
농수산식품,농수산,HSK-MTI 연계표,425,4,D425,농수산식품
농수산식품,수산,HSK-MTI 연계표,425,4,D425,농수산식품
농수산식품,식품,HSK-MTI 연계표,425,4,D425,농수산식품
농수산식품,농수산식품,HSK-MTI 연계표,426,4,D426,농수산식품
농수산식품,농수산,HSK-MTI 연계표,426,4,D426,농수산식품
농수산식품,수산,HSK-MTI 연계표,426,4,D426,농수산식품
농수산식품,식품,HSK-MTI 연계표,426,4,D426,농수산식품
농수산식품,농수산식품,HSK-MTI 연계표,427,4,D427,농수산식품
농수산식품,농수산,HSK-MTI 연계표,427,4,D427,농수산식품
농수산식품,수산,HSK-MTI 연계표,427,4,D427,농수산식품
농수산식품,식품,HSK-MTI 연계표,427,4,D427,농수산식품
농수산식품,농수산식품,HSK-MTI 연계표,428,4,D428,농수산식품
농수산식품,농수산,HSK-MTI 연계표,428,4,D428,농수산식품
농수산식품,수산,HSK-MTI 연계표,428,4,D428,농수산식품
농수산식품,식품,HSK-MTI 연계표,428,4,D428,농수산식품
농수산식품,농수산식품,HSK-MTI 연계표,429,4,D429,농수산식품
농수산식품,농수산,HSK-MTI 연계표,429,4,D429,농수산식품
농수산식품,수산,HSK-MTI 연계표,429,4,D429,농수산식품
농수산식품,식품,HSK-MTI 연계표,429,4,D429,농수산식품
농수산식품,농수산식품,HSK-MTI 연계표,430,4,D430,농수산식품
농수산식품,농수산,HSK-MTI 연계표,430,4,D430,농수산식품
농수산식품,수산,HSK-MTI 연계표,430,4,D430,농수산식품
농수산식품,식품,HSK-MTI 연계표,430,4,D430,농수산식품
농수산식품,농수산식품,HSK-MTI 연계표,431,4,D431,농수산식품
농수산식품,농수산,HSK-MTI 연계표,431,4,D431,농수산식품
농수산식품,수산,HSK-MTI 연계표,431,4,D431,농수산식품
농수산식품,식품,HSK-MTI 연계표,431,4,D431,농수산식품
농수산식품,농수산식품,HSK-MTI 연계표,432,4,D432,농수산식품
농수산식품,농수산,HSK-MTI 연계표,432,4,D432,농수산식품
농수산식품,수산,HSK-MTI 연계표,432,4,D432,농수산식품
농수산식품,식품,HSK-MTI 연계표,432,4,D432,농수산식품
농수산식품,농수산식품,HSK-MTI 연계표,433,4,D433,농수산식품
농수산식품,농수산,HSK-MTI 연계표,433,4,D433,농수산식품
농수산식품,수산,HSK-MTI 연계표,433,4,D433,농수산식품
농수산식품,식품,HSK-MTI 연계표,433,4,D433,농수산식품
농수산식품,농수산식품,HSK-MTI 연계표,434,4,D434,농수산식품
농수산식품,농수산,HSK-MTI 연계표,434,4,D434,농수산식품
농수산식품,수산,HSK-MTI 연계표,434,4,D434,농수산식품
농수산식품,식품,HSK-MTI 연계표,434,4,D434,농수산식품
농수산식품,농수산식품,HSK-MTI 연계표,435,4,D435,농수산식품
농수산식품,농수산,HSK-MTI 연계표,435,4,D435,농수산식품
농수산식품,수산,HSK-MTI 연계표,435,4,D435,농수산식품
농수산식품,식품,HSK-MTI 연계표,435,4,D435,농수산식품
농수산식품,농수산식품,HSK-MTI 연계표,436,4,D436,농수산식품
농수산식품,농수산,HSK-MTI 연계표,436,4,D436,농수산식품
농수산식품,수산,HSK-MTI 연계표,436,4,D436,농수산식품
농수산식품,식품,HSK-MTI 연계표,436,4,D436,농수산식품
농수산식품,농수산식품,HSK-MTI 연계표,437,4,D437,농수산식품
농수산식품,농수산,HSK-MTI 연계표,437,4,D437,농수산식품
농수산식품,수산,HSK-MTI 연계표,437,4,D437,농수산식품
농수산식품,식품,HSK-MTI 연계표,437,4,D437,농수산식품
농수산식품,농수산식품,HSK-MTI 연계표,438,4,D438,농수산식품
농수산식품,농수산,HSK-MTI 연계표,438,4,D438,농수산식품
농수산식품,수산,HSK-MTI 연계표,438,4,D438,농수산식품
농수산식품,식품,HSK-MTI 연계표,438,4,D438,농수산식품
농수산식품,농수산식품,HSK-MTI 연계표,439,4,D439,농수산식품
농수산식품,농수산,HSK-MTI 연계표,439,4,D439,농수산식품
농수산식품,수산,HSK-MTI 연계표,439,4,D439,농수산식품
농수산식품,식품,HSK-MTI 연계표,439,4,D439,농수산식품
농수산식품,농수산식품,HSK-MTI 연계표,440,4,D440,농수산식품
농수산식품,농수산,HSK-MTI 연계표,440,4,D440,농수산식품
농수산식품,수산,HSK-MTI 연계표,440,4,D440,농수산식품
농수산식품,식품,HSK-MTI 연계표,440,4,D440,농수산식품
농수산식품,농수산식품,HSK-MTI 연계표,441,4,D441,농수산식품
농수산식품,농수산,HSK-MTI 연계표,441,4,D441,농수산식품
농수산식품,수산,HSK-MTI 연계표,441,4,D441,농수산식품
농수산식품,식품,HSK-MTI 연계표,441,4,D441,농수산식품
농수산식품,농수산식품,HSK-MTI 연계표,442,4,D442,농수산식품
농수산식품,농수산,HSK-MTI 연계표,442,4,D442,농수산식품
농수산식품,수산,HSK-MTI 연계표,442,4,D442,농수산식품
농수산식품,식품,HSK-MTI 연계표,442,4,D442,농수산식품
농수산식품,농수산식품,HSK-MTI 연계표,443,4,D443,농수산식품
농수산식품,농수산,HSK-MTI 연계표,443,4,D443,농수산식품
농수산식품,수산,HSK-MTI 연계표,443,4,D443,농수산식품
농수산식품,식품,HSK-MTI 연계표,443,4,D443,농수산식품
농수산식품,농수산식품,HSK-MTI 연계표,444,4,D444,농수산식품
농수산식품,농수산,HSK-MTI 연계표,444,4,D444,농수산식품
농수산식품,수산,HSK-MTI 연계표,444,4,D444,농수산식품
농수산식품,식품,HSK-MTI 연계표,444,4,D444,농수산식품
농수산식품,농수산식품,HSK-MTI 연계표,445,4,D445,농수산식품
농수산식품,농수산,HSK-MTI 연계표,445,4,D445,농수산식품
농수산식품,수산,HSK-MTI 연계표,445,4,D445,농수산식품
농수산식품,식품,HSK-MTI 연계표,445,4,D445,농수산식품
농수산식품,농수산식품,HSK-MTI 연계표,446,4,D446,농수산식품
농수산식품,농수산,HSK-MTI 연계표,446,4,D446,농수산식품
농수산식품,수산,HSK-MTI 연계표,446,4,D446,농수산식품
농수산식품,식품,HSK-MTI 연계표,446,4,D446,농수산식품
농수산식품,농수산식품,HSK-MTI 연계표,447,4,D447,농수산식품
농수산식품,농수산,HSK-MTI 연계표,447,4,D447,농수산식품
농수산식품,수산,HSK-MTI 연계표,447,4,D447,농수산식품
농수산식품,식품,HSK-MTI 연계표,447,4,D447,농수산식품
농수산식품,농수산식품,HSK-MTI 연계표,448,4,D448,농수산식품
농수산식품,농수산,HSK-MTI 연계표,448,4,D448,농수산식품
농수산식품,수산,HSK-MTI 연계표,448,4,D448,농수산식품
농수산식품,식품,HSK-MTI 연계표,448,4,D448,농수산식품
농수산식품,농수산식품,HSK-MTI 연계표,449,4,D449,농수산식품
농수산식품,농수산,HSK-MTI 연계표,449,4,D449,농수산식품
농수산식품,수산,HSK-MTI 연계표,449,4,D449,농수산식품
농수산식품,식품,HSK-MTI 연계표,449,4,D449,농수산식품
농수산식품,농수산식품,HSK-MTI 연계표,450,4,D450,농수산식품
농수산식품,농수산,HSK-MTI 연계표,450,4,D450,농수산식품
농수산식품,수산,HSK-MTI 연계표,450,4,D450,농수산식품
농수산식품,식품,HSK-MTI 연계표,450,4,D450,농수산식품
농수산식품,농수산식품,HSK-MTI 연계표,451,4,D451,농수산식품
농수산식품,농수산,HSK-MTI 연계표,451,4,D451,농수산식품
농수산식품,수산,HSK-MTI 연계표,451,4,D451,농수산식품
농수산식품,식품,HSK-MTI 연계표,451,4,D451,농수산식품
농수산식품,농수산식품,HSK-MTI 연계표,452,4,D452,농수산식품
농수산식품,농수산,HSK-MTI 연계표,452,4,D452,농수산식품
농수산식품,수산,HSK-MTI 연계표,452,4,D452,농수산식품
농수산식품,식품,HSK-MTI 연계표,452,4,D452,농수산식품
농수산식품,농수산식품,HSK-MTI 연계표,453,4,D453,농수산식품
농수산식품,농수산,HSK-MTI 연계표,453,4,D453,농수산식품
농수산식품,수산,HSK-MTI 연계표,453,4,D453,농수산식품
농수산식품,식품,HSK-MTI 연계표,453,4,D453,농수산식품
농수산식품,농수산식품,HSK-MTI 연계표,454,4,D454,농수산식품
농수산식품,농수산,HSK-MTI 연계표,454,4,D454,농수산식품
농수산식품,수산,HSK-MTI 연계표,454,4,D454,농수산식품
농수산식품,식품,HSK-MTI 연계표,454,4,D454,농수산식품
농수산식품,농수산식품,HSK-MTI 연계표,455,4,D455,농수산식품
농수산식품,농수산,HSK-MTI 연계표,455,4,D455,농수산식품
농수산식품,수산,HSK-MTI 연계표,455,4,D455,농수산식품
농수산식품,식품,HSK-MTI 연계표,455,4,D455,농수산식품
농수산식품,농수산식품,HSK-MTI 연계표,456,4,D456,농수산식품
농수산식품,농수산,HSK-MTI 연계표,456,4,D456,농수산식품
농수산식품,수산,HSK-MTI 연계표,456,4,D456,농수산식품
농수산식품,식품,HSK-MTI 연계표,456,4,D456,농수산식품
농수산식품,농수산식품,HSK-MTI 연계표,457,4,D457,농수산식품
농수산식품,농수산,HSK-MTI 연계표,457,4,D457,농수산식품
농수산식품,수산,HSK-MTI 연계표,457,4,D457,농수산식품
농수산식품,식품,HSK-MTI 연계표,457,4,D457,농수산식품
농수산식품,농수산식품,HSK-MTI 연계표,458,4,D458,농수산식품
농수산식품,농수산,HSK-MTI 연계표,458,4,D458,농수산식품
농수산식품,수산,HSK-MTI 연계표,458,4,D458,농수산식품
농수산식품,식품,HSK-MTI 연계표,458,4,D458,농수산식품
농수산식품,농수산식품,HSK-MTI 연계표,459,4,D459,농수산식품
농수산식품,농수산,HSK-MTI 연계표,459,4,D459,농수산식품
농수산식품,수산,HSK-MTI 연계표,459,4,D459,농수산식품
농수산식품,식품,HSK-MTI 연계표,459,4,D459,농수산식품
농수산식품,농수산식품,HSK-MTI 연계표,460,4,D460,농수산식품
농수산식품,농수산,HSK-MTI 연계표,460,4,D460,농수산식품
농수산식품,수산,HSK-MTI 연계표,460,4,D460,농수산식품
농수산식품,식품,HSK-MTI 연계표,460,4,D460,농수산식품
농수산식품,농수산식품,HSK-MTI 연계표,461,4,D461,농수산식품
농수산식품,농수산,HSK-MTI 연계표,461,4,D461,농수산식품
농수산식품,수산,HSK-MTI 연계표,461,4,D461,농수산식품
농수산식품,식품,HSK-MTI 연계표,461,4,D461,농수산식품
농수산식품,농수산식품,HSK-MTI 연계표,462,4,D462,농수산식품
농수산식품,농수산,HSK-MTI 연계표,462,4,D462,농수산식품
농수산식품,수산,HSK-MTI 연계표,462,4,D462,농수산식품
농수산식품,식품,HSK-MTI 연계표,462,4,D462,농수산식품
농수산식품,농수산식품,HSK-MTI 연계표,463,4,D463,농수산식품
농수산식품,농수산,HSK-MTI 연계표,463,4,D463,농수산식품
농수산식품,수산,HSK-MTI 연계표,463,4,D463,농수산식품
농수산식품,식품,HSK-MTI 연계표,463,4,D463,농수산식품
농수산식품,농수산식품,HSK-MTI 연계표,464,4,D464,농수산식품
농수산식품,농수산,HSK-MTI 연계표,464,4,D464,농수산식품
농수산식품,수산,HSK-MTI 연계표,464,4,D464,농수산식품
농수산식품,식품,HSK-MTI 연계표,464,4,D464,농수산식품
농수산식품,농수산식품,HSK-MTI 연계표,465,4,D465,농수산식품
농수산식품,농수산,HSK-MTI 연계표,465,4,D465,농수산식품
농수산식품,수산,HSK-MTI 연계표,465,4,D465,농수산식품
농수산식품,식품,HSK-MTI 연계표,465,4,D465,농수산식품
농수산식품,농수산식품,HSK-MTI 연계표,466,4,D466,농수산식품
농수산식품,농수산,HSK-MTI 연계표,466,4,D466,농수산식품
농수산식품,수산,HSK-MTI 연계표,466,4,D466,농수산식품
농수산식품,식품,HSK-MTI 연계표,466,4,D466,농수산식품
농수산식품,농수산식품,HSK-MTI 연계표,467,4,D467,농수산식품
농수산식품,농수산,HSK-MTI 연계표,467,4,D467,농수산식품
농수산식품,수산,HSK-MTI 연계표,467,4,D467,농수산식품
농수산식품,식품,HSK-MTI 연계표,467,4,D467,농수산식품
농수산식품,농수산식품,HSK-MTI 연계표,468,4,D468,농수산식품
농수산식품,농수산,HSK-MTI 연계표,468,4,D468,농수산식품
농수산식품,수산,HSK-MTI 연계표,468,4,D468,농수산식품
농수산식품,식품,HSK-MTI 연계표,468,4,D468,농수산식품
농수산식품,농수산식품,HSK-MTI 연계표,469,4,D469,농수산식품
농수산식품,농수산,HSK-MTI 연계표,469,4,D469,농수산식품
농수산식품,수산,HSK-MTI 연계표,469,4,D469,농수산식품
농수산식품,식품,HSK-MTI 연계표,469,4,D469,농수산식품
농수산식품,농수산식품,HSK-MTI 연계표,470,4,D470,농수산식품
농수산식품,농수산,HSK-MTI 연계표,470,4,D470,농수산식품
농수산식품,수산,HSK-MTI 연계표,470,4,D470,농수산식품
농수산식품,식품,HSK-MTI 연계표,470,4,D470,농수산식품
농수산식품,농수산식품,HSK-MTI 연계표,471,4,D471,농수산식품
농수산식품,농수산,HSK-MTI 연계표,471,4,D471,농수산식품
농수산식품,수산,HSK-MTI 연계표,471,4,D471,농수산식품
농수산식품,식품,HSK-MTI 연계표,471,4,D471,농수산식품
농수산식품,농수산식품,HSK-MTI 연계표,472,4,D472,농수산식품
농수산식품,농수산,HSK-MTI 연계표,472,4,D472,농수산식품
농수산식품,수산,HSK-MTI 연계표,472,4,D472,농수산식품
농수산식품,식품,HSK-MTI 연계표,472,4,D472,농수산식품
농수산식품,농수산식품,HSK-MTI 연계표,473,4,D473,농수산식품
농수산식품,농수산,HSK-MTI 연계표,473,4,D473,농수산식품
농수산식품,수산,HSK-MTI 연계표,473,4,D473,농수산식품
농수산식품,식품,HSK-MTI 연계표,473,4,D473,농수산식품
농수산식품,농수산식품,HSK-MTI 연계표,474,4,D474,농수산식품
농수산식품,농수산,HSK-MTI 연계표,474,4,D474,농수산식품
농수산식품,수산,HSK-MTI 연계표,474,4,D474,농수산식품
농수산식품,식품,HSK-MTI 연계표,474,4,D474,농수산식품
농수산식품,농수산식품,HSK-MTI 연계표,475,4,D475,농수산식품
농수산식품,농수산,HSK-MTI 연계표,475,4,D475,농수산식품
농수산식품,수산,HSK-MTI 연계표,475,4,D475,농수산식품
농수산식품,식품,HSK-MTI 연계표,475,4,D475,농수산식품
농수산식품,농수산식품,HSK-MTI 연계표,476,4,D476,농수산식품
농수산식품,농수산,HSK-MTI 연계표,476,4,D476,농수산식품
농수산식품,수산,HSK-MTI 연계표,476,4,D476,농수산식품
농수산식품,식품,HSK-MTI 연계표,476,4,D476,농수산식품
농수산식품,농수산식품,HSK-MTI 연계표,477,4,D477,농수산식품
농수산식품,농수산,HSK-MTI 연계표,477,4,D477,농수산식품
농수산식품,수산,HSK-MTI 연계표,477,4,D477,농수산식품
농수산식품,식품,HSK-MTI 연계표,477,4,D477,농수산식품
농수산식품,농수산식품,HSK-MTI 연계표,478,4,D478,농수산식품
농수산식품,농수산,HSK-MTI 연계표,478,4,D478,농수산식품
농수산식품,수산,HSK-MTI 연계표,478,4,D478,농수산식품
농수산식품,식품,HSK-MTI 연계표,478,4,D478,농수산식품
농수산식품,농수산식품,HSK-MTI 연계표,479,4,D479,농수산식품
농수산식품,농수산,HSK-MTI 연계표,479,4,D479,농수산식품
농수산식품,수산,HSK-MTI 연계표,479,4,D479,농수산식품
농수산식품,식품,HSK-MTI 연계표,479,4,D479,농수산식품
농수산식품,농수산식품,HSK-MTI 연계표,480,4,D480,농수산식품
농수산식품,농수산,HSK-MTI 연계표,480,4,D480,농수산식품
농수산식품,수산,HSK-MTI 연계표,480,4,D480,농수산식품
농수산식품,식품,HSK-MTI 연계표,480,4,D480,농수산식품
농수산식품,농수산식품,HSK-MTI 연계표,481,4,D481,농수산식품
농수산식품,농수산,HSK-MTI 연계표,481,4,D481,농수산식품
농수산식품,수산,HSK-MTI 연계표,481,4,D481,농수산식품
농수산식품,식품,HSK-MTI 연계표,481,4,D481,농수산식품
농수산식품,농수산식품,HSK-MTI 연계표,482,4,D482,농수산식품
농수산식품,농수산,HSK-MTI 연계표,482,4,D482,농수산식품
농수산식품,수산,HSK-MTI 연계표,482,4,D482,농수산식품
농수산식품,식품,HSK-MTI 연계표,482,4,D482,농수산식품
농수산식품,농수산식품,HSK-MTI 연계표,483,4,D483,농수산식품
농수산식품,농수산,HSK-MTI 연계표,483,4,D483,농수산식품
농수산식품,수산,HSK-MTI 연계표,483,4,D483,농수산식품
농수산식품,식품,HSK-MTI 연계표,483,4,D483,농수산식품
농수산식품,농수산식품,HSK-MTI 연계표,484,4,D484,농수산식품
농수산식품,농수산,HSK-MTI 연계표,484,4,D484,농수산식품
농수산식품,수산,HSK-MTI 연계표,484,4,D484,농수산식품
농수산식품,식품,HSK-MTI 연계표,484,4,D484,농수산식품
농수산식품,농수산식품,HSK-MTI 연계표,485,4,D485,농수산식품
농수산식품,농수산,HSK-MTI 연계표,485,4,D485,농수산식품
농수산식품,수산,HSK-MTI 연계표,485,4,D485,농수산식품
농수산식품,식품,HSK-MTI 연계표,485,4,D485,농수산식품
농수산식품,농수산식품,HSK-MTI 연계표,486,4,D486,농수산식품
농수산식품,농수산,HSK-MTI 연계표,486,4,D486,농수산식품
농수산식품,수산,HSK-MTI 연계표,486,4,D486,농수산식품
농수산식품,식품,HSK-MTI 연계표,486,4,D486,농수산식품
농수산식품,농수산식품,HSK-MTI 연계표,487,4,D487,농수산식품
농수산식품,농수산,HSK-MTI 연계표,487,4,D487,농수산식품
농수산식품,수산,HSK-MTI 연계표,487,4,D487,농수산식품
농수산식품,식품,HSK-MTI 연계표,487,4,D487,농수산식품
농수산식품,농수산식품,HSK-MTI 연계표,488,4,D488,농수산식품
농수산식품,농수산,HSK-MTI 연계표,488,4,D488,농수산식품
농수산식품,수산,HSK-MTI 연계표,488,4,D488,농수산식품
농수산식품,식품,HSK-MTI 연계표,488,4,D488,농수산식품
농수산식품,농수산식품,HSK-MTI 연계표,489,4,D489,농수산식품
농수산식품,농수산,HSK-MTI 연계표,489,4,D489,농수산식품
농수산식품,수산,HSK-MTI 연계표,489,4,D489,농수산식품
농수산식품,식품,HSK-MTI 연계표,489,4,D489,농수산식품
농수산식품,농수산식품,HSK-MTI 연계표,490,4,D490,농수산식품
농수산식품,농수산,HSK-MTI 연계표,490,4,D490,농수산식품
농수산식품,수산,HSK-MTI 연계표,490,4,D490,농수산식품
농수산식품,식품,HSK-MTI 연계표,490,4,D490,농수산식품
농수산식품,농수산식품,HSK-MTI 연계표,491,4,D491,농수산식품
농수산식품,농수산,HSK-MTI 연계표,491,4,D491,농수산식품
농수산식품,수산,HSK-MTI 연계표,491,4,D491,농수산식품
농수산식품,식품,HSK-MTI 연계표,491,4,D491,농수산식품
농수산식품,농수산식품,HSK-MTI 연계표,492,4,D492,농수산식품
농수산식품,농수산,HSK-MTI 연계표,492,4,D492,농수산식품
농수산식품,수산,HSK-MTI 연계표,492,4,D492,농수산식품
농수산식품,식품,HSK-MTI 연계표,492,4,D492,농수산식품
농수산식품,농수산식품,HSK-MTI 연계표,493,4,D493,농수산식품
농수산식품,농수산,HSK-MTI 연계표,493,4,D493,농수산식품
농수산식품,수산,HSK-MTI 연계표,493,4,D493,농수산식품
농수산식품,식품,HSK-MTI 연계표,493,4,D493,농수산식품
농수산식품,농수산식품,HSK-MTI 연계표,494,4,D494,농수산식품
농수산식품,농수산,HSK-MTI 연계표,494,4,D494,농수산식품
농수산식품,수산,HSK-MTI 연계표,494,4,D494,농수산식품
농수산식품,식품,HSK-MTI 연계표,494,4,D494,농수산식품
농수산식품,농수산식품,HSK-MTI 연계표,495,4,D495,농수산식품
농수산식품,농수산,HSK-MTI 연계표,495,4,D495,농수산식품
농수산식품,수산,HSK-MTI 연계표,495,4,D495,농수산식품
농수산식품,식품,HSK-MTI 연계표,495,4,D495,농수산식품
농수산식품,농수산식품,HSK-MTI 연계표,496,4,D496,농수산식품
농수산식품,농수산,HSK-MTI 연계표,496,4,D496,농수산식품
농수산식품,수산,HSK-MTI 연계표,496,4,D496,농수산식품
농수산식품,식품,HSK-MTI 연계표,496,4,D496,농수산식품
농수산식품,농수산식품,HSK-MTI 연계표,497,4,D497,농수산식품
농수산식품,농수산,HSK-MTI 연계표,497,4,D497,농수산식품
농수산식품,수산,HSK-MTI 연계표,497,4,D497,농수산식품
농수산식품,식품,HSK-MTI 연계표,497,4,D497,농수산식품
농수산식품,농수산식품,HSK-MTI 연계표,498,4,D498,농수산식품
농수산식품,농수산,HSK-MTI 연계표,498,4,D498,농수산식품
농수산식품,수산,HSK-MTI 연계표,498,4,D498,농수산식품
농수산식품,식품,HSK-MTI 연계표,498,4,D498,농수산식품
농수산식품,농수산식품,HSK-MTI 연계표,499,4,D499,농수산식품
농수산식품,농수산,HSK-MTI 연계표,499,4,D499,농수산식품
농수산식품,수산,HSK-MTI 연계표,499,4,D499,농수산식품
농수산식품,식품,HSK-MTI 연계표,499,4,D499,농수산식품
농수산식품,농수산식품,HSK-MTI 연계표,500,4,D500,농수산식품
농수산식품,농수산,HSK-MTI 연계표,500,4,D500,농수산식품
농수산식품,수산,HSK-MTI 연계표,500,4,D500,농수산식품
농수산식품,식품,HSK-MTI 연계표,500,4,D500,농수산식품
농수산식품,농수산식품,HSK-MTI 연계표,501,4,D501,농수산식품
농수산식품,농수산,HSK-MTI 연계표,501,4,D501,농수산식품
농수산식품,수산,HSK-MTI 연계표,501,4,D501,농수산식품
농수산식품,식품,HSK-MTI 연계표,501,4,D501,농수산식품
농수산식품,농수산식품,HSK-MTI 연계표,502,4,D502,농수산식품
농수산식품,농수산,HSK-MTI 연계표,502,4,D502,농수산식품
농수산식품,수산,HSK-MTI 연계표,502,4,D502,농수산식품
농수산식품,식품,HSK-MTI 연계표,502,4,D502,농수산식품
농수산식품,농수산식품,HSK-MTI 연계표,503,4,D503,농수산식품
농수산식품,농수산,HSK-MTI 연계표,503,4,D503,농수산식품
농수산식품,수산,HSK-MTI 연계표,503,4,D503,농수산식품
농수산식품,식품,HSK-MTI 연계표,503,4,D503,농수산식품
농수산식품,농수산식품,HSK-MTI 연계표,504,4,D504,농수산식품
농수산식품,농수산,HSK-MTI 연계표,504,4,D504,농수산식품
농수산식품,수산,HSK-MTI 연계표,504,4,D504,농수산식품
농수산식품,식품,HSK-MTI 연계표,504,4,D504,농수산식품
농수산식품,농수산식품,HSK-MTI 연계표,505,4,D505,농수산식품
농수산식품,농수산,HSK-MTI 연계표,505,4,D505,농수산식품
농수산식품,수산,HSK-MTI 연계표,505,4,D505,농수산식품
농수산식품,식품,HSK-MTI 연계표,505,4,D505,농수산식품
농수산식품,농수산식품,HSK-MTI 연계표,506,4,D506,농수산식품
농수산식품,농수산,HSK-MTI 연계표,506,4,D506,농수산식품
농수산식품,수산,HSK-MTI 연계표,506,4,D506,농수산식품
농수산식품,식품,HSK-MTI 연계표,506,4,D506,농수산식품
농수산식품,농수산식품,HSK-MTI 연계표,507,4,D507,농수산식품
농수산식품,농수산,HSK-MTI 연계표,507,4,D507,농수산식품
농수산식품,수산,HSK-MTI 연계표,507,4,D507,농수산식품
농수산식품,식품,HSK-MTI 연계표,507,4,D507,농수산식품
농수산식품,농수산식품,HSK-MTI 연계표,508,4,D508,농수산식품
농수산식품,농수산,HSK-MTI 연계표,508,4,D508,농수산식품
농수산식품,수산,HSK-MTI 연계표,508,4,D508,농수산식품
농수산식품,식품,HSK-MTI 연계표,508,4,D508,농수산식품
농수산식품,농수산식품,HSK-MTI 연계표,509,4,D509,농수산식품
농수산식품,농수산,HSK-MTI 연계표,509,4,D509,농수산식품
농수산식품,수산,HSK-MTI 연계표,509,4,D509,농수산식품
농수산식품,식품,HSK-MTI 연계표,509,4,D509,농수산식품
농수산식품,농수산식품,HSK-MTI 연계표,510,4,D510,농수산식품
농수산식품,농수산,HSK-MTI 연계표,510,4,D510,농수산식품
농수산식품,수산,HSK-MTI 연계표,510,4,D510,농수산식품
농수산식품,식품,HSK-MTI 연계표,510,4,D510,농수산식품
농수산식품,농수산식품,HSK-MTI 연계표,511,4,D511,농수산식품
농수산식품,농수산,HSK-MTI 연계표,511,4,D511,농수산식품
농수산식품,수산,HSK-MTI 연계표,511,4,D511,농수산식품
농수산식품,식품,HSK-MTI 연계표,511,4,D511,농수산식품
농수산식품,농수산식품,HSK-MTI 연계표,512,4,D512,농수산식품
농수산식품,농수산,HSK-MTI 연계표,512,4,D512,농수산식품
농수산식품,수산,HSK-MTI 연계표,512,4,D512,농수산식품
농수산식품,식품,HSK-MTI 연계표,512,4,D512,농수산식품
농수산식품,농수산식품,HSK-MTI 연계표,513,4,D513,농수산식품
농수산식품,농수산,HSK-MTI 연계표,513,4,D513,농수산식품
농수산식품,수산,HSK-MTI 연계표,513,4,D513,농수산식품
농수산식품,식품,HSK-MTI 연계표,513,4,D513,농수산식품
농수산식품,농수산식품,HSK-MTI 연계표,514,4,D514,농수산식품
농수산식품,농수산,HSK-MTI 연계표,514,4,D514,농수산식품
농수산식품,수산,HSK-MTI 연계표,514,4,D514,농수산식품
농수산식품,식품,HSK-MTI 연계표,514,4,D514,농수산식품
농수산식품,농수산식품,HSK-MTI 연계표,515,4,D515,농수산식품
농수산식품,농수산,HSK-MTI 연계표,515,4,D515,농수산식품
농수산식품,수산,HSK-MTI 연계표,515,4,D515,농수산식품
농수산식품,식품,HSK-MTI 연계표,515,4,D515,농수산식품
농수산식품,농수산식품,HSK-MTI 연계표,516,4,D516,농수산식품
농수산식품,농수산,HSK-MTI 연계표,516,4,D516,농수산식품
농수산식품,수산,HSK-MTI 연계표,516,4,D516,농수산식품
농수산식품,식품,HSK-MTI 연계표,516,4,D516,농수산식품
농수산식품,농수산식품,HSK-MTI 연계표,517,4,D517,농수산식품
농수산식품,농수산,HSK-MTI 연계표,517,4,D517,농수산식품
농수산식품,수산,HSK-MTI 연계표,517,4,D517,농수산식품
농수산식품,식품,HSK-MTI 연계표,517,4,D517,농수산식품
농수산식품,농수산식품,HSK-MTI 연계표,518,4,D518,농수산식품
농수산식품,농수산,HSK-MTI 연계표,518,4,D518,농수산식품
농수산식품,수산,HSK-MTI 연계표,518,4,D518,농수산식품
농수산식품,식품,HSK-MTI 연계표,518,4,D518,농수산식품
농수산식품,농수산식품,HSK-MTI 연계표,519,4,D519,농수산식품
농수산식품,농수산,HSK-MTI 연계표,519,4,D519,농수산식품
농수산식품,수산,HSK-MTI 연계표,519,4,D519,농수산식품
농수산식품,식품,HSK-MTI 연계표,519,4,D519,농수산식품
농수산식품,농수산식품,HSK-MTI 연계표,520,4,D520,농수산식품
농수산식품,농수산,HSK-MTI 연계표,520,4,D520,농수산식품
농수산식품,수산,HSK-MTI 연계표,520,4,D520,농수산식품
농수산식품,식품,HSK-MTI 연계표,520,4,D520,농수산식품
농수산식품,농수산식품,HSK-MTI 연계표,521,4,D521,농수산식품
농수산식품,농수산,HSK-MTI 연계표,521,4,D521,농수산식품
농수산식품,수산,HSK-MTI 연계표,521,4,D521,농수산식품
농수산식품,식품,HSK-MTI 연계표,521,4,D521,농수산식품
농수산식품,농수산식품,HSK-MTI 연계표,522,4,D522,농수산식품
농수산식품,농수산,HSK-MTI 연계표,522,4,D522,농수산식품
농수산식품,수산,HSK-MTI 연계표,522,4,D522,농수산식품
농수산식품,식품,HSK-MTI 연계표,522,4,D522,농수산식품
농수산식품,농수산식품,HSK-MTI 연계표,523,4,D523,농수산식품
농수산식품,농수산,HSK-MTI 연계표,523,4,D523,농수산식품
농수산식품,수산,HSK-MTI 연계표,523,4,D523,농수산식품
농수산식품,식품,HSK-MTI 연계표,523,4,D523,농수산식품
농수산식품,농수산식품,HSK-MTI 연계표,524,4,D524,농수산식품
농수산식품,농수산,HSK-MTI 연계표,524,4,D524,농수산식품
농수산식품,수산,HSK-MTI 연계표,524,4,D524,농수산식품
농수산식품,식품,HSK-MTI 연계표,524,4,D524,농수산식품
농수산식품,농수산식품,HSK-MTI 연계표,525,4,D525,농수산식품
농수산식품,농수산,HSK-MTI 연계표,525,4,D525,농수산식품
농수산식품,수산,HSK-MTI 연계표,525,4,D525,농수산식품
농수산식품,식품,HSK-MTI 연계표,525,4,D525,농수산식품
농수산식품,농수산식품,HSK-MTI 연계표,526,4,D526,농수산식품
농수산식품,농수산,HSK-MTI 연계표,526,4,D526,농수산식품
농수산식품,수산,HSK-MTI 연계표,526,4,D526,농수산식품
농수산식품,식품,HSK-MTI 연계표,526,4,D526,농수산식품
농수산식품,농수산식품,HSK-MTI 연계표,527,4,D527,농수산식품
농수산식품,농수산,HSK-MTI 연계표,527,4,D527,농수산식품
농수산식품,수산,HSK-MTI 연계표,527,4,D527,농수산식품
농수산식품,식품,HSK-MTI 연계표,527,4,D527,농수산식품
농수산식품,농수산식품,HSK-MTI 연계표,528,4,D528,농수산식품
농수산식품,농수산,HSK-MTI 연계표,528,4,D528,농수산식품
농수산식품,수산,HSK-MTI 연계표,528,4,D528,농수산식품
농수산식품,식품,HSK-MTI 연계표,528,4,D528,농수산식품
농수산식품,농수산식품,HSK-MTI 연계표,529,4,D529,농수산식품
농수산식품,농수산,HSK-MTI 연계표,529,4,D529,농수산식품
농수산식품,수산,HSK-MTI 연계표,529,4,D529,농수산식품
농수산식품,식품,HSK-MTI 연계표,529,4,D529,농수산식품
농수산식품,농수산식품,HSK-MTI 연계표,530,4,D530,농수산식품
농수산식품,농수산,HSK-MTI 연계표,530,4,D530,농수산식품
농수산식품,수산,HSK-MTI 연계표,530,4,D530,농수산식품
농수산식품,식품,HSK-MTI 연계표,530,4,D530,농수산식품
농수산식품,농수산식품,HSK-MTI 연계표,531,4,D531,농수산식품
농수산식품,농수산,HSK-MTI 연계표,531,4,D531,농수산식품
농수산식품,수산,HSK-MTI 연계표,531,4,D531,농수산식품
농수산식품,식품,HSK-MTI 연계표,531,4,D531,농수산식품
농수산식품,농수산식품,HSK-MTI 연계표,532,4,D532,농수산식품
농수산식품,농수산,HSK-MTI 연계표,532,4,D532,농수산식품
농수산식품,수산,HSK-MTI 연계표,532,4,D532,농수산식품
농수산식품,식품,HSK-MTI 연계표,532,4,D532,농수산식품
농수산식품,농수산식품,HSK-MTI 연계표,533,4,D533,농수산식품
농수산식품,농수산,HSK-MTI 연계표,533,4,D533,농수산식품
농수산식품,수산,HSK-MTI 연계표,533,4,D533,농수산식품
농수산식품,식품,HSK-MTI 연계표,533,4,D533,농수산식품
농수산식품,농수산식품,HSK-MTI 연계표,534,4,D534,농수산식품
농수산식품,농수산,HSK-MTI 연계표,534,4,D534,농수산식품
농수산식품,수산,HSK-MTI 연계표,534,4,D534,농수산식품
농수산식품,식품,HSK-MTI 연계표,534,4,D534,농수산식품
농수산식품,농수산식품,HSK-MTI 연계표,535,4,D535,농수산식품
농수산식품,농수산,HSK-MTI 연계표,535,4,D535,농수산식품
농수산식품,수산,HSK-MTI 연계표,535,4,D535,농수산식품
농수산식품,식품,HSK-MTI 연계표,535,4,D535,농수산식품
농수산식품,농수산식품,HSK-MTI 연계표,536,4,D536,농수산식품
농수산식품,농수산,HSK-MTI 연계표,536,4,D536,농수산식품
농수산식품,수산,HSK-MTI 연계표,536,4,D536,농수산식품
농수산식품,식품,HSK-MTI 연계표,536,4,D536,농수산식품
농수산식품,농수산식품,HSK-MTI 연계표,537,4,D537,농수산식품
농수산식품,농수산,HSK-MTI 연계표,537,4,D537,농수산식품
농수산식품,수산,HSK-MTI 연계표,537,4,D537,농수산식품
농수산식품,식품,HSK-MTI 연계표,537,4,D537,농수산식품
농수산식품,농수산식품,HSK-MTI 연계표,538,4,D538,농수산식품
농수산식품,농수산,HSK-MTI 연계표,538,4,D538,농수산식품
농수산식품,수산,HSK-MTI 연계표,538,4,D538,농수산식품
농수산식품,식품,HSK-MTI 연계표,538,4,D538,농수산식품
농수산식품,농수산식품,HSK-MTI 연계표,539,4,D539,농수산식품
농수산식품,농수산,HSK-MTI 연계표,539,4,D539,농수산식품
농수산식품,수산,HSK-MTI 연계표,539,4,D539,농수산식품
농수산식품,식품,HSK-MTI 연계표,539,4,D539,농수산식품
농수산식품,농수산식품,HSK-MTI 연계표,540,4,D540,농수산식품
농수산식품,농수산,HSK-MTI 연계표,540,4,D540,농수산식품
농수산식품,수산,HSK-MTI 연계표,540,4,D540,농수산식품
농수산식품,식품,HSK-MTI 연계표,540,4,D540,농수산식품
농수산식품,농수산식품,HSK-MTI 연계표,541,4,D541,농수산식품
농수산식품,농수산,HSK-MTI 연계표,541,4,D541,농수산식품
농수산식품,수산,HSK-MTI 연계표,541,4,D541,농수산식품
농수산식품,식품,HSK-MTI 연계표,541,4,D541,농수산식품
농수산식품,농수산식품,HSK-MTI 연계표,542,4,D542,농수산식품
농수산식품,농수산,HSK-MTI 연계표,542,4,D542,농수산식품
농수산식품,수산,HSK-MTI 연계표,542,4,D542,농수산식품
농수산식품,식품,HSK-MTI 연계표,542,4,D542,농수산식품
농수산식품,농수산식품,HSK-MTI 연계표,543,4,D543,농수산식품
농수산식품,농수산,HSK-MTI 연계표,543,4,D543,농수산식품
농수산식품,수산,HSK-MTI 연계표,543,4,D543,농수산식품
농수산식품,식품,HSK-MTI 연계표,543,4,D543,농수산식품
농수산식품,농수산식품,HSK-MTI 연계표,544,4,D544,농수산식품
농수산식품,농수산,HSK-MTI 연계표,544,4,D544,농수산식품
농수산식품,수산,HSK-MTI 연계표,544,4,D544,농수산식품
농수산식품,식품,HSK-MTI 연계표,544,4,D544,농수산식품
농수산식품,농수산식품,HSK-MTI 연계표,545,4,D545,농수산식품
농수산식품,농수산,HSK-MTI 연계표,545,4,D545,농수산식품
농수산식품,수산,HSK-MTI 연계표,545,4,D545,농수산식품
농수산식품,식품,HSK-MTI 연계표,545,4,D545,농수산식품
농수산식품,농수산식품,HSK-MTI 연계표,546,4,D546,농수산식품
농수산식품,농수산,HSK-MTI 연계표,546,4,D546,농수산식품
농수산식품,수산,HSK-MTI 연계표,546,4,D546,농수산식품
농수산식품,식품,HSK-MTI 연계표,546,4,D546,농수산식품
농수산식품,농수산식품,HSK-MTI 연계표,547,4,D547,농수산식품
농수산식품,농수산,HSK-MTI 연계표,547,4,D547,농수산식품
농수산식품,수산,HSK-MTI 연계표,547,4,D547,농수산식품
농수산식품,식품,HSK-MTI 연계표,547,4,D547,농수산식품
농수산식품,농수산식품,HSK-MTI 연계표,548,4,D548,농수산식품
농수산식품,농수산,HSK-MTI 연계표,548,4,D548,농수산식품
농수산식품,수산,HSK-MTI 연계표,548,4,D548,농수산식품
농수산식품,식품,HSK-MTI 연계표,548,4,D548,농수산식품
농수산식품,농수산식품,HSK-MTI 연계표,549,4,D549,농수산식품
농수산식품,농수산,HSK-MTI 연계표,549,4,D549,농수산식품
농수산식품,수산,HSK-MTI 연계표,549,4,D549,농수산식품
농수산식품,식품,HSK-MTI 연계표,549,4,D549,농수산식품
농수산식품,농수산식품,HSK-MTI 연계표,550,4,D550,농수산식품
농수산식품,농수산,HSK-MTI 연계표,550,4,D550,농수산식품
농수산식품,수산,HSK-MTI 연계표,550,4,D550,농수산식품
농수산식품,식품,HSK-MTI 연계표,550,4,D550,농수산식품
농수산식품,농수산식품,HSK-MTI 연계표,551,4,D551,농수산식품
농수산식품,농수산,HSK-MTI 연계표,551,4,D551,농수산식품
농수산식품,수산,HSK-MTI 연계표,551,4,D551,농수산식품
농수산식품,식품,HSK-MTI 연계표,551,4,D551,농수산식품
농수산식품,농수산식품,HSK-MTI 연계표,552,4,D552,농수산식품
농수산식품,농수산,HSK-MTI 연계표,552,4,D552,농수산식품
농수산식품,수산,HSK-MTI 연계표,552,4,D552,농수산식품
농수산식품,식품,HSK-MTI 연계표,552,4,D552,농수산식품
농수산식품,농수산식품,HSK-MTI 연계표,553,4,D553,농수산식품
농수산식품,농수산,HSK-MTI 연계표,553,4,D553,농수산식품
농수산식품,수산,HSK-MTI 연계표,553,4,D553,농수산식품
농수산식품,식품,HSK-MTI 연계표,553,4,D553,농수산식품
농수산식품,농수산식품,HSK-MTI 연계표,554,4,D554,농수산식품
농수산식품,농수산,HSK-MTI 연계표,554,4,D554,농수산식품
농수산식품,수산,HSK-MTI 연계표,554,4,D554,농수산식품
농수산식품,식품,HSK-MTI 연계표,554,4,D554,농수산식품
농수산식품,농수산식품,HSK-MTI 연계표,555,4,D555,농수산식품
농수산식품,농수산,HSK-MTI 연계표,555,4,D555,농수산식품
농수산식품,수산,HSK-MTI 연계표,555,4,D555,농수산식품
농수산식품,식품,HSK-MTI 연계표,555,4,D555,농수산식품
농수산식품,농수산식품,HSK-MTI 연계표,556,4,D556,농수산식품
농수산식품,농수산,HSK-MTI 연계표,556,4,D556,농수산식품
농수산식품,수산,HSK-MTI 연계표,556,4,D556,농수산식품
농수산식품,식품,HSK-MTI 연계표,556,4,D556,농수산식품
농수산식품,농수산식품,HSK-MTI 연계표,557,4,D557,농수산식품
농수산식품,농수산,HSK-MTI 연계표,557,4,D557,농수산식품
농수산식품,수산,HSK-MTI 연계표,557,4,D557,농수산식품
농수산식품,식품,HSK-MTI 연계표,557,4,D557,농수산식품
농수산식품,농수산식품,HSK-MTI 연계표,558,4,D558,농수산식품
농수산식품,농수산,HSK-MTI 연계표,558,4,D558,농수산식품
농수산식품,수산,HSK-MTI 연계표,558,4,D558,농수산식품
농수산식품,식품,HSK-MTI 연계표,558,4,D558,농수산식품
농수산식품,농수산식품,HSK-MTI 연계표,559,4,D559,농수산식품
농수산식품,농수산,HSK-MTI 연계표,559,4,D559,농수산식품
농수산식품,수산,HSK-MTI 연계표,559,4,D559,농수산식품
농수산식품,식품,HSK-MTI 연계표,559,4,D559,농수산식품
농수산식품,농수산식품,HSK-MTI 연계표,560,4,D560,농수산식품
농수산식품,농수산,HSK-MTI 연계표,560,4,D560,농수산식품
농수산식품,수산,HSK-MTI 연계표,560,4,D560,농수산식품
농수산식품,식품,HSK-MTI 연계표,560,4,D560,농수산식품
농수산식품,농수산식품,HSK-MTI 연계표,561,4,D561,농수산식품
농수산식품,농수산,HSK-MTI 연계표,561,4,D561,농수산식품
농수산식품,수산,HSK-MTI 연계표,561,4,D561,농수산식품
농수산식품,식품,HSK-MTI 연계표,561,4,D561,농수산식품
농수산식품,농수산식품,HSK-MTI 연계표,562,4,D562,농수산식품
농수산식품,농수산,HSK-MTI 연계표,562,4,D562,농수산식품
농수산식품,수산,HSK-MTI 연계표,562,4,D562,농수산식품
농수산식품,식품,HSK-MTI 연계표,562,4,D562,농수산식품
농수산식품,농수산식품,HSK-MTI 연계표,563,4,D563,농수산식품
농수산식품,농수산,HSK-MTI 연계표,563,4,D563,농수산식품
농수산식품,수산,HSK-MTI 연계표,563,4,D563,농수산식품
농수산식품,식품,HSK-MTI 연계표,563,4,D563,농수산식품
농수산식품,농수산식품,HSK-MTI 연계표,564,4,D564,농수산식품
농수산식품,농수산,HSK-MTI 연계표,564,4,D564,농수산식품
농수산식품,수산,HSK-MTI 연계표,564,4,D564,농수산식품
농수산식품,식품,HSK-MTI 연계표,564,4,D564,농수산식품
농수산식품,농수산식품,HSK-MTI 연계표,565,4,D565,농수산식품
농수산식품,농수산,HSK-MTI 연계표,565,4,D565,농수산식품
농수산식품,수산,HSK-MTI 연계표,565,4,D565,농수산식품
농수산식품,식품,HSK-MTI 연계표,565,4,D565,농수산식품
농수산식품,농수산식품,HSK-MTI 연계표,566,4,D566,농수산식품
농수산식품,농수산,HSK-MTI 연계표,566,4,D566,농수산식품
농수산식품,수산,HSK-MTI 연계표,566,4,D566,농수산식품
농수산식품,식품,HSK-MTI 연계표,566,4,D566,농수산식품
농수산식품,농수산식품,HSK-MTI 연계표,567,4,D567,농수산식품
농수산식품,농수산,HSK-MTI 연계표,567,4,D567,농수산식품
농수산식품,수산,HSK-MTI 연계표,567,4,D567,농수산식품
농수산식품,식품,HSK-MTI 연계표,567,4,D567,농수산식품
농수산식품,농수산식품,HSK-MTI 연계표,568,4,D568,농수산식품
농수산식품,농수산,HSK-MTI 연계표,568,4,D568,농수산식품
농수산식품,수산,HSK-MTI 연계표,568,4,D568,농수산식품
농수산식품,식품,HSK-MTI 연계표,568,4,D568,농수산식품
농수산식품,농수산식품,HSK-MTI 연계표,569,4,D569,농수산식품
농수산식품,농수산,HSK-MTI 연계표,569,4,D569,농수산식품
농수산식품,수산,HSK-MTI 연계표,569,4,D569,농수산식품
농수산식품,식품,HSK-MTI 연계표,569,4,D569,농수산식품
농수산식품,농수산식품,HSK-MTI 연계표,570,4,D570,농수산식품
농수산식품,농수산,HSK-MTI 연계표,570,4,D570,농수산식품
농수산식품,수산,HSK-MTI 연계표,570,4,D570,농수산식품
농수산식품,식품,HSK-MTI 연계표,570,4,D570,농수산식품
농수산식품,농수산식품,HSK-MTI 연계표,571,4,D571,농수산식품
농수산식품,농수산,HSK-MTI 연계표,571,4,D571,농수산식품
농수산식품,수산,HSK-MTI 연계표,571,4,D571,농수산식품
농수산식품,식품,HSK-MTI 연계표,571,4,D571,농수산식품
농수산식품,농수산식품,HSK-MTI 연계표,572,4,D572,농수산식품
농수산식품,농수산,HSK-MTI 연계표,572,4,D572,농수산식품
농수산식품,수산,HSK-MTI 연계표,572,4,D572,농수산식품
농수산식품,식품,HSK-MTI 연계표,572,4,D572,농수산식품
농수산식품,농수산식품,HSK-MTI 연계표,573,4,D573,농수산식품
농수산식품,농수산,HSK-MTI 연계표,573,4,D573,농수산식품
농수산식품,수산,HSK-MTI 연계표,573,4,D573,농수산식품
농수산식품,식품,HSK-MTI 연계표,573,4,D573,농수산식품
농수산식품,농수산식품,HSK-MTI 연계표,574,4,D574,농수산식품
농수산식품,농수산,HSK-MTI 연계표,574,4,D574,농수산식품
농수산식품,수산,HSK-MTI 연계표,574,4,D574,농수산식품
농수산식품,식품,HSK-MTI 연계표,574,4,D574,농수산식품
농수산식품,농수산식품,HSK-MTI 연계표,575,4,D575,농수산식품
농수산식품,농수산,HSK-MTI 연계표,575,4,D575,농수산식품
농수산식품,수산,HSK-MTI 연계표,575,4,D575,농수산식품
농수산식품,식품,HSK-MTI 연계표,575,4,D575,농수산식품
농수산식품,농수산식품,HSK-MTI 연계표,576,4,D576,농수산식품
농수산식품,농수산,HSK-MTI 연계표,576,4,D576,농수산식품
농수산식품,수산,HSK-MTI 연계표,576,4,D576,농수산식품
농수산식품,식품,HSK-MTI 연계표,576,4,D576,농수산식품
농수산식품,농수산식품,HSK-MTI 연계표,577,4,D577,농수산식품
농수산식품,농수산,HSK-MTI 연계표,577,4,D577,농수산식품
농수산식품,수산,HSK-MTI 연계표,577,4,D577,농수산식품
농수산식품,식품,HSK-MTI 연계표,577,4,D577,농수산식품
농수산식품,농수산식품,HSK-MTI 연계표,578,4,D578,농수산식품
농수산식품,농수산,HSK-MTI 연계표,578,4,D578,농수산식품
농수산식품,수산,HSK-MTI 연계표,578,4,D578,농수산식품
농수산식품,식품,HSK-MTI 연계표,578,4,D578,농수산식품
농수산식품,농수산식품,HSK-MTI 연계표,579,4,D579,농수산식품
농수산식품,농수산,HSK-MTI 연계표,579,4,D579,농수산식품
농수산식품,수산,HSK-MTI 연계표,579,4,D579,농수산식품
농수산식품,식품,HSK-MTI 연계표,579,4,D579,농수산식품
농수산식품,농수산식품,HSK-MTI 연계표,580,4,D580,농수산식품
농수산식품,농수산,HSK-MTI 연계표,580,4,D580,농수산식품
농수산식품,수산,HSK-MTI 연계표,580,4,D580,농수산식품
농수산식품,식품,HSK-MTI 연계표,580,4,D580,농수산식품
농수산식품,농수산식품,HSK-MTI 연계표,581,4,D581,농수산식품
농수산식품,농수산,HSK-MTI 연계표,581,4,D581,농수산식품
농수산식품,수산,HSK-MTI 연계표,581,4,D581,농수산식품
농수산식품,식품,HSK-MTI 연계표,581,4,D581,농수산식품
농수산식품,농수산식품,HSK-MTI 연계표,582,4,D582,농수산식품
농수산식품,농수산,HSK-MTI 연계표,582,4,D582,농수산식품
농수산식품,수산,HSK-MTI 연계표,582,4,D582,농수산식품
농수산식품,식품,HSK-MTI 연계표,582,4,D582,농수산식품
농수산식품,농수산식품,HSK-MTI 연계표,583,4,D583,농수산식품
농수산식품,농수산,HSK-MTI 연계표,583,4,D583,농수산식품
농수산식품,수산,HSK-MTI 연계표,583,4,D583,농수산식품
농수산식품,식품,HSK-MTI 연계표,583,4,D583,농수산식품
농수산식품,농수산식품,HSK-MTI 연계표,584,4,D584,농수산식품
농수산식품,농수산,HSK-MTI 연계표,584,4,D584,농수산식품
농수산식품,수산,HSK-MTI 연계표,584,4,D584,농수산식품
농수산식품,식품,HSK-MTI 연계표,584,4,D584,농수산식품
농수산식품,농수산식품,HSK-MTI 연계표,585,4,D585,농수산식품
농수산식품,농수산,HSK-MTI 연계표,585,4,D585,농수산식품
농수산식품,수산,HSK-MTI 연계표,585,4,D585,농수산식품
농수산식품,식품,HSK-MTI 연계표,585,4,D585,농수산식품
농수산식품,농수산식품,HSK-MTI 연계표,586,4,D586,농수산식품
농수산식품,농수산,HSK-MTI 연계표,586,4,D586,농수산식품
농수산식품,수산,HSK-MTI 연계표,586,4,D586,농수산식품
농수산식품,식품,HSK-MTI 연계표,586,4,D586,농수산식품
농수산식품,농수산식품,HSK-MTI 연계표,587,4,D587,농수산식품
농수산식품,농수산,HSK-MTI 연계표,587,4,D587,농수산식품
농수산식품,수산,HSK-MTI 연계표,587,4,D587,농수산식품
농수산식품,식품,HSK-MTI 연계표,587,4,D587,농수산식품
농수산식품,농수산식품,HSK-MTI 연계표,588,4,D588,농수산식품
농수산식품,농수산,HSK-MTI 연계표,588,4,D588,농수산식품
농수산식품,수산,HSK-MTI 연계표,588,4,D588,농수산식품
농수산식품,식품,HSK-MTI 연계표,588,4,D588,농수산식품
농수산식품,농수산식품,HSK-MTI 연계표,589,4,D589,농수산식품
농수산식품,농수산,HSK-MTI 연계표,589,4,D589,농수산식품
농수산식품,수산,HSK-MTI 연계표,589,4,D589,농수산식품
농수산식품,식품,HSK-MTI 연계표,589,4,D589,농수산식품
농수산식품,농수산식품,HSK-MTI 연계표,590,4,D590,농수산식품
농수산식품,농수산,HSK-MTI 연계표,590,4,D590,농수산식품
농수산식품,수산,HSK-MTI 연계표,590,4,D590,농수산식품
농수산식품,식품,HSK-MTI 연계표,590,4,D590,농수산식품
농수산식품,농수산식품,HSK-MTI 연계표,591,4,D591,농수산식품
농수산식품,농수산,HSK-MTI 연계표,591,4,D591,농수산식품
농수산식품,수산,HSK-MTI 연계표,591,4,D591,농수산식품
농수산식품,식품,HSK-MTI 연계표,591,4,D591,농수산식품
농수산식품,농수산식품,HSK-MTI 연계표,592,4,D592,농수산식품
농수산식품,농수산,HSK-MTI 연계표,592,4,D592,농수산식품
농수산식품,수산,HSK-MTI 연계표,592,4,D592,농수산식품
농수산식품,식품,HSK-MTI 연계표,592,4,D592,농수산식품
농수산식품,농수산식품,HSK-MTI 연계표,593,4,D593,농수산식품
농수산식품,농수산,HSK-MTI 연계표,593,4,D593,농수산식품
농수산식품,수산,HSK-MTI 연계표,593,4,D593,농수산식품
농수산식품,식품,HSK-MTI 연계표,593,4,D593,농수산식품
농수산식품,농수산식품,HSK-MTI 연계표,594,4,D594,농수산식품
농수산식품,농수산,HSK-MTI 연계표,594,4,D594,농수산식품
농수산식품,수산,HSK-MTI 연계표,594,4,D594,농수산식품
농수산식품,식품,HSK-MTI 연계표,594,4,D594,농수산식품
농수산식품,농수산식품,HSK-MTI 연계표,595,4,D595,농수산식품
농수산식품,농수산,HSK-MTI 연계표,595,4,D595,농수산식품
농수산식품,수산,HSK-MTI 연계표,595,4,D595,농수산식품
농수산식품,식품,HSK-MTI 연계표,595,4,D595,농수산식품
농수산식품,농수산식품,HSK-MTI 연계표,596,4,D596,농수산식품
농수산식품,농수산,HSK-MTI 연계표,596,4,D596,농수산식품
농수산식품,수산,HSK-MTI 연계표,596,4,D596,농수산식품
농수산식품,식품,HSK-MTI 연계표,596,4,D596,농수산식품
농수산식품,농수산식품,HSK-MTI 연계표,597,4,D597,농수산식품
농수산식품,농수산,HSK-MTI 연계표,597,4,D597,농수산식품
농수산식품,수산,HSK-MTI 연계표,597,4,D597,농수산식품
농수산식품,식품,HSK-MTI 연계표,597,4,D597,농수산식품
농수산식품,농수산식품,HSK-MTI 연계표,598,4,D598,농수산식품
농수산식품,농수산,HSK-MTI 연계표,598,4,D598,농수산식품
농수산식품,수산,HSK-MTI 연계표,598,4,D598,농수산식품
농수산식품,식품,HSK-MTI 연계표,598,4,D598,농수산식품
농수산식품,농수산식품,HSK-MTI 연계표,599,4,D599,농수산식품
농수산식품,농수산,HSK-MTI 연계표,599,4,D599,농수산식품
농수산식품,수산,HSK-MTI 연계표,599,4,D599,농수산식품
농수산식품,식품,HSK-MTI 연계표,599,4,D599,농수산식품
농수산식품,농수산식품,HSK-MTI 연계표,600,4,D600,농수산식품
농수산식품,농수산,HSK-MTI 연계표,600,4,D600,농수산식품
농수산식품,수산,HSK-MTI 연계표,600,4,D600,농수산식품
농수산식품,식품,HSK-MTI 연계표,600,4,D600,농수산식품
농수산식품,농수산식품,HSK-MTI 연계표,601,4,D601,농수산식품
농수산식품,농수산,HSK-MTI 연계표,601,4,D601,농수산식품
농수산식품,수산,HSK-MTI 연계표,601,4,D601,농수산식품
농수산식품,식품,HSK-MTI 연계표,601,4,D601,농수산식품
농수산식품,농수산식품,HSK-MTI 연계표,602,4,D602,농수산식품
농수산식품,농수산,HSK-MTI 연계표,602,4,D602,농수산식품
농수산식품,수산,HSK-MTI 연계표,602,4,D602,농수산식품
농수산식품,식품,HSK-MTI 연계표,602,4,D602,농수산식품
농수산식품,농수산식품,HSK-MTI 연계표,603,4,D603,농수산식품
농수산식품,농수산,HSK-MTI 연계표,603,4,D603,농수산식품
농수산식품,수산,HSK-MTI 연계표,603,4,D603,농수산식품
농수산식품,식품,HSK-MTI 연계표,603,4,D603,농수산식품
농수산식품,농수산식품,HSK-MTI 연계표,604,4,D604,농수산식품
농수산식품,농수산,HSK-MTI 연계표,604,4,D604,농수산식품
농수산식품,수산,HSK-MTI 연계표,604,4,D604,농수산식품
농수산식품,식품,HSK-MTI 연계표,604,4,D604,농수산식품
농수산식품,농수산식품,HSK-MTI 연계표,605,4,D605,농수산식품
농수산식품,농수산,HSK-MTI 연계표,605,4,D605,농수산식품
농수산식품,수산,HSK-MTI 연계표,605,4,D605,농수산식품
농수산식품,식품,HSK-MTI 연계표,605,4,D605,농수산식품
농수산식품,농수산식품,HSK-MTI 연계표,606,4,D606,농수산식품
농수산식품,농수산,HSK-MTI 연계표,606,4,D606,농수산식품
농수산식품,수산,HSK-MTI 연계표,606,4,D606,농수산식품
농수산식품,식품,HSK-MTI 연계표,606,4,D606,농수산식품
농수산식품,농수산식품,HSK-MTI 연계표,607,4,D607,농수산식품
농수산식품,농수산,HSK-MTI 연계표,607,4,D607,농수산식품
농수산식품,수산,HSK-MTI 연계표,607,4,D607,농수산식품
농수산식품,식품,HSK-MTI 연계표,607,4,D607,농수산식품
농수산식품,농수산식품,HSK-MTI 연계표,608,4,D608,농수산식품
농수산식품,농수산,HSK-MTI 연계표,608,4,D608,농수산식품
농수산식품,수산,HSK-MTI 연계표,608,4,D608,농수산식품
농수산식품,식품,HSK-MTI 연계표,608,4,D608,농수산식품
농수산식품,농수산식품,HSK-MTI 연계표,609,4,D609,농수산식품
농수산식품,농수산,HSK-MTI 연계표,609,4,D609,농수산식품
농수산식품,수산,HSK-MTI 연계표,609,4,D609,농수산식품
농수산식품,식품,HSK-MTI 연계표,609,4,D609,농수산식품
농수산식품,농수산식품,HSK-MTI 연계표,610,4,D610,농수산식품
농수산식품,농수산,HSK-MTI 연계표,610,4,D610,농수산식품
농수산식품,수산,HSK-MTI 연계표,610,4,D610,농수산식품
농수산식품,식품,HSK-MTI 연계표,610,4,D610,농수산식품
농수산식품,농수산식품,HSK-MTI 연계표,611,4,D611,농수산식품
농수산식품,농수산,HSK-MTI 연계표,611,4,D611,농수산식품
농수산식품,수산,HSK-MTI 연계표,611,4,D611,농수산식품
농수산식품,식품,HSK-MTI 연계표,611,4,D611,농수산식품
농수산식품,농수산식품,HSK-MTI 연계표,612,4,D612,농수산식품
농수산식품,농수산,HSK-MTI 연계표,612,4,D612,농수산식품
농수산식품,수산,HSK-MTI 연계표,612,4,D612,농수산식품
농수산식품,식품,HSK-MTI 연계표,612,4,D612,농수산식품
농수산식품,농수산식품,HSK-MTI 연계표,613,4,D613,농수산식품
농수산식품,농수산,HSK-MTI 연계표,613,4,D613,농수산식품
농수산식품,수산,HSK-MTI 연계표,613,4,D613,농수산식품
농수산식품,식품,HSK-MTI 연계표,613,4,D613,농수산식품
농수산식품,농수산식품,HSK-MTI 연계표,614,4,D614,농수산식품
농수산식품,농수산,HSK-MTI 연계표,614,4,D614,농수산식품
농수산식품,수산,HSK-MTI 연계표,614,4,D614,농수산식품
농수산식품,식품,HSK-MTI 연계표,614,4,D614,농수산식품
농수산식품,농수산식품,HSK-MTI 연계표,615,4,D615,농수산식품
농수산식품,농수산,HSK-MTI 연계표,615,4,D615,농수산식품
농수산식품,수산,HSK-MTI 연계표,615,4,D615,농수산식품
농수산식품,식품,HSK-MTI 연계표,615,4,D615,농수산식품
농수산식품,농수산식품,HSK-MTI 연계표,616,4,D616,농수산식품
농수산식품,농수산,HSK-MTI 연계표,616,4,D616,농수산식품
농수산식품,수산,HSK-MTI 연계표,616,4,D616,농수산식품
농수산식품,식품,HSK-MTI 연계표,616,4,D616,농수산식품
농수산식품,농수산식품,HSK-MTI 연계표,617,4,D617,농수산식품
농수산식품,농수산,HSK-MTI 연계표,617,4,D617,농수산식품
농수산식품,수산,HSK-MTI 연계표,617,4,D617,농수산식품
농수산식품,식품,HSK-MTI 연계표,617,4,D617,농수산식품
농수산식품,농수산식품,HSK-MTI 연계표,618,4,D618,농수산식품
농수산식품,농수산,HSK-MTI 연계표,618,4,D618,농수산식품
농수산식품,수산,HSK-MTI 연계표,618,4,D618,농수산식품
농수산식품,식품,HSK-MTI 연계표,618,4,D618,농수산식품
농수산식품,농수산식품,HSK-MTI 연계표,619,4,D619,농수산식품
농수산식품,농수산,HSK-MTI 연계표,619,4,D619,농수산식품
농수산식품,수산,HSK-MTI 연계표,619,4,D619,농수산식품
농수산식품,식품,HSK-MTI 연계표,619,4,D619,농수산식품
농수산식품,농수산식품,HSK-MTI 연계표,620,4,D620,농수산식품
농수산식품,농수산,HSK-MTI 연계표,620,4,D620,농수산식품
농수산식품,수산,HSK-MTI 연계표,620,4,D620,농수산식품
농수산식품,식품,HSK-MTI 연계표,620,4,D620,농수산식품
농수산식품,농수산식품,HSK-MTI 연계표,621,4,D621,농수산식품
농수산식품,농수산,HSK-MTI 연계표,621,4,D621,농수산식품
농수산식품,수산,HSK-MTI 연계표,621,4,D621,농수산식품
농수산식품,식품,HSK-MTI 연계표,621,4,D621,농수산식품
농수산식품,농수산식품,HSK-MTI 연계표,622,4,D622,농수산식품
농수산식품,농수산,HSK-MTI 연계표,622,4,D622,농수산식품
농수산식품,수산,HSK-MTI 연계표,622,4,D622,농수산식품
농수산식품,식품,HSK-MTI 연계표,622,4,D622,농수산식품
농수산식품,농수산식품,HSK-MTI 연계표,623,4,D623,농수산식품
농수산식품,농수산,HSK-MTI 연계표,623,4,D623,농수산식품
농수산식품,수산,HSK-MTI 연계표,623,4,D623,농수산식품
농수산식품,식품,HSK-MTI 연계표,623,4,D623,농수산식품
농수산식품,농수산식품,HSK-MTI 연계표,624,4,D624,농수산식품
농수산식품,농수산,HSK-MTI 연계표,624,4,D624,농수산식품
농수산식품,수산,HSK-MTI 연계표,624,4,D624,농수산식품
농수산식품,식품,HSK-MTI 연계표,624,4,D624,농수산식품
농수산식품,농수산식품,HSK-MTI 연계표,625,4,D625,농수산식품
농수산식품,농수산,HSK-MTI 연계표,625,4,D625,농수산식품
농수산식품,수산,HSK-MTI 연계표,625,4,D625,농수산식품
농수산식품,식품,HSK-MTI 연계표,625,4,D625,농수산식품
농수산식품,농수산식품,HSK-MTI 연계표,626,4,D626,농수산식품
농수산식품,농수산,HSK-MTI 연계표,626,4,D626,농수산식품
농수산식품,수산,HSK-MTI 연계표,626,4,D626,농수산식품
농수산식품,식품,HSK-MTI 연계표,626,4,D626,농수산식품
농수산식품,농수산식품,HSK-MTI 연계표,627,4,D627,농수산식품
농수산식품,농수산,HSK-MTI 연계표,627,4,D627,농수산식품
농수산식품,수산,HSK-MTI 연계표,627,4,D627,농수산식품
농수산식품,식품,HSK-MTI 연계표,627,4,D627,농수산식품
농수산식품,농수산식품,HSK-MTI 연계표,628,4,D628,농수산식품
농수산식품,농수산,HSK-MTI 연계표,628,4,D628,농수산식품
농수산식품,수산,HSK-MTI 연계표,628,4,D628,농수산식품
농수산식품,식품,HSK-MTI 연계표,628,4,D628,농수산식품
농수산식품,농수산식품,HSK-MTI 연계표,629,4,D629,농수산식품
농수산식품,농수산,HSK-MTI 연계표,629,4,D629,농수산식품
농수산식품,수산,HSK-MTI 연계표,629,4,D629,농수산식품
농수산식품,식품,HSK-MTI 연계표,629,4,D629,농수산식품
농수산식품,농수산식품,HSK-MTI 연계표,630,4,D630,농수산식품
농수산식품,농수산,HSK-MTI 연계표,630,4,D630,농수산식품
농수산식품,수산,HSK-MTI 연계표,630,4,D630,농수산식품
농수산식품,식품,HSK-MTI 연계표,630,4,D630,농수산식품
농수산식품,농수산식품,HSK-MTI 연계표,631,4,D631,농수산식품
농수산식품,농수산,HSK-MTI 연계표,631,4,D631,농수산식품
농수산식품,수산,HSK-MTI 연계표,631,4,D631,농수산식품
농수산식품,식품,HSK-MTI 연계표,631,4,D631,농수산식품
농수산식품,농수산식품,HSK-MTI 연계표,632,4,D632,농수산식품
농수산식품,농수산,HSK-MTI 연계표,632,4,D632,농수산식품
농수산식품,수산,HSK-MTI 연계표,632,4,D632,농수산식품
농수산식품,식품,HSK-MTI 연계표,632,4,D632,농수산식품
농수산식품,농수산식품,HSK-MTI 연계표,633,4,D633,농수산식품
농수산식품,농수산,HSK-MTI 연계표,633,4,D633,농수산식품
농수산식품,수산,HSK-MTI 연계표,633,4,D633,농수산식품
농수산식품,식품,HSK-MTI 연계표,633,4,D633,농수산식품
농수산식품,농수산식품,HSK-MTI 연계표,634,4,D634,농수산식품
농수산식품,농수산,HSK-MTI 연계표,634,4,D634,농수산식품
농수산식품,수산,HSK-MTI 연계표,634,4,D634,농수산식품
농수산식품,식품,HSK-MTI 연계표,634,4,D634,농수산식품
농수산식품,농수산식품,HSK-MTI 연계표,635,4,D635,농수산식품
농수산식품,농수산,HSK-MTI 연계표,635,4,D635,농수산식품
농수산식품,수산,HSK-MTI 연계표,635,4,D635,농수산식품
농수산식품,식품,HSK-MTI 연계표,635,4,D635,농수산식품
농수산식품,농수산식품,HSK-MTI 연계표,636,4,D636,농수산식품
농수산식품,농수산,HSK-MTI 연계표,636,4,D636,농수산식품
농수산식품,수산,HSK-MTI 연계표,636,4,D636,농수산식품
농수산식품,식품,HSK-MTI 연계표,636,4,D636,농수산식품
농수산식품,농수산식품,HSK-MTI 연계표,637,4,D637,농수산식품
농수산식품,농수산,HSK-MTI 연계표,637,4,D637,농수산식품
농수산식품,수산,HSK-MTI 연계표,637,4,D637,농수산식품
농수산식품,식품,HSK-MTI 연계표,637,4,D637,농수산식품
농수산식품,농수산식품,HSK-MTI 연계표,638,4,D638,농수산식품
농수산식품,농수산,HSK-MTI 연계표,638,4,D638,농수산식품
농수산식품,수산,HSK-MTI 연계표,638,4,D638,농수산식품
농수산식품,식품,HSK-MTI 연계표,638,4,D638,농수산식품
농수산식품,농수산식품,HSK-MTI 연계표,639,4,D639,농수산식품
농수산식품,농수산,HSK-MTI 연계표,639,4,D639,농수산식품
농수산식품,수산,HSK-MTI 연계표,639,4,D639,농수산식품
농수산식품,식품,HSK-MTI 연계표,639,4,D639,농수산식품
농수산식품,농수산식품,HSK-MTI 연계표,640,4,D640,농수산식품
농수산식품,농수산,HSK-MTI 연계표,640,4,D640,농수산식품
농수산식품,수산,HSK-MTI 연계표,640,4,D640,농수산식품
농수산식품,식품,HSK-MTI 연계표,640,4,D640,농수산식품
농수산식품,농수산식품,HSK-MTI 연계표,641,4,D641,농수산식품
농수산식품,농수산,HSK-MTI 연계표,641,4,D641,농수산식품
농수산식품,수산,HSK-MTI 연계표,641,4,D641,농수산식품
농수산식품,식품,HSK-MTI 연계표,641,4,D641,농수산식품
농수산식품,농수산식품,HSK-MTI 연계표,642,4,D642,농수산식품
농수산식품,농수산,HSK-MTI 연계표,642,4,D642,농수산식품
농수산식품,수산,HSK-MTI 연계표,642,4,D642,농수산식품
농수산식품,식품,HSK-MTI 연계표,642,4,D642,농수산식품
농수산식품,농수산식품,HSK-MTI 연계표,643,4,D643,농수산식품
농수산식품,농수산,HSK-MTI 연계표,643,4,D643,농수산식품
농수산식품,수산,HSK-MTI 연계표,643,4,D643,농수산식품
농수산식품,식품,HSK-MTI 연계표,643,4,D643,농수산식품
농수산식품,농수산식품,HSK-MTI 연계표,644,4,D644,농수산식품
농수산식품,농수산,HSK-MTI 연계표,644,4,D644,농수산식품
농수산식품,수산,HSK-MTI 연계표,644,4,D644,농수산식품
농수산식품,식품,HSK-MTI 연계표,644,4,D644,농수산식품
농수산식품,농수산식품,HSK-MTI 연계표,645,4,D645,농수산식품
농수산식품,농수산,HSK-MTI 연계표,645,4,D645,농수산식품
농수산식품,수산,HSK-MTI 연계표,645,4,D645,농수산식품
농수산식품,식품,HSK-MTI 연계표,645,4,D645,농수산식품
농수산식품,농수산식품,HSK-MTI 연계표,646,4,D646,농수산식품
농수산식품,농수산,HSK-MTI 연계표,646,4,D646,농수산식품
농수산식품,수산,HSK-MTI 연계표,646,4,D646,농수산식품
농수산식품,식품,HSK-MTI 연계표,646,4,D646,농수산식품
농수산식품,농수산식품,HSK-MTI 연계표,647,4,D647,농수산식품
농수산식품,농수산,HSK-MTI 연계표,647,4,D647,농수산식품
농수산식품,수산,HSK-MTI 연계표,647,4,D647,농수산식품
농수산식품,식품,HSK-MTI 연계표,647,4,D647,농수산식품
농수산식품,농수산식품,HSK-MTI 연계표,648,4,D648,농수산식품
농수산식품,농수산,HSK-MTI 연계표,648,4,D648,농수산식품
농수산식품,수산,HSK-MTI 연계표,648,4,D648,농수산식품
농수산식품,식품,HSK-MTI 연계표,648,4,D648,농수산식품
농수산식품,농수산식품,HSK-MTI 연계표,649,4,D649,농수산식품
농수산식품,농수산,HSK-MTI 연계표,649,4,D649,농수산식품
농수산식품,수산,HSK-MTI 연계표,649,4,D649,농수산식품
농수산식품,식품,HSK-MTI 연계표,649,4,D649,농수산식품
농수산식품,농수산식품,HSK-MTI 연계표,650,4,D650,농수산식품
농수산식품,농수산,HSK-MTI 연계표,650,4,D650,농수산식품
농수산식품,수산,HSK-MTI 연계표,650,4,D650,농수산식품
농수산식품,식품,HSK-MTI 연계표,650,4,D650,농수산식품
농수산식품,농수산식품,HSK-MTI 연계표,651,4,D651,농수산식품
농수산식품,농수산,HSK-MTI 연계표,651,4,D651,농수산식품
농수산식품,수산,HSK-MTI 연계표,651,4,D651,농수산식품
농수산식품,식품,HSK-MTI 연계표,651,4,D651,농수산식품
농수산식품,농수산식품,HSK-MTI 연계표,652,4,D652,농수산식품
농수산식품,농수산,HSK-MTI 연계표,652,4,D652,농수산식품
농수산식품,수산,HSK-MTI 연계표,652,4,D652,농수산식품
농수산식품,식품,HSK-MTI 연계표,652,4,D652,농수산식품
농수산식품,농수산식품,HSK-MTI 연계표,653,4,D653,농수산식품
농수산식품,농수산,HSK-MTI 연계표,653,4,D653,농수산식품
농수산식품,수산,HSK-MTI 연계표,653,4,D653,농수산식품
농수산식품,식품,HSK-MTI 연계표,653,4,D653,농수산식품
농수산식품,농수산식품,HSK-MTI 연계표,654,4,D654,농수산식품
농수산식품,농수산,HSK-MTI 연계표,654,4,D654,농수산식품
농수산식품,수산,HSK-MTI 연계표,654,4,D654,농수산식품
농수산식품,식품,HSK-MTI 연계표,654,4,D654,농수산식품
농수산식품,농수산식품,HSK-MTI 연계표,655,4,D655,농수산식품
농수산식품,농수산,HSK-MTI 연계표,655,4,D655,농수산식품
농수산식품,수산,HSK-MTI 연계표,655,4,D655,농수산식품
농수산식품,식품,HSK-MTI 연계표,655,4,D655,농수산식품
농수산식품,농수산식품,HSK-MTI 연계표,656,4,D656,농수산식품
농수산식품,농수산,HSK-MTI 연계표,656,4,D656,농수산식품
농수산식품,수산,HSK-MTI 연계표,656,4,D656,농수산식품
농수산식품,식품,HSK-MTI 연계표,656,4,D656,농수산식품
농수산식품,농수산식품,HSK-MTI 연계표,657,4,D657,농수산식품
농수산식품,농수산,HSK-MTI 연계표,657,4,D657,농수산식품
농수산식품,수산,HSK-MTI 연계표,657,4,D657,농수산식품
농수산식품,식품,HSK-MTI 연계표,657,4,D657,농수산식품
농수산식품,농수산식품,HSK-MTI 연계표,658,4,D658,농수산식품
농수산식품,농수산,HSK-MTI 연계표,658,4,D658,농수산식품
농수산식품,수산,HSK-MTI 연계표,658,4,D658,농수산식품
농수산식품,식품,HSK-MTI 연계표,658,4,D658,농수산식품
농수산식품,농수산식품,HSK-MTI 연계표,659,4,D659,농수산식품
농수산식품,농수산,HSK-MTI 연계표,659,4,D659,농수산식품
농수산식품,수산,HSK-MTI 연계표,659,4,D659,농수산식품
농수산식품,식품,HSK-MTI 연계표,659,4,D659,농수산식품
농수산식품,농수산식품,HSK-MTI 연계표,660,4,D660,농수산식품
농수산식품,농수산,HSK-MTI 연계표,660,4,D660,농수산식품
농수산식품,수산,HSK-MTI 연계표,660,4,D660,농수산식품
농수산식품,식품,HSK-MTI 연계표,660,4,D660,농수산식품
농수산식품,농수산식품,HSK-MTI 연계표,661,4,D661,농수산식품
농수산식품,농수산,HSK-MTI 연계표,661,4,D661,농수산식품
농수산식품,수산,HSK-MTI 연계표,661,4,D661,농수산식품
농수산식품,식품,HSK-MTI 연계표,661,4,D661,농수산식품
농수산식품,농수산식품,HSK-MTI 연계표,662,4,D662,농수산식품
농수산식품,농수산,HSK-MTI 연계표,662,4,D662,농수산식품
농수산식품,수산,HSK-MTI 연계표,662,4,D662,농수산식품
농수산식품,식품,HSK-MTI 연계표,662,4,D662,농수산식품
농수산식품,농수산식품,HSK-MTI 연계표,663,4,D663,농수산식품
농수산식품,농수산,HSK-MTI 연계표,663,4,D663,농수산식품
농수산식품,수산,HSK-MTI 연계표,663,4,D663,농수산식품
농수산식품,식품,HSK-MTI 연계표,663,4,D663,농수산식품
농수산식품,농수산식품,HSK-MTI 연계표,664,4,D664,농수산식품
농수산식품,농수산,HSK-MTI 연계표,664,4,D664,농수산식품
농수산식품,수산,HSK-MTI 연계표,664,4,D664,농수산식품
농수산식품,식품,HSK-MTI 연계표,664,4,D664,농수산식품
농수산식품,농수산식품,HSK-MTI 연계표,665,4,D665,농수산식품
농수산식품,농수산,HSK-MTI 연계표,665,4,D665,농수산식품
농수산식품,수산,HSK-MTI 연계표,665,4,D665,농수산식품
농수산식품,식품,HSK-MTI 연계표,665,4,D665,농수산식품
농수산식품,농수산식품,HSK-MTI 연계표,666,4,D666,농수산식품
농수산식품,농수산,HSK-MTI 연계표,666,4,D666,농수산식품
농수산식품,수산,HSK-MTI 연계표,666,4,D666,농수산식품
농수산식품,식품,HSK-MTI 연계표,666,4,D666,농수산식품
농수산식품,농수산식품,HSK-MTI 연계표,667,4,D667,농수산식품
농수산식품,농수산,HSK-MTI 연계표,667,4,D667,농수산식품
농수산식품,수산,HSK-MTI 연계표,667,4,D667,농수산식품
농수산식품,식품,HSK-MTI 연계표,667,4,D667,농수산식품
농수산식품,농수산식품,HSK-MTI 연계표,668,4,D668,농수산식품
농수산식품,농수산,HSK-MTI 연계표,668,4,D668,농수산식품
농수산식품,수산,HSK-MTI 연계표,668,4,D668,농수산식품
농수산식품,식품,HSK-MTI 연계표,668,4,D668,농수산식품
농수산식품,농수산식품,HSK-MTI 연계표,669,4,D669,농수산식품
농수산식품,농수산,HSK-MTI 연계표,669,4,D669,농수산식품
농수산식품,수산,HSK-MTI 연계표,669,4,D669,농수산식품
농수산식품,식품,HSK-MTI 연계표,669,4,D669,농수산식품
농수산식품,농수산식품,HSK-MTI 연계표,670,4,D670,농수산식품
농수산식품,농수산,HSK-MTI 연계표,670,4,D670,농수산식품
농수산식품,수산,HSK-MTI 연계표,670,4,D670,농수산식품
농수산식품,식품,HSK-MTI 연계표,670,4,D670,농수산식품
농수산식품,농수산식품,HSK-MTI 연계표,671,4,D671,농수산식품
농수산식품,농수산,HSK-MTI 연계표,671,4,D671,농수산식품
농수산식품,수산,HSK-MTI 연계표,671,4,D671,농수산식품
농수산식품,식품,HSK-MTI 연계표,671,4,D671,농수산식품
농수산식품,농수산식품,HSK-MTI 연계표,672,4,D672,농수산식품
농수산식품,농수산,HSK-MTI 연계표,672,4,D672,농수산식품
농수산식품,수산,HSK-MTI 연계표,672,4,D672,농수산식품
농수산식품,식품,HSK-MTI 연계표,672,4,D672,농수산식품
농수산식품,농수산식품,HSK-MTI 연계표,673,4,D673,농수산식품
농수산식품,농수산,HSK-MTI 연계표,673,4,D673,농수산식품
농수산식품,수산,HSK-MTI 연계표,673,4,D673,농수산식품
농수산식품,식품,HSK-MTI 연계표,673,4,D673,농수산식품
농수산식품,농수산식품,HSK-MTI 연계표,674,4,D674,농수산식품
농수산식품,농수산,HSK-MTI 연계표,674,4,D674,농수산식품
농수산식품,수산,HSK-MTI 연계표,674,4,D674,농수산식품
농수산식품,식품,HSK-MTI 연계표,674,4,D674,농수산식품
농수산식품,농수산식품,HSK-MTI 연계표,675,4,D675,농수산식품
농수산식품,농수산,HSK-MTI 연계표,675,4,D675,농수산식품
농수산식품,수산,HSK-MTI 연계표,675,4,D675,농수산식품
농수산식품,식품,HSK-MTI 연계표,675,4,D675,농수산식품
농수산식품,농수산식품,HSK-MTI 연계표,676,4,D676,농수산식품
농수산식품,농수산,HSK-MTI 연계표,676,4,D676,농수산식품
농수산식품,수산,HSK-MTI 연계표,676,4,D676,농수산식품
농수산식품,식품,HSK-MTI 연계표,676,4,D676,농수산식품
농수산식품,농수산식품,HSK-MTI 연계표,677,4,D677,농수산식품
농수산식품,농수산,HSK-MTI 연계표,677,4,D677,농수산식품
농수산식품,수산,HSK-MTI 연계표,677,4,D677,농수산식품
농수산식품,식품,HSK-MTI 연계표,677,4,D677,농수산식품
농수산식품,농수산식품,HSK-MTI 연계표,678,4,D678,농수산식품
농수산식품,농수산,HSK-MTI 연계표,678,4,D678,농수산식품
농수산식품,수산,HSK-MTI 연계표,678,4,D678,농수산식품
농수산식품,식품,HSK-MTI 연계표,678,4,D678,농수산식품
농수산식품,농수산식품,HSK-MTI 연계표,679,4,D679,농수산식품
농수산식품,농수산,HSK-MTI 연계표,679,4,D679,농수산식품
농수산식품,수산,HSK-MTI 연계표,679,4,D679,농수산식품
농수산식품,식품,HSK-MTI 연계표,679,4,D679,농수산식품
농수산식품,농수산식품,HSK-MTI 연계표,680,4,D680,농수산식품
농수산식품,농수산,HSK-MTI 연계표,680,4,D680,농수산식품
농수산식품,수산,HSK-MTI 연계표,680,4,D680,농수산식품
농수산식품,식품,HSK-MTI 연계표,680,4,D680,농수산식품
농수산식품,농수산식품,HSK-MTI 연계표,681,4,D681,농수산식품
농수산식품,농수산,HSK-MTI 연계표,681,4,D681,농수산식품
농수산식품,수산,HSK-MTI 연계표,681,4,D681,농수산식품
농수산식품,식품,HSK-MTI 연계표,681,4,D681,농수산식품
농수산식품,농수산식품,HSK-MTI 연계표,682,4,D682,농수산식품
농수산식품,농수산,HSK-MTI 연계표,682,4,D682,농수산식품
농수산식품,수산,HSK-MTI 연계표,682,4,D682,농수산식품
농수산식품,식품,HSK-MTI 연계표,682,4,D682,농수산식품
농수산식품,농수산식품,HSK-MTI 연계표,683,4,D683,농수산식품
농수산식품,농수산,HSK-MTI 연계표,683,4,D683,농수산식품
농수산식품,수산,HSK-MTI 연계표,683,4,D683,농수산식품
농수산식품,식품,HSK-MTI 연계표,683,4,D683,농수산식품
농수산식품,농수산식품,HSK-MTI 연계표,684,4,D684,농수산식품
농수산식품,농수산,HSK-MTI 연계표,684,4,D684,농수산식품
농수산식품,수산,HSK-MTI 연계표,684,4,D684,농수산식품
농수산식품,식품,HSK-MTI 연계표,684,4,D684,농수산식품
농수산식품,농수산식품,HSK-MTI 연계표,685,4,D685,농수산식품
농수산식품,농수산,HSK-MTI 연계표,685,4,D685,농수산식품
농수산식품,수산,HSK-MTI 연계표,685,4,D685,농수산식품
농수산식품,식품,HSK-MTI 연계표,685,4,D685,농수산식품
농수산식품,농수산식품,HSK-MTI 연계표,686,4,D686,농수산식품
농수산식품,농수산,HSK-MTI 연계표,686,4,D686,농수산식품
농수산식품,수산,HSK-MTI 연계표,686,4,D686,농수산식품
농수산식품,식품,HSK-MTI 연계표,686,4,D686,농수산식품
농수산식품,농수산식품,HSK-MTI 연계표,687,4,D687,농수산식품
농수산식품,농수산,HSK-MTI 연계표,687,4,D687,농수산식품
농수산식품,수산,HSK-MTI 연계표,687,4,D687,농수산식품
농수산식품,식품,HSK-MTI 연계표,687,4,D687,농수산식품
농수산식품,농수산식품,HSK-MTI 연계표,688,4,D688,농수산식품
농수산식품,농수산,HSK-MTI 연계표,688,4,D688,농수산식품
농수산식품,수산,HSK-MTI 연계표,688,4,D688,농수산식품
농수산식품,식품,HSK-MTI 연계표,688,4,D688,농수산식품
농수산식품,농수산식품,HSK-MTI 연계표,689,4,D689,농수산식품
농수산식품,농수산,HSK-MTI 연계표,689,4,D689,농수산식품
농수산식품,수산,HSK-MTI 연계표,689,4,D689,농수산식품
농수산식품,식품,HSK-MTI 연계표,689,4,D689,농수산식품
농수산식품,농수산식품,HSK-MTI 연계표,690,4,D690,농수산식품
농수산식품,농수산,HSK-MTI 연계표,690,4,D690,농수산식품
농수산식품,수산,HSK-MTI 연계표,690,4,D690,농수산식품
농수산식품,식품,HSK-MTI 연계표,690,4,D690,농수산식품
농수산식품,농수산식품,HSK-MTI 연계표,691,4,D691,농수산식품
농수산식품,농수산,HSK-MTI 연계표,691,4,D691,농수산식품
농수산식품,수산,HSK-MTI 연계표,691,4,D691,농수산식품
농수산식품,식품,HSK-MTI 연계표,691,4,D691,농수산식품
농수산식품,농수산식품,HSK-MTI 연계표,692,4,D692,농수산식품
농수산식품,농수산,HSK-MTI 연계표,692,4,D692,농수산식품
농수산식품,수산,HSK-MTI 연계표,692,4,D692,농수산식품
농수산식품,식품,HSK-MTI 연계표,692,4,D692,농수산식품
농수산식품,농수산식품,HSK-MTI 연계표,694,4,D694,농수산식품
농수산식품,농수산,HSK-MTI 연계표,694,4,D694,농수산식품
농수산식품,수산,HSK-MTI 연계표,694,4,D694,농수산식품
농수산식품,식품,HSK-MTI 연계표,694,4,D694,농수산식품
농수산식품,농수산식품,HSK-MTI 연계표,695,4,D695,농수산식품
농수산식품,농수산,HSK-MTI 연계표,695,4,D695,농수산식품
농수산식품,수산,HSK-MTI 연계표,695,4,D695,농수산식품
농수산식품,식품,HSK-MTI 연계표,695,4,D695,농수산식품
농수산식품,농수산식품,HSK-MTI 연계표,696,4,D696,농수산식품
농수산식품,농수산,HSK-MTI 연계표,696,4,D696,농수산식품
농수산식품,수산,HSK-MTI 연계표,696,4,D696,농수산식품
농수산식품,식품,HSK-MTI 연계표,696,4,D696,농수산식품
농수산식품,농수산식품,HSK-MTI 연계표,697,4,D697,농수산식품
농수산식품,농수산,HSK-MTI 연계표,697,4,D697,농수산식품
농수산식품,수산,HSK-MTI 연계표,697,4,D697,농수산식품
농수산식품,식품,HSK-MTI 연계표,697,4,D697,농수산식품
농수산식품,농수산식품,HSK-MTI 연계표,698,4,D698,농수산식품
농수산식품,농수산,HSK-MTI 연계표,698,4,D698,농수산식품
농수산식품,수산,HSK-MTI 연계표,698,4,D698,농수산식품
농수산식품,식품,HSK-MTI 연계표,698,4,D698,농수산식품
농수산식품,농수산식품,HSK-MTI 연계표,699,4,D699,농수산식품
농수산식품,농수산,HSK-MTI 연계표,699,4,D699,농수산식품
농수산식품,수산,HSK-MTI 연계표,699,4,D699,농수산식품
농수산식품,식품,HSK-MTI 연계표,699,4,D699,농수산식품
농수산식품,농수산식품,HSK-MTI 연계표,700,4,D700,농수산식품
농수산식품,농수산,HSK-MTI 연계표,700,4,D700,농수산식품
농수산식품,수산,HSK-MTI 연계표,700,4,D700,농수산식품
농수산식품,식품,HSK-MTI 연계표,700,4,D700,농수산식품
농수산식품,농수산식품,HSK-MTI 연계표,701,4,D701,농수산식품
농수산식품,농수산,HSK-MTI 연계표,701,4,D701,농수산식품
농수산식품,수산,HSK-MTI 연계표,701,4,D701,농수산식품
농수산식품,식품,HSK-MTI 연계표,701,4,D701,농수산식품
농수산식품,농수산식품,HSK-MTI 연계표,702,4,D702,농수산식품
농수산식품,농수산,HSK-MTI 연계표,702,4,D702,농수산식품
농수산식품,수산,HSK-MTI 연계표,702,4,D702,농수산식품
농수산식품,식품,HSK-MTI 연계표,702,4,D702,농수산식품
농수산식품,농수산식품,HSK-MTI 연계표,703,4,D703,농수산식품
농수산식품,농수산,HSK-MTI 연계표,703,4,D703,농수산식품
농수산식품,수산,HSK-MTI 연계표,703,4,D703,농수산식품
농수산식품,식품,HSK-MTI 연계표,703,4,D703,농수산식품
농수산식품,농수산식품,HSK-MTI 연계표,704,4,D704,농수산식품
농수산식품,농수산,HSK-MTI 연계표,704,4,D704,농수산식품
농수산식품,수산,HSK-MTI 연계표,704,4,D704,농수산식품
농수산식품,식품,HSK-MTI 연계표,704,4,D704,농수산식품
농수산식품,농수산식품,HSK-MTI 연계표,705,4,D705,농수산식품
농수산식품,농수산,HSK-MTI 연계표,705,4,D705,농수산식품
농수산식품,수산,HSK-MTI 연계표,705,4,D705,농수산식품
농수산식품,식품,HSK-MTI 연계표,705,4,D705,농수산식품
농수산식품,농수산식품,HSK-MTI 연계표,706,4,D706,농수산식품
농수산식품,농수산,HSK-MTI 연계표,706,4,D706,농수산식품
농수산식품,수산,HSK-MTI 연계표,706,4,D706,농수산식품
농수산식품,식품,HSK-MTI 연계표,706,4,D706,농수산식품
농수산식품,농수산식품,HSK-MTI 연계표,707,4,D707,농수산식품
농수산식품,농수산,HSK-MTI 연계표,707,4,D707,농수산식품
농수산식품,수산,HSK-MTI 연계표,707,4,D707,농수산식품
농수산식품,식품,HSK-MTI 연계표,707,4,D707,농수산식품
농수산식품,농수산식품,HSK-MTI 연계표,708,4,D708,농수산식품
농수산식품,농수산,HSK-MTI 연계표,708,4,D708,농수산식품
농수산식품,수산,HSK-MTI 연계표,708,4,D708,농수산식품
농수산식품,식품,HSK-MTI 연계표,708,4,D708,농수산식품
농수산식품,농수산식품,HSK-MTI 연계표,709,4,D709,농수산식품
농수산식품,농수산,HSK-MTI 연계표,709,4,D709,농수산식품
농수산식품,수산,HSK-MTI 연계표,709,4,D709,농수산식품
농수산식품,식품,HSK-MTI 연계표,709,4,D709,농수산식품
농수산식품,농수산식품,HSK-MTI 연계표,710,4,D710,농수산식품
농수산식품,농수산,HSK-MTI 연계표,710,4,D710,농수산식품
농수산식품,수산,HSK-MTI 연계표,710,4,D710,농수산식품
농수산식품,식품,HSK-MTI 연계표,710,4,D710,농수산식품
농수산식품,농수산식품,HSK-MTI 연계표,711,4,D711,농수산식품
농수산식품,농수산,HSK-MTI 연계표,711,4,D711,농수산식품
농수산식품,수산,HSK-MTI 연계표,711,4,D711,농수산식품
농수산식품,식품,HSK-MTI 연계표,711,4,D711,농수산식품
농수산식품,농수산식품,HSK-MTI 연계표,712,4,D712,농수산식품
농수산식품,농수산,HSK-MTI 연계표,712,4,D712,농수산식품
농수산식품,수산,HSK-MTI 연계표,712,4,D712,농수산식품
농수산식품,식품,HSK-MTI 연계표,712,4,D712,농수산식품
농수산식품,농수산식품,HSK-MTI 연계표,713,4,D713,농수산식품
농수산식품,농수산,HSK-MTI 연계표,713,4,D713,농수산식품
농수산식품,수산,HSK-MTI 연계표,713,4,D713,농수산식품
농수산식품,식품,HSK-MTI 연계표,713,4,D713,농수산식품
농수산식품,농수산식품,HSK-MTI 연계표,714,4,D714,농수산식품
농수산식품,농수산,HSK-MTI 연계표,714,4,D714,농수산식품
농수산식품,수산,HSK-MTI 연계표,714,4,D714,농수산식품
농수산식품,식품,HSK-MTI 연계표,714,4,D714,농수산식품
농수산식품,농수산식품,HSK-MTI 연계표,715,4,D715,농수산식품
농수산식품,농수산,HSK-MTI 연계표,715,4,D715,농수산식품
농수산식품,수산,HSK-MTI 연계표,715,4,D715,농수산식품
농수산식품,식품,HSK-MTI 연계표,715,4,D715,농수산식품
농수산식품,농수산식품,HSK-MTI 연계표,716,4,D716,농수산식품
농수산식품,농수산,HSK-MTI 연계표,716,4,D716,농수산식품
농수산식품,수산,HSK-MTI 연계표,716,4,D716,농수산식품
농수산식품,식품,HSK-MTI 연계표,716,4,D716,농수산식품
농수산식품,농수산식품,HSK-MTI 연계표,717,4,D717,농수산식품
농수산식품,농수산,HSK-MTI 연계표,717,4,D717,농수산식품
농수산식품,수산,HSK-MTI 연계표,717,4,D717,농수산식품
농수산식품,식품,HSK-MTI 연계표,717,4,D717,농수산식품
농수산식품,농수산식품,HSK-MTI 연계표,718,4,D718,농수산식품
농수산식품,농수산,HSK-MTI 연계표,718,4,D718,농수산식품
농수산식품,수산,HSK-MTI 연계표,718,4,D718,농수산식품
농수산식품,식품,HSK-MTI 연계표,718,4,D718,농수산식품
농수산식품,농수산식품,HSK-MTI 연계표,719,4,D719,농수산식품
농수산식품,농수산,HSK-MTI 연계표,719,4,D719,농수산식품
농수산식품,수산,HSK-MTI 연계표,719,4,D719,농수산식품
농수산식품,식품,HSK-MTI 연계표,719,4,D719,농수산식품
농수산식품,농수산식품,HSK-MTI 연계표,730,4,D730,농수산식품
농수산식품,농수산,HSK-MTI 연계표,730,4,D730,농수산식품
농수산식품,수산,HSK-MTI 연계표,730,4,D730,농수산식품
농수산식품,식품,HSK-MTI 연계표,730,4,D730,농수산식품
농수산식품,농수산식품,HSK-MTI 연계표,731,4,D731,농수산식품
농수산식품,농수산,HSK-MTI 연계표,731,4,D731,농수산식품
농수산식품,수산,HSK-MTI 연계표,731,4,D731,농수산식품
농수산식품,식품,HSK-MTI 연계표,731,4,D731,농수산식품
농수산식품,농수산식품,HSK-MTI 연계표,732,4,D732,농수산식품
농수산식품,농수산,HSK-MTI 연계표,732,4,D732,농수산식품
농수산식품,수산,HSK-MTI 연계표,732,4,D732,농수산식품
농수산식품,식품,HSK-MTI 연계표,732,4,D732,농수산식품
농수산식품,농수산식품,HSK-MTI 연계표,733,4,D733,농수산식품
농수산식품,농수산,HSK-MTI 연계표,733,4,D733,농수산식품
농수산식품,수산,HSK-MTI 연계표,733,4,D733,농수산식품
농수산식품,식품,HSK-MTI 연계표,733,4,D733,농수산식품
농수산식품,농수산식품,HSK-MTI 연계표,734,4,D734,농수산식품
농수산식품,농수산,HSK-MTI 연계표,734,4,D734,농수산식품
농수산식품,수산,HSK-MTI 연계표,734,4,D734,농수산식품
농수산식품,식품,HSK-MTI 연계표,734,4,D734,농수산식품
농수산식품,농수산식품,HSK-MTI 연계표,735,4,D735,농수산식품
농수산식품,농수산,HSK-MTI 연계표,735,4,D735,농수산식품
농수산식품,수산,HSK-MTI 연계표,735,4,D735,농수산식품
농수산식품,식품,HSK-MTI 연계표,735,4,D735,농수산식품
농수산식품,농수산식품,HSK-MTI 연계표,736,4,D736,농수산식품
농수산식품,농수산,HSK-MTI 연계표,736,4,D736,농수산식품
농수산식품,수산,HSK-MTI 연계표,736,4,D736,농수산식품
농수산식품,식품,HSK-MTI 연계표,736,4,D736,농수산식품
농수산식품,농수산식품,HSK-MTI 연계표,737,4,D737,농수산식품
농수산식품,농수산,HSK-MTI 연계표,737,4,D737,농수산식품
농수산식품,수산,HSK-MTI 연계표,737,4,D737,농수산식품
농수산식품,식품,HSK-MTI 연계표,737,4,D737,농수산식품
농수산식품,농수산식품,HSK-MTI 연계표,738,4,D738,농수산식품
농수산식품,농수산,HSK-MTI 연계표,738,4,D738,농수산식품
농수산식품,수산,HSK-MTI 연계표,738,4,D738,농수산식품
농수산식품,식품,HSK-MTI 연계표,738,4,D738,농수산식품
농수산식품,농수산식품,HSK-MTI 연계표,739,4,D739,농수산식품
농수산식품,농수산,HSK-MTI 연계표,739,4,D739,농수산식품
농수산식품,수산,HSK-MTI 연계표,739,4,D739,농수산식품
농수산식품,식품,HSK-MTI 연계표,739,4,D739,농수산식품
농수산식품,농수산식품,HSK-MTI 연계표,740,4,D740,농수산식품
농수산식품,농수산,HSK-MTI 연계표,740,4,D740,농수산식품
농수산식품,수산,HSK-MTI 연계표,740,4,D740,농수산식품
농수산식품,식품,HSK-MTI 연계표,740,4,D740,농수산식품
농수산식품,농수산식품,HSK-MTI 연계표,741,4,D741,농수산식품
농수산식품,농수산,HSK-MTI 연계표,741,4,D741,농수산식품
농수산식품,수산,HSK-MTI 연계표,741,4,D741,농수산식품
농수산식품,식품,HSK-MTI 연계표,741,4,D741,농수산식품
농수산식품,농수산식품,HSK-MTI 연계표,742,4,D742,농수산식품
농수산식품,농수산,HSK-MTI 연계표,742,4,D742,농수산식품
농수산식품,수산,HSK-MTI 연계표,742,4,D742,농수산식품
농수산식품,식품,HSK-MTI 연계표,742,4,D742,농수산식품
농수산식품,농수산식품,HSK-MTI 연계표,743,4,D743,농수산식품
농수산식품,농수산,HSK-MTI 연계표,743,4,D743,농수산식품
농수산식품,수산,HSK-MTI 연계표,743,4,D743,농수산식품
농수산식품,식품,HSK-MTI 연계표,743,4,D743,농수산식품
농수산식품,농수산식품,HSK-MTI 연계표,744,4,D744,농수산식품
농수산식품,농수산,HSK-MTI 연계표,744,4,D744,농수산식품
농수산식품,수산,HSK-MTI 연계표,744,4,D744,농수산식품
농수산식품,식품,HSK-MTI 연계표,744,4,D744,농수산식품
농수산식품,농수산식품,HSK-MTI 연계표,745,4,D745,농수산식품
농수산식품,농수산,HSK-MTI 연계표,745,4,D745,농수산식품
농수산식품,수산,HSK-MTI 연계표,745,4,D745,농수산식품
농수산식품,식품,HSK-MTI 연계표,745,4,D745,농수산식품
농수산식품,농수산식품,HSK-MTI 연계표,746,4,D746,농수산식품
농수산식품,농수산,HSK-MTI 연계표,746,4,D746,농수산식품
농수산식품,수산,HSK-MTI 연계표,746,4,D746,농수산식품
농수산식품,식품,HSK-MTI 연계표,746,4,D746,농수산식품
농수산식품,농수산식품,HSK-MTI 연계표,747,4,D747,농수산식품
농수산식품,농수산,HSK-MTI 연계표,747,4,D747,농수산식품
농수산식품,수산,HSK-MTI 연계표,747,4,D747,농수산식품
농수산식품,식품,HSK-MTI 연계표,747,4,D747,농수산식품
농수산식품,농수산식품,HSK-MTI 연계표,748,4,D748,농수산식품
농수산식품,농수산,HSK-MTI 연계표,748,4,D748,농수산식품
농수산식품,수산,HSK-MTI 연계표,748,4,D748,농수산식품
농수산식품,식품,HSK-MTI 연계표,748,4,D748,농수산식품
농수산식품,농수산식품,HSK-MTI 연계표,749,4,D749,농수산식품
농수산식품,농수산,HSK-MTI 연계표,749,4,D749,농수산식품
농수산식품,수산,HSK-MTI 연계표,749,4,D749,농수산식품
농수산식품,식품,HSK-MTI 연계표,749,4,D749,농수산식품
농수산식품,농수산식품,HSK-MTI 연계표,750,4,D750,농수산식품
농수산식품,농수산,HSK-MTI 연계표,750,4,D750,농수산식품
농수산식품,수산,HSK-MTI 연계표,750,4,D750,농수산식품
농수산식품,식품,HSK-MTI 연계표,750,4,D750,농수산식품
농수산식품,농수산식품,HSK-MTI 연계표,751,4,D751,농수산식품
농수산식품,농수산,HSK-MTI 연계표,751,4,D751,농수산식품
농수산식품,수산,HSK-MTI 연계표,751,4,D751,농수산식품
농수산식품,식품,HSK-MTI 연계표,751,4,D751,농수산식품
농수산식품,농수산식품,HSK-MTI 연계표,752,4,D752,농수산식품
농수산식품,농수산,HSK-MTI 연계표,752,4,D752,농수산식품
농수산식품,수산,HSK-MTI 연계표,752,4,D752,농수산식품
농수산식품,식품,HSK-MTI 연계표,752,4,D752,농수산식품
농수산식품,농수산식품,HSK-MTI 연계표,753,4,D753,농수산식품
농수산식품,농수산,HSK-MTI 연계표,753,4,D753,농수산식품
농수산식품,수산,HSK-MTI 연계표,753,4,D753,농수산식품
농수산식품,식품,HSK-MTI 연계표,753,4,D753,농수산식품
농수산식품,농수산식품,HSK-MTI 연계표,754,4,D754,농수산식품
농수산식품,농수산,HSK-MTI 연계표,754,4,D754,농수산식품
농수산식품,수산,HSK-MTI 연계표,754,4,D754,농수산식품
농수산식품,식품,HSK-MTI 연계표,754,4,D754,농수산식품
농수산식품,농수산식품,HSK-MTI 연계표,755,4,D755,농수산식품
농수산식품,농수산,HSK-MTI 연계표,755,4,D755,농수산식품
농수산식품,수산,HSK-MTI 연계표,755,4,D755,농수산식품
농수산식품,식품,HSK-MTI 연계표,755,4,D755,농수산식품
농수산식품,농수산식품,HSK-MTI 연계표,756,4,D756,농수산식품
농수산식품,농수산,HSK-MTI 연계표,756,4,D756,농수산식품
농수산식품,수산,HSK-MTI 연계표,756,4,D756,농수산식품
농수산식품,식품,HSK-MTI 연계표,756,4,D756,농수산식품
농수산식품,농수산식품,HSK-MTI 연계표,757,4,D757,농수산식품
농수산식품,농수산,HSK-MTI 연계표,757,4,D757,농수산식품
농수산식품,수산,HSK-MTI 연계표,757,4,D757,농수산식품
농수산식품,식품,HSK-MTI 연계표,757,4,D757,농수산식품
농수산식품,농수산식품,HSK-MTI 연계표,758,4,D758,농수산식품
농수산식품,농수산,HSK-MTI 연계표,758,4,D758,농수산식품
농수산식품,수산,HSK-MTI 연계표,758,4,D758,농수산식품
농수산식품,식품,HSK-MTI 연계표,758,4,D758,농수산식품
농수산식품,농수산식품,HSK-MTI 연계표,759,4,D759,농수산식품
농수산식품,농수산,HSK-MTI 연계표,759,4,D759,농수산식품
농수산식품,수산,HSK-MTI 연계표,759,4,D759,농수산식품
농수산식품,식품,HSK-MTI 연계표,759,4,D759,농수산식품
농수산식품,농수산식품,HSK-MTI 연계표,760,4,D760,농수산식품
농수산식품,농수산,HSK-MTI 연계표,760,4,D760,농수산식품
농수산식품,수산,HSK-MTI 연계표,760,4,D760,농수산식품
농수산식품,식품,HSK-MTI 연계표,760,4,D760,농수산식품
농수산식품,농수산식품,HSK-MTI 연계표,761,4,D761,농수산식품
농수산식품,농수산,HSK-MTI 연계표,761,4,D761,농수산식품
농수산식품,수산,HSK-MTI 연계표,761,4,D761,농수산식품
농수산식품,식품,HSK-MTI 연계표,761,4,D761,농수산식품
농수산식품,농수산식품,HSK-MTI 연계표,762,4,D762,농수산식품
농수산식품,농수산,HSK-MTI 연계표,762,4,D762,농수산식품
농수산식품,수산,HSK-MTI 연계표,762,4,D762,농수산식품
농수산식품,식품,HSK-MTI 연계표,762,4,D762,농수산식품
농수산식품,농수산식품,HSK-MTI 연계표,763,4,D763,농수산식품
농수산식품,농수산,HSK-MTI 연계표,763,4,D763,농수산식품
농수산식품,수산,HSK-MTI 연계표,763,4,D763,농수산식품
농수산식품,식품,HSK-MTI 연계표,763,4,D763,농수산식품
농수산식품,농수산식품,HSK-MTI 연계표,764,4,D764,농수산식품
농수산식품,농수산,HSK-MTI 연계표,764,4,D764,농수산식품
농수산식품,수산,HSK-MTI 연계표,764,4,D764,농수산식품
농수산식품,식품,HSK-MTI 연계표,764,4,D764,농수산식품
농수산식품,농수산식품,HSK-MTI 연계표,765,4,D765,농수산식품
농수산식품,농수산,HSK-MTI 연계표,765,4,D765,농수산식품
농수산식품,수산,HSK-MTI 연계표,765,4,D765,농수산식품
농수산식품,식품,HSK-MTI 연계표,765,4,D765,농수산식품
농수산식품,농수산식품,HSK-MTI 연계표,766,4,D766,농수산식품
농수산식품,농수산,HSK-MTI 연계표,766,4,D766,농수산식품
농수산식품,수산,HSK-MTI 연계표,766,4,D766,농수산식품
농수산식품,식품,HSK-MTI 연계표,766,4,D766,농수산식품
농수산식품,농수산식품,HSK-MTI 연계표,767,4,D767,농수산식품
농수산식품,농수산,HSK-MTI 연계표,767,4,D767,농수산식품
농수산식품,수산,HSK-MTI 연계표,767,4,D767,농수산식품
농수산식품,식품,HSK-MTI 연계표,767,4,D767,농수산식품
농수산식품,농수산식품,HSK-MTI 연계표,768,4,D768,농수산식품
농수산식품,농수산,HSK-MTI 연계표,768,4,D768,농수산식품
농수산식품,수산,HSK-MTI 연계표,768,4,D768,농수산식품
농수산식품,식품,HSK-MTI 연계표,768,4,D768,농수산식품
농수산식품,농수산식품,HSK-MTI 연계표,769,4,D769,농수산식품
농수산식품,농수산,HSK-MTI 연계표,769,4,D769,농수산식품
농수산식품,수산,HSK-MTI 연계표,769,4,D769,농수산식품
농수산식품,식품,HSK-MTI 연계표,769,4,D769,농수산식품
농수산식품,농수산식품,HSK-MTI 연계표,770,4,D770,농수산식품
농수산식품,농수산,HSK-MTI 연계표,770,4,D770,농수산식품
농수산식품,수산,HSK-MTI 연계표,770,4,D770,농수산식품
농수산식품,식품,HSK-MTI 연계표,770,4,D770,농수산식품
농수산식품,농수산식품,HSK-MTI 연계표,771,4,D771,농수산식품
농수산식품,농수산,HSK-MTI 연계표,771,4,D771,농수산식품
농수산식품,수산,HSK-MTI 연계표,771,4,D771,농수산식품
농수산식품,식품,HSK-MTI 연계표,771,4,D771,농수산식품
농수산식품,농수산식품,HSK-MTI 연계표,772,4,D772,농수산식품
농수산식품,농수산,HSK-MTI 연계표,772,4,D772,농수산식품
농수산식품,수산,HSK-MTI 연계표,772,4,D772,농수산식품
농수산식품,식품,HSK-MTI 연계표,772,4,D772,농수산식품
농수산식품,농수산식품,HSK-MTI 연계표,773,4,D773,농수산식품
농수산식품,농수산,HSK-MTI 연계표,773,4,D773,농수산식품
농수산식품,수산,HSK-MTI 연계표,773,4,D773,농수산식품
농수산식품,식품,HSK-MTI 연계표,773,4,D773,농수산식품
농수산식품,농수산식품,HSK-MTI 연계표,774,4,D774,농수산식품
농수산식품,농수산,HSK-MTI 연계표,774,4,D774,농수산식품
농수산식품,수산,HSK-MTI 연계표,774,4,D774,농수산식품
농수산식품,식품,HSK-MTI 연계표,774,4,D774,농수산식품
농수산식품,농수산식품,HSK-MTI 연계표,775,4,D775,농수산식품
농수산식품,농수산,HSK-MTI 연계표,775,4,D775,농수산식품
농수산식품,수산,HSK-MTI 연계표,775,4,D775,농수산식품
농수산식품,식품,HSK-MTI 연계표,775,4,D775,농수산식품
농수산식품,농수산식품,HSK-MTI 연계표,776,4,D776,농수산식품
농수산식품,농수산,HSK-MTI 연계표,776,4,D776,농수산식품
농수산식품,수산,HSK-MTI 연계표,776,4,D776,농수산식품
농수산식품,식품,HSK-MTI 연계표,776,4,D776,농수산식품
농수산식품,농수산식품,HSK-MTI 연계표,777,4,D777,농수산식품
농수산식품,농수산,HSK-MTI 연계표,777,4,D777,농수산식품
농수산식품,수산,HSK-MTI 연계표,777,4,D777,농수산식품
농수산식품,식품,HSK-MTI 연계표,777,4,D777,농수산식품
농수산식품,농수산식품,HSK-MTI 연계표,778,4,D778,농수산식품
농수산식품,농수산,HSK-MTI 연계표,778,4,D778,농수산식품
농수산식품,수산,HSK-MTI 연계표,778,4,D778,농수산식품
농수산식품,식품,HSK-MTI 연계표,778,4,D778,농수산식품
농수산식품,농수산식품,HSK-MTI 연계표,779,4,D779,농수산식품
농수산식품,농수산,HSK-MTI 연계표,779,4,D779,농수산식품
농수산식품,수산,HSK-MTI 연계표,779,4,D779,농수산식품
농수산식품,식품,HSK-MTI 연계표,779,4,D779,농수산식품
농수산식품,농수산식품,HSK-MTI 연계표,780,4,D780,농수산식품
농수산식품,농수산,HSK-MTI 연계표,780,4,D780,농수산식품
농수산식품,수산,HSK-MTI 연계표,780,4,D780,농수산식품
농수산식품,식품,HSK-MTI 연계표,780,4,D780,농수산식품
농수산식품,농수산식품,HSK-MTI 연계표,781,4,D781,농수산식품
농수산식품,농수산,HSK-MTI 연계표,781,4,D781,농수산식품
농수산식품,수산,HSK-MTI 연계표,781,4,D781,농수산식품
농수산식품,식품,HSK-MTI 연계표,781,4,D781,농수산식품
농수산식품,농수산식품,HSK-MTI 연계표,782,4,D782,농수산식품
농수산식품,농수산,HSK-MTI 연계표,782,4,D782,농수산식품
농수산식품,수산,HSK-MTI 연계표,782,4,D782,농수산식품
농수산식품,식품,HSK-MTI 연계표,782,4,D782,농수산식품
농수산식품,농수산식품,HSK-MTI 연계표,783,4,D783,농수산식품
농수산식품,농수산,HSK-MTI 연계표,783,4,D783,농수산식품
농수산식품,수산,HSK-MTI 연계표,783,4,D783,농수산식품
농수산식품,식품,HSK-MTI 연계표,783,4,D783,농수산식품
농수산식품,농수산식품,HSK-MTI 연계표,784,4,D784,농수산식품
농수산식품,농수산,HSK-MTI 연계표,784,4,D784,농수산식품
농수산식품,수산,HSK-MTI 연계표,784,4,D784,농수산식품
농수산식품,식품,HSK-MTI 연계표,784,4,D784,농수산식품
농수산식품,농수산식품,HSK-MTI 연계표,785,4,D785,농수산식품
농수산식품,농수산,HSK-MTI 연계표,785,4,D785,농수산식품
농수산식품,수산,HSK-MTI 연계표,785,4,D785,농수산식품
농수산식품,식품,HSK-MTI 연계표,785,4,D785,농수산식품
농수산식품,농수산식품,HSK-MTI 연계표,786,4,D786,농수산식품
농수산식품,농수산,HSK-MTI 연계표,786,4,D786,농수산식품
농수산식품,수산,HSK-MTI 연계표,786,4,D786,농수산식품
농수산식품,식품,HSK-MTI 연계표,786,4,D786,농수산식품
농수산식품,농수산식품,HSK-MTI 연계표,787,4,D787,농수산식품
농수산식품,농수산,HSK-MTI 연계표,787,4,D787,농수산식품
농수산식품,수산,HSK-MTI 연계표,787,4,D787,농수산식품
농수산식품,식품,HSK-MTI 연계표,787,4,D787,농수산식품
농수산식품,농수산식품,HSK-MTI 연계표,788,4,D788,농수산식품
농수산식품,농수산,HSK-MTI 연계표,788,4,D788,농수산식품
농수산식품,수산,HSK-MTI 연계표,788,4,D788,농수산식품
농수산식품,식품,HSK-MTI 연계표,788,4,D788,농수산식품
농수산식품,농수산식품,HSK-MTI 연계표,789,4,D789,농수산식품
농수산식품,농수산,HSK-MTI 연계표,789,4,D789,농수산식품
농수산식품,수산,HSK-MTI 연계표,789,4,D789,농수산식품
농수산식품,식품,HSK-MTI 연계표,789,4,D789,농수산식품
농수산식품,농수산식품,HSK-MTI 연계표,790,4,D790,농수산식품
농수산식품,농수산,HSK-MTI 연계표,790,4,D790,농수산식품
농수산식품,수산,HSK-MTI 연계표,790,4,D790,농수산식품
농수산식품,식품,HSK-MTI 연계표,790,4,D790,농수산식품
농수산식품,농수산식품,HSK-MTI 연계표,791,4,D791,농수산식품
농수산식품,농수산,HSK-MTI 연계표,791,4,D791,농수산식품
농수산식품,수산,HSK-MTI 연계표,791,4,D791,농수산식품
농수산식품,식품,HSK-MTI 연계표,791,4,D791,농수산식품
농수산식품,농수산식품,HSK-MTI 연계표,792,4,D792,농수산식품
농수산식품,농수산,HSK-MTI 연계표,792,4,D792,농수산식품
농수산식품,수산,HSK-MTI 연계표,792,4,D792,농수산식품
농수산식품,식품,HSK-MTI 연계표,792,4,D792,농수산식품
농수산식품,농수산식품,HSK-MTI 연계표,793,4,D793,농수산식품
농수산식품,농수산,HSK-MTI 연계표,793,4,D793,농수산식품
농수산식품,수산,HSK-MTI 연계표,793,4,D793,농수산식품
농수산식품,식품,HSK-MTI 연계표,793,4,D793,농수산식품
농수산식품,농수산식품,HSK-MTI 연계표,794,4,D794,농수산식품
농수산식품,농수산,HSK-MTI 연계표,794,4,D794,농수산식품
농수산식품,수산,HSK-MTI 연계표,794,4,D794,농수산식품
농수산식품,식품,HSK-MTI 연계표,794,4,D794,농수산식품
농수산식품,농수산식품,HSK-MTI 연계표,795,4,D795,농수산식품
농수산식품,농수산,HSK-MTI 연계표,795,4,D795,농수산식품
농수산식품,수산,HSK-MTI 연계표,795,4,D795,농수산식품
농수산식품,식품,HSK-MTI 연계표,795,4,D795,농수산식품
농수산식품,농수산식품,HSK-MTI 연계표,796,4,D796,농수산식품
농수산식품,농수산,HSK-MTI 연계표,796,4,D796,농수산식품
농수산식품,수산,HSK-MTI 연계표,796,4,D796,농수산식품
농수산식품,식품,HSK-MTI 연계표,796,4,D796,농수산식품
농수산식품,농수산식품,HSK-MTI 연계표,797,4,D797,농수산식품
농수산식품,농수산,HSK-MTI 연계표,797,4,D797,농수산식품
농수산식품,수산,HSK-MTI 연계표,797,4,D797,농수산식품
농수산식품,식품,HSK-MTI 연계표,797,4,D797,농수산식품
농수산식품,농수산식품,HSK-MTI 연계표,798,4,D798,농수산식품
농수산식품,농수산,HSK-MTI 연계표,798,4,D798,농수산식품
농수산식품,수산,HSK-MTI 연계표,798,4,D798,농수산식품
농수산식품,식품,HSK-MTI 연계표,798,4,D798,농수산식품
농수산식품,농수산식품,HSK-MTI 연계표,799,4,D799,농수산식품
농수산식품,농수산,HSK-MTI 연계표,799,4,D799,농수산식품
농수산식품,수산,HSK-MTI 연계표,799,4,D799,농수산식품
농수산식품,식품,HSK-MTI 연계표,799,4,D799,농수산식품
농수산식품,농수산식품,HSK-MTI 연계표,800,4,D800,농수산식품
농수산식품,농수산,HSK-MTI 연계표,800,4,D800,농수산식품
농수산식품,수산,HSK-MTI 연계표,800,4,D800,농수산식품
농수산식품,식품,HSK-MTI 연계표,800,4,D800,농수산식품
농수산식품,농수산식품,HSK-MTI 연계표,801,4,D801,농수산식품
농수산식품,농수산,HSK-MTI 연계표,801,4,D801,농수산식품
농수산식품,수산,HSK-MTI 연계표,801,4,D801,농수산식품
농수산식품,식품,HSK-MTI 연계표,801,4,D801,농수산식품
농수산식품,농수산식품,HSK-MTI 연계표,802,4,D802,농수산식품
농수산식품,농수산,HSK-MTI 연계표,802,4,D802,농수산식품
농수산식품,수산,HSK-MTI 연계표,802,4,D802,농수산식품
농수산식품,식품,HSK-MTI 연계표,802,4,D802,농수산식품
농수산식품,농수산식품,HSK-MTI 연계표,803,4,D803,농수산식품
농수산식품,농수산,HSK-MTI 연계표,803,4,D803,농수산식품
농수산식품,수산,HSK-MTI 연계표,803,4,D803,농수산식품
농수산식품,식품,HSK-MTI 연계표,803,4,D803,농수산식품
농수산식품,농수산식품,HSK-MTI 연계표,804,4,D804,농수산식품
농수산식품,농수산,HSK-MTI 연계표,804,4,D804,농수산식품
농수산식품,수산,HSK-MTI 연계표,804,4,D804,농수산식품
농수산식품,식품,HSK-MTI 연계표,804,4,D804,농수산식품
농수산식품,농수산식품,HSK-MTI 연계표,805,4,D805,농수산식품
농수산식품,농수산,HSK-MTI 연계표,805,4,D805,농수산식품
농수산식품,수산,HSK-MTI 연계표,805,4,D805,농수산식품
농수산식품,식품,HSK-MTI 연계표,805,4,D805,농수산식품
농수산식품,농수산식품,HSK-MTI 연계표,806,4,D806,농수산식품
농수산식품,농수산,HSK-MTI 연계표,806,4,D806,농수산식품
농수산식품,수산,HSK-MTI 연계표,806,4,D806,농수산식품
농수산식품,식품,HSK-MTI 연계표,806,4,D806,농수산식품
농수산식품,농수산식품,HSK-MTI 연계표,807,4,D807,농수산식품
농수산식품,농수산,HSK-MTI 연계표,807,4,D807,농수산식품
농수산식품,수산,HSK-MTI 연계표,807,4,D807,농수산식품
농수산식품,식품,HSK-MTI 연계표,807,4,D807,농수산식품
농수산식품,농수산식품,HSK-MTI 연계표,808,4,D808,농수산식품
농수산식품,농수산,HSK-MTI 연계표,808,4,D808,농수산식품
농수산식품,수산,HSK-MTI 연계표,808,4,D808,농수산식품
농수산식품,식품,HSK-MTI 연계표,808,4,D808,농수산식품
농수산식품,농수산식품,HSK-MTI 연계표,809,4,D809,농수산식품
농수산식품,농수산,HSK-MTI 연계표,809,4,D809,농수산식품
농수산식품,수산,HSK-MTI 연계표,809,4,D809,농수산식품
농수산식품,식품,HSK-MTI 연계표,809,4,D809,농수산식품
농수산식품,농수산식품,HSK-MTI 연계표,810,4,D810,농수산식품
농수산식품,농수산,HSK-MTI 연계표,810,4,D810,농수산식품
농수산식품,수산,HSK-MTI 연계표,810,4,D810,농수산식품
농수산식품,식품,HSK-MTI 연계표,810,4,D810,농수산식품
농수산식품,농수산식품,HSK-MTI 연계표,811,4,D811,농수산식품
농수산식품,농수산,HSK-MTI 연계표,811,4,D811,농수산식품
농수산식품,수산,HSK-MTI 연계표,811,4,D811,농수산식품
농수산식품,식품,HSK-MTI 연계표,811,4,D811,농수산식품
농수산식품,농수산식품,HSK-MTI 연계표,812,4,D812,농수산식품
농수산식품,농수산,HSK-MTI 연계표,812,4,D812,농수산식품
농수산식품,수산,HSK-MTI 연계표,812,4,D812,농수산식품
농수산식품,식품,HSK-MTI 연계표,812,4,D812,농수산식품
농수산식품,농수산식품,HSK-MTI 연계표,813,4,D813,농수산식품
농수산식품,농수산,HSK-MTI 연계표,813,4,D813,농수산식품
농수산식품,수산,HSK-MTI 연계표,813,4,D813,농수산식품
농수산식품,식품,HSK-MTI 연계표,813,4,D813,농수산식품
농수산식품,농수산식품,HSK-MTI 연계표,814,4,D814,농수산식품
농수산식품,농수산,HSK-MTI 연계표,814,4,D814,농수산식품
농수산식품,수산,HSK-MTI 연계표,814,4,D814,농수산식품
농수산식품,식품,HSK-MTI 연계표,814,4,D814,농수산식품
농수산식품,농수산식품,HSK-MTI 연계표,815,4,D815,농수산식품
농수산식품,농수산,HSK-MTI 연계표,815,4,D815,농수산식품
농수산식품,수산,HSK-MTI 연계표,815,4,D815,농수산식품
농수산식품,식품,HSK-MTI 연계표,815,4,D815,농수산식품
농수산식품,농수산식품,HSK-MTI 연계표,816,4,D816,농수산식품
농수산식품,농수산,HSK-MTI 연계표,816,4,D816,농수산식품
농수산식품,수산,HSK-MTI 연계표,816,4,D816,농수산식품
농수산식품,식품,HSK-MTI 연계표,816,4,D816,농수산식품
농수산식품,농수산식품,HSK-MTI 연계표,817,4,D817,농수산식품
농수산식품,농수산,HSK-MTI 연계표,817,4,D817,농수산식품
농수산식품,수산,HSK-MTI 연계표,817,4,D817,농수산식품
농수산식품,식품,HSK-MTI 연계표,817,4,D817,농수산식품
농수산식품,농수산식품,HSK-MTI 연계표,818,4,D818,농수산식품
농수산식품,농수산,HSK-MTI 연계표,818,4,D818,농수산식품
농수산식품,수산,HSK-MTI 연계표,818,4,D818,농수산식품
농수산식품,식품,HSK-MTI 연계표,818,4,D818,농수산식품
농수산식품,농수산식품,HSK-MTI 연계표,819,4,D819,농수산식품
농수산식품,농수산,HSK-MTI 연계표,819,4,D819,농수산식품
농수산식품,수산,HSK-MTI 연계표,819,4,D819,농수산식품
농수산식품,식품,HSK-MTI 연계표,819,4,D819,농수산식품
농수산식품,농수산식품,HSK-MTI 연계표,820,4,D820,농수산식품
농수산식품,농수산,HSK-MTI 연계표,820,4,D820,농수산식품
농수산식품,수산,HSK-MTI 연계표,820,4,D820,농수산식품
농수산식품,식품,HSK-MTI 연계표,820,4,D820,농수산식품
농수산식품,농수산식품,HSK-MTI 연계표,821,4,D821,농수산식품
농수산식품,농수산,HSK-MTI 연계표,821,4,D821,농수산식품
농수산식품,수산,HSK-MTI 연계표,821,4,D821,농수산식품
농수산식품,식품,HSK-MTI 연계표,821,4,D821,농수산식품
농수산식품,농수산식품,HSK-MTI 연계표,822,4,D822,농수산식품
농수산식품,농수산,HSK-MTI 연계표,822,4,D822,농수산식품
농수산식품,수산,HSK-MTI 연계표,822,4,D822,농수산식품
농수산식품,식품,HSK-MTI 연계표,822,4,D822,농수산식품
농수산식품,농수산식품,HSK-MTI 연계표,823,4,D823,농수산식품
농수산식품,농수산,HSK-MTI 연계표,823,4,D823,농수산식품
농수산식품,수산,HSK-MTI 연계표,823,4,D823,농수산식품
농수산식품,식품,HSK-MTI 연계표,823,4,D823,농수산식품
농수산식품,농수산식품,HSK-MTI 연계표,824,4,D824,농수산식품
농수산식품,농수산,HSK-MTI 연계표,824,4,D824,농수산식품
농수산식품,수산,HSK-MTI 연계표,824,4,D824,농수산식품
농수산식품,식품,HSK-MTI 연계표,824,4,D824,농수산식품
농수산식품,농수산식품,HSK-MTI 연계표,825,4,D825,농수산식품
농수산식품,농수산,HSK-MTI 연계표,825,4,D825,농수산식품
농수산식품,수산,HSK-MTI 연계표,825,4,D825,농수산식품
농수산식품,식품,HSK-MTI 연계표,825,4,D825,농수산식품
농수산식품,농수산식품,HSK-MTI 연계표,826,4,D826,농수산식품
농수산식품,농수산,HSK-MTI 연계표,826,4,D826,농수산식품
농수산식품,수산,HSK-MTI 연계표,826,4,D826,농수산식품
농수산식품,식품,HSK-MTI 연계표,826,4,D826,농수산식품
농수산식품,농수산식품,HSK-MTI 연계표,827,4,D827,농수산식품
농수산식품,농수산,HSK-MTI 연계표,827,4,D827,농수산식품
농수산식품,수산,HSK-MTI 연계표,827,4,D827,농수산식품
농수산식품,식품,HSK-MTI 연계표,827,4,D827,농수산식품
농수산식품,농수산식품,HSK-MTI 연계표,828,4,D828,농수산식품
농수산식품,농수산,HSK-MTI 연계표,828,4,D828,농수산식품
농수산식품,수산,HSK-MTI 연계표,828,4,D828,농수산식품
농수산식품,식품,HSK-MTI 연계표,828,4,D828,농수산식품
농수산식품,농수산식품,HSK-MTI 연계표,829,4,D829,농수산식품
농수산식품,농수산,HSK-MTI 연계표,829,4,D829,농수산식품
농수산식품,수산,HSK-MTI 연계표,829,4,D829,농수산식품
농수산식품,식품,HSK-MTI 연계표,829,4,D829,농수산식품
농수산식품,농수산식품,HSK-MTI 연계표,830,4,D830,농수산식품
농수산식품,농수산,HSK-MTI 연계표,830,4,D830,농수산식품
농수산식품,수산,HSK-MTI 연계표,830,4,D830,농수산식품
농수산식품,식품,HSK-MTI 연계표,830,4,D830,농수산식품
농수산식품,농수산식품,HSK-MTI 연계표,831,4,D831,농수산식품
농수산식품,농수산,HSK-MTI 연계표,831,4,D831,농수산식품
농수산식품,수산,HSK-MTI 연계표,831,4,D831,농수산식품
농수산식품,식품,HSK-MTI 연계표,831,4,D831,농수산식품
농수산식품,농수산식품,HSK-MTI 연계표,832,4,D832,농수산식품
농수산식품,농수산,HSK-MTI 연계표,832,4,D832,농수산식품
농수산식품,수산,HSK-MTI 연계표,832,4,D832,농수산식품
농수산식품,식품,HSK-MTI 연계표,832,4,D832,농수산식품
농수산식품,농수산식품,HSK-MTI 연계표,833,4,D833,농수산식품
농수산식품,농수산,HSK-MTI 연계표,833,4,D833,농수산식품
농수산식품,수산,HSK-MTI 연계표,833,4,D833,농수산식품
농수산식품,식품,HSK-MTI 연계표,833,4,D833,농수산식품
농수산식품,농수산식품,HSK-MTI 연계표,834,4,D834,농수산식품
농수산식품,농수산,HSK-MTI 연계표,834,4,D834,농수산식품
농수산식품,수산,HSK-MTI 연계표,834,4,D834,농수산식품
농수산식품,식품,HSK-MTI 연계표,834,4,D834,농수산식품
농수산식품,농수산식품,HSK-MTI 연계표,835,4,D835,농수산식품
농수산식품,농수산,HSK-MTI 연계표,835,4,D835,농수산식품
농수산식품,수산,HSK-MTI 연계표,835,4,D835,농수산식품
농수산식품,식품,HSK-MTI 연계표,835,4,D835,농수산식품
농수산식품,농수산식품,HSK-MTI 연계표,836,4,D836,농수산식품
농수산식품,농수산,HSK-MTI 연계표,836,4,D836,농수산식품
농수산식품,수산,HSK-MTI 연계표,836,4,D836,농수산식품
농수산식품,식품,HSK-MTI 연계표,836,4,D836,농수산식품
농수산식품,농수산식품,HSK-MTI 연계표,837,4,D837,농수산식품
농수산식품,농수산,HSK-MTI 연계표,837,4,D837,농수산식품
농수산식품,수산,HSK-MTI 연계표,837,4,D837,농수산식품
농수산식품,식품,HSK-MTI 연계표,837,4,D837,농수산식품
농수산식품,농수산식품,HSK-MTI 연계표,838,4,D838,농수산식품
농수산식품,농수산,HSK-MTI 연계표,838,4,D838,농수산식품
농수산식품,수산,HSK-MTI 연계표,838,4,D838,농수산식품
농수산식품,식품,HSK-MTI 연계표,838,4,D838,농수산식품
농수산식품,농수산식품,HSK-MTI 연계표,839,4,D839,농수산식품
농수산식품,농수산,HSK-MTI 연계표,839,4,D839,농수산식품
농수산식품,수산,HSK-MTI 연계표,839,4,D839,농수산식품
농수산식품,식품,HSK-MTI 연계표,839,4,D839,농수산식품
농수산식품,농수산식품,HSK-MTI 연계표,840,4,D840,농수산식품
농수산식품,농수산,HSK-MTI 연계표,840,4,D840,농수산식품
농수산식품,수산,HSK-MTI 연계표,840,4,D840,농수산식품
농수산식품,식품,HSK-MTI 연계표,840,4,D840,농수산식품
농수산식품,농수산식품,HSK-MTI 연계표,841,4,D841,농수산식품
농수산식품,농수산,HSK-MTI 연계표,841,4,D841,농수산식품
농수산식품,수산,HSK-MTI 연계표,841,4,D841,농수산식품
농수산식품,식품,HSK-MTI 연계표,841,4,D841,농수산식품
농수산식품,농수산식품,HSK-MTI 연계표,842,4,D842,농수산식품
농수산식품,농수산,HSK-MTI 연계표,842,4,D842,농수산식품
농수산식품,수산,HSK-MTI 연계표,842,4,D842,농수산식품
농수산식품,식품,HSK-MTI 연계표,842,4,D842,농수산식품
농수산식품,농수산식품,HSK-MTI 연계표,843,4,D843,농수산식품
농수산식품,농수산,HSK-MTI 연계표,843,4,D843,농수산식품
농수산식품,수산,HSK-MTI 연계표,843,4,D843,농수산식품
농수산식품,식품,HSK-MTI 연계표,843,4,D843,농수산식품
농수산식품,농수산식품,HSK-MTI 연계표,844,4,D844,농수산식품
농수산식품,농수산,HSK-MTI 연계표,844,4,D844,농수산식품
농수산식품,수산,HSK-MTI 연계표,844,4,D844,농수산식품
농수산식품,식품,HSK-MTI 연계표,844,4,D844,농수산식품
농수산식품,농수산식품,HSK-MTI 연계표,845,4,D845,농수산식품
농수산식품,농수산,HSK-MTI 연계표,845,4,D845,농수산식품
농수산식품,수산,HSK-MTI 연계표,845,4,D845,농수산식품
농수산식품,식품,HSK-MTI 연계표,845,4,D845,농수산식품
농수산식품,농수산식품,HSK-MTI 연계표,846,4,D846,농수산식품
농수산식품,농수산,HSK-MTI 연계표,846,4,D846,농수산식품
농수산식품,수산,HSK-MTI 연계표,846,4,D846,농수산식품
농수산식품,식품,HSK-MTI 연계표,846,4,D846,농수산식품
농수산식품,농수산식품,HSK-MTI 연계표,847,4,D847,농수산식품
농수산식품,농수산,HSK-MTI 연계표,847,4,D847,농수산식품
농수산식품,수산,HSK-MTI 연계표,847,4,D847,농수산식품
농수산식품,식품,HSK-MTI 연계표,847,4,D847,농수산식품
농수산식품,농수산식품,HSK-MTI 연계표,848,4,D848,농수산식품
농수산식품,농수산,HSK-MTI 연계표,848,4,D848,농수산식품
농수산식품,수산,HSK-MTI 연계표,848,4,D848,농수산식품
농수산식품,식품,HSK-MTI 연계표,848,4,D848,농수산식품
농수산식품,농수산식품,HSK-MTI 연계표,849,4,D849,농수산식품
농수산식품,농수산,HSK-MTI 연계표,849,4,D849,농수산식품
농수산식품,수산,HSK-MTI 연계표,849,4,D849,농수산식품
농수산식품,식품,HSK-MTI 연계표,849,4,D849,농수산식품
농수산식품,농수산식품,HSK-MTI 연계표,850,4,D850,농수산식품
농수산식품,농수산,HSK-MTI 연계표,850,4,D850,농수산식품
농수산식품,수산,HSK-MTI 연계표,850,4,D850,농수산식품
농수산식품,식품,HSK-MTI 연계표,850,4,D850,농수산식품
농수산식품,농수산식품,HSK-MTI 연계표,851,4,D851,농수산식품
농수산식품,농수산,HSK-MTI 연계표,851,4,D851,농수산식품
농수산식품,수산,HSK-MTI 연계표,851,4,D851,농수산식품
농수산식품,식품,HSK-MTI 연계표,851,4,D851,농수산식품
농수산식품,농수산식품,HSK-MTI 연계표,852,4,D852,농수산식품
농수산식품,농수산,HSK-MTI 연계표,852,4,D852,농수산식품
농수산식품,수산,HSK-MTI 연계표,852,4,D852,농수산식품
농수산식품,식품,HSK-MTI 연계표,852,4,D852,농수산식품
농수산식품,농수산식품,HSK-MTI 연계표,853,4,D853,농수산식품
농수산식품,농수산,HSK-MTI 연계표,853,4,D853,농수산식품
농수산식품,수산,HSK-MTI 연계표,853,4,D853,농수산식품
농수산식품,식품,HSK-MTI 연계표,853,4,D853,농수산식품
농수산식품,농수산식품,HSK-MTI 연계표,854,4,D854,농수산식품
농수산식품,농수산,HSK-MTI 연계표,854,4,D854,농수산식품
농수산식품,수산,HSK-MTI 연계표,854,4,D854,농수산식품
농수산식품,식품,HSK-MTI 연계표,854,4,D854,농수산식품
농수산식품,농수산식품,HSK-MTI 연계표,855,4,D855,농수산식품
농수산식품,농수산,HSK-MTI 연계표,855,4,D855,농수산식품
농수산식품,수산,HSK-MTI 연계표,855,4,D855,농수산식품
농수산식품,식품,HSK-MTI 연계표,855,4,D855,농수산식품
농수산식품,농수산식품,HSK-MTI 연계표,856,4,D856,농수산식품
농수산식품,농수산,HSK-MTI 연계표,856,4,D856,농수산식품
농수산식품,수산,HSK-MTI 연계표,856,4,D856,농수산식품
농수산식품,식품,HSK-MTI 연계표,856,4,D856,농수산식품
농수산식품,농수산식품,HSK-MTI 연계표,857,4,D857,농수산식품
농수산식품,농수산,HSK-MTI 연계표,857,4,D857,농수산식품
농수산식품,수산,HSK-MTI 연계표,857,4,D857,농수산식품
농수산식품,식품,HSK-MTI 연계표,857,4,D857,농수산식품
농수산식품,농수산식품,HSK-MTI 연계표,858,4,D858,농수산식품
농수산식품,농수산,HSK-MTI 연계표,858,4,D858,농수산식품
농수산식품,수산,HSK-MTI 연계표,858,4,D858,농수산식품
농수산식품,식품,HSK-MTI 연계표,858,4,D858,농수산식품
농수산식품,농수산식품,HSK-MTI 연계표,859,4,D859,농수산식품
농수산식품,농수산,HSK-MTI 연계표,859,4,D859,농수산식품
농수산식품,수산,HSK-MTI 연계표,859,4,D859,농수산식품
농수산식품,식품,HSK-MTI 연계표,859,4,D859,농수산식품
농수산식품,농수산식품,HSK-MTI 연계표,860,4,D860,농수산식품
농수산식품,농수산,HSK-MTI 연계표,860,4,D860,농수산식품
농수산식품,수산,HSK-MTI 연계표,860,4,D860,농수산식품
농수산식품,식품,HSK-MTI 연계표,860,4,D860,농수산식품
농수산식품,농수산식품,HSK-MTI 연계표,861,4,D861,농수산식품
농수산식품,농수산,HSK-MTI 연계표,861,4,D861,농수산식품
농수산식품,수산,HSK-MTI 연계표,861,4,D861,농수산식품
농수산식품,식품,HSK-MTI 연계표,861,4,D861,농수산식품
농수산식품,농수산식품,HSK-MTI 연계표,862,4,D862,농수산식품
농수산식품,농수산,HSK-MTI 연계표,862,4,D862,농수산식품
농수산식품,수산,HSK-MTI 연계표,862,4,D862,농수산식품
농수산식품,식품,HSK-MTI 연계표,862,4,D862,농수산식품
농수산식품,농수산식품,HSK-MTI 연계표,863,4,D863,농수산식품
농수산식품,농수산,HSK-MTI 연계표,863,4,D863,농수산식품
농수산식품,수산,HSK-MTI 연계표,863,4,D863,농수산식품
농수산식품,식품,HSK-MTI 연계표,863,4,D863,농수산식품
농수산식품,농수산식품,HSK-MTI 연계표,864,4,D864,농수산식품
농수산식품,농수산,HSK-MTI 연계표,864,4,D864,농수산식품
농수산식품,수산,HSK-MTI 연계표,864,4,D864,농수산식품
농수산식품,식품,HSK-MTI 연계표,864,4,D864,농수산식품
농수산식품,농수산식품,HSK-MTI 연계표,865,4,D865,농수산식품
농수산식품,농수산,HSK-MTI 연계표,865,4,D865,농수산식품
농수산식품,수산,HSK-MTI 연계표,865,4,D865,농수산식품
농수산식품,식품,HSK-MTI 연계표,865,4,D865,농수산식품
농수산식품,농수산식품,HSK-MTI 연계표,866,4,D866,농수산식품
농수산식품,농수산,HSK-MTI 연계표,866,4,D866,농수산식품
농수산식품,수산,HSK-MTI 연계표,866,4,D866,농수산식품
농수산식품,식품,HSK-MTI 연계표,866,4,D866,농수산식품
농수산식품,농수산식품,HSK-MTI 연계표,867,4,D867,농수산식품
농수산식품,농수산,HSK-MTI 연계표,867,4,D867,농수산식품
농수산식품,수산,HSK-MTI 연계표,867,4,D867,농수산식품
농수산식품,식품,HSK-MTI 연계표,867,4,D867,농수산식품
농수산식품,농수산식품,HSK-MTI 연계표,868,4,D868,농수산식품
농수산식품,농수산,HSK-MTI 연계표,868,4,D868,농수산식품
농수산식품,수산,HSK-MTI 연계표,868,4,D868,농수산식품
농수산식품,식품,HSK-MTI 연계표,868,4,D868,농수산식품
농수산식품,농수산식품,HSK-MTI 연계표,869,4,D869,농수산식품
농수산식품,농수산,HSK-MTI 연계표,869,4,D869,농수산식품
농수산식품,수산,HSK-MTI 연계표,869,4,D869,농수산식품
농수산식품,식품,HSK-MTI 연계표,869,4,D869,농수산식품
농수산식품,농수산식품,HSK-MTI 연계표,870,4,D870,농수산식품
농수산식품,농수산,HSK-MTI 연계표,870,4,D870,농수산식품
농수산식품,수산,HSK-MTI 연계표,870,4,D870,농수산식품
농수산식품,식품,HSK-MTI 연계표,870,4,D870,농수산식품
농수산식품,농수산식품,HSK-MTI 연계표,871,4,D871,농수산식품
농수산식품,농수산,HSK-MTI 연계표,871,4,D871,농수산식품
농수산식품,수산,HSK-MTI 연계표,871,4,D871,농수산식품
농수산식품,식품,HSK-MTI 연계표,871,4,D871,농수산식품
농수산식품,농수산식품,HSK-MTI 연계표,872,4,D872,농수산식품
농수산식품,농수산,HSK-MTI 연계표,872,4,D872,농수산식품
농수산식품,수산,HSK-MTI 연계표,872,4,D872,농수산식품
농수산식품,식품,HSK-MTI 연계표,872,4,D872,농수산식품
농수산식품,농수산식품,HSK-MTI 연계표,873,4,D873,농수산식품
농수산식품,농수산,HSK-MTI 연계표,873,4,D873,농수산식품
농수산식품,수산,HSK-MTI 연계표,873,4,D873,농수산식품
농수산식품,식품,HSK-MTI 연계표,873,4,D873,농수산식품
농수산식품,농수산식품,HSK-MTI 연계표,874,4,D874,농수산식품
농수산식품,농수산,HSK-MTI 연계표,874,4,D874,농수산식품
농수산식품,수산,HSK-MTI 연계표,874,4,D874,농수산식품
농수산식품,식품,HSK-MTI 연계표,874,4,D874,농수산식품
농수산식품,농수산식품,HSK-MTI 연계표,875,4,D875,농수산식품
농수산식품,농수산,HSK-MTI 연계표,875,4,D875,농수산식품
농수산식품,수산,HSK-MTI 연계표,875,4,D875,농수산식품
농수산식품,식품,HSK-MTI 연계표,875,4,D875,농수산식품
농수산식품,농수산식품,HSK-MTI 연계표,876,4,D876,농수산식품
농수산식품,농수산,HSK-MTI 연계표,876,4,D876,농수산식품
농수산식품,수산,HSK-MTI 연계표,876,4,D876,농수산식품
농수산식품,식품,HSK-MTI 연계표,876,4,D876,농수산식품
농수산식품,농수산식품,HSK-MTI 연계표,877,4,D877,농수산식품
농수산식품,농수산,HSK-MTI 연계표,877,4,D877,농수산식품
농수산식품,수산,HSK-MTI 연계표,877,4,D877,농수산식품
농수산식품,식품,HSK-MTI 연계표,877,4,D877,농수산식품
농수산식품,농수산식품,HSK-MTI 연계표,878,4,D878,농수산식품
농수산식품,농수산,HSK-MTI 연계표,878,4,D878,농수산식품
농수산식품,수산,HSK-MTI 연계표,878,4,D878,농수산식품
농수산식품,식품,HSK-MTI 연계표,878,4,D878,농수산식품
농수산식품,농수산식품,HSK-MTI 연계표,879,4,D879,농수산식품
농수산식품,농수산,HSK-MTI 연계표,879,4,D879,농수산식품
농수산식품,수산,HSK-MTI 연계표,879,4,D879,농수산식품
농수산식품,식품,HSK-MTI 연계표,879,4,D879,농수산식품
농수산식품,농수산식품,HSK-MTI 연계표,880,4,D880,농수산식품
농수산식품,농수산,HSK-MTI 연계표,880,4,D880,농수산식품
농수산식품,수산,HSK-MTI 연계표,880,4,D880,농수산식품
농수산식품,식품,HSK-MTI 연계표,880,4,D880,농수산식품
농수산식품,농수산식품,HSK-MTI 연계표,881,4,D881,농수산식품
농수산식품,농수산,HSK-MTI 연계표,881,4,D881,농수산식품
농수산식품,수산,HSK-MTI 연계표,881,4,D881,농수산식품
농수산식품,식품,HSK-MTI 연계표,881,4,D881,농수산식품
농수산식품,농수산식품,HSK-MTI 연계표,882,4,D882,농수산식품
농수산식품,농수산,HSK-MTI 연계표,882,4,D882,농수산식품
농수산식품,수산,HSK-MTI 연계표,882,4,D882,농수산식품
농수산식품,식품,HSK-MTI 연계표,882,4,D882,농수산식품
농수산식품,농수산식품,HSK-MTI 연계표,883,4,D883,농수산식품
농수산식품,농수산,HSK-MTI 연계표,883,4,D883,농수산식품
농수산식품,수산,HSK-MTI 연계표,883,4,D883,농수산식품
농수산식품,식품,HSK-MTI 연계표,883,4,D883,농수산식품
농수산식품,농수산식품,HSK-MTI 연계표,884,4,D884,농수산식품
농수산식품,농수산,HSK-MTI 연계표,884,4,D884,농수산식품
농수산식품,수산,HSK-MTI 연계표,884,4,D884,농수산식품
농수산식품,식품,HSK-MTI 연계표,884,4,D884,농수산식품
농수산식품,농수산식품,HSK-MTI 연계표,885,4,D885,농수산식품
농수산식품,농수산,HSK-MTI 연계표,885,4,D885,농수산식품
농수산식품,수산,HSK-MTI 연계표,885,4,D885,농수산식품
농수산식품,식품,HSK-MTI 연계표,885,4,D885,농수산식품
농수산식품,농수산식품,HSK-MTI 연계표,886,4,D886,농수산식품
농수산식품,농수산,HSK-MTI 연계표,886,4,D886,농수산식품
농수산식품,수산,HSK-MTI 연계표,886,4,D886,농수산식품
농수산식품,식품,HSK-MTI 연계표,886,4,D886,농수산식품
농수산식품,농수산식품,HSK-MTI 연계표,887,4,D887,농수산식품
농수산식품,농수산,HSK-MTI 연계표,887,4,D887,농수산식품
농수산식품,수산,HSK-MTI 연계표,887,4,D887,농수산식품
농수산식품,식품,HSK-MTI 연계표,887,4,D887,농수산식품
농수산식품,농수산식품,HSK-MTI 연계표,888,4,D888,농수산식품
농수산식품,농수산,HSK-MTI 연계표,888,4,D888,농수산식품
농수산식품,수산,HSK-MTI 연계표,888,4,D888,농수산식품
농수산식품,식품,HSK-MTI 연계표,888,4,D888,농수산식품
농수산식품,농수산식품,HSK-MTI 연계표,889,4,D889,농수산식품
농수산식품,농수산,HSK-MTI 연계표,889,4,D889,농수산식품
농수산식품,수산,HSK-MTI 연계표,889,4,D889,농수산식품
농수산식품,식품,HSK-MTI 연계표,889,4,D889,농수산식품
농수산식품,농수산식품,HSK-MTI 연계표,890,4,D890,농수산식품
농수산식품,농수산,HSK-MTI 연계표,890,4,D890,농수산식품
농수산식품,수산,HSK-MTI 연계표,890,4,D890,농수산식품
농수산식품,식품,HSK-MTI 연계표,890,4,D890,농수산식품
농수산식품,농수산식품,HSK-MTI 연계표,891,4,D891,농수산식품
농수산식품,농수산,HSK-MTI 연계표,891,4,D891,농수산식품
농수산식품,수산,HSK-MTI 연계표,891,4,D891,농수산식품
농수산식품,식품,HSK-MTI 연계표,891,4,D891,농수산식품
농수산식품,농수산식품,HSK-MTI 연계표,892,4,D892,농수산식품
농수산식품,농수산,HSK-MTI 연계표,892,4,D892,농수산식품
농수산식품,수산,HSK-MTI 연계표,892,4,D892,농수산식품
농수산식품,식품,HSK-MTI 연계표,892,4,D892,농수산식품
농수산식품,농수산식품,HSK-MTI 연계표,893,4,D893,농수산식품
농수산식품,농수산,HSK-MTI 연계표,893,4,D893,농수산식품
농수산식품,수산,HSK-MTI 연계표,893,4,D893,농수산식품
농수산식품,식품,HSK-MTI 연계표,893,4,D893,농수산식품
농수산식품,농수산식품,HSK-MTI 연계표,894,4,D894,농수산식품
농수산식품,농수산,HSK-MTI 연계표,894,4,D894,농수산식품
농수산식품,수산,HSK-MTI 연계표,894,4,D894,농수산식품
농수산식품,식품,HSK-MTI 연계표,894,4,D894,농수산식품
농수산식품,농수산식품,HSK-MTI 연계표,895,4,D895,농수산식품
농수산식품,농수산,HSK-MTI 연계표,895,4,D895,농수산식품
농수산식품,수산,HSK-MTI 연계표,895,4,D895,농수산식품
농수산식품,식품,HSK-MTI 연계표,895,4,D895,농수산식품
농수산식품,농수산식품,HSK-MTI 연계표,896,4,D896,농수산식품
농수산식품,농수산,HSK-MTI 연계표,896,4,D896,농수산식품
농수산식품,수산,HSK-MTI 연계표,896,4,D896,농수산식품
농수산식품,식품,HSK-MTI 연계표,896,4,D896,농수산식품
농수산식품,농수산식품,HSK-MTI 연계표,897,4,D897,농수산식품
농수산식품,농수산,HSK-MTI 연계표,897,4,D897,농수산식품
농수산식품,수산,HSK-MTI 연계표,897,4,D897,농수산식품
농수산식품,식품,HSK-MTI 연계표,897,4,D897,농수산식품
농수산식품,농수산식품,HSK-MTI 연계표,898,4,D898,농수산식품
농수산식품,농수산,HSK-MTI 연계표,898,4,D898,농수산식품
농수산식품,수산,HSK-MTI 연계표,898,4,D898,농수산식품
농수산식품,식품,HSK-MTI 연계표,898,4,D898,농수산식품
농수산식품,농수산식품,HSK-MTI 연계표,899,4,D899,농수산식품
농수산식품,농수산,HSK-MTI 연계표,899,4,D899,농수산식품
농수산식품,수산,HSK-MTI 연계표,899,4,D899,농수산식품
농수산식품,식품,HSK-MTI 연계표,899,4,D899,농수산식품
농수산식품,농수산식품,HSK-MTI 연계표,900,4,D900,농수산식품
농수산식품,농수산,HSK-MTI 연계표,900,4,D900,농수산식품
농수산식품,수산,HSK-MTI 연계표,900,4,D900,농수산식품
농수산식품,식품,HSK-MTI 연계표,900,4,D900,농수산식품
농수산식품,농수산식품,HSK-MTI 연계표,901,4,D901,농수산식품
농수산식품,농수산,HSK-MTI 연계표,901,4,D901,농수산식품
농수산식품,수산,HSK-MTI 연계표,901,4,D901,농수산식품
농수산식품,식품,HSK-MTI 연계표,901,4,D901,농수산식품
농수산식품,농수산식품,HSK-MTI 연계표,902,4,D902,농수산식품
농수산식품,농수산,HSK-MTI 연계표,902,4,D902,농수산식품
농수산식품,수산,HSK-MTI 연계표,902,4,D902,농수산식품
농수산식품,식품,HSK-MTI 연계표,902,4,D902,농수산식품
농수산식품,농수산식품,HSK-MTI 연계표,903,4,D903,농수산식품
농수산식품,농수산,HSK-MTI 연계표,903,4,D903,농수산식품
농수산식품,수산,HSK-MTI 연계표,903,4,D903,농수산식품
농수산식품,식품,HSK-MTI 연계표,903,4,D903,농수산식품
농수산식품,농수산식품,HSK-MTI 연계표,904,4,D904,농수산식품
농수산식품,농수산,HSK-MTI 연계표,904,4,D904,농수산식품
농수산식품,수산,HSK-MTI 연계표,904,4,D904,농수산식품
농수산식품,식품,HSK-MTI 연계표,904,4,D904,농수산식품
농수산식품,농수산식품,HSK-MTI 연계표,905,4,D905,농수산식품
농수산식품,농수산,HSK-MTI 연계표,905,4,D905,농수산식품
농수산식품,수산,HSK-MTI 연계표,905,4,D905,농수산식품
농수산식품,식품,HSK-MTI 연계표,905,4,D905,농수산식품
농수산식품,농수산식품,HSK-MTI 연계표,906,4,D906,농수산식품
농수산식품,농수산,HSK-MTI 연계표,906,4,D906,농수산식품
농수산식품,수산,HSK-MTI 연계표,906,4,D906,농수산식품
농수산식품,식품,HSK-MTI 연계표,906,4,D906,농수산식품
농수산식품,농수산식품,HSK-MTI 연계표,907,4,D907,농수산식품
농수산식품,농수산,HSK-MTI 연계표,907,4,D907,농수산식품
농수산식품,수산,HSK-MTI 연계표,907,4,D907,농수산식품
농수산식품,식품,HSK-MTI 연계표,907,4,D907,농수산식품
농수산식품,농수산식품,HSK-MTI 연계표,908,4,D908,농수산식품
농수산식품,농수산,HSK-MTI 연계표,908,4,D908,농수산식품
농수산식품,수산,HSK-MTI 연계표,908,4,D908,농수산식품
농수산식품,식품,HSK-MTI 연계표,908,4,D908,농수산식품
농수산식품,농수산식품,HSK-MTI 연계표,909,4,D909,농수산식품
농수산식품,농수산,HSK-MTI 연계표,909,4,D909,농수산식품
농수산식품,수산,HSK-MTI 연계표,909,4,D909,농수산식품
농수산식품,식품,HSK-MTI 연계표,909,4,D909,농수산식품
농수산식품,농수산식품,HSK-MTI 연계표,910,4,D910,농수산식품
농수산식품,농수산,HSK-MTI 연계표,910,4,D910,농수산식품
농수산식품,수산,HSK-MTI 연계표,910,4,D910,농수산식품
농수산식품,식품,HSK-MTI 연계표,910,4,D910,농수산식품
농수산식품,농수산식품,HSK-MTI 연계표,911,4,D911,농수산식품
농수산식품,농수산,HSK-MTI 연계표,911,4,D911,농수산식품
농수산식품,수산,HSK-MTI 연계표,911,4,D911,농수산식품
농수산식품,식품,HSK-MTI 연계표,911,4,D911,농수산식품
농수산식품,농수산식품,HSK-MTI 연계표,912,4,D912,농수산식품
농수산식품,농수산,HSK-MTI 연계표,912,4,D912,농수산식품
농수산식품,수산,HSK-MTI 연계표,912,4,D912,농수산식품
농수산식품,식품,HSK-MTI 연계표,912,4,D912,농수산식품
농수산식품,농수산식품,HSK-MTI 연계표,913,4,D913,농수산식품
농수산식품,농수산,HSK-MTI 연계표,913,4,D913,농수산식품
농수산식품,수산,HSK-MTI 연계표,913,4,D913,농수산식품
농수산식품,식품,HSK-MTI 연계표,913,4,D913,농수산식품
농수산식품,농수산식품,HSK-MTI 연계표,914,4,D914,농수산식품
농수산식품,농수산,HSK-MTI 연계표,914,4,D914,농수산식품
농수산식품,수산,HSK-MTI 연계표,914,4,D914,농수산식품
농수산식품,식품,HSK-MTI 연계표,914,4,D914,농수산식품
농수산식품,농수산식품,HSK-MTI 연계표,915,4,D915,농수산식품
농수산식품,농수산,HSK-MTI 연계표,915,4,D915,농수산식품
농수산식품,수산,HSK-MTI 연계표,915,4,D915,농수산식품
농수산식품,식품,HSK-MTI 연계표,915,4,D915,농수산식품
농수산식품,농수산식품,HSK-MTI 연계표,916,4,D916,농수산식품
농수산식품,농수산,HSK-MTI 연계표,916,4,D916,농수산식품
농수산식품,수산,HSK-MTI 연계표,916,4,D916,농수산식품
농수산식품,식품,HSK-MTI 연계표,916,4,D916,농수산식품
농수산식품,농수산식품,HSK-MTI 연계표,917,4,D917,농수산식품
농수산식품,농수산,HSK-MTI 연계표,917,4,D917,농수산식품
농수산식품,수산,HSK-MTI 연계표,917,4,D917,농수산식품
농수산식품,식품,HSK-MTI 연계표,917,4,D917,농수산식품
농수산식품,농수산식품,HSK-MTI 연계표,918,4,D918,농수산식품
농수산식품,농수산,HSK-MTI 연계표,918,4,D918,농수산식품
농수산식품,수산,HSK-MTI 연계표,918,4,D918,농수산식품
농수산식품,식품,HSK-MTI 연계표,918,4,D918,농수산식품
농수산식품,농수산식품,HSK-MTI 연계표,919,4,D919,농수산식품
농수산식품,농수산,HSK-MTI 연계표,919,4,D919,농수산식품
농수산식품,수산,HSK-MTI 연계표,919,4,D919,농수산식품
농수산식품,식품,HSK-MTI 연계표,919,4,D919,농수산식품
농수산식품,농수산식품,HSK-MTI 연계표,920,4,D920,농수산식품
농수산식품,농수산,HSK-MTI 연계표,920,4,D920,농수산식품
농수산식품,수산,HSK-MTI 연계표,920,4,D920,농수산식품
농수산식품,식품,HSK-MTI 연계표,920,4,D920,농수산식품
농수산식품,농수산식품,HSK-MTI 연계표,921,4,D921,농수산식품
농수산식품,농수산,HSK-MTI 연계표,921,4,D921,농수산식품
농수산식품,수산,HSK-MTI 연계표,921,4,D921,농수산식품
농수산식품,식품,HSK-MTI 연계표,921,4,D921,농수산식품
농수산식품,농수산식품,HSK-MTI 연계표,922,4,D922,농수산식품
농수산식품,농수산,HSK-MTI 연계표,922,4,D922,농수산식품
농수산식품,수산,HSK-MTI 연계표,922,4,D922,농수산식품
농수산식품,식품,HSK-MTI 연계표,922,4,D922,농수산식품
농수산식품,농수산식품,HSK-MTI 연계표,923,4,D923,농수산식품
농수산식품,농수산,HSK-MTI 연계표,923,4,D923,농수산식품
농수산식품,수산,HSK-MTI 연계표,923,4,D923,농수산식품
농수산식품,식품,HSK-MTI 연계표,923,4,D923,농수산식품
농수산식품,농수산식품,HSK-MTI 연계표,924,4,D924,농수산식품
농수산식품,농수산,HSK-MTI 연계표,924,4,D924,농수산식품
농수산식품,수산,HSK-MTI 연계표,924,4,D924,농수산식품
농수산식품,식품,HSK-MTI 연계표,924,4,D924,농수산식품
농수산식품,농수산식품,HSK-MTI 연계표,925,4,D925,농수산식품
농수산식품,농수산,HSK-MTI 연계표,925,4,D925,농수산식품
농수산식품,수산,HSK-MTI 연계표,925,4,D925,농수산식품
농수산식품,식품,HSK-MTI 연계표,925,4,D925,농수산식품
농수산식품,농수산식품,HSK-MTI 연계표,926,4,D926,농수산식품
농수산식품,농수산,HSK-MTI 연계표,926,4,D926,농수산식품
농수산식품,수산,HSK-MTI 연계표,926,4,D926,농수산식품
농수산식품,식품,HSK-MTI 연계표,926,4,D926,농수산식품
농수산식품,농수산식품,HSK-MTI 연계표,927,4,D927,농수산식품
농수산식품,농수산,HSK-MTI 연계표,927,4,D927,농수산식품
농수산식품,수산,HSK-MTI 연계표,927,4,D927,농수산식품
농수산식품,식품,HSK-MTI 연계표,927,4,D927,농수산식품
농수산식품,농수산식품,HSK-MTI 연계표,928,4,D928,농수산식품
농수산식품,농수산,HSK-MTI 연계표,928,4,D928,농수산식품
농수산식품,수산,HSK-MTI 연계표,928,4,D928,농수산식품
농수산식품,식품,HSK-MTI 연계표,928,4,D928,농수산식품
농수산식품,농수산식품,HSK-MTI 연계표,929,4,D929,농수산식품
농수산식품,농수산,HSK-MTI 연계표,929,4,D929,농수산식품
농수산식품,수산,HSK-MTI 연계표,929,4,D929,농수산식품
농수산식품,식품,HSK-MTI 연계표,929,4,D929,농수산식품
농수산식품,농수산식품,HSK-MTI 연계표,930,4,D930,농수산식품
농수산식품,농수산,HSK-MTI 연계표,930,4,D930,농수산식품
농수산식품,수산,HSK-MTI 연계표,930,4,D930,농수산식품
농수산식품,식품,HSK-MTI 연계표,930,4,D930,농수산식품
농수산식품,농수산식품,HSK-MTI 연계표,931,4,D931,농수산식품
농수산식품,농수산,HSK-MTI 연계표,931,4,D931,농수산식품
농수산식품,수산,HSK-MTI 연계표,931,4,D931,농수산식품
농수산식품,식품,HSK-MTI 연계표,931,4,D931,농수산식품
농수산식품,농수산식품,HSK-MTI 연계표,932,4,D932,농수산식품
농수산식품,농수산,HSK-MTI 연계표,932,4,D932,농수산식품
농수산식품,수산,HSK-MTI 연계표,932,4,D932,농수산식품
농수산식품,식품,HSK-MTI 연계표,932,4,D932,농수산식품
농수산식품,농수산식품,HSK-MTI 연계표,933,4,D933,농수산식품
농수산식품,농수산,HSK-MTI 연계표,933,4,D933,농수산식품
농수산식품,수산,HSK-MTI 연계표,933,4,D933,농수산식품
농수산식품,식품,HSK-MTI 연계표,933,4,D933,농수산식품
농수산식품,농수산식품,HSK-MTI 연계표,934,4,D934,농수산식품
농수산식품,농수산,HSK-MTI 연계표,934,4,D934,농수산식품
농수산식품,수산,HSK-MTI 연계표,934,4,D934,농수산식품
농수산식품,식품,HSK-MTI 연계표,934,4,D934,농수산식품
농수산식품,농수산식품,HSK-MTI 연계표,935,4,D935,농수산식품
농수산식품,농수산,HSK-MTI 연계표,935,4,D935,농수산식품
농수산식품,수산,HSK-MTI 연계표,935,4,D935,농수산식품
농수산식품,식품,HSK-MTI 연계표,935,4,D935,농수산식품
농수산식품,농수산식품,HSK-MTI 연계표,936,4,D936,농수산식품
농수산식품,농수산,HSK-MTI 연계표,936,4,D936,농수산식품
농수산식품,수산,HSK-MTI 연계표,936,4,D936,농수산식품
농수산식품,식품,HSK-MTI 연계표,936,4,D936,농수산식품
농수산식품,농수산식품,HSK-MTI 연계표,937,4,D937,농수산식품
농수산식품,농수산,HSK-MTI 연계표,937,4,D937,농수산식품
농수산식품,수산,HSK-MTI 연계표,937,4,D937,농수산식품
농수산식품,식품,HSK-MTI 연계표,937,4,D937,농수산식품
농수산식품,농수산식품,HSK-MTI 연계표,938,4,D938,농수산식품
농수산식품,농수산,HSK-MTI 연계표,938,4,D938,농수산식품
농수산식품,수산,HSK-MTI 연계표,938,4,D938,농수산식품
농수산식품,식품,HSK-MTI 연계표,938,4,D938,농수산식품
농수산식품,농수산식품,HSK-MTI 연계표,939,4,D939,농수산식품
농수산식품,농수산,HSK-MTI 연계표,939,4,D939,농수산식품
농수산식품,수산,HSK-MTI 연계표,939,4,D939,농수산식품
농수산식품,식품,HSK-MTI 연계표,939,4,D939,농수산식품
농수산식품,농수산식품,HSK-MTI 연계표,940,4,D940,농수산식품
농수산식품,농수산,HSK-MTI 연계표,940,4,D940,농수산식품
농수산식품,수산,HSK-MTI 연계표,940,4,D940,농수산식품
농수산식품,식품,HSK-MTI 연계표,940,4,D940,농수산식품
농수산식품,농수산식품,HSK-MTI 연계표,941,4,D941,농수산식품
농수산식품,농수산,HSK-MTI 연계표,941,4,D941,농수산식품
농수산식품,수산,HSK-MTI 연계표,941,4,D941,농수산식품
농수산식품,식품,HSK-MTI 연계표,941,4,D941,농수산식품
농수산식품,농수산식품,HSK-MTI 연계표,942,4,D942,농수산식품
농수산식품,농수산,HSK-MTI 연계표,942,4,D942,농수산식품
농수산식품,수산,HSK-MTI 연계표,942,4,D942,농수산식품
농수산식품,식품,HSK-MTI 연계표,942,4,D942,농수산식품
농수산식품,농수산식품,HSK-MTI 연계표,943,4,D943,농수산식품
농수산식품,농수산,HSK-MTI 연계표,943,4,D943,농수산식품
농수산식품,수산,HSK-MTI 연계표,943,4,D943,농수산식품
농수산식품,식품,HSK-MTI 연계표,943,4,D943,농수산식품
농수산식품,농수산식품,HSK-MTI 연계표,944,4,D944,농수산식품
농수산식품,농수산,HSK-MTI 연계표,944,4,D944,농수산식품
농수산식품,수산,HSK-MTI 연계표,944,4,D944,농수산식품
농수산식품,식품,HSK-MTI 연계표,944,4,D944,농수산식품
농수산식품,농수산식품,HSK-MTI 연계표,945,4,D945,농수산식품
농수산식품,농수산,HSK-MTI 연계표,945,4,D945,농수산식품
농수산식품,수산,HSK-MTI 연계표,945,4,D945,농수산식품
농수산식품,식품,HSK-MTI 연계표,945,4,D945,농수산식품
농수산식품,농수산식품,HSK-MTI 연계표,946,4,D946,농수산식품
농수산식품,농수산,HSK-MTI 연계표,946,4,D946,농수산식품
농수산식품,수산,HSK-MTI 연계표,946,4,D946,농수산식품
농수산식품,식품,HSK-MTI 연계표,946,4,D946,농수산식품
농수산식품,농수산식품,HSK-MTI 연계표,947,4,D947,농수산식품
농수산식품,농수산,HSK-MTI 연계표,947,4,D947,농수산식품
농수산식품,수산,HSK-MTI 연계표,947,4,D947,농수산식품
농수산식품,식품,HSK-MTI 연계표,947,4,D947,농수산식품
농수산식품,농수산식품,HSK-MTI 연계표,948,4,D948,농수산식품
농수산식품,농수산,HSK-MTI 연계표,948,4,D948,농수산식품
농수산식품,수산,HSK-MTI 연계표,948,4,D948,농수산식품
농수산식품,식품,HSK-MTI 연계표,948,4,D948,농수산식품
농수산식품,농수산식품,HSK-MTI 연계표,949,4,D949,농수산식품
농수산식품,농수산,HSK-MTI 연계표,949,4,D949,농수산식품
농수산식품,수산,HSK-MTI 연계표,949,4,D949,농수산식품
농수산식품,식품,HSK-MTI 연계표,949,4,D949,농수산식품
농수산식품,농수산식품,HSK-MTI 연계표,950,4,D950,농수산식품
농수산식품,농수산,HSK-MTI 연계표,950,4,D950,농수산식품
농수산식품,수산,HSK-MTI 연계표,950,4,D950,농수산식품
농수산식품,식품,HSK-MTI 연계표,950,4,D950,농수산식품
농수산식품,농수산식품,HSK-MTI 연계표,951,4,D951,농수산식품
농수산식품,농수산,HSK-MTI 연계표,951,4,D951,농수산식품
농수산식품,수산,HSK-MTI 연계표,951,4,D951,농수산식품
농수산식품,식품,HSK-MTI 연계표,951,4,D951,농수산식품
농수산식품,농수산식품,HSK-MTI 연계표,952,4,D952,농수산식품
농수산식품,농수산,HSK-MTI 연계표,952,4,D952,농수산식품
농수산식품,수산,HSK-MTI 연계표,952,4,D952,농수산식품
농수산식품,식품,HSK-MTI 연계표,952,4,D952,농수산식품
농수산식품,농수산식품,HSK-MTI 연계표,953,4,D953,농수산식품
농수산식품,농수산,HSK-MTI 연계표,953,4,D953,농수산식품
농수산식품,수산,HSK-MTI 연계표,953,4,D953,농수산식품
농수산식품,식품,HSK-MTI 연계표,953,4,D953,농수산식품
농수산식품,농수산식품,HSK-MTI 연계표,954,4,D954,농수산식품
농수산식품,농수산,HSK-MTI 연계표,954,4,D954,농수산식품
농수산식품,수산,HSK-MTI 연계표,954,4,D954,농수산식품
농수산식품,식품,HSK-MTI 연계표,954,4,D954,농수산식품
농수산식품,농수산식품,HSK-MTI 연계표,955,4,D955,농수산식품
농수산식품,농수산,HSK-MTI 연계표,955,4,D955,농수산식품
농수산식품,수산,HSK-MTI 연계표,955,4,D955,농수산식품
농수산식품,식품,HSK-MTI 연계표,955,4,D955,농수산식품
농수산식품,농수산식품,HSK-MTI 연계표,956,4,D956,농수산식품
농수산식품,농수산,HSK-MTI 연계표,956,4,D956,농수산식품
농수산식품,수산,HSK-MTI 연계표,956,4,D956,농수산식품
농수산식품,식품,HSK-MTI 연계표,956,4,D956,농수산식품
농수산식품,농수산식품,HSK-MTI 연계표,957,4,D957,농수산식품
농수산식품,농수산,HSK-MTI 연계표,957,4,D957,농수산식품
농수산식품,수산,HSK-MTI 연계표,957,4,D957,농수산식품
농수산식품,식품,HSK-MTI 연계표,957,4,D957,농수산식품
농수산식품,농수산식품,HSK-MTI 연계표,958,4,D958,농수산식품
농수산식품,농수산,HSK-MTI 연계표,958,4,D958,농수산식품
농수산식품,수산,HSK-MTI 연계표,958,4,D958,농수산식품
농수산식품,식품,HSK-MTI 연계표,958,4,D958,농수산식품
농수산식품,농수산식품,HSK-MTI 연계표,959,4,D959,농수산식품
농수산식품,농수산,HSK-MTI 연계표,959,4,D959,농수산식품
농수산식품,수산,HSK-MTI 연계표,959,4,D959,농수산식품
농수산식품,식품,HSK-MTI 연계표,959,4,D959,농수산식품
농수산식품,농수산식품,HSK-MTI 연계표,960,4,D960,농수산식품
농수산식품,농수산,HSK-MTI 연계표,960,4,D960,농수산식품
농수산식품,수산,HSK-MTI 연계표,960,4,D960,농수산식품
농수산식품,식품,HSK-MTI 연계표,960,4,D960,농수산식품
농수산식품,농수산식품,HSK-MTI 연계표,961,4,D961,농수산식품
농수산식품,농수산,HSK-MTI 연계표,961,4,D961,농수산식품
농수산식품,수산,HSK-MTI 연계표,961,4,D961,농수산식품
농수산식품,식품,HSK-MTI 연계표,961,4,D961,농수산식품
농수산식품,농수산식품,HSK-MTI 연계표,962,4,D962,농수산식품
농수산식품,농수산,HSK-MTI 연계표,962,4,D962,농수산식품
농수산식품,수산,HSK-MTI 연계표,962,4,D962,농수산식품
농수산식품,식품,HSK-MTI 연계표,962,4,D962,농수산식품
농수산식품,농수산식품,HSK-MTI 연계표,963,4,D963,농수산식품
농수산식품,농수산,HSK-MTI 연계표,963,4,D963,농수산식품
농수산식품,수산,HSK-MTI 연계표,963,4,D963,농수산식품
농수산식품,식품,HSK-MTI 연계표,963,4,D963,농수산식품
농수산식품,농수산식품,HSK-MTI 연계표,964,4,D964,농수산식품
농수산식품,농수산,HSK-MTI 연계표,964,4,D964,농수산식품
농수산식품,수산,HSK-MTI 연계표,964,4,D964,농수산식품
농수산식품,식품,HSK-MTI 연계표,964,4,D964,농수산식품
농수산식품,농수산식품,HSK-MTI 연계표,965,4,D965,농수산식품
농수산식품,농수산,HSK-MTI 연계표,965,4,D965,농수산식품
농수산식품,수산,HSK-MTI 연계표,965,4,D965,농수산식품
농수산식품,식품,HSK-MTI 연계표,965,4,D965,농수산식품
농수산식품,농수산식품,HSK-MTI 연계표,966,4,D966,농수산식품
농수산식품,농수산,HSK-MTI 연계표,966,4,D966,농수산식품
농수산식품,수산,HSK-MTI 연계표,966,4,D966,농수산식품
농수산식품,식품,HSK-MTI 연계표,966,4,D966,농수산식품
농수산식품,농수산식품,HSK-MTI 연계표,967,4,D967,농수산식품
농수산식품,농수산,HSK-MTI 연계표,967,4,D967,농수산식품
농수산식품,수산,HSK-MTI 연계표,967,4,D967,농수산식품
농수산식품,식품,HSK-MTI 연계표,967,4,D967,농수산식품
농수산식품,농수산식품,HSK-MTI 연계표,968,4,D968,농수산식품
농수산식품,농수산,HSK-MTI 연계표,968,4,D968,농수산식품
농수산식품,수산,HSK-MTI 연계표,968,4,D968,농수산식품
농수산식품,식품,HSK-MTI 연계표,968,4,D968,농수산식품
농수산식품,농수산식품,HSK-MTI 연계표,969,4,D969,농수산식품
농수산식품,농수산,HSK-MTI 연계표,969,4,D969,농수산식품
농수산식품,수산,HSK-MTI 연계표,969,4,D969,농수산식품
농수산식품,식품,HSK-MTI 연계표,969,4,D969,농수산식품
농수산식품,농수산식품,HSK-MTI 연계표,970,4,D970,농수산식품
농수산식품,농수산,HSK-MTI 연계표,970,4,D970,농수산식품
농수산식품,수산,HSK-MTI 연계표,970,4,D970,농수산식품
농수산식품,식품,HSK-MTI 연계표,970,4,D970,농수산식품
농수산식품,농수산식품,HSK-MTI 연계표,971,4,D971,농수산식품
농수산식품,농수산,HSK-MTI 연계표,971,4,D971,농수산식품
농수산식품,수산,HSK-MTI 연계표,971,4,D971,농수산식품
농수산식품,식품,HSK-MTI 연계표,971,4,D971,농수산식품
농수산식품,농수산식품,HSK-MTI 연계표,972,4,D972,농수산식품
농수산식품,농수산,HSK-MTI 연계표,972,4,D972,농수산식품
농수산식품,수산,HSK-MTI 연계표,972,4,D972,농수산식품
농수산식품,식품,HSK-MTI 연계표,972,4,D972,농수산식품
농수산식품,농수산식품,HSK-MTI 연계표,973,4,D973,농수산식품
농수산식품,농수산,HSK-MTI 연계표,973,4,D973,농수산식품
농수산식품,수산,HSK-MTI 연계표,973,4,D973,농수산식품
농수산식품,식품,HSK-MTI 연계표,973,4,D973,농수산식품
농수산식품,농수산식품,HSK-MTI 연계표,974,4,D974,농수산식품
농수산식품,농수산,HSK-MTI 연계표,974,4,D974,농수산식품
농수산식품,수산,HSK-MTI 연계표,974,4,D974,농수산식품
농수산식품,식품,HSK-MTI 연계표,974,4,D974,농수산식품
농수산식품,농수산식품,HSK-MTI 연계표,975,4,D975,농수산식품
농수산식품,농수산,HSK-MTI 연계표,975,4,D975,농수산식품
농수산식품,수산,HSK-MTI 연계표,975,4,D975,농수산식품
농수산식품,식품,HSK-MTI 연계표,975,4,D975,농수산식품
농수산식품,농수산식품,HSK-MTI 연계표,976,4,D976,농수산식품
농수산식품,농수산,HSK-MTI 연계표,976,4,D976,농수산식품
농수산식품,수산,HSK-MTI 연계표,976,4,D976,농수산식품
농수산식품,식품,HSK-MTI 연계표,976,4,D976,농수산식품
농수산식품,농수산식품,HSK-MTI 연계표,977,4,D977,농수산식품
농수산식품,농수산,HSK-MTI 연계표,977,4,D977,농수산식품
농수산식품,수산,HSK-MTI 연계표,977,4,D977,농수산식품
농수산식품,식품,HSK-MTI 연계표,977,4,D977,농수산식품
농수산식품,농수산식품,HSK-MTI 연계표,978,4,D978,농수산식품
농수산식품,농수산,HSK-MTI 연계표,978,4,D978,농수산식품
농수산식품,수산,HSK-MTI 연계표,978,4,D978,농수산식품
농수산식품,식품,HSK-MTI 연계표,978,4,D978,농수산식품
농수산식품,농수산식품,HSK-MTI 연계표,979,4,D979,농수산식품
농수산식품,농수산,HSK-MTI 연계표,979,4,D979,농수산식품
농수산식품,수산,HSK-MTI 연계표,979,4,D979,농수산식품
농수산식품,식품,HSK-MTI 연계표,979,4,D979,농수산식품
농수산식품,농수산식품,HSK-MTI 연계표,980,4,D980,농수산식품
농수산식품,농수산,HSK-MTI 연계표,980,4,D980,농수산식품
농수산식품,수산,HSK-MTI 연계표,980,4,D980,농수산식품
농수산식품,식품,HSK-MTI 연계표,980,4,D980,농수산식품
농수산식품,농수산식품,HSK-MTI 연계표,981,4,D981,농수산식품
농수산식품,농수산,HSK-MTI 연계표,981,4,D981,농수산식품
농수산식품,수산,HSK-MTI 연계표,981,4,D981,농수산식품
농수산식품,식품,HSK-MTI 연계표,981,4,D981,농수산식품
농수산식품,농수산식품,HSK-MTI 연계표,982,4,D982,농수산식품
농수산식품,농수산,HSK-MTI 연계표,982,4,D982,농수산식품
농수산식품,수산,HSK-MTI 연계표,982,4,D982,농수산식품
농수산식품,식품,HSK-MTI 연계표,982,4,D982,농수산식품
농수산식품,농수산식품,HSK-MTI 연계표,983,4,D983,농수산식품
농수산식품,농수산,HSK-MTI 연계표,983,4,D983,농수산식품
농수산식품,수산,HSK-MTI 연계표,983,4,D983,농수산식품
농수산식품,식품,HSK-MTI 연계표,983,4,D983,농수산식품
농수산식품,농수산식품,HSK-MTI 연계표,984,4,D984,농수산식품
농수산식품,농수산,HSK-MTI 연계표,984,4,D984,농수산식품
농수산식품,수산,HSK-MTI 연계표,984,4,D984,농수산식품
농수산식품,식품,HSK-MTI 연계표,984,4,D984,농수산식품
농수산식품,농수산식품,HSK-MTI 연계표,985,4,D985,농수산식품
농수산식품,농수산,HSK-MTI 연계표,985,4,D985,농수산식품
농수산식품,수산,HSK-MTI 연계표,985,4,D985,농수산식품
농수산식품,식품,HSK-MTI 연계표,985,4,D985,농수산식품
농수산식품,농수산식품,HSK-MTI 연계표,986,4,D986,농수산식품
농수산식품,농수산,HSK-MTI 연계표,986,4,D986,농수산식품
농수산식품,수산,HSK-MTI 연계표,986,4,D986,농수산식품
농수산식품,식품,HSK-MTI 연계표,986,4,D986,농수산식품
농수산식품,농수산식품,HSK-MTI 연계표,987,4,D987,농수산식품
농수산식품,농수산,HSK-MTI 연계표,987,4,D987,농수산식품
농수산식품,수산,HSK-MTI 연계표,987,4,D987,농수산식품
농수산식품,식품,HSK-MTI 연계표,987,4,D987,농수산식품
농수산식품,농수산식품,HSK-MTI 연계표,988,4,D988,농수산식품
농수산식품,농수산,HSK-MTI 연계표,988,4,D988,농수산식품
농수산식품,수산,HSK-MTI 연계표,988,4,D988,농수산식품
농수산식품,식품,HSK-MTI 연계표,988,4,D988,농수산식품
농수산식품,농수산식품,HSK-MTI 연계표,989,4,D989,농수산식품
농수산식품,농수산,HSK-MTI 연계표,989,4,D989,농수산식품
농수산식품,수산,HSK-MTI 연계표,989,4,D989,농수산식품
농수산식품,식품,HSK-MTI 연계표,989,4,D989,농수산식품
농수산식품,농수산식품,HSK-MTI 연계표,990,4,D990,농수산식품
농수산식품,농수산,HSK-MTI 연계표,990,4,D990,농수산식품
농수산식품,수산,HSK-MTI 연계표,990,4,D990,농수산식품
농수산식품,식품,HSK-MTI 연계표,990,4,D990,농수산식품
농수산식품,농수산식품,HSK-MTI 연계표,991,4,D991,농수산식품
농수산식품,농수산,HSK-MTI 연계표,991,4,D991,농수산식품
농수산식품,수산,HSK-MTI 연계표,991,4,D991,농수산식품
농수산식품,식품,HSK-MTI 연계표,991,4,D991,농수산식품
농수산식품,농수산식품,HSK-MTI 연계표,992,4,D992,농수산식품
농수산식품,농수산,HSK-MTI 연계표,992,4,D992,농수산식품
농수산식품,수산,HSK-MTI 연계표,992,4,D992,농수산식품
농수산식품,식품,HSK-MTI 연계표,992,4,D992,농수산식품
농수산식품,농수산식품,HSK-MTI 연계표,993,4,D993,농수산식품
농수산식품,농수산,HSK-MTI 연계표,993,4,D993,농수산식품
농수산식품,수산,HSK-MTI 연계표,993,4,D993,농수산식품
농수산식품,식품,HSK-MTI 연계표,993,4,D993,농수산식품
농수산식품,농수산식품,HSK-MTI 연계표,994,4,D994,농수산식품
농수산식품,농수산,HSK-MTI 연계표,994,4,D994,농수산식품
농수산식품,수산,HSK-MTI 연계표,994,4,D994,농수산식품
농수산식품,식품,HSK-MTI 연계표,994,4,D994,농수산식품
농수산식품,농수산식품,HSK-MTI 연계표,995,4,D995,농수산식품
농수산식품,농수산,HSK-MTI 연계표,995,4,D995,농수산식품
농수산식품,수산,HSK-MTI 연계표,995,4,D995,농수산식품
농수산식품,식품,HSK-MTI 연계표,995,4,D995,농수산식품
농수산식품,농수산식품,HSK-MTI 연계표,996,4,D996,농수산식품
농수산식품,농수산,HSK-MTI 연계표,996,4,D996,농수산식품
농수산식품,수산,HSK-MTI 연계표,996,4,D996,농수산식품
농수산식품,식품,HSK-MTI 연계표,996,4,D996,농수산식품
농수산식품,농수산식품,HSK-MTI 연계표,997,4,D997,농수산식품
농수산식품,농수산,HSK-MTI 연계표,997,4,D997,농수산식품
농수산식품,수산,HSK-MTI 연계표,997,4,D997,농수산식품
농수산식품,식품,HSK-MTI 연계표,997,4,D997,농수산식품
농수산식품,농수산식품,HSK-MTI 연계표,998,4,D998,농수산식품
농수산식품,농수산,HSK-MTI 연계표,998,4,D998,농수산식품
농수산식품,수산,HSK-MTI 연계표,998,4,D998,농수산식품
농수산식품,식품,HSK-MTI 연계표,998,4,D998,농수산식품
농수산식품,농수산식품,HSK-MTI 연계표,999,4,D999,농수산식품
농수산식품,농수산,HSK-MTI 연계표,999,4,D999,농수산식품
농수산식품,수산,HSK-MTI 연계표,999,4,D999,농수산식품
농수산식품,식품,HSK-MTI 연계표,999,4,D999,농수산식품
농수산식품,농수산식품,HSK-MTI 연계표,1000,4,D1000,농수산식품
농수산식품,농수산,HSK-MTI 연계표,1000,4,D1000,농수산식품
농수산식품,수산,HSK-MTI 연계표,1000,4,D1000,농수산식품
농수산식품,식품,HSK-MTI 연계표,1000,4,D1000,농수산식품
농수산식품,농수산식품,HSK-MTI 연계표,1001,4,D1001,농수산식품
농수산식품,농수산,HSK-MTI 연계표,1001,4,D1001,농수산식품
농수산식품,수산,HSK-MTI 연계표,1001,4,D1001,농수산식품
농수산식품,식품,HSK-MTI 연계표,1001,4,D1001,농수산식품
농수산식품,농수산식품,HSK-MTI 연계표,1002,4,D1002,농수산식품
농수산식품,농수산,HSK-MTI 연계표,1002,4,D1002,농수산식품
농수산식품,수산,HSK-MTI 연계표,1002,4,D1002,농수산식품
농수산식품,식품,HSK-MTI 연계표,1002,4,D1002,농수산식품
농수산식품,농수산식품,HSK-MTI 연계표,1003,4,D1003,농수산식품
농수산식품,농수산,HSK-MTI 연계표,1003,4,D1003,농수산식품
농수산식품,수산,HSK-MTI 연계표,1003,4,D1003,농수산식품
농수산식품,식품,HSK-MTI 연계표,1003,4,D1003,농수산식품
농수산식품,농수산식품,HSK-MTI 연계표,1004,4,D1004,농수산식품
농수산식품,농수산,HSK-MTI 연계표,1004,4,D1004,농수산식품
농수산식품,수산,HSK-MTI 연계표,1004,4,D1004,농수산식품
농수산식품,식품,HSK-MTI 연계표,1004,4,D1004,농수산식품
농수산식품,농수산식품,HSK-MTI 연계표,1005,4,D1005,농수산식품
농수산식품,농수산,HSK-MTI 연계표,1005,4,D1005,농수산식품
농수산식품,수산,HSK-MTI 연계표,1005,4,D1005,농수산식품
농수산식품,식품,HSK-MTI 연계표,1005,4,D1005,농수산식품
농수산식품,농수산식품,HSK-MTI 연계표,1006,4,D1006,농수산식품
농수산식품,농수산,HSK-MTI 연계표,1006,4,D1006,농수산식품
농수산식품,수산,HSK-MTI 연계표,1006,4,D1006,농수산식품
농수산식품,식품,HSK-MTI 연계표,1006,4,D1006,농수산식품
농수산식품,농수산식품,HSK-MTI 연계표,1007,4,D1007,농수산식품
농수산식품,농수산,HSK-MTI 연계표,1007,4,D1007,농수산식품
농수산식품,수산,HSK-MTI 연계표,1007,4,D1007,농수산식품
농수산식품,식품,HSK-MTI 연계표,1007,4,D1007,농수산식품
농수산식품,농수산식품,HSK-MTI 연계표,1008,4,D1008,농수산식품
농수산식품,농수산,HSK-MTI 연계표,1008,4,D1008,농수산식품
농수산식품,수산,HSK-MTI 연계표,1008,4,D1008,농수산식품
농수산식품,식품,HSK-MTI 연계표,1008,4,D1008,농수산식품
농수산식품,농수산식품,HSK-MTI 연계표,1009,4,D1009,농수산식품
농수산식품,농수산,HSK-MTI 연계표,1009,4,D1009,농수산식품
농수산식품,수산,HSK-MTI 연계표,1009,4,D1009,농수산식품
농수산식품,식품,HSK-MTI 연계표,1009,4,D1009,농수산식품
농수산식품,농수산식품,HSK-MTI 연계표,1010,4,D1010,농수산식품
농수산식품,농수산,HSK-MTI 연계표,1010,4,D1010,농수산식품
농수산식품,수산,HSK-MTI 연계표,1010,4,D1010,농수산식품
농수산식품,식품,HSK-MTI 연계표,1010,4,D1010,농수산식품
농수산식품,농수산식품,HSK-MTI 연계표,1011,4,D1011,농수산식품
농수산식품,농수산,HSK-MTI 연계표,1011,4,D1011,농수산식품
농수산식품,수산,HSK-MTI 연계표,1011,4,D1011,농수산식품
농수산식품,식품,HSK-MTI 연계표,1011,4,D1011,농수산식품
농수산식품,농수산식품,HSK-MTI 연계표,1012,4,D1012,농수산식품
농수산식품,농수산,HSK-MTI 연계표,1012,4,D1012,농수산식품
농수산식품,수산,HSK-MTI 연계표,1012,4,D1012,농수산식품
농수산식품,식품,HSK-MTI 연계표,1012,4,D1012,농수산식품
농수산식품,농수산식품,HSK-MTI 연계표,1013,4,D1013,농수산식품
농수산식품,농수산,HSK-MTI 연계표,1013,4,D1013,농수산식품
농수산식품,수산,HSK-MTI 연계표,1013,4,D1013,농수산식품
농수산식품,식품,HSK-MTI 연계표,1013,4,D1013,농수산식품
농수산식품,농수산식품,HSK-MTI 연계표,1014,4,D1014,농수산식품
농수산식품,농수산,HSK-MTI 연계표,1014,4,D1014,농수산식품
농수산식품,수산,HSK-MTI 연계표,1014,4,D1014,농수산식품
농수산식품,식품,HSK-MTI 연계표,1014,4,D1014,농수산식품
농수산식품,농수산식품,HSK-MTI 연계표,1015,4,D1015,농수산식품
농수산식품,농수산,HSK-MTI 연계표,1015,4,D1015,농수산식품
농수산식품,수산,HSK-MTI 연계표,1015,4,D1015,농수산식품
농수산식품,식품,HSK-MTI 연계표,1015,4,D1015,농수산식품
농수산식품,농수산식품,HSK-MTI 연계표,1016,4,D1016,농수산식품
농수산식품,농수산,HSK-MTI 연계표,1016,4,D1016,농수산식품
농수산식품,수산,HSK-MTI 연계표,1016,4,D1016,농수산식품
농수산식품,식품,HSK-MTI 연계표,1016,4,D1016,농수산식품
농수산식품,농수산식품,HSK-MTI 연계표,1017,4,D1017,농수산식품
농수산식품,농수산,HSK-MTI 연계표,1017,4,D1017,농수산식품
농수산식품,수산,HSK-MTI 연계표,1017,4,D1017,농수산식품
농수산식품,식품,HSK-MTI 연계표,1017,4,D1017,농수산식품
농수산식품,농수산식품,HSK-MTI 연계표,1018,4,D1018,농수산식품
농수산식품,농수산,HSK-MTI 연계표,1018,4,D1018,농수산식품
농수산식품,수산,HSK-MTI 연계표,1018,4,D1018,농수산식품
농수산식품,식품,HSK-MTI 연계표,1018,4,D1018,농수산식품
농수산식품,농수산식품,HSK-MTI 연계표,1019,4,D1019,농수산식품
농수산식품,농수산,HSK-MTI 연계표,1019,4,D1019,농수산식품
농수산식품,수산,HSK-MTI 연계표,1019,4,D1019,농수산식품
농수산식품,식품,HSK-MTI 연계표,1019,4,D1019,농수산식품
농수산식품,농수산식품,HSK-MTI 연계표,1020,4,D1020,농수산식품
농수산식품,농수산,HSK-MTI 연계표,1020,4,D1020,농수산식품
농수산식품,수산,HSK-MTI 연계표,1020,4,D1020,농수산식품
농수산식품,식품,HSK-MTI 연계표,1020,4,D1020,농수산식품
농수산식품,농수산식품,HSK-MTI 연계표,1021,4,D1021,농수산식품
농수산식품,농수산,HSK-MTI 연계표,1021,4,D1021,농수산식품
농수산식품,수산,HSK-MTI 연계표,1021,4,D1021,농수산식품
농수산식품,식품,HSK-MTI 연계표,1021,4,D1021,농수산식품
농수산식품,농수산식품,HSK-MTI 연계표,1022,4,D1022,농수산식품
농수산식품,농수산,HSK-MTI 연계표,1022,4,D1022,농수산식품
농수산식품,수산,HSK-MTI 연계표,1022,4,D1022,농수산식품
농수산식품,식품,HSK-MTI 연계표,1022,4,D1022,농수산식품
농수산식품,농수산식품,HSK-MTI 연계표,1023,4,D1023,농수산식품
농수산식품,농수산,HSK-MTI 연계표,1023,4,D1023,농수산식품
농수산식품,수산,HSK-MTI 연계표,1023,4,D1023,농수산식품
농수산식품,식품,HSK-MTI 연계표,1023,4,D1023,농수산식품
농수산식품,농수산식품,HSK-MTI 연계표,1024,4,D1024,농수산식품
농수산식품,농수산,HSK-MTI 연계표,1024,4,D1024,농수산식품
농수산식품,수산,HSK-MTI 연계표,1024,4,D1024,농수산식품
농수산식품,식품,HSK-MTI 연계표,1024,4,D1024,농수산식품
농수산식품,농수산식품,HSK-MTI 연계표,1025,4,D1025,농수산식품
농수산식품,농수산,HSK-MTI 연계표,1025,4,D1025,농수산식품
농수산식품,수산,HSK-MTI 연계표,1025,4,D1025,농수산식품
농수산식품,식품,HSK-MTI 연계표,1025,4,D1025,농수산식품
농수산식품,농수산식품,HSK-MTI 연계표,1026,4,D1026,농수산식품
농수산식품,농수산,HSK-MTI 연계표,1026,4,D1026,농수산식품
농수산식품,수산,HSK-MTI 연계표,1026,4,D1026,농수산식품
농수산식품,식품,HSK-MTI 연계표,1026,4,D1026,농수산식품
농수산식품,농수산식품,HSK-MTI 연계표,1027,4,D1027,농수산식품
농수산식품,농수산,HSK-MTI 연계표,1027,4,D1027,농수산식품
농수산식품,수산,HSK-MTI 연계표,1027,4,D1027,농수산식품
농수산식품,식품,HSK-MTI 연계표,1027,4,D1027,농수산식품
농수산식품,농수산식품,HSK-MTI 연계표,1028,4,D1028,농수산식품
농수산식품,농수산,HSK-MTI 연계표,1028,4,D1028,농수산식품
농수산식품,수산,HSK-MTI 연계표,1028,4,D1028,농수산식품
농수산식품,식품,HSK-MTI 연계표,1028,4,D1028,농수산식품
농수산식품,농수산식품,HSK-MTI 연계표,1029,4,D1029,농수산식품
농수산식품,농수산,HSK-MTI 연계표,1029,4,D1029,농수산식품
농수산식품,수산,HSK-MTI 연계표,1029,4,D1029,농수산식품
농수산식품,식품,HSK-MTI 연계표,1029,4,D1029,농수산식품
농수산식품,농수산식품,HSK-MTI 연계표,1030,4,D1030,농수산식품
농수산식품,농수산,HSK-MTI 연계표,1030,4,D1030,농수산식품
농수산식품,수산,HSK-MTI 연계표,1030,4,D1030,농수산식품
농수산식품,식품,HSK-MTI 연계표,1030,4,D1030,농수산식품
농수산식품,농수산식품,HSK-MTI 연계표,1031,4,D1031,농수산식품
농수산식품,농수산,HSK-MTI 연계표,1031,4,D1031,농수산식품
농수산식품,수산,HSK-MTI 연계표,1031,4,D1031,농수산식품
농수산식품,식품,HSK-MTI 연계표,1031,4,D1031,농수산식품
농수산식품,농수산식품,HSK-MTI 연계표,1032,4,D1032,농수산식품
농수산식품,농수산,HSK-MTI 연계표,1032,4,D1032,농수산식품
농수산식품,수산,HSK-MTI 연계표,1032,4,D1032,농수산식품
농수산식품,식품,HSK-MTI 연계표,1032,4,D1032,농수산식품
농수산식품,농수산식품,HSK-MTI 연계표,1033,4,D1033,농수산식품
농수산식품,농수산,HSK-MTI 연계표,1033,4,D1033,농수산식품
농수산식품,수산,HSK-MTI 연계표,1033,4,D1033,농수산식품
농수산식품,식품,HSK-MTI 연계표,1033,4,D1033,농수산식품
농수산식품,농수산식품,HSK-MTI 연계표,1034,4,D1034,농수산식품
농수산식품,농수산,HSK-MTI 연계표,1034,4,D1034,농수산식품
농수산식품,수산,HSK-MTI 연계표,1034,4,D1034,농수산식품
농수산식품,식품,HSK-MTI 연계표,1034,4,D1034,농수산식품
농수산식품,농수산식품,HSK-MTI 연계표,1035,4,D1035,농수산식품
농수산식품,농수산,HSK-MTI 연계표,1035,4,D1035,농수산식품
농수산식품,수산,HSK-MTI 연계표,1035,4,D1035,농수산식품
농수산식품,식품,HSK-MTI 연계표,1035,4,D1035,농수산식품
농수산식품,농수산식품,HSK-MTI 연계표,1036,4,D1036,농수산식품
농수산식품,농수산,HSK-MTI 연계표,1036,4,D1036,농수산식품
농수산식품,수산,HSK-MTI 연계표,1036,4,D1036,농수산식품
농수산식품,식품,HSK-MTI 연계표,1036,4,D1036,농수산식품
농수산식품,농수산식품,HSK-MTI 연계표,1037,4,D1037,농수산식품
농수산식품,농수산,HSK-MTI 연계표,1037,4,D1037,농수산식품
농수산식품,수산,HSK-MTI 연계표,1037,4,D1037,농수산식품
농수산식품,식품,HSK-MTI 연계표,1037,4,D1037,농수산식품
농수산식품,농수산식품,HSK-MTI 연계표,1038,4,D1038,농수산식품
농수산식품,농수산,HSK-MTI 연계표,1038,4,D1038,농수산식품
농수산식품,수산,HSK-MTI 연계표,1038,4,D1038,농수산식품
농수산식품,식품,HSK-MTI 연계표,1038,4,D1038,농수산식품
농수산식품,농수산식품,HSK-MTI 연계표,1039,4,D1039,농수산식품
농수산식품,농수산,HSK-MTI 연계표,1039,4,D1039,농수산식품
농수산식품,수산,HSK-MTI 연계표,1039,4,D1039,농수산식품
농수산식품,식품,HSK-MTI 연계표,1039,4,D1039,농수산식품
농수산식품,농수산식품,HSK-MTI 연계표,1040,4,D1040,농수산식품
농수산식품,농수산,HSK-MTI 연계표,1040,4,D1040,농수산식품
농수산식품,수산,HSK-MTI 연계표,1040,4,D1040,농수산식품
농수산식품,식품,HSK-MTI 연계표,1040,4,D1040,농수산식품
농수산식품,농수산식품,HSK-MTI 연계표,1041,4,D1041,농수산식품
농수산식품,농수산,HSK-MTI 연계표,1041,4,D1041,농수산식품
농수산식품,수산,HSK-MTI 연계표,1041,4,D1041,농수산식품
농수산식품,식품,HSK-MTI 연계표,1041,4,D1041,농수산식품
농수산식품,농수산식품,HSK-MTI 연계표,1042,4,D1042,농수산식품
농수산식품,농수산,HSK-MTI 연계표,1042,4,D1042,농수산식품
농수산식품,수산,HSK-MTI 연계표,1042,4,D1042,농수산식품
농수산식품,식품,HSK-MTI 연계표,1042,4,D1042,농수산식품
농수산식품,농수산식품,HSK-MTI 연계표,1043,4,D1043,농수산식품
농수산식품,농수산,HSK-MTI 연계표,1043,4,D1043,농수산식품
농수산식품,수산,HSK-MTI 연계표,1043,4,D1043,농수산식품
농수산식품,식품,HSK-MTI 연계표,1043,4,D1043,농수산식품
농수산식품,농수산식품,HSK-MTI 연계표,1044,4,D1044,농수산식품
농수산식품,농수산,HSK-MTI 연계표,1044,4,D1044,농수산식품
농수산식품,수산,HSK-MTI 연계표,1044,4,D1044,농수산식품
농수산식품,식품,HSK-MTI 연계표,1044,4,D1044,농수산식품
농수산식품,농수산식품,HSK-MTI 연계표,1045,4,D1045,농수산식품
농수산식품,농수산,HSK-MTI 연계표,1045,4,D1045,농수산식품
농수산식품,수산,HSK-MTI 연계표,1045,4,D1045,농수산식품
농수산식품,식품,HSK-MTI 연계표,1045,4,D1045,농수산식품
농수산식품,농수산식품,HSK-MTI 연계표,1046,4,D1046,농수산식품
농수산식품,농수산,HSK-MTI 연계표,1046,4,D1046,농수산식품
농수산식품,수산,HSK-MTI 연계표,1046,4,D1046,농수산식품
농수산식품,식품,HSK-MTI 연계표,1046,4,D1046,농수산식품
농수산식품,농수산식품,HSK-MTI 연계표,1047,4,D1047,농수산식품
농수산식품,농수산,HSK-MTI 연계표,1047,4,D1047,농수산식품
농수산식품,수산,HSK-MTI 연계표,1047,4,D1047,농수산식품
농수산식품,식품,HSK-MTI 연계표,1047,4,D1047,농수산식품
농수산식품,농수산식품,HSK-MTI 연계표,1048,4,D1048,농수산식품
농수산식품,농수산,HSK-MTI 연계표,1048,4,D1048,농수산식품
농수산식품,수산,HSK-MTI 연계표,1048,4,D1048,농수산식품
농수산식품,식품,HSK-MTI 연계표,1048,4,D1048,농수산식품
농수산식품,농수산식품,HSK-MTI 연계표,1049,4,D1049,농수산식품
농수산식품,농수산,HSK-MTI 연계표,1049,4,D1049,농수산식품
농수산식품,수산,HSK-MTI 연계표,1049,4,D1049,농수산식품
농수산식품,식품,HSK-MTI 연계표,1049,4,D1049,농수산식품
농수산식품,농수산식품,HSK-MTI 연계표,1050,4,D1050,농수산식품
농수산식품,농수산,HSK-MTI 연계표,1050,4,D1050,농수산식품
농수산식품,수산,HSK-MTI 연계표,1050,4,D1050,농수산식품
농수산식품,식품,HSK-MTI 연계표,1050,4,D1050,농수산식품
농수산식품,농수산식품,HSK-MTI 연계표,1051,4,D1051,농수산식품
농수산식품,농수산,HSK-MTI 연계표,1051,4,D1051,농수산식품
농수산식품,수산,HSK-MTI 연계표,1051,4,D1051,농수산식품
농수산식품,식품,HSK-MTI 연계표,1051,4,D1051,농수산식품
농수산식품,농수산식품,HSK-MTI 연계표,1052,4,D1052,농수산식품
농수산식품,농수산,HSK-MTI 연계표,1052,4,D1052,농수산식품
농수산식품,수산,HSK-MTI 연계표,1052,4,D1052,농수산식품
농수산식품,식품,HSK-MTI 연계표,1052,4,D1052,농수산식품
농수산식품,농수산식품,HSK-MTI 연계표,1053,4,D1053,농수산식품
농수산식품,농수산,HSK-MTI 연계표,1053,4,D1053,농수산식품
농수산식품,수산,HSK-MTI 연계표,1053,4,D1053,농수산식품
농수산식품,식품,HSK-MTI 연계표,1053,4,D1053,농수산식품
농수산식품,농수산식품,HSK-MTI 연계표,1054,4,D1054,농수산식품
농수산식품,농수산,HSK-MTI 연계표,1054,4,D1054,농수산식품
농수산식품,수산,HSK-MTI 연계표,1054,4,D1054,농수산식품
농수산식품,식품,HSK-MTI 연계표,1054,4,D1054,농수산식품
농수산식품,농수산식품,HSK-MTI 연계표,1055,4,D1055,농수산식품
농수산식품,농수산,HSK-MTI 연계표,1055,4,D1055,농수산식품
농수산식품,수산,HSK-MTI 연계표,1055,4,D1055,농수산식품
농수산식품,식품,HSK-MTI 연계표,1055,4,D1055,농수산식품
농수산식품,농수산식품,HSK-MTI 연계표,1056,4,D1056,농수산식품
농수산식품,농수산,HSK-MTI 연계표,1056,4,D1056,농수산식품
농수산식품,수산,HSK-MTI 연계표,1056,4,D1056,농수산식품
농수산식품,식품,HSK-MTI 연계표,1056,4,D1056,농수산식품
농수산식품,농수산식품,HSK-MTI 연계표,1057,4,D1057,농수산식품
농수산식품,농수산,HSK-MTI 연계표,1057,4,D1057,농수산식품
농수산식품,수산,HSK-MTI 연계표,1057,4,D1057,농수산식품
농수산식품,식품,HSK-MTI 연계표,1057,4,D1057,농수산식품
농수산식품,농수산식품,HSK-MTI 연계표,1058,4,D1058,농수산식품
농수산식품,농수산,HSK-MTI 연계표,1058,4,D1058,농수산식품
농수산식품,수산,HSK-MTI 연계표,1058,4,D1058,농수산식품
농수산식품,식품,HSK-MTI 연계표,1058,4,D1058,농수산식품
농수산식품,농수산식품,HSK-MTI 연계표,1059,4,D1059,농수산식품
농수산식품,농수산,HSK-MTI 연계표,1059,4,D1059,농수산식품
농수산식품,수산,HSK-MTI 연계표,1059,4,D1059,농수산식품
농수산식품,식품,HSK-MTI 연계표,1059,4,D1059,농수산식품
농수산식품,농수산식품,HSK-MTI 연계표,1060,4,D1060,농수산식품
농수산식품,농수산,HSK-MTI 연계표,1060,4,D1060,농수산식품
농수산식품,수산,HSK-MTI 연계표,1060,4,D1060,농수산식품
농수산식품,식품,HSK-MTI 연계표,1060,4,D1060,농수산식품
농수산식품,농수산식품,HSK-MTI 연계표,1061,4,D1061,농수산식품
농수산식품,농수산,HSK-MTI 연계표,1061,4,D1061,농수산식품
농수산식품,수산,HSK-MTI 연계표,1061,4,D1061,농수산식품
농수산식품,식품,HSK-MTI 연계표,1061,4,D1061,농수산식품
농수산식품,농수산식품,HSK-MTI 연계표,1062,4,D1062,농수산식품
농수산식품,농수산,HSK-MTI 연계표,1062,4,D1062,농수산식품
농수산식품,수산,HSK-MTI 연계표,1062,4,D1062,농수산식품
농수산식품,식품,HSK-MTI 연계표,1062,4,D1062,농수산식품
농수산식품,농수산식품,HSK-MTI 연계표,1063,4,D1063,농수산식품
농수산식품,농수산,HSK-MTI 연계표,1063,4,D1063,농수산식품
농수산식품,수산,HSK-MTI 연계표,1063,4,D1063,농수산식품
농수산식품,식품,HSK-MTI 연계표,1063,4,D1063,농수산식품
농수산식품,농수산식품,HSK-MTI 연계표,1064,4,D1064,농수산식품
농수산식품,농수산,HSK-MTI 연계표,1064,4,D1064,농수산식품
농수산식품,수산,HSK-MTI 연계표,1064,4,D1064,농수산식품
농수산식품,식품,HSK-MTI 연계표,1064,4,D1064,농수산식품
농수산식품,농수산식품,HSK-MTI 연계표,1065,4,D1065,농수산식품
농수산식품,농수산,HSK-MTI 연계표,1065,4,D1065,농수산식품
농수산식품,수산,HSK-MTI 연계표,1065,4,D1065,농수산식품
농수산식품,식품,HSK-MTI 연계표,1065,4,D1065,농수산식품
농수산식품,농수산식품,HSK-MTI 연계표,1066,4,D1066,농수산식품
농수산식품,농수산,HSK-MTI 연계표,1066,4,D1066,농수산식품
농수산식품,수산,HSK-MTI 연계표,1066,4,D1066,농수산식품
농수산식품,식품,HSK-MTI 연계표,1066,4,D1066,농수산식품
농수산식품,농수산식품,HSK-MTI 연계표,1067,4,D1067,농수산식품
농수산식품,농수산,HSK-MTI 연계표,1067,4,D1067,농수산식품
농수산식품,수산,HSK-MTI 연계표,1067,4,D1067,농수산식품
농수산식품,식품,HSK-MTI 연계표,1067,4,D1067,농수산식품
농수산식품,농수산식품,HSK-MTI 연계표,1068,4,D1068,농수산식품
농수산식품,농수산,HSK-MTI 연계표,1068,4,D1068,농수산식품
농수산식품,수산,HSK-MTI 연계표,1068,4,D1068,농수산식품
농수산식품,식품,HSK-MTI 연계표,1068,4,D1068,농수산식품
농수산식품,농수산식품,HSK-MTI 연계표,1069,4,D1069,농수산식품
농수산식품,농수산,HSK-MTI 연계표,1069,4,D1069,농수산식품
농수산식품,수산,HSK-MTI 연계표,1069,4,D1069,농수산식품
농수산식품,식품,HSK-MTI 연계표,1069,4,D1069,농수산식품
농수산식품,농수산식품,HSK-MTI 연계표,1070,4,D1070,농수산식품
농수산식품,농수산,HSK-MTI 연계표,1070,4,D1070,농수산식품
농수산식품,수산,HSK-MTI 연계표,1070,4,D1070,농수산식품
농수산식품,식품,HSK-MTI 연계표,1070,4,D1070,농수산식품
농수산식품,농수산식품,HSK-MTI 연계표,1071,4,D1071,농수산식품
농수산식품,농수산,HSK-MTI 연계표,1071,4,D1071,농수산식품
농수산식품,수산,HSK-MTI 연계표,1071,4,D1071,농수산식품
농수산식품,식품,HSK-MTI 연계표,1071,4,D1071,농수산식품
농수산식품,농수산식품,HSK-MTI 연계표,1072,4,D1072,농수산식품
농수산식품,농수산,HSK-MTI 연계표,1072,4,D1072,농수산식품
농수산식품,수산,HSK-MTI 연계표,1072,4,D1072,농수산식품
농수산식품,식품,HSK-MTI 연계표,1072,4,D1072,농수산식품
농수산식품,농수산식품,HSK-MTI 연계표,1073,4,D1073,농수산식품
농수산식품,농수산,HSK-MTI 연계표,1073,4,D1073,농수산식품
농수산식품,수산,HSK-MTI 연계표,1073,4,D1073,농수산식품
농수산식품,식품,HSK-MTI 연계표,1073,4,D1073,농수산식품
농수산식품,농수산식품,HSK-MTI 연계표,1074,4,D1074,농수산식품
농수산식품,농수산,HSK-MTI 연계표,1074,4,D1074,농수산식품
농수산식품,수산,HSK-MTI 연계표,1074,4,D1074,농수산식품
농수산식품,식품,HSK-MTI 연계표,1074,4,D1074,농수산식품
농수산식품,농수산식품,HSK-MTI 연계표,1075,4,D1075,농수산식품
농수산식품,농수산,HSK-MTI 연계표,1075,4,D1075,농수산식품
농수산식품,수산,HSK-MTI 연계표,1075,4,D1075,농수산식품
농수산식품,식품,HSK-MTI 연계표,1075,4,D1075,농수산식품
농수산식품,농수산식품,HSK-MTI 연계표,1076,4,D1076,농수산식품
농수산식품,농수산,HSK-MTI 연계표,1076,4,D1076,농수산식품
농수산식품,수산,HSK-MTI 연계표,1076,4,D1076,농수산식품
농수산식품,식품,HSK-MTI 연계표,1076,4,D1076,농수산식품
농수산식품,농수산식품,HSK-MTI 연계표,1077,4,D1077,농수산식품
농수산식품,농수산,HSK-MTI 연계표,1077,4,D1077,농수산식품
농수산식품,수산,HSK-MTI 연계표,1077,4,D1077,농수산식품
농수산식품,식품,HSK-MTI 연계표,1077,4,D1077,농수산식품
농수산식품,농수산식품,HSK-MTI 연계표,1078,4,D1078,농수산식품
농수산식품,농수산,HSK-MTI 연계표,1078,4,D1078,농수산식품
농수산식품,수산,HSK-MTI 연계표,1078,4,D1078,농수산식품
농수산식품,식품,HSK-MTI 연계표,1078,4,D1078,농수산식품
농수산식품,농수산식품,HSK-MTI 연계표,1079,4,D1079,농수산식품
농수산식품,농수산,HSK-MTI 연계표,1079,4,D1079,농수산식품
농수산식품,수산,HSK-MTI 연계표,1079,4,D1079,농수산식품
농수산식품,식품,HSK-MTI 연계표,1079,4,D1079,농수산식품
농수산식품,농수산식품,HSK-MTI 연계표,1080,4,D1080,농수산식품
농수산식품,농수산,HSK-MTI 연계표,1080,4,D1080,농수산식품
농수산식품,수산,HSK-MTI 연계표,1080,4,D1080,농수산식품
농수산식품,식품,HSK-MTI 연계표,1080,4,D1080,농수산식품
농수산식품,농수산식품,HSK-MTI 연계표,1081,4,D1081,농수산식품
농수산식품,농수산,HSK-MTI 연계표,1081,4,D1081,농수산식품
농수산식품,수산,HSK-MTI 연계표,1081,4,D1081,농수산식품
농수산식품,식품,HSK-MTI 연계표,1081,4,D1081,농수산식품
농수산식품,농수산식품,HSK-MTI 연계표,1082,4,D1082,농수산식품
농수산식품,농수산,HSK-MTI 연계표,1082,4,D1082,농수산식품
농수산식품,수산,HSK-MTI 연계표,1082,4,D1082,농수산식품
농수산식품,식품,HSK-MTI 연계표,1082,4,D1082,농수산식품
농수산식품,농수산식품,HSK-MTI 연계표,1083,4,D1083,농수산식품
농수산식품,농수산,HSK-MTI 연계표,1083,4,D1083,농수산식품
농수산식품,수산,HSK-MTI 연계표,1083,4,D1083,농수산식품
농수산식품,식품,HSK-MTI 연계표,1083,4,D1083,농수산식품
농수산식품,농수산식품,HSK-MTI 연계표,1084,4,D1084,농수산식품
농수산식품,농수산,HSK-MTI 연계표,1084,4,D1084,농수산식품
농수산식품,수산,HSK-MTI 연계표,1084,4,D1084,농수산식품
농수산식품,식품,HSK-MTI 연계표,1084,4,D1084,농수산식품
농수산식품,농수산식품,HSK-MTI 연계표,1085,4,D1085,농수산식품
농수산식품,농수산,HSK-MTI 연계표,1085,4,D1085,농수산식품
농수산식품,수산,HSK-MTI 연계표,1085,4,D1085,농수산식품
농수산식품,식품,HSK-MTI 연계표,1085,4,D1085,농수산식품
농수산식품,농수산식품,HSK-MTI 연계표,1086,4,D1086,농수산식품
농수산식품,농수산,HSK-MTI 연계표,1086,4,D1086,농수산식품
농수산식품,수산,HSK-MTI 연계표,1086,4,D1086,농수산식품
농수산식품,식품,HSK-MTI 연계표,1086,4,D1086,농수산식품
농수산식품,농수산식품,HSK-MTI 연계표,1087,4,D1087,농수산식품
농수산식품,농수산,HSK-MTI 연계표,1087,4,D1087,농수산식품
농수산식품,수산,HSK-MTI 연계표,1087,4,D1087,농수산식품
농수산식품,식품,HSK-MTI 연계표,1087,4,D1087,농수산식품
농수산식품,농수산식품,HSK-MTI 연계표,1088,4,D1088,농수산식품
농수산식품,농수산,HSK-MTI 연계표,1088,4,D1088,농수산식품
농수산식품,수산,HSK-MTI 연계표,1088,4,D1088,농수산식품
농수산식품,식품,HSK-MTI 연계표,1088,4,D1088,농수산식품
농수산식품,농수산식품,HSK-MTI 연계표,1089,4,D1089,농수산식품
농수산식품,농수산,HSK-MTI 연계표,1089,4,D1089,농수산식품
농수산식품,수산,HSK-MTI 연계표,1089,4,D1089,농수산식품
농수산식품,식품,HSK-MTI 연계표,1089,4,D1089,농수산식품
농수산식품,농수산식품,HSK-MTI 연계표,1090,4,D1090,농수산식품
농수산식품,농수산,HSK-MTI 연계표,1090,4,D1090,농수산식품
농수산식품,수산,HSK-MTI 연계표,1090,4,D1090,농수산식품
농수산식품,식품,HSK-MTI 연계표,1090,4,D1090,농수산식품
농수산식품,농수산식품,HSK-MTI 연계표,1091,4,D1091,농수산식품
농수산식품,농수산,HSK-MTI 연계표,1091,4,D1091,농수산식품
농수산식품,수산,HSK-MTI 연계표,1091,4,D1091,농수산식품
농수산식품,식품,HSK-MTI 연계표,1091,4,D1091,농수산식품
농수산식품,농수산식품,HSK-MTI 연계표,1092,4,D1092,농수산식품
농수산식품,농수산,HSK-MTI 연계표,1092,4,D1092,농수산식품
농수산식품,수산,HSK-MTI 연계표,1092,4,D1092,농수산식품
농수산식품,식품,HSK-MTI 연계표,1092,4,D1092,농수산식품
농수산식품,농수산식품,HSK-MTI 연계표,1093,4,D1093,농수산식품
농수산식품,농수산,HSK-MTI 연계표,1093,4,D1093,농수산식품
농수산식품,수산,HSK-MTI 연계표,1093,4,D1093,농수산식품
농수산식품,식품,HSK-MTI 연계표,1093,4,D1093,농수산식품
농수산식품,농수산식품,HSK-MTI 연계표,1094,4,D1094,농수산식품
농수산식품,농수산,HSK-MTI 연계표,1094,4,D1094,농수산식품
농수산식품,수산,HSK-MTI 연계표,1094,4,D1094,농수산식품
농수산식품,식품,HSK-MTI 연계표,1094,4,D1094,농수산식품
농수산식품,농수산식품,HSK-MTI 연계표,1095,4,D1095,농수산식품
농수산식품,농수산,HSK-MTI 연계표,1095,4,D1095,농수산식품
농수산식품,수산,HSK-MTI 연계표,1095,4,D1095,농수산식품
농수산식품,식품,HSK-MTI 연계표,1095,4,D1095,농수산식품
농수산식품,농수산식품,HSK-MTI 연계표,1096,4,D1096,농수산식품
농수산식품,농수산,HSK-MTI 연계표,1096,4,D1096,농수산식품
농수산식품,수산,HSK-MTI 연계표,1096,4,D1096,농수산식품
농수산식품,식품,HSK-MTI 연계표,1096,4,D1096,농수산식품
농수산식품,농수산식품,HSK-MTI 연계표,1097,4,D1097,농수산식품
농수산식품,농수산,HSK-MTI 연계표,1097,4,D1097,농수산식품
농수산식품,수산,HSK-MTI 연계표,1097,4,D1097,농수산식품
농수산식품,식품,HSK-MTI 연계표,1097,4,D1097,농수산식품
농수산식품,농수산식품,HSK-MTI 연계표,1098,4,D1098,농수산식품
농수산식품,농수산,HSK-MTI 연계표,1098,4,D1098,농수산식품
농수산식품,수산,HSK-MTI 연계표,1098,4,D1098,농수산식품
농수산식품,식품,HSK-MTI 연계표,1098,4,D1098,농수산식품
농수산식품,농수산식품,HSK-MTI 연계표,1099,4,D1099,농수산식품
농수산식품,농수산,HSK-MTI 연계표,1099,4,D1099,농수산식품
농수산식품,수산,HSK-MTI 연계표,1099,4,D1099,농수산식품
농수산식품,식품,HSK-MTI 연계표,1099,4,D1099,농수산식품
농수산식품,농수산식품,HSK-MTI 연계표,1100,4,D1100,농수산식품
농수산식품,농수산,HSK-MTI 연계표,1100,4,D1100,농수산식품
농수산식품,수산,HSK-MTI 연계표,1100,4,D1100,농수산식품
농수산식품,식품,HSK-MTI 연계표,1100,4,D1100,농수산식품
농수산식품,농수산식품,HSK-MTI 연계표,1101,4,D1101,농수산식품
농수산식품,농수산,HSK-MTI 연계표,1101,4,D1101,농수산식품
농수산식품,수산,HSK-MTI 연계표,1101,4,D1101,농수산식품
농수산식품,식품,HSK-MTI 연계표,1101,4,D1101,농수산식품
농수산식품,농수산식품,HSK-MTI 연계표,1102,4,D1102,농수산식품
농수산식품,농수산,HSK-MTI 연계표,1102,4,D1102,농수산식품
농수산식품,수산,HSK-MTI 연계표,1102,4,D1102,농수산식품
농수산식품,식품,HSK-MTI 연계표,1102,4,D1102,농수산식품
농수산식품,농수산식품,HSK-MTI 연계표,1103,4,D1103,농수산식품
농수산식품,농수산,HSK-MTI 연계표,1103,4,D1103,농수산식품
농수산식품,수산,HSK-MTI 연계표,1103,4,D1103,농수산식품
농수산식품,식품,HSK-MTI 연계표,1103,4,D1103,농수산식품
농수산식품,농수산식품,HSK-MTI 연계표,1104,4,D1104,농수산식품
농수산식품,농수산,HSK-MTI 연계표,1104,4,D1104,농수산식품
농수산식품,수산,HSK-MTI 연계표,1104,4,D1104,농수산식품
농수산식품,식품,HSK-MTI 연계표,1104,4,D1104,농수산식품
농수산식품,농수산식품,HSK-MTI 연계표,1105,4,D1105,농수산식품
농수산식품,농수산,HSK-MTI 연계표,1105,4,D1105,농수산식품
농수산식품,수산,HSK-MTI 연계표,1105,4,D1105,농수산식품
농수산식품,식품,HSK-MTI 연계표,1105,4,D1105,농수산식품
농수산식품,농수산식품,HSK-MTI 연계표,1106,4,D1106,농수산식품
농수산식품,농수산,HSK-MTI 연계표,1106,4,D1106,농수산식품
농수산식품,수산,HSK-MTI 연계표,1106,4,D1106,농수산식품
농수산식품,식품,HSK-MTI 연계표,1106,4,D1106,농수산식품
농수산식품,농수산식품,HSK-MTI 연계표,1107,4,D1107,농수산식품
농수산식품,농수산,HSK-MTI 연계표,1107,4,D1107,농수산식품
농수산식품,수산,HSK-MTI 연계표,1107,4,D1107,농수산식품
농수산식품,식품,HSK-MTI 연계표,1107,4,D1107,농수산식품
농수산식품,농수산식품,HSK-MTI 연계표,1108,4,D1108,농수산식품
농수산식품,농수산,HSK-MTI 연계표,1108,4,D1108,농수산식품
농수산식품,수산,HSK-MTI 연계표,1108,4,D1108,농수산식품
농수산식품,식품,HSK-MTI 연계표,1108,4,D1108,농수산식품
농수산식품,농수산식품,HSK-MTI 연계표,1109,4,D1109,농수산식품
농수산식품,농수산,HSK-MTI 연계표,1109,4,D1109,농수산식품
농수산식품,수산,HSK-MTI 연계표,1109,4,D1109,농수산식품
농수산식품,식품,HSK-MTI 연계표,1109,4,D1109,농수산식품
농수산식품,농수산식품,HSK-MTI 연계표,1110,4,D1110,농수산식품
농수산식품,농수산,HSK-MTI 연계표,1110,4,D1110,농수산식품
농수산식품,수산,HSK-MTI 연계표,1110,4,D1110,농수산식품
농수산식품,식품,HSK-MTI 연계표,1110,4,D1110,농수산식품
농수산식품,농수산식품,HSK-MTI 연계표,1111,4,D1111,농수산식품
농수산식품,농수산,HSK-MTI 연계표,1111,4,D1111,농수산식품
농수산식품,수산,HSK-MTI 연계표,1111,4,D1111,농수산식품
농수산식품,식품,HSK-MTI 연계표,1111,4,D1111,농수산식품
농수산식품,농수산식품,HSK-MTI 연계표,1112,4,D1112,농수산식품
농수산식품,농수산,HSK-MTI 연계표,1112,4,D1112,농수산식품
농수산식품,수산,HSK-MTI 연계표,1112,4,D1112,농수산식품
농수산식품,식품,HSK-MTI 연계표,1112,4,D1112,농수산식품
농수산식품,농수산식품,HSK-MTI 연계표,1113,4,D1113,농수산식품
농수산식품,농수산,HSK-MTI 연계표,1113,4,D1113,농수산식품
농수산식품,수산,HSK-MTI 연계표,1113,4,D1113,농수산식품
농수산식품,식품,HSK-MTI 연계표,1113,4,D1113,농수산식품
농수산식품,농수산식품,HSK-MTI 연계표,1114,4,D1114,농수산식품
농수산식품,농수산,HSK-MTI 연계표,1114,4,D1114,농수산식품
농수산식품,수산,HSK-MTI 연계표,1114,4,D1114,농수산식품
농수산식품,식품,HSK-MTI 연계표,1114,4,D1114,농수산식품
농수산식품,농수산식품,HSK-MTI 연계표,1115,4,D1115,농수산식품
농수산식품,농수산,HSK-MTI 연계표,1115,4,D1115,농수산식품
농수산식품,수산,HSK-MTI 연계표,1115,4,D1115,농수산식품
농수산식품,식품,HSK-MTI 연계표,1115,4,D1115,농수산식품
농수산식품,농수산식품,HSK-MTI 연계표,1116,4,D1116,농수산식품
농수산식품,농수산,HSK-MTI 연계표,1116,4,D1116,농수산식품
농수산식품,수산,HSK-MTI 연계표,1116,4,D1116,농수산식품
농수산식품,식품,HSK-MTI 연계표,1116,4,D1116,농수산식품
농수산식품,농수산식품,HSK-MTI 연계표,1117,4,D1117,농수산식품
농수산식품,농수산,HSK-MTI 연계표,1117,4,D1117,농수산식품
농수산식품,수산,HSK-MTI 연계표,1117,4,D1117,농수산식품
농수산식품,식품,HSK-MTI 연계표,1117,4,D1117,농수산식품
농수산식품,농수산식품,HSK-MTI 연계표,1118,4,D1118,농수산식품
농수산식품,농수산,HSK-MTI 연계표,1118,4,D1118,농수산식품
농수산식품,수산,HSK-MTI 연계표,1118,4,D1118,농수산식품
농수산식품,식품,HSK-MTI 연계표,1118,4,D1118,농수산식품
농수산식품,농수산식품,HSK-MTI 연계표,1119,4,D1119,농수산식품
농수산식품,농수산,HSK-MTI 연계표,1119,4,D1119,농수산식품
농수산식품,수산,HSK-MTI 연계표,1119,4,D1119,농수산식품
농수산식품,식품,HSK-MTI 연계표,1119,4,D1119,농수산식품
농수산식품,농수산식품,HSK-MTI 연계표,1120,4,D1120,농수산식품
농수산식품,농수산,HSK-MTI 연계표,1120,4,D1120,농수산식품
농수산식품,수산,HSK-MTI 연계표,1120,4,D1120,농수산식품
농수산식품,식품,HSK-MTI 연계표,1120,4,D1120,농수산식품
농수산식품,농수산식품,HSK-MTI 연계표,1121,4,D1121,농수산식품
농수산식품,농수산,HSK-MTI 연계표,1121,4,D1121,농수산식품
농수산식품,수산,HSK-MTI 연계표,1121,4,D1121,농수산식품
농수산식품,식품,HSK-MTI 연계표,1121,4,D1121,농수산식품
농수산식품,농수산식품,HSK-MTI 연계표,1122,4,D1122,농수산식품
농수산식품,농수산,HSK-MTI 연계표,1122,4,D1122,농수산식품
농수산식품,수산,HSK-MTI 연계표,1122,4,D1122,농수산식품
농수산식품,식품,HSK-MTI 연계표,1122,4,D1122,농수산식품
농수산식품,농수산식품,HSK-MTI 연계표,1123,4,D1123,농수산식품
농수산식품,농수산,HSK-MTI 연계표,1123,4,D1123,농수산식품
농수산식품,수산,HSK-MTI 연계표,1123,4,D1123,농수산식품
농수산식품,식품,HSK-MTI 연계표,1123,4,D1123,농수산식품
농수산식품,농수산식품,HSK-MTI 연계표,1124,4,D1124,농수산식품
농수산식품,농수산,HSK-MTI 연계표,1124,4,D1124,농수산식품
농수산식품,수산,HSK-MTI 연계표,1124,4,D1124,농수산식품
농수산식품,식품,HSK-MTI 연계표,1124,4,D1124,농수산식품
농수산식품,농수산식품,HSK-MTI 연계표,1125,4,D1125,농수산식품
농수산식품,농수산,HSK-MTI 연계표,1125,4,D1125,농수산식품
농수산식품,수산,HSK-MTI 연계표,1125,4,D1125,농수산식품
농수산식품,식품,HSK-MTI 연계표,1125,4,D1125,농수산식품
농수산식품,농수산식품,HSK-MTI 연계표,1126,4,D1126,농수산식품
농수산식품,농수산,HSK-MTI 연계표,1126,4,D1126,농수산식품
농수산식품,수산,HSK-MTI 연계표,1126,4,D1126,농수산식품
농수산식품,식품,HSK-MTI 연계표,1126,4,D1126,농수산식품
농수산식품,농수산식품,HSK-MTI 연계표,1127,4,D1127,농수산식품
농수산식품,농수산,HSK-MTI 연계표,1127,4,D1127,농수산식품
농수산식품,수산,HSK-MTI 연계표,1127,4,D1127,농수산식품
농수산식품,식품,HSK-MTI 연계표,1127,4,D1127,농수산식품
농수산식품,농수산식품,HSK-MTI 연계표,1128,4,D1128,농수산식품
농수산식품,농수산,HSK-MTI 연계표,1128,4,D1128,농수산식품
농수산식품,수산,HSK-MTI 연계표,1128,4,D1128,농수산식품
농수산식품,식품,HSK-MTI 연계표,1128,4,D1128,농수산식품
농수산식품,농수산식품,HSK-MTI 연계표,1129,4,D1129,농수산식품
농수산식품,농수산,HSK-MTI 연계표,1129,4,D1129,농수산식품
농수산식품,수산,HSK-MTI 연계표,1129,4,D1129,농수산식품
농수산식품,식품,HSK-MTI 연계표,1129,4,D1129,농수산식품
농수산식품,농수산식품,HSK-MTI 연계표,1130,4,D1130,농수산식품
농수산식품,농수산,HSK-MTI 연계표,1130,4,D1130,농수산식품
농수산식품,수산,HSK-MTI 연계표,1130,4,D1130,농수산식품
농수산식품,식품,HSK-MTI 연계표,1130,4,D1130,농수산식품
농수산식품,농수산식품,HSK-MTI 연계표,1131,4,D1131,농수산식품
농수산식품,농수산,HSK-MTI 연계표,1131,4,D1131,농수산식품
농수산식품,수산,HSK-MTI 연계표,1131,4,D1131,농수산식품
농수산식품,식품,HSK-MTI 연계표,1131,4,D1131,농수산식품
농수산식품,농수산식품,HSK-MTI 연계표,1132,4,D1132,농수산식품
농수산식품,농수산,HSK-MTI 연계표,1132,4,D1132,농수산식품
농수산식품,수산,HSK-MTI 연계표,1132,4,D1132,농수산식품
농수산식품,식품,HSK-MTI 연계표,1132,4,D1132,농수산식품
농수산식품,농수산식품,HSK-MTI 연계표,1133,4,D1133,농수산식품
농수산식품,농수산,HSK-MTI 연계표,1133,4,D1133,농수산식품
농수산식품,수산,HSK-MTI 연계표,1133,4,D1133,농수산식품
농수산식품,식품,HSK-MTI 연계표,1133,4,D1133,농수산식품
농수산식품,농수산식품,HSK-MTI 연계표,1134,4,D1134,농수산식품
농수산식품,농수산,HSK-MTI 연계표,1134,4,D1134,농수산식품
농수산식품,수산,HSK-MTI 연계표,1134,4,D1134,농수산식품
농수산식품,식품,HSK-MTI 연계표,1134,4,D1134,농수산식품
농수산식품,농수산식품,HSK-MTI 연계표,1135,4,D1135,농수산식품
농수산식품,농수산,HSK-MTI 연계표,1135,4,D1135,농수산식품
농수산식품,수산,HSK-MTI 연계표,1135,4,D1135,농수산식품
농수산식품,식품,HSK-MTI 연계표,1135,4,D1135,농수산식품
농수산식품,농수산식품,HSK-MTI 연계표,1136,4,D1136,농수산식품
농수산식품,농수산,HSK-MTI 연계표,1136,4,D1136,농수산식품
농수산식품,수산,HSK-MTI 연계표,1136,4,D1136,농수산식품
농수산식품,식품,HSK-MTI 연계표,1136,4,D1136,농수산식품
농수산식품,농수산식품,HSK-MTI 연계표,1137,4,D1137,농수산식품
농수산식품,농수산,HSK-MTI 연계표,1137,4,D1137,농수산식품
농수산식품,수산,HSK-MTI 연계표,1137,4,D1137,농수산식품
농수산식품,식품,HSK-MTI 연계표,1137,4,D1137,농수산식품
농수산식품,농수산식품,HSK-MTI 연계표,1138,4,D1138,농수산식품
농수산식품,농수산,HSK-MTI 연계표,1138,4,D1138,농수산식품
농수산식품,수산,HSK-MTI 연계표,1138,4,D1138,농수산식품
농수산식품,식품,HSK-MTI 연계표,1138,4,D1138,농수산식품
농수산식품,농수산식품,HSK-MTI 연계표,1139,4,D1139,농수산식품
농수산식품,농수산,HSK-MTI 연계표,1139,4,D1139,농수산식품
농수산식품,수산,HSK-MTI 연계표,1139,4,D1139,농수산식품
농수산식품,식품,HSK-MTI 연계표,1139,4,D1139,농수산식품
농수산식품,농수산식품,HSK-MTI 연계표,1140,4,D1140,농수산식품
농수산식품,농수산,HSK-MTI 연계표,1140,4,D1140,농수산식품
농수산식품,수산,HSK-MTI 연계표,1140,4,D1140,농수산식품
농수산식품,식품,HSK-MTI 연계표,1140,4,D1140,농수산식품
농수산식품,농수산식품,HSK-MTI 연계표,1141,4,D1141,농수산식품
농수산식품,농수산,HSK-MTI 연계표,1141,4,D1141,농수산식품
농수산식품,수산,HSK-MTI 연계표,1141,4,D1141,농수산식품
농수산식품,식품,HSK-MTI 연계표,1141,4,D1141,농수산식품
농수산식품,농수산식품,HSK-MTI 연계표,1142,4,D1142,농수산식품
농수산식품,농수산,HSK-MTI 연계표,1142,4,D1142,농수산식품
농수산식품,수산,HSK-MTI 연계표,1142,4,D1142,농수산식품
농수산식품,식품,HSK-MTI 연계표,1142,4,D1142,농수산식품
농수산식품,농수산식품,HSK-MTI 연계표,1143,4,D1143,농수산식품
농수산식품,농수산,HSK-MTI 연계표,1143,4,D1143,농수산식품
농수산식품,수산,HSK-MTI 연계표,1143,4,D1143,농수산식품
농수산식품,식품,HSK-MTI 연계표,1143,4,D1143,농수산식품
농수산식품,농수산식품,HSK-MTI 연계표,1144,4,D1144,농수산식품
농수산식품,농수산,HSK-MTI 연계표,1144,4,D1144,농수산식품
농수산식품,수산,HSK-MTI 연계표,1144,4,D1144,농수산식품
농수산식품,식품,HSK-MTI 연계표,1144,4,D1144,농수산식품
농수산식품,농수산식품,HSK-MTI 연계표,1145,4,D1145,농수산식품
농수산식품,농수산,HSK-MTI 연계표,1145,4,D1145,농수산식품
농수산식품,수산,HSK-MTI 연계표,1145,4,D1145,농수산식품
농수산식품,식품,HSK-MTI 연계표,1145,4,D1145,농수산식품
농수산식품,농수산식품,HSK-MTI 연계표,1146,4,D1146,농수산식품
농수산식품,농수산,HSK-MTI 연계표,1146,4,D1146,농수산식품
농수산식품,수산,HSK-MTI 연계표,1146,4,D1146,농수산식품
농수산식품,식품,HSK-MTI 연계표,1146,4,D1146,농수산식품
농수산식품,농수산식품,HSK-MTI 연계표,1147,4,D1147,농수산식품
농수산식품,농수산,HSK-MTI 연계표,1147,4,D1147,농수산식품
농수산식품,수산,HSK-MTI 연계표,1147,4,D1147,농수산식품
농수산식품,식품,HSK-MTI 연계표,1147,4,D1147,농수산식품
농수산식품,농수산식품,HSK-MTI 연계표,1148,4,D1148,농수산식품
농수산식품,농수산,HSK-MTI 연계표,1148,4,D1148,농수산식품
농수산식품,수산,HSK-MTI 연계표,1148,4,D1148,농수산식품
농수산식품,식품,HSK-MTI 연계표,1148,4,D1148,농수산식품
농수산식품,농수산식품,HSK-MTI 연계표,1149,4,D1149,농수산식품
농수산식품,농수산,HSK-MTI 연계표,1149,4,D1149,농수산식품
농수산식품,수산,HSK-MTI 연계표,1149,4,D1149,농수산식품
농수산식품,식품,HSK-MTI 연계표,1149,4,D1149,농수산식품
농수산식품,농수산식품,HSK-MTI 연계표,1150,4,D1150,농수산식품
농수산식품,농수산,HSK-MTI 연계표,1150,4,D1150,농수산식품
농수산식품,수산,HSK-MTI 연계표,1150,4,D1150,농수산식품
농수산식품,식품,HSK-MTI 연계표,1150,4,D1150,농수산식품
농수산식품,농수산식품,HSK-MTI 연계표,1151,4,D1151,농수산식품
농수산식품,농수산,HSK-MTI 연계표,1151,4,D1151,농수산식품
농수산식품,수산,HSK-MTI 연계표,1151,4,D1151,농수산식품
농수산식품,식품,HSK-MTI 연계표,1151,4,D1151,농수산식품
농수산식품,농수산식품,HSK-MTI 연계표,1152,4,D1152,농수산식품
농수산식품,농수산,HSK-MTI 연계표,1152,4,D1152,농수산식품
농수산식품,수산,HSK-MTI 연계표,1152,4,D1152,농수산식품
농수산식품,식품,HSK-MTI 연계표,1152,4,D1152,농수산식품
농수산식품,농수산식품,HSK-MTI 연계표,1153,4,D1153,농수산식품
농수산식품,농수산,HSK-MTI 연계표,1153,4,D1153,농수산식품
농수산식품,수산,HSK-MTI 연계표,1153,4,D1153,농수산식품
농수산식품,식품,HSK-MTI 연계표,1153,4,D1153,농수산식품
농수산식품,농수산식품,HSK-MTI 연계표,1154,4,D1154,농수산식품
농수산식품,농수산,HSK-MTI 연계표,1154,4,D1154,농수산식품
농수산식품,수산,HSK-MTI 연계표,1154,4,D1154,농수산식품
농수산식품,식품,HSK-MTI 연계표,1154,4,D1154,농수산식품
농수산식품,농수산식품,HSK-MTI 연계표,1155,4,D1155,농수산식품
농수산식품,농수산,HSK-MTI 연계표,1155,4,D1155,농수산식품
농수산식품,수산,HSK-MTI 연계표,1155,4,D1155,농수산식품
농수산식품,식품,HSK-MTI 연계표,1155,4,D1155,농수산식품
농수산식품,농수산식품,HSK-MTI 연계표,1156,4,D1156,농수산식품
농수산식품,농수산,HSK-MTI 연계표,1156,4,D1156,농수산식품
농수산식품,수산,HSK-MTI 연계표,1156,4,D1156,농수산식품
농수산식품,식품,HSK-MTI 연계표,1156,4,D1156,농수산식품
농수산식품,농수산식품,HSK-MTI 연계표,1157,4,D1157,농수산식품
농수산식품,농수산,HSK-MTI 연계표,1157,4,D1157,농수산식품
농수산식품,수산,HSK-MTI 연계표,1157,4,D1157,농수산식품
농수산식품,식품,HSK-MTI 연계표,1157,4,D1157,농수산식품
농수산식품,농수산식품,HSK-MTI 연계표,1158,4,D1158,농수산식품
농수산식품,농수산,HSK-MTI 연계표,1158,4,D1158,농수산식품
농수산식품,수산,HSK-MTI 연계표,1158,4,D1158,농수산식품
농수산식품,식품,HSK-MTI 연계표,1158,4,D1158,농수산식품
농수산식품,농수산식품,HSK-MTI 연계표,1159,4,D1159,농수산식품
농수산식품,농수산,HSK-MTI 연계표,1159,4,D1159,농수산식품
농수산식품,수산,HSK-MTI 연계표,1159,4,D1159,농수산식품
농수산식품,식품,HSK-MTI 연계표,1159,4,D1159,농수산식품
농수산식품,농수산식품,HSK-MTI 연계표,1160,4,D1160,농수산식품
농수산식품,농수산,HSK-MTI 연계표,1160,4,D1160,농수산식품
농수산식품,수산,HSK-MTI 연계표,1160,4,D1160,농수산식품
농수산식품,식품,HSK-MTI 연계표,1160,4,D1160,농수산식품
농수산식품,농수산식품,HSK-MTI 연계표,1161,4,D1161,농수산식품
농수산식품,농수산,HSK-MTI 연계표,1161,4,D1161,농수산식품
농수산식품,수산,HSK-MTI 연계표,1161,4,D1161,농수산식품
농수산식품,식품,HSK-MTI 연계표,1161,4,D1161,농수산식품
농수산식품,농수산식품,HSK-MTI 연계표,1162,4,D1162,농수산식품
농수산식품,농수산,HSK-MTI 연계표,1162,4,D1162,농수산식품
농수산식품,수산,HSK-MTI 연계표,1162,4,D1162,농수산식품
농수산식품,식품,HSK-MTI 연계표,1162,4,D1162,농수산식품
농수산식품,농수산식품,HSK-MTI 연계표,1163,4,D1163,농수산식품
농수산식품,농수산,HSK-MTI 연계표,1163,4,D1163,농수산식품
농수산식품,수산,HSK-MTI 연계표,1163,4,D1163,농수산식품
농수산식품,식품,HSK-MTI 연계표,1163,4,D1163,농수산식품
농수산식품,농수산식품,HSK-MTI 연계표,1164,4,D1164,농수산식품
농수산식품,농수산,HSK-MTI 연계표,1164,4,D1164,농수산식품
농수산식품,수산,HSK-MTI 연계표,1164,4,D1164,농수산식품
농수산식품,식품,HSK-MTI 연계표,1164,4,D1164,농수산식품
농수산식품,농수산식품,HSK-MTI 연계표,1165,4,D1165,농수산식품
농수산식품,농수산,HSK-MTI 연계표,1165,4,D1165,농수산식품
농수산식품,수산,HSK-MTI 연계표,1165,4,D1165,농수산식품
농수산식품,식품,HSK-MTI 연계표,1165,4,D1165,농수산식품
농수산식품,농수산식품,HSK-MTI 연계표,1166,4,D1166,농수산식품
농수산식품,농수산,HSK-MTI 연계표,1166,4,D1166,농수산식품
농수산식품,수산,HSK-MTI 연계표,1166,4,D1166,농수산식품
농수산식품,식품,HSK-MTI 연계표,1166,4,D1166,농수산식품
농수산식품,농수산식품,HSK-MTI 연계표,1167,4,D1167,농수산식품
농수산식품,농수산,HSK-MTI 연계표,1167,4,D1167,농수산식품
농수산식품,수산,HSK-MTI 연계표,1167,4,D1167,농수산식품
농수산식품,식품,HSK-MTI 연계표,1167,4,D1167,농수산식품
농수산식품,농수산식품,HSK-MTI 연계표,1168,4,D1168,농수산식품
농수산식품,농수산,HSK-MTI 연계표,1168,4,D1168,농수산식품
농수산식품,수산,HSK-MTI 연계표,1168,4,D1168,농수산식품
농수산식품,식품,HSK-MTI 연계표,1168,4,D1168,농수산식품
농수산식품,농수산식품,HSK-MTI 연계표,1169,4,D1169,농수산식품
농수산식품,농수산,HSK-MTI 연계표,1169,4,D1169,농수산식품
농수산식품,수산,HSK-MTI 연계표,1169,4,D1169,농수산식품
농수산식품,식품,HSK-MTI 연계표,1169,4,D1169,농수산식품
농수산식품,농수산식품,HSK-MTI 연계표,1170,4,D1170,농수산식품
농수산식품,농수산,HSK-MTI 연계표,1170,4,D1170,농수산식품
농수산식품,수산,HSK-MTI 연계표,1170,4,D1170,농수산식품
농수산식품,식품,HSK-MTI 연계표,1170,4,D1170,농수산식품
농수산식품,농수산식품,HSK-MTI 연계표,1171,4,D1171,농수산식품
농수산식품,농수산,HSK-MTI 연계표,1171,4,D1171,농수산식품
농수산식품,수산,HSK-MTI 연계표,1171,4,D1171,농수산식품
농수산식품,식품,HSK-MTI 연계표,1171,4,D1171,농수산식품
농수산식품,농수산식품,HSK-MTI 연계표,1172,4,D1172,농수산식품
농수산식품,농수산,HSK-MTI 연계표,1172,4,D1172,농수산식품
농수산식품,수산,HSK-MTI 연계표,1172,4,D1172,농수산식품
농수산식품,식품,HSK-MTI 연계표,1172,4,D1172,농수산식품
농수산식품,농수산식품,HSK-MTI 연계표,1173,4,D1173,농수산식품
농수산식품,농수산,HSK-MTI 연계표,1173,4,D1173,농수산식품
농수산식품,수산,HSK-MTI 연계표,1173,4,D1173,농수산식품
농수산식품,식품,HSK-MTI 연계표,1173,4,D1173,농수산식품
농수산식품,농수산식품,HSK-MTI 연계표,1174,4,D1174,농수산식품
농수산식품,농수산,HSK-MTI 연계표,1174,4,D1174,농수산식품
농수산식품,수산,HSK-MTI 연계표,1174,4,D1174,농수산식품
농수산식품,식품,HSK-MTI 연계표,1174,4,D1174,농수산식품
농수산식품,농수산식품,HSK-MTI 연계표,1175,4,D1175,농수산식품
농수산식품,농수산,HSK-MTI 연계표,1175,4,D1175,농수산식품
농수산식품,수산,HSK-MTI 연계표,1175,4,D1175,농수산식품
농수산식품,식품,HSK-MTI 연계표,1175,4,D1175,농수산식품
농수산식품,농수산식품,HSK-MTI 연계표,1176,4,D1176,농수산식품
농수산식품,농수산,HSK-MTI 연계표,1176,4,D1176,농수산식품
농수산식품,수산,HSK-MTI 연계표,1176,4,D1176,농수산식품
농수산식품,식품,HSK-MTI 연계표,1176,4,D1176,농수산식품
농수산식품,농수산식품,HSK-MTI 연계표,1177,4,D1177,농수산식품
농수산식품,농수산,HSK-MTI 연계표,1177,4,D1177,농수산식품
농수산식품,수산,HSK-MTI 연계표,1177,4,D1177,농수산식품
농수산식품,식품,HSK-MTI 연계표,1177,4,D1177,농수산식품
농수산식품,농수산식품,HSK-MTI 연계표,1178,4,D1178,농수산식품
농수산식품,농수산,HSK-MTI 연계표,1178,4,D1178,농수산식품
농수산식품,수산,HSK-MTI 연계표,1178,4,D1178,농수산식품
농수산식품,식품,HSK-MTI 연계표,1178,4,D1178,농수산식품
농수산식품,농수산식품,HSK-MTI 연계표,1179,4,D1179,농수산식품
농수산식품,농수산,HSK-MTI 연계표,1179,4,D1179,농수산식품
농수산식품,수산,HSK-MTI 연계표,1179,4,D1179,농수산식품
농수산식품,식품,HSK-MTI 연계표,1179,4,D1179,농수산식품
농수산식품,농수산식품,HSK-MTI 연계표,1180,4,D1180,농수산식품
농수산식품,농수산,HSK-MTI 연계표,1180,4,D1180,농수산식품
농수산식품,수산,HSK-MTI 연계표,1180,4,D1180,농수산식품
농수산식품,식품,HSK-MTI 연계표,1180,4,D1180,농수산식품
농수산식품,농수산식품,HSK-MTI 연계표,1181,4,D1181,농수산식품
농수산식품,농수산,HSK-MTI 연계표,1181,4,D1181,농수산식품
농수산식품,수산,HSK-MTI 연계표,1181,4,D1181,농수산식품
농수산식품,식품,HSK-MTI 연계표,1181,4,D1181,농수산식품
농수산식품,농수산식품,HSK-MTI 연계표,1182,4,D1182,농수산식품
농수산식품,농수산,HSK-MTI 연계표,1182,4,D1182,농수산식품
농수산식품,수산,HSK-MTI 연계표,1182,4,D1182,농수산식품
농수산식품,식품,HSK-MTI 연계표,1182,4,D1182,농수산식품
농수산식품,농수산식품,HSK-MTI 연계표,1183,4,D1183,농수산식품
농수산식품,농수산,HSK-MTI 연계표,1183,4,D1183,농수산식품
농수산식품,수산,HSK-MTI 연계표,1183,4,D1183,농수산식품
농수산식품,식품,HSK-MTI 연계표,1183,4,D1183,농수산식품
농수산식품,농수산식품,HSK-MTI 연계표,1184,4,D1184,농수산식품
농수산식품,농수산,HSK-MTI 연계표,1184,4,D1184,농수산식품
농수산식품,수산,HSK-MTI 연계표,1184,4,D1184,농수산식품
농수산식품,식품,HSK-MTI 연계표,1184,4,D1184,농수산식품
농수산식품,농수산식품,HSK-MTI 연계표,1185,4,D1185,농수산식품
농수산식품,농수산,HSK-MTI 연계표,1185,4,D1185,농수산식품
농수산식품,수산,HSK-MTI 연계표,1185,4,D1185,농수산식품
농수산식품,식품,HSK-MTI 연계표,1185,4,D1185,농수산식품
농수산식품,농수산식품,HSK-MTI 연계표,1187,4,D1187,농수산식품
농수산식품,농수산,HSK-MTI 연계표,1187,4,D1187,농수산식품
농수산식품,수산,HSK-MTI 연계표,1187,4,D1187,농수산식품
농수산식품,식품,HSK-MTI 연계표,1187,4,D1187,농수산식품
농수산식품,농수산식품,HSK-MTI 연계표,1188,4,D1188,농수산식품
농수산식품,농수산,HSK-MTI 연계표,1188,4,D1188,농수산식품
농수산식품,수산,HSK-MTI 연계표,1188,4,D1188,농수산식품
농수산식품,식품,HSK-MTI 연계표,1188,4,D1188,농수산식품
농수산식품,농수산식품,HSK-MTI 연계표,1189,4,D1189,농수산식품
농수산식품,농수산,HSK-MTI 연계표,1189,4,D1189,농수산식품
농수산식품,수산,HSK-MTI 연계표,1189,4,D1189,농수산식품
농수산식품,식품,HSK-MTI 연계표,1189,4,D1189,농수산식품
농수산식품,농수산식품,HSK-MTI 연계표,1190,4,D1190,농수산식품
농수산식품,농수산,HSK-MTI 연계표,1190,4,D1190,농수산식품
농수산식품,수산,HSK-MTI 연계표,1190,4,D1190,농수산식품
농수산식품,식품,HSK-MTI 연계표,1190,4,D1190,농수산식품
농수산식품,농수산식품,HSK-MTI 연계표,1191,4,D1191,농수산식품
농수산식품,농수산,HSK-MTI 연계표,1191,4,D1191,농수산식품
농수산식품,수산,HSK-MTI 연계표,1191,4,D1191,농수산식품
농수산식품,식품,HSK-MTI 연계표,1191,4,D1191,농수산식품
농수산식품,농수산식품,HSK-MTI 연계표,1192,4,D1192,농수산식품
농수산식품,농수산,HSK-MTI 연계표,1192,4,D1192,농수산식품
농수산식품,수산,HSK-MTI 연계표,1192,4,D1192,농수산식품
농수산식품,식품,HSK-MTI 연계표,1192,4,D1192,농수산식품
농수산식품,농수산식품,HSK-MTI 연계표,1193,4,D1193,농수산식품
농수산식품,농수산,HSK-MTI 연계표,1193,4,D1193,농수산식품
농수산식품,수산,HSK-MTI 연계표,1193,4,D1193,농수산식품
농수산식품,식품,HSK-MTI 연계표,1193,4,D1193,농수산식품
농수산식품,농수산식품,HSK-MTI 연계표,1194,4,D1194,농수산식품
농수산식품,농수산,HSK-MTI 연계표,1194,4,D1194,농수산식품
농수산식품,수산,HSK-MTI 연계표,1194,4,D1194,농수산식품
농수산식품,식품,HSK-MTI 연계표,1194,4,D1194,농수산식품
농수산식품,농수산식품,HSK-MTI 연계표,1195,4,D1195,농수산식품
농수산식품,농수산,HSK-MTI 연계표,1195,4,D1195,농수산식품
농수산식품,수산,HSK-MTI 연계표,1195,4,D1195,농수산식품
농수산식품,식품,HSK-MTI 연계표,1195,4,D1195,농수산식품
농수산식품,농수산식품,HSK-MTI 연계표,1196,4,D1196,농수산식품
농수산식품,농수산,HSK-MTI 연계표,1196,4,D1196,농수산식품
농수산식품,수산,HSK-MTI 연계표,1196,4,D1196,농수산식품
농수산식품,식품,HSK-MTI 연계표,1196,4,D1196,농수산식품
농수산식품,농수산식품,HSK-MTI 연계표,1197,4,D1197,농수산식품
농수산식품,농수산,HSK-MTI 연계표,1197,4,D1197,농수산식품
농수산식품,수산,HSK-MTI 연계표,1197,4,D1197,농수산식품
농수산식품,식품,HSK-MTI 연계표,1197,4,D1197,농수산식품
농수산식품,농수산식품,HSK-MTI 연계표,1198,4,D1198,농수산식품
농수산식품,농수산,HSK-MTI 연계표,1198,4,D1198,농수산식품
농수산식품,수산,HSK-MTI 연계표,1198,4,D1198,농수산식품
농수산식품,식품,HSK-MTI 연계표,1198,4,D1198,농수산식품
농수산식품,농수산식품,HSK-MTI 연계표,1199,4,D1199,농수산식품
농수산식품,농수산,HSK-MTI 연계표,1199,4,D1199,농수산식품
농수산식품,수산,HSK-MTI 연계표,1199,4,D1199,농수산식품
농수산식품,식품,HSK-MTI 연계표,1199,4,D1199,농수산식품
농수산식품,농수산식품,HSK-MTI 연계표,1200,4,D1200,농수산식품
농수산식품,농수산,HSK-MTI 연계표,1200,4,D1200,농수산식품
농수산식품,수산,HSK-MTI 연계표,1200,4,D1200,농수산식품
농수산식품,식품,HSK-MTI 연계표,1200,4,D1200,농수산식품
농수산식품,농수산식품,HSK-MTI 연계표,1201,4,D1201,농수산식품
농수산식품,농수산,HSK-MTI 연계표,1201,4,D1201,농수산식품
농수산식품,수산,HSK-MTI 연계표,1201,4,D1201,농수산식품
농수산식품,식품,HSK-MTI 연계표,1201,4,D1201,농수산식품
농수산식품,농수산식품,HSK-MTI 연계표,1202,4,D1202,농수산식품
농수산식품,농수산,HSK-MTI 연계표,1202,4,D1202,농수산식품
농수산식품,수산,HSK-MTI 연계표,1202,4,D1202,농수산식품
농수산식품,식품,HSK-MTI 연계표,1202,4,D1202,농수산식품
농수산식품,농수산식품,HSK-MTI 연계표,1203,4,D1203,농수산식품
농수산식품,농수산,HSK-MTI 연계표,1203,4,D1203,농수산식품
농수산식품,수산,HSK-MTI 연계표,1203,4,D1203,농수산식품
농수산식품,식품,HSK-MTI 연계표,1203,4,D1203,농수산식품
농수산식품,농수산식품,HSK-MTI 연계표,1204,4,D1204,농수산식품
농수산식품,농수산,HSK-MTI 연계표,1204,4,D1204,농수산식품
농수산식품,수산,HSK-MTI 연계표,1204,4,D1204,농수산식품
농수산식품,식품,HSK-MTI 연계표,1204,4,D1204,농수산식품
농수산식품,농수산식품,HSK-MTI 연계표,1205,4,D1205,농수산식품
농수산식품,농수산,HSK-MTI 연계표,1205,4,D1205,농수산식품
농수산식품,수산,HSK-MTI 연계표,1205,4,D1205,농수산식품
농수산식품,식품,HSK-MTI 연계표,1205,4,D1205,농수산식품
농수산식품,농수산식품,HSK-MTI 연계표,1206,4,D1206,농수산식품
농수산식품,농수산,HSK-MTI 연계표,1206,4,D1206,농수산식품
농수산식품,수산,HSK-MTI 연계표,1206,4,D1206,농수산식품
농수산식품,식품,HSK-MTI 연계표,1206,4,D1206,농수산식품
농수산식품,농수산식품,HSK-MTI 연계표,1207,4,D1207,농수산식품
농수산식품,농수산,HSK-MTI 연계표,1207,4,D1207,농수산식품
농수산식품,수산,HSK-MTI 연계표,1207,4,D1207,농수산식품
농수산식품,식품,HSK-MTI 연계표,1207,4,D1207,농수산식품
농수산식품,농수산식품,HSK-MTI 연계표,1208,4,D1208,농수산식품
농수산식품,농수산,HSK-MTI 연계표,1208,4,D1208,농수산식품
농수산식품,수산,HSK-MTI 연계표,1208,4,D1208,농수산식품
농수산식품,식품,HSK-MTI 연계표,1208,4,D1208,농수산식품
농수산식품,농수산식품,HSK-MTI 연계표,1209,4,D1209,농수산식품
농수산식품,농수산,HSK-MTI 연계표,1209,4,D1209,농수산식품
농수산식품,수산,HSK-MTI 연계표,1209,4,D1209,농수산식품
농수산식품,식품,HSK-MTI 연계표,1209,4,D1209,농수산식품
농수산식품,농수산식품,HSK-MTI 연계표,1210,4,D1210,농수산식품
농수산식품,농수산,HSK-MTI 연계표,1210,4,D1210,농수산식품
농수산식품,수산,HSK-MTI 연계표,1210,4,D1210,농수산식품
농수산식품,식품,HSK-MTI 연계표,1210,4,D1210,농수산식품
농수산식품,농수산식품,HSK-MTI 연계표,1211,4,D1211,농수산식품
농수산식품,농수산,HSK-MTI 연계표,1211,4,D1211,농수산식품
농수산식품,수산,HSK-MTI 연계표,1211,4,D1211,농수산식품
농수산식품,식품,HSK-MTI 연계표,1211,4,D1211,농수산식품
농수산식품,농수산식품,HSK-MTI 연계표,1212,4,D1212,농수산식품
농수산식품,농수산,HSK-MTI 연계표,1212,4,D1212,농수산식품
농수산식품,수산,HSK-MTI 연계표,1212,4,D1212,농수산식품
농수산식품,식품,HSK-MTI 연계표,1212,4,D1212,농수산식품
농수산식품,농수산식품,HSK-MTI 연계표,1213,4,D1213,농수산식품
농수산식품,농수산,HSK-MTI 연계표,1213,4,D1213,농수산식품
농수산식품,수산,HSK-MTI 연계표,1213,4,D1213,농수산식품
농수산식품,식품,HSK-MTI 연계표,1213,4,D1213,농수산식품
농수산식품,농수산식품,HSK-MTI 연계표,1214,4,D1214,농수산식품
농수산식품,농수산,HSK-MTI 연계표,1214,4,D1214,농수산식품
농수산식품,수산,HSK-MTI 연계표,1214,4,D1214,농수산식품
농수산식품,식품,HSK-MTI 연계표,1214,4,D1214,농수산식품
농수산식품,농수산식품,HSK-MTI 연계표,1215,4,D1215,농수산식품
농수산식품,농수산,HSK-MTI 연계표,1215,4,D1215,농수산식품
농수산식품,수산,HSK-MTI 연계표,1215,4,D1215,농수산식품
농수산식품,식품,HSK-MTI 연계표,1215,4,D1215,농수산식품
농수산식품,농수산식품,HSK-MTI 연계표,1216,4,D1216,농수산식품
농수산식품,농수산,HSK-MTI 연계표,1216,4,D1216,농수산식품
농수산식품,수산,HSK-MTI 연계표,1216,4,D1216,농수산식품
농수산식품,식품,HSK-MTI 연계표,1216,4,D1216,농수산식품
농수산식품,농수산식품,HSK-MTI 연계표,1217,4,D1217,농수산식품
농수산식품,농수산,HSK-MTI 연계표,1217,4,D1217,농수산식품
농수산식품,수산,HSK-MTI 연계표,1217,4,D1217,농수산식품
농수산식품,식품,HSK-MTI 연계표,1217,4,D1217,농수산식품
농수산식품,농수산식품,HSK-MTI 연계표,1218,4,D1218,농수산식품
농수산식품,농수산,HSK-MTI 연계표,1218,4,D1218,농수산식품
농수산식품,수산,HSK-MTI 연계표,1218,4,D1218,농수산식품
농수산식품,식품,HSK-MTI 연계표,1218,4,D1218,농수산식품
농수산식품,농수산식품,HSK-MTI 연계표,1219,4,D1219,농수산식품
농수산식품,농수산,HSK-MTI 연계표,1219,4,D1219,농수산식품
농수산식품,수산,HSK-MTI 연계표,1219,4,D1219,농수산식품
농수산식품,식품,HSK-MTI 연계표,1219,4,D1219,농수산식품
농수산식품,농수산식품,HSK-MTI 연계표,1220,4,D1220,농수산식품
농수산식품,농수산,HSK-MTI 연계표,1220,4,D1220,농수산식품
농수산식품,수산,HSK-MTI 연계표,1220,4,D1220,농수산식품
농수산식품,식품,HSK-MTI 연계표,1220,4,D1220,농수산식품
농수산식품,농수산식품,HSK-MTI 연계표,1221,4,D1221,농수산식품
농수산식품,농수산,HSK-MTI 연계표,1221,4,D1221,농수산식품
농수산식품,수산,HSK-MTI 연계표,1221,4,D1221,농수산식품
농수산식품,식품,HSK-MTI 연계표,1221,4,D1221,농수산식품
농수산식품,농수산식품,HSK-MTI 연계표,1222,4,D1222,농수산식품
농수산식품,농수산,HSK-MTI 연계표,1222,4,D1222,농수산식품
농수산식품,수산,HSK-MTI 연계표,1222,4,D1222,농수산식품
농수산식품,식품,HSK-MTI 연계표,1222,4,D1222,농수산식품
농수산식품,농수산식품,HSK-MTI 연계표,1223,4,D1223,농수산식품
농수산식품,농수산,HSK-MTI 연계표,1223,4,D1223,농수산식품
농수산식품,수산,HSK-MTI 연계표,1223,4,D1223,농수산식품
농수산식품,식품,HSK-MTI 연계표,1223,4,D1223,농수산식품
농수산식품,농수산식품,HSK-MTI 연계표,1224,4,D1224,농수산식품
농수산식품,농수산,HSK-MTI 연계표,1224,4,D1224,농수산식품
농수산식품,수산,HSK-MTI 연계표,1224,4,D1224,농수산식품
농수산식품,식품,HSK-MTI 연계표,1224,4,D1224,농수산식품
농수산식품,농수산식품,HSK-MTI 연계표,1225,4,D1225,농수산식품
농수산식품,농수산,HSK-MTI 연계표,1225,4,D1225,농수산식품
농수산식품,수산,HSK-MTI 연계표,1225,4,D1225,농수산식품
농수산식품,식품,HSK-MTI 연계표,1225,4,D1225,농수산식품
농수산식품,농수산식품,HSK-MTI 연계표,1226,4,D1226,농수산식품
농수산식품,농수산,HSK-MTI 연계표,1226,4,D1226,농수산식품
농수산식품,수산,HSK-MTI 연계표,1226,4,D1226,농수산식품
농수산식품,식품,HSK-MTI 연계표,1226,4,D1226,농수산식품
농수산식품,농수산식품,HSK-MTI 연계표,1227,4,D1227,농수산식품
농수산식품,농수산,HSK-MTI 연계표,1227,4,D1227,농수산식품
농수산식품,수산,HSK-MTI 연계표,1227,4,D1227,농수산식품
농수산식품,식품,HSK-MTI 연계표,1227,4,D1227,농수산식품
농수산식품,농수산식품,HSK-MTI 연계표,1228,4,D1228,농수산식품
농수산식품,농수산,HSK-MTI 연계표,1228,4,D1228,농수산식품
농수산식품,수산,HSK-MTI 연계표,1228,4,D1228,농수산식품
농수산식품,식품,HSK-MTI 연계표,1228,4,D1228,농수산식품
농수산식품,농수산식품,HSK-MTI 연계표,1229,4,D1229,농수산식품
농수산식품,농수산,HSK-MTI 연계표,1229,4,D1229,농수산식품
농수산식품,수산,HSK-MTI 연계표,1229,4,D1229,농수산식품
농수산식품,식품,HSK-MTI 연계표,1229,4,D1229,농수산식품
농수산식품,농수산식품,HSK-MTI 연계표,1230,4,D1230,농수산식품
농수산식품,농수산,HSK-MTI 연계표,1230,4,D1230,농수산식품
농수산식품,수산,HSK-MTI 연계표,1230,4,D1230,농수산식품
농수산식품,식품,HSK-MTI 연계표,1230,4,D1230,농수산식품
농수산식품,농수산식품,HSK-MTI 연계표,1231,4,D1231,농수산식품
농수산식품,농수산,HSK-MTI 연계표,1231,4,D1231,농수산식품
농수산식품,수산,HSK-MTI 연계표,1231,4,D1231,농수산식품
농수산식품,식품,HSK-MTI 연계표,1231,4,D1231,농수산식품
농수산식품,농수산식품,HSK-MTI 연계표,1232,4,D1232,농수산식품
농수산식품,농수산,HSK-MTI 연계표,1232,4,D1232,농수산식품
농수산식품,수산,HSK-MTI 연계표,1232,4,D1232,농수산식품
농수산식품,식품,HSK-MTI 연계표,1232,4,D1232,농수산식품
농수산식품,농수산식품,HSK-MTI 연계표,1233,4,D1233,농수산식품
농수산식품,농수산,HSK-MTI 연계표,1233,4,D1233,농수산식품
농수산식품,수산,HSK-MTI 연계표,1233,4,D1233,농수산식품
농수산식품,식품,HSK-MTI 연계표,1233,4,D1233,농수산식품
농수산식품,농수산식품,HSK-MTI 연계표,1234,4,D1234,농수산식품
농수산식품,농수산,HSK-MTI 연계표,1234,4,D1234,농수산식품
농수산식품,수산,HSK-MTI 연계표,1234,4,D1234,농수산식품
농수산식품,식품,HSK-MTI 연계표,1234,4,D1234,농수산식품
농수산식품,농수산식품,HSK-MTI 연계표,1235,4,D1235,농수산식품
농수산식품,농수산,HSK-MTI 연계표,1235,4,D1235,농수산식품
농수산식품,수산,HSK-MTI 연계표,1235,4,D1235,농수산식품
농수산식품,식품,HSK-MTI 연계표,1235,4,D1235,농수산식품
농수산식품,농수산식품,HSK-MTI 연계표,1236,4,D1236,농수산식품
농수산식품,농수산,HSK-MTI 연계표,1236,4,D1236,농수산식품
농수산식품,수산,HSK-MTI 연계표,1236,4,D1236,농수산식품
농수산식품,식품,HSK-MTI 연계표,1236,4,D1236,농수산식품
농수산식품,농수산식품,HSK-MTI 연계표,1237,4,D1237,농수산식품
농수산식품,농수산,HSK-MTI 연계표,1237,4,D1237,농수산식품
농수산식품,수산,HSK-MTI 연계표,1237,4,D1237,농수산식품
농수산식품,식품,HSK-MTI 연계표,1237,4,D1237,농수산식품
농수산식품,농수산식품,HSK-MTI 연계표,1238,4,D1238,농수산식품
농수산식품,농수산,HSK-MTI 연계표,1238,4,D1238,농수산식품
농수산식품,수산,HSK-MTI 연계표,1238,4,D1238,농수산식품
농수산식품,식품,HSK-MTI 연계표,1238,4,D1238,농수산식품
농수산식품,농수산식품,HSK-MTI 연계표,1239,4,D1239,농수산식품
농수산식품,농수산,HSK-MTI 연계표,1239,4,D1239,농수산식품
농수산식품,수산,HSK-MTI 연계표,1239,4,D1239,농수산식품
농수산식품,식품,HSK-MTI 연계표,1239,4,D1239,농수산식품
농수산식품,농수산식품,HSK-MTI 연계표,1240,4,D1240,농수산식품
농수산식품,농수산,HSK-MTI 연계표,1240,4,D1240,농수산식품
농수산식품,수산,HSK-MTI 연계표,1240,4,D1240,농수산식품
농수산식품,식품,HSK-MTI 연계표,1240,4,D1240,농수산식품
농수산식품,농수산식품,HSK-MTI 연계표,1241,4,D1241,농수산식품
농수산식품,농수산,HSK-MTI 연계표,1241,4,D1241,농수산식품
농수산식품,수산,HSK-MTI 연계표,1241,4,D1241,농수산식품
농수산식품,식품,HSK-MTI 연계표,1241,4,D1241,농수산식품
농수산식품,농수산식품,HSK-MTI 연계표,1242,4,D1242,농수산식품
농수산식품,농수산,HSK-MTI 연계표,1242,4,D1242,농수산식품
농수산식품,수산,HSK-MTI 연계표,1242,4,D1242,농수산식품
농수산식품,식품,HSK-MTI 연계표,1242,4,D1242,농수산식품
농수산식품,농수산식품,HSK-MTI 연계표,1243,4,D1243,농수산식품
농수산식품,농수산,HSK-MTI 연계표,1243,4,D1243,농수산식품
농수산식품,수산,HSK-MTI 연계표,1243,4,D1243,농수산식품
농수산식품,식품,HSK-MTI 연계표,1243,4,D1243,농수산식품
농수산식품,농수산식품,HSK-MTI 연계표,1244,4,D1244,농수산식품
농수산식품,농수산,HSK-MTI 연계표,1244,4,D1244,농수산식품
농수산식품,수산,HSK-MTI 연계표,1244,4,D1244,농수산식품
농수산식품,식품,HSK-MTI 연계표,1244,4,D1244,농수산식품
농수산식품,농수산식품,HSK-MTI 연계표,1245,4,D1245,농수산식품
농수산식품,농수산,HSK-MTI 연계표,1245,4,D1245,농수산식품
농수산식품,수산,HSK-MTI 연계표,1245,4,D1245,농수산식품
농수산식품,식품,HSK-MTI 연계표,1245,4,D1245,농수산식품
농수산식품,농수산식품,HSK-MTI 연계표,1246,4,D1246,농수산식품
농수산식품,농수산,HSK-MTI 연계표,1246,4,D1246,농수산식품
농수산식품,수산,HSK-MTI 연계표,1246,4,D1246,농수산식품
농수산식품,식품,HSK-MTI 연계표,1246,4,D1246,농수산식품
농수산식품,농수산식품,HSK-MTI 연계표,1247,4,D1247,농수산식품
농수산식품,농수산,HSK-MTI 연계표,1247,4,D1247,농수산식품
농수산식품,수산,HSK-MTI 연계표,1247,4,D1247,농수산식품
농수산식품,식품,HSK-MTI 연계표,1247,4,D1247,농수산식품
농수산식품,농수산식품,HSK-MTI 연계표,1248,4,D1248,농수산식품
농수산식품,농수산,HSK-MTI 연계표,1248,4,D1248,농수산식품
농수산식품,수산,HSK-MTI 연계표,1248,4,D1248,농수산식품
농수산식품,식품,HSK-MTI 연계표,1248,4,D1248,농수산식품
농수산식품,농수산식품,HSK-MTI 연계표,1249,4,D1249,농수산식품
농수산식품,농수산,HSK-MTI 연계표,1249,4,D1249,농수산식품
농수산식품,수산,HSK-MTI 연계표,1249,4,D1249,농수산식품
농수산식품,식품,HSK-MTI 연계표,1249,4,D1249,농수산식품
농수산식품,농수산식품,HSK-MTI 연계표,1250,4,D1250,농수산식품
농수산식품,농수산,HSK-MTI 연계표,1250,4,D1250,농수산식품
농수산식품,수산,HSK-MTI 연계표,1250,4,D1250,농수산식품
농수산식품,식품,HSK-MTI 연계표,1250,4,D1250,농수산식품
농수산식품,농수산식품,HSK-MTI 연계표,1251,4,D1251,농수산식품
농수산식품,농수산,HSK-MTI 연계표,1251,4,D1251,농수산식품
농수산식품,수산,HSK-MTI 연계표,1251,4,D1251,농수산식품
농수산식품,식품,HSK-MTI 연계표,1251,4,D1251,농수산식품
농수산식품,농수산식품,HSK-MTI 연계표,1252,4,D1252,농수산식품
농수산식품,농수산,HSK-MTI 연계표,1252,4,D1252,농수산식품
농수산식품,수산,HSK-MTI 연계표,1252,4,D1252,농수산식품
농수산식품,식품,HSK-MTI 연계표,1252,4,D1252,농수산식품
농수산식품,농수산식품,HSK-MTI 연계표,1253,4,D1253,농수산식품
농수산식품,농수산,HSK-MTI 연계표,1253,4,D1253,농수산식품
농수산식품,수산,HSK-MTI 연계표,1253,4,D1253,농수산식품
농수산식품,식품,HSK-MTI 연계표,1253,4,D1253,농수산식품
농수산식품,농수산식품,HSK-MTI 연계표,1254,4,D1254,농수산식품
농수산식품,농수산,HSK-MTI 연계표,1254,4,D1254,농수산식품
농수산식품,수산,HSK-MTI 연계표,1254,4,D1254,농수산식품
농수산식품,식품,HSK-MTI 연계표,1254,4,D1254,농수산식품
농수산식품,농수산식품,HSK-MTI 연계표,1255,4,D1255,농수산식품
농수산식품,농수산,HSK-MTI 연계표,1255,4,D1255,농수산식품
농수산식품,수산,HSK-MTI 연계표,1255,4,D1255,농수산식품
농수산식품,식품,HSK-MTI 연계표,1255,4,D1255,농수산식품
농수산식품,농수산식품,HSK-MTI 연계표,1256,4,D1256,농수산식품
농수산식품,농수산,HSK-MTI 연계표,1256,4,D1256,농수산식품
농수산식품,수산,HSK-MTI 연계표,1256,4,D1256,농수산식품
농수산식품,식품,HSK-MTI 연계표,1256,4,D1256,농수산식품
농수산식품,농수산식품,HSK-MTI 연계표,1257,4,D1257,농수산식품
농수산식품,농수산,HSK-MTI 연계표,1257,4,D1257,농수산식품
농수산식품,수산,HSK-MTI 연계표,1257,4,D1257,농수산식품
농수산식품,식품,HSK-MTI 연계표,1257,4,D1257,농수산식품
농수산식품,농수산식품,HSK-MTI 연계표,1258,4,D1258,농수산식품
농수산식품,농수산,HSK-MTI 연계표,1258,4,D1258,농수산식품
농수산식품,수산,HSK-MTI 연계표,1258,4,D1258,농수산식품
농수산식품,식품,HSK-MTI 연계표,1258,4,D1258,농수산식품
농수산식품,농수산식품,HSK-MTI 연계표,1259,4,D1259,농수산식품
농수산식품,농수산,HSK-MTI 연계표,1259,4,D1259,농수산식품
농수산식품,수산,HSK-MTI 연계표,1259,4,D1259,농수산식품
농수산식품,식품,HSK-MTI 연계표,1259,4,D1259,농수산식품
농수산식품,농수산식품,HSK-MTI 연계표,1260,4,D1260,농수산식품
농수산식품,농수산,HSK-MTI 연계표,1260,4,D1260,농수산식품
농수산식품,수산,HSK-MTI 연계표,1260,4,D1260,농수산식품
농수산식품,식품,HSK-MTI 연계표,1260,4,D1260,농수산식품
농수산식품,농수산식품,HSK-MTI 연계표,1261,4,D1261,농수산식품
농수산식품,농수산,HSK-MTI 연계표,1261,4,D1261,농수산식품
농수산식품,수산,HSK-MTI 연계표,1261,4,D1261,농수산식품
농수산식품,식품,HSK-MTI 연계표,1261,4,D1261,농수산식품
농수산식품,농수산식품,HSK-MTI 연계표,1262,4,D1262,농수산식품
농수산식품,농수산,HSK-MTI 연계표,1262,4,D1262,농수산식품
농수산식품,수산,HSK-MTI 연계표,1262,4,D1262,농수산식품
농수산식품,식품,HSK-MTI 연계표,1262,4,D1262,농수산식품
농수산식품,농수산식품,HSK-MTI 연계표,1263,4,D1263,농수산식품
농수산식품,농수산,HSK-MTI 연계표,1263,4,D1263,농수산식품
농수산식품,수산,HSK-MTI 연계표,1263,4,D1263,농수산식품
농수산식품,식품,HSK-MTI 연계표,1263,4,D1263,농수산식품
농수산식품,농수산식품,HSK-MTI 연계표,1264,4,D1264,농수산식품
농수산식품,농수산,HSK-MTI 연계표,1264,4,D1264,농수산식품
농수산식품,수산,HSK-MTI 연계표,1264,4,D1264,농수산식품
농수산식품,식품,HSK-MTI 연계표,1264,4,D1264,농수산식품
농수산식품,농수산식품,HSK-MTI 연계표,1265,4,D1265,농수산식품
농수산식품,농수산,HSK-MTI 연계표,1265,4,D1265,농수산식품
농수산식품,수산,HSK-MTI 연계표,1265,4,D1265,농수산식품
농수산식품,식품,HSK-MTI 연계표,1265,4,D1265,농수산식품
농수산식품,농수산식품,HSK-MTI 연계표,1266,4,D1266,농수산식품
농수산식품,농수산,HSK-MTI 연계표,1266,4,D1266,농수산식품
농수산식품,수산,HSK-MTI 연계표,1266,4,D1266,농수산식품
농수산식품,식품,HSK-MTI 연계표,1266,4,D1266,농수산식품
농수산식품,농수산식품,HSK-MTI 연계표,1267,4,D1267,농수산식품
농수산식품,농수산,HSK-MTI 연계표,1267,4,D1267,농수산식품
농수산식품,수산,HSK-MTI 연계표,1267,4,D1267,농수산식품
농수산식품,식품,HSK-MTI 연계표,1267,4,D1267,농수산식품
농수산식품,농수산식품,HSK-MTI 연계표,1268,4,D1268,농수산식품
농수산식품,농수산,HSK-MTI 연계표,1268,4,D1268,농수산식품
농수산식품,수산,HSK-MTI 연계표,1268,4,D1268,농수산식품
농수산식품,식품,HSK-MTI 연계표,1268,4,D1268,농수산식품
농수산식품,농수산식품,HSK-MTI 연계표,1269,4,D1269,농수산식품
농수산식품,농수산,HSK-MTI 연계표,1269,4,D1269,농수산식품
농수산식품,수산,HSK-MTI 연계표,1269,4,D1269,농수산식품
농수산식품,식품,HSK-MTI 연계표,1269,4,D1269,농수산식품
농수산식품,농수산식품,HSK-MTI 연계표,1270,4,D1270,농수산식품
농수산식품,농수산,HSK-MTI 연계표,1270,4,D1270,농수산식품
농수산식품,수산,HSK-MTI 연계표,1270,4,D1270,농수산식품
농수산식품,식품,HSK-MTI 연계표,1270,4,D1270,농수산식품
농수산식품,농수산식품,HSK-MTI 연계표,1271,4,D1271,농수산식품
농수산식품,농수산,HSK-MTI 연계표,1271,4,D1271,농수산식품
농수산식품,수산,HSK-MTI 연계표,1271,4,D1271,농수산식품
농수산식품,식품,HSK-MTI 연계표,1271,4,D1271,농수산식품
농수산식품,농수산식품,HSK-MTI 연계표,1272,4,D1272,농수산식품
농수산식품,농수산,HSK-MTI 연계표,1272,4,D1272,농수산식품
농수산식품,수산,HSK-MTI 연계표,1272,4,D1272,농수산식품
농수산식품,식품,HSK-MTI 연계표,1272,4,D1272,농수산식품
농수산식품,농수산식품,HSK-MTI 연계표,1273,4,D1273,농수산식품
농수산식품,농수산,HSK-MTI 연계표,1273,4,D1273,농수산식품
농수산식품,수산,HSK-MTI 연계표,1273,4,D1273,농수산식품
농수산식품,식품,HSK-MTI 연계표,1273,4,D1273,농수산식품
농수산식품,농수산식품,HSK-MTI 연계표,1274,4,D1274,농수산식품
농수산식품,농수산,HSK-MTI 연계표,1274,4,D1274,농수산식품
농수산식품,수산,HSK-MTI 연계표,1274,4,D1274,농수산식품
농수산식품,식품,HSK-MTI 연계표,1274,4,D1274,농수산식품
농수산식품,농수산식품,HSK-MTI 연계표,1275,4,D1275,농수산식품
농수산식품,농수산,HSK-MTI 연계표,1275,4,D1275,농수산식품
농수산식품,수산,HSK-MTI 연계표,1275,4,D1275,농수산식품
농수산식품,식품,HSK-MTI 연계표,1275,4,D1275,농수산식품
농수산식품,농수산식품,HSK-MTI 연계표,1276,4,D1276,농수산식품
농수산식품,농수산,HSK-MTI 연계표,1276,4,D1276,농수산식품
농수산식품,수산,HSK-MTI 연계표,1276,4,D1276,농수산식품
농수산식품,식품,HSK-MTI 연계표,1276,4,D1276,농수산식품
농수산식품,농수산식품,HSK-MTI 연계표,1277,4,D1277,농수산식품
농수산식품,농수산,HSK-MTI 연계표,1277,4,D1277,농수산식품
농수산식품,수산,HSK-MTI 연계표,1277,4,D1277,농수산식품
농수산식품,식품,HSK-MTI 연계표,1277,4,D1277,농수산식품
농수산식품,농수산식품,HSK-MTI 연계표,1278,4,D1278,농수산식품
농수산식품,농수산,HSK-MTI 연계표,1278,4,D1278,농수산식품
농수산식품,수산,HSK-MTI 연계표,1278,4,D1278,농수산식품
농수산식품,식품,HSK-MTI 연계표,1278,4,D1278,농수산식품
농수산식품,농수산식품,HSK-MTI 연계표,1279,4,D1279,농수산식품
농수산식품,농수산,HSK-MTI 연계표,1279,4,D1279,농수산식품
농수산식품,수산,HSK-MTI 연계표,1279,4,D1279,농수산식품
농수산식품,식품,HSK-MTI 연계표,1279,4,D1279,농수산식품
농수산식품,농수산식품,HSK-MTI 연계표,1280,4,D1280,농수산식품
농수산식품,농수산,HSK-MTI 연계표,1280,4,D1280,농수산식품
농수산식품,수산,HSK-MTI 연계표,1280,4,D1280,농수산식품
농수산식품,식품,HSK-MTI 연계표,1280,4,D1280,농수산식품
농수산식품,농수산식품,HSK-MTI 연계표,1281,4,D1281,농수산식품
농수산식품,농수산,HSK-MTI 연계표,1281,4,D1281,농수산식품
농수산식품,수산,HSK-MTI 연계표,1281,4,D1281,농수산식품
농수산식품,식품,HSK-MTI 연계표,1281,4,D1281,농수산식품
농수산식품,농수산식품,HSK-MTI 연계표,1282,4,D1282,농수산식품
농수산식품,농수산,HSK-MTI 연계표,1282,4,D1282,농수산식품
농수산식품,수산,HSK-MTI 연계표,1282,4,D1282,농수산식품
농수산식품,식품,HSK-MTI 연계표,1282,4,D1282,농수산식품
농수산식품,농수산식품,HSK-MTI 연계표,1283,4,D1283,농수산식품
농수산식품,농수산,HSK-MTI 연계표,1283,4,D1283,농수산식품
농수산식품,수산,HSK-MTI 연계표,1283,4,D1283,농수산식품
농수산식품,식품,HSK-MTI 연계표,1283,4,D1283,농수산식품
농수산식품,농수산식품,HSK-MTI 연계표,1284,4,D1284,농수산식품
농수산식품,농수산,HSK-MTI 연계표,1284,4,D1284,농수산식품
농수산식품,수산,HSK-MTI 연계표,1284,4,D1284,농수산식품
농수산식품,식품,HSK-MTI 연계표,1284,4,D1284,농수산식품
농수산식품,농수산식품,HSK-MTI 연계표,1285,4,D1285,농수산식품
농수산식품,농수산,HSK-MTI 연계표,1285,4,D1285,농수산식품
농수산식품,수산,HSK-MTI 연계표,1285,4,D1285,농수산식품
농수산식품,식품,HSK-MTI 연계표,1285,4,D1285,농수산식품
농수산식품,농수산식품,HSK-MTI 연계표,1286,4,D1286,농수산식품
농수산식품,농수산,HSK-MTI 연계표,1286,4,D1286,농수산식품
농수산식품,수산,HSK-MTI 연계표,1286,4,D1286,농수산식품
농수산식품,식품,HSK-MTI 연계표,1286,4,D1286,농수산식품
농수산식품,농수산식품,HSK-MTI 연계표,1287,4,D1287,농수산식품
농수산식품,농수산,HSK-MTI 연계표,1287,4,D1287,농수산식품
농수산식품,수산,HSK-MTI 연계표,1287,4,D1287,농수산식품
농수산식품,식품,HSK-MTI 연계표,1287,4,D1287,농수산식품
농수산식품,농수산식품,HSK-MTI 연계표,1288,4,D1288,농수산식품
농수산식품,농수산,HSK-MTI 연계표,1288,4,D1288,농수산식품
농수산식품,수산,HSK-MTI 연계표,1288,4,D1288,농수산식품
농수산식품,식품,HSK-MTI 연계표,1288,4,D1288,농수산식품
농수산식품,농수산식품,HSK-MTI 연계표,1289,4,D1289,농수산식품
농수산식품,농수산,HSK-MTI 연계표,1289,4,D1289,농수산식품
농수산식품,수산,HSK-MTI 연계표,1289,4,D1289,농수산식품
농수산식품,식품,HSK-MTI 연계표,1289,4,D1289,농수산식품
농수산식품,농수산식품,HSK-MTI 연계표,1290,4,D1290,농수산식품
농수산식품,농수산,HSK-MTI 연계표,1290,4,D1290,농수산식품
농수산식품,수산,HSK-MTI 연계표,1290,4,D1290,농수산식품
농수산식품,식품,HSK-MTI 연계표,1290,4,D1290,농수산식품
농수산식품,농수산식품,HSK-MTI 연계표,1291,4,D1291,농수산식품
농수산식품,농수산,HSK-MTI 연계표,1291,4,D1291,농수산식품
농수산식품,수산,HSK-MTI 연계표,1291,4,D1291,농수산식품
농수산식품,식품,HSK-MTI 연계표,1291,4,D1291,농수산식품
농수산식품,농수산식품,HSK-MTI 연계표,1292,4,D1292,농수산식품
농수산식품,농수산,HSK-MTI 연계표,1292,4,D1292,농수산식품
농수산식품,수산,HSK-MTI 연계표,1292,4,D1292,농수산식품
농수산식품,식품,HSK-MTI 연계표,1292,4,D1292,농수산식품
농수산식품,농수산식품,HSK-MTI 연계표,1293,4,D1293,농수산식품
농수산식품,농수산,HSK-MTI 연계표,1293,4,D1293,농수산식품
농수산식품,수산,HSK-MTI 연계표,1293,4,D1293,농수산식품
농수산식품,식품,HSK-MTI 연계표,1293,4,D1293,농수산식품
농수산식품,농수산식품,HSK-MTI 연계표,1294,4,D1294,농수산식품
농수산식품,농수산,HSK-MTI 연계표,1294,4,D1294,농수산식품
농수산식품,수산,HSK-MTI 연계표,1294,4,D1294,농수산식품
농수산식품,식품,HSK-MTI 연계표,1294,4,D1294,농수산식품
농수산식품,농수산식품,HSK-MTI 연계표,1295,4,D1295,농수산식품
농수산식품,농수산,HSK-MTI 연계표,1295,4,D1295,농수산식품
농수산식품,수산,HSK-MTI 연계표,1295,4,D1295,농수산식품
농수산식품,식품,HSK-MTI 연계표,1295,4,D1295,농수산식품
농수산식품,농수산식품,HSK-MTI 연계표,1296,4,D1296,농수산식품
농수산식품,농수산,HSK-MTI 연계표,1296,4,D1296,농수산식품
농수산식품,수산,HSK-MTI 연계표,1296,4,D1296,농수산식품
농수산식품,식품,HSK-MTI 연계표,1296,4,D1296,농수산식품
농수산식품,농수산식품,HSK-MTI 연계표,1297,4,D1297,농수산식품
농수산식품,농수산,HSK-MTI 연계표,1297,4,D1297,농수산식품
농수산식품,수산,HSK-MTI 연계표,1297,4,D1297,농수산식품
농수산식품,식품,HSK-MTI 연계표,1297,4,D1297,농수산식품
농수산식품,농수산식품,HSK-MTI 연계표,1298,4,D1298,농수산식품
농수산식품,농수산,HSK-MTI 연계표,1298,4,D1298,농수산식품
농수산식품,수산,HSK-MTI 연계표,1298,4,D1298,농수산식품
농수산식품,식품,HSK-MTI 연계표,1298,4,D1298,농수산식품
농수산식품,농수산식품,HSK-MTI 연계표,1299,4,D1299,농수산식품
농수산식품,농수산,HSK-MTI 연계표,1299,4,D1299,농수산식품
농수산식품,수산,HSK-MTI 연계표,1299,4,D1299,농수산식품
농수산식품,식품,HSK-MTI 연계표,1299,4,D1299,농수산식품
농수산식품,농수산식품,HSK-MTI 연계표,1300,4,D1300,농수산식품
농수산식품,농수산,HSK-MTI 연계표,1300,4,D1300,농수산식품
농수산식품,수산,HSK-MTI 연계표,1300,4,D1300,농수산식품
농수산식품,식품,HSK-MTI 연계표,1300,4,D1300,농수산식품
농수산식품,농수산식품,HSK-MTI 연계표,1301,4,D1301,농수산식품
농수산식품,농수산,HSK-MTI 연계표,1301,4,D1301,농수산식품
농수산식품,수산,HSK-MTI 연계표,1301,4,D1301,농수산식품
농수산식품,식품,HSK-MTI 연계표,1301,4,D1301,농수산식품
농수산식품,농수산식품,HSK-MTI 연계표,1302,4,D1302,농수산식품
농수산식품,농수산,HSK-MTI 연계표,1302,4,D1302,농수산식품
농수산식품,수산,HSK-MTI 연계표,1302,4,D1302,농수산식품
농수산식품,식품,HSK-MTI 연계표,1302,4,D1302,농수산식품
농수산식품,농수산식품,HSK-MTI 연계표,1303,4,D1303,농수산식품
농수산식품,농수산,HSK-MTI 연계표,1303,4,D1303,농수산식품
농수산식품,수산,HSK-MTI 연계표,1303,4,D1303,농수산식품
농수산식품,식품,HSK-MTI 연계표,1303,4,D1303,농수산식품
농수산식품,농수산식품,HSK-MTI 연계표,1304,4,D1304,농수산식품
농수산식품,농수산,HSK-MTI 연계표,1304,4,D1304,농수산식품
농수산식품,수산,HSK-MTI 연계표,1304,4,D1304,농수산식품
농수산식품,식품,HSK-MTI 연계표,1304,4,D1304,농수산식품
농수산식품,농수산식품,HSK-MTI 연계표,1305,4,D1305,농수산식품
농수산식품,농수산,HSK-MTI 연계표,1305,4,D1305,농수산식품
농수산식품,수산,HSK-MTI 연계표,1305,4,D1305,농수산식품
농수산식품,식품,HSK-MTI 연계표,1305,4,D1305,농수산식품
농수산식품,농수산식품,HSK-MTI 연계표,1306,4,D1306,농수산식품
농수산식품,농수산,HSK-MTI 연계표,1306,4,D1306,농수산식품
농수산식품,수산,HSK-MTI 연계표,1306,4,D1306,농수산식품
농수산식품,식품,HSK-MTI 연계표,1306,4,D1306,농수산식품
농수산식품,농수산식품,HSK-MTI 연계표,1307,4,D1307,농수산식품
농수산식품,농수산,HSK-MTI 연계표,1307,4,D1307,농수산식품
농수산식품,수산,HSK-MTI 연계표,1307,4,D1307,농수산식품
농수산식품,식품,HSK-MTI 연계표,1307,4,D1307,농수산식품
농수산식품,농수산식품,HSK-MTI 연계표,1308,4,D1308,농수산식품
농수산식품,농수산,HSK-MTI 연계표,1308,4,D1308,농수산식품
농수산식품,수산,HSK-MTI 연계표,1308,4,D1308,농수산식품
농수산식품,식품,HSK-MTI 연계표,1308,4,D1308,농수산식품
농수산식품,농수산식품,HSK-MTI 연계표,1309,4,D1309,농수산식품
농수산식품,농수산,HSK-MTI 연계표,1309,4,D1309,농수산식품
농수산식품,수산,HSK-MTI 연계표,1309,4,D1309,농수산식품
농수산식품,식품,HSK-MTI 연계표,1309,4,D1309,농수산식품
농수산식품,농수산식품,HSK-MTI 연계표,1310,4,D1310,농수산식품
농수산식품,농수산,HSK-MTI 연계표,1310,4,D1310,농수산식품
농수산식품,수산,HSK-MTI 연계표,1310,4,D1310,농수산식품
농수산식품,식품,HSK-MTI 연계표,1310,4,D1310,농수산식품
농수산식품,농수산식품,HSK-MTI 연계표,1311,4,D1311,농수산식품
농수산식품,농수산,HSK-MTI 연계표,1311,4,D1311,농수산식품
농수산식품,수산,HSK-MTI 연계표,1311,4,D1311,농수산식품
농수산식품,식품,HSK-MTI 연계표,1311,4,D1311,농수산식품
농수산식품,농수산식품,HSK-MTI 연계표,1312,4,D1312,농수산식품
농수산식품,농수산,HSK-MTI 연계표,1312,4,D1312,농수산식품
농수산식품,수산,HSK-MTI 연계표,1312,4,D1312,농수산식품
농수산식품,식품,HSK-MTI 연계표,1312,4,D1312,농수산식품
농수산식품,농수산식품,HSK-MTI 연계표,1313,4,D1313,농수산식품
농수산식품,농수산,HSK-MTI 연계표,1313,4,D1313,농수산식품
농수산식품,수산,HSK-MTI 연계표,1313,4,D1313,농수산식품
농수산식품,식품,HSK-MTI 연계표,1313,4,D1313,농수산식품
농수산식품,농수산식품,HSK-MTI 연계표,1314,4,D1314,농수산식품
농수산식품,농수산,HSK-MTI 연계표,1314,4,D1314,농수산식품
농수산식품,수산,HSK-MTI 연계표,1314,4,D1314,농수산식품
농수산식품,식품,HSK-MTI 연계표,1314,4,D1314,농수산식품
농수산식품,농수산식품,HSK-MTI 연계표,1315,4,D1315,농수산식품
농수산식품,농수산,HSK-MTI 연계표,1315,4,D1315,농수산식품
농수산식품,수산,HSK-MTI 연계표,1315,4,D1315,농수산식품
농수산식품,식품,HSK-MTI 연계표,1315,4,D1315,농수산식품
농수산식품,농수산식품,HSK-MTI 연계표,1316,4,D1316,농수산식품
농수산식품,농수산,HSK-MTI 연계표,1316,4,D1316,농수산식품
농수산식품,수산,HSK-MTI 연계표,1316,4,D1316,농수산식품
농수산식품,식품,HSK-MTI 연계표,1316,4,D1316,농수산식품
농수산식품,농수산식품,HSK-MTI 연계표,1317,4,D1317,농수산식품
농수산식품,농수산,HSK-MTI 연계표,1317,4,D1317,농수산식품
농수산식품,수산,HSK-MTI 연계표,1317,4,D1317,농수산식품
농수산식품,식품,HSK-MTI 연계표,1317,4,D1317,농수산식품
농수산식품,농수산식품,HSK-MTI 연계표,1318,4,D1318,농수산식품
농수산식품,농수산,HSK-MTI 연계표,1318,4,D1318,농수산식품
농수산식품,수산,HSK-MTI 연계표,1318,4,D1318,농수산식품
농수산식품,식품,HSK-MTI 연계표,1318,4,D1318,농수산식품
농수산식품,농수산식품,HSK-MTI 연계표,1319,4,D1319,농수산식품
농수산식품,농수산,HSK-MTI 연계표,1319,4,D1319,농수산식품
농수산식품,수산,HSK-MTI 연계표,1319,4,D1319,농수산식품
농수산식품,식품,HSK-MTI 연계표,1319,4,D1319,농수산식품
농수산식품,농수산식품,HSK-MTI 연계표,1320,4,D1320,농수산식품
농수산식품,농수산,HSK-MTI 연계표,1320,4,D1320,농수산식품
농수산식품,수산,HSK-MTI 연계표,1320,4,D1320,농수산식품
농수산식품,식품,HSK-MTI 연계표,1320,4,D1320,농수산식품
농수산식품,농수산식품,HSK-MTI 연계표,1321,4,D1321,농수산식품
농수산식품,농수산,HSK-MTI 연계표,1321,4,D1321,농수산식품
농수산식품,수산,HSK-MTI 연계표,1321,4,D1321,농수산식품
농수산식품,식품,HSK-MTI 연계표,1321,4,D1321,농수산식품
농수산식품,농수산식품,HSK-MTI 연계표,1322,4,D1322,농수산식품
농수산식품,농수산,HSK-MTI 연계표,1322,4,D1322,농수산식품
농수산식품,수산,HSK-MTI 연계표,1322,4,D1322,농수산식품
농수산식품,식품,HSK-MTI 연계표,1322,4,D1322,농수산식품
농수산식품,농수산식품,HSK-MTI 연계표,1323,4,D1323,농수산식품
농수산식품,농수산,HSK-MTI 연계표,1323,4,D1323,농수산식품
농수산식품,수산,HSK-MTI 연계표,1323,4,D1323,농수산식품
농수산식품,식품,HSK-MTI 연계표,1323,4,D1323,농수산식품
농수산식품,농수산식품,HSK-MTI 연계표,1324,4,D1324,농수산식품
농수산식품,농수산,HSK-MTI 연계표,1324,4,D1324,농수산식품
농수산식품,수산,HSK-MTI 연계표,1324,4,D1324,농수산식품
농수산식품,식품,HSK-MTI 연계표,1324,4,D1324,농수산식품
농수산식품,농수산식품,HSK-MTI 연계표,1325,4,D1325,농수산식품
농수산식품,농수산,HSK-MTI 연계표,1325,4,D1325,농수산식품
농수산식품,수산,HSK-MTI 연계표,1325,4,D1325,농수산식품
농수산식품,식품,HSK-MTI 연계표,1325,4,D1325,농수산식품
농수산식품,농수산식품,HSK-MTI 연계표,1326,4,D1326,농수산식품
농수산식품,농수산,HSK-MTI 연계표,1326,4,D1326,농수산식품
농수산식품,수산,HSK-MTI 연계표,1326,4,D1326,농수산식품
농수산식품,식품,HSK-MTI 연계표,1326,4,D1326,농수산식품
농수산식품,농수산식품,HSK-MTI 연계표,1327,4,D1327,농수산식품
농수산식품,농수산,HSK-MTI 연계표,1327,4,D1327,농수산식품
농수산식품,수산,HSK-MTI 연계표,1327,4,D1327,농수산식품
농수산식품,식품,HSK-MTI 연계표,1327,4,D1327,농수산식품
농수산식품,농수산식품,HSK-MTI 연계표,1328,4,D1328,농수산식품
농수산식품,농수산,HSK-MTI 연계표,1328,4,D1328,농수산식품
농수산식품,수산,HSK-MTI 연계표,1328,4,D1328,농수산식품
농수산식품,식품,HSK-MTI 연계표,1328,4,D1328,농수산식품
농수산식품,농수산식품,HSK-MTI 연계표,1329,4,D1329,농수산식품
농수산식품,농수산,HSK-MTI 연계표,1329,4,D1329,농수산식품
농수산식품,수산,HSK-MTI 연계표,1329,4,D1329,농수산식품
농수산식품,식품,HSK-MTI 연계표,1329,4,D1329,농수산식품
농수산식품,농수산식품,HSK-MTI 연계표,1330,4,D1330,농수산식품
농수산식품,농수산,HSK-MTI 연계표,1330,4,D1330,농수산식품
농수산식품,수산,HSK-MTI 연계표,1330,4,D1330,농수산식품
농수산식품,식품,HSK-MTI 연계표,1330,4,D1330,농수산식품
농수산식품,농수산식품,HSK-MTI 연계표,1331,4,D1331,농수산식품
농수산식품,농수산,HSK-MTI 연계표,1331,4,D1331,농수산식품
농수산식품,수산,HSK-MTI 연계표,1331,4,D1331,농수산식품
농수산식품,식품,HSK-MTI 연계표,1331,4,D1331,농수산식품
농수산식품,농수산식품,HSK-MTI 연계표,1332,4,D1332,농수산식품
농수산식품,농수산,HSK-MTI 연계표,1332,4,D1332,농수산식품
농수산식품,수산,HSK-MTI 연계표,1332,4,D1332,농수산식품
농수산식품,식품,HSK-MTI 연계표,1332,4,D1332,농수산식품
농수산식품,농수산식품,HSK-MTI 연계표,1333,4,D1333,농수산식품
농수산식품,농수산,HSK-MTI 연계표,1333,4,D1333,농수산식품
농수산식품,수산,HSK-MTI 연계표,1333,4,D1333,농수산식품
농수산식품,식품,HSK-MTI 연계표,1333,4,D1333,농수산식품
농수산식품,농수산식품,HSK-MTI 연계표,1334,4,D1334,농수산식품
농수산식품,농수산,HSK-MTI 연계표,1334,4,D1334,농수산식품
농수산식품,수산,HSK-MTI 연계표,1334,4,D1334,농수산식품
농수산식품,식품,HSK-MTI 연계표,1334,4,D1334,농수산식품
농수산식품,농수산식품,HSK-MTI 연계표,1335,4,D1335,농수산식품
농수산식품,농수산,HSK-MTI 연계표,1335,4,D1335,농수산식품
농수산식품,수산,HSK-MTI 연계표,1335,4,D1335,농수산식품
농수산식품,식품,HSK-MTI 연계표,1335,4,D1335,농수산식품
농수산식품,농수산식품,HSK-MTI 연계표,1336,4,D1336,농수산식품
농수산식품,농수산,HSK-MTI 연계표,1336,4,D1336,농수산식품
농수산식품,수산,HSK-MTI 연계표,1336,4,D1336,농수산식품
농수산식품,식품,HSK-MTI 연계표,1336,4,D1336,농수산식품
농수산식품,농수산식품,HSK-MTI 연계표,1337,4,D1337,농수산식품
농수산식품,농수산,HSK-MTI 연계표,1337,4,D1337,농수산식품
농수산식품,수산,HSK-MTI 연계표,1337,4,D1337,농수산식품
농수산식품,식품,HSK-MTI 연계표,1337,4,D1337,농수산식품
농수산식품,농수산식품,HSK-MTI 연계표,1338,4,D1338,농수산식품
농수산식품,농수산,HSK-MTI 연계표,1338,4,D1338,농수산식품
농수산식품,수산,HSK-MTI 연계표,1338,4,D1338,농수산식품
농수산식품,식품,HSK-MTI 연계표,1338,4,D1338,농수산식품
농수산식품,농수산식품,HSK-MTI 연계표,1339,4,D1339,농수산식품
농수산식품,농수산,HSK-MTI 연계표,1339,4,D1339,농수산식품
농수산식품,수산,HSK-MTI 연계표,1339,4,D1339,농수산식품
농수산식품,식품,HSK-MTI 연계표,1339,4,D1339,농수산식품
농수산식품,농수산식품,HSK-MTI 연계표,1340,4,D1340,농수산식품
농수산식품,농수산,HSK-MTI 연계표,1340,4,D1340,농수산식품
농수산식품,수산,HSK-MTI 연계표,1340,4,D1340,농수산식품
농수산식품,식품,HSK-MTI 연계표,1340,4,D1340,농수산식품
농수산식품,농수산식품,HSK-MTI 연계표,1341,4,D1341,농수산식품
농수산식품,농수산,HSK-MTI 연계표,1341,4,D1341,농수산식품
농수산식품,수산,HSK-MTI 연계표,1341,4,D1341,농수산식품
농수산식품,식품,HSK-MTI 연계표,1341,4,D1341,농수산식품
농수산식품,농수산식품,HSK-MTI 연계표,1342,4,D1342,농수산식품
농수산식품,농수산,HSK-MTI 연계표,1342,4,D1342,농수산식품
농수산식품,수산,HSK-MTI 연계표,1342,4,D1342,농수산식품
농수산식품,식품,HSK-MTI 연계표,1342,4,D1342,농수산식품
농수산식품,농수산식품,HSK-MTI 연계표,1343,4,D1343,농수산식품
농수산식품,농수산,HSK-MTI 연계표,1343,4,D1343,농수산식품
농수산식품,수산,HSK-MTI 연계표,1343,4,D1343,농수산식품
농수산식품,식품,HSK-MTI 연계표,1343,4,D1343,농수산식품
농수산식품,농수산식품,HSK-MTI 연계표,1344,4,D1344,농수산식품
농수산식품,농수산,HSK-MTI 연계표,1344,4,D1344,농수산식품
농수산식품,수산,HSK-MTI 연계표,1344,4,D1344,농수산식품
농수산식품,식품,HSK-MTI 연계표,1344,4,D1344,농수산식품
농수산식품,농수산식품,HSK-MTI 연계표,1345,4,D1345,농수산식품
농수산식품,농수산,HSK-MTI 연계표,1345,4,D1345,농수산식품
농수산식품,수산,HSK-MTI 연계표,1345,4,D1345,농수산식품
농수산식품,식품,HSK-MTI 연계표,1345,4,D1345,농수산식품
농수산식품,농수산식품,HSK-MTI 연계표,1346,4,D1346,농수산식품
농수산식품,농수산,HSK-MTI 연계표,1346,4,D1346,농수산식품
농수산식품,수산,HSK-MTI 연계표,1346,4,D1346,농수산식품
농수산식품,식품,HSK-MTI 연계표,1346,4,D1346,농수산식품
농수산식품,농수산식품,HSK-MTI 연계표,1347,4,D1347,농수산식품
농수산식품,농수산,HSK-MTI 연계표,1347,4,D1347,농수산식품
농수산식품,수산,HSK-MTI 연계표,1347,4,D1347,농수산식품
농수산식품,식품,HSK-MTI 연계표,1347,4,D1347,농수산식품
농수산식품,농수산식품,HSK-MTI 연계표,1348,4,D1348,농수산식품
농수산식품,농수산,HSK-MTI 연계표,1348,4,D1348,농수산식품
농수산식품,수산,HSK-MTI 연계표,1348,4,D1348,농수산식품
농수산식품,식품,HSK-MTI 연계표,1348,4,D1348,농수산식품
농수산식품,농수산식품,HSK-MTI 연계표,1349,4,D1349,농수산식품
농수산식품,농수산,HSK-MTI 연계표,1349,4,D1349,농수산식품
농수산식품,수산,HSK-MTI 연계표,1349,4,D1349,농수산식품
농수산식품,식품,HSK-MTI 연계표,1349,4,D1349,농수산식품
농수산식품,농수산식품,HSK-MTI 연계표,1350,4,D1350,농수산식품
농수산식품,농수산,HSK-MTI 연계표,1350,4,D1350,농수산식품
농수산식품,수산,HSK-MTI 연계표,1350,4,D1350,농수산식품
농수산식품,식품,HSK-MTI 연계표,1350,4,D1350,농수산식품
농수산식품,농수산식품,HSK-MTI 연계표,1351,4,D1351,농수산식품
농수산식품,농수산,HSK-MTI 연계표,1351,4,D1351,농수산식품
농수산식품,수산,HSK-MTI 연계표,1351,4,D1351,농수산식품
농수산식품,식품,HSK-MTI 연계표,1351,4,D1351,농수산식품
농수산식품,농수산식품,HSK-MTI 연계표,1352,4,D1352,농수산식품
농수산식품,농수산,HSK-MTI 연계표,1352,4,D1352,농수산식품
농수산식품,수산,HSK-MTI 연계표,1352,4,D1352,농수산식품
농수산식품,식품,HSK-MTI 연계표,1352,4,D1352,농수산식품
농수산식품,농수산식품,HSK-MTI 연계표,1353,4,D1353,농수산식품
농수산식품,농수산,HSK-MTI 연계표,1353,4,D1353,농수산식품
농수산식품,수산,HSK-MTI 연계표,1353,4,D1353,농수산식품
농수산식품,식품,HSK-MTI 연계표,1353,4,D1353,농수산식품
농수산식품,농수산식품,HSK-MTI 연계표,1354,4,D1354,농수산식품
농수산식품,농수산,HSK-MTI 연계표,1354,4,D1354,농수산식품
농수산식품,수산,HSK-MTI 연계표,1354,4,D1354,농수산식품
농수산식품,식품,HSK-MTI 연계표,1354,4,D1354,농수산식품
농수산식품,농수산식품,HSK-MTI 연계표,1355,4,D1355,농수산식품
농수산식품,농수산,HSK-MTI 연계표,1355,4,D1355,농수산식품
농수산식품,수산,HSK-MTI 연계표,1355,4,D1355,농수산식품
농수산식품,식품,HSK-MTI 연계표,1355,4,D1355,농수산식품
농수산식품,농수산식품,HSK-MTI 연계표,1356,4,D1356,농수산식품
농수산식품,농수산,HSK-MTI 연계표,1356,4,D1356,농수산식품
농수산식품,수산,HSK-MTI 연계표,1356,4,D1356,농수산식품
농수산식품,식품,HSK-MTI 연계표,1356,4,D1356,농수산식품
농수산식품,농수산식품,HSK-MTI 연계표,1357,4,D1357,농수산식품
농수산식품,농수산,HSK-MTI 연계표,1357,4,D1357,농수산식품
농수산식품,수산,HSK-MTI 연계표,1357,4,D1357,농수산식품
농수산식품,식품,HSK-MTI 연계표,1357,4,D1357,농수산식품
농수산식품,농수산식품,HSK-MTI 연계표,1358,4,D1358,농수산식품
농수산식품,농수산,HSK-MTI 연계표,1358,4,D1358,농수산식품
농수산식품,수산,HSK-MTI 연계표,1358,4,D1358,농수산식품
농수산식품,식품,HSK-MTI 연계표,1358,4,D1358,농수산식품
농수산식품,농수산식품,HSK-MTI 연계표,1359,4,D1359,농수산식품
농수산식품,농수산,HSK-MTI 연계표,1359,4,D1359,농수산식품
농수산식품,수산,HSK-MTI 연계표,1359,4,D1359,농수산식품
농수산식품,식품,HSK-MTI 연계표,1359,4,D1359,농수산식품
농수산식품,농수산식품,HSK-MTI 연계표,1360,4,D1360,농수산식품
농수산식품,농수산,HSK-MTI 연계표,1360,4,D1360,농수산식품
농수산식품,수산,HSK-MTI 연계표,1360,4,D1360,농수산식품
농수산식품,식품,HSK-MTI 연계표,1360,4,D1360,농수산식품
농수산식품,농수산식품,HSK-MTI 연계표,1361,4,D1361,농수산식품
농수산식품,농수산,HSK-MTI 연계표,1361,4,D1361,농수산식품
농수산식품,수산,HSK-MTI 연계표,1361,4,D1361,농수산식품
농수산식품,식품,HSK-MTI 연계표,1361,4,D1361,농수산식품
농수산식품,농수산식품,HSK-MTI 연계표,1362,4,D1362,농수산식품
농수산식품,농수산,HSK-MTI 연계표,1362,4,D1362,농수산식품
농수산식품,수산,HSK-MTI 연계표,1362,4,D1362,농수산식품
농수산식품,식품,HSK-MTI 연계표,1362,4,D1362,농수산식품
농수산식품,농수산식품,HSK-MTI 연계표,1363,4,D1363,농수산식품
농수산식품,농수산,HSK-MTI 연계표,1363,4,D1363,농수산식품
농수산식품,수산,HSK-MTI 연계표,1363,4,D1363,농수산식품
농수산식품,식품,HSK-MTI 연계표,1363,4,D1363,농수산식품
농수산식품,농수산식품,HSK-MTI 연계표,1364,4,D1364,농수산식품
농수산식품,농수산,HSK-MTI 연계표,1364,4,D1364,농수산식품
농수산식품,수산,HSK-MTI 연계표,1364,4,D1364,농수산식품
농수산식품,식품,HSK-MTI 연계표,1364,4,D1364,농수산식품
농수산식품,농수산식품,HSK-MTI 연계표,1365,4,D1365,농수산식품
농수산식품,농수산,HSK-MTI 연계표,1365,4,D1365,농수산식품
농수산식품,수산,HSK-MTI 연계표,1365,4,D1365,농수산식품
농수산식품,식품,HSK-MTI 연계표,1365,4,D1365,농수산식품
농수산식품,농수산식품,HSK-MTI 연계표,1366,4,D1366,농수산식품
농수산식품,농수산,HSK-MTI 연계표,1366,4,D1366,농수산식품
농수산식품,수산,HSK-MTI 연계표,1366,4,D1366,농수산식품
농수산식품,식품,HSK-MTI 연계표,1366,4,D1366,농수산식품
농수산식품,농수산식품,HSK-MTI 연계표,1367,4,D1367,농수산식품
농수산식품,농수산,HSK-MTI 연계표,1367,4,D1367,농수산식품
농수산식품,수산,HSK-MTI 연계표,1367,4,D1367,농수산식품
농수산식품,식품,HSK-MTI 연계표,1367,4,D1367,농수산식품
농수산식품,농수산식품,HSK-MTI 연계표,1368,4,D1368,농수산식품
농수산식품,농수산,HSK-MTI 연계표,1368,4,D1368,농수산식품
농수산식품,수산,HSK-MTI 연계표,1368,4,D1368,농수산식품
농수산식품,식품,HSK-MTI 연계표,1368,4,D1368,농수산식품
농수산식품,농수산식품,HSK-MTI 연계표,1369,4,D1369,농수산식품
농수산식품,농수산,HSK-MTI 연계표,1369,4,D1369,농수산식품
농수산식품,수산,HSK-MTI 연계표,1369,4,D1369,농수산식품
농수산식품,식품,HSK-MTI 연계표,1369,4,D1369,농수산식품
농수산식품,농수산식품,HSK-MTI 연계표,1370,4,D1370,농수산식품
농수산식품,농수산,HSK-MTI 연계표,1370,4,D1370,농수산식품
농수산식품,수산,HSK-MTI 연계표,1370,4,D1370,농수산식품
농수산식품,식품,HSK-MTI 연계표,1370,4,D1370,농수산식품
농수산식품,농수산식품,HSK-MTI 연계표,1371,4,D1371,농수산식품
농수산식품,농수산,HSK-MTI 연계표,1371,4,D1371,농수산식품
농수산식품,수산,HSK-MTI 연계표,1371,4,D1371,농수산식품
농수산식품,식품,HSK-MTI 연계표,1371,4,D1371,농수산식품
농수산식품,농수산식품,HSK-MTI 연계표,1372,4,D1372,농수산식품
농수산식품,농수산,HSK-MTI 연계표,1372,4,D1372,농수산식품
농수산식품,수산,HSK-MTI 연계표,1372,4,D1372,농수산식품
농수산식품,식품,HSK-MTI 연계표,1372,4,D1372,농수산식품
농수산식품,농수산식품,HSK-MTI 연계표,1373,4,D1373,농수산식품
농수산식품,농수산,HSK-MTI 연계표,1373,4,D1373,농수산식품
농수산식품,수산,HSK-MTI 연계표,1373,4,D1373,농수산식품
농수산식품,식품,HSK-MTI 연계표,1373,4,D1373,농수산식품
농수산식품,농수산식품,HSK-MTI 연계표,1374,4,D1374,농수산식품
농수산식품,농수산,HSK-MTI 연계표,1374,4,D1374,농수산식품
농수산식품,수산,HSK-MTI 연계표,1374,4,D1374,농수산식품
농수산식품,식품,HSK-MTI 연계표,1374,4,D1374,농수산식품
농수산식품,농수산식품,HSK-MTI 연계표,1375,4,D1375,농수산식품
농수산식품,농수산,HSK-MTI 연계표,1375,4,D1375,농수산식품
농수산식품,수산,HSK-MTI 연계표,1375,4,D1375,농수산식품
농수산식품,식품,HSK-MTI 연계표,1375,4,D1375,농수산식품
농수산식품,농수산식품,HSK-MTI 연계표,1376,4,D1376,농수산식품
농수산식품,농수산,HSK-MTI 연계표,1376,4,D1376,농수산식품
농수산식품,수산,HSK-MTI 연계표,1376,4,D1376,농수산식품
농수산식품,식품,HSK-MTI 연계표,1376,4,D1376,농수산식품
농수산식품,농수산식품,HSK-MTI 연계표,1377,4,D1377,농수산식품
농수산식품,농수산,HSK-MTI 연계표,1377,4,D1377,농수산식품
농수산식품,수산,HSK-MTI 연계표,1377,4,D1377,농수산식품
농수산식품,식품,HSK-MTI 연계표,1377,4,D1377,농수산식품
농수산식품,농수산식품,HSK-MTI 연계표,1378,4,D1378,농수산식품
농수산식품,농수산,HSK-MTI 연계표,1378,4,D1378,농수산식품
농수산식품,수산,HSK-MTI 연계표,1378,4,D1378,농수산식품
농수산식품,식품,HSK-MTI 연계표,1378,4,D1378,농수산식품
농수산식품,농수산식품,HSK-MTI 연계표,1379,4,D1379,농수산식품
농수산식품,농수산,HSK-MTI 연계표,1379,4,D1379,농수산식품
농수산식품,수산,HSK-MTI 연계표,1379,4,D1379,농수산식품
농수산식품,식품,HSK-MTI 연계표,1379,4,D1379,농수산식품
농수산식품,농수산식품,HSK-MTI 연계표,1380,4,D1380,농수산식품
농수산식품,농수산,HSK-MTI 연계표,1380,4,D1380,농수산식품
농수산식품,수산,HSK-MTI 연계표,1380,4,D1380,농수산식품
농수산식품,식품,HSK-MTI 연계표,1380,4,D1380,농수산식품
농수산식품,농수산식품,HSK-MTI 연계표,1381,4,D1381,농수산식품
농수산식품,농수산,HSK-MTI 연계표,1381,4,D1381,농수산식품
농수산식품,수산,HSK-MTI 연계표,1381,4,D1381,농수산식품
농수산식품,식품,HSK-MTI 연계표,1381,4,D1381,농수산식품
농수산식품,농수산식품,HSK-MTI 연계표,1382,4,D1382,농수산식품
농수산식품,농수산,HSK-MTI 연계표,1382,4,D1382,농수산식품
농수산식품,수산,HSK-MTI 연계표,1382,4,D1382,농수산식품
농수산식품,식품,HSK-MTI 연계표,1382,4,D1382,농수산식품
농수산식품,농수산식품,HSK-MTI 연계표,1383,4,D1383,농수산식품
농수산식품,농수산,HSK-MTI 연계표,1383,4,D1383,농수산식품
농수산식품,수산,HSK-MTI 연계표,1383,4,D1383,농수산식품
농수산식품,식품,HSK-MTI 연계표,1383,4,D1383,농수산식품
농수산식품,농수산식품,HSK-MTI 연계표,1384,4,D1384,농수산식품
농수산식품,농수산,HSK-MTI 연계표,1384,4,D1384,농수산식품
농수산식품,수산,HSK-MTI 연계표,1384,4,D1384,농수산식품
농수산식품,식품,HSK-MTI 연계표,1384,4,D1384,농수산식품
농수산식품,농수산식품,HSK-MTI 연계표,1385,4,D1385,농수산식품
농수산식품,농수산,HSK-MTI 연계표,1385,4,D1385,농수산식품
농수산식품,수산,HSK-MTI 연계표,1385,4,D1385,농수산식품
농수산식품,식품,HSK-MTI 연계표,1385,4,D1385,농수산식품
농수산식품,농수산식품,HSK-MTI 연계표,1386,4,D1386,농수산식품
농수산식품,농수산,HSK-MTI 연계표,1386,4,D1386,농수산식품
농수산식품,수산,HSK-MTI 연계표,1386,4,D1386,농수산식품
농수산식품,식품,HSK-MTI 연계표,1386,4,D1386,농수산식품
농수산식품,농수산식품,HSK-MTI 연계표,1387,4,D1387,농수산식품
농수산식품,농수산,HSK-MTI 연계표,1387,4,D1387,농수산식품
농수산식품,수산,HSK-MTI 연계표,1387,4,D1387,농수산식품
농수산식품,식품,HSK-MTI 연계표,1387,4,D1387,농수산식품
농수산식품,농수산식품,HSK-MTI 연계표,1389,4,D1389,농수산식품
농수산식품,농수산,HSK-MTI 연계표,1389,4,D1389,농수산식품
농수산식품,수산,HSK-MTI 연계표,1389,4,D1389,농수산식품
농수산식품,식품,HSK-MTI 연계표,1389,4,D1389,농수산식품
농수산식품,농수산식품,HSK-MTI 연계표,1391,4,D1391,농수산식품
농수산식품,농수산,HSK-MTI 연계표,1391,4,D1391,농수산식품
농수산식품,수산,HSK-MTI 연계표,1391,4,D1391,농수산식품
농수산식품,식품,HSK-MTI 연계표,1391,4,D1391,농수산식품
농수산식품,농수산식품,HSK-MTI 연계표,1393,4,D1393,농수산식품
농수산식품,농수산,HSK-MTI 연계표,1393,4,D1393,농수산식품
농수산식품,수산,HSK-MTI 연계표,1393,4,D1393,농수산식품
농수산식품,식품,HSK-MTI 연계표,1393,4,D1393,농수산식품
농수산식품,농수산식품,HSK-MTI 연계표,1396,4,D1396,농수산식품
농수산식품,농수산,HSK-MTI 연계표,1396,4,D1396,농수산식품
농수산식품,수산,HSK-MTI 연계표,1396,4,D1396,농수산식품
농수산식품,식품,HSK-MTI 연계표,1396,4,D1396,농수산식품
농수산식품,농수산식품,HSK-MTI 연계표,1400,4,D1400,농수산식품
농수산식품,농수산,HSK-MTI 연계표,1400,4,D1400,농수산식품
농수산식품,수산,HSK-MTI 연계표,1400,4,D1400,농수산식품
농수산식품,식품,HSK-MTI 연계표,1400,4,D1400,농수산식품
농수산식품,농수산식품,HSK-MTI 연계표,1403,4,D1403,농수산식품
농수산식품,농수산,HSK-MTI 연계표,1403,4,D1403,농수산식품
농수산식품,수산,HSK-MTI 연계표,1403,4,D1403,농수산식품
농수산식품,식품,HSK-MTI 연계표,1403,4,D1403,농수산식품
농수산식품,농수산식품,HSK-MTI 연계표,1404,4,D1404,농수산식품
농수산식품,농수산,HSK-MTI 연계표,1404,4,D1404,농수산식품
농수산식품,수산,HSK-MTI 연계표,1404,4,D1404,농수산식품
농수산식품,식품,HSK-MTI 연계표,1404,4,D1404,농수산식품
농수산식품,농수산식품,HSK-MTI 연계표,1405,4,D1405,농수산식품
농수산식품,농수산,HSK-MTI 연계표,1405,4,D1405,농수산식품
농수산식품,수산,HSK-MTI 연계표,1405,4,D1405,농수산식품
농수산식품,식품,HSK-MTI 연계표,1405,4,D1405,농수산식품
농수산식품,농수산식품,HSK-MTI 연계표,1407,4,D1407,농수산식품
농수산식품,농수산,HSK-MTI 연계표,1407,4,D1407,농수산식품
농수산식품,수산,HSK-MTI 연계표,1407,4,D1407,농수산식품
농수산식품,식품,HSK-MTI 연계표,1407,4,D1407,농수산식품
농수산식품,농수산식품,HSK-MTI 연계표,1414,4,D1414,농수산식품
농수산식품,농수산,HSK-MTI 연계표,1414,4,D1414,농수산식품
농수산식품,수산,HSK-MTI 연계표,1414,4,D1414,농수산식품
농수산식품,식품,HSK-MTI 연계표,1414,4,D1414,농수산식품
농수산식품,농수산식품,HSK-MTI 연계표,1415,4,D1415,농수산식품
농수산식품,농수산,HSK-MTI 연계표,1415,4,D1415,농수산식품
농수산식품,수산,HSK-MTI 연계표,1415,4,D1415,농수산식품
농수산식품,식품,HSK-MTI 연계표,1415,4,D1415,농수산식품
농수산식품,농수산식품,HSK-MTI 연계표,1416,4,D1416,농수산식품
농수산식품,농수산,HSK-MTI 연계표,1416,4,D1416,농수산식품
농수산식품,수산,HSK-MTI 연계표,1416,4,D1416,농수산식품
농수산식품,식품,HSK-MTI 연계표,1416,4,D1416,농수산식품
농수산식품,농수산식품,HSK-MTI 연계표,1417,4,D1417,농수산식품
농수산식품,농수산,HSK-MTI 연계표,1417,4,D1417,농수산식품
농수산식품,수산,HSK-MTI 연계표,1417,4,D1417,농수산식품
농수산식품,식품,HSK-MTI 연계표,1417,4,D1417,농수산식품
농수산식품,농수산식품,HSK-MTI 연계표,1418,4,D1418,농수산식품
농수산식품,농수산,HSK-MTI 연계표,1418,4,D1418,농수산식품
농수산식품,수산,HSK-MTI 연계표,1418,4,D1418,농수산식품
농수산식품,식품,HSK-MTI 연계표,1418,4,D1418,농수산식품
농수산식품,농수산식품,HSK-MTI 연계표,1419,4,D1419,농수산식품
농수산식품,농수산,HSK-MTI 연계표,1419,4,D1419,농수산식품
농수산식품,수산,HSK-MTI 연계표,1419,4,D1419,농수산식품
농수산식품,식품,HSK-MTI 연계표,1419,4,D1419,농수산식품
농수산식품,농수산식품,HSK-MTI 연계표,1420,4,D1420,농수산식품
농수산식품,농수산,HSK-MTI 연계표,1420,4,D1420,농수산식품
농수산식품,수산,HSK-MTI 연계표,1420,4,D1420,농수산식품
농수산식품,식품,HSK-MTI 연계표,1420,4,D1420,농수산식품
농수산식품,농수산식품,HSK-MTI 연계표,1421,4,D1421,농수산식품
농수산식품,농수산,HSK-MTI 연계표,1421,4,D1421,농수산식품
농수산식품,수산,HSK-MTI 연계표,1421,4,D1421,농수산식품
농수산식품,식품,HSK-MTI 연계표,1421,4,D1421,농수산식품
농수산식품,농수산식품,HSK-MTI 연계표,1422,4,D1422,농수산식품
농수산식품,농수산,HSK-MTI 연계표,1422,4,D1422,농수산식품
농수산식품,수산,HSK-MTI 연계표,1422,4,D1422,농수산식품
농수산식품,식품,HSK-MTI 연계표,1422,4,D1422,농수산식품
농수산식품,농수산식품,HSK-MTI 연계표,1423,4,D1423,농수산식품
농수산식품,농수산,HSK-MTI 연계표,1423,4,D1423,농수산식품
농수산식품,수산,HSK-MTI 연계표,1423,4,D1423,농수산식품
농수산식품,식품,HSK-MTI 연계표,1423,4,D1423,농수산식품
농수산식품,농수산식품,HSK-MTI 연계표,1424,4,D1424,농수산식품
농수산식품,농수산,HSK-MTI 연계표,1424,4,D1424,농수산식품
농수산식품,수산,HSK-MTI 연계표,1424,4,D1424,농수산식품
농수산식품,식품,HSK-MTI 연계표,1424,4,D1424,농수산식품
농수산식품,농수산식품,HSK-MTI 연계표,1425,4,D1425,농수산식품
농수산식품,농수산,HSK-MTI 연계표,1425,4,D1425,농수산식품
농수산식품,수산,HSK-MTI 연계표,1425,4,D1425,농수산식품
농수산식품,식품,HSK-MTI 연계표,1425,4,D1425,농수산식품
농수산식품,농수산식품,HSK-MTI 연계표,1426,4,D1426,농수산식품
농수산식품,농수산,HSK-MTI 연계표,1426,4,D1426,농수산식품
농수산식품,수산,HSK-MTI 연계표,1426,4,D1426,농수산식품
농수산식품,식품,HSK-MTI 연계표,1426,4,D1426,농수산식품
농수산식품,농수산식품,HSK-MTI 연계표,1427,4,D1427,농수산식품
농수산식품,농수산,HSK-MTI 연계표,1427,4,D1427,농수산식품
농수산식품,수산,HSK-MTI 연계표,1427,4,D1427,농수산식품
농수산식품,식품,HSK-MTI 연계표,1427,4,D1427,농수산식품
농수산식품,농수산식품,HSK-MTI 연계표,1428,4,D1428,농수산식품
농수산식품,농수산,HSK-MTI 연계표,1428,4,D1428,농수산식품
농수산식품,수산,HSK-MTI 연계표,1428,4,D1428,농수산식품
농수산식품,식품,HSK-MTI 연계표,1428,4,D1428,농수산식품
농수산식품,농수산식품,HSK-MTI 연계표,1429,4,D1429,농수산식품
농수산식품,농수산,HSK-MTI 연계표,1429,4,D1429,농수산식품
농수산식품,수산,HSK-MTI 연계표,1429,4,D1429,농수산식품
농수산식품,식품,HSK-MTI 연계표,1429,4,D1429,농수산식품
농수산식품,농수산식품,HSK-MTI 연계표,1430,4,D1430,농수산식품
농수산식품,농수산,HSK-MTI 연계표,1430,4,D1430,농수산식품
농수산식품,수산,HSK-MTI 연계표,1430,4,D1430,농수산식품
농수산식품,식품,HSK-MTI 연계표,1430,4,D1430,농수산식품
농수산식품,농수산식품,HSK-MTI 연계표,1431,4,D1431,농수산식품
농수산식품,농수산,HSK-MTI 연계표,1431,4,D1431,농수산식품
농수산식품,수산,HSK-MTI 연계표,1431,4,D1431,농수산식품
농수산식품,식품,HSK-MTI 연계표,1431,4,D1431,농수산식품
농수산식품,농수산식품,HSK-MTI 연계표,1432,4,D1432,농수산식품
농수산식품,농수산,HSK-MTI 연계표,1432,4,D1432,농수산식품
농수산식품,수산,HSK-MTI 연계표,1432,4,D1432,농수산식품
농수산식품,식품,HSK-MTI 연계표,1432,4,D1432,농수산식품
농수산식품,농수산식품,HSK-MTI 연계표,1433,4,D1433,농수산식품
농수산식품,농수산,HSK-MTI 연계표,1433,4,D1433,농수산식품
농수산식품,수산,HSK-MTI 연계표,1433,4,D1433,농수산식품
농수산식품,식품,HSK-MTI 연계표,1433,4,D1433,농수산식품
농수산식품,농수산식품,HSK-MTI 연계표,1434,4,D1434,농수산식품
농수산식품,농수산,HSK-MTI 연계표,1434,4,D1434,농수산식품
농수산식품,수산,HSK-MTI 연계표,1434,4,D1434,농수산식품
농수산식품,식품,HSK-MTI 연계표,1434,4,D1434,농수산식품
농수산식품,농수산식품,HSK-MTI 연계표,1435,4,D1435,농수산식품
농수산식품,농수산,HSK-MTI 연계표,1435,4,D1435,농수산식품
농수산식품,수산,HSK-MTI 연계표,1435,4,D1435,농수산식품
농수산식품,식품,HSK-MTI 연계표,1435,4,D1435,농수산식품
농수산식품,농수산식품,HSK-MTI 연계표,1436,4,D1436,농수산식품
농수산식품,농수산,HSK-MTI 연계표,1436,4,D1436,농수산식품
농수산식품,수산,HSK-MTI 연계표,1436,4,D1436,농수산식품
농수산식품,식품,HSK-MTI 연계표,1436,4,D1436,농수산식품
농수산식품,농수산식품,HSK-MTI 연계표,1437,4,D1437,농수산식품
농수산식품,농수산,HSK-MTI 연계표,1437,4,D1437,농수산식품
농수산식품,수산,HSK-MTI 연계표,1437,4,D1437,농수산식품
농수산식품,식품,HSK-MTI 연계표,1437,4,D1437,농수산식품
농수산식품,농수산식품,HSK-MTI 연계표,1438,4,D1438,농수산식품
농수산식품,농수산,HSK-MTI 연계표,1438,4,D1438,농수산식품
농수산식품,수산,HSK-MTI 연계표,1438,4,D1438,농수산식품
농수산식품,식품,HSK-MTI 연계표,1438,4,D1438,농수산식품
농수산식품,농수산식품,HSK-MTI 연계표,1439,4,D1439,농수산식품
농수산식품,농수산,HSK-MTI 연계표,1439,4,D1439,농수산식품
농수산식품,수산,HSK-MTI 연계표,1439,4,D1439,농수산식품
농수산식품,식품,HSK-MTI 연계표,1439,4,D1439,농수산식품
농수산식품,농수산식품,HSK-MTI 연계표,1440,4,D1440,농수산식품
농수산식품,농수산,HSK-MTI 연계표,1440,4,D1440,농수산식품
농수산식품,수산,HSK-MTI 연계표,1440,4,D1440,농수산식품
농수산식품,식품,HSK-MTI 연계표,1440,4,D1440,농수산식품
농수산식품,농수산식품,HSK-MTI 연계표,1441,4,D1441,농수산식품
농수산식품,농수산,HSK-MTI 연계표,1441,4,D1441,농수산식품
농수산식품,수산,HSK-MTI 연계표,1441,4,D1441,농수산식품
농수산식품,식품,HSK-MTI 연계표,1441,4,D1441,농수산식품
농수산식품,농수산식품,HSK-MTI 연계표,1442,4,D1442,농수산식품
농수산식품,농수산,HSK-MTI 연계표,1442,4,D1442,농수산식품
농수산식품,수산,HSK-MTI 연계표,1442,4,D1442,농수산식품
농수산식품,식품,HSK-MTI 연계표,1442,4,D1442,농수산식품
농수산식품,농수산식품,HSK-MTI 연계표,1443,4,D1443,농수산식품
농수산식품,농수산,HSK-MTI 연계표,1443,4,D1443,농수산식품
농수산식품,수산,HSK-MTI 연계표,1443,4,D1443,농수산식품
농수산식품,식품,HSK-MTI 연계표,1443,4,D1443,농수산식품
농수산식품,농수산식품,HSK-MTI 연계표,1444,4,D1444,농수산식품
농수산식품,농수산,HSK-MTI 연계표,1444,4,D1444,농수산식품
농수산식품,수산,HSK-MTI 연계표,1444,4,D1444,농수산식품
농수산식품,식품,HSK-MTI 연계표,1444,4,D1444,농수산식품
농수산식품,농수산식품,HSK-MTI 연계표,1445,4,D1445,농수산식품
농수산식품,농수산,HSK-MTI 연계표,1445,4,D1445,농수산식품
농수산식품,수산,HSK-MTI 연계표,1445,4,D1445,농수산식품
농수산식품,식품,HSK-MTI 연계표,1445,4,D1445,농수산식품
농수산식품,농수산식품,HSK-MTI 연계표,1446,4,D1446,농수산식품
농수산식품,농수산,HSK-MTI 연계표,1446,4,D1446,농수산식품
농수산식품,수산,HSK-MTI 연계표,1446,4,D1446,농수산식품
농수산식품,식품,HSK-MTI 연계표,1446,4,D1446,농수산식품
농수산식품,농수산식품,HSK-MTI 연계표,1447,4,D1447,농수산식품
농수산식품,농수산,HSK-MTI 연계표,1447,4,D1447,농수산식품
농수산식품,수산,HSK-MTI 연계표,1447,4,D1447,농수산식품
농수산식품,식품,HSK-MTI 연계표,1447,4,D1447,농수산식품
농수산식품,농수산식품,HSK-MTI 연계표,1448,4,D1448,농수산식품
농수산식품,농수산,HSK-MTI 연계표,1448,4,D1448,농수산식품
농수산식품,수산,HSK-MTI 연계표,1448,4,D1448,농수산식품
농수산식품,식품,HSK-MTI 연계표,1448,4,D1448,농수산식품
농수산식품,농수산식품,HSK-MTI 연계표,1449,4,D1449,농수산식품
농수산식품,농수산,HSK-MTI 연계표,1449,4,D1449,농수산식품
농수산식품,수산,HSK-MTI 연계표,1449,4,D1449,농수산식품
농수산식품,식품,HSK-MTI 연계표,1449,4,D1449,농수산식품
농수산식품,농수산식품,HSK-MTI 연계표,1450,4,D1450,농수산식품
농수산식품,농수산,HSK-MTI 연계표,1450,4,D1450,농수산식품
농수산식품,수산,HSK-MTI 연계표,1450,4,D1450,농수산식품
농수산식품,식품,HSK-MTI 연계표,1450,4,D1450,농수산식품
농수산식품,농수산식품,HSK-MTI 연계표,1451,4,D1451,농수산식품
농수산식품,농수산,HSK-MTI 연계표,1451,4,D1451,농수산식품
농수산식품,수산,HSK-MTI 연계표,1451,4,D1451,농수산식품
농수산식품,식품,HSK-MTI 연계표,1451,4,D1451,농수산식품
농수산식품,농수산식품,HSK-MTI 연계표,1453,4,D1453,농수산식품
농수산식품,농수산,HSK-MTI 연계표,1453,4,D1453,농수산식품
농수산식품,수산,HSK-MTI 연계표,1453,4,D1453,농수산식품
농수산식품,식품,HSK-MTI 연계표,1453,4,D1453,농수산식품
농수산식품,농수산식품,HSK-MTI 연계표,1454,4,D1454,농수산식품
농수산식품,농수산,HSK-MTI 연계표,1454,4,D1454,농수산식품
농수산식품,수산,HSK-MTI 연계표,1454,4,D1454,농수산식품
농수산식품,식품,HSK-MTI 연계표,1454,4,D1454,농수산식품
농수산식품,농수산식품,HSK-MTI 연계표,1457,4,D1457,농수산식품
농수산식품,농수산,HSK-MTI 연계표,1457,4,D1457,농수산식품
농수산식품,수산,HSK-MTI 연계표,1457,4,D1457,농수산식품
농수산식품,식품,HSK-MTI 연계표,1457,4,D1457,농수산식품
농수산식품,농수산식품,HSK-MTI 연계표,1459,4,D1459,농수산식품
농수산식품,농수산,HSK-MTI 연계표,1459,4,D1459,농수산식품
농수산식품,수산,HSK-MTI 연계표,1459,4,D1459,농수산식품
농수산식품,식품,HSK-MTI 연계표,1459,4,D1459,농수산식품
농수산식품,농수산식품,HSK-MTI 연계표,1460,4,D1460,농수산식품
농수산식품,농수산,HSK-MTI 연계표,1460,4,D1460,농수산식품
농수산식품,수산,HSK-MTI 연계표,1460,4,D1460,농수산식품
농수산식품,식품,HSK-MTI 연계표,1460,4,D1460,농수산식품
농수산식품,농수산식품,HSK-MTI 연계표,1461,4,D1461,농수산식품
농수산식품,농수산,HSK-MTI 연계표,1461,4,D1461,농수산식품
농수산식품,수산,HSK-MTI 연계표,1461,4,D1461,농수산식품
농수산식품,식품,HSK-MTI 연계표,1461,4,D1461,농수산식품
농수산식품,농수산식품,HSK-MTI 연계표,1462,4,D1462,농수산식품
농수산식품,농수산,HSK-MTI 연계표,1462,4,D1462,농수산식품
농수산식품,수산,HSK-MTI 연계표,1462,4,D1462,농수산식품
농수산식품,식품,HSK-MTI 연계표,1462,4,D1462,농수산식품
농수산식품,농수산식품,HSK-MTI 연계표,1463,4,D1463,농수산식품
농수산식품,농수산,HSK-MTI 연계표,1463,4,D1463,농수산식품
농수산식품,수산,HSK-MTI 연계표,1463,4,D1463,농수산식품
농수산식품,식품,HSK-MTI 연계표,1463,4,D1463,농수산식품
농수산식품,농수산식품,HSK-MTI 연계표,1466,4,D1466,농수산식품
농수산식품,농수산,HSK-MTI 연계표,1466,4,D1466,농수산식품
농수산식품,수산,HSK-MTI 연계표,1466,4,D1466,농수산식품
농수산식품,식품,HSK-MTI 연계표,1466,4,D1466,농수산식품
농수산식품,농수산식품,HSK-MTI 연계표,1467,4,D1467,농수산식품
농수산식품,농수산,HSK-MTI 연계표,1467,4,D1467,농수산식품
농수산식품,수산,HSK-MTI 연계표,1467,4,D1467,농수산식품
농수산식품,식품,HSK-MTI 연계표,1467,4,D1467,농수산식품
농수산식품,농수산식품,HSK-MTI 연계표,1468,4,D1468,농수산식품
농수산식품,농수산,HSK-MTI 연계표,1468,4,D1468,농수산식품
농수산식품,수산,HSK-MTI 연계표,1468,4,D1468,농수산식품
농수산식품,식품,HSK-MTI 연계표,1468,4,D1468,농수산식품
농수산식품,농수산식품,HSK-MTI 연계표,1469,4,D1469,농수산식품
농수산식품,농수산,HSK-MTI 연계표,1469,4,D1469,농수산식품
농수산식품,수산,HSK-MTI 연계표,1469,4,D1469,농수산식품
농수산식품,식품,HSK-MTI 연계표,1469,4,D1469,농수산식품
농수산식품,농수산식품,HSK-MTI 연계표,1470,4,D1470,농수산식품
농수산식품,농수산,HSK-MTI 연계표,1470,4,D1470,농수산식품
농수산식품,수산,HSK-MTI 연계표,1470,4,D1470,농수산식품
농수산식품,식품,HSK-MTI 연계표,1470,4,D1470,농수산식품
농수산식품,농수산식품,HSK-MTI 연계표,1471,4,D1471,농수산식품
농수산식품,농수산,HSK-MTI 연계표,1471,4,D1471,농수산식품
농수산식품,수산,HSK-MTI 연계표,1471,4,D1471,농수산식품
농수산식품,식품,HSK-MTI 연계표,1471,4,D1471,농수산식품
농수산식품,농수산식품,HSK-MTI 연계표,1473,4,D1473,농수산식품
농수산식품,농수산,HSK-MTI 연계표,1473,4,D1473,농수산식품
농수산식품,수산,HSK-MTI 연계표,1473,4,D1473,농수산식품
농수산식품,식품,HSK-MTI 연계표,1473,4,D1473,농수산식품
농수산식품,농수산식품,HSK-MTI 연계표,1474,4,D1474,농수산식품
농수산식품,농수산,HSK-MTI 연계표,1474,4,D1474,농수산식품
농수산식품,수산,HSK-MTI 연계표,1474,4,D1474,농수산식품
농수산식품,식품,HSK-MTI 연계표,1474,4,D1474,농수산식품
농수산식품,농수산식품,HSK-MTI 연계표,1475,4,D1475,농수산식품
농수산식품,농수산,HSK-MTI 연계표,1475,4,D1475,농수산식품
농수산식품,수산,HSK-MTI 연계표,1475,4,D1475,농수산식품
농수산식품,식품,HSK-MTI 연계표,1475,4,D1475,농수산식품
농수산식품,농수산식품,HSK-MTI 연계표,1476,4,D1476,농수산식품
농수산식품,농수산,HSK-MTI 연계표,1476,4,D1476,농수산식품
농수산식품,수산,HSK-MTI 연계표,1476,4,D1476,농수산식품
농수산식품,식품,HSK-MTI 연계표,1476,4,D1476,농수산식품
농수산식품,농수산식품,HSK-MTI 연계표,1477,4,D1477,농수산식품
농수산식품,농수산,HSK-MTI 연계표,1477,4,D1477,농수산식품
농수산식품,수산,HSK-MTI 연계표,1477,4,D1477,농수산식품
농수산식품,식품,HSK-MTI 연계표,1477,4,D1477,농수산식품
농수산식품,농수산식품,HSK-MTI 연계표,1478,4,D1478,농수산식품
농수산식품,농수산,HSK-MTI 연계표,1478,4,D1478,농수산식품
농수산식품,수산,HSK-MTI 연계표,1478,4,D1478,농수산식품
농수산식품,식품,HSK-MTI 연계표,1478,4,D1478,농수산식품
농수산식품,농수산식품,HSK-MTI 연계표,1479,4,D1479,농수산식품
농수산식품,농수산,HSK-MTI 연계표,1479,4,D1479,농수산식품
농수산식품,수산,HSK-MTI 연계표,1479,4,D1479,농수산식품
농수산식품,식품,HSK-MTI 연계표,1479,4,D1479,농수산식품
농수산식품,농수산식품,HSK-MTI 연계표,1481,4,D1481,농수산식품
농수산식품,농수산,HSK-MTI 연계표,1481,4,D1481,농수산식품
농수산식품,수산,HSK-MTI 연계표,1481,4,D1481,농수산식품
농수산식품,식품,HSK-MTI 연계표,1481,4,D1481,농수산식품
농수산식품,농수산식품,HSK-MTI 연계표,1482,4,D1482,농수산식품
농수산식품,농수산,HSK-MTI 연계표,1482,4,D1482,농수산식품
농수산식품,수산,HSK-MTI 연계표,1482,4,D1482,농수산식품
농수산식품,식품,HSK-MTI 연계표,1482,4,D1482,농수산식품
농수산식품,농수산식품,HSK-MTI 연계표,1483,4,D1483,농수산식품
농수산식품,농수산,HSK-MTI 연계표,1483,4,D1483,농수산식품
농수산식품,수산,HSK-MTI 연계표,1483,4,D1483,농수산식품
농수산식품,식품,HSK-MTI 연계표,1483,4,D1483,농수산식품
농수산식품,농수산식품,HSK-MTI 연계표,1484,4,D1484,농수산식품
농수산식품,농수산,HSK-MTI 연계표,1484,4,D1484,농수산식품
농수산식품,수산,HSK-MTI 연계표,1484,4,D1484,농수산식품
농수산식품,식품,HSK-MTI 연계표,1484,4,D1484,농수산식품
농수산식품,농수산식품,HSK-MTI 연계표,1485,4,D1485,농수산식품
농수산식품,농수산,HSK-MTI 연계표,1485,4,D1485,농수산식품
농수산식품,수산,HSK-MTI 연계표,1485,4,D1485,농수산식품
농수산식품,식품,HSK-MTI 연계표,1485,4,D1485,농수산식품
농수산식품,농수산식품,HSK-MTI 연계표,1487,4,D1487,농수산식품
농수산식품,농수산,HSK-MTI 연계표,1487,4,D1487,농수산식품
농수산식품,수산,HSK-MTI 연계표,1487,4,D1487,농수산식품
농수산식품,식품,HSK-MTI 연계표,1487,4,D1487,농수산식품
농수산식품,농수산식품,HSK-MTI 연계표,1488,4,D1488,농수산식품
농수산식품,농수산,HSK-MTI 연계표,1488,4,D1488,농수산식품
농수산식품,수산,HSK-MTI 연계표,1488,4,D1488,농수산식품
농수산식품,식품,HSK-MTI 연계표,1488,4,D1488,농수산식품
농수산식품,농수산식품,HSK-MTI 연계표,1489,4,D1489,농수산식품
농수산식품,농수산,HSK-MTI 연계표,1489,4,D1489,농수산식품
농수산식품,수산,HSK-MTI 연계표,1489,4,D1489,농수산식품
농수산식품,식품,HSK-MTI 연계표,1489,4,D1489,농수산식품
농수산식품,농수산식품,HSK-MTI 연계표,1490,4,D1490,농수산식품
농수산식품,농수산,HSK-MTI 연계표,1490,4,D1490,농수산식품
농수산식품,수산,HSK-MTI 연계표,1490,4,D1490,농수산식품
농수산식품,식품,HSK-MTI 연계표,1490,4,D1490,농수산식품
농수산식품,농수산식품,HSK-MTI 연계표,1491,4,D1491,농수산식품
농수산식품,농수산,HSK-MTI 연계표,1491,4,D1491,농수산식품
농수산식품,수산,HSK-MTI 연계표,1491,4,D1491,농수산식품
농수산식품,식품,HSK-MTI 연계표,1491,4,D1491,농수산식품
농수산식품,농수산식품,HSK-MTI 연계표,1492,4,D1492,농수산식품
농수산식품,농수산,HSK-MTI 연계표,1492,4,D1492,농수산식품
농수산식품,수산,HSK-MTI 연계표,1492,4,D1492,농수산식품
농수산식품,식품,HSK-MTI 연계표,1492,4,D1492,농수산식품
농수산식품,농수산식품,HSK-MTI 연계표,1494,4,D1494,농수산식품
농수산식품,농수산,HSK-MTI 연계표,1494,4,D1494,농수산식품
농수산식품,수산,HSK-MTI 연계표,1494,4,D1494,농수산식품
농수산식품,식품,HSK-MTI 연계표,1494,4,D1494,농수산식품
농수산식품,농수산식품,HSK-MTI 연계표,1495,4,D1495,농수산식품
농수산식품,농수산,HSK-MTI 연계표,1495,4,D1495,농수산식품
농수산식품,수산,HSK-MTI 연계표,1495,4,D1495,농수산식품
농수산식품,식품,HSK-MTI 연계표,1495,4,D1495,농수산식품
농수산식품,농수산식품,HSK-MTI 연계표,1496,4,D1496,농수산식품
농수산식품,농수산,HSK-MTI 연계표,1496,4,D1496,농수산식품
농수산식품,수산,HSK-MTI 연계표,1496,4,D1496,농수산식품
농수산식품,식품,HSK-MTI 연계표,1496,4,D1496,농수산식품
농수산식품,농수산식품,HSK-MTI 연계표,1497,4,D1497,농수산식품
농수산식품,농수산,HSK-MTI 연계표,1497,4,D1497,농수산식품
농수산식품,수산,HSK-MTI 연계표,1497,4,D1497,농수산식품
농수산식품,식품,HSK-MTI 연계표,1497,4,D1497,농수산식품
농수산식품,농수산식품,HSK-MTI 연계표,1498,4,D1498,농수산식품
농수산식품,농수산,HSK-MTI 연계표,1498,4,D1498,농수산식품
농수산식품,수산,HSK-MTI 연계표,1498,4,D1498,농수산식품
농수산식품,식품,HSK-MTI 연계표,1498,4,D1498,농수산식품
농수산식품,농수산식품,HSK-MTI 연계표,1499,4,D1499,농수산식품
농수산식품,농수산,HSK-MTI 연계표,1499,4,D1499,농수산식품
농수산식품,수산,HSK-MTI 연계표,1499,4,D1499,농수산식품
농수산식품,식품,HSK-MTI 연계표,1499,4,D1499,농수산식품
농수산식품,농수산식품,HSK-MTI 연계표,1500,4,D1500,농수산식품
농수산식품,농수산,HSK-MTI 연계표,1500,4,D1500,농수산식품
농수산식품,수산,HSK-MTI 연계표,1500,4,D1500,농수산식품
농수산식품,식품,HSK-MTI 연계표,1500,4,D1500,농수산식품
농수산식품,농수산식품,HSK-MTI 연계표,1501,4,D1501,농수산식품
농수산식품,농수산,HSK-MTI 연계표,1501,4,D1501,농수산식품
농수산식품,수산,HSK-MTI 연계표,1501,4,D1501,농수산식품
농수산식품,식품,HSK-MTI 연계표,1501,4,D1501,농수산식품
농수산식품,농수산식품,HSK-MTI 연계표,1502,4,D1502,농수산식품
농수산식품,농수산,HSK-MTI 연계표,1502,4,D1502,농수산식품
농수산식품,수산,HSK-MTI 연계표,1502,4,D1502,농수산식품
농수산식품,식품,HSK-MTI 연계표,1502,4,D1502,농수산식품
농수산식품,농수산식품,HSK-MTI 연계표,1503,4,D1503,농수산식품
농수산식품,농수산,HSK-MTI 연계표,1503,4,D1503,농수산식품
농수산식품,수산,HSK-MTI 연계표,1503,4,D1503,농수산식품
농수산식품,식품,HSK-MTI 연계표,1503,4,D1503,농수산식품
농수산식품,농수산식품,HSK-MTI 연계표,1504,4,D1504,농수산식품
농수산식품,농수산,HSK-MTI 연계표,1504,4,D1504,농수산식품
농수산식품,수산,HSK-MTI 연계표,1504,4,D1504,농수산식품
농수산식품,식품,HSK-MTI 연계표,1504,4,D1504,농수산식품
농수산식품,농수산식품,HSK-MTI 연계표,1505,4,D1505,농수산식품
농수산식품,농수산,HSK-MTI 연계표,1505,4,D1505,농수산식품
농수산식품,수산,HSK-MTI 연계표,1505,4,D1505,농수산식품
농수산식품,식품,HSK-MTI 연계표,1505,4,D1505,농수산식품
농수산식품,농수산식품,HSK-MTI 연계표,1506,4,D1506,농수산식품
농수산식품,농수산,HSK-MTI 연계표,1506,4,D1506,농수산식품
농수산식품,수산,HSK-MTI 연계표,1506,4,D1506,농수산식품
농수산식품,식품,HSK-MTI 연계표,1506,4,D1506,농수산식품
농수산식품,농수산식품,HSK-MTI 연계표,1507,4,D1507,농수산식품
농수산식품,농수산,HSK-MTI 연계표,1507,4,D1507,농수산식품
농수산식품,수산,HSK-MTI 연계표,1507,4,D1507,농수산식품
농수산식품,식품,HSK-MTI 연계표,1507,4,D1507,농수산식품
농수산식품,농수산식품,HSK-MTI 연계표,1509,4,D1509,농수산식품
농수산식품,농수산,HSK-MTI 연계표,1509,4,D1509,농수산식품
농수산식품,수산,HSK-MTI 연계표,1509,4,D1509,농수산식품
농수산식품,식품,HSK-MTI 연계표,1509,4,D1509,농수산식품
농수산식품,농수산식품,HSK-MTI 연계표,1510,4,D1510,농수산식품
농수산식품,농수산,HSK-MTI 연계표,1510,4,D1510,농수산식품
농수산식품,수산,HSK-MTI 연계표,1510,4,D1510,농수산식품
농수산식품,식품,HSK-MTI 연계표,1510,4,D1510,농수산식품
농수산식품,농수산식품,HSK-MTI 연계표,1511,4,D1511,농수산식품
농수산식품,농수산,HSK-MTI 연계표,1511,4,D1511,농수산식품
농수산식품,수산,HSK-MTI 연계표,1511,4,D1511,농수산식품
농수산식품,식품,HSK-MTI 연계표,1511,4,D1511,농수산식품
농수산식품,농수산식품,HSK-MTI 연계표,1512,4,D1512,농수산식품
농수산식품,농수산,HSK-MTI 연계표,1512,4,D1512,농수산식품
농수산식품,수산,HSK-MTI 연계표,1512,4,D1512,농수산식품
농수산식품,식품,HSK-MTI 연계표,1512,4,D1512,농수산식품
농수산식품,농수산식품,HSK-MTI 연계표,1513,4,D1513,농수산식품
농수산식품,농수산,HSK-MTI 연계표,1513,4,D1513,농수산식품
농수산식품,수산,HSK-MTI 연계표,1513,4,D1513,농수산식품
농수산식품,식품,HSK-MTI 연계표,1513,4,D1513,농수산식품
농수산식품,농수산식품,HSK-MTI 연계표,1514,4,D1514,농수산식품
농수산식품,농수산,HSK-MTI 연계표,1514,4,D1514,농수산식품
농수산식품,수산,HSK-MTI 연계표,1514,4,D1514,농수산식품
농수산식품,식품,HSK-MTI 연계표,1514,4,D1514,농수산식품
농수산식품,농수산식품,HSK-MTI 연계표,1515,4,D1515,농수산식품
농수산식품,농수산,HSK-MTI 연계표,1515,4,D1515,농수산식품
농수산식품,수산,HSK-MTI 연계표,1515,4,D1515,농수산식품
농수산식품,식품,HSK-MTI 연계표,1515,4,D1515,농수산식품
농수산식품,농수산식품,HSK-MTI 연계표,1516,4,D1516,농수산식품
농수산식품,농수산,HSK-MTI 연계표,1516,4,D1516,농수산식품
농수산식품,수산,HSK-MTI 연계표,1516,4,D1516,농수산식품
농수산식품,식품,HSK-MTI 연계표,1516,4,D1516,농수산식품
농수산식품,농수산식품,HSK-MTI 연계표,1517,4,D1517,농수산식품
농수산식품,농수산,HSK-MTI 연계표,1517,4,D1517,농수산식품
농수산식품,수산,HSK-MTI 연계표,1517,4,D1517,농수산식품
농수산식품,식품,HSK-MTI 연계표,1517,4,D1517,농수산식품
농수산식품,농수산식품,HSK-MTI 연계표,1518,4,D1518,농수산식품
농수산식품,농수산,HSK-MTI 연계표,1518,4,D1518,농수산식품
농수산식품,수산,HSK-MTI 연계표,1518,4,D1518,농수산식품
농수산식품,식품,HSK-MTI 연계표,1518,4,D1518,농수산식품
농수산식품,농수산식품,HSK-MTI 연계표,1519,4,D1519,농수산식품
농수산식품,농수산,HSK-MTI 연계표,1519,4,D1519,농수산식품
농수산식품,수산,HSK-MTI 연계표,1519,4,D1519,농수산식품
농수산식품,식품,HSK-MTI 연계표,1519,4,D1519,농수산식품
농수산식품,농수산식품,HSK-MTI 연계표,1520,4,D1520,농수산식품
농수산식품,농수산,HSK-MTI 연계표,1520,4,D1520,농수산식품
농수산식품,수산,HSK-MTI 연계표,1520,4,D1520,농수산식품
농수산식품,식품,HSK-MTI 연계표,1520,4,D1520,농수산식품
농수산식품,농수산식품,HSK-MTI 연계표,1521,4,D1521,농수산식품
농수산식품,농수산,HSK-MTI 연계표,1521,4,D1521,농수산식품
농수산식품,수산,HSK-MTI 연계표,1521,4,D1521,농수산식품
농수산식품,식품,HSK-MTI 연계표,1521,4,D1521,농수산식품
농수산식품,농수산식품,HSK-MTI 연계표,1522,4,D1522,농수산식품
농수산식품,농수산,HSK-MTI 연계표,1522,4,D1522,농수산식품
농수산식품,수산,HSK-MTI 연계표,1522,4,D1522,농수산식품
농수산식품,식품,HSK-MTI 연계표,1522,4,D1522,농수산식품
농수산식품,농수산식품,HSK-MTI 연계표,1523,4,D1523,농수산식품
농수산식품,농수산,HSK-MTI 연계표,1523,4,D1523,농수산식품
농수산식품,수산,HSK-MTI 연계표,1523,4,D1523,농수산식품
농수산식품,식품,HSK-MTI 연계표,1523,4,D1523,농수산식품
농수산식품,농수산식품,HSK-MTI 연계표,1524,4,D1524,농수산식품
농수산식품,농수산,HSK-MTI 연계표,1524,4,D1524,농수산식품
농수산식품,수산,HSK-MTI 연계표,1524,4,D1524,농수산식품
농수산식품,식품,HSK-MTI 연계표,1524,4,D1524,농수산식품
농수산식품,농수산식품,HSK-MTI 연계표,1525,4,D1525,농수산식품
농수산식품,농수산,HSK-MTI 연계표,1525,4,D1525,농수산식품
농수산식품,수산,HSK-MTI 연계표,1525,4,D1525,농수산식품
농수산식품,식품,HSK-MTI 연계표,1525,4,D1525,농수산식품
농수산식품,농수산식품,HSK-MTI 연계표,1526,4,D1526,농수산식품
농수산식품,농수산,HSK-MTI 연계표,1526,4,D1526,농수산식품
농수산식품,수산,HSK-MTI 연계표,1526,4,D1526,농수산식품
농수산식품,식품,HSK-MTI 연계표,1526,4,D1526,농수산식품
농수산식품,농수산식품,HSK-MTI 연계표,1527,4,D1527,농수산식품
농수산식품,농수산,HSK-MTI 연계표,1527,4,D1527,농수산식품
농수산식품,수산,HSK-MTI 연계표,1527,4,D1527,농수산식품
농수산식품,식품,HSK-MTI 연계표,1527,4,D1527,농수산식품
농수산식품,농수산식품,HSK-MTI 연계표,1528,4,D1528,농수산식품
농수산식품,농수산,HSK-MTI 연계표,1528,4,D1528,농수산식품
농수산식품,수산,HSK-MTI 연계표,1528,4,D1528,농수산식품
농수산식품,식품,HSK-MTI 연계표,1528,4,D1528,농수산식품
농수산식품,농수산식품,HSK-MTI 연계표,1529,4,D1529,농수산식품
농수산식품,농수산,HSK-MTI 연계표,1529,4,D1529,농수산식품
농수산식품,수산,HSK-MTI 연계표,1529,4,D1529,농수산식품
농수산식품,식품,HSK-MTI 연계표,1529,4,D1529,농수산식품
농수산식품,농수산식품,HSK-MTI 연계표,1530,4,D1530,농수산식품
농수산식품,농수산,HSK-MTI 연계표,1530,4,D1530,농수산식품
농수산식품,수산,HSK-MTI 연계표,1530,4,D1530,농수산식품
농수산식품,식품,HSK-MTI 연계표,1530,4,D1530,농수산식품
농수산식품,농수산식품,HSK-MTI 연계표,1531,4,D1531,농수산식품
농수산식품,농수산,HSK-MTI 연계표,1531,4,D1531,농수산식품
농수산식품,수산,HSK-MTI 연계표,1531,4,D1531,농수산식품
농수산식품,식품,HSK-MTI 연계표,1531,4,D1531,농수산식품
농수산식품,농수산식품,HSK-MTI 연계표,1532,4,D1532,농수산식품
농수산식품,농수산,HSK-MTI 연계표,1532,4,D1532,농수산식품
농수산식품,수산,HSK-MTI 연계표,1532,4,D1532,농수산식품
농수산식품,식품,HSK-MTI 연계표,1532,4,D1532,농수산식품
농수산식품,농수산식품,HSK-MTI 연계표,1533,4,D1533,농수산식품
농수산식품,농수산,HSK-MTI 연계표,1533,4,D1533,농수산식품
농수산식품,수산,HSK-MTI 연계표,1533,4,D1533,농수산식품
농수산식품,식품,HSK-MTI 연계표,1533,4,D1533,농수산식품
농수산식품,농수산식품,HSK-MTI 연계표,1534,4,D1534,농수산식품
농수산식품,농수산,HSK-MTI 연계표,1534,4,D1534,농수산식품
농수산식품,수산,HSK-MTI 연계표,1534,4,D1534,농수산식품
농수산식품,식품,HSK-MTI 연계표,1534,4,D1534,농수산식품
농수산식품,농수산식품,HSK-MTI 연계표,1535,4,D1535,농수산식품
농수산식품,농수산,HSK-MTI 연계표,1535,4,D1535,농수산식품
농수산식품,수산,HSK-MTI 연계표,1535,4,D1535,농수산식품
농수산식품,식품,HSK-MTI 연계표,1535,4,D1535,농수산식품
농수산식품,농수산식품,HSK-MTI 연계표,1536,4,D1536,농수산식품
농수산식품,농수산,HSK-MTI 연계표,1536,4,D1536,농수산식품
농수산식품,수산,HSK-MTI 연계표,1536,4,D1536,농수산식품
농수산식품,식품,HSK-MTI 연계표,1536,4,D1536,농수산식품
농수산식품,농수산식품,HSK-MTI 연계표,1537,4,D1537,농수산식품
농수산식품,농수산,HSK-MTI 연계표,1537,4,D1537,농수산식품
농수산식품,수산,HSK-MTI 연계표,1537,4,D1537,농수산식품
농수산식품,식품,HSK-MTI 연계표,1537,4,D1537,농수산식품
농수산식품,농수산식품,HSK-MTI 연계표,1538,4,D1538,농수산식품
농수산식품,농수산,HSK-MTI 연계표,1538,4,D1538,농수산식품
농수산식품,수산,HSK-MTI 연계표,1538,4,D1538,농수산식품
농수산식품,식품,HSK-MTI 연계표,1538,4,D1538,농수산식품
농수산식품,농수산식품,HSK-MTI 연계표,1539,4,D1539,농수산식품
농수산식품,농수산,HSK-MTI 연계표,1539,4,D1539,농수산식품
농수산식품,수산,HSK-MTI 연계표,1539,4,D1539,농수산식품
농수산식품,식품,HSK-MTI 연계표,1539,4,D1539,농수산식품
농수산식품,농수산식품,HSK-MTI 연계표,1540,4,D1540,농수산식품
농수산식품,농수산,HSK-MTI 연계표,1540,4,D1540,농수산식품
농수산식품,수산,HSK-MTI 연계표,1540,4,D1540,농수산식품
농수산식품,식품,HSK-MTI 연계표,1540,4,D1540,농수산식품
농수산식품,농수산식품,HSK-MTI 연계표,1542,4,D1542,농수산식품
농수산식품,농수산,HSK-MTI 연계표,1542,4,D1542,농수산식품
농수산식품,수산,HSK-MTI 연계표,1542,4,D1542,농수산식품
농수산식품,식품,HSK-MTI 연계표,1542,4,D1542,농수산식품
농수산식품,농수산식품,HSK-MTI 연계표,1543,4,D1543,농수산식품
농수산식품,농수산,HSK-MTI 연계표,1543,4,D1543,농수산식품
농수산식품,수산,HSK-MTI 연계표,1543,4,D1543,농수산식품
농수산식품,식품,HSK-MTI 연계표,1543,4,D1543,농수산식품
농수산식품,농수산식품,HSK-MTI 연계표,1544,4,D1544,농수산식품
농수산식품,농수산,HSK-MTI 연계표,1544,4,D1544,농수산식품
농수산식품,수산,HSK-MTI 연계표,1544,4,D1544,농수산식품
농수산식품,식품,HSK-MTI 연계표,1544,4,D1544,농수산식품
농수산식품,농수산식품,HSK-MTI 연계표,1546,4,D1546,농수산식품
농수산식품,농수산,HSK-MTI 연계표,1546,4,D1546,농수산식품
농수산식품,수산,HSK-MTI 연계표,1546,4,D1546,농수산식품
농수산식품,식품,HSK-MTI 연계표,1546,4,D1546,농수산식품
농수산식품,농수산식품,HSK-MTI 연계표,1547,4,D1547,농수산식품
농수산식품,농수산,HSK-MTI 연계표,1547,4,D1547,농수산식품
농수산식품,수산,HSK-MTI 연계표,1547,4,D1547,농수산식품
농수산식품,식품,HSK-MTI 연계표,1547,4,D1547,농수산식품
농수산식품,농수산식품,HSK-MTI 연계표,1548,4,D1548,농수산식품
농수산식품,농수산,HSK-MTI 연계표,1548,4,D1548,농수산식품
농수산식품,수산,HSK-MTI 연계표,1548,4,D1548,농수산식품
농수산식품,식품,HSK-MTI 연계표,1548,4,D1548,농수산식품
농수산식품,농수산식품,HSK-MTI 연계표,1549,4,D1549,농수산식품
농수산식품,농수산,HSK-MTI 연계표,1549,4,D1549,농수산식품
농수산식품,수산,HSK-MTI 연계표,1549,4,D1549,농수산식품
농수산식품,식품,HSK-MTI 연계표,1549,4,D1549,농수산식품
농수산식품,농수산식품,HSK-MTI 연계표,1550,4,D1550,농수산식품
농수산식품,농수산,HSK-MTI 연계표,1550,4,D1550,농수산식품
농수산식품,수산,HSK-MTI 연계표,1550,4,D1550,농수산식품
농수산식품,식품,HSK-MTI 연계표,1550,4,D1550,농수산식품
농수산식품,농수산식품,HSK-MTI 연계표,1551,4,D1551,농수산식품
농수산식품,농수산,HSK-MTI 연계표,1551,4,D1551,농수산식품
농수산식품,수산,HSK-MTI 연계표,1551,4,D1551,농수산식품
농수산식품,식품,HSK-MTI 연계표,1551,4,D1551,농수산식품
농수산식품,농수산식품,HSK-MTI 연계표,1552,4,D1552,농수산식품
농수산식품,농수산,HSK-MTI 연계표,1552,4,D1552,농수산식품
농수산식품,수산,HSK-MTI 연계표,1552,4,D1552,농수산식품
농수산식품,식품,HSK-MTI 연계표,1552,4,D1552,농수산식품
농수산식품,농수산식품,HSK-MTI 연계표,1553,4,D1553,농수산식품
농수산식품,농수산,HSK-MTI 연계표,1553,4,D1553,농수산식품
농수산식품,수산,HSK-MTI 연계표,1553,4,D1553,농수산식품
농수산식품,식품,HSK-MTI 연계표,1553,4,D1553,농수산식품
농수산식품,농수산식품,HSK-MTI 연계표,1554,4,D1554,농수산식품
농수산식품,농수산,HSK-MTI 연계표,1554,4,D1554,농수산식품
농수산식품,수산,HSK-MTI 연계표,1554,4,D1554,농수산식품
농수산식품,식품,HSK-MTI 연계표,1554,4,D1554,농수산식품
농수산식품,농수산식품,HSK-MTI 연계표,1555,4,D1555,농수산식품
농수산식품,농수산,HSK-MTI 연계표,1555,4,D1555,농수산식품
농수산식품,수산,HSK-MTI 연계표,1555,4,D1555,농수산식품
농수산식품,식품,HSK-MTI 연계표,1555,4,D1555,농수산식품
농수산식품,농수산식품,HSK-MTI 연계표,1556,4,D1556,농수산식품
농수산식품,농수산,HSK-MTI 연계표,1556,4,D1556,농수산식품
농수산식품,수산,HSK-MTI 연계표,1556,4,D1556,농수산식품
농수산식품,식품,HSK-MTI 연계표,1556,4,D1556,농수산식품
농수산식품,농수산식품,HSK-MTI 연계표,1557,4,D1557,농수산식품
농수산식품,농수산,HSK-MTI 연계표,1557,4,D1557,농수산식품
농수산식품,수산,HSK-MTI 연계표,1557,4,D1557,농수산식품
농수산식품,식품,HSK-MTI 연계표,1557,4,D1557,농수산식품
농수산식품,농수산식품,HSK-MTI 연계표,1558,4,D1558,농수산식품
농수산식품,농수산,HSK-MTI 연계표,1558,4,D1558,농수산식품
농수산식품,수산,HSK-MTI 연계표,1558,4,D1558,농수산식품
농수산식품,식품,HSK-MTI 연계표,1558,4,D1558,농수산식품
농수산식품,농수산식품,HSK-MTI 연계표,1559,4,D1559,농수산식품
농수산식품,농수산,HSK-MTI 연계표,1559,4,D1559,농수산식품
농수산식품,수산,HSK-MTI 연계표,1559,4,D1559,농수산식품
농수산식품,식품,HSK-MTI 연계표,1559,4,D1559,농수산식품
농수산식품,농수산식품,HSK-MTI 연계표,1560,4,D1560,농수산식품
농수산식품,농수산,HSK-MTI 연계표,1560,4,D1560,농수산식품
농수산식품,수산,HSK-MTI 연계표,1560,4,D1560,농수산식품
농수산식품,식품,HSK-MTI 연계표,1560,4,D1560,농수산식품
농수산식품,농수산식품,HSK-MTI 연계표,1561,4,D1561,농수산식품
농수산식품,농수산,HSK-MTI 연계표,1561,4,D1561,농수산식품
농수산식품,수산,HSK-MTI 연계표,1561,4,D1561,농수산식품
농수산식품,식품,HSK-MTI 연계표,1561,4,D1561,농수산식품
농수산식품,농수산식품,HSK-MTI 연계표,1562,4,D1562,농수산식품
농수산식품,농수산,HSK-MTI 연계표,1562,4,D1562,농수산식품
농수산식품,수산,HSK-MTI 연계표,1562,4,D1562,농수산식품
농수산식품,식품,HSK-MTI 연계표,1562,4,D1562,농수산식품
농수산식품,농수산식품,HSK-MTI 연계표,1563,4,D1563,농수산식품
농수산식품,농수산,HSK-MTI 연계표,1563,4,D1563,농수산식품
농수산식품,수산,HSK-MTI 연계표,1563,4,D1563,농수산식품
농수산식품,식품,HSK-MTI 연계표,1563,4,D1563,농수산식품
농수산식품,농수산식품,HSK-MTI 연계표,1564,4,D1564,농수산식품
농수산식품,농수산,HSK-MTI 연계표,1564,4,D1564,농수산식품
농수산식품,수산,HSK-MTI 연계표,1564,4,D1564,농수산식품
농수산식품,식품,HSK-MTI 연계표,1564,4,D1564,농수산식품
농수산식품,농수산식품,HSK-MTI 연계표,1565,4,D1565,농수산식품
농수산식품,농수산,HSK-MTI 연계표,1565,4,D1565,농수산식품
농수산식품,수산,HSK-MTI 연계표,1565,4,D1565,농수산식품
농수산식품,식품,HSK-MTI 연계표,1565,4,D1565,농수산식품
농수산식품,농수산식품,HSK-MTI 연계표,1566,4,D1566,농수산식품
농수산식품,농수산,HSK-MTI 연계표,1566,4,D1566,농수산식품
농수산식품,수산,HSK-MTI 연계표,1566,4,D1566,농수산식품
농수산식품,식품,HSK-MTI 연계표,1566,4,D1566,농수산식품
농수산식품,농수산식품,HSK-MTI 연계표,1567,4,D1567,농수산식품
농수산식품,농수산,HSK-MTI 연계표,1567,4,D1567,농수산식품
농수산식품,수산,HSK-MTI 연계표,1567,4,D1567,농수산식품
농수산식품,식품,HSK-MTI 연계표,1567,4,D1567,농수산식품
농수산식품,농수산식품,HSK-MTI 연계표,1568,4,D1568,농수산식품
농수산식품,농수산,HSK-MTI 연계표,1568,4,D1568,농수산식품
농수산식품,수산,HSK-MTI 연계표,1568,4,D1568,농수산식품
농수산식품,식품,HSK-MTI 연계표,1568,4,D1568,농수산식품
농수산식품,농수산식품,HSK-MTI 연계표,1569,4,D1569,농수산식품
농수산식품,농수산,HSK-MTI 연계표,1569,4,D1569,농수산식품
농수산식품,수산,HSK-MTI 연계표,1569,4,D1569,농수산식품
농수산식품,식품,HSK-MTI 연계표,1569,4,D1569,농수산식품
농수산식품,농수산식품,HSK-MTI 연계표,1570,4,D1570,농수산식품
농수산식품,농수산,HSK-MTI 연계표,1570,4,D1570,농수산식품
농수산식품,수산,HSK-MTI 연계표,1570,4,D1570,농수산식품
농수산식품,식품,HSK-MTI 연계표,1570,4,D1570,농수산식품
농수산식품,농수산식품,HSK-MTI 연계표,1571,4,D1571,농수산식품
농수산식품,농수산,HSK-MTI 연계표,1571,4,D1571,농수산식품
농수산식품,수산,HSK-MTI 연계표,1571,4,D1571,농수산식품
농수산식품,식품,HSK-MTI 연계표,1571,4,D1571,농수산식품
농수산식품,농수산식품,HSK-MTI 연계표,1572,4,D1572,농수산식품
농수산식품,농수산,HSK-MTI 연계표,1572,4,D1572,농수산식품
농수산식품,수산,HSK-MTI 연계표,1572,4,D1572,농수산식품
농수산식품,식품,HSK-MTI 연계표,1572,4,D1572,농수산식품
농수산식품,농수산식품,HSK-MTI 연계표,1573,4,D1573,농수산식품
농수산식품,농수산,HSK-MTI 연계표,1573,4,D1573,농수산식품
농수산식품,수산,HSK-MTI 연계표,1573,4,D1573,농수산식품
농수산식품,식품,HSK-MTI 연계표,1573,4,D1573,농수산식품
농수산식품,농수산식품,HSK-MTI 연계표,1574,4,D1574,농수산식품
농수산식품,농수산,HSK-MTI 연계표,1574,4,D1574,농수산식품
농수산식품,수산,HSK-MTI 연계표,1574,4,D1574,농수산식품
농수산식품,식품,HSK-MTI 연계표,1574,4,D1574,농수산식품
농수산식품,농수산식품,HSK-MTI 연계표,1575,4,D1575,농수산식품
농수산식품,농수산,HSK-MTI 연계표,1575,4,D1575,농수산식품
농수산식품,수산,HSK-MTI 연계표,1575,4,D1575,농수산식품
농수산식품,식품,HSK-MTI 연계표,1575,4,D1575,농수산식품
농수산식품,농수산식품,HSK-MTI 연계표,1576,4,D1576,농수산식품
농수산식품,농수산,HSK-MTI 연계표,1576,4,D1576,농수산식품
농수산식품,수산,HSK-MTI 연계표,1576,4,D1576,농수산식품
농수산식품,식품,HSK-MTI 연계표,1576,4,D1576,농수산식품
농수산식품,농수산식품,HSK-MTI 연계표,1577,4,D1577,농수산식품
농수산식품,농수산,HSK-MTI 연계표,1577,4,D1577,농수산식품
농수산식품,수산,HSK-MTI 연계표,1577,4,D1577,농수산식품
농수산식품,식품,HSK-MTI 연계표,1577,4,D1577,농수산식품
농수산식품,농수산식품,HSK-MTI 연계표,1578,4,D1578,농수산식품
농수산식품,농수산,HSK-MTI 연계표,1578,4,D1578,농수산식품
농수산식품,수산,HSK-MTI 연계표,1578,4,D1578,농수산식품
농수산식품,식품,HSK-MTI 연계표,1578,4,D1578,농수산식품
농수산식품,농수산식품,HSK-MTI 연계표,1579,4,D1579,농수산식품
농수산식품,농수산,HSK-MTI 연계표,1579,4,D1579,농수산식품
농수산식품,수산,HSK-MTI 연계표,1579,4,D1579,농수산식품
농수산식품,식품,HSK-MTI 연계표,1579,4,D1579,농수산식품
농수산식품,농수산식품,HSK-MTI 연계표,1580,4,D1580,농수산식품
농수산식품,농수산,HSK-MTI 연계표,1580,4,D1580,농수산식품
농수산식품,수산,HSK-MTI 연계표,1580,4,D1580,농수산식품
농수산식품,식품,HSK-MTI 연계표,1580,4,D1580,농수산식품
농수산식품,농수산식품,HSK-MTI 연계표,1581,4,D1581,농수산식품
농수산식품,농수산,HSK-MTI 연계표,1581,4,D1581,농수산식품
농수산식품,수산,HSK-MTI 연계표,1581,4,D1581,농수산식품
농수산식품,식품,HSK-MTI 연계표,1581,4,D1581,농수산식품
농수산식품,농수산식품,HSK-MTI 연계표,1582,4,D1582,농수산식품
농수산식품,농수산,HSK-MTI 연계표,1582,4,D1582,농수산식품
농수산식품,수산,HSK-MTI 연계표,1582,4,D1582,농수산식품
농수산식품,식품,HSK-MTI 연계표,1582,4,D1582,농수산식품
농수산식품,농수산식품,HSK-MTI 연계표,1583,4,D1583,농수산식품
농수산식품,농수산,HSK-MTI 연계표,1583,4,D1583,농수산식품
농수산식품,수산,HSK-MTI 연계표,1583,4,D1583,농수산식품
농수산식품,식품,HSK-MTI 연계표,1583,4,D1583,농수산식품
농수산식품,농수산식품,HSK-MTI 연계표,1584,4,D1584,농수산식품
농수산식품,농수산,HSK-MTI 연계표,1584,4,D1584,농수산식품
농수산식품,수산,HSK-MTI 연계표,1584,4,D1584,농수산식품
농수산식품,식품,HSK-MTI 연계표,1584,4,D1584,농수산식품
농수산식품,농수산식품,HSK-MTI 연계표,1585,4,D1585,농수산식품
농수산식품,농수산,HSK-MTI 연계표,1585,4,D1585,농수산식품
농수산식품,수산,HSK-MTI 연계표,1585,4,D1585,농수산식품
농수산식품,식품,HSK-MTI 연계표,1585,4,D1585,농수산식품
농수산식품,농수산식품,HSK-MTI 연계표,1586,4,D1586,농수산식품
농수산식품,농수산,HSK-MTI 연계표,1586,4,D1586,농수산식품
농수산식품,수산,HSK-MTI 연계표,1586,4,D1586,농수산식품
농수산식품,식품,HSK-MTI 연계표,1586,4,D1586,농수산식품
농수산식품,농수산식품,HSK-MTI 연계표,1587,4,D1587,농수산식품
농수산식품,농수산,HSK-MTI 연계표,1587,4,D1587,농수산식품
농수산식품,수산,HSK-MTI 연계표,1587,4,D1587,농수산식품
농수산식품,식품,HSK-MTI 연계표,1587,4,D1587,농수산식품
농수산식품,농수산식품,HSK-MTI 연계표,1588,4,D1588,농수산식품
농수산식품,농수산,HSK-MTI 연계표,1588,4,D1588,농수산식품
농수산식품,수산,HSK-MTI 연계표,1588,4,D1588,농수산식품
농수산식품,식품,HSK-MTI 연계표,1588,4,D1588,농수산식품
농수산식품,농수산식품,HSK-MTI 연계표,1589,4,D1589,농수산식품
농수산식품,농수산,HSK-MTI 연계표,1589,4,D1589,농수산식품
농수산식품,수산,HSK-MTI 연계표,1589,4,D1589,농수산식품
농수산식품,식품,HSK-MTI 연계표,1589,4,D1589,농수산식품
농수산식품,농수산식품,HSK-MTI 연계표,1590,4,D1590,농수산식품
농수산식품,농수산,HSK-MTI 연계표,1590,4,D1590,농수산식품
농수산식품,수산,HSK-MTI 연계표,1590,4,D1590,농수산식품
농수산식품,식품,HSK-MTI 연계표,1590,4,D1590,농수산식품
농수산식품,농수산식품,HSK-MTI 연계표,1591,4,D1591,농수산식품
농수산식품,농수산,HSK-MTI 연계표,1591,4,D1591,농수산식품
농수산식품,수산,HSK-MTI 연계표,1591,4,D1591,농수산식품
농수산식품,식품,HSK-MTI 연계표,1591,4,D1591,농수산식품
농수산식품,농수산식품,HSK-MTI 연계표,1592,4,D1592,농수산식품
농수산식품,농수산,HSK-MTI 연계표,1592,4,D1592,농수산식품
농수산식품,수산,HSK-MTI 연계표,1592,4,D1592,농수산식품
농수산식품,식품,HSK-MTI 연계표,1592,4,D1592,농수산식품
농수산식품,농수산식품,HSK-MTI 연계표,1593,4,D1593,농수산식품
농수산식품,농수산,HSK-MTI 연계표,1593,4,D1593,농수산식품
농수산식품,수산,HSK-MTI 연계표,1593,4,D1593,농수산식품
농수산식품,식품,HSK-MTI 연계표,1593,4,D1593,농수산식품
농수산식품,농수산식품,HSK-MTI 연계표,1594,4,D1594,농수산식품
농수산식품,농수산,HSK-MTI 연계표,1594,4,D1594,농수산식품
농수산식품,수산,HSK-MTI 연계표,1594,4,D1594,농수산식품
농수산식품,식품,HSK-MTI 연계표,1594,4,D1594,농수산식품
농수산식품,농수산식품,HSK-MTI 연계표,1595,4,D1595,농수산식품
농수산식품,농수산,HSK-MTI 연계표,1595,4,D1595,농수산식품
농수산식품,수산,HSK-MTI 연계표,1595,4,D1595,농수산식품
농수산식품,식품,HSK-MTI 연계표,1595,4,D1595,농수산식품
농수산식품,농수산식품,HSK-MTI 연계표,1596,4,D1596,농수산식품
농수산식품,농수산,HSK-MTI 연계표,1596,4,D1596,농수산식품
농수산식품,수산,HSK-MTI 연계표,1596,4,D1596,농수산식품
농수산식품,식품,HSK-MTI 연계표,1596,4,D1596,농수산식품
농수산식품,농수산식품,HSK-MTI 연계표,1597,4,D1597,농수산식품
농수산식품,농수산,HSK-MTI 연계표,1597,4,D1597,농수산식품
농수산식품,수산,HSK-MTI 연계표,1597,4,D1597,농수산식품
농수산식품,식품,HSK-MTI 연계표,1597,4,D1597,농수산식품
농수산식품,농수산식품,HSK-MTI 연계표,1598,4,D1598,농수산식품
농수산식품,농수산,HSK-MTI 연계표,1598,4,D1598,농수산식품
농수산식품,수산,HSK-MTI 연계표,1598,4,D1598,농수산식품
농수산식품,식품,HSK-MTI 연계표,1598,4,D1598,농수산식품
농수산식품,농수산식품,HSK-MTI 연계표,1599,4,D1599,농수산식품
농수산식품,농수산,HSK-MTI 연계표,1599,4,D1599,농수산식품
농수산식품,수산,HSK-MTI 연계표,1599,4,D1599,농수산식품
농수산식품,식품,HSK-MTI 연계표,1599,4,D1599,농수산식품
농수산식품,농수산식품,HSK-MTI 연계표,1600,4,D1600,농수산식품
농수산식품,농수산,HSK-MTI 연계표,1600,4,D1600,농수산식품
농수산식품,수산,HSK-MTI 연계표,1600,4,D1600,농수산식품
농수산식품,식품,HSK-MTI 연계표,1600,4,D1600,농수산식품
농수산식품,농수산식품,HSK-MTI 연계표,1601,4,D1601,농수산식품
농수산식품,농수산,HSK-MTI 연계표,1601,4,D1601,농수산식품
농수산식품,수산,HSK-MTI 연계표,1601,4,D1601,농수산식품
농수산식품,식품,HSK-MTI 연계표,1601,4,D1601,농수산식품
농수산식품,농수산식품,HSK-MTI 연계표,1602,4,D1602,농수산식품
농수산식품,농수산,HSK-MTI 연계표,1602,4,D1602,농수산식품
농수산식품,수산,HSK-MTI 연계표,1602,4,D1602,농수산식품
농수산식품,식품,HSK-MTI 연계표,1602,4,D1602,농수산식품
농수산식품,농수산식품,HSK-MTI 연계표,1603,4,D1603,농수산식품
농수산식품,농수산,HSK-MTI 연계표,1603,4,D1603,농수산식품
농수산식품,수산,HSK-MTI 연계표,1603,4,D1603,농수산식품
농수산식품,식품,HSK-MTI 연계표,1603,4,D1603,농수산식품
농수산식품,농수산식품,HSK-MTI 연계표,1604,4,D1604,농수산식품
농수산식품,농수산,HSK-MTI 연계표,1604,4,D1604,농수산식품
농수산식품,수산,HSK-MTI 연계표,1604,4,D1604,농수산식품
농수산식품,식품,HSK-MTI 연계표,1604,4,D1604,농수산식품
농수산식품,농수산식품,HSK-MTI 연계표,1605,4,D1605,농수산식품
농수산식품,농수산,HSK-MTI 연계표,1605,4,D1605,농수산식품
농수산식품,수산,HSK-MTI 연계표,1605,4,D1605,농수산식품
농수산식품,식품,HSK-MTI 연계표,1605,4,D1605,농수산식품
농수산식품,농수산식품,HSK-MTI 연계표,1606,4,D1606,농수산식품
농수산식품,농수산,HSK-MTI 연계표,1606,4,D1606,농수산식품
농수산식품,수산,HSK-MTI 연계표,1606,4,D1606,농수산식품
농수산식품,식품,HSK-MTI 연계표,1606,4,D1606,농수산식품
농수산식품,농수산식품,HSK-MTI 연계표,1607,4,D1607,농수산식품
농수산식품,농수산,HSK-MTI 연계표,1607,4,D1607,농수산식품
농수산식품,수산,HSK-MTI 연계표,1607,4,D1607,농수산식품
농수산식품,식품,HSK-MTI 연계표,1607,4,D1607,농수산식품
농수산식품,농수산식품,HSK-MTI 연계표,1608,4,D1608,농수산식품
농수산식품,농수산,HSK-MTI 연계표,1608,4,D1608,농수산식품
농수산식품,수산,HSK-MTI 연계표,1608,4,D1608,농수산식품
농수산식품,식품,HSK-MTI 연계표,1608,4,D1608,농수산식품
농수산식품,농수산식품,HSK-MTI 연계표,1609,4,D1609,농수산식품
농수산식품,농수산,HSK-MTI 연계표,1609,4,D1609,농수산식품
농수산식품,수산,HSK-MTI 연계표,1609,4,D1609,농수산식품
농수산식품,식품,HSK-MTI 연계표,1609,4,D1609,농수산식품
농수산식품,농수산식품,HSK-MTI 연계표,1610,4,D1610,농수산식품
농수산식품,농수산,HSK-MTI 연계표,1610,4,D1610,농수산식품
농수산식품,수산,HSK-MTI 연계표,1610,4,D1610,농수산식품
농수산식품,식품,HSK-MTI 연계표,1610,4,D1610,농수산식품
농수산식품,농수산식품,HSK-MTI 연계표,1611,4,D1611,농수산식품
농수산식품,농수산,HSK-MTI 연계표,1611,4,D1611,농수산식품
농수산식품,수산,HSK-MTI 연계표,1611,4,D1611,농수산식품
농수산식품,식품,HSK-MTI 연계표,1611,4,D1611,농수산식품
농수산식품,농수산식품,HSK-MTI 연계표,1612,4,D1612,농수산식품
농수산식품,농수산,HSK-MTI 연계표,1612,4,D1612,농수산식품
농수산식품,수산,HSK-MTI 연계표,1612,4,D1612,농수산식품
농수산식품,식품,HSK-MTI 연계표,1612,4,D1612,농수산식품
농수산식품,농수산식품,HSK-MTI 연계표,1613,4,D1613,농수산식품
농수산식품,농수산,HSK-MTI 연계표,1613,4,D1613,농수산식품
농수산식품,수산,HSK-MTI 연계표,1613,4,D1613,농수산식품
농수산식품,식품,HSK-MTI 연계표,1613,4,D1613,농수산식품
농수산식품,농수산식품,HSK-MTI 연계표,1614,4,D1614,농수산식품
농수산식품,농수산,HSK-MTI 연계표,1614,4,D1614,농수산식품
농수산식품,수산,HSK-MTI 연계표,1614,4,D1614,농수산식품
농수산식품,식품,HSK-MTI 연계표,1614,4,D1614,농수산식품
농수산식품,농수산식품,HSK-MTI 연계표,1615,4,D1615,농수산식품
농수산식품,농수산,HSK-MTI 연계표,1615,4,D1615,농수산식품
농수산식품,수산,HSK-MTI 연계표,1615,4,D1615,농수산식품
농수산식품,식품,HSK-MTI 연계표,1615,4,D1615,농수산식품
농수산식품,농수산식품,HSK-MTI 연계표,1616,4,D1616,농수산식품
농수산식품,농수산,HSK-MTI 연계표,1616,4,D1616,농수산식품
농수산식품,수산,HSK-MTI 연계표,1616,4,D1616,농수산식품
농수산식품,식품,HSK-MTI 연계표,1616,4,D1616,농수산식품
농수산식품,농수산식품,HSK-MTI 연계표,1617,4,D1617,농수산식품
농수산식품,농수산,HSK-MTI 연계표,1617,4,D1617,농수산식품
농수산식품,수산,HSK-MTI 연계표,1617,4,D1617,농수산식품
농수산식품,식품,HSK-MTI 연계표,1617,4,D1617,농수산식품
농수산식품,농수산식품,HSK-MTI 연계표,1618,4,D1618,농수산식품
농수산식품,농수산,HSK-MTI 연계표,1618,4,D1618,농수산식품
농수산식품,수산,HSK-MTI 연계표,1618,4,D1618,농수산식품
농수산식품,식품,HSK-MTI 연계표,1618,4,D1618,농수산식품
농수산식품,농수산식품,HSK-MTI 연계표,1619,4,D1619,농수산식품
농수산식품,농수산,HSK-MTI 연계표,1619,4,D1619,농수산식품
농수산식품,수산,HSK-MTI 연계표,1619,4,D1619,농수산식품
농수산식품,식품,HSK-MTI 연계표,1619,4,D1619,농수산식품
농수산식품,농수산식품,HSK-MTI 연계표,1620,4,D1620,농수산식품
농수산식품,농수산,HSK-MTI 연계표,1620,4,D1620,농수산식품
농수산식품,수산,HSK-MTI 연계표,1620,4,D1620,농수산식품
농수산식품,식품,HSK-MTI 연계표,1620,4,D1620,농수산식품
농수산식품,농수산식품,HSK-MTI 연계표,1621,4,D1621,농수산식품
농수산식품,농수산,HSK-MTI 연계표,1621,4,D1621,농수산식품
농수산식품,수산,HSK-MTI 연계표,1621,4,D1621,농수산식품
농수산식품,식품,HSK-MTI 연계표,1621,4,D1621,농수산식품
농수산식품,농수산식품,HSK-MTI 연계표,1622,4,D1622,농수산식품
농수산식품,농수산,HSK-MTI 연계표,1622,4,D1622,농수산식품
농수산식품,수산,HSK-MTI 연계표,1622,4,D1622,농수산식품
농수산식품,식품,HSK-MTI 연계표,1622,4,D1622,농수산식품
농수산식품,농수산식품,HSK-MTI 연계표,1623,4,D1623,농수산식품
농수산식품,농수산,HSK-MTI 연계표,1623,4,D1623,농수산식품
농수산식품,수산,HSK-MTI 연계표,1623,4,D1623,농수산식품
농수산식품,식품,HSK-MTI 연계표,1623,4,D1623,농수산식품
농수산식품,농수산식품,HSK-MTI 연계표,1624,4,D1624,농수산식품
농수산식품,농수산,HSK-MTI 연계표,1624,4,D1624,농수산식품
농수산식품,수산,HSK-MTI 연계표,1624,4,D1624,농수산식품
농수산식품,식품,HSK-MTI 연계표,1624,4,D1624,농수산식품
농수산식품,농수산식품,HSK-MTI 연계표,1625,4,D1625,농수산식품
농수산식품,농수산,HSK-MTI 연계표,1625,4,D1625,농수산식품
농수산식품,수산,HSK-MTI 연계표,1625,4,D1625,농수산식품
농수산식품,식품,HSK-MTI 연계표,1625,4,D1625,농수산식품
농수산식품,농수산식품,HSK-MTI 연계표,1626,4,D1626,농수산식품
농수산식품,농수산,HSK-MTI 연계표,1626,4,D1626,농수산식품
농수산식품,수산,HSK-MTI 연계표,1626,4,D1626,농수산식품
농수산식품,식품,HSK-MTI 연계표,1626,4,D1626,농수산식품
농수산식품,농수산식품,HSK-MTI 연계표,1627,4,D1627,농수산식품
농수산식품,농수산,HSK-MTI 연계표,1627,4,D1627,농수산식품
농수산식품,수산,HSK-MTI 연계표,1627,4,D1627,농수산식품
농수산식품,식품,HSK-MTI 연계표,1627,4,D1627,농수산식품
농수산식품,농수산식품,HSK-MTI 연계표,1628,4,D1628,농수산식품
농수산식품,농수산,HSK-MTI 연계표,1628,4,D1628,농수산식품
농수산식품,수산,HSK-MTI 연계표,1628,4,D1628,농수산식품
농수산식품,식품,HSK-MTI 연계표,1628,4,D1628,농수산식품
농수산식품,농수산식품,HSK-MTI 연계표,1629,4,D1629,농수산식품
농수산식품,농수산,HSK-MTI 연계표,1629,4,D1629,농수산식품
농수산식품,수산,HSK-MTI 연계표,1629,4,D1629,농수산식품
농수산식품,식품,HSK-MTI 연계표,1629,4,D1629,농수산식품
농수산식품,농수산식품,HSK-MTI 연계표,1630,4,D1630,농수산식품
농수산식품,농수산,HSK-MTI 연계표,1630,4,D1630,농수산식품
농수산식품,수산,HSK-MTI 연계표,1630,4,D1630,농수산식품
농수산식품,식품,HSK-MTI 연계표,1630,4,D1630,농수산식품
농수산식품,농수산식품,HSK-MTI 연계표,1631,4,D1631,농수산식품
농수산식품,농수산,HSK-MTI 연계표,1631,4,D1631,농수산식품
농수산식품,수산,HSK-MTI 연계표,1631,4,D1631,농수산식품
농수산식품,식품,HSK-MTI 연계표,1631,4,D1631,농수산식품
농수산식품,농수산식품,HSK-MTI 연계표,1632,4,D1632,농수산식품
농수산식품,농수산,HSK-MTI 연계표,1632,4,D1632,농수산식품
농수산식품,수산,HSK-MTI 연계표,1632,4,D1632,농수산식품
농수산식품,식품,HSK-MTI 연계표,1632,4,D1632,농수산식품
농수산식품,농수산식품,HSK-MTI 연계표,1633,4,D1633,농수산식품
농수산식품,농수산,HSK-MTI 연계표,1633,4,D1633,농수산식품
농수산식품,수산,HSK-MTI 연계표,1633,4,D1633,농수산식품
농수산식품,식품,HSK-MTI 연계표,1633,4,D1633,농수산식품
농수산식품,농수산식품,HSK-MTI 연계표,1634,4,D1634,농수산식품
농수산식품,농수산,HSK-MTI 연계표,1634,4,D1634,농수산식품
농수산식품,수산,HSK-MTI 연계표,1634,4,D1634,농수산식품
농수산식품,식품,HSK-MTI 연계표,1634,4,D1634,농수산식품
농수산식품,농수산식품,HSK-MTI 연계표,1635,4,D1635,농수산식품
농수산식품,농수산,HSK-MTI 연계표,1635,4,D1635,농수산식품
농수산식품,수산,HSK-MTI 연계표,1635,4,D1635,농수산식품
농수산식품,식품,HSK-MTI 연계표,1635,4,D1635,농수산식품
농수산식품,농수산식품,HSK-MTI 연계표,1636,4,D1636,농수산식품
농수산식품,농수산,HSK-MTI 연계표,1636,4,D1636,농수산식품
농수산식품,수산,HSK-MTI 연계표,1636,4,D1636,농수산식품
농수산식품,식품,HSK-MTI 연계표,1636,4,D1636,농수산식품
농수산식품,농수산식품,HSK-MTI 연계표,1637,4,D1637,농수산식품
농수산식품,농수산,HSK-MTI 연계표,1637,4,D1637,농수산식품
농수산식품,수산,HSK-MTI 연계표,1637,4,D1637,농수산식품
농수산식품,식품,HSK-MTI 연계표,1637,4,D1637,농수산식품
농수산식품,농수산식품,HSK-MTI 연계표,1638,4,D1638,농수산식품
농수산식품,농수산,HSK-MTI 연계표,1638,4,D1638,농수산식품
농수산식품,수산,HSK-MTI 연계표,1638,4,D1638,농수산식품
농수산식품,식품,HSK-MTI 연계표,1638,4,D1638,농수산식품
농수산식품,농수산식품,HSK-MTI 연계표,1639,4,D1639,농수산식품
농수산식품,농수산,HSK-MTI 연계표,1639,4,D1639,농수산식품
농수산식품,수산,HSK-MTI 연계표,1639,4,D1639,농수산식품
농수산식품,식품,HSK-MTI 연계표,1639,4,D1639,농수산식품
농수산식품,농수산식품,HSK-MTI 연계표,1640,4,D1640,농수산식품
농수산식품,농수산,HSK-MTI 연계표,1640,4,D1640,농수산식품
농수산식품,수산,HSK-MTI 연계표,1640,4,D1640,농수산식품
농수산식품,식품,HSK-MTI 연계표,1640,4,D1640,농수산식품
농수산식품,농수산식품,HSK-MTI 연계표,1641,4,D1641,농수산식품
농수산식품,농수산,HSK-MTI 연계표,1641,4,D1641,농수산식품
농수산식품,수산,HSK-MTI 연계표,1641,4,D1641,농수산식품
농수산식품,식품,HSK-MTI 연계표,1641,4,D1641,농수산식품
농수산식품,농수산식품,HSK-MTI 연계표,1642,4,D1642,농수산식품
농수산식품,농수산,HSK-MTI 연계표,1642,4,D1642,농수산식품
농수산식품,수산,HSK-MTI 연계표,1642,4,D1642,농수산식품
농수산식품,식품,HSK-MTI 연계표,1642,4,D1642,농수산식품
농수산식품,농수산식품,HSK-MTI 연계표,1643,4,D1643,농수산식품
농수산식품,농수산,HSK-MTI 연계표,1643,4,D1643,농수산식품
농수산식품,수산,HSK-MTI 연계표,1643,4,D1643,농수산식품
농수산식품,식품,HSK-MTI 연계표,1643,4,D1643,농수산식품
농수산식품,농수산식품,HSK-MTI 연계표,1644,4,D1644,농수산식품
농수산식품,농수산,HSK-MTI 연계표,1644,4,D1644,농수산식품
농수산식품,수산,HSK-MTI 연계표,1644,4,D1644,농수산식품
농수산식품,식품,HSK-MTI 연계표,1644,4,D1644,농수산식품
농수산식품,농수산식품,HSK-MTI 연계표,1645,4,D1645,농수산식품
농수산식품,농수산,HSK-MTI 연계표,1645,4,D1645,농수산식품
농수산식품,수산,HSK-MTI 연계표,1645,4,D1645,농수산식품
농수산식품,식품,HSK-MTI 연계표,1645,4,D1645,농수산식품
농수산식품,농수산식품,HSK-MTI 연계표,1646,4,D1646,농수산식품
농수산식품,농수산,HSK-MTI 연계표,1646,4,D1646,농수산식품
농수산식품,수산,HSK-MTI 연계표,1646,4,D1646,농수산식품
농수산식품,식품,HSK-MTI 연계표,1646,4,D1646,농수산식품
농수산식품,농수산식품,HSK-MTI 연계표,1647,4,D1647,농수산식품
농수산식품,농수산,HSK-MTI 연계표,1647,4,D1647,농수산식품
농수산식품,수산,HSK-MTI 연계표,1647,4,D1647,농수산식품
농수산식품,식품,HSK-MTI 연계표,1647,4,D1647,농수산식품
농수산식품,농수산식품,HSK-MTI 연계표,1648,4,D1648,농수산식품
농수산식품,농수산,HSK-MTI 연계표,1648,4,D1648,농수산식품
농수산식품,수산,HSK-MTI 연계표,1648,4,D1648,농수산식품
농수산식품,식품,HSK-MTI 연계표,1648,4,D1648,농수산식품
농수산식품,농수산식품,HSK-MTI 연계표,1649,4,D1649,농수산식품
농수산식품,농수산,HSK-MTI 연계표,1649,4,D1649,농수산식품
농수산식품,수산,HSK-MTI 연계표,1649,4,D1649,농수산식품
농수산식품,식품,HSK-MTI 연계표,1649,4,D1649,농수산식품
농수산식품,농수산식품,HSK-MTI 연계표,1650,4,D1650,농수산식품
농수산식품,농수산,HSK-MTI 연계표,1650,4,D1650,농수산식품
농수산식품,수산,HSK-MTI 연계표,1650,4,D1650,농수산식품
농수산식품,식품,HSK-MTI 연계표,1650,4,D1650,농수산식품
농수산식품,농수산식품,HSK-MTI 연계표,1651,4,D1651,농수산식품
농수산식품,농수산,HSK-MTI 연계표,1651,4,D1651,농수산식품
농수산식품,수산,HSK-MTI 연계표,1651,4,D1651,농수산식품
농수산식품,식품,HSK-MTI 연계표,1651,4,D1651,농수산식품
농수산식품,농수산식품,HSK-MTI 연계표,1652,4,D1652,농수산식품
농수산식품,농수산,HSK-MTI 연계표,1652,4,D1652,농수산식품
농수산식품,수산,HSK-MTI 연계표,1652,4,D1652,농수산식품
농수산식품,식품,HSK-MTI 연계표,1652,4,D1652,농수산식품
농수산식품,농수산식품,HSK-MTI 연계표,1653,4,D1653,농수산식품
농수산식품,농수산,HSK-MTI 연계표,1653,4,D1653,농수산식품
농수산식품,수산,HSK-MTI 연계표,1653,4,D1653,농수산식품
농수산식품,식품,HSK-MTI 연계표,1653,4,D1653,농수산식품
농수산식품,농수산식품,HSK-MTI 연계표,1654,4,D1654,농수산식품
농수산식품,농수산,HSK-MTI 연계표,1654,4,D1654,농수산식품
농수산식품,수산,HSK-MTI 연계표,1654,4,D1654,농수산식품
농수산식품,식품,HSK-MTI 연계표,1654,4,D1654,농수산식품
농수산식품,농수산식품,HSK-MTI 연계표,1655,4,D1655,농수산식품
농수산식품,농수산,HSK-MTI 연계표,1655,4,D1655,농수산식품
농수산식품,수산,HSK-MTI 연계표,1655,4,D1655,농수산식품
농수산식품,식품,HSK-MTI 연계표,1655,4,D1655,농수산식품
농수산식품,농수산식품,HSK-MTI 연계표,1656,4,D1656,농수산식품
농수산식품,농수산,HSK-MTI 연계표,1656,4,D1656,농수산식품
농수산식품,수산,HSK-MTI 연계표,1656,4,D1656,농수산식품
농수산식품,식품,HSK-MTI 연계표,1656,4,D1656,농수산식품
농수산식품,농수산식품,HSK-MTI 연계표,1657,4,D1657,농수산식품
농수산식품,농수산,HSK-MTI 연계표,1657,4,D1657,농수산식품
농수산식품,수산,HSK-MTI 연계표,1657,4,D1657,농수산식품
농수산식품,식품,HSK-MTI 연계표,1657,4,D1657,농수산식품
농수산식품,농수산식품,HSK-MTI 연계표,1658,4,D1658,농수산식품
농수산식품,농수산,HSK-MTI 연계표,1658,4,D1658,농수산식품
농수산식품,수산,HSK-MTI 연계표,1658,4,D1658,농수산식품
농수산식품,식품,HSK-MTI 연계표,1658,4,D1658,농수산식품
농수산식품,농수산식품,HSK-MTI 연계표,1659,4,D1659,농수산식품
농수산식품,농수산,HSK-MTI 연계표,1659,4,D1659,농수산식품
농수산식품,수산,HSK-MTI 연계표,1659,4,D1659,농수산식품
농수산식품,식품,HSK-MTI 연계표,1659,4,D1659,농수산식품
농수산식품,농수산식품,HSK-MTI 연계표,1661,4,D1661,농수산식품
농수산식품,농수산,HSK-MTI 연계표,1661,4,D1661,농수산식품
농수산식품,수산,HSK-MTI 연계표,1661,4,D1661,농수산식품
농수산식품,식품,HSK-MTI 연계표,1661,4,D1661,농수산식품
농수산식품,농수산식품,HSK-MTI 연계표,1663,4,D1663,농수산식품
농수산식품,농수산,HSK-MTI 연계표,1663,4,D1663,농수산식품
농수산식품,수산,HSK-MTI 연계표,1663,4,D1663,농수산식품
농수산식품,식품,HSK-MTI 연계표,1663,4,D1663,농수산식품
농수산식품,농수산식품,HSK-MTI 연계표,1664,4,D1664,농수산식품
농수산식품,농수산,HSK-MTI 연계표,1664,4,D1664,농수산식품
농수산식품,수산,HSK-MTI 연계표,1664,4,D1664,농수산식품
농수산식품,식품,HSK-MTI 연계표,1664,4,D1664,농수산식품
농수산식품,농수산식품,HSK-MTI 연계표,1665,4,D1665,농수산식품
농수산식품,농수산,HSK-MTI 연계표,1665,4,D1665,농수산식품
농수산식품,수산,HSK-MTI 연계표,1665,4,D1665,농수산식품
농수산식품,식품,HSK-MTI 연계표,1665,4,D1665,농수산식품
농수산식품,농수산식품,HSK-MTI 연계표,1667,4,D1667,농수산식품
농수산식품,농수산,HSK-MTI 연계표,1667,4,D1667,농수산식품
농수산식품,수산,HSK-MTI 연계표,1667,4,D1667,농수산식품
농수산식품,식품,HSK-MTI 연계표,1667,4,D1667,농수산식품
농수산식품,농수산식품,HSK-MTI 연계표,1669,4,D1669,농수산식품
농수산식품,농수산,HSK-MTI 연계표,1669,4,D1669,농수산식품
농수산식품,수산,HSK-MTI 연계표,1669,4,D1669,농수산식품
농수산식품,식품,HSK-MTI 연계표,1669,4,D1669,농수산식품
농수산식품,농수산식품,HSK-MTI 연계표,1670,4,D1670,농수산식품
농수산식품,농수산,HSK-MTI 연계표,1670,4,D1670,농수산식품
농수산식품,수산,HSK-MTI 연계표,1670,4,D1670,농수산식품
농수산식품,식품,HSK-MTI 연계표,1670,4,D1670,농수산식품
농수산식품,농수산식품,HSK-MTI 연계표,1672,4,D1672,농수산식품
농수산식품,농수산,HSK-MTI 연계표,1672,4,D1672,농수산식품
농수산식품,수산,HSK-MTI 연계표,1672,4,D1672,농수산식품
농수산식품,식품,HSK-MTI 연계표,1672,4,D1672,농수산식품
농수산식품,농수산식품,HSK-MTI 연계표,1673,4,D1673,농수산식품
농수산식품,농수산,HSK-MTI 연계표,1673,4,D1673,농수산식품
농수산식품,수산,HSK-MTI 연계표,1673,4,D1673,농수산식품
농수산식품,식품,HSK-MTI 연계표,1673,4,D1673,농수산식품
농수산식품,농수산식품,HSK-MTI 연계표,1674,4,D1674,농수산식품
농수산식품,농수산,HSK-MTI 연계표,1674,4,D1674,농수산식품
농수산식품,수산,HSK-MTI 연계표,1674,4,D1674,농수산식품
농수산식품,식품,HSK-MTI 연계표,1674,4,D1674,농수산식품
농수산식품,농수산식품,HSK-MTI 연계표,1676,4,D1676,농수산식품
농수산식품,농수산,HSK-MTI 연계표,1676,4,D1676,농수산식품
농수산식품,수산,HSK-MTI 연계표,1676,4,D1676,농수산식품
농수산식품,식품,HSK-MTI 연계표,1676,4,D1676,농수산식품
농수산식품,농수산식품,HSK-MTI 연계표,1677,4,D1677,농수산식품
농수산식품,농수산,HSK-MTI 연계표,1677,4,D1677,농수산식품
농수산식품,수산,HSK-MTI 연계표,1677,4,D1677,농수산식품
농수산식품,식품,HSK-MTI 연계표,1677,4,D1677,농수산식품
농수산식품,농수산식품,HSK-MTI 연계표,1678,4,D1678,농수산식품
농수산식품,농수산,HSK-MTI 연계표,1678,4,D1678,농수산식품
농수산식품,수산,HSK-MTI 연계표,1678,4,D1678,농수산식품
농수산식품,식품,HSK-MTI 연계표,1678,4,D1678,농수산식품
농수산식품,농수산식품,HSK-MTI 연계표,1679,4,D1679,농수산식품
농수산식품,농수산,HSK-MTI 연계표,1679,4,D1679,농수산식품
농수산식품,수산,HSK-MTI 연계표,1679,4,D1679,농수산식품
농수산식품,식품,HSK-MTI 연계표,1679,4,D1679,농수산식품
농수산식품,농수산식품,HSK-MTI 연계표,1680,4,D1680,농수산식품
농수산식품,농수산,HSK-MTI 연계표,1680,4,D1680,농수산식품
농수산식품,수산,HSK-MTI 연계표,1680,4,D1680,농수산식품
농수산식품,식품,HSK-MTI 연계표,1680,4,D1680,농수산식품
농수산식품,농수산식품,HSK-MTI 연계표,1681,4,D1681,농수산식품
농수산식품,농수산,HSK-MTI 연계표,1681,4,D1681,농수산식품
농수산식품,수산,HSK-MTI 연계표,1681,4,D1681,농수산식품
농수산식품,식품,HSK-MTI 연계표,1681,4,D1681,농수산식품
농수산식품,농수산식품,HSK-MTI 연계표,1682,4,D1682,농수산식품
농수산식품,농수산,HSK-MTI 연계표,1682,4,D1682,농수산식품
농수산식품,수산,HSK-MTI 연계표,1682,4,D1682,농수산식품
농수산식품,식품,HSK-MTI 연계표,1682,4,D1682,농수산식품
농수산식품,농수산식품,HSK-MTI 연계표,1683,4,D1683,농수산식품
농수산식품,농수산,HSK-MTI 연계표,1683,4,D1683,농수산식품
농수산식품,수산,HSK-MTI 연계표,1683,4,D1683,농수산식품
농수산식품,식품,HSK-MTI 연계표,1683,4,D1683,농수산식품
농수산식품,농수산식품,HSK-MTI 연계표,1684,4,D1684,농수산식품
농수산식품,농수산,HSK-MTI 연계표,1684,4,D1684,농수산식품
농수산식품,수산,HSK-MTI 연계표,1684,4,D1684,농수산식품
농수산식품,식품,HSK-MTI 연계표,1684,4,D1684,농수산식품
농수산식품,농수산식품,HSK-MTI 연계표,1685,4,D1685,농수산식품
농수산식품,농수산,HSK-MTI 연계표,1685,4,D1685,농수산식품
농수산식품,수산,HSK-MTI 연계표,1685,4,D1685,농수산식품
농수산식품,식품,HSK-MTI 연계표,1685,4,D1685,농수산식품
농수산식품,농수산식품,HSK-MTI 연계표,1686,4,D1686,농수산식품
농수산식품,농수산,HSK-MTI 연계표,1686,4,D1686,농수산식품
농수산식품,수산,HSK-MTI 연계표,1686,4,D1686,농수산식품
농수산식품,식품,HSK-MTI 연계표,1686,4,D1686,농수산식품
농수산식품,농수산식품,HSK-MTI 연계표,1687,4,D1687,농수산식품
농수산식품,농수산,HSK-MTI 연계표,1687,4,D1687,농수산식품
농수산식품,수산,HSK-MTI 연계표,1687,4,D1687,농수산식품
농수산식품,식품,HSK-MTI 연계표,1687,4,D1687,농수산식품
농수산식품,농수산식품,HSK-MTI 연계표,1688,4,D1688,농수산식품
농수산식품,농수산,HSK-MTI 연계표,1688,4,D1688,농수산식품
농수산식품,수산,HSK-MTI 연계표,1688,4,D1688,농수산식품
농수산식품,식품,HSK-MTI 연계표,1688,4,D1688,농수산식품
농수산식품,농수산식품,HSK-MTI 연계표,1689,4,D1689,농수산식품
농수산식품,농수산,HSK-MTI 연계표,1689,4,D1689,농수산식품
농수산식품,수산,HSK-MTI 연계표,1689,4,D1689,농수산식품
농수산식품,식품,HSK-MTI 연계표,1689,4,D1689,농수산식품
농수산식품,농수산식품,HSK-MTI 연계표,1690,4,D1690,농수산식품
농수산식품,농수산,HSK-MTI 연계표,1690,4,D1690,농수산식품
농수산식품,수산,HSK-MTI 연계표,1690,4,D1690,농수산식품
농수산식품,식품,HSK-MTI 연계표,1690,4,D1690,농수산식품
농수산식품,농수산식품,HSK-MTI 연계표,1691,4,D1691,농수산식품
농수산식품,농수산,HSK-MTI 연계표,1691,4,D1691,농수산식품
농수산식품,수산,HSK-MTI 연계표,1691,4,D1691,농수산식품
농수산식품,식품,HSK-MTI 연계표,1691,4,D1691,농수산식품
농수산식품,농수산식품,HSK-MTI 연계표,1692,4,D1692,농수산식품
농수산식품,농수산,HSK-MTI 연계표,1692,4,D1692,농수산식품
농수산식품,수산,HSK-MTI 연계표,1692,4,D1692,농수산식품
농수산식품,식품,HSK-MTI 연계표,1692,4,D1692,농수산식품
농수산식품,농수산식품,HSK-MTI 연계표,1693,4,D1693,농수산식품
농수산식품,농수산,HSK-MTI 연계표,1693,4,D1693,농수산식품
농수산식품,수산,HSK-MTI 연계표,1693,4,D1693,농수산식품
농수산식품,식품,HSK-MTI 연계표,1693,4,D1693,농수산식품
농수산식품,농수산식품,HSK-MTI 연계표,1694,4,D1694,농수산식품
농수산식품,농수산,HSK-MTI 연계표,1694,4,D1694,농수산식품
농수산식품,수산,HSK-MTI 연계표,1694,4,D1694,농수산식품
농수산식품,식품,HSK-MTI 연계표,1694,4,D1694,농수산식품
농수산식품,농수산식품,HSK-MTI 연계표,1695,4,D1695,농수산식품
농수산식품,농수산,HSK-MTI 연계표,1695,4,D1695,농수산식품
농수산식품,수산,HSK-MTI 연계표,1695,4,D1695,농수산식품
농수산식품,식품,HSK-MTI 연계표,1695,4,D1695,농수산식품
농수산식품,농수산식품,HSK-MTI 연계표,1696,4,D1696,농수산식품
농수산식품,농수산,HSK-MTI 연계표,1696,4,D1696,농수산식품
농수산식품,수산,HSK-MTI 연계표,1696,4,D1696,농수산식품
농수산식품,식품,HSK-MTI 연계표,1696,4,D1696,농수산식품
농수산식품,농수산식품,HSK-MTI 연계표,1697,4,D1697,농수산식품
농수산식품,농수산,HSK-MTI 연계표,1697,4,D1697,농수산식품
농수산식품,수산,HSK-MTI 연계표,1697,4,D1697,농수산식품
농수산식품,식품,HSK-MTI 연계표,1697,4,D1697,농수산식품
농수산식품,농수산식품,HSK-MTI 연계표,1698,4,D1698,농수산식품
농수산식품,농수산,HSK-MTI 연계표,1698,4,D1698,농수산식품
농수산식품,수산,HSK-MTI 연계표,1698,4,D1698,농수산식품
농수산식품,식품,HSK-MTI 연계표,1698,4,D1698,농수산식품
농수산식품,농수산식품,HSK-MTI 연계표,1699,4,D1699,농수산식품
농수산식품,농수산,HSK-MTI 연계표,1699,4,D1699,농수산식품
농수산식품,수산,HSK-MTI 연계표,1699,4,D1699,농수산식품
농수산식품,식품,HSK-MTI 연계표,1699,4,D1699,농수산식품
농수산식품,농수산식품,HSK-MTI 연계표,1700,4,D1700,농수산식품
농수산식품,농수산,HSK-MTI 연계표,1700,4,D1700,농수산식품
농수산식품,수산,HSK-MTI 연계표,1700,4,D1700,농수산식품
농수산식품,식품,HSK-MTI 연계표,1700,4,D1700,농수산식품
농수산식품,농수산식품,HSK-MTI 연계표,1701,4,D1701,농수산식품
농수산식품,농수산,HSK-MTI 연계표,1701,4,D1701,농수산식품
농수산식품,수산,HSK-MTI 연계표,1701,4,D1701,농수산식품
농수산식품,식품,HSK-MTI 연계표,1701,4,D1701,농수산식품
농수산식품,농수산식품,HSK-MTI 연계표,1702,4,D1702,농수산식품
농수산식품,농수산,HSK-MTI 연계표,1702,4,D1702,농수산식품
농수산식품,수산,HSK-MTI 연계표,1702,4,D1702,농수산식품
농수산식품,식품,HSK-MTI 연계표,1702,4,D1702,농수산식품
농수산식품,농수산식품,HSK-MTI 연계표,1703,4,D1703,농수산식품
농수산식품,농수산,HSK-MTI 연계표,1703,4,D1703,농수산식품
농수산식품,수산,HSK-MTI 연계표,1703,4,D1703,농수산식품
농수산식품,식품,HSK-MTI 연계표,1703,4,D1703,농수산식품
농수산식품,농수산식품,HSK-MTI 연계표,1704,4,D1704,농수산식품
농수산식품,농수산,HSK-MTI 연계표,1704,4,D1704,농수산식품
농수산식품,수산,HSK-MTI 연계표,1704,4,D1704,농수산식품
농수산식품,식품,HSK-MTI 연계표,1704,4,D1704,농수산식품
농수산식품,농수산식품,HSK-MTI 연계표,1705,4,D1705,농수산식품
농수산식품,농수산,HSK-MTI 연계표,1705,4,D1705,농수산식품
농수산식품,수산,HSK-MTI 연계표,1705,4,D1705,농수산식품
농수산식품,식품,HSK-MTI 연계표,1705,4,D1705,농수산식품
농수산식품,농수산식품,HSK-MTI 연계표,1706,4,D1706,농수산식품
농수산식품,농수산,HSK-MTI 연계표,1706,4,D1706,농수산식품
농수산식품,수산,HSK-MTI 연계표,1706,4,D1706,농수산식품
농수산식품,식품,HSK-MTI 연계표,1706,4,D1706,농수산식품
농수산식품,농수산식품,HSK-MTI 연계표,1707,4,D1707,농수산식품
농수산식품,농수산,HSK-MTI 연계표,1707,4,D1707,농수산식품
농수산식품,수산,HSK-MTI 연계표,1707,4,D1707,농수산식품
농수산식품,식품,HSK-MTI 연계표,1707,4,D1707,농수산식품
농수산식품,농수산식품,HSK-MTI 연계표,1708,4,D1708,농수산식품
농수산식품,농수산,HSK-MTI 연계표,1708,4,D1708,농수산식품
농수산식품,수산,HSK-MTI 연계표,1708,4,D1708,농수산식품
농수산식품,식품,HSK-MTI 연계표,1708,4,D1708,농수산식품
농수산식품,농수산식품,HSK-MTI 연계표,1709,4,D1709,농수산식품
농수산식품,농수산,HSK-MTI 연계표,1709,4,D1709,농수산식품
농수산식품,수산,HSK-MTI 연계표,1709,4,D1709,농수산식품
농수산식품,식품,HSK-MTI 연계표,1709,4,D1709,농수산식품
농수산식품,농수산식품,HSK-MTI 연계표,1710,4,D1710,농수산식품
농수산식품,농수산,HSK-MTI 연계표,1710,4,D1710,농수산식품
농수산식품,수산,HSK-MTI 연계표,1710,4,D1710,농수산식품
농수산식품,식품,HSK-MTI 연계표,1710,4,D1710,농수산식품
농수산식품,농수산식품,HSK-MTI 연계표,1711,4,D1711,농수산식품
농수산식품,농수산,HSK-MTI 연계표,1711,4,D1711,농수산식품
농수산식품,수산,HSK-MTI 연계표,1711,4,D1711,농수산식품
농수산식품,식품,HSK-MTI 연계표,1711,4,D1711,농수산식품
농수산식품,농수산식품,HSK-MTI 연계표,1712,4,D1712,농수산식품
농수산식품,농수산,HSK-MTI 연계표,1712,4,D1712,농수산식품
농수산식품,수산,HSK-MTI 연계표,1712,4,D1712,농수산식품
농수산식품,식품,HSK-MTI 연계표,1712,4,D1712,농수산식품
농수산식품,농수산식품,HSK-MTI 연계표,1713,4,D1713,농수산식품
농수산식품,농수산,HSK-MTI 연계표,1713,4,D1713,농수산식품
농수산식품,수산,HSK-MTI 연계표,1713,4,D1713,농수산식품
농수산식품,식품,HSK-MTI 연계표,1713,4,D1713,농수산식품
농수산식품,농수산식품,HSK-MTI 연계표,1714,4,D1714,농수산식품
농수산식품,농수산,HSK-MTI 연계표,1714,4,D1714,농수산식품
농수산식품,수산,HSK-MTI 연계표,1714,4,D1714,농수산식품
농수산식품,식품,HSK-MTI 연계표,1714,4,D1714,농수산식품
농수산식품,농수산식품,HSK-MTI 연계표,1715,4,D1715,농수산식품
농수산식품,농수산,HSK-MTI 연계표,1715,4,D1715,농수산식품
농수산식품,수산,HSK-MTI 연계표,1715,4,D1715,농수산식품
농수산식품,식품,HSK-MTI 연계표,1715,4,D1715,농수산식품
농수산식품,농수산식품,HSK-MTI 연계표,1716,4,D1716,농수산식품
농수산식품,농수산,HSK-MTI 연계표,1716,4,D1716,농수산식품
농수산식품,수산,HSK-MTI 연계표,1716,4,D1716,농수산식품
농수산식품,식품,HSK-MTI 연계표,1716,4,D1716,농수산식품
농수산식품,농수산식품,HSK-MTI 연계표,1717,4,D1717,농수산식품
농수산식품,농수산,HSK-MTI 연계표,1717,4,D1717,농수산식품
농수산식품,수산,HSK-MTI 연계표,1717,4,D1717,농수산식품
농수산식품,식품,HSK-MTI 연계표,1717,4,D1717,농수산식품
농수산식품,농수산식품,HSK-MTI 연계표,1718,4,D1718,농수산식품
농수산식품,농수산,HSK-MTI 연계표,1718,4,D1718,농수산식품
농수산식품,수산,HSK-MTI 연계표,1718,4,D1718,농수산식품
농수산식품,식품,HSK-MTI 연계표,1718,4,D1718,농수산식품
농수산식품,농수산식품,HSK-MTI 연계표,1719,4,D1719,농수산식품
농수산식품,농수산,HSK-MTI 연계표,1719,4,D1719,농수산식품
농수산식품,수산,HSK-MTI 연계표,1719,4,D1719,농수산식품
농수산식품,식품,HSK-MTI 연계표,1719,4,D1719,농수산식품
농수산식품,농수산식품,HSK-MTI 연계표,1720,4,D1720,농수산식품
농수산식품,농수산,HSK-MTI 연계표,1720,4,D1720,농수산식품
농수산식품,수산,HSK-MTI 연계표,1720,4,D1720,농수산식품
농수산식품,식품,HSK-MTI 연계표,1720,4,D1720,농수산식품
농수산식품,농수산식품,HSK-MTI 연계표,1721,4,D1721,농수산식품
농수산식품,농수산,HSK-MTI 연계표,1721,4,D1721,농수산식품
농수산식품,수산,HSK-MTI 연계표,1721,4,D1721,농수산식품
농수산식품,식품,HSK-MTI 연계표,1721,4,D1721,농수산식품
농수산식품,농수산식품,HSK-MTI 연계표,1722,4,D1722,농수산식품
농수산식품,농수산,HSK-MTI 연계표,1722,4,D1722,농수산식품
농수산식품,수산,HSK-MTI 연계표,1722,4,D1722,농수산식품
농수산식품,식품,HSK-MTI 연계표,1722,4,D1722,농수산식품
농수산식품,농수산식품,HSK-MTI 연계표,1723,4,D1723,농수산식품
농수산식품,농수산,HSK-MTI 연계표,1723,4,D1723,농수산식품
농수산식품,수산,HSK-MTI 연계표,1723,4,D1723,농수산식품
농수산식품,식품,HSK-MTI 연계표,1723,4,D1723,농수산식품
농수산식품,농수산식품,HSK-MTI 연계표,1724,4,D1724,농수산식품
농수산식품,농수산,HSK-MTI 연계표,1724,4,D1724,농수산식품
농수산식품,수산,HSK-MTI 연계표,1724,4,D1724,농수산식품
농수산식품,식품,HSK-MTI 연계표,1724,4,D1724,농수산식품
농수산식품,농수산식품,HSK-MTI 연계표,1725,4,D1725,농수산식품
농수산식품,농수산,HSK-MTI 연계표,1725,4,D1725,농수산식품
농수산식품,수산,HSK-MTI 연계표,1725,4,D1725,농수산식품
농수산식품,식품,HSK-MTI 연계표,1725,4,D1725,농수산식품
농수산식품,농수산식품,HSK-MTI 연계표,1726,4,D1726,농수산식품
농수산식품,농수산,HSK-MTI 연계표,1726,4,D1726,농수산식품
농수산식품,수산,HSK-MTI 연계표,1726,4,D1726,농수산식품
농수산식품,식품,HSK-MTI 연계표,1726,4,D1726,농수산식품
농수산식품,농수산식품,HSK-MTI 연계표,1727,4,D1727,농수산식품
농수산식품,농수산,HSK-MTI 연계표,1727,4,D1727,농수산식품
농수산식품,수산,HSK-MTI 연계표,1727,4,D1727,농수산식품
농수산식품,식품,HSK-MTI 연계표,1727,4,D1727,농수산식품
농수산식품,농수산식품,HSK-MTI 연계표,1728,4,D1728,농수산식품
농수산식품,농수산,HSK-MTI 연계표,1728,4,D1728,농수산식품
농수산식품,수산,HSK-MTI 연계표,1728,4,D1728,농수산식품
농수산식품,식품,HSK-MTI 연계표,1728,4,D1728,농수산식품
농수산식품,농수산식품,HSK-MTI 연계표,1729,4,D1729,농수산식품
농수산식품,농수산,HSK-MTI 연계표,1729,4,D1729,농수산식품
농수산식품,수산,HSK-MTI 연계표,1729,4,D1729,농수산식품
농수산식품,식품,HSK-MTI 연계표,1729,4,D1729,농수산식품
농수산식품,농수산식품,HSK-MTI 연계표,1730,4,D1730,농수산식품
농수산식품,농수산,HSK-MTI 연계표,1730,4,D1730,농수산식품
농수산식품,수산,HSK-MTI 연계표,1730,4,D1730,농수산식품
농수산식품,식품,HSK-MTI 연계표,1730,4,D1730,농수산식품
농수산식품,농수산식품,HSK-MTI 연계표,1731,4,D1731,농수산식품
농수산식품,농수산,HSK-MTI 연계표,1731,4,D1731,농수산식품
농수산식품,수산,HSK-MTI 연계표,1731,4,D1731,농수산식품
농수산식품,식품,HSK-MTI 연계표,1731,4,D1731,농수산식품
농수산식품,농수산식품,HSK-MTI 연계표,1732,4,D1732,농수산식품
농수산식품,농수산,HSK-MTI 연계표,1732,4,D1732,농수산식품
농수산식품,수산,HSK-MTI 연계표,1732,4,D1732,농수산식품
농수산식품,식품,HSK-MTI 연계표,1732,4,D1732,농수산식품
농수산식품,농수산식품,HSK-MTI 연계표,1733,4,D1733,농수산식품
농수산식품,농수산,HSK-MTI 연계표,1733,4,D1733,농수산식품
농수산식품,수산,HSK-MTI 연계표,1733,4,D1733,농수산식품
농수산식품,식품,HSK-MTI 연계표,1733,4,D1733,농수산식품
농수산식품,농수산식품,HSK-MTI 연계표,1734,4,D1734,농수산식품
농수산식품,농수산,HSK-MTI 연계표,1734,4,D1734,농수산식품
농수산식품,수산,HSK-MTI 연계표,1734,4,D1734,농수산식품
농수산식품,식품,HSK-MTI 연계표,1734,4,D1734,농수산식품
농수산식품,농수산식품,HSK-MTI 연계표,1735,4,D1735,농수산식품
농수산식품,농수산,HSK-MTI 연계표,1735,4,D1735,농수산식품
농수산식품,수산,HSK-MTI 연계표,1735,4,D1735,농수산식품
농수산식품,식품,HSK-MTI 연계표,1735,4,D1735,농수산식품
농수산식품,농수산식품,HSK-MTI 연계표,1736,4,D1736,농수산식품
농수산식품,농수산,HSK-MTI 연계표,1736,4,D1736,농수산식품
농수산식품,수산,HSK-MTI 연계표,1736,4,D1736,농수산식품
농수산식품,식품,HSK-MTI 연계표,1736,4,D1736,농수산식품
농수산식품,농수산식품,HSK-MTI 연계표,1737,4,D1737,농수산식품
농수산식품,농수산,HSK-MTI 연계표,1737,4,D1737,농수산식품
농수산식품,수산,HSK-MTI 연계표,1737,4,D1737,농수산식품
농수산식품,식품,HSK-MTI 연계표,1737,4,D1737,농수산식품
농수산식품,농수산식품,HSK-MTI 연계표,1738,4,D1738,농수산식품
농수산식품,농수산,HSK-MTI 연계표,1738,4,D1738,농수산식품
농수산식품,수산,HSK-MTI 연계표,1738,4,D1738,농수산식품
농수산식품,식품,HSK-MTI 연계표,1738,4,D1738,농수산식품
농수산식품,농수산식품,HSK-MTI 연계표,1739,4,D1739,농수산식품
농수산식품,농수산,HSK-MTI 연계표,1739,4,D1739,농수산식품
농수산식품,수산,HSK-MTI 연계표,1739,4,D1739,농수산식품
농수산식품,식품,HSK-MTI 연계표,1739,4,D1739,농수산식품
농수산식품,농수산식품,HSK-MTI 연계표,1740,4,D1740,농수산식품
농수산식품,농수산,HSK-MTI 연계표,1740,4,D1740,농수산식품
농수산식품,수산,HSK-MTI 연계표,1740,4,D1740,농수산식품
농수산식품,식품,HSK-MTI 연계표,1740,4,D1740,농수산식품
농수산식품,농수산식품,HSK-MTI 연계표,1741,4,D1741,농수산식품
농수산식품,농수산,HSK-MTI 연계표,1741,4,D1741,농수산식품
농수산식품,수산,HSK-MTI 연계표,1741,4,D1741,농수산식품
농수산식품,식품,HSK-MTI 연계표,1741,4,D1741,농수산식품
농수산식품,농수산식품,HSK-MTI 연계표,1742,4,D1742,농수산식품
농수산식품,농수산,HSK-MTI 연계표,1742,4,D1742,농수산식품
농수산식품,수산,HSK-MTI 연계표,1742,4,D1742,농수산식품
농수산식품,식품,HSK-MTI 연계표,1742,4,D1742,농수산식품
농수산식품,농수산식품,HSK-MTI 연계표,1743,4,D1743,농수산식품
농수산식품,농수산,HSK-MTI 연계표,1743,4,D1743,농수산식품
농수산식품,수산,HSK-MTI 연계표,1743,4,D1743,농수산식품
농수산식품,식품,HSK-MTI 연계표,1743,4,D1743,농수산식품
농수산식품,농수산식품,HSK-MTI 연계표,1744,4,D1744,농수산식품
농수산식품,농수산,HSK-MTI 연계표,1744,4,D1744,농수산식품
농수산식품,수산,HSK-MTI 연계표,1744,4,D1744,농수산식품
농수산식품,식품,HSK-MTI 연계표,1744,4,D1744,농수산식품
농수산식품,농수산식품,HSK-MTI 연계표,1745,4,D1745,농수산식품
농수산식품,농수산,HSK-MTI 연계표,1745,4,D1745,농수산식품
농수산식품,수산,HSK-MTI 연계표,1745,4,D1745,농수산식품
농수산식품,식품,HSK-MTI 연계표,1745,4,D1745,농수산식품
농수산식품,농수산식품,HSK-MTI 연계표,1746,4,D1746,농수산식품
농수산식품,농수산,HSK-MTI 연계표,1746,4,D1746,농수산식품
농수산식품,수산,HSK-MTI 연계표,1746,4,D1746,농수산식품
농수산식품,식품,HSK-MTI 연계표,1746,4,D1746,농수산식품
농수산식품,농수산식품,HSK-MTI 연계표,1747,4,D1747,농수산식품
농수산식품,농수산,HSK-MTI 연계표,1747,4,D1747,농수산식품
농수산식품,수산,HSK-MTI 연계표,1747,4,D1747,농수산식품
농수산식품,식품,HSK-MTI 연계표,1747,4,D1747,농수산식품
농수산식품,농수산식품,HSK-MTI 연계표,1748,4,D1748,농수산식품
농수산식품,농수산,HSK-MTI 연계표,1748,4,D1748,농수산식품
농수산식품,수산,HSK-MTI 연계표,1748,4,D1748,농수산식품
농수산식품,식품,HSK-MTI 연계표,1748,4,D1748,농수산식품
농수산식품,농수산식품,HSK-MTI 연계표,1749,4,D1749,농수산식품
농수산식품,농수산,HSK-MTI 연계표,1749,4,D1749,농수산식품
농수산식품,수산,HSK-MTI 연계표,1749,4,D1749,농수산식품
농수산식품,식품,HSK-MTI 연계표,1749,4,D1749,농수산식품
농수산식품,농수산식품,HSK-MTI 연계표,1750,4,D1750,농수산식품
농수산식품,농수산,HSK-MTI 연계표,1750,4,D1750,농수산식품
농수산식품,수산,HSK-MTI 연계표,1750,4,D1750,농수산식품
농수산식품,식품,HSK-MTI 연계표,1750,4,D1750,농수산식품
농수산식품,농수산식품,HSK-MTI 연계표,1751,4,D1751,농수산식품
농수산식품,농수산,HSK-MTI 연계표,1751,4,D1751,농수산식품
농수산식품,수산,HSK-MTI 연계표,1751,4,D1751,농수산식품
농수산식품,식품,HSK-MTI 연계표,1751,4,D1751,농수산식품
농수산식품,농수산식품,HSK-MTI 연계표,1752,4,D1752,농수산식품
농수산식품,농수산,HSK-MTI 연계표,1752,4,D1752,농수산식품
농수산식품,수산,HSK-MTI 연계표,1752,4,D1752,농수산식품
농수산식품,식품,HSK-MTI 연계표,1752,4,D1752,농수산식품
농수산식품,농수산식품,HSK-MTI 연계표,1753,4,D1753,농수산식품
농수산식품,농수산,HSK-MTI 연계표,1753,4,D1753,농수산식품
농수산식품,수산,HSK-MTI 연계표,1753,4,D1753,농수산식품
농수산식품,식품,HSK-MTI 연계표,1753,4,D1753,농수산식품
농수산식품,농수산식품,HSK-MTI 연계표,1754,4,D1754,농수산식품
농수산식품,농수산,HSK-MTI 연계표,1754,4,D1754,농수산식품
농수산식품,수산,HSK-MTI 연계표,1754,4,D1754,농수산식품
농수산식품,식품,HSK-MTI 연계표,1754,4,D1754,농수산식품
농수산식품,농수산식품,HSK-MTI 연계표,1755,4,D1755,농수산식품
농수산식품,농수산,HSK-MTI 연계표,1755,4,D1755,농수산식품
농수산식품,수산,HSK-MTI 연계표,1755,4,D1755,농수산식품
농수산식품,식품,HSK-MTI 연계표,1755,4,D1755,농수산식품
농수산식품,농수산식품,HSK-MTI 연계표,1756,4,D1756,농수산식품
농수산식품,농수산,HSK-MTI 연계표,1756,4,D1756,농수산식품
농수산식품,수산,HSK-MTI 연계표,1756,4,D1756,농수산식품
농수산식품,식품,HSK-MTI 연계표,1756,4,D1756,농수산식품
농수산식품,농수산식품,HSK-MTI 연계표,1757,4,D1757,농수산식품
농수산식품,농수산,HSK-MTI 연계표,1757,4,D1757,농수산식품
농수산식품,수산,HSK-MTI 연계표,1757,4,D1757,농수산식품
농수산식품,식품,HSK-MTI 연계표,1757,4,D1757,농수산식품
농수산식품,농수산식품,HSK-MTI 연계표,1758,4,D1758,농수산식품
농수산식품,농수산,HSK-MTI 연계표,1758,4,D1758,농수산식품
농수산식품,수산,HSK-MTI 연계표,1758,4,D1758,농수산식품
농수산식품,식품,HSK-MTI 연계표,1758,4,D1758,농수산식품
농수산식품,농수산식품,HSK-MTI 연계표,1759,4,D1759,농수산식품
농수산식품,농수산,HSK-MTI 연계표,1759,4,D1759,농수산식품
농수산식품,수산,HSK-MTI 연계표,1759,4,D1759,농수산식품
농수산식품,식품,HSK-MTI 연계표,1759,4,D1759,농수산식품
농수산식품,농수산식품,HSK-MTI 연계표,1760,4,D1760,농수산식품
농수산식품,농수산,HSK-MTI 연계표,1760,4,D1760,농수산식품
농수산식품,수산,HSK-MTI 연계표,1760,4,D1760,농수산식품
농수산식품,식품,HSK-MTI 연계표,1760,4,D1760,농수산식품
농수산식품,농수산식품,HSK-MTI 연계표,1761,4,D1761,농수산식품
농수산식품,농수산,HSK-MTI 연계표,1761,4,D1761,농수산식품
농수산식품,수산,HSK-MTI 연계표,1761,4,D1761,농수산식품
농수산식품,식품,HSK-MTI 연계표,1761,4,D1761,농수산식품
농수산식품,농수산식품,HSK-MTI 연계표,1762,4,D1762,농수산식품
농수산식품,농수산,HSK-MTI 연계표,1762,4,D1762,농수산식품
농수산식품,수산,HSK-MTI 연계표,1762,4,D1762,농수산식품
농수산식품,식품,HSK-MTI 연계표,1762,4,D1762,농수산식품
농수산식품,농수산식품,HSK-MTI 연계표,1763,4,D1763,농수산식품
농수산식품,농수산,HSK-MTI 연계표,1763,4,D1763,농수산식품
농수산식품,수산,HSK-MTI 연계표,1763,4,D1763,농수산식품
농수산식품,식품,HSK-MTI 연계표,1763,4,D1763,농수산식품
농수산식품,농수산식품,HSK-MTI 연계표,1764,4,D1764,농수산식품
농수산식품,농수산,HSK-MTI 연계표,1764,4,D1764,농수산식품
농수산식품,수산,HSK-MTI 연계표,1764,4,D1764,농수산식품
농수산식품,식품,HSK-MTI 연계표,1764,4,D1764,농수산식품
농수산식품,농수산식품,HSK-MTI 연계표,1765,4,D1765,농수산식품
농수산식품,농수산,HSK-MTI 연계표,1765,4,D1765,농수산식품
농수산식품,수산,HSK-MTI 연계표,1765,4,D1765,농수산식품
농수산식품,식품,HSK-MTI 연계표,1765,4,D1765,농수산식품
농수산식품,농수산식품,HSK-MTI 연계표,1766,4,D1766,농수산식품
농수산식품,농수산,HSK-MTI 연계표,1766,4,D1766,농수산식품
농수산식품,수산,HSK-MTI 연계표,1766,4,D1766,농수산식품
농수산식품,식품,HSK-MTI 연계표,1766,4,D1766,농수산식품
농수산식품,농수산식품,HSK-MTI 연계표,1767,4,D1767,농수산식품
농수산식품,농수산,HSK-MTI 연계표,1767,4,D1767,농수산식품
농수산식품,수산,HSK-MTI 연계표,1767,4,D1767,농수산식품
농수산식품,식품,HSK-MTI 연계표,1767,4,D1767,농수산식품
농수산식품,농수산식품,HSK-MTI 연계표,1768,4,D1768,농수산식품
농수산식품,농수산,HSK-MTI 연계표,1768,4,D1768,농수산식품
농수산식품,수산,HSK-MTI 연계표,1768,4,D1768,농수산식품
농수산식품,식품,HSK-MTI 연계표,1768,4,D1768,농수산식품
농수산식품,농수산식품,HSK-MTI 연계표,1769,4,D1769,농수산식품
농수산식품,농수산,HSK-MTI 연계표,1769,4,D1769,농수산식품
농수산식품,수산,HSK-MTI 연계표,1769,4,D1769,농수산식품
농수산식품,식품,HSK-MTI 연계표,1769,4,D1769,농수산식품
농수산식품,농수산식품,HSK-MTI 연계표,1770,4,D1770,농수산식품
농수산식품,농수산,HSK-MTI 연계표,1770,4,D1770,농수산식품
농수산식품,수산,HSK-MTI 연계표,1770,4,D1770,농수산식품
농수산식품,식품,HSK-MTI 연계표,1770,4,D1770,농수산식품
농수산식품,농수산식품,HSK-MTI 연계표,1771,4,D1771,농수산식품
농수산식품,농수산,HSK-MTI 연계표,1771,4,D1771,농수산식품
농수산식품,수산,HSK-MTI 연계표,1771,4,D1771,농수산식품
농수산식품,식품,HSK-MTI 연계표,1771,4,D1771,농수산식품
농수산식품,농수산식품,HSK-MTI 연계표,1772,4,D1772,농수산식품
농수산식품,농수산,HSK-MTI 연계표,1772,4,D1772,농수산식품
농수산식품,수산,HSK-MTI 연계표,1772,4,D1772,농수산식품
농수산식품,식품,HSK-MTI 연계표,1772,4,D1772,농수산식품
농수산식품,농수산식품,HSK-MTI 연계표,1773,4,D1773,농수산식품
농수산식품,농수산,HSK-MTI 연계표,1773,4,D1773,농수산식품
농수산식품,수산,HSK-MTI 연계표,1773,4,D1773,농수산식품
농수산식품,식품,HSK-MTI 연계표,1773,4,D1773,농수산식품
농수산식품,농수산식품,HSK-MTI 연계표,1774,4,D1774,농수산식품
농수산식품,농수산,HSK-MTI 연계표,1774,4,D1774,농수산식품
농수산식품,수산,HSK-MTI 연계표,1774,4,D1774,농수산식품
농수산식품,식품,HSK-MTI 연계표,1774,4,D1774,농수산식품
농수산식품,농수산식품,HSK-MTI 연계표,1775,4,D1775,농수산식품
농수산식품,농수산,HSK-MTI 연계표,1775,4,D1775,농수산식품
농수산식품,수산,HSK-MTI 연계표,1775,4,D1775,농수산식품
농수산식품,식품,HSK-MTI 연계표,1775,4,D1775,농수산식품
농수산식품,농수산식품,HSK-MTI 연계표,1776,4,D1776,농수산식품
농수산식품,농수산,HSK-MTI 연계표,1776,4,D1776,농수산식품
농수산식품,수산,HSK-MTI 연계표,1776,4,D1776,농수산식품
농수산식품,식품,HSK-MTI 연계표,1776,4,D1776,농수산식품
농수산식품,농수산식품,HSK-MTI 연계표,1777,4,D1777,농수산식품
농수산식품,농수산,HSK-MTI 연계표,1777,4,D1777,농수산식품
농수산식품,수산,HSK-MTI 연계표,1777,4,D1777,농수산식품
농수산식품,식품,HSK-MTI 연계표,1777,4,D1777,농수산식품
농수산식품,농수산식품,HSK-MTI 연계표,1778,4,D1778,농수산식품
농수산식품,농수산,HSK-MTI 연계표,1778,4,D1778,농수산식품
농수산식품,수산,HSK-MTI 연계표,1778,4,D1778,농수산식품
농수산식품,식품,HSK-MTI 연계표,1778,4,D1778,농수산식품
농수산식품,농수산식품,HSK-MTI 연계표,1779,4,D1779,농수산식품
농수산식품,농수산,HSK-MTI 연계표,1779,4,D1779,농수산식품
농수산식품,수산,HSK-MTI 연계표,1779,4,D1779,농수산식품
농수산식품,식품,HSK-MTI 연계표,1779,4,D1779,농수산식품
농수산식품,농수산식품,HSK-MTI 연계표,1780,4,D1780,농수산식품
농수산식품,농수산,HSK-MTI 연계표,1780,4,D1780,농수산식품
농수산식품,수산,HSK-MTI 연계표,1780,4,D1780,농수산식품
농수산식품,식품,HSK-MTI 연계표,1780,4,D1780,농수산식품
농수산식품,농수산식품,HSK-MTI 연계표,1781,4,D1781,농수산식품
농수산식품,농수산,HSK-MTI 연계표,1781,4,D1781,농수산식품
농수산식품,수산,HSK-MTI 연계표,1781,4,D1781,농수산식품
농수산식품,식품,HSK-MTI 연계표,1781,4,D1781,농수산식품
농수산식품,농수산식품,HSK-MTI 연계표,1782,4,D1782,농수산식품
농수산식품,농수산,HSK-MTI 연계표,1782,4,D1782,농수산식품
농수산식품,수산,HSK-MTI 연계표,1782,4,D1782,농수산식품
농수산식품,식품,HSK-MTI 연계표,1782,4,D1782,농수산식품
농수산식품,농수산식품,HSK-MTI 연계표,1783,4,D1783,농수산식품
농수산식품,농수산,HSK-MTI 연계표,1783,4,D1783,농수산식품
농수산식품,수산,HSK-MTI 연계표,1783,4,D1783,농수산식품
농수산식품,식품,HSK-MTI 연계표,1783,4,D1783,농수산식품
농수산식품,농수산식품,HSK-MTI 연계표,1784,4,D1784,농수산식품
농수산식품,농수산,HSK-MTI 연계표,1784,4,D1784,농수산식품
농수산식품,수산,HSK-MTI 연계표,1784,4,D1784,농수산식품
농수산식품,식품,HSK-MTI 연계표,1784,4,D1784,농수산식품
농수산식품,농수산식품,HSK-MTI 연계표,1785,4,D1785,농수산식품
농수산식품,농수산,HSK-MTI 연계표,1785,4,D1785,농수산식품
농수산식품,수산,HSK-MTI 연계표,1785,4,D1785,농수산식품
농수산식품,식품,HSK-MTI 연계표,1785,4,D1785,농수산식품
농수산식품,농수산식품,HSK-MTI 연계표,1786,4,D1786,농수산식품
농수산식품,농수산,HSK-MTI 연계표,1786,4,D1786,농수산식품
농수산식품,수산,HSK-MTI 연계표,1786,4,D1786,농수산식품
농수산식품,식품,HSK-MTI 연계표,1786,4,D1786,농수산식품
농수산식품,농수산식품,HSK-MTI 연계표,1787,4,D1787,농수산식품
농수산식품,농수산,HSK-MTI 연계표,1787,4,D1787,농수산식품
농수산식품,수산,HSK-MTI 연계표,1787,4,D1787,농수산식품
농수산식품,식품,HSK-MTI 연계표,1787,4,D1787,농수산식품
농수산식품,농수산식품,HSK-MTI 연계표,1788,4,D1788,농수산식품
농수산식품,농수산,HSK-MTI 연계표,1788,4,D1788,농수산식품
농수산식품,수산,HSK-MTI 연계표,1788,4,D1788,농수산식품
농수산식품,식품,HSK-MTI 연계표,1788,4,D1788,농수산식품
농수산식품,농수산식품,HSK-MTI 연계표,1789,4,D1789,농수산식품
농수산식품,농수산,HSK-MTI 연계표,1789,4,D1789,농수산식품
농수산식품,수산,HSK-MTI 연계표,1789,4,D1789,농수산식품
농수산식품,식품,HSK-MTI 연계표,1789,4,D1789,농수산식품
농수산식품,농수산식품,HSK-MTI 연계표,1790,4,D1790,농수산식품
농수산식품,농수산,HSK-MTI 연계표,1790,4,D1790,농수산식품
농수산식품,수산,HSK-MTI 연계표,1790,4,D1790,농수산식품
농수산식품,식품,HSK-MTI 연계표,1790,4,D1790,농수산식품
농수산식품,농수산식품,HSK-MTI 연계표,1791,4,D1791,농수산식품
농수산식품,농수산,HSK-MTI 연계표,1791,4,D1791,농수산식품
농수산식품,수산,HSK-MTI 연계표,1791,4,D1791,농수산식품
농수산식품,식품,HSK-MTI 연계표,1791,4,D1791,농수산식품
농수산식품,농수산식품,HSK-MTI 연계표,1792,4,D1792,농수산식품
농수산식품,농수산,HSK-MTI 연계표,1792,4,D1792,농수산식품
농수산식품,수산,HSK-MTI 연계표,1792,4,D1792,농수산식품
농수산식품,식품,HSK-MTI 연계표,1792,4,D1792,농수산식품
농수산식품,농수산식품,HSK-MTI 연계표,1793,4,D1793,농수산식품
농수산식품,농수산,HSK-MTI 연계표,1793,4,D1793,농수산식품
농수산식품,수산,HSK-MTI 연계표,1793,4,D1793,농수산식품
농수산식품,식품,HSK-MTI 연계표,1793,4,D1793,농수산식품
농수산식품,농수산식품,HSK-MTI 연계표,1794,4,D1794,농수산식품
농수산식품,농수산,HSK-MTI 연계표,1794,4,D1794,농수산식품
농수산식품,수산,HSK-MTI 연계표,1794,4,D1794,농수산식품
농수산식품,식품,HSK-MTI 연계표,1794,4,D1794,농수산식품
농수산식품,농수산식품,HSK-MTI 연계표,1795,4,D1795,농수산식품
농수산식품,농수산,HSK-MTI 연계표,1795,4,D1795,농수산식품
농수산식품,수산,HSK-MTI 연계표,1795,4,D1795,농수산식품
농수산식품,식품,HSK-MTI 연계표,1795,4,D1795,농수산식품
농수산식품,농수산식품,HSK-MTI 연계표,1796,4,D1796,농수산식품
농수산식품,농수산,HSK-MTI 연계표,1796,4,D1796,농수산식품
농수산식품,수산,HSK-MTI 연계표,1796,4,D1796,농수산식품
농수산식품,식품,HSK-MTI 연계표,1796,4,D1796,농수산식품
농수산식품,농수산식품,HSK-MTI 연계표,1797,4,D1797,농수산식품
농수산식품,농수산,HSK-MTI 연계표,1797,4,D1797,농수산식품
농수산식품,수산,HSK-MTI 연계표,1797,4,D1797,농수산식품
농수산식품,식품,HSK-MTI 연계표,1797,4,D1797,농수산식품
농수산식품,농수산식품,HSK-MTI 연계표,1798,4,D1798,농수산식품
농수산식품,농수산,HSK-MTI 연계표,1798,4,D1798,농수산식품
농수산식품,수산,HSK-MTI 연계표,1798,4,D1798,농수산식품
농수산식품,식품,HSK-MTI 연계표,1798,4,D1798,농수산식품
농수산식품,농수산식품,HSK-MTI 연계표,1799,4,D1799,농수산식품
농수산식품,농수산,HSK-MTI 연계표,1799,4,D1799,농수산식품
농수산식품,수산,HSK-MTI 연계표,1799,4,D1799,농수산식품
농수산식품,식품,HSK-MTI 연계표,1799,4,D1799,농수산식품
농수산식품,농수산식품,HSK-MTI 연계표,1800,4,D1800,농수산식품
농수산식품,농수산,HSK-MTI 연계표,1800,4,D1800,농수산식품
농수산식품,수산,HSK-MTI 연계표,1800,4,D1800,농수산식품
농수산식품,식품,HSK-MTI 연계표,1800,4,D1800,농수산식품
농수산식품,농수산식품,HSK-MTI 연계표,1801,4,D1801,농수산식품
농수산식품,농수산,HSK-MTI 연계표,1801,4,D1801,농수산식품
농수산식품,수산,HSK-MTI 연계표,1801,4,D1801,농수산식품
농수산식품,식품,HSK-MTI 연계표,1801,4,D1801,농수산식품
농수산식품,농수산식품,HSK-MTI 연계표,1802,4,D1802,농수산식품
농수산식품,농수산,HSK-MTI 연계표,1802,4,D1802,농수산식품
농수산식품,수산,HSK-MTI 연계표,1802,4,D1802,농수산식품
농수산식품,식품,HSK-MTI 연계표,1802,4,D1802,농수산식품
농수산식품,농수산식품,HSK-MTI 연계표,1803,4,D1803,농수산식품
농수산식품,농수산,HSK-MTI 연계표,1803,4,D1803,농수산식품
농수산식품,수산,HSK-MTI 연계표,1803,4,D1803,농수산식품
농수산식품,식품,HSK-MTI 연계표,1803,4,D1803,농수산식품
농수산식품,농수산식품,HSK-MTI 연계표,1804,4,D1804,농수산식품
농수산식품,농수산,HSK-MTI 연계표,1804,4,D1804,농수산식품
농수산식품,수산,HSK-MTI 연계표,1804,4,D1804,농수산식품
농수산식품,식품,HSK-MTI 연계표,1804,4,D1804,농수산식품
농수산식품,농수산식품,HSK-MTI 연계표,1805,4,D1805,농수산식품
농수산식품,농수산,HSK-MTI 연계표,1805,4,D1805,농수산식품
농수산식품,수산,HSK-MTI 연계표,1805,4,D1805,농수산식품
농수산식품,식품,HSK-MTI 연계표,1805,4,D1805,농수산식품
농수산식품,농수산식품,HSK-MTI 연계표,1806,4,D1806,농수산식품
농수산식품,농수산,HSK-MTI 연계표,1806,4,D1806,농수산식품
농수산식품,수산,HSK-MTI 연계표,1806,4,D1806,농수산식품
농수산식품,식품,HSK-MTI 연계표,1806,4,D1806,농수산식품
농수산식품,농수산식품,HSK-MTI 연계표,1807,4,D1807,농수산식품
농수산식품,농수산,HSK-MTI 연계표,1807,4,D1807,농수산식품
농수산식품,수산,HSK-MTI 연계표,1807,4,D1807,농수산식품
농수산식품,식품,HSK-MTI 연계표,1807,4,D1807,농수산식품
농수산식품,농수산식품,HSK-MTI 연계표,1808,4,D1808,농수산식품
농수산식품,농수산,HSK-MTI 연계표,1808,4,D1808,농수산식품
농수산식품,수산,HSK-MTI 연계표,1808,4,D1808,농수산식품
농수산식품,식품,HSK-MTI 연계표,1808,4,D1808,농수산식품
농수산식품,농수산식품,HSK-MTI 연계표,1809,4,D1809,농수산식품
농수산식품,농수산,HSK-MTI 연계표,1809,4,D1809,농수산식품
농수산식품,수산,HSK-MTI 연계표,1809,4,D1809,농수산식품
농수산식품,식품,HSK-MTI 연계표,1809,4,D1809,농수산식품
농수산식품,농수산식품,HSK-MTI 연계표,1810,4,D1810,농수산식품
농수산식품,농수산,HSK-MTI 연계표,1810,4,D1810,농수산식품
농수산식품,수산,HSK-MTI 연계표,1810,4,D1810,농수산식품
농수산식품,식품,HSK-MTI 연계표,1810,4,D1810,농수산식품
농수산식품,농수산식품,HSK-MTI 연계표,1811,4,D1811,농수산식품
농수산식품,농수산,HSK-MTI 연계표,1811,4,D1811,농수산식품
농수산식품,수산,HSK-MTI 연계표,1811,4,D1811,농수산식품
농수산식품,식품,HSK-MTI 연계표,1811,4,D1811,농수산식품
농수산식품,농수산식품,HSK-MTI 연계표,1812,4,D1812,농수산식품
농수산식품,농수산,HSK-MTI 연계표,1812,4,D1812,농수산식품
농수산식품,수산,HSK-MTI 연계표,1812,4,D1812,농수산식품
농수산식품,식품,HSK-MTI 연계표,1812,4,D1812,농수산식품
농수산식품,농수산식품,HSK-MTI 연계표,1813,4,D1813,농수산식품
농수산식품,농수산,HSK-MTI 연계표,1813,4,D1813,농수산식품
농수산식품,수산,HSK-MTI 연계표,1813,4,D1813,농수산식품
농수산식품,식품,HSK-MTI 연계표,1813,4,D1813,농수산식품
농수산식품,농수산식품,HSK-MTI 연계표,1814,4,D1814,농수산식품
농수산식품,농수산,HSK-MTI 연계표,1814,4,D1814,농수산식품
농수산식품,수산,HSK-MTI 연계표,1814,4,D1814,농수산식품
농수산식품,식품,HSK-MTI 연계표,1814,4,D1814,농수산식품
농수산식품,농수산식품,HSK-MTI 연계표,1815,4,D1815,농수산식품
농수산식품,농수산,HSK-MTI 연계표,1815,4,D1815,농수산식품
농수산식품,수산,HSK-MTI 연계표,1815,4,D1815,농수산식품
농수산식품,식품,HSK-MTI 연계표,1815,4,D1815,농수산식품
농수산식품,농수산식품,HSK-MTI 연계표,1816,4,D1816,농수산식품
농수산식품,농수산,HSK-MTI 연계표,1816,4,D1816,농수산식품
농수산식품,수산,HSK-MTI 연계표,1816,4,D1816,농수산식품
농수산식품,식품,HSK-MTI 연계표,1816,4,D1816,농수산식품
농수산식품,농수산식품,HSK-MTI 연계표,1817,4,D1817,농수산식품
농수산식품,농수산,HSK-MTI 연계표,1817,4,D1817,농수산식품
농수산식품,수산,HSK-MTI 연계표,1817,4,D1817,농수산식품
농수산식품,식품,HSK-MTI 연계표,1817,4,D1817,농수산식품
농수산식품,농수산식품,HSK-MTI 연계표,1818,4,D1818,농수산식품
농수산식품,농수산,HSK-MTI 연계표,1818,4,D1818,농수산식품
농수산식품,수산,HSK-MTI 연계표,1818,4,D1818,농수산식품
농수산식품,식품,HSK-MTI 연계표,1818,4,D1818,농수산식품
농수산식품,농수산식품,HSK-MTI 연계표,1819,4,D1819,농수산식품
농수산식품,농수산,HSK-MTI 연계표,1819,4,D1819,농수산식품
농수산식품,수산,HSK-MTI 연계표,1819,4,D1819,농수산식품
농수산식품,식품,HSK-MTI 연계표,1819,4,D1819,농수산식품
농수산식품,농수산식품,HSK-MTI 연계표,1820,4,D1820,농수산식품
농수산식품,농수산,HSK-MTI 연계표,1820,4,D1820,농수산식품
농수산식품,수산,HSK-MTI 연계표,1820,4,D1820,농수산식품
농수산식품,식품,HSK-MTI 연계표,1820,4,D1820,농수산식품
농수산식품,농수산식품,HSK-MTI 연계표,1821,4,D1821,농수산식품
농수산식품,농수산,HSK-MTI 연계표,1821,4,D1821,농수산식품
농수산식품,수산,HSK-MTI 연계표,1821,4,D1821,농수산식품
농수산식품,식품,HSK-MTI 연계표,1821,4,D1821,농수산식품
농수산식품,농수산식품,HSK-MTI 연계표,1822,4,D1822,농수산식품
농수산식품,농수산,HSK-MTI 연계표,1822,4,D1822,농수산식품
농수산식품,수산,HSK-MTI 연계표,1822,4,D1822,농수산식품
농수산식품,식품,HSK-MTI 연계표,1822,4,D1822,농수산식품
농수산식품,농수산식품,HSK-MTI 연계표,1823,4,D1823,농수산식품
농수산식품,농수산,HSK-MTI 연계표,1823,4,D1823,농수산식품
농수산식품,수산,HSK-MTI 연계표,1823,4,D1823,농수산식품
농수산식품,식품,HSK-MTI 연계표,1823,4,D1823,농수산식품
농수산식품,농수산식품,HSK-MTI 연계표,1824,4,D1824,농수산식품
농수산식품,농수산,HSK-MTI 연계표,1824,4,D1824,농수산식품
농수산식품,수산,HSK-MTI 연계표,1824,4,D1824,농수산식품
농수산식품,식품,HSK-MTI 연계표,1824,4,D1824,농수산식품
농수산식품,농수산식품,HSK-MTI 연계표,1825,4,D1825,농수산식품
농수산식품,농수산,HSK-MTI 연계표,1825,4,D1825,농수산식품
농수산식품,수산,HSK-MTI 연계표,1825,4,D1825,농수산식품
농수산식품,식품,HSK-MTI 연계표,1825,4,D1825,농수산식품
농수산식품,농수산식품,HSK-MTI 연계표,1826,4,D1826,농수산식품
농수산식품,농수산,HSK-MTI 연계표,1826,4,D1826,농수산식품
농수산식품,수산,HSK-MTI 연계표,1826,4,D1826,농수산식품
농수산식품,식품,HSK-MTI 연계표,1826,4,D1826,농수산식품
농수산식품,농수산식품,HSK-MTI 연계표,1827,4,D1827,농수산식품
농수산식품,농수산,HSK-MTI 연계표,1827,4,D1827,농수산식품
농수산식품,수산,HSK-MTI 연계표,1827,4,D1827,농수산식품
농수산식품,식품,HSK-MTI 연계표,1827,4,D1827,농수산식품
농수산식품,농수산식품,HSK-MTI 연계표,1828,4,D1828,농수산식품
농수산식품,농수산,HSK-MTI 연계표,1828,4,D1828,농수산식품
농수산식품,수산,HSK-MTI 연계표,1828,4,D1828,농수산식품
농수산식품,식품,HSK-MTI 연계표,1828,4,D1828,농수산식품
농수산식품,농수산식품,HSK-MTI 연계표,1829,4,D1829,농수산식품
농수산식품,농수산,HSK-MTI 연계표,1829,4,D1829,농수산식품
농수산식품,수산,HSK-MTI 연계표,1829,4,D1829,농수산식품
농수산식품,식품,HSK-MTI 연계표,1829,4,D1829,농수산식품
농수산식품,농수산식품,HSK-MTI 연계표,1830,4,D1830,농수산식품
농수산식품,농수산,HSK-MTI 연계표,1830,4,D1830,농수산식품
농수산식품,수산,HSK-MTI 연계표,1830,4,D1830,농수산식품
농수산식품,식품,HSK-MTI 연계표,1830,4,D1830,농수산식품
농수산식품,농수산식품,HSK-MTI 연계표,1831,4,D1831,농수산식품
농수산식품,농수산,HSK-MTI 연계표,1831,4,D1831,농수산식품
농수산식품,수산,HSK-MTI 연계표,1831,4,D1831,농수산식품
농수산식품,식품,HSK-MTI 연계표,1831,4,D1831,농수산식품
농수산식품,농수산식품,HSK-MTI 연계표,1832,4,D1832,농수산식품
농수산식품,농수산,HSK-MTI 연계표,1832,4,D1832,농수산식품
농수산식품,수산,HSK-MTI 연계표,1832,4,D1832,농수산식품
농수산식품,식품,HSK-MTI 연계표,1832,4,D1832,농수산식품
농수산식품,농수산식품,HSK-MTI 연계표,1833,4,D1833,농수산식품
농수산식품,농수산,HSK-MTI 연계표,1833,4,D1833,농수산식품
농수산식품,수산,HSK-MTI 연계표,1833,4,D1833,농수산식품
농수산식품,식품,HSK-MTI 연계표,1833,4,D1833,농수산식품
농수산식품,농수산식품,HSK-MTI 연계표,1834,4,D1834,농수산식품
농수산식품,농수산,HSK-MTI 연계표,1834,4,D1834,농수산식품
농수산식품,수산,HSK-MTI 연계표,1834,4,D1834,농수산식품
농수산식품,식품,HSK-MTI 연계표,1834,4,D1834,농수산식품
농수산식품,농수산식품,HSK-MTI 연계표,1835,4,D1835,농수산식품
농수산식품,농수산,HSK-MTI 연계표,1835,4,D1835,농수산식품
농수산식품,수산,HSK-MTI 연계표,1835,4,D1835,농수산식품
농수산식품,식품,HSK-MTI 연계표,1835,4,D1835,농수산식품
농수산식품,농수산식품,HSK-MTI 연계표,1836,4,D1836,농수산식품
농수산식품,농수산,HSK-MTI 연계표,1836,4,D1836,농수산식품
농수산식품,수산,HSK-MTI 연계표,1836,4,D1836,농수산식품
농수산식품,식품,HSK-MTI 연계표,1836,4,D1836,농수산식품
농수산식품,농수산식품,HSK-MTI 연계표,1837,4,D1837,농수산식품
농수산식품,농수산,HSK-MTI 연계표,1837,4,D1837,농수산식품
농수산식품,수산,HSK-MTI 연계표,1837,4,D1837,농수산식품
농수산식품,식품,HSK-MTI 연계표,1837,4,D1837,농수산식품
농수산식품,농수산식품,HSK-MTI 연계표,1838,4,D1838,농수산식품
농수산식품,농수산,HSK-MTI 연계표,1838,4,D1838,농수산식품
농수산식품,수산,HSK-MTI 연계표,1838,4,D1838,농수산식품
농수산식품,식품,HSK-MTI 연계표,1838,4,D1838,농수산식품
농수산식품,농수산식품,HSK-MTI 연계표,1839,4,D1839,농수산식품
농수산식품,농수산,HSK-MTI 연계표,1839,4,D1839,농수산식품
농수산식품,수산,HSK-MTI 연계표,1839,4,D1839,농수산식품
농수산식품,식품,HSK-MTI 연계표,1839,4,D1839,농수산식품
농수산식품,농수산식품,HSK-MTI 연계표,1840,4,D1840,농수산식품
농수산식품,농수산,HSK-MTI 연계표,1840,4,D1840,농수산식품
농수산식품,수산,HSK-MTI 연계표,1840,4,D1840,농수산식품
농수산식품,식품,HSK-MTI 연계표,1840,4,D1840,농수산식품
농수산식품,농수산식품,HSK-MTI 연계표,1841,4,D1841,농수산식품
농수산식품,농수산,HSK-MTI 연계표,1841,4,D1841,농수산식품
농수산식품,수산,HSK-MTI 연계표,1841,4,D1841,농수산식품
농수산식품,식품,HSK-MTI 연계표,1841,4,D1841,농수산식품
농수산식품,농수산식품,HSK-MTI 연계표,1842,4,D1842,농수산식품
농수산식품,농수산,HSK-MTI 연계표,1842,4,D1842,농수산식품
농수산식품,수산,HSK-MTI 연계표,1842,4,D1842,농수산식품
농수산식품,식품,HSK-MTI 연계표,1842,4,D1842,농수산식품
농수산식품,농수산식품,HSK-MTI 연계표,1843,4,D1843,농수산식품
농수산식품,농수산,HSK-MTI 연계표,1843,4,D1843,농수산식품
농수산식품,수산,HSK-MTI 연계표,1843,4,D1843,농수산식품
농수산식품,식품,HSK-MTI 연계표,1843,4,D1843,농수산식품
농수산식품,농수산식품,HSK-MTI 연계표,1844,4,D1844,농수산식품
농수산식품,농수산,HSK-MTI 연계표,1844,4,D1844,농수산식품
농수산식품,수산,HSK-MTI 연계표,1844,4,D1844,농수산식품
농수산식품,식품,HSK-MTI 연계표,1844,4,D1844,농수산식품
농수산식품,농수산식품,HSK-MTI 연계표,1845,4,D1845,농수산식품
농수산식품,농수산,HSK-MTI 연계표,1845,4,D1845,농수산식품
농수산식품,수산,HSK-MTI 연계표,1845,4,D1845,농수산식품
농수산식품,식품,HSK-MTI 연계표,1845,4,D1845,농수산식품
농수산식품,농수산식품,HSK-MTI 연계표,1846,4,D1846,농수산식품
농수산식품,농수산,HSK-MTI 연계표,1846,4,D1846,농수산식품
농수산식품,수산,HSK-MTI 연계표,1846,4,D1846,농수산식품
농수산식품,식품,HSK-MTI 연계표,1846,4,D1846,농수산식품
농수산식품,농수산식품,HSK-MTI 연계표,1847,4,D1847,농수산식품
농수산식품,농수산,HSK-MTI 연계표,1847,4,D1847,농수산식품
농수산식품,수산,HSK-MTI 연계표,1847,4,D1847,농수산식품
농수산식품,식품,HSK-MTI 연계표,1847,4,D1847,농수산식품
농수산식품,농수산식품,HSK-MTI 연계표,1848,4,D1848,농수산식품
농수산식품,농수산,HSK-MTI 연계표,1848,4,D1848,농수산식품
농수산식품,수산,HSK-MTI 연계표,1848,4,D1848,농수산식품
농수산식품,식품,HSK-MTI 연계표,1848,4,D1848,농수산식품
농수산식품,농수산식품,HSK-MTI 연계표,1849,4,D1849,농수산식품
농수산식품,농수산,HSK-MTI 연계표,1849,4,D1849,농수산식품
농수산식품,수산,HSK-MTI 연계표,1849,4,D1849,농수산식품
농수산식품,식품,HSK-MTI 연계표,1849,4,D1849,농수산식품
농수산식품,농수산식품,HSK-MTI 연계표,1850,4,D1850,농수산식품
농수산식품,농수산,HSK-MTI 연계표,1850,4,D1850,농수산식품
농수산식품,수산,HSK-MTI 연계표,1850,4,D1850,농수산식품
농수산식품,식품,HSK-MTI 연계표,1850,4,D1850,농수산식품
농수산식품,농수산식품,HSK-MTI 연계표,1851,4,D1851,농수산식품
농수산식품,농수산,HSK-MTI 연계표,1851,4,D1851,농수산식품
농수산식품,수산,HSK-MTI 연계표,1851,4,D1851,농수산식품
농수산식품,식품,HSK-MTI 연계표,1851,4,D1851,농수산식품
농수산식품,농수산식품,HSK-MTI 연계표,1852,4,D1852,농수산식품
농수산식품,농수산,HSK-MTI 연계표,1852,4,D1852,농수산식품
농수산식품,수산,HSK-MTI 연계표,1852,4,D1852,농수산식품
농수산식품,식품,HSK-MTI 연계표,1852,4,D1852,농수산식품
농수산식품,농수산식품,HSK-MTI 연계표,1853,4,D1853,농수산식품
농수산식품,농수산,HSK-MTI 연계표,1853,4,D1853,농수산식품
농수산식품,수산,HSK-MTI 연계표,1853,4,D1853,농수산식품
농수산식품,식품,HSK-MTI 연계표,1853,4,D1853,농수산식품
농수산식품,농수산식품,HSK-MTI 연계표,1854,4,D1854,농수산식품
농수산식품,농수산,HSK-MTI 연계표,1854,4,D1854,농수산식품
농수산식품,수산,HSK-MTI 연계표,1854,4,D1854,농수산식품
농수산식품,식품,HSK-MTI 연계표,1854,4,D1854,농수산식품
농수산식품,농수산식품,HSK-MTI 연계표,1855,4,D1855,농수산식품
농수산식품,농수산,HSK-MTI 연계표,1855,4,D1855,농수산식품
농수산식품,수산,HSK-MTI 연계표,1855,4,D1855,농수산식품
농수산식품,식품,HSK-MTI 연계표,1855,4,D1855,농수산식품
농수산식품,농수산식품,HSK-MTI 연계표,1856,4,D1856,농수산식품
농수산식품,농수산,HSK-MTI 연계표,1856,4,D1856,농수산식품
농수산식품,수산,HSK-MTI 연계표,1856,4,D1856,농수산식품
농수산식품,식품,HSK-MTI 연계표,1856,4,D1856,농수산식품
농수산식품,농수산식품,HSK-MTI 연계표,1857,4,D1857,농수산식품
농수산식품,농수산,HSK-MTI 연계표,1857,4,D1857,농수산식품
농수산식품,수산,HSK-MTI 연계표,1857,4,D1857,농수산식품
농수산식품,식품,HSK-MTI 연계표,1857,4,D1857,농수산식품
농수산식품,농수산식품,HSK-MTI 연계표,1858,4,D1858,농수산식품
농수산식품,농수산,HSK-MTI 연계표,1858,4,D1858,농수산식품
농수산식품,수산,HSK-MTI 연계표,1858,4,D1858,농수산식품
농수산식품,식품,HSK-MTI 연계표,1858,4,D1858,농수산식품
농수산식품,농수산식품,HSK-MTI 연계표,1859,4,D1859,농수산식품
농수산식품,농수산,HSK-MTI 연계표,1859,4,D1859,농수산식품
농수산식품,수산,HSK-MTI 연계표,1859,4,D1859,농수산식품
농수산식품,식품,HSK-MTI 연계표,1859,4,D1859,농수산식품
농수산식품,농수산식품,HSK-MTI 연계표,1860,4,D1860,농수산식품
농수산식품,농수산,HSK-MTI 연계표,1860,4,D1860,농수산식품
농수산식품,수산,HSK-MTI 연계표,1860,4,D1860,농수산식품
농수산식품,식품,HSK-MTI 연계표,1860,4,D1860,농수산식품
농수산식품,농수산식품,HSK-MTI 연계표,1861,4,D1861,농수산식품
농수산식품,농수산,HSK-MTI 연계표,1861,4,D1861,농수산식품
농수산식품,수산,HSK-MTI 연계표,1861,4,D1861,농수산식품
농수산식품,식품,HSK-MTI 연계표,1861,4,D1861,농수산식품
농수산식품,농수산식품,HSK-MTI 연계표,1862,4,D1862,농수산식품
농수산식품,농수산,HSK-MTI 연계표,1862,4,D1862,농수산식품
농수산식품,수산,HSK-MTI 연계표,1862,4,D1862,농수산식품
농수산식품,식품,HSK-MTI 연계표,1862,4,D1862,농수산식품
농수산식품,농수산식품,HSK-MTI 연계표,1863,4,D1863,농수산식품
농수산식품,농수산,HSK-MTI 연계표,1863,4,D1863,농수산식품
농수산식품,수산,HSK-MTI 연계표,1863,4,D1863,농수산식품
농수산식품,식품,HSK-MTI 연계표,1863,4,D1863,농수산식품
농수산식품,농수산식품,HSK-MTI 연계표,1864,4,D1864,농수산식품
농수산식품,농수산,HSK-MTI 연계표,1864,4,D1864,농수산식품
농수산식품,수산,HSK-MTI 연계표,1864,4,D1864,농수산식품
농수산식품,식품,HSK-MTI 연계표,1864,4,D1864,농수산식품
농수산식품,농수산식품,HSK-MTI 연계표,1865,4,D1865,농수산식품
농수산식품,농수산,HSK-MTI 연계표,1865,4,D1865,농수산식품
농수산식품,수산,HSK-MTI 연계표,1865,4,D1865,농수산식품
농수산식품,식품,HSK-MTI 연계표,1865,4,D1865,농수산식품
농수산식품,농수산식품,HSK-MTI 연계표,1866,4,D1866,농수산식품
농수산식품,농수산,HSK-MTI 연계표,1866,4,D1866,농수산식품
농수산식품,수산,HSK-MTI 연계표,1866,4,D1866,농수산식품
농수산식품,식품,HSK-MTI 연계표,1866,4,D1866,농수산식품
농수산식품,농수산식품,HSK-MTI 연계표,1867,4,D1867,농수산식품
농수산식품,농수산,HSK-MTI 연계표,1867,4,D1867,농수산식품
농수산식품,수산,HSK-MTI 연계표,1867,4,D1867,농수산식품
농수산식품,식품,HSK-MTI 연계표,1867,4,D1867,농수산식품
농수산식품,농수산식품,HSK-MTI 연계표,1868,4,D1868,농수산식품
농수산식품,농수산,HSK-MTI 연계표,1868,4,D1868,농수산식품
농수산식품,수산,HSK-MTI 연계표,1868,4,D1868,농수산식품
농수산식품,식품,HSK-MTI 연계표,1868,4,D1868,농수산식품
농수산식품,농수산식품,HSK-MTI 연계표,1869,4,D1869,농수산식품
농수산식품,농수산,HSK-MTI 연계표,1869,4,D1869,농수산식품
농수산식품,수산,HSK-MTI 연계표,1869,4,D1869,농수산식품
농수산식품,식품,HSK-MTI 연계표,1869,4,D1869,농수산식품
농수산식품,농수산식품,HSK-MTI 연계표,1870,4,D1870,농수산식품
농수산식품,농수산,HSK-MTI 연계표,1870,4,D1870,농수산식품
농수산식품,수산,HSK-MTI 연계표,1870,4,D1870,농수산식품
농수산식품,식품,HSK-MTI 연계표,1870,4,D1870,농수산식품
농수산식품,농수산식품,HSK-MTI 연계표,1871,4,D1871,농수산식품
농수산식품,농수산,HSK-MTI 연계표,1871,4,D1871,농수산식품
농수산식품,수산,HSK-MTI 연계표,1871,4,D1871,농수산식품
농수산식품,식품,HSK-MTI 연계표,1871,4,D1871,농수산식품
농수산식품,농수산식품,HSK-MTI 연계표,1872,4,D1872,농수산식품
농수산식품,농수산,HSK-MTI 연계표,1872,4,D1872,농수산식품
농수산식품,수산,HSK-MTI 연계표,1872,4,D1872,농수산식품
농수산식품,식품,HSK-MTI 연계표,1872,4,D1872,농수산식품
농수산식품,농수산식품,HSK-MTI 연계표,1873,4,D1873,농수산식품
농수산식품,농수산,HSK-MTI 연계표,1873,4,D1873,농수산식품
농수산식품,수산,HSK-MTI 연계표,1873,4,D1873,농수산식품
농수산식품,식품,HSK-MTI 연계표,1873,4,D1873,농수산식품
농수산식품,농수산식품,HSK-MTI 연계표,1874,4,D1874,농수산식품
농수산식품,농수산,HSK-MTI 연계표,1874,4,D1874,농수산식품
농수산식품,수산,HSK-MTI 연계표,1874,4,D1874,농수산식품
농수산식품,식품,HSK-MTI 연계표,1874,4,D1874,농수산식품
농수산식품,농수산식품,HSK-MTI 연계표,1875,4,D1875,농수산식품
농수산식품,농수산,HSK-MTI 연계표,1875,4,D1875,농수산식품
농수산식품,수산,HSK-MTI 연계표,1875,4,D1875,농수산식품
농수산식품,식품,HSK-MTI 연계표,1875,4,D1875,농수산식품
농수산식품,농수산식품,HSK-MTI 연계표,1876,4,D1876,농수산식품
농수산식품,농수산,HSK-MTI 연계표,1876,4,D1876,농수산식품
농수산식품,수산,HSK-MTI 연계표,1876,4,D1876,농수산식품
농수산식품,식품,HSK-MTI 연계표,1876,4,D1876,농수산식품
농수산식품,농수산식품,HSK-MTI 연계표,1877,4,D1877,농수산식품
농수산식품,농수산,HSK-MTI 연계표,1877,4,D1877,농수산식품
농수산식품,수산,HSK-MTI 연계표,1877,4,D1877,농수산식품
농수산식품,식품,HSK-MTI 연계표,1877,4,D1877,농수산식품
농수산식품,농수산식품,HSK-MTI 연계표,1878,4,D1878,농수산식품
농수산식품,농수산,HSK-MTI 연계표,1878,4,D1878,농수산식품
농수산식품,수산,HSK-MTI 연계표,1878,4,D1878,농수산식품
농수산식품,식품,HSK-MTI 연계표,1878,4,D1878,농수산식품
농수산식품,농수산식품,HSK-MTI 연계표,1879,4,D1879,농수산식품
농수산식품,농수산,HSK-MTI 연계표,1879,4,D1879,농수산식품
농수산식품,수산,HSK-MTI 연계표,1879,4,D1879,농수산식품
농수산식품,식품,HSK-MTI 연계표,1879,4,D1879,농수산식품
농수산식품,농수산식품,HSK-MTI 연계표,1880,4,D1880,농수산식품
농수산식품,농수산,HSK-MTI 연계표,1880,4,D1880,농수산식품
농수산식품,수산,HSK-MTI 연계표,1880,4,D1880,농수산식품
농수산식품,식품,HSK-MTI 연계표,1880,4,D1880,농수산식품
농수산식품,농수산식품,HSK-MTI 연계표,1881,4,D1881,농수산식품
농수산식품,농수산,HSK-MTI 연계표,1881,4,D1881,농수산식품
농수산식품,수산,HSK-MTI 연계표,1881,4,D1881,농수산식품
농수산식품,식품,HSK-MTI 연계표,1881,4,D1881,농수산식품
농수산식품,농수산식품,HSK-MTI 연계표,1882,4,D1882,농수산식품
농수산식품,농수산,HSK-MTI 연계표,1882,4,D1882,농수산식품
농수산식품,수산,HSK-MTI 연계표,1882,4,D1882,농수산식품
농수산식품,식품,HSK-MTI 연계표,1882,4,D1882,농수산식품
농수산식품,농수산식품,HSK-MTI 연계표,1883,4,D1883,농수산식품
농수산식품,농수산,HSK-MTI 연계표,1883,4,D1883,농수산식품
농수산식품,수산,HSK-MTI 연계표,1883,4,D1883,농수산식품
농수산식품,식품,HSK-MTI 연계표,1883,4,D1883,농수산식품
농수산식품,농수산식품,HSK-MTI 연계표,1884,4,D1884,농수산식품
농수산식품,농수산,HSK-MTI 연계표,1884,4,D1884,농수산식품
농수산식품,수산,HSK-MTI 연계표,1884,4,D1884,농수산식품
농수산식품,식품,HSK-MTI 연계표,1884,4,D1884,농수산식품
농수산식품,농수산식품,HSK-MTI 연계표,1885,4,D1885,농수산식품
농수산식품,농수산,HSK-MTI 연계표,1885,4,D1885,농수산식품
농수산식품,수산,HSK-MTI 연계표,1885,4,D1885,농수산식품
농수산식품,식품,HSK-MTI 연계표,1885,4,D1885,농수산식품
농수산식품,농수산식품,HSK-MTI 연계표,1886,4,D1886,농수산식품
농수산식품,농수산,HSK-MTI 연계표,1886,4,D1886,농수산식품
농수산식품,수산,HSK-MTI 연계표,1886,4,D1886,농수산식품
농수산식품,식품,HSK-MTI 연계표,1886,4,D1886,농수산식품
농수산식품,농수산식품,HSK-MTI 연계표,1887,4,D1887,농수산식품
농수산식품,농수산,HSK-MTI 연계표,1887,4,D1887,농수산식품
농수산식품,수산,HSK-MTI 연계표,1887,4,D1887,농수산식품
농수산식품,식품,HSK-MTI 연계표,1887,4,D1887,농수산식품
농수산식품,농수산식품,HSK-MTI 연계표,1888,4,D1888,농수산식품
농수산식품,농수산,HSK-MTI 연계표,1888,4,D1888,농수산식품
농수산식품,수산,HSK-MTI 연계표,1888,4,D1888,농수산식품
농수산식품,식품,HSK-MTI 연계표,1888,4,D1888,농수산식품
농수산식품,농수산식품,HSK-MTI 연계표,1889,4,D1889,농수산식품
농수산식품,농수산,HSK-MTI 연계표,1889,4,D1889,농수산식품
농수산식품,수산,HSK-MTI 연계표,1889,4,D1889,농수산식품
농수산식품,식품,HSK-MTI 연계표,1889,4,D1889,농수산식품
농수산식품,농수산식품,HSK-MTI 연계표,1890,4,D1890,농수산식품
농수산식품,농수산,HSK-MTI 연계표,1890,4,D1890,농수산식품
농수산식품,수산,HSK-MTI 연계표,1890,4,D1890,농수산식품
농수산식품,식품,HSK-MTI 연계표,1890,4,D1890,농수산식품
농수산식품,농수산식품,HSK-MTI 연계표,1891,4,D1891,농수산식품
농수산식품,농수산,HSK-MTI 연계표,1891,4,D1891,농수산식품
농수산식품,수산,HSK-MTI 연계표,1891,4,D1891,농수산식품
농수산식품,식품,HSK-MTI 연계표,1891,4,D1891,농수산식품
농수산식품,농수산식품,HSK-MTI 연계표,1892,4,D1892,농수산식품
농수산식품,농수산,HSK-MTI 연계표,1892,4,D1892,농수산식품
농수산식품,수산,HSK-MTI 연계표,1892,4,D1892,농수산식품
농수산식품,식품,HSK-MTI 연계표,1892,4,D1892,농수산식품
농수산식품,농수산식품,HSK-MTI 연계표,1893,4,D1893,농수산식품
농수산식품,농수산,HSK-MTI 연계표,1893,4,D1893,농수산식품
농수산식품,수산,HSK-MTI 연계표,1893,4,D1893,농수산식품
농수산식품,식품,HSK-MTI 연계표,1893,4,D1893,농수산식품
농수산식품,농수산식품,HSK-MTI 연계표,1894,4,D1894,농수산식품
농수산식품,농수산,HSK-MTI 연계표,1894,4,D1894,농수산식품
농수산식품,수산,HSK-MTI 연계표,1894,4,D1894,농수산식품
농수산식품,식품,HSK-MTI 연계표,1894,4,D1894,농수산식품
농수산식품,농수산식품,HSK-MTI 연계표,1895,4,D1895,농수산식품
농수산식품,농수산,HSK-MTI 연계표,1895,4,D1895,농수산식품
농수산식품,수산,HSK-MTI 연계표,1895,4,D1895,농수산식품
농수산식품,식품,HSK-MTI 연계표,1895,4,D1895,농수산식품
농수산식품,농수산식품,HSK-MTI 연계표,1896,4,D1896,농수산식품
농수산식품,농수산,HSK-MTI 연계표,1896,4,D1896,농수산식품
농수산식품,수산,HSK-MTI 연계표,1896,4,D1896,농수산식품
농수산식품,식품,HSK-MTI 연계표,1896,4,D1896,농수산식품
농수산식품,농수산식품,HSK-MTI 연계표,1897,4,D1897,농수산식품
농수산식품,농수산,HSK-MTI 연계표,1897,4,D1897,농수산식품
농수산식품,수산,HSK-MTI 연계표,1897,4,D1897,농수산식품
농수산식품,식품,HSK-MTI 연계표,1897,4,D1897,농수산식품
농수산식품,농수산식품,HSK-MTI 연계표,1898,4,D1898,농수산식품
농수산식품,농수산,HSK-MTI 연계표,1898,4,D1898,농수산식품
농수산식품,수산,HSK-MTI 연계표,1898,4,D1898,농수산식품
농수산식품,식품,HSK-MTI 연계표,1898,4,D1898,농수산식품
농수산식품,농수산식품,HSK-MTI 연계표,1899,4,D1899,농수산식품
농수산식품,농수산,HSK-MTI 연계표,1899,4,D1899,농수산식품
농수산식품,수산,HSK-MTI 연계표,1899,4,D1899,농수산식품
농수산식품,식품,HSK-MTI 연계표,1899,4,D1899,농수산식품
농수산식품,농수산식품,HSK-MTI 연계표,1900,4,D1900,농수산식품
농수산식품,농수산,HSK-MTI 연계표,1900,4,D1900,농수산식품
농수산식품,수산,HSK-MTI 연계표,1900,4,D1900,농수산식품
농수산식품,식품,HSK-MTI 연계표,1900,4,D1900,농수산식품
농수산식품,농수산식품,HSK-MTI 연계표,1901,4,D1901,농수산식품
농수산식품,농수산,HSK-MTI 연계표,1901,4,D1901,농수산식품
농수산식품,수산,HSK-MTI 연계표,1901,4,D1901,농수산식품
농수산식품,식품,HSK-MTI 연계표,1901,4,D1901,농수산식품
농수산식품,농수산식품,HSK-MTI 연계표,1902,4,D1902,농수산식품
농수산식품,농수산,HSK-MTI 연계표,1902,4,D1902,농수산식품
농수산식품,수산,HSK-MTI 연계표,1902,4,D1902,농수산식품
농수산식품,식품,HSK-MTI 연계표,1902,4,D1902,농수산식품
농수산식품,농수산식품,HSK-MTI 연계표,1903,4,D1903,농수산식품
농수산식품,농수산,HSK-MTI 연계표,1903,4,D1903,농수산식품
농수산식품,수산,HSK-MTI 연계표,1903,4,D1903,농수산식품
농수산식품,식품,HSK-MTI 연계표,1903,4,D1903,농수산식품
농수산식품,농수산식품,HSK-MTI 연계표,1906,4,D1906,농수산식품
농수산식품,농수산,HSK-MTI 연계표,1906,4,D1906,농수산식품
농수산식품,수산,HSK-MTI 연계표,1906,4,D1906,농수산식품
농수산식품,식품,HSK-MTI 연계표,1906,4,D1906,농수산식품
농수산식품,농수산식품,HSK-MTI 연계표,1907,4,D1907,농수산식품
농수산식품,농수산,HSK-MTI 연계표,1907,4,D1907,농수산식품
농수산식품,수산,HSK-MTI 연계표,1907,4,D1907,농수산식품
농수산식품,식품,HSK-MTI 연계표,1907,4,D1907,농수산식품
농수산식품,농수산식품,HSK-MTI 연계표,1908,4,D1908,농수산식품
농수산식품,농수산,HSK-MTI 연계표,1908,4,D1908,농수산식품
농수산식품,수산,HSK-MTI 연계표,1908,4,D1908,농수산식품
농수산식품,식품,HSK-MTI 연계표,1908,4,D1908,농수산식품
농수산식품,농수산식품,HSK-MTI 연계표,1909,4,D1909,농수산식품
농수산식품,농수산,HSK-MTI 연계표,1909,4,D1909,농수산식품
농수산식품,수산,HSK-MTI 연계표,1909,4,D1909,농수산식품
농수산식품,식품,HSK-MTI 연계표,1909,4,D1909,농수산식품
농수산식품,농수산식품,HSK-MTI 연계표,1910,4,D1910,농수산식품
농수산식품,농수산,HSK-MTI 연계표,1910,4,D1910,농수산식품
농수산식품,수산,HSK-MTI 연계표,1910,4,D1910,농수산식품
농수산식품,식품,HSK-MTI 연계표,1910,4,D1910,농수산식품
농수산식품,농수산식품,HSK-MTI 연계표,1912,4,D1912,농수산식품
농수산식품,농수산,HSK-MTI 연계표,1912,4,D1912,농수산식품
농수산식품,수산,HSK-MTI 연계표,1912,4,D1912,농수산식품
농수산식품,식품,HSK-MTI 연계표,1912,4,D1912,농수산식품
농수산식품,농수산식품,HSK-MTI 연계표,1913,4,D1913,농수산식품
농수산식품,농수산,HSK-MTI 연계표,1913,4,D1913,농수산식품
농수산식품,수산,HSK-MTI 연계표,1913,4,D1913,농수산식품
농수산식품,식품,HSK-MTI 연계표,1913,4,D1913,농수산식품
농수산식품,농수산식품,HSK-MTI 연계표,1914,4,D1914,농수산식품
농수산식품,농수산,HSK-MTI 연계표,1914,4,D1914,농수산식품
농수산식품,수산,HSK-MTI 연계표,1914,4,D1914,농수산식품
농수산식품,식품,HSK-MTI 연계표,1914,4,D1914,농수산식품
농수산식품,농수산식품,HSK-MTI 연계표,1915,4,D1915,농수산식품
농수산식품,농수산,HSK-MTI 연계표,1915,4,D1915,농수산식품
농수산식품,수산,HSK-MTI 연계표,1915,4,D1915,농수산식품
농수산식품,식품,HSK-MTI 연계표,1915,4,D1915,농수산식품
농수산식품,농수산식품,HSK-MTI 연계표,1916,4,D1916,농수산식품
농수산식품,농수산,HSK-MTI 연계표,1916,4,D1916,농수산식품
농수산식품,수산,HSK-MTI 연계표,1916,4,D1916,농수산식품
농수산식품,식품,HSK-MTI 연계표,1916,4,D1916,농수산식품
농수산식품,농수산식품,HSK-MTI 연계표,1917,4,D1917,농수산식품
농수산식품,농수산,HSK-MTI 연계표,1917,4,D1917,농수산식품
농수산식품,수산,HSK-MTI 연계표,1917,4,D1917,농수산식품
농수산식품,식품,HSK-MTI 연계표,1917,4,D1917,농수산식품
농수산식품,농수산식품,HSK-MTI 연계표,1918,4,D1918,농수산식품
농수산식품,농수산,HSK-MTI 연계표,1918,4,D1918,농수산식품
농수산식품,수산,HSK-MTI 연계표,1918,4,D1918,농수산식품
농수산식품,식품,HSK-MTI 연계표,1918,4,D1918,농수산식품
농수산식품,농수산식품,HSK-MTI 연계표,1919,4,D1919,농수산식품
농수산식품,농수산,HSK-MTI 연계표,1919,4,D1919,농수산식품
농수산식품,수산,HSK-MTI 연계표,1919,4,D1919,농수산식품
농수산식품,식품,HSK-MTI 연계표,1919,4,D1919,농수산식품
농수산식품,농수산식품,HSK-MTI 연계표,1920,4,D1920,농수산식품
농수산식품,농수산,HSK-MTI 연계표,1920,4,D1920,농수산식품
농수산식품,수산,HSK-MTI 연계표,1920,4,D1920,농수산식품
농수산식품,식품,HSK-MTI 연계표,1920,4,D1920,농수산식품
농수산식품,농수산식품,HSK-MTI 연계표,1921,4,D1921,농수산식품
농수산식품,농수산,HSK-MTI 연계표,1921,4,D1921,농수산식품
농수산식품,수산,HSK-MTI 연계표,1921,4,D1921,농수산식품
농수산식품,식품,HSK-MTI 연계표,1921,4,D1921,농수산식품
농수산식품,농수산식품,HSK-MTI 연계표,1922,4,D1922,농수산식품
농수산식품,농수산,HSK-MTI 연계표,1922,4,D1922,농수산식품
농수산식품,수산,HSK-MTI 연계표,1922,4,D1922,농수산식품
농수산식품,식품,HSK-MTI 연계표,1922,4,D1922,농수산식품
농수산식품,농수산식품,HSK-MTI 연계표,1923,4,D1923,농수산식품
농수산식품,농수산,HSK-MTI 연계표,1923,4,D1923,농수산식품
농수산식품,수산,HSK-MTI 연계표,1923,4,D1923,농수산식품
농수산식품,식품,HSK-MTI 연계표,1923,4,D1923,농수산식품
농수산식품,농수산식품,HSK-MTI 연계표,1924,4,D1924,농수산식품
농수산식품,농수산,HSK-MTI 연계표,1924,4,D1924,농수산식품
농수산식품,수산,HSK-MTI 연계표,1924,4,D1924,농수산식품
농수산식품,식품,HSK-MTI 연계표,1924,4,D1924,농수산식품
농수산식품,농수산식품,HSK-MTI 연계표,1925,4,D1925,농수산식품
농수산식품,농수산,HSK-MTI 연계표,1925,4,D1925,농수산식품
농수산식품,수산,HSK-MTI 연계표,1925,4,D1925,농수산식품
농수산식품,식품,HSK-MTI 연계표,1925,4,D1925,농수산식품
농수산식품,농수산식품,HSK-MTI 연계표,1926,4,D1926,농수산식품
농수산식품,농수산,HSK-MTI 연계표,1926,4,D1926,농수산식품
농수산식품,수산,HSK-MTI 연계표,1926,4,D1926,농수산식품
농수산식품,식품,HSK-MTI 연계표,1926,4,D1926,농수산식품
농수산식품,농수산식품,HSK-MTI 연계표,1927,4,D1927,농수산식품
농수산식품,농수산,HSK-MTI 연계표,1927,4,D1927,농수산식품
농수산식품,수산,HSK-MTI 연계표,1927,4,D1927,농수산식품
농수산식품,식품,HSK-MTI 연계표,1927,4,D1927,농수산식품
농수산식품,농수산식품,HSK-MTI 연계표,1928,4,D1928,농수산식품
농수산식품,농수산,HSK-MTI 연계표,1928,4,D1928,농수산식품
농수산식품,수산,HSK-MTI 연계표,1928,4,D1928,농수산식품
농수산식품,식품,HSK-MTI 연계표,1928,4,D1928,농수산식품
농수산식품,농수산식품,HSK-MTI 연계표,1929,4,D1929,농수산식품
농수산식품,농수산,HSK-MTI 연계표,1929,4,D1929,농수산식품
농수산식품,수산,HSK-MTI 연계표,1929,4,D1929,농수산식품
농수산식품,식품,HSK-MTI 연계표,1929,4,D1929,농수산식품
농수산식품,농수산식품,HSK-MTI 연계표,1930,4,D1930,농수산식품
농수산식품,농수산,HSK-MTI 연계표,1930,4,D1930,농수산식품
농수산식품,수산,HSK-MTI 연계표,1930,4,D1930,농수산식품
농수산식품,식품,HSK-MTI 연계표,1930,4,D1930,농수산식품
농수산식품,농수산식품,HSK-MTI 연계표,1931,4,D1931,농수산식품
농수산식품,농수산,HSK-MTI 연계표,1931,4,D1931,농수산식품
농수산식품,수산,HSK-MTI 연계표,1931,4,D1931,농수산식품
농수산식품,식품,HSK-MTI 연계표,1931,4,D1931,농수산식품
농수산식품,농수산식품,HSK-MTI 연계표,1932,4,D1932,농수산식품
농수산식품,농수산,HSK-MTI 연계표,1932,4,D1932,농수산식품
농수산식품,수산,HSK-MTI 연계표,1932,4,D1932,농수산식품
농수산식품,식품,HSK-MTI 연계표,1932,4,D1932,농수산식품
농수산식품,농수산식품,HSK-MTI 연계표,1933,4,D1933,농수산식품
농수산식품,농수산,HSK-MTI 연계표,1933,4,D1933,농수산식품
농수산식품,수산,HSK-MTI 연계표,1933,4,D1933,농수산식품
농수산식품,식품,HSK-MTI 연계표,1933,4,D1933,농수산식품
농수산식품,농수산식품,HSK-MTI 연계표,1934,4,D1934,농수산식품
농수산식품,농수산,HSK-MTI 연계표,1934,4,D1934,농수산식품
농수산식품,수산,HSK-MTI 연계표,1934,4,D1934,농수산식품
농수산식품,식품,HSK-MTI 연계표,1934,4,D1934,농수산식품
농수산식품,농수산식품,HSK-MTI 연계표,1935,4,D1935,농수산식품
농수산식품,농수산,HSK-MTI 연계표,1935,4,D1935,농수산식품
농수산식품,수산,HSK-MTI 연계표,1935,4,D1935,농수산식품
농수산식품,식품,HSK-MTI 연계표,1935,4,D1935,농수산식품
농수산식품,농수산식품,HSK-MTI 연계표,1936,4,D1936,농수산식품
농수산식품,농수산,HSK-MTI 연계표,1936,4,D1936,농수산식품
농수산식품,수산,HSK-MTI 연계표,1936,4,D1936,농수산식품
농수산식품,식품,HSK-MTI 연계표,1936,4,D1936,농수산식품
농수산식품,농수산식품,HSK-MTI 연계표,1937,4,D1937,농수산식품
농수산식품,농수산,HSK-MTI 연계표,1937,4,D1937,농수산식품
농수산식품,수산,HSK-MTI 연계표,1937,4,D1937,농수산식품
농수산식품,식품,HSK-MTI 연계표,1937,4,D1937,농수산식품
농수산식품,농수산식품,HSK-MTI 연계표,1938,4,D1938,농수산식품
농수산식품,농수산,HSK-MTI 연계표,1938,4,D1938,농수산식품
농수산식품,수산,HSK-MTI 연계표,1938,4,D1938,농수산식품
농수산식품,식품,HSK-MTI 연계표,1938,4,D1938,농수산식품
농수산식품,농수산식품,HSK-MTI 연계표,1939,4,D1939,농수산식품
농수산식품,농수산,HSK-MTI 연계표,1939,4,D1939,농수산식품
농수산식품,수산,HSK-MTI 연계표,1939,4,D1939,농수산식품
농수산식품,식품,HSK-MTI 연계표,1939,4,D1939,농수산식품
농수산식품,농수산식품,HSK-MTI 연계표,1940,4,D1940,농수산식품
농수산식품,농수산,HSK-MTI 연계표,1940,4,D1940,농수산식품
농수산식품,수산,HSK-MTI 연계표,1940,4,D1940,농수산식품
농수산식품,식품,HSK-MTI 연계표,1940,4,D1940,농수산식품
농수산식품,농수산식품,HSK-MTI 연계표,1941,4,D1941,농수산식품
농수산식품,농수산,HSK-MTI 연계표,1941,4,D1941,농수산식품
농수산식품,수산,HSK-MTI 연계표,1941,4,D1941,농수산식품
농수산식품,식품,HSK-MTI 연계표,1941,4,D1941,농수산식품
농수산식품,농수산식품,HSK-MTI 연계표,1942,4,D1942,농수산식품
농수산식품,농수산,HSK-MTI 연계표,1942,4,D1942,농수산식품
농수산식품,수산,HSK-MTI 연계표,1942,4,D1942,농수산식품
농수산식품,식품,HSK-MTI 연계표,1942,4,D1942,농수산식품
농수산식품,농수산식품,HSK-MTI 연계표,1943,4,D1943,농수산식품
농수산식품,농수산,HSK-MTI 연계표,1943,4,D1943,농수산식품
농수산식품,수산,HSK-MTI 연계표,1943,4,D1943,농수산식품
농수산식품,식품,HSK-MTI 연계표,1943,4,D1943,농수산식품
농수산식품,농수산식품,HSK-MTI 연계표,1944,4,D1944,농수산식품
농수산식품,농수산,HSK-MTI 연계표,1944,4,D1944,농수산식품
농수산식품,수산,HSK-MTI 연계표,1944,4,D1944,농수산식품
농수산식품,식품,HSK-MTI 연계표,1944,4,D1944,농수산식품
농수산식품,농수산식품,HSK-MTI 연계표,1945,4,D1945,농수산식품
농수산식품,농수산,HSK-MTI 연계표,1945,4,D1945,농수산식품
농수산식품,수산,HSK-MTI 연계표,1945,4,D1945,농수산식품
농수산식품,식품,HSK-MTI 연계표,1945,4,D1945,농수산식품
농수산식품,농수산식품,HSK-MTI 연계표,1946,4,D1946,농수산식품
농수산식품,농수산,HSK-MTI 연계표,1946,4,D1946,농수산식품
농수산식품,수산,HSK-MTI 연계표,1946,4,D1946,농수산식품
농수산식품,식품,HSK-MTI 연계표,1946,4,D1946,농수산식품
농수산식품,농수산식품,HSK-MTI 연계표,1947,4,D1947,농수산식품
농수산식품,농수산,HSK-MTI 연계표,1947,4,D1947,농수산식품
농수산식품,수산,HSK-MTI 연계표,1947,4,D1947,농수산식품
농수산식품,식품,HSK-MTI 연계표,1947,4,D1947,농수산식품
농수산식품,농수산식품,HSK-MTI 연계표,1948,4,D1948,농수산식품
농수산식품,농수산,HSK-MTI 연계표,1948,4,D1948,농수산식품
농수산식품,수산,HSK-MTI 연계표,1948,4,D1948,농수산식품
농수산식품,식품,HSK-MTI 연계표,1948,4,D1948,농수산식품
농수산식품,농수산식품,HSK-MTI 연계표,1949,4,D1949,농수산식품
농수산식품,농수산,HSK-MTI 연계표,1949,4,D1949,농수산식품
농수산식품,수산,HSK-MTI 연계표,1949,4,D1949,농수산식품
농수산식품,식품,HSK-MTI 연계표,1949,4,D1949,농수산식품
농수산식품,농수산식품,HSK-MTI 연계표,1950,4,D1950,농수산식품
농수산식품,농수산,HSK-MTI 연계표,1950,4,D1950,농수산식품
농수산식품,수산,HSK-MTI 연계표,1950,4,D1950,농수산식품
농수산식품,식품,HSK-MTI 연계표,1950,4,D1950,농수산식품
농수산식품,농수산식품,HSK-MTI 연계표,1951,4,D1951,농수산식품
농수산식품,농수산,HSK-MTI 연계표,1951,4,D1951,농수산식품
농수산식품,수산,HSK-MTI 연계표,1951,4,D1951,농수산식품
농수산식품,식품,HSK-MTI 연계표,1951,4,D1951,농수산식품
농수산식품,농수산식품,HSK-MTI 연계표,1952,4,D1952,농수산식품
농수산식품,농수산,HSK-MTI 연계표,1952,4,D1952,농수산식품
농수산식품,수산,HSK-MTI 연계표,1952,4,D1952,농수산식품
농수산식품,식품,HSK-MTI 연계표,1952,4,D1952,농수산식품
농수산식품,농수산식품,HSK-MTI 연계표,1953,4,D1953,농수산식품
농수산식품,농수산,HSK-MTI 연계표,1953,4,D1953,농수산식품
농수산식품,수산,HSK-MTI 연계표,1953,4,D1953,농수산식품
농수산식품,식품,HSK-MTI 연계표,1953,4,D1953,농수산식품
농수산식품,농수산식품,HSK-MTI 연계표,1954,4,D1954,농수산식품
농수산식품,농수산,HSK-MTI 연계표,1954,4,D1954,농수산식품
농수산식품,수산,HSK-MTI 연계표,1954,4,D1954,농수산식품
농수산식품,식품,HSK-MTI 연계표,1954,4,D1954,농수산식품
농수산식품,농수산식품,HSK-MTI 연계표,1955,4,D1955,농수산식품
농수산식품,농수산,HSK-MTI 연계표,1955,4,D1955,농수산식품
농수산식품,수산,HSK-MTI 연계표,1955,4,D1955,농수산식품
농수산식품,식품,HSK-MTI 연계표,1955,4,D1955,농수산식품
농수산식품,농수산식품,HSK-MTI 연계표,1956,4,D1956,농수산식품
농수산식품,농수산,HSK-MTI 연계표,1956,4,D1956,농수산식품
농수산식품,수산,HSK-MTI 연계표,1956,4,D1956,농수산식품
농수산식품,식품,HSK-MTI 연계표,1956,4,D1956,농수산식품
농수산식품,농수산식품,HSK-MTI 연계표,1957,4,D1957,농수산식품
농수산식품,농수산,HSK-MTI 연계표,1957,4,D1957,농수산식품
농수산식품,수산,HSK-MTI 연계표,1957,4,D1957,농수산식품
농수산식품,식품,HSK-MTI 연계표,1957,4,D1957,농수산식품
농수산식품,농수산식품,HSK-MTI 연계표,1958,4,D1958,농수산식품
농수산식품,농수산,HSK-MTI 연계표,1958,4,D1958,농수산식품
농수산식품,수산,HSK-MTI 연계표,1958,4,D1958,농수산식품
농수산식품,식품,HSK-MTI 연계표,1958,4,D1958,농수산식품
농수산식품,농수산식품,HSK-MTI 연계표,1959,4,D1959,농수산식품
농수산식품,농수산,HSK-MTI 연계표,1959,4,D1959,농수산식품
농수산식품,수산,HSK-MTI 연계표,1959,4,D1959,농수산식품
농수산식품,식품,HSK-MTI 연계표,1959,4,D1959,농수산식품
농수산식품,농수산식품,HSK-MTI 연계표,1960,4,D1960,농수산식품
농수산식품,농수산,HSK-MTI 연계표,1960,4,D1960,농수산식품
농수산식품,수산,HSK-MTI 연계표,1960,4,D1960,농수산식품
농수산식품,식품,HSK-MTI 연계표,1960,4,D1960,농수산식품
농수산식품,농수산식품,HSK-MTI 연계표,1961,4,D1961,농수산식품
농수산식품,농수산,HSK-MTI 연계표,1961,4,D1961,농수산식품
농수산식품,수산,HSK-MTI 연계표,1961,4,D1961,농수산식품
농수산식품,식품,HSK-MTI 연계표,1961,4,D1961,농수산식품
농수산식품,농수산식품,HSK-MTI 연계표,1962,4,D1962,농수산식품
농수산식품,농수산,HSK-MTI 연계표,1962,4,D1962,농수산식품
농수산식품,수산,HSK-MTI 연계표,1962,4,D1962,농수산식품
농수산식품,식품,HSK-MTI 연계표,1962,4,D1962,농수산식품
농수산식품,농수산식품,HSK-MTI 연계표,1963,4,D1963,농수산식품
농수산식품,농수산,HSK-MTI 연계표,1963,4,D1963,농수산식품
농수산식품,수산,HSK-MTI 연계표,1963,4,D1963,농수산식품
농수산식품,식품,HSK-MTI 연계표,1963,4,D1963,농수산식품
농수산식품,농수산식품,HSK-MTI 연계표,1964,4,D1964,농수산식품
농수산식품,농수산,HSK-MTI 연계표,1964,4,D1964,농수산식품
농수산식품,수산,HSK-MTI 연계표,1964,4,D1964,농수산식품
농수산식품,식품,HSK-MTI 연계표,1964,4,D1964,농수산식품
농수산식품,농수산식품,HSK-MTI 연계표,1965,4,D1965,농수산식품
농수산식품,농수산,HSK-MTI 연계표,1965,4,D1965,농수산식품
농수산식품,수산,HSK-MTI 연계표,1965,4,D1965,농수산식품
농수산식품,식품,HSK-MTI 연계표,1965,4,D1965,농수산식품
농수산식품,농수산식품,HSK-MTI 연계표,1966,4,D1966,농수산식품
농수산식품,농수산,HSK-MTI 연계표,1966,4,D1966,농수산식품
농수산식품,수산,HSK-MTI 연계표,1966,4,D1966,농수산식품
농수산식품,식품,HSK-MTI 연계표,1966,4,D1966,농수산식품
농수산식품,농수산식품,HSK-MTI 연계표,1967,4,D1967,농수산식품
농수산식품,농수산,HSK-MTI 연계표,1967,4,D1967,농수산식품
농수산식품,수산,HSK-MTI 연계표,1967,4,D1967,농수산식품
농수산식품,식품,HSK-MTI 연계표,1967,4,D1967,농수산식품
농수산식품,농수산식품,HSK-MTI 연계표,1968,4,D1968,농수산식품
농수산식품,농수산,HSK-MTI 연계표,1968,4,D1968,농수산식품
농수산식품,수산,HSK-MTI 연계표,1968,4,D1968,농수산식품
농수산식품,식품,HSK-MTI 연계표,1968,4,D1968,농수산식품
농수산식품,농수산식품,HSK-MTI 연계표,1969,4,D1969,농수산식품
농수산식품,농수산,HSK-MTI 연계표,1969,4,D1969,농수산식품
농수산식품,수산,HSK-MTI 연계표,1969,4,D1969,농수산식품
농수산식품,식품,HSK-MTI 연계표,1969,4,D1969,농수산식품
농수산식품,농수산식품,HSK-MTI 연계표,1970,4,D1970,농수산식품
농수산식품,농수산,HSK-MTI 연계표,1970,4,D1970,농수산식품
농수산식품,수산,HSK-MTI 연계표,1970,4,D1970,농수산식품
농수산식품,식품,HSK-MTI 연계표,1970,4,D1970,농수산식품
농수산식품,농수산식품,HSK-MTI 연계표,1971,4,D1971,농수산식품
농수산식품,농수산,HSK-MTI 연계표,1971,4,D1971,농수산식품
농수산식품,수산,HSK-MTI 연계표,1971,4,D1971,농수산식품
농수산식품,식품,HSK-MTI 연계표,1971,4,D1971,농수산식품
농수산식품,농수산식품,HSK-MTI 연계표,1972,4,D1972,농수산식품
농수산식품,농수산,HSK-MTI 연계표,1972,4,D1972,농수산식품
농수산식품,수산,HSK-MTI 연계표,1972,4,D1972,농수산식품
농수산식품,식품,HSK-MTI 연계표,1972,4,D1972,농수산식품
농수산식품,농수산식품,HSK-MTI 연계표,1973,4,D1973,농수산식품
농수산식품,농수산,HSK-MTI 연계표,1973,4,D1973,농수산식품
농수산식품,수산,HSK-MTI 연계표,1973,4,D1973,농수산식품
농수산식품,식품,HSK-MTI 연계표,1973,4,D1973,농수산식품
농수산식품,농수산식품,HSK-MTI 연계표,1974,4,D1974,농수산식품
농수산식품,농수산,HSK-MTI 연계표,1974,4,D1974,농수산식품
농수산식품,수산,HSK-MTI 연계표,1974,4,D1974,농수산식품
농수산식품,식품,HSK-MTI 연계표,1974,4,D1974,농수산식품
농수산식품,농수산식품,HSK-MTI 연계표,1975,4,D1975,농수산식품
농수산식품,농수산,HSK-MTI 연계표,1975,4,D1975,농수산식품
농수산식품,수산,HSK-MTI 연계표,1975,4,D1975,농수산식품
농수산식품,식품,HSK-MTI 연계표,1975,4,D1975,농수산식품
농수산식품,농수산식품,HSK-MTI 연계표,1976,4,D1976,농수산식품
농수산식품,농수산,HSK-MTI 연계표,1976,4,D1976,농수산식품
농수산식품,수산,HSK-MTI 연계표,1976,4,D1976,농수산식품
농수산식품,식품,HSK-MTI 연계표,1976,4,D1976,농수산식품
농수산식품,농수산식품,HSK-MTI 연계표,1977,4,D1977,농수산식품
농수산식품,농수산,HSK-MTI 연계표,1977,4,D1977,농수산식품
농수산식품,수산,HSK-MTI 연계표,1977,4,D1977,농수산식품
농수산식품,식품,HSK-MTI 연계표,1977,4,D1977,농수산식품
농수산식품,농수산식품,HSK-MTI 연계표,1978,4,D1978,농수산식품
농수산식품,농수산,HSK-MTI 연계표,1978,4,D1978,농수산식품
농수산식품,수산,HSK-MTI 연계표,1978,4,D1978,농수산식품
농수산식품,식품,HSK-MTI 연계표,1978,4,D1978,농수산식품
농수산식품,농수산식품,HSK-MTI 연계표,1979,4,D1979,농수산식품
농수산식품,농수산,HSK-MTI 연계표,1979,4,D1979,농수산식품
농수산식품,수산,HSK-MTI 연계표,1979,4,D1979,농수산식품
농수산식품,식품,HSK-MTI 연계표,1979,4,D1979,농수산식품
농수산식품,농수산식품,HSK-MTI 연계표,1980,4,D1980,농수산식품
농수산식품,농수산,HSK-MTI 연계표,1980,4,D1980,농수산식품
농수산식품,수산,HSK-MTI 연계표,1980,4,D1980,농수산식품
농수산식품,식품,HSK-MTI 연계표,1980,4,D1980,농수산식품
농수산식품,농수산식품,HSK-MTI 연계표,1981,4,D1981,농수산식품
농수산식품,농수산,HSK-MTI 연계표,1981,4,D1981,농수산식품
농수산식품,수산,HSK-MTI 연계표,1981,4,D1981,농수산식품
농수산식품,식품,HSK-MTI 연계표,1981,4,D1981,농수산식품
농수산식품,농수산식품,HSK-MTI 연계표,1982,4,D1982,농수산식품
농수산식품,농수산,HSK-MTI 연계표,1982,4,D1982,농수산식품
농수산식품,수산,HSK-MTI 연계표,1982,4,D1982,농수산식품
농수산식품,식품,HSK-MTI 연계표,1982,4,D1982,농수산식품
농수산식품,농수산식품,HSK-MTI 연계표,1983,4,D1983,농수산식품
농수산식품,농수산,HSK-MTI 연계표,1983,4,D1983,농수산식품
농수산식품,수산,HSK-MTI 연계표,1983,4,D1983,농수산식품
농수산식품,식품,HSK-MTI 연계표,1983,4,D1983,농수산식품
농수산식품,농수산식품,HSK-MTI 연계표,1984,4,D1984,농수산식품
농수산식품,농수산,HSK-MTI 연계표,1984,4,D1984,농수산식품
농수산식품,수산,HSK-MTI 연계표,1984,4,D1984,농수산식품
농수산식품,식품,HSK-MTI 연계표,1984,4,D1984,농수산식품
농수산식품,농수산식품,HSK-MTI 연계표,1985,4,D1985,농수산식품
농수산식품,농수산,HSK-MTI 연계표,1985,4,D1985,농수산식품
농수산식품,수산,HSK-MTI 연계표,1985,4,D1985,농수산식품
농수산식품,식품,HSK-MTI 연계표,1985,4,D1985,농수산식품
농수산식품,농수산식품,HSK-MTI 연계표,1986,4,D1986,농수산식품
농수산식품,농수산,HSK-MTI 연계표,1986,4,D1986,농수산식품
농수산식품,수산,HSK-MTI 연계표,1986,4,D1986,농수산식품
농수산식품,식품,HSK-MTI 연계표,1986,4,D1986,농수산식품
농수산식품,농수산식품,HSK-MTI 연계표,1987,4,D1987,농수산식품
농수산식품,농수산,HSK-MTI 연계표,1987,4,D1987,농수산식품
농수산식품,수산,HSK-MTI 연계표,1987,4,D1987,농수산식품
농수산식품,식품,HSK-MTI 연계표,1987,4,D1987,농수산식품
농수산식품,농수산식품,HSK-MTI 연계표,1988,4,D1988,농수산식품
농수산식품,농수산,HSK-MTI 연계표,1988,4,D1988,농수산식품
농수산식품,수산,HSK-MTI 연계표,1988,4,D1988,농수산식품
농수산식품,식품,HSK-MTI 연계표,1988,4,D1988,농수산식품
농수산식품,농수산식품,HSK-MTI 연계표,1989,4,D1989,농수산식품
농수산식품,농수산,HSK-MTI 연계표,1989,4,D1989,농수산식품
농수산식품,수산,HSK-MTI 연계표,1989,4,D1989,농수산식품
농수산식품,식품,HSK-MTI 연계표,1989,4,D1989,농수산식품
농수산식품,농수산식품,HSK-MTI 연계표,1990,4,D1990,농수산식품
농수산식품,농수산,HSK-MTI 연계표,1990,4,D1990,농수산식품
농수산식품,수산,HSK-MTI 연계표,1990,4,D1990,농수산식품
농수산식품,식품,HSK-MTI 연계표,1990,4,D1990,농수산식품
농수산식품,농수산식품,HSK-MTI 연계표,1991,4,D1991,농수산식품
농수산식품,농수산,HSK-MTI 연계표,1991,4,D1991,농수산식품
농수산식품,수산,HSK-MTI 연계표,1991,4,D1991,농수산식품
농수산식품,식품,HSK-MTI 연계표,1991,4,D1991,농수산식품
농수산식품,농수산식품,HSK-MTI 연계표,1992,4,D1992,농수산식품
농수산식품,농수산,HSK-MTI 연계표,1992,4,D1992,농수산식품
농수산식품,수산,HSK-MTI 연계표,1992,4,D1992,농수산식품
농수산식품,식품,HSK-MTI 연계표,1992,4,D1992,농수산식품
농수산식품,농수산식품,HSK-MTI 연계표,1993,4,D1993,농수산식품
농수산식품,농수산,HSK-MTI 연계표,1993,4,D1993,농수산식품
농수산식품,수산,HSK-MTI 연계표,1993,4,D1993,농수산식품
농수산식품,식품,HSK-MTI 연계표,1993,4,D1993,농수산식품
농수산식품,농수산식품,HSK-MTI 연계표,1994,4,D1994,농수산식품
농수산식품,농수산,HSK-MTI 연계표,1994,4,D1994,농수산식품
농수산식품,수산,HSK-MTI 연계표,1994,4,D1994,농수산식품
농수산식품,식품,HSK-MTI 연계표,1994,4,D1994,농수산식품
농수산식품,농수산식품,HSK-MTI 연계표,1995,4,D1995,농수산식품
농수산식품,농수산,HSK-MTI 연계표,1995,4,D1995,농수산식품
농수산식품,수산,HSK-MTI 연계표,1995,4,D1995,농수산식품
농수산식품,식품,HSK-MTI 연계표,1995,4,D1995,농수산식품
농수산식품,농수산식품,HSK-MTI 연계표,1996,4,D1996,농수산식품
농수산식품,농수산,HSK-MTI 연계표,1996,4,D1996,농수산식품
농수산식품,수산,HSK-MTI 연계표,1996,4,D1996,농수산식품
농수산식품,식품,HSK-MTI 연계표,1996,4,D1996,농수산식품
농수산식품,농수산식품,HSK-MTI 연계표,1997,4,D1997,농수산식품
농수산식품,농수산,HSK-MTI 연계표,1997,4,D1997,농수산식품
농수산식품,수산,HSK-MTI 연계표,1997,4,D1997,농수산식품
농수산식품,식품,HSK-MTI 연계표,1997,4,D1997,농수산식품
농수산식품,농수산식품,HSK-MTI 연계표,1998,4,D1998,농수산식품
농수산식품,농수산,HSK-MTI 연계표,1998,4,D1998,농수산식품
농수산식품,수산,HSK-MTI 연계표,1998,4,D1998,농수산식품
농수산식품,식품,HSK-MTI 연계표,1998,4,D1998,농수산식품
농수산식품,농수산식품,HSK-MTI 연계표,1999,4,D1999,농수산식품
농수산식품,농수산,HSK-MTI 연계표,1999,4,D1999,농수산식품
농수산식품,수산,HSK-MTI 연계표,1999,4,D1999,농수산식품
농수산식품,식품,HSK-MTI 연계표,1999,4,D1999,농수산식품
농수산식품,농수산식품,HSK-MTI 연계표,2000,4,D2000,농수산식품
농수산식품,농수산,HSK-MTI 연계표,2000,4,D2000,농수산식품
농수산식품,수산,HSK-MTI 연계표,2000,4,D2000,농수산식품
농수산식품,식품,HSK-MTI 연계표,2000,4,D2000,농수산식품
농수산식품,농수산식품,HSK-MTI 연계표,2001,4,D2001,농수산식품
농수산식품,농수산,HSK-MTI 연계표,2001,4,D2001,농수산식품
농수산식품,수산,HSK-MTI 연계표,2001,4,D2001,농수산식품
농수산식품,식품,HSK-MTI 연계표,2001,4,D2001,농수산식품
농수산식품,농수산식품,HSK-MTI 연계표,2002,4,D2002,농수산식품
농수산식품,농수산,HSK-MTI 연계표,2002,4,D2002,농수산식품
농수산식품,수산,HSK-MTI 연계표,2002,4,D2002,농수산식품
농수산식품,식품,HSK-MTI 연계표,2002,4,D2002,농수산식품
농수산식품,농수산식품,HSK-MTI 연계표,2003,4,D2003,농수산식품
농수산식품,농수산,HSK-MTI 연계표,2003,4,D2003,농수산식품
농수산식품,수산,HSK-MTI 연계표,2003,4,D2003,농수산식품
농수산식품,식품,HSK-MTI 연계표,2003,4,D2003,농수산식품
농수산식품,농수산식품,HSK-MTI 연계표,2004,4,D2004,농수산식품
농수산식품,농수산,HSK-MTI 연계표,2004,4,D2004,농수산식품
농수산식품,수산,HSK-MTI 연계표,2004,4,D2004,농수산식품
농수산식품,식품,HSK-MTI 연계표,2004,4,D2004,농수산식품
농수산식품,농수산식품,HSK-MTI 연계표,2005,4,D2005,농수산식품
농수산식품,농수산,HSK-MTI 연계표,2005,4,D2005,농수산식품
농수산식품,수산,HSK-MTI 연계표,2005,4,D2005,농수산식품
농수산식품,식품,HSK-MTI 연계표,2005,4,D2005,농수산식품
농수산식품,농수산식품,HSK-MTI 연계표,2006,4,D2006,농수산식품
농수산식품,농수산,HSK-MTI 연계표,2006,4,D2006,농수산식품
농수산식품,수산,HSK-MTI 연계표,2006,4,D2006,농수산식품
농수산식품,식품,HSK-MTI 연계표,2006,4,D2006,농수산식품
농수산식품,농수산식품,HSK-MTI 연계표,2007,4,D2007,농수산식품
농수산식품,농수산,HSK-MTI 연계표,2007,4,D2007,농수산식품
농수산식품,수산,HSK-MTI 연계표,2007,4,D2007,농수산식품
농수산식품,식품,HSK-MTI 연계표,2007,4,D2007,농수산식품
농수산식품,농수산식품,HSK-MTI 연계표,2008,4,D2008,농수산식품
농수산식품,농수산,HSK-MTI 연계표,2008,4,D2008,농수산식품
농수산식품,수산,HSK-MTI 연계표,2008,4,D2008,농수산식품
농수산식품,식품,HSK-MTI 연계표,2008,4,D2008,농수산식품
농수산식품,농수산식품,HSK-MTI 연계표,2009,4,D2009,농수산식품
농수산식품,농수산,HSK-MTI 연계표,2009,4,D2009,농수산식품
농수산식품,수산,HSK-MTI 연계표,2009,4,D2009,농수산식품
농수산식품,식품,HSK-MTI 연계표,2009,4,D2009,농수산식품
농수산식품,농수산식품,HSK-MTI 연계표,2010,4,D2010,농수산식품
농수산식품,농수산,HSK-MTI 연계표,2010,4,D2010,농수산식품
농수산식품,수산,HSK-MTI 연계표,2010,4,D2010,농수산식품
농수산식품,식품,HSK-MTI 연계표,2010,4,D2010,농수산식품
농수산식품,농수산식품,HSK-MTI 연계표,2011,4,D2011,농수산식품
농수산식품,농수산,HSK-MTI 연계표,2011,4,D2011,농수산식품
농수산식품,수산,HSK-MTI 연계표,2011,4,D2011,농수산식품
농수산식품,식품,HSK-MTI 연계표,2011,4,D2011,농수산식품
농수산식품,농수산식품,HSK-MTI 연계표,2012,4,D2012,농수산식품
농수산식품,농수산,HSK-MTI 연계표,2012,4,D2012,농수산식품
농수산식품,수산,HSK-MTI 연계표,2012,4,D2012,농수산식품
농수산식품,식품,HSK-MTI 연계표,2012,4,D2012,농수산식품
농수산식품,농수산식품,HSK-MTI 연계표,2013,4,D2013,농수산식품
농수산식품,농수산,HSK-MTI 연계표,2013,4,D2013,농수산식품
농수산식품,수산,HSK-MTI 연계표,2013,4,D2013,농수산식품
농수산식품,식품,HSK-MTI 연계표,2013,4,D2013,농수산식품
농수산식품,농수산식품,HSK-MTI 연계표,2014,4,D2014,농수산식품
농수산식품,농수산,HSK-MTI 연계표,2014,4,D2014,농수산식품
농수산식품,수산,HSK-MTI 연계표,2014,4,D2014,농수산식품
농수산식품,식품,HSK-MTI 연계표,2014,4,D2014,농수산식품
농수산식품,농수산식품,HSK-MTI 연계표,2015,4,D2015,농수산식품
농수산식품,농수산,HSK-MTI 연계표,2015,4,D2015,농수산식품
농수산식품,수산,HSK-MTI 연계표,2015,4,D2015,농수산식품
농수산식품,식품,HSK-MTI 연계표,2015,4,D2015,농수산식품
농수산식품,농수산식품,HSK-MTI 연계표,2016,4,D2016,농수산식품
농수산식품,농수산,HSK-MTI 연계표,2016,4,D2016,농수산식품
농수산식품,수산,HSK-MTI 연계표,2016,4,D2016,농수산식품
농수산식품,식품,HSK-MTI 연계표,2016,4,D2016,농수산식품
농수산식품,농수산식품,HSK-MTI 연계표,2017,4,D2017,농수산식품
농수산식품,농수산,HSK-MTI 연계표,2017,4,D2017,농수산식품
농수산식품,수산,HSK-MTI 연계표,2017,4,D2017,농수산식품
농수산식품,식품,HSK-MTI 연계표,2017,4,D2017,농수산식품
농수산식품,농수산식품,HSK-MTI 연계표,2018,4,D2018,농수산식품
농수산식품,농수산,HSK-MTI 연계표,2018,4,D2018,농수산식품
농수산식품,수산,HSK-MTI 연계표,2018,4,D2018,농수산식품
농수산식품,식품,HSK-MTI 연계표,2018,4,D2018,농수산식품
농수산식품,농수산식품,HSK-MTI 연계표,2019,4,D2019,농수산식품
농수산식품,농수산,HSK-MTI 연계표,2019,4,D2019,농수산식품
농수산식품,수산,HSK-MTI 연계표,2019,4,D2019,농수산식품
농수산식품,식품,HSK-MTI 연계표,2019,4,D2019,농수산식품
농수산식품,농수산식품,HSK-MTI 연계표,2020,4,D2020,농수산식품
농수산식품,농수산,HSK-MTI 연계표,2020,4,D2020,농수산식품
농수산식품,수산,HSK-MTI 연계표,2020,4,D2020,농수산식품
농수산식품,식품,HSK-MTI 연계표,2020,4,D2020,농수산식품
농수산식품,농수산식품,HSK-MTI 연계표,2021,4,D2021,농수산식품
농수산식품,농수산,HSK-MTI 연계표,2021,4,D2021,농수산식품
농수산식품,수산,HSK-MTI 연계표,2021,4,D2021,농수산식품
농수산식품,식품,HSK-MTI 연계표,2021,4,D2021,농수산식품
농수산식품,농수산식품,HSK-MTI 연계표,2022,4,D2022,농수산식품
농수산식품,농수산,HSK-MTI 연계표,2022,4,D2022,농수산식품
농수산식품,수산,HSK-MTI 연계표,2022,4,D2022,농수산식품
농수산식품,식품,HSK-MTI 연계표,2022,4,D2022,농수산식품
농수산식품,농수산식품,HSK-MTI 연계표,2023,4,D2023,농수산식품
농수산식품,농수산,HSK-MTI 연계표,2023,4,D2023,농수산식품
농수산식품,수산,HSK-MTI 연계표,2023,4,D2023,농수산식품
농수산식품,식품,HSK-MTI 연계표,2023,4,D2023,농수산식품
농수산식품,농수산식품,HSK-MTI 연계표,2024,4,D2024,농수산식품
농수산식품,농수산,HSK-MTI 연계표,2024,4,D2024,농수산식품
농수산식품,수산,HSK-MTI 연계표,2024,4,D2024,농수산식품
농수산식품,식품,HSK-MTI 연계표,2024,4,D2024,농수산식품
농수산식품,농수산식품,HSK-MTI 연계표,2025,4,D2025,농수산식품
농수산식품,농수산,HSK-MTI 연계표,2025,4,D2025,농수산식품
농수산식품,수산,HSK-MTI 연계표,2025,4,D2025,농수산식품
농수산식품,식품,HSK-MTI 연계표,2025,4,D2025,농수산식품
농수산식품,농수산식품,HSK-MTI 연계표,2026,4,D2026,농수산식품
농수산식품,농수산,HSK-MTI 연계표,2026,4,D2026,농수산식품
농수산식품,수산,HSK-MTI 연계표,2026,4,D2026,농수산식품
농수산식품,식품,HSK-MTI 연계표,2026,4,D2026,농수산식품
농수산식품,농수산식품,HSK-MTI 연계표,2027,4,D2027,농수산식품
농수산식품,농수산,HSK-MTI 연계표,2027,4,D2027,농수산식품
농수산식품,수산,HSK-MTI 연계표,2027,4,D2027,농수산식품
농수산식품,식품,HSK-MTI 연계표,2027,4,D2027,농수산식품
농수산식품,농수산식품,HSK-MTI 연계표,2028,4,D2028,농수산식품
농수산식품,농수산,HSK-MTI 연계표,2028,4,D2028,농수산식품
농수산식품,수산,HSK-MTI 연계표,2028,4,D2028,농수산식품
농수산식품,식품,HSK-MTI 연계표,2028,4,D2028,농수산식품
농수산식품,농수산식품,HSK-MTI 연계표,2029,4,D2029,농수산식품
농수산식품,농수산,HSK-MTI 연계표,2029,4,D2029,농수산식품
농수산식품,수산,HSK-MTI 연계표,2029,4,D2029,농수산식품
농수산식품,식품,HSK-MTI 연계표,2029,4,D2029,농수산식품
농수산식품,농수산식품,HSK-MTI 연계표,2030,4,D2030,농수산식품
농수산식품,농수산,HSK-MTI 연계표,2030,4,D2030,농수산식품
농수산식품,수산,HSK-MTI 연계표,2030,4,D2030,농수산식품
농수산식품,식품,HSK-MTI 연계표,2030,4,D2030,농수산식품
농수산식품,농수산식품,HSK-MTI 연계표,2031,4,D2031,농수산식품
농수산식품,농수산,HSK-MTI 연계표,2031,4,D2031,농수산식품
농수산식품,수산,HSK-MTI 연계표,2031,4,D2031,농수산식품
농수산식품,식품,HSK-MTI 연계표,2031,4,D2031,농수산식품
농수산식품,농수산식품,HSK-MTI 연계표,2032,4,D2032,농수산식품
농수산식품,농수산,HSK-MTI 연계표,2032,4,D2032,농수산식품
농수산식품,수산,HSK-MTI 연계표,2032,4,D2032,농수산식품
농수산식품,식품,HSK-MTI 연계표,2032,4,D2032,농수산식품
농수산식품,농수산식품,HSK-MTI 연계표,2033,4,D2033,농수산식품
농수산식품,농수산,HSK-MTI 연계표,2033,4,D2033,농수산식품
농수산식품,수산,HSK-MTI 연계표,2033,4,D2033,농수산식품
농수산식품,식품,HSK-MTI 연계표,2033,4,D2033,농수산식품
농수산식품,농수산식품,HSK-MTI 연계표,2034,4,D2034,농수산식품
농수산식품,농수산,HSK-MTI 연계표,2034,4,D2034,농수산식품
농수산식품,수산,HSK-MTI 연계표,2034,4,D2034,농수산식품
농수산식품,식품,HSK-MTI 연계표,2034,4,D2034,농수산식품
농수산식품,농수산식품,HSK-MTI 연계표,2035,4,D2035,농수산식품
농수산식품,농수산,HSK-MTI 연계표,2035,4,D2035,농수산식품
농수산식품,수산,HSK-MTI 연계표,2035,4,D2035,농수산식품
농수산식품,식품,HSK-MTI 연계표,2035,4,D2035,농수산식품
농수산식품,농수산식품,HSK-MTI 연계표,2036,4,D2036,농수산식품
농수산식품,농수산,HSK-MTI 연계표,2036,4,D2036,농수산식품
농수산식품,수산,HSK-MTI 연계표,2036,4,D2036,농수산식품
농수산식품,식품,HSK-MTI 연계표,2036,4,D2036,농수산식품
농수산식품,농수산식품,HSK-MTI 연계표,2037,4,D2037,농수산식품
농수산식품,농수산,HSK-MTI 연계표,2037,4,D2037,농수산식품
농수산식품,수산,HSK-MTI 연계표,2037,4,D2037,농수산식품
농수산식품,식품,HSK-MTI 연계표,2037,4,D2037,농수산식품
농수산식품,농수산식품,HSK-MTI 연계표,2038,4,D2038,농수산식품
농수산식품,농수산,HSK-MTI 연계표,2038,4,D2038,농수산식품
농수산식품,수산,HSK-MTI 연계표,2038,4,D2038,농수산식품
농수산식품,식품,HSK-MTI 연계표,2038,4,D2038,농수산식품
농수산식품,농수산식품,HSK-MTI 연계표,2039,4,D2039,농수산식품
농수산식품,농수산,HSK-MTI 연계표,2039,4,D2039,농수산식품
농수산식품,수산,HSK-MTI 연계표,2039,4,D2039,농수산식품
농수산식품,식품,HSK-MTI 연계표,2039,4,D2039,농수산식품
농수산식품,농수산식품,HSK-MTI 연계표,2040,4,D2040,농수산식품
농수산식품,농수산,HSK-MTI 연계표,2040,4,D2040,농수산식품
농수산식품,수산,HSK-MTI 연계표,2040,4,D2040,농수산식품
농수산식품,식품,HSK-MTI 연계표,2040,4,D2040,농수산식품
농수산식품,농수산식품,HSK-MTI 연계표,2041,4,D2041,농수산식품
농수산식품,농수산,HSK-MTI 연계표,2041,4,D2041,농수산식품
농수산식품,수산,HSK-MTI 연계표,2041,4,D2041,농수산식품
농수산식품,식품,HSK-MTI 연계표,2041,4,D2041,농수산식품
농수산식품,농수산식품,HSK-MTI 연계표,2042,4,D2042,농수산식품
농수산식품,농수산,HSK-MTI 연계표,2042,4,D2042,농수산식품
농수산식품,수산,HSK-MTI 연계표,2042,4,D2042,농수산식품
농수산식품,식품,HSK-MTI 연계표,2042,4,D2042,농수산식품
농수산식품,농수산식품,HSK-MTI 연계표,2043,4,D2043,농수산식품
농수산식품,농수산,HSK-MTI 연계표,2043,4,D2043,농수산식품
농수산식품,수산,HSK-MTI 연계표,2043,4,D2043,농수산식품
농수산식품,식품,HSK-MTI 연계표,2043,4,D2043,농수산식품
농수산식품,농수산식품,HSK-MTI 연계표,2044,4,D2044,농수산식품
농수산식품,농수산,HSK-MTI 연계표,2044,4,D2044,농수산식품
농수산식품,수산,HSK-MTI 연계표,2044,4,D2044,농수산식품
농수산식품,식품,HSK-MTI 연계표,2044,4,D2044,농수산식품
농수산식품,농수산식품,HSK-MTI 연계표,2045,4,D2045,농수산식품
농수산식품,농수산,HSK-MTI 연계표,2045,4,D2045,농수산식품
농수산식품,수산,HSK-MTI 연계표,2045,4,D2045,농수산식품
농수산식품,식품,HSK-MTI 연계표,2045,4,D2045,농수산식품
농수산식품,농수산식품,HSK-MTI 연계표,2046,4,D2046,농수산식품
농수산식품,농수산,HSK-MTI 연계표,2046,4,D2046,농수산식품
농수산식품,수산,HSK-MTI 연계표,2046,4,D2046,농수산식품
농수산식품,식품,HSK-MTI 연계표,2046,4,D2046,농수산식품
농수산식품,농수산식품,HSK-MTI 연계표,2047,4,D2047,농수산식품
농수산식품,농수산,HSK-MTI 연계표,2047,4,D2047,농수산식품
농수산식품,수산,HSK-MTI 연계표,2047,4,D2047,농수산식품
농수산식품,식품,HSK-MTI 연계표,2047,4,D2047,농수산식품
농수산식품,농수산식품,HSK-MTI 연계표,2048,4,D2048,농수산식품
농수산식품,농수산,HSK-MTI 연계표,2048,4,D2048,농수산식품
농수산식품,수산,HSK-MTI 연계표,2048,4,D2048,농수산식품
농수산식품,식품,HSK-MTI 연계표,2048,4,D2048,농수산식품
농수산식품,농수산식품,HSK-MTI 연계표,2049,4,D2049,농수산식품
농수산식품,농수산,HSK-MTI 연계표,2049,4,D2049,농수산식품
농수산식품,수산,HSK-MTI 연계표,2049,4,D2049,농수산식품
농수산식품,식품,HSK-MTI 연계표,2049,4,D2049,농수산식품
농수산식품,농수산식품,HSK-MTI 연계표,2050,4,D2050,농수산식품
농수산식품,농수산,HSK-MTI 연계표,2050,4,D2050,농수산식품
농수산식품,수산,HSK-MTI 연계표,2050,4,D2050,농수산식품
농수산식품,식품,HSK-MTI 연계표,2050,4,D2050,농수산식품
농수산식품,농수산식품,HSK-MTI 연계표,2051,4,D2051,농수산식품
농수산식품,농수산,HSK-MTI 연계표,2051,4,D2051,농수산식품
농수산식품,수산,HSK-MTI 연계표,2051,4,D2051,농수산식품
농수산식품,식품,HSK-MTI 연계표,2051,4,D2051,농수산식품
농수산식품,농수산식품,HSK-MTI 연계표,2052,4,D2052,농수산식품
농수산식품,농수산,HSK-MTI 연계표,2052,4,D2052,농수산식품
농수산식품,수산,HSK-MTI 연계표,2052,4,D2052,농수산식품
농수산식품,식품,HSK-MTI 연계표,2052,4,D2052,농수산식품
농수산식품,농수산식품,HSK-MTI 연계표,2053,4,D2053,농수산식품
농수산식품,농수산,HSK-MTI 연계표,2053,4,D2053,농수산식품
농수산식품,수산,HSK-MTI 연계표,2053,4,D2053,농수산식품
농수산식품,식품,HSK-MTI 연계표,2053,4,D2053,농수산식품
농수산식품,농수산식품,HSK-MTI 연계표,2054,4,D2054,농수산식품
농수산식품,농수산,HSK-MTI 연계표,2054,4,D2054,농수산식품
농수산식품,수산,HSK-MTI 연계표,2054,4,D2054,농수산식품
농수산식품,식품,HSK-MTI 연계표,2054,4,D2054,농수산식품
농수산식품,농수산식품,HSK-MTI 연계표,2055,4,D2055,농수산식품
농수산식품,농수산,HSK-MTI 연계표,2055,4,D2055,농수산식품
농수산식품,수산,HSK-MTI 연계표,2055,4,D2055,농수산식품
농수산식품,식품,HSK-MTI 연계표,2055,4,D2055,농수산식품
농수산식품,농수산식품,HSK-MTI 연계표,2056,4,D2056,농수산식품
농수산식품,농수산,HSK-MTI 연계표,2056,4,D2056,농수산식품
농수산식품,수산,HSK-MTI 연계표,2056,4,D2056,농수산식품
농수산식품,식품,HSK-MTI 연계표,2056,4,D2056,농수산식품
농수산식품,농수산식품,HSK-MTI 연계표,2057,4,D2057,농수산식품
농수산식품,농수산,HSK-MTI 연계표,2057,4,D2057,농수산식품
농수산식품,수산,HSK-MTI 연계표,2057,4,D2057,농수산식품
농수산식품,식품,HSK-MTI 연계표,2057,4,D2057,농수산식품
농수산식품,농수산식품,HSK-MTI 연계표,2058,4,D2058,농수산식품
농수산식품,농수산,HSK-MTI 연계표,2058,4,D2058,농수산식품
농수산식품,수산,HSK-MTI 연계표,2058,4,D2058,농수산식품
농수산식품,식품,HSK-MTI 연계표,2058,4,D2058,농수산식품
농수산식품,농수산식품,HSK-MTI 연계표,2059,4,D2059,농수산식품
농수산식품,농수산,HSK-MTI 연계표,2059,4,D2059,농수산식품
농수산식품,수산,HSK-MTI 연계표,2059,4,D2059,농수산식품
농수산식품,식품,HSK-MTI 연계표,2059,4,D2059,농수산식품
농수산식품,농수산식품,HSK-MTI 연계표,2060,4,D2060,농수산식품
농수산식품,농수산,HSK-MTI 연계표,2060,4,D2060,농수산식품
농수산식품,수산,HSK-MTI 연계표,2060,4,D2060,농수산식품
농수산식품,식품,HSK-MTI 연계표,2060,4,D2060,농수산식품
농수산식품,농수산식품,HSK-MTI 연계표,2061,4,D2061,농수산식품
농수산식품,농수산,HSK-MTI 연계표,2061,4,D2061,농수산식품
농수산식품,수산,HSK-MTI 연계표,2061,4,D2061,농수산식품
농수산식품,식품,HSK-MTI 연계표,2061,4,D2061,농수산식품
농수산식품,농수산식품,HSK-MTI 연계표,2062,4,D2062,농수산식품
농수산식품,농수산,HSK-MTI 연계표,2062,4,D2062,농수산식품
농수산식품,수산,HSK-MTI 연계표,2062,4,D2062,농수산식품
농수산식품,식품,HSK-MTI 연계표,2062,4,D2062,농수산식품
농수산식품,농수산식품,HSK-MTI 연계표,2063,4,D2063,농수산식품
농수산식품,농수산,HSK-MTI 연계표,2063,4,D2063,농수산식품
농수산식품,수산,HSK-MTI 연계표,2063,4,D2063,농수산식품
농수산식품,식품,HSK-MTI 연계표,2063,4,D2063,농수산식품
농수산식품,농수산식품,HSK-MTI 연계표,2064,4,D2064,농수산식품
농수산식품,농수산,HSK-MTI 연계표,2064,4,D2064,농수산식품
농수산식품,수산,HSK-MTI 연계표,2064,4,D2064,농수산식품
농수산식품,식품,HSK-MTI 연계표,2064,4,D2064,농수산식품
농수산식품,농수산식품,HSK-MTI 연계표,2065,4,D2065,농수산식품
농수산식품,농수산,HSK-MTI 연계표,2065,4,D2065,농수산식품
농수산식품,수산,HSK-MTI 연계표,2065,4,D2065,농수산식품
농수산식품,식품,HSK-MTI 연계표,2065,4,D2065,농수산식품
농수산식품,농수산식품,HSK-MTI 연계표,2066,4,D2066,농수산식품
농수산식품,농수산,HSK-MTI 연계표,2066,4,D2066,농수산식품
농수산식품,수산,HSK-MTI 연계표,2066,4,D2066,농수산식품
농수산식품,식품,HSK-MTI 연계표,2066,4,D2066,농수산식품
농수산식품,농수산식품,HSK-MTI 연계표,2067,4,D2067,농수산식품
농수산식품,농수산,HSK-MTI 연계표,2067,4,D2067,농수산식품
농수산식품,수산,HSK-MTI 연계표,2067,4,D2067,농수산식품
농수산식품,식품,HSK-MTI 연계표,2067,4,D2067,농수산식품
농수산식품,농수산식품,HSK-MTI 연계표,2068,4,D2068,농수산식품
농수산식품,농수산,HSK-MTI 연계표,2068,4,D2068,농수산식품
농수산식품,수산,HSK-MTI 연계표,2068,4,D2068,농수산식품
농수산식품,식품,HSK-MTI 연계표,2068,4,D2068,농수산식품
농수산식품,농수산식품,HSK-MTI 연계표,2069,4,D2069,농수산식품
농수산식품,농수산,HSK-MTI 연계표,2069,4,D2069,농수산식품
농수산식품,수산,HSK-MTI 연계표,2069,4,D2069,농수산식품
농수산식품,식품,HSK-MTI 연계표,2069,4,D2069,농수산식품
농수산식품,농수산식품,HSK-MTI 연계표,2070,4,D2070,농수산식품
농수산식품,농수산,HSK-MTI 연계표,2070,4,D2070,농수산식품
농수산식품,수산,HSK-MTI 연계표,2070,4,D2070,농수산식품
농수산식품,식품,HSK-MTI 연계표,2070,4,D2070,농수산식품
농수산식품,농수산식품,HSK-MTI 연계표,2071,4,D2071,농수산식품
농수산식품,농수산,HSK-MTI 연계표,2071,4,D2071,농수산식품
농수산식품,수산,HSK-MTI 연계표,2071,4,D2071,농수산식품
농수산식품,식품,HSK-MTI 연계표,2071,4,D2071,농수산식품
농수산식품,농수산식품,HSK-MTI 연계표,2072,4,D2072,농수산식품
농수산식품,농수산,HSK-MTI 연계표,2072,4,D2072,농수산식품
농수산식품,수산,HSK-MTI 연계표,2072,4,D2072,농수산식품
농수산식품,식품,HSK-MTI 연계표,2072,4,D2072,농수산식품
농수산식품,농수산식품,HSK-MTI 연계표,2073,4,D2073,농수산식품
농수산식품,농수산,HSK-MTI 연계표,2073,4,D2073,농수산식품
농수산식품,수산,HSK-MTI 연계표,2073,4,D2073,농수산식품
농수산식품,식품,HSK-MTI 연계표,2073,4,D2073,농수산식품
농수산식품,농수산식품,HSK-MTI 연계표,2074,4,D2074,농수산식품
농수산식품,농수산,HSK-MTI 연계표,2074,4,D2074,농수산식품
농수산식품,수산,HSK-MTI 연계표,2074,4,D2074,농수산식품
농수산식품,식품,HSK-MTI 연계표,2074,4,D2074,농수산식품
농수산식품,농수산식품,HSK-MTI 연계표,2075,4,D2075,농수산식품
농수산식품,농수산,HSK-MTI 연계표,2075,4,D2075,농수산식품
농수산식품,수산,HSK-MTI 연계표,2075,4,D2075,농수산식품
농수산식품,식품,HSK-MTI 연계표,2075,4,D2075,농수산식품
농수산식품,농수산식품,HSK-MTI 연계표,2076,4,D2076,농수산식품
농수산식품,농수산,HSK-MTI 연계표,2076,4,D2076,농수산식품
농수산식품,수산,HSK-MTI 연계표,2076,4,D2076,농수산식품
농수산식품,식품,HSK-MTI 연계표,2076,4,D2076,농수산식품
농수산식품,농수산식품,HSK-MTI 연계표,2077,4,D2077,농수산식품
농수산식품,농수산,HSK-MTI 연계표,2077,4,D2077,농수산식품
농수산식품,수산,HSK-MTI 연계표,2077,4,D2077,농수산식품
농수산식품,식품,HSK-MTI 연계표,2077,4,D2077,농수산식품
농수산식품,농수산식품,HSK-MTI 연계표,2078,4,D2078,농수산식품
농수산식품,농수산,HSK-MTI 연계표,2078,4,D2078,농수산식품
농수산식품,수산,HSK-MTI 연계표,2078,4,D2078,농수산식품
농수산식품,식품,HSK-MTI 연계표,2078,4,D2078,농수산식품
농수산식품,농수산식품,HSK-MTI 연계표,2079,4,D2079,농수산식품
농수산식품,농수산,HSK-MTI 연계표,2079,4,D2079,농수산식품
농수산식품,수산,HSK-MTI 연계표,2079,4,D2079,농수산식품
농수산식품,식품,HSK-MTI 연계표,2079,4,D2079,농수산식품
농수산식품,농수산식품,HSK-MTI 연계표,2080,4,D2080,농수산식품
농수산식품,농수산,HSK-MTI 연계표,2080,4,D2080,농수산식품
농수산식품,수산,HSK-MTI 연계표,2080,4,D2080,농수산식품
농수산식품,식품,HSK-MTI 연계표,2080,4,D2080,농수산식품
농수산식품,농수산식품,HSK-MTI 연계표,2081,4,D2081,농수산식품
농수산식품,농수산,HSK-MTI 연계표,2081,4,D2081,농수산식품
농수산식품,수산,HSK-MTI 연계표,2081,4,D2081,농수산식품
농수산식품,식품,HSK-MTI 연계표,2081,4,D2081,농수산식품
농수산식품,농수산식품,HSK-MTI 연계표,2082,4,D2082,농수산식품
농수산식품,농수산,HSK-MTI 연계표,2082,4,D2082,농수산식품
농수산식품,수산,HSK-MTI 연계표,2082,4,D2082,농수산식품
농수산식품,식품,HSK-MTI 연계표,2082,4,D2082,농수산식품
농수산식품,농수산식품,HSK-MTI 연계표,2083,4,D2083,농수산식품
농수산식품,농수산,HSK-MTI 연계표,2083,4,D2083,농수산식품
농수산식품,수산,HSK-MTI 연계표,2083,4,D2083,농수산식품
농수산식품,식품,HSK-MTI 연계표,2083,4,D2083,농수산식품
농수산식품,농수산식품,HSK-MTI 연계표,2084,4,D2084,농수산식품
농수산식품,농수산,HSK-MTI 연계표,2084,4,D2084,농수산식품
농수산식품,수산,HSK-MTI 연계표,2084,4,D2084,농수산식품
농수산식품,식품,HSK-MTI 연계표,2084,4,D2084,농수산식품
농수산식품,농수산식품,HSK-MTI 연계표,2085,4,D2085,농수산식품
농수산식품,농수산,HSK-MTI 연계표,2085,4,D2085,농수산식품
농수산식품,수산,HSK-MTI 연계표,2085,4,D2085,농수산식품
농수산식품,식품,HSK-MTI 연계표,2085,4,D2085,농수산식품
농수산식품,농수산식품,HSK-MTI 연계표,2086,4,D2086,농수산식품
농수산식품,농수산,HSK-MTI 연계표,2086,4,D2086,농수산식품
농수산식품,수산,HSK-MTI 연계표,2086,4,D2086,농수산식품
농수산식품,식품,HSK-MTI 연계표,2086,4,D2086,농수산식품
농수산식품,농수산식품,HSK-MTI 연계표,2087,4,D2087,농수산식품
농수산식품,농수산,HSK-MTI 연계표,2087,4,D2087,농수산식품
농수산식품,수산,HSK-MTI 연계표,2087,4,D2087,농수산식품
농수산식품,식품,HSK-MTI 연계표,2087,4,D2087,농수산식품
농수산식품,농수산식품,HSK-MTI 연계표,2088,4,D2088,농수산식품
농수산식품,농수산,HSK-MTI 연계표,2088,4,D2088,농수산식품
농수산식품,수산,HSK-MTI 연계표,2088,4,D2088,농수산식품
농수산식품,식품,HSK-MTI 연계표,2088,4,D2088,농수산식품
농수산식품,농수산식품,HSK-MTI 연계표,2089,4,D2089,농수산식품
농수산식품,농수산,HSK-MTI 연계표,2089,4,D2089,농수산식품
농수산식품,수산,HSK-MTI 연계표,2089,4,D2089,농수산식품
농수산식품,식품,HSK-MTI 연계표,2089,4,D2089,농수산식품
농수산식품,농수산식품,HSK-MTI 연계표,2090,4,D2090,농수산식품
농수산식품,농수산,HSK-MTI 연계표,2090,4,D2090,농수산식품
농수산식품,수산,HSK-MTI 연계표,2090,4,D2090,농수산식품
농수산식품,식품,HSK-MTI 연계표,2090,4,D2090,농수산식품
농수산식품,농수산식품,HSK-MTI 연계표,2091,4,D2091,농수산식품
농수산식품,농수산,HSK-MTI 연계표,2091,4,D2091,농수산식품
농수산식품,수산,HSK-MTI 연계표,2091,4,D2091,농수산식품
농수산식품,식품,HSK-MTI 연계표,2091,4,D2091,농수산식품
농수산식품,농수산식품,HSK-MTI 연계표,3609,4,D3609,농수산식품
농수산식품,농수산,HSK-MTI 연계표,3609,4,D3609,농수산식품
농수산식품,수산,HSK-MTI 연계표,3609,4,D3609,농수산식품
농수산식품,식품,HSK-MTI 연계표,3609,4,D3609,농수산식품
농수산식품,농수산식품,HSK-MTI 연계표,3873,4,D3873,농수산식품
농수산식품,농수산,HSK-MTI 연계표,3873,4,D3873,농수산식품
농수산식품,수산,HSK-MTI 연계표,3873,4,D3873,농수산식품
농수산식품,식품,HSK-MTI 연계표,3873,4,D3873,농수산식품
농수산식품,농수산식품,HSK-MTI 연계표,3874,4,D3874,농수산식품
농수산식품,농수산,HSK-MTI 연계표,3874,4,D3874,농수산식품
농수산식품,수산,HSK-MTI 연계표,3874,4,D3874,농수산식품
농수산식품,식품,HSK-MTI 연계표,3874,4,D3874,농수산식품
농수산식품,농수산식품,HSK-MTI 연계표,3875,4,D3875,농수산식품
농수산식품,농수산,HSK-MTI 연계표,3875,4,D3875,농수산식품
농수산식품,수산,HSK-MTI 연계표,3875,4,D3875,농수산식품
농수산식품,식품,HSK-MTI 연계표,3875,4,D3875,농수산식품
농수산식품,농수산식품,HSK-MTI 연계표,3877,4,D3877,농수산식품
농수산식품,농수산,HSK-MTI 연계표,3877,4,D3877,농수산식품
농수산식품,수산,HSK-MTI 연계표,3877,4,D3877,농수산식품
농수산식품,식품,HSK-MTI 연계표,3877,4,D3877,농수산식품
농수산식품,농수산식품,HSK-MTI 연계표,3878,4,D3878,농수산식품
농수산식품,농수산,HSK-MTI 연계표,3878,4,D3878,농수산식품
농수산식품,수산,HSK-MTI 연계표,3878,4,D3878,농수산식품
농수산식품,식품,HSK-MTI 연계표,3878,4,D3878,농수산식품
농수산식품,농수산식품,HSK-MTI 연계표,3879,4,D3879,농수산식품
농수산식품,농수산,HSK-MTI 연계표,3879,4,D3879,농수산식품
농수산식품,수산,HSK-MTI 연계표,3879,4,D3879,농수산식품
농수산식품,식품,HSK-MTI 연계표,3879,4,D3879,농수산식품
농수산식품,농수산식품,HSK-MTI 연계표,3880,4,D3880,농수산식품
농수산식품,농수산,HSK-MTI 연계표,3880,4,D3880,농수산식품
농수산식품,수산,HSK-MTI 연계표,3880,4,D3880,농수산식품
농수산식품,식품,HSK-MTI 연계표,3880,4,D3880,농수산식품
농수산식품,농수산식품,HSK-MTI 연계표,3881,4,D3881,농수산식품
농수산식품,농수산,HSK-MTI 연계표,3881,4,D3881,농수산식품
농수산식품,수산,HSK-MTI 연계표,3881,4,D3881,농수산식품
농수산식품,식품,HSK-MTI 연계표,3881,4,D3881,농수산식품
농수산식품,농수산식품,HSK-MTI 연계표,3882,4,D3882,농수산식품
농수산식품,농수산,HSK-MTI 연계표,3882,4,D3882,농수산식품
농수산식품,수산,HSK-MTI 연계표,3882,4,D3882,농수산식품
농수산식품,식품,HSK-MTI 연계표,3882,4,D3882,농수산식품
농수산식품,농수산식품,HSK-MTI 연계표,3883,4,D3883,농수산식품
농수산식품,농수산,HSK-MTI 연계표,3883,4,D3883,농수산식품
농수산식품,수산,HSK-MTI 연계표,3883,4,D3883,농수산식품
농수산식품,식품,HSK-MTI 연계표,3883,4,D3883,농수산식품
농수산식품,농수산식품,HSK-MTI 연계표,3884,4,D3884,농수산식품
농수산식품,농수산,HSK-MTI 연계표,3884,4,D3884,농수산식품
농수산식품,수산,HSK-MTI 연계표,3884,4,D3884,농수산식품
농수산식품,식품,HSK-MTI 연계표,3884,4,D3884,농수산식품
농수산식품,농수산식품,HSK-MTI 연계표,3885,4,D3885,농수산식품
농수산식품,농수산,HSK-MTI 연계표,3885,4,D3885,농수산식품
농수산식품,수산,HSK-MTI 연계표,3885,4,D3885,농수산식품
농수산식품,식품,HSK-MTI 연계표,3885,4,D3885,농수산식품
농수산식품,농수산식품,HSK-MTI 연계표,3886,4,D3886,농수산식품
농수산식품,농수산,HSK-MTI 연계표,3886,4,D3886,농수산식품
농수산식품,수산,HSK-MTI 연계표,3886,4,D3886,농수산식품
농수산식품,식품,HSK-MTI 연계표,3886,4,D3886,농수산식품
농수산식품,농수산식품,HSK-MTI 연계표,3887,4,D3887,농수산식품
농수산식품,농수산,HSK-MTI 연계표,3887,4,D3887,농수산식품
농수산식품,수산,HSK-MTI 연계표,3887,4,D3887,농수산식품
농수산식품,식품,HSK-MTI 연계표,3887,4,D3887,농수산식품
농수산식품,농수산식품,HSK-MTI 연계표,3888,4,D3888,농수산식품
농수산식품,농수산,HSK-MTI 연계표,3888,4,D3888,농수산식품
농수산식품,수산,HSK-MTI 연계표,3888,4,D3888,농수산식품
농수산식품,식품,HSK-MTI 연계표,3888,4,D3888,농수산식품
농수산식품,농수산식품,HSK-MTI 연계표,3889,4,D3889,농수산식품
농수산식품,농수산,HSK-MTI 연계표,3889,4,D3889,농수산식품
농수산식품,수산,HSK-MTI 연계표,3889,4,D3889,농수산식품
농수산식품,식품,HSK-MTI 연계표,3889,4,D3889,농수산식품
농수산식품,농수산식품,HSK-MTI 연계표,3890,4,D3890,농수산식품
농수산식품,농수산,HSK-MTI 연계표,3890,4,D3890,농수산식품
농수산식품,수산,HSK-MTI 연계표,3890,4,D3890,농수산식품
농수산식품,식품,HSK-MTI 연계표,3890,4,D3890,농수산식품
농수산식품,농수산식품,HSK-MTI 연계표,3891,4,D3891,농수산식품
농수산식품,농수산,HSK-MTI 연계표,3891,4,D3891,농수산식품
농수산식품,수산,HSK-MTI 연계표,3891,4,D3891,농수산식품
농수산식품,식품,HSK-MTI 연계표,3891,4,D3891,농수산식품
농수산식품,농수산식품,HSK-MTI 연계표,3892,4,D3892,농수산식품
농수산식품,농수산,HSK-MTI 연계표,3892,4,D3892,농수산식품
농수산식품,수산,HSK-MTI 연계표,3892,4,D3892,농수산식품
농수산식품,식품,HSK-MTI 연계표,3892,4,D3892,농수산식품
농수산식품,농수산식품,HSK-MTI 연계표,3987,4,D3987,농수산식품
농수산식품,농수산,HSK-MTI 연계표,3987,4,D3987,농수산식품
농수산식품,수산,HSK-MTI 연계표,3987,4,D3987,농수산식품
농수산식품,식품,HSK-MTI 연계표,3987,4,D3987,농수산식품
농수산식품,농수산식품,HSK-MTI 연계표,3988,4,D3988,농수산식품
농수산식품,농수산,HSK-MTI 연계표,3988,4,D3988,농수산식품
농수산식품,수산,HSK-MTI 연계표,3988,4,D3988,농수산식품
농수산식품,식품,HSK-MTI 연계표,3988,4,D3988,농수산식품
농수산식품,농수산식품,HSK-MTI 연계표,3989,4,D3989,농수산식품
농수산식품,농수산,HSK-MTI 연계표,3989,4,D3989,농수산식품
농수산식품,수산,HSK-MTI 연계표,3989,4,D3989,농수산식품
농수산식품,식품,HSK-MTI 연계표,3989,4,D3989,농수산식품
농수산식품,농수산식품,HSK-MTI 연계표,3990,4,D3990,농수산식품
농수산식품,농수산,HSK-MTI 연계표,3990,4,D3990,농수산식품
농수산식품,수산,HSK-MTI 연계표,3990,4,D3990,농수산식품
농수산식품,식품,HSK-MTI 연계표,3990,4,D3990,농수산식품
농수산식품,농수산식품,HSK-MTI 연계표,3991,4,D3991,농수산식품
농수산식품,농수산,HSK-MTI 연계표,3991,4,D3991,농수산식품
농수산식품,수산,HSK-MTI 연계표,3991,4,D3991,농수산식품
농수산식품,식품,HSK-MTI 연계표,3991,4,D3991,농수산식품
농수산식품,농수산식품,HSK-MTI 연계표,3992,4,D3992,농수산식품
농수산식품,농수산,HSK-MTI 연계표,3992,4,D3992,농수산식품
농수산식품,수산,HSK-MTI 연계표,3992,4,D3992,농수산식품
농수산식품,식품,HSK-MTI 연계표,3992,4,D3992,농수산식품
농수산식품,농수산식품,HSK-MTI 연계표,3993,4,D3993,농수산식품
농수산식품,농수산,HSK-MTI 연계표,3993,4,D3993,농수산식품
농수산식품,수산,HSK-MTI 연계표,3993,4,D3993,농수산식품
농수산식품,식품,HSK-MTI 연계표,3993,4,D3993,농수산식품
농수산식품,농수산식품,HSK-MTI 연계표,3994,4,D3994,농수산식품
농수산식품,농수산,HSK-MTI 연계표,3994,4,D3994,농수산식품
농수산식품,수산,HSK-MTI 연계표,3994,4,D3994,농수산식품
농수산식품,식품,HSK-MTI 연계표,3994,4,D3994,농수산식품
농수산식품,농수산식품,HSK-MTI 연계표,3995,4,D3995,농수산식품
농수산식품,농수산,HSK-MTI 연계표,3995,4,D3995,농수산식품
농수산식품,수산,HSK-MTI 연계표,3995,4,D3995,농수산식품
농수산식품,식품,HSK-MTI 연계표,3995,4,D3995,농수산식품
농수산식품,농수산식품,HSK-MTI 연계표,3996,4,D3996,농수산식품
농수산식품,농수산,HSK-MTI 연계표,3996,4,D3996,농수산식품
농수산식품,수산,HSK-MTI 연계표,3996,4,D3996,농수산식품
농수산식품,식품,HSK-MTI 연계표,3996,4,D3996,농수산식품
농수산식품,농수산식품,HSK-MTI 연계표,3997,4,D3997,농수산식품
농수산식품,농수산,HSK-MTI 연계표,3997,4,D3997,농수산식품
농수산식품,수산,HSK-MTI 연계표,3997,4,D3997,농수산식품
농수산식품,식품,HSK-MTI 연계표,3997,4,D3997,농수산식품
농수산식품,농수산식품,HSK-MTI 연계표,3999,4,D3999,농수산식품
농수산식품,농수산,HSK-MTI 연계표,3999,4,D3999,농수산식품
농수산식품,수산,HSK-MTI 연계표,3999,4,D3999,농수산식품
농수산식품,식품,HSK-MTI 연계표,3999,4,D3999,농수산식품
농수산식품,농수산식품,HSK-MTI 연계표,4000,4,D4000,농수산식품
농수산식품,농수산,HSK-MTI 연계표,4000,4,D4000,농수산식품
농수산식품,수산,HSK-MTI 연계표,4000,4,D4000,농수산식품
농수산식품,식품,HSK-MTI 연계표,4000,4,D4000,농수산식품
농수산식품,농수산식품,HSK-MTI 연계표,4001,4,D4001,농수산식품
농수산식품,농수산,HSK-MTI 연계표,4001,4,D4001,농수산식품
농수산식품,수산,HSK-MTI 연계표,4001,4,D4001,농수산식품
농수산식품,식품,HSK-MTI 연계표,4001,4,D4001,농수산식품
농수산식품,농수산식품,HSK-MTI 연계표,4002,4,D4002,농수산식품
농수산식품,농수산,HSK-MTI 연계표,4002,4,D4002,농수산식품
농수산식품,수산,HSK-MTI 연계표,4002,4,D4002,농수산식품
농수산식품,식품,HSK-MTI 연계표,4002,4,D4002,농수산식품
농수산식품,농수산식품,HSK-MTI 연계표,4003,4,D4003,농수산식품
농수산식품,농수산,HSK-MTI 연계표,4003,4,D4003,농수산식품
농수산식품,수산,HSK-MTI 연계표,4003,4,D4003,농수산식품
농수산식품,식품,HSK-MTI 연계표,4003,4,D4003,농수산식품
농수산식품,농수산식품,HSK-MTI 연계표,4005,4,D4005,농수산식품
농수산식품,농수산,HSK-MTI 연계표,4005,4,D4005,농수산식품
농수산식품,수산,HSK-MTI 연계표,4005,4,D4005,농수산식품
농수산식품,식품,HSK-MTI 연계표,4005,4,D4005,농수산식품
농수산식품,농수산식품,HSK-MTI 연계표,4006,4,D4006,농수산식품
농수산식품,농수산,HSK-MTI 연계표,4006,4,D4006,농수산식품
농수산식품,수산,HSK-MTI 연계표,4006,4,D4006,농수산식품
농수산식품,식품,HSK-MTI 연계표,4006,4,D4006,농수산식품
농수산식품,농수산식품,HSK-MTI 연계표,4007,4,D4007,농수산식품
농수산식품,농수산,HSK-MTI 연계표,4007,4,D4007,농수산식품
농수산식품,수산,HSK-MTI 연계표,4007,4,D4007,농수산식품
농수산식품,식품,HSK-MTI 연계표,4007,4,D4007,농수산식품
농수산식품,농수산식품,HSK-MTI 연계표,4008,4,D4008,농수산식품
농수산식품,농수산,HSK-MTI 연계표,4008,4,D4008,농수산식품
농수산식품,수산,HSK-MTI 연계표,4008,4,D4008,농수산식품
농수산식품,식품,HSK-MTI 연계표,4008,4,D4008,농수산식품
농수산식품,농수산식품,HSK-MTI 연계표,4010,4,D4010,농수산식품
농수산식품,농수산,HSK-MTI 연계표,4010,4,D4010,농수산식품
농수산식품,수산,HSK-MTI 연계표,4010,4,D4010,농수산식품
농수산식품,식품,HSK-MTI 연계표,4010,4,D4010,농수산식품
농수산식품,농수산식품,HSK-MTI 연계표,4011,4,D4011,농수산식품
농수산식품,농수산,HSK-MTI 연계표,4011,4,D4011,농수산식품
농수산식품,수산,HSK-MTI 연계표,4011,4,D4011,농수산식품
농수산식품,식품,HSK-MTI 연계표,4011,4,D4011,농수산식품
농수산식품,농수산식품,HSK-MTI 연계표,4012,4,D4012,농수산식품
농수산식품,농수산,HSK-MTI 연계표,4012,4,D4012,농수산식품
농수산식품,수산,HSK-MTI 연계표,4012,4,D4012,농수산식품
농수산식품,식품,HSK-MTI 연계표,4012,4,D4012,농수산식품
농수산식품,농수산식품,HSK-MTI 연계표,4014,4,D4014,농수산식품
농수산식품,농수산,HSK-MTI 연계표,4014,4,D4014,농수산식품
농수산식품,수산,HSK-MTI 연계표,4014,4,D4014,농수산식품
농수산식품,식품,HSK-MTI 연계표,4014,4,D4014,농수산식품
농수산식품,농수산식품,HSK-MTI 연계표,4016,4,D4016,농수산식품
농수산식품,농수산,HSK-MTI 연계표,4016,4,D4016,농수산식품
농수산식품,수산,HSK-MTI 연계표,4016,4,D4016,농수산식품
농수산식품,식품,HSK-MTI 연계표,4016,4,D4016,농수산식품
농수산식품,농수산식품,HSK-MTI 연계표,4017,4,D4017,농수산식품
농수산식품,농수산,HSK-MTI 연계표,4017,4,D4017,농수산식품
농수산식품,수산,HSK-MTI 연계표,4017,4,D4017,농수산식품
농수산식품,식품,HSK-MTI 연계표,4017,4,D4017,농수산식품
농수산식품,농수산식품,HSK-MTI 연계표,4170,4,D4170,농수산식품
농수산식품,농수산,HSK-MTI 연계표,4170,4,D4170,농수산식품
농수산식품,수산,HSK-MTI 연계표,4170,4,D4170,농수산식품
농수산식품,식품,HSK-MTI 연계표,4170,4,D4170,농수산식품
농수산식품,농수산식품,HSK-MTI 연계표,4598,4,D4598,농수산식품
농수산식품,농수산,HSK-MTI 연계표,4598,4,D4598,농수산식품
농수산식품,수산,HSK-MTI 연계표,4598,4,D4598,농수산식품
농수산식품,식품,HSK-MTI 연계표,4598,4,D4598,농수산식품
농수산식품,농수산식품,HSK-MTI 연계표,4599,4,D4599,농수산식품
농수산식품,농수산,HSK-MTI 연계표,4599,4,D4599,농수산식품
농수산식품,수산,HSK-MTI 연계표,4599,4,D4599,농수산식품
농수산식품,식품,HSK-MTI 연계표,4599,4,D4599,농수산식품
농수산식품,농수산식품,HSK-MTI 연계표,4600,4,D4600,농수산식품
농수산식품,농수산,HSK-MTI 연계표,4600,4,D4600,농수산식품
농수산식품,수산,HSK-MTI 연계표,4600,4,D4600,농수산식품
농수산식품,식품,HSK-MTI 연계표,4600,4,D4600,농수산식품
농수산식품,농수산식품,HSK-MTI 연계표,4601,4,D4601,농수산식품
농수산식품,농수산,HSK-MTI 연계표,4601,4,D4601,농수산식품
농수산식품,수산,HSK-MTI 연계표,4601,4,D4601,농수산식품
농수산식품,식품,HSK-MTI 연계표,4601,4,D4601,농수산식품
농수산식품,농수산식품,HSK-MTI 연계표,4602,4,D4602,농수산식품
농수산식품,농수산,HSK-MTI 연계표,4602,4,D4602,농수산식품
농수산식품,수산,HSK-MTI 연계표,4602,4,D4602,농수산식품
농수산식품,식품,HSK-MTI 연계표,4602,4,D4602,농수산식품
농수산식품,농수산식품,HSK-MTI 연계표,4907,4,D4907,농수산식품
농수산식품,농수산,HSK-MTI 연계표,4907,4,D4907,농수산식품
농수산식품,수산,HSK-MTI 연계표,4907,4,D4907,농수산식품
농수산식품,식품,HSK-MTI 연계표,4907,4,D4907,농수산식품
농수산식품,농수산식품,HSK-MTI 연계표,4908,4,D4908,농수산식품
농수산식품,농수산,HSK-MTI 연계표,4908,4,D4908,농수산식품
농수산식품,수산,HSK-MTI 연계표,4908,4,D4908,농수산식품
농수산식품,식품,HSK-MTI 연계표,4908,4,D4908,농수산식품
농수산식품,농수산식품,HSK-MTI 연계표,4909,4,D4909,농수산식품
농수산식품,농수산,HSK-MTI 연계표,4909,4,D4909,농수산식품
농수산식품,수산,HSK-MTI 연계표,4909,4,D4909,농수산식품
농수산식품,식품,HSK-MTI 연계표,4909,4,D4909,농수산식품
농수산식품,농수산식품,HSK-MTI 연계표,4910,4,D4910,농수산식품
농수산식품,농수산,HSK-MTI 연계표,4910,4,D4910,농수산식품
농수산식품,수산,HSK-MTI 연계표,4910,4,D4910,농수산식품
농수산식품,식품,HSK-MTI 연계표,4910,4,D4910,농수산식품
농수산식품,농수산식품,HSK-MTI 연계표,4911,4,D4911,농수산식품
농수산식품,농수산,HSK-MTI 연계표,4911,4,D4911,농수산식품
농수산식품,수산,HSK-MTI 연계표,4911,4,D4911,농수산식품
농수산식품,식품,HSK-MTI 연계표,4911,4,D4911,농수산식품
농수산식품,농수산식품,HSK-MTI 연계표,4912,4,D4912,농수산식품
농수산식품,농수산,HSK-MTI 연계표,4912,4,D4912,농수산식품
농수산식품,수산,HSK-MTI 연계표,4912,4,D4912,농수산식품
농수산식품,식품,HSK-MTI 연계표,4912,4,D4912,농수산식품
농수산식품,농수산식품,HSK-MTI 연계표,4913,4,D4913,농수산식품
농수산식품,농수산,HSK-MTI 연계표,4913,4,D4913,농수산식품
농수산식품,수산,HSK-MTI 연계표,4913,4,D4913,농수산식품
농수산식품,식품,HSK-MTI 연계표,4913,4,D4913,농수산식품
농수산식품,농수산식품,HSK-MTI 연계표,4914,4,D4914,농수산식품
농수산식품,농수산,HSK-MTI 연계표,4914,4,D4914,농수산식품
농수산식품,수산,HSK-MTI 연계표,4914,4,D4914,농수산식품
농수산식품,식품,HSK-MTI 연계표,4914,4,D4914,농수산식품
농수산식품,농수산식품,HSK-MTI 연계표,4915,4,D4915,농수산식품
농수산식품,농수산,HSK-MTI 연계표,4915,4,D4915,농수산식품
농수산식품,수산,HSK-MTI 연계표,4915,4,D4915,농수산식품
농수산식품,식품,HSK-MTI 연계표,4915,4,D4915,농수산식품
농수산식품,농수산식품,HSK-MTI 연계표,4916,4,D4916,농수산식품
농수산식품,농수산,HSK-MTI 연계표,4916,4,D4916,농수산식품
농수산식품,수산,HSK-MTI 연계표,4916,4,D4916,농수산식품
농수산식품,식품,HSK-MTI 연계표,4916,4,D4916,농수산식품
농수산식품,농수산식품,HSK-MTI 연계표,4917,4,D4917,농수산식품
농수산식품,농수산,HSK-MTI 연계표,4917,4,D4917,농수산식품
농수산식품,수산,HSK-MTI 연계표,4917,4,D4917,농수산식품
농수산식품,식품,HSK-MTI 연계표,4917,4,D4917,농수산식품
농수산식품,농수산식품,HSK-MTI 연계표,4918,4,D4918,농수산식품
농수산식품,농수산,HSK-MTI 연계표,4918,4,D4918,농수산식품
농수산식품,수산,HSK-MTI 연계표,4918,4,D4918,농수산식품
농수산식품,식품,HSK-MTI 연계표,4918,4,D4918,농수산식품
농수산식품,농수산식품,HSK-MTI 연계표,4919,4,D4919,농수산식품
농수산식품,농수산,HSK-MTI 연계표,4919,4,D4919,농수산식품
농수산식품,수산,HSK-MTI 연계표,4919,4,D4919,농수산식품
농수산식품,식품,HSK-MTI 연계표,4919,4,D4919,농수산식품
농수산식품,농수산식품,HSK-MTI 연계표,4920,4,D4920,농수산식품
농수산식품,농수산,HSK-MTI 연계표,4920,4,D4920,농수산식품
농수산식품,수산,HSK-MTI 연계표,4920,4,D4920,농수산식품
농수산식품,식품,HSK-MTI 연계표,4920,4,D4920,농수산식품
농수산식품,농수산식품,HSK-MTI 연계표,4921,4,D4921,농수산식품
농수산식품,농수산,HSK-MTI 연계표,4921,4,D4921,농수산식품
농수산식품,수산,HSK-MTI 연계표,4921,4,D4921,농수산식품
농수산식품,식품,HSK-MTI 연계표,4921,4,D4921,농수산식품
농수산식품,농수산식품,HSK-MTI 연계표,4922,4,D4922,농수산식품
농수산식품,농수산,HSK-MTI 연계표,4922,4,D4922,농수산식품
농수산식품,수산,HSK-MTI 연계표,4922,4,D4922,농수산식품
농수산식품,식품,HSK-MTI 연계표,4922,4,D4922,농수산식품
농수산식품,농수산식품,HSK-MTI 연계표,4923,4,D4923,농수산식품
농수산식품,농수산,HSK-MTI 연계표,4923,4,D4923,농수산식품
농수산식품,수산,HSK-MTI 연계표,4923,4,D4923,농수산식품
농수산식품,식품,HSK-MTI 연계표,4923,4,D4923,농수산식품
농수산식품,농수산식품,HSK-MTI 연계표,4924,4,D4924,농수산식품
농수산식품,농수산,HSK-MTI 연계표,4924,4,D4924,농수산식품
농수산식품,수산,HSK-MTI 연계표,4924,4,D4924,농수산식품
농수산식품,식품,HSK-MTI 연계표,4924,4,D4924,농수산식품
농수산식품,농수산식품,HSK-MTI 연계표,4925,4,D4925,농수산식품
농수산식품,농수산,HSK-MTI 연계표,4925,4,D4925,농수산식품
농수산식품,수산,HSK-MTI 연계표,4925,4,D4925,농수산식품
농수산식품,식품,HSK-MTI 연계표,4925,4,D4925,농수산식품
농수산식품,농수산식품,HSK-MTI 연계표,4926,4,D4926,농수산식품
농수산식품,농수산,HSK-MTI 연계표,4926,4,D4926,농수산식품
농수산식품,수산,HSK-MTI 연계표,4926,4,D4926,농수산식품
농수산식품,식품,HSK-MTI 연계표,4926,4,D4926,농수산식품
농수산식품,농수산식품,HSK-MTI 연계표,4927,4,D4927,농수산식품
농수산식품,농수산,HSK-MTI 연계표,4927,4,D4927,농수산식품
농수산식품,수산,HSK-MTI 연계표,4927,4,D4927,농수산식품
농수산식품,식품,HSK-MTI 연계표,4927,4,D4927,농수산식품
농수산식품,농수산식품,HSK-MTI 연계표,4928,4,D4928,농수산식품
농수산식품,농수산,HSK-MTI 연계표,4928,4,D4928,농수산식품
농수산식품,수산,HSK-MTI 연계표,4928,4,D4928,농수산식품
농수산식품,식품,HSK-MTI 연계표,4928,4,D4928,농수산식품
농수산식품,농수산식품,HSK-MTI 연계표,4929,4,D4929,농수산식품
농수산식품,농수산,HSK-MTI 연계표,4929,4,D4929,농수산식품
농수산식품,수산,HSK-MTI 연계표,4929,4,D4929,농수산식품
농수산식품,식품,HSK-MTI 연계표,4929,4,D4929,농수산식품
농수산식품,농수산식품,HSK-MTI 연계표,4930,4,D4930,농수산식품
농수산식품,농수산,HSK-MTI 연계표,4930,4,D4930,농수산식품
농수산식품,수산,HSK-MTI 연계표,4930,4,D4930,농수산식품
농수산식품,식품,HSK-MTI 연계표,4930,4,D4930,농수산식품
농수산식품,농수산식품,HSK-MTI 연계표,4931,4,D4931,농수산식품
농수산식품,농수산,HSK-MTI 연계표,4931,4,D4931,농수산식품
농수산식품,수산,HSK-MTI 연계표,4931,4,D4931,농수산식품
농수산식품,식품,HSK-MTI 연계표,4931,4,D4931,농수산식품
농수산식품,농수산식품,HSK-MTI 연계표,4932,4,D4932,농수산식품
농수산식품,농수산,HSK-MTI 연계표,4932,4,D4932,농수산식품
농수산식품,수산,HSK-MTI 연계표,4932,4,D4932,농수산식품
농수산식품,식품,HSK-MTI 연계표,4932,4,D4932,농수산식품
농수산식품,농수산식품,HSK-MTI 연계표,4933,4,D4933,농수산식품
농수산식품,농수산,HSK-MTI 연계표,4933,4,D4933,농수산식품
농수산식품,수산,HSK-MTI 연계표,4933,4,D4933,농수산식품
농수산식품,식품,HSK-MTI 연계표,4933,4,D4933,농수산식품
농수산식품,농수산식품,HSK-MTI 연계표,4934,4,D4934,농수산식품
농수산식품,농수산,HSK-MTI 연계표,4934,4,D4934,농수산식품
농수산식품,수산,HSK-MTI 연계표,4934,4,D4934,농수산식품
농수산식품,식품,HSK-MTI 연계표,4934,4,D4934,농수산식품
농수산식품,농수산식품,HSK-MTI 연계표,4935,4,D4935,농수산식품
농수산식품,농수산,HSK-MTI 연계표,4935,4,D4935,농수산식품
농수산식품,수산,HSK-MTI 연계표,4935,4,D4935,농수산식품
농수산식품,식품,HSK-MTI 연계표,4935,4,D4935,농수산식품
농수산식품,농수산식품,HSK-MTI 연계표,4936,4,D4936,농수산식품
농수산식품,농수산,HSK-MTI 연계표,4936,4,D4936,농수산식품
농수산식품,수산,HSK-MTI 연계표,4936,4,D4936,농수산식품
농수산식품,식품,HSK-MTI 연계표,4936,4,D4936,농수산식품
농수산식품,농수산식품,HSK-MTI 연계표,4937,4,D4937,농수산식품
농수산식품,농수산,HSK-MTI 연계표,4937,4,D4937,농수산식품
농수산식품,수산,HSK-MTI 연계표,4937,4,D4937,농수산식품
농수산식품,식품,HSK-MTI 연계표,4937,4,D4937,농수산식품
농수산식품,농수산식품,HSK-MTI 연계표,4938,4,D4938,농수산식품
농수산식품,농수산,HSK-MTI 연계표,4938,4,D4938,농수산식품
농수산식품,수산,HSK-MTI 연계표,4938,4,D4938,농수산식품
농수산식품,식품,HSK-MTI 연계표,4938,4,D4938,농수산식품
농수산식품,농수산식품,HSK-MTI 연계표,4939,4,D4939,농수산식품
농수산식품,농수산,HSK-MTI 연계표,4939,4,D4939,농수산식품
농수산식품,수산,HSK-MTI 연계표,4939,4,D4939,농수산식품
농수산식품,식품,HSK-MTI 연계표,4939,4,D4939,농수산식품
농수산식품,농수산식품,HSK-MTI 연계표,4940,4,D4940,농수산식품
농수산식품,농수산,HSK-MTI 연계표,4940,4,D4940,농수산식품
농수산식품,수산,HSK-MTI 연계표,4940,4,D4940,농수산식품
농수산식품,식품,HSK-MTI 연계표,4940,4,D4940,농수산식품
농수산식품,농수산식품,HSK-MTI 연계표,4941,4,D4941,농수산식품
농수산식품,농수산,HSK-MTI 연계표,4941,4,D4941,농수산식품
농수산식품,수산,HSK-MTI 연계표,4941,4,D4941,농수산식품
농수산식품,식품,HSK-MTI 연계표,4941,4,D4941,농수산식품
농수산식품,농수산식품,HSK-MTI 연계표,4942,4,D4942,농수산식품
농수산식품,농수산,HSK-MTI 연계표,4942,4,D4942,농수산식품
농수산식품,수산,HSK-MTI 연계표,4942,4,D4942,농수산식품
농수산식품,식품,HSK-MTI 연계표,4942,4,D4942,농수산식품
농수산식품,농수산식품,HSK-MTI 연계표,4943,4,D4943,농수산식품
농수산식품,농수산,HSK-MTI 연계표,4943,4,D4943,농수산식품
농수산식품,수산,HSK-MTI 연계표,4943,4,D4943,농수산식품
농수산식품,식품,HSK-MTI 연계표,4943,4,D4943,농수산식품
농수산식품,농수산식품,HSK-MTI 연계표,4944,4,D4944,농수산식품
농수산식품,농수산,HSK-MTI 연계표,4944,4,D4944,농수산식품
농수산식품,수산,HSK-MTI 연계표,4944,4,D4944,농수산식품
농수산식품,식품,HSK-MTI 연계표,4944,4,D4944,농수산식품
농수산식품,농수산식품,HSK-MTI 연계표,4945,4,D4945,농수산식품
농수산식품,농수산,HSK-MTI 연계표,4945,4,D4945,농수산식품
농수산식품,수산,HSK-MTI 연계표,4945,4,D4945,농수산식품
농수산식품,식품,HSK-MTI 연계표,4945,4,D4945,농수산식품
농수산식품,농수산식품,HSK-MTI 연계표,4946,4,D4946,농수산식품
농수산식품,농수산,HSK-MTI 연계표,4946,4,D4946,농수산식품
농수산식품,수산,HSK-MTI 연계표,4946,4,D4946,농수산식품
농수산식품,식품,HSK-MTI 연계표,4946,4,D4946,농수산식품
농수산식품,농수산식품,HSK-MTI 연계표,4947,4,D4947,농수산식품
농수산식품,농수산,HSK-MTI 연계표,4947,4,D4947,농수산식품
농수산식품,수산,HSK-MTI 연계표,4947,4,D4947,농수산식품
농수산식품,식품,HSK-MTI 연계표,4947,4,D4947,농수산식품
농수산식품,농수산식품,HSK-MTI 연계표,4948,4,D4948,농수산식품
농수산식품,농수산,HSK-MTI 연계표,4948,4,D4948,농수산식품
농수산식품,수산,HSK-MTI 연계표,4948,4,D4948,농수산식품
농수산식품,식품,HSK-MTI 연계표,4948,4,D4948,농수산식품
농수산식품,농수산식품,HSK-MTI 연계표,4949,4,D4949,농수산식품
농수산식품,농수산,HSK-MTI 연계표,4949,4,D4949,농수산식품
농수산식품,수산,HSK-MTI 연계표,4949,4,D4949,농수산식품
농수산식품,식품,HSK-MTI 연계표,4949,4,D4949,농수산식품
농수산식품,농수산식품,HSK-MTI 연계표,4950,4,D4950,농수산식품
농수산식품,농수산,HSK-MTI 연계표,4950,4,D4950,농수산식품
농수산식품,수산,HSK-MTI 연계표,4950,4,D4950,농수산식품
농수산식품,식품,HSK-MTI 연계표,4950,4,D4950,농수산식품
농수산식품,농수산식품,HSK-MTI 연계표,4951,4,D4951,농수산식품
농수산식품,농수산,HSK-MTI 연계표,4951,4,D4951,농수산식품
농수산식품,수산,HSK-MTI 연계표,4951,4,D4951,농수산식품
농수산식품,식품,HSK-MTI 연계표,4951,4,D4951,농수산식품
농수산식품,농수산식품,HSK-MTI 연계표,4952,4,D4952,농수산식품
농수산식품,농수산,HSK-MTI 연계표,4952,4,D4952,농수산식품
농수산식품,수산,HSK-MTI 연계표,4952,4,D4952,농수산식품
농수산식품,식품,HSK-MTI 연계표,4952,4,D4952,농수산식품
농수산식품,농수산식품,HSK-MTI 연계표,4953,4,D4953,농수산식품
농수산식품,농수산,HSK-MTI 연계표,4953,4,D4953,농수산식품
농수산식품,수산,HSK-MTI 연계표,4953,4,D4953,농수산식품
농수산식품,식품,HSK-MTI 연계표,4953,4,D4953,농수산식품
농수산식품,농수산식품,HSK-MTI 연계표,4954,4,D4954,농수산식품
농수산식품,농수산,HSK-MTI 연계표,4954,4,D4954,농수산식품
농수산식품,수산,HSK-MTI 연계표,4954,4,D4954,농수산식품
농수산식품,식품,HSK-MTI 연계표,4954,4,D4954,농수산식품
농수산식품,농수산식품,HSK-MTI 연계표,4955,4,D4955,농수산식품
농수산식품,농수산,HSK-MTI 연계표,4955,4,D4955,농수산식품
농수산식품,수산,HSK-MTI 연계표,4955,4,D4955,농수산식품
농수산식품,식품,HSK-MTI 연계표,4955,4,D4955,농수산식품
농수산식품,농수산식품,HSK-MTI 연계표,4956,4,D4956,농수산식품
농수산식품,농수산,HSK-MTI 연계표,4956,4,D4956,농수산식품
농수산식품,수산,HSK-MTI 연계표,4956,4,D4956,농수산식품
농수산식품,식품,HSK-MTI 연계표,4956,4,D4956,농수산식품
농수산식품,농수산식품,HSK-MTI 연계표,4957,4,D4957,농수산식품
농수산식품,농수산,HSK-MTI 연계표,4957,4,D4957,농수산식품
농수산식품,수산,HSK-MTI 연계표,4957,4,D4957,농수산식품
농수산식품,식품,HSK-MTI 연계표,4957,4,D4957,농수산식품
농수산식품,농수산식품,HSK-MTI 연계표,4958,4,D4958,농수산식품
농수산식품,농수산,HSK-MTI 연계표,4958,4,D4958,농수산식품
농수산식품,수산,HSK-MTI 연계표,4958,4,D4958,농수산식품
농수산식품,식품,HSK-MTI 연계표,4958,4,D4958,농수산식품
농수산식품,농수산식품,HSK-MTI 연계표,4959,4,D4959,농수산식품
농수산식품,농수산,HSK-MTI 연계표,4959,4,D4959,농수산식품
농수산식품,수산,HSK-MTI 연계표,4959,4,D4959,농수산식품
농수산식품,식품,HSK-MTI 연계표,4959,4,D4959,농수산식품
농수산식품,농수산식품,HSK-MTI 연계표,4960,4,D4960,농수산식품
농수산식품,농수산,HSK-MTI 연계표,4960,4,D4960,농수산식품
농수산식품,수산,HSK-MTI 연계표,4960,4,D4960,농수산식품
농수산식품,식품,HSK-MTI 연계표,4960,4,D4960,농수산식품
농수산식품,농수산식품,HSK-MTI 연계표,4961,4,D4961,농수산식품
농수산식품,농수산,HSK-MTI 연계표,4961,4,D4961,농수산식품
농수산식품,수산,HSK-MTI 연계표,4961,4,D4961,농수산식품
농수산식품,식품,HSK-MTI 연계표,4961,4,D4961,농수산식품
농수산식품,농수산식품,HSK-MTI 연계표,4962,4,D4962,농수산식품
농수산식품,농수산,HSK-MTI 연계표,4962,4,D4962,농수산식품
농수산식품,수산,HSK-MTI 연계표,4962,4,D4962,농수산식품
농수산식품,식품,HSK-MTI 연계표,4962,4,D4962,농수산식품
농수산식품,농수산식품,HSK-MTI 연계표,4963,4,D4963,농수산식품
농수산식품,농수산,HSK-MTI 연계표,4963,4,D4963,농수산식품
농수산식품,수산,HSK-MTI 연계표,4963,4,D4963,농수산식품
농수산식품,식품,HSK-MTI 연계표,4963,4,D4963,농수산식품
농수산식품,농수산식품,HSK-MTI 연계표,4964,4,D4964,농수산식품
농수산식품,농수산,HSK-MTI 연계표,4964,4,D4964,농수산식품
농수산식품,수산,HSK-MTI 연계표,4964,4,D4964,농수산식품
농수산식품,식품,HSK-MTI 연계표,4964,4,D4964,농수산식품
농수산식품,농수산식품,HSK-MTI 연계표,4965,4,D4965,농수산식품
농수산식품,농수산,HSK-MTI 연계표,4965,4,D4965,농수산식품
농수산식품,수산,HSK-MTI 연계표,4965,4,D4965,농수산식품
농수산식품,식품,HSK-MTI 연계표,4965,4,D4965,농수산식품
농수산식품,농수산식품,HSK-MTI 연계표,4966,4,D4966,농수산식품
농수산식품,농수산,HSK-MTI 연계표,4966,4,D4966,농수산식품
농수산식품,수산,HSK-MTI 연계표,4966,4,D4966,농수산식품
농수산식품,식품,HSK-MTI 연계표,4966,4,D4966,농수산식품
농수산식품,농수산식품,HSK-MTI 연계표,4967,4,D4967,농수산식품
농수산식품,농수산,HSK-MTI 연계표,4967,4,D4967,농수산식품
농수산식품,수산,HSK-MTI 연계표,4967,4,D4967,농수산식품
농수산식품,식품,HSK-MTI 연계표,4967,4,D4967,농수산식품
농수산식품,농수산식품,HSK-MTI 연계표,4968,4,D4968,농수산식품
농수산식품,농수산,HSK-MTI 연계표,4968,4,D4968,농수산식품
농수산식품,수산,HSK-MTI 연계표,4968,4,D4968,농수산식품
농수산식품,식품,HSK-MTI 연계표,4968,4,D4968,농수산식품
농수산식품,농수산식품,HSK-MTI 연계표,4969,4,D4969,농수산식품
농수산식품,농수산,HSK-MTI 연계표,4969,4,D4969,농수산식품
농수산식품,수산,HSK-MTI 연계표,4969,4,D4969,농수산식품
농수산식품,식품,HSK-MTI 연계표,4969,4,D4969,농수산식품
농수산식품,농수산식품,HSK-MTI 연계표,4970,4,D4970,농수산식품
농수산식품,농수산,HSK-MTI 연계표,4970,4,D4970,농수산식품
농수산식품,수산,HSK-MTI 연계표,4970,4,D4970,농수산식품
농수산식품,식품,HSK-MTI 연계표,4970,4,D4970,농수산식품
농수산식품,농수산식품,HSK-MTI 연계표,4971,4,D4971,농수산식품
농수산식품,농수산,HSK-MTI 연계표,4971,4,D4971,농수산식품
농수산식품,수산,HSK-MTI 연계표,4971,4,D4971,농수산식품
농수산식품,식품,HSK-MTI 연계표,4971,4,D4971,농수산식품
농수산식품,농수산식품,HSK-MTI 연계표,4972,4,D4972,농수산식품
농수산식품,농수산,HSK-MTI 연계표,4972,4,D4972,농수산식품
농수산식품,수산,HSK-MTI 연계표,4972,4,D4972,농수산식품
농수산식품,식품,HSK-MTI 연계표,4972,4,D4972,농수산식품
농수산식품,농수산식품,HSK-MTI 연계표,4973,4,D4973,농수산식품
농수산식품,농수산,HSK-MTI 연계표,4973,4,D4973,농수산식품
농수산식품,수산,HSK-MTI 연계표,4973,4,D4973,농수산식품
농수산식품,식품,HSK-MTI 연계표,4973,4,D4973,농수산식품
농수산식품,농수산식품,HSK-MTI 연계표,4974,4,D4974,농수산식품
농수산식품,농수산,HSK-MTI 연계표,4974,4,D4974,농수산식품
농수산식품,수산,HSK-MTI 연계표,4974,4,D4974,농수산식품
농수산식품,식품,HSK-MTI 연계표,4974,4,D4974,농수산식품
농수산식품,농수산식품,HSK-MTI 연계표,4975,4,D4975,농수산식품
농수산식품,농수산,HSK-MTI 연계표,4975,4,D4975,농수산식품
농수산식품,수산,HSK-MTI 연계표,4975,4,D4975,농수산식품
농수산식품,식품,HSK-MTI 연계표,4975,4,D4975,농수산식품
농수산식품,농수산식품,HSK-MTI 연계표,4976,4,D4976,농수산식품
농수산식품,농수산,HSK-MTI 연계표,4976,4,D4976,농수산식품
농수산식품,수산,HSK-MTI 연계표,4976,4,D4976,농수산식품
농수산식품,식품,HSK-MTI 연계표,4976,4,D4976,농수산식품
농수산식품,농수산식품,HSK-MTI 연계표,4977,4,D4977,농수산식품
농수산식품,농수산,HSK-MTI 연계표,4977,4,D4977,농수산식품
농수산식품,수산,HSK-MTI 연계표,4977,4,D4977,농수산식품
농수산식품,식품,HSK-MTI 연계표,4977,4,D4977,농수산식품
농수산식품,농수산식품,HSK-MTI 연계표,4978,4,D4978,농수산식품
농수산식품,농수산,HSK-MTI 연계표,4978,4,D4978,농수산식품
농수산식품,수산,HSK-MTI 연계표,4978,4,D4978,농수산식품
농수산식품,식품,HSK-MTI 연계표,4978,4,D4978,농수산식품
농수산식품,농수산식품,HSK-MTI 연계표,4979,4,D4979,농수산식품
농수산식품,농수산,HSK-MTI 연계표,4979,4,D4979,농수산식품
농수산식품,수산,HSK-MTI 연계표,4979,4,D4979,농수산식품
농수산식품,식품,HSK-MTI 연계표,4979,4,D4979,농수산식품
농수산식품,농수산식품,HSK-MTI 연계표,4980,4,D4980,농수산식품
농수산식품,농수산,HSK-MTI 연계표,4980,4,D4980,농수산식품
농수산식품,수산,HSK-MTI 연계표,4980,4,D4980,농수산식품
농수산식품,식품,HSK-MTI 연계표,4980,4,D4980,농수산식품
농수산식품,농수산식품,HSK-MTI 연계표,4981,4,D4981,농수산식품
농수산식품,농수산,HSK-MTI 연계표,4981,4,D4981,농수산식품
농수산식품,수산,HSK-MTI 연계표,4981,4,D4981,농수산식품
농수산식품,식품,HSK-MTI 연계표,4981,4,D4981,농수산식품
농수산식품,농수산식품,HSK-MTI 연계표,4982,4,D4982,농수산식품
농수산식품,농수산,HSK-MTI 연계표,4982,4,D4982,농수산식품
농수산식품,수산,HSK-MTI 연계표,4982,4,D4982,농수산식품
농수산식품,식품,HSK-MTI 연계표,4982,4,D4982,농수산식품
농수산식품,농수산식품,HSK-MTI 연계표,4983,4,D4983,농수산식품
농수산식품,농수산,HSK-MTI 연계표,4983,4,D4983,농수산식품
농수산식품,수산,HSK-MTI 연계표,4983,4,D4983,농수산식품
농수산식품,식품,HSK-MTI 연계표,4983,4,D4983,농수산식품
농수산식품,농수산식품,HSK-MTI 연계표,4984,4,D4984,농수산식품
농수산식품,농수산,HSK-MTI 연계표,4984,4,D4984,농수산식품
농수산식품,수산,HSK-MTI 연계표,4984,4,D4984,농수산식품
농수산식품,식품,HSK-MTI 연계표,4984,4,D4984,농수산식품
농수산식품,농수산식품,HSK-MTI 연계표,4985,4,D4985,농수산식품
농수산식품,농수산,HSK-MTI 연계표,4985,4,D4985,농수산식품
농수산식품,수산,HSK-MTI 연계표,4985,4,D4985,농수산식품
농수산식품,식품,HSK-MTI 연계표,4985,4,D4985,농수산식품
농수산식품,농수산식품,HSK-MTI 연계표,4986,4,D4986,농수산식품
농수산식품,농수산,HSK-MTI 연계표,4986,4,D4986,농수산식품
농수산식품,수산,HSK-MTI 연계표,4986,4,D4986,농수산식품
농수산식품,식품,HSK-MTI 연계표,4986,4,D4986,농수산식품
농수산식품,농수산식품,HSK-MTI 연계표,4987,4,D4987,농수산식품
농수산식품,농수산,HSK-MTI 연계표,4987,4,D4987,농수산식품
농수산식품,수산,HSK-MTI 연계표,4987,4,D4987,농수산식품
농수산식품,식품,HSK-MTI 연계표,4987,4,D4987,농수산식품
농수산식품,농수산식품,HSK-MTI 연계표,4988,4,D4988,농수산식품
농수산식품,농수산,HSK-MTI 연계표,4988,4,D4988,농수산식품
농수산식품,수산,HSK-MTI 연계표,4988,4,D4988,농수산식품
농수산식품,식품,HSK-MTI 연계표,4988,4,D4988,농수산식품
농수산식품,농수산식품,HSK-MTI 연계표,4989,4,D4989,농수산식품
농수산식품,농수산,HSK-MTI 연계표,4989,4,D4989,농수산식품
농수산식품,수산,HSK-MTI 연계표,4989,4,D4989,농수산식품
농수산식품,식품,HSK-MTI 연계표,4989,4,D4989,농수산식품
농수산식품,농수산식품,HSK-MTI 연계표,4990,4,D4990,농수산식품
농수산식품,농수산,HSK-MTI 연계표,4990,4,D4990,농수산식품
농수산식품,수산,HSK-MTI 연계표,4990,4,D4990,농수산식품
농수산식품,식품,HSK-MTI 연계표,4990,4,D4990,농수산식품
농수산식품,농수산식품,HSK-MTI 연계표,4991,4,D4991,농수산식품
농수산식품,농수산,HSK-MTI 연계표,4991,4,D4991,농수산식품
농수산식품,수산,HSK-MTI 연계표,4991,4,D4991,농수산식품
농수산식품,식품,HSK-MTI 연계표,4991,4,D4991,농수산식품
농수산식품,농수산식품,HSK-MTI 연계표,4992,4,D4992,농수산식품
농수산식품,농수산,HSK-MTI 연계표,4992,4,D4992,농수산식품
농수산식품,수산,HSK-MTI 연계표,4992,4,D4992,농수산식품
농수산식품,식품,HSK-MTI 연계표,4992,4,D4992,농수산식품
농수산식품,농수산식품,HSK-MTI 연계표,4993,4,D4993,농수산식품
농수산식품,농수산,HSK-MTI 연계표,4993,4,D4993,농수산식품
농수산식품,수산,HSK-MTI 연계표,4993,4,D4993,농수산식품
농수산식품,식품,HSK-MTI 연계표,4993,4,D4993,농수산식품
농수산식품,농수산식품,HSK-MTI 연계표,4994,4,D4994,농수산식품
농수산식품,농수산,HSK-MTI 연계표,4994,4,D4994,농수산식품
농수산식품,수산,HSK-MTI 연계표,4994,4,D4994,농수산식품
농수산식품,식품,HSK-MTI 연계표,4994,4,D4994,농수산식품
농수산식품,농수산식품,HSK-MTI 연계표,4995,4,D4995,농수산식품
농수산식품,농수산,HSK-MTI 연계표,4995,4,D4995,농수산식품
농수산식품,수산,HSK-MTI 연계표,4995,4,D4995,농수산식품
농수산식품,식품,HSK-MTI 연계표,4995,4,D4995,농수산식품
농수산식품,농수산식품,HSK-MTI 연계표,4996,4,D4996,농수산식품
농수산식품,농수산,HSK-MTI 연계표,4996,4,D4996,농수산식품
농수산식품,수산,HSK-MTI 연계표,4996,4,D4996,농수산식품
농수산식품,식품,HSK-MTI 연계표,4996,4,D4996,농수산식품
농수산식품,농수산식품,HSK-MTI 연계표,4997,4,D4997,농수산식품
농수산식품,농수산,HSK-MTI 연계표,4997,4,D4997,농수산식품
농수산식품,수산,HSK-MTI 연계표,4997,4,D4997,농수산식품
농수산식품,식품,HSK-MTI 연계표,4997,4,D4997,농수산식품
농수산식품,농수산식품,HSK-MTI 연계표,4998,4,D4998,농수산식품
농수산식품,농수산,HSK-MTI 연계표,4998,4,D4998,농수산식품
농수산식품,수산,HSK-MTI 연계표,4998,4,D4998,농수산식품
농수산식품,식품,HSK-MTI 연계표,4998,4,D4998,농수산식품
농수산식품,농수산식품,HSK-MTI 연계표,4999,4,D4999,농수산식품
농수산식품,농수산,HSK-MTI 연계표,4999,4,D4999,농수산식품
농수산식품,수산,HSK-MTI 연계표,4999,4,D4999,농수산식품
농수산식품,식품,HSK-MTI 연계표,4999,4,D4999,농수산식품
농수산식품,농수산식품,HSK-MTI 연계표,5000,4,D5000,농수산식품
농수산식품,농수산,HSK-MTI 연계표,5000,4,D5000,농수산식품
농수산식품,수산,HSK-MTI 연계표,5000,4,D5000,농수산식품
농수산식품,식품,HSK-MTI 연계표,5000,4,D5000,농수산식품
농수산식품,농수산식품,HSK-MTI 연계표,5001,4,D5001,농수산식품
농수산식품,농수산,HSK-MTI 연계표,5001,4,D5001,농수산식품
농수산식품,수산,HSK-MTI 연계표,5001,4,D5001,농수산식품
농수산식품,식품,HSK-MTI 연계표,5001,4,D5001,농수산식품
농수산식품,농수산식품,HSK-MTI 연계표,5002,4,D5002,농수산식품
농수산식품,농수산,HSK-MTI 연계표,5002,4,D5002,농수산식품
농수산식품,수산,HSK-MTI 연계표,5002,4,D5002,농수산식품
농수산식품,식품,HSK-MTI 연계표,5002,4,D5002,농수산식품
농수산식품,농수산식품,HSK-MTI 연계표,5003,4,D5003,농수산식품
농수산식품,농수산,HSK-MTI 연계표,5003,4,D5003,농수산식품
농수산식품,수산,HSK-MTI 연계표,5003,4,D5003,농수산식품
농수산식품,식품,HSK-MTI 연계표,5003,4,D5003,농수산식품
농수산식품,농수산식품,HSK-MTI 연계표,5004,4,D5004,농수산식품
농수산식품,농수산,HSK-MTI 연계표,5004,4,D5004,농수산식품
농수산식품,수산,HSK-MTI 연계표,5004,4,D5004,농수산식품
농수산식품,식품,HSK-MTI 연계표,5004,4,D5004,농수산식품
농수산식품,농수산식품,HSK-MTI 연계표,5005,4,D5005,농수산식품
농수산식품,농수산,HSK-MTI 연계표,5005,4,D5005,농수산식품
농수산식품,수산,HSK-MTI 연계표,5005,4,D5005,농수산식품
농수산식품,식품,HSK-MTI 연계표,5005,4,D5005,농수산식품
농수산식품,농수산식품,HSK-MTI 연계표,5006,4,D5006,농수산식품
농수산식품,농수산,HSK-MTI 연계표,5006,4,D5006,농수산식품
농수산식품,수산,HSK-MTI 연계표,5006,4,D5006,농수산식품
농수산식품,식품,HSK-MTI 연계표,5006,4,D5006,농수산식품
농수산식품,농수산식품,HSK-MTI 연계표,5007,4,D5007,농수산식품
농수산식품,농수산,HSK-MTI 연계표,5007,4,D5007,농수산식품
농수산식품,수산,HSK-MTI 연계표,5007,4,D5007,농수산식품
농수산식품,식품,HSK-MTI 연계표,5007,4,D5007,농수산식품
농수산식품,농수산식품,HSK-MTI 연계표,5008,4,D5008,농수산식품
농수산식품,농수산,HSK-MTI 연계표,5008,4,D5008,농수산식품
농수산식품,수산,HSK-MTI 연계표,5008,4,D5008,농수산식품
농수산식품,식품,HSK-MTI 연계표,5008,4,D5008,농수산식품
농수산식품,농수산식품,HSK-MTI 연계표,5009,4,D5009,농수산식품
농수산식품,농수산,HSK-MTI 연계표,5009,4,D5009,농수산식품
농수산식품,수산,HSK-MTI 연계표,5009,4,D5009,농수산식품
농수산식품,식품,HSK-MTI 연계표,5009,4,D5009,농수산식품
농수산식품,농수산식품,HSK-MTI 연계표,5010,4,D5010,농수산식품
농수산식품,농수산,HSK-MTI 연계표,5010,4,D5010,농수산식품
농수산식품,수산,HSK-MTI 연계표,5010,4,D5010,농수산식품
농수산식품,식품,HSK-MTI 연계표,5010,4,D5010,농수산식품
농수산식품,농수산식품,HSK-MTI 연계표,5011,4,D5011,농수산식품
농수산식품,농수산,HSK-MTI 연계표,5011,4,D5011,농수산식품
농수산식품,수산,HSK-MTI 연계표,5011,4,D5011,농수산식품
농수산식품,식품,HSK-MTI 연계표,5011,4,D5011,농수산식품
농수산식품,농수산식품,HSK-MTI 연계표,5012,4,D5012,농수산식품
농수산식품,농수산,HSK-MTI 연계표,5012,4,D5012,농수산식품
농수산식품,수산,HSK-MTI 연계표,5012,4,D5012,농수산식품
농수산식품,식품,HSK-MTI 연계표,5012,4,D5012,농수산식품
농수산식품,농수산식품,HSK-MTI 연계표,5013,4,D5013,농수산식품
농수산식품,농수산,HSK-MTI 연계표,5013,4,D5013,농수산식품
농수산식품,수산,HSK-MTI 연계표,5013,4,D5013,농수산식품
농수산식품,식품,HSK-MTI 연계표,5013,4,D5013,농수산식품
농수산식품,농수산식품,HSK-MTI 연계표,5014,4,D5014,농수산식품
농수산식품,농수산,HSK-MTI 연계표,5014,4,D5014,농수산식품
농수산식품,수산,HSK-MTI 연계표,5014,4,D5014,농수산식품
농수산식품,식품,HSK-MTI 연계표,5014,4,D5014,농수산식품
농수산식품,농수산식품,HSK-MTI 연계표,5015,4,D5015,농수산식품
농수산식품,농수산,HSK-MTI 연계표,5015,4,D5015,농수산식품
농수산식품,수산,HSK-MTI 연계표,5015,4,D5015,농수산식품
농수산식품,식품,HSK-MTI 연계표,5015,4,D5015,농수산식품
농수산식품,농수산식품,HSK-MTI 연계표,5016,4,D5016,농수산식품
농수산식품,농수산,HSK-MTI 연계표,5016,4,D5016,농수산식품
농수산식품,수산,HSK-MTI 연계표,5016,4,D5016,농수산식품
농수산식품,식품,HSK-MTI 연계표,5016,4,D5016,농수산식품
농수산식품,농수산식품,HSK-MTI 연계표,5017,4,D5017,농수산식품
농수산식품,농수산,HSK-MTI 연계표,5017,4,D5017,농수산식품
농수산식품,수산,HSK-MTI 연계표,5017,4,D5017,농수산식품
농수산식품,식품,HSK-MTI 연계표,5017,4,D5017,농수산식품
농수산식품,농수산식품,HSK-MTI 연계표,5018,4,D5018,농수산식품
농수산식품,농수산,HSK-MTI 연계표,5018,4,D5018,농수산식품
농수산식품,수산,HSK-MTI 연계표,5018,4,D5018,농수산식품
농수산식품,식품,HSK-MTI 연계표,5018,4,D5018,농수산식품
농수산식품,농수산식품,HSK-MTI 연계표,5019,4,D5019,농수산식품
농수산식품,농수산,HSK-MTI 연계표,5019,4,D5019,농수산식품
농수산식품,수산,HSK-MTI 연계표,5019,4,D5019,농수산식품
농수산식품,식품,HSK-MTI 연계표,5019,4,D5019,농수산식품
농수산식품,농수산식품,HSK-MTI 연계표,5020,4,D5020,농수산식품
농수산식품,농수산,HSK-MTI 연계표,5020,4,D5020,농수산식품
농수산식품,수산,HSK-MTI 연계표,5020,4,D5020,농수산식품
농수산식품,식품,HSK-MTI 연계표,5020,4,D5020,농수산식품
농수산식품,농수산식품,HSK-MTI 연계표,5021,4,D5021,농수산식품
농수산식품,농수산,HSK-MTI 연계표,5021,4,D5021,농수산식품
농수산식품,수산,HSK-MTI 연계표,5021,4,D5021,농수산식품
농수산식품,식품,HSK-MTI 연계표,5021,4,D5021,농수산식품
농수산식품,농수산식품,HSK-MTI 연계표,5022,4,D5022,농수산식품
농수산식품,농수산,HSK-MTI 연계표,5022,4,D5022,농수산식품
농수산식품,수산,HSK-MTI 연계표,5022,4,D5022,농수산식품
농수산식품,식품,HSK-MTI 연계표,5022,4,D5022,농수산식품
농수산식품,농수산식품,HSK-MTI 연계표,5023,4,D5023,농수산식품
농수산식품,농수산,HSK-MTI 연계표,5023,4,D5023,농수산식품
농수산식품,수산,HSK-MTI 연계표,5023,4,D5023,농수산식품
농수산식품,식품,HSK-MTI 연계표,5023,4,D5023,농수산식품
농수산식품,농수산식품,HSK-MTI 연계표,5024,4,D5024,농수산식품
농수산식품,농수산,HSK-MTI 연계표,5024,4,D5024,농수산식품
농수산식품,수산,HSK-MTI 연계표,5024,4,D5024,농수산식품
농수산식품,식품,HSK-MTI 연계표,5024,4,D5024,농수산식품
농수산식품,농수산식품,HSK-MTI 연계표,5025,4,D5025,농수산식품
농수산식품,농수산,HSK-MTI 연계표,5025,4,D5025,농수산식품
농수산식품,수산,HSK-MTI 연계표,5025,4,D5025,농수산식품
농수산식품,식품,HSK-MTI 연계표,5025,4,D5025,농수산식품
농수산식품,농수산식품,HSK-MTI 연계표,5026,4,D5026,농수산식품
농수산식품,농수산,HSK-MTI 연계표,5026,4,D5026,농수산식품
농수산식품,수산,HSK-MTI 연계표,5026,4,D5026,농수산식품
농수산식품,식품,HSK-MTI 연계표,5026,4,D5026,농수산식품
농수산식품,농수산식품,HSK-MTI 연계표,5027,4,D5027,농수산식품
농수산식품,농수산,HSK-MTI 연계표,5027,4,D5027,농수산식품
농수산식품,수산,HSK-MTI 연계표,5027,4,D5027,농수산식품
농수산식품,식품,HSK-MTI 연계표,5027,4,D5027,농수산식품
농수산식품,농수산식품,HSK-MTI 연계표,5028,4,D5028,농수산식품
농수산식품,농수산,HSK-MTI 연계표,5028,4,D5028,농수산식품
농수산식품,수산,HSK-MTI 연계표,5028,4,D5028,농수산식품
농수산식품,식품,HSK-MTI 연계표,5028,4,D5028,농수산식품
농수산식품,농수산식품,HSK-MTI 연계표,5029,4,D5029,농수산식품
농수산식품,농수산,HSK-MTI 연계표,5029,4,D5029,농수산식품
농수산식품,수산,HSK-MTI 연계표,5029,4,D5029,농수산식품
농수산식품,식품,HSK-MTI 연계표,5029,4,D5029,농수산식품
농수산식품,농수산식품,HSK-MTI 연계표,5030,4,D5030,농수산식품
농수산식품,농수산,HSK-MTI 연계표,5030,4,D5030,농수산식품
농수산식품,수산,HSK-MTI 연계표,5030,4,D5030,농수산식품
농수산식품,식품,HSK-MTI 연계표,5030,4,D5030,농수산식품
농수산식품,농수산식품,HSK-MTI 연계표,5031,4,D5031,농수산식품
농수산식품,농수산,HSK-MTI 연계표,5031,4,D5031,농수산식품
농수산식품,수산,HSK-MTI 연계표,5031,4,D5031,농수산식품
농수산식품,식품,HSK-MTI 연계표,5031,4,D5031,농수산식품
농수산식품,농수산식품,HSK-MTI 연계표,5032,4,D5032,농수산식품
농수산식품,농수산,HSK-MTI 연계표,5032,4,D5032,농수산식품
농수산식품,수산,HSK-MTI 연계표,5032,4,D5032,농수산식품
농수산식품,식품,HSK-MTI 연계표,5032,4,D5032,농수산식품
농수산식품,농수산식품,HSK-MTI 연계표,5033,4,D5033,농수산식품
농수산식품,농수산,HSK-MTI 연계표,5033,4,D5033,농수산식품
농수산식품,수산,HSK-MTI 연계표,5033,4,D5033,농수산식품
농수산식품,식품,HSK-MTI 연계표,5033,4,D5033,농수산식품
농수산식품,농수산식품,HSK-MTI 연계표,5034,4,D5034,농수산식품
농수산식품,농수산,HSK-MTI 연계표,5034,4,D5034,농수산식품
농수산식품,수산,HSK-MTI 연계표,5034,4,D5034,농수산식품
농수산식품,식품,HSK-MTI 연계표,5034,4,D5034,농수산식품
농수산식품,농수산식품,HSK-MTI 연계표,5035,4,D5035,농수산식품
농수산식품,농수산,HSK-MTI 연계표,5035,4,D5035,농수산식품
농수산식품,수산,HSK-MTI 연계표,5035,4,D5035,농수산식품
농수산식품,식품,HSK-MTI 연계표,5035,4,D5035,농수산식품
농수산식품,농수산식품,HSK-MTI 연계표,5036,4,D5036,농수산식품
농수산식품,농수산,HSK-MTI 연계표,5036,4,D5036,농수산식품
농수산식품,수산,HSK-MTI 연계표,5036,4,D5036,농수산식품
농수산식품,식품,HSK-MTI 연계표,5036,4,D5036,농수산식품
농수산식품,농수산식품,HSK-MTI 연계표,5037,4,D5037,농수산식품
농수산식품,농수산,HSK-MTI 연계표,5037,4,D5037,농수산식품
농수산식품,수산,HSK-MTI 연계표,5037,4,D5037,농수산식품
농수산식품,식품,HSK-MTI 연계표,5037,4,D5037,농수산식품
농수산식품,농수산식품,HSK-MTI 연계표,5038,4,D5038,농수산식품
농수산식품,농수산,HSK-MTI 연계표,5038,4,D5038,농수산식품
농수산식품,수산,HSK-MTI 연계표,5038,4,D5038,농수산식품
농수산식품,식품,HSK-MTI 연계표,5038,4,D5038,농수산식품
농수산식품,농수산식품,HSK-MTI 연계표,5039,4,D5039,농수산식품
농수산식품,농수산,HSK-MTI 연계표,5039,4,D5039,농수산식품
농수산식품,수산,HSK-MTI 연계표,5039,4,D5039,농수산식품
농수산식품,식품,HSK-MTI 연계표,5039,4,D5039,농수산식품
농수산식품,농수산식품,HSK-MTI 연계표,5040,4,D5040,농수산식품
농수산식품,농수산,HSK-MTI 연계표,5040,4,D5040,농수산식품
농수산식품,수산,HSK-MTI 연계표,5040,4,D5040,농수산식품
농수산식품,식품,HSK-MTI 연계표,5040,4,D5040,농수산식품
농수산식품,농수산식품,HSK-MTI 연계표,5041,4,D5041,농수산식품
농수산식품,농수산,HSK-MTI 연계표,5041,4,D5041,농수산식품
농수산식품,수산,HSK-MTI 연계표,5041,4,D5041,농수산식품
농수산식품,식품,HSK-MTI 연계표,5041,4,D5041,농수산식품
농수산식품,농수산식품,HSK-MTI 연계표,5042,4,D5042,농수산식품
농수산식품,농수산,HSK-MTI 연계표,5042,4,D5042,농수산식품
농수산식품,수산,HSK-MTI 연계표,5042,4,D5042,농수산식품
농수산식품,식품,HSK-MTI 연계표,5042,4,D5042,농수산식품
농수산식품,농수산식품,HSK-MTI 연계표,5043,4,D5043,농수산식품
농수산식품,농수산,HSK-MTI 연계표,5043,4,D5043,농수산식품
농수산식품,수산,HSK-MTI 연계표,5043,4,D5043,농수산식품
농수산식품,식품,HSK-MTI 연계표,5043,4,D5043,농수산식품
농수산식품,농수산식품,HSK-MTI 연계표,5044,4,D5044,농수산식품
농수산식품,농수산,HSK-MTI 연계표,5044,4,D5044,농수산식품
농수산식품,수산,HSK-MTI 연계표,5044,4,D5044,농수산식품
농수산식품,식품,HSK-MTI 연계표,5044,4,D5044,농수산식품
농수산식품,농수산식품,HSK-MTI 연계표,5045,4,D5045,농수산식품
농수산식품,농수산,HSK-MTI 연계표,5045,4,D5045,농수산식품
농수산식품,수산,HSK-MTI 연계표,5045,4,D5045,농수산식품
농수산식품,식품,HSK-MTI 연계표,5045,4,D5045,농수산식품
농수산식품,농수산식품,HSK-MTI 연계표,5046,4,D5046,농수산식품
농수산식품,농수산,HSK-MTI 연계표,5046,4,D5046,농수산식품
농수산식품,수산,HSK-MTI 연계표,5046,4,D5046,농수산식품
농수산식품,식품,HSK-MTI 연계표,5046,4,D5046,농수산식품
농수산식품,농수산식품,HSK-MTI 연계표,5047,4,D5047,농수산식품
농수산식품,농수산,HSK-MTI 연계표,5047,4,D5047,농수산식품
농수산식품,수산,HSK-MTI 연계표,5047,4,D5047,농수산식품
농수산식품,식품,HSK-MTI 연계표,5047,4,D5047,농수산식품
농수산식품,농수산식품,HSK-MTI 연계표,5048,4,D5048,농수산식품
농수산식품,농수산,HSK-MTI 연계표,5048,4,D5048,농수산식품
농수산식품,수산,HSK-MTI 연계표,5048,4,D5048,농수산식품
농수산식품,식품,HSK-MTI 연계표,5048,4,D5048,농수산식품
농수산식품,농수산식품,HSK-MTI 연계표,5049,4,D5049,농수산식품
농수산식품,농수산,HSK-MTI 연계표,5049,4,D5049,농수산식품
농수산식품,수산,HSK-MTI 연계표,5049,4,D5049,농수산식품
농수산식품,식품,HSK-MTI 연계표,5049,4,D5049,농수산식품
농수산식품,농수산식품,HSK-MTI 연계표,5050,4,D5050,농수산식품
농수산식품,농수산,HSK-MTI 연계표,5050,4,D5050,농수산식품
농수산식품,수산,HSK-MTI 연계표,5050,4,D5050,농수산식품
농수산식품,식품,HSK-MTI 연계표,5050,4,D5050,농수산식품
농수산식품,농수산식품,HSK-MTI 연계표,5051,4,D5051,농수산식품
농수산식품,농수산,HSK-MTI 연계표,5051,4,D5051,농수산식품
농수산식품,수산,HSK-MTI 연계표,5051,4,D5051,농수산식품
농수산식품,식품,HSK-MTI 연계표,5051,4,D5051,농수산식품
농수산식품,농수산식품,HSK-MTI 연계표,5052,4,D5052,농수산식품
농수산식품,농수산,HSK-MTI 연계표,5052,4,D5052,농수산식품
농수산식품,수산,HSK-MTI 연계표,5052,4,D5052,농수산식품
농수산식품,식품,HSK-MTI 연계표,5052,4,D5052,농수산식품
농수산식품,농수산식품,HSK-MTI 연계표,5053,4,D5053,농수산식품
농수산식품,농수산,HSK-MTI 연계표,5053,4,D5053,농수산식품
농수산식품,수산,HSK-MTI 연계표,5053,4,D5053,농수산식품
농수산식품,식품,HSK-MTI 연계표,5053,4,D5053,농수산식품
농수산식품,농수산식품,HSK-MTI 연계표,5054,4,D5054,농수산식품
농수산식품,농수산,HSK-MTI 연계표,5054,4,D5054,농수산식품
농수산식품,수산,HSK-MTI 연계표,5054,4,D5054,농수산식품
농수산식품,식품,HSK-MTI 연계표,5054,4,D5054,농수산식품
농수산식품,농수산식품,HSK-MTI 연계표,5055,4,D5055,농수산식품
농수산식품,농수산,HSK-MTI 연계표,5055,4,D5055,농수산식품
농수산식품,수산,HSK-MTI 연계표,5055,4,D5055,농수산식품
농수산식품,식품,HSK-MTI 연계표,5055,4,D5055,농수산식품
농수산식품,농수산식품,HSK-MTI 연계표,5056,4,D5056,농수산식품
농수산식품,농수산,HSK-MTI 연계표,5056,4,D5056,농수산식품
농수산식품,수산,HSK-MTI 연계표,5056,4,D5056,농수산식품
농수산식품,식품,HSK-MTI 연계표,5056,4,D5056,농수산식품
농수산식품,농수산식품,HSK-MTI 연계표,5057,4,D5057,농수산식품
농수산식품,농수산,HSK-MTI 연계표,5057,4,D5057,농수산식품
농수산식품,수산,HSK-MTI 연계표,5057,4,D5057,농수산식품
농수산식품,식품,HSK-MTI 연계표,5057,4,D5057,농수산식품
농수산식품,농수산식품,HSK-MTI 연계표,5058,4,D5058,농수산식품
농수산식품,농수산,HSK-MTI 연계표,5058,4,D5058,농수산식품
농수산식품,수산,HSK-MTI 연계표,5058,4,D5058,농수산식품
농수산식품,식품,HSK-MTI 연계표,5058,4,D5058,농수산식품
농수산식품,농수산식품,HSK-MTI 연계표,5059,4,D5059,농수산식품
농수산식품,농수산,HSK-MTI 연계표,5059,4,D5059,농수산식품
농수산식품,수산,HSK-MTI 연계표,5059,4,D5059,농수산식품
농수산식품,식품,HSK-MTI 연계표,5059,4,D5059,농수산식품
농수산식품,농수산식품,HSK-MTI 연계표,5060,4,D5060,농수산식품
농수산식품,농수산,HSK-MTI 연계표,5060,4,D5060,농수산식품
농수산식품,수산,HSK-MTI 연계표,5060,4,D5060,농수산식품
농수산식품,식품,HSK-MTI 연계표,5060,4,D5060,농수산식품
농수산식품,농수산식품,HSK-MTI 연계표,5061,4,D5061,농수산식품
농수산식품,농수산,HSK-MTI 연계표,5061,4,D5061,농수산식품
농수산식품,수산,HSK-MTI 연계표,5061,4,D5061,농수산식품
농수산식품,식품,HSK-MTI 연계표,5061,4,D5061,농수산식품
농수산식품,농수산식품,HSK-MTI 연계표,5062,4,D5062,농수산식품
농수산식품,농수산,HSK-MTI 연계표,5062,4,D5062,농수산식품
농수산식품,수산,HSK-MTI 연계표,5062,4,D5062,농수산식품
농수산식품,식품,HSK-MTI 연계표,5062,4,D5062,농수산식품
농수산식품,농수산식품,HSK-MTI 연계표,5063,4,D5063,농수산식품
농수산식품,농수산,HSK-MTI 연계표,5063,4,D5063,농수산식품
농수산식품,수산,HSK-MTI 연계표,5063,4,D5063,농수산식품
농수산식품,식품,HSK-MTI 연계표,5063,4,D5063,농수산식품
농수산식품,농수산식품,HSK-MTI 연계표,5064,4,D5064,농수산식품
농수산식품,농수산,HSK-MTI 연계표,5064,4,D5064,농수산식품
농수산식품,수산,HSK-MTI 연계표,5064,4,D5064,농수산식품
농수산식품,식품,HSK-MTI 연계표,5064,4,D5064,농수산식품
농수산식품,농수산식품,HSK-MTI 연계표,5065,4,D5065,농수산식품
농수산식품,농수산,HSK-MTI 연계표,5065,4,D5065,농수산식품
농수산식품,수산,HSK-MTI 연계표,5065,4,D5065,농수산식품
농수산식품,식품,HSK-MTI 연계표,5065,4,D5065,농수산식품
농수산식품,농수산식품,HSK-MTI 연계표,5066,4,D5066,농수산식품
농수산식품,농수산,HSK-MTI 연계표,5066,4,D5066,농수산식품
농수산식품,수산,HSK-MTI 연계표,5066,4,D5066,농수산식품
농수산식품,식품,HSK-MTI 연계표,5066,4,D5066,농수산식품
농수산식품,농수산식품,HSK-MTI 연계표,5067,4,D5067,농수산식품
농수산식품,농수산,HSK-MTI 연계표,5067,4,D5067,농수산식품
농수산식품,수산,HSK-MTI 연계표,5067,4,D5067,농수산식품
농수산식품,식품,HSK-MTI 연계표,5067,4,D5067,농수산식품
농수산식품,농수산식품,HSK-MTI 연계표,5068,4,D5068,농수산식품
농수산식품,농수산,HSK-MTI 연계표,5068,4,D5068,농수산식품
농수산식품,수산,HSK-MTI 연계표,5068,4,D5068,농수산식품
농수산식품,식품,HSK-MTI 연계표,5068,4,D5068,농수산식품
농수산식품,농수산식품,HSK-MTI 연계표,5069,4,D5069,농수산식품
농수산식품,농수산,HSK-MTI 연계표,5069,4,D5069,농수산식품
농수산식품,수산,HSK-MTI 연계표,5069,4,D5069,농수산식품
농수산식품,식품,HSK-MTI 연계표,5069,4,D5069,농수산식품
농수산식품,농수산식품,HSK-MTI 연계표,5070,4,D5070,농수산식품
농수산식품,농수산,HSK-MTI 연계표,5070,4,D5070,농수산식품
농수산식품,수산,HSK-MTI 연계표,5070,4,D5070,농수산식품
농수산식품,식품,HSK-MTI 연계표,5070,4,D5070,농수산식품
농수산식품,농수산식품,HSK-MTI 연계표,5071,4,D5071,농수산식품
농수산식품,농수산,HSK-MTI 연계표,5071,4,D5071,농수산식품
농수산식품,수산,HSK-MTI 연계표,5071,4,D5071,농수산식품
농수산식품,식품,HSK-MTI 연계표,5071,4,D5071,농수산식품
농수산식품,농수산식품,HSK-MTI 연계표,5072,4,D5072,농수산식품
농수산식품,농수산,HSK-MTI 연계표,5072,4,D5072,농수산식품
농수산식품,수산,HSK-MTI 연계표,5072,4,D5072,농수산식품
농수산식품,식품,HSK-MTI 연계표,5072,4,D5072,농수산식품
농수산식품,농수산식품,HSK-MTI 연계표,5073,4,D5073,농수산식품
농수산식품,농수산,HSK-MTI 연계표,5073,4,D5073,농수산식품
농수산식품,수산,HSK-MTI 연계표,5073,4,D5073,농수산식품
농수산식품,식품,HSK-MTI 연계표,5073,4,D5073,농수산식품
농수산식품,농수산식품,HSK-MTI 연계표,5074,4,D5074,농수산식품
농수산식품,농수산,HSK-MTI 연계표,5074,4,D5074,농수산식품
농수산식품,수산,HSK-MTI 연계표,5074,4,D5074,농수산식품
농수산식품,식품,HSK-MTI 연계표,5074,4,D5074,농수산식품
농수산식품,농수산식품,HSK-MTI 연계표,5075,4,D5075,농수산식품
농수산식품,농수산,HSK-MTI 연계표,5075,4,D5075,농수산식품
농수산식품,수산,HSK-MTI 연계표,5075,4,D5075,농수산식품
농수산식품,식품,HSK-MTI 연계표,5075,4,D5075,농수산식품
농수산식품,농수산식품,HSK-MTI 연계표,5076,4,D5076,농수산식품
농수산식품,농수산,HSK-MTI 연계표,5076,4,D5076,농수산식품
농수산식품,수산,HSK-MTI 연계표,5076,4,D5076,농수산식품
농수산식품,식품,HSK-MTI 연계표,5076,4,D5076,농수산식품
농수산식품,농수산식품,HSK-MTI 연계표,5077,4,D5077,농수산식품
농수산식품,농수산,HSK-MTI 연계표,5077,4,D5077,농수산식품
농수산식품,수산,HSK-MTI 연계표,5077,4,D5077,농수산식품
농수산식품,식품,HSK-MTI 연계표,5077,4,D5077,농수산식품
농수산식품,농수산식품,HSK-MTI 연계표,5078,4,D5078,농수산식품
농수산식품,농수산,HSK-MTI 연계표,5078,4,D5078,농수산식품
농수산식품,수산,HSK-MTI 연계표,5078,4,D5078,농수산식품
농수산식품,식품,HSK-MTI 연계표,5078,4,D5078,농수산식품
농수산식품,농수산식품,HSK-MTI 연계표,5079,4,D5079,농수산식품
농수산식품,농수산,HSK-MTI 연계표,5079,4,D5079,농수산식품
농수산식품,수산,HSK-MTI 연계표,5079,4,D5079,농수산식품
농수산식품,식품,HSK-MTI 연계표,5079,4,D5079,농수산식품
농수산식품,농수산식품,HSK-MTI 연계표,5080,4,D5080,농수산식품
농수산식품,농수산,HSK-MTI 연계표,5080,4,D5080,농수산식품
농수산식품,수산,HSK-MTI 연계표,5080,4,D5080,농수산식품
농수산식품,식품,HSK-MTI 연계표,5080,4,D5080,농수산식품
농수산식품,농수산식품,HSK-MTI 연계표,5081,4,D5081,농수산식품
농수산식품,농수산,HSK-MTI 연계표,5081,4,D5081,농수산식품
농수산식품,수산,HSK-MTI 연계표,5081,4,D5081,농수산식품
농수산식품,식품,HSK-MTI 연계표,5081,4,D5081,농수산식품
농수산식품,농수산식품,HSK-MTI 연계표,5082,4,D5082,농수산식품
농수산식품,농수산,HSK-MTI 연계표,5082,4,D5082,농수산식품
농수산식품,수산,HSK-MTI 연계표,5082,4,D5082,농수산식품
농수산식품,식품,HSK-MTI 연계표,5082,4,D5082,농수산식품
농수산식품,농수산식품,HSK-MTI 연계표,5083,4,D5083,농수산식품
농수산식품,농수산,HSK-MTI 연계표,5083,4,D5083,농수산식품
농수산식품,수산,HSK-MTI 연계표,5083,4,D5083,농수산식품
농수산식품,식품,HSK-MTI 연계표,5083,4,D5083,농수산식품
농수산식품,농수산식품,HSK-MTI 연계표,5084,4,D5084,농수산식품
농수산식품,농수산,HSK-MTI 연계표,5084,4,D5084,농수산식품
농수산식품,수산,HSK-MTI 연계표,5084,4,D5084,농수산식품
농수산식품,식품,HSK-MTI 연계표,5084,4,D5084,농수산식품
농수산식품,농수산식품,HSK-MTI 연계표,5085,4,D5085,농수산식품
농수산식품,농수산,HSK-MTI 연계표,5085,4,D5085,농수산식품
농수산식품,수산,HSK-MTI 연계표,5085,4,D5085,농수산식품
농수산식품,식품,HSK-MTI 연계표,5085,4,D5085,농수산식품
농수산식품,농수산식품,HSK-MTI 연계표,5086,4,D5086,농수산식품
농수산식품,농수산,HSK-MTI 연계표,5086,4,D5086,농수산식품
농수산식품,수산,HSK-MTI 연계표,5086,4,D5086,농수산식품
농수산식품,식품,HSK-MTI 연계표,5086,4,D5086,농수산식품
농수산식품,농수산식품,HSK-MTI 연계표,5087,4,D5087,농수산식품
농수산식품,농수산,HSK-MTI 연계표,5087,4,D5087,농수산식품
농수산식품,수산,HSK-MTI 연계표,5087,4,D5087,농수산식품
농수산식품,식품,HSK-MTI 연계표,5087,4,D5087,농수산식품
농수산식품,농수산식품,HSK-MTI 연계표,5088,4,D5088,농수산식품
농수산식품,농수산,HSK-MTI 연계표,5088,4,D5088,농수산식품
농수산식품,수산,HSK-MTI 연계표,5088,4,D5088,농수산식품
농수산식품,식품,HSK-MTI 연계표,5088,4,D5088,농수산식품
농수산식품,농수산식품,HSK-MTI 연계표,5089,4,D5089,농수산식품
농수산식품,농수산,HSK-MTI 연계표,5089,4,D5089,농수산식품
농수산식품,수산,HSK-MTI 연계표,5089,4,D5089,농수산식품
농수산식품,식품,HSK-MTI 연계표,5089,4,D5089,농수산식품
농수산식품,농수산식품,HSK-MTI 연계표,5090,4,D5090,농수산식품
농수산식품,농수산,HSK-MTI 연계표,5090,4,D5090,농수산식품
농수산식품,수산,HSK-MTI 연계표,5090,4,D5090,농수산식품
농수산식품,식품,HSK-MTI 연계표,5090,4,D5090,농수산식품
농수산식품,농수산식품,HSK-MTI 연계표,5091,4,D5091,농수산식품
농수산식품,농수산,HSK-MTI 연계표,5091,4,D5091,농수산식품
농수산식품,수산,HSK-MTI 연계표,5091,4,D5091,농수산식품
농수산식품,식품,HSK-MTI 연계표,5091,4,D5091,농수산식품
농수산식품,농수산식품,HSK-MTI 연계표,5092,4,D5092,농수산식품
농수산식품,농수산,HSK-MTI 연계표,5092,4,D5092,농수산식품
농수산식품,수산,HSK-MTI 연계표,5092,4,D5092,농수산식품
농수산식품,식품,HSK-MTI 연계표,5092,4,D5092,농수산식품
농수산식품,농수산식품,HSK-MTI 연계표,5093,4,D5093,농수산식품
농수산식품,농수산,HSK-MTI 연계표,5093,4,D5093,농수산식품
농수산식품,수산,HSK-MTI 연계표,5093,4,D5093,농수산식품
농수산식품,식품,HSK-MTI 연계표,5093,4,D5093,농수산식품
농수산식품,농수산식품,HSK-MTI 연계표,5094,4,D5094,농수산식품
농수산식품,농수산,HSK-MTI 연계표,5094,4,D5094,농수산식품
농수산식품,수산,HSK-MTI 연계표,5094,4,D5094,농수산식품
농수산식품,식품,HSK-MTI 연계표,5094,4,D5094,농수산식품
농수산식품,농수산식품,HSK-MTI 연계표,5095,4,D5095,농수산식품
농수산식품,농수산,HSK-MTI 연계표,5095,4,D5095,농수산식품
농수산식품,수산,HSK-MTI 연계표,5095,4,D5095,농수산식품
농수산식품,식품,HSK-MTI 연계표,5095,4,D5095,농수산식품
농수산식품,농수산식품,HSK-MTI 연계표,5096,4,D5096,농수산식품
농수산식품,농수산,HSK-MTI 연계표,5096,4,D5096,농수산식품
농수산식품,수산,HSK-MTI 연계표,5096,4,D5096,농수산식품
농수산식품,식품,HSK-MTI 연계표,5096,4,D5096,농수산식품
농수산식품,농수산식품,HSK-MTI 연계표,5097,4,D5097,농수산식품
농수산식품,농수산,HSK-MTI 연계표,5097,4,D5097,농수산식품
농수산식품,수산,HSK-MTI 연계표,5097,4,D5097,농수산식품
농수산식품,식품,HSK-MTI 연계표,5097,4,D5097,농수산식품
농수산식품,농수산식품,HSK-MTI 연계표,5098,4,D5098,농수산식품
농수산식품,농수산,HSK-MTI 연계표,5098,4,D5098,농수산식품
농수산식품,수산,HSK-MTI 연계표,5098,4,D5098,농수산식품
농수산식품,식품,HSK-MTI 연계표,5098,4,D5098,농수산식품
농수산식품,농수산식품,HSK-MTI 연계표,5099,4,D5099,농수산식품
농수산식품,농수산,HSK-MTI 연계표,5099,4,D5099,농수산식품
농수산식품,수산,HSK-MTI 연계표,5099,4,D5099,농수산식품
농수산식품,식품,HSK-MTI 연계표,5099,4,D5099,농수산식품
농수산식품,농수산식품,HSK-MTI 연계표,5100,4,D5100,농수산식품
농수산식품,농수산,HSK-MTI 연계표,5100,4,D5100,농수산식품
농수산식품,수산,HSK-MTI 연계표,5100,4,D5100,농수산식품
농수산식품,식품,HSK-MTI 연계표,5100,4,D5100,농수산식품
농수산식품,농수산식품,HSK-MTI 연계표,5101,4,D5101,농수산식품
농수산식품,농수산,HSK-MTI 연계표,5101,4,D5101,농수산식품
농수산식품,수산,HSK-MTI 연계표,5101,4,D5101,농수산식품
농수산식품,식품,HSK-MTI 연계표,5101,4,D5101,농수산식품
농수산식품,농수산식품,HSK-MTI 연계표,5102,4,D5102,농수산식품
농수산식품,농수산,HSK-MTI 연계표,5102,4,D5102,농수산식품
농수산식품,수산,HSK-MTI 연계표,5102,4,D5102,농수산식품
농수산식품,식품,HSK-MTI 연계표,5102,4,D5102,농수산식품
농수산식품,농수산식품,HSK-MTI 연계표,5103,4,D5103,농수산식품
농수산식품,농수산,HSK-MTI 연계표,5103,4,D5103,농수산식품
농수산식품,수산,HSK-MTI 연계표,5103,4,D5103,농수산식품
농수산식품,식품,HSK-MTI 연계표,5103,4,D5103,농수산식품
농수산식품,농수산식품,HSK-MTI 연계표,5104,4,D5104,농수산식품
농수산식품,농수산,HSK-MTI 연계표,5104,4,D5104,농수산식품
농수산식품,수산,HSK-MTI 연계표,5104,4,D5104,농수산식품
농수산식품,식품,HSK-MTI 연계표,5104,4,D5104,농수산식품
농수산식품,농수산식품,HSK-MTI 연계표,5105,4,D5105,농수산식품
농수산식품,농수산,HSK-MTI 연계표,5105,4,D5105,농수산식품
농수산식품,수산,HSK-MTI 연계표,5105,4,D5105,농수산식품
농수산식품,식품,HSK-MTI 연계표,5105,4,D5105,농수산식품
농수산식품,농수산식품,HSK-MTI 연계표,5106,4,D5106,농수산식품
농수산식품,농수산,HSK-MTI 연계표,5106,4,D5106,농수산식품
농수산식품,수산,HSK-MTI 연계표,5106,4,D5106,농수산식품
농수산식품,식품,HSK-MTI 연계표,5106,4,D5106,농수산식품
농수산식품,농수산식품,HSK-MTI 연계표,5107,4,D5107,농수산식품
농수산식품,농수산,HSK-MTI 연계표,5107,4,D5107,농수산식품
농수산식품,수산,HSK-MTI 연계표,5107,4,D5107,농수산식품
농수산식품,식품,HSK-MTI 연계표,5107,4,D5107,농수산식품
농수산식품,농수산식품,HSK-MTI 연계표,5108,4,D5108,농수산식품
농수산식품,농수산,HSK-MTI 연계표,5108,4,D5108,농수산식품
농수산식품,수산,HSK-MTI 연계표,5108,4,D5108,농수산식품
농수산식품,식품,HSK-MTI 연계표,5108,4,D5108,농수산식품
농수산식품,농수산식품,HSK-MTI 연계표,5109,4,D5109,농수산식품
농수산식품,농수산,HSK-MTI 연계표,5109,4,D5109,농수산식품
농수산식품,수산,HSK-MTI 연계표,5109,4,D5109,농수산식품
농수산식품,식품,HSK-MTI 연계표,5109,4,D5109,농수산식품
농수산식품,농수산식품,HSK-MTI 연계표,5110,4,D5110,농수산식품
농수산식품,농수산,HSK-MTI 연계표,5110,4,D5110,농수산식품
농수산식품,수산,HSK-MTI 연계표,5110,4,D5110,농수산식품
농수산식품,식품,HSK-MTI 연계표,5110,4,D5110,농수산식품
농수산식품,농수산식품,HSK-MTI 연계표,5111,4,D5111,농수산식품
농수산식품,농수산,HSK-MTI 연계표,5111,4,D5111,농수산식품
농수산식품,수산,HSK-MTI 연계표,5111,4,D5111,농수산식품
농수산식품,식품,HSK-MTI 연계표,5111,4,D5111,농수산식품
농수산식품,농수산식품,HSK-MTI 연계표,5112,4,D5112,농수산식품
농수산식품,농수산,HSK-MTI 연계표,5112,4,D5112,농수산식품
농수산식품,수산,HSK-MTI 연계표,5112,4,D5112,농수산식품
농수산식품,식품,HSK-MTI 연계표,5112,4,D5112,농수산식품
농수산식품,농수산식품,HSK-MTI 연계표,5113,4,D5113,농수산식품
농수산식품,농수산,HSK-MTI 연계표,5113,4,D5113,농수산식품
농수산식품,수산,HSK-MTI 연계표,5113,4,D5113,농수산식품
농수산식품,식품,HSK-MTI 연계표,5113,4,D5113,농수산식품
농수산식품,농수산식품,HSK-MTI 연계표,5114,4,D5114,농수산식품
농수산식품,농수산,HSK-MTI 연계표,5114,4,D5114,농수산식품
농수산식품,수산,HSK-MTI 연계표,5114,4,D5114,농수산식품
농수산식품,식품,HSK-MTI 연계표,5114,4,D5114,농수산식품
농수산식품,농수산식품,HSK-MTI 연계표,5115,4,D5115,농수산식품
농수산식품,농수산,HSK-MTI 연계표,5115,4,D5115,농수산식품
농수산식품,수산,HSK-MTI 연계표,5115,4,D5115,농수산식품
농수산식품,식품,HSK-MTI 연계표,5115,4,D5115,농수산식품
농수산식품,농수산식품,HSK-MTI 연계표,5116,4,D5116,농수산식품
농수산식품,농수산,HSK-MTI 연계표,5116,4,D5116,농수산식품
농수산식품,수산,HSK-MTI 연계표,5116,4,D5116,농수산식품
농수산식품,식품,HSK-MTI 연계표,5116,4,D5116,농수산식품
농수산식품,농수산식품,HSK-MTI 연계표,5117,4,D5117,농수산식품
농수산식품,농수산,HSK-MTI 연계표,5117,4,D5117,농수산식품
농수산식품,수산,HSK-MTI 연계표,5117,4,D5117,농수산식품
농수산식품,식품,HSK-MTI 연계표,5117,4,D5117,농수산식품
농수산식품,농수산식품,HSK-MTI 연계표,5118,4,D5118,농수산식품
농수산식품,농수산,HSK-MTI 연계표,5118,4,D5118,농수산식품
농수산식품,수산,HSK-MTI 연계표,5118,4,D5118,농수산식품
농수산식품,식품,HSK-MTI 연계표,5118,4,D5118,농수산식품
농수산식품,농수산식품,HSK-MTI 연계표,5119,4,D5119,농수산식품
농수산식품,농수산,HSK-MTI 연계표,5119,4,D5119,농수산식품
농수산식품,수산,HSK-MTI 연계표,5119,4,D5119,농수산식품
농수산식품,식품,HSK-MTI 연계표,5119,4,D5119,농수산식품
농수산식품,농수산식품,HSK-MTI 연계표,5120,4,D5120,농수산식품
농수산식품,농수산,HSK-MTI 연계표,5120,4,D5120,농수산식품
농수산식품,수산,HSK-MTI 연계표,5120,4,D5120,농수산식품
농수산식품,식품,HSK-MTI 연계표,5120,4,D5120,농수산식품
농수산식품,농수산식품,HSK-MTI 연계표,5121,4,D5121,농수산식품
농수산식품,농수산,HSK-MTI 연계표,5121,4,D5121,농수산식품
농수산식품,수산,HSK-MTI 연계표,5121,4,D5121,농수산식품
농수산식품,식품,HSK-MTI 연계표,5121,4,D5121,농수산식품
농수산식품,농수산식품,HSK-MTI 연계표,5122,4,D5122,농수산식품
농수산식품,농수산,HSK-MTI 연계표,5122,4,D5122,농수산식품
농수산식품,수산,HSK-MTI 연계표,5122,4,D5122,농수산식품
농수산식품,식품,HSK-MTI 연계표,5122,4,D5122,농수산식품
농수산식품,농수산식품,HSK-MTI 연계표,5123,4,D5123,농수산식품
농수산식품,농수산,HSK-MTI 연계표,5123,4,D5123,농수산식품
농수산식품,수산,HSK-MTI 연계표,5123,4,D5123,농수산식품
농수산식품,식품,HSK-MTI 연계표,5123,4,D5123,농수산식품
농수산식품,농수산식품,HSK-MTI 연계표,5124,4,D5124,농수산식품
농수산식품,농수산,HSK-MTI 연계표,5124,4,D5124,농수산식품
농수산식품,수산,HSK-MTI 연계표,5124,4,D5124,농수산식품
농수산식품,식품,HSK-MTI 연계표,5124,4,D5124,농수산식품
농수산식품,농수산식품,HSK-MTI 연계표,5125,4,D5125,농수산식품
농수산식품,농수산,HSK-MTI 연계표,5125,4,D5125,농수산식품
농수산식품,수산,HSK-MTI 연계표,5125,4,D5125,농수산식품
농수산식품,식품,HSK-MTI 연계표,5125,4,D5125,농수산식품
농수산식품,농수산식품,HSK-MTI 연계표,5126,4,D5126,농수산식품
농수산식품,농수산,HSK-MTI 연계표,5126,4,D5126,농수산식품
농수산식품,수산,HSK-MTI 연계표,5126,4,D5126,농수산식품
농수산식품,식품,HSK-MTI 연계표,5126,4,D5126,농수산식품
농수산식품,농수산식품,HSK-MTI 연계표,5127,4,D5127,농수산식품
농수산식품,농수산,HSK-MTI 연계표,5127,4,D5127,농수산식품
농수산식품,수산,HSK-MTI 연계표,5127,4,D5127,농수산식품
농수산식품,식품,HSK-MTI 연계표,5127,4,D5127,농수산식품
농수산식품,농수산식품,HSK-MTI 연계표,5128,4,D5128,농수산식품
농수산식품,농수산,HSK-MTI 연계표,5128,4,D5128,농수산식품
농수산식품,수산,HSK-MTI 연계표,5128,4,D5128,농수산식품
농수산식품,식품,HSK-MTI 연계표,5128,4,D5128,농수산식품
농수산식품,농수산식품,HSK-MTI 연계표,5129,4,D5129,농수산식품
농수산식품,농수산,HSK-MTI 연계표,5129,4,D5129,농수산식품
농수산식품,수산,HSK-MTI 연계표,5129,4,D5129,농수산식품
농수산식품,식품,HSK-MTI 연계표,5129,4,D5129,농수산식품
농수산식품,농수산식품,HSK-MTI 연계표,5130,4,D5130,농수산식품
농수산식품,농수산,HSK-MTI 연계표,5130,4,D5130,농수산식품
농수산식품,수산,HSK-MTI 연계표,5130,4,D5130,농수산식품
농수산식품,식품,HSK-MTI 연계표,5130,4,D5130,농수산식품
농수산식품,농수산식품,HSK-MTI 연계표,5131,4,D5131,농수산식품
농수산식품,농수산,HSK-MTI 연계표,5131,4,D5131,농수산식품
농수산식품,수산,HSK-MTI 연계표,5131,4,D5131,농수산식품
농수산식품,식품,HSK-MTI 연계표,5131,4,D5131,농수산식품
농수산식품,농수산식품,HSK-MTI 연계표,5132,4,D5132,농수산식품
농수산식품,농수산,HSK-MTI 연계표,5132,4,D5132,농수산식품
농수산식품,수산,HSK-MTI 연계표,5132,4,D5132,농수산식품
농수산식품,식품,HSK-MTI 연계표,5132,4,D5132,농수산식품
농수산식품,농수산식품,HSK-MTI 연계표,5133,4,D5133,농수산식품
농수산식품,농수산,HSK-MTI 연계표,5133,4,D5133,농수산식품
농수산식품,수산,HSK-MTI 연계표,5133,4,D5133,농수산식품
농수산식품,식품,HSK-MTI 연계표,5133,4,D5133,농수산식품
농수산식품,농수산식품,HSK-MTI 연계표,5134,4,D5134,농수산식품
농수산식품,농수산,HSK-MTI 연계표,5134,4,D5134,농수산식품
농수산식품,수산,HSK-MTI 연계표,5134,4,D5134,농수산식품
농수산식품,식품,HSK-MTI 연계표,5134,4,D5134,농수산식품
농수산식품,농수산식품,HSK-MTI 연계표,5135,4,D5135,농수산식품
농수산식품,농수산,HSK-MTI 연계표,5135,4,D5135,농수산식품
농수산식품,수산,HSK-MTI 연계표,5135,4,D5135,농수산식품
농수산식품,식품,HSK-MTI 연계표,5135,4,D5135,농수산식품
농수산식품,농수산식품,HSK-MTI 연계표,5136,4,D5136,농수산식품
농수산식품,농수산,HSK-MTI 연계표,5136,4,D5136,농수산식품
농수산식품,수산,HSK-MTI 연계표,5136,4,D5136,농수산식품
농수산식품,식품,HSK-MTI 연계표,5136,4,D5136,농수산식품
농수산식품,농수산식품,HSK-MTI 연계표,5137,4,D5137,농수산식품
농수산식품,농수산,HSK-MTI 연계표,5137,4,D5137,농수산식품
농수산식품,수산,HSK-MTI 연계표,5137,4,D5137,농수산식품
농수산식품,식품,HSK-MTI 연계표,5137,4,D5137,농수산식품
농수산식품,농수산식품,HSK-MTI 연계표,5138,4,D5138,농수산식품
농수산식품,농수산,HSK-MTI 연계표,5138,4,D5138,농수산식품
농수산식품,수산,HSK-MTI 연계표,5138,4,D5138,농수산식품
농수산식품,식품,HSK-MTI 연계표,5138,4,D5138,농수산식품
농수산식품,농수산식품,HSK-MTI 연계표,5139,4,D5139,농수산식품
농수산식품,농수산,HSK-MTI 연계표,5139,4,D5139,농수산식품
농수산식품,수산,HSK-MTI 연계표,5139,4,D5139,농수산식품
농수산식품,식품,HSK-MTI 연계표,5139,4,D5139,농수산식품
농수산식품,농수산식품,HSK-MTI 연계표,5140,4,D5140,농수산식품
농수산식품,농수산,HSK-MTI 연계표,5140,4,D5140,농수산식품
농수산식품,수산,HSK-MTI 연계표,5140,4,D5140,농수산식품
농수산식품,식품,HSK-MTI 연계표,5140,4,D5140,농수산식품
농수산식품,농수산식품,HSK-MTI 연계표,5141,4,D5141,농수산식품
농수산식품,농수산,HSK-MTI 연계표,5141,4,D5141,농수산식품
농수산식품,수산,HSK-MTI 연계표,5141,4,D5141,농수산식품
농수산식품,식품,HSK-MTI 연계표,5141,4,D5141,농수산식품
농수산식품,농수산식품,HSK-MTI 연계표,5142,4,D5142,농수산식품
농수산식품,농수산,HSK-MTI 연계표,5142,4,D5142,농수산식품
농수산식품,수산,HSK-MTI 연계표,5142,4,D5142,농수산식품
농수산식품,식품,HSK-MTI 연계표,5142,4,D5142,농수산식품
농수산식품,농수산식품,HSK-MTI 연계표,5143,4,D5143,농수산식품
농수산식품,농수산,HSK-MTI 연계표,5143,4,D5143,농수산식품
농수산식품,수산,HSK-MTI 연계표,5143,4,D5143,농수산식품
농수산식품,식품,HSK-MTI 연계표,5143,4,D5143,농수산식품
농수산식품,농수산식품,HSK-MTI 연계표,5144,4,D5144,농수산식품
농수산식품,농수산,HSK-MTI 연계표,5144,4,D5144,농수산식품
농수산식품,수산,HSK-MTI 연계표,5144,4,D5144,농수산식품
농수산식품,식품,HSK-MTI 연계표,5144,4,D5144,농수산식품
농수산식품,농수산식품,HSK-MTI 연계표,5145,4,D5145,농수산식품
농수산식품,농수산,HSK-MTI 연계표,5145,4,D5145,농수산식품
농수산식품,수산,HSK-MTI 연계표,5145,4,D5145,농수산식품
농수산식품,식품,HSK-MTI 연계표,5145,4,D5145,농수산식품
농수산식품,농수산식품,HSK-MTI 연계표,5146,4,D5146,농수산식품
농수산식품,농수산,HSK-MTI 연계표,5146,4,D5146,농수산식품
농수산식품,수산,HSK-MTI 연계표,5146,4,D5146,농수산식품
농수산식품,식품,HSK-MTI 연계표,5146,4,D5146,농수산식품
농수산식품,농수산식품,HSK-MTI 연계표,5147,4,D5147,농수산식품
농수산식품,농수산,HSK-MTI 연계표,5147,4,D5147,농수산식품
농수산식품,수산,HSK-MTI 연계표,5147,4,D5147,농수산식품
농수산식품,식품,HSK-MTI 연계표,5147,4,D5147,농수산식품
농수산식품,농수산식품,HSK-MTI 연계표,5148,4,D5148,농수산식품
농수산식품,농수산,HSK-MTI 연계표,5148,4,D5148,농수산식품
농수산식품,수산,HSK-MTI 연계표,5148,4,D5148,농수산식품
농수산식품,식품,HSK-MTI 연계표,5148,4,D5148,농수산식품
농수산식품,농수산식품,HSK-MTI 연계표,5149,4,D5149,농수산식품
농수산식품,농수산,HSK-MTI 연계표,5149,4,D5149,농수산식품
농수산식품,수산,HSK-MTI 연계표,5149,4,D5149,농수산식품
농수산식품,식품,HSK-MTI 연계표,5149,4,D5149,농수산식품
농수산식품,농수산식품,HSK-MTI 연계표,5150,4,D5150,농수산식품
농수산식품,농수산,HSK-MTI 연계표,5150,4,D5150,농수산식품
농수산식품,수산,HSK-MTI 연계표,5150,4,D5150,농수산식품
농수산식품,식품,HSK-MTI 연계표,5150,4,D5150,농수산식품
농수산식품,농수산식품,HSK-MTI 연계표,5151,4,D5151,농수산식품
농수산식품,농수산,HSK-MTI 연계표,5151,4,D5151,농수산식품
농수산식품,수산,HSK-MTI 연계표,5151,4,D5151,농수산식품
농수산식품,식품,HSK-MTI 연계표,5151,4,D5151,농수산식품
농수산식품,농수산식품,HSK-MTI 연계표,5152,4,D5152,농수산식품
농수산식품,농수산,HSK-MTI 연계표,5152,4,D5152,농수산식품
농수산식품,수산,HSK-MTI 연계표,5152,4,D5152,농수산식품
농수산식품,식품,HSK-MTI 연계표,5152,4,D5152,농수산식품
농수산식품,농수산식품,HSK-MTI 연계표,5153,4,D5153,농수산식품
농수산식품,농수산,HSK-MTI 연계표,5153,4,D5153,농수산식품
농수산식품,수산,HSK-MTI 연계표,5153,4,D5153,농수산식품
농수산식품,식품,HSK-MTI 연계표,5153,4,D5153,농수산식품
농수산식품,농수산식품,HSK-MTI 연계표,5154,4,D5154,농수산식품
농수산식품,농수산,HSK-MTI 연계표,5154,4,D5154,농수산식품
농수산식품,수산,HSK-MTI 연계표,5154,4,D5154,농수산식품
농수산식품,식품,HSK-MTI 연계표,5154,4,D5154,농수산식품
농수산식품,농수산식품,HSK-MTI 연계표,5155,4,D5155,농수산식품
농수산식품,농수산,HSK-MTI 연계표,5155,4,D5155,농수산식품
농수산식품,수산,HSK-MTI 연계표,5155,4,D5155,농수산식품
농수산식품,식품,HSK-MTI 연계표,5155,4,D5155,농수산식품
농수산식품,농수산식품,HSK-MTI 연계표,5156,4,D5156,농수산식품
농수산식품,농수산,HSK-MTI 연계표,5156,4,D5156,농수산식품
농수산식품,수산,HSK-MTI 연계표,5156,4,D5156,농수산식품
농수산식품,식품,HSK-MTI 연계표,5156,4,D5156,농수산식품
농수산식품,농수산식품,HSK-MTI 연계표,5157,4,D5157,농수산식품
농수산식품,농수산,HSK-MTI 연계표,5157,4,D5157,농수산식품
농수산식품,수산,HSK-MTI 연계표,5157,4,D5157,농수산식품
농수산식품,식품,HSK-MTI 연계표,5157,4,D5157,농수산식품
농수산식품,농수산식품,HSK-MTI 연계표,5158,4,D5158,농수산식품
농수산식품,농수산,HSK-MTI 연계표,5158,4,D5158,농수산식품
농수산식품,수산,HSK-MTI 연계표,5158,4,D5158,농수산식품
농수산식품,식품,HSK-MTI 연계표,5158,4,D5158,농수산식품
농수산식품,농수산식품,HSK-MTI 연계표,5159,4,D5159,농수산식품
농수산식품,농수산,HSK-MTI 연계표,5159,4,D5159,농수산식품
농수산식품,수산,HSK-MTI 연계표,5159,4,D5159,농수산식품
농수산식품,식품,HSK-MTI 연계표,5159,4,D5159,농수산식품
농수산식품,농수산식품,HSK-MTI 연계표,5160,4,D5160,농수산식품
농수산식품,농수산,HSK-MTI 연계표,5160,4,D5160,농수산식품
농수산식품,수산,HSK-MTI 연계표,5160,4,D5160,농수산식품
농수산식품,식품,HSK-MTI 연계표,5160,4,D5160,농수산식품
농수산식품,농수산식품,HSK-MTI 연계표,5161,4,D5161,농수산식품
농수산식품,농수산,HSK-MTI 연계표,5161,4,D5161,농수산식품
농수산식품,수산,HSK-MTI 연계표,5161,4,D5161,농수산식품
농수산식품,식품,HSK-MTI 연계표,5161,4,D5161,농수산식품
농수산식품,농수산식품,HSK-MTI 연계표,5162,4,D5162,농수산식품
농수산식품,농수산,HSK-MTI 연계표,5162,4,D5162,농수산식품
농수산식품,수산,HSK-MTI 연계표,5162,4,D5162,농수산식품
농수산식품,식품,HSK-MTI 연계표,5162,4,D5162,농수산식품
농수산식품,농수산식품,HSK-MTI 연계표,5163,4,D5163,농수산식품
농수산식품,농수산,HSK-MTI 연계표,5163,4,D5163,농수산식품
농수산식품,수산,HSK-MTI 연계표,5163,4,D5163,농수산식품
농수산식품,식품,HSK-MTI 연계표,5163,4,D5163,농수산식품
농수산식품,농수산식품,HSK-MTI 연계표,5164,4,D5164,농수산식품
농수산식품,농수산,HSK-MTI 연계표,5164,4,D5164,농수산식품
농수산식품,수산,HSK-MTI 연계표,5164,4,D5164,농수산식품
농수산식품,식품,HSK-MTI 연계표,5164,4,D5164,농수산식품
농수산식품,농수산식품,HSK-MTI 연계표,5165,4,D5165,농수산식품
농수산식품,농수산,HSK-MTI 연계표,5165,4,D5165,농수산식품
농수산식품,수산,HSK-MTI 연계표,5165,4,D5165,농수산식품
농수산식품,식품,HSK-MTI 연계표,5165,4,D5165,농수산식품
농수산식품,농수산식품,HSK-MTI 연계표,5166,4,D5166,농수산식품
농수산식품,농수산,HSK-MTI 연계표,5166,4,D5166,농수산식품
농수산식품,수산,HSK-MTI 연계표,5166,4,D5166,농수산식품
농수산식품,식품,HSK-MTI 연계표,5166,4,D5166,농수산식품
농수산식품,농수산식품,HSK-MTI 연계표,5167,4,D5167,농수산식품
농수산식품,농수산,HSK-MTI 연계표,5167,4,D5167,농수산식품
농수산식품,수산,HSK-MTI 연계표,5167,4,D5167,농수산식품
농수산식품,식품,HSK-MTI 연계표,5167,4,D5167,농수산식품
농수산식품,농수산식품,HSK-MTI 연계표,5168,4,D5168,농수산식품
농수산식품,농수산,HSK-MTI 연계표,5168,4,D5168,농수산식품
농수산식품,수산,HSK-MTI 연계표,5168,4,D5168,농수산식품
농수산식품,식품,HSK-MTI 연계표,5168,4,D5168,농수산식품
농수산식품,농수산식품,HSK-MTI 연계표,5169,4,D5169,농수산식품
농수산식품,농수산,HSK-MTI 연계표,5169,4,D5169,농수산식품
농수산식품,수산,HSK-MTI 연계표,5169,4,D5169,농수산식품
농수산식품,식품,HSK-MTI 연계표,5169,4,D5169,농수산식품
농수산식품,농수산식품,HSK-MTI 연계표,5170,4,D5170,농수산식품
농수산식품,농수산,HSK-MTI 연계표,5170,4,D5170,농수산식품
농수산식품,수산,HSK-MTI 연계표,5170,4,D5170,농수산식품
농수산식품,식품,HSK-MTI 연계표,5170,4,D5170,농수산식품
농수산식품,농수산식품,HSK-MTI 연계표,5171,4,D5171,농수산식품
농수산식품,농수산,HSK-MTI 연계표,5171,4,D5171,농수산식품
농수산식품,수산,HSK-MTI 연계표,5171,4,D5171,농수산식품
농수산식품,식품,HSK-MTI 연계표,5171,4,D5171,농수산식품
농수산식품,농수산식품,HSK-MTI 연계표,5172,4,D5172,농수산식품
농수산식품,농수산,HSK-MTI 연계표,5172,4,D5172,농수산식품
농수산식품,수산,HSK-MTI 연계표,5172,4,D5172,농수산식품
농수산식품,식품,HSK-MTI 연계표,5172,4,D5172,농수산식품
농수산식품,농수산식품,HSK-MTI 연계표,5173,4,D5173,농수산식품
농수산식품,농수산,HSK-MTI 연계표,5173,4,D5173,농수산식품
농수산식품,수산,HSK-MTI 연계표,5173,4,D5173,농수산식품
농수산식품,식품,HSK-MTI 연계표,5173,4,D5173,농수산식품
농수산식품,농수산식품,HSK-MTI 연계표,5174,4,D5174,농수산식품
농수산식품,농수산,HSK-MTI 연계표,5174,4,D5174,농수산식품
농수산식품,수산,HSK-MTI 연계표,5174,4,D5174,농수산식품
농수산식품,식품,HSK-MTI 연계표,5174,4,D5174,농수산식품
농수산식품,농수산식품,HSK-MTI 연계표,5175,4,D5175,농수산식품
농수산식품,농수산,HSK-MTI 연계표,5175,4,D5175,농수산식품
농수산식품,수산,HSK-MTI 연계표,5175,4,D5175,농수산식품
농수산식품,식품,HSK-MTI 연계표,5175,4,D5175,농수산식품
농수산식품,농수산식품,HSK-MTI 연계표,5176,4,D5176,농수산식품
농수산식품,농수산,HSK-MTI 연계표,5176,4,D5176,농수산식품
농수산식품,수산,HSK-MTI 연계표,5176,4,D5176,농수산식품
농수산식품,식품,HSK-MTI 연계표,5176,4,D5176,농수산식품
농수산식품,농수산식품,HSK-MTI 연계표,5177,4,D5177,농수산식품
농수산식품,농수산,HSK-MTI 연계표,5177,4,D5177,농수산식품
농수산식품,수산,HSK-MTI 연계표,5177,4,D5177,농수산식품
농수산식품,식품,HSK-MTI 연계표,5177,4,D5177,농수산식품
농수산식품,농수산식품,HSK-MTI 연계표,5178,4,D5178,농수산식품
농수산식품,농수산,HSK-MTI 연계표,5178,4,D5178,농수산식품
농수산식품,수산,HSK-MTI 연계표,5178,4,D5178,농수산식품
농수산식품,식품,HSK-MTI 연계표,5178,4,D5178,농수산식품
농수산식품,농수산식품,HSK-MTI 연계표,5179,4,D5179,농수산식품
농수산식품,농수산,HSK-MTI 연계표,5179,4,D5179,농수산식품
농수산식품,수산,HSK-MTI 연계표,5179,4,D5179,농수산식품
농수산식품,식품,HSK-MTI 연계표,5179,4,D5179,농수산식품
농수산식품,농수산식품,HSK-MTI 연계표,5180,4,D5180,농수산식품
농수산식품,농수산,HSK-MTI 연계표,5180,4,D5180,농수산식품
농수산식품,수산,HSK-MTI 연계표,5180,4,D5180,농수산식품
농수산식품,식품,HSK-MTI 연계표,5180,4,D5180,농수산식품
농수산식품,농수산식품,HSK-MTI 연계표,5181,4,D5181,농수산식품
농수산식품,농수산,HSK-MTI 연계표,5181,4,D5181,농수산식품
농수산식품,수산,HSK-MTI 연계표,5181,4,D5181,농수산식품
농수산식품,식품,HSK-MTI 연계표,5181,4,D5181,농수산식품
농수산식품,농수산식품,HSK-MTI 연계표,5182,4,D5182,농수산식품
농수산식품,농수산,HSK-MTI 연계표,5182,4,D5182,농수산식품
농수산식품,수산,HSK-MTI 연계표,5182,4,D5182,농수산식품
농수산식품,식품,HSK-MTI 연계표,5182,4,D5182,농수산식품
농수산식품,농수산식품,HSK-MTI 연계표,5183,4,D5183,농수산식품
농수산식품,농수산,HSK-MTI 연계표,5183,4,D5183,농수산식품
농수산식품,수산,HSK-MTI 연계표,5183,4,D5183,농수산식품
농수산식품,식품,HSK-MTI 연계표,5183,4,D5183,농수산식품
농수산식품,농수산식품,HSK-MTI 연계표,5184,4,D5184,농수산식품
농수산식품,농수산,HSK-MTI 연계표,5184,4,D5184,농수산식품
농수산식품,수산,HSK-MTI 연계표,5184,4,D5184,농수산식품
농수산식품,식품,HSK-MTI 연계표,5184,4,D5184,농수산식품
농수산식품,농수산식품,HSK-MTI 연계표,5185,4,D5185,농수산식품
농수산식품,농수산,HSK-MTI 연계표,5185,4,D5185,농수산식품
농수산식품,수산,HSK-MTI 연계표,5185,4,D5185,농수산식품
농수산식품,식품,HSK-MTI 연계표,5185,4,D5185,농수산식품
농수산식품,농수산식품,HSK-MTI 연계표,5186,4,D5186,농수산식품
농수산식품,농수산,HSK-MTI 연계표,5186,4,D5186,농수산식품
농수산식품,수산,HSK-MTI 연계표,5186,4,D5186,농수산식품
농수산식품,식품,HSK-MTI 연계표,5186,4,D5186,농수산식품
농수산식품,농수산식품,HSK-MTI 연계표,5187,4,D5187,농수산식품
농수산식품,농수산,HSK-MTI 연계표,5187,4,D5187,농수산식품
농수산식품,수산,HSK-MTI 연계표,5187,4,D5187,농수산식품
농수산식품,식품,HSK-MTI 연계표,5187,4,D5187,농수산식품
농수산식품,농수산식품,HSK-MTI 연계표,5188,4,D5188,농수산식품
농수산식품,농수산,HSK-MTI 연계표,5188,4,D5188,농수산식품
농수산식품,수산,HSK-MTI 연계표,5188,4,D5188,농수산식품
농수산식품,식품,HSK-MTI 연계표,5188,4,D5188,농수산식품
농수산식품,농수산식품,HSK-MTI 연계표,5189,4,D5189,농수산식품
농수산식품,농수산,HSK-MTI 연계표,5189,4,D5189,농수산식품
농수산식품,수산,HSK-MTI 연계표,5189,4,D5189,농수산식품
농수산식품,식품,HSK-MTI 연계표,5189,4,D5189,농수산식품
농수산식품,농수산식품,HSK-MTI 연계표,5190,4,D5190,농수산식품
농수산식품,농수산,HSK-MTI 연계표,5190,4,D5190,농수산식품
농수산식품,수산,HSK-MTI 연계표,5190,4,D5190,농수산식품
농수산식품,식품,HSK-MTI 연계표,5190,4,D5190,농수산식품
농수산식품,농수산식품,HSK-MTI 연계표,5191,4,D5191,농수산식품
농수산식품,농수산,HSK-MTI 연계표,5191,4,D5191,농수산식품
농수산식품,수산,HSK-MTI 연계표,5191,4,D5191,농수산식품
농수산식품,식품,HSK-MTI 연계표,5191,4,D5191,농수산식품
농수산식품,농수산식품,HSK-MTI 연계표,5192,4,D5192,농수산식품
농수산식품,농수산,HSK-MTI 연계표,5192,4,D5192,농수산식품
농수산식품,수산,HSK-MTI 연계표,5192,4,D5192,농수산식품
농수산식품,식품,HSK-MTI 연계표,5192,4,D5192,농수산식품
농수산식품,농수산식품,HSK-MTI 연계표,5193,4,D5193,농수산식품
농수산식품,농수산,HSK-MTI 연계표,5193,4,D5193,농수산식품
농수산식품,수산,HSK-MTI 연계표,5193,4,D5193,농수산식품
농수산식품,식품,HSK-MTI 연계표,5193,4,D5193,농수산식품
농수산식품,농수산식품,HSK-MTI 연계표,5194,4,D5194,농수산식품
농수산식품,농수산,HSK-MTI 연계표,5194,4,D5194,농수산식품
농수산식품,수산,HSK-MTI 연계표,5194,4,D5194,농수산식품
농수산식품,식품,HSK-MTI 연계표,5194,4,D5194,농수산식품
농수산식품,농수산식품,HSK-MTI 연계표,5195,4,D5195,농수산식품
농수산식품,농수산,HSK-MTI 연계표,5195,4,D5195,농수산식품
농수산식품,수산,HSK-MTI 연계표,5195,4,D5195,농수산식품
농수산식품,식품,HSK-MTI 연계표,5195,4,D5195,농수산식품
농수산식품,농수산식품,HSK-MTI 연계표,5196,4,D5196,농수산식품
농수산식품,농수산,HSK-MTI 연계표,5196,4,D5196,농수산식품
농수산식품,수산,HSK-MTI 연계표,5196,4,D5196,농수산식품
농수산식품,식품,HSK-MTI 연계표,5196,4,D5196,농수산식품
농수산식품,농수산식품,HSK-MTI 연계표,5197,4,D5197,농수산식품
농수산식품,농수산,HSK-MTI 연계표,5197,4,D5197,농수산식품
농수산식품,수산,HSK-MTI 연계표,5197,4,D5197,농수산식품
농수산식품,식품,HSK-MTI 연계표,5197,4,D5197,농수산식품
농수산식품,농수산식품,HSK-MTI 연계표,5198,4,D5198,농수산식품
농수산식품,농수산,HSK-MTI 연계표,5198,4,D5198,농수산식품
농수산식품,수산,HSK-MTI 연계표,5198,4,D5198,농수산식품
농수산식품,식품,HSK-MTI 연계표,5198,4,D5198,농수산식품
농수산식품,농수산식품,HSK-MTI 연계표,5199,4,D5199,농수산식품
농수산식품,농수산,HSK-MTI 연계표,5199,4,D5199,농수산식품
농수산식품,수산,HSK-MTI 연계표,5199,4,D5199,농수산식품
농수산식품,식품,HSK-MTI 연계표,5199,4,D5199,농수산식품
농수산식품,농수산식품,HSK-MTI 연계표,5200,4,D5200,농수산식품
농수산식품,농수산,HSK-MTI 연계표,5200,4,D5200,농수산식품
농수산식품,수산,HSK-MTI 연계표,5200,4,D5200,농수산식품
농수산식품,식품,HSK-MTI 연계표,5200,4,D5200,농수산식품
농수산식품,농수산식품,HSK-MTI 연계표,5201,4,D5201,농수산식품
농수산식품,농수산,HSK-MTI 연계표,5201,4,D5201,농수산식품
농수산식품,수산,HSK-MTI 연계표,5201,4,D5201,농수산식품
농수산식품,식품,HSK-MTI 연계표,5201,4,D5201,농수산식품
농수산식품,농수산식품,HSK-MTI 연계표,5202,4,D5202,농수산식품
농수산식품,농수산,HSK-MTI 연계표,5202,4,D5202,농수산식품
농수산식품,수산,HSK-MTI 연계표,5202,4,D5202,농수산식품
농수산식품,식품,HSK-MTI 연계표,5202,4,D5202,농수산식품
농수산식품,농수산식품,HSK-MTI 연계표,5203,4,D5203,농수산식품
농수산식품,농수산,HSK-MTI 연계표,5203,4,D5203,농수산식품
농수산식품,수산,HSK-MTI 연계표,5203,4,D5203,농수산식품
농수산식품,식품,HSK-MTI 연계표,5203,4,D5203,농수산식품
농수산식품,농수산식품,HSK-MTI 연계표,5204,4,D5204,농수산식품
농수산식품,농수산,HSK-MTI 연계표,5204,4,D5204,농수산식품
농수산식품,수산,HSK-MTI 연계표,5204,4,D5204,농수산식품
농수산식품,식품,HSK-MTI 연계표,5204,4,D5204,농수산식품
농수산식품,농수산식품,HSK-MTI 연계표,5205,4,D5205,농수산식품
농수산식품,농수산,HSK-MTI 연계표,5205,4,D5205,농수산식품
농수산식품,수산,HSK-MTI 연계표,5205,4,D5205,농수산식품
농수산식품,식품,HSK-MTI 연계표,5205,4,D5205,농수산식품
농수산식품,농수산식품,HSK-MTI 연계표,5206,4,D5206,농수산식품
농수산식품,농수산,HSK-MTI 연계표,5206,4,D5206,농수산식품
농수산식품,수산,HSK-MTI 연계표,5206,4,D5206,농수산식품
농수산식품,식품,HSK-MTI 연계표,5206,4,D5206,농수산식품
농수산식품,농수산식품,HSK-MTI 연계표,5207,4,D5207,농수산식품
농수산식품,농수산,HSK-MTI 연계표,5207,4,D5207,농수산식품
농수산식품,수산,HSK-MTI 연계표,5207,4,D5207,농수산식품
농수산식품,식품,HSK-MTI 연계표,5207,4,D5207,농수산식품
농수산식품,농수산식품,HSK-MTI 연계표,5208,4,D5208,농수산식품
농수산식품,농수산,HSK-MTI 연계표,5208,4,D5208,농수산식품
농수산식품,수산,HSK-MTI 연계표,5208,4,D5208,농수산식품
농수산식품,식품,HSK-MTI 연계표,5208,4,D5208,농수산식품
농수산식품,농수산식품,HSK-MTI 연계표,5209,4,D5209,농수산식품
농수산식품,농수산,HSK-MTI 연계표,5209,4,D5209,농수산식품
농수산식품,수산,HSK-MTI 연계표,5209,4,D5209,농수산식품
농수산식품,식품,HSK-MTI 연계표,5209,4,D5209,농수산식품
농수산식품,농수산식품,HSK-MTI 연계표,5210,4,D5210,농수산식품
농수산식품,농수산,HSK-MTI 연계표,5210,4,D5210,농수산식품
농수산식품,수산,HSK-MTI 연계표,5210,4,D5210,농수산식품
농수산식품,식품,HSK-MTI 연계표,5210,4,D5210,농수산식품
농수산식품,농수산식품,HSK-MTI 연계표,5211,4,D5211,농수산식품
농수산식품,농수산,HSK-MTI 연계표,5211,4,D5211,농수산식품
농수산식품,수산,HSK-MTI 연계표,5211,4,D5211,농수산식품
농수산식품,식품,HSK-MTI 연계표,5211,4,D5211,농수산식품
농수산식품,농수산식품,HSK-MTI 연계표,5212,4,D5212,농수산식품
농수산식품,농수산,HSK-MTI 연계표,5212,4,D5212,농수산식품
농수산식품,수산,HSK-MTI 연계표,5212,4,D5212,농수산식품
농수산식품,식품,HSK-MTI 연계표,5212,4,D5212,농수산식품
농수산식품,농수산식품,HSK-MTI 연계표,5213,4,D5213,농수산식품
농수산식품,농수산,HSK-MTI 연계표,5213,4,D5213,농수산식품
농수산식품,수산,HSK-MTI 연계표,5213,4,D5213,농수산식품
농수산식품,식품,HSK-MTI 연계표,5213,4,D5213,농수산식품
농수산식품,농수산식품,HSK-MTI 연계표,5214,4,D5214,농수산식품
농수산식품,농수산,HSK-MTI 연계표,5214,4,D5214,농수산식품
농수산식품,수산,HSK-MTI 연계표,5214,4,D5214,농수산식품
농수산식품,식품,HSK-MTI 연계표,5214,4,D5214,농수산식품
농수산식품,농수산식품,HSK-MTI 연계표,5215,4,D5215,농수산식품
농수산식품,농수산,HSK-MTI 연계표,5215,4,D5215,농수산식품
농수산식품,수산,HSK-MTI 연계표,5215,4,D5215,농수산식품
농수산식품,식품,HSK-MTI 연계표,5215,4,D5215,농수산식품
농수산식품,농수산식품,HSK-MTI 연계표,5216,4,D5216,농수산식품
농수산식품,농수산,HSK-MTI 연계표,5216,4,D5216,농수산식품
농수산식품,수산,HSK-MTI 연계표,5216,4,D5216,농수산식품
농수산식품,식품,HSK-MTI 연계표,5216,4,D5216,농수산식품
농수산식품,농수산식품,HSK-MTI 연계표,5217,4,D5217,농수산식품
농수산식품,농수산,HSK-MTI 연계표,5217,4,D5217,농수산식품
농수산식품,수산,HSK-MTI 연계표,5217,4,D5217,농수산식품
농수산식품,식품,HSK-MTI 연계표,5217,4,D5217,농수산식품
농수산식품,농수산식품,HSK-MTI 연계표,5218,4,D5218,농수산식품
농수산식품,농수산,HSK-MTI 연계표,5218,4,D5218,농수산식품
농수산식품,수산,HSK-MTI 연계표,5218,4,D5218,농수산식품
농수산식품,식품,HSK-MTI 연계표,5218,4,D5218,농수산식품
농수산식품,농수산식품,HSK-MTI 연계표,5219,4,D5219,농수산식품
농수산식품,농수산,HSK-MTI 연계표,5219,4,D5219,농수산식품
농수산식품,수산,HSK-MTI 연계표,5219,4,D5219,농수산식품
농수산식품,식품,HSK-MTI 연계표,5219,4,D5219,농수산식품
농수산식품,농수산식품,HSK-MTI 연계표,5220,4,D5220,농수산식품
농수산식품,농수산,HSK-MTI 연계표,5220,4,D5220,농수산식품
농수산식품,수산,HSK-MTI 연계표,5220,4,D5220,농수산식품
농수산식품,식품,HSK-MTI 연계표,5220,4,D5220,농수산식품
농수산식품,농수산식품,HSK-MTI 연계표,5221,4,D5221,농수산식품
농수산식품,농수산,HSK-MTI 연계표,5221,4,D5221,농수산식품
농수산식품,수산,HSK-MTI 연계표,5221,4,D5221,농수산식품
농수산식품,식품,HSK-MTI 연계표,5221,4,D5221,농수산식품
농수산식품,농수산식품,HSK-MTI 연계표,5222,4,D5222,농수산식품
농수산식품,농수산,HSK-MTI 연계표,5222,4,D5222,농수산식품
농수산식품,수산,HSK-MTI 연계표,5222,4,D5222,농수산식품
농수산식품,식품,HSK-MTI 연계표,5222,4,D5222,농수산식품
농수산식품,농수산식품,HSK-MTI 연계표,5223,4,D5223,농수산식품
농수산식품,농수산,HSK-MTI 연계표,5223,4,D5223,농수산식품
농수산식품,수산,HSK-MTI 연계표,5223,4,D5223,농수산식품
농수산식품,식품,HSK-MTI 연계표,5223,4,D5223,농수산식품
농수산식품,농수산식품,HSK-MTI 연계표,5224,4,D5224,농수산식품
농수산식품,농수산,HSK-MTI 연계표,5224,4,D5224,농수산식품
농수산식품,수산,HSK-MTI 연계표,5224,4,D5224,농수산식품
농수산식품,식품,HSK-MTI 연계표,5224,4,D5224,농수산식품
농수산식품,농수산식품,HSK-MTI 연계표,5225,4,D5225,농수산식품
농수산식품,농수산,HSK-MTI 연계표,5225,4,D5225,농수산식품
농수산식품,수산,HSK-MTI 연계표,5225,4,D5225,농수산식품
농수산식품,식품,HSK-MTI 연계표,5225,4,D5225,농수산식품
농수산식품,농수산식품,HSK-MTI 연계표,5226,4,D5226,농수산식품
농수산식품,농수산,HSK-MTI 연계표,5226,4,D5226,농수산식품
농수산식품,수산,HSK-MTI 연계표,5226,4,D5226,농수산식품
농수산식품,식품,HSK-MTI 연계표,5226,4,D5226,농수산식품
농수산식품,농수산식품,HSK-MTI 연계표,5227,4,D5227,농수산식품
농수산식품,농수산,HSK-MTI 연계표,5227,4,D5227,농수산식품
농수산식품,수산,HSK-MTI 연계표,5227,4,D5227,농수산식품
농수산식품,식품,HSK-MTI 연계표,5227,4,D5227,농수산식품
농수산식품,농수산식품,HSK-MTI 연계표,5228,4,D5228,농수산식품
농수산식품,농수산,HSK-MTI 연계표,5228,4,D5228,농수산식품
농수산식품,수산,HSK-MTI 연계표,5228,4,D5228,농수산식품
농수산식품,식품,HSK-MTI 연계표,5228,4,D5228,농수산식품
농수산식품,농수산식품,HSK-MTI 연계표,5229,4,D5229,농수산식품
농수산식품,농수산,HSK-MTI 연계표,5229,4,D5229,농수산식품
농수산식품,수산,HSK-MTI 연계표,5229,4,D5229,농수산식품
농수산식품,식품,HSK-MTI 연계표,5229,4,D5229,농수산식품
농수산식품,농수산식품,HSK-MTI 연계표,5230,4,D5230,농수산식품
농수산식품,농수산,HSK-MTI 연계표,5230,4,D5230,농수산식품
농수산식품,수산,HSK-MTI 연계표,5230,4,D5230,농수산식품
농수산식품,식품,HSK-MTI 연계표,5230,4,D5230,농수산식품
농수산식품,농수산식품,HSK-MTI 연계표,5231,4,D5231,농수산식품
농수산식품,농수산,HSK-MTI 연계표,5231,4,D5231,농수산식품
농수산식품,수산,HSK-MTI 연계표,5231,4,D5231,농수산식품
농수산식품,식품,HSK-MTI 연계표,5231,4,D5231,농수산식품
농수산식품,농수산식품,HSK-MTI 연계표,5232,4,D5232,농수산식품
농수산식품,농수산,HSK-MTI 연계표,5232,4,D5232,농수산식품
농수산식품,수산,HSK-MTI 연계표,5232,4,D5232,농수산식품
농수산식품,식품,HSK-MTI 연계표,5232,4,D5232,농수산식품
농수산식품,농수산식품,HSK-MTI 연계표,5233,4,D5233,농수산식품
농수산식품,농수산,HSK-MTI 연계표,5233,4,D5233,농수산식품
농수산식품,수산,HSK-MTI 연계표,5233,4,D5233,농수산식품
농수산식품,식품,HSK-MTI 연계표,5233,4,D5233,농수산식품
농수산식품,농수산식품,HSK-MTI 연계표,5234,4,D5234,농수산식품
농수산식품,농수산,HSK-MTI 연계표,5234,4,D5234,농수산식품
농수산식품,수산,HSK-MTI 연계표,5234,4,D5234,농수산식품
농수산식품,식품,HSK-MTI 연계표,5234,4,D5234,농수산식품
농수산식품,농수산식품,HSK-MTI 연계표,5235,4,D5235,농수산식품
농수산식품,농수산,HSK-MTI 연계표,5235,4,D5235,농수산식품
농수산식품,수산,HSK-MTI 연계표,5235,4,D5235,농수산식품
농수산식품,식품,HSK-MTI 연계표,5235,4,D5235,농수산식품
농수산식품,농수산식품,HSK-MTI 연계표,5236,4,D5236,농수산식품
농수산식품,농수산,HSK-MTI 연계표,5236,4,D5236,농수산식품
농수산식품,수산,HSK-MTI 연계표,5236,4,D5236,농수산식품
농수산식품,식품,HSK-MTI 연계표,5236,4,D5236,농수산식품
농수산식품,농수산식품,HSK-MTI 연계표,5237,4,D5237,농수산식품
농수산식품,농수산,HSK-MTI 연계표,5237,4,D5237,농수산식품
농수산식품,수산,HSK-MTI 연계표,5237,4,D5237,농수산식품
농수산식품,식품,HSK-MTI 연계표,5237,4,D5237,농수산식품
농수산식품,농수산식품,HSK-MTI 연계표,5238,4,D5238,농수산식품
농수산식품,농수산,HSK-MTI 연계표,5238,4,D5238,농수산식품
농수산식품,수산,HSK-MTI 연계표,5238,4,D5238,농수산식품
농수산식품,식품,HSK-MTI 연계표,5238,4,D5238,농수산식품
농수산식품,농수산식품,HSK-MTI 연계표,5239,4,D5239,농수산식품
농수산식품,농수산,HSK-MTI 연계표,5239,4,D5239,농수산식품
농수산식품,수산,HSK-MTI 연계표,5239,4,D5239,농수산식품
농수산식품,식품,HSK-MTI 연계표,5239,4,D5239,농수산식품
농수산식품,농수산식품,HSK-MTI 연계표,5240,4,D5240,농수산식품
농수산식품,농수산,HSK-MTI 연계표,5240,4,D5240,농수산식품
농수산식품,수산,HSK-MTI 연계표,5240,4,D5240,농수산식품
농수산식품,식품,HSK-MTI 연계표,5240,4,D5240,농수산식품
농수산식품,농수산식품,HSK-MTI 연계표,5241,4,D5241,농수산식품
농수산식품,농수산,HSK-MTI 연계표,5241,4,D5241,농수산식품
농수산식품,수산,HSK-MTI 연계표,5241,4,D5241,농수산식품
농수산식품,식품,HSK-MTI 연계표,5241,4,D5241,농수산식품
농수산식품,농수산식품,HSK-MTI 연계표,5242,4,D5242,농수산식품
농수산식품,농수산,HSK-MTI 연계표,5242,4,D5242,농수산식품
농수산식품,수산,HSK-MTI 연계표,5242,4,D5242,농수산식품
농수산식품,식품,HSK-MTI 연계표,5242,4,D5242,농수산식품
농수산식품,농수산식품,HSK-MTI 연계표,5243,4,D5243,농수산식품
농수산식품,농수산,HSK-MTI 연계표,5243,4,D5243,농수산식품
농수산식품,수산,HSK-MTI 연계표,5243,4,D5243,농수산식품
농수산식품,식품,HSK-MTI 연계표,5243,4,D5243,농수산식품
농수산식품,농수산식품,HSK-MTI 연계표,5244,4,D5244,농수산식품
농수산식품,농수산,HSK-MTI 연계표,5244,4,D5244,농수산식품
농수산식품,수산,HSK-MTI 연계표,5244,4,D5244,농수산식품
농수산식품,식품,HSK-MTI 연계표,5244,4,D5244,농수산식품
농수산식품,농수산식품,HSK-MTI 연계표,5245,4,D5245,농수산식품
농수산식품,농수산,HSK-MTI 연계표,5245,4,D5245,농수산식품
농수산식품,수산,HSK-MTI 연계표,5245,4,D5245,농수산식품
농수산식품,식품,HSK-MTI 연계표,5245,4,D5245,농수산식품
농수산식품,농수산식품,HSK-MTI 연계표,5246,4,D5246,농수산식품
농수산식품,농수산,HSK-MTI 연계표,5246,4,D5246,농수산식품
농수산식품,수산,HSK-MTI 연계표,5246,4,D5246,농수산식품
농수산식품,식품,HSK-MTI 연계표,5246,4,D5246,농수산식품
농수산식품,농수산식품,HSK-MTI 연계표,5247,4,D5247,농수산식품
농수산식품,농수산,HSK-MTI 연계표,5247,4,D5247,농수산식품
농수산식품,수산,HSK-MTI 연계표,5247,4,D5247,농수산식품
농수산식품,식품,HSK-MTI 연계표,5247,4,D5247,농수산식품
농수산식품,농수산식품,HSK-MTI 연계표,5248,4,D5248,농수산식품
농수산식품,농수산,HSK-MTI 연계표,5248,4,D5248,농수산식품
농수산식품,수산,HSK-MTI 연계표,5248,4,D5248,농수산식품
농수산식품,식품,HSK-MTI 연계표,5248,4,D5248,농수산식품
농수산식품,농수산식품,HSK-MTI 연계표,5249,4,D5249,농수산식품
농수산식품,농수산,HSK-MTI 연계표,5249,4,D5249,농수산식품
농수산식품,수산,HSK-MTI 연계표,5249,4,D5249,농수산식품
농수산식품,식품,HSK-MTI 연계표,5249,4,D5249,농수산식품
농수산식품,농수산식품,HSK-MTI 연계표,5250,4,D5250,농수산식품
농수산식품,농수산,HSK-MTI 연계표,5250,4,D5250,농수산식품
농수산식품,수산,HSK-MTI 연계표,5250,4,D5250,농수산식품
농수산식품,식품,HSK-MTI 연계표,5250,4,D5250,농수산식품
농수산식품,농수산식품,HSK-MTI 연계표,5251,4,D5251,농수산식품
농수산식품,농수산,HSK-MTI 연계표,5251,4,D5251,농수산식품
농수산식품,수산,HSK-MTI 연계표,5251,4,D5251,농수산식품
농수산식품,식품,HSK-MTI 연계표,5251,4,D5251,농수산식품
농수산식품,농수산식품,HSK-MTI 연계표,5252,4,D5252,농수산식품
농수산식품,농수산,HSK-MTI 연계표,5252,4,D5252,농수산식품
농수산식품,수산,HSK-MTI 연계표,5252,4,D5252,농수산식품
농수산식품,식품,HSK-MTI 연계표,5252,4,D5252,농수산식품
농수산식품,농수산식품,HSK-MTI 연계표,5253,4,D5253,농수산식품
농수산식품,농수산,HSK-MTI 연계표,5253,4,D5253,농수산식품
농수산식품,수산,HSK-MTI 연계표,5253,4,D5253,농수산식품
농수산식품,식품,HSK-MTI 연계표,5253,4,D5253,농수산식품
농수산식품,농수산식품,HSK-MTI 연계표,5254,4,D5254,농수산식품
농수산식품,농수산,HSK-MTI 연계표,5254,4,D5254,농수산식품
농수산식품,수산,HSK-MTI 연계표,5254,4,D5254,농수산식품
농수산식품,식품,HSK-MTI 연계표,5254,4,D5254,농수산식품
농수산식품,농수산식품,HSK-MTI 연계표,5255,4,D5255,농수산식품
농수산식품,농수산,HSK-MTI 연계표,5255,4,D5255,농수산식품
농수산식품,수산,HSK-MTI 연계표,5255,4,D5255,농수산식품
농수산식품,식품,HSK-MTI 연계표,5255,4,D5255,농수산식품
농수산식품,농수산식품,HSK-MTI 연계표,5264,4,D5264,농수산식품
농수산식품,농수산,HSK-MTI 연계표,5264,4,D5264,농수산식품
농수산식품,수산,HSK-MTI 연계표,5264,4,D5264,농수산식품
농수산식품,식품,HSK-MTI 연계표,5264,4,D5264,농수산식품
농수산식품,농수산식품,HSK-MTI 연계표,5265,4,D5265,농수산식품
농수산식품,농수산,HSK-MTI 연계표,5265,4,D5265,농수산식품
농수산식품,수산,HSK-MTI 연계표,5265,4,D5265,농수산식품
농수산식품,식품,HSK-MTI 연계표,5265,4,D5265,농수산식품
농수산식품,농수산식품,HSK-MTI 연계표,5266,4,D5266,농수산식품
농수산식품,농수산,HSK-MTI 연계표,5266,4,D5266,농수산식품
농수산식품,수산,HSK-MTI 연계표,5266,4,D5266,농수산식품
농수산식품,식품,HSK-MTI 연계표,5266,4,D5266,농수산식품
농수산식품,농수산식품,HSK-MTI 연계표,5268,4,D5268,농수산식품
농수산식품,농수산,HSK-MTI 연계표,5268,4,D5268,농수산식품
농수산식품,수산,HSK-MTI 연계표,5268,4,D5268,농수산식품
농수산식품,식품,HSK-MTI 연계표,5268,4,D5268,농수산식품
농수산식품,농수산식품,HSK-MTI 연계표,5435,4,D5435,농수산식품
농수산식품,농수산,HSK-MTI 연계표,5435,4,D5435,농수산식품
농수산식품,수산,HSK-MTI 연계표,5435,4,D5435,농수산식품
농수산식품,식품,HSK-MTI 연계표,5435,4,D5435,농수산식품
농수산식품,농수산식품,HSK-MTI 연계표,5436,4,D5436,농수산식품
농수산식품,농수산,HSK-MTI 연계표,5436,4,D5436,농수산식품
농수산식품,수산,HSK-MTI 연계표,5436,4,D5436,농수산식품
농수산식품,식품,HSK-MTI 연계표,5436,4,D5436,농수산식품
농수산식품,농수산식품,HSK-MTI 연계표,5522,4,D5522,농수산식품
농수산식품,농수산,HSK-MTI 연계표,5522,4,D5522,농수산식품
농수산식품,수산,HSK-MTI 연계표,5522,4,D5522,농수산식품
농수산식품,식품,HSK-MTI 연계표,5522,4,D5522,농수산식품
농수산식품,농수산식품,HSK-MTI 연계표,5530,4,D5530,농수산식품
농수산식품,농수산,HSK-MTI 연계표,5530,4,D5530,농수산식품
농수산식품,수산,HSK-MTI 연계표,5530,4,D5530,농수산식품
농수산식품,식품,HSK-MTI 연계표,5530,4,D5530,농수산식품
농수산식품,농수산식품,HSK-MTI 연계표,5531,4,D5531,농수산식품
농수산식품,농수산,HSK-MTI 연계표,5531,4,D5531,농수산식품
농수산식품,수산,HSK-MTI 연계표,5531,4,D5531,농수산식품
농수산식품,식품,HSK-MTI 연계표,5531,4,D5531,농수산식품
농수산식품,농수산식품,HSK-MTI 연계표,5547,4,D5547,농수산식품
농수산식품,농수산,HSK-MTI 연계표,5547,4,D5547,농수산식품
농수산식품,수산,HSK-MTI 연계표,5547,4,D5547,농수산식품
농수산식품,식품,HSK-MTI 연계표,5547,4,D5547,농수산식품
농수산식품,농수산식품,HSK-MTI 연계표,5548,4,D5548,농수산식품
농수산식품,농수산,HSK-MTI 연계표,5548,4,D5548,농수산식품
농수산식품,수산,HSK-MTI 연계표,5548,4,D5548,농수산식품
농수산식품,식품,HSK-MTI 연계표,5548,4,D5548,농수산식품
농수산식품,농수산식품,HSK-MTI 연계표,5549,4,D5549,농수산식품
농수산식품,농수산,HSK-MTI 연계표,5549,4,D5549,농수산식품
농수산식품,수산,HSK-MTI 연계표,5549,4,D5549,농수산식품
농수산식품,식품,HSK-MTI 연계표,5549,4,D5549,농수산식품
농수산식품,농수산식품,HSK-MTI 연계표,5550,4,D5550,농수산식품
농수산식품,농수산,HSK-MTI 연계표,5550,4,D5550,농수산식품
농수산식품,수산,HSK-MTI 연계표,5550,4,D5550,농수산식품
농수산식품,식품,HSK-MTI 연계표,5550,4,D5550,농수산식품
농수산식품,농수산식품,HSK-MTI 연계표,5551,4,D5551,농수산식품
농수산식품,농수산,HSK-MTI 연계표,5551,4,D5551,농수산식품
농수산식품,수산,HSK-MTI 연계표,5551,4,D5551,농수산식품
농수산식품,식품,HSK-MTI 연계표,5551,4,D5551,농수산식품
농수산식품,농수산식품,HSK-MTI 연계표,5552,4,D5552,농수산식품
농수산식품,농수산,HSK-MTI 연계표,5552,4,D5552,농수산식품
농수산식품,수산,HSK-MTI 연계표,5552,4,D5552,농수산식품
농수산식품,식품,HSK-MTI 연계표,5552,4,D5552,농수산식품
농수산식품,농수산식품,HSK-MTI 연계표,5553,4,D5553,농수산식품
농수산식품,농수산,HSK-MTI 연계표,5553,4,D5553,농수산식품
농수산식품,수산,HSK-MTI 연계표,5553,4,D5553,농수산식품
농수산식품,식품,HSK-MTI 연계표,5553,4,D5553,농수산식품
농수산식품,농수산식품,HSK-MTI 연계표,5554,4,D5554,농수산식품
농수산식품,농수산,HSK-MTI 연계표,5554,4,D5554,농수산식품
농수산식품,수산,HSK-MTI 연계표,5554,4,D5554,농수산식품
농수산식품,식품,HSK-MTI 연계표,5554,4,D5554,농수산식품
농수산식품,농수산식품,HSK-MTI 연계표,5555,4,D5555,농수산식품
농수산식품,농수산,HSK-MTI 연계표,5555,4,D5555,농수산식품
농수산식품,수산,HSK-MTI 연계표,5555,4,D5555,농수산식품
농수산식품,식품,HSK-MTI 연계표,5555,4,D5555,농수산식품
농수산식품,농수산식품,HSK-MTI 연계표,5556,4,D5556,농수산식품
농수산식품,농수산,HSK-MTI 연계표,5556,4,D5556,농수산식품
농수산식품,수산,HSK-MTI 연계표,5556,4,D5556,농수산식품
농수산식품,식품,HSK-MTI 연계표,5556,4,D5556,농수산식품
농수산식품,농수산식품,HSK-MTI 연계표,5557,4,D5557,농수산식품
농수산식품,농수산,HSK-MTI 연계표,5557,4,D5557,농수산식품
농수산식품,수산,HSK-MTI 연계표,5557,4,D5557,농수산식품
농수산식품,식품,HSK-MTI 연계표,5557,4,D5557,농수산식품
일반기계,일반기계,HSK-MTI 연계표,6733,4,D6733,일반기계
일반기계,일반기계,HSK-MTI 연계표,7590,4,D7590,일반기계
일반기계,일반기계,HSK-MTI 연계표,7591,4,D7591,일반기계
일반기계,일반기계,HSK-MTI 연계표,7592,4,D7592,일반기계
일반기계,일반기계,HSK-MTI 연계표,7593,4,D7593,일반기계
일반기계,일반기계,HSK-MTI 연계표,7594,4,D7594,일반기계
일반기계,일반기계,HSK-MTI 연계표,7595,4,D7595,일반기계
일반기계,일반기계,HSK-MTI 연계표,7596,4,D7596,일반기계
일반기계,일반기계,HSK-MTI 연계표,7597,4,D7597,일반기계
일반기계,일반기계,HSK-MTI 연계표,7598,4,D7598,일반기계
일반기계,일반기계,HSK-MTI 연계표,7599,4,D7599,일반기계
일반기계,일반기계,HSK-MTI 연계표,7600,4,D7600,일반기계
일반기계,일반기계,HSK-MTI 연계표,7601,4,D7601,일반기계
일반기계,일반기계,HSK-MTI 연계표,7602,4,D7602,일반기계
일반기계,일반기계,HSK-MTI 연계표,7603,4,D7603,일반기계
일반기계,일반기계,HSK-MTI 연계표,7604,4,D7604,일반기계
일반기계,일반기계,HSK-MTI 연계표,7605,4,D7605,일반기계
일반기계,일반기계,HSK-MTI 연계표,7606,4,D7606,일반기계
일반기계,일반기계,HSK-MTI 연계표,7607,4,D7607,일반기계
일반기계,일반기계,HSK-MTI 연계표,7608,4,D7608,일반기계
일반기계,일반기계,HSK-MTI 연계표,7609,4,D7609,일반기계
일반기계,일반기계,HSK-MTI 연계표,7610,4,D7610,일반기계
일반기계,일반기계,HSK-MTI 연계표,7611,4,D7611,일반기계
일반기계,일반기계,HSK-MTI 연계표,7614,4,D7614,일반기계
일반기계,일반기계,HSK-MTI 연계표,7616,4,D7616,일반기계
일반기계,일반기계,HSK-MTI 연계표,7618,4,D7618,일반기계
일반기계,일반기계,HSK-MTI 연계표,7619,4,D7619,일반기계
일반기계,일반기계,HSK-MTI 연계표,7620,4,D7620,일반기계
일반기계,일반기계,HSK-MTI 연계표,7621,4,D7621,일반기계
일반기계,일반기계,HSK-MTI 연계표,7622,4,D7622,일반기계
일반기계,일반기계,HSK-MTI 연계표,7623,4,D7623,일반기계
일반기계,일반기계,HSK-MTI 연계표,7624,4,D7624,일반기계
일반기계,일반기계,HSK-MTI 연계표,7625,4,D7625,일반기계
일반기계,일반기계,HSK-MTI 연계표,7626,4,D7626,일반기계
일반기계,일반기계,HSK-MTI 연계표,7627,4,D7627,일반기계
일반기계,일반기계,HSK-MTI 연계표,7628,4,D7628,일반기계
일반기계,일반기계,HSK-MTI 연계표,7629,4,D7629,일반기계
일반기계,일반기계,HSK-MTI 연계표,7630,4,D7630,일반기계
일반기계,일반기계,HSK-MTI 연계표,7631,4,D7631,일반기계
일반기계,일반기계,HSK-MTI 연계표,7632,4,D7632,일반기계
일반기계,일반기계,HSK-MTI 연계표,7633,4,D7633,일반기계
일반기계,일반기계,HSK-MTI 연계표,7634,4,D7634,일반기계
일반기계,일반기계,HSK-MTI 연계표,7635,4,D7635,일반기계
일반기계,일반기계,HSK-MTI 연계표,7636,4,D7636,일반기계
일반기계,일반기계,HSK-MTI 연계표,7660,4,D7660,일반기계
일반기계,일반기계,HSK-MTI 연계표,7745,4,D7745,일반기계
일반기계,일반기계,HSK-MTI 연계표,7979,4,D7979,일반기계
일반기계,일반기계,HSK-MTI 연계표,7980,4,D7980,일반기계
일반기계,일반기계,HSK-MTI 연계표,7981,4,D7981,일반기계
일반기계,일반기계,HSK-MTI 연계표,7982,4,D7982,일반기계
일반기계,일반기계,HSK-MTI 연계표,7983,4,D7983,일반기계
일반기계,일반기계,HSK-MTI 연계표,7984,4,D7984,일반기계
일반기계,일반기계,HSK-MTI 연계표,7985,4,D7985,일반기계
일반기계,일반기계,HSK-MTI 연계표,7986,4,D7986,일반기계
일반기계,일반기계,HSK-MTI 연계표,7987,4,D7987,일반기계
일반기계,일반기계,HSK-MTI 연계표,7988,4,D7988,일반기계
일반기계,일반기계,HSK-MTI 연계표,7989,4,D7989,일반기계
일반기계,일반기계,HSK-MTI 연계표,7990,4,D7990,일반기계
일반기계,일반기계,HSK-MTI 연계표,7991,4,D7991,일반기계
일반기계,일반기계,HSK-MTI 연계표,7992,4,D7992,일반기계
일반기계,일반기계,HSK-MTI 연계표,7993,4,D7993,일반기계
일반기계,일반기계,HSK-MTI 연계표,7994,4,D7994,일반기계
일반기계,일반기계,HSK-MTI 연계표,7995,4,D7995,일반기계
일반기계,일반기계,HSK-MTI 연계표,7996,4,D7996,일반기계
일반기계,일반기계,HSK-MTI 연계표,7997,4,D7997,일반기계
일반기계,일반기계,HSK-MTI 연계표,7998,4,D7998,일반기계
일반기계,일반기계,HSK-MTI 연계표,7999,4,D7999,일반기계
일반기계,일반기계,HSK-MTI 연계표,8000,4,D8000,일반기계
일반기계,일반기계,HSK-MTI 연계표,8001,4,D8001,일반기계
일반기계,일반기계,HSK-MTI 연계표,8002,4,D8002,일반기계
일반기계,일반기계,HSK-MTI 연계표,8003,4,D8003,일반기계
일반기계,일반기계,HSK-MTI 연계표,8004,4,D8004,일반기계
일반기계,일반기계,HSK-MTI 연계표,8005,4,D8005,일반기계
일반기계,일반기계,HSK-MTI 연계표,8006,4,D8006,일반기계
일반기계,일반기계,HSK-MTI 연계표,8007,4,D8007,일반기계
일반기계,일반기계,HSK-MTI 연계표,8008,4,D8008,일반기계
일반기계,일반기계,HSK-MTI 연계표,8009,4,D8009,일반기계
일반기계,일반기계,HSK-MTI 연계표,8010,4,D8010,일반기계
일반기계,일반기계,HSK-MTI 연계표,8011,4,D8011,일반기계
일반기계,일반기계,HSK-MTI 연계표,8012,4,D8012,일반기계
일반기계,일반기계,HSK-MTI 연계표,8013,4,D8013,일반기계
일반기계,일반기계,HSK-MTI 연계표,8014,4,D8014,일반기계
일반기계,일반기계,HSK-MTI 연계표,8015,4,D8015,일반기계
일반기계,일반기계,HSK-MTI 연계표,8016,4,D8016,일반기계
일반기계,일반기계,HSK-MTI 연계표,8017,4,D8017,일반기계
일반기계,일반기계,HSK-MTI 연계표,8018,4,D8018,일반기계
일반기계,일반기계,HSK-MTI 연계표,8019,4,D8019,일반기계
일반기계,일반기계,HSK-MTI 연계표,8020,4,D8020,일반기계
일반기계,일반기계,HSK-MTI 연계표,8021,4,D8021,일반기계
일반기계,일반기계,HSK-MTI 연계표,8022,4,D8022,일반기계
일반기계,일반기계,HSK-MTI 연계표,8023,4,D8023,일반기계
일반기계,일반기계,HSK-MTI 연계표,8024,4,D8024,일반기계
일반기계,일반기계,HSK-MTI 연계표,8025,4,D8025,일반기계
일반기계,일반기계,HSK-MTI 연계표,8026,4,D8026,일반기계
일반기계,일반기계,HSK-MTI 연계표,8027,4,D8027,일반기계
일반기계,일반기계,HSK-MTI 연계표,8028,4,D8028,일반기계
일반기계,일반기계,HSK-MTI 연계표,8029,4,D8029,일반기계
일반기계,일반기계,HSK-MTI 연계표,8030,4,D8030,일반기계
일반기계,일반기계,HSK-MTI 연계표,8031,4,D8031,일반기계
일반기계,일반기계,HSK-MTI 연계표,8032,4,D8032,일반기계
일반기계,일반기계,HSK-MTI 연계표,8033,4,D8033,일반기계
일반기계,일반기계,HSK-MTI 연계표,8034,4,D8034,일반기계
일반기계,일반기계,HSK-MTI 연계표,8035,4,D8035,일반기계
일반기계,일반기계,HSK-MTI 연계표,8036,4,D8036,일반기계
일반기계,일반기계,HSK-MTI 연계표,8037,4,D8037,일반기계
일반기계,일반기계,HSK-MTI 연계표,8038,4,D8038,일반기계
일반기계,일반기계,HSK-MTI 연계표,8039,4,D8039,일반기계
일반기계,일반기계,HSK-MTI 연계표,8040,4,D8040,일반기계
일반기계,일반기계,HSK-MTI 연계표,8041,4,D8041,일반기계
일반기계,일반기계,HSK-MTI 연계표,8042,4,D8042,일반기계
일반기계,일반기계,HSK-MTI 연계표,8043,4,D8043,일반기계
일반기계,일반기계,HSK-MTI 연계표,8044,4,D8044,일반기계
일반기계,일반기계,HSK-MTI 연계표,8045,4,D8045,일반기계
일반기계,일반기계,HSK-MTI 연계표,8046,4,D8046,일반기계
일반기계,일반기계,HSK-MTI 연계표,8047,4,D8047,일반기계
일반기계,일반기계,HSK-MTI 연계표,8048,4,D8048,일반기계
일반기계,일반기계,HSK-MTI 연계표,8049,4,D8049,일반기계
일반기계,일반기계,HSK-MTI 연계표,8050,4,D8050,일반기계
일반기계,일반기계,HSK-MTI 연계표,8051,4,D8051,일반기계
일반기계,일반기계,HSK-MTI 연계표,8052,4,D8052,일반기계
일반기계,일반기계,HSK-MTI 연계표,8053,4,D8053,일반기계
일반기계,일반기계,HSK-MTI 연계표,8054,4,D8054,일반기계
일반기계,일반기계,HSK-MTI 연계표,8055,4,D8055,일반기계
일반기계,일반기계,HSK-MTI 연계표,8056,4,D8056,일반기계
일반기계,일반기계,HSK-MTI 연계표,8057,4,D8057,일반기계
일반기계,일반기계,HSK-MTI 연계표,8058,4,D8058,일반기계
일반기계,일반기계,HSK-MTI 연계표,8059,4,D8059,일반기계
일반기계,일반기계,HSK-MTI 연계표,8060,4,D8060,일반기계
일반기계,일반기계,HSK-MTI 연계표,8061,4,D8061,일반기계
일반기계,일반기계,HSK-MTI 연계표,8062,4,D8062,일반기계
일반기계,일반기계,HSK-MTI 연계표,8063,4,D8063,일반기계
일반기계,일반기계,HSK-MTI 연계표,8064,4,D8064,일반기계
일반기계,일반기계,HSK-MTI 연계표,8065,4,D8065,일반기계
일반기계,일반기계,HSK-MTI 연계표,8066,4,D8066,일반기계
일반기계,일반기계,HSK-MTI 연계표,8067,4,D8067,일반기계
일반기계,일반기계,HSK-MTI 연계표,8068,4,D8068,일반기계
일반기계,일반기계,HSK-MTI 연계표,8078,4,D8078,일반기계
일반기계,일반기계,HSK-MTI 연계표,8079,4,D8079,일반기계
일반기계,일반기계,HSK-MTI 연계표,8080,4,D8080,일반기계
일반기계,일반기계,HSK-MTI 연계표,8081,4,D8081,일반기계
일반기계,일반기계,HSK-MTI 연계표,8083,4,D8083,일반기계
일반기계,일반기계,HSK-MTI 연계표,8115,4,D8115,일반기계
일반기계,일반기계,HSK-MTI 연계표,8152,4,D8152,일반기계
일반기계,일반기계,HSK-MTI 연계표,8153,4,D8153,일반기계
일반기계,일반기계,HSK-MTI 연계표,8154,4,D8154,일반기계
일반기계,일반기계,HSK-MTI 연계표,8155,4,D8155,일반기계
일반기계,일반기계,HSK-MTI 연계표,8156,4,D8156,일반기계
일반기계,일반기계,HSK-MTI 연계표,8157,4,D8157,일반기계
일반기계,일반기계,HSK-MTI 연계표,8158,4,D8158,일반기계
일반기계,일반기계,HSK-MTI 연계표,8159,4,D8159,일반기계
일반기계,일반기계,HSK-MTI 연계표,8160,4,D8160,일반기계
일반기계,일반기계,HSK-MTI 연계표,8161,4,D8161,일반기계
일반기계,일반기계,HSK-MTI 연계표,8162,4,D8162,일반기계
일반기계,일반기계,HSK-MTI 연계표,8163,4,D8163,일반기계
일반기계,일반기계,HSK-MTI 연계표,8164,4,D8164,일반기계
일반기계,일반기계,HSK-MTI 연계표,8165,4,D8165,일반기계
일반기계,일반기계,HSK-MTI 연계표,8166,4,D8166,일반기계
일반기계,일반기계,HSK-MTI 연계표,8167,4,D8167,일반기계
일반기계,일반기계,HSK-MTI 연계표,8168,4,D8168,일반기계
일반기계,일반기계,HSK-MTI 연계표,8169,4,D8169,일반기계
일반기계,일반기계,HSK-MTI 연계표,8170,4,D8170,일반기계
일반기계,일반기계,HSK-MTI 연계표,8171,4,D8171,일반기계
일반기계,일반기계,HSK-MTI 연계표,8172,4,D8172,일반기계
일반기계,일반기계,HSK-MTI 연계표,8173,4,D8173,일반기계
일반기계,일반기계,HSK-MTI 연계표,8174,4,D8174,일반기계
일반기계,일반기계,HSK-MTI 연계표,8175,4,D8175,일반기계
일반기계,일반기계,HSK-MTI 연계표,8176,4,D8176,일반기계
일반기계,일반기계,HSK-MTI 연계표,8177,4,D8177,일반기계
일반기계,일반기계,HSK-MTI 연계표,8178,4,D8178,일반기계
일반기계,일반기계,HSK-MTI 연계표,8179,4,D8179,일반기계
일반기계,일반기계,HSK-MTI 연계표,8181,4,D8181,일반기계
일반기계,일반기계,HSK-MTI 연계표,8182,4,D8182,일반기계
일반기계,일반기계,HSK-MTI 연계표,8183,4,D8183,일반기계
일반기계,일반기계,HSK-MTI 연계표,8184,4,D8184,일반기계
일반기계,일반기계,HSK-MTI 연계표,8186,4,D8186,일반기계
일반기계,일반기계,HSK-MTI 연계표,8189,4,D8189,일반기계
일반기계,일반기계,HSK-MTI 연계표,8190,4,D8190,일반기계
일반기계,일반기계,HSK-MTI 연계표,8191,4,D8191,일반기계
일반기계,일반기계,HSK-MTI 연계표,8192,4,D8192,일반기계
일반기계,일반기계,HSK-MTI 연계표,8193,4,D8193,일반기계
일반기계,일반기계,HSK-MTI 연계표,8194,4,D8194,일반기계
일반기계,일반기계,HSK-MTI 연계표,8195,4,D8195,일반기계
일반기계,일반기계,HSK-MTI 연계표,8196,4,D8196,일반기계
일반기계,일반기계,HSK-MTI 연계표,8197,4,D8197,일반기계
일반기계,일반기계,HSK-MTI 연계표,8199,4,D8199,일반기계
일반기계,일반기계,HSK-MTI 연계표,8203,4,D8203,일반기계
일반기계,일반기계,HSK-MTI 연계표,8204,4,D8204,일반기계
일반기계,일반기계,HSK-MTI 연계표,8205,4,D8205,일반기계
일반기계,일반기계,HSK-MTI 연계표,8206,4,D8206,일반기계
일반기계,일반기계,HSK-MTI 연계표,8207,4,D8207,일반기계
일반기계,일반기계,HSK-MTI 연계표,8211,4,D8211,일반기계
일반기계,일반기계,HSK-MTI 연계표,8212,4,D8212,일반기계
일반기계,일반기계,HSK-MTI 연계표,8213,4,D8213,일반기계
일반기계,일반기계,HSK-MTI 연계표,8214,4,D8214,일반기계
일반기계,일반기계,HSK-MTI 연계표,8218,4,D8218,일반기계
일반기계,일반기계,HSK-MTI 연계표,8219,4,D8219,일반기계
일반기계,일반기계,HSK-MTI 연계표,8220,4,D8220,일반기계
일반기계,일반기계,HSK-MTI 연계표,8221,4,D8221,일반기계
일반기계,일반기계,HSK-MTI 연계표,8227,4,D8227,일반기계
일반기계,일반기계,HSK-MTI 연계표,8228,4,D8228,일반기계
일반기계,일반기계,HSK-MTI 연계표,8229,4,D8229,일반기계
일반기계,일반기계,HSK-MTI 연계표,8230,4,D8230,일반기계
일반기계,일반기계,HSK-MTI 연계표,8231,4,D8231,일반기계
일반기계,일반기계,HSK-MTI 연계표,8232,4,D8232,일반기계
일반기계,일반기계,HSK-MTI 연계표,8233,4,D8233,일반기계
일반기계,일반기계,HSK-MTI 연계표,8234,4,D8234,일반기계
일반기계,일반기계,HSK-MTI 연계표,8235,4,D8235,일반기계
일반기계,일반기계,HSK-MTI 연계표,8238,4,D8238,일반기계
일반기계,일반기계,HSK-MTI 연계표,8241,4,D8241,일반기계
일반기계,일반기계,HSK-MTI 연계표,8244,4,D8244,일반기계
일반기계,일반기계,HSK-MTI 연계표,8247,4,D8247,일반기계
일반기계,일반기계,HSK-MTI 연계표,8250,4,D8250,일반기계
일반기계,일반기계,HSK-MTI 연계표,8253,4,D8253,일반기계
일반기계,일반기계,HSK-MTI 연계표,8255,4,D8255,일반기계
일반기계,일반기계,HSK-MTI 연계표,8257,4,D8257,일반기계
일반기계,일반기계,HSK-MTI 연계표,8258,4,D8258,일반기계
일반기계,일반기계,HSK-MTI 연계표,8259,4,D8259,일반기계
일반기계,일반기계,HSK-MTI 연계표,8260,4,D8260,일반기계
일반기계,일반기계,HSK-MTI 연계표,8261,4,D8261,일반기계
일반기계,일반기계,HSK-MTI 연계표,8262,4,D8262,일반기계
일반기계,일반기계,HSK-MTI 연계표,8263,4,D8263,일반기계
일반기계,일반기계,HSK-MTI 연계표,8264,4,D8264,일반기계
일반기계,일반기계,HSK-MTI 연계표,8265,4,D8265,일반기계
일반기계,일반기계,HSK-MTI 연계표,8266,4,D8266,일반기계
일반기계,일반기계,HSK-MTI 연계표,8267,4,D8267,일반기계
일반기계,일반기계,HSK-MTI 연계표,8268,4,D8268,일반기계
일반기계,일반기계,HSK-MTI 연계표,8269,4,D8269,일반기계
일반기계,일반기계,HSK-MTI 연계표,8270,4,D8270,일반기계
일반기계,일반기계,HSK-MTI 연계표,8271,4,D8271,일반기계
일반기계,일반기계,HSK-MTI 연계표,8272,4,D8272,일반기계
일반기계,일반기계,HSK-MTI 연계표,8277,4,D8277,일반기계
일반기계,일반기계,HSK-MTI 연계표,8278,4,D8278,일반기계
일반기계,일반기계,HSK-MTI 연계표,8279,4,D8279,일반기계
일반기계,일반기계,HSK-MTI 연계표,8280,4,D8280,일반기계
일반기계,일반기계,HSK-MTI 연계표,8281,4,D8281,일반기계
일반기계,일반기계,HSK-MTI 연계표,8282,4,D8282,일반기계
일반기계,일반기계,HSK-MTI 연계표,8283,4,D8283,일반기계
일반기계,일반기계,HSK-MTI 연계표,8284,4,D8284,일반기계
일반기계,일반기계,HSK-MTI 연계표,8285,4,D8285,일반기계
일반기계,일반기계,HSK-MTI 연계표,8286,4,D8286,일반기계
일반기계,일반기계,HSK-MTI 연계표,8287,4,D8287,일반기계
일반기계,일반기계,HSK-MTI 연계표,8288,4,D8288,일반기계
일반기계,일반기계,HSK-MTI 연계표,8289,4,D8289,일반기계
일반기계,일반기계,HSK-MTI 연계표,8290,4,D8290,일반기계
일반기계,일반기계,HSK-MTI 연계표,8291,4,D8291,일반기계
일반기계,일반기계,HSK-MTI 연계표,8292,4,D8292,일반기계
일반기계,일반기계,HSK-MTI 연계표,8293,4,D8293,일반기계
일반기계,일반기계,HSK-MTI 연계표,8294,4,D8294,일반기계
일반기계,일반기계,HSK-MTI 연계표,8295,4,D8295,일반기계
일반기계,일반기계,HSK-MTI 연계표,8296,4,D8296,일반기계
일반기계,일반기계,HSK-MTI 연계표,8297,4,D8297,일반기계
일반기계,일반기계,HSK-MTI 연계표,8298,4,D8298,일반기계
일반기계,일반기계,HSK-MTI 연계표,8299,4,D8299,일반기계
일반기계,일반기계,HSK-MTI 연계표,8300,4,D8300,일반기계
일반기계,일반기계,HSK-MTI 연계표,8301,4,D8301,일반기계
일반기계,일반기계,HSK-MTI 연계표,8302,4,D8302,일반기계
일반기계,일반기계,HSK-MTI 연계표,8303,4,D8303,일반기계
일반기계,일반기계,HSK-MTI 연계표,8306,4,D8306,일반기계
일반기계,일반기계,HSK-MTI 연계표,8307,4,D8307,일반기계
일반기계,일반기계,HSK-MTI 연계표,8308,4,D8308,일반기계
일반기계,일반기계,HSK-MTI 연계표,8309,4,D8309,일반기계
일반기계,일반기계,HSK-MTI 연계표,8310,4,D8310,일반기계
일반기계,일반기계,HSK-MTI 연계표,8311,4,D8311,일반기계
가전,가전,HSK-MTI 연계표,8313,4,D8313,가전
일반기계,일반기계,HSK-MTI 연계표,8316,4,D8316,일반기계
가전,가전,HSK-MTI 연계표,8318,4,D8318,가전
일반기계,일반기계,HSK-MTI 연계표,8319,4,D8319,일반기계
일반기계,일반기계,HSK-MTI 연계표,8320,4,D8320,일반기계
일반기계,일반기계,HSK-MTI 연계표,8322,4,D8322,일반기계
일반기계,일반기계,HSK-MTI 연계표,8323,4,D8323,일반기계
일반기계,일반기계,HSK-MTI 연계표,8324,4,D8324,일반기계
일반기계,일반기계,HSK-MTI 연계표,8325,4,D8325,일반기계
일반기계,일반기계,HSK-MTI 연계표,8326,4,D8326,일반기계
일반기계,일반기계,HSK-MTI 연계표,8327,4,D8327,일반기계
일반기계,일반기계,HSK-MTI 연계표,8328,4,D8328,일반기계
일반기계,일반기계,HSK-MTI 연계표,8329,4,D8329,일반기계
일반기계,일반기계,HSK-MTI 연계표,8330,4,D8330,일반기계
일반기계,일반기계,HSK-MTI 연계표,8331,4,D8331,일반기계
일반기계,일반기계,HSK-MTI 연계표,8332,4,D8332,일반기계
일반기계,일반기계,HSK-MTI 연계표,8333,4,D8333,일반기계
가전,가전,HSK-MTI 연계표,8334,4,D8334,가전
일반기계,일반기계,HSK-MTI 연계표,8335,4,D8335,일반기계
일반기계,일반기계,HSK-MTI 연계표,8336,4,D8336,일반기계
일반기계,일반기계,HSK-MTI 연계표,8337,4,D8337,일반기계
일반기계,일반기계,HSK-MTI 연계표,8338,4,D8338,일반기계
일반기계,일반기계,HSK-MTI 연계표,8339,4,D8339,일반기계
일반기계,일반기계,HSK-MTI 연계표,8340,4,D8340,일반기계
일반기계,일반기계,HSK-MTI 연계표,8341,4,D8341,일반기계
일반기계,일반기계,HSK-MTI 연계표,8342,4,D8342,일반기계
일반기계,일반기계,HSK-MTI 연계표,8343,4,D8343,일반기계
일반기계,일반기계,HSK-MTI 연계표,8344,4,D8344,일반기계
일반기계,일반기계,HSK-MTI 연계표,8345,4,D8345,일반기계
일반기계,일반기계,HSK-MTI 연계표,8346,4,D8346,일반기계
일반기계,일반기계,HSK-MTI 연계표,8347,4,D8347,일반기계
일반기계,일반기계,HSK-MTI 연계표,8348,4,D8348,일반기계
일반기계,일반기계,HSK-MTI 연계표,8349,4,D8349,일반기계
일반기계,일반기계,HSK-MTI 연계표,8350,4,D8350,일반기계
일반기계,일반기계,HSK-MTI 연계표,8351,4,D8351,일반기계
일반기계,일반기계,HSK-MTI 연계표,8352,4,D8352,일반기계
일반기계,일반기계,HSK-MTI 연계표,8353,4,D8353,일반기계
일반기계,일반기계,HSK-MTI 연계표,8354,4,D8354,일반기계
일반기계,일반기계,HSK-MTI 연계표,8355,4,D8355,일반기계
일반기계,일반기계,HSK-MTI 연계표,8356,4,D8356,일반기계
일반기계,일반기계,HSK-MTI 연계표,8357,4,D8357,일반기계
일반기계,일반기계,HSK-MTI 연계표,8358,4,D8358,일반기계
일반기계,일반기계,HSK-MTI 연계표,8359,4,D8359,일반기계
일반기계,일반기계,HSK-MTI 연계표,8360,4,D8360,일반기계
일반기계,일반기계,HSK-MTI 연계표,8361,4,D8361,일반기계
일반기계,일반기계,HSK-MTI 연계표,8362,4,D8362,일반기계
일반기계,일반기계,HSK-MTI 연계표,8363,4,D8363,일반기계
가전,가전,HSK-MTI 연계표,8364,4,D8364,가전
가전,가전,HSK-MTI 연계표,8365,4,D8365,가전
가전,가전,HSK-MTI 연계표,8366,4,D8366,가전
가전,가전,HSK-MTI 연계표,8367,4,D8367,가전
가전,가전,HSK-MTI 연계표,8368,4,D8368,가전
가전,가전,HSK-MTI 연계표,8369,4,D8369,가전
가전,가전,HSK-MTI 연계표,8370,4,D8370,가전
가전,가전,HSK-MTI 연계표,8371,4,D8371,가전
가전,가전,HSK-MTI 연계표,8372,4,D8372,가전
일반기계,일반기계,HSK-MTI 연계표,8373,4,D8373,일반기계
일반기계,일반기계,HSK-MTI 연계표,8374,4,D8374,일반기계
일반기계,일반기계,HSK-MTI 연계표,8375,4,D8375,일반기계
일반기계,일반기계,HSK-MTI 연계표,8376,4,D8376,일반기계
일반기계,일반기계,HSK-MTI 연계표,8377,4,D8377,일반기계
일반기계,일반기계,HSK-MTI 연계표,8379,4,D8379,일반기계
일반기계,일반기계,HSK-MTI 연계표,8380,4,D8380,일반기계
일반기계,일반기계,HSK-MTI 연계표,8381,4,D8381,일반기계
일반기계,일반기계,HSK-MTI 연계표,8382,4,D8382,일반기계
일반기계,일반기계,HSK-MTI 연계표,8383,4,D8383,일반기계
일반기계,일반기계,HSK-MTI 연계표,8384,4,D8384,일반기계
가전,가전,HSK-MTI 연계표,8385,4,D8385,가전
일반기계,일반기계,HSK-MTI 연계표,8386,4,D8386,일반기계
일반기계,일반기계,HSK-MTI 연계표,8387,4,D8387,일반기계
일반기계,일반기계,HSK-MTI 연계표,8388,4,D8388,일반기계
일반기계,일반기계,HSK-MTI 연계표,8389,4,D8389,일반기계
일반기계,일반기계,HSK-MTI 연계표,8391,4,D8391,일반기계
일반기계,일반기계,HSK-MTI 연계표,8392,4,D8392,일반기계
일반기계,일반기계,HSK-MTI 연계표,8393,4,D8393,일반기계
일반기계,일반기계,HSK-MTI 연계표,8394,4,D8394,일반기계
일반기계,일반기계,HSK-MTI 연계표,8395,4,D8395,일반기계
일반기계,일반기계,HSK-MTI 연계표,8397,4,D8397,일반기계
일반기계,일반기계,HSK-MTI 연계표,8398,4,D8398,일반기계
일반기계,일반기계,HSK-MTI 연계표,8399,4,D8399,일반기계
일반기계,일반기계,HSK-MTI 연계표,8400,4,D8400,일반기계
일반기계,일반기계,HSK-MTI 연계표,8401,4,D8401,일반기계
일반기계,일반기계,HSK-MTI 연계표,8402,4,D8402,일반기계
일반기계,일반기계,HSK-MTI 연계표,8403,4,D8403,일반기계
일반기계,일반기계,HSK-MTI 연계표,8404,4,D8404,일반기계
일반기계,일반기계,HSK-MTI 연계표,8405,4,D8405,일반기계
일반기계,일반기계,HSK-MTI 연계표,8406,4,D8406,일반기계
일반기계,일반기계,HSK-MTI 연계표,8407,4,D8407,일반기계
일반기계,일반기계,HSK-MTI 연계표,8408,4,D8408,일반기계
일반기계,일반기계,HSK-MTI 연계표,8409,4,D8409,일반기계
일반기계,일반기계,HSK-MTI 연계표,8410,4,D8410,일반기계
일반기계,일반기계,HSK-MTI 연계표,8411,4,D8411,일반기계
일반기계,일반기계,HSK-MTI 연계표,8412,4,D8412,일반기계
일반기계,일반기계,HSK-MTI 연계표,8413,4,D8413,일반기계
일반기계,일반기계,HSK-MTI 연계표,8414,4,D8414,일반기계
일반기계,일반기계,HSK-MTI 연계표,8415,4,D8415,일반기계
일반기계,일반기계,HSK-MTI 연계표,8416,4,D8416,일반기계
일반기계,일반기계,HSK-MTI 연계표,8417,4,D8417,일반기계
일반기계,일반기계,HSK-MTI 연계표,8418,4,D8418,일반기계
일반기계,일반기계,HSK-MTI 연계표,8419,4,D8419,일반기계
일반기계,일반기계,HSK-MTI 연계표,8420,4,D8420,일반기계
일반기계,일반기계,HSK-MTI 연계표,8421,4,D8421,일반기계
일반기계,일반기계,HSK-MTI 연계표,8422,4,D8422,일반기계
일반기계,일반기계,HSK-MTI 연계표,8423,4,D8423,일반기계
일반기계,일반기계,HSK-MTI 연계표,8424,4,D8424,일반기계
일반기계,일반기계,HSK-MTI 연계표,8425,4,D8425,일반기계
일반기계,일반기계,HSK-MTI 연계표,8426,4,D8426,일반기계
일반기계,일반기계,HSK-MTI 연계표,8427,4,D8427,일반기계
일반기계,일반기계,HSK-MTI 연계표,8428,4,D8428,일반기계
일반기계,일반기계,HSK-MTI 연계표,8429,4,D8429,일반기계
일반기계,일반기계,HSK-MTI 연계표,8430,4,D8430,일반기계
일반기계,일반기계,HSK-MTI 연계표,8431,4,D8431,일반기계
일반기계,일반기계,HSK-MTI 연계표,8432,4,D8432,일반기계
일반기계,일반기계,HSK-MTI 연계표,8434,4,D8434,일반기계
일반기계,일반기계,HSK-MTI 연계표,8435,4,D8435,일반기계
일반기계,일반기계,HSK-MTI 연계표,8438,4,D8438,일반기계
일반기계,일반기계,HSK-MTI 연계표,8439,4,D8439,일반기계
일반기계,일반기계,HSK-MTI 연계표,8440,4,D8440,일반기계
일반기계,일반기계,HSK-MTI 연계표,8441,4,D8441,일반기계
일반기계,일반기계,HSK-MTI 연계표,8445,4,D8445,일반기계
일반기계,일반기계,HSK-MTI 연계표,8446,4,D8446,일반기계
일반기계,일반기계,HSK-MTI 연계표,8449,4,D8449,일반기계
일반기계,일반기계,HSK-MTI 연계표,8450,4,D8450,일반기계
일반기계,일반기계,HSK-MTI 연계표,8451,4,D8451,일반기계
일반기계,일반기계,HSK-MTI 연계표,8452,4,D8452,일반기계
일반기계,일반기계,HSK-MTI 연계표,8453,4,D8453,일반기계
일반기계,일반기계,HSK-MTI 연계표,8454,4,D8454,일반기계
일반기계,일반기계,HSK-MTI 연계표,8458,4,D8458,일반기계
일반기계,일반기계,HSK-MTI 연계표,8459,4,D8459,일반기계
일반기계,일반기계,HSK-MTI 연계표,8460,4,D8460,일반기계
일반기계,일반기계,HSK-MTI 연계표,8461,4,D8461,일반기계
일반기계,일반기계,HSK-MTI 연계표,8462,4,D8462,일반기계
일반기계,일반기계,HSK-MTI 연계표,8463,4,D8463,일반기계
가전,가전,HSK-MTI 연계표,8464,4,D8464,가전
가전,가전,HSK-MTI 연계표,8465,4,D8465,가전
일반기계,일반기계,HSK-MTI 연계표,8468,4,D8468,일반기계
일반기계,일반기계,HSK-MTI 연계표,8469,4,D8469,일반기계
일반기계,일반기계,HSK-MTI 연계표,8471,4,D8471,일반기계
일반기계,일반기계,HSK-MTI 연계표,8472,4,D8472,일반기계
일반기계,일반기계,HSK-MTI 연계표,8473,4,D8473,일반기계
일반기계,일반기계,HSK-MTI 연계표,8474,4,D8474,일반기계
일반기계,일반기계,HSK-MTI 연계표,8475,4,D8475,일반기계
일반기계,일반기계,HSK-MTI 연계표,8476,4,D8476,일반기계
일반기계,일반기계,HSK-MTI 연계표,8477,4,D8477,일반기계
일반기계,일반기계,HSK-MTI 연계표,8478,4,D8478,일반기계
일반기계,일반기계,HSK-MTI 연계표,8479,4,D8479,일반기계
일반기계,일반기계,HSK-MTI 연계표,8480,4,D8480,일반기계
일반기계,일반기계,HSK-MTI 연계표,8481,4,D8481,일반기계
일반기계,일반기계,HSK-MTI 연계표,8482,4,D8482,일반기계
가전,가전,HSK-MTI 연계표,8483,4,D8483,가전
일반기계,일반기계,HSK-MTI 연계표,8484,4,D8484,일반기계
일반기계,일반기계,HSK-MTI 연계표,8485,4,D8485,일반기계
일반기계,일반기계,HSK-MTI 연계표,8506,4,D8506,일반기계
일반기계,일반기계,HSK-MTI 연계표,8507,4,D8507,일반기계
일반기계,일반기계,HSK-MTI 연계표,8508,4,D8508,일반기계
일반기계,일반기계,HSK-MTI 연계표,8509,4,D8509,일반기계
일반기계,일반기계,HSK-MTI 연계표,8510,4,D8510,일반기계
일반기계,일반기계,HSK-MTI 연계표,8511,4,D8511,일반기계
일반기계,일반기계,HSK-MTI 연계표,8512,4,D8512,일반기계
일반기계,일반기계,HSK-MTI 연계표,8513,4,D8513,일반기계
일반기계,일반기계,HSK-MTI 연계표,8514,4,D8514,일반기계
일반기계,일반기계,HSK-MTI 연계표,8515,4,D8515,일반기계
일반기계,일반기계,HSK-MTI 연계표,8516,4,D8516,일반기계
일반기계,일반기계,HSK-MTI 연계표,8517,4,D8517,일반기계
일반기계,일반기계,HSK-MTI 연계표,8519,4,D8519,일반기계
일반기계,일반기계,HSK-MTI 연계표,8520,4,D8520,일반기계
일반기계,일반기계,HSK-MTI 연계표,8521,4,D8521,일반기계
일반기계,일반기계,HSK-MTI 연계표,8522,4,D8522,일반기계
일반기계,일반기계,HSK-MTI 연계표,8523,4,D8523,일반기계
일반기계,일반기계,HSK-MTI 연계표,8525,4,D8525,일반기계
일반기계,일반기계,HSK-MTI 연계표,8526,4,D8526,일반기계
일반기계,일반기계,HSK-MTI 연계표,8527,4,D8527,일반기계
일반기계,일반기계,HSK-MTI 연계표,8528,4,D8528,일반기계
일반기계,일반기계,HSK-MTI 연계표,8529,4,D8529,일반기계
일반기계,일반기계,HSK-MTI 연계표,8530,4,D8530,일반기계
일반기계,일반기계,HSK-MTI 연계표,8531,4,D8531,일반기계
일반기계,일반기계,HSK-MTI 연계표,8532,4,D8532,일반기계
일반기계,일반기계,HSK-MTI 연계표,8533,4,D8533,일반기계
일반기계,일반기계,HSK-MTI 연계표,8534,4,D8534,일반기계
일반기계,일반기계,HSK-MTI 연계표,8535,4,D8535,일반기계
일반기계,일반기계,HSK-MTI 연계표,8536,4,D8536,일반기계
일반기계,일반기계,HSK-MTI 연계표,8537,4,D8537,일반기계
일반기계,일반기계,HSK-MTI 연계표,8538,4,D8538,일반기계
일반기계,일반기계,HSK-MTI 연계표,8539,4,D8539,일반기계
일반기계,일반기계,HSK-MTI 연계표,8540,4,D8540,일반기계
일반기계,일반기계,HSK-MTI 연계표,8541,4,D8541,일반기계
일반기계,일반기계,HSK-MTI 연계표,8542,4,D8542,일반기계
일반기계,일반기계,HSK-MTI 연계표,8543,4,D8543,일반기계
일반기계,일반기계,HSK-MTI 연계표,8544,4,D8544,일반기계
일반기계,일반기계,HSK-MTI 연계표,8545,4,D8545,일반기계
일반기계,일반기계,HSK-MTI 연계표,8546,4,D8546,일반기계
일반기계,일반기계,HSK-MTI 연계표,8547,4,D8547,일반기계
일반기계,일반기계,HSK-MTI 연계표,8548,4,D8548,일반기계
일반기계,일반기계,HSK-MTI 연계표,8549,4,D8549,일반기계
일반기계,일반기계,HSK-MTI 연계표,8550,4,D8550,일반기계
일반기계,일반기계,HSK-MTI 연계표,8551,4,D8551,일반기계
일반기계,일반기계,HSK-MTI 연계표,8552,4,D8552,일반기계
일반기계,일반기계,HSK-MTI 연계표,8554,4,D8554,일반기계
일반기계,일반기계,HSK-MTI 연계표,8555,4,D8555,일반기계
일반기계,일반기계,HSK-MTI 연계표,8556,4,D8556,일반기계
일반기계,일반기계,HSK-MTI 연계표,8557,4,D8557,일반기계
일반기계,일반기계,HSK-MTI 연계표,8558,4,D8558,일반기계
일반기계,일반기계,HSK-MTI 연계표,8559,4,D8559,일반기계
일반기계,일반기계,HSK-MTI 연계표,8560,4,D8560,일반기계
일반기계,일반기계,HSK-MTI 연계표,8561,4,D8561,일반기계
일반기계,일반기계,HSK-MTI 연계표,8562,4,D8562,일반기계
일반기계,일반기계,HSK-MTI 연계표,8563,4,D8563,일반기계
일반기계,일반기계,HSK-MTI 연계표,8564,4,D8564,일반기계
일반기계,일반기계,HSK-MTI 연계표,8567,4,D8567,일반기계
일반기계,일반기계,HSK-MTI 연계표,8568,4,D8568,일반기계
일반기계,일반기계,HSK-MTI 연계표,8570,4,D8570,일반기계
일반기계,일반기계,HSK-MTI 연계표,8571,4,D8571,일반기계
일반기계,일반기계,HSK-MTI 연계표,8572,4,D8572,일반기계
일반기계,일반기계,HSK-MTI 연계표,8575,4,D8575,일반기계
일반기계,일반기계,HSK-MTI 연계표,8576,4,D8576,일반기계
일반기계,일반기계,HSK-MTI 연계표,8578,4,D8578,일반기계
일반기계,일반기계,HSK-MTI 연계표,8579,4,D8579,일반기계
일반기계,일반기계,HSK-MTI 연계표,8580,4,D8580,일반기계
일반기계,일반기계,HSK-MTI 연계표,8581,4,D8581,일반기계
일반기계,일반기계,HSK-MTI 연계표,8582,4,D8582,일반기계
일반기계,일반기계,HSK-MTI 연계표,8583,4,D8583,일반기계
일반기계,일반기계,HSK-MTI 연계표,8584,4,D8584,일반기계
일반기계,일반기계,HSK-MTI 연계표,8585,4,D8585,일반기계
일반기계,일반기계,HSK-MTI 연계표,8586,4,D8586,일반기계
일반기계,일반기계,HSK-MTI 연계표,8587,4,D8587,일반기계
일반기계,일반기계,HSK-MTI 연계표,8588,4,D8588,일반기계
일반기계,일반기계,HSK-MTI 연계표,8589,4,D8589,일반기계
일반기계,일반기계,HSK-MTI 연계표,8590,4,D8590,일반기계
일반기계,일반기계,HSK-MTI 연계표,8591,4,D8591,일반기계
일반기계,일반기계,HSK-MTI 연계표,8592,4,D8592,일반기계
일반기계,일반기계,HSK-MTI 연계표,8593,4,D8593,일반기계
일반기계,일반기계,HSK-MTI 연계표,8594,4,D8594,일반기계
일반기계,일반기계,HSK-MTI 연계표,8595,4,D8595,일반기계
일반기계,일반기계,HSK-MTI 연계표,8596,4,D8596,일반기계
일반기계,일반기계,HSK-MTI 연계표,8597,4,D8597,일반기계
일반기계,일반기계,HSK-MTI 연계표,8598,4,D8598,일반기계
일반기계,일반기계,HSK-MTI 연계표,8599,4,D8599,일반기계
일반기계,일반기계,HSK-MTI 연계표,8600,4,D8600,일반기계
일반기계,일반기계,HSK-MTI 연계표,8601,4,D8601,일반기계
일반기계,일반기계,HSK-MTI 연계표,8602,4,D8602,일반기계
일반기계,일반기계,HSK-MTI 연계표,8603,4,D8603,일반기계
일반기계,일반기계,HSK-MTI 연계표,8604,4,D8604,일반기계
일반기계,일반기계,HSK-MTI 연계표,8605,4,D8605,일반기계
일반기계,일반기계,HSK-MTI 연계표,8606,4,D8606,일반기계
일반기계,일반기계,HSK-MTI 연계표,8607,4,D8607,일반기계
일반기계,일반기계,HSK-MTI 연계표,8608,4,D8608,일반기계
일반기계,일반기계,HSK-MTI 연계표,8609,4,D8609,일반기계
일반기계,일반기계,HSK-MTI 연계표,8610,4,D8610,일반기계
일반기계,일반기계,HSK-MTI 연계표,8611,4,D8611,일반기계
일반기계,일반기계,HSK-MTI 연계표,8612,4,D8612,일반기계
일반기계,일반기계,HSK-MTI 연계표,8613,4,D8613,일반기계
일반기계,일반기계,HSK-MTI 연계표,8614,4,D8614,일반기계
일반기계,일반기계,HSK-MTI 연계표,8615,4,D8615,일반기계
일반기계,일반기계,HSK-MTI 연계표,8616,4,D8616,일반기계
일반기계,일반기계,HSK-MTI 연계표,8617,4,D8617,일반기계
일반기계,일반기계,HSK-MTI 연계표,8618,4,D8618,일반기계
일반기계,일반기계,HSK-MTI 연계표,8619,4,D8619,일반기계
일반기계,일반기계,HSK-MTI 연계표,8620,4,D8620,일반기계
일반기계,일반기계,HSK-MTI 연계표,8621,4,D8621,일반기계
일반기계,일반기계,HSK-MTI 연계표,8622,4,D8622,일반기계
일반기계,일반기계,HSK-MTI 연계표,8623,4,D8623,일반기계
일반기계,일반기계,HSK-MTI 연계표,8624,4,D8624,일반기계
일반기계,일반기계,HSK-MTI 연계표,8625,4,D8625,일반기계
일반기계,일반기계,HSK-MTI 연계표,8626,4,D8626,일반기계
일반기계,일반기계,HSK-MTI 연계표,8627,4,D8627,일반기계
일반기계,일반기계,HSK-MTI 연계표,8628,4,D8628,일반기계
일반기계,일반기계,HSK-MTI 연계표,8629,4,D8629,일반기계
일반기계,일반기계,HSK-MTI 연계표,8630,4,D8630,일반기계
일반기계,일반기계,HSK-MTI 연계표,8631,4,D8631,일반기계
일반기계,일반기계,HSK-MTI 연계표,8632,4,D8632,일반기계
일반기계,일반기계,HSK-MTI 연계표,8633,4,D8633,일반기계
일반기계,일반기계,HSK-MTI 연계표,8634,4,D8634,일반기계
일반기계,일반기계,HSK-MTI 연계표,8635,4,D8635,일반기계
일반기계,일반기계,HSK-MTI 연계표,8636,4,D8636,일반기계
일반기계,일반기계,HSK-MTI 연계표,8637,4,D8637,일반기계
일반기계,일반기계,HSK-MTI 연계표,8638,4,D8638,일반기계
일반기계,일반기계,HSK-MTI 연계표,8639,4,D8639,일반기계
일반기계,일반기계,HSK-MTI 연계표,8640,4,D8640,일반기계
일반기계,일반기계,HSK-MTI 연계표,8641,4,D8641,일반기계
일반기계,일반기계,HSK-MTI 연계표,8642,4,D8642,일반기계
일반기계,일반기계,HSK-MTI 연계표,8643,4,D8643,일반기계
일반기계,일반기계,HSK-MTI 연계표,8644,4,D8644,일반기계
일반기계,일반기계,HSK-MTI 연계표,8645,4,D8645,일반기계
일반기계,일반기계,HSK-MTI 연계표,8646,4,D8646,일반기계
일반기계,일반기계,HSK-MTI 연계표,8647,4,D8647,일반기계
일반기계,일반기계,HSK-MTI 연계표,8648,4,D8648,일반기계
일반기계,일반기계,HSK-MTI 연계표,8649,4,D8649,일반기계
일반기계,일반기계,HSK-MTI 연계표,8650,4,D8650,일반기계
일반기계,일반기계,HSK-MTI 연계표,8651,4,D8651,일반기계
일반기계,일반기계,HSK-MTI 연계표,8652,4,D8652,일반기계
일반기계,일반기계,HSK-MTI 연계표,8653,4,D8653,일반기계
일반기계,일반기계,HSK-MTI 연계표,8654,4,D8654,일반기계
일반기계,일반기계,HSK-MTI 연계표,8655,4,D8655,일반기계
일반기계,일반기계,HSK-MTI 연계표,8656,4,D8656,일반기계
일반기계,일반기계,HSK-MTI 연계표,8657,4,D8657,일반기계
일반기계,일반기계,HSK-MTI 연계표,8658,4,D8658,일반기계
일반기계,일반기계,HSK-MTI 연계표,8659,4,D8659,일반기계
일반기계,일반기계,HSK-MTI 연계표,8660,4,D8660,일반기계
일반기계,일반기계,HSK-MTI 연계표,8661,4,D8661,일반기계
일반기계,일반기계,HSK-MTI 연계표,8662,4,D8662,일반기계
일반기계,일반기계,HSK-MTI 연계표,8663,4,D8663,일반기계
일반기계,일반기계,HSK-MTI 연계표,8664,4,D8664,일반기계
일반기계,일반기계,HSK-MTI 연계표,8665,4,D8665,일반기계
일반기계,일반기계,HSK-MTI 연계표,8666,4,D8666,일반기계
일반기계,일반기계,HSK-MTI 연계표,8667,4,D8667,일반기계
일반기계,일반기계,HSK-MTI 연계표,8668,4,D8668,일반기계
일반기계,일반기계,HSK-MTI 연계표,8669,4,D8669,일반기계
일반기계,일반기계,HSK-MTI 연계표,8670,4,D8670,일반기계
일반기계,일반기계,HSK-MTI 연계표,8671,4,D8671,일반기계
일반기계,일반기계,HSK-MTI 연계표,8672,4,D8672,일반기계
일반기계,일반기계,HSK-MTI 연계표,8673,4,D8673,일반기계
일반기계,일반기계,HSK-MTI 연계표,8674,4,D8674,일반기계
일반기계,일반기계,HSK-MTI 연계표,8675,4,D8675,일반기계
일반기계,일반기계,HSK-MTI 연계표,8676,4,D8676,일반기계
일반기계,일반기계,HSK-MTI 연계표,8677,4,D8677,일반기계
일반기계,일반기계,HSK-MTI 연계표,8678,4,D8678,일반기계
일반기계,일반기계,HSK-MTI 연계표,8679,4,D8679,일반기계
일반기계,일반기계,HSK-MTI 연계표,8680,4,D8680,일반기계
일반기계,일반기계,HSK-MTI 연계표,8681,4,D8681,일반기계
일반기계,일반기계,HSK-MTI 연계표,8682,4,D8682,일반기계
일반기계,일반기계,HSK-MTI 연계표,8683,4,D8683,일반기계
일반기계,일반기계,HSK-MTI 연계표,8684,4,D8684,일반기계
일반기계,일반기계,HSK-MTI 연계표,8685,4,D8685,일반기계
일반기계,일반기계,HSK-MTI 연계표,8686,4,D8686,일반기계
일반기계,일반기계,HSK-MTI 연계표,8687,4,D8687,일반기계
일반기계,일반기계,HSK-MTI 연계표,8688,4,D8688,일반기계
일반기계,일반기계,HSK-MTI 연계표,8689,4,D8689,일반기계
일반기계,일반기계,HSK-MTI 연계표,8690,4,D8690,일반기계
일반기계,일반기계,HSK-MTI 연계표,8691,4,D8691,일반기계
일반기계,일반기계,HSK-MTI 연계표,8692,4,D8692,일반기계
일반기계,일반기계,HSK-MTI 연계표,8693,4,D8693,일반기계
일반기계,일반기계,HSK-MTI 연계표,8694,4,D8694,일반기계
일반기계,일반기계,HSK-MTI 연계표,8695,4,D8695,일반기계
일반기계,일반기계,HSK-MTI 연계표,8696,4,D8696,일반기계
일반기계,일반기계,HSK-MTI 연계표,8697,4,D8697,일반기계
일반기계,일반기계,HSK-MTI 연계표,8698,4,D8698,일반기계
일반기계,일반기계,HSK-MTI 연계표,8699,4,D8699,일반기계
일반기계,일반기계,HSK-MTI 연계표,8700,4,D8700,일반기계
일반기계,일반기계,HSK-MTI 연계표,8701,4,D8701,일반기계
일반기계,일반기계,HSK-MTI 연계표,8702,4,D8702,일반기계
일반기계,일반기계,HSK-MTI 연계표,8703,4,D8703,일반기계
일반기계,일반기계,HSK-MTI 연계표,8704,4,D8704,일반기계
일반기계,일반기계,HSK-MTI 연계표,8705,4,D8705,일반기계
일반기계,일반기계,HSK-MTI 연계표,8706,4,D8706,일반기계
일반기계,일반기계,HSK-MTI 연계표,8707,4,D8707,일반기계
일반기계,일반기계,HSK-MTI 연계표,8708,4,D8708,일반기계
일반기계,일반기계,HSK-MTI 연계표,8709,4,D8709,일반기계
일반기계,일반기계,HSK-MTI 연계표,8710,4,D8710,일반기계
일반기계,일반기계,HSK-MTI 연계표,8711,4,D8711,일반기계
일반기계,일반기계,HSK-MTI 연계표,8712,4,D8712,일반기계
일반기계,일반기계,HSK-MTI 연계표,8713,4,D8713,일반기계
일반기계,일반기계,HSK-MTI 연계표,8714,4,D8714,일반기계
일반기계,일반기계,HSK-MTI 연계표,8715,4,D8715,일반기계
일반기계,일반기계,HSK-MTI 연계표,8716,4,D8716,일반기계
일반기계,일반기계,HSK-MTI 연계표,8717,4,D8717,일반기계
일반기계,일반기계,HSK-MTI 연계표,8718,4,D8718,일반기계
일반기계,일반기계,HSK-MTI 연계표,8719,4,D8719,일반기계
일반기계,일반기계,HSK-MTI 연계표,8720,4,D8720,일반기계
일반기계,일반기계,HSK-MTI 연계표,8721,4,D8721,일반기계
일반기계,일반기계,HSK-MTI 연계표,8722,4,D8722,일반기계
일반기계,일반기계,HSK-MTI 연계표,8723,4,D8723,일반기계
일반기계,일반기계,HSK-MTI 연계표,8724,4,D8724,일반기계
일반기계,일반기계,HSK-MTI 연계표,8725,4,D8725,일반기계
일반기계,일반기계,HSK-MTI 연계표,8726,4,D8726,일반기계
일반기계,일반기계,HSK-MTI 연계표,8727,4,D8727,일반기계
일반기계,일반기계,HSK-MTI 연계표,8728,4,D8728,일반기계
일반기계,일반기계,HSK-MTI 연계표,8729,4,D8729,일반기계
일반기계,일반기계,HSK-MTI 연계표,8730,4,D8730,일반기계
일반기계,일반기계,HSK-MTI 연계표,8731,4,D8731,일반기계
일반기계,일반기계,HSK-MTI 연계표,8732,4,D8732,일반기계
일반기계,일반기계,HSK-MTI 연계표,8733,4,D8733,일반기계
일반기계,일반기계,HSK-MTI 연계표,8738,4,D8738,일반기계
일반기계,일반기계,HSK-MTI 연계표,8744,4,D8744,일반기계
일반기계,일반기계,HSK-MTI 연계표,8747,4,D8747,일반기계
일반기계,일반기계,HSK-MTI 연계표,8748,4,D8748,일반기계
일반기계,일반기계,HSK-MTI 연계표,8749,4,D8749,일반기계
일반기계,일반기계,HSK-MTI 연계표,8750,4,D8750,일반기계
일반기계,일반기계,HSK-MTI 연계표,8751,4,D8751,일반기계
일반기계,일반기계,HSK-MTI 연계표,8752,4,D8752,일반기계
일반기계,일반기계,HSK-MTI 연계표,8753,4,D8753,일반기계
일반기계,일반기계,HSK-MTI 연계표,8754,4,D8754,일반기계
일반기계,일반기계,HSK-MTI 연계표,8755,4,D8755,일반기계
일반기계,일반기계,HSK-MTI 연계표,8756,4,D8756,일반기계
일반기계,일반기계,HSK-MTI 연계표,8757,4,D8757,일반기계
일반기계,일반기계,HSK-MTI 연계표,8758,4,D8758,일반기계
일반기계,일반기계,HSK-MTI 연계표,8759,4,D8759,일반기계
일반기계,일반기계,HSK-MTI 연계표,8760,4,D8760,일반기계
일반기계,일반기계,HSK-MTI 연계표,8761,4,D8761,일반기계
일반기계,일반기계,HSK-MTI 연계표,8762,4,D8762,일반기계
일반기계,일반기계,HSK-MTI 연계표,8763,4,D8763,일반기계
일반기계,일반기계,HSK-MTI 연계표,8764,4,D8764,일반기계
일반기계,일반기계,HSK-MTI 연계표,8765,4,D8765,일반기계
일반기계,일반기계,HSK-MTI 연계표,8766,4,D8766,일반기계
일반기계,일반기계,HSK-MTI 연계표,8767,4,D8767,일반기계
일반기계,일반기계,HSK-MTI 연계표,8768,4,D8768,일반기계
일반기계,일반기계,HSK-MTI 연계표,8769,4,D8769,일반기계
일반기계,일반기계,HSK-MTI 연계표,8770,4,D8770,일반기계
일반기계,일반기계,HSK-MTI 연계표,8771,4,D8771,일반기계
일반기계,일반기계,HSK-MTI 연계표,8772,4,D8772,일반기계
일반기계,일반기계,HSK-MTI 연계표,8773,4,D8773,일반기계
일반기계,일반기계,HSK-MTI 연계표,8774,4,D8774,일반기계
일반기계,일반기계,HSK-MTI 연계표,8775,4,D8775,일반기계
일반기계,일반기계,HSK-MTI 연계표,8776,4,D8776,일반기계
일반기계,일반기계,HSK-MTI 연계표,8777,4,D8777,일반기계
일반기계,일반기계,HSK-MTI 연계표,8778,4,D8778,일반기계
일반기계,일반기계,HSK-MTI 연계표,8779,4,D8779,일반기계
일반기계,일반기계,HSK-MTI 연계표,8780,4,D8780,일반기계
일반기계,일반기계,HSK-MTI 연계표,8781,4,D8781,일반기계
일반기계,일반기계,HSK-MTI 연계표,8782,4,D8782,일반기계
일반기계,일반기계,HSK-MTI 연계표,8783,4,D8783,일반기계
일반기계,일반기계,HSK-MTI 연계표,8784,4,D8784,일반기계
일반기계,일반기계,HSK-MTI 연계표,8785,4,D8785,일반기계
일반기계,일반기계,HSK-MTI 연계표,8786,4,D8786,일반기계
일반기계,일반기계,HSK-MTI 연계표,8787,4,D8787,일반기계
일반기계,일반기계,HSK-MTI 연계표,8788,4,D8788,일반기계
일반기계,일반기계,HSK-MTI 연계표,8789,4,D8789,일반기계
일반기계,일반기계,HSK-MTI 연계표,8790,4,D8790,일반기계
일반기계,일반기계,HSK-MTI 연계표,8791,4,D8791,일반기계
일반기계,일반기계,HSK-MTI 연계표,8792,4,D8792,일반기계
일반기계,일반기계,HSK-MTI 연계표,8793,4,D8793,일반기계
일반기계,일반기계,HSK-MTI 연계표,8794,4,D8794,일반기계
일반기계,일반기계,HSK-MTI 연계표,8795,4,D8795,일반기계
일반기계,일반기계,HSK-MTI 연계표,8796,4,D8796,일반기계
일반기계,일반기계,HSK-MTI 연계표,8797,4,D8797,일반기계
일반기계,일반기계,HSK-MTI 연계표,8798,4,D8798,일반기계
일반기계,일반기계,HSK-MTI 연계표,8799,4,D8799,일반기계
일반기계,일반기계,HSK-MTI 연계표,8800,4,D8800,일반기계
일반기계,일반기계,HSK-MTI 연계표,8801,4,D8801,일반기계
일반기계,일반기계,HSK-MTI 연계표,8802,4,D8802,일반기계
일반기계,일반기계,HSK-MTI 연계표,8803,4,D8803,일반기계
일반기계,일반기계,HSK-MTI 연계표,8804,4,D8804,일반기계
일반기계,일반기계,HSK-MTI 연계표,8805,4,D8805,일반기계
일반기계,일반기계,HSK-MTI 연계표,8806,4,D8806,일반기계
일반기계,일반기계,HSK-MTI 연계표,8807,4,D8807,일반기계
일반기계,일반기계,HSK-MTI 연계표,8808,4,D8808,일반기계
일반기계,일반기계,HSK-MTI 연계표,8809,4,D8809,일반기계
일반기계,일반기계,HSK-MTI 연계표,8810,4,D8810,일반기계
일반기계,일반기계,HSK-MTI 연계표,8811,4,D8811,일반기계
일반기계,일반기계,HSK-MTI 연계표,8812,4,D8812,일반기계
일반기계,일반기계,HSK-MTI 연계표,8813,4,D8813,일반기계
일반기계,일반기계,HSK-MTI 연계표,8814,4,D8814,일반기계
일반기계,일반기계,HSK-MTI 연계표,8815,4,D8815,일반기계
일반기계,일반기계,HSK-MTI 연계표,8816,4,D8816,일반기계
일반기계,일반기계,HSK-MTI 연계표,8817,4,D8817,일반기계
일반기계,일반기계,HSK-MTI 연계표,8818,4,D8818,일반기계
일반기계,일반기계,HSK-MTI 연계표,8819,4,D8819,일반기계
일반기계,일반기계,HSK-MTI 연계표,8820,4,D8820,일반기계
일반기계,일반기계,HSK-MTI 연계표,8821,4,D8821,일반기계
일반기계,일반기계,HSK-MTI 연계표,8822,4,D8822,일반기계
일반기계,일반기계,HSK-MTI 연계표,8823,4,D8823,일반기계
일반기계,일반기계,HSK-MTI 연계표,8824,4,D8824,일반기계
가전,가전,HSK-MTI 연계표,8825,4,D8825,가전
가전,가전,HSK-MTI 연계표,8826,4,D8826,가전
가전,가전,HSK-MTI 연계표,8827,4,D8827,가전
가전,가전,HSK-MTI 연계표,8828,4,D8828,가전
가전,가전,HSK-MTI 연계표,8829,4,D8829,가전
일반기계,일반기계,HSK-MTI 연계표,8830,4,D8830,일반기계
가전,가전,HSK-MTI 연계표,8831,4,D8831,가전
일반기계,일반기계,HSK-MTI 연계표,8832,4,D8832,일반기계
일반기계,일반기계,HSK-MTI 연계표,8833,4,D8833,일반기계
일반기계,일반기계,HSK-MTI 연계표,8834,4,D8834,일반기계
일반기계,일반기계,HSK-MTI 연계표,8835,4,D8835,일반기계
일반기계,일반기계,HSK-MTI 연계표,8836,4,D8836,일반기계
일반기계,일반기계,HSK-MTI 연계표,8837,4,D8837,일반기계
일반기계,일반기계,HSK-MTI 연계표,8838,4,D8838,일반기계
일반기계,일반기계,HSK-MTI 연계표,8839,4,D8839,일반기계
일반기계,일반기계,HSK-MTI 연계표,8840,4,D8840,일반기계
일반기계,일반기계,HSK-MTI 연계표,8841,4,D8841,일반기계
일반기계,일반기계,HSK-MTI 연계표,8842,4,D8842,일반기계
일반기계,일반기계,HSK-MTI 연계표,8843,4,D8843,일반기계
일반기계,일반기계,HSK-MTI 연계표,8844,4,D8844,일반기계
일반기계,일반기계,HSK-MTI 연계표,8845,4,D8845,일반기계
일반기계,일반기계,HSK-MTI 연계표,8846,4,D8846,일반기계
일반기계,일반기계,HSK-MTI 연계표,8847,4,D8847,일반기계
일반기계,일반기계,HSK-MTI 연계표,8848,4,D8848,일반기계
일반기계,일반기계,HSK-MTI 연계표,8849,4,D8849,일반기계
일반기계,일반기계,HSK-MTI 연계표,8850,4,D8850,일반기계
일반기계,일반기계,HSK-MTI 연계표,8851,4,D8851,일반기계
일반기계,일반기계,HSK-MTI 연계표,8852,4,D8852,일반기계
일반기계,일반기계,HSK-MTI 연계표,8853,4,D8853,일반기계
일반기계,일반기계,HSK-MTI 연계표,8854,4,D8854,일반기계
일반기계,일반기계,HSK-MTI 연계표,8855,4,D8855,일반기계
일반기계,일반기계,HSK-MTI 연계표,8856,4,D8856,일반기계
일반기계,일반기계,HSK-MTI 연계표,8857,4,D8857,일반기계
일반기계,일반기계,HSK-MTI 연계표,8858,4,D8858,일반기계
일반기계,일반기계,HSK-MTI 연계표,8859,4,D8859,일반기계
일반기계,일반기계,HSK-MTI 연계표,8860,4,D8860,일반기계
일반기계,일반기계,HSK-MTI 연계표,8861,4,D8861,일반기계
일반기계,일반기계,HSK-MTI 연계표,8862,4,D8862,일반기계
일반기계,일반기계,HSK-MTI 연계표,8863,4,D8863,일반기계
일반기계,일반기계,HSK-MTI 연계표,8864,4,D8864,일반기계
일반기계,일반기계,HSK-MTI 연계표,8865,4,D8865,일반기계
일반기계,일반기계,HSK-MTI 연계표,8866,4,D8866,일반기계
일반기계,일반기계,HSK-MTI 연계표,8867,4,D8867,일반기계
일반기계,일반기계,HSK-MTI 연계표,8868,4,D8868,일반기계
일반기계,일반기계,HSK-MTI 연계표,8869,4,D8869,일반기계
일반기계,일반기계,HSK-MTI 연계표,8870,4,D8870,일반기계
일반기계,일반기계,HSK-MTI 연계표,8871,4,D8871,일반기계
일반기계,일반기계,HSK-MTI 연계표,8872,4,D8872,일반기계
일반기계,일반기계,HSK-MTI 연계표,8873,4,D8873,일반기계
일반기계,일반기계,HSK-MTI 연계표,8874,4,D8874,일반기계
일반기계,일반기계,HSK-MTI 연계표,8875,4,D8875,일반기계
일반기계,일반기계,HSK-MTI 연계표,8876,4,D8876,일반기계
일반기계,일반기계,HSK-MTI 연계표,8877,4,D8877,일반기계
일반기계,일반기계,HSK-MTI 연계표,8878,4,D8878,일반기계
일반기계,일반기계,HSK-MTI 연계표,8879,4,D8879,일반기계
일반기계,일반기계,HSK-MTI 연계표,8880,4,D8880,일반기계
일반기계,일반기계,HSK-MTI 연계표,8881,4,D8881,일반기계
일반기계,일반기계,HSK-MTI 연계표,8882,4,D8882,일반기계
일반기계,일반기계,HSK-MTI 연계표,8883,4,D8883,일반기계
일반기계,일반기계,HSK-MTI 연계표,8884,4,D8884,일반기계
일반기계,일반기계,HSK-MTI 연계표,8885,4,D8885,일반기계
일반기계,일반기계,HSK-MTI 연계표,8886,4,D8886,일반기계
일반기계,일반기계,HSK-MTI 연계표,8887,4,D8887,일반기계
일반기계,일반기계,HSK-MTI 연계표,8888,4,D8888,일반기계
일반기계,일반기계,HSK-MTI 연계표,8889,4,D8889,일반기계
일반기계,일반기계,HSK-MTI 연계표,8890,4,D8890,일반기계
일반기계,일반기계,HSK-MTI 연계표,8891,4,D8891,일반기계
일반기계,일반기계,HSK-MTI 연계표,8892,4,D8892,일반기계
일반기계,일반기계,HSK-MTI 연계표,8893,4,D8893,일반기계
일반기계,일반기계,HSK-MTI 연계표,8894,4,D8894,일반기계
일반기계,일반기계,HSK-MTI 연계표,8895,4,D8895,일반기계
일반기계,일반기계,HSK-MTI 연계표,8896,4,D8896,일반기계
일반기계,일반기계,HSK-MTI 연계표,8897,4,D8897,일반기계
일반기계,일반기계,HSK-MTI 연계표,8898,4,D8898,일반기계
일반기계,일반기계,HSK-MTI 연계표,8899,4,D8899,일반기계
일반기계,일반기계,HSK-MTI 연계표,8900,4,D8900,일반기계
일반기계,일반기계,HSK-MTI 연계표,8901,4,D8901,일반기계
일반기계,일반기계,HSK-MTI 연계표,8902,4,D8902,일반기계
일반기계,일반기계,HSK-MTI 연계표,8903,4,D8903,일반기계
일반기계,일반기계,HSK-MTI 연계표,8904,4,D8904,일반기계
일반기계,일반기계,HSK-MTI 연계표,8905,4,D8905,일반기계
일반기계,일반기계,HSK-MTI 연계표,8906,4,D8906,일반기계
일반기계,일반기계,HSK-MTI 연계표,8907,4,D8907,일반기계
일반기계,일반기계,HSK-MTI 연계표,8908,4,D8908,일반기계
일반기계,일반기계,HSK-MTI 연계표,8909,4,D8909,일반기계
일반기계,일반기계,HSK-MTI 연계표,8910,4,D8910,일반기계
일반기계,일반기계,HSK-MTI 연계표,8911,4,D8911,일반기계
일반기계,일반기계,HSK-MTI 연계표,8912,4,D8912,일반기계
일반기계,일반기계,HSK-MTI 연계표,8913,4,D8913,일반기계
일반기계,일반기계,HSK-MTI 연계표,8914,4,D8914,일반기계
일반기계,일반기계,HSK-MTI 연계표,8915,4,D8915,일반기계
일반기계,일반기계,HSK-MTI 연계표,8916,4,D8916,일반기계
일반기계,일반기계,HSK-MTI 연계표,8917,4,D8917,일반기계
일반기계,일반기계,HSK-MTI 연계표,8918,4,D8918,일반기계
일반기계,일반기계,HSK-MTI 연계표,8919,4,D8919,일반기계
일반기계,일반기계,HSK-MTI 연계표,8920,4,D8920,일반기계
일반기계,일반기계,HSK-MTI 연계표,8921,4,D8921,일반기계
일반기계,일반기계,HSK-MTI 연계표,8922,4,D8922,일반기계
일반기계,일반기계,HSK-MTI 연계표,8923,4,D8923,일반기계
일반기계,일반기계,HSK-MTI 연계표,8924,4,D8924,일반기계
일반기계,일반기계,HSK-MTI 연계표,8925,4,D8925,일반기계
일반기계,일반기계,HSK-MTI 연계표,8926,4,D8926,일반기계
일반기계,일반기계,HSK-MTI 연계표,8927,4,D8927,일반기계
일반기계,일반기계,HSK-MTI 연계표,8928,4,D8928,일반기계
일반기계,일반기계,HSK-MTI 연계표,8929,4,D8929,일반기계
일반기계,일반기계,HSK-MTI 연계표,8930,4,D8930,일반기계
일반기계,일반기계,HSK-MTI 연계표,8931,4,D8931,일반기계
일반기계,일반기계,HSK-MTI 연계표,8932,4,D8932,일반기계
일반기계,일반기계,HSK-MTI 연계표,8933,4,D8933,일반기계
일반기계,일반기계,HSK-MTI 연계표,8934,4,D8934,일반기계
일반기계,일반기계,HSK-MTI 연계표,8935,4,D8935,일반기계
일반기계,일반기계,HSK-MTI 연계표,8936,4,D8936,일반기계
일반기계,일반기계,HSK-MTI 연계표,8937,4,D8937,일반기계
일반기계,일반기계,HSK-MTI 연계표,8938,4,D8938,일반기계
일반기계,일반기계,HSK-MTI 연계표,8939,4,D8939,일반기계
일반기계,일반기계,HSK-MTI 연계표,8940,4,D8940,일반기계
일반기계,일반기계,HSK-MTI 연계표,8941,4,D8941,일반기계
일반기계,일반기계,HSK-MTI 연계표,8942,4,D8942,일반기계
일반기계,일반기계,HSK-MTI 연계표,8943,4,D8943,일반기계
일반기계,일반기계,HSK-MTI 연계표,8944,4,D8944,일반기계
일반기계,일반기계,HSK-MTI 연계표,8945,4,D8945,일반기계
일반기계,일반기계,HSK-MTI 연계표,8946,4,D8946,일반기계
일반기계,일반기계,HSK-MTI 연계표,8947,4,D8947,일반기계
일반기계,일반기계,HSK-MTI 연계표,8948,4,D8948,일반기계
일반기계,일반기계,HSK-MTI 연계표,8949,4,D8949,일반기계
일반기계,일반기계,HSK-MTI 연계표,8950,4,D8950,일반기계
일반기계,일반기계,HSK-MTI 연계표,8951,4,D8951,일반기계
일반기계,일반기계,HSK-MTI 연계표,8952,4,D8952,일반기계
일반기계,일반기계,HSK-MTI 연계표,8953,4,D8953,일반기계
일반기계,일반기계,HSK-MTI 연계표,8954,4,D8954,일반기계
일반기계,일반기계,HSK-MTI 연계표,8955,4,D8955,일반기계
일반기계,일반기계,HSK-MTI 연계표,8956,4,D8956,일반기계
일반기계,일반기계,HSK-MTI 연계표,8957,4,D8957,일반기계
일반기계,일반기계,HSK-MTI 연계표,8958,4,D8958,일반기계
일반기계,일반기계,HSK-MTI 연계표,8959,4,D8959,일반기계
일반기계,일반기계,HSK-MTI 연계표,8960,4,D8960,일반기계
일반기계,일반기계,HSK-MTI 연계표,8961,4,D8961,일반기계
일반기계,일반기계,HSK-MTI 연계표,8962,4,D8962,일반기계
일반기계,일반기계,HSK-MTI 연계표,8963,4,D8963,일반기계
일반기계,일반기계,HSK-MTI 연계표,8964,4,D8964,일반기계
일반기계,일반기계,HSK-MTI 연계표,8965,4,D8965,일반기계
일반기계,일반기계,HSK-MTI 연계표,8966,4,D8966,일반기계
일반기계,일반기계,HSK-MTI 연계표,8967,4,D8967,일반기계
일반기계,일반기계,HSK-MTI 연계표,8968,4,D8968,일반기계
일반기계,일반기계,HSK-MTI 연계표,8969,4,D8969,일반기계
일반기계,일반기계,HSK-MTI 연계표,8970,4,D8970,일반기계
일반기계,일반기계,HSK-MTI 연계표,8971,4,D8971,일반기계
일반기계,일반기계,HSK-MTI 연계표,8972,4,D8972,일반기계
일반기계,일반기계,HSK-MTI 연계표,8973,4,D8973,일반기계
일반기계,일반기계,HSK-MTI 연계표,8974,4,D8974,일반기계
일반기계,일반기계,HSK-MTI 연계표,8975,4,D8975,일반기계
일반기계,일반기계,HSK-MTI 연계표,8976,4,D8976,일반기계
일반기계,일반기계,HSK-MTI 연계표,8977,4,D8977,일반기계
일반기계,일반기계,HSK-MTI 연계표,8978,4,D8978,일반기계
일반기계,일반기계,HSK-MTI 연계표,8979,4,D8979,일반기계
일반기계,일반기계,HSK-MTI 연계표,8980,4,D8980,일반기계
일반기계,일반기계,HSK-MTI 연계표,8981,4,D8981,일반기계
일반기계,일반기계,HSK-MTI 연계표,8982,4,D8982,일반기계
일반기계,일반기계,HSK-MTI 연계표,8983,4,D8983,일반기계
일반기계,일반기계,HSK-MTI 연계표,8984,4,D8984,일반기계
일반기계,일반기계,HSK-MTI 연계표,8985,4,D8985,일반기계
일반기계,일반기계,HSK-MTI 연계표,8986,4,D8986,일반기계
일반기계,일반기계,HSK-MTI 연계표,8987,4,D8987,일반기계
일반기계,일반기계,HSK-MTI 연계표,8988,4,D8988,일반기계
일반기계,일반기계,HSK-MTI 연계표,8989,4,D8989,일반기계
일반기계,일반기계,HSK-MTI 연계표,8990,4,D8990,일반기계
일반기계,일반기계,HSK-MTI 연계표,8991,4,D8991,일반기계
일반기계,일반기계,HSK-MTI 연계표,8992,4,D8992,일반기계
일반기계,일반기계,HSK-MTI 연계표,8993,4,D8993,일반기계
일반기계,일반기계,HSK-MTI 연계표,8994,4,D8994,일반기계
일반기계,일반기계,HSK-MTI 연계표,8995,4,D8995,일반기계
일반기계,일반기계,HSK-MTI 연계표,8996,4,D8996,일반기계
일반기계,일반기계,HSK-MTI 연계표,8997,4,D8997,일반기계
일반기계,일반기계,HSK-MTI 연계표,8998,4,D8998,일반기계
일반기계,일반기계,HSK-MTI 연계표,8999,4,D8999,일반기계
일반기계,일반기계,HSK-MTI 연계표,9000,4,D9000,일반기계
일반기계,일반기계,HSK-MTI 연계표,9001,4,D9001,일반기계
일반기계,일반기계,HSK-MTI 연계표,9002,4,D9002,일반기계
일반기계,일반기계,HSK-MTI 연계표,9003,4,D9003,일반기계
일반기계,일반기계,HSK-MTI 연계표,9004,4,D9004,일반기계
일반기계,일반기계,HSK-MTI 연계표,9005,4,D9005,일반기계
일반기계,일반기계,HSK-MTI 연계표,9006,4,D9006,일반기계
일반기계,일반기계,HSK-MTI 연계표,9007,4,D9007,일반기계
일반기계,일반기계,HSK-MTI 연계표,9008,4,D9008,일반기계
일반기계,일반기계,HSK-MTI 연계표,9009,4,D9009,일반기계
일반기계,일반기계,HSK-MTI 연계표,9010,4,D9010,일반기계
일반기계,일반기계,HSK-MTI 연계표,9011,4,D9011,일반기계
일반기계,일반기계,HSK-MTI 연계표,9012,4,D9012,일반기계
일반기계,일반기계,HSK-MTI 연계표,9013,4,D9013,일반기계
일반기계,일반기계,HSK-MTI 연계표,9014,4,D9014,일반기계
일반기계,일반기계,HSK-MTI 연계표,9015,4,D9015,일반기계
일반기계,일반기계,HSK-MTI 연계표,9016,4,D9016,일반기계
일반기계,일반기계,HSK-MTI 연계표,9017,4,D9017,일반기계
일반기계,일반기계,HSK-MTI 연계표,9018,4,D9018,일반기계
일반기계,일반기계,HSK-MTI 연계표,9019,4,D9019,일반기계
일반기계,일반기계,HSK-MTI 연계표,9020,4,D9020,일반기계
일반기계,일반기계,HSK-MTI 연계표,9021,4,D9021,일반기계
일반기계,일반기계,HSK-MTI 연계표,9022,4,D9022,일반기계
일반기계,일반기계,HSK-MTI 연계표,9023,4,D9023,일반기계
일반기계,일반기계,HSK-MTI 연계표,9024,4,D9024,일반기계
일반기계,일반기계,HSK-MTI 연계표,9025,4,D9025,일반기계
일반기계,일반기계,HSK-MTI 연계표,9026,4,D9026,일반기계
일반기계,일반기계,HSK-MTI 연계표,9027,4,D9027,일반기계
일반기계,일반기계,HSK-MTI 연계표,9028,4,D9028,일반기계
일반기계,일반기계,HSK-MTI 연계표,9029,4,D9029,일반기계
일반기계,일반기계,HSK-MTI 연계표,9030,4,D9030,일반기계
일반기계,일반기계,HSK-MTI 연계표,9031,4,D9031,일반기계
일반기계,일반기계,HSK-MTI 연계표,9032,4,D9032,일반기계
일반기계,일반기계,HSK-MTI 연계표,9033,4,D9033,일반기계
일반기계,일반기계,HSK-MTI 연계표,9034,4,D9034,일반기계
일반기계,일반기계,HSK-MTI 연계표,9035,4,D9035,일반기계
일반기계,일반기계,HSK-MTI 연계표,9036,4,D9036,일반기계
일반기계,일반기계,HSK-MTI 연계표,9037,4,D9037,일반기계
일반기계,일반기계,HSK-MTI 연계표,9038,4,D9038,일반기계
일반기계,일반기계,HSK-MTI 연계표,9077,4,D9077,일반기계
일반기계,일반기계,HSK-MTI 연계표,9078,4,D9078,일반기계
일반기계,일반기계,HSK-MTI 연계표,9084,4,D9084,일반기계
일반기계,일반기계,HSK-MTI 연계표,9087,4,D9087,일반기계
일반기계,일반기계,HSK-MTI 연계표,9088,4,D9088,일반기계
일반기계,일반기계,HSK-MTI 연계표,9102,4,D9102,일반기계
일반기계,일반기계,HSK-MTI 연계표,9103,4,D9103,일반기계
일반기계,일반기계,HSK-MTI 연계표,9104,4,D9104,일반기계
일반기계,일반기계,HSK-MTI 연계표,9105,4,D9105,일반기계
일반기계,일반기계,HSK-MTI 연계표,9106,4,D9106,일반기계
일반기계,일반기계,HSK-MTI 연계표,9107,4,D9107,일반기계
일반기계,일반기계,HSK-MTI 연계표,9108,4,D9108,일반기계
일반기계,일반기계,HSK-MTI 연계표,9109,4,D9109,일반기계
일반기계,일반기계,HSK-MTI 연계표,9110,4,D9110,일반기계
일반기계,일반기계,HSK-MTI 연계표,9111,4,D9111,일반기계
일반기계,일반기계,HSK-MTI 연계표,9112,4,D9112,일반기계
일반기계,일반기계,HSK-MTI 연계표,9113,4,D9113,일반기계
일반기계,일반기계,HSK-MTI 연계표,9114,4,D9114,일반기계
일반기계,일반기계,HSK-MTI 연계표,9115,4,D9115,일반기계
일반기계,일반기계,HSK-MTI 연계표,9116,4,D9116,일반기계
일반기계,일반기계,HSK-MTI 연계표,9117,4,D9117,일반기계
일반기계,일반기계,HSK-MTI 연계표,9118,4,D9118,일반기계
일반기계,일반기계,HSK-MTI 연계표,9119,4,D9119,일반기계
일반기계,일반기계,HSK-MTI 연계표,9120,4,D9120,일반기계
일반기계,일반기계,HSK-MTI 연계표,9121,4,D9121,일반기계
일반기계,일반기계,HSK-MTI 연계표,9130,4,D9130,일반기계
일반기계,일반기계,HSK-MTI 연계표,9131,4,D9131,일반기계
일반기계,일반기계,HSK-MTI 연계표,9132,4,D9132,일반기계
일반기계,일반기계,HSK-MTI 연계표,9133,4,D9133,일반기계
일반기계,일반기계,HSK-MTI 연계표,9134,4,D9134,일반기계
일반기계,일반기계,HSK-MTI 연계표,9135,4,D9135,일반기계
일반기계,일반기계,HSK-MTI 연계표,9136,4,D9136,일반기계
일반기계,일반기계,HSK-MTI 연계표,9137,4,D9137,일반기계
일반기계,일반기계,HSK-MTI 연계표,9138,4,D9138,일반기계
일반기계,일반기계,HSK-MTI 연계표,9139,4,D9139,일반기계
일반기계,일반기계,HSK-MTI 연계표,9140,4,D9140,일반기계
일반기계,일반기계,HSK-MTI 연계표,9141,4,D9141,일반기계
일반기계,일반기계,HSK-MTI 연계표,9142,4,D9142,일반기계
일반기계,일반기계,HSK-MTI 연계표,9143,4,D9143,일반기계
일반기계,일반기계,HSK-MTI 연계표,9144,4,D9144,일반기계
일반기계,일반기계,HSK-MTI 연계표,9145,4,D9145,일반기계
일반기계,일반기계,HSK-MTI 연계표,9146,4,D9146,일반기계
일반기계,일반기계,HSK-MTI 연계표,9147,4,D9147,일반기계
일반기계,일반기계,HSK-MTI 연계표,9148,4,D9148,일반기계
일반기계,일반기계,HSK-MTI 연계표,9149,4,D9149,일반기계
일반기계,일반기계,HSK-MTI 연계표,9150,4,D9150,일반기계
일반기계,일반기계,HSK-MTI 연계표,9151,4,D9151,일반기계
일반기계,일반기계,HSK-MTI 연계표,9152,4,D9152,일반기계
일반기계,일반기계,HSK-MTI 연계표,9153,4,D9153,일반기계
일반기계,일반기계,HSK-MTI 연계표,9154,4,D9154,일반기계
일반기계,일반기계,HSK-MTI 연계표,9156,4,D9156,일반기계
일반기계,일반기계,HSK-MTI 연계표,9157,4,D9157,일반기계
일반기계,일반기계,HSK-MTI 연계표,9158,4,D9158,일반기계
일반기계,일반기계,HSK-MTI 연계표,9159,4,D9159,일반기계
일반기계,일반기계,HSK-MTI 연계표,9160,4,D9160,일반기계
일반기계,일반기계,HSK-MTI 연계표,9161,4,D9161,일반기계
일반기계,일반기계,HSK-MTI 연계표,9162,4,D9162,일반기계
일반기계,일반기계,HSK-MTI 연계표,9163,4,D9163,일반기계
일반기계,일반기계,HSK-MTI 연계표,9164,4,D9164,일반기계
일반기계,일반기계,HSK-MTI 연계표,9165,4,D9165,일반기계
가전,가전,HSK-MTI 연계표,9166,4,D9166,가전
일반기계,일반기계,HSK-MTI 연계표,9167,4,D9167,일반기계
일반기계,일반기계,HSK-MTI 연계표,9168,4,D9168,일반기계
일반기계,일반기계,HSK-MTI 연계표,9169,4,D9169,일반기계
일반기계,일반기계,HSK-MTI 연계표,9170,4,D9170,일반기계
일반기계,일반기계,HSK-MTI 연계표,9172,4,D9172,일반기계
일반기계,일반기계,HSK-MTI 연계표,9173,4,D9173,일반기계
일반기계,일반기계,HSK-MTI 연계표,9174,4,D9174,일반기계
일반기계,일반기계,HSK-MTI 연계표,9175,4,D9175,일반기계
일반기계,일반기계,HSK-MTI 연계표,9176,4,D9176,일반기계
일반기계,일반기계,HSK-MTI 연계표,9177,4,D9177,일반기계
일반기계,일반기계,HSK-MTI 연계표,9178,4,D9178,일반기계
일반기계,일반기계,HSK-MTI 연계표,9179,4,D9179,일반기계
일반기계,일반기계,HSK-MTI 연계표,9180,4,D9180,일반기계
일반기계,일반기계,HSK-MTI 연계표,9181,4,D9181,일반기계
일반기계,일반기계,HSK-MTI 연계표,9183,4,D9183,일반기계
일반기계,일반기계,HSK-MTI 연계표,9184,4,D9184,일반기계
일반기계,일반기계,HSK-MTI 연계표,9185,4,D9185,일반기계
일반기계,일반기계,HSK-MTI 연계표,9186,4,D9186,일반기계
일반기계,일반기계,HSK-MTI 연계표,9187,4,D9187,일반기계
일반기계,일반기계,HSK-MTI 연계표,9188,4,D9188,일반기계
일반기계,일반기계,HSK-MTI 연계표,9189,4,D9189,일반기계
일반기계,일반기계,HSK-MTI 연계표,9190,4,D9190,일반기계
일반기계,일반기계,HSK-MTI 연계표,9191,4,D9191,일반기계
일반기계,일반기계,HSK-MTI 연계표,9193,4,D9193,일반기계
일반기계,일반기계,HSK-MTI 연계표,9194,4,D9194,일반기계
일반기계,일반기계,HSK-MTI 연계표,9195,4,D9195,일반기계
일반기계,일반기계,HSK-MTI 연계표,9196,4,D9196,일반기계
일반기계,일반기계,HSK-MTI 연계표,9197,4,D9197,일반기계
일반기계,일반기계,HSK-MTI 연계표,9198,4,D9198,일반기계
일반기계,일반기계,HSK-MTI 연계표,9199,4,D9199,일반기계
일반기계,일반기계,HSK-MTI 연계표,9200,4,D9200,일반기계
일반기계,일반기계,HSK-MTI 연계표,9201,4,D9201,일반기계
일반기계,일반기계,HSK-MTI 연계표,9202,4,D9202,일반기계
일반기계,일반기계,HSK-MTI 연계표,9203,4,D9203,일반기계
일반기계,일반기계,HSK-MTI 연계표,9204,4,D9204,일반기계
일반기계,일반기계,HSK-MTI 연계표,9205,4,D9205,일반기계
일반기계,일반기계,HSK-MTI 연계표,9206,4,D9206,일반기계
일반기계,일반기계,HSK-MTI 연계표,9207,4,D9207,일반기계
일반기계,일반기계,HSK-MTI 연계표,9208,4,D9208,일반기계
일반기계,일반기계,HSK-MTI 연계표,9209,4,D9209,일반기계
일반기계,일반기계,HSK-MTI 연계표,9210,4,D9210,일반기계
일반기계,일반기계,HSK-MTI 연계표,9211,4,D9211,일반기계
일반기계,일반기계,HSK-MTI 연계표,9212,4,D9212,일반기계
일반기계,일반기계,HSK-MTI 연계표,9213,4,D9213,일반기계
일반기계,일반기계,HSK-MTI 연계표,9214,4,D9214,일반기계
일반기계,일반기계,HSK-MTI 연계표,9215,4,D9215,일반기계
일반기계,일반기계,HSK-MTI 연계표,9216,4,D9216,일반기계
일반기계,일반기계,HSK-MTI 연계표,9217,4,D9217,일반기계
일반기계,일반기계,HSK-MTI 연계표,9218,4,D9218,일반기계
일반기계,일반기계,HSK-MTI 연계표,9219,4,D9219,일반기계
일반기계,일반기계,HSK-MTI 연계표,9220,4,D9220,일반기계
일반기계,일반기계,HSK-MTI 연계표,9221,4,D9221,일반기계
일반기계,일반기계,HSK-MTI 연계표,9222,4,D9222,일반기계
일반기계,일반기계,HSK-MTI 연계표,9223,4,D9223,일반기계
일반기계,일반기계,HSK-MTI 연계표,9224,4,D9224,일반기계
일반기계,일반기계,HSK-MTI 연계표,9227,4,D9227,일반기계
일반기계,일반기계,HSK-MTI 연계표,9229,4,D9229,일반기계
일반기계,일반기계,HSK-MTI 연계표,9231,4,D9231,일반기계
일반기계,일반기계,HSK-MTI 연계표,9234,4,D9234,일반기계
일반기계,일반기계,HSK-MTI 연계표,9235,4,D9235,일반기계
일반기계,일반기계,HSK-MTI 연계표,9236,4,D9236,일반기계
일반기계,일반기계,HSK-MTI 연계표,9238,4,D9238,일반기계
일반기계,일반기계,HSK-MTI 연계표,9239,4,D9239,일반기계
일반기계,일반기계,HSK-MTI 연계표,9241,4,D9241,일반기계
일반기계,일반기계,HSK-MTI 연계표,9244,4,D9244,일반기계
일반기계,일반기계,HSK-MTI 연계표,9247,4,D9247,일반기계
일반기계,일반기계,HSK-MTI 연계표,9249,4,D9249,일반기계
일반기계,일반기계,HSK-MTI 연계표,9250,4,D9250,일반기계
일반기계,일반기계,HSK-MTI 연계표,9251,4,D9251,일반기계
일반기계,일반기계,HSK-MTI 연계표,9252,4,D9252,일반기계
일반기계,일반기계,HSK-MTI 연계표,9253,4,D9253,일반기계
일반기계,일반기계,HSK-MTI 연계표,9254,4,D9254,일반기계
일반기계,일반기계,HSK-MTI 연계표,9255,4,D9255,일반기계
일반기계,일반기계,HSK-MTI 연계표,9256,4,D9256,일반기계
일반기계,일반기계,HSK-MTI 연계표,9257,4,D9257,일반기계
일반기계,일반기계,HSK-MTI 연계표,9338,4,D9338,일반기계
일반기계,일반기계,HSK-MTI 연계표,9339,4,D9339,일반기계
일반기계,일반기계,HSK-MTI 연계표,9340,4,D9340,일반기계
이차전지,이차전지,HSK-MTI 연계표,9485,4,D9485,이차전지
이차전지,이차전지,HSK-MTI 연계표,9486,4,D9486,이차전지
이차전지,이차전지,HSK-MTI 연계표,9487,4,D9487,이차전지
이차전지,이차전지,HSK-MTI 연계표,9488,4,D9488,이차전지
이차전지,이차전지,HSK-MTI 연계표,9489,4,D9489,이차전지
이차전지,이차전지,HSK-MTI 연계표,9490,4,D9490,이차전지
이차전지,이차전지,HSK-MTI 연계표,9491,4,D9491,이차전지
이차전지,이차전지,HSK-MTI 연계표,9492,4,D9492,이차전지
이차전지,이차전지,HSK-MTI 연계표,9493,4,D9493,이차전지
이차전지,이차전지,HSK-MTI 연계표,9494,4,D9494,이차전지
가전,가전,HSK-MTI 연계표,9495,4,D9495,가전
가전,가전,HSK-MTI 연계표,9496,4,D9496,가전
가전,가전,HSK-MTI 연계표,9497,4,D9497,가전
일반기계,일반기계,HSK-MTI 연계표,9498,4,D9498,일반기계
일반기계,일반기계,HSK-MTI 연계표,9499,4,D9499,일반기계
가전,가전,HSK-MTI 연계표,9500,4,D9500,가전
일반기계,일반기계,HSK-MTI 연계표,9501,4,D9501,일반기계
가전,가전,HSK-MTI 연계표,9502,4,D9502,가전
가전,가전,HSK-MTI 연계표,9503,4,D9503,가전
가전,가전,HSK-MTI 연계표,9504,4,D9504,가전
가전,가전,HSK-MTI 연계표,9505,4,D9505,가전
가전,가전,HSK-MTI 연계표,9506,4,D9506,가전
가전,가전,HSK-MTI 연계표,9507,4,D9507,가전
가전,가전,HSK-MTI 연계표,9508,4,D9508,가전
가전,가전,HSK-MTI 연계표,9509,4,D9509,가전
가전,가전,HSK-MTI 연계표,9510,4,D9510,가전
가전,가전,HSK-MTI 연계표,9511,4,D9511,가전
가전,가전,HSK-MTI 연계표,9512,4,D9512,가전
가전,가전,HSK-MTI 연계표,9513,4,D9513,가전
가전,가전,HSK-MTI 연계표,9514,4,D9514,가전
가전,가전,HSK-MTI 연계표,9515,4,D9515,가전
가전,가전,HSK-MTI 연계표,9532,4,D9532,가전
가전,가전,HSK-MTI 연계표,9533,4,D9533,가전
가전,가전,HSK-MTI 연계표,9534,4,D9534,가전
가전,가전,HSK-MTI 연계표,9535,4,D9535,가전
가전,가전,HSK-MTI 연계표,9536,4,D9536,가전
가전,가전,HSK-MTI 연계표,9537,4,D9537,가전
가전,가전,HSK-MTI 연계표,9541,4,D9541,가전
가전,가전,HSK-MTI 연계표,9542,4,D9542,가전
가전,가전,HSK-MTI 연계표,9543,4,D9543,가전
가전,가전,HSK-MTI 연계표,9544,4,D9544,가전
가전,가전,HSK-MTI 연계표,9545,4,D9545,가전
가전,가전,HSK-MTI 연계표,9546,4,D9546,가전
일반기계,일반기계,HSK-MTI 연계표,9547,4,D9547,일반기계
일반기계,일반기계,HSK-MTI 연계표,9567,4,D9567,일반기계
일반기계,일반기계,HSK-MTI 연계표,9568,4,D9568,일반기계
일반기계,일반기계,HSK-MTI 연계표,9569,4,D9569,일반기계
일반기계,일반기계,HSK-MTI 연계표,9570,4,D9570,일반기계
일반기계,일반기계,HSK-MTI 연계표,9571,4,D9571,일반기계
일반기계,일반기계,HSK-MTI 연계표,9572,4,D9572,일반기계
일반기계,일반기계,HSK-MTI 연계표,9573,4,D9573,일반기계
일반기계,일반기계,HSK-MTI 연계표,9574,4,D9574,일반기계
일반기계,일반기계,HSK-MTI 연계표,9575,4,D9575,일반기계
일반기계,일반기계,HSK-MTI 연계표,9576,4,D9576,일반기계
일반기계,일반기계,HSK-MTI 연계표,9577,4,D9577,일반기계
일반기계,일반기계,HSK-MTI 연계표,9578,4,D9578,일반기계
일반기계,일반기계,HSK-MTI 연계표,9579,4,D9579,일반기계
일반기계,일반기계,HSK-MTI 연계표,9580,4,D9580,일반기계
일반기계,일반기계,HSK-MTI 연계표,9581,4,D9581,일반기계
일반기계,일반기계,HSK-MTI 연계표,9582,4,D9582,일반기계
일반기계,일반기계,HSK-MTI 연계표,9583,4,D9583,일반기계
일반기계,일반기계,HSK-MTI 연계표,9584,4,D9584,일반기계
일반기계,일반기계,HSK-MTI 연계표,9585,4,D9585,일반기계
일반기계,일반기계,HSK-MTI 연계표,9586,4,D9586,일반기계
일반기계,일반기계,HSK-MTI 연계표,9587,4,D9587,일반기계
일반기계,일반기계,HSK-MTI 연계표,9588,4,D9588,일반기계
일반기계,일반기계,HSK-MTI 연계표,9589,4,D9589,일반기계
일반기계,일반기계,HSK-MTI 연계표,9590,4,D9590,일반기계
일반기계,일반기계,HSK-MTI 연계표,9591,4,D9591,일반기계
일반기계,일반기계,HSK-MTI 연계표,9592,4,D9592,일반기계
일반기계,일반기계,HSK-MTI 연계표,9593,4,D9593,일반기계
일반기계,일반기계,HSK-MTI 연계표,9594,4,D9594,일반기계
일반기계,일반기계,HSK-MTI 연계표,9595,4,D9595,일반기계
가전,가전,HSK-MTI 연계표,9596,4,D9596,가전
가전,가전,HSK-MTI 연계표,9597,4,D9597,가전
가전,가전,HSK-MTI 연계표,9598,4,D9598,가전
가전,가전,HSK-MTI 연계표,9599,4,D9599,가전
가전,가전,HSK-MTI 연계표,9600,4,D9600,가전
가전,가전,HSK-MTI 연계표,9601,4,D9601,가전
가전,가전,HSK-MTI 연계표,9602,4,D9602,가전
가전,가전,HSK-MTI 연계표,9603,4,D9603,가전
가전,가전,HSK-MTI 연계표,9604,4,D9604,가전
가전,가전,HSK-MTI 연계표,9605,4,D9605,가전
가전,가전,HSK-MTI 연계표,9606,4,D9606,가전
가전,가전,HSK-MTI 연계표,9607,4,D9607,가전
가전,가전,HSK-MTI 연계표,9608,4,D9608,가전
가전,가전,HSK-MTI 연계표,9609,4,D9609,가전
가전,가전,HSK-MTI 연계표,9610,4,D9610,가전
가전,가전,HSK-MTI 연계표,9611,4,D9611,가전
가전,가전,HSK-MTI 연계표,9612,4,D9612,가전
가전,가전,HSK-MTI 연계표,9641,4,D9641,가전
가전,가전,HSK-MTI 연계표,9642,4,D9642,가전
가전,가전,HSK-MTI 연계표,9643,4,D9643,가전
가전,가전,HSK-MTI 연계표,9644,4,D9644,가전
가전,가전,HSK-MTI 연계표,9645,4,D9645,가전
가전,가전,HSK-MTI 연계표,9646,4,D9646,가전
가전,가전,HSK-MTI 연계표,9647,4,D9647,가전
가전,가전,HSK-MTI 연계표,9650,4,D9650,가전
가전,가전,HSK-MTI 연계표,9651,4,D9651,가전
가전,가전,HSK-MTI 연계표,9652,4,D9652,가전
가전,가전,HSK-MTI 연계표,9653,4,D9653,가전
가전,가전,HSK-MTI 연계표,9654,4,D9654,가전
가전,가전,HSK-MTI 연계표,9655,4,D9655,가전
가전,가전,HSK-MTI 연계표,9656,4,D9656,가전
가전,가전,HSK-MTI 연계표,9657,4,D9657,가전
가전,가전,HSK-MTI 연계표,9658,4,D9658,가전
가전,가전,HSK-MTI 연계표,9659,4,D9659,가전
가전,가전,HSK-MTI 연계표,9660,4,D9660,가전
가전,가전,HSK-MTI 연계표,9661,4,D9661,가전
가전,가전,HSK-MTI 연계표,9662,4,D9662,가전
가전,가전,HSK-MTI 연계표,9663,4,D9663,가전
가전,가전,HSK-MTI 연계표,9664,4,D9664,가전
가전,가전,HSK-MTI 연계표,9666,4,D9666,가전
가전,가전,HSK-MTI 연계표,9670,4,D9670,가전
가전,가전,HSK-MTI 연계표,9676,4,D9676,가전
가전,가전,HSK-MTI 연계표,9679,4,D9679,가전
가전,가전,HSK-MTI 연계표,9694,4,D9694,가전
가전,가전,HSK-MTI 연계표,9747,4,D9747,가전
가전,가전,HSK-MTI 연계표,9748,4,D9748,가전
가전,가전,HSK-MTI 연계표,9763,4,D9763,가전
가전,가전,HSK-MTI 연계표,9764,4,D9764,가전
가전,가전,HSK-MTI 연계표,9765,4,D9765,가전
가전,가전,HSK-MTI 연계표,9766,4,D9766,가전
가전,가전,HSK-MTI 연계표,9767,4,D9767,가전
가전,가전,HSK-MTI 연계표,9768,4,D9768,가전
가전,가전,HSK-MTI 연계표,9769,4,D9769,가전
가전,가전,HSK-MTI 연계표,9770,4,D9770,가전
가전,가전,HSK-MTI 연계표,9771,4,D9771,가전
가전,가전,HSK-MTI 연계표,9772,4,D9772,가전
가전,가전,HSK-MTI 연계표,9773,4,D9773,가전
가전,가전,HSK-MTI 연계표,9774,4,D9774,가전
가전,가전,HSK-MTI 연계표,9775,4,D9775,가전
가전,가전,HSK-MTI 연계표,9776,4,D9776,가전
가전,가전,HSK-MTI 연계표,9777,4,D9777,가전
가전,가전,HSK-MTI 연계표,9778,4,D9778,가전
가전,가전,HSK-MTI 연계표,9779,4,D9779,가전
가전,가전,HSK-MTI 연계표,9780,4,D9780,가전
가전,가전,HSK-MTI 연계표,9781,4,D9781,가전
가전,가전,HSK-MTI 연계표,9782,4,D9782,가전
가전,가전,HSK-MTI 연계표,9783,4,D9783,가전
가전,가전,HSK-MTI 연계표,9801,4,D9801,가전
가전,가전,HSK-MTI 연계표,9802,4,D9802,가전
가전,가전,HSK-MTI 연계표,9803,4,D9803,가전
가전,가전,HSK-MTI 연계표,9804,4,D9804,가전
가전,가전,HSK-MTI 연계표,9805,4,D9805,가전
가전,가전,HSK-MTI 연계표,9806,4,D9806,가전
가전,가전,HSK-MTI 연계표,9815,4,D9815,가전
가전,가전,HSK-MTI 연계표,9817,4,D9817,가전
가전,가전,HSK-MTI 연계표,9820,4,D9820,가전
가전,가전,HSK-MTI 연계표,9912,4,D9912,가전
가전,가전,HSK-MTI 연계표,9913,4,D9913,가전
가전,가전,HSK-MTI 연계표,9914,4,D9914,가전
가전,가전,HSK-MTI 연계표,9915,4,D9915,가전
가전,가전,HSK-MTI 연계표,9916,4,D9916,가전
가전,가전,HSK-MTI 연계표,9917,4,D9917,가전
가전,가전,HSK-MTI 연계표,9918,4,D9918,가전
가전,가전,HSK-MTI 연계표,9919,4,D9919,가전
가전,가전,HSK-MTI 연계표,9920,4,D9920,가전
가전,가전,HSK-MTI 연계표,9921,4,D9921,가전
가전,가전,HSK-MTI 연계표,9922,4,D9922,가전
가전,가전,HSK-MTI 연계표,9923,4,D9923,가전
가전,가전,HSK-MTI 연계표,9924,4,D9924,가전
가전,가전,HSK-MTI 연계표,9925,4,D9925,가전
가전,가전,HSK-MTI 연계표,9927,4,D9927,가전
가전,가전,HSK-MTI 연계표,9928,4,D9928,가전
가전,가전,HSK-MTI 연계표,9929,4,D9929,가전
가전,가전,HSK-MTI 연계표,9930,4,D9930,가전
가전,가전,HSK-MTI 연계표,9931,4,D9931,가전
가전,가전,HSK-MTI 연계표,9932,4,D9932,가전
가전,가전,HSK-MTI 연계표,9933,4,D9933,가전
가전,가전,HSK-MTI 연계표,10006,4,D10006,가전
가전,가전,HSK-MTI 연계표,10007,4,D10007,가전
가전,가전,HSK-MTI 연계표,10008,4,D10008,가전
가전,가전,HSK-MTI 연계표,10009,4,D10009,가전
가전,가전,HSK-MTI 연계표,10010,4,D10010,가전
가전,가전,HSK-MTI 연계표,10011,4,D10011,가전
가전,가전,HSK-MTI 연계표,10014,4,D10014,가전
일반기계,일반기계,HSK-MTI 연계표,10124,4,D10124,일반기계
일반기계,일반기계,HSK-MTI 연계표,10125,4,D10125,일반기계
일반기계,일반기계,HSK-MTI 연계표,10126,4,D10126,일반기계
일반기계,일반기계,HSK-MTI 연계표,10133,4,D10133,일반기계
일반기계,일반기계,HSK-MTI 연계표,10147,4,D10147,일반기계
일반기계,일반기계,HSK-MTI 연계표,10151,4,D10151,일반기계
일반기계,일반기계,HSK-MTI 연계표,10155,4,D10155,일반기계
일반기계,일반기계,HSK-MTI 연계표,10159,4,D10159,일반기계
일반기계,일반기계,HSK-MTI 연계표,10163,4,D10163,일반기계
일반기계,일반기계,HSK-MTI 연계표,10376,4,D10376,일반기계
일반기계,일반기계,HSK-MTI 연계표,10494,4,D10494,일반기계
일반기계,일반기계,HSK-MTI 연계표,10499,4,D10499,일반기계
일반기계,일반기계,HSK-MTI 연계표,10500,4,D10500,일반기계
일반기계,일반기계,HSK-MTI 연계표,10501,4,D10501,일반기계
일반기계,일반기계,HSK-MTI 연계표,10502,4,D10502,일반기계
일반기계,일반기계,HSK-MTI 연계표,10503,4,D10503,일반기계
일반기계,일반기계,HSK-MTI 연계표,10504,4,D10504,일반기계
일반기계,일반기계,HSK-MTI 연계표,10505,4,D10505,일반기계
일반기계,일반기계,HSK-MTI 연계표,10506,4,D10506,일반기계
일반기계,일반기계,HSK-MTI 연계표,10507,4,D10507,일반기계
일반기계,일반기계,HSK-MTI 연계표,10508,4,D10508,일반기계
일반기계,일반기계,HSK-MTI 연계표,10509,4,D10509,일반기계
일반기계,일반기계,HSK-MTI 연계표,10510,4,D10510,일반기계
일반기계,일반기계,HSK-MTI 연계표,10511,4,D10511,일반기계
일반기계,일반기계,HSK-MTI 연계표,10513,4,D10513,일반기계
일반기계,일반기계,HSK-MTI 연계표,10523,4,D10523,일반기계
일반기계,일반기계,HSK-MTI 연계표,10524,4,D10524,일반기계
일반기계,일반기계,HSK-MTI 연계표,10525,4,D10525,일반기계
일반기계,일반기계,HSK-MTI 연계표,10527,4,D10527,일반기계
일반기계,일반기계,HSK-MTI 연계표,10528,4,D10528,일반기계
일반기계,일반기계,HSK-MTI 연계표,10529,4,D10529,일반기계
일반기계,일반기계,HSK-MTI 연계표,10530,4,D10530,일반기계
일반기계,일반기계,HSK-MTI 연계표,10531,4,D10531,일반기계
일반기계,일반기계,HSK-MTI 연계표,10532,4,D10532,일반기계
일반기계,일반기계,HSK-MTI 연계표,10533,4,D10533,일반기계
일반기계,일반기계,HSK-MTI 연계표,10534,4,D10534,일반기계
일반기계,일반기계,HSK-MTI 연계표,10535,4,D10535,일반기계
일반기계,일반기계,HSK-MTI 연계표,10536,4,D10536,일반기계
일반기계,일반기계,HSK-MTI 연계표,10537,4,D10537,일반기계
일반기계,일반기계,HSK-MTI 연계표,10538,4,D10538,일반기계
일반기계,일반기계,HSK-MTI 연계표,10539,4,D10539,일반기계
일반기계,일반기계,HSK-MTI 연계표,10540,4,D10540,일반기계
일반기계,일반기계,HSK-MTI 연계표,10541,4,D10541,일반기계
일반기계,일반기계,HSK-MTI 연계표,10542,4,D10542,일반기계
일반기계,일반기계,HSK-MTI 연계표,10543,4,D10543,일반기계
일반기계,일반기계,HSK-MTI 연계표,10545,4,D10545,일반기계
일반기계,일반기계,HSK-MTI 연계표,10547,4,D10547,일반기계
일반기계,일반기계,HSK-MTI 연계표,10548,4,D10548,일반기계
일반기계,일반기계,HSK-MTI 연계표,10551,4,D10551,일반기계
일반기계,일반기계,HSK-MTI 연계표,10552,4,D10552,일반기계
일반기계,일반기계,HSK-MTI 연계표,10553,4,D10553,일반기계
일반기계,일반기계,HSK-MTI 연계표,10554,4,D10554,일반기계
일반기계,일반기계,HSK-MTI 연계표,10555,4,D10555,일반기계
일반기계,일반기계,HSK-MTI 연계표,10556,4,D10556,일반기계
일반기계,일반기계,HSK-MTI 연계표,10557,4,D10557,일반기계
일반기계,일반기계,HSK-MTI 연계표,10558,4,D10558,일반기계
일반기계,일반기계,HSK-MTI 연계표,10559,4,D10559,일반기계
일반기계,일반기계,HSK-MTI 연계표,10560,4,D10560,일반기계
일반기계,일반기계,HSK-MTI 연계표,10561,4,D10561,일반기계
일반기계,일반기계,HSK-MTI 연계표,10562,4,D10562,일반기계
일반기계,일반기계,HSK-MTI 연계표,10568,4,D10568,일반기계
일반기계,일반기계,HSK-MTI 연계표,10569,4,D10569,일반기계
일반기계,일반기계,HSK-MTI 연계표,10571,4,D10571,일반기계
일반기계,일반기계,HSK-MTI 연계표,10572,4,D10572,일반기계
일반기계,일반기계,HSK-MTI 연계표,10573,4,D10573,일반기계
일반기계,일반기계,HSK-MTI 연계표,10574,4,D10574,일반기계
일반기계,일반기계,HSK-MTI 연계표,10575,4,D10575,일반기계
일반기계,일반기계,HSK-MTI 연계표,10608,4,D10608,일반기계
일반기계,일반기계,HSK-MTI 연계표,10609,4,D10609,일반기계
일반기계,일반기계,HSK-MTI 연계표,10610,4,D10610,일반기계
일반기계,일반기계,HSK-MTI 연계표,10611,4,D10611,일반기계
일반기계,일반기계,HSK-MTI 연계표,10612,4,D10612,일반기계
일반기계,일반기계,HSK-MTI 연계표,10615,4,D10615,일반기계
일반기계,일반기계,HSK-MTI 연계표,10618,4,D10618,일반기계
가전,가전,HSK-MTI 연계표,10665,4,D10665,가전
가전,가전,HSK-MTI 연계표,11087,4,D11087,가전
가전,가전,HSK-MTI 연계표,11088,4,D11088,가전
가전,가전,HSK-MTI 연계표,11089,4,D11089,가전
가전,가전,HSK-MTI 연계표,11090,4,D11090,가전
가전,가전,HSK-MTI 연계표,11091,4,D11091,가전
가전,가전,HSK-MTI 연계표,11092,4,D11092,가전
가전,가전,HSK-MTI 연계표,11093,4,D11093,가전
가전,가전,HSK-MTI 연계표,11094,4,D11094,가전
가전,가전,HSK-MTI 연계표,11095,4,D11095,가전
가전,가전,HSK-MTI 연계표,11096,4,D11096,가전
가전,가전,HSK-MTI 연계표,11097,4,D11097,가전
가전,가전,HSK-MTI 연계표,11098,4,D11098,가전
가전,가전,HSK-MTI 연계표,11099,4,D11099,가전
가전,가전,HSK-MTI 연계표,11100,4,D11100,가전
가전,가전,HSK-MTI 연계표,11101,4,D11101,가전
가전,가전,HSK-MTI 연계표,11102,4,D11102,가전
가전,가전,HSK-MTI 연계표,11103,4,D11103,가전
가전,가전,HSK-MTI 연계표,11104,4,D11104,가전
가전,가전,HSK-MTI 연계표,11105,4,D11105,가전
가전,가전,HSK-MTI 연계표,11106,4,D11106,가전
가전,가전,HSK-MTI 연계표,11107,4,D11107,가전
가전,가전,HSK-MTI 연계표,11108,4,D11108,가전
가전,가전,HSK-MTI 연계표,11109,4,D11109,가전
농수산식품,농수산식품,HSK-MTI 연계표,11110,4,D11110,농수산식품
농수산식품,농수산,HSK-MTI 연계표,11110,4,D11110,농수산식품
농수산식품,수산,HSK-MTI 연계표,11110,4,D11110,농수산식품
농수산식품,식품,HSK-MTI 연계표,11110,4,D11110,농수산식품
