조회HS,대시보드품목,국가코드,국가,기준월,HS코드,품목명,수출액_USD,수입액_USD,수출중량_KG,수입중량_KG,무역수지_USD
8542,전자집적회로,AE,아랍에미리트 연합,2025-01-01,854231,프로세서와 컨트롤러[메모리ㆍ변환기ㆍ논리회로ㆍ증폭기ㆍ클록(clock)ㆍ타이밍(timing) 회로나 그 밖의 회로를 갖춘 것인지는 상관없다],66851,93636,17,2,-26785
8542,전자집적회로,AE,아랍에미리트 연합,2025-01-01,854232,메모리,1800,0,16,0,1800
8542,전자집적회로,AE,아랍에미리트 연합,2025-01-01,854239,기타,200078,0,73,0,200078
8542,전자집적회로,AR,아르헨티나,2025-01-01,854231,프로세서와 컨트롤러[메모리ㆍ변환기ㆍ논리회로ㆍ증폭기ㆍ클록(clock)ㆍ타이밍(timing) 회로나 그 밖의 회로를 갖춘 것인지는 상관없다],124141,0,103,0,124141
8542,전자집적회로,AR,아르헨티나,2025-01-01,854232,메모리,52384,0,5,0,52384
8542,전자집적회로,AR,아르헨티나,2025-01-01,854239,기타,824733,0,234,0,824733
8542,전자집적회로,AT,오스트리아,2025-01-01,854231,프로세서와 컨트롤러[메모리ㆍ변환기ㆍ논리회로ㆍ증폭기ㆍ클록(clock)ㆍ타이밍(timing) 회로나 그 밖의 회로를 갖춘 것인지는 상관없다],6638081,1255385,3182,131,5382696
8542,전자집적회로,AT,오스트리아,2025-01-01,854232,메모리,2292685,0,220,0,2292685
8542,전자집적회로,AT,오스트리아,2025-01-01,854233,증폭기,19248,0,27,0,19248
8542,전자집적회로,AT,오스트리아,2025-01-01,854239,기타,704604,903025,530,181,-198421
8542,전자집적회로,AU,호주,2025-01-01,854231,프로세서와 컨트롤러[메모리ㆍ변환기ㆍ논리회로ㆍ증폭기ㆍ클록(clock)ㆍ타이밍(timing) 회로나 그 밖의 회로를 갖춘 것인지는 상관없다],5928,562,6,0,5366
8542,전자집적회로,AU,호주,2025-01-01,854233,증폭기,483000,0,72,0,483000
8542,전자집적회로,AU,호주,2025-01-01,854239,기타,1909,29460,4,1,-27551
8542,전자집적회로,BD,방글라데시,2025-01-01,854231,프로세서와 컨트롤러[메모리ㆍ변환기ㆍ논리회로ㆍ증폭기ㆍ클록(clock)ㆍ타이밍(timing) 회로나 그 밖의 회로를 갖춘 것인지는 상관없다],12977,0,71,0,12977
8542,전자집적회로,BE,벨기에,2025-01-01,854231,프로세서와 컨트롤러[메모리ㆍ변환기ㆍ논리회로ㆍ증폭기ㆍ클록(clock)ㆍ타이밍(timing) 회로나 그 밖의 회로를 갖춘 것인지는 상관없다],264316,0,28,0,264316
8542,전자집적회로,BE,벨기에,2025-01-01,854233,증폭기,7600,0,1,0,7600
8542,전자집적회로,BE,벨기에,2025-01-01,854239,기타,3287,225065,10,19,-221778
8542,전자집적회로,BG,불가리아,2025-01-01,854239,기타,1966,1244,1,1,722
8542,전자집적회로,BR,브라질,2025-01-01,854231,프로세서와 컨트롤러[메모리ㆍ변환기ㆍ논리회로ㆍ증폭기ㆍ클록(clock)ㆍ타이밍(timing) 회로나 그 밖의 회로를 갖춘 것인지는 상관없다],38550789,0,4604,0,38550789
8542,전자집적회로,BR,브라질,2025-01-01,854232,메모리,45766965,626122,2299,16,45140843
8542,전자집적회로,BR,브라질,2025-01-01,854233,증폭기,98393,16930,168,3,81463
8542,전자집적회로,BR,브라질,2025-01-01,854239,기타,3520899,2633,800,10,3518266
8542,전자집적회로,BY,벨라루스,2025-01-01,854239,기타,0,123697,0,10,-123697
8542,전자집적회로,CA,캐나다,2025-01-01,854231,프로세서와 컨트롤러[메모리ㆍ변환기ㆍ논리회로ㆍ증폭기ㆍ클록(clock)ㆍ타이밍(timing) 회로나 그 밖의 회로를 갖춘 것인지는 상관없다],168307,30393,85,22,137914
8542,전자집적회로,CA,캐나다,2025-01-01,854232,메모리,5685293,0,134,0,5685293
8542,전자집적회로,CA,캐나다,2025-01-01,854233,증폭기,0,454,0,0,-454
8542,전자집적회로,CA,캐나다,2025-01-01,854239,기타,6793676,540760,462,59,6252916
8542,전자집적회로,CH,스위스,2025-01-01,854231,프로세서와 컨트롤러[메모리ㆍ변환기ㆍ논리회로ㆍ증폭기ㆍ클록(clock)ㆍ타이밍(timing) 회로나 그 밖의 회로를 갖춘 것인지는 상관없다],320370,31992,140,147,288378
8542,전자집적회로,CH,스위스,2025-01-01,854233,증폭기,0,4879,0,2,-4879
8542,전자집적회로,CH,스위스,2025-01-01,854239,기타,1504,1368531,2,155,-1367027
8542,전자집적회로,CH,스위스,2025-01-01,854290,부분품,0,413,0,4,-413
8542,전자집적회로,CM,카메룬,2025-01-01,854239,기타,0,984,0,6,-984
8542,전자집적회로,CN,중국,2025-01-01,854231,프로세서와 컨트롤러[메모리ㆍ변환기ㆍ논리회로ㆍ증폭기ㆍ클록(clock)ㆍ타이밍(timing) 회로나 그 밖의 회로를 갖춘 것인지는 상관없다],986384794,176577368,115294,62994,809807426
8542,전자집적회로,CN,중국,2025-01-01,854232,메모리,1691586414,1183196851,71951,66682,508389563
8542,전자집적회로,CN,중국,2025-01-01,854233,증폭기,526384,9633414,457,2095,-9107030
8542,전자집적회로,CN,중국,2025-01-01,854239,기타,191745955,146419307,45760,100660,45326648
8542,전자집적회로,CN,중국,2025-01-01,854290,부분품,6763326,1525410,82098,16838,5237916
8542,전자집적회로,CR,코스타리카,2025-01-01,854231,프로세서와 컨트롤러[메모리ㆍ변환기ㆍ논리회로ㆍ증폭기ㆍ클록(clock)ㆍ타이밍(timing) 회로나 그 밖의 회로를 갖춘 것인지는 상관없다],717,75811,1,74,-75094
8542,전자집적회로,CR,코스타리카,2025-01-01,854232,메모리,472,0,1,0,472
8542,전자집적회로,CR,코스타리카,2025-01-01,854239,기타,0,27769,0,7,-27769
8542,전자집적회로,CZ,체코공화국,2025-01-01,854231,프로세서와 컨트롤러[메모리ㆍ변환기ㆍ논리회로ㆍ증폭기ㆍ클록(clock)ㆍ타이밍(timing) 회로나 그 밖의 회로를 갖춘 것인지는 상관없다],1509496,0,468,0,1509496
8542,전자집적회로,CZ,체코공화국,2025-01-01,854232,메모리,755875,0,71,0,755875
8542,전자집적회로,CZ,체코공화국,2025-01-01,854233,증폭기,236372,0,34,0,236372
8542,전자집적회로,CZ,체코공화국,2025-01-01,854239,기타,109155,5386,99,13,103769
8542,전자집적회로,DE,독일,2025-01-01,854231,프로세서와 컨트롤러[메모리ㆍ변환기ㆍ논리회로ㆍ증폭기ㆍ클록(clock)ㆍ타이밍(timing) 회로나 그 밖의 회로를 갖춘 것인지는 상관없다],664214,30484060,499,1975,-29819846
8542,전자집적회로,DE,독일,2025-01-01,854232,메모리,6255958,1285,461,4,6254673
8542,전자집적회로,DE,독일,2025-01-01,854233,증폭기,272938,9157,94,2,263781
8542,전자집적회로,DE,독일,2025-01-01,854239,기타,10124273,4397305,14536,2550,5726968
8542,전자집적회로,DE,독일,2025-01-01,854290,부분품,6500,319436,5,998,-312936
8542,전자집적회로,DK,덴마크,2025-01-01,854231,프로세서와 컨트롤러[메모리ㆍ변환기ㆍ논리회로ㆍ증폭기ㆍ클록(clock)ㆍ타이밍(timing) 회로나 그 밖의 회로를 갖춘 것인지는 상관없다],113008,0,47,0,113008
8542,전자집적회로,DK,덴마크,2025-01-01,854232,메모리,0,771,0,1,-771
8542,전자집적회로,DK,덴마크,2025-01-01,854239,기타,7815,0,26,0,7815
8542,전자집적회로,EE,에스토니아,2025-01-01,854231,프로세서와 컨트롤러[메모리ㆍ변환기ㆍ논리회로ㆍ증폭기ㆍ클록(clock)ㆍ타이밍(timing) 회로나 그 밖의 회로를 갖춘 것인지는 상관없다],27638,0,20,0,27638
8542,전자집적회로,EE,에스토니아,2025-01-01,854232,메모리,0,76,0,1,-76
8542,전자집적회로,EE,에스토니아,2025-01-01,854290,부분품,516,0,2,0,516
8542,전자집적회로,EG,이집트,2025-01-01,854231,프로세서와 컨트롤러[메모리ㆍ변환기ㆍ논리회로ㆍ증폭기ㆍ클록(clock)ㆍ타이밍(timing) 회로나 그 밖의 회로를 갖춘 것인지는 상관없다],935119,23551,529,2,911568
8542,전자집적회로,EG,이집트,2025-01-01,854232,메모리,3282386,0,210,0,3282386
8542,전자집적회로,EG,이집트,2025-01-01,854233,증폭기,36221,0,22,0,36221
8542,전자집적회로,EG,이집트,2025-01-01,854239,기타,502692,0,138,0,502692
8542,전자집적회로,ES,스페인,2025-01-01,854231,프로세서와 컨트롤러[메모리ㆍ변환기ㆍ논리회로ㆍ증폭기ㆍ클록(clock)ㆍ타이밍(timing) 회로나 그 밖의 회로를 갖춘 것인지는 상관없다],10923,15481,1,1,-4558
8542,전자집적회로,ES,스페인,2025-01-01,854232,메모리,215673,0,20,0,215673
8542,전자집적회로,ES,스페인,2025-01-01,854233,증폭기,3045,0,1,0,3045
8542,전자집적회로,ES,스페인,2025-01-01,854239,기타,2800,12417,6,6,-9617
8542,전자집적회로,ES,스페인,2025-01-01,854290,부분품,32545,195,20,0,32350
8542,전자집적회로,FI,핀란드,2025-01-01,854231,프로세서와 컨트롤러[메모리ㆍ변환기ㆍ논리회로ㆍ증폭기ㆍ클록(clock)ㆍ타이밍(timing) 회로나 그 밖의 회로를 갖춘 것인지는 상관없다],8228,0,7,0,8228
8542,전자집적회로,FI,핀란드,2025-01-01,854232,메모리,0,1,0,1,-1
8542,전자집적회로,FI,핀란드,2025-01-01,854239,기타,1,534,1,0,-533
8542,전자집적회로,FI,핀란드,2025-01-01,854290,부분품,92806,0,399,0,92806
8542,전자집적회로,FR,프랑스,2025-01-01,854231,프로세서와 컨트롤러[메모리ㆍ변환기ㆍ논리회로ㆍ증폭기ㆍ클록(clock)ㆍ타이밍(timing) 회로나 그 밖의 회로를 갖춘 것인지는 상관없다],12349770,31190728,1342,2272,-18840958
8542,전자집적회로,FR,프랑스,2025-01-01,854232,메모리,1027899,211667,23,20,816232
8542,전자집적회로,FR,프랑스,2025-01-01,854233,증폭기,20812,88377,13,4,-67565
8542,전자집적회로,FR,프랑스,2025-01-01,854239,기타,152250,303431,41,50,-151181
8542,전자집적회로,FR,프랑스,2025-01-01,854290,부분품,0,313,0,0,-313
8542,전자집적회로,GB,영국,2025-01-01,854231,프로세서와 컨트롤러[메모리ㆍ변환기ㆍ논리회로ㆍ증폭기ㆍ클록(clock)ㆍ타이밍(timing) 회로나 그 밖의 회로를 갖춘 것인지는 상관없다],233426,82245,77,101,151181
8542,전자집적회로,GB,영국,2025-01-01,854232,메모리,267598,2887,19,2,264711
8542,전자집적회로,GB,영국,2025-01-01,854233,증폭기,2580,1887,4,4,693
8542,전자집적회로,GB,영국,2025-01-01,854239,기타,36418,162112,43,317,-125694
8542,전자집적회로,GB,영국,2025-01-01,854290,부분품,450,0,2,0,450
8542,전자집적회로,HK,홍콩,2025-01-01,854231,프로세서와 컨트롤러[메모리ㆍ변환기ㆍ논리회로ㆍ증폭기ㆍ클록(clock)ㆍ타이밍(timing) 회로나 그 밖의 회로를 갖춘 것인지는 상관없다],266477569,8470313,81697,3272,258007256
8542,전자집적회로,HK,홍콩,2025-01-01,854232,메모리,501991459,47707724,50799,4615,454283735
8542,전자집적회로,HK,홍콩,2025-01-01,854233,증폭기,1753424,123863,2140,40,1629561
8542,전자집적회로,HK,홍콩,2025-01-01,854239,기타,160635798,8831423,44132,3534,151804375
8542,전자집적회로,HK,홍콩,2025-01-01,854290,부분품,258797,2294,2647,6,256503
8542,전자집적회로,HT,아이티,2025-01-01,854239,기타,0,52,0,0,-52
8542,전자집적회로,HU,헝가리,2025-01-01,854232,메모리,1661600,0,140,0,1661600
8542,전자집적회로,HU,헝가리,2025-01-01,854233,증폭기,57214,0,2,0,57214
8542,전자집적회로,HU,헝가리,2025-01-01,854239,기타,1923,1978,12,1,-55
8542,전자집적회로,ID,인도네시아,2025-01-01,854231,프로세서와 컨트롤러[메모리ㆍ변환기ㆍ논리회로ㆍ증폭기ㆍ클록(clock)ㆍ타이밍(timing) 회로나 그 밖의 회로를 갖춘 것인지는 상관없다],15064653,1123379,5545,786,13941274
8542,전자집적회로,ID,인도네시아,2025-01-01,854232,메모리,15109919,224010,683,4,14885909
8542,전자집적회로,ID,인도네시아,2025-01-01,854233,증폭기,207007,0,38,0,207007
8542,전자집적회로,ID,인도네시아,2025-01-01,854239,기타,3542675,3568975,2234,2023,-26300
8542,전자집적회로,ID,인도네시아,2025-01-01,854290,부분품,73862,240,790,68,73622
8542,전자집적회로,IE,아일랜드,2025-01-01,854231,프로세서와 컨트롤러[메모리ㆍ변환기ㆍ논리회로ㆍ증폭기ㆍ클록(clock)ㆍ타이밍(timing) 회로나 그 밖의 회로를 갖춘 것인지는 상관없다],4072,394110,6,15,-390038
8542,전자집적회로,IE,아일랜드,2025-01-01,854239,기타,1400,427543,4,23,-426143
8542,전자집적회로,IL,이스라엘,2025-01-01,854231,프로세서와 컨트롤러[메모리ㆍ변환기ㆍ논리회로ㆍ증폭기ㆍ클록(clock)ㆍ타이밍(timing) 회로나 그 밖의 회로를 갖춘 것인지는 상관없다],870579,120874,340,11,749705
8542,전자집적회로,IL,이스라엘,2025-01-01,854232,메모리,209712,26,15,1,209686
8542,전자집적회로,IL,이스라엘,2025-01-01,854233,증폭기,6950,21074,4,4,-14124
8542,전자집적회로,IL,이스라엘,2025-01-01,854239,기타,7673,415538,32,39,-407865
8542,전자집적회로,IL,이스라엘,2025-01-01,854290,부분품,0,2601,0,0,-2601
8542,전자집적회로,IN,인도,2025-01-01,854231,프로세서와 컨트롤러[메모리ㆍ변환기ㆍ논리회로ㆍ증폭기ㆍ클록(clock)ㆍ타이밍(timing) 회로나 그 밖의 회로를 갖춘 것인지는 상관없다],140931999,2107,23030,1,140929892
8542,전자집적회로,IN,인도,2025-01-01,854232,메모리,116166205,2072368,3379,42,114093837
8542,전자집적회로,IN,인도,2025-01-01,854233,증폭기,1014196,0,627,0,1014196
8542,전자집적회로,IN,인도,2025-01-01,854239,기타,14875714,90141,7707,42,14785573
8542,전자집적회로,IN,인도,2025-01-01,854290,부분품,6094,0,61,0,6094
8542,전자집적회로,IT,이탈리아,2025-01-01,854231,프로세서와 컨트롤러[메모리ㆍ변환기ㆍ논리회로ㆍ증폭기ㆍ클록(clock)ㆍ타이밍(timing) 회로나 그 밖의 회로를 갖춘 것인지는 상관없다],2015511,3190024,411,217,-1174513
8542,전자집적회로,IT,이탈리아,2025-01-01,854232,메모리,227523,3,8,0,227520
8542,전자집적회로,IT,이탈리아,2025-01-01,854233,증폭기,30744,0,3,0,30744
8542,전자집적회로,IT,이탈리아,2025-01-01,854239,기타,178921,7031,112,8,171890
8542,전자집적회로,IT,이탈리아,2025-01-01,854290,부분품,6525,3648,17,20,2877
8542,전자집적회로,JP,일본,2025-01-01,854231,프로세서와 컨트롤러[메모리ㆍ변환기ㆍ논리회로ㆍ증폭기ㆍ클록(clock)ㆍ타이밍(timing) 회로나 그 밖의 회로를 갖춘 것인지는 상관없다],23305848,702033708,7504,11066,-678727860
8542,전자집적회로,JP,일본,2025-01-01,854232,메모리,26927564,1176549,1608,250,25751015
8542,전자집적회로,JP,일본,2025-01-01,854233,증폭기,60377,68122,153,71,-7745
8542,전자집적회로,JP,일본,2025-01-01,854239,기타,2855605,16704121,1172,17128,-13848516
8542,전자집적회로,JP,일본,2025-01-01,854290,부분품,237901,646523,2716,6171,-408622
8542,전자집적회로,KG,키르기스스탄,2025-01-01,854231,프로세서와 컨트롤러[메모리ㆍ변환기ㆍ논리회로ㆍ증폭기ㆍ클록(clock)ㆍ타이밍(timing) 회로나 그 밖의 회로를 갖춘 것인지는 상관없다],0,40797,0,60,-40797
8542,전자집적회로,LT,리투아니아,2025-01-01,854231,프로세서와 컨트롤러[메모리ㆍ변환기ㆍ논리회로ㆍ증폭기ㆍ클록(clock)ㆍ타이밍(timing) 회로나 그 밖의 회로를 갖춘 것인지는 상관없다],1,0,0,0,1
8542,전자집적회로,LT,리투아니아,2025-01-01,854239,기타,9000,0,2,0,9000
8542,전자집적회로,MA,모로코,2025-01-01,854231,프로세서와 컨트롤러[메모리ㆍ변환기ㆍ논리회로ㆍ증폭기ㆍ클록(clock)ㆍ타이밍(timing) 회로나 그 밖의 회로를 갖춘 것인지는 상관없다],0,477811,0,225,-477811
8542,전자집적회로,MA,모로코,2025-01-01,854233,증폭기,0,139199,0,152,-139199
8542,전자집적회로,MA,모로코,2025-01-01,854239,기타,0,2413474,0,2658,-2413474
8542,전자집적회로,MA,모로코,2025-01-01,854290,부분품,121897,0,2472,0,121897
8542,전자집적회로,MM,미얀마,2025-01-01,854239,기타,0,551,0,0,-551
8542,전자집적회로,MR,모리타니,2025-01-01,854239,기타,0,7796,0,8,-7796
8542,전자집적회로,MT,몰타,2025-01-01,854231,프로세서와 컨트롤러[메모리ㆍ변환기ㆍ논리회로ㆍ증폭기ㆍ클록(clock)ㆍ타이밍(timing) 회로나 그 밖의 회로를 갖춘 것인지는 상관없다],1269525,12351846,837,2022,-11082321
8542,전자집적회로,MT,몰타,2025-01-01,854239,기타,46938,152576,235,24,-105638
8542,전자집적회로,MT,몰타,2025-01-01,854290,부분품,148534,0,809,0,148534
8542,전자집적회로,MX,멕시코,2025-01-01,854231,프로세서와 컨트롤러[메모리ㆍ변환기ㆍ논리회로ㆍ증폭기ㆍ클록(clock)ㆍ타이밍(timing) 회로나 그 밖의 회로를 갖춘 것인지는 상관없다],2834442,3151608,7214,961,-317166
8542,전자집적회로,MX,멕시코,2025-01-01,854232,메모리,6084120,65973,427,68,6018147
8542,전자집적회로,MX,멕시코,2025-01-01,854233,증폭기,57183,998413,10,461,-941230
8542,전자집적회로,MX,멕시코,2025-01-01,854239,기타,11406347,1245224,7189,874,10161123
8542,전자집적회로,MY,말레이시아,2025-01-01,854231,프로세서와 컨트롤러[메모리ㆍ변환기ㆍ논리회로ㆍ증폭기ㆍ클록(clock)ㆍ타이밍(timing) 회로나 그 밖의 회로를 갖춘 것인지는 상관없다],83369223,72443751,29468,14074,10925472
8542,전자집적회로,MY,말레이시아,2025-01-01,854232,메모리,310694078,13564082,2822,1656,297129996
8542,전자집적회로,MY,말레이시아,2025-01-01,854233,증폭기,23092,1678831,10,1135,-1655739
8542,전자집적회로,MY,말레이시아,2025-01-01,854239,기타,12411382,57213478,17342,20793,-44802096
8542,전자집적회로,MY,말레이시아,2025-01-01,854290,부분품,4646519,9946,65189,41,4636573
8542,전자집적회로,NG,나이지리아,2025-01-01,854231,프로세서와 컨트롤러[메모리ㆍ변환기ㆍ논리회로ㆍ증폭기ㆍ클록(clock)ㆍ타이밍(timing) 회로나 그 밖의 회로를 갖춘 것인지는 상관없다],120750,0,37,0,120750
8542,전자집적회로,NL,네덜란드,2025-01-01,854231,프로세서와 컨트롤러[메모리ㆍ변환기ㆍ논리회로ㆍ증폭기ㆍ클록(clock)ㆍ타이밍(timing) 회로나 그 밖의 회로를 갖춘 것인지는 상관없다],2556460,236657,1005,8,2319803
8542,전자집적회로,NL,네덜란드,2025-01-01,854232,메모리,1429239,367,124,1,1428872
8542,전자집적회로,NL,네덜란드,2025-01-01,854233,증폭기,0,108421,0,2,-108421
8542,전자집적회로,NL,네덜란드,2025-01-01,854239,기타,108705,50627,160,84,58078
8542,전자집적회로,NL,네덜란드,2025-01-01,854290,부분품,25455,0,73,0,25455
8542,전자집적회로,NO,노르웨이,2025-01-01,854231,프로세서와 컨트롤러[메모리ㆍ변환기ㆍ논리회로ㆍ증폭기ㆍ클록(clock)ㆍ타이밍(timing) 회로나 그 밖의 회로를 갖춘 것인지는 상관없다],0,210,0,1,-210
8542,전자집적회로,NO,노르웨이,2025-01-01,854233,증폭기,0,14716,0,73,-14716
8542,전자집적회로,NO,노르웨이,2025-01-01,854239,기타,759,7526,3,0,-6767
8542,전자집적회로,NZ,뉴질랜드,2025-01-01,854239,기타,0,10535,0,13,-10535
8542,전자집적회로,PH,필리핀,2025-01-01,854231,프로세서와 컨트롤러[메모리ㆍ변환기ㆍ논리회로ㆍ증폭기ㆍ클록(clock)ㆍ타이밍(timing) 회로나 그 밖의 회로를 갖춘 것인지는 상관없다],54403924,14477286,29771,9103,39926638
8542,전자집적회로,PH,필리핀,2025-01-01,854232,메모리,69356885,403199,3071,217,68953686
8542,전자집적회로,PH,필리핀,2025-01-01,854233,증폭기,13389,534195,2,519,-520806
8542,전자집적회로,PH,필리핀,2025-01-01,854239,기타,9093901,27488841,6464,10722,-18394940
8542,전자집적회로,PH,필리핀,2025-01-01,854290,부분품,2080539,12250,22971,272,2068289
8542,전자집적회로,PL,폴란드,2025-01-01,854231,프로세서와 컨트롤러[메모리ㆍ변환기ㆍ논리회로ㆍ증폭기ㆍ클록(clock)ㆍ타이밍(timing) 회로나 그 밖의 회로를 갖춘 것인지는 상관없다],15244158,436,9948,1,15243722
8542,전자집적회로,PL,폴란드,2025-01-01,854232,메모리,2862330,0,789,0,2862330
8542,전자집적회로,PL,폴란드,2025-01-01,854233,증폭기,567082,0,595,0,567082
8542,전자집적회로,PL,폴란드,2025-01-01,854239,기타,6741321,14,3340,0,6741307
8542,전자집적회로,PN,피트카이른,2025-01-01,854239,기타,0,13348,0,2,-13348
8542,전자집적회로,PR,푸에르토리코,2025-01-01,854231,프로세서와 컨트롤러[메모리ㆍ변환기ㆍ논리회로ㆍ증폭기ㆍ클록(clock)ㆍ타이밍(timing) 회로나 그 밖의 회로를 갖춘 것인지는 상관없다],954,0,0,0,954
8542,전자집적회로,PT,포루투갈,2025-01-01,854231,프로세서와 컨트롤러[메모리ㆍ변환기ㆍ논리회로ㆍ증폭기ㆍ클록(clock)ㆍ타이밍(timing) 회로나 그 밖의 회로를 갖춘 것인지는 상관없다],6296267,311932,2810,7,5984335
8542,전자집적회로,PT,포루투갈,2025-01-01,854232,메모리,731373,0,39,0,731373
8542,전자집적회로,PT,포루투갈,2025-01-01,854239,기타,0,1769662,0,30,-1769662
8542,전자집적회로,RO,루마니아,2025-01-01,854231,프로세서와 컨트롤러[메모리ㆍ변환기ㆍ논리회로ㆍ증폭기ㆍ클록(clock)ㆍ타이밍(timing) 회로나 그 밖의 회로를 갖춘 것인지는 상관없다],53280,10706,243,4,42574
8542,전자집적회로,RO,루마니아,2025-01-01,854232,메모리,8157,323,0,0,7834
8542,전자집적회로,RO,루마니아,2025-01-01,854239,기타,23790,0,48,0,23790
8542,전자집적회로,RS,세르비아,2025-01-01,854231,프로세서와 컨트롤러[메모리ㆍ변환기ㆍ논리회로ㆍ증폭기ㆍ클록(clock)ㆍ타이밍(timing) 회로나 그 밖의 회로를 갖춘 것인지는 상관없다],305592,0,86,0,305592
8542,전자집적회로,RS,세르비아,2025-01-01,854239,기타,1317653,205,739,1,1317448
8542,전자집적회로,SE,스웨덴,2025-01-01,854231,프로세서와 컨트롤러[메모리ㆍ변환기ㆍ논리회로ㆍ증폭기ㆍ클록(clock)ㆍ타이밍(timing) 회로나 그 밖의 회로를 갖춘 것인지는 상관없다],3633278,290913,1692,1,3342365
8542,전자집적회로,SE,스웨덴,2025-01-01,854232,메모리,0,56,0,0,-56
8542,전자집적회로,SE,스웨덴,2025-01-01,854233,증폭기,5129,0,4,0,5129
8542,전자집적회로,SE,스웨덴,2025-01-01,854239,기타,29109,0,11,0,29109
8542,전자집적회로,SE,스웨덴,2025-01-01,854290,부분품,0,1421,0,0,-1421
8542,전자집적회로,SG,싱가포르,2025-01-01,854231,프로세서와 컨트롤러[메모리ㆍ변환기ㆍ논리회로ㆍ증폭기ㆍ클록(clock)ㆍ타이밍(timing) 회로나 그 밖의 회로를 갖춘 것인지는 상관없다],242554326,283597582,57917,10696,-41043256
8542,전자집적회로,SG,싱가포르,2025-01-01,854232,메모리,10136076,27908966,1737,1141,-17772890
8542,전자집적회로,SG,싱가포르,2025-01-01,854233,증폭기,4737,4491807,3,326,-4487070
8542,전자집적회로,SG,싱가포르,2025-01-01,854239,기타,6566402,17527667,34129,6490,-10961265
8542,전자집적회로,SG,싱가포르,2025-01-01,854290,부분품,899338,2913,22059,180,896425
8542,전자집적회로,SI,슬로베니아,2025-01-01,854231,프로세서와 컨트롤러[메모리ㆍ변환기ㆍ논리회로ㆍ증폭기ㆍ클록(clock)ㆍ타이밍(timing) 회로나 그 밖의 회로를 갖춘 것인지는 상관없다],0,242,0,0,-242
8542,전자집적회로,SI,슬로베니아,2025-01-01,854239,기타,0,9678,0,6,-9678
8542,전자집적회로,SK,슬로바키아,2025-01-01,854231,프로세서와 컨트롤러[메모리ㆍ변환기ㆍ논리회로ㆍ증폭기ㆍ클록(clock)ㆍ타이밍(timing) 회로나 그 밖의 회로를 갖춘 것인지는 상관없다],15786,0,53,0,15786
8542,전자집적회로,SK,슬로바키아,2025-01-01,854232,메모리,71092,0,6,0,71092
8542,전자집적회로,SK,슬로바키아,2025-01-01,854233,증폭기,3132,0,5,0,3132
8542,전자집적회로,SK,슬로바키아,2025-01-01,854239,기타,102330,19,101,0,102311
8542,전자집적회로,SV,엘살바도르,2025-01-01,854239,기타,0,2932,0,2,-2932
8542,전자집적회로,SZ,스와질랜드,2025-01-01,854231,프로세서와 컨트롤러[메모리ㆍ변환기ㆍ논리회로ㆍ증폭기ㆍ클록(clock)ㆍ타이밍(timing) 회로나 그 밖의 회로를 갖춘 것인지는 상관없다],0,40818,0,15,-40818
8542,전자집적회로,TH,태국,2025-01-01,854231,프로세서와 컨트롤러[메모리ㆍ변환기ㆍ논리회로ㆍ증폭기ㆍ클록(clock)ㆍ타이밍(timing) 회로나 그 밖의 회로를 갖춘 것인지는 상관없다],29373915,12779501,24816,7318,16594414
8542,전자집적회로,TH,태국,2025-01-01,854232,메모리,10247886,1446666,1389,270,8801220
8542,전자집적회로,TH,태국,2025-01-01,854233,증폭기,18946,639763,26,252,-620817
8542,전자집적회로,TH,태국,2025-01-01,854239,기타,13660641,31915342,11971,11600,-18254701
8542,전자집적회로,TH,태국,2025-01-01,854290,부분품,3674492,47469,47754,373,3627023
8542,전자집적회로,TL,티모르,2025-01-01,854231,프로세서와 컨트롤러[메모리ㆍ변환기ㆍ논리회로ㆍ증폭기ㆍ클록(clock)ㆍ타이밍(timing) 회로나 그 밖의 회로를 갖춘 것인지는 상관없다],0,47,0,1,-47
8542,전자집적회로,TM,투르크멘,2025-01-01,854239,기타,0,225,0,0,-225
8542,전자집적회로,TR,튀르키예,2025-01-01,854231,프로세서와 컨트롤러[메모리ㆍ변환기ㆍ논리회로ㆍ증폭기ㆍ클록(clock)ㆍ타이밍(timing) 회로나 그 밖의 회로를 갖춘 것인지는 상관없다],620966,50538,68,10,570428
8542,전자집적회로,TR,튀르키예,2025-01-01,854232,메모리,2954606,55,94,0,2954551
8542,전자집적회로,TR,튀르키예,2025-01-01,854233,증폭기,129277,0,42,0,129277
8542,전자집적회로,TR,튀르키예,2025-01-01,854239,기타,879272,2070,132,1,877202
8542,전자집적회로,TW,대만,2025-01-01,854231,프로세서와 컨트롤러[메모리ㆍ변환기ㆍ논리회로ㆍ증폭기ㆍ클록(clock)ㆍ타이밍(timing) 회로나 그 밖의 회로를 갖춘 것인지는 상관없다],156373889,1348327038,56138,103518,-1191953149
8542,전자집적회로,TW,대만,2025-01-01,854232,메모리,1035692987,51108405,16855,8690,984584582
8542,전자집적회로,TW,대만,2025-01-01,854233,증폭기,14220,6115930,2,1627,-6101710
8542,전자집적회로,TW,대만,2025-01-01,854239,기타,90548879,228402102,11431,43410,-137853223
8542,전자집적회로,TW,대만,2025-01-01,854290,부분품,4846268,967216,58539,1294,3879052
8542,전자집적회로,US,미국,2025-01-01,854231,프로세서와 컨트롤러[메모리ㆍ변환기ㆍ논리회로ㆍ증폭기ㆍ클록(clock)ㆍ타이밍(timing) 회로나 그 밖의 회로를 갖춘 것인지는 상관없다],46695556,202744090,9002,10220,-156048534
8542,전자집적회로,US,미국,2025-01-01,854232,메모리,22845506,529024,1686,101,22316482
8542,전자집적회로,US,미국,2025-01-01,854233,증폭기,145150,384325,116,61,-239175
8542,전자집적회로,US,미국,2025-01-01,854239,기타,5542173,63876983,3044,2539,-58334810
8542,전자집적회로,US,미국,2025-01-01,854290,부분품,265842,386003,83,84,-120161
8542,전자집적회로,UZ,우즈베키스탄,2025-01-01,854231,프로세서와 컨트롤러[메모리ㆍ변환기ㆍ논리회로ㆍ증폭기ㆍ클록(clock)ㆍ타이밍(timing) 회로나 그 밖의 회로를 갖춘 것인지는 상관없다],214,0,1,0,214
8542,전자집적회로,VN,베트남,2025-01-01,854231,프로세서와 컨트롤러[메모리ㆍ변환기ㆍ논리회로ㆍ증폭기ㆍ클록(clock)ㆍ타이밍(timing) 회로나 그 밖의 회로를 갖춘 것인지는 상관없다],558088726,12640214,71865,6392,545448512
8542,전자집적회로,VN,베트남,2025-01-01,854232,메모리,872976828,25801665,68111,1066,847175163
8542,전자집적회로,VN,베트남,2025-01-01,854233,증폭기,9112362,14414,4121,5,9097948
8542,전자집적회로,VN,베트남,2025-01-01,854239,기타,206320828,1147405,54982,941,205173423
8542,전자집적회로,VN,베트남,2025-01-01,854290,부분품,1283629,1070,1546,40,1282559
8542,전자집적회로,ZA,남아프리카공화국,2025-01-01,854231,프로세서와 컨트롤러[메모리ㆍ변환기ㆍ논리회로ㆍ증폭기ㆍ클록(clock)ㆍ타이밍(timing) 회로나 그 밖의 회로를 갖춘 것인지는 상관없다],356080,0,49,0,356080
8542,전자집적회로,ZA,남아프리카공화국,2025-01-01,854232,메모리,110942,0,11,0,110942
8542,전자집적회로,ZA,남아프리카공화국,2025-01-01,854233,증폭기,1,0,1,0,1
8542,전자집적회로,ZA,남아프리카공화국,2025-01-01,854239,기타,30337,0,40,0,30337
8542,전자집적회로,AE,아랍에미리트 연합,2025-02-01,854231,프로세서와 컨트롤러[메모리ㆍ변환기ㆍ논리회로ㆍ증폭기ㆍ클록(clock)ㆍ타이밍(timing) 회로나 그 밖의 회로를 갖춘 것인지는 상관없다],549472,414767,360,1,134705
8542,전자집적회로,AE,아랍에미리트 연합,2025-02-01,854232,메모리,2000,0,1,0,2000
8542,전자집적회로,AE,아랍에미리트 연합,2025-02-01,854239,기타,180455,82149,72,6,98306
8542,전자집적회로,AM,아르메니아,2025-02-01,854239,기타,606,0,1,0,606
8542,전자집적회로,AR,아르헨티나,2025-02-01,854231,프로세서와 컨트롤러[메모리ㆍ변환기ㆍ논리회로ㆍ증폭기ㆍ클록(clock)ㆍ타이밍(timing) 회로나 그 밖의 회로를 갖춘 것인지는 상관없다],127863,0,105,0,127863
8542,전자집적회로,AR,아르헨티나,2025-02-01,854232,메모리,61115,0,3,0,61115
8542,전자집적회로,AR,아르헨티나,2025-02-01,854239,기타,1281874,0,391,0,1281874
8542,전자집적회로,AT,오스트리아,2025-02-01,854231,프로세서와 컨트롤러[메모리ㆍ변환기ㆍ논리회로ㆍ증폭기ㆍ클록(clock)ㆍ타이밍(timing) 회로나 그 밖의 회로를 갖춘 것인지는 상관없다],6120210,74436,2930,68,6045774
8542,전자집적회로,AT,오스트리아,2025-02-01,854232,메모리,2599359,0,270,0,2599359
8542,전자집적회로,AT,오스트리아,2025-02-01,854233,증폭기,6043,0,9,0,6043
8542,전자집적회로,AT,오스트리아,2025-02-01,854239,기타,404004,751838,490,146,-347834
8542,전자집적회로,AU,호주,2025-02-01,854231,프로세서와 컨트롤러[메모리ㆍ변환기ㆍ논리회로ㆍ증폭기ㆍ클록(clock)ㆍ타이밍(timing) 회로나 그 밖의 회로를 갖춘 것인지는 상관없다],14801,0,23,0,14801
8542,전자집적회로,AU,호주,2025-02-01,854233,증폭기,1425928,6299,210,3,1419629
8542,전자집적회로,AU,호주,2025-02-01,854239,기타,709,25679,3,12,-24970
8542,전자집적회로,BD,방글라데시,2025-02-01,854231,프로세서와 컨트롤러[메모리ㆍ변환기ㆍ논리회로ㆍ증폭기ㆍ클록(clock)ㆍ타이밍(timing) 회로나 그 밖의 회로를 갖춘 것인지는 상관없다],19691,0,100,0,19691
8542,전자집적회로,BD,방글라데시,2025-02-01,854232,메모리,304,0,0,0,304
8542,전자집적회로,BD,방글라데시,2025-02-01,854233,증폭기,41,0,40,0,41
8542,전자집적회로,BD,방글라데시,2025-02-01,854239,기타,1,0,0,0,1
8542,전자집적회로,BE,벨기에,2025-02-01,854231,프로세서와 컨트롤러[메모리ㆍ변환기ㆍ논리회로ㆍ증폭기ㆍ클록(clock)ㆍ타이밍(timing) 회로나 그 밖의 회로를 갖춘 것인지는 상관없다],12648,1106,8,4,11542
8542,전자집적회로,BE,벨기에,2025-02-01,854232,메모리,92,0,0,0,92
8542,전자집적회로,BE,벨기에,2025-02-01,854239,기타,4453,172981,17,10,-168528
8542,전자집적회로,BE,벨기에,2025-02-01,854290,부분품,0,28,0,0,-28
8542,전자집적회로,BG,불가리아,2025-02-01,854231,프로세서와 컨트롤러[메모리ㆍ변환기ㆍ논리회로ㆍ증폭기ㆍ클록(clock)ㆍ타이밍(timing) 회로나 그 밖의 회로를 갖춘 것인지는 상관없다],27525,0,1,0,27525
8542,전자집적회로,BG,불가리아,2025-02-01,854239,기타,4313,14564,3,3,-10251
8542,전자집적회로,BG,불가리아,2025-02-01,854290,부분품,0,85,0,0,-85
8542,전자집적회로,BH,바레인,2025-02-01,854239,기타,23,0,0,0,23
8542,전자집적회로,BR,브라질,2025-02-01,854231,프로세서와 컨트롤러[메모리ㆍ변환기ㆍ논리회로ㆍ증폭기ㆍ클록(clock)ㆍ타이밍(timing) 회로나 그 밖의 회로를 갖춘 것인지는 상관없다],42321696,404,5111,7,42321292
8542,전자집적회로,BR,브라질,2025-02-01,854232,메모리,48606091,223803,2008,47,48382288
8542,전자집적회로,BR,브라질,2025-02-01,854233,증폭기,283098,0,642,0,283098
8542,전자집적회로,BR,브라질,2025-02-01,854239,기타,2498072,0,582,0,2498072
8542,전자집적회로,BY,벨라루스,2025-02-01,854239,기타,0,142792,0,40,-142792
8542,전자집적회로,CA,캐나다,2025-02-01,854231,프로세서와 컨트롤러[메모리ㆍ변환기ㆍ논리회로ㆍ증폭기ㆍ클록(clock)ㆍ타이밍(timing) 회로나 그 밖의 회로를 갖춘 것인지는 상관없다],7246,2310996,20,258,-2303750
8542,전자집적회로,CA,캐나다,2025-02-01,854232,메모리,808901,0,12,0,808901
8542,전자집적회로,CA,캐나다,2025-02-01,854233,증폭기,15540,0,2,0,15540
8542,전자집적회로,CA,캐나다,2025-02-01,854239,기타,4121938,545936,214,75,3576002
8542,전자집적회로,CH,스위스,2025-02-01,854231,프로세서와 컨트롤러[메모리ㆍ변환기ㆍ논리회로ㆍ증폭기ㆍ클록(clock)ㆍ타이밍(timing) 회로나 그 밖의 회로를 갖춘 것인지는 상관없다],103020,31374,21,82,71646
8542,전자집적회로,CH,스위스,2025-02-01,854232,메모리,0,518,0,0,-518
8542,전자집적회로,CH,스위스,2025-02-01,854233,증폭기,0,1620,0,1,-1620
8542,전자집적회로,CH,스위스,2025-02-01,854239,기타,1822,1305426,13,173,-1303604
8542,전자집적회로,CM,카메룬,2025-02-01,854239,기타,0,757,0,0,-757
8542,전자집적회로,CN,중국,2025-02-01,854231,프로세서와 컨트롤러[메모리ㆍ변환기ㆍ논리회로ㆍ증폭기ㆍ클록(clock)ㆍ타이밍(timing) 회로나 그 밖의 회로를 갖춘 것인지는 상관없다],821246181,135321643,106213,57697,685924538
8542,전자집적회로,CN,중국,2025-02-01,854232,메모리,1579630509,1190312160,66662,75040,389318349
8542,전자집적회로,CN,중국,2025-02-01,854233,증폭기,615286,5553174,704,1564,-4937888
8542,전자집적회로,CN,중국,2025-02-01,854239,기타,132240904,107394159,44463,110867,24846745
8542,전자집적회로,CN,중국,2025-02-01,854290,부분품,8004351,1247421,94945,18782,6756930
8542,전자집적회로,CR,코스타리카,2025-02-01,854231,프로세서와 컨트롤러[메모리ㆍ변환기ㆍ논리회로ㆍ증폭기ㆍ클록(clock)ㆍ타이밍(timing) 회로나 그 밖의 회로를 갖춘 것인지는 상관없다],198848,8436406,44,393,-8237558
8542,전자집적회로,CR,코스타리카,2025-02-01,854239,기타,0,7125,0,5,-7125
8542,전자집적회로,CZ,체코공화국,2025-02-01,854231,프로세서와 컨트롤러[메모리ㆍ변환기ㆍ논리회로ㆍ증폭기ㆍ클록(clock)ㆍ타이밍(timing) 회로나 그 밖의 회로를 갖춘 것인지는 상관없다],6027519,31,2869,5,6027488
8542,전자집적회로,CZ,체코공화국,2025-02-01,854232,메모리,4145838,0,526,0,4145838
8542,전자집적회로,CZ,체코공화국,2025-02-01,854233,증폭기,441381,0,22,0,441381
8542,전자집적회로,CZ,체코공화국,2025-02-01,854239,기타,733244,2861,797,5,730383
8542,전자집적회로,DE,독일,2025-02-01,854231,프로세서와 컨트롤러[메모리ㆍ변환기ㆍ논리회로ㆍ증폭기ㆍ클록(clock)ㆍ타이밍(timing) 회로나 그 밖의 회로를 갖춘 것인지는 상관없다],860829,16159223,427,1461,-15298394
8542,전자집적회로,DE,독일,2025-02-01,854232,메모리,10233370,89187,755,10,10144183
8542,전자집적회로,DE,독일,2025-02-01,854233,증폭기,171758,7117,67,4,164641
8542,전자집적회로,DE,독일,2025-02-01,854239,기타,11329993,11759216,14049,1821,-429223
8542,전자집적회로,DE,독일,2025-02-01,854290,부분품,7096,425983,8,1259,-418887
8542,전자집적회로,DK,덴마크,2025-02-01,854231,프로세서와 컨트롤러[메모리ㆍ변환기ㆍ논리회로ㆍ증폭기ㆍ클록(clock)ㆍ타이밍(timing) 회로나 그 밖의 회로를 갖춘 것인지는 상관없다],2882,1037,3,8,1845
8542,전자집적회로,DK,덴마크,2025-02-01,854232,메모리,0,3494,0,11,-3494
8542,전자집적회로,DK,덴마크,2025-02-01,854239,기타,16944,31881,58,2,-14937
8542,전자집적회로,DK,덴마크,2025-02-01,854290,부분품,0,13146,0,70,-13146
8542,전자집적회로,EE,에스토니아,2025-02-01,854231,프로세서와 컨트롤러[메모리ㆍ변환기ㆍ논리회로ㆍ증폭기ㆍ클록(clock)ㆍ타이밍(timing) 회로나 그 밖의 회로를 갖춘 것인지는 상관없다],17020,0,26,0,17020
8542,전자집적회로,EE,에스토니아,2025-02-01,854232,메모리,44,0,0,0,44
8542,전자집적회로,EG,이집트,2025-02-01,854231,프로세서와 컨트롤러[메모리ㆍ변환기ㆍ논리회로ㆍ증폭기ㆍ클록(clock)ㆍ타이밍(timing) 회로나 그 밖의 회로를 갖춘 것인지는 상관없다],1096050,0,374,0,1096050
8542,전자집적회로,EG,이집트,2025-02-01,854232,메모리,5674569,0,445,0,5674569
8542,전자집적회로,EG,이집트,2025-02-01,854233,증폭기,39135,0,21,0,39135
8542,전자집적회로,EG,이집트,2025-02-01,854239,기타,967129,0,194,0,967129
8542,전자집적회로,ES,스페인,2025-02-01,854231,프로세서와 컨트롤러[메모리ㆍ변환기ㆍ논리회로ㆍ증폭기ㆍ클록(clock)ㆍ타이밍(timing) 회로나 그 밖의 회로를 갖춘 것인지는 상관없다],16550,4380,1,1,12170
8542,전자집적회로,ES,스페인,2025-02-01,854232,메모리,231033,444,19,1,230589
8542,전자집적회로,ES,스페인,2025-02-01,854233,증폭기,7449,19531,2,1,-12082
8542,전자집적회로,ES,스페인,2025-02-01,854239,기타,2832,408869,45,19,-406037
8542,전자집적회로,ES,스페인,2025-02-01,854290,부분품,56720,0,15,0,56720
8542,전자집적회로,ET,에티오피아,2025-02-01,854239,기타,0,65,0,1,-65
8542,전자집적회로,FI,핀란드,2025-02-01,854231,프로세서와 컨트롤러[메모리ㆍ변환기ㆍ논리회로ㆍ증폭기ㆍ클록(clock)ㆍ타이밍(timing) 회로나 그 밖의 회로를 갖춘 것인지는 상관없다],12549,0,7,0,12549
8542,전자집적회로,FI,핀란드,2025-02-01,854232,메모리,1425,33,1,21,1392
8542,전자집적회로,FI,핀란드,2025-02-01,854233,증폭기,96,0,0,0,96
8542,전자집적회로,FI,핀란드,2025-02-01,854239,기타,821,112,6,1,709
8542,전자집적회로,FI,핀란드,2025-02-01,854290,부분품,127470,0,554,0,127470
8542,전자집적회로,FR,프랑스,2025-02-01,854231,프로세서와 컨트롤러[메모리ㆍ변환기ㆍ논리회로ㆍ증폭기ㆍ클록(clock)ㆍ타이밍(timing) 회로나 그 밖의 회로를 갖춘 것인지는 상관없다],14195683,27392562,1220,1666,-13196879
8542,전자집적회로,FR,프랑스,2025-02-01,854232,메모리,666985,595504,9,19,71481
8542,전자집적회로,FR,프랑스,2025-02-01,854233,증폭기,39010,65919,26,3,-26909
8542,전자집적회로,FR,프랑스,2025-02-01,854239,기타,404437,989150,156,80,-584713
8542,전자집적회로,FR,프랑스,2025-02-01,854290,부분품,0,18426,0,3,-18426
8542,전자집적회로,GB,영국,2025-02-01,854231,프로세서와 컨트롤러[메모리ㆍ변환기ㆍ논리회로ㆍ증폭기ㆍ클록(clock)ㆍ타이밍(timing) 회로나 그 밖의 회로를 갖춘 것인지는 상관없다],102297,131403,58,209,-29106
8542,전자집적회로,GB,영국,2025-02-01,854232,메모리,28989,1729,2,2,27260
8542,전자집적회로,GB,영국,2025-02-01,854233,증폭기,1410,1680,0,1,-270
8542,전자집적회로,GB,영국,2025-02-01,854239,기타,42138,296166,16,241,-254028
8542,전자집적회로,GB,영국,2025-02-01,854290,부분품,600,1422,2,2,-822
8542,전자집적회로,HK,홍콩,2025-02-01,854231,프로세서와 컨트롤러[메모리ㆍ변환기ㆍ논리회로ㆍ증폭기ㆍ클록(clock)ㆍ타이밍(timing) 회로나 그 밖의 회로를 갖춘 것인지는 상관없다],154065824,46001814,65416,6354,108064010
8542,전자집적회로,HK,홍콩,2025-02-01,854232,메모리,672396479,50858602,90499,4256,621537877
8542,전자집적회로,HK,홍콩,2025-02-01,854233,증폭기,1171678,15351,1473,13,1156327
8542,전자집적회로,HK,홍콩,2025-02-01,854239,기타,123061736,8584421,39221,3462,114477315
8542,전자집적회로,HK,홍콩,2025-02-01,854290,부분품,329738,5233,2631,1,324505
8542,전자집적회로,HR,크로아티아,2025-02-01,854231,프로세서와 컨트롤러[메모리ㆍ변환기ㆍ논리회로ㆍ증폭기ㆍ클록(clock)ㆍ타이밍(timing) 회로나 그 밖의 회로를 갖춘 것인지는 상관없다],8442,0,2,0,8442
8542,전자집적회로,HU,헝가리,2025-02-01,854231,프로세서와 컨트롤러[메모리ㆍ변환기ㆍ논리회로ㆍ증폭기ㆍ클록(clock)ㆍ타이밍(timing) 회로나 그 밖의 회로를 갖춘 것인지는 상관없다],218424,1365,71,1,217059
8542,전자집적회로,HU,헝가리,2025-02-01,854232,메모리,2844862,0,125,0,2844862
8542,전자집적회로,HU,헝가리,2025-02-01,854233,증폭기,63061,0,2,0,63061
8542,전자집적회로,HU,헝가리,2025-02-01,854239,기타,0,313,0,1,-313
8542,전자집적회로,ID,인도네시아,2025-02-01,854231,프로세서와 컨트롤러[메모리ㆍ변환기ㆍ논리회로ㆍ증폭기ㆍ클록(clock)ㆍ타이밍(timing) 회로나 그 밖의 회로를 갖춘 것인지는 상관없다],12526626,1109553,5002,856,11417073
8542,전자집적회로,ID,인도네시아,2025-02-01,854232,메모리,18307548,2977,880,1,18304571
8542,전자집적회로,ID,인도네시아,2025-02-01,854233,증폭기,50758,0,17,0,50758
8542,전자집적회로,ID,인도네시아,2025-02-01,854239,기타,3915166,3903507,2699,2548,11659
8542,전자집적회로,ID,인도네시아,2025-02-01,854290,부분품,123338,0,895,0,123338
8542,전자집적회로,IE,아일랜드,2025-02-01,854231,프로세서와 컨트롤러[메모리ㆍ변환기ㆍ논리회로ㆍ증폭기ㆍ클록(clock)ㆍ타이밍(timing) 회로나 그 밖의 회로를 갖춘 것인지는 상관없다],155109,701038,24,19,-545929
8542,전자집적회로,IE,아일랜드,2025-02-01,854239,기타,11083,8136,7,8,2947
8542,전자집적회로,IL,이스라엘,2025-02-01,854231,프로세서와 컨트롤러[메모리ㆍ변환기ㆍ논리회로ㆍ증폭기ㆍ클록(clock)ㆍ타이밍(timing) 회로나 그 밖의 회로를 갖춘 것인지는 상관없다],1208395,578679,317,64,629716
8542,전자집적회로,IL,이스라엘,2025-02-01,854232,메모리,230088,8917,10,0,221171
8542,전자집적회로,IL,이스라엘,2025-02-01,854233,증폭기,2754,65858,0,15,-63104
8542,전자집적회로,IL,이스라엘,2025-02-01,854239,기타,38231,835836,54,80,-797605
8542,전자집적회로,IL,이스라엘,2025-02-01,854290,부분품,0,10185,0,0,-10185
8542,전자집적회로,IN,인도,2025-02-01,854231,프로세서와 컨트롤러[메모리ㆍ변환기ㆍ논리회로ㆍ증폭기ㆍ클록(clock)ㆍ타이밍(timing) 회로나 그 밖의 회로를 갖춘 것인지는 상관없다],147570354,51604,21083,71,147518750
8542,전자집적회로,IN,인도,2025-02-01,854232,메모리,132767207,99692,4082,7,132667515
8542,전자집적회로,IN,인도,2025-02-01,854233,증폭기,763792,0,389,0,763792
8542,전자집적회로,IN,인도,2025-02-01,854239,기타,13815960,278871,8009,19,13537089
8542,전자집적회로,IN,인도,2025-02-01,854290,부분품,48,0,3,0,48
8542,전자집적회로,IT,이탈리아,2025-02-01,854231,프로세서와 컨트롤러[메모리ㆍ변환기ㆍ논리회로ㆍ증폭기ㆍ클록(clock)ㆍ타이밍(timing) 회로나 그 밖의 회로를 갖춘 것인지는 상관없다],5721194,3740655,1074,268,1980539
8542,전자집적회로,IT,이탈리아,2025-02-01,854232,메모리,420436,0,19,0,420436
8542,전자집적회로,IT,이탈리아,2025-02-01,854233,증폭기,14980,326,5,0,14654
8542,전자집적회로,IT,이탈리아,2025-02-01,854239,기타,86515,2481,147,5,84034
8542,전자집적회로,IT,이탈리아,2025-02-01,854290,부분품,1212,8769,1,41,-7557
8542,전자집적회로,JP,일본,2025-02-01,854231,프로세서와 컨트롤러[메모리ㆍ변환기ㆍ논리회로ㆍ증폭기ㆍ클록(clock)ㆍ타이밍(timing) 회로나 그 밖의 회로를 갖춘 것인지는 상관없다],15981871,484815154,3251,10244,-468833283
8542,전자집적회로,JP,일본,2025-02-01,854232,메모리,28521303,1611630,1531,449,26909673
8542,전자집적회로,JP,일본,2025-02-01,854233,증폭기,15262,357800,55,110,-342538
8542,전자집적회로,JP,일본,2025-02-01,854239,기타,3112343,17866610,1530,21722,-14754267
8542,전자집적회로,JP,일본,2025-02-01,854290,부분품,426101,869041,2654,12087,-442940
8542,전자집적회로,LA,라오스,2025-02-01,854231,프로세서와 컨트롤러[메모리ㆍ변환기ㆍ논리회로ㆍ증폭기ㆍ클록(clock)ㆍ타이밍(timing) 회로나 그 밖의 회로를 갖춘 것인지는 상관없다],585,0,4,0,585
8542,전자집적회로,LB,레바논,2025-02-01,854231,프로세서와 컨트롤러[메모리ㆍ변환기ㆍ논리회로ㆍ증폭기ㆍ클록(clock)ㆍ타이밍(timing) 회로나 그 밖의 회로를 갖춘 것인지는 상관없다],30800,0,9,0,30800
8542,전자집적회로,LK,스리랑카,2025-02-01,854290,부분품,0,1426,0,0,-1426
8542,전자집적회로,LT,리투아니아,2025-02-01,854231,프로세서와 컨트롤러[메모리ㆍ변환기ㆍ논리회로ㆍ증폭기ㆍ클록(clock)ㆍ타이밍(timing) 회로나 그 밖의 회로를 갖춘 것인지는 상관없다],0,729,0,1,-729
8542,전자집적회로,LT,리투아니아,2025-02-01,854233,증폭기,8004,0,1,0,8004
8542,전자집적회로,MA,모로코,2025-02-01,854231,프로세서와 컨트롤러[메모리ㆍ변환기ㆍ논리회로ㆍ증폭기ㆍ클록(clock)ㆍ타이밍(timing) 회로나 그 밖의 회로를 갖춘 것인지는 상관없다],0,564817,0,380,-564817
8542,전자집적회로,MA,모로코,2025-02-01,854233,증폭기,0,241631,0,154,-241631
8542,전자집적회로,MA,모로코,2025-02-01,854239,기타,0,806057,0,1557,-806057
8542,전자집적회로,MA,모로코,2025-02-01,854290,부분품,115362,0,2126,0,115362
8542,전자집적회로,MM,미얀마,2025-02-01,854239,기타,0,198,0,1,-198
8542,전자집적회로,MT,몰타,2025-02-01,854231,프로세서와 컨트롤러[메모리ㆍ변환기ㆍ논리회로ㆍ증폭기ㆍ클록(clock)ㆍ타이밍(timing) 회로나 그 밖의 회로를 갖춘 것인지는 상관없다],3831356,10658229,2526,820,-6826873
8542,전자집적회로,MT,몰타,2025-02-01,854232,메모리,0,25,0,0,-25
8542,전자집적회로,MT,몰타,2025-02-01,854239,기타,57054,112016,279,21,-54962
8542,전자집적회로,MT,몰타,2025-02-01,854290,부분품,321934,0,2603,0,321934
8542,전자집적회로,MX,멕시코,2025-02-01,854231,프로세서와 컨트롤러[메모리ㆍ변환기ㆍ논리회로ㆍ증폭기ㆍ클록(clock)ㆍ타이밍(timing) 회로나 그 밖의 회로를 갖춘 것인지는 상관없다],4007094,2333808,4417,904,1673286
8542,전자집적회로,MX,멕시코,2025-02-01,854232,메모리,2716193,19298,331,11,2696895
8542,전자집적회로,MX,멕시코,2025-02-01,854233,증폭기,79792,2189626,16,1057,-2109834
8542,전자집적회로,MX,멕시코,2025-02-01,854239,기타,8816979,1397537,4285,1178,7419442
8542,전자집적회로,MX,멕시코,2025-02-01,854290,부분품,938,0,53,0,938
8542,전자집적회로,MY,말레이시아,2025-02-01,854231,프로세서와 컨트롤러[메모리ㆍ변환기ㆍ논리회로ㆍ증폭기ㆍ클록(clock)ㆍ타이밍(timing) 회로나 그 밖의 회로를 갖춘 것인지는 상관없다],77401240,82454656,26851,14615,-5053416
8542,전자집적회로,MY,말레이시아,2025-02-01,854232,메모리,172487724,16026219,2531,1335,156461505
8542,전자집적회로,MY,말레이시아,2025-02-01,854233,증폭기,14594,2149846,12,1667,-2135252
8542,전자집적회로,MY,말레이시아,2025-02-01,854239,기타,15652201,53512849,18367,20549,-37860648
8542,전자집적회로,MY,말레이시아,2025-02-01,854290,부분품,5336055,53049,80204,632,5283006
8542,전자집적회로,NG,나이지리아,2025-02-01,854231,프로세서와 컨트롤러[메모리ㆍ변환기ㆍ논리회로ㆍ증폭기ㆍ클록(clock)ㆍ타이밍(timing) 회로나 그 밖의 회로를 갖춘 것인지는 상관없다],420000,0,182,0,420000
8542,전자집적회로,NL,네덜란드,2025-02-01,854231,프로세서와 컨트롤러[메모리ㆍ변환기ㆍ논리회로ㆍ증폭기ㆍ클록(clock)ㆍ타이밍(timing) 회로나 그 밖의 회로를 갖춘 것인지는 상관없다],3860003,248555,1699,170,3611448
8542,전자집적회로,NL,네덜란드,2025-02-01,854232,메모리,5985685,297,370,2,5985388
8542,전자집적회로,NL,네덜란드,2025-02-01,854233,증폭기,0,252042,0,1,-252042
8542,전자집적회로,NL,네덜란드,2025-02-01,854239,기타,184183,44492,300,34,139691
8542,전자집적회로,NL,네덜란드,2025-02-01,854290,부분품,9469,0,39,0,9469
8542,전자집적회로,NO,노르웨이,2025-02-01,854231,프로세서와 컨트롤러[메모리ㆍ변환기ㆍ논리회로ㆍ증폭기ㆍ클록(clock)ㆍ타이밍(timing) 회로나 그 밖의 회로를 갖춘 것인지는 상관없다],0,99,0,0,-99
8542,전자집적회로,NO,노르웨이,2025-02-01,854233,증폭기,0,18061,0,98,-18061
8542,전자집적회로,NO,노르웨이,2025-02-01,854239,기타,744,135112,3,5,-134368
8542,전자집적회로,NZ,뉴질랜드,2025-02-01,854231,프로세서와 컨트롤러[메모리ㆍ변환기ㆍ논리회로ㆍ증폭기ㆍ클록(clock)ㆍ타이밍(timing) 회로나 그 밖의 회로를 갖춘 것인지는 상관없다],15,0,1,0,15
8542,전자집적회로,NZ,뉴질랜드,2025-02-01,854239,기타,28369,0,2,0,28369
8542,전자집적회로,OM,오만,2025-02-01,854239,기타,14000,0,4,0,14000
8542,전자집적회로,PG,파푸아 뉴기니,2025-02-01,854239,기타,0,6313,0,2,-6313
8542,전자집적회로,PH,필리핀,2025-02-01,854231,프로세서와 컨트롤러[메모리ㆍ변환기ㆍ논리회로ㆍ증폭기ㆍ클록(clock)ㆍ타이밍(timing) 회로나 그 밖의 회로를 갖춘 것인지는 상관없다],60843670,23624827,29835,9034,37218843
8542,전자집적회로,PH,필리핀,2025-02-01,854232,메모리,47290044,708818,1593,365,46581226
8542,전자집적회로,PH,필리핀,2025-02-01,854233,증폭기,13161,440389,2,487,-427228
8542,전자집적회로,PH,필리핀,2025-02-01,854239,기타,12084011,32655997,9091,13201,-20571986
8542,전자집적회로,PH,필리핀,2025-02-01,854290,부분품,2142379,77797,26468,673,2064582
8542,전자집적회로,PL,폴란드,2025-02-01,854231,프로세서와 컨트롤러[메모리ㆍ변환기ㆍ논리회로ㆍ증폭기ㆍ클록(clock)ㆍ타이밍(timing) 회로나 그 밖의 회로를 갖춘 것인지는 상관없다],19953768,5616,10669,1,19948152
8542,전자집적회로,PL,폴란드,2025-02-01,854232,메모리,2522064,13004,762,51,2509060
8542,전자집적회로,PL,폴란드,2025-02-01,854233,증폭기,550677,0,772,0,550677
8542,전자집적회로,PL,폴란드,2025-02-01,854239,기타,7781399,35745,3740,39,7745654
8542,전자집적회로,PR,푸에르토리코,2025-02-01,854231,프로세서와 컨트롤러[메모리ㆍ변환기ㆍ논리회로ㆍ증폭기ㆍ클록(clock)ㆍ타이밍(timing) 회로나 그 밖의 회로를 갖춘 것인지는 상관없다],3884,0,2,0,3884
8542,전자집적회로,PT,포루투갈,2025-02-01,854231,프로세서와 컨트롤러[메모리ㆍ변환기ㆍ논리회로ㆍ증폭기ㆍ클록(clock)ㆍ타이밍(timing) 회로나 그 밖의 회로를 갖춘 것인지는 상관없다],7634813,607319,2970,36,7027494
8542,전자집적회로,PT,포루투갈,2025-02-01,854232,메모리,1835834,0,65,0,1835834
8542,전자집적회로,PT,포루투갈,2025-02-01,854239,기타,0,501474,0,22,-501474
8542,전자집적회로,RO,루마니아,2025-02-01,854231,프로세서와 컨트롤러[메모리ㆍ변환기ㆍ논리회로ㆍ증폭기ㆍ클록(clock)ㆍ타이밍(timing) 회로나 그 밖의 회로를 갖춘 것인지는 상관없다],48228,3392,149,16,44836
8542,전자집적회로,RO,루마니아,2025-02-01,854232,메모리,0,284,0,3,-284
8542,전자집적회로,RO,루마니아,2025-02-01,854239,기타,36336,629,152,0,35707
8542,전자집적회로,RS,세르비아,2025-02-01,854231,프로세서와 컨트롤러[메모리ㆍ변환기ㆍ논리회로ㆍ증폭기ㆍ클록(clock)ㆍ타이밍(timing) 회로나 그 밖의 회로를 갖춘 것인지는 상관없다],297741,0,10,0,297741
8542,전자집적회로,RS,세르비아,2025-02-01,854239,기타,819985,0,271,0,819985
8542,전자집적회로,RU,러시아 연방,2025-02-01,854239,기타,0,875,0,2,-875
8542,전자집적회로,SC,세이쉘,2025-02-01,854232,메모리,5808,0,3,0,5808
8542,전자집적회로,SE,스웨덴,2025-02-01,854231,프로세서와 컨트롤러[메모리ㆍ변환기ㆍ논리회로ㆍ증폭기ㆍ클록(clock)ㆍ타이밍(timing) 회로나 그 밖의 회로를 갖춘 것인지는 상관없다],426387,0,160,0,426387
8542,전자집적회로,SE,스웨덴,2025-02-01,854232,메모리,1178,0,3,0,1178
8542,전자집적회로,SE,스웨덴,2025-02-01,854233,증폭기,64106,0,12,0,64106
8542,전자집적회로,SE,스웨덴,2025-02-01,854239,기타,0,4362,0,2,-4362
8542,전자집적회로,SE,스웨덴,2025-02-01,854290,부분품,0,27019,0,20,-27019
8542,전자집적회로,SG,싱가포르,2025-02-01,854231,프로세서와 컨트롤러[메모리ㆍ변환기ㆍ논리회로ㆍ증폭기ㆍ클록(clock)ㆍ타이밍(timing) 회로나 그 밖의 회로를 갖춘 것인지는 상관없다],226136500,150227867,56174,8108,75908633
8542,전자집적회로,SG,싱가포르,2025-02-01,854232,메모리,11206890,73687107,2520,2040,-62480217
8542,전자집적회로,SG,싱가포르,2025-02-01,854233,증폭기,11510,5620880,3,286,-5609370
8542,전자집적회로,SG,싱가포르,2025-02-01,854239,기타,7360242,17798165,37020,10461,-10437923
8542,전자집적회로,SG,싱가포르,2025-02-01,854290,부분품,912363,37578,19084,617,874785
8542,전자집적회로,SI,슬로베니아,2025-02-01,854231,프로세서와 컨트롤러[메모리ㆍ변환기ㆍ논리회로ㆍ증폭기ㆍ클록(clock)ㆍ타이밍(timing) 회로나 그 밖의 회로를 갖춘 것인지는 상관없다],0,4270,0,2,-4270
8542,전자집적회로,SI,슬로베니아,2025-02-01,854239,기타,2200,0,11,0,2200
8542,전자집적회로,SK,슬로바키아,2025-02-01,854231,프로세서와 컨트롤러[메모리ㆍ변환기ㆍ논리회로ㆍ증폭기ㆍ클록(clock)ㆍ타이밍(timing) 회로나 그 밖의 회로를 갖춘 것인지는 상관없다],32042,0,40,0,32042
8542,전자집적회로,SK,슬로바키아,2025-02-01,854232,메모리,164391,0,14,0,164391
8542,전자집적회로,SK,슬로바키아,2025-02-01,854233,증폭기,29497,0,31,0,29497
8542,전자집적회로,SK,슬로바키아,2025-02-01,854239,기타,176107,0,132,0,176107
8542,전자집적회로,SV,엘살바도르,2025-02-01,854239,기타,0,1454,0,0,-1454
8542,전자집적회로,TH,태국,2025-02-01,854231,프로세서와 컨트롤러[메모리ㆍ변환기ㆍ논리회로ㆍ증폭기ㆍ클록(clock)ㆍ타이밍(timing) 회로나 그 밖의 회로를 갖춘 것인지는 상관없다],21931530,16683092,35420,10262,5248438
8542,전자집적회로,TH,태국,2025-02-01,854232,메모리,7096779,2355053,937,673,4741726
8542,전자집적회로,TH,태국,2025-02-01,854233,증폭기,12966,446530,19,145,-433564
8542,전자집적회로,TH,태국,2025-02-01,854239,기타,12813574,30036756,9549,12083,-17223182
8542,전자집적회로,TH,태국,2025-02-01,854290,부분품,3271001,7456,38702,24,3263545
8542,전자집적회로,TR,튀르키예,2025-02-01,854231,프로세서와 컨트롤러[메모리ㆍ변환기ㆍ논리회로ㆍ증폭기ㆍ클록(clock)ㆍ타이밍(timing) 회로나 그 밖의 회로를 갖춘 것인지는 상관없다],3479296,249,140,0,3479047
8542,전자집적회로,TR,튀르키예,2025-02-01,854232,메모리,6690459,146256,265,4,6544203
8542,전자집적회로,TR,튀르키예,2025-02-01,854233,증폭기,502324,0,146,0,502324
8542,전자집적회로,TR,튀르키예,2025-02-01,854239,기타,2505719,4533,457,15,2501186
8542,전자집적회로,TR,튀르키예,2025-02-01,854290,부분품,3450,0,1,0,3450
8542,전자집적회로,TW,대만,2025-02-01,854231,프로세서와 컨트롤러[메모리ㆍ변환기ㆍ논리회로ㆍ증폭기ㆍ클록(clock)ㆍ타이밍(timing) 회로나 그 밖의 회로를 갖춘 것인지는 상관없다],306885229,1531956734,72709,96170,-1225071505
8542,전자집적회로,TW,대만,2025-02-01,854232,메모리,1140800564,69670424,18937,8395,1071130140
8542,전자집적회로,TW,대만,2025-02-01,854233,증폭기,9464,2164233,2,2369,-2154769
8542,전자집적회로,TW,대만,2025-02-01,854239,기타,136842560,243993220,9542,43683,-107150660
8542,전자집적회로,TW,대만,2025-02-01,854290,부분품,3841724,581892,47513,1430,3259832
8542,전자집적회로,US,미국,2025-02-01,854231,프로세서와 컨트롤러[메모리ㆍ변환기ㆍ논리회로ㆍ증폭기ㆍ클록(clock)ㆍ타이밍(timing) 회로나 그 밖의 회로를 갖춘 것인지는 상관없다],33256445,148932831,7503,9041,-115676386
8542,전자집적회로,US,미국,2025-02-01,854232,메모리,12020755,409187,1252,109,11611568
8542,전자집적회로,US,미국,2025-02-01,854233,증폭기,92728,563098,22,68,-470370
8542,전자집적회로,US,미국,2025-02-01,854239,기타,3241212,69829659,2534,3748,-66588447
8542,전자집적회로,US,미국,2025-02-01,854290,부분품,26107,508086,73,207,-481979
8542,전자집적회로,UZ,우즈베키스탄,2025-02-01,854231,프로세서와 컨트롤러[메모리ㆍ변환기ㆍ논리회로ㆍ증폭기ㆍ클록(clock)ㆍ타이밍(timing) 회로나 그 밖의 회로를 갖춘 것인지는 상관없다],264,0,1,0,264
8542,전자집적회로,VN,베트남,2025-02-01,854231,프로세서와 컨트롤러[메모리ㆍ변환기ㆍ논리회로ㆍ증폭기ㆍ클록(clock)ㆍ타이밍(timing) 회로나 그 밖의 회로를 갖춘 것인지는 상관없다],616707660,5070553,71013,5480,611637107
8542,전자집적회로,VN,베트남,2025-02-01,854232,메모리,806824273,15538919,56259,1469,791285354
8542,전자집적회로,VN,베트남,2025-02-01,854233,증폭기,9339884,96747,4023,56,9243137
8542,전자집적회로,VN,베트남,2025-02-01,854239,기타,220010891,987494,53257,730,219023397
8542,전자집적회로,VN,베트남,2025-02-01,854290,부분품,730490,0,1528,0,730490
8542,전자집적회로,ZA,남아프리카공화국,2025-02-01,854231,프로세서와 컨트롤러[메모리ㆍ변환기ㆍ논리회로ㆍ증폭기ㆍ클록(clock)ㆍ타이밍(timing) 회로나 그 밖의 회로를 갖춘 것인지는 상관없다],343988,0,39,0,343988
8542,전자집적회로,ZA,남아프리카공화국,2025-02-01,854232,메모리,109527,0,10,0,109527
8542,전자집적회로,ZA,남아프리카공화국,2025-02-01,854233,증폭기,834,0,2,0,834
8542,전자집적회로,ZA,남아프리카공화국,2025-02-01,854239,기타,34203,0,39,0,34203
8542,전자집적회로,AE,아랍에미리트 연합,2025-03-01,854231,프로세서와 컨트롤러[메모리ㆍ변환기ㆍ논리회로ㆍ증폭기ㆍ클록(clock)ㆍ타이밍(timing) 회로나 그 밖의 회로를 갖춘 것인지는 상관없다],1144733,0,445,0,1144733
8542,전자집적회로,AR,아르헨티나,2025-03-01,854231,프로세서와 컨트롤러[메모리ㆍ변환기ㆍ논리회로ㆍ증폭기ㆍ클록(clock)ㆍ타이밍(timing) 회로나 그 밖의 회로를 갖춘 것인지는 상관없다],185242,0,52,0,185242
8542,전자집적회로,AR,아르헨티나,2025-03-01,854232,메모리,87308,0,167,0,87308
8542,전자집적회로,AR,아르헨티나,2025-03-01,854239,기타,721603,0,3017,0,721603
8542,전자집적회로,AT,오스트리아,2025-03-01,854231,프로세서와 컨트롤러[메모리ㆍ변환기ㆍ논리회로ㆍ증폭기ㆍ클록(clock)ㆍ타이밍(timing) 회로나 그 밖의 회로를 갖춘 것인지는 상관없다],7037763,138082,3193,5,6899681
8542,전자집적회로,AT,오스트리아,2025-03-01,854232,메모리,2256897,1796,190,1,2255101
8542,전자집적회로,AT,오스트리아,2025-03-01,854233,증폭기,6232,0,16,0,6232
8542,전자집적회로,AT,오스트리아,2025-03-01,854239,기타,246514,576014,512,137,-329500
8542,전자집적회로,AU,호주,2025-03-01,854231,프로세서와 컨트롤러[메모리ㆍ변환기ㆍ논리회로ㆍ증폭기ㆍ클록(clock)ㆍ타이밍(timing) 회로나 그 밖의 회로를 갖춘 것인지는 상관없다],8824,0,49,0,8824
8542,전자집적회로,AU,호주,2025-03-01,854232,메모리,2105,0,2,0,2105
8542,전자집적회로,AU,호주,2025-03-01,854233,증폭기,932,11459,1,8,-10527
8542,전자집적회로,AU,호주,2025-03-01,854239,기타,8508,1906,5,2,6602
8542,전자집적회로,BD,방글라데시,2025-03-01,854231,프로세서와 컨트롤러[메모리ㆍ변환기ㆍ논리회로ㆍ증폭기ㆍ클록(clock)ㆍ타이밍(timing) 회로나 그 밖의 회로를 갖춘 것인지는 상관없다],219533,0,76,0,219533
8542,전자집적회로,BD,방글라데시,2025-03-01,854232,메모리,35037,0,0,0,35037
8542,전자집적회로,BD,방글라데시,2025-03-01,854233,증폭기,180,0,0,0,180
8542,전자집적회로,BD,방글라데시,2025-03-01,854239,기타,113016,0,17,0,113016
8542,전자집적회로,BE,벨기에,2025-03-01,854231,프로세서와 컨트롤러[메모리ㆍ변환기ㆍ논리회로ㆍ증폭기ㆍ클록(clock)ㆍ타이밍(timing) 회로나 그 밖의 회로를 갖춘 것인지는 상관없다],107346,63274,27,11,44072
8542,전자집적회로,BE,벨기에,2025-03-01,854232,메모리,336,0,1,0,336
8542,전자집적회로,BE,벨기에,2025-03-01,854233,증폭기,4052,0,18,0,4052
8542,전자집적회로,BE,벨기에,2025-03-01,854239,기타,5844,242838,34,98,-236994
8542,전자집적회로,BE,벨기에,2025-03-01,854290,부분품,1010,0,3,0,1010
8542,전자집적회로,BF,부르키나 파소,2025-03-01,854290,부분품,43,0,0,0,43
8542,전자집적회로,BG,불가리아,2025-03-01,854231,프로세서와 컨트롤러[메모리ㆍ변환기ㆍ논리회로ㆍ증폭기ㆍ클록(clock)ㆍ타이밍(timing) 회로나 그 밖의 회로를 갖춘 것인지는 상관없다],11700,100835,0,3,-89135
8542,전자집적회로,BG,불가리아,2025-03-01,854239,기타,0,270,0,4,-270
8542,전자집적회로,BG,불가리아,2025-03-01,854290,부분품,5803,235,22,0,5568
8542,전자집적회로,BR,브라질,2025-03-01,854231,프로세서와 컨트롤러[메모리ㆍ변환기ㆍ논리회로ㆍ증폭기ㆍ클록(clock)ㆍ타이밍(timing) 회로나 그 밖의 회로를 갖춘 것인지는 상관없다],32690038,0,3905,0,32690038
8542,전자집적회로,BR,브라질,2025-03-01,854232,메모리,40815320,1370,2275,6,40813950
8542,전자집적회로,BR,브라질,2025-03-01,854233,증폭기,49924,0,24,0,49924
8542,전자집적회로,BR,브라질,2025-03-01,854239,기타,1896648,3914,419,5,1892734
8542,전자집적회로,BY,벨라루스,2025-03-01,854239,기타,0,139908,0,32,-139908
8542,전자집적회로,CA,캐나다,2025-03-01,854231,프로세서와 컨트롤러[메모리ㆍ변환기ㆍ논리회로ㆍ증폭기ㆍ클록(clock)ㆍ타이밍(timing) 회로나 그 밖의 회로를 갖춘 것인지는 상관없다],63874,30373,123,43,33501
8542,전자집적회로,CA,캐나다,2025-03-01,854232,메모리,101469,0,2,0,101469
8542,전자집적회로,CA,캐나다,2025-03-01,854239,기타,84156,455696,21,56,-371540
8542,전자집적회로,CA,캐나다,2025-03-01,854290,부분품,16228,0,254,0,16228
8542,전자집적회로,CH,스위스,2025-03-01,854231,프로세서와 컨트롤러[메모리ㆍ변환기ㆍ논리회로ㆍ증폭기ㆍ클록(clock)ㆍ타이밍(timing) 회로나 그 밖의 회로를 갖춘 것인지는 상관없다],121583,43251,36,125,78332
8542,전자집적회로,CH,스위스,2025-03-01,854232,메모리,0,18,0,0,-18
8542,전자집적회로,CH,스위스,2025-03-01,854239,기타,0,1399585,0,165,-1399585
8542,전자집적회로,CH,스위스,2025-03-01,854290,부분품,0,29500,0,8,-29500
8542,전자집적회로,CN,중국,2025-03-01,854231,프로세서와 컨트롤러[메모리ㆍ변환기ㆍ논리회로ㆍ증폭기ㆍ클록(clock)ㆍ타이밍(timing) 회로나 그 밖의 회로를 갖춘 것인지는 상관없다],771245192,163180644,112581,76825,608064548
8542,전자집적회로,CN,중국,2025-03-01,854232,메모리,2081033994,1116465684,90764,72555,964568310
8542,전자집적회로,CN,중국,2025-03-01,854233,증폭기,855176,4919715,932,1502,-4064539
8542,전자집적회로,CN,중국,2025-03-01,854239,기타,221516164,145915687,49815,113974,75600477
8542,전자집적회로,CN,중국,2025-03-01,854290,부분품,7625274,1980650,80852,26276,5644624
8542,전자집적회로,CR,코스타리카,2025-03-01,854231,프로세서와 컨트롤러[메모리ㆍ변환기ㆍ논리회로ㆍ증폭기ㆍ클록(clock)ㆍ타이밍(timing) 회로나 그 밖의 회로를 갖춘 것인지는 상관없다],296093,1395616,56,1904,-1099523
8542,전자집적회로,CR,코스타리카,2025-03-01,854239,기타,0,17304,0,11,-17304
8542,전자집적회로,CZ,체코공화국,2025-03-01,854231,프로세서와 컨트롤러[메모리ㆍ변환기ㆍ논리회로ㆍ증폭기ㆍ클록(clock)ㆍ타이밍(timing) 회로나 그 밖의 회로를 갖춘 것인지는 상관없다],5249601,0,1760,0,5249601
8542,전자집적회로,CZ,체코공화국,2025-03-01,854232,메모리,2648396,190,180,1,2648206
8542,전자집적회로,CZ,체코공화국,2025-03-01,854233,증폭기,368537,0,26,0,368537
8542,전자집적회로,CZ,체코공화국,2025-03-01,854239,기타,566900,12573,220,44,554327
8542,전자집적회로,CZ,체코공화국,2025-03-01,854290,부분품,0,0,0,0,0
8542,전자집적회로,DE,독일,2025-03-01,854231,프로세서와 컨트롤러[메모리ㆍ변환기ㆍ논리회로ㆍ증폭기ㆍ클록(clock)ㆍ타이밍(timing) 회로나 그 밖의 회로를 갖춘 것인지는 상관없다],2605176,24736269,880,2158,-22131093
8542,전자집적회로,DE,독일,2025-03-01,854232,메모리,15351067,79955,1002,104,15271112
8542,전자집적회로,DE,독일,2025-03-01,854233,증폭기,93942,48705,38,13,45237
8542,전자집적회로,DE,독일,2025-03-01,854239,기타,9376499,41949001,15068,3824,-32572502
8542,전자집적회로,DE,독일,2025-03-01,854290,부분품,18791,324396,26,995,-305605
8542,전자집적회로,DK,덴마크,2025-03-01,854231,프로세서와 컨트롤러[메모리ㆍ변환기ㆍ논리회로ㆍ증폭기ㆍ클록(clock)ㆍ타이밍(timing) 회로나 그 밖의 회로를 갖춘 것인지는 상관없다],13194,0,8,0,13194
8542,전자집적회로,DK,덴마크,2025-03-01,854232,메모리,0,2177,0,6,-2177
8542,전자집적회로,DK,덴마크,2025-03-01,854239,기타,16516,3471,51,15,13045
8542,전자집적회로,EE,에스토니아,2025-03-01,854231,프로세서와 컨트롤러[메모리ㆍ변환기ㆍ논리회로ㆍ증폭기ㆍ클록(clock)ㆍ타이밍(timing) 회로나 그 밖의 회로를 갖춘 것인지는 상관없다],16138,0,27,0,16138
8542,전자집적회로,EE,에스토니아,2025-03-01,854232,메모리,3004,0,0,0,3004
8542,전자집적회로,EG,이집트,2025-03-01,854231,프로세서와 컨트롤러[메모리ㆍ변환기ㆍ논리회로ㆍ증폭기ㆍ클록(clock)ㆍ타이밍(timing) 회로나 그 밖의 회로를 갖춘 것인지는 상관없다],1906884,0,603,0,1906884
8542,전자집적회로,EG,이집트,2025-03-01,854232,메모리,2976003,0,256,0,2976003
8542,전자집적회로,EG,이집트,2025-03-01,854233,증폭기,19479,0,12,0,19479
8542,전자집적회로,EG,이집트,2025-03-01,854239,기타,1102982,0,189,0,1102982
8542,전자집적회로,EG,이집트,2025-03-01,854290,부분품,1016,0,1,0,1016
8542,전자집적회로,ES,스페인,2025-03-01,854231,프로세서와 컨트롤러[메모리ㆍ변환기ㆍ논리회로ㆍ증폭기ㆍ클록(clock)ㆍ타이밍(timing) 회로나 그 밖의 회로를 갖춘 것인지는 상관없다],0,8971,0,1,-8971
8542,전자집적회로,ES,스페인,2025-03-01,854232,메모리,172617,0,18,0,172617
8542,전자집적회로,ES,스페인,2025-03-01,854233,증폭기,12857,38490,1,0,-25633
8542,전자집적회로,ES,스페인,2025-03-01,854239,기타,149203,65199,13,10,84004
8542,전자집적회로,ES,스페인,2025-03-01,854290,부분품,24661,1988,21,49,22673
8542,전자집적회로,FI,핀란드,2025-03-01,854231,프로세서와 컨트롤러[메모리ㆍ변환기ㆍ논리회로ㆍ증폭기ㆍ클록(clock)ㆍ타이밍(timing) 회로나 그 밖의 회로를 갖춘 것인지는 상관없다],39600,0,3,0,39600
8542,전자집적회로,FI,핀란드,2025-03-01,854233,증폭기,3624,0,0,0,3624
8542,전자집적회로,FI,핀란드,2025-03-01,854239,기타,0,13845,0,10,-13845
8542,전자집적회로,FI,핀란드,2025-03-01,854290,부분품,184272,0,823,0,184272
8542,전자집적회로,FR,프랑스,2025-03-01,854231,프로세서와 컨트롤러[메모리ㆍ변환기ㆍ논리회로ㆍ증폭기ㆍ클록(clock)ㆍ타이밍(timing) 회로나 그 밖의 회로를 갖춘 것인지는 상관없다],11605238,27080353,1125,1499,-15475115
8542,전자집적회로,FR,프랑스,2025-03-01,854232,메모리,567907,24084,8,13,543823
8542,전자집적회로,FR,프랑스,2025-03-01,854233,증폭기,31882,112378,14,5,-80496
8542,전자집적회로,FR,프랑스,2025-03-01,854239,기타,462663,1555960,143,123,-1093297
8542,전자집적회로,FR,프랑스,2025-03-01,854290,부분품,0,108,0,0,-108
8542,전자집적회로,GB,영국,2025-03-01,854231,프로세서와 컨트롤러[메모리ㆍ변환기ㆍ논리회로ㆍ증폭기ㆍ클록(clock)ㆍ타이밍(timing) 회로나 그 밖의 회로를 갖춘 것인지는 상관없다],104103,64075,87,113,40028
8542,전자집적회로,GB,영국,2025-03-01,854232,메모리,414739,2387,24,2,412352
8542,전자집적회로,GB,영국,2025-03-01,854233,증폭기,0,15846,0,17,-15846
8542,전자집적회로,GB,영국,2025-03-01,854239,기타,5412,380284,21,387,-374872
8542,전자집적회로,GB,영국,2025-03-01,854290,부분품,3806,174,6,2,3632
8542,전자집적회로,GR,그리스,2025-03-01,854239,기타,0,109,0,0,-109
8542,전자집적회로,HK,홍콩,2025-03-01,854231,프로세서와 컨트롤러[메모리ㆍ변환기ㆍ논리회로ㆍ증폭기ㆍ클록(clock)ㆍ타이밍(timing) 회로나 그 밖의 회로를 갖춘 것인지는 상관없다],133723556,26740003,67344,6397,106983553
8542,전자집적회로,HK,홍콩,2025-03-01,854232,메모리,1099894103,33793928,119369,2873,1066100175
8542,전자집적회로,HK,홍콩,2025-03-01,854233,증폭기,1367094,52091,1327,24,1315003
8542,전자집적회로,HK,홍콩,2025-03-01,854239,기타,149942776,14447938,41113,5323,135494838
8542,전자집적회로,HK,홍콩,2025-03-01,854290,부분품,445694,108,3356,1,445586
8542,전자집적회로,HR,크로아티아,2025-03-01,854239,기타,0,549,0,0,-549
8542,전자집적회로,HU,헝가리,2025-03-01,854231,프로세서와 컨트롤러[메모리ㆍ변환기ㆍ논리회로ㆍ증폭기ㆍ클록(clock)ㆍ타이밍(timing) 회로나 그 밖의 회로를 갖춘 것인지는 상관없다],889401,289,288,1,889112
8542,전자집적회로,HU,헝가리,2025-03-01,854232,메모리,1912070,487,100,1,1911583
8542,전자집적회로,HU,헝가리,2025-03-01,854233,증폭기,9840,0,0,0,9840
8542,전자집적회로,HU,헝가리,2025-03-01,854239,기타,694,189254,2,412,-188560
8542,전자집적회로,ID,인도네시아,2025-03-01,854231,프로세서와 컨트롤러[메모리ㆍ변환기ㆍ논리회로ㆍ증폭기ㆍ클록(clock)ㆍ타이밍(timing) 회로나 그 밖의 회로를 갖춘 것인지는 상관없다],11603468,2224212,5288,1601,9379256
8542,전자집적회로,ID,인도네시아,2025-03-01,854232,메모리,16299781,82,597,0,16299699
8542,전자집적회로,ID,인도네시아,2025-03-01,854233,증폭기,29341,8619,22,17,20722
8542,전자집적회로,ID,인도네시아,2025-03-01,854239,기타,3445743,3812801,2123,2623,-367058
8542,전자집적회로,ID,인도네시아,2025-03-01,854290,부분품,114318,2887,1368,9,111431
8542,전자집적회로,IE,아일랜드,2025-03-01,854231,프로세서와 컨트롤러[메모리ㆍ변환기ㆍ논리회로ㆍ증폭기ㆍ클록(clock)ㆍ타이밍(timing) 회로나 그 밖의 회로를 갖춘 것인지는 상관없다],38,379617,2,17,-379579
8542,전자집적회로,IE,아일랜드,2025-03-01,854232,메모리,2776,11897,1,0,-9121
8542,전자집적회로,IE,아일랜드,2025-03-01,854239,기타,26472,2117,11,1,24355
8542,전자집적회로,IL,이스라엘,2025-03-01,854231,프로세서와 컨트롤러[메모리ㆍ변환기ㆍ논리회로ㆍ증폭기ㆍ클록(clock)ㆍ타이밍(timing) 회로나 그 밖의 회로를 갖춘 것인지는 상관없다],1090567,498465,574,57,592102
8542,전자집적회로,IL,이스라엘,2025-03-01,854232,메모리,459675,0,34,0,459675
8542,전자집적회로,IL,이스라엘,2025-03-01,854233,증폭기,43935,8849,10,1,35086
8542,전자집적회로,IL,이스라엘,2025-03-01,854239,기타,19711,978835,73,83,-959124
8542,전자집적회로,IN,인도,2025-03-01,854231,프로세서와 컨트롤러[메모리ㆍ변환기ㆍ논리회로ㆍ증폭기ㆍ클록(clock)ㆍ타이밍(timing) 회로나 그 밖의 회로를 갖춘 것인지는 상관없다],134516051,1276,19500,4,134514775
8542,전자집적회로,IN,인도,2025-03-01,854232,메모리,67105777,44,2488,0,67105733
8542,전자집적회로,IN,인도,2025-03-01,854233,증폭기,882183,0,505,0,882183
8542,전자집적회로,IN,인도,2025-03-01,854239,기타,14103471,26305,7254,20,14077166
8542,전자집적회로,IN,인도,2025-03-01,854290,부분품,5983,0,38,0,5983
8542,전자집적회로,IT,이탈리아,2025-03-01,854231,프로세서와 컨트롤러[메모리ㆍ변환기ㆍ논리회로ㆍ증폭기ㆍ클록(clock)ㆍ타이밍(timing) 회로나 그 밖의 회로를 갖춘 것인지는 상관없다],2297988,1945600,825,156,352388
8542,전자집적회로,IT,이탈리아,2025-03-01,854232,메모리,87355,469,6,1,86886
8542,전자집적회로,IT,이탈리아,2025-03-01,854233,증폭기,72764,209,10,0,72555
8542,전자집적회로,IT,이탈리아,2025-03-01,854239,기타,73381,7832,121,18,65549
8542,전자집적회로,IT,이탈리아,2025-03-01,854290,부분품,6468,2253,13,0,4215
8542,전자집적회로,JP,일본,2025-03-01,854231,프로세서와 컨트롤러[메모리ㆍ변환기ㆍ논리회로ㆍ증폭기ㆍ클록(clock)ㆍ타이밍(timing) 회로나 그 밖의 회로를 갖춘 것인지는 상관없다],35290244,540079715,12532,8665,-504789471
8542,전자집적회로,JP,일본,2025-03-01,854232,메모리,29560270,1292866,1736,448,28267404
8542,전자집적회로,JP,일본,2025-03-01,854233,증폭기,193598,802823,147,143,-609225
8542,전자집적회로,JP,일본,2025-03-01,854239,기타,2892032,22802384,1346,25239,-19910352
8542,전자집적회로,JP,일본,2025-03-01,854290,부분품,340366,924384,3971,8325,-584018
8542,전자집적회로,LR,라이베리아,2025-03-01,854231,프로세서와 컨트롤러[메모리ㆍ변환기ㆍ논리회로ㆍ증폭기ㆍ클록(clock)ㆍ타이밍(timing) 회로나 그 밖의 회로를 갖춘 것인지는 상관없다],0,54,0,0,-54
8542,전자집적회로,LT,리투아니아,2025-03-01,854231,프로세서와 컨트롤러[메모리ㆍ변환기ㆍ논리회로ㆍ증폭기ㆍ클록(clock)ㆍ타이밍(timing) 회로나 그 밖의 회로를 갖춘 것인지는 상관없다],0,3962,0,1,-3962
8542,전자집적회로,LT,리투아니아,2025-03-01,854239,기타,0,6567,0,1,-6567
8542,전자집적회로,MA,모로코,2025-03-01,854231,프로세서와 컨트롤러[메모리ㆍ변환기ㆍ논리회로ㆍ증폭기ㆍ클록(clock)ㆍ타이밍(timing) 회로나 그 밖의 회로를 갖춘 것인지는 상관없다],0,553329,0,244,-553329
8542,전자집적회로,MA,모로코,2025-03-01,854233,증폭기,0,229829,0,205,-229829
8542,전자집적회로,MA,모로코,2025-03-01,854239,기타,0,1156085,0,2211,-1156085
8542,전자집적회로,MA,모로코,2025-03-01,854290,부분품,81516,0,1947,0,81516
8542,전자집적회로,MM,미얀마,2025-03-01,854239,기타,0,44,0,0,-44
8542,전자집적회로,MT,몰타,2025-03-01,854231,프로세서와 컨트롤러[메모리ㆍ변환기ㆍ논리회로ㆍ증폭기ㆍ클록(clock)ㆍ타이밍(timing) 회로나 그 밖의 회로를 갖춘 것인지는 상관없다],309167,18948348,204,1600,-18639181
8542,전자집적회로,MT,몰타,2025-03-01,854239,기타,7024,310990,40,94,-303966
8542,전자집적회로,MT,몰타,2025-03-01,854290,부분품,839414,0,5992,0,839414
8542,전자집적회로,MX,멕시코,2025-03-01,854231,프로세서와 컨트롤러[메모리ㆍ변환기ㆍ논리회로ㆍ증폭기ㆍ클록(clock)ㆍ타이밍(timing) 회로나 그 밖의 회로를 갖춘 것인지는 상관없다],2849732,2147600,2747,613,702132
8542,전자집적회로,MX,멕시코,2025-03-01,854232,메모리,4940387,4014,510,2,4936373
8542,전자집적회로,MX,멕시코,2025-03-01,854233,증폭기,60931,2043200,8,668,-1982269
8542,전자집적회로,MX,멕시코,2025-03-01,854239,기타,9177182,1338573,3440,1200,7838609
8542,전자집적회로,MY,말레이시아,2025-03-01,854231,프로세서와 컨트롤러[메모리ㆍ변환기ㆍ논리회로ㆍ증폭기ㆍ클록(clock)ㆍ타이밍(timing) 회로나 그 밖의 회로를 갖춘 것인지는 상관없다],93919563,88066620,28842,16210,5852943
8542,전자집적회로,MY,말레이시아,2025-03-01,854232,메모리,301333153,8118142,3527,537,293215011
8542,전자집적회로,MY,말레이시아,2025-03-01,854233,증폭기,131250,1573314,18,1744,-1442064
8542,전자집적회로,MY,말레이시아,2025-03-01,854239,기타,16318781,61434666,18143,23511,-45115885
8542,전자집적회로,MY,말레이시아,2025-03-01,854290,부분품,5060187,18438,78154,138,5041749
8542,전자집적회로,NA,나미비아,2025-03-01,854231,프로세서와 컨트롤러[메모리ㆍ변환기ㆍ논리회로ㆍ증폭기ㆍ클록(clock)ㆍ타이밍(timing) 회로나 그 밖의 회로를 갖춘 것인지는 상관없다],0,4026,0,1,-4026
8542,전자집적회로,NA,나미비아,2025-03-01,854232,메모리,0,377,0,0,-377
8542,전자집적회로,NG,나이지리아,2025-03-01,854231,프로세서와 컨트롤러[메모리ㆍ변환기ㆍ논리회로ㆍ증폭기ㆍ클록(clock)ㆍ타이밍(timing) 회로나 그 밖의 회로를 갖춘 것인지는 상관없다],65987,0,25,0,65987
8542,전자집적회로,NL,네덜란드,2025-03-01,854231,프로세서와 컨트롤러[메모리ㆍ변환기ㆍ논리회로ㆍ증폭기ㆍ클록(clock)ㆍ타이밍(timing) 회로나 그 밖의 회로를 갖춘 것인지는 상관없다],2917736,63593,1306,46,2854143
8542,전자집적회로,NL,네덜란드,2025-03-01,854232,메모리,4756076,107,294,2,4755969
8542,전자집적회로,NL,네덜란드,2025-03-01,854233,증폭기,6876,122444,2,1,-115568
8542,전자집적회로,NL,네덜란드,2025-03-01,854239,기타,72251,11361,126,21,60890
8542,전자집적회로,NL,네덜란드,2025-03-01,854290,부분품,9128,0,38,0,9128
8542,전자집적회로,NO,노르웨이,2025-03-01,854231,프로세서와 컨트롤러[메모리ㆍ변환기ㆍ논리회로ㆍ증폭기ㆍ클록(clock)ㆍ타이밍(timing) 회로나 그 밖의 회로를 갖춘 것인지는 상관없다],0,46,0,0,-46
8542,전자집적회로,NO,노르웨이,2025-03-01,854233,증폭기,0,15807,0,70,-15807
8542,전자집적회로,NO,노르웨이,2025-03-01,854239,기타,79,6627,1,0,-6548
8542,전자집적회로,NZ,뉴질랜드,2025-03-01,854239,기타,0,6579,0,2,-6579
8542,전자집적회로,OM,오만,2025-03-01,854239,기타,7751,0,3,0,7751
8542,전자집적회로,PH,필리핀,2025-03-01,854231,프로세서와 컨트롤러[메모리ㆍ변환기ㆍ논리회로ㆍ증폭기ㆍ클록(clock)ㆍ타이밍(timing) 회로나 그 밖의 회로를 갖춘 것인지는 상관없다],55499486,22420406,32426,9145,33079080
8542,전자집적회로,PH,필리핀,2025-03-01,854232,메모리,66568872,53125083,2705,2040,13443789
8542,전자집적회로,PH,필리핀,2025-03-01,854233,증폭기,2971,281907,1,407,-278936
8542,전자집적회로,PH,필리핀,2025-03-01,854239,기타,9462842,25494266,10025,12120,-16031424
8542,전자집적회로,PH,필리핀,2025-03-01,854290,부분품,3126937,55074,40178,248,3071863
8542,전자집적회로,PL,폴란드,2025-03-01,854231,프로세서와 컨트롤러[메모리ㆍ변환기ㆍ논리회로ㆍ증폭기ㆍ클록(clock)ㆍ타이밍(timing) 회로나 그 밖의 회로를 갖춘 것인지는 상관없다],29645161,273,16193,1,29644888
8542,전자집적회로,PL,폴란드,2025-03-01,854232,메모리,3566380,199,537,0,3566181
8542,전자집적회로,PL,폴란드,2025-03-01,854233,증폭기,775354,0,690,0,775354
8542,전자집적회로,PL,폴란드,2025-03-01,854239,기타,6673743,1758,4120,6,6671985
8542,전자집적회로,PT,포루투갈,2025-03-01,854231,프로세서와 컨트롤러[메모리ㆍ변환기ㆍ논리회로ㆍ증폭기ㆍ클록(clock)ㆍ타이밍(timing) 회로나 그 밖의 회로를 갖춘 것인지는 상관없다],8014605,395199,3266,5,7619406
8542,전자집적회로,PT,포루투갈,2025-03-01,854232,메모리,6631946,0,226,0,6631946
8542,전자집적회로,PT,포루투갈,2025-03-01,854239,기타,0,441924,0,13,-441924
8542,전자집적회로,RO,루마니아,2025-03-01,854231,프로세서와 컨트롤러[메모리ㆍ변환기ㆍ논리회로ㆍ증폭기ㆍ클록(clock)ㆍ타이밍(timing) 회로나 그 밖의 회로를 갖춘 것인지는 상관없다],71195,0,245,0,71195
8542,전자집적회로,RO,루마니아,2025-03-01,854232,메모리,2019,0,1,0,2019
8542,전자집적회로,RO,루마니아,2025-03-01,854239,기타,50975,3848,36,0,47127
8542,전자집적회로,RS,세르비아,2025-03-01,854231,프로세서와 컨트롤러[메모리ㆍ변환기ㆍ논리회로ㆍ증폭기ㆍ클록(clock)ㆍ타이밍(timing) 회로나 그 밖의 회로를 갖춘 것인지는 상관없다],543585,0,15,0,543585
8542,전자집적회로,RS,세르비아,2025-03-01,854239,기타,234790,377,66,0,234413
8542,전자집적회로,SE,스웨덴,2025-03-01,854231,프로세서와 컨트롤러[메모리ㆍ변환기ㆍ논리회로ㆍ증폭기ㆍ클록(clock)ㆍ타이밍(timing) 회로나 그 밖의 회로를 갖춘 것인지는 상관없다],1761703,1287,777,1,1760416
8542,전자집적회로,SE,스웨덴,2025-03-01,854232,메모리,832,6,0,0,826
8542,전자집적회로,SE,스웨덴,2025-03-01,854233,증폭기,5070,0,1,0,5070
8542,전자집적회로,SE,스웨덴,2025-03-01,854239,기타,159531,0,341,0,159531
8542,전자집적회로,SG,싱가포르,2025-03-01,854231,프로세서와 컨트롤러[메모리ㆍ변환기ㆍ논리회로ㆍ증폭기ㆍ클록(clock)ㆍ타이밍(timing) 회로나 그 밖의 회로를 갖춘 것인지는 상관없다],227852350,181787886,56509,10556,46064464
8542,전자집적회로,SG,싱가포르,2025-03-01,854232,메모리,84477280,51519493,6289,1579,32957787
8542,전자집적회로,SG,싱가포르,2025-03-01,854233,증폭기,38224,5945224,114,393,-5907000
8542,전자집적회로,SG,싱가포르,2025-03-01,854239,기타,8438249,17039356,42730,4430,-8601107
8542,전자집적회로,SG,싱가포르,2025-03-01,854290,부분품,254644,83687,4965,909,170957
8542,전자집적회로,SI,슬로베니아,2025-03-01,854231,프로세서와 컨트롤러[메모리ㆍ변환기ㆍ논리회로ㆍ증폭기ㆍ클록(clock)ㆍ타이밍(timing) 회로나 그 밖의 회로를 갖춘 것인지는 상관없다],0,288,0,0,-288
8542,전자집적회로,SI,슬로베니아,2025-03-01,854239,기타,0,7345,0,5,-7345
8542,전자집적회로,SK,슬로바키아,2025-03-01,854231,프로세서와 컨트롤러[메모리ㆍ변환기ㆍ논리회로ㆍ증폭기ㆍ클록(clock)ㆍ타이밍(timing) 회로나 그 밖의 회로를 갖춘 것인지는 상관없다],20396,0,8,0,20396
8542,전자집적회로,SK,슬로바키아,2025-03-01,854232,메모리,185708,43,14,0,185665
8542,전자집적회로,SK,슬로바키아,2025-03-01,854239,기타,118651,83,27,0,118568
8542,전자집적회로,SV,엘살바도르,2025-03-01,854239,기타,0,13613,0,6,-13613
8542,전자집적회로,TH,태국,2025-03-01,854231,프로세서와 컨트롤러[메모리ㆍ변환기ㆍ논리회로ㆍ증폭기ㆍ클록(clock)ㆍ타이밍(timing) 회로나 그 밖의 회로를 갖춘 것인지는 상관없다],23488448,18050629,35708,11155,5437819
8542,전자집적회로,TH,태국,2025-03-01,854232,메모리,18156076,3669521,1591,752,14486555
8542,전자집적회로,TH,태국,2025-03-01,854233,증폭기,11623,1024827,14,275,-1013204
8542,전자집적회로,TH,태국,2025-03-01,854239,기타,17584177,30942720,11864,12493,-13358543
8542,전자집적회로,TH,태국,2025-03-01,854290,부분품,3822965,14171,46093,99,3808794
8542,전자집적회로,TN,튀니지,2025-03-01,854232,메모리,0,79,0,0,-79
8542,전자집적회로,TR,튀르키예,2025-03-01,854231,프로세서와 컨트롤러[메모리ㆍ변환기ㆍ논리회로ㆍ증폭기ㆍ클록(clock)ㆍ타이밍(timing) 회로나 그 밖의 회로를 갖춘 것인지는 상관없다],1949421,0,111,0,1949421
8542,전자집적회로,TR,튀르키예,2025-03-01,854232,메모리,6874494,0,268,0,6874494
8542,전자집적회로,TR,튀르키예,2025-03-01,854233,증폭기,366158,0,115,0,366158
8542,전자집적회로,TR,튀르키예,2025-03-01,854239,기타,2202966,1736,436,4,2201230
8542,전자집적회로,TW,대만,2025-03-01,854231,프로세서와 컨트롤러[메모리ㆍ변환기ㆍ논리회로ㆍ증폭기ㆍ클록(clock)ㆍ타이밍(timing) 회로나 그 밖의 회로를 갖춘 것인지는 상관없다],305258643,1697804674,99037,98345,-1392546031
8542,전자집적회로,TW,대만,2025-03-01,854232,메모리,2005956959,297923559,40723,11288,1708033400
8542,전자집적회로,TW,대만,2025-03-01,854233,증폭기,148927,3584199,37,674,-3435272
8542,전자집적회로,TW,대만,2025-03-01,854239,기타,309206239,290034112,20376,43747,19172127
8542,전자집적회로,TW,대만,2025-03-01,854290,부분품,5138016,647434,62602,2957,4490582
8542,전자집적회로,UA,우크라이나,2025-03-01,854231,프로세서와 컨트롤러[메모리ㆍ변환기ㆍ논리회로ㆍ증폭기ㆍ클록(clock)ㆍ타이밍(timing) 회로나 그 밖의 회로를 갖춘 것인지는 상관없다],0,100,0,0,-100
8542,전자집적회로,US,미국,2025-03-01,854231,프로세서와 컨트롤러[메모리ㆍ변환기ㆍ논리회로ㆍ증폭기ㆍ클록(clock)ㆍ타이밍(timing) 회로나 그 밖의 회로를 갖춘 것인지는 상관없다],41495738,155715590,9526,9008,-114219852
8542,전자집적회로,US,미국,2025-03-01,854232,메모리,22813483,1244238,2136,316,21569245
8542,전자집적회로,US,미국,2025-03-01,854233,증폭기,150877,1191082,76,81,-1040205
8542,전자집적회로,US,미국,2025-03-01,854239,기타,4867250,45133456,5887,3568,-40266206
8542,전자집적회로,US,미국,2025-03-01,854290,부분품,116465,299383,259,108,-182918
8542,전자집적회로,UZ,우즈베키스탄,2025-03-01,854231,프로세서와 컨트롤러[메모리ㆍ변환기ㆍ논리회로ㆍ증폭기ㆍ클록(clock)ㆍ타이밍(timing) 회로나 그 밖의 회로를 갖춘 것인지는 상관없다],16026,0,54,0,16026
8542,전자집적회로,VN,베트남,2025-03-01,854231,프로세서와 컨트롤러[메모리ㆍ변환기ㆍ논리회로ㆍ증폭기ㆍ클록(clock)ㆍ타이밍(timing) 회로나 그 밖의 회로를 갖춘 것인지는 상관없다],764926507,4457917,81118,5231,760468590
8542,전자집적회로,VN,베트남,2025-03-01,854232,메모리,806098501,21991287,55571,2004,784107214
8542,전자집적회로,VN,베트남,2025-03-01,854233,증폭기,7466726,1350629,3489,168,6116097
8542,전자집적회로,VN,베트남,2025-03-01,854239,기타,213442440,1039629,56532,1143,212402811
8542,전자집적회로,VN,베트남,2025-03-01,854290,부분품,724130,0,1377,0,724130
8542,전자집적회로,ZA,남아프리카공화국,2025-03-01,854231,프로세서와 컨트롤러[메모리ㆍ변환기ㆍ논리회로ㆍ증폭기ㆍ클록(clock)ㆍ타이밍(timing) 회로나 그 밖의 회로를 갖춘 것인지는 상관없다],214609,0,61,0,214609
8542,전자집적회로,ZA,남아프리카공화국,2025-03-01,854232,메모리,133413,0,13,0,133413
8542,전자집적회로,ZA,남아프리카공화국,2025-03-01,854239,기타,11240,731433,16,184,-720193
8542,전자집적회로,AE,아랍에미리트 연합,2025-04-01,854231,프로세서와 컨트롤러[메모리ㆍ변환기ㆍ논리회로ㆍ증폭기ㆍ클록(clock)ㆍ타이밍(timing) 회로나 그 밖의 회로를 갖춘 것인지는 상관없다],333411,2880,105,1,330531
8542,전자집적회로,AE,아랍에미리트 연합,2025-04-01,854232,메모리,1840,9430,13,10,-7590
8542,전자집적회로,AE,아랍에미리트 연합,2025-04-01,854239,기타,3248999,0,228,0,3248999
8542,전자집적회로,AR,아르헨티나,2025-04-01,854231,프로세서와 컨트롤러[메모리ㆍ변환기ㆍ논리회로ㆍ증폭기ㆍ클록(clock)ㆍ타이밍(timing) 회로나 그 밖의 회로를 갖춘 것인지는 상관없다],138404,0,719,0,138404
8542,전자집적회로,AR,아르헨티나,2025-04-01,854232,메모리,78577,0,193,0,78577
8542,전자집적회로,AR,아르헨티나,2025-04-01,854239,기타,612917,0,520,0,612917
8542,전자집적회로,AT,오스트리아,2025-04-01,854231,프로세서와 컨트롤러[메모리ㆍ변환기ㆍ논리회로ㆍ증폭기ㆍ클록(clock)ㆍ타이밍(timing) 회로나 그 밖의 회로를 갖춘 것인지는 상관없다],5360468,50572,2273,49,5309896
8542,전자집적회로,AT,오스트리아,2025-04-01,854232,메모리,3081603,0,282,0,3081603
8542,전자집적회로,AT,오스트리아,2025-04-01,854233,증폭기,8078,0,11,0,8078
8542,전자집적회로,AT,오스트리아,2025-04-01,854239,기타,286210,635909,361,128,-349699
8542,전자집적회로,AT,오스트리아,2025-04-01,854290,부분품,0,249,0,2,-249
8542,전자집적회로,AU,호주,2025-04-01,854231,프로세서와 컨트롤러[메모리ㆍ변환기ㆍ논리회로ㆍ증폭기ㆍ클록(clock)ㆍ타이밍(timing) 회로나 그 밖의 회로를 갖춘 것인지는 상관없다],250004,11591,27,6,238413
8542,전자집적회로,AU,호주,2025-04-01,854232,메모리,3979,340,44,4,3639
8542,전자집적회로,AU,호주,2025-04-01,854233,증폭기,925995,2322,418,1,923673
8542,전자집적회로,AU,호주,2025-04-01,854239,기타,1646,6685,4,3,-5039
8542,전자집적회로,AU,호주,2025-04-01,854290,부분품,0,573,0,1,-573
8542,전자집적회로,BD,방글라데시,2025-04-01,854231,프로세서와 컨트롤러[메모리ㆍ변환기ㆍ논리회로ㆍ증폭기ㆍ클록(clock)ㆍ타이밍(timing) 회로나 그 밖의 회로를 갖춘 것인지는 상관없다],8788,0,68,0,8788
8542,전자집적회로,BE,벨기에,2025-04-01,854231,프로세서와 컨트롤러[메모리ㆍ변환기ㆍ논리회로ㆍ증폭기ㆍ클록(clock)ㆍ타이밍(timing) 회로나 그 밖의 회로를 갖춘 것인지는 상관없다],402704,539,59,1,402165
8542,전자집적회로,BE,벨기에,2025-04-01,854239,기타,41808,127295,42,39,-85487
8542,전자집적회로,BG,불가리아,2025-04-01,854239,기타,366280,4925,31,7,361355
8542,전자집적회로,BR,브라질,2025-04-01,854231,프로세서와 컨트롤러[메모리ㆍ변환기ㆍ논리회로ㆍ증폭기ㆍ클록(clock)ㆍ타이밍(timing) 회로나 그 밖의 회로를 갖춘 것인지는 상관없다],33700367,7498,4763,3,33692869
8542,전자집적회로,BR,브라질,2025-04-01,854232,메모리,40005051,3945,2058,12,40001106
8542,전자집적회로,BR,브라질,2025-04-01,854233,증폭기,209415,0,619,0,209415
8542,전자집적회로,BR,브라질,2025-04-01,854239,기타,2860295,5275,682,3,2855020
8542,전자집적회로,BY,벨라루스,2025-04-01,854239,기타,0,93014,0,30,-93014
8542,전자집적회로,CA,캐나다,2025-04-01,854231,프로세서와 컨트롤러[메모리ㆍ변환기ㆍ논리회로ㆍ증폭기ㆍ클록(clock)ㆍ타이밍(timing) 회로나 그 밖의 회로를 갖춘 것인지는 상관없다],9199,773821,55,89,-764622
8542,전자집적회로,CA,캐나다,2025-04-01,854232,메모리,852375,0,55,0,852375
8542,전자집적회로,CA,캐나다,2025-04-01,854233,증폭기,15130,0,3,0,15130
8542,전자집적회로,CA,캐나다,2025-04-01,854239,기타,5170200,432974,265,46,4737226
8542,전자집적회로,CA,캐나다,2025-04-01,854290,부분품,10252,0,180,0,10252
8542,전자집적회로,CH,스위스,2025-04-01,854231,프로세서와 컨트롤러[메모리ㆍ변환기ㆍ논리회로ㆍ증폭기ㆍ클록(clock)ㆍ타이밍(timing) 회로나 그 밖의 회로를 갖춘 것인지는 상관없다],231553,39671,107,47,191882
8542,전자집적회로,CH,스위스,2025-04-01,854232,메모리,2730,184,20,0,2546
8542,전자집적회로,CH,스위스,2025-04-01,854239,기타,0,886660,0,135,-886660
8542,전자집적회로,CH,스위스,2025-04-01,854290,부분품,0,4440,0,46,-4440
8542,전자집적회로,CL,칠레,2025-04-01,854232,메모리,5495,0,6,0,5495
8542,전자집적회로,CN,중국,2025-04-01,854231,프로세서와 컨트롤러[메모리ㆍ변환기ㆍ논리회로ㆍ증폭기ㆍ클록(clock)ㆍ타이밍(timing) 회로나 그 밖의 회로를 갖춘 것인지는 상관없다],798318370,163980557,121291,79123,634337813
8542,전자집적회로,CN,중국,2025-04-01,854232,메모리,2245427334,1155305276,99288,59215,1090122058
8542,전자집적회로,CN,중국,2025-04-01,854233,증폭기,948630,7989316,617,1803,-7040686
8542,전자집적회로,CN,중국,2025-04-01,854239,기타,219318825,130869612,47746,116633,88449213
8542,전자집적회로,CN,중국,2025-04-01,854290,부분품,10006821,1220148,113259,18832,8786673
8542,전자집적회로,CO,콜롬비아,2025-04-01,854232,메모리,958,0,8,0,958
8542,전자집적회로,CR,코스타리카,2025-04-01,854231,프로세서와 컨트롤러[메모리ㆍ변환기ㆍ논리회로ㆍ증폭기ㆍ클록(clock)ㆍ타이밍(timing) 회로나 그 밖의 회로를 갖춘 것인지는 상관없다],66097,994789,12,488,-928692
8542,전자집적회로,CR,코스타리카,2025-04-01,854232,메모리,1097,0,1,0,1097
8542,전자집적회로,CR,코스타리카,2025-04-01,854239,기타,0,65812,0,12,-65812
8542,전자집적회로,CZ,체코공화국,2025-04-01,854231,프로세서와 컨트롤러[메모리ㆍ변환기ㆍ논리회로ㆍ증폭기ㆍ클록(clock)ㆍ타이밍(timing) 회로나 그 밖의 회로를 갖춘 것인지는 상관없다],4573090,3363,1028,8,4569727
8542,전자집적회로,CZ,체코공화국,2025-04-01,854232,메모리,3128291,0,209,0,3128291
8542,전자집적회로,CZ,체코공화국,2025-04-01,854233,증폭기,486805,0,60,0,486805
8542,전자집적회로,CZ,체코공화국,2025-04-01,854239,기타,610796,342450,185,203,268346
8542,전자집적회로,DE,독일,2025-04-01,854231,프로세서와 컨트롤러[메모리ㆍ변환기ㆍ논리회로ㆍ증폭기ㆍ클록(clock)ㆍ타이밍(timing) 회로나 그 밖의 회로를 갖춘 것인지는 상관없다],1003099,32609995,459,2846,-31606896
8542,전자집적회로,DE,독일,2025-04-01,854232,메모리,12872812,877,996,2,12871935
8542,전자집적회로,DE,독일,2025-04-01,854233,증폭기,282271,35045,92,14,247226
8542,전자집적회로,DE,독일,2025-04-01,854239,기타,8519576,8731528,14366,1443,-211952
8542,전자집적회로,DE,독일,2025-04-01,854290,부분품,43334,61521,183,93,-18187
8542,전자집적회로,DK,덴마크,2025-04-01,854231,프로세서와 컨트롤러[메모리ㆍ변환기ㆍ논리회로ㆍ증폭기ㆍ클록(clock)ㆍ타이밍(timing) 회로나 그 밖의 회로를 갖춘 것인지는 상관없다],311088,202,107,0,310886
8542,전자집적회로,DK,덴마크,2025-04-01,854232,메모리,0,6038,0,6,-6038
8542,전자집적회로,DK,덴마크,2025-04-01,854239,기타,37528,12000,119,2,25528
8542,전자집적회로,DK,덴마크,2025-04-01,854290,부분품,0,28747,0,30,-28747
8542,전자집적회로,EC,에쿠아도르,2025-04-01,854232,메모리,270,0,2,0,270
8542,전자집적회로,EE,에스토니아,2025-04-01,854231,프로세서와 컨트롤러[메모리ㆍ변환기ㆍ논리회로ㆍ증폭기ㆍ클록(clock)ㆍ타이밍(timing) 회로나 그 밖의 회로를 갖춘 것인지는 상관없다],21694,0,37,0,21694
8542,전자집적회로,EE,에스토니아,2025-04-01,854232,메모리,704,0,0,0,704
8542,전자집적회로,EG,이집트,2025-04-01,854231,프로세서와 컨트롤러[메모리ㆍ변환기ㆍ논리회로ㆍ증폭기ㆍ클록(clock)ㆍ타이밍(timing) 회로나 그 밖의 회로를 갖춘 것인지는 상관없다],1973808,0,830,0,1973808
8542,전자집적회로,EG,이집트,2025-04-01,854232,메모리,2795977,0,221,0,2795977
8542,전자집적회로,EG,이집트,2025-04-01,854233,증폭기,21080,0,11,0,21080
8542,전자집적회로,EG,이집트,2025-04-01,854239,기타,448908,0,147,0,448908
8542,전자집적회로,ES,스페인,2025-04-01,854231,프로세서와 컨트롤러[메모리ㆍ변환기ㆍ논리회로ㆍ증폭기ㆍ클록(clock)ㆍ타이밍(timing) 회로나 그 밖의 회로를 갖춘 것인지는 상관없다],0,16770,0,8,-16770
8542,전자집적회로,ES,스페인,2025-04-01,854232,메모리,210485,0,61,0,210485
8542,전자집적회로,ES,스페인,2025-04-01,854239,기타,3203,41106,8,60,-37903
8542,전자집적회로,FI,핀란드,2025-04-01,854231,프로세서와 컨트롤러[메모리ㆍ변환기ㆍ논리회로ㆍ증폭기ㆍ클록(clock)ㆍ타이밍(timing) 회로나 그 밖의 회로를 갖춘 것인지는 상관없다],59986,0,19,0,59986
8542,전자집적회로,FI,핀란드,2025-04-01,854239,기타,15940,0,8,0,15940
8542,전자집적회로,FI,핀란드,2025-04-01,854290,부분품,219524,0,903,0,219524
8542,전자집적회로,FR,프랑스,2025-04-01,854231,프로세서와 컨트롤러[메모리ㆍ변환기ㆍ논리회로ㆍ증폭기ㆍ클록(clock)ㆍ타이밍(timing) 회로나 그 밖의 회로를 갖춘 것인지는 상관없다],11464107,18897476,1337,1237,-7433369
8542,전자집적회로,FR,프랑스,2025-04-01,854232,메모리,522014,85811,73,22,436203
8542,전자집적회로,FR,프랑스,2025-04-01,854233,증폭기,12000,282500,10,4,-270500
8542,전자집적회로,FR,프랑스,2025-04-01,854239,기타,68020,716202,46,65,-648182
8542,전자집적회로,FR,프랑스,2025-04-01,854290,부분품,110922,5355,418,1,105567
8542,전자집적회로,GB,영국,2025-04-01,854231,프로세서와 컨트롤러[메모리ㆍ변환기ㆍ논리회로ㆍ증폭기ㆍ클록(clock)ㆍ타이밍(timing) 회로나 그 밖의 회로를 갖춘 것인지는 상관없다],58485,140594,49,299,-82109
8542,전자집적회로,GB,영국,2025-04-01,854232,메모리,295892,1472,44,1,294420
8542,전자집적회로,GB,영국,2025-04-01,854233,증폭기,460,384,0,2,76
8542,전자집적회로,GB,영국,2025-04-01,854239,기타,21694,290396,36,203,-268702
8542,전자집적회로,GH,가나,2025-04-01,854239,기타,40462,0,94,0,40462
8542,전자집적회로,GH,가나,2025-04-01,854290,부분품,787,0,6,0,787
8542,전자집적회로,GR,그리스,2025-04-01,854232,메모리,1755,0,5,0,1755
8542,전자집적회로,GT,과테말라,2025-04-01,854232,메모리,510,0,4,0,510
8542,전자집적회로,HK,홍콩,2025-04-01,854231,프로세서와 컨트롤러[메모리ㆍ변환기ㆍ논리회로ㆍ증폭기ㆍ클록(clock)ㆍ타이밍(timing) 회로나 그 밖의 회로를 갖춘 것인지는 상관없다],178425518,60865129,74926,6669,117560389
8542,전자집적회로,HK,홍콩,2025-04-01,854232,메모리,908792547,19593858,85073,2987,889198689
8542,전자집적회로,HK,홍콩,2025-04-01,854233,증폭기,852432,4420,970,16,848012
8542,전자집적회로,HK,홍콩,2025-04-01,854239,기타,150280681,12110791,45104,5531,138169890
8542,전자집적회로,HK,홍콩,2025-04-01,854290,부분품,723174,13460,2654,16,709714
8542,전자집적회로,HN,온두라스,2025-04-01,854239,기타,0,778,0,1,-778
8542,전자집적회로,HR,크로아티아,2025-04-01,854231,프로세서와 컨트롤러[메모리ㆍ변환기ㆍ논리회로ㆍ증폭기ㆍ클록(clock)ㆍ타이밍(timing) 회로나 그 밖의 회로를 갖춘 것인지는 상관없다],24960,0,12,0,24960
8542,전자집적회로,HT,아이티,2025-04-01,854239,기타,0,15,0,0,-15
8542,전자집적회로,HU,헝가리,2025-04-01,854231,프로세서와 컨트롤러[메모리ㆍ변환기ㆍ논리회로ㆍ증폭기ㆍ클록(clock)ㆍ타이밍(timing) 회로나 그 밖의 회로를 갖춘 것인지는 상관없다],468085,2314,151,2,465771
8542,전자집적회로,HU,헝가리,2025-04-01,854232,메모리,2939152,0,188,0,2939152
8542,전자집적회로,HU,헝가리,2025-04-01,854233,증폭기,35400,0,1,0,35400
8542,전자집적회로,HU,헝가리,2025-04-01,854239,기타,0,105686,0,226,-105686
8542,전자집적회로,ID,인도네시아,2025-04-01,854231,프로세서와 컨트롤러[메모리ㆍ변환기ㆍ논리회로ㆍ증폭기ㆍ클록(clock)ㆍ타이밍(timing) 회로나 그 밖의 회로를 갖춘 것인지는 상관없다],20481707,1786394,7477,1382,18695313
8542,전자집적회로,ID,인도네시아,2025-04-01,854232,메모리,22259480,201,1503,0,22259279
8542,전자집적회로,ID,인도네시아,2025-04-01,854233,증폭기,99484,0,60,0,99484
8542,전자집적회로,ID,인도네시아,2025-04-01,854239,기타,4760994,13116735,2817,8522,-8355741
8542,전자집적회로,ID,인도네시아,2025-04-01,854290,부분품,7168,1008,107,6,6160
8542,전자집적회로,IE,아일랜드,2025-04-01,854231,프로세서와 컨트롤러[메모리ㆍ변환기ㆍ논리회로ㆍ증폭기ㆍ클록(clock)ㆍ타이밍(timing) 회로나 그 밖의 회로를 갖춘 것인지는 상관없다],11530,337413,17,24,-325883
8542,전자집적회로,IE,아일랜드,2025-04-01,854232,메모리,0,12475,0,1,-12475
8542,전자집적회로,IE,아일랜드,2025-04-01,854239,기타,403,256,7,0,147
8542,전자집적회로,IL,이스라엘,2025-04-01,854231,프로세서와 컨트롤러[메모리ㆍ변환기ㆍ논리회로ㆍ증폭기ㆍ클록(clock)ㆍ타이밍(timing) 회로나 그 밖의 회로를 갖춘 것인지는 상관없다],752833,21248,640,9,731585
8542,전자집적회로,IL,이스라엘,2025-04-01,854232,메모리,47086,317,15,0,46769
8542,전자집적회로,IL,이스라엘,2025-04-01,854233,증폭기,41476,9115,11,2,32361
8542,전자집적회로,IL,이스라엘,2025-04-01,854239,기타,46125,9569374,123,493,-9523249
8542,전자집적회로,IL,이스라엘,2025-04-01,854290,부분품,258,0,3,0,258
8542,전자집적회로,IN,인도,2025-04-01,854231,프로세서와 컨트롤러[메모리ㆍ변환기ㆍ논리회로ㆍ증폭기ㆍ클록(clock)ㆍ타이밍(timing) 회로나 그 밖의 회로를 갖춘 것인지는 상관없다],158332455,401,20351,9,158332054
8542,전자집적회로,IN,인도,2025-04-01,854232,메모리,95020641,288,6304,2,95020353
8542,전자집적회로,IN,인도,2025-04-01,854233,증폭기,662522,11236,398,52,651286
8542,전자집적회로,IN,인도,2025-04-01,854239,기타,21570953,219493,6959,15,21351460
8542,전자집적회로,IN,인도,2025-04-01,854290,부분품,3202,0,2,0,3202
8542,전자집적회로,IT,이탈리아,2025-04-01,854231,프로세서와 컨트롤러[메모리ㆍ변환기ㆍ논리회로ㆍ증폭기ㆍ클록(clock)ㆍ타이밍(timing) 회로나 그 밖의 회로를 갖춘 것인지는 상관없다],4884303,7777759,891,465,-2893456
8542,전자집적회로,IT,이탈리아,2025-04-01,854232,메모리,747117,13,97,0,747104
8542,전자집적회로,IT,이탈리아,2025-04-01,854233,증폭기,18190,0,2,0,18190
8542,전자집적회로,IT,이탈리아,2025-04-01,854239,기타,73359,41571,128,41,31788
8542,전자집적회로,IT,이탈리아,2025-04-01,854290,부분품,520,7604,4,9,-7084
8542,전자집적회로,JO,요르단,2025-04-01,854232,메모리,254,0,2,0,254
8542,전자집적회로,JP,일본,2025-04-01,854231,프로세서와 컨트롤러[메모리ㆍ변환기ㆍ논리회로ㆍ증폭기ㆍ클록(clock)ㆍ타이밍(timing) 회로나 그 밖의 회로를 갖춘 것인지는 상관없다],25674866,546780301,7307,8765,-521105435
8542,전자집적회로,JP,일본,2025-04-01,854232,메모리,38943339,3842298,2331,738,35101041
8542,전자집적회로,JP,일본,2025-04-01,854233,증폭기,88786,580269,114,156,-491483
8542,전자집적회로,JP,일본,2025-04-01,854239,기타,1944704,15852041,1518,22159,-13907337
8542,전자집적회로,JP,일본,2025-04-01,854290,부분품,131381,924715,514,11757,-793334
8542,전자집적회로,KE,케냐,2025-04-01,854232,메모리,960,0,1,0,960
8542,전자집적회로,KZ,카자흐스탄,2025-04-01,854232,메모리,1987,0,15,0,1987
8542,전자집적회로,LT,리투아니아,2025-04-01,854231,프로세서와 컨트롤러[메모리ㆍ변환기ㆍ논리회로ㆍ증폭기ㆍ클록(clock)ㆍ타이밍(timing) 회로나 그 밖의 회로를 갖춘 것인지는 상관없다],3804,17471,1,8,-13667
8542,전자집적회로,LT,리투아니아,2025-04-01,854239,기타,0,245,0,0,-245
8542,전자집적회로,LV,라트비아,2025-04-01,854231,프로세서와 컨트롤러[메모리ㆍ변환기ㆍ논리회로ㆍ증폭기ㆍ클록(clock)ㆍ타이밍(timing) 회로나 그 밖의 회로를 갖춘 것인지는 상관없다],0,734,0,0,-734
8542,전자집적회로,LV,라트비아,2025-04-01,854232,메모리,986,0,4,0,986
8542,전자집적회로,MA,모로코,2025-04-01,854231,프로세서와 컨트롤러[메모리ㆍ변환기ㆍ논리회로ㆍ증폭기ㆍ클록(clock)ㆍ타이밍(timing) 회로나 그 밖의 회로를 갖춘 것인지는 상관없다],0,431162,0,255,-431162
8542,전자집적회로,MA,모로코,2025-04-01,854232,메모리,3420,0,5,0,3420
8542,전자집적회로,MA,모로코,2025-04-01,854233,증폭기,0,215939,0,125,-215939
8542,전자집적회로,MA,모로코,2025-04-01,854239,기타,0,1827883,0,2376,-1827883
8542,전자집적회로,MA,모로코,2025-04-01,854290,부분품,82155,0,1471,0,82155
8542,전자집적회로,MO,마카오,2025-04-01,854239,기타,0,56,0,0,-56
8542,전자집적회로,MT,몰타,2025-04-01,854231,프로세서와 컨트롤러[메모리ㆍ변환기ㆍ논리회로ㆍ증폭기ㆍ클록(clock)ㆍ타이밍(timing) 회로나 그 밖의 회로를 갖춘 것인지는 상관없다],2386568,6364923,1556,782,-3978355
8542,전자집적회로,MT,몰타,2025-04-01,854239,기타,37480,178852,184,34,-141372
8542,전자집적회로,MT,몰타,2025-04-01,854290,부분품,202718,0,1859,0,202718
8542,전자집적회로,MX,멕시코,2025-04-01,854231,프로세서와 컨트롤러[메모리ㆍ변환기ㆍ논리회로ㆍ증폭기ㆍ클록(clock)ㆍ타이밍(timing) 회로나 그 밖의 회로를 갖춘 것인지는 상관없다],4568170,2663155,3836,620,1905015
8542,전자집적회로,MX,멕시코,2025-04-01,854232,메모리,10835647,35455,1085,49,10800192
8542,전자집적회로,MX,멕시코,2025-04-01,854233,증폭기,189634,1402688,36,500,-1213054
8542,전자집적회로,MX,멕시코,2025-04-01,854239,기타,10233548,1369947,4574,1903,8863601
8542,전자집적회로,MX,멕시코,2025-04-01,854290,부분품,0,4436,0,8,-4436
8542,전자집적회로,MY,말레이시아,2025-04-01,854231,프로세서와 컨트롤러[메모리ㆍ변환기ㆍ논리회로ㆍ증폭기ㆍ클록(clock)ㆍ타이밍(timing) 회로나 그 밖의 회로를 갖춘 것인지는 상관없다],95159897,72429474,26231,17694,22730423
8542,전자집적회로,MY,말레이시아,2025-04-01,854232,메모리,71721062,375655,2274,120,71345407
8542,전자집적회로,MY,말레이시아,2025-04-01,854233,증폭기,9661,1921488,5,1297,-1911827
8542,전자집적회로,MY,말레이시아,2025-04-01,854239,기타,19838505,67855854,19669,26242,-48017349
8542,전자집적회로,MY,말레이시아,2025-04-01,854290,부분품,4894098,94229,73042,494,4799869
8542,전자집적회로,NA,나미비아,2025-04-01,854231,프로세서와 컨트롤러[메모리ㆍ변환기ㆍ논리회로ㆍ증폭기ㆍ클록(clock)ㆍ타이밍(timing) 회로나 그 밖의 회로를 갖춘 것인지는 상관없다],0,489,0,2,-489
8542,전자집적회로,NG,나이지리아,2025-04-01,854231,프로세서와 컨트롤러[메모리ㆍ변환기ㆍ논리회로ㆍ증폭기ㆍ클록(clock)ㆍ타이밍(timing) 회로나 그 밖의 회로를 갖춘 것인지는 상관없다],200104,0,77,0,200104
8542,전자집적회로,NG,나이지리아,2025-04-01,854232,메모리,362,0,3,0,362
8542,전자집적회로,NL,네덜란드,2025-04-01,854231,프로세서와 컨트롤러[메모리ㆍ변환기ㆍ논리회로ㆍ증폭기ㆍ클록(clock)ㆍ타이밍(timing) 회로나 그 밖의 회로를 갖춘 것인지는 상관없다],3125195,158946,1235,42,2966249
8542,전자집적회로,NL,네덜란드,2025-04-01,854232,메모리,9098335,109525,565,27,8988810
8542,전자집적회로,NL,네덜란드,2025-04-01,854233,증폭기,1802,375460,114,6,-373658
8542,전자집적회로,NL,네덜란드,2025-04-01,854239,기타,188305,15701,481,34,172604
8542,전자집적회로,NO,노르웨이,2025-04-01,854231,프로세서와 컨트롤러[메모리ㆍ변환기ㆍ논리회로ㆍ증폭기ㆍ클록(clock)ㆍ타이밍(timing) 회로나 그 밖의 회로를 갖춘 것인지는 상관없다],0,213,0,0,-213
8542,전자집적회로,NO,노르웨이,2025-04-01,854233,증폭기,0,11486,0,85,-11486
8542,전자집적회로,NO,노르웨이,2025-04-01,854239,기타,746,8103,3,0,-7357
8542,전자집적회로,NZ,뉴질랜드,2025-04-01,854231,프로세서와 컨트롤러[메모리ㆍ변환기ㆍ논리회로ㆍ증폭기ㆍ클록(clock)ㆍ타이밍(timing) 회로나 그 밖의 회로를 갖춘 것인지는 상관없다],1356,0,2,0,1356
8542,전자집적회로,NZ,뉴질랜드,2025-04-01,854239,기타,1,0,0,0,1
8542,전자집적회로,PA,파나마,2025-04-01,854232,메모리,280,0,2,0,280
8542,전자집적회로,PF,불령 폴리네시아,2025-04-01,854232,메모리,0,2682,0,1,-2682
8542,전자집적회로,PH,필리핀,2025-04-01,854231,프로세서와 컨트롤러[메모리ㆍ변환기ㆍ논리회로ㆍ증폭기ㆍ클록(clock)ㆍ타이밍(timing) 회로나 그 밖의 회로를 갖춘 것인지는 상관없다],55400050,26562689,25943,8947,28837361
8542,전자집적회로,PH,필리핀,2025-04-01,854232,메모리,69932122,570262,2976,220,69361860
8542,전자집적회로,PH,필리핀,2025-04-01,854233,증폭기,26316,415375,3,632,-389059
8542,전자집적회로,PH,필리핀,2025-04-01,854239,기타,9376646,29192550,7035,12693,-19815904
8542,전자집적회로,PH,필리핀,2025-04-01,854290,부분품,3127372,60717,36579,467,3066655
8542,전자집적회로,PK,파키스탄,2025-04-01,854231,프로세서와 컨트롤러[메모리ㆍ변환기ㆍ논리회로ㆍ증폭기ㆍ클록(clock)ㆍ타이밍(timing) 회로나 그 밖의 회로를 갖춘 것인지는 상관없다],492,0,7,0,492
8542,전자집적회로,PL,폴란드,2025-04-01,854231,프로세서와 컨트롤러[메모리ㆍ변환기ㆍ논리회로ㆍ증폭기ㆍ클록(clock)ㆍ타이밍(timing) 회로나 그 밖의 회로를 갖춘 것인지는 상관없다],34723820,76,19573,0,34723744
8542,전자집적회로,PL,폴란드,2025-04-01,854232,메모리,4725224,2477,1104,3,4722747
8542,전자집적회로,PL,폴란드,2025-04-01,854233,증폭기,705491,2,993,0,705489
8542,전자집적회로,PL,폴란드,2025-04-01,854239,기타,8522011,4942,4571,6,8517069
8542,전자집적회로,PT,포루투갈,2025-04-01,854231,프로세서와 컨트롤러[메모리ㆍ변환기ㆍ논리회로ㆍ증폭기ㆍ클록(clock)ㆍ타이밍(timing) 회로나 그 밖의 회로를 갖춘 것인지는 상관없다],10607901,510941,4319,7,10096960
8542,전자집적회로,PT,포루투갈,2025-04-01,854232,메모리,1781321,0,81,0,1781321
8542,전자집적회로,PT,포루투갈,2025-04-01,854239,기타,0,945870,0,26,-945870
8542,전자집적회로,PT,포루투갈,2025-04-01,854290,부분품,12341,0,185,0,12341
8542,전자집적회로,QA,카타르,2025-04-01,854231,프로세서와 컨트롤러[메모리ㆍ변환기ㆍ논리회로ㆍ증폭기ㆍ클록(clock)ㆍ타이밍(timing) 회로나 그 밖의 회로를 갖춘 것인지는 상관없다],6240,0,1,0,6240
8542,전자집적회로,QA,카타르,2025-04-01,854239,기타,0,24880,0,90,-24880
8542,전자집적회로,RO,루마니아,2025-04-01,854231,프로세서와 컨트롤러[메모리ㆍ변환기ㆍ논리회로ㆍ증폭기ㆍ클록(clock)ㆍ타이밍(timing) 회로나 그 밖의 회로를 갖춘 것인지는 상관없다],129125,4420,486,14,124705
8542,전자집적회로,RO,루마니아,2025-04-01,854232,메모리,1229,0,5,0,1229
8542,전자집적회로,RO,루마니아,2025-04-01,854239,기타,49632,0,20,0,49632
8542,전자집적회로,RS,세르비아,2025-04-01,854231,프로세서와 컨트롤러[메모리ㆍ변환기ㆍ논리회로ㆍ증폭기ㆍ클록(clock)ㆍ타이밍(timing) 회로나 그 밖의 회로를 갖춘 것인지는 상관없다],1170,1540,3,0,-370
8542,전자집적회로,RS,세르비아,2025-04-01,854239,기타,305827,0,116,0,305827
8542,전자집적회로,SA,사우디아라비아,2025-04-01,854232,메모리,2264,0,9,0,2264
8542,전자집적회로,SA,사우디아라비아,2025-04-01,854239,기타,0,18,0,3,-18
8542,전자집적회로,SE,스웨덴,2025-04-01,854231,프로세서와 컨트롤러[메모리ㆍ변환기ㆍ논리회로ㆍ증폭기ㆍ클록(clock)ㆍ타이밍(timing) 회로나 그 밖의 회로를 갖춘 것인지는 상관없다],1904850,0,728,0,1904850
8542,전자집적회로,SE,스웨덴,2025-04-01,854232,메모리,7410,0,4,0,7410
8542,전자집적회로,SE,스웨덴,2025-04-01,854233,증폭기,42440,0,9,0,42440
8542,전자집적회로,SE,스웨덴,2025-04-01,854239,기타,25395,0,7,0,25395
8542,전자집적회로,SG,싱가포르,2025-04-01,854231,프로세서와 컨트롤러[메모리ㆍ변환기ㆍ논리회로ㆍ증폭기ㆍ클록(clock)ㆍ타이밍(timing) 회로나 그 밖의 회로를 갖춘 것인지는 상관없다],376230200,261886176,62234,10361,114344024
8542,전자집적회로,SG,싱가포르,2025-04-01,854232,메모리,45779716,63141390,6464,1995,-17361674
8542,전자집적회로,SG,싱가포르,2025-04-01,854233,증폭기,7177,6617602,10,236,-6610425
8542,전자집적회로,SG,싱가포르,2025-04-01,854239,기타,6893523,19915344,43877,7871,-13021821
8542,전자집적회로,SG,싱가포르,2025-04-01,854290,부분품,1883284,9094,42910,124,1874190
8542,전자집적회로,SI,슬로베니아,2025-04-01,854231,프로세서와 컨트롤러[메모리ㆍ변환기ㆍ논리회로ㆍ증폭기ㆍ클록(clock)ㆍ타이밍(timing) 회로나 그 밖의 회로를 갖춘 것인지는 상관없다],0,3554,0,4,-3554
8542,전자집적회로,SI,슬로베니아,2025-04-01,854239,기타,0,19967,0,7,-19967
8542,전자집적회로,SI,슬로베니아,2025-04-01,854290,부분품,0,10429,0,43,-10429
8542,전자집적회로,SK,슬로바키아,2025-04-01,854231,프로세서와 컨트롤러[메모리ㆍ변환기ㆍ논리회로ㆍ증폭기ㆍ클록(clock)ㆍ타이밍(timing) 회로나 그 밖의 회로를 갖춘 것인지는 상관없다],85435,0,138,0,85435
8542,전자집적회로,SK,슬로바키아,2025-04-01,854232,메모리,161542,0,13,0,161542
8542,전자집적회로,SK,슬로바키아,2025-04-01,854233,증폭기,36160,0,36,0,36160
8542,전자집적회로,SK,슬로바키아,2025-04-01,854239,기타,23348,151,78,1,23197
8542,전자집적회로,SV,엘살바도르,2025-04-01,854231,프로세서와 컨트롤러[메모리ㆍ변환기ㆍ논리회로ㆍ증폭기ㆍ클록(clock)ㆍ타이밍(timing) 회로나 그 밖의 회로를 갖춘 것인지는 상관없다],3866,0,15,0,3866
8542,전자집적회로,SV,엘살바도르,2025-04-01,854239,기타,0,254275,0,143,-254275
8542,전자집적회로,SZ,스와질랜드,2025-04-01,854239,기타,0,137367,0,19,-137367
8542,전자집적회로,TH,태국,2025-04-01,854231,프로세서와 컨트롤러[메모리ㆍ변환기ㆍ논리회로ㆍ증폭기ㆍ클록(clock)ㆍ타이밍(timing) 회로나 그 밖의 회로를 갖춘 것인지는 상관없다],32546878,13840351,21980,8130,18706527
8542,전자집적회로,TH,태국,2025-04-01,854232,메모리,12546200,1443491,909,349,11102709
8542,전자집적회로,TH,태국,2025-04-01,854233,증폭기,7490,492245,19,225,-484755
8542,전자집적회로,TH,태국,2025-04-01,854239,기타,13354823,31608887,12148,11311,-18254064
8542,전자집적회로,TH,태국,2025-04-01,854290,부분품,6416387,1636,73260,8,6414751
8542,전자집적회로,TN,튀니지,2025-04-01,854232,메모리,204,0,2,0,204
8542,전자집적회로,TN,튀니지,2025-04-01,854239,기타,0,191,0,0,-191
8542,전자집적회로,TR,튀르키예,2025-04-01,854231,프로세서와 컨트롤러[메모리ㆍ변환기ㆍ논리회로ㆍ증폭기ㆍ클록(clock)ㆍ타이밍(timing) 회로나 그 밖의 회로를 갖춘 것인지는 상관없다],1258707,0,128,0,1258707
8542,전자집적회로,TR,튀르키예,2025-04-01,854232,메모리,4631184,0,233,0,4631184
8542,전자집적회로,TR,튀르키예,2025-04-01,854233,증폭기,324305,0,124,0,324305
8542,전자집적회로,TR,튀르키예,2025-04-01,854239,기타,1820886,13122,429,71,1807764
8542,전자집적회로,TR,튀르키예,2025-04-01,854290,부분품,1713,0,4,0,1713
8542,전자집적회로,TW,대만,2025-04-01,854231,프로세서와 컨트롤러[메모리ㆍ변환기ㆍ논리회로ㆍ증폭기ㆍ클록(clock)ㆍ타이밍(timing) 회로나 그 밖의 회로를 갖춘 것인지는 상관없다],330947918,1267485690,96883,98872,-936537772
8542,전자집적회로,TW,대만,2025-04-01,854232,메모리,1622357258,190335401,26832,11720,1432021857
8542,전자집적회로,TW,대만,2025-04-01,854233,증폭기,171021,4614512,20,1986,-4443491
8542,전자집적회로,TW,대만,2025-04-01,854239,기타,200708765,212103088,16096,36328,-11394323
8542,전자집적회로,TW,대만,2025-04-01,854290,부분품,5149502,877212,64719,1757,4272290
8542,전자집적회로,UA,우크라이나,2025-04-01,854239,기타,0,171,0,0,-171
8542,전자집적회로,US,미국,2025-04-01,854231,프로세서와 컨트롤러[메모리ㆍ변환기ㆍ논리회로ㆍ증폭기ㆍ클록(clock)ㆍ타이밍(timing) 회로나 그 밖의 회로를 갖춘 것인지는 상관없다],40808128,159266340,11586,10277,-118458212
8542,전자집적회로,US,미국,2025-04-01,854232,메모리,15845318,3371747,1721,409,12473571
8542,전자집적회로,US,미국,2025-04-01,854233,증폭기,304835,2155741,82,203,-1850906
8542,전자집적회로,US,미국,2025-04-01,854239,기타,4737602,39213155,4511,2699,-34475553
8542,전자집적회로,US,미국,2025-04-01,854290,부분품,83177,78360,218,14,4817
8542,전자집적회로,UZ,우즈베키스탄,2025-04-01,854231,프로세서와 컨트롤러[메모리ㆍ변환기ㆍ논리회로ㆍ증폭기ㆍ클록(clock)ㆍ타이밍(timing) 회로나 그 밖의 회로를 갖춘 것인지는 상관없다],2267,0,7,0,2267
8542,전자집적회로,VN,베트남,2025-04-01,854231,프로세서와 컨트롤러[메모리ㆍ변환기ㆍ논리회로ㆍ증폭기ㆍ클록(clock)ㆍ타이밍(timing) 회로나 그 밖의 회로를 갖춘 것인지는 상관없다],850566216,10930600,76464,7201,839635616
8542,전자집적회로,VN,베트남,2025-04-01,854232,메모리,513455642,8885730,39411,1001,504569912
8542,전자집적회로,VN,베트남,2025-04-01,854233,증폭기,10228583,401321,4485,75,9827262
8542,전자집적회로,VN,베트남,2025-04-01,854239,기타,178505655,1760544,49365,836,176745111
8542,전자집적회로,VN,베트남,2025-04-01,854290,부분품,1825399,60431,2055,1666,1764968
8542,전자집적회로,ZA,남아프리카공화국,2025-04-01,854231,프로세서와 컨트롤러[메모리ㆍ변환기ㆍ논리회로ㆍ증폭기ㆍ클록(clock)ㆍ타이밍(timing) 회로나 그 밖의 회로를 갖춘 것인지는 상관없다],201918,12,54,0,201906
8542,전자집적회로,ZA,남아프리카공화국,2025-04-01,854232,메모리,125106,0,18,0,125106
8542,전자집적회로,ZA,남아프리카공화국,2025-04-01,854239,기타,11175,0,16,0,11175
8542,전자집적회로,AE,아랍에미리트 연합,2025-05-01,854231,프로세서와 컨트롤러[메모리ㆍ변환기ㆍ논리회로ㆍ증폭기ㆍ클록(clock)ㆍ타이밍(timing) 회로나 그 밖의 회로를 갖춘 것인지는 상관없다],22752,0,10,0,22752
8542,전자집적회로,AN,네덜란드 열도,2025-05-01,854231,프로세서와 컨트롤러[메모리ㆍ변환기ㆍ논리회로ㆍ증폭기ㆍ클록(clock)ㆍ타이밍(timing) 회로나 그 밖의 회로를 갖춘 것인지는 상관없다],69000,0,6,0,69000
8542,전자집적회로,AN,네덜란드 열도,2025-05-01,854233,증폭기,0,11,0,0,-11
8542,전자집적회로,AR,아르헨티나,2025-05-01,854231,프로세서와 컨트롤러[메모리ㆍ변환기ㆍ논리회로ㆍ증폭기ㆍ클록(clock)ㆍ타이밍(timing) 회로나 그 밖의 회로를 갖춘 것인지는 상관없다],105975,0,261,0,105975
8542,전자집적회로,AR,아르헨티나,2025-05-01,854232,메모리,17462,0,34,0,17462
8542,전자집적회로,AR,아르헨티나,2025-05-01,854239,기타,767990,0,2144,0,767990
8542,전자집적회로,AT,오스트리아,2025-05-01,854231,프로세서와 컨트롤러[메모리ㆍ변환기ㆍ논리회로ㆍ증폭기ㆍ클록(clock)ㆍ타이밍(timing) 회로나 그 밖의 회로를 갖춘 것인지는 상관없다],6209702,178982,2374,60,6030720
8542,전자집적회로,AT,오스트리아,2025-05-01,854232,메모리,3306565,0,354,0,3306565
8542,전자집적회로,AT,오스트리아,2025-05-01,854233,증폭기,10671,0,15,0,10671
8542,전자집적회로,AT,오스트리아,2025-05-01,854239,기타,87830,603427,245,83,-515597
8542,전자집적회로,AU,호주,2025-05-01,854231,프로세서와 컨트롤러[메모리ㆍ변환기ㆍ논리회로ㆍ증폭기ㆍ클록(clock)ㆍ타이밍(timing) 회로나 그 밖의 회로를 갖춘 것인지는 상관없다],40143,0,26,0,40143
8542,전자집적회로,AU,호주,2025-05-01,854233,증폭기,4032,9380,107,6,-5348
8542,전자집적회로,AU,호주,2025-05-01,854239,기타,1394,84465,1,2,-83071
8542,전자집적회로,AU,호주,2025-05-01,854290,부분품,0,1635,0,3,-1635
8542,전자집적회로,BD,방글라데시,2025-05-01,854231,프로세서와 컨트롤러[메모리ㆍ변환기ㆍ논리회로ㆍ증폭기ㆍ클록(clock)ㆍ타이밍(timing) 회로나 그 밖의 회로를 갖춘 것인지는 상관없다],10505,0,84,0,10505
8542,전자집적회로,BE,벨기에,2025-05-01,854231,프로세서와 컨트롤러[메모리ㆍ변환기ㆍ논리회로ㆍ증폭기ㆍ클록(clock)ㆍ타이밍(timing) 회로나 그 밖의 회로를 갖춘 것인지는 상관없다],683571,12452,82,2,671119
8542,전자집적회로,BE,벨기에,2025-05-01,854232,메모리,34,0,0,0,34
8542,전자집적회로,BE,벨기에,2025-05-01,854239,기타,0,600675,0,143,-600675
8542,전자집적회로,BG,불가리아,2025-05-01,854231,프로세서와 컨트롤러[메모리ㆍ변환기ㆍ논리회로ㆍ증폭기ㆍ클록(clock)ㆍ타이밍(timing) 회로나 그 밖의 회로를 갖춘 것인지는 상관없다],14994,3698,0,2,11296
8542,전자집적회로,BG,불가리아,2025-05-01,854239,기타,22088,184,7,0,21904
8542,전자집적회로,BR,브라질,2025-05-01,854231,프로세서와 컨트롤러[메모리ㆍ변환기ㆍ논리회로ㆍ증폭기ㆍ클록(clock)ㆍ타이밍(timing) 회로나 그 밖의 회로를 갖춘 것인지는 상관없다],38690472,8310,5364,3,38682162
8542,전자집적회로,BR,브라질,2025-05-01,854232,메모리,41928783,5291,1973,1,41923492
8542,전자집적회로,BR,브라질,2025-05-01,854233,증폭기,196558,0,243,0,196558
8542,전자집적회로,BR,브라질,2025-05-01,854239,기타,4139835,720,622,7,4139115
8542,전자집적회로,BY,벨라루스,2025-05-01,854239,기타,0,129877,0,20,-129877
8542,전자집적회로,CA,캐나다,2025-05-01,854231,프로세서와 컨트롤러[메모리ㆍ변환기ㆍ논리회로ㆍ증폭기ㆍ클록(clock)ㆍ타이밍(timing) 회로나 그 밖의 회로를 갖춘 것인지는 상관없다],74888,36599,76,15,38289
8542,전자집적회로,CA,캐나다,2025-05-01,854232,메모리,384272,0,4,0,384272
8542,전자집적회로,CA,캐나다,2025-05-01,854239,기타,4362407,243359,177,30,4119048
8542,전자집적회로,CA,캐나다,2025-05-01,854290,부분품,75575,0,191,0,75575
8542,전자집적회로,CH,스위스,2025-05-01,854231,프로세서와 컨트롤러[메모리ㆍ변환기ㆍ논리회로ㆍ증폭기ㆍ클록(clock)ㆍ타이밍(timing) 회로나 그 밖의 회로를 갖춘 것인지는 상관없다],178500,87559,20,67,90941
8542,전자집적회로,CH,스위스,2025-05-01,854232,메모리,0,7020,0,1,-7020
8542,전자집적회로,CH,스위스,2025-05-01,854233,증폭기,112,219,0,2,-107
8542,전자집적회로,CH,스위스,2025-05-01,854239,기타,22796,1301390,1,160,-1278594
8542,전자집적회로,CM,카메룬,2025-05-01,854239,기타,0,291,0,12,-291
8542,전자집적회로,CN,중국,2025-05-01,854231,프로세서와 컨트롤러[메모리ㆍ변환기ㆍ논리회로ㆍ증폭기ㆍ클록(clock)ㆍ타이밍(timing) 회로나 그 밖의 회로를 갖춘 것인지는 상관없다],792710917,167851550,107449,61714,624859367
8542,전자집적회로,CN,중국,2025-05-01,854232,메모리,2351241371,1217312524,109844,70562,1133928847
8542,전자집적회로,CN,중국,2025-05-01,854233,증폭기,491422,3833874,824,1482,-3342452
8542,전자집적회로,CN,중국,2025-05-01,854239,기타,212513265,128305995,46775,120856,84207270
8542,전자집적회로,CN,중국,2025-05-01,854290,부분품,8472324,1362335,103431,27539,7109989
8542,전자집적회로,CR,코스타리카,2025-05-01,854231,프로세서와 컨트롤러[메모리ㆍ변환기ㆍ논리회로ㆍ증폭기ㆍ클록(clock)ㆍ타이밍(timing) 회로나 그 밖의 회로를 갖춘 것인지는 상관없다],298867,2311317,62,2541,-2012450
8542,전자집적회로,CR,코스타리카,2025-05-01,854232,메모리,231,0,0,0,231
8542,전자집적회로,CR,코스타리카,2025-05-01,854239,기타,0,127351,0,12,-127351
8542,전자집적회로,CX,크리스마스 아일랜드,2025-05-01,854232,메모리,0,64019,0,1,-64019
8542,전자집적회로,CZ,체코공화국,2025-05-01,854231,프로세서와 컨트롤러[메모리ㆍ변환기ㆍ논리회로ㆍ증폭기ㆍ클록(clock)ㆍ타이밍(timing) 회로나 그 밖의 회로를 갖춘 것인지는 상관없다],5232613,392,1412,2,5232221
8542,전자집적회로,CZ,체코공화국,2025-05-01,854232,메모리,1223493,0,124,0,1223493
8542,전자집적회로,CZ,체코공화국,2025-05-01,854233,증폭기,373486,5,2,0,373481
8542,전자집적회로,CZ,체코공화국,2025-05-01,854239,기타,375820,182038,92,171,193782
8542,전자집적회로,DE,독일,2025-05-01,854231,프로세서와 컨트롤러[메모리ㆍ변환기ㆍ논리회로ㆍ증폭기ㆍ클록(clock)ㆍ타이밍(timing) 회로나 그 밖의 회로를 갖춘 것인지는 상관없다],1857898,24003945,737,1934,-22146047
8542,전자집적회로,DE,독일,2025-05-01,854232,메모리,18767220,11911,1175,70,18755309
8542,전자집적회로,DE,독일,2025-05-01,854233,증폭기,177553,8876,64,2,168677
8542,전자집적회로,DE,독일,2025-05-01,854239,기타,8971740,13511814,13228,1986,-4540074
8542,전자집적회로,DE,독일,2025-05-01,854290,부분품,650,806516,3,1968,-805866
8542,전자집적회로,DK,덴마크,2025-05-01,854231,프로세서와 컨트롤러[메모리ㆍ변환기ㆍ논리회로ㆍ증폭기ㆍ클록(clock)ㆍ타이밍(timing) 회로나 그 밖의 회로를 갖춘 것인지는 상관없다],22961,218,13,1,22743
8542,전자집적회로,DK,덴마크,2025-05-01,854232,메모리,0,2394,0,5,-2394
8542,전자집적회로,DK,덴마크,2025-05-01,854233,증폭기,4294,0,3,0,4294
8542,전자집적회로,DK,덴마크,2025-05-01,854239,기타,29393,12847,101,26,16546
8542,전자집적회로,DK,덴마크,2025-05-01,854290,부분품,0,490,0,3,-490
8542,전자집적회로,EE,에스토니아,2025-05-01,854231,프로세서와 컨트롤러[메모리ㆍ변환기ㆍ논리회로ㆍ증폭기ㆍ클록(clock)ㆍ타이밍(timing) 회로나 그 밖의 회로를 갖춘 것인지는 상관없다],30937,0,32,0,30937
8542,전자집적회로,EG,이집트,2025-05-01,854231,프로세서와 컨트롤러[메모리ㆍ변환기ㆍ논리회로ㆍ증폭기ㆍ클록(clock)ㆍ타이밍(timing) 회로나 그 밖의 회로를 갖춘 것인지는 상관없다],1271670,0,564,0,1271670
8542,전자집적회로,EG,이집트,2025-05-01,854232,메모리,5711661,0,373,0,5711661
8542,전자집적회로,EG,이집트,2025-05-01,854233,증폭기,8959,0,9,0,8959
8542,전자집적회로,EG,이집트,2025-05-01,854239,기타,477312,0,103,0,477312
8542,전자집적회로,ES,스페인,2025-05-01,854231,프로세서와 컨트롤러[메모리ㆍ변환기ㆍ논리회로ㆍ증폭기ㆍ클록(clock)ㆍ타이밍(timing) 회로나 그 밖의 회로를 갖춘 것인지는 상관없다],2098,70880,5,11,-68782
8542,전자집적회로,ES,스페인,2025-05-01,854232,메모리,218755,0,21,0,218755
8542,전자집적회로,ES,스페인,2025-05-01,854233,증폭기,5334,0,1,0,5334
8542,전자집적회로,ES,스페인,2025-05-01,854239,기타,3660,14117,14,2,-10457
8542,전자집적회로,ES,스페인,2025-05-01,854290,부분품,616,255,1,0,361
8542,전자집적회로,FI,핀란드,2025-05-01,854231,프로세서와 컨트롤러[메모리ㆍ변환기ㆍ논리회로ㆍ증폭기ㆍ클록(clock)ㆍ타이밍(timing) 회로나 그 밖의 회로를 갖춘 것인지는 상관없다],33552,0,8,0,33552
8542,전자집적회로,FI,핀란드,2025-05-01,854239,기타,579,34066,5,19,-33487
8542,전자집적회로,FI,핀란드,2025-05-01,854290,부분품,234606,0,1008,0,234606
8542,전자집적회로,FR,프랑스,2025-05-01,854231,프로세서와 컨트롤러[메모리ㆍ변환기ㆍ논리회로ㆍ증폭기ㆍ클록(clock)ㆍ타이밍(timing) 회로나 그 밖의 회로를 갖춘 것인지는 상관없다],13528916,17746166,1585,966,-4217250
8542,전자집적회로,FR,프랑스,2025-05-01,854232,메모리,218190,718460,4,235,-500270
8542,전자집적회로,FR,프랑스,2025-05-01,854233,증폭기,27381,419544,20,6,-392163
8542,전자집적회로,FR,프랑스,2025-05-01,854239,기타,17628,827682,12,161,-810054
8542,전자집적회로,FR,프랑스,2025-05-01,854290,부분품,13061,468,71,4,12593
8542,전자집적회로,GB,영국,2025-05-01,854231,프로세서와 컨트롤러[메모리ㆍ변환기ㆍ논리회로ㆍ증폭기ㆍ클록(clock)ㆍ타이밍(timing) 회로나 그 밖의 회로를 갖춘 것인지는 상관없다],276004,9365,74,6,266639
8542,전자집적회로,GB,영국,2025-05-01,854232,메모리,258942,92,17,0,258850
8542,전자집적회로,GB,영국,2025-05-01,854233,증폭기,16500,21736,3,7,-5236
8542,전자집적회로,GB,영국,2025-05-01,854239,기타,74533,436101,13,446,-361568
8542,전자집적회로,GB,영국,2025-05-01,854290,부분품,3510,2440,1,1,1070
8542,전자집적회로,GR,그리스,2025-05-01,854290,부분품,0,71,0,0,-71
8542,전자집적회로,GY,가이아나,2025-05-01,854239,기타,0,1575,0,1,-1575
8542,전자집적회로,HK,홍콩,2025-05-01,854231,프로세서와 컨트롤러[메모리ㆍ변환기ㆍ논리회로ㆍ증폭기ㆍ클록(clock)ㆍ타이밍(timing) 회로나 그 밖의 회로를 갖춘 것인지는 상관없다],175880675,15342383,60639,7285,160538292
8542,전자집적회로,HK,홍콩,2025-05-01,854232,메모리,1247302519,22206633,106745,1963,1225095886
8542,전자집적회로,HK,홍콩,2025-05-01,854233,증폭기,872691,36385,1273,28,836306
8542,전자집적회로,HK,홍콩,2025-05-01,854239,기타,161015720,7523276,45814,4429,153492444
8542,전자집적회로,HK,홍콩,2025-05-01,854290,부분품,283136,1045,3969,2,282091
8542,전자집적회로,HR,크로아티아,2025-05-01,854231,프로세서와 컨트롤러[메모리ㆍ변환기ㆍ논리회로ㆍ증폭기ㆍ클록(clock)ㆍ타이밍(timing) 회로나 그 밖의 회로를 갖춘 것인지는 상관없다],79810,0,25,0,79810
8542,전자집적회로,HR,크로아티아,2025-05-01,854239,기타,0,53,0,0,-53
8542,전자집적회로,HT,아이티,2025-05-01,854239,기타,0,62,0,0,-62
8542,전자집적회로,HU,헝가리,2025-05-01,854231,프로세서와 컨트롤러[메모리ㆍ변환기ㆍ논리회로ㆍ증폭기ㆍ클록(clock)ㆍ타이밍(timing) 회로나 그 밖의 회로를 갖춘 것인지는 상관없다],499225,0,162,0,499225
8542,전자집적회로,HU,헝가리,2025-05-01,854232,메모리,2977307,0,132,0,2977307
8542,전자집적회로,HU,헝가리,2025-05-01,854233,증폭기,45240,0,1,0,45240
8542,전자집적회로,HU,헝가리,2025-05-01,854239,기타,4619,611143,2,1327,-606524
8542,전자집적회로,ID,인도네시아,2025-05-01,854231,프로세서와 컨트롤러[메모리ㆍ변환기ㆍ논리회로ㆍ증폭기ㆍ클록(clock)ㆍ타이밍(timing) 회로나 그 밖의 회로를 갖춘 것인지는 상관없다],21014082,1992409,4109,1622,19021673
8542,전자집적회로,ID,인도네시아,2025-05-01,854232,메모리,19081745,1731,1337,3,19080014
8542,전자집적회로,ID,인도네시아,2025-05-01,854233,증폭기,210341,0,60,0,210341
8542,전자집적회로,ID,인도네시아,2025-05-01,854239,기타,4217159,4342835,2253,3554,-125676
8542,전자집적회로,ID,인도네시아,2025-05-01,854290,부분품,27763,0,403,0,27763
8542,전자집적회로,IE,아일랜드,2025-05-01,854231,프로세서와 컨트롤러[메모리ㆍ변환기ㆍ논리회로ㆍ증폭기ㆍ클록(clock)ㆍ타이밍(timing) 회로나 그 밖의 회로를 갖춘 것인지는 상관없다],55275,314994,22,13,-259719
8542,전자집적회로,IE,아일랜드,2025-05-01,854232,메모리,37440,0,3,0,37440
8542,전자집적회로,IE,아일랜드,2025-05-01,854239,기타,341,10973,3,1,-10632
8542,전자집적회로,IL,이스라엘,2025-05-01,854231,프로세서와 컨트롤러[메모리ㆍ변환기ㆍ논리회로ㆍ증폭기ㆍ클록(clock)ㆍ타이밍(timing) 회로나 그 밖의 회로를 갖춘 것인지는 상관없다],1515857,889906,787,99,625951
8542,전자집적회로,IL,이스라엘,2025-05-01,854232,메모리,114724,0,6,0,114724
8542,전자집적회로,IL,이스라엘,2025-05-01,854233,증폭기,12572,0,3,0,12572
8542,전자집적회로,IL,이스라엘,2025-05-01,854239,기타,28685,1130461,75,100,-1101776
8542,전자집적회로,IL,이스라엘,2025-05-01,854290,부분품,563,26933,4,2,-26370
8542,전자집적회로,IN,인도,2025-05-01,854231,프로세서와 컨트롤러[메모리ㆍ변환기ㆍ논리회로ㆍ증폭기ㆍ클록(clock)ㆍ타이밍(timing) 회로나 그 밖의 회로를 갖춘 것인지는 상관없다],164118352,16597,20635,26,164101755
8542,전자집적회로,IN,인도,2025-05-01,854232,메모리,111444363,84,3775,0,111444279
8542,전자집적회로,IN,인도,2025-05-01,854233,증폭기,663141,0,441,0,663141
8542,전자집적회로,IN,인도,2025-05-01,854239,기타,10805150,141987,3211,63,10663163
8542,전자집적회로,IN,인도,2025-05-01,854290,부분품,755,476,4,2,279
8542,전자집적회로,IQ,이라크,2025-05-01,854239,기타,500,0,3000,0,500
8542,전자집적회로,IT,이탈리아,2025-05-01,854231,프로세서와 컨트롤러[메모리ㆍ변환기ㆍ논리회로ㆍ증폭기ㆍ클록(clock)ㆍ타이밍(timing) 회로나 그 밖의 회로를 갖춘 것인지는 상관없다],5156905,5385251,787,295,-228346
8542,전자집적회로,IT,이탈리아,2025-05-01,854232,메모리,233130,0,9,0,233130
8542,전자집적회로,IT,이탈리아,2025-05-01,854233,증폭기,41692,0,8,0,41692
8542,전자집적회로,IT,이탈리아,2025-05-01,854239,기타,122304,101521,150,64,20783
8542,전자집적회로,IT,이탈리아,2025-05-01,854290,부분품,2476,16405,3,28,-13929
8542,전자집적회로,JP,일본,2025-05-01,854231,프로세서와 컨트롤러[메모리ㆍ변환기ㆍ논리회로ㆍ증폭기ㆍ클록(clock)ㆍ타이밍(timing) 회로나 그 밖의 회로를 갖춘 것인지는 상관없다],30337856,344351944,9367,8918,-314014088
8542,전자집적회로,JP,일본,2025-05-01,854232,메모리,50186057,3093523,2203,351,47092534
8542,전자집적회로,JP,일본,2025-05-01,854233,증폭기,146558,492653,429,203,-346095
8542,전자집적회로,JP,일본,2025-05-01,854239,기타,2255482,19404416,1583,20982,-17148934
8542,전자집적회로,JP,일본,2025-05-01,854290,부분품,433750,879041,3622,14009,-445291
8542,전자집적회로,LB,레바논,2025-05-01,854231,프로세서와 컨트롤러[메모리ㆍ변환기ㆍ논리회로ㆍ증폭기ㆍ클록(clock)ㆍ타이밍(timing) 회로나 그 밖의 회로를 갖춘 것인지는 상관없다],8800,0,3,0,8800
8542,전자집적회로,LT,리투아니아,2025-05-01,854233,증폭기,10626,0,1,0,10626
8542,전자집적회로,LT,리투아니아,2025-05-01,854239,기타,1337,1024220,1,12,-1022883
8542,전자집적회로,MA,모로코,2025-05-01,854231,프로세서와 컨트롤러[메모리ㆍ변환기ㆍ논리회로ㆍ증폭기ㆍ클록(clock)ㆍ타이밍(timing) 회로나 그 밖의 회로를 갖춘 것인지는 상관없다],0,249068,0,239,-249068
8542,전자집적회로,MA,모로코,2025-05-01,854233,증폭기,0,172388,0,147,-172388
8542,전자집적회로,MA,모로코,2025-05-01,854239,기타,0,1182756,0,3713,-1182756
8542,전자집적회로,MA,모로코,2025-05-01,854290,부분품,148878,0,2963,0,148878
8542,전자집적회로,ML,말리,2025-05-01,854239,기타,0,1,0,0,-1
8542,전자집적회로,MT,몰타,2025-05-01,854231,프로세서와 컨트롤러[메모리ㆍ변환기ㆍ논리회로ㆍ증폭기ㆍ클록(clock)ㆍ타이밍(timing) 회로나 그 밖의 회로를 갖춘 것인지는 상관없다],3117602,6424232,2035,1701,-3306630
8542,전자집적회로,MT,몰타,2025-05-01,854239,기타,12477,175250,61,37,-162773
8542,전자집적회로,MT,몰타,2025-05-01,854290,부분품,286265,0,1531,0,286265
8542,전자집적회로,MX,멕시코,2025-05-01,854231,프로세서와 컨트롤러[메모리ㆍ변환기ㆍ논리회로ㆍ증폭기ㆍ클록(clock)ㆍ타이밍(timing) 회로나 그 밖의 회로를 갖춘 것인지는 상관없다],9772903,2001045,6120,596,7771858
8542,전자집적회로,MX,멕시코,2025-05-01,854232,메모리,10808951,13037,900,16,10795914
8542,전자집적회로,MX,멕시코,2025-05-01,854233,증폭기,107831,2188555,32,708,-2080724
8542,전자집적회로,MX,멕시코,2025-05-01,854239,기타,9046295,1319789,5220,2647,7726506
8542,전자집적회로,MY,말레이시아,2025-05-01,854231,프로세서와 컨트롤러[메모리ㆍ변환기ㆍ논리회로ㆍ증폭기ㆍ클록(clock)ㆍ타이밍(timing) 회로나 그 밖의 회로를 갖춘 것인지는 상관없다],81532257,86841207,30127,13268,-5308950
8542,전자집적회로,MY,말레이시아,2025-05-01,854232,메모리,353030489,9684664,3827,313,343345825
8542,전자집적회로,MY,말레이시아,2025-05-01,854233,증폭기,11173,2001459,2,1321,-1990286
8542,전자집적회로,MY,말레이시아,2025-05-01,854239,기타,11065497,55274503,14589,20723,-44209006
8542,전자집적회로,MY,말레이시아,2025-05-01,854290,부분품,5474067,5544,82128,92,5468523
8542,전자집적회로,NL,네덜란드,2025-05-01,854231,프로세서와 컨트롤러[메모리ㆍ변환기ㆍ논리회로ㆍ증폭기ㆍ클록(clock)ㆍ타이밍(timing) 회로나 그 밖의 회로를 갖춘 것인지는 상관없다],3430231,16028865,1440,1450,-12598634
8542,전자집적회로,NL,네덜란드,2025-05-01,854232,메모리,7099413,4576,396,8,7094837
8542,전자집적회로,NL,네덜란드,2025-05-01,854233,증폭기,2,109083,0,2,-109081
8542,전자집적회로,NL,네덜란드,2025-05-01,854239,기타,101702,48690,384,63,53012
8542,전자집적회로,NL,네덜란드,2025-05-01,854290,부분품,7679,0,23,0,7679
8542,전자집적회로,NO,노르웨이,2025-05-01,854233,증폭기,0,19528,0,99,-19528
8542,전자집적회로,NO,노르웨이,2025-05-01,854239,기타,120,0,2,0,120
8542,전자집적회로,NZ,뉴질랜드,2025-05-01,854239,기타,0,1397,0,1,-1397
8542,전자집적회로,PA,파나마,2025-05-01,854239,기타,450,0,0,0,450
8542,전자집적회로,PH,필리핀,2025-05-01,854231,프로세서와 컨트롤러[메모리ㆍ변환기ㆍ논리회로ㆍ증폭기ㆍ클록(clock)ㆍ타이밍(timing) 회로나 그 밖의 회로를 갖춘 것인지는 상관없다],64583279,27449421,27872,13655,37133858
8542,전자집적회로,PH,필리핀,2025-05-01,854232,메모리,129137993,622933,6009,322,128515060
8542,전자집적회로,PH,필리핀,2025-05-01,854233,증폭기,2449,204974,0,284,-202525
8542,전자집적회로,PH,필리핀,2025-05-01,854239,기타,7237123,26874788,8200,11181,-19637665
8542,전자집적회로,PH,필리핀,2025-05-01,854290,부분품,3212060,45947,39047,424,3166113
8542,전자집적회로,PK,파키스탄,2025-05-01,854239,기타,225,0,0,0,225
8542,전자집적회로,PL,폴란드,2025-05-01,854231,프로세서와 컨트롤러[메모리ㆍ변환기ㆍ논리회로ㆍ증폭기ㆍ클록(clock)ㆍ타이밍(timing) 회로나 그 밖의 회로를 갖춘 것인지는 상관없다],25949036,0,13408,0,25949036
8542,전자집적회로,PL,폴란드,2025-05-01,854232,메모리,4452395,0,1120,0,4452395
8542,전자집적회로,PL,폴란드,2025-05-01,854233,증폭기,592571,0,486,0,592571
8542,전자집적회로,PL,폴란드,2025-05-01,854239,기타,7379217,10612,2919,4,7368605
8542,전자집적회로,PL,폴란드,2025-05-01,854290,부분품,0,194,0,3,-194
8542,전자집적회로,PT,포루투갈,2025-05-01,854231,프로세서와 컨트롤러[메모리ㆍ변환기ㆍ논리회로ㆍ증폭기ㆍ클록(clock)ㆍ타이밍(timing) 회로나 그 밖의 회로를 갖춘 것인지는 상관없다],3832996,422981,1602,7,3410015
8542,전자집적회로,PT,포루투갈,2025-05-01,854232,메모리,6212157,0,184,0,6212157
8542,전자집적회로,PT,포루투갈,2025-05-01,854239,기타,0,945445,0,30,-945445
8542,전자집적회로,PT,포루투갈,2025-05-01,854290,부분품,18187,0,270,0,18187
8542,전자집적회로,RO,루마니아,2025-05-01,854231,프로세서와 컨트롤러[메모리ㆍ변환기ㆍ논리회로ㆍ증폭기ㆍ클록(clock)ㆍ타이밍(timing) 회로나 그 밖의 회로를 갖춘 것인지는 상관없다],34317,0,44,0,34317
8542,전자집적회로,RO,루마니아,2025-05-01,854232,메모리,0,126,0,1,-126
8542,전자집적회로,RO,루마니아,2025-05-01,854239,기타,63705,0,852,0,63705
8542,전자집적회로,RS,세르비아,2025-05-01,854231,프로세서와 컨트롤러[메모리ㆍ변환기ㆍ논리회로ㆍ증폭기ㆍ클록(clock)ㆍ타이밍(timing) 회로나 그 밖의 회로를 갖춘 것인지는 상관없다],238122,0,106,0,238122
8542,전자집적회로,RS,세르비아,2025-05-01,854239,기타,437560,0,327,0,437560
8542,전자집적회로,SE,스웨덴,2025-05-01,854231,프로세서와 컨트롤러[메모리ㆍ변환기ㆍ논리회로ㆍ증폭기ㆍ클록(clock)ㆍ타이밍(timing) 회로나 그 밖의 회로를 갖춘 것인지는 상관없다],3240284,107971,1152,3,3132313
8542,전자집적회로,SE,스웨덴,2025-05-01,854232,메모리,5467,157,0,0,5310
8542,전자집적회로,SE,스웨덴,2025-05-01,854233,증폭기,2670,0,2,0,2670
8542,전자집적회로,SE,스웨덴,2025-05-01,854239,기타,8531,11062,6,5,-2531
8542,전자집적회로,SE,스웨덴,2025-05-01,854290,부분품,840,0,2,0,840
8542,전자집적회로,SG,싱가포르,2025-05-01,854231,프로세서와 컨트롤러[메모리ㆍ변환기ㆍ논리회로ㆍ증폭기ㆍ클록(clock)ㆍ타이밍(timing) 회로나 그 밖의 회로를 갖춘 것인지는 상관없다],438619758,117522992,69076,12392,321096766
8542,전자집적회로,SG,싱가포르,2025-05-01,854232,메모리,50361971,74995922,4775,2199,-24633951
8542,전자집적회로,SG,싱가포르,2025-05-01,854233,증폭기,2930,6685479,2,235,-6682549
8542,전자집적회로,SG,싱가포르,2025-05-01,854239,기타,6832440,21918057,44173,5418,-15085617
8542,전자집적회로,SG,싱가포르,2025-05-01,854290,부분품,511565,50391,10391,1192,461174
8542,전자집적회로,SI,슬로베니아,2025-05-01,854231,프로세서와 컨트롤러[메모리ㆍ변환기ㆍ논리회로ㆍ증폭기ㆍ클록(clock)ㆍ타이밍(timing) 회로나 그 밖의 회로를 갖춘 것인지는 상관없다],0,436,0,1,-436
8542,전자집적회로,SI,슬로베니아,2025-05-01,854239,기타,2200,8936,11,2,-6736
8542,전자집적회로,SK,슬로바키아,2025-05-01,854231,프로세서와 컨트롤러[메모리ㆍ변환기ㆍ논리회로ㆍ증폭기ㆍ클록(clock)ㆍ타이밍(timing) 회로나 그 밖의 회로를 갖춘 것인지는 상관없다],5612,0,7,0,5612
8542,전자집적회로,SK,슬로바키아,2025-05-01,854232,메모리,392353,31,31,0,392322
8542,전자집적회로,SK,슬로바키아,2025-05-01,854233,증폭기,1775,0,7,0,1775
8542,전자집적회로,SK,슬로바키아,2025-05-01,854239,기타,41852,0,54,0,41852
8542,전자집적회로,SS,남수단,2025-05-01,854231,프로세서와 컨트롤러[메모리ㆍ변환기ㆍ논리회로ㆍ증폭기ㆍ클록(clock)ㆍ타이밍(timing) 회로나 그 밖의 회로를 갖춘 것인지는 상관없다],0,67777,0,9,-67777
8542,전자집적회로,SV,엘살바도르,2025-05-01,854231,프로세서와 컨트롤러[메모리ㆍ변환기ㆍ논리회로ㆍ증폭기ㆍ클록(clock)ㆍ타이밍(timing) 회로나 그 밖의 회로를 갖춘 것인지는 상관없다],568,0,2,0,568
8542,전자집적회로,SV,엘살바도르,2025-05-01,854239,기타,0,601,0,1,-601
8542,전자집적회로,SZ,스와질랜드,2025-05-01,854231,프로세서와 컨트롤러[메모리ㆍ변환기ㆍ논리회로ㆍ증폭기ㆍ클록(clock)ㆍ타이밍(timing) 회로나 그 밖의 회로를 갖춘 것인지는 상관없다],18096,0,1,0,18096
8542,전자집적회로,TH,태국,2025-05-01,854231,프로세서와 컨트롤러[메모리ㆍ변환기ㆍ논리회로ㆍ증폭기ㆍ클록(clock)ㆍ타이밍(timing) 회로나 그 밖의 회로를 갖춘 것인지는 상관없다],24768412,15391523,16544,9151,9376889
8542,전자집적회로,TH,태국,2025-05-01,854232,메모리,15491121,2136966,836,415,13354155
8542,전자집적회로,TH,태국,2025-05-01,854233,증폭기,2004,519409,3,246,-517405
8542,전자집적회로,TH,태국,2025-05-01,854239,기타,12017100,30260867,11485,12833,-18243767
8542,전자집적회로,TH,태국,2025-05-01,854290,부분품,4037702,23609,47952,97,4014093
8542,전자집적회로,TJ,타지크,2025-05-01,854231,프로세서와 컨트롤러[메모리ㆍ변환기ㆍ논리회로ㆍ증폭기ㆍ클록(clock)ㆍ타이밍(timing) 회로나 그 밖의 회로를 갖춘 것인지는 상관없다],0,55289,0,11,-55289
8542,전자집적회로,TN,튀니지,2025-05-01,854239,기타,0,5671,0,2,-5671
8542,전자집적회로,TR,튀르키예,2025-05-01,854231,프로세서와 컨트롤러[메모리ㆍ변환기ㆍ논리회로ㆍ증폭기ㆍ클록(clock)ㆍ타이밍(timing) 회로나 그 밖의 회로를 갖춘 것인지는 상관없다],1399603,0,100,0,1399603
8542,전자집적회로,TR,튀르키예,2025-05-01,854232,메모리,4474045,0,220,0,4474045
8542,전자집적회로,TR,튀르키예,2025-05-01,854233,증폭기,185694,0,93,0,185694
8542,전자집적회로,TR,튀르키예,2025-05-01,854239,기타,1981580,0,386,0,1981580
8542,전자집적회로,TW,대만,2025-05-01,854231,프로세서와 컨트롤러[메모리ㆍ변환기ㆍ논리회로ㆍ증폭기ㆍ클록(clock)ㆍ타이밍(timing) 회로나 그 밖의 회로를 갖춘 것인지는 상관없다],316325333,1372809459,83772,103315,-1056484126
8542,전자집적회로,TW,대만,2025-05-01,854232,메모리,2075074454,173118147,28800,17225,1901956307
8542,전자집적회로,TW,대만,2025-05-01,854233,증폭기,264325,5949828,83,2944,-5685503
8542,전자집적회로,TW,대만,2025-05-01,854239,기타,263219563,292774435,18640,41335,-29554872
8542,전자집적회로,TW,대만,2025-05-01,854290,부분품,5771784,636745,70465,2315,5135039
8542,전자집적회로,TZ,탄자니아,2025-05-01,854233,증폭기,125,0,400,0,125
8542,전자집적회로,UA,우크라이나,2025-05-01,854231,프로세서와 컨트롤러[메모리ㆍ변환기ㆍ논리회로ㆍ증폭기ㆍ클록(clock)ㆍ타이밍(timing) 회로나 그 밖의 회로를 갖춘 것인지는 상관없다],547,0,1,0,547
8542,전자집적회로,UA,우크라이나,2025-05-01,854233,증폭기,19000,0,5,0,19000
8542,전자집적회로,UA,우크라이나,2025-05-01,854239,기타,1921,0,0,0,1921
8542,전자집적회로,US,미국,2025-05-01,854231,프로세서와 컨트롤러[메모리ㆍ변환기ㆍ논리회로ㆍ증폭기ㆍ클록(clock)ㆍ타이밍(timing) 회로나 그 밖의 회로를 갖춘 것인지는 상관없다],29652557,163586047,9581,9596,-133933490
8542,전자집적회로,US,미국,2025-05-01,854232,메모리,16350664,258150,1361,74,16092514
8542,전자집적회로,US,미국,2025-05-01,854233,증폭기,1890691,1630021,82,108,260670
8542,전자집적회로,US,미국,2025-05-01,854239,기타,3153251,62113081,3310,4134,-58959830
8542,전자집적회로,US,미국,2025-05-01,854290,부분품,250940,96611,286,124,154329
8542,전자집적회로,VN,베트남,2025-05-01,854231,프로세서와 컨트롤러[메모리ㆍ변환기ㆍ논리회로ㆍ증폭기ㆍ클록(clock)ㆍ타이밍(timing) 회로나 그 밖의 회로를 갖춘 것인지는 상관없다],965783215,5421961,93255,5204,960361254
8542,전자집적회로,VN,베트남,2025-05-01,854232,메모리,809765443,16718951,64761,1971,793046492
8542,전자집적회로,VN,베트남,2025-05-01,854233,증폭기,8125417,64495,2675,8,8060922
8542,전자집적회로,VN,베트남,2025-05-01,854239,기타,226528387,1041432,57789,977,225486955
8542,전자집적회로,VN,베트남,2025-05-01,854290,부분품,1125868,17174,1896,77,1108694
8542,전자집적회로,ZA,남아프리카공화국,2025-05-01,854231,프로세서와 컨트롤러[메모리ㆍ변환기ㆍ논리회로ㆍ증폭기ㆍ클록(clock)ㆍ타이밍(timing) 회로나 그 밖의 회로를 갖춘 것인지는 상관없다],350272,0,38,0,350272
8542,전자집적회로,ZA,남아프리카공화국,2025-05-01,854232,메모리,152705,0,18,0,152705
8542,전자집적회로,ZA,남아프리카공화국,2025-05-01,854239,기타,30761,5,40,0,30756
8542,전자집적회로,AE,아랍에미리트 연합,2025-06-01,854231,프로세서와 컨트롤러[메모리ㆍ변환기ㆍ논리회로ㆍ증폭기ㆍ클록(clock)ㆍ타이밍(timing) 회로나 그 밖의 회로를 갖춘 것인지는 상관없다],290451,65250,141,3,225201
8542,전자집적회로,AE,아랍에미리트 연합,2025-06-01,854232,메모리,61502,0,3,0,61502
8542,전자집적회로,AE,아랍에미리트 연합,2025-06-01,854239,기타,3201976,0,82,0,3201976
8542,전자집적회로,AN,네덜란드 열도,2025-06-01,854231,프로세서와 컨트롤러[메모리ㆍ변환기ㆍ논리회로ㆍ증폭기ㆍ클록(clock)ㆍ타이밍(timing) 회로나 그 밖의 회로를 갖춘 것인지는 상관없다],45600,0,4,0,45600
8542,전자집적회로,AR,아르헨티나,2025-06-01,854231,프로세서와 컨트롤러[메모리ㆍ변환기ㆍ논리회로ㆍ증폭기ㆍ클록(clock)ㆍ타이밍(timing) 회로나 그 밖의 회로를 갖춘 것인지는 상관없다],76583,0,187,0,76583
8542,전자집적회로,AR,아르헨티나,2025-06-01,854232,메모리,39289,0,53,0,39289
8542,전자집적회로,AR,아르헨티나,2025-06-01,854239,기타,520740,0,1315,0,520740
8542,전자집적회로,AT,오스트리아,2025-06-01,854231,프로세서와 컨트롤러[메모리ㆍ변환기ㆍ논리회로ㆍ증폭기ㆍ클록(clock)ㆍ타이밍(timing) 회로나 그 밖의 회로를 갖춘 것인지는 상관없다],4904703,191735,2393,76,4712968
8542,전자집적회로,AT,오스트리아,2025-06-01,854232,메모리,4352749,0,776,0,4352749
8542,전자집적회로,AT,오스트리아,2025-06-01,854233,증폭기,7650,0,21,0,7650
8542,전자집적회로,AT,오스트리아,2025-06-01,854239,기타,175356,692340,377,161,-516984
8542,전자집적회로,AU,호주,2025-06-01,854231,프로세서와 컨트롤러[메모리ㆍ변환기ㆍ논리회로ㆍ증폭기ㆍ클록(clock)ㆍ타이밍(timing) 회로나 그 밖의 회로를 갖춘 것인지는 상관없다],19100,0,100,0,19100
8542,전자집적회로,AU,호주,2025-06-01,854233,증폭기,575500,6237,75,3,569263
8542,전자집적회로,AU,호주,2025-06-01,854239,기타,0,251760,0,27,-251760
8542,전자집적회로,BD,방글라데시,2025-06-01,854231,프로세서와 컨트롤러[메모리ㆍ변환기ㆍ논리회로ㆍ증폭기ㆍ클록(clock)ㆍ타이밍(timing) 회로나 그 밖의 회로를 갖춘 것인지는 상관없다],247,0,11,0,247
8542,전자집적회로,BE,벨기에,2025-06-01,854231,프로세서와 컨트롤러[메모리ㆍ변환기ㆍ논리회로ㆍ증폭기ㆍ클록(clock)ㆍ타이밍(timing) 회로나 그 밖의 회로를 갖춘 것인지는 상관없다],532308,0,62,0,532308
8542,전자집적회로,BE,벨기에,2025-06-01,854233,증폭기,10670,0,2,0,10670
8542,전자집적회로,BE,벨기에,2025-06-01,854239,기타,940,95547,33,28,-94607
8542,전자집적회로,BG,불가리아,2025-06-01,854231,프로세서와 컨트롤러[메모리ㆍ변환기ㆍ논리회로ㆍ증폭기ㆍ클록(clock)ㆍ타이밍(timing) 회로나 그 밖의 회로를 갖춘 것인지는 상관없다],0,356959,0,18,-356959
8542,전자집적회로,BG,불가리아,2025-06-01,854239,기타,0,250955,0,66,-250955
8542,전자집적회로,BR,브라질,2025-06-01,854231,프로세서와 컨트롤러[메모리ㆍ변환기ㆍ논리회로ㆍ증폭기ㆍ클록(clock)ㆍ타이밍(timing) 회로나 그 밖의 회로를 갖춘 것인지는 상관없다],34552018,41,2978,0,34551977
8542,전자집적회로,BR,브라질,2025-06-01,854232,메모리,32324448,9837,2202,9,32314611
8542,전자집적회로,BR,브라질,2025-06-01,854233,증폭기,200858,0,225,0,200858
8542,전자집적회로,BR,브라질,2025-06-01,854239,기타,2202387,1334,377,5,2201053
8542,전자집적회로,BY,벨라루스,2025-06-01,854239,기타,0,102212,0,15,-102212
8542,전자집적회로,CA,캐나다,2025-06-01,854231,프로세서와 컨트롤러[메모리ㆍ변환기ㆍ논리회로ㆍ증폭기ㆍ클록(clock)ㆍ타이밍(timing) 회로나 그 밖의 회로를 갖춘 것인지는 상관없다],13275,711196,81,26,-697921
8542,전자집적회로,CA,캐나다,2025-06-01,854232,메모리,198252,0,3,0,198252
8542,전자집적회로,CA,캐나다,2025-06-01,854233,증폭기,15812,0,2,0,15812
8542,전자집적회로,CA,캐나다,2025-06-01,854239,기타,6930348,372489,161,43,6557859
8542,전자집적회로,CA,캐나다,2025-06-01,854290,부분품,21484,0,148,0,21484
8542,전자집적회로,CH,스위스,2025-06-01,854231,프로세서와 컨트롤러[메모리ㆍ변환기ㆍ논리회로ㆍ증폭기ㆍ클록(clock)ㆍ타이밍(timing) 회로나 그 밖의 회로를 갖춘 것인지는 상관없다],172051,150780,29,75,21271
8542,전자집적회로,CH,스위스,2025-06-01,854232,메모리,0,39,0,0,-39
8542,전자집적회로,CH,스위스,2025-06-01,854233,증폭기,0,927,0,1,-927
8542,전자집적회로,CH,스위스,2025-06-01,854239,기타,0,1713908,0,239,-1713908
8542,전자집적회로,CH,스위스,2025-06-01,854290,부분품,0,27080,0,148,-27080
8542,전자집적회로,CL,칠레,2025-06-01,854239,기타,4,0,0,0,4
8542,전자집적회로,CN,중국,2025-06-01,854231,프로세서와 컨트롤러[메모리ㆍ변환기ㆍ논리회로ㆍ증폭기ㆍ클록(clock)ㆍ타이밍(timing) 회로나 그 밖의 회로를 갖춘 것인지는 상관없다],737580838,146040209,111839,62510,591540629
8542,전자집적회로,CN,중국,2025-06-01,854232,메모리,2431832095,1208683619,118794,74270,1223148476
8542,전자집적회로,CN,중국,2025-06-01,854233,증폭기,694744,6682443,566,1360,-5987699
8542,전자집적회로,CN,중국,2025-06-01,854239,기타,200715293,128050961,51530,107480,72664332
8542,전자집적회로,CN,중국,2025-06-01,854290,부분품,8908422,1071016,102954,19342,7837406
8542,전자집적회로,CR,코스타리카,2025-06-01,854231,프로세서와 컨트롤러[메모리ㆍ변환기ㆍ논리회로ㆍ증폭기ㆍ클록(clock)ㆍ타이밍(timing) 회로나 그 밖의 회로를 갖춘 것인지는 상관없다],319442,1194996,64,645,-875554
8542,전자집적회로,CR,코스타리카,2025-06-01,854239,기타,0,61234,0,10,-61234
8542,전자집적회로,CU,쿠바,2025-06-01,854231,프로세서와 컨트롤러[메모리ㆍ변환기ㆍ논리회로ㆍ증폭기ㆍ클록(clock)ㆍ타이밍(timing) 회로나 그 밖의 회로를 갖춘 것인지는 상관없다],0,1976,0,0,-1976
8542,전자집적회로,CZ,체코공화국,2025-06-01,854231,프로세서와 컨트롤러[메모리ㆍ변환기ㆍ논리회로ㆍ증폭기ㆍ클록(clock)ㆍ타이밍(timing) 회로나 그 밖의 회로를 갖춘 것인지는 상관없다],10715960,2365,3486,3,10713595
8542,전자집적회로,CZ,체코공화국,2025-06-01,854232,메모리,4784102,0,368,0,4784102
8542,전자집적회로,CZ,체코공화국,2025-06-01,854233,증폭기,430710,0,35,0,430710
8542,전자집적회로,CZ,체코공화국,2025-06-01,854239,기타,1544890,248308,1155,321,1296582
8542,전자집적회로,DE,독일,2025-06-01,854231,프로세서와 컨트롤러[메모리ㆍ변환기ㆍ논리회로ㆍ증폭기ㆍ클록(clock)ㆍ타이밍(timing) 회로나 그 밖의 회로를 갖춘 것인지는 상관없다],1890132,19009917,695,2064,-17119785
8542,전자집적회로,DE,독일,2025-06-01,854232,메모리,29074075,17444,1455,7,29056631
8542,전자집적회로,DE,독일,2025-06-01,854233,증폭기,179255,11618,61,12,167637
8542,전자집적회로,DE,독일,2025-06-01,854239,기타,8972638,30520410,14437,3301,-21547772
8542,전자집적회로,DE,독일,2025-06-01,854290,부분품,10023,94955,14,135,-84932
8542,전자집적회로,DK,덴마크,2025-06-01,854231,프로세서와 컨트롤러[메모리ㆍ변환기ㆍ논리회로ㆍ증폭기ㆍ클록(clock)ㆍ타이밍(timing) 회로나 그 밖의 회로를 갖춘 것인지는 상관없다],3483,0,4,0,3483
8542,전자집적회로,DK,덴마크,2025-06-01,854232,메모리,0,10766,0,16,-10766
8542,전자집적회로,DK,덴마크,2025-06-01,854233,증폭기,2082,0,3,0,2082
8542,전자집적회로,DK,덴마크,2025-06-01,854239,기타,964,341,2,1,623
8542,전자집적회로,DK,덴마크,2025-06-01,854290,부분품,0,55972,0,110,-55972
8542,전자집적회로,EE,에스토니아,2025-06-01,854231,프로세서와 컨트롤러[메모리ㆍ변환기ㆍ논리회로ㆍ증폭기ㆍ클록(clock)ㆍ타이밍(timing) 회로나 그 밖의 회로를 갖춘 것인지는 상관없다],12506,0,14,0,12506
8542,전자집적회로,EG,이집트,2025-06-01,854231,프로세서와 컨트롤러[메모리ㆍ변환기ㆍ논리회로ㆍ증폭기ㆍ클록(clock)ㆍ타이밍(timing) 회로나 그 밖의 회로를 갖춘 것인지는 상관없다],911304,0,96,0,911304
8542,전자집적회로,EG,이집트,2025-06-01,854232,메모리,4057102,177,255,0,4056925
8542,전자집적회로,EG,이집트,2025-06-01,854233,증폭기,5856,0,6,0,5856
8542,전자집적회로,EG,이집트,2025-06-01,854239,기타,1160400,0,194,0,1160400
8542,전자집적회로,ES,스페인,2025-06-01,854231,프로세서와 컨트롤러[메모리ㆍ변환기ㆍ논리회로ㆍ증폭기ㆍ클록(clock)ㆍ타이밍(timing) 회로나 그 밖의 회로를 갖춘 것인지는 상관없다],0,5987,0,8,-5987
8542,전자집적회로,ES,스페인,2025-06-01,854232,메모리,195768,0,21,0,195768
8542,전자집적회로,ES,스페인,2025-06-01,854239,기타,2047,117548,4,6,-115501
8542,전자집적회로,ET,에티오피아,2025-06-01,854232,메모리,159,0,4,0,159
8542,전자집적회로,FI,핀란드,2025-06-01,854231,프로세서와 컨트롤러[메모리ㆍ변환기ㆍ논리회로ㆍ증폭기ㆍ클록(clock)ㆍ타이밍(timing) 회로나 그 밖의 회로를 갖춘 것인지는 상관없다],7758,0,6,0,7758
8542,전자집적회로,FI,핀란드,2025-06-01,854232,메모리,1339,0,0,0,1339
8542,전자집적회로,FI,핀란드,2025-06-01,854233,증폭기,12164,0,2,0,12164
8542,전자집적회로,FI,핀란드,2025-06-01,854239,기타,17546,0,18,0,17546
8542,전자집적회로,FI,핀란드,2025-06-01,854290,부분품,143362,0,605,0,143362
8542,전자집적회로,FR,프랑스,2025-06-01,854231,프로세서와 컨트롤러[메모리ㆍ변환기ㆍ논리회로ㆍ증폭기ㆍ클록(clock)ㆍ타이밍(timing) 회로나 그 밖의 회로를 갖춘 것인지는 상관없다],7804311,28672948,1177,1579,-20868637
8542,전자집적회로,FR,프랑스,2025-06-01,854232,메모리,258335,792330,5,233,-533995
8542,전자집적회로,FR,프랑스,2025-06-01,854233,증폭기,1426,1263477,1,7,-1262051
8542,전자집적회로,FR,프랑스,2025-06-01,854239,기타,38175,496597,47,217,-458422
8542,전자집적회로,FR,프랑스,2025-06-01,854290,부분품,0,1000,0,1,-1000
8542,전자집적회로,GB,영국,2025-06-01,854231,프로세서와 컨트롤러[메모리ㆍ변환기ㆍ논리회로ㆍ증폭기ㆍ클록(clock)ㆍ타이밍(timing) 회로나 그 밖의 회로를 갖춘 것인지는 상관없다],301549,91097,126,77,210452
8542,전자집적회로,GB,영국,2025-06-01,854232,메모리,1207194,2791,74,2,1204403
8542,전자집적회로,GB,영국,2025-06-01,854233,증폭기,0,22616,0,63,-22616
8542,전자집적회로,GB,영국,2025-06-01,854239,기타,69235,400774,26,691,-331539
8542,전자집적회로,GB,영국,2025-06-01,854290,부분품,954,294,1,0,660
8542,전자집적회로,HK,홍콩,2025-06-01,854231,프로세서와 컨트롤러[메모리ㆍ변환기ㆍ논리회로ㆍ증폭기ㆍ클록(clock)ㆍ타이밍(timing) 회로나 그 밖의 회로를 갖춘 것인지는 상관없다],149931776,27144296,56140,7890,122787480
8542,전자집적회로,HK,홍콩,2025-06-01,854232,메모리,1622161916,15456451,151342,2640,1606705465
8542,전자집적회로,HK,홍콩,2025-06-01,854233,증폭기,885749,3408,855,12,882341
8542,전자집적회로,HK,홍콩,2025-06-01,854239,기타,148988087,6909811,38984,4008,142078276
8542,전자집적회로,HK,홍콩,2025-06-01,854290,부분품,385774,27672,1830,6,358102
8542,전자집적회로,HT,아이티,2025-06-01,854239,기타,0,14,0,0,-14
8542,전자집적회로,HU,헝가리,2025-06-01,854231,프로세서와 컨트롤러[메모리ㆍ변환기ㆍ논리회로ㆍ증폭기ㆍ클록(clock)ㆍ타이밍(timing) 회로나 그 밖의 회로를 갖춘 것인지는 상관없다],374358,4336,120,3,370022
8542,전자집적회로,HU,헝가리,2025-06-01,854232,메모리,880954,38063,51,20,842891
8542,전자집적회로,HU,헝가리,2025-06-01,854233,증폭기,9840,0,0,0,9840
8542,전자집적회로,HU,헝가리,2025-06-01,854239,기타,19438,462207,12,950,-442769
8542,전자집적회로,ID,인도네시아,2025-06-01,854231,프로세서와 컨트롤러[메모리ㆍ변환기ㆍ논리회로ㆍ증폭기ㆍ클록(clock)ㆍ타이밍(timing) 회로나 그 밖의 회로를 갖춘 것인지는 상관없다],18286864,2442396,2899,1654,15844468
8542,전자집적회로,ID,인도네시아,2025-06-01,854232,메모리,24571335,112965,1463,9,24458370
8542,전자집적회로,ID,인도네시아,2025-06-01,854233,증폭기,135597,0,43,0,135597
8542,전자집적회로,ID,인도네시아,2025-06-01,854239,기타,2738436,3747861,875,2246,-1009425
8542,전자집적회로,ID,인도네시아,2025-06-01,854290,부분품,102731,6994,1344,6,95737
8542,전자집적회로,IE,아일랜드,2025-06-01,854231,프로세서와 컨트롤러[메모리ㆍ변환기ㆍ논리회로ㆍ증폭기ㆍ클록(clock)ㆍ타이밍(timing) 회로나 그 밖의 회로를 갖춘 것인지는 상관없다],19648,325951,9,12,-306303
8542,전자집적회로,IE,아일랜드,2025-06-01,854239,기타,6190,67553,4,3,-61363
8542,전자집적회로,IL,이스라엘,2025-06-01,854231,프로세서와 컨트롤러[메모리ㆍ변환기ㆍ논리회로ㆍ증폭기ㆍ클록(clock)ㆍ타이밍(timing) 회로나 그 밖의 회로를 갖춘 것인지는 상관없다],1434000,35654,434,5,1398346
8542,전자집적회로,IL,이스라엘,2025-06-01,854232,메모리,21323,0,8,0,21323
8542,전자집적회로,IL,이스라엘,2025-06-01,854233,증폭기,1144,0,0,0,1144
8542,전자집적회로,IL,이스라엘,2025-06-01,854239,기타,38890,6784543,74,75,-6745653
8542,전자집적회로,IL,이스라엘,2025-06-01,854290,부분품,0,64397,2,1,-64397
8542,전자집적회로,IN,인도,2025-06-01,854231,프로세서와 컨트롤러[메모리ㆍ변환기ㆍ논리회로ㆍ증폭기ㆍ클록(clock)ㆍ타이밍(timing) 회로나 그 밖의 회로를 갖춘 것인지는 상관없다],129408612,3054,28548,12,129405558
8542,전자집적회로,IN,인도,2025-06-01,854232,메모리,80730673,0,3220,0,80730673
8542,전자집적회로,IN,인도,2025-06-01,854233,증폭기,413503,7,348,0,413496
8542,전자집적회로,IN,인도,2025-06-01,854239,기타,10320367,483086,4586,35,9837281
8542,전자집적회로,IN,인도,2025-06-01,854290,부분품,1132,169,6,0,963
8542,전자집적회로,IT,이탈리아,2025-06-01,854231,프로세서와 컨트롤러[메모리ㆍ변환기ㆍ논리회로ㆍ증폭기ㆍ클록(clock)ㆍ타이밍(timing) 회로나 그 밖의 회로를 갖춘 것인지는 상관없다],943911,4433855,369,217,-3489944
8542,전자집적회로,IT,이탈리아,2025-06-01,854232,메모리,446256,0,10,0,446256
8542,전자집적회로,IT,이탈리아,2025-06-01,854233,증폭기,22655,0,11,0,22655
8542,전자집적회로,IT,이탈리아,2025-06-01,854239,기타,132738,9438083,152,184,-9305345
8542,전자집적회로,IT,이탈리아,2025-06-01,854290,부분품,8926,12454,36,24,-3528
8542,전자집적회로,JO,요르단,2025-06-01,854290,부분품,150000,0,7,0,150000
8542,전자집적회로,JP,일본,2025-06-01,854231,프로세서와 컨트롤러[메모리ㆍ변환기ㆍ논리회로ㆍ증폭기ㆍ클록(clock)ㆍ타이밍(timing) 회로나 그 밖의 회로를 갖춘 것인지는 상관없다],39864212,419653944,13444,11196,-379789732
8542,전자집적회로,JP,일본,2025-06-01,854232,메모리,64712673,5199498,2992,486,59513175
8542,전자집적회로,JP,일본,2025-06-01,854233,증폭기,45879,565808,61,263,-519929
8542,전자집적회로,JP,일본,2025-06-01,854239,기타,3641161,21518065,1430,23567,-17876904
8542,전자집적회로,JP,일본,2025-06-01,854290,부분품,364001,801103,4476,13331,-437102
8542,전자집적회로,KY,영령 캐이맨 군도,2025-06-01,854239,기타,0,6559,0,7,-6559
8542,전자집적회로,LK,스리랑카,2025-06-01,854239,기타,0,5601,0,31,-5601
8542,전자집적회로,LT,리투아니아,2025-06-01,854239,기타,213350,0,1,0,213350
8542,전자집적회로,LV,라트비아,2025-06-01,854231,프로세서와 컨트롤러[메모리ㆍ변환기ㆍ논리회로ㆍ증폭기ㆍ클록(clock)ㆍ타이밍(timing) 회로나 그 밖의 회로를 갖춘 것인지는 상관없다],0,862,0,0,-862
8542,전자집적회로,MA,모로코,2025-06-01,854231,프로세서와 컨트롤러[메모리ㆍ변환기ㆍ논리회로ㆍ증폭기ㆍ클록(clock)ㆍ타이밍(timing) 회로나 그 밖의 회로를 갖춘 것인지는 상관없다],0,280126,0,276,-280126
8542,전자집적회로,MA,모로코,2025-06-01,854233,증폭기,0,181000,0,148,-181000
8542,전자집적회로,MA,모로코,2025-06-01,854239,기타,0,1515806,0,3849,-1515806
8542,전자집적회로,MA,모로코,2025-06-01,854290,부분품,300756,0,5902,0,300756
8542,전자집적회로,MK,마세도니아,2025-06-01,854239,기타,0,3337,0,11,-3337
8542,전자집적회로,MT,몰타,2025-06-01,854231,프로세서와 컨트롤러[메모리ㆍ변환기ㆍ논리회로ㆍ증폭기ㆍ클록(clock)ㆍ타이밍(timing) 회로나 그 밖의 회로를 갖춘 것인지는 상관없다],1431604,3567799,1062,1161,-2136195
8542,전자집적회로,MT,몰타,2025-06-01,854239,기타,46260,2241959,222,438,-2195699
8542,전자집적회로,MT,몰타,2025-06-01,854290,부분품,59099,0,613,0,59099
8542,전자집적회로,MX,멕시코,2025-06-01,854231,프로세서와 컨트롤러[메모리ㆍ변환기ㆍ논리회로ㆍ증폭기ㆍ클록(clock)ㆍ타이밍(timing) 회로나 그 밖의 회로를 갖춘 것인지는 상관없다],15308267,2331346,10154,916,12976921
8542,전자집적회로,MX,멕시코,2025-06-01,854232,메모리,13575476,17607,2559,5,13557869
8542,전자집적회로,MX,멕시코,2025-06-01,854233,증폭기,121579,1516901,57,664,-1395322
8542,전자집적회로,MX,멕시코,2025-06-01,854239,기타,19850652,1017632,7914,1088,18833020
8542,전자집적회로,MY,말레이시아,2025-06-01,854231,프로세서와 컨트롤러[메모리ㆍ변환기ㆍ논리회로ㆍ증폭기ㆍ클록(clock)ㆍ타이밍(timing) 회로나 그 밖의 회로를 갖춘 것인지는 상관없다],78671372,126703378,32854,16393,-48032006
8542,전자집적회로,MY,말레이시아,2025-06-01,854232,메모리,266711985,4530915,2945,661,262181070
8542,전자집적회로,MY,말레이시아,2025-06-01,854233,증폭기,38905,1862930,4,1310,-1824025
8542,전자집적회로,MY,말레이시아,2025-06-01,854239,기타,17085198,57498362,16671,24006,-40413164
8542,전자집적회로,MY,말레이시아,2025-06-01,854290,부분품,5316033,2882,80910,68,5313151
8542,전자집적회로,NA,나미비아,2025-06-01,854239,기타,0,800,0,1,-800
8542,전자집적회로,NL,네덜란드,2025-06-01,854231,프로세서와 컨트롤러[메모리ㆍ변환기ㆍ논리회로ㆍ증폭기ㆍ클록(clock)ㆍ타이밍(timing) 회로나 그 밖의 회로를 갖춘 것인지는 상관없다],4647865,16805960,1711,1590,-12158095
8542,전자집적회로,NL,네덜란드,2025-06-01,854232,메모리,6596694,953964,384,443,5642730
8542,전자집적회로,NL,네덜란드,2025-06-01,854233,증폭기,0,258311,0,15,-258311
8542,전자집적회로,NL,네덜란드,2025-06-01,854239,기타,80408,39471,221,104,40937
8542,전자집적회로,NO,노르웨이,2025-06-01,854231,프로세서와 컨트롤러[메모리ㆍ변환기ㆍ논리회로ㆍ증폭기ㆍ클록(clock)ㆍ타이밍(timing) 회로나 그 밖의 회로를 갖춘 것인지는 상관없다],2200,0,0,0,2200
8542,전자집적회로,NO,노르웨이,2025-06-01,854233,증폭기,0,11915,0,93,-11915
8542,전자집적회로,NO,노르웨이,2025-06-01,854239,기타,693,62475,2,2,-61782
8542,전자집적회로,NZ,뉴질랜드,2025-06-01,854239,기타,0,7161,0,1,-7161
8542,전자집적회로,NZ,뉴질랜드,2025-06-01,854290,부분품,0,1547,0,10,-1547
8542,전자집적회로,PA,파나마,2025-06-01,854231,프로세서와 컨트롤러[메모리ㆍ변환기ㆍ논리회로ㆍ증폭기ㆍ클록(clock)ㆍ타이밍(timing) 회로나 그 밖의 회로를 갖춘 것인지는 상관없다],1,0,0,0,1
8542,전자집적회로,PG,파푸아 뉴기니,2025-06-01,854239,기타,0,102,0,1,-102
8542,전자집적회로,PH,필리핀,2025-06-01,854231,프로세서와 컨트롤러[메모리ㆍ변환기ㆍ논리회로ㆍ증폭기ㆍ클록(clock)ㆍ타이밍(timing) 회로나 그 밖의 회로를 갖춘 것인지는 상관없다],62380973,25937636,28589,10804,36443337
8542,전자집적회로,PH,필리핀,2025-06-01,854232,메모리,126544493,3937359,7156,426,122607134
8542,전자집적회로,PH,필리핀,2025-06-01,854233,증폭기,20583,314477,2,748,-293894
8542,전자집적회로,PH,필리핀,2025-06-01,854239,기타,13753572,31687236,11149,10956,-17933664
8542,전자집적회로,PH,필리핀,2025-06-01,854290,부분품,3144142,18590,35423,29,3125552
8542,전자집적회로,PL,폴란드,2025-06-01,854231,프로세서와 컨트롤러[메모리ㆍ변환기ㆍ논리회로ㆍ증폭기ㆍ클록(clock)ㆍ타이밍(timing) 회로나 그 밖의 회로를 갖춘 것인지는 상관없다],24071129,7164,15128,5,24063965
8542,전자집적회로,PL,폴란드,2025-06-01,854232,메모리,3315400,0,640,0,3315400
8542,전자집적회로,PL,폴란드,2025-06-01,854233,증폭기,475154,0,566,0,475154
8542,전자집적회로,PL,폴란드,2025-06-01,854239,기타,6018412,1859,2640,2,6016553
8542,전자집적회로,PN,피트카이른,2025-06-01,854231,프로세서와 컨트롤러[메모리ㆍ변환기ㆍ논리회로ㆍ증폭기ㆍ클록(clock)ㆍ타이밍(timing) 회로나 그 밖의 회로를 갖춘 것인지는 상관없다],4419,0,5,0,4419
8542,전자집적회로,PT,포루투갈,2025-06-01,854231,프로세서와 컨트롤러[메모리ㆍ변환기ㆍ논리회로ㆍ증폭기ㆍ클록(clock)ㆍ타이밍(timing) 회로나 그 밖의 회로를 갖춘 것인지는 상관없다],7359566,340363,3192,19,7019203
8542,전자집적회로,PT,포루투갈,2025-06-01,854232,메모리,7042537,55,173,0,7042482
8542,전자집적회로,PT,포루투갈,2025-06-01,854239,기타,420,1003905,1,38,-1003485
8542,전자집적회로,PT,포루투갈,2025-06-01,854290,부분품,9667,0,148,0,9667
8542,전자집적회로,QA,카타르,2025-06-01,854232,메모리,0,112654,0,2,-112654
8542,전자집적회로,QA,카타르,2025-06-01,854239,기타,675,0,1,0,675
8542,전자집적회로,RO,루마니아,2025-06-01,854231,프로세서와 컨트롤러[메모리ㆍ변환기ㆍ논리회로ㆍ증폭기ㆍ클록(clock)ㆍ타이밍(timing) 회로나 그 밖의 회로를 갖춘 것인지는 상관없다],73831,15675,75,26,58156
8542,전자집적회로,RO,루마니아,2025-06-01,854232,메모리,0,2888,0,0,-2888
8542,전자집적회로,RO,루마니아,2025-06-01,854239,기타,37938,0,15,0,37938
8542,전자집적회로,RS,세르비아,2025-06-01,854231,프로세서와 컨트롤러[메모리ㆍ변환기ㆍ논리회로ㆍ증폭기ㆍ클록(clock)ㆍ타이밍(timing) 회로나 그 밖의 회로를 갖춘 것인지는 상관없다],100916,0,317,0,100916
8542,전자집적회로,RS,세르비아,2025-06-01,854239,기타,394698,0,715,0,394698
8542,전자집적회로,SE,스웨덴,2025-06-01,854231,프로세서와 컨트롤러[메모리ㆍ변환기ㆍ논리회로ㆍ증폭기ㆍ클록(clock)ㆍ타이밍(timing) 회로나 그 밖의 회로를 갖춘 것인지는 상관없다],4478648,37820,1849,9,4440828
8542,전자집적회로,SE,스웨덴,2025-06-01,854232,메모리,2661,0,0,0,2661
8542,전자집적회로,SE,스웨덴,2025-06-01,854233,증폭기,372,0,0,0,372
8542,전자집적회로,SE,스웨덴,2025-06-01,854239,기타,45865,0,8,0,45865
8542,전자집적회로,SG,싱가포르,2025-06-01,854231,프로세서와 컨트롤러[메모리ㆍ변환기ㆍ논리회로ㆍ증폭기ㆍ클록(clock)ㆍ타이밍(timing) 회로나 그 밖의 회로를 갖춘 것인지는 상관없다],373467640,160842530,61798,9826,212625110
8542,전자집적회로,SG,싱가포르,2025-06-01,854232,메모리,38467453,44821429,3394,1242,-6353976
8542,전자집적회로,SG,싱가포르,2025-06-01,854233,증폭기,2641,5245546,2,196,-5242905
8542,전자집적회로,SG,싱가포르,2025-06-01,854239,기타,6915516,14681381,43676,4507,-7765865
8542,전자집적회로,SG,싱가포르,2025-06-01,854290,부분품,386819,20839,7070,282,365980
8542,전자집적회로,SI,슬로베니아,2025-06-01,854231,프로세서와 컨트롤러[메모리ㆍ변환기ㆍ논리회로ㆍ증폭기ㆍ클록(clock)ㆍ타이밍(timing) 회로나 그 밖의 회로를 갖춘 것인지는 상관없다],0,5678,0,8,-5678
8542,전자집적회로,SI,슬로베니아,2025-06-01,854239,기타,0,12156,0,3,-12156
8542,전자집적회로,SK,슬로바키아,2025-06-01,854231,프로세서와 컨트롤러[메모리ㆍ변환기ㆍ논리회로ㆍ증폭기ㆍ클록(clock)ㆍ타이밍(timing) 회로나 그 밖의 회로를 갖춘 것인지는 상관없다],39589,0,69,0,39589
8542,전자집적회로,SK,슬로바키아,2025-06-01,854232,메모리,418691,35,35,0,418656
8542,전자집적회로,SK,슬로바키아,2025-06-01,854233,증폭기,13678,0,7,0,13678
8542,전자집적회로,SK,슬로바키아,2025-06-01,854239,기타,32976,0,16,0,32976
8542,전자집적회로,SV,엘살바도르,2025-06-01,854239,기타,0,2686,0,3,-2686
8542,전자집적회로,SZ,스와질랜드,2025-06-01,854231,프로세서와 컨트롤러[메모리ㆍ변환기ㆍ논리회로ㆍ증폭기ㆍ클록(clock)ㆍ타이밍(timing) 회로나 그 밖의 회로를 갖춘 것인지는 상관없다],2,0,1,0,2
8542,전자집적회로,TH,태국,2025-06-01,854231,프로세서와 컨트롤러[메모리ㆍ변환기ㆍ논리회로ㆍ증폭기ㆍ클록(clock)ㆍ타이밍(timing) 회로나 그 밖의 회로를 갖춘 것인지는 상관없다],30569683,15956738,15227,10279,14612945
8542,전자집적회로,TH,태국,2025-06-01,854232,메모리,27167605,2870943,2115,579,24296662
8542,전자집적회로,TH,태국,2025-06-01,854233,증폭기,1672,1006993,4,248,-1005321
8542,전자집적회로,TH,태국,2025-06-01,854239,기타,9986490,34280274,5616,13257,-24293784
8542,전자집적회로,TH,태국,2025-06-01,854290,부분품,4268421,20913,49643,25,4247508
8542,전자집적회로,TN,튀니지,2025-06-01,854239,기타,0,316,0,0,-316
8542,전자집적회로,TR,튀르키예,2025-06-01,854231,프로세서와 컨트롤러[메모리ㆍ변환기ㆍ논리회로ㆍ증폭기ㆍ클록(clock)ㆍ타이밍(timing) 회로나 그 밖의 회로를 갖춘 것인지는 상관없다],1268006,0,111,0,1268006
8542,전자집적회로,TR,튀르키예,2025-06-01,854232,메모리,6087199,0,224,0,6087199
8542,전자집적회로,TR,튀르키예,2025-06-01,854233,증폭기,345975,0,133,0,345975
8542,전자집적회로,TR,튀르키예,2025-06-01,854239,기타,1728907,289,333,2,1728618
8542,전자집적회로,TW,대만,2025-06-01,854231,프로세서와 컨트롤러[메모리ㆍ변환기ㆍ논리회로ㆍ증폭기ㆍ클록(clock)ㆍ타이밍(timing) 회로나 그 밖의 회로를 갖춘 것인지는 상관없다],293242954,1549855677,79969,110844,-1256612723
8542,전자집적회로,TW,대만,2025-06-01,854232,메모리,2731033579,136420773,30336,13494,2594612806
8542,전자집적회로,TW,대만,2025-06-01,854233,증폭기,135311,3078304,31,579,-2942993
8542,전자집적회로,TW,대만,2025-06-01,854239,기타,328852055,529251945,26861,44635,-200399890
8542,전자집적회로,TW,대만,2025-06-01,854290,부분품,5303744,810722,68688,1797,4493022
8542,전자집적회로,US,미국,2025-06-01,854231,프로세서와 컨트롤러[메모리ㆍ변환기ㆍ논리회로ㆍ증폭기ㆍ클록(clock)ㆍ타이밍(timing) 회로나 그 밖의 회로를 갖춘 것인지는 상관없다],69217086,152532996,11914,11826,-83315910
8542,전자집적회로,US,미국,2025-06-01,854232,메모리,13301810,1830514,1047,515,11471296
8542,전자집적회로,US,미국,2025-06-01,854233,증폭기,270198,1167790,22,106,-897592
8542,전자집적회로,US,미국,2025-06-01,854239,기타,3914551,44089269,3273,4522,-40174718
8542,전자집적회로,US,미국,2025-06-01,854290,부분품,85225,295541,262,93,-210316
8542,전자집적회로,VN,베트남,2025-06-01,854231,프로세서와 컨트롤러[메모리ㆍ변환기ㆍ논리회로ㆍ증폭기ㆍ클록(clock)ㆍ타이밍(timing) 회로나 그 밖의 회로를 갖춘 것인지는 상관없다],876112557,6745751,81967,5253,869366806
8542,전자집적회로,VN,베트남,2025-06-01,854232,메모리,688007107,6666187,44209,1021,681340920
8542,전자집적회로,VN,베트남,2025-06-01,854233,증폭기,6789126,21397,1385,3,6767729
8542,전자집적회로,VN,베트남,2025-06-01,854239,기타,199191727,533556,53188,462,198658171
8542,전자집적회로,VN,베트남,2025-06-01,854290,부분품,1699570,17359,2606,50,1682211
8542,전자집적회로,ZA,남아프리카공화국,2025-06-01,854231,프로세서와 컨트롤러[메모리ㆍ변환기ㆍ논리회로ㆍ증폭기ㆍ클록(clock)ㆍ타이밍(timing) 회로나 그 밖의 회로를 갖춘 것인지는 상관없다],61902,7,45,0,61895
8542,전자집적회로,ZA,남아프리카공화국,2025-06-01,854232,메모리,66876,0,10,0,66876
8542,전자집적회로,ZA,남아프리카공화국,2025-06-01,854233,증폭기,6446,0,2,0,6446
8542,전자집적회로,ZA,남아프리카공화국,2025-06-01,854239,기타,153,0,1,0,153
8542,전자집적회로,AE,아랍에미리트 연합,2025-07-01,854231,프로세서와 컨트롤러[메모리ㆍ변환기ㆍ논리회로ㆍ증폭기ㆍ클록(clock)ㆍ타이밍(timing) 회로나 그 밖의 회로를 갖춘 것인지는 상관없다],37437,0,22,0,37437
8542,전자집적회로,AE,아랍에미리트 연합,2025-07-01,854233,증폭기,0,647,0,2,-647
8542,전자집적회로,AE,아랍에미리트 연합,2025-07-01,854239,기타,2630688,0,40,0,2630688
8542,전자집적회로,AR,아르헨티나,2025-07-01,854231,프로세서와 컨트롤러[메모리ㆍ변환기ㆍ논리회로ㆍ증폭기ㆍ클록(clock)ㆍ타이밍(timing) 회로나 그 밖의 회로를 갖춘 것인지는 상관없다],34640,0,67,0,34640
8542,전자집적회로,AR,아르헨티나,2025-07-01,854232,메모리,43654,0,99,0,43654
8542,전자집적회로,AR,아르헨티나,2025-07-01,854239,기타,440810,0,986,0,440810
8542,전자집적회로,AT,오스트리아,2025-07-01,854231,프로세서와 컨트롤러[메모리ㆍ변환기ㆍ논리회로ㆍ증폭기ㆍ클록(clock)ㆍ타이밍(timing) 회로나 그 밖의 회로를 갖춘 것인지는 상관없다],4027651,303768,1925,57,3723883
8542,전자집적회로,AT,오스트리아,2025-07-01,854232,메모리,4541151,0,547,0,4541151
8542,전자집적회로,AT,오스트리아,2025-07-01,854233,증폭기,8659,454,10,0,8205
8542,전자집적회로,AT,오스트리아,2025-07-01,854239,기타,116394,654168,222,230,-537774
8542,전자집적회로,AU,호주,2025-07-01,854231,프로세서와 컨트롤러[메모리ㆍ변환기ㆍ논리회로ㆍ증폭기ㆍ클록(clock)ㆍ타이밍(timing) 회로나 그 밖의 회로를 갖춘 것인지는 상관없다],10372,0,32,0,10372
8542,전자집적회로,AU,호주,2025-07-01,854233,증폭기,200,8819,1,5,-8619
8542,전자집적회로,AU,호주,2025-07-01,854239,기타,13370,3535,4,0,9835
8542,전자집적회로,AU,호주,2025-07-01,854290,부분품,0,33,0,0,-33
8542,전자집적회로,BD,방글라데시,2025-07-01,854231,프로세서와 컨트롤러[메모리ㆍ변환기ㆍ논리회로ㆍ증폭기ㆍ클록(clock)ㆍ타이밍(timing) 회로나 그 밖의 회로를 갖춘 것인지는 상관없다],3256,0,49,0,3256
8542,전자집적회로,BD,방글라데시,2025-07-01,854290,부분품,399,0,10,0,399
8542,전자집적회로,BE,벨기에,2025-07-01,854231,프로세서와 컨트롤러[메모리ㆍ변환기ㆍ논리회로ㆍ증폭기ㆍ클록(clock)ㆍ타이밍(timing) 회로나 그 밖의 회로를 갖춘 것인지는 상관없다],354802,17690,41,3,337112
8542,전자집적회로,BE,벨기에,2025-07-01,854239,기타,384,268276,2,35,-267892
8542,전자집적회로,BE,벨기에,2025-07-01,854290,부분품,0,262,0,0,-262
8542,전자집적회로,BG,불가리아,2025-07-01,854231,프로세서와 컨트롤러[메모리ㆍ변환기ㆍ논리회로ㆍ증폭기ㆍ클록(clock)ㆍ타이밍(timing) 회로나 그 밖의 회로를 갖춘 것인지는 상관없다],41982,133551,2,8,-91569
8542,전자집적회로,BG,불가리아,2025-07-01,854239,기타,0,27959,0,8,-27959
8542,전자집적회로,BH,바레인,2025-07-01,854231,프로세서와 컨트롤러[메모리ㆍ변환기ㆍ논리회로ㆍ증폭기ㆍ클록(clock)ㆍ타이밍(timing) 회로나 그 밖의 회로를 갖춘 것인지는 상관없다],198,0,0,0,198
8542,전자집적회로,BR,브라질,2025-07-01,854231,프로세서와 컨트롤러[메모리ㆍ변환기ㆍ논리회로ㆍ증폭기ㆍ클록(clock)ㆍ타이밍(timing) 회로나 그 밖의 회로를 갖춘 것인지는 상관없다],35290403,978,3519,2,35289425
8542,전자집적회로,BR,브라질,2025-07-01,854232,메모리,31105395,0,1629,0,31105395
8542,전자집적회로,BR,브라질,2025-07-01,854233,증폭기,180531,0,224,0,180531
8542,전자집적회로,BR,브라질,2025-07-01,854239,기타,2826776,312,665,1,2826464
8542,전자집적회로,BR,브라질,2025-07-01,854290,부분품,0,869,0,6,-869
8542,전자집적회로,BY,벨라루스,2025-07-01,854239,기타,0,16404,0,1,-16404
8542,전자집적회로,CA,캐나다,2025-07-01,854231,프로세서와 컨트롤러[메모리ㆍ변환기ㆍ논리회로ㆍ증폭기ㆍ클록(clock)ㆍ타이밍(timing) 회로나 그 밖의 회로를 갖춘 것인지는 상관없다],3832308,32247,203,19,3800061
8542,전자집적회로,CA,캐나다,2025-07-01,854232,메모리,503633,0,5,0,503633
8542,전자집적회로,CA,캐나다,2025-07-01,854233,증폭기,21602,9005,2,1,12597
8542,전자집적회로,CA,캐나다,2025-07-01,854239,기타,6667354,614018,194,66,6053336
8542,전자집적회로,CA,캐나다,2025-07-01,854290,부분품,40867,700,69,0,40167
8542,전자집적회로,CH,스위스,2025-07-01,854231,프로세서와 컨트롤러[메모리ㆍ변환기ㆍ논리회로ㆍ증폭기ㆍ클록(clock)ㆍ타이밍(timing) 회로나 그 밖의 회로를 갖춘 것인지는 상관없다],81306,677018,12,72,-595712
8542,전자집적회로,CH,스위스,2025-07-01,854232,메모리,0,263,0,0,-263
8542,전자집적회로,CH,스위스,2025-07-01,854233,증폭기,0,3346,0,3,-3346
8542,전자집적회로,CH,스위스,2025-07-01,854239,기타,0,938348,0,118,-938348
8542,전자집적회로,CH,스위스,2025-07-01,854290,부분품,0,4752,0,7,-4752
8542,전자집적회로,CN,중국,2025-07-01,854231,프로세서와 컨트롤러[메모리ㆍ변환기ㆍ논리회로ㆍ증폭기ㆍ클록(clock)ㆍ타이밍(timing) 회로나 그 밖의 회로를 갖춘 것인지는 상관없다],845497231,151657703,118350,62531,693839528
8542,전자집적회로,CN,중국,2025-07-01,854232,메모리,2563250911,1446085358,118330,68632,1117165553
8542,전자집적회로,CN,중국,2025-07-01,854233,증폭기,572080,5110911,778,1771,-4538831
8542,전자집적회로,CN,중국,2025-07-01,854239,기타,176900936,128239829,43139,111963,48661107
8542,전자집적회로,CN,중국,2025-07-01,854290,부분품,9038333,1140082,125853,26119,7898251
8542,전자집적회로,CR,코스타리카,2025-07-01,854231,프로세서와 컨트롤러[메모리ㆍ변환기ㆍ논리회로ㆍ증폭기ㆍ클록(clock)ㆍ타이밍(timing) 회로나 그 밖의 회로를 갖춘 것인지는 상관없다],430781,372897,79,91,57884
8542,전자집적회로,CR,코스타리카,2025-07-01,854239,기타,0,107888,0,21,-107888
8542,전자집적회로,CZ,체코공화국,2025-07-01,854231,프로세서와 컨트롤러[메모리ㆍ변환기ㆍ논리회로ㆍ증폭기ㆍ클록(clock)ㆍ타이밍(timing) 회로나 그 밖의 회로를 갖춘 것인지는 상관없다],12283323,562,3612,0,12282761
8542,전자집적회로,CZ,체코공화국,2025-07-01,854232,메모리,6483899,2570,628,2,6481329
8542,전자집적회로,CZ,체코공화국,2025-07-01,854233,증폭기,725481,604,68,2,724877
8542,전자집적회로,CZ,체코공화국,2025-07-01,854239,기타,1775452,495702,710,637,1279750
8542,전자집적회로,CZ,체코공화국,2025-07-01,854290,부분품,0,1340,0,34,-1340
8542,전자집적회로,DE,독일,2025-07-01,854231,프로세서와 컨트롤러[메모리ㆍ변환기ㆍ논리회로ㆍ증폭기ㆍ클록(clock)ㆍ타이밍(timing) 회로나 그 밖의 회로를 갖춘 것인지는 상관없다],1447503,33556271,687,2594,-32108768
8542,전자집적회로,DE,독일,2025-07-01,854232,메모리,10407006,4932,733,86,10402074
8542,전자집적회로,DE,독일,2025-07-01,854233,증폭기,75178,69882,21,21,5296
8542,전자집적회로,DE,독일,2025-07-01,854239,기타,9352725,22099308,14131,2264,-12746583
8542,전자집적회로,DE,독일,2025-07-01,854290,부분품,5051,270873,46,711,-265822
8542,전자집적회로,DK,덴마크,2025-07-01,854231,프로세서와 컨트롤러[메모리ㆍ변환기ㆍ논리회로ㆍ증폭기ㆍ클록(clock)ㆍ타이밍(timing) 회로나 그 밖의 회로를 갖춘 것인지는 상관없다],0,228,0,0,-228
8542,전자집적회로,DK,덴마크,2025-07-01,854232,메모리,0,1160,0,3,-1160
8542,전자집적회로,DK,덴마크,2025-07-01,854233,증폭기,8250,0,2,0,8250
8542,전자집적회로,DK,덴마크,2025-07-01,854239,기타,48238,2570,141,10,45668
8542,전자집적회로,DK,덴마크,2025-07-01,854290,부분품,0,128856,0,400,-128856
8542,전자집적회로,DO,도미니카 공화국,2025-07-01,854290,부분품,4360,0,11,0,4360
8542,전자집적회로,EE,에스토니아,2025-07-01,854231,프로세서와 컨트롤러[메모리ㆍ변환기ㆍ논리회로ㆍ증폭기ㆍ클록(clock)ㆍ타이밍(timing) 회로나 그 밖의 회로를 갖춘 것인지는 상관없다],3088,0,8,0,3088
8542,전자집적회로,EE,에스토니아,2025-07-01,854232,메모리,13037,0,0,0,13037
8542,전자집적회로,EG,이집트,2025-07-01,854231,프로세서와 컨트롤러[메모리ㆍ변환기ㆍ논리회로ㆍ증폭기ㆍ클록(clock)ㆍ타이밍(timing) 회로나 그 밖의 회로를 갖춘 것인지는 상관없다],3985913,27,780,0,3985886
8542,전자집적회로,EG,이집트,2025-07-01,854232,메모리,7344611,32,399,0,7344579
8542,전자집적회로,EG,이집트,2025-07-01,854233,증폭기,20772,0,14,0,20772
8542,전자집적회로,EG,이집트,2025-07-01,854239,기타,1032665,63,156,0,1032602
8542,전자집적회로,ES,스페인,2025-07-01,854231,프로세서와 컨트롤러[메모리ㆍ변환기ㆍ논리회로ㆍ증폭기ㆍ클록(clock)ㆍ타이밍(timing) 회로나 그 밖의 회로를 갖춘 것인지는 상관없다],10159,79532,17,12,-69373
8542,전자집적회로,ES,스페인,2025-07-01,854232,메모리,131878,0,14,0,131878
8542,전자집적회로,ES,스페인,2025-07-01,854233,증폭기,4377,0,1,0,4377
8542,전자집적회로,ES,스페인,2025-07-01,854239,기타,3317,208306,3,32,-204989
8542,전자집적회로,FI,핀란드,2025-07-01,854231,프로세서와 컨트롤러[메모리ㆍ변환기ㆍ논리회로ㆍ증폭기ㆍ클록(clock)ㆍ타이밍(timing) 회로나 그 밖의 회로를 갖춘 것인지는 상관없다],0,6985,0,4,-6985
8542,전자집적회로,FI,핀란드,2025-07-01,854232,메모리,41,34,0,1,7
8542,전자집적회로,FI,핀란드,2025-07-01,854233,증폭기,69,0,0,0,69
8542,전자집적회로,FI,핀란드,2025-07-01,854239,기타,13559,0,4,0,13559
8542,전자집적회로,FI,핀란드,2025-07-01,854290,부분품,62887,0,224,0,62887
8542,전자집적회로,FR,프랑스,2025-07-01,854231,프로세서와 컨트롤러[메모리ㆍ변환기ㆍ논리회로ㆍ증폭기ㆍ클록(clock)ㆍ타이밍(timing) 회로나 그 밖의 회로를 갖춘 것인지는 상관없다],10150260,32052575,1665,1537,-21902315
8542,전자집적회로,FR,프랑스,2025-07-01,854232,메모리,970,2534110,1,190,-2533140
8542,전자집적회로,FR,프랑스,2025-07-01,854233,증폭기,5470,107458,1,8,-101988
8542,전자집적회로,FR,프랑스,2025-07-01,854239,기타,76055,1520305,48,137,-1444250
8542,전자집적회로,FR,프랑스,2025-07-01,854290,부분품,0,1074,0,2,-1074
8542,전자집적회로,GB,영국,2025-07-01,854231,프로세서와 컨트롤러[메모리ㆍ변환기ㆍ논리회로ㆍ증폭기ㆍ클록(clock)ㆍ타이밍(timing) 회로나 그 밖의 회로를 갖춘 것인지는 상관없다],185708,176724,113,410,8984
8542,전자집적회로,GB,영국,2025-07-01,854232,메모리,491956,1597,32,2,490359
8542,전자집적회로,GB,영국,2025-07-01,854233,증폭기,0,3033,0,3,-3033
8542,전자집적회로,GB,영국,2025-07-01,854239,기타,14630,275802,24,250,-261172
8542,전자집적회로,GB,영국,2025-07-01,854290,부분품,630,6947,3,24,-6317
8542,전자집적회로,GR,그리스,2025-07-01,854239,기타,0,436,0,0,-436
8542,전자집적회로,HK,홍콩,2025-07-01,854231,프로세서와 컨트롤러[메모리ㆍ변환기ㆍ논리회로ㆍ증폭기ㆍ클록(clock)ㆍ타이밍(timing) 회로나 그 밖의 회로를 갖춘 것인지는 상관없다],144362740,13808148,53913,3469,130554592
8542,전자집적회로,HK,홍콩,2025-07-01,854232,메모리,1218171109,28476023,85477,2665,1189695086
8542,전자집적회로,HK,홍콩,2025-07-01,854233,증폭기,1014923,252038,1090,57,762885
8542,전자집적회로,HK,홍콩,2025-07-01,854239,기타,132951882,8990006,39288,4391,123961876
8542,전자집적회로,HK,홍콩,2025-07-01,854290,부분품,101390,1557,1119,3,99833
8542,전자집적회로,HR,크로아티아,2025-07-01,854239,기타,7920,0,1,0,7920
8542,전자집적회로,HT,아이티,2025-07-01,854239,기타,0,14,0,0,-14
8542,전자집적회로,HU,헝가리,2025-07-01,854231,프로세서와 컨트롤러[메모리ㆍ변환기ㆍ논리회로ㆍ증폭기ㆍ클록(clock)ㆍ타이밍(timing) 회로나 그 밖의 회로를 갖춘 것인지는 상관없다],44,59027,1,42,-58983
8542,전자집적회로,HU,헝가리,2025-07-01,854232,메모리,868858,0,39,0,868858
8542,전자집적회로,HU,헝가리,2025-07-01,854233,증폭기,90668,0,3,0,90668
8542,전자집적회로,HU,헝가리,2025-07-01,854239,기타,8,0,1,0,8
8542,전자집적회로,ID,인도네시아,2025-07-01,854231,프로세서와 컨트롤러[메모리ㆍ변환기ㆍ논리회로ㆍ증폭기ㆍ클록(clock)ㆍ타이밍(timing) 회로나 그 밖의 회로를 갖춘 것인지는 상관없다],13338233,2061980,3947,1554,11276253
8542,전자집적회로,ID,인도네시아,2025-07-01,854232,메모리,12806580,6,1802,2,12806574
8542,전자집적회로,ID,인도네시아,2025-07-01,854233,증폭기,247442,39062,101,6,208380
8542,전자집적회로,ID,인도네시아,2025-07-01,854239,기타,5399350,4213663,2455,2598,1185687
8542,전자집적회로,ID,인도네시아,2025-07-01,854290,부분품,92036,0,1938,0,92036
8542,전자집적회로,IE,아일랜드,2025-07-01,854231,프로세서와 컨트롤러[메모리ㆍ변환기ㆍ논리회로ㆍ증폭기ㆍ클록(clock)ㆍ타이밍(timing) 회로나 그 밖의 회로를 갖춘 것인지는 상관없다],327742,468605,66,51,-140863
8542,전자집적회로,IE,아일랜드,2025-07-01,854232,메모리,0,862,0,0,-862
8542,전자집적회로,IE,아일랜드,2025-07-01,854239,기타,920,14625,7,7,-13705
8542,전자집적회로,IL,이스라엘,2025-07-01,854231,프로세서와 컨트롤러[메모리ㆍ변환기ㆍ논리회로ㆍ증폭기ㆍ클록(clock)ㆍ타이밍(timing) 회로나 그 밖의 회로를 갖춘 것인지는 상관없다],775855,356200,795,48,419655
8542,전자집적회로,IL,이스라엘,2025-07-01,854232,메모리,56012,8,10,0,56004
8542,전자집적회로,IL,이스라엘,2025-07-01,854233,증폭기,39001,3154,5,1,35847
8542,전자집적회로,IL,이스라엘,2025-07-01,854239,기타,30132,1109002,55,101,-1078870
8542,전자집적회로,IL,이스라엘,2025-07-01,854290,부분품,389,43933,11,1,-43544
8542,전자집적회로,IN,인도,2025-07-01,854231,프로세서와 컨트롤러[메모리ㆍ변환기ㆍ논리회로ㆍ증폭기ㆍ클록(clock)ㆍ타이밍(timing) 회로나 그 밖의 회로를 갖춘 것인지는 상관없다],158386157,904,30736,8,158385253
8542,전자집적회로,IN,인도,2025-07-01,854232,메모리,100502838,31216,4008,0,100471622
8542,전자집적회로,IN,인도,2025-07-01,854233,증폭기,768702,1905,418,5,766797
8542,전자집적회로,IN,인도,2025-07-01,854239,기타,9688838,179936,5250,74,9508902
8542,전자집적회로,IS,아이슬란드,2025-07-01,854231,프로세서와 컨트롤러[메모리ㆍ변환기ㆍ논리회로ㆍ증폭기ㆍ클록(clock)ㆍ타이밍(timing) 회로나 그 밖의 회로를 갖춘 것인지는 상관없다],6001,0,2,0,6001
8542,전자집적회로,IS,아이슬란드,2025-07-01,854239,기타,0,331,0,0,-331
8542,전자집적회로,IT,이탈리아,2025-07-01,854231,프로세서와 컨트롤러[메모리ㆍ변환기ㆍ논리회로ㆍ증폭기ㆍ클록(clock)ㆍ타이밍(timing) 회로나 그 밖의 회로를 갖춘 것인지는 상관없다],985360,8656800,204,427,-7671440
8542,전자집적회로,IT,이탈리아,2025-07-01,854232,메모리,11227,0,2,0,11227
8542,전자집적회로,IT,이탈리아,2025-07-01,854233,증폭기,8817,0,4,0,8817
8542,전자집적회로,IT,이탈리아,2025-07-01,854239,기타,28006,729255,20,253,-701249
8542,전자집적회로,IT,이탈리아,2025-07-01,854290,부분품,1886,18033,4,31,-16147
8542,전자집적회로,JP,일본,2025-07-01,854231,프로세서와 컨트롤러[메모리ㆍ변환기ㆍ논리회로ㆍ증폭기ㆍ클록(clock)ㆍ타이밍(timing) 회로나 그 밖의 회로를 갖춘 것인지는 상관없다],12948204,419176171,5612,10346,-406227967
8542,전자집적회로,JP,일본,2025-07-01,854232,메모리,58678957,8526936,2658,830,50152021
8542,전자집적회로,JP,일본,2025-07-01,854233,증폭기,71571,61320,106,102,10251
8542,전자집적회로,JP,일본,2025-07-01,854239,기타,3416208,23817733,1622,24095,-20401525
8542,전자집적회로,JP,일본,2025-07-01,854290,부분품,384628,1035403,3333,16087,-650775
8542,전자집적회로,KH,캄보디아,2025-07-01,854231,프로세서와 컨트롤러[메모리ㆍ변환기ㆍ논리회로ㆍ증폭기ㆍ클록(clock)ㆍ타이밍(timing) 회로나 그 밖의 회로를 갖춘 것인지는 상관없다],0,2279,0,1,-2279
8542,전자집적회로,KZ,카자흐스탄,2025-07-01,854233,증폭기,251,0,2,0,251
8542,전자집적회로,KZ,카자흐스탄,2025-07-01,854239,기타,22821,0,1,0,22821
8542,전자집적회로,LB,레바논,2025-07-01,854231,프로세서와 컨트롤러[메모리ㆍ변환기ㆍ논리회로ㆍ증폭기ㆍ클록(clock)ㆍ타이밍(timing) 회로나 그 밖의 회로를 갖춘 것인지는 상관없다],22440,0,7,0,22440
8542,전자집적회로,LT,리투아니아,2025-07-01,854231,프로세서와 컨트롤러[메모리ㆍ변환기ㆍ논리회로ㆍ증폭기ㆍ클록(clock)ㆍ타이밍(timing) 회로나 그 밖의 회로를 갖춘 것인지는 상관없다],0,4157,0,1,-4157
8542,전자집적회로,LV,라트비아,2025-07-01,854231,프로세서와 컨트롤러[메모리ㆍ변환기ㆍ논리회로ㆍ증폭기ㆍ클록(clock)ㆍ타이밍(timing) 회로나 그 밖의 회로를 갖춘 것인지는 상관없다],0,1319,0,1,-1319
8542,전자집적회로,MA,모로코,2025-07-01,854231,프로세서와 컨트롤러[메모리ㆍ변환기ㆍ논리회로ㆍ증폭기ㆍ클록(clock)ㆍ타이밍(timing) 회로나 그 밖의 회로를 갖춘 것인지는 상관없다],0,710990,0,508,-710990
8542,전자집적회로,MA,모로코,2025-07-01,854233,증폭기,0,339907,0,176,-339907
8542,전자집적회로,MA,모로코,2025-07-01,854239,기타,0,1121073,0,2124,-1121073
8542,전자집적회로,MA,모로코,2025-07-01,854290,부분품,87476,0,2012,0,87476
8542,전자집적회로,MK,마세도니아,2025-07-01,854239,기타,0,1459,0,1,-1459
8542,전자집적회로,MT,몰타,2025-07-01,854231,프로세서와 컨트롤러[메모리ㆍ변환기ㆍ논리회로ㆍ증폭기ㆍ클록(clock)ㆍ타이밍(timing) 회로나 그 밖의 회로를 갖춘 것인지는 상관없다],1642759,9555917,1131,1318,-7913158
8542,전자집적회로,MT,몰타,2025-07-01,854239,기타,9124,224256,42,44,-215132
8542,전자집적회로,MT,몰타,2025-07-01,854290,부분품,167281,0,1848,0,167281
8542,전자집적회로,MX,멕시코,2025-07-01,854231,프로세서와 컨트롤러[메모리ㆍ변환기ㆍ논리회로ㆍ증폭기ㆍ클록(clock)ㆍ타이밍(timing) 회로나 그 밖의 회로를 갖춘 것인지는 상관없다],9391598,1874747,7168,911,7516851
8542,전자집적회로,MX,멕시코,2025-07-01,854232,메모리,12670129,4638,1161,10,12665491
8542,전자집적회로,MX,멕시코,2025-07-01,854233,증폭기,218588,3402564,72,793,-3183976
8542,전자집적회로,MX,멕시코,2025-07-01,854239,기타,14179690,1113336,6889,1284,13066354
8542,전자집적회로,MX,멕시코,2025-07-01,854290,부분품,0,174,0,18,-174
8542,전자집적회로,MY,말레이시아,2025-07-01,854231,프로세서와 컨트롤러[메모리ㆍ변환기ㆍ논리회로ㆍ증폭기ㆍ클록(clock)ㆍ타이밍(timing) 회로나 그 밖의 회로를 갖춘 것인지는 상관없다],121687884,139564057,36838,18017,-17876173
8542,전자집적회로,MY,말레이시아,2025-07-01,854232,메모리,307057231,8385356,3367,422,298671875
8542,전자집적회로,MY,말레이시아,2025-07-01,854233,증폭기,14451,2468987,4,1713,-2454536
8542,전자집적회로,MY,말레이시아,2025-07-01,854239,기타,18358907,65577014,29309,22388,-47218107
8542,전자집적회로,MY,말레이시아,2025-07-01,854290,부분품,6476701,6249,92856,11,6470452
8542,전자집적회로,NG,나이지리아,2025-07-01,854232,메모리,15,0,6,0,15
8542,전자집적회로,NL,네덜란드,2025-07-01,854231,프로세서와 컨트롤러[메모리ㆍ변환기ㆍ논리회로ㆍ증폭기ㆍ클록(clock)ㆍ타이밍(timing) 회로나 그 밖의 회로를 갖춘 것인지는 상관없다],3357953,16851877,1527,1312,-13493924
8542,전자집적회로,NL,네덜란드,2025-07-01,854232,메모리,13365506,55221,631,18,13310285
8542,전자집적회로,NL,네덜란드,2025-07-01,854233,증폭기,3391,71025,1,17,-67634
8542,전자집적회로,NL,네덜란드,2025-07-01,854239,기타,127651,47461,298,59,80190
8542,전자집적회로,NL,네덜란드,2025-07-01,854290,부분품,19753,0,92,0,19753
8542,전자집적회로,NO,노르웨이,2025-07-01,854233,증폭기,0,17670,0,128,-17670
8542,전자집적회로,NO,노르웨이,2025-07-01,854239,기타,1396,1136,4,2,260
8542,전자집적회로,NZ,뉴질랜드,2025-07-01,854239,기타,5429,5442,2,0,-13
8542,전자집적회로,PH,필리핀,2025-07-01,854231,프로세서와 컨트롤러[메모리ㆍ변환기ㆍ논리회로ㆍ증폭기ㆍ클록(clock)ㆍ타이밍(timing) 회로나 그 밖의 회로를 갖춘 것인지는 상관없다],73933690,28567768,37308,14845,45365922
8542,전자집적회로,PH,필리핀,2025-07-01,854232,메모리,131809594,380491,6865,185,131429103
8542,전자집적회로,PH,필리핀,2025-07-01,854233,증폭기,9879,521140,1,545,-511261
8542,전자집적회로,PH,필리핀,2025-07-01,854239,기타,12383256,27389411,11353,10409,-15006155
8542,전자집적회로,PH,필리핀,2025-07-01,854290,부분품,3283726,73203,38909,123,3210523
8542,전자집적회로,PL,폴란드,2025-07-01,854231,프로세서와 컨트롤러[메모리ㆍ변환기ㆍ논리회로ㆍ증폭기ㆍ클록(clock)ㆍ타이밍(timing) 회로나 그 밖의 회로를 갖춘 것인지는 상관없다],24927941,30476,14657,7,24897465
8542,전자집적회로,PL,폴란드,2025-07-01,854232,메모리,2345565,0,856,0,2345565
8542,전자집적회로,PL,폴란드,2025-07-01,854233,증폭기,344737,0,212,0,344737
8542,전자집적회로,PL,폴란드,2025-07-01,854239,기타,4950920,1707,2680,2,4949213
8542,전자집적회로,PT,포루투갈,2025-07-01,854231,프로세서와 컨트롤러[메모리ㆍ변환기ㆍ논리회로ㆍ증폭기ㆍ클록(clock)ㆍ타이밍(timing) 회로나 그 밖의 회로를 갖춘 것인지는 상관없다],7111466,351266,3185,7,6760200
8542,전자집적회로,PT,포루투갈,2025-07-01,854232,메모리,862616,0,48,0,862616
8542,전자집적회로,PT,포루투갈,2025-07-01,854239,기타,0,878697,0,22,-878697
8542,전자집적회로,PT,포루투갈,2025-07-01,854290,부분품,9485,0,146,0,9485
8542,전자집적회로,RO,루마니아,2025-07-01,854231,프로세서와 컨트롤러[메모리ㆍ변환기ㆍ논리회로ㆍ증폭기ㆍ클록(clock)ㆍ타이밍(timing) 회로나 그 밖의 회로를 갖춘 것인지는 상관없다],37000,11225,41,47,25775
8542,전자집적회로,RO,루마니아,2025-07-01,854232,메모리,180,0,0,0,180
8542,전자집적회로,RO,루마니아,2025-07-01,854239,기타,10000,182,18,1,9818
8542,전자집적회로,RS,세르비아,2025-07-01,854231,프로세서와 컨트롤러[메모리ㆍ변환기ㆍ논리회로ㆍ증폭기ㆍ클록(clock)ㆍ타이밍(timing) 회로나 그 밖의 회로를 갖춘 것인지는 상관없다],187223,0,184,0,187223
8542,전자집적회로,RS,세르비아,2025-07-01,854239,기타,859141,2337,1489,1,856804
8542,전자집적회로,RW,르완다,2025-07-01,854233,증폭기,12817,0,1230,0,12817
8542,전자집적회로,SE,스웨덴,2025-07-01,854231,프로세서와 컨트롤러[메모리ㆍ변환기ㆍ논리회로ㆍ증폭기ㆍ클록(clock)ㆍ타이밍(timing) 회로나 그 밖의 회로를 갖춘 것인지는 상관없다],2050381,31553,695,3,2018828
8542,전자집적회로,SE,스웨덴,2025-07-01,854233,증폭기,5385,0,2,0,5385
8542,전자집적회로,SE,스웨덴,2025-07-01,854290,부분품,0,686,0,0,-686
8542,전자집적회로,SG,싱가포르,2025-07-01,854231,프로세서와 컨트롤러[메모리ㆍ변환기ㆍ논리회로ㆍ증폭기ㆍ클록(clock)ㆍ타이밍(timing) 회로나 그 밖의 회로를 갖춘 것인지는 상관없다],447202378,166003134,67598,9156,281199244
8542,전자집적회로,SG,싱가포르,2025-07-01,854232,메모리,27027411,23056301,2736,1494,3971110
8542,전자집적회로,SG,싱가포르,2025-07-01,854233,증폭기,18823,5134007,20,192,-5115184
8542,전자집적회로,SG,싱가포르,2025-07-01,854239,기타,7101298,17349884,47887,5573,-10248586
8542,전자집적회로,SG,싱가포르,2025-07-01,854290,부분품,780204,4517,14716,90,775687
8542,전자집적회로,SI,슬로베니아,2025-07-01,854239,기타,0,179,0,1,-179
8542,전자집적회로,SK,슬로바키아,2025-07-01,854231,프로세서와 컨트롤러[메모리ㆍ변환기ㆍ논리회로ㆍ증폭기ㆍ클록(clock)ㆍ타이밍(timing) 회로나 그 밖의 회로를 갖춘 것인지는 상관없다],92708,1594,89,1,91114
8542,전자집적회로,SK,슬로바키아,2025-07-01,854232,메모리,257522,0,57,0,257522
8542,전자집적회로,SK,슬로바키아,2025-07-01,854233,증폭기,44034,0,18,0,44034
8542,전자집적회로,SK,슬로바키아,2025-07-01,854239,기타,22899,1237,109,0,21662
8542,전자집적회로,SV,엘살바도르,2025-07-01,854239,기타,0,4055,0,3,-4055
8542,전자집적회로,SZ,스와질랜드,2025-07-01,854231,프로세서와 컨트롤러[메모리ㆍ변환기ㆍ논리회로ㆍ증폭기ㆍ클록(clock)ㆍ타이밍(timing) 회로나 그 밖의 회로를 갖춘 것인지는 상관없다],12743,0,1,0,12743
8542,전자집적회로,TH,태국,2025-07-01,854231,프로세서와 컨트롤러[메모리ㆍ변환기ㆍ논리회로ㆍ증폭기ㆍ클록(clock)ㆍ타이밍(timing) 회로나 그 밖의 회로를 갖춘 것인지는 상관없다],27520838,13674692,19865,9063,13846146
8542,전자집적회로,TH,태국,2025-07-01,854232,메모리,26612619,1911601,1444,459,24701018
8542,전자집적회로,TH,태국,2025-07-01,854233,증폭기,10547,381744,25,177,-371197
8542,전자집적회로,TH,태국,2025-07-01,854239,기타,15230565,29484568,7194,14032,-14254003
8542,전자집적회로,TH,태국,2025-07-01,854290,부분품,5723871,62987,72531,161,5660884
8542,전자집적회로,TN,튀니지,2025-07-01,854232,메모리,76,0,0,0,76
8542,전자집적회로,TN,튀니지,2025-07-01,854239,기타,0,707,0,1,-707
8542,전자집적회로,TR,튀르키예,2025-07-01,854231,프로세서와 컨트롤러[메모리ㆍ변환기ㆍ논리회로ㆍ증폭기ㆍ클록(clock)ㆍ타이밍(timing) 회로나 그 밖의 회로를 갖춘 것인지는 상관없다],2562797,0,230,0,2562797
8542,전자집적회로,TR,튀르키예,2025-07-01,854232,메모리,5728837,0,265,0,5728837
8542,전자집적회로,TR,튀르키예,2025-07-01,854233,증폭기,426682,0,157,0,426682
8542,전자집적회로,TR,튀르키예,2025-07-01,854239,기타,2893536,13,539,0,2893523
8542,전자집적회로,TW,대만,2025-07-01,854231,프로세서와 컨트롤러[메모리ㆍ변환기ㆍ논리회로ㆍ증폭기ㆍ클록(clock)ㆍ타이밍(timing) 회로나 그 밖의 회로를 갖춘 것인지는 상관없다],874464544,1745912038,100404,123742,-871447494
8542,전자집적회로,TW,대만,2025-07-01,854232,메모리,2338359408,219951770,21002,11926,2118407638
8542,전자집적회로,TW,대만,2025-07-01,854233,증폭기,252830,3928789,60,765,-3675959
8542,전자집적회로,TW,대만,2025-07-01,854239,기타,208163917,283063360,18831,41585,-74899443
8542,전자집적회로,TW,대만,2025-07-01,854290,부분품,6779181,2406736,79448,23891,4372445
8542,전자집적회로,US,미국,2025-07-01,854231,프로세서와 컨트롤러[메모리ㆍ변환기ㆍ논리회로ㆍ증폭기ㆍ클록(clock)ㆍ타이밍(timing) 회로나 그 밖의 회로를 갖춘 것인지는 상관없다],49675217,107505190,10442,12422,-57829973
8542,전자집적회로,US,미국,2025-07-01,854232,메모리,15764905,3962067,1154,865,11802838
8542,전자집적회로,US,미국,2025-07-01,854233,증폭기,253955,1341220,106,123,-1087265
8542,전자집적회로,US,미국,2025-07-01,854239,기타,5828731,48963126,7162,6524,-43134395
8542,전자집적회로,US,미국,2025-07-01,854290,부분품,61193,107790,148,53,-46597
8542,전자집적회로,VN,베트남,2025-07-01,854231,프로세서와 컨트롤러[메모리ㆍ변환기ㆍ논리회로ㆍ증폭기ㆍ클록(clock)ㆍ타이밍(timing) 회로나 그 밖의 회로를 갖춘 것인지는 상관없다],918797182,16804165,96868,6512,901993017
8542,전자집적회로,VN,베트남,2025-07-01,854232,메모리,663358166,18164649,75531,5726,645193517
8542,전자집적회로,VN,베트남,2025-07-01,854233,증폭기,6296426,17584,1229,6,6278842
8542,전자집적회로,VN,베트남,2025-07-01,854239,기타,224282590,637075,56838,666,223645515
8542,전자집적회로,VN,베트남,2025-07-01,854290,부분품,1060247,0,2259,0,1060247
8542,전자집적회로,ZA,남아프리카공화국,2025-07-01,854231,프로세서와 컨트롤러[메모리ㆍ변환기ㆍ논리회로ㆍ증폭기ㆍ클록(clock)ㆍ타이밍(timing) 회로나 그 밖의 회로를 갖춘 것인지는 상관없다],542496,25,64,0,542471
8542,전자집적회로,ZA,남아프리카공화국,2025-07-01,854232,메모리,147706,0,13,0,147706
8542,전자집적회로,ZA,남아프리카공화국,2025-07-01,854239,기타,45566,0,60,0,45566
8542,전자집적회로,ZZ,기타국,2025-07-01,854232,메모리,0,745,0,2,-745
8542,전자집적회로,AE,아랍에미리트 연합,2025-08-01,854231,프로세서와 컨트롤러[메모리ㆍ변환기ㆍ논리회로ㆍ증폭기ㆍ클록(clock)ㆍ타이밍(timing) 회로나 그 밖의 회로를 갖춘 것인지는 상관없다],10712,0,5,0,10712
8542,전자집적회로,AE,아랍에미리트 연합,2025-08-01,854239,기타,4440,360,13,1,4080
8542,전자집적회로,AR,아르헨티나,2025-08-01,854231,프로세서와 컨트롤러[메모리ㆍ변환기ㆍ논리회로ㆍ증폭기ㆍ클록(clock)ㆍ타이밍(timing) 회로나 그 밖의 회로를 갖춘 것인지는 상관없다],372341,0,1445,0,372341
8542,전자집적회로,AR,아르헨티나,2025-08-01,854232,메모리,39095,0,152,0,39095
8542,전자집적회로,AR,아르헨티나,2025-08-01,854239,기타,649951,0,2624,0,649951
8542,전자집적회로,AT,오스트리아,2025-08-01,854231,프로세서와 컨트롤러[메모리ㆍ변환기ㆍ논리회로ㆍ증폭기ㆍ클록(clock)ㆍ타이밍(timing) 회로나 그 밖의 회로를 갖춘 것인지는 상관없다],11133982,365490,4841,106,10768492
8542,전자집적회로,AT,오스트리아,2025-08-01,854232,메모리,5114926,0,806,0,5114926
8542,전자집적회로,AT,오스트리아,2025-08-01,854233,증폭기,7823,451,126,0,7372
8542,전자집적회로,AT,오스트리아,2025-08-01,854239,기타,150361,545789,314,129,-395428
8542,전자집적회로,AU,호주,2025-08-01,854231,프로세서와 컨트롤러[메모리ㆍ변환기ㆍ논리회로ㆍ증폭기ㆍ클록(clock)ㆍ타이밍(timing) 회로나 그 밖의 회로를 갖춘 것인지는 상관없다],10157,0,25,0,10157
8542,전자집적회로,AU,호주,2025-08-01,854232,메모리,1321,0,0,0,1321
8542,전자집적회로,AU,호주,2025-08-01,854233,증폭기,600842,7918,80,3,592924
8542,전자집적회로,AU,호주,2025-08-01,854239,기타,1927,101098,5,12,-99171
8542,전자집적회로,BD,방글라데시,2025-08-01,854231,프로세서와 컨트롤러[메모리ㆍ변환기ㆍ논리회로ㆍ증폭기ㆍ클록(clock)ㆍ타이밍(timing) 회로나 그 밖의 회로를 갖춘 것인지는 상관없다],26674,0,184,0,26674
8542,전자집적회로,BD,방글라데시,2025-08-01,854290,부분품,7,0,2,0,7
8542,전자집적회로,BE,벨기에,2025-08-01,854231,프로세서와 컨트롤러[메모리ㆍ변환기ㆍ논리회로ㆍ증폭기ㆍ클록(clock)ㆍ타이밍(timing) 회로나 그 밖의 회로를 갖춘 것인지는 상관없다],677598,191111,77,5,486487
8542,전자집적회로,BE,벨기에,2025-08-01,854233,증폭기,282,0,0,0,282
8542,전자집적회로,BE,벨기에,2025-08-01,854239,기타,44562,75230,10,18,-30668
8542,전자집적회로,BG,불가리아,2025-08-01,854231,프로세서와 컨트롤러[메모리ㆍ변환기ㆍ논리회로ㆍ증폭기ㆍ클록(clock)ㆍ타이밍(timing) 회로나 그 밖의 회로를 갖춘 것인지는 상관없다],9909,0,0,0,9909
8542,전자집적회로,BG,불가리아,2025-08-01,854239,기타,0,65563,0,18,-65563
8542,전자집적회로,BR,브라질,2025-08-01,854231,프로세서와 컨트롤러[메모리ㆍ변환기ㆍ논리회로ㆍ증폭기ㆍ클록(clock)ㆍ타이밍(timing) 회로나 그 밖의 회로를 갖춘 것인지는 상관없다],24345411,41,3467,0,24345370
8542,전자집적회로,BR,브라질,2025-08-01,854232,메모리,49149373,24534,2253,1,49124839
8542,전자집적회로,BR,브라질,2025-08-01,854233,증폭기,104913,0,20,0,104913
8542,전자집적회로,BR,브라질,2025-08-01,854239,기타,2459702,1132,616,3,2458570
8542,전자집적회로,BY,벨라루스,2025-08-01,854239,기타,0,70188,0,25,-70188
8542,전자집적회로,CA,캐나다,2025-08-01,854231,프로세서와 컨트롤러[메모리ㆍ변환기ㆍ논리회로ㆍ증폭기ㆍ클록(clock)ㆍ타이밍(timing) 회로나 그 밖의 회로를 갖춘 것인지는 상관없다],1596465,827692,269,271,768773
8542,전자집적회로,CA,캐나다,2025-08-01,854232,메모리,6173564,1055,71,1,6172509
8542,전자집적회로,CA,캐나다,2025-08-01,854239,기타,3885609,329516,134,48,3556093
8542,전자집적회로,CA,캐나다,2025-08-01,854290,부분품,37608,0,288,0,37608
8542,전자집적회로,CH,스위스,2025-08-01,854231,프로세서와 컨트롤러[메모리ㆍ변환기ㆍ논리회로ㆍ증폭기ㆍ클록(clock)ㆍ타이밍(timing) 회로나 그 밖의 회로를 갖춘 것인지는 상관없다],327751,43835,91,57,283916
8542,전자집적회로,CH,스위스,2025-08-01,854232,메모리,0,44,0,0,-44
8542,전자집적회로,CH,스위스,2025-08-01,854233,증폭기,0,3346,0,3,-3346
8542,전자집적회로,CH,스위스,2025-08-01,854239,기타,8050,1119646,2,152,-1111596
8542,전자집적회로,CH,스위스,2025-08-01,854290,부분품,0,1512,0,6,-1512
8542,전자집적회로,CL,칠레,2025-08-01,854239,기타,0,700,0,0,-700
8542,전자집적회로,CM,카메룬,2025-08-01,854231,프로세서와 컨트롤러[메모리ㆍ변환기ㆍ논리회로ㆍ증폭기ㆍ클록(clock)ㆍ타이밍(timing) 회로나 그 밖의 회로를 갖춘 것인지는 상관없다],12316,0,5,0,12316
8542,전자집적회로,CN,중국,2025-08-01,854231,프로세서와 컨트롤러[메모리ㆍ변환기ㆍ논리회로ㆍ증폭기ㆍ클록(clock)ㆍ타이밍(timing) 회로나 그 밖의 회로를 갖춘 것인지는 상관없다],850617148,145158987,123465,56645,705458161
8542,전자집적회로,CN,중국,2025-08-01,854232,메모리,2659889913,1298216182,128736,56927,1361673731
8542,전자집적회로,CN,중국,2025-08-01,854233,증폭기,541556,8967217,566,1197,-8425661
8542,전자집적회로,CN,중국,2025-08-01,854239,기타,155156424,111550772,40346,94277,43605652
8542,전자집적회로,CN,중국,2025-08-01,854290,부분품,8245164,951495,130120,16128,7293669
8542,전자집적회로,CR,코스타리카,2025-08-01,854231,프로세서와 컨트롤러[메모리ㆍ변환기ㆍ논리회로ㆍ증폭기ㆍ클록(clock)ㆍ타이밍(timing) 회로나 그 밖의 회로를 갖춘 것인지는 상관없다],230614,242531,59,814,-11917
8542,전자집적회로,CR,코스타리카,2025-08-01,854239,기타,0,68620,0,46,-68620
8542,전자집적회로,CY,사이프러스,2025-08-01,854232,메모리,0,24,0,0,-24
8542,전자집적회로,CZ,체코공화국,2025-08-01,854231,프로세서와 컨트롤러[메모리ㆍ변환기ㆍ논리회로ㆍ증폭기ㆍ클록(clock)ㆍ타이밍(timing) 회로나 그 밖의 회로를 갖춘 것인지는 상관없다],7586869,25275,2613,25,7561594
8542,전자집적회로,CZ,체코공화국,2025-08-01,854232,메모리,3317593,189,278,2,3317404
8542,전자집적회로,CZ,체코공화국,2025-08-01,854233,증폭기,412051,1164,53,3,410887
8542,전자집적회로,CZ,체코공화국,2025-08-01,854239,기타,1014716,289608,674,470,725108
8542,전자집적회로,DE,독일,2025-08-01,854231,프로세서와 컨트롤러[메모리ㆍ변환기ㆍ논리회로ㆍ증폭기ㆍ클록(clock)ㆍ타이밍(timing) 회로나 그 밖의 회로를 갖춘 것인지는 상관없다],627847,36517966,349,3259,-35890119
8542,전자집적회로,DE,독일,2025-08-01,854232,메모리,22992672,131932,1052,21,22860740
8542,전자집적회로,DE,독일,2025-08-01,854233,증폭기,221091,16432,93,7,204659
8542,전자집적회로,DE,독일,2025-08-01,854239,기타,12062556,24673045,18701,2549,-12610489
8542,전자집적회로,DE,독일,2025-08-01,854290,부분품,11462,652543,10,1620,-641081
8542,전자집적회로,DK,덴마크,2025-08-01,854231,프로세서와 컨트롤러[메모리ㆍ변환기ㆍ논리회로ㆍ증폭기ㆍ클록(clock)ㆍ타이밍(timing) 회로나 그 밖의 회로를 갖춘 것인지는 상관없다],0,463,0,1,-463
8542,전자집적회로,DK,덴마크,2025-08-01,854232,메모리,0,982,0,3,-982
8542,전자집적회로,DK,덴마크,2025-08-01,854239,기타,40426,14600,134,2,25826
8542,전자집적회로,DK,덴마크,2025-08-01,854290,부분품,0,164030,0,403,-164030
8542,전자집적회로,EE,에스토니아,2025-08-01,854231,프로세서와 컨트롤러[메모리ㆍ변환기ㆍ논리회로ㆍ증폭기ㆍ클록(clock)ㆍ타이밍(timing) 회로나 그 밖의 회로를 갖춘 것인지는 상관없다],4663,0,8,0,4663
8542,전자집적회로,EE,에스토니아,2025-08-01,854232,메모리,0,34,0,0,-34
8542,전자집적회로,EG,이집트,2025-08-01,854231,프로세서와 컨트롤러[메모리ㆍ변환기ㆍ논리회로ㆍ증폭기ㆍ클록(clock)ㆍ타이밍(timing) 회로나 그 밖의 회로를 갖춘 것인지는 상관없다],2361808,1029,748,0,2360779
8542,전자집적회로,EG,이집트,2025-08-01,854232,메모리,4842708,556273,255,12,4286435
8542,전자집적회로,EG,이집트,2025-08-01,854233,증폭기,74612,0,27,0,74612
8542,전자집적회로,EG,이집트,2025-08-01,854239,기타,1748015,2087,309,0,1745928
8542,전자집적회로,ES,스페인,2025-08-01,854231,프로세서와 컨트롤러[메모리ㆍ변환기ㆍ논리회로ㆍ증폭기ㆍ클록(clock)ㆍ타이밍(timing) 회로나 그 밖의 회로를 갖춘 것인지는 상관없다],0,67556,0,9,-67556
8542,전자집적회로,ES,스페인,2025-08-01,854232,메모리,202721,457,21,0,202264
8542,전자집적회로,ES,스페인,2025-08-01,854233,증폭기,790,36975,0,3,-36185
8542,전자집적회로,ES,스페인,2025-08-01,854239,기타,1172,150326,2,21,-149154
8542,전자집적회로,ES,스페인,2025-08-01,854290,부분품,18527,389,8,0,18138
8542,전자집적회로,FI,핀란드,2025-08-01,854231,프로세서와 컨트롤러[메모리ㆍ변환기ㆍ논리회로ㆍ증폭기ㆍ클록(clock)ㆍ타이밍(timing) 회로나 그 밖의 회로를 갖춘 것인지는 상관없다],68395,0,27,0,68395
8542,전자집적회로,FI,핀란드,2025-08-01,854239,기타,2443,171,8,0,2272
8542,전자집적회로,FI,핀란드,2025-08-01,854290,부분품,205779,1197,846,1,204582
8542,전자집적회로,FR,프랑스,2025-08-01,854231,프로세서와 컨트롤러[메모리ㆍ변환기ㆍ논리회로ㆍ증폭기ㆍ클록(clock)ㆍ타이밍(timing) 회로나 그 밖의 회로를 갖춘 것인지는 상관없다],10605406,37395561,1427,3420,-26790155
8542,전자집적회로,FR,프랑스,2025-08-01,854232,메모리,2386,1445819,0,578,-1443433
8542,전자집적회로,FR,프랑스,2025-08-01,854233,증폭기,24420,605906,24,16,-581486
8542,전자집적회로,FR,프랑스,2025-08-01,854239,기타,39133,3233535,66,218,-3194402
8542,전자집적회로,FR,프랑스,2025-08-01,854290,부분품,40145,698,99,1,39447
8542,전자집적회로,GB,영국,2025-08-01,854231,프로세서와 컨트롤러[메모리ㆍ변환기ㆍ논리회로ㆍ증폭기ㆍ클록(clock)ㆍ타이밍(timing) 회로나 그 밖의 회로를 갖춘 것인지는 상관없다],327354,161039,112,105,166315
8542,전자집적회로,GB,영국,2025-08-01,854232,메모리,320353,5100,9,2,315253
8542,전자집적회로,GB,영국,2025-08-01,854233,증폭기,0,605,0,5,-605
8542,전자집적회로,GB,영국,2025-08-01,854239,기타,29382,118936,57,141,-89554
8542,전자집적회로,GB,영국,2025-08-01,854290,부분품,0,2610,0,2,-2610
8542,전자집적회로,GR,그리스,2025-08-01,854233,증폭기,7007,0,2,0,7007
8542,전자집적회로,HK,홍콩,2025-08-01,854231,프로세서와 컨트롤러[메모리ㆍ변환기ㆍ논리회로ㆍ증폭기ㆍ클록(clock)ㆍ타이밍(timing) 회로나 그 밖의 회로를 갖춘 것인지는 상관없다],101329338,17484242,44302,4843,83845096
8542,전자집적회로,HK,홍콩,2025-08-01,854232,메모리,1480812976,8854407,88224,2051,1471958569
8542,전자집적회로,HK,홍콩,2025-08-01,854233,증폭기,1344629,9580,1356,6,1335049
8542,전자집적회로,HK,홍콩,2025-08-01,854239,기타,141307343,8171889,33114,3341,133135454
8542,전자집적회로,HK,홍콩,2025-08-01,854290,부분품,272612,11017,3058,6,261595
8542,전자집적회로,HN,온두라스,2025-08-01,854239,기타,0,107,0,0,-107
8542,전자집적회로,HU,헝가리,2025-08-01,854231,프로세서와 컨트롤러[메모리ㆍ변환기ㆍ논리회로ㆍ증폭기ㆍ클록(clock)ㆍ타이밍(timing) 회로나 그 밖의 회로를 갖춘 것인지는 상관없다],951566,2257,306,2,949309
8542,전자집적회로,HU,헝가리,2025-08-01,854232,메모리,1513693,0,67,0,1513693
8542,전자집적회로,HU,헝가리,2025-08-01,854233,증폭기,45240,553,1,1,44687
8542,전자집적회로,HU,헝가리,2025-08-01,854239,기타,5484,5100,3,9,384
8542,전자집적회로,ID,인도네시아,2025-08-01,854231,프로세서와 컨트롤러[메모리ㆍ변환기ㆍ논리회로ㆍ증폭기ㆍ클록(clock)ㆍ타이밍(timing) 회로나 그 밖의 회로를 갖춘 것인지는 상관없다],15209099,2263295,3901,1624,12945804
8542,전자집적회로,ID,인도네시아,2025-08-01,854232,메모리,27039699,11,1143,1,27039688
8542,전자집적회로,ID,인도네시아,2025-08-01,854233,증폭기,31726,0,16,0,31726
8542,전자집적회로,ID,인도네시아,2025-08-01,854239,기타,3808988,4207775,1518,2410,-398787
8542,전자집적회로,ID,인도네시아,2025-08-01,854290,부분품,83918,0,1270,0,83918
8542,전자집적회로,IE,아일랜드,2025-08-01,854231,프로세서와 컨트롤러[메모리ㆍ변환기ㆍ논리회로ㆍ증폭기ㆍ클록(clock)ㆍ타이밍(timing) 회로나 그 밖의 회로를 갖춘 것인지는 상관없다],314280,776841,33,101,-462561
8542,전자집적회로,IE,아일랜드,2025-08-01,854232,메모리,10,0,0,0,10
8542,전자집적회로,IE,아일랜드,2025-08-01,854239,기타,34665,2264,13,1,32401
8542,전자집적회로,IL,이스라엘,2025-08-01,854231,프로세서와 컨트롤러[메모리ㆍ변환기ㆍ논리회로ㆍ증폭기ㆍ클록(clock)ㆍ타이밍(timing) 회로나 그 밖의 회로를 갖춘 것인지는 상관없다],761271,602111,555,57,159160
8542,전자집적회로,IL,이스라엘,2025-08-01,854232,메모리,224637,0,13,0,224637
8542,전자집적회로,IL,이스라엘,2025-08-01,854233,증폭기,7097,34649,2,5,-27552
8542,전자집적회로,IL,이스라엘,2025-08-01,854239,기타,11474,1408780,36,122,-1397306
8542,전자집적회로,IL,이스라엘,2025-08-01,854290,부분품,0,17384,0,1,-17384
8542,전자집적회로,IN,인도,2025-08-01,854231,프로세서와 컨트롤러[메모리ㆍ변환기ㆍ논리회로ㆍ증폭기ㆍ클록(clock)ㆍ타이밍(timing) 회로나 그 밖의 회로를 갖춘 것인지는 상관없다],143597360,36893,19862,103,143560467
8542,전자집적회로,IN,인도,2025-08-01,854232,메모리,137743599,935679,4561,493,136807920
8542,전자집적회로,IN,인도,2025-08-01,854233,증폭기,290834,0,239,0,290834
8542,전자집적회로,IN,인도,2025-08-01,854239,기타,12146544,93654,4973,36,12052890
8542,전자집적회로,IN,인도,2025-08-01,854290,부분품,3500,0,4,0,3500
8542,전자집적회로,IT,이탈리아,2025-08-01,854231,프로세서와 컨트롤러[메모리ㆍ변환기ㆍ논리회로ㆍ증폭기ㆍ클록(clock)ㆍ타이밍(timing) 회로나 그 밖의 회로를 갖춘 것인지는 상관없다],787659,9593473,265,531,-8805814
8542,전자집적회로,IT,이탈리아,2025-08-01,854233,증폭기,510,199,1,0,311
8542,전자집적회로,IT,이탈리아,2025-08-01,854239,기타,78624,13219613,206,1155,-13140989
8542,전자집적회로,IT,이탈리아,2025-08-01,854290,부분품,0,75615,0,173,-75615
8542,전자집적회로,JP,일본,2025-08-01,854231,프로세서와 컨트롤러[메모리ㆍ변환기ㆍ논리회로ㆍ증폭기ㆍ클록(clock)ㆍ타이밍(timing) 회로나 그 밖의 회로를 갖춘 것인지는 상관없다],19228887,437401670,9222,12776,-418172783
8542,전자집적회로,JP,일본,2025-08-01,854232,메모리,58272237,12405568,2562,560,45866669
8542,전자집적회로,JP,일본,2025-08-01,854233,증폭기,65212,254201,83,104,-188989
8542,전자집적회로,JP,일본,2025-08-01,854239,기타,2242529,21155391,1441,19094,-18912862
8542,전자집적회로,JP,일본,2025-08-01,854290,부분품,493817,695690,9248,6229,-201873
8542,전자집적회로,LB,레바논,2025-08-01,854231,프로세서와 컨트롤러[메모리ㆍ변환기ㆍ논리회로ㆍ증폭기ㆍ클록(clock)ㆍ타이밍(timing) 회로나 그 밖의 회로를 갖춘 것인지는 상관없다],5493,0,1,0,5493
8542,전자집적회로,LI,리히텐슈타인,2025-08-01,854239,기타,0,72,0,0,-72
8542,전자집적회로,LK,스리랑카,2025-08-01,854239,기타,0,907,0,2,-907
8542,전자집적회로,LT,리투아니아,2025-08-01,854231,프로세서와 컨트롤러[메모리ㆍ변환기ㆍ논리회로ㆍ증폭기ㆍ클록(clock)ㆍ타이밍(timing) 회로나 그 밖의 회로를 갖춘 것인지는 상관없다],0,9,0,0,-9
8542,전자집적회로,LT,리투아니아,2025-08-01,854239,기타,4750,0,0,0,4750
8542,전자집적회로,LV,라트비아,2025-08-01,854231,프로세서와 컨트롤러[메모리ㆍ변환기ㆍ논리회로ㆍ증폭기ㆍ클록(clock)ㆍ타이밍(timing) 회로나 그 밖의 회로를 갖춘 것인지는 상관없다],0,1273,0,0,-1273
8542,전자집적회로,MA,모로코,2025-08-01,854231,프로세서와 컨트롤러[메모리ㆍ변환기ㆍ논리회로ㆍ증폭기ㆍ클록(clock)ㆍ타이밍(timing) 회로나 그 밖의 회로를 갖춘 것인지는 상관없다],0,138041,0,85,-138041
8542,전자집적회로,MA,모로코,2025-08-01,854233,증폭기,0,21306,0,40,-21306
8542,전자집적회로,MA,모로코,2025-08-01,854239,기타,0,336111,0,998,-336111
8542,전자집적회로,MA,모로코,2025-08-01,854290,부분품,78662,0,1934,0,78662
8542,전자집적회로,MK,마세도니아,2025-08-01,854239,기타,0,638,0,1,-638
8542,전자집적회로,MM,미얀마,2025-08-01,854231,프로세서와 컨트롤러[메모리ㆍ변환기ㆍ논리회로ㆍ증폭기ㆍ클록(clock)ㆍ타이밍(timing) 회로나 그 밖의 회로를 갖춘 것인지는 상관없다],0,5915,0,10,-5915
8542,전자집적회로,MO,마카오,2025-08-01,854231,프로세서와 컨트롤러[메모리ㆍ변환기ㆍ논리회로ㆍ증폭기ㆍ클록(clock)ㆍ타이밍(timing) 회로나 그 밖의 회로를 갖춘 것인지는 상관없다],3065,0,1,0,3065
8542,전자집적회로,MT,몰타,2025-08-01,854231,프로세서와 컨트롤러[메모리ㆍ변환기ㆍ논리회로ㆍ증폭기ㆍ클록(clock)ㆍ타이밍(timing) 회로나 그 밖의 회로를 갖춘 것인지는 상관없다],3562965,4261282,2499,343,-698317
8542,전자집적회로,MT,몰타,2025-08-01,854239,기타,41648,278884,182,86,-237236
8542,전자집적회로,MT,몰타,2025-08-01,854290,부분품,426670,0,2595,0,426670
8542,전자집적회로,MX,멕시코,2025-08-01,854231,프로세서와 컨트롤러[메모리ㆍ변환기ㆍ논리회로ㆍ증폭기ㆍ클록(clock)ㆍ타이밍(timing) 회로나 그 밖의 회로를 갖춘 것인지는 상관없다],9844393,1820249,6544,323,8024144
8542,전자집적회로,MX,멕시코,2025-08-01,854232,메모리,12330409,7005,1272,12,12323404
8542,전자집적회로,MX,멕시코,2025-08-01,854233,증폭기,185465,1166352,62,391,-980887
8542,전자집적회로,MX,멕시코,2025-08-01,854239,기타,12786336,822777,4771,640,11963559
8542,전자집적회로,MX,멕시코,2025-08-01,854290,부분품,1450,0,13,0,1450
8542,전자집적회로,MY,말레이시아,2025-08-01,854231,프로세서와 컨트롤러[메모리ㆍ변환기ㆍ논리회로ㆍ증폭기ㆍ클록(clock)ㆍ타이밍(timing) 회로나 그 밖의 회로를 갖춘 것인지는 상관없다],128924542,127793208,41655,19850,1131334
8542,전자집적회로,MY,말레이시아,2025-08-01,854232,메모리,292586020,5427698,2087,300,287158322
8542,전자집적회로,MY,말레이시아,2025-08-01,854233,증폭기,51026,2019569,28,1722,-1968543
8542,전자집적회로,MY,말레이시아,2025-08-01,854239,기타,36882380,58041788,26223,20163,-21159408
8542,전자집적회로,MY,말레이시아,2025-08-01,854290,부분품,4962996,2173,72317,125,4960823
8542,전자집적회로,NL,네덜란드,2025-08-01,854231,프로세서와 컨트롤러[메모리ㆍ변환기ㆍ논리회로ㆍ증폭기ㆍ클록(clock)ㆍ타이밍(timing) 회로나 그 밖의 회로를 갖춘 것인지는 상관없다],3563819,7608368,1576,721,-4044549
8542,전자집적회로,NL,네덜란드,2025-08-01,854232,메모리,9590401,635283,410,161,8955118
8542,전자집적회로,NL,네덜란드,2025-08-01,854233,증폭기,0,316848,0,1,-316848
8542,전자집적회로,NL,네덜란드,2025-08-01,854239,기타,66423,112592,187,123,-46169
8542,전자집적회로,NL,네덜란드,2025-08-01,854290,부분품,3273,0,14,0,3273
8542,전자집적회로,NO,노르웨이,2025-08-01,854231,프로세서와 컨트롤러[메모리ㆍ변환기ㆍ논리회로ㆍ증폭기ㆍ클록(clock)ㆍ타이밍(timing) 회로나 그 밖의 회로를 갖춘 것인지는 상관없다],0,10799,0,10,-10799
8542,전자집적회로,NO,노르웨이,2025-08-01,854233,증폭기,0,13113,0,77,-13113
8542,전자집적회로,NO,노르웨이,2025-08-01,854239,기타,5,16258,1,1,-16253
8542,전자집적회로,NZ,뉴질랜드,2025-08-01,854239,기타,0,16893,0,1,-16893
8542,전자집적회로,PH,필리핀,2025-08-01,854231,프로세서와 컨트롤러[메모리ㆍ변환기ㆍ논리회로ㆍ증폭기ㆍ클록(clock)ㆍ타이밍(timing) 회로나 그 밖의 회로를 갖춘 것인지는 상관없다],57655201,19958254,32294,9385,37696947
8542,전자집적회로,PH,필리핀,2025-08-01,854232,메모리,211163902,5589802,9535,1980,205574100
8542,전자집적회로,PH,필리핀,2025-08-01,854233,증폭기,17988,649230,2,435,-631242
8542,전자집적회로,PH,필리핀,2025-08-01,854239,기타,12568334,23893371,11880,9195,-11325037
8542,전자집적회로,PH,필리핀,2025-08-01,854290,부분품,3137410,16417,34327,118,3120993
8542,전자집적회로,PL,폴란드,2025-08-01,854231,프로세서와 컨트롤러[메모리ㆍ변환기ㆍ논리회로ㆍ증폭기ㆍ클록(clock)ㆍ타이밍(timing) 회로나 그 밖의 회로를 갖춘 것인지는 상관없다],28834820,580,14830,2,28834240
8542,전자집적회로,PL,폴란드,2025-08-01,854232,메모리,3379301,0,1033,0,3379301
8542,전자집적회로,PL,폴란드,2025-08-01,854233,증폭기,598689,1399,429,3,597290
8542,전자집적회로,PL,폴란드,2025-08-01,854239,기타,6699319,3889,1897,7,6695430
8542,전자집적회로,PL,폴란드,2025-08-01,854290,부분품,0,3840,0,2,-3840
8542,전자집적회로,PR,푸에르토리코,2025-08-01,854231,프로세서와 컨트롤러[메모리ㆍ변환기ㆍ논리회로ㆍ증폭기ㆍ클록(clock)ㆍ타이밍(timing) 회로나 그 밖의 회로를 갖춘 것인지는 상관없다],119,0,1,0,119
8542,전자집적회로,PT,포루투갈,2025-08-01,854231,프로세서와 컨트롤러[메모리ㆍ변환기ㆍ논리회로ㆍ증폭기ㆍ클록(clock)ㆍ타이밍(timing) 회로나 그 밖의 회로를 갖춘 것인지는 상관없다],6063109,384915,2450,20,5678194
8542,전자집적회로,PT,포루투갈,2025-08-01,854232,메모리,1962287,0,78,0,1962287
8542,전자집적회로,PT,포루투갈,2025-08-01,854239,기타,0,534680,0,24,-534680
8542,전자집적회로,PT,포루투갈,2025-08-01,854290,부분품,12152,0,181,0,12152
8542,전자집적회로,RO,루마니아,2025-08-01,854231,프로세서와 컨트롤러[메모리ㆍ변환기ㆍ논리회로ㆍ증폭기ㆍ클록(clock)ㆍ타이밍(timing) 회로나 그 밖의 회로를 갖춘 것인지는 상관없다],70092,22419,41,23,47673
8542,전자집적회로,RO,루마니아,2025-08-01,854232,메모리,10894,337,1,3,10557
8542,전자집적회로,RO,루마니아,2025-08-01,854239,기타,91082,934,38,2,90148
8542,전자집적회로,RS,세르비아,2025-08-01,854231,프로세서와 컨트롤러[메모리ㆍ변환기ㆍ논리회로ㆍ증폭기ㆍ클록(clock)ㆍ타이밍(timing) 회로나 그 밖의 회로를 갖춘 것인지는 상관없다],228415,306,471,0,228109
8542,전자집적회로,RS,세르비아,2025-08-01,854239,기타,607342,838,1819,0,606504
8542,전자집적회로,RW,르완다,2025-08-01,854231,프로세서와 컨트롤러[메모리ㆍ변환기ㆍ논리회로ㆍ증폭기ㆍ클록(clock)ㆍ타이밍(timing) 회로나 그 밖의 회로를 갖춘 것인지는 상관없다],0,21759,0,0,-21759
8542,전자집적회로,SE,스웨덴,2025-08-01,854231,프로세서와 컨트롤러[메모리ㆍ변환기ㆍ논리회로ㆍ증폭기ㆍ클록(clock)ㆍ타이밍(timing) 회로나 그 밖의 회로를 갖춘 것인지는 상관없다],1583687,1539,530,1,1582148
8542,전자집적회로,SE,스웨덴,2025-08-01,854232,메모리,0,78,0,0,-78
8542,전자집적회로,SE,스웨덴,2025-08-01,854233,증폭기,3780,0,4,0,3780
8542,전자집적회로,SE,스웨덴,2025-08-01,854239,기타,2300,2,2,2,2298
8542,전자집적회로,SE,스웨덴,2025-08-01,854290,부분품,0,487,0,0,-487
8542,전자집적회로,SG,싱가포르,2025-08-01,854231,프로세서와 컨트롤러[메모리ㆍ변환기ㆍ논리회로ㆍ증폭기ㆍ클록(clock)ㆍ타이밍(timing) 회로나 그 밖의 회로를 갖춘 것인지는 상관없다],376688799,194862954,68727,11820,181825845
8542,전자집적회로,SG,싱가포르,2025-08-01,854232,메모리,25724091,124482483,2052,3401,-98758392
8542,전자집적회로,SG,싱가포르,2025-08-01,854233,증폭기,8834,7130032,4,355,-7121198
8542,전자집적회로,SG,싱가포르,2025-08-01,854239,기타,5554865,16967743,30820,4176,-11412878
8542,전자집적회로,SG,싱가포르,2025-08-01,854290,부분품,880219,3225,16904,32,876994
8542,전자집적회로,SI,슬로베니아,2025-08-01,854231,프로세서와 컨트롤러[메모리ㆍ변환기ㆍ논리회로ㆍ증폭기ㆍ클록(clock)ㆍ타이밍(timing) 회로나 그 밖의 회로를 갖춘 것인지는 상관없다],0,1516,0,2,-1516
8542,전자집적회로,SI,슬로베니아,2025-08-01,854239,기타,0,923,0,3,-923
8542,전자집적회로,SK,슬로바키아,2025-08-01,854231,프로세서와 컨트롤러[메모리ㆍ변환기ㆍ논리회로ㆍ증폭기ㆍ클록(clock)ㆍ타이밍(timing) 회로나 그 밖의 회로를 갖춘 것인지는 상관없다],63995,22599,106,20,41396
8542,전자집적회로,SK,슬로바키아,2025-08-01,854232,메모리,301347,0,31,0,301347
8542,전자집적회로,SK,슬로바키아,2025-08-01,854233,증폭기,16521,0,14,0,16521
8542,전자집적회로,SK,슬로바키아,2025-08-01,854239,기타,22053,0,33,0,22053
8542,전자집적회로,SV,엘살바도르,2025-08-01,854239,기타,0,1537,0,3,-1537
8542,전자집적회로,SZ,스와질랜드,2025-08-01,854231,프로세서와 컨트롤러[메모리ㆍ변환기ㆍ논리회로ㆍ증폭기ㆍ클록(clock)ㆍ타이밍(timing) 회로나 그 밖의 회로를 갖춘 것인지는 상관없다],8822,0,0,0,8822
8542,전자집적회로,TH,태국,2025-08-01,854231,프로세서와 컨트롤러[메모리ㆍ변환기ㆍ논리회로ㆍ증폭기ㆍ클록(clock)ㆍ타이밍(timing) 회로나 그 밖의 회로를 갖춘 것인지는 상관없다],22548776,13542332,13549,8590,9006444
8542,전자집적회로,TH,태국,2025-08-01,854232,메모리,22677463,2369534,1566,282,20307929
8542,전자집적회로,TH,태국,2025-08-01,854233,증폭기,32940,574016,28,244,-541076
8542,전자집적회로,TH,태국,2025-08-01,854239,기타,8806626,31855475,6265,13999,-23048849
8542,전자집적회로,TH,태국,2025-08-01,854290,부분품,5502933,19203,65063,68,5483730
8542,전자집적회로,TN,튀니지,2025-08-01,854232,메모리,372000,0,36,0,372000
8542,전자집적회로,TN,튀니지,2025-08-01,854239,기타,0,60,0,0,-60
8542,전자집적회로,TR,튀르키예,2025-08-01,854231,프로세서와 컨트롤러[메모리ㆍ변환기ㆍ논리회로ㆍ증폭기ㆍ클록(clock)ㆍ타이밍(timing) 회로나 그 밖의 회로를 갖춘 것인지는 상관없다],1532180,39,108,0,1532141
8542,전자집적회로,TR,튀르키예,2025-08-01,854232,메모리,3657518,45,148,0,3657473
8542,전자집적회로,TR,튀르키예,2025-08-01,854233,증폭기,410611,0,157,0,410611
8542,전자집적회로,TR,튀르키예,2025-08-01,854239,기타,2152453,27,384,0,2152426
8542,전자집적회로,TR,튀르키예,2025-08-01,854290,부분품,14600,0,6,0,14600
8542,전자집적회로,TT,트리니다드 토바고,2025-08-01,854231,프로세서와 컨트롤러[메모리ㆍ변환기ㆍ논리회로ㆍ증폭기ㆍ클록(clock)ㆍ타이밍(timing) 회로나 그 밖의 회로를 갖춘 것인지는 상관없다],0,57546,0,37,-57546
8542,전자집적회로,TW,대만,2025-08-01,854231,프로세서와 컨트롤러[메모리ㆍ변환기ㆍ논리회로ㆍ증폭기ㆍ클록(clock)ㆍ타이밍(timing) 회로나 그 밖의 회로를 갖춘 것인지는 상관없다],427323590,1607798611,120500,119207,-1180475021
8542,전자집적회로,TW,대만,2025-08-01,854232,메모리,2615532390,271563175,26678,12415,2343969215
8542,전자집적회로,TW,대만,2025-08-01,854233,증폭기,163664,4301236,50,1379,-4137572
8542,전자집적회로,TW,대만,2025-08-01,854239,기타,207952297,263133736,23907,43960,-55181439
8542,전자집적회로,TW,대만,2025-08-01,854290,부분품,6485162,441044,78049,1299,6044118
8542,전자집적회로,US,미국,2025-08-01,854231,프로세서와 컨트롤러[메모리ㆍ변환기ㆍ논리회로ㆍ증폭기ㆍ클록(clock)ㆍ타이밍(timing) 회로나 그 밖의 회로를 갖춘 것인지는 상관없다],44176726,114314739,13876,11957,-70138013
8542,전자집적회로,US,미국,2025-08-01,854232,메모리,14415044,2363910,1441,730,12051134
8542,전자집적회로,US,미국,2025-08-01,854233,증폭기,230352,1080770,106,139,-850418
8542,전자집적회로,US,미국,2025-08-01,854239,기타,3024919,27123946,2637,6277,-24099027
8542,전자집적회로,US,미국,2025-08-01,854290,부분품,19214,88587,210,45,-69373
8542,전자집적회로,UZ,우즈베키스탄,2025-08-01,854290,부분품,1111,0,7,0,1111
8542,전자집적회로,VN,베트남,2025-08-01,854231,프로세서와 컨트롤러[메모리ㆍ변환기ㆍ논리회로ㆍ증폭기ㆍ클록(clock)ㆍ타이밍(timing) 회로나 그 밖의 회로를 갖춘 것인지는 상관없다],916081416,15142903,94809,5768,900938513
8542,전자집적회로,VN,베트남,2025-08-01,854232,메모리,833163341,8615823,48451,1165,824547518
8542,전자집적회로,VN,베트남,2025-08-01,854233,증폭기,7567895,107677,2439,38,7460218
8542,전자집적회로,VN,베트남,2025-08-01,854239,기타,210016778,726524,56183,515,209290254
8542,전자집적회로,VN,베트남,2025-08-01,854290,부분품,680459,0,959,0,680459
8542,전자집적회로,ZA,남아프리카공화국,2025-08-01,854231,프로세서와 컨트롤러[메모리ㆍ변환기ㆍ논리회로ㆍ증폭기ㆍ클록(clock)ㆍ타이밍(timing) 회로나 그 밖의 회로를 갖춘 것인지는 상관없다],344962,0,71,0,344962
8542,전자집적회로,ZA,남아프리카공화국,2025-08-01,854232,메모리,125127,0,18,0,125127
8542,전자집적회로,ZA,남아프리카공화국,2025-08-01,854239,기타,26202,0,36,0,26202
8542,전자집적회로,AE,아랍에미리트 연합,2025-09-01,854231,프로세서와 컨트롤러[메모리ㆍ변환기ㆍ논리회로ㆍ증폭기ㆍ클록(clock)ㆍ타이밍(timing) 회로나 그 밖의 회로를 갖춘 것인지는 상관없다],32106,186,4,21,31920
8542,전자집적회로,AE,아랍에미리트 연합,2025-09-01,854239,기타,3121899,1523,70,2,3120376
8542,전자집적회로,AR,아르헨티나,2025-09-01,854231,프로세서와 컨트롤러[메모리ㆍ변환기ㆍ논리회로ㆍ증폭기ㆍ클록(clock)ㆍ타이밍(timing) 회로나 그 밖의 회로를 갖춘 것인지는 상관없다],39503,0,78,0,39503
8542,전자집적회로,AR,아르헨티나,2025-09-01,854239,기타,572989,0,1260,0,572989
8542,전자집적회로,AT,오스트리아,2025-09-01,854231,프로세서와 컨트롤러[메모리ㆍ변환기ㆍ논리회로ㆍ증폭기ㆍ클록(clock)ㆍ타이밍(timing) 회로나 그 밖의 회로를 갖춘 것인지는 상관없다],16717709,455730,5759,55,16261979
8542,전자집적회로,AT,오스트리아,2025-09-01,854232,메모리,3993540,0,260,0,3993540
8542,전자집적회로,AT,오스트리아,2025-09-01,854233,증폭기,13973,0,35,0,13973
8542,전자집적회로,AT,오스트리아,2025-09-01,854239,기타,247968,371628,946,173,-123660
8542,전자집적회로,AU,호주,2025-09-01,854231,프로세서와 컨트롤러[메모리ㆍ변환기ㆍ논리회로ㆍ증폭기ㆍ클록(clock)ㆍ타이밍(timing) 회로나 그 밖의 회로를 갖춘 것인지는 상관없다],2681,244,8,8,2437
8542,전자집적회로,AU,호주,2025-09-01,854232,메모리,600,0,0,0,600
8542,전자집적회로,AU,호주,2025-09-01,854233,증폭기,452210,3394,191,4,448816
8542,전자집적회로,AU,호주,2025-09-01,854239,기타,0,5020,0,3,-5020
8542,전자집적회로,AU,호주,2025-09-01,854290,부분품,0,555,0,1,-555
8542,전자집적회로,BD,방글라데시,2025-09-01,854231,프로세서와 컨트롤러[메모리ㆍ변환기ㆍ논리회로ㆍ증폭기ㆍ클록(clock)ㆍ타이밍(timing) 회로나 그 밖의 회로를 갖춘 것인지는 상관없다],9878,0,78,0,9878
8542,전자집적회로,BE,벨기에,2025-09-01,854231,프로세서와 컨트롤러[메모리ㆍ변환기ㆍ논리회로ㆍ증폭기ㆍ클록(clock)ㆍ타이밍(timing) 회로나 그 밖의 회로를 갖춘 것인지는 상관없다],695653,2622,81,2,693031
8542,전자집적회로,BE,벨기에,2025-09-01,854232,메모리,0,292,0,9,-292
8542,전자집적회로,BE,벨기에,2025-09-01,854233,증폭기,4932,0,1,0,4932
8542,전자집적회로,BE,벨기에,2025-09-01,854239,기타,2550,295930,6,92,-293380
8542,전자집적회로,BG,불가리아,2025-09-01,854231,프로세서와 컨트롤러[메모리ㆍ변환기ㆍ논리회로ㆍ증폭기ㆍ클록(clock)ㆍ타이밍(timing) 회로나 그 밖의 회로를 갖춘 것인지는 상관없다],0,85703,0,4,-85703
8542,전자집적회로,BG,불가리아,2025-09-01,854239,기타,99268,181662,23,19,-82394
8542,전자집적회로,BR,브라질,2025-09-01,854231,프로세서와 컨트롤러[메모리ㆍ변환기ㆍ논리회로ㆍ증폭기ㆍ클록(clock)ㆍ타이밍(timing) 회로나 그 밖의 회로를 갖춘 것인지는 상관없다],31904083,0,3720,0,31904083
8542,전자집적회로,BR,브라질,2025-09-01,854232,메모리,46606374,0,1613,0,46606374
8542,전자집적회로,BR,브라질,2025-09-01,854233,증폭기,126094,0,227,0,126094
8542,전자집적회로,BR,브라질,2025-09-01,854239,기타,3114414,1136,581,6,3113278
8542,전자집적회로,BY,벨라루스,2025-09-01,854239,기타,0,85709,0,31,-85709
8542,전자집적회로,CA,캐나다,2025-09-01,854231,프로세서와 컨트롤러[메모리ㆍ변환기ㆍ논리회로ㆍ증폭기ㆍ클록(clock)ㆍ타이밍(timing) 회로나 그 밖의 회로를 갖춘 것인지는 상관없다],7073236,21233,359,13,7052003
8542,전자집적회로,CA,캐나다,2025-09-01,854232,메모리,1784543,41,37,0,1784502
8542,전자집적회로,CA,캐나다,2025-09-01,854233,증폭기,0,6019,0,1,-6019
8542,전자집적회로,CA,캐나다,2025-09-01,854239,기타,6070,246962,3,41,-240892
8542,전자집적회로,CA,캐나다,2025-09-01,854290,부분품,16576,0,200,0,16576
8542,전자집적회로,CH,스위스,2025-09-01,854231,프로세서와 컨트롤러[메모리ㆍ변환기ㆍ논리회로ㆍ증폭기ㆍ클록(clock)ㆍ타이밍(timing) 회로나 그 밖의 회로를 갖춘 것인지는 상관없다],202483,43378,21,50,159105
8542,전자집적회로,CH,스위스,2025-09-01,854232,메모리,0,300,0,0,-300
8542,전자집적회로,CH,스위스,2025-09-01,854233,증폭기,0,3176,0,3,-3176
8542,전자집적회로,CH,스위스,2025-09-01,854239,기타,19443,1032526,170,220,-1013083
8542,전자집적회로,CH,스위스,2025-09-01,854290,부분품,0,92103,0,31,-92103
8542,전자집적회로,CN,중국,2025-09-01,854231,프로세서와 컨트롤러[메모리ㆍ변환기ㆍ논리회로ㆍ증폭기ㆍ클록(clock)ㆍ타이밍(timing) 회로나 그 밖의 회로를 갖춘 것인지는 상관없다],901003057,173912819,135088,64964,727090238
8542,전자집적회로,CN,중국,2025-09-01,854232,메모리,2661500871,1353988071,131015,72425,1307512800
8542,전자집적회로,CN,중국,2025-09-01,854233,증폭기,495526,5382755,525,1295,-4887229
8542,전자집적회로,CN,중국,2025-09-01,854239,기타,178664135,139724924,43481,108334,38939211
8542,전자집적회로,CN,중국,2025-09-01,854290,부분품,8783302,1081141,96368,19816,7702161
8542,전자집적회로,CO,콜롬비아,2025-09-01,854239,기타,1,0,0,0,1
8542,전자집적회로,CR,코스타리카,2025-09-01,854231,프로세서와 컨트롤러[메모리ㆍ변환기ㆍ논리회로ㆍ증폭기ㆍ클록(clock)ㆍ타이밍(timing) 회로나 그 밖의 회로를 갖춘 것인지는 상관없다],312150,927147,24,480,-614997
8542,전자집적회로,CR,코스타리카,2025-09-01,854232,메모리,118,0,0,0,118
8542,전자집적회로,CR,코스타리카,2025-09-01,854239,기타,0,6462,0,5,-6462
8542,전자집적회로,CZ,체코공화국,2025-09-01,854231,프로세서와 컨트롤러[메모리ㆍ변환기ㆍ논리회로ㆍ증폭기ㆍ클록(clock)ㆍ타이밍(timing) 회로나 그 밖의 회로를 갖춘 것인지는 상관없다],1764564,101059,941,84,1663505
8542,전자집적회로,CZ,체코공화국,2025-09-01,854232,메모리,1728621,18,729,0,1728603
8542,전자집적회로,CZ,체코공화국,2025-09-01,854233,증폭기,31601,258,2,1,31343
8542,전자집적회로,CZ,체코공화국,2025-09-01,854239,기타,219404,334105,78,472,-114701
8542,전자집적회로,DE,독일,2025-09-01,854231,프로세서와 컨트롤러[메모리ㆍ변환기ㆍ논리회로ㆍ증폭기ㆍ클록(clock)ㆍ타이밍(timing) 회로나 그 밖의 회로를 갖춘 것인지는 상관없다],655388,34360349,299,1937,-33704961
8542,전자집적회로,DE,독일,2025-09-01,854232,메모리,37768303,11334,1481,5,37756969
8542,전자집적회로,DE,독일,2025-09-01,854233,증폭기,232091,7911,84,7,224180
8542,전자집적회로,DE,독일,2025-09-01,854239,기타,11765898,31466744,18054,3630,-19700846
8542,전자집적회로,DE,독일,2025-09-01,854290,부분품,4,467730,1,1084,-467726
8542,전자집적회로,DK,덴마크,2025-09-01,854231,프로세서와 컨트롤러[메모리ㆍ변환기ㆍ논리회로ㆍ증폭기ㆍ클록(clock)ㆍ타이밍(timing) 회로나 그 밖의 회로를 갖춘 것인지는 상관없다],1639,5090,1,2,-3451
8542,전자집적회로,DK,덴마크,2025-09-01,854232,메모리,0,3491,0,2,-3491
8542,전자집적회로,DK,덴마크,2025-09-01,854239,기타,11312,29272,35,31,-17960
8542,전자집적회로,EE,에스토니아,2025-09-01,854231,프로세서와 컨트롤러[메모리ㆍ변환기ㆍ논리회로ㆍ증폭기ㆍ클록(clock)ㆍ타이밍(timing) 회로나 그 밖의 회로를 갖춘 것인지는 상관없다],8595,0,13,0,8595
8542,전자집적회로,EE,에스토니아,2025-09-01,854232,메모리,7260,0,0,0,7260
8542,전자집적회로,EG,이집트,2025-09-01,854231,프로세서와 컨트롤러[메모리ㆍ변환기ㆍ논리회로ㆍ증폭기ㆍ클록(clock)ㆍ타이밍(timing) 회로나 그 밖의 회로를 갖춘 것인지는 상관없다],2139526,0,754,0,2139526
8542,전자집적회로,EG,이집트,2025-09-01,854232,메모리,4304910,192,343,0,4304718
8542,전자집적회로,EG,이집트,2025-09-01,854233,증폭기,27306,0,9,0,27306
8542,전자집적회로,EG,이집트,2025-09-01,854239,기타,924798,0,205,0,924798
8542,전자집적회로,ES,스페인,2025-09-01,854231,프로세서와 컨트롤러[메모리ㆍ변환기ㆍ논리회로ㆍ증폭기ㆍ클록(clock)ㆍ타이밍(timing) 회로나 그 밖의 회로를 갖춘 것인지는 상관없다],0,40619,0,9,-40619
8542,전자집적회로,ES,스페인,2025-09-01,854232,메모리,225162,0,23,0,225162
8542,전자집적회로,ES,스페인,2025-09-01,854233,증폭기,469,0,1,0,469
8542,전자집적회로,ES,스페인,2025-09-01,854239,기타,7277,25935,19,4,-18658
8542,전자집적회로,ES,스페인,2025-09-01,854290,부분품,28949,0,21,0,28949
8542,전자집적회로,FI,핀란드,2025-09-01,854231,프로세서와 컨트롤러[메모리ㆍ변환기ㆍ논리회로ㆍ증폭기ㆍ클록(clock)ㆍ타이밍(timing) 회로나 그 밖의 회로를 갖춘 것인지는 상관없다],38871,6855,13,3,32016
8542,전자집적회로,FI,핀란드,2025-09-01,854233,증폭기,3104,0,0,0,3104
8542,전자집적회로,FI,핀란드,2025-09-01,854239,기타,608,14375,4,12,-13767
8542,전자집적회로,FI,핀란드,2025-09-01,854290,부분품,170939,0,685,0,170939
8542,전자집적회로,FR,프랑스,2025-09-01,854231,프로세서와 컨트롤러[메모리ㆍ변환기ㆍ논리회로ㆍ증폭기ㆍ클록(clock)ㆍ타이밍(timing) 회로나 그 밖의 회로를 갖춘 것인지는 상관없다],15264345,40118685,1863,8158,-24854340
8542,전자집적회로,FR,프랑스,2025-09-01,854232,메모리,363703,834665,23,295,-470962
8542,전자집적회로,FR,프랑스,2025-09-01,854233,증폭기,6585,582798,8,13,-576213
8542,전자집적회로,FR,프랑스,2025-09-01,854239,기타,140322,5168323,46,1144,-5028001
8542,전자집적회로,FR,프랑스,2025-09-01,854290,부분품,73022,279,168,0,72743
8542,전자집적회로,GB,영국,2025-09-01,854231,프로세서와 컨트롤러[메모리ㆍ변환기ㆍ논리회로ㆍ증폭기ㆍ클록(clock)ㆍ타이밍(timing) 회로나 그 밖의 회로를 갖춘 것인지는 상관없다],147253,37709,107,52,109544
8542,전자집적회로,GB,영국,2025-09-01,854232,메모리,1284781,4832,49,2,1279949
8542,전자집적회로,GB,영국,2025-09-01,854233,증폭기,0,20970,0,6,-20970
8542,전자집적회로,GB,영국,2025-09-01,854239,기타,52337,165882,75,204,-113545
8542,전자집적회로,GB,영국,2025-09-01,854290,부분품,0,1730,0,4,-1730
8542,전자집적회로,GT,과테말라,2025-09-01,854239,기타,368,0,1,0,368
8542,전자집적회로,HK,홍콩,2025-09-01,854231,프로세서와 컨트롤러[메모리ㆍ변환기ㆍ논리회로ㆍ증폭기ㆍ클록(clock)ㆍ타이밍(timing) 회로나 그 밖의 회로를 갖춘 것인지는 상관없다],95699210,18155233,47834,3521,77543977
8542,전자집적회로,HK,홍콩,2025-09-01,854232,메모리,1896313864,19870826,124767,2259,1876443038
8542,전자집적회로,HK,홍콩,2025-09-01,854233,증폭기,1523055,24902,1468,62,1498153
8542,전자집적회로,HK,홍콩,2025-09-01,854239,기타,164346369,12059499,40531,5984,152286870
8542,전자집적회로,HK,홍콩,2025-09-01,854290,부분품,591842,13728,2554,6,578114
8542,전자집적회로,HN,온두라스,2025-09-01,854239,기타,0,59,0,0,-59
8542,전자집적회로,HR,크로아티아,2025-09-01,854239,기타,0,2,0,0,-2
8542,전자집적회로,HT,아이티,2025-09-01,854239,기타,0,17,0,0,-17
8542,전자집적회로,HU,헝가리,2025-09-01,854231,프로세서와 컨트롤러[메모리ㆍ변환기ㆍ논리회로ㆍ증폭기ㆍ클록(clock)ㆍ타이밍(timing) 회로나 그 밖의 회로를 갖춘 것인지는 상관없다],608410,56854,196,23,551556
8542,전자집적회로,HU,헝가리,2025-09-01,854232,메모리,2129734,343,124,0,2129391
8542,전자집적회로,HU,헝가리,2025-09-01,854233,증폭기,0,2056,0,2,-2056
8542,전자집적회로,HU,헝가리,2025-09-01,854239,기타,23789,255123,45,532,-231334
8542,전자집적회로,ID,인도네시아,2025-09-01,854231,프로세서와 컨트롤러[메모리ㆍ변환기ㆍ논리회로ㆍ증폭기ㆍ클록(clock)ㆍ타이밍(timing) 회로나 그 밖의 회로를 갖춘 것인지는 상관없다],12758582,2542696,4912,1791,10215886
8542,전자집적회로,ID,인도네시아,2025-09-01,854232,메모리,30316905,27897,1839,5,30289008
8542,전자집적회로,ID,인도네시아,2025-09-01,854233,증폭기,50192,0,35,0,50192
8542,전자집적회로,ID,인도네시아,2025-09-01,854239,기타,5546545,4231871,9805,2533,1314674
8542,전자집적회로,ID,인도네시아,2025-09-01,854290,부분품,67668,0,895,0,67668
8542,전자집적회로,IE,아일랜드,2025-09-01,854231,프로세서와 컨트롤러[메모리ㆍ변환기ㆍ논리회로ㆍ증폭기ㆍ클록(clock)ㆍ타이밍(timing) 회로나 그 밖의 회로를 갖춘 것인지는 상관없다],228298,713160,40,84,-484862
8542,전자집적회로,IE,아일랜드,2025-09-01,854232,메모리,32506,0,3,0,32506
8542,전자집적회로,IE,아일랜드,2025-09-01,854239,기타,15499,37483,14,4,-21984
8542,전자집적회로,IL,이스라엘,2025-09-01,854231,프로세서와 컨트롤러[메모리ㆍ변환기ㆍ논리회로ㆍ증폭기ㆍ클록(clock)ㆍ타이밍(timing) 회로나 그 밖의 회로를 갖춘 것인지는 상관없다],2420273,605078,1084,78,1815195
8542,전자집적회로,IL,이스라엘,2025-09-01,854232,메모리,10048,0,5,0,10048
8542,전자집적회로,IL,이스라엘,2025-09-01,854233,증폭기,17004,0,15,0,17004
8542,전자집적회로,IL,이스라엘,2025-09-01,854239,기타,12483,1051962,30,98,-1039479
8542,전자집적회로,IL,이스라엘,2025-09-01,854290,부분품,130,75382,8,2,-75252
8542,전자집적회로,IN,인도,2025-09-01,854231,프로세서와 컨트롤러[메모리ㆍ변환기ㆍ논리회로ㆍ증폭기ㆍ클록(clock)ㆍ타이밍(timing) 회로나 그 밖의 회로를 갖춘 것인지는 상관없다],119177890,101609,22008,55,119076281
8542,전자집적회로,IN,인도,2025-09-01,854232,메모리,156472907,0,3574,0,156472907
8542,전자집적회로,IN,인도,2025-09-01,854233,증폭기,751071,63,750,0,751008
8542,전자집적회로,IN,인도,2025-09-01,854239,기타,13368650,111229,5754,87,13257421
8542,전자집적회로,IN,인도,2025-09-01,854290,부분품,966,0,4,0,966
8542,전자집적회로,IR,이란,2025-09-01,854239,기타,0,225,0,0,-225
8542,전자집적회로,IT,이탈리아,2025-09-01,854231,프로세서와 컨트롤러[메모리ㆍ변환기ㆍ논리회로ㆍ증폭기ㆍ클록(clock)ㆍ타이밍(timing) 회로나 그 밖의 회로를 갖춘 것인지는 상관없다],2452600,7515875,607,368,-5063275
8542,전자집적회로,IT,이탈리아,2025-09-01,854232,메모리,2410,898,1,1,1512
8542,전자집적회로,IT,이탈리아,2025-09-01,854233,증폭기,96053,8,11,0,96045
8542,전자집적회로,IT,이탈리아,2025-09-01,854239,기타,132217,4421805,189,2147,-4289588
8542,전자집적회로,IT,이탈리아,2025-09-01,854290,부분품,0,33034,0,112,-33034
8542,전자집적회로,JP,일본,2025-09-01,854231,프로세서와 컨트롤러[메모리ㆍ변환기ㆍ논리회로ㆍ증폭기ㆍ클록(clock)ㆍ타이밍(timing) 회로나 그 밖의 회로를 갖춘 것인지는 상관없다],17458595,455783088,8212,11876,-438324493
8542,전자집적회로,JP,일본,2025-09-01,854232,메모리,64522825,8478520,2887,502,56044305
8542,전자집적회로,JP,일본,2025-09-01,854233,증폭기,103113,89670,67,74,13443
8542,전자집적회로,JP,일본,2025-09-01,854239,기타,1911311,25455497,1372,24257,-23544186
8542,전자집적회로,JP,일본,2025-09-01,854290,부분품,288172,1100154,2631,14093,-811982
8542,전자집적회로,KY,영령 캐이맨 군도,2025-09-01,854239,기타,0,77,0,1,-77
8542,전자집적회로,KZ,카자흐스탄,2025-09-01,854233,증폭기,248,0,2,0,248
8542,전자집적회로,LB,레바논,2025-09-01,854231,프로세서와 컨트롤러[메모리ㆍ변환기ㆍ논리회로ㆍ증폭기ㆍ클록(clock)ㆍ타이밍(timing) 회로나 그 밖의 회로를 갖춘 것인지는 상관없다],57609,0,6,0,57609
8542,전자집적회로,LB,레바논,2025-09-01,854239,기타,38949,0,17,0,38949
8542,전자집적회로,LT,리투아니아,2025-09-01,854231,프로세서와 컨트롤러[메모리ㆍ변환기ㆍ논리회로ㆍ증폭기ㆍ클록(clock)ㆍ타이밍(timing) 회로나 그 밖의 회로를 갖춘 것인지는 상관없다],0,338,0,0,-338
8542,전자집적회로,MA,모로코,2025-09-01,854231,프로세서와 컨트롤러[메모리ㆍ변환기ㆍ논리회로ㆍ증폭기ㆍ클록(clock)ㆍ타이밍(timing) 회로나 그 밖의 회로를 갖춘 것인지는 상관없다],0,13163,0,12,-13163
8542,전자집적회로,MA,모로코,2025-09-01,854233,증폭기,0,9794,0,20,-9794
8542,전자집적회로,MA,모로코,2025-09-01,854239,기타,0,432190,0,871,-432190
8542,전자집적회로,MA,모로코,2025-09-01,854290,부분품,49989,0,1125,0,49989
8542,전자집적회로,MK,마세도니아,2025-09-01,854239,기타,0,73,0,0,-73
8542,전자집적회로,MT,몰타,2025-09-01,854231,프로세서와 컨트롤러[메모리ㆍ변환기ㆍ논리회로ㆍ증폭기ㆍ클록(clock)ㆍ타이밍(timing) 회로나 그 밖의 회로를 갖춘 것인지는 상관없다],4942027,13810806,3725,1466,-8868779
8542,전자집적회로,MT,몰타,2025-09-01,854239,기타,56031,183248,239,33,-127217
8542,전자집적회로,MT,몰타,2025-09-01,854290,부분품,672003,0,3356,0,672003
8542,전자집적회로,MX,멕시코,2025-09-01,854231,프로세서와 컨트롤러[메모리ㆍ변환기ㆍ논리회로ㆍ증폭기ㆍ클록(clock)ㆍ타이밍(timing) 회로나 그 밖의 회로를 갖춘 것인지는 상관없다],16893695,1586725,10212,262,15306970
8542,전자집적회로,MX,멕시코,2025-09-01,854232,메모리,11803873,9933,1365,16,11793940
8542,전자집적회로,MX,멕시코,2025-09-01,854233,증폭기,503140,2592950,222,746,-2089810
8542,전자집적회로,MX,멕시코,2025-09-01,854239,기타,16864327,854160,6925,630,16010167
8542,전자집적회로,MX,멕시코,2025-09-01,854290,부분품,4430,409,25,9,4021
8542,전자집적회로,MY,말레이시아,2025-09-01,854231,프로세서와 컨트롤러[메모리ㆍ변환기ㆍ논리회로ㆍ증폭기ㆍ클록(clock)ㆍ타이밍(timing) 회로나 그 밖의 회로를 갖춘 것인지는 상관없다],132002996,118206096,45135,14298,13796900
8542,전자집적회로,MY,말레이시아,2025-09-01,854232,메모리,79984686,8555674,2492,396,71429012
8542,전자집적회로,MY,말레이시아,2025-09-01,854233,증폭기,11104,2005853,23,1457,-1994749
8542,전자집적회로,MY,말레이시아,2025-09-01,854239,기타,35716869,59432943,28782,22944,-23716074
8542,전자집적회로,MY,말레이시아,2025-09-01,854290,부분품,6201639,9401,87712,32,6192238
8542,전자집적회로,NL,네덜란드,2025-09-01,854231,프로세서와 컨트롤러[메모리ㆍ변환기ㆍ논리회로ㆍ증폭기ㆍ클록(clock)ㆍ타이밍(timing) 회로나 그 밖의 회로를 갖춘 것인지는 상관없다],4767111,7990345,2378,714,-3223234
8542,전자집적회로,NL,네덜란드,2025-09-01,854232,메모리,5376953,94426,264,44,5282527
8542,전자집적회로,NL,네덜란드,2025-09-01,854233,증폭기,0,303157,0,1,-303157
8542,전자집적회로,NL,네덜란드,2025-09-01,854239,기타,121621,21472,208,33,100149
8542,전자집적회로,NL,네덜란드,2025-09-01,854290,부분품,12181,96,58,1,12085
8542,전자집적회로,NO,노르웨이,2025-09-01,854231,프로세서와 컨트롤러[메모리ㆍ변환기ㆍ논리회로ㆍ증폭기ㆍ클록(clock)ㆍ타이밍(timing) 회로나 그 밖의 회로를 갖춘 것인지는 상관없다],0,1015,0,1,-1015
8542,전자집적회로,NO,노르웨이,2025-09-01,854233,증폭기,0,8659,0,49,-8659
8542,전자집적회로,NO,노르웨이,2025-09-01,854239,기타,696,2314,3,4,-1618
8542,전자집적회로,NP,네팔,2025-09-01,854239,기타,0,2,0,0,-2
8542,전자집적회로,PH,필리핀,2025-09-01,854231,프로세서와 컨트롤러[메모리ㆍ변환기ㆍ논리회로ㆍ증폭기ㆍ클록(clock)ㆍ타이밍(timing) 회로나 그 밖의 회로를 갖춘 것인지는 상관없다],61741921,23049422,29924,8267,38692499
8542,전자집적회로,PH,필리핀,2025-09-01,854232,메모리,134005827,295302,6381,153,133710525
8542,전자집적회로,PH,필리핀,2025-09-01,854233,증폭기,8965,381174,1,318,-372209
8542,전자집적회로,PH,필리핀,2025-09-01,854239,기타,16068678,23751231,12416,9542,-7682553
8542,전자집적회로,PH,필리핀,2025-09-01,854290,부분품,3551257,57697,41422,234,3493560
8542,전자집적회로,PK,파키스탄,2025-09-01,854231,프로세서와 컨트롤러[메모리ㆍ변환기ㆍ논리회로ㆍ증폭기ㆍ클록(clock)ㆍ타이밍(timing) 회로나 그 밖의 회로를 갖춘 것인지는 상관없다],215515,0,2852,0,215515
8542,전자집적회로,PL,폴란드,2025-09-01,854231,프로세서와 컨트롤러[메모리ㆍ변환기ㆍ논리회로ㆍ증폭기ㆍ클록(clock)ㆍ타이밍(timing) 회로나 그 밖의 회로를 갖춘 것인지는 상관없다],33430806,0,20982,0,33430806
8542,전자집적회로,PL,폴란드,2025-09-01,854232,메모리,4118776,0,864,0,4118776
8542,전자집적회로,PL,폴란드,2025-09-01,854233,증폭기,357760,0,304,0,357760
8542,전자집적회로,PL,폴란드,2025-09-01,854239,기타,5932895,190,1835,9,5932705
8542,전자집적회로,PL,폴란드,2025-09-01,854290,부분품,0,10,0,0,-10
8542,전자집적회로,PT,포루투갈,2025-09-01,854231,프로세서와 컨트롤러[메모리ㆍ변환기ㆍ논리회로ㆍ증폭기ㆍ클록(clock)ㆍ타이밍(timing) 회로나 그 밖의 회로를 갖춘 것인지는 상관없다],4671454,447222,2155,8,4224232
8542,전자집적회로,PT,포루투갈,2025-09-01,854232,메모리,6363846,0,186,0,6363846
8542,전자집적회로,PT,포루투갈,2025-09-01,854239,기타,0,1173837,0,14,-1173837
8542,전자집적회로,RO,루마니아,2025-09-01,854231,프로세서와 컨트롤러[메모리ㆍ변환기ㆍ논리회로ㆍ증폭기ㆍ클록(clock)ㆍ타이밍(timing) 회로나 그 밖의 회로를 갖춘 것인지는 상관없다],78904,16580,63,10,62324
8542,전자집적회로,RO,루마니아,2025-09-01,854232,메모리,0,898,0,11,-898
8542,전자집적회로,RO,루마니아,2025-09-01,854233,증폭기,3796,0,5,0,3796
8542,전자집적회로,RO,루마니아,2025-09-01,854239,기타,175284,83,74,0,175201
8542,전자집적회로,RS,세르비아,2025-09-01,854231,프로세서와 컨트롤러[메모리ㆍ변환기ㆍ논리회로ㆍ증폭기ㆍ클록(clock)ㆍ타이밍(timing) 회로나 그 밖의 회로를 갖춘 것인지는 상관없다],188,0,3,0,188
8542,전자집적회로,RS,세르비아,2025-09-01,854239,기타,567126,0,704,0,567126
8542,전자집적회로,SE,스웨덴,2025-09-01,854231,프로세서와 컨트롤러[메모리ㆍ변환기ㆍ논리회로ㆍ증폭기ㆍ클록(clock)ㆍ타이밍(timing) 회로나 그 밖의 회로를 갖춘 것인지는 상관없다],2788975,17612,843,6,2771363
8542,전자집적회로,SE,스웨덴,2025-09-01,854233,증폭기,3516,0,2,0,3516
8542,전자집적회로,SE,스웨덴,2025-09-01,854239,기타,396013,4836,84,1,391177
8542,전자집적회로,SG,싱가포르,2025-09-01,854231,프로세서와 컨트롤러[메모리ㆍ변환기ㆍ논리회로ㆍ증폭기ㆍ클록(clock)ㆍ타이밍(timing) 회로나 그 밖의 회로를 갖춘 것인지는 상관없다],366944548,119788584,69133,13417,247155964
8542,전자집적회로,SG,싱가포르,2025-09-01,854232,메모리,43745844,58244291,5511,1658,-14498447
8542,전자집적회로,SG,싱가포르,2025-09-01,854233,증폭기,686,4449821,1,193,-4449135
8542,전자집적회로,SG,싱가포르,2025-09-01,854239,기타,5982671,18152801,29186,5508,-12170130
8542,전자집적회로,SG,싱가포르,2025-09-01,854290,부분품,774567,61757,16650,1023,712810
8542,전자집적회로,SI,슬로베니아,2025-09-01,854231,프로세서와 컨트롤러[메모리ㆍ변환기ㆍ논리회로ㆍ증폭기ㆍ클록(clock)ㆍ타이밍(timing) 회로나 그 밖의 회로를 갖춘 것인지는 상관없다],0,6554,0,4,-6554
8542,전자집적회로,SI,슬로베니아,2025-09-01,854239,기타,7720,2311,20,3,5409
8542,전자집적회로,SK,슬로바키아,2025-09-01,854231,프로세서와 컨트롤러[메모리ㆍ변환기ㆍ논리회로ㆍ증폭기ㆍ클록(clock)ㆍ타이밍(timing) 회로나 그 밖의 회로를 갖춘 것인지는 상관없다],25940,0,38,0,25940
8542,전자집적회로,SK,슬로바키아,2025-09-01,854232,메모리,170083,0,18,0,170083
8542,전자집적회로,SK,슬로바키아,2025-09-01,854233,증폭기,47126,0,53,0,47126
8542,전자집적회로,SK,슬로바키아,2025-09-01,854239,기타,42485,155517,172,47,-113032
8542,전자집적회로,SV,엘살바도르,2025-09-01,854239,기타,0,2018,0,3,-2018
8542,전자집적회로,TH,태국,2025-09-01,854231,프로세서와 컨트롤러[메모리ㆍ변환기ㆍ논리회로ㆍ증폭기ㆍ클록(clock)ㆍ타이밍(timing) 회로나 그 밖의 회로를 갖춘 것인지는 상관없다],26573551,17321437,17447,10336,9252114
8542,전자집적회로,TH,태국,2025-09-01,854232,메모리,38286266,1715860,2334,870,36570406
8542,전자집적회로,TH,태국,2025-09-01,854233,증폭기,29301,422082,26,237,-392781
8542,전자집적회로,TH,태국,2025-09-01,854239,기타,21795045,29278898,8674,10496,-7483853
8542,전자집적회로,TH,태국,2025-09-01,854290,부분품,6958572,21824,81647,17,6936748
8542,전자집적회로,TN,튀니지,2025-09-01,854239,기타,0,716,0,1,-716
8542,전자집적회로,TR,튀르키예,2025-09-01,854231,프로세서와 컨트롤러[메모리ㆍ변환기ㆍ논리회로ㆍ증폭기ㆍ클록(clock)ㆍ타이밍(timing) 회로나 그 밖의 회로를 갖춘 것인지는 상관없다],2027498,0,211,0,2027498
8542,전자집적회로,TR,튀르키예,2025-09-01,854232,메모리,3351770,59279,173,11,3292491
8542,전자집적회로,TR,튀르키예,2025-09-01,854233,증폭기,389606,1529,129,3,388077
8542,전자집적회로,TR,튀르키예,2025-09-01,854239,기타,1868211,4677,370,2,1863534
8542,전자집적회로,TR,튀르키예,2025-09-01,854290,부분품,9,0,5,0,9
8542,전자집적회로,TW,대만,2025-09-01,854231,프로세서와 컨트롤러[메모리ㆍ변환기ㆍ논리회로ㆍ증폭기ㆍ클록(clock)ㆍ타이밍(timing) 회로나 그 밖의 회로를 갖춘 것인지는 상관없다],393120718,1630141826,105799,120453,-1237021108
8542,전자집적회로,TW,대만,2025-09-01,854232,메모리,3205867173,53186022,28285,15108,3152681151
8542,전자집적회로,TW,대만,2025-09-01,854233,증폭기,181397,1674760,66,646,-1493363
8542,전자집적회로,TW,대만,2025-09-01,854239,기타,319553744,315273712,32916,48077,4280032
8542,전자집적회로,TW,대만,2025-09-01,854290,부분품,6545569,563983,78706,1468,5981586
8542,전자집적회로,UA,우크라이나,2025-09-01,854239,기타,0,47,0,0,-47
8542,전자집적회로,US,미국,2025-09-01,854231,프로세서와 컨트롤러[메모리ㆍ변환기ㆍ논리회로ㆍ증폭기ㆍ클록(clock)ㆍ타이밍(timing) 회로나 그 밖의 회로를 갖춘 것인지는 상관없다],48616870,123973182,17855,13538,-75356312
8542,전자집적회로,US,미국,2025-09-01,854232,메모리,39968214,3126101,1894,1042,36842113
8542,전자집적회로,US,미국,2025-09-01,854233,증폭기,214316,644962,82,136,-430646
8542,전자집적회로,US,미국,2025-09-01,854239,기타,3173164,48772535,2991,7302,-45599371
8542,전자집적회로,US,미국,2025-09-01,854290,부분품,277112,184731,235,148,92381
8542,전자집적회로,VE,베네주엘라,2025-09-01,854231,프로세서와 컨트롤러[메모리ㆍ변환기ㆍ논리회로ㆍ증폭기ㆍ클록(clock)ㆍ타이밍(timing) 회로나 그 밖의 회로를 갖춘 것인지는 상관없다],0,169,0,0,-169
8542,전자집적회로,VN,베트남,2025-09-01,854231,프로세서와 컨트롤러[메모리ㆍ변환기ㆍ논리회로ㆍ증폭기ㆍ클록(clock)ㆍ타이밍(timing) 회로나 그 밖의 회로를 갖춘 것인지는 상관없다],872531267,19117016,96924,5899,853414251
8542,전자집적회로,VN,베트남,2025-09-01,854232,메모리,863519134,10299386,50978,1361,853219748
8542,전자집적회로,VN,베트남,2025-09-01,854233,증폭기,6669983,826522,1305,117,5843461
8542,전자집적회로,VN,베트남,2025-09-01,854239,기타,215865474,792069,62873,716,215073405
8542,전자집적회로,VN,베트남,2025-09-01,854290,부분품,1219097,154,3603,1,1218943
8542,전자집적회로,ZA,남아프리카공화국,2025-09-01,854231,프로세서와 컨트롤러[메모리ㆍ변환기ㆍ논리회로ㆍ증폭기ㆍ클록(clock)ㆍ타이밍(timing) 회로나 그 밖의 회로를 갖춘 것인지는 상관없다],272907,0,850,0,272907
8542,전자집적회로,ZA,남아프리카공화국,2025-09-01,854232,메모리,42320,0,143,0,42320
8542,전자집적회로,ZA,남아프리카공화국,2025-09-01,854239,기타,23346,0,79,0,23346
8542,전자집적회로,AE,아랍에미리트 연합,2025-10-01,854231,프로세서와 컨트롤러[메모리ㆍ변환기ㆍ논리회로ㆍ증폭기ㆍ클록(clock)ㆍ타이밍(timing) 회로나 그 밖의 회로를 갖춘 것인지는 상관없다],234357,0,190,0,234357
8542,전자집적회로,AE,아랍에미리트 연합,2025-10-01,854239,기타,6,1916,0,1,-1910
8542,전자집적회로,AR,아르헨티나,2025-10-01,854231,프로세서와 컨트롤러[메모리ㆍ변환기ㆍ논리회로ㆍ증폭기ㆍ클록(clock)ㆍ타이밍(timing) 회로나 그 밖의 회로를 갖춘 것인지는 상관없다],5325,0,3,0,5325
8542,전자집적회로,AR,아르헨티나,2025-10-01,854239,기타,321741,0,325,0,321741
8542,전자집적회로,AT,오스트리아,2025-10-01,854231,프로세서와 컨트롤러[메모리ㆍ변환기ㆍ논리회로ㆍ증폭기ㆍ클록(clock)ㆍ타이밍(timing) 회로나 그 밖의 회로를 갖춘 것인지는 상관없다],10036901,315684,4185,42,9721217
8542,전자집적회로,AT,오스트리아,2025-10-01,854232,메모리,2679746,0,154,0,2679746
8542,전자집적회로,AT,오스트리아,2025-10-01,854233,증폭기,11463,895,63,0,10568
8542,전자집적회로,AT,오스트리아,2025-10-01,854239,기타,162242,808508,396,165,-646266
8542,전자집적회로,AT,오스트리아,2025-10-01,854290,부분품,0,343,0,0,-343
8542,전자집적회로,AU,호주,2025-10-01,854231,프로세서와 컨트롤러[메모리ㆍ변환기ㆍ논리회로ㆍ증폭기ㆍ클록(clock)ㆍ타이밍(timing) 회로나 그 밖의 회로를 갖춘 것인지는 상관없다],15127,203458,47,9,-188331
8542,전자집적회로,AU,호주,2025-10-01,854232,메모리,1013,3533477,1,35,-3532464
8542,전자집적회로,AU,호주,2025-10-01,854233,증폭기,71670,5233,3,2,66437
8542,전자집적회로,AU,호주,2025-10-01,854239,기타,2991,665,8,6,2326
8542,전자집적회로,AU,호주,2025-10-01,854290,부분품,0,108,0,0,-108
8542,전자집적회로,AZ,아제르바이잔,2025-10-01,854239,기타,0,0,0,0,0
8542,전자집적회로,BD,방글라데시,2025-10-01,854231,프로세서와 컨트롤러[메모리ㆍ변환기ㆍ논리회로ㆍ증폭기ㆍ클록(clock)ㆍ타이밍(timing) 회로나 그 밖의 회로를 갖춘 것인지는 상관없다],1312,0,51,0,1312
8542,전자집적회로,BE,벨기에,2025-10-01,854231,프로세서와 컨트롤러[메모리ㆍ변환기ㆍ논리회로ㆍ증폭기ㆍ클록(clock)ㆍ타이밍(timing) 회로나 그 밖의 회로를 갖춘 것인지는 상관없다],651209,439,89,2,650770
8542,전자집적회로,BE,벨기에,2025-10-01,854233,증폭기,580,0,1,0,580
8542,전자집적회로,BE,벨기에,2025-10-01,854239,기타,615,238400,1,40,-237785
8542,전자집적회로,BG,불가리아,2025-10-01,854239,기타,1300,0,4,0,1300
8542,전자집적회로,BR,브라질,2025-10-01,854231,프로세서와 컨트롤러[메모리ㆍ변환기ㆍ논리회로ㆍ증폭기ㆍ클록(clock)ㆍ타이밍(timing) 회로나 그 밖의 회로를 갖춘 것인지는 상관없다],34017884,0,3754,0,34017884
8542,전자집적회로,BR,브라질,2025-10-01,854232,메모리,76604993,2445,2381,0,76602548
8542,전자집적회로,BR,브라질,2025-10-01,854233,증폭기,302542,0,246,0,302542
8542,전자집적회로,BR,브라질,2025-10-01,854239,기타,2168727,1165,410,3,2167562
8542,전자집적회로,BY,벨라루스,2025-10-01,854239,기타,0,67156,0,22,-67156
8542,전자집적회로,CA,캐나다,2025-10-01,854231,프로세서와 컨트롤러[메모리ㆍ변환기ㆍ논리회로ㆍ증폭기ㆍ클록(clock)ㆍ타이밍(timing) 회로나 그 밖의 회로를 갖춘 것인지는 상관없다],1149001,17800,169,13,1131201
8542,전자집적회로,CA,캐나다,2025-10-01,854232,메모리,663161,2256848,6,30,-1593687
8542,전자집적회로,CA,캐나다,2025-10-01,854233,증폭기,529,2013,1,0,-1484
8542,전자집적회로,CA,캐나다,2025-10-01,854239,기타,6659,410036,3,31,-403377
8542,전자집적회로,CA,캐나다,2025-10-01,854290,부분품,96742,0,90,0,96742
8542,전자집적회로,CH,스위스,2025-10-01,854231,프로세서와 컨트롤러[메모리ㆍ변환기ㆍ논리회로ㆍ증폭기ㆍ클록(clock)ㆍ타이밍(timing) 회로나 그 밖의 회로를 갖춘 것인지는 상관없다],347770,64109,29,84,283661
8542,전자집적회로,CH,스위스,2025-10-01,854233,증폭기,0,3053,0,3,-3053
8542,전자집적회로,CH,스위스,2025-10-01,854239,기타,147037,947316,7,123,-800279
8542,전자집적회로,CH,스위스,2025-10-01,854290,부분품,0,14078,0,13,-14078
8542,전자집적회로,CM,카메룬,2025-10-01,854239,기타,0,24911,0,20,-24911
8542,전자집적회로,CN,중국,2025-10-01,854231,프로세서와 컨트롤러[메모리ㆍ변환기ㆍ논리회로ㆍ증폭기ㆍ클록(clock)ㆍ타이밍(timing) 회로나 그 밖의 회로를 갖춘 것인지는 상관없다],727027292,165068278,116785,55372,561959014
8542,전자집적회로,CN,중국,2025-10-01,854232,메모리,3126620117,1152263978,125262,52353,1974356139
8542,전자집적회로,CN,중국,2025-10-01,854233,증폭기,536434,6327015,537,1516,-5790581
8542,전자집적회로,CN,중국,2025-10-01,854239,기타,185892670,109422544,41723,87958,76470126
8542,전자집적회로,CN,중국,2025-10-01,854290,부분품,9209059,670889,104994,13055,8538170
8542,전자집적회로,CR,코스타리카,2025-10-01,854231,프로세서와 컨트롤러[메모리ㆍ변환기ㆍ논리회로ㆍ증폭기ㆍ클록(clock)ㆍ타이밍(timing) 회로나 그 밖의 회로를 갖춘 것인지는 상관없다],159476,3184950,29,149,-3025474
8542,전자집적회로,CR,코스타리카,2025-10-01,854239,기타,0,3684,0,5,-3684
8542,전자집적회로,CZ,체코공화국,2025-10-01,854231,프로세서와 컨트롤러[메모리ㆍ변환기ㆍ논리회로ㆍ증폭기ㆍ클록(clock)ㆍ타이밍(timing) 회로나 그 밖의 회로를 갖춘 것인지는 상관없다],7455832,83098,1973,62,7372734
8542,전자집적회로,CZ,체코공화국,2025-10-01,854232,메모리,2717477,252,235,1,2717225
8542,전자집적회로,CZ,체코공화국,2025-10-01,854233,증폭기,505342,0,19,0,505342
8542,전자집적회로,CZ,체코공화국,2025-10-01,854239,기타,945157,514624,416,482,430533
8542,전자집적회로,DE,독일,2025-10-01,854231,프로세서와 컨트롤러[메모리ㆍ변환기ㆍ논리회로ㆍ증폭기ㆍ클록(clock)ㆍ타이밍(timing) 회로나 그 밖의 회로를 갖춘 것인지는 상관없다],1077350,23879935,569,2387,-22802585
8542,전자집적회로,DE,독일,2025-10-01,854232,메모리,7650027,5897,485,12,7644130
8542,전자집적회로,DE,독일,2025-10-01,854233,증폭기,53830,238769,14,16,-184939
8542,전자집적회로,DE,독일,2025-10-01,854239,기타,12125606,23579003,16772,2767,-11453397
8542,전자집적회로,DE,독일,2025-10-01,854290,부분품,2146,673410,4,1264,-671264
8542,전자집적회로,DK,덴마크,2025-10-01,854233,증폭기,54,12747,0,0,-12693
8542,전자집적회로,DK,덴마크,2025-10-01,854239,기타,11988,1077,39,1,10911
8542,전자집적회로,DK,덴마크,2025-10-01,854290,부분품,0,2998,0,4,-2998
8542,전자집적회로,EE,에스토니아,2025-10-01,854231,프로세서와 컨트롤러[메모리ㆍ변환기ㆍ논리회로ㆍ증폭기ㆍ클록(clock)ㆍ타이밍(timing) 회로나 그 밖의 회로를 갖춘 것인지는 상관없다],22429,0,29,0,22429
8542,전자집적회로,EE,에스토니아,2025-10-01,854232,메모리,4838,0,0,0,4838
8542,전자집적회로,EG,이집트,2025-10-01,854231,프로세서와 컨트롤러[메모리ㆍ변환기ㆍ논리회로ㆍ증폭기ㆍ클록(clock)ㆍ타이밍(timing) 회로나 그 밖의 회로를 갖춘 것인지는 상관없다],2696954,0,527,0,2696954
8542,전자집적회로,EG,이집트,2025-10-01,854232,메모리,9529352,0,491,0,9529352
8542,전자집적회로,EG,이집트,2025-10-01,854233,증폭기,45236,4159,19,1,41077
8542,전자집적회로,EG,이집트,2025-10-01,854239,기타,895003,0,149,0,895003
8542,전자집적회로,ES,스페인,2025-10-01,854231,프로세서와 컨트롤러[메모리ㆍ변환기ㆍ논리회로ㆍ증폭기ㆍ클록(clock)ㆍ타이밍(timing) 회로나 그 밖의 회로를 갖춘 것인지는 상관없다],9224,40887,5,4,-31663
8542,전자집적회로,ES,스페인,2025-10-01,854232,메모리,286841,892,31,2,285949
8542,전자집적회로,ES,스페인,2025-10-01,854233,증폭기,2012,0,0,0,2012
8542,전자집적회로,ES,스페인,2025-10-01,854239,기타,40010,208342,2,22,-168332
8542,전자집적회로,ES,스페인,2025-10-01,854290,부분품,28135,0,18,0,28135
8542,전자집적회로,FI,핀란드,2025-10-01,854231,프로세서와 컨트롤러[메모리ㆍ변환기ㆍ논리회로ㆍ증폭기ㆍ클록(clock)ㆍ타이밍(timing) 회로나 그 밖의 회로를 갖춘 것인지는 상관없다],42490,800,11,1,41690
8542,전자집적회로,FI,핀란드,2025-10-01,854232,메모리,3592,0,0,0,3592
8542,전자집적회로,FI,핀란드,2025-10-01,854233,증폭기,106,0,0,0,106
8542,전자집적회로,FI,핀란드,2025-10-01,854239,기타,13488,0,12,0,13488
8542,전자집적회로,FI,핀란드,2025-10-01,854290,부분품,79865,630,319,4,79235
8542,전자집적회로,FR,프랑스,2025-10-01,854231,프로세서와 컨트롤러[메모리ㆍ변환기ㆍ논리회로ㆍ증폭기ㆍ클록(clock)ㆍ타이밍(timing) 회로나 그 밖의 회로를 갖춘 것인지는 상관없다],13633006,42318780,1873,5052,-28685774
8542,전자집적회로,FR,프랑스,2025-10-01,854232,메모리,0,934844,0,297,-934844
8542,전자집적회로,FR,프랑스,2025-10-01,854233,증폭기,6906,32915,10,1,-26009
8542,전자집적회로,FR,프랑스,2025-10-01,854239,기타,83100,1928605,25,390,-1845505
8542,전자집적회로,GB,영국,2025-10-01,854231,프로세서와 컨트롤러[메모리ㆍ변환기ㆍ논리회로ㆍ증폭기ㆍ클록(clock)ㆍ타이밍(timing) 회로나 그 밖의 회로를 갖춘 것인지는 상관없다],281244,100130,174,313,181114
8542,전자집적회로,GB,영국,2025-10-01,854232,메모리,1844,3554,2,1,-1710
8542,전자집적회로,GB,영국,2025-10-01,854233,증폭기,0,3612,0,1,-3612
8542,전자집적회로,GB,영국,2025-10-01,854239,기타,51196,63177,89,41,-11981
8542,전자집적회로,GB,영국,2025-10-01,854290,부분품,3200,529,2,0,2671
8542,전자집적회로,GR,그리스,2025-10-01,854233,증폭기,8709,1824,3,2,6885
8542,전자집적회로,HK,홍콩,2025-10-01,854231,프로세서와 컨트롤러[메모리ㆍ변환기ㆍ논리회로ㆍ증폭기ㆍ클록(clock)ㆍ타이밍(timing) 회로나 그 밖의 회로를 갖춘 것인지는 상관없다],107183761,24362842,49944,4858,82820919
8542,전자집적회로,HK,홍콩,2025-10-01,854232,메모리,1325772938,6058877,81505,2683,1319714061
8542,전자집적회로,HK,홍콩,2025-10-01,854233,증폭기,1168572,29704,1326,16,1138868
8542,전자집적회로,HK,홍콩,2025-10-01,854239,기타,155906044,9331794,38732,2825,146574250
8542,전자집적회로,HK,홍콩,2025-10-01,854290,부분품,268054,658,3401,2,267396
8542,전자집적회로,HN,온두라스,2025-10-01,854239,기타,0,2046,0,2,-2046
8542,전자집적회로,HU,헝가리,2025-10-01,854231,프로세서와 컨트롤러[메모리ㆍ변환기ㆍ논리회로ㆍ증폭기ㆍ클록(clock)ㆍ타이밍(timing) 회로나 그 밖의 회로를 갖춘 것인지는 상관없다],161961,95370,57,25,66591
8542,전자집적회로,HU,헝가리,2025-10-01,854232,메모리,1221768,0,49,0,1221768
8542,전자집적회로,HU,헝가리,2025-10-01,854233,증폭기,59983,2494,3,33,57489
8542,전자집적회로,HU,헝가리,2025-10-01,854239,기타,115,51741,2,43,-51626
8542,전자집적회로,ID,인도네시아,2025-10-01,854231,프로세서와 컨트롤러[메모리ㆍ변환기ㆍ논리회로ㆍ증폭기ㆍ클록(clock)ㆍ타이밍(timing) 회로나 그 밖의 회로를 갖춘 것인지는 상관없다],17099054,2702894,4963,1907,14396160
8542,전자집적회로,ID,인도네시아,2025-10-01,854232,메모리,15731888,4469,1075,5,15727419
8542,전자집적회로,ID,인도네시아,2025-10-01,854233,증폭기,56700,0,232,0,56700
8542,전자집적회로,ID,인도네시아,2025-10-01,854239,기타,4370740,4734077,5683,2807,-363337
8542,전자집적회로,ID,인도네시아,2025-10-01,854290,부분품,61523,955,787,1,60568
8542,전자집적회로,IE,아일랜드,2025-10-01,854231,프로세서와 컨트롤러[메모리ㆍ변환기ㆍ논리회로ㆍ증폭기ㆍ클록(clock)ㆍ타이밍(timing) 회로나 그 밖의 회로를 갖춘 것인지는 상관없다],22906,899762,17,112,-876856
8542,전자집적회로,IE,아일랜드,2025-10-01,854232,메모리,1166,0,0,0,1166
8542,전자집적회로,IE,아일랜드,2025-10-01,854239,기타,711,4226,6,1,-3515
8542,전자집적회로,IL,이스라엘,2025-10-01,854231,프로세서와 컨트롤러[메모리ㆍ변환기ㆍ논리회로ㆍ증폭기ㆍ클록(clock)ㆍ타이밍(timing) 회로나 그 밖의 회로를 갖춘 것인지는 상관없다],764360,196498,1093,9,567862
8542,전자집적회로,IL,이스라엘,2025-10-01,854232,메모리,56405,0,14,0,56405
8542,전자집적회로,IL,이스라엘,2025-10-01,854233,증폭기,154346,0,4,0,154346
8542,전자집적회로,IL,이스라엘,2025-10-01,854239,기타,32298,1069330,102,86,-1037032
8542,전자집적회로,IL,이스라엘,2025-10-01,854290,부분품,390,0,17,0,390
8542,전자집적회로,IN,인도,2025-10-01,854231,프로세서와 컨트롤러[메모리ㆍ변환기ㆍ논리회로ㆍ증폭기ㆍ클록(clock)ㆍ타이밍(timing) 회로나 그 밖의 회로를 갖춘 것인지는 상관없다],153341399,118844,24525,57,153222555
8542,전자집적회로,IN,인도,2025-10-01,854232,메모리,74092313,347,3296,2,74091966
8542,전자집적회로,IN,인도,2025-10-01,854233,증폭기,837905,0,729,0,837905
8542,전자집적회로,IN,인도,2025-10-01,854239,기타,14782723,17443,6062,14,14765280
8542,전자집적회로,IN,인도,2025-10-01,854290,부분품,2000,328,4,1,1672
8542,전자집적회로,IQ,이라크,2025-10-01,854232,메모리,27086,0,14,0,27086
8542,전자집적회로,IT,이탈리아,2025-10-01,854231,프로세서와 컨트롤러[메모리ㆍ변환기ㆍ논리회로ㆍ증폭기ㆍ클록(clock)ㆍ타이밍(timing) 회로나 그 밖의 회로를 갖춘 것인지는 상관없다],960625,7039299,263,428,-6078674
8542,전자집적회로,IT,이탈리아,2025-10-01,854232,메모리,3000,83,2,1,2917
8542,전자집적회로,IT,이탈리아,2025-10-01,854233,증폭기,8874,27,2,1,8847
8542,전자집적회로,IT,이탈리아,2025-10-01,854239,기타,152104,4229824,150,1779,-4077720
8542,전자집적회로,IT,이탈리아,2025-10-01,854290,부분품,1,64383,1,142,-64382
8542,전자집적회로,JP,일본,2025-10-01,854231,프로세서와 컨트롤러[메모리ㆍ변환기ㆍ논리회로ㆍ증폭기ㆍ클록(clock)ㆍ타이밍(timing) 회로나 그 밖의 회로를 갖춘 것인지는 상관없다],34237605,493996897,11148,12210,-459759292
8542,전자집적회로,JP,일본,2025-10-01,854232,메모리,41736160,27646674,1806,560,14089486
8542,전자집적회로,JP,일본,2025-10-01,854233,증폭기,68178,266779,109,114,-198601
8542,전자집적회로,JP,일본,2025-10-01,854239,기타,3371712,20876255,4696,21112,-17504543
8542,전자집적회로,JP,일본,2025-10-01,854290,부분품,278406,1076831,2155,14227,-798425
8542,전자집적회로,LK,스리랑카,2025-10-01,854233,증폭기,0,971,0,1,-971
8542,전자집적회로,LK,스리랑카,2025-10-01,854290,부분품,5606,0,29,0,5606
8542,전자집적회로,LT,리투아니아,2025-10-01,854231,프로세서와 컨트롤러[메모리ㆍ변환기ㆍ논리회로ㆍ증폭기ㆍ클록(clock)ㆍ타이밍(timing) 회로나 그 밖의 회로를 갖춘 것인지는 상관없다],222,0,0,0,222
8542,전자집적회로,LT,리투아니아,2025-10-01,854239,기타,0,229508,0,2,-229508
8542,전자집적회로,LV,라트비아,2025-10-01,854231,프로세서와 컨트롤러[메모리ㆍ변환기ㆍ논리회로ㆍ증폭기ㆍ클록(clock)ㆍ타이밍(timing) 회로나 그 밖의 회로를 갖춘 것인지는 상관없다],0,617,0,0,-617
8542,전자집적회로,MA,모로코,2025-10-01,854231,프로세서와 컨트롤러[메모리ㆍ변환기ㆍ논리회로ㆍ증폭기ㆍ클록(clock)ㆍ타이밍(timing) 회로나 그 밖의 회로를 갖춘 것인지는 상관없다],0,370972,0,127,-370972
8542,전자집적회로,MA,모로코,2025-10-01,854232,메모리,0,2024,0,7,-2024
8542,전자집적회로,MA,모로코,2025-10-01,854233,증폭기,0,10962,0,42,-10962
8542,전자집적회로,MA,모로코,2025-10-01,854239,기타,0,274139,0,574,-274139
8542,전자집적회로,MA,모로코,2025-10-01,854290,부분품,183714,0,3275,0,183714
8542,전자집적회로,MK,마세도니아,2025-10-01,854239,기타,0,692,0,4,-692
8542,전자집적회로,MT,몰타,2025-10-01,854231,프로세서와 컨트롤러[메모리ㆍ변환기ㆍ논리회로ㆍ증폭기ㆍ클록(clock)ㆍ타이밍(timing) 회로나 그 밖의 회로를 갖춘 것인지는 상관없다],6286593,25288391,4699,2065,-19001798
8542,전자집적회로,MT,몰타,2025-10-01,854239,기타,94011,323568,400,55,-229557
8542,전자집적회로,MT,몰타,2025-10-01,854290,부분품,458518,0,2521,0,458518
8542,전자집적회로,MX,멕시코,2025-10-01,854231,프로세서와 컨트롤러[메모리ㆍ변환기ㆍ논리회로ㆍ증폭기ㆍ클록(clock)ㆍ타이밍(timing) 회로나 그 밖의 회로를 갖춘 것인지는 상관없다],16059721,1548794,8416,591,14510927
8542,전자집적회로,MX,멕시코,2025-10-01,854232,메모리,23095359,1500,2290,5,23093859
8542,전자집적회로,MX,멕시코,2025-10-01,854233,증폭기,386734,1778936,185,592,-1392202
8542,전자집적회로,MX,멕시코,2025-10-01,854239,기타,23709585,910065,8562,676,22799520
8542,전자집적회로,MY,말레이시아,2025-10-01,854231,프로세서와 컨트롤러[메모리ㆍ변환기ㆍ논리회로ㆍ증폭기ㆍ클록(clock)ㆍ타이밍(timing) 회로나 그 밖의 회로를 갖춘 것인지는 상관없다],168129615,120013724,46205,14963,48115891
8542,전자집적회로,MY,말레이시아,2025-10-01,854232,메모리,30595432,13023380,1956,1046,17572052
8542,전자집적회로,MY,말레이시아,2025-10-01,854233,증폭기,10729,2393989,2,1774,-2383260
8542,전자집적회로,MY,말레이시아,2025-10-01,854239,기타,27464933,53715309,29705,21074,-26250376
8542,전자집적회로,MY,말레이시아,2025-10-01,854290,부분품,4971168,851959,65316,20,4119209
8542,전자집적회로,NA,나미비아,2025-10-01,854239,기타,0,49,0,0,-49
8542,전자집적회로,NL,네덜란드,2025-10-01,854231,프로세서와 컨트롤러[메모리ㆍ변환기ㆍ논리회로ㆍ증폭기ㆍ클록(clock)ㆍ타이밍(timing) 회로나 그 밖의 회로를 갖춘 것인지는 상관없다],3998105,114324,1598,13,3883781
8542,전자집적회로,NL,네덜란드,2025-10-01,854232,메모리,8754851,129,424,22,8754722
8542,전자집적회로,NL,네덜란드,2025-10-01,854233,증폭기,0,36026,0,0,-36026
8542,전자집적회로,NL,네덜란드,2025-10-01,854239,기타,179886,48689,406,27,131197
8542,전자집적회로,NL,네덜란드,2025-10-01,854290,부분품,0,28,0,0,-28
8542,전자집적회로,NO,노르웨이,2025-10-01,854231,프로세서와 컨트롤러[메모리ㆍ변환기ㆍ논리회로ㆍ증폭기ㆍ클록(clock)ㆍ타이밍(timing) 회로나 그 밖의 회로를 갖춘 것인지는 상관없다],1890,0,8,0,1890
8542,전자집적회로,NO,노르웨이,2025-10-01,854233,증폭기,33,15100,0,67,-15067
8542,전자집적회로,NO,노르웨이,2025-10-01,854239,기타,172,52430,1,54,-52258
8542,전자집적회로,NZ,뉴질랜드,2025-10-01,854239,기타,0,41265,0,3,-41265
8542,전자집적회로,PH,필리핀,2025-10-01,854231,프로세서와 컨트롤러[메모리ㆍ변환기ㆍ논리회로ㆍ증폭기ㆍ클록(clock)ㆍ타이밍(timing) 회로나 그 밖의 회로를 갖춘 것인지는 상관없다],47828542,21728225,22734,9698,26100317
8542,전자집적회로,PH,필리핀,2025-10-01,854232,메모리,114091123,4736629,4624,1268,109354494
8542,전자집적회로,PH,필리핀,2025-10-01,854233,증폭기,10534,459917,1,500,-449383
8542,전자집적회로,PH,필리핀,2025-10-01,854239,기타,10957356,23968762,14672,9921,-13011406
8542,전자집적회로,PH,필리핀,2025-10-01,854290,부분품,3092310,29138,36230,260,3063172
8542,전자집적회로,PK,파키스탄,2025-10-01,854231,프로세서와 컨트롤러[메모리ㆍ변환기ㆍ논리회로ㆍ증폭기ㆍ클록(clock)ㆍ타이밍(timing) 회로나 그 밖의 회로를 갖춘 것인지는 상관없다],227413,0,276,0,227413
8542,전자집적회로,PL,폴란드,2025-10-01,854231,프로세서와 컨트롤러[메모리ㆍ변환기ㆍ논리회로ㆍ증폭기ㆍ클록(clock)ㆍ타이밍(timing) 회로나 그 밖의 회로를 갖춘 것인지는 상관없다],32709819,1916,17759,11,32707903
8542,전자집적회로,PL,폴란드,2025-10-01,854232,메모리,2987674,0,713,0,2987674
8542,전자집적회로,PL,폴란드,2025-10-01,854233,증폭기,629449,0,506,0,629449
8542,전자집적회로,PL,폴란드,2025-10-01,854239,기타,6378065,856,1800,16,6377209
8542,전자집적회로,PT,포루투갈,2025-10-01,854231,프로세서와 컨트롤러[메모리ㆍ변환기ㆍ논리회로ㆍ증폭기ㆍ클록(clock)ㆍ타이밍(timing) 회로나 그 밖의 회로를 갖춘 것인지는 상관없다],6236970,132809,2931,2,6104161
8542,전자집적회로,PT,포루투갈,2025-10-01,854232,메모리,2058520,0,67,0,2058520
8542,전자집적회로,PT,포루투갈,2025-10-01,854239,기타,0,644913,0,26,-644913
8542,전자집적회로,PT,포루투갈,2025-10-01,854290,부분품,5600,0,75,0,5600
8542,전자집적회로,RO,루마니아,2025-10-01,854231,프로세서와 컨트롤러[메모리ㆍ변환기ㆍ논리회로ㆍ증폭기ㆍ클록(clock)ㆍ타이밍(timing) 회로나 그 밖의 회로를 갖춘 것인지는 상관없다],106421,3528,278,7,102893
8542,전자집적회로,RO,루마니아,2025-10-01,854233,증폭기,180,0,1,0,180
8542,전자집적회로,RO,루마니아,2025-10-01,854239,기타,1895,578,2,0,1317
8542,전자집적회로,RS,세르비아,2025-10-01,854231,프로세서와 컨트롤러[메모리ㆍ변환기ㆍ논리회로ㆍ증폭기ㆍ클록(clock)ㆍ타이밍(timing) 회로나 그 밖의 회로를 갖춘 것인지는 상관없다],4313,0,220,0,4313
8542,전자집적회로,RS,세르비아,2025-10-01,854239,기타,667888,0,1173,0,667888
8542,전자집적회로,SA,사우디아라비아,2025-10-01,854239,기타,0,3,0,1,-3
8542,전자집적회로,SE,스웨덴,2025-10-01,854231,프로세서와 컨트롤러[메모리ㆍ변환기ㆍ논리회로ㆍ증폭기ㆍ클록(clock)ㆍ타이밍(timing) 회로나 그 밖의 회로를 갖춘 것인지는 상관없다],1265586,60180,416,5,1205406
8542,전자집적회로,SE,스웨덴,2025-10-01,854232,메모리,3018,75,1,0,2943
8542,전자집적회로,SE,스웨덴,2025-10-01,854233,증폭기,5586,0,2,0,5586
8542,전자집적회로,SE,스웨덴,2025-10-01,854239,기타,33265,0,8,0,33265
8542,전자집적회로,SE,스웨덴,2025-10-01,854290,부분품,0,5018,0,1,-5018
8542,전자집적회로,SG,싱가포르,2025-10-01,854231,프로세서와 컨트롤러[메모리ㆍ변환기ㆍ논리회로ㆍ증폭기ㆍ클록(clock)ㆍ타이밍(timing) 회로나 그 밖의 회로를 갖춘 것인지는 상관없다],355482098,243030313,73868,10655,112451785
8542,전자집적회로,SG,싱가포르,2025-10-01,854232,메모리,99178549,82503435,1188,1824,16675114
8542,전자집적회로,SG,싱가포르,2025-10-01,854233,증폭기,61848,4612383,18,199,-4550535
8542,전자집적회로,SG,싱가포르,2025-10-01,854239,기타,6110504,28570372,32709,5177,-22459868
8542,전자집적회로,SG,싱가포르,2025-10-01,854290,부분품,605747,12151,12438,356,593596
8542,전자집적회로,SI,슬로베니아,2025-10-01,854239,기타,0,188,0,0,-188
8542,전자집적회로,SK,슬로바키아,2025-10-01,854231,프로세서와 컨트롤러[메모리ㆍ변환기ㆍ논리회로ㆍ증폭기ㆍ클록(clock)ㆍ타이밍(timing) 회로나 그 밖의 회로를 갖춘 것인지는 상관없다],34502,0,54,0,34502
8542,전자집적회로,SK,슬로바키아,2025-10-01,854232,메모리,411724,0,32,0,411724
8542,전자집적회로,SK,슬로바키아,2025-10-01,854233,증폭기,27063,0,38,0,27063
8542,전자집적회로,SK,슬로바키아,2025-10-01,854239,기타,51039,0,53,0,51039
8542,전자집적회로,SV,엘살바도르,2025-10-01,854239,기타,0,1481,0,2,-1481
8542,전자집적회로,TH,태국,2025-10-01,854231,프로세서와 컨트롤러[메모리ㆍ변환기ㆍ논리회로ㆍ증폭기ㆍ클록(clock)ㆍ타이밍(timing) 회로나 그 밖의 회로를 갖춘 것인지는 상관없다],21422704,12794125,13189,8065,8628579
8542,전자집적회로,TH,태국,2025-10-01,854232,메모리,56017871,1420149,2219,306,54597722
8542,전자집적회로,TH,태국,2025-10-01,854233,증폭기,20027,309636,25,170,-289609
8542,전자집적회로,TH,태국,2025-10-01,854239,기타,6941210,27642983,4628,11316,-20701773
8542,전자집적회로,TH,태국,2025-10-01,854290,부분품,5569896,19745,70823,32,5550151
8542,전자집적회로,TR,튀르키예,2025-10-01,854231,프로세서와 컨트롤러[메모리ㆍ변환기ㆍ논리회로ㆍ증폭기ㆍ클록(clock)ㆍ타이밍(timing) 회로나 그 밖의 회로를 갖춘 것인지는 상관없다],1163470,335766,46,223,827704
8542,전자집적회로,TR,튀르키예,2025-10-01,854232,메모리,7623808,111145,212,28,7512663
8542,전자집적회로,TR,튀르키예,2025-10-01,854233,증폭기,245217,0,74,0,245217
8542,전자집적회로,TR,튀르키예,2025-10-01,854239,기타,1590712,51818,388,4,1538894
8542,전자집적회로,TT,트리니다드 토바고,2025-10-01,854239,기타,0,241,0,0,-241
8542,전자집적회로,TT,트리니다드 토바고,2025-10-01,854290,부분품,70617,0,1386,0,70617
8542,전자집적회로,TW,대만,2025-10-01,854231,프로세서와 컨트롤러[메모리ㆍ변환기ㆍ논리회로ㆍ증폭기ㆍ클록(clock)ㆍ타이밍(timing) 회로나 그 밖의 회로를 갖춘 것인지는 상관없다],673395024,1759030166,97316,119477,-1085635142
8542,전자집적회로,TW,대만,2025-10-01,854232,메모리,3142278605,321441678,33168,15815,2820836927
8542,전자집적회로,TW,대만,2025-10-01,854233,증폭기,239622,3878969,43,1390,-3639347
8542,전자집적회로,TW,대만,2025-10-01,854239,기타,182428126,219105727,19311,38016,-36677601
8542,전자집적회로,TW,대만,2025-10-01,854290,부분품,5017122,90712,61540,464,4926410
8542,전자집적회로,US,미국,2025-10-01,854231,프로세서와 컨트롤러[메모리ㆍ변환기ㆍ논리회로ㆍ증폭기ㆍ클록(clock)ㆍ타이밍(timing) 회로나 그 밖의 회로를 갖춘 것인지는 상관없다],43322718,108979795,15746,11427,-65657077
8542,전자집적회로,US,미국,2025-10-01,854232,메모리,44916168,1686286,1578,411,43229882
8542,전자집적회로,US,미국,2025-10-01,854233,증폭기,93078,2103578,75,248,-2010500
8542,전자집적회로,US,미국,2025-10-01,854239,기타,4473459,25826099,6451,5392,-21352640
8542,전자집적회로,US,미국,2025-10-01,854290,부분품,471845,133226,513,90,338619
8542,전자집적회로,UZ,우즈베키스탄,2025-10-01,854231,프로세서와 컨트롤러[메모리ㆍ변환기ㆍ논리회로ㆍ증폭기ㆍ클록(clock)ㆍ타이밍(timing) 회로나 그 밖의 회로를 갖춘 것인지는 상관없다],15,0,0,0,15
8542,전자집적회로,VN,베트남,2025-10-01,854231,프로세서와 컨트롤러[메모리ㆍ변환기ㆍ논리회로ㆍ증폭기ㆍ클록(clock)ㆍ타이밍(timing) 회로나 그 밖의 회로를 갖춘 것인지는 상관없다],906275841,9187450,93604,6367,897088391
8542,전자집적회로,VN,베트남,2025-10-01,854232,메모리,669156068,8441204,44895,1109,660714864
8542,전자집적회로,VN,베트남,2025-10-01,854233,증폭기,6321737,28117,1322,25,6293620
8542,전자집적회로,VN,베트남,2025-10-01,854239,기타,196296619,312831,49628,717,195983788
8542,전자집적회로,VN,베트남,2025-10-01,854290,부분품,1086188,239,1731,1,1085949
8542,전자집적회로,ZA,남아프리카공화국,2025-10-01,854231,프로세서와 컨트롤러[메모리ㆍ변환기ㆍ논리회로ㆍ증폭기ㆍ클록(clock)ㆍ타이밍(timing) 회로나 그 밖의 회로를 갖춘 것인지는 상관없다],240339,27,845,0,240312
8542,전자집적회로,ZA,남아프리카공화국,2025-10-01,854232,메모리,41853,0,147,0,41853
8542,전자집적회로,ZA,남아프리카공화국,2025-10-01,854239,기타,23171,0,83,0,23171
8542,전자집적회로,AE,아랍에미리트 연합,2025-11-01,854231,프로세서와 컨트롤러[메모리ㆍ변환기ㆍ논리회로ㆍ증폭기ㆍ클록(clock)ㆍ타이밍(timing) 회로나 그 밖의 회로를 갖춘 것인지는 상관없다],115000,0,34,0,115000
8542,전자집적회로,AE,아랍에미리트 연합,2025-11-01,854232,메모리,18,0,1,0,18
8542,전자집적회로,AE,아랍에미리트 연합,2025-11-01,854239,기타,3233200,0,74,0,3233200
8542,전자집적회로,AR,아르헨티나,2025-11-01,854231,프로세서와 컨트롤러[메모리ㆍ변환기ㆍ논리회로ㆍ증폭기ㆍ클록(clock)ㆍ타이밍(timing) 회로나 그 밖의 회로를 갖춘 것인지는 상관없다],19655,0,44,0,19655
8542,전자집적회로,AR,아르헨티나,2025-11-01,854239,기타,687529,0,1563,0,687529
8542,전자집적회로,AT,오스트리아,2025-11-01,854231,프로세서와 컨트롤러[메모리ㆍ변환기ㆍ논리회로ㆍ증폭기ㆍ클록(clock)ㆍ타이밍(timing) 회로나 그 밖의 회로를 갖춘 것인지는 상관없다],7314976,231777,2805,111,7083199
8542,전자집적회로,AT,오스트리아,2025-11-01,854232,메모리,5772521,0,308,0,5772521
8542,전자집적회로,AT,오스트리아,2025-11-01,854233,증폭기,2971,0,5,0,2971
8542,전자집적회로,AT,오스트리아,2025-11-01,854239,기타,75403,540315,180,184,-464912
8542,전자집적회로,AT,오스트리아,2025-11-01,854290,부분품,0,184,0,0,-184
8542,전자집적회로,AU,호주,2025-11-01,854231,프로세서와 컨트롤러[메모리ㆍ변환기ㆍ논리회로ㆍ증폭기ㆍ클록(clock)ㆍ타이밍(timing) 회로나 그 밖의 회로를 갖춘 것인지는 상관없다],24353,269,33,0,24084
8542,전자집적회로,AU,호주,2025-11-01,854233,증폭기,1136319,8566,150,4,1127753
8542,전자집적회로,AU,호주,2025-11-01,854239,기타,8350,176669,7,10,-168319
8542,전자집적회로,BD,방글라데시,2025-11-01,854231,프로세서와 컨트롤러[메모리ㆍ변환기ㆍ논리회로ㆍ증폭기ㆍ클록(clock)ㆍ타이밍(timing) 회로나 그 밖의 회로를 갖춘 것인지는 상관없다],8387,0,59,0,8387
8542,전자집적회로,BD,방글라데시,2025-11-01,854233,증폭기,1927,0,3,0,1927
8542,전자집적회로,BE,벨기에,2025-11-01,854231,프로세서와 컨트롤러[메모리ㆍ변환기ㆍ논리회로ㆍ증폭기ㆍ클록(clock)ㆍ타이밍(timing) 회로나 그 밖의 회로를 갖춘 것인지는 상관없다],429750,344886,58,7,84864
8542,전자집적회로,BE,벨기에,2025-11-01,854239,기타,1653,357572,3,90,-355919
8542,전자집적회로,BG,불가리아,2025-11-01,854231,프로세서와 컨트롤러[메모리ㆍ변환기ㆍ논리회로ㆍ증폭기ㆍ클록(clock)ㆍ타이밍(timing) 회로나 그 밖의 회로를 갖춘 것인지는 상관없다],31350,0,2,0,31350
8542,전자집적회로,BG,불가리아,2025-11-01,854239,기타,0,205,0,1,-205
8542,전자집적회로,BR,브라질,2025-11-01,854231,프로세서와 컨트롤러[메모리ㆍ변환기ㆍ논리회로ㆍ증폭기ㆍ클록(clock)ㆍ타이밍(timing) 회로나 그 밖의 회로를 갖춘 것인지는 상관없다],21994213,537,2767,2,21993676
8542,전자집적회로,BR,브라질,2025-11-01,854232,메모리,59757795,0,2282,0,59757795
8542,전자집적회로,BR,브라질,2025-11-01,854233,증폭기,75590,0,206,0,75590
8542,전자집적회로,BR,브라질,2025-11-01,854239,기타,1219381,239591,481,23,979790
8542,전자집적회로,BY,벨라루스,2025-11-01,854239,기타,0,59058,0,52,-59058
8542,전자집적회로,CA,캐나다,2025-11-01,854231,프로세서와 컨트롤러[메모리ㆍ변환기ㆍ논리회로ㆍ증폭기ㆍ클록(clock)ㆍ타이밍(timing) 회로나 그 밖의 회로를 갖춘 것인지는 상관없다],2667404,50287,260,34,2617117
8542,전자집적회로,CA,캐나다,2025-11-01,854232,메모리,12401241,0,172,0,12401241
8542,전자집적회로,CA,캐나다,2025-11-01,854233,증폭기,16583,0,2,0,16583
8542,전자집적회로,CA,캐나다,2025-11-01,854239,기타,1300,375621,2,53,-374321
8542,전자집적회로,CA,캐나다,2025-11-01,854290,부분품,14290,0,150,0,14290
8542,전자집적회로,CH,스위스,2025-11-01,854231,프로세서와 컨트롤러[메모리ㆍ변환기ㆍ논리회로ㆍ증폭기ㆍ클록(clock)ㆍ타이밍(timing) 회로나 그 밖의 회로를 갖춘 것인지는 상관없다],308316,106866,25,57,201450
8542,전자집적회로,CH,스위스,2025-11-01,854232,메모리,0,123,0,0,-123
8542,전자집적회로,CH,스위스,2025-11-01,854233,증폭기,0,1284,0,1,-1284
8542,전자집적회로,CH,스위스,2025-11-01,854239,기타,207,917375,0,161,-917168
8542,전자집적회로,CH,스위스,2025-11-01,854290,부분품,0,1658,0,2,-1658
8542,전자집적회로,CN,중국,2025-11-01,854231,프로세서와 컨트롤러[메모리ㆍ변환기ㆍ논리회로ㆍ증폭기ㆍ클록(clock)ㆍ타이밍(timing) 회로나 그 밖의 회로를 갖춘 것인지는 상관없다],839662405,193385074,131934,60287,646277331
8542,전자집적회로,CN,중국,2025-11-01,854232,메모리,3541095995,1302853133,122594,45595,2238242862
8542,전자집적회로,CN,중국,2025-11-01,854233,증폭기,642250,9904136,709,1456,-9261886
8542,전자집적회로,CN,중국,2025-11-01,854239,기타,173250716,108712944,45104,83142,64537772
8542,전자집적회로,CN,중국,2025-11-01,854290,부분품,8030808,950737,88132,18644,7080071
8542,전자집적회로,CO,콜롬비아,2025-11-01,854239,기타,1213,0,0,0,1213
8542,전자집적회로,CR,코스타리카,2025-11-01,854231,프로세서와 컨트롤러[메모리ㆍ변환기ㆍ논리회로ㆍ증폭기ㆍ클록(clock)ㆍ타이밍(timing) 회로나 그 밖의 회로를 갖춘 것인지는 상관없다],93405,4524493,18,480,-4431088
8542,전자집적회로,CR,코스타리카,2025-11-01,854239,기타,0,69152,0,21,-69152
8542,전자집적회로,CY,사이프러스,2025-11-01,854232,메모리,0,3,0,0,-3
8542,전자집적회로,CZ,체코공화국,2025-11-01,854231,프로세서와 컨트롤러[메모리ㆍ변환기ㆍ논리회로ㆍ증폭기ㆍ클록(clock)ㆍ타이밍(timing) 회로나 그 밖의 회로를 갖춘 것인지는 상관없다],5001194,106285,1892,99,4894909
8542,전자집적회로,CZ,체코공화국,2025-11-01,854232,메모리,2513635,3,164,0,2513632
8542,전자집적회로,CZ,체코공화국,2025-11-01,854233,증폭기,263390,1583,17,2,261807
8542,전자집적회로,CZ,체코공화국,2025-11-01,854239,기타,709792,318117,102,332,391675
8542,전자집적회로,DE,독일,2025-11-01,854231,프로세서와 컨트롤러[메모리ㆍ변환기ㆍ논리회로ㆍ증폭기ㆍ클록(clock)ㆍ타이밍(timing) 회로나 그 밖의 회로를 갖춘 것인지는 상관없다],1830325,17665488,767,1930,-15835163
8542,전자집적회로,DE,독일,2025-11-01,854232,메모리,18404831,11976,829,30,18392855
8542,전자집적회로,DE,독일,2025-11-01,854233,증폭기,189742,128849,65,21,60893
8542,전자집적회로,DE,독일,2025-11-01,854239,기타,11387678,21130896,15487,4313,-9743218
8542,전자집적회로,DE,독일,2025-11-01,854290,부분품,4526,463994,1,1057,-459468
8542,전자집적회로,DK,덴마크,2025-11-01,854231,프로세서와 컨트롤러[메모리ㆍ변환기ㆍ논리회로ㆍ증폭기ㆍ클록(clock)ㆍ타이밍(timing) 회로나 그 밖의 회로를 갖춘 것인지는 상관없다],0,223,0,1,-223
8542,전자집적회로,DK,덴마크,2025-11-01,854232,메모리,0,2990,0,6,-2990
8542,전자집적회로,DK,덴마크,2025-11-01,854233,증폭기,951,0,1,0,951
8542,전자집적회로,DK,덴마크,2025-11-01,854239,기타,44102,0,136,0,44102
8542,전자집적회로,DK,덴마크,2025-11-01,854290,부분품,0,111186,0,462,-111186
8542,전자집적회로,DO,도미니카 공화국,2025-11-01,854239,기타,0,2904,0,0,-2904
8542,전자집적회로,EE,에스토니아,2025-11-01,854231,프로세서와 컨트롤러[메모리ㆍ변환기ㆍ논리회로ㆍ증폭기ㆍ클록(clock)ㆍ타이밍(timing) 회로나 그 밖의 회로를 갖춘 것인지는 상관없다],16232,0,28,0,16232
8542,전자집적회로,EE,에스토니아,2025-11-01,854232,메모리,4032,0,0,0,4032
8542,전자집적회로,EG,이집트,2025-11-01,854231,프로세서와 컨트롤러[메모리ㆍ변환기ㆍ논리회로ㆍ증폭기ㆍ클록(clock)ㆍ타이밍(timing) 회로나 그 밖의 회로를 갖춘 것인지는 상관없다],3035342,0,638,0,3035342
8542,전자집적회로,EG,이집트,2025-11-01,854232,메모리,7232096,0,371,0,7232096
8542,전자집적회로,EG,이집트,2025-11-01,854233,증폭기,31895,0,12,0,31895
8542,전자집적회로,EG,이집트,2025-11-01,854239,기타,914038,0,222,0,914038
8542,전자집적회로,ES,스페인,2025-11-01,854231,프로세서와 컨트롤러[메모리ㆍ변환기ㆍ논리회로ㆍ증폭기ㆍ클록(clock)ㆍ타이밍(timing) 회로나 그 밖의 회로를 갖춘 것인지는 상관없다],1023,5468,4,11,-4445
8542,전자집적회로,ES,스페인,2025-11-01,854232,메모리,191538,0,18,0,191538
8542,전자집적회로,ES,스페인,2025-11-01,854233,증폭기,11473,0,2,0,11473
8542,전자집적회로,ES,스페인,2025-11-01,854239,기타,335,224286,0,26,-223951
8542,전자집적회로,ES,스페인,2025-11-01,854290,부분품,7699,0,10,0,7699
8542,전자집적회로,FI,핀란드,2025-11-01,854231,프로세서와 컨트롤러[메모리ㆍ변환기ㆍ논리회로ㆍ증폭기ㆍ클록(clock)ㆍ타이밍(timing) 회로나 그 밖의 회로를 갖춘 것인지는 상관없다],50113,0,10,0,50113
8542,전자집적회로,FI,핀란드,2025-11-01,854239,기타,3000,11438,3,39,-8438
8542,전자집적회로,FI,핀란드,2025-11-01,854290,부분품,224562,0,870,0,224562
8542,전자집적회로,FR,프랑스,2025-11-01,854231,프로세서와 컨트롤러[메모리ㆍ변환기ㆍ논리회로ㆍ증폭기ㆍ클록(clock)ㆍ타이밍(timing) 회로나 그 밖의 회로를 갖춘 것인지는 상관없다],13950484,37763204,1705,4746,-23812720
8542,전자집적회로,FR,프랑스,2025-11-01,854232,메모리,445858,727951,9,346,-282093
8542,전자집적회로,FR,프랑스,2025-11-01,854233,증폭기,3081,165534,1,6,-162453
8542,전자집적회로,FR,프랑스,2025-11-01,854239,기타,97249,1989226,37,272,-1891977
8542,전자집적회로,FR,프랑스,2025-11-01,854290,부분품,0,1666,0,16,-1666
8542,전자집적회로,GB,영국,2025-11-01,854231,프로세서와 컨트롤러[메모리ㆍ변환기ㆍ논리회로ㆍ증폭기ㆍ클록(clock)ㆍ타이밍(timing) 회로나 그 밖의 회로를 갖춘 것인지는 상관없다],514783,48378,160,42,466405
8542,전자집적회로,GB,영국,2025-11-01,854232,메모리,4333643,5081,140,3,4328562
8542,전자집적회로,GB,영국,2025-11-01,854233,증폭기,1410,26548,1,71,-25138
8542,전자집적회로,GB,영국,2025-11-01,854239,기타,63300,621070,73,347,-557770
8542,전자집적회로,GB,영국,2025-11-01,854290,부분품,1950,53,2,0,1897
8542,전자집적회로,HK,홍콩,2025-11-01,854231,프로세서와 컨트롤러[메모리ㆍ변환기ㆍ논리회로ㆍ증폭기ㆍ클록(clock)ㆍ타이밍(timing) 회로나 그 밖의 회로를 갖춘 것인지는 상관없다],89959890,18039042,38952,3342,71920848
8542,전자집적회로,HK,홍콩,2025-11-01,854232,메모리,1813554129,4387938,80784,984,1809166191
8542,전자집적회로,HK,홍콩,2025-11-01,854233,증폭기,980998,213777,1149,85,767221
8542,전자집적회로,HK,홍콩,2025-11-01,854239,기타,134997601,9649203,33515,3607,125348398
8542,전자집적회로,HK,홍콩,2025-11-01,854290,부분품,675922,48066,20376,29,627856
8542,전자집적회로,HR,크로아티아,2025-11-01,854231,프로세서와 컨트롤러[메모리ㆍ변환기ㆍ논리회로ㆍ증폭기ㆍ클록(clock)ㆍ타이밍(timing) 회로나 그 밖의 회로를 갖춘 것인지는 상관없다],56660,556,23,0,56104
8542,전자집적회로,HR,크로아티아,2025-11-01,854239,기타,280,0,0,0,280
8542,전자집적회로,HT,아이티,2025-11-01,854239,기타,0,61,0,0,-61
8542,전자집적회로,HU,헝가리,2025-11-01,854231,프로세서와 컨트롤러[메모리ㆍ변환기ㆍ논리회로ㆍ증폭기ㆍ클록(clock)ㆍ타이밍(timing) 회로나 그 밖의 회로를 갖춘 것인지는 상관없다],472890,662824,154,82,-189934
8542,전자집적회로,HU,헝가리,2025-11-01,854232,메모리,2520845,0,124,0,2520845
8542,전자집적회로,HU,헝가리,2025-11-01,854233,증폭기,70800,1133,5,0,69667
8542,전자집적회로,HU,헝가리,2025-11-01,854239,기타,417,26473,1,93,-26056
8542,전자집적회로,ID,인도네시아,2025-11-01,854231,프로세서와 컨트롤러[메모리ㆍ변환기ㆍ논리회로ㆍ증폭기ㆍ클록(clock)ㆍ타이밍(timing) 회로나 그 밖의 회로를 갖춘 것인지는 상관없다],12028255,1715128,3391,1317,10313127
8542,전자집적회로,ID,인도네시아,2025-11-01,854232,메모리,25892566,0,809,0,25892566
8542,전자집적회로,ID,인도네시아,2025-11-01,854233,증폭기,83199,855,28,15,82344
8542,전자집적회로,ID,인도네시아,2025-11-01,854239,기타,3568510,3696629,1699,2913,-128119
8542,전자집적회로,ID,인도네시아,2025-11-01,854290,부분품,40006,1895,320,2,38111
8542,전자집적회로,IE,아일랜드,2025-11-01,854231,프로세서와 컨트롤러[메모리ㆍ변환기ㆍ논리회로ㆍ증폭기ㆍ클록(clock)ㆍ타이밍(timing) 회로나 그 밖의 회로를 갖춘 것인지는 상관없다],205220,640095,30,140,-434875
8542,전자집적회로,IE,아일랜드,2025-11-01,854232,메모리,6617,0,0,0,6617
8542,전자집적회로,IE,아일랜드,2025-11-01,854233,증폭기,0,482,0,0,-482
8542,전자집적회로,IE,아일랜드,2025-11-01,854239,기타,76,21607,2,10,-21531
8542,전자집적회로,IL,이스라엘,2025-11-01,854231,프로세서와 컨트롤러[메모리ㆍ변환기ㆍ논리회로ㆍ증폭기ㆍ클록(clock)ㆍ타이밍(timing) 회로나 그 밖의 회로를 갖춘 것인지는 상관없다],1550230,643581,1456,94,906649
8542,전자집적회로,IL,이스라엘,2025-11-01,854232,메모리,1804428,38,172,0,1804390
8542,전자집적회로,IL,이스라엘,2025-11-01,854233,증폭기,84505,0,4,0,84505
8542,전자집적회로,IL,이스라엘,2025-11-01,854239,기타,36386,1207267,48,151,-1170881
8542,전자집적회로,IL,이스라엘,2025-11-01,854290,부분품,1706,156470,2,4,-154764
8542,전자집적회로,IN,인도,2025-11-01,854231,프로세서와 컨트롤러[메모리ㆍ변환기ㆍ논리회로ㆍ증폭기ㆍ클록(clock)ㆍ타이밍(timing) 회로나 그 밖의 회로를 갖춘 것인지는 상관없다],100822304,46802,20573,63,100775502
8542,전자집적회로,IN,인도,2025-11-01,854232,메모리,118864052,0,2788,0,118864052
8542,전자집적회로,IN,인도,2025-11-01,854233,증폭기,842342,0,680,0,842342
8542,전자집적회로,IN,인도,2025-11-01,854239,기타,11485619,656733,7492,56,10828886
8542,전자집적회로,IN,인도,2025-11-01,854290,부분품,6667,0,46,0,6667
8542,전자집적회로,IT,이탈리아,2025-11-01,854231,프로세서와 컨트롤러[메모리ㆍ변환기ㆍ논리회로ㆍ증폭기ㆍ클록(clock)ㆍ타이밍(timing) 회로나 그 밖의 회로를 갖춘 것인지는 상관없다],566685,5927156,256,341,-5360471
8542,전자집적회로,IT,이탈리아,2025-11-01,854232,메모리,1674,23,1,0,1651
8542,전자집적회로,IT,이탈리아,2025-11-01,854233,증폭기,5125,84374,4,36,-79249
8542,전자집적회로,IT,이탈리아,2025-11-01,854239,기타,49864,5063103,41,2183,-5013239
8542,전자집적회로,IT,이탈리아,2025-11-01,854290,부분품,0,315,0,1,-315
8542,전자집적회로,JP,일본,2025-11-01,854231,프로세서와 컨트롤러[메모리ㆍ변환기ㆍ논리회로ㆍ증폭기ㆍ클록(clock)ㆍ타이밍(timing) 회로나 그 밖의 회로를 갖춘 것인지는 상관없다],33618222,463734994,10710,12736,-430116772
8542,전자집적회로,JP,일본,2025-11-01,854232,메모리,59495855,45500569,2105,1207,13995286
8542,전자집적회로,JP,일본,2025-11-01,854233,증폭기,13904,232413,95,56,-218509
8542,전자집적회로,JP,일본,2025-11-01,854239,기타,2582255,23445103,1581,22256,-20862848
8542,전자집적회로,JP,일본,2025-11-01,854290,부분품,255188,1125498,1116,9857,-870310
8542,전자집적회로,LK,스리랑카,2025-11-01,854231,프로세서와 컨트롤러[메모리ㆍ변환기ㆍ논리회로ㆍ증폭기ㆍ클록(clock)ㆍ타이밍(timing) 회로나 그 밖의 회로를 갖춘 것인지는 상관없다],0,1045,0,0,-1045
8542,전자집적회로,LT,리투아니아,2025-11-01,854239,기타,0,1055,0,1,-1055
8542,전자집적회로,LV,라트비아,2025-11-01,854231,프로세서와 컨트롤러[메모리ㆍ변환기ㆍ논리회로ㆍ증폭기ㆍ클록(clock)ㆍ타이밍(timing) 회로나 그 밖의 회로를 갖춘 것인지는 상관없다],0,1495,0,0,-1495
8542,전자집적회로,LV,라트비아,2025-11-01,854233,증폭기,0,52,0,0,-52
8542,전자집적회로,MA,모로코,2025-11-01,854231,프로세서와 컨트롤러[메모리ㆍ변환기ㆍ논리회로ㆍ증폭기ㆍ클록(clock)ㆍ타이밍(timing) 회로나 그 밖의 회로를 갖춘 것인지는 상관없다],0,45529,0,19,-45529
8542,전자집적회로,MA,모로코,2025-11-01,854232,메모리,0,59,0,0,-59
8542,전자집적회로,MA,모로코,2025-11-01,854233,증폭기,0,7666,0,18,-7666
8542,전자집적회로,MA,모로코,2025-11-01,854239,기타,0,469314,0,691,-469314
8542,전자집적회로,MA,모로코,2025-11-01,854290,부분품,64444,0,1281,0,64444
8542,전자집적회로,MM,미얀마,2025-11-01,854231,프로세서와 컨트롤러[메모리ㆍ변환기ㆍ논리회로ㆍ증폭기ㆍ클록(clock)ㆍ타이밍(timing) 회로나 그 밖의 회로를 갖춘 것인지는 상관없다],0,366,0,1,-366
8542,전자집적회로,MM,미얀마,2025-11-01,854239,기타,0,496,0,1,-496
8542,전자집적회로,MN,몽골,2025-11-01,854239,기타,0,54,0,0,-54
8542,전자집적회로,MO,마카오,2025-11-01,854239,기타,0,333,0,0,-333
8542,전자집적회로,MS,몬트세라트,2025-11-01,854233,증폭기,0,97,0,0,-97
8542,전자집적회로,MT,몰타,2025-11-01,854231,프로세서와 컨트롤러[메모리ㆍ변환기ㆍ논리회로ㆍ증폭기ㆍ클록(clock)ㆍ타이밍(timing) 회로나 그 밖의 회로를 갖춘 것인지는 상관없다],7160512,11869955,5483,1095,-4709443
8542,전자집적회로,MT,몰타,2025-11-01,854239,기타,45880,56153,192,10,-10273
8542,전자집적회로,MT,몰타,2025-11-01,854290,부분품,336341,0,1973,0,336341
8542,전자집적회로,MX,멕시코,2025-11-01,854231,프로세서와 컨트롤러[메모리ㆍ변환기ㆍ논리회로ㆍ증폭기ㆍ클록(clock)ㆍ타이밍(timing) 회로나 그 밖의 회로를 갖춘 것인지는 상관없다],5960180,831383,7543,171,5128797
8542,전자집적회로,MX,멕시코,2025-11-01,854232,메모리,12344171,7253,1384,3,12336918
8542,전자집적회로,MX,멕시코,2025-11-01,854233,증폭기,226364,1472006,67,644,-1245642
8542,전자집적회로,MX,멕시코,2025-11-01,854239,기타,11324115,673075,6211,544,10651040
8542,전자집적회로,MY,말레이시아,2025-11-01,854231,프로세서와 컨트롤러[메모리ㆍ변환기ㆍ논리회로ㆍ증폭기ㆍ클록(clock)ㆍ타이밍(timing) 회로나 그 밖의 회로를 갖춘 것인지는 상관없다],113040753,106694634,45046,13033,6346119
8542,전자집적회로,MY,말레이시아,2025-11-01,854232,메모리,504575926,3496483,1745,299,501079443
8542,전자집적회로,MY,말레이시아,2025-11-01,854233,증폭기,11482,1928275,7,1471,-1916793
8542,전자집적회로,MY,말레이시아,2025-11-01,854239,기타,36761850,51790569,25901,16941,-15028719
8542,전자집적회로,MY,말레이시아,2025-11-01,854290,부분품,5243971,15216,78330,152,5228755
8542,전자집적회로,MZ,모잠비크,2025-11-01,854239,기타,0,272,0,1,-272
8542,전자집적회로,NL,네덜란드,2025-11-01,854231,프로세서와 컨트롤러[메모리ㆍ변환기ㆍ논리회로ㆍ증폭기ㆍ클록(clock)ㆍ타이밍(timing) 회로나 그 밖의 회로를 갖춘 것인지는 상관없다],3999561,4136378,1439,318,-136817
8542,전자집적회로,NL,네덜란드,2025-11-01,854232,메모리,9921542,143351,395,40,9778191
8542,전자집적회로,NL,네덜란드,2025-11-01,854233,증폭기,0,426087,0,1,-426087
8542,전자집적회로,NL,네덜란드,2025-11-01,854239,기타,105254,115075,153,66,-9821
8542,전자집적회로,NL,네덜란드,2025-11-01,854290,부분품,42530,5798,163,0,36732
8542,전자집적회로,NO,노르웨이,2025-11-01,854231,프로세서와 컨트롤러[메모리ㆍ변환기ㆍ논리회로ㆍ증폭기ㆍ클록(clock)ㆍ타이밍(timing) 회로나 그 밖의 회로를 갖춘 것인지는 상관없다],0,4855,0,4,-4855
8542,전자집적회로,NO,노르웨이,2025-11-01,854233,증폭기,0,14710,0,67,-14710
8542,전자집적회로,NO,노르웨이,2025-11-01,854239,기타,698,222,3,0,476
8542,전자집적회로,NZ,뉴질랜드,2025-11-01,854239,기타,0,222,0,0,-222
8542,전자집적회로,OM,오만,2025-11-01,854231,프로세서와 컨트롤러[메모리ㆍ변환기ㆍ논리회로ㆍ증폭기ㆍ클록(clock)ㆍ타이밍(timing) 회로나 그 밖의 회로를 갖춘 것인지는 상관없다],2073,0,58,0,2073
8542,전자집적회로,OM,오만,2025-11-01,854239,기타,11457,0,4,0,11457
8542,전자집적회로,PH,필리핀,2025-11-01,854231,프로세서와 컨트롤러[메모리ㆍ변환기ㆍ논리회로ㆍ증폭기ㆍ클록(clock)ㆍ타이밍(timing) 회로나 그 밖의 회로를 갖춘 것인지는 상관없다],48543257,18544143,23370,8196,29999114
8542,전자집적회로,PH,필리핀,2025-11-01,854232,메모리,376719927,981229,11776,481,375738698
8542,전자집적회로,PH,필리핀,2025-11-01,854233,증폭기,4957,284384,1,318,-279427
8542,전자집적회로,PH,필리핀,2025-11-01,854239,기타,13861604,22677476,13816,8398,-8815872
8542,전자집적회로,PH,필리핀,2025-11-01,854290,부분품,3021260,247185,33891,1811,2774075
8542,전자집적회로,PK,파키스탄,2025-11-01,854231,프로세서와 컨트롤러[메모리ㆍ변환기ㆍ논리회로ㆍ증폭기ㆍ클록(clock)ㆍ타이밍(timing) 회로나 그 밖의 회로를 갖춘 것인지는 상관없다],258578,0,2190,0,258578
8542,전자집적회로,PL,폴란드,2025-11-01,854231,프로세서와 컨트롤러[메모리ㆍ변환기ㆍ논리회로ㆍ증폭기ㆍ클록(clock)ㆍ타이밍(timing) 회로나 그 밖의 회로를 갖춘 것인지는 상관없다],24196615,0,14186,0,24196615
8542,전자집적회로,PL,폴란드,2025-11-01,854232,메모리,2676714,0,532,0,2676714
8542,전자집적회로,PL,폴란드,2025-11-01,854233,증폭기,371313,0,266,0,371313
8542,전자집적회로,PL,폴란드,2025-11-01,854239,기타,4444880,1057,1558,1,4443823
8542,전자집적회로,PL,폴란드,2025-11-01,854290,부분품,0,12,0,0,-12
8542,전자집적회로,PR,푸에르토리코,2025-11-01,854231,프로세서와 컨트롤러[메모리ㆍ변환기ㆍ논리회로ㆍ증폭기ㆍ클록(clock)ㆍ타이밍(timing) 회로나 그 밖의 회로를 갖춘 것인지는 상관없다],0,11179,0,7,-11179
8542,전자집적회로,PT,포루투갈,2025-11-01,854231,프로세서와 컨트롤러[메모리ㆍ변환기ㆍ논리회로ㆍ증폭기ㆍ클록(clock)ㆍ타이밍(timing) 회로나 그 밖의 회로를 갖춘 것인지는 상관없다],3973113,1807590,1341,116,2165523
8542,전자집적회로,PT,포루투갈,2025-11-01,854232,메모리,13297854,0,336,0,13297854
8542,전자집적회로,PT,포루투갈,2025-11-01,854239,기타,2929,562441,3,14,-559512
8542,전자집적회로,PT,포루투갈,2025-11-01,854290,부분품,16457,0,229,0,16457
8542,전자집적회로,QA,카타르,2025-11-01,854239,기타,980,0,1,0,980
8542,전자집적회로,RO,루마니아,2025-11-01,854231,프로세서와 컨트롤러[메모리ㆍ변환기ㆍ논리회로ㆍ증폭기ㆍ클록(clock)ㆍ타이밍(timing) 회로나 그 밖의 회로를 갖춘 것인지는 상관없다],88370,37722,69,49,50648
8542,전자집적회로,RO,루마니아,2025-11-01,854232,메모리,0,396,0,1,-396
8542,전자집적회로,RO,루마니아,2025-11-01,854239,기타,136219,33081,54,1,103138
8542,전자집적회로,RS,세르비아,2025-11-01,854231,프로세서와 컨트롤러[메모리ㆍ변환기ㆍ논리회로ㆍ증폭기ㆍ클록(clock)ㆍ타이밍(timing) 회로나 그 밖의 회로를 갖춘 것인지는 상관없다],53341,0,64,0,53341
8542,전자집적회로,RS,세르비아,2025-11-01,854239,기타,644038,0,948,0,644038
8542,전자집적회로,SE,스웨덴,2025-11-01,854231,프로세서와 컨트롤러[메모리ㆍ변환기ㆍ논리회로ㆍ증폭기ㆍ클록(clock)ㆍ타이밍(timing) 회로나 그 밖의 회로를 갖춘 것인지는 상관없다],2503448,2955,812,1,2500493
8542,전자집적회로,SE,스웨덴,2025-11-01,854232,메모리,0,142,0,0,-142
8542,전자집적회로,SE,스웨덴,2025-11-01,854233,증폭기,5236,0,3,0,5236
8542,전자집적회로,SE,스웨덴,2025-11-01,854239,기타,331895,0,68,0,331895
8542,전자집적회로,SG,싱가포르,2025-11-01,854231,프로세서와 컨트롤러[메모리ㆍ변환기ㆍ논리회로ㆍ증폭기ㆍ클록(clock)ㆍ타이밍(timing) 회로나 그 밖의 회로를 갖춘 것인지는 상관없다],385023557,177927271,70110,9475,207096286
8542,전자집적회로,SG,싱가포르,2025-11-01,854232,메모리,169200099,192263209,2691,3275,-23063110
8542,전자집적회로,SG,싱가포르,2025-11-01,854233,증폭기,178966,8779035,25,287,-8600069
8542,전자집적회로,SG,싱가포르,2025-11-01,854239,기타,3660308,42868418,17786,6811,-39208110
8542,전자집적회로,SG,싱가포르,2025-11-01,854290,부분품,473223,11226,8007,249,461997
8542,전자집적회로,SI,슬로베니아,2025-11-01,854231,프로세서와 컨트롤러[메모리ㆍ변환기ㆍ논리회로ㆍ증폭기ㆍ클록(clock)ㆍ타이밍(timing) 회로나 그 밖의 회로를 갖춘 것인지는 상관없다],0,1249,0,0,-1249
8542,전자집적회로,SI,슬로베니아,2025-11-01,854239,기타,0,2538,0,1,-2538
8542,전자집적회로,SK,슬로바키아,2025-11-01,854231,프로세서와 컨트롤러[메모리ㆍ변환기ㆍ논리회로ㆍ증폭기ㆍ클록(clock)ㆍ타이밍(timing) 회로나 그 밖의 회로를 갖춘 것인지는 상관없다],139412,7656,116,2,131756
8542,전자집적회로,SK,슬로바키아,2025-11-01,854232,메모리,357718,0,49,0,357718
8542,전자집적회로,SK,슬로바키아,2025-11-01,854233,증폭기,19108,0,24,0,19108
8542,전자집적회로,SK,슬로바키아,2025-11-01,854239,기타,34900,0,206,0,34900
8542,전자집적회로,SV,엘살바도르,2025-11-01,854239,기타,0,6279,0,1,-6279
8542,전자집적회로,SZ,스와질랜드,2025-11-01,854231,프로세서와 컨트롤러[메모리ㆍ변환기ㆍ논리회로ㆍ증폭기ㆍ클록(clock)ㆍ타이밍(timing) 회로나 그 밖의 회로를 갖춘 것인지는 상관없다],8,0,1,0,8
8542,전자집적회로,TH,태국,2025-11-01,854231,프로세서와 컨트롤러[메모리ㆍ변환기ㆍ논리회로ㆍ증폭기ㆍ클록(clock)ㆍ타이밍(timing) 회로나 그 밖의 회로를 갖춘 것인지는 상관없다],23676903,12701320,17306,8907,10975583
8542,전자집적회로,TH,태국,2025-11-01,854232,메모리,136672347,1619335,3179,313,135053012
8542,전자집적회로,TH,태국,2025-11-01,854233,증폭기,6413,321387,11,188,-314974
8542,전자집적회로,TH,태국,2025-11-01,854239,기타,10336802,25697592,6715,11075,-15360790
8542,전자집적회로,TH,태국,2025-11-01,854290,부분품,5946886,32985,72654,571,5913901
8542,전자집적회로,TR,튀르키예,2025-11-01,854231,프로세서와 컨트롤러[메모리ㆍ변환기ㆍ논리회로ㆍ증폭기ㆍ클록(clock)ㆍ타이밍(timing) 회로나 그 밖의 회로를 갖춘 것인지는 상관없다],1954444,1252,190,6,1953192
8542,전자집적회로,TR,튀르키예,2025-11-01,854232,메모리,9987664,0,279,0,9987664
8542,전자집적회로,TR,튀르키예,2025-11-01,854233,증폭기,411995,0,141,0,411995
8542,전자집적회로,TR,튀르키예,2025-11-01,854239,기타,2148041,0,419,0,2148041
8542,전자집적회로,TW,대만,2025-11-01,854231,프로세서와 컨트롤러[메모리ㆍ변환기ㆍ논리회로ㆍ증폭기ㆍ클록(clock)ㆍ타이밍(timing) 회로나 그 밖의 회로를 갖춘 것인지는 상관없다],317335587,1554555917,81554,109571,-1237220330
8542,전자집적회로,TW,대만,2025-11-01,854232,메모리,2285270690,92450037,29883,14935,2192820653
8542,전자집적회로,TW,대만,2025-11-01,854233,증폭기,227273,2025599,72,2151,-1798326
8542,전자집적회로,TW,대만,2025-11-01,854239,기타,223287685,279526969,26011,42257,-56239284
8542,전자집적회로,TW,대만,2025-11-01,854290,부분품,4406388,296236,51521,686,4110152
8542,전자집적회로,US,미국,2025-11-01,854231,프로세서와 컨트롤러[메모리ㆍ변환기ㆍ논리회로ㆍ증폭기ㆍ클록(clock)ㆍ타이밍(timing) 회로나 그 밖의 회로를 갖춘 것인지는 상관없다],52876609,110577295,18335,10880,-57700686
8542,전자집적회로,US,미국,2025-11-01,854232,메모리,61359889,4533879,1611,511,56826010
8542,전자집적회로,US,미국,2025-11-01,854233,증폭기,171377,1122644,41,235,-951267
8542,전자집적회로,US,미국,2025-11-01,854239,기타,3652157,44571215,4065,7979,-40919058
8542,전자집적회로,US,미국,2025-11-01,854290,부분품,362552,125662,321,131,236890
8542,전자집적회로,UZ,우즈베키스탄,2025-11-01,854231,프로세서와 컨트롤러[메모리ㆍ변환기ㆍ논리회로ㆍ증폭기ㆍ클록(clock)ㆍ타이밍(timing) 회로나 그 밖의 회로를 갖춘 것인지는 상관없다],460,0,1,0,460
8542,전자집적회로,VN,베트남,2025-11-01,854231,프로세서와 컨트롤러[메모리ㆍ변환기ㆍ논리회로ㆍ증폭기ㆍ클록(clock)ㆍ타이밍(timing) 회로나 그 밖의 회로를 갖춘 것인지는 상관없다],756066899,11276930,86576,9245,744789969
8542,전자집적회로,VN,베트남,2025-11-01,854232,메모리,906941601,17438694,38657,3132,889502907
8542,전자집적회로,VN,베트남,2025-11-01,854233,증폭기,8615865,35265,3093,38,8580600
8542,전자집적회로,VN,베트남,2025-11-01,854239,기타,207454362,1068482,51775,556,206385880
8542,전자집적회로,VN,베트남,2025-11-01,854290,부분품,789286,25756,1590,213,763530
8542,전자집적회로,YT,메요트,2025-11-01,854239,기타,0,108,0,0,-108
8542,전자집적회로,ZA,남아프리카공화국,2025-11-01,854231,프로세서와 컨트롤러[메모리ㆍ변환기ㆍ논리회로ㆍ증폭기ㆍ클록(clock)ㆍ타이밍(timing) 회로나 그 밖의 회로를 갖춘 것인지는 상관없다],240415,659,7,1,239756
8542,전자집적회로,ZA,남아프리카공화국,2025-11-01,854232,메모리,41861,0,3,0,41861
8542,전자집적회로,ZA,남아프리카공화국,2025-11-01,854239,기타,22647,40218,31,1,-17571
8542,전자집적회로,AE,아랍에미리트 연합,2025-12-01,854231,프로세서와 컨트롤러[메모리ㆍ변환기ㆍ논리회로ㆍ증폭기ㆍ클록(clock)ㆍ타이밍(timing) 회로나 그 밖의 회로를 갖춘 것인지는 상관없다],73529,122,17,1,73407
8542,전자집적회로,AE,아랍에미리트 연합,2025-12-01,854232,메모리,0,162,0,1,-162
8542,전자집적회로,AE,아랍에미리트 연합,2025-12-01,854239,기타,0,4046,0,2,-4046
8542,전자집적회로,AR,아르헨티나,2025-12-01,854239,기타,4035,0,20,0,4035
8542,전자집적회로,AT,오스트리아,2025-12-01,854231,프로세서와 컨트롤러[메모리ㆍ변환기ㆍ논리회로ㆍ증폭기ㆍ클록(clock)ㆍ타이밍(timing) 회로나 그 밖의 회로를 갖춘 것인지는 상관없다],6277312,822708,2487,765,5454604
8542,전자집적회로,AT,오스트리아,2025-12-01,854232,메모리,17929177,87,1034,1,17929090
8542,전자집적회로,AT,오스트리아,2025-12-01,854233,증폭기,4966,0,7,0,4966
8542,전자집적회로,AT,오스트리아,2025-12-01,854239,기타,97204,351375,175,120,-254171
8542,전자집적회로,AU,호주,2025-12-01,854231,프로세서와 컨트롤러[메모리ㆍ변환기ㆍ논리회로ㆍ증폭기ㆍ클록(clock)ㆍ타이밍(timing) 회로나 그 밖의 회로를 갖춘 것인지는 상관없다],22513,197,34,0,22316
8542,전자집적회로,AU,호주,2025-12-01,854233,증폭기,0,6287,0,5,-6287
8542,전자집적회로,AU,호주,2025-12-01,854239,기타,3293,60076,4,19,-56783
8542,전자집적회로,BA,보스니아-헤르체고비나,2025-12-01,854231,프로세서와 컨트롤러[메모리ㆍ변환기ㆍ논리회로ㆍ증폭기ㆍ클록(clock)ㆍ타이밍(timing) 회로나 그 밖의 회로를 갖춘 것인지는 상관없다],0,188,0,0,-188
8542,전자집적회로,BD,방글라데시,2025-12-01,854231,프로세서와 컨트롤러[메모리ㆍ변환기ㆍ논리회로ㆍ증폭기ㆍ클록(clock)ㆍ타이밍(timing) 회로나 그 밖의 회로를 갖춘 것인지는 상관없다],7798,0,273,0,7798
8542,전자집적회로,BD,방글라데시,2025-12-01,854233,증폭기,711,0,3,0,711
8542,전자집적회로,BE,벨기에,2025-12-01,854231,프로세서와 컨트롤러[메모리ㆍ변환기ㆍ논리회로ㆍ증폭기ㆍ클록(clock)ㆍ타이밍(timing) 회로나 그 밖의 회로를 갖춘 것인지는 상관없다],608091,0,80,0,608091
8542,전자집적회로,BE,벨기에,2025-12-01,854233,증폭기,4722,0,1,0,4722
8542,전자집적회로,BE,벨기에,2025-12-01,854239,기타,257,315051,4,65,-314794
8542,전자집적회로,BG,불가리아,2025-12-01,854239,기타,60188,258,8,0,59930
8542,전자집적회로,BG,불가리아,2025-12-01,854290,부분품,0,93,0,0,-93
8542,전자집적회로,BR,브라질,2025-12-01,854231,프로세서와 컨트롤러[메모리ㆍ변환기ㆍ논리회로ㆍ증폭기ㆍ클록(clock)ㆍ타이밍(timing) 회로나 그 밖의 회로를 갖춘 것인지는 상관없다],22449263,407,2523,0,22448856
8542,전자집적회로,BR,브라질,2025-12-01,854232,메모리,64356862,53273,2012,9,64303589
8542,전자집적회로,BR,브라질,2025-12-01,854233,증폭기,602678,0,274,0,602678
8542,전자집적회로,BR,브라질,2025-12-01,854239,기타,1376105,1657,295,6,1374448
8542,전자집적회로,BY,벨라루스,2025-12-01,854239,기타,0,104838,0,35,-104838
8542,전자집적회로,CA,캐나다,2025-12-01,854231,프로세서와 컨트롤러[메모리ㆍ변환기ㆍ논리회로ㆍ증폭기ㆍ클록(clock)ㆍ타이밍(timing) 회로나 그 밖의 회로를 갖춘 것인지는 상관없다],343695,27683,124,9,316012
8542,전자집적회로,CA,캐나다,2025-12-01,854232,메모리,8748412,0,101,0,8748412
8542,전자집적회로,CA,캐나다,2025-12-01,854233,증폭기,13853,0,1,0,13853
8542,전자집적회로,CA,캐나다,2025-12-01,854239,기타,12955009,458718,596,61,12496291
8542,전자집적회로,CH,스위스,2025-12-01,854231,프로세서와 컨트롤러[메모리ㆍ변환기ㆍ논리회로ㆍ증폭기ㆍ클록(clock)ㆍ타이밍(timing) 회로나 그 밖의 회로를 갖춘 것인지는 상관없다],208411,64487,19,47,143924
8542,전자집적회로,CH,스위스,2025-12-01,854233,증폭기,0,5949,0,4,-5949
8542,전자집적회로,CH,스위스,2025-12-01,854239,기타,805,679566,1,94,-678761
8542,전자집적회로,CH,스위스,2025-12-01,854290,부분품,0,28626,0,25,-28626
8542,전자집적회로,CM,카메룬,2025-12-01,854239,기타,0,22955,0,34,-22955
8542,전자집적회로,CN,중국,2025-12-01,854231,프로세서와 컨트롤러[메모리ㆍ변환기ㆍ논리회로ㆍ증폭기ㆍ클록(clock)ㆍ타이밍(timing) 회로나 그 밖의 회로를 갖춘 것인지는 상관없다],804275639,252023291,143839,72028,552252348
8542,전자집적회로,CN,중국,2025-12-01,854232,메모리,4058398021,2072279389,135339,61724,1986118632
8542,전자집적회로,CN,중국,2025-12-01,854233,증폭기,731897,10893997,855,1865,-10162100
8542,전자집적회로,CN,중국,2025-12-01,854239,기타,248497388,140023462,55362,118627,108473926
8542,전자집적회로,CN,중국,2025-12-01,854290,부분품,6329222,767650,91345,13628,5561572
8542,전자집적회로,CR,코스타리카,2025-12-01,854231,프로세서와 컨트롤러[메모리ㆍ변환기ㆍ논리회로ㆍ증폭기ㆍ클록(clock)ㆍ타이밍(timing) 회로나 그 밖의 회로를 갖춘 것인지는 상관없다],66086,1104581,12,281,-1038495
8542,전자집적회로,CR,코스타리카,2025-12-01,854239,기타,0,33591,0,8,-33591
8542,전자집적회로,CZ,체코공화국,2025-12-01,854231,프로세서와 컨트롤러[메모리ㆍ변환기ㆍ논리회로ㆍ증폭기ㆍ클록(clock)ㆍ타이밍(timing) 회로나 그 밖의 회로를 갖춘 것인지는 상관없다],5267014,80321,1726,73,5186693
8542,전자집적회로,CZ,체코공화국,2025-12-01,854232,메모리,3150591,0,495,0,3150591
8542,전자집적회로,CZ,체코공화국,2025-12-01,854233,증폭기,223423,2049,15,6,221374
8542,전자집적회로,CZ,체코공화국,2025-12-01,854239,기타,747382,252154,131,294,495228
8542,전자집적회로,DE,독일,2025-12-01,854231,프로세서와 컨트롤러[메모리ㆍ변환기ㆍ논리회로ㆍ증폭기ㆍ클록(clock)ㆍ타이밍(timing) 회로나 그 밖의 회로를 갖춘 것인지는 상관없다],2108421,21867789,767,1976,-19759368
8542,전자집적회로,DE,독일,2025-12-01,854232,메모리,21790938,12164,740,68,21778774
8542,전자집적회로,DE,독일,2025-12-01,854233,증폭기,188200,151137,49,6,37063
8542,전자집적회로,DE,독일,2025-12-01,854239,기타,10094486,35873600,15230,3396,-25779114
8542,전자집적회로,DE,독일,2025-12-01,854290,부분품,5000,975526,4,1735,-970526
8542,전자집적회로,DK,덴마크,2025-12-01,854231,프로세서와 컨트롤러[메모리ㆍ변환기ㆍ논리회로ㆍ증폭기ㆍ클록(clock)ㆍ타이밍(timing) 회로나 그 밖의 회로를 갖춘 것인지는 상관없다],4,0,1,0,4
8542,전자집적회로,DK,덴마크,2025-12-01,854232,메모리,0,1315,0,4,-1315
8542,전자집적회로,DK,덴마크,2025-12-01,854233,증폭기,2815,0,3,0,2815
8542,전자집적회로,DK,덴마크,2025-12-01,854239,기타,18213,0,59,0,18213
8542,전자집적회로,DO,도미니카 공화국,2025-12-01,854239,기타,0,643,0,4,-643
8542,전자집적회로,EE,에스토니아,2025-12-01,854231,프로세서와 컨트롤러[메모리ㆍ변환기ㆍ논리회로ㆍ증폭기ㆍ클록(clock)ㆍ타이밍(timing) 회로나 그 밖의 회로를 갖춘 것인지는 상관없다],14924,0,22,0,14924
8542,전자집적회로,EG,이집트,2025-12-01,854231,프로세서와 컨트롤러[메모리ㆍ변환기ㆍ논리회로ㆍ증폭기ㆍ클록(clock)ㆍ타이밍(timing) 회로나 그 밖의 회로를 갖춘 것인지는 상관없다],2892991,0,454,0,2892991
8542,전자집적회로,EG,이집트,2025-12-01,854232,메모리,11978878,0,625,0,11978878
8542,전자집적회로,EG,이집트,2025-12-01,854233,증폭기,104216,0,21,0,104216
8542,전자집적회로,EG,이집트,2025-12-01,854239,기타,2031397,0,290,0,2031397
8542,전자집적회로,ES,스페인,2025-12-01,854231,프로세서와 컨트롤러[메모리ㆍ변환기ㆍ논리회로ㆍ증폭기ㆍ클록(clock)ㆍ타이밍(timing) 회로나 그 밖의 회로를 갖춘 것인지는 상관없다],1334,57866,0,19,-56532
8542,전자집적회로,ES,스페인,2025-12-01,854232,메모리,81124,0,8,0,81124
8542,전자집적회로,ES,스페인,2025-12-01,854239,기타,21101,188110,17,19,-167009
8542,전자집적회로,ES,스페인,2025-12-01,854290,부분품,14760,10068,11,144,4692
8542,전자집적회로,FI,핀란드,2025-12-01,854231,프로세서와 컨트롤러[메모리ㆍ변환기ㆍ논리회로ㆍ증폭기ㆍ클록(clock)ㆍ타이밍(timing) 회로나 그 밖의 회로를 갖춘 것인지는 상관없다],84905,774,16,1,84131
8542,전자집적회로,FI,핀란드,2025-12-01,854239,기타,12047,13600,4,9,-1553
8542,전자집적회로,FI,핀란드,2025-12-01,854290,부분품,233076,0,941,0,233076
8542,전자집적회로,FR,프랑스,2025-12-01,854231,프로세서와 컨트롤러[메모리ㆍ변환기ㆍ논리회로ㆍ증폭기ㆍ클록(clock)ㆍ타이밍(timing) 회로나 그 밖의 회로를 갖춘 것인지는 상관없다],19057381,50005013,2283,9111,-30947632
8542,전자집적회로,FR,프랑스,2025-12-01,854232,메모리,2025,968101,3,547,-966076
8542,전자집적회로,FR,프랑스,2025-12-01,854233,증폭기,3200,321599,3,13,-318399
8542,전자집적회로,FR,프랑스,2025-12-01,854239,기타,91778,6414631,112,1044,-6322853
8542,전자집적회로,GB,영국,2025-12-01,854231,프로세서와 컨트롤러[메모리ㆍ변환기ㆍ논리회로ㆍ증폭기ㆍ클록(clock)ㆍ타이밍(timing) 회로나 그 밖의 회로를 갖춘 것인지는 상관없다],112863,31086,171,49,81777
8542,전자집적회로,GB,영국,2025-12-01,854232,메모리,718278,12008,22,1,706270
8542,전자집적회로,GB,영국,2025-12-01,854233,증폭기,0,52811,0,2,-52811
8542,전자집적회로,GB,영국,2025-12-01,854239,기타,137049,244102,69,144,-107053
8542,전자집적회로,GB,영국,2025-12-01,854290,부분품,0,895,0,3,-895
8542,전자집적회로,GT,과테말라,2025-12-01,854239,기타,0,76,0,0,-76
8542,전자집적회로,HK,홍콩,2025-12-01,854231,프로세서와 컨트롤러[메모리ㆍ변환기ㆍ논리회로ㆍ증폭기ㆍ클록(clock)ㆍ타이밍(timing) 회로나 그 밖의 회로를 갖춘 것인지는 상관없다],87330639,16439970,49166,5116,70890669
8542,전자집적회로,HK,홍콩,2025-12-01,854232,메모리,2619629884,3669309,101998,942,2615960575
8542,전자집적회로,HK,홍콩,2025-12-01,854233,증폭기,763434,50940,837,17,712494
8542,전자집적회로,HK,홍콩,2025-12-01,854239,기타,171437782,8876343,38350,3766,162561439
8542,전자집적회로,HK,홍콩,2025-12-01,854290,부분품,622828,5462,4161,9,617366
8542,전자집적회로,HR,크로아티아,2025-12-01,854231,프로세서와 컨트롤러[메모리ㆍ변환기ㆍ논리회로ㆍ증폭기ㆍ클록(clock)ㆍ타이밍(timing) 회로나 그 밖의 회로를 갖춘 것인지는 상관없다],0,8293,0,1,-8293
8542,전자집적회로,HU,헝가리,2025-12-01,854231,프로세서와 컨트롤러[메모리ㆍ변환기ㆍ논리회로ㆍ증폭기ㆍ클록(clock)ㆍ타이밍(timing) 회로나 그 밖의 회로를 갖춘 것인지는 상관없다],304263,938910,99,108,-634647
8542,전자집적회로,HU,헝가리,2025-12-01,854232,메모리,1835463,0,87,0,1835463
8542,전자집적회로,HU,헝가리,2025-12-01,854233,증폭기,20126,6711,8,4,13415
8542,전자집적회로,HU,헝가리,2025-12-01,854239,기타,31948,16348,56,17,15600
8542,전자집적회로,ID,인도네시아,2025-12-01,854231,프로세서와 컨트롤러[메모리ㆍ변환기ㆍ논리회로ㆍ증폭기ㆍ클록(clock)ㆍ타이밍(timing) 회로나 그 밖의 회로를 갖춘 것인지는 상관없다],10405158,1643764,4014,1109,8761394
8542,전자집적회로,ID,인도네시아,2025-12-01,854232,메모리,39822550,4417,1035,4,39818133
8542,전자집적회로,ID,인도네시아,2025-12-01,854233,증폭기,210318,0,42,0,210318
8542,전자집적회로,ID,인도네시아,2025-12-01,854239,기타,3656371,3529996,1993,2272,126375
8542,전자집적회로,ID,인도네시아,2025-12-01,854290,부분품,11784,0,47,0,11784
8542,전자집적회로,IE,아일랜드,2025-12-01,854231,프로세서와 컨트롤러[메모리ㆍ변환기ㆍ논리회로ㆍ증폭기ㆍ클록(clock)ㆍ타이밍(timing) 회로나 그 밖의 회로를 갖춘 것인지는 상관없다],1167260,786580,135,146,380680
8542,전자집적회로,IE,아일랜드,2025-12-01,854232,메모리,703,0,0,0,703
8542,전자집적회로,IE,아일랜드,2025-12-01,854239,기타,25835,54870,11,17,-29035
8542,전자집적회로,IL,이스라엘,2025-12-01,854231,프로세서와 컨트롤러[메모리ㆍ변환기ㆍ논리회로ㆍ증폭기ㆍ클록(clock)ㆍ타이밍(timing) 회로나 그 밖의 회로를 갖춘 것인지는 상관없다],1983473,82462,1587,17,1901011
8542,전자집적회로,IL,이스라엘,2025-12-01,854232,메모리,4135,1980,1,2,2155
8542,전자집적회로,IL,이스라엘,2025-12-01,854233,증폭기,2628,4378,2,1,-1750
8542,전자집적회로,IL,이스라엘,2025-12-01,854239,기타,29413,1493314,61,107,-1463901
8542,전자집적회로,IL,이스라엘,2025-12-01,854290,부분품,43,77606,7,3,-77563
8542,전자집적회로,IN,인도,2025-12-01,854231,프로세서와 컨트롤러[메모리ㆍ변환기ㆍ논리회로ㆍ증폭기ㆍ클록(clock)ㆍ타이밍(timing) 회로나 그 밖의 회로를 갖춘 것인지는 상관없다],121182023,586796,21983,66,120595227
8542,전자집적회로,IN,인도,2025-12-01,854232,메모리,163916935,16,4551,0,163916919
8542,전자집적회로,IN,인도,2025-12-01,854233,증폭기,588174,7,540,0,588167
8542,전자집적회로,IN,인도,2025-12-01,854239,기타,12512973,1959720,7596,79,10553253
8542,전자집적회로,IN,인도,2025-12-01,854290,부분품,1010,0,1,0,1010
8542,전자집적회로,IS,아이슬란드,2025-12-01,854231,프로세서와 컨트롤러[메모리ㆍ변환기ㆍ논리회로ㆍ증폭기ㆍ클록(clock)ㆍ타이밍(timing) 회로나 그 밖의 회로를 갖춘 것인지는 상관없다],0,9441,0,6,-9441
8542,전자집적회로,IT,이탈리아,2025-12-01,854231,프로세서와 컨트롤러[메모리ㆍ변환기ㆍ논리회로ㆍ증폭기ㆍ클록(clock)ㆍ타이밍(timing) 회로나 그 밖의 회로를 갖춘 것인지는 상관없다],335782,7961462,194,421,-7625680
8542,전자집적회로,IT,이탈리아,2025-12-01,854232,메모리,1173,33,1,0,1140
8542,전자집적회로,IT,이탈리아,2025-12-01,854233,증폭기,5036,185023,1,113,-179987
8542,전자집적회로,IT,이탈리아,2025-12-01,854239,기타,98656,11251024,109,4712,-11152368
8542,전자집적회로,IT,이탈리아,2025-12-01,854290,부분품,2570,45800,7,80,-43230
8542,전자집적회로,JP,일본,2025-12-01,854231,프로세서와 컨트롤러[메모리ㆍ변환기ㆍ논리회로ㆍ증폭기ㆍ클록(clock)ㆍ타이밍(timing) 회로나 그 밖의 회로를 갖춘 것인지는 상관없다],13434621,467468130,5687,13017,-454033509
8542,전자집적회로,JP,일본,2025-12-01,854232,메모리,60367241,28314705,2501,1061,32052536
8542,전자집적회로,JP,일본,2025-12-01,854233,증폭기,73736,50636,115,42,23100
8542,전자집적회로,JP,일본,2025-12-01,854239,기타,2487368,130866195,1469,28725,-128378827
8542,전자집적회로,JP,일본,2025-12-01,854290,부분품,399850,949355,9054,4986,-549505
8542,전자집적회로,KH,캄보디아,2025-12-01,854239,기타,0,255,0,0,-255
8542,전자집적회로,KW,쿠웨이트,2025-12-01,854232,메모리,0,55,0,0,-55
8542,전자집적회로,MA,모로코,2025-12-01,854231,프로세서와 컨트롤러[메모리ㆍ변환기ㆍ논리회로ㆍ증폭기ㆍ클록(clock)ㆍ타이밍(timing) 회로나 그 밖의 회로를 갖춘 것인지는 상관없다],0,1583,0,1,-1583
8542,전자집적회로,MA,모로코,2025-12-01,854233,증폭기,0,586,0,2,-586
8542,전자집적회로,MA,모로코,2025-12-01,854239,기타,0,443374,0,491,-443374
8542,전자집적회로,MA,모로코,2025-12-01,854290,부분품,5439,0,124,0,5439
8542,전자집적회로,MM,미얀마,2025-12-01,854239,기타,0,945,0,0,-945
8542,전자집적회로,MT,몰타,2025-12-01,854231,프로세서와 컨트롤러[메모리ㆍ변환기ㆍ논리회로ㆍ증폭기ㆍ클록(clock)ㆍ타이밍(timing) 회로나 그 밖의 회로를 갖춘 것인지는 상관없다],8670745,19532370,6195,1482,-10861625
8542,전자집적회로,MT,몰타,2025-12-01,854239,기타,53403,202607,219,41,-149204
8542,전자집적회로,MT,몰타,2025-12-01,854290,부분품,668412,0,3089,0,668412
8542,전자집적회로,MX,멕시코,2025-12-01,854231,프로세서와 컨트롤러[메모리ㆍ변환기ㆍ논리회로ㆍ증폭기ㆍ클록(clock)ㆍ타이밍(timing) 회로나 그 밖의 회로를 갖춘 것인지는 상관없다],7855458,106977,11170,48,7748481
8542,전자집적회로,MX,멕시코,2025-12-01,854232,메모리,9417685,3847,1606,7,9413838
8542,전자집적회로,MX,멕시코,2025-12-01,854233,증폭기,369884,2391720,106,421,-2021836
8542,전자집적회로,MX,멕시코,2025-12-01,854239,기타,8820303,834234,5126,539,7986069
8542,전자집적회로,MX,멕시코,2025-12-01,854290,부분품,3981,0,9,0,3981
8542,전자집적회로,MY,말레이시아,2025-12-01,854231,프로세서와 컨트롤러[메모리ㆍ변환기ㆍ논리회로ㆍ증폭기ㆍ클록(clock)ㆍ타이밍(timing) 회로나 그 밖의 회로를 갖춘 것인지는 상관없다],117484794,126545084,49417,17175,-9060290
8542,전자집적회로,MY,말레이시아,2025-12-01,854232,메모리,459420469,1519921,1674,157,457900548
8542,전자집적회로,MY,말레이시아,2025-12-01,854233,증폭기,9178,2255511,1,1854,-2246333
8542,전자집적회로,MY,말레이시아,2025-12-01,854239,기타,39053577,48261832,29490,19594,-9208255
8542,전자집적회로,MY,말레이시아,2025-12-01,854290,부분품,5961094,10044,84608,161,5951050
8542,전자집적회로,NA,나미비아,2025-12-01,854239,기타,0,228,0,0,-228
8542,전자집적회로,NL,네덜란드,2025-12-01,854231,프로세서와 컨트롤러[메모리ㆍ변환기ㆍ논리회로ㆍ증폭기ㆍ클록(clock)ㆍ타이밍(timing) 회로나 그 밖의 회로를 갖춘 것인지는 상관없다],1559207,87541,765,21,1471666
8542,전자집적회로,NL,네덜란드,2025-12-01,854232,메모리,3247979,10092,93,4,3237887
8542,전자집적회로,NL,네덜란드,2025-12-01,854233,증폭기,0,784832,0,2,-784832
8542,전자집적회로,NL,네덜란드,2025-12-01,854239,기타,118128,94756,187,95,23372
8542,전자집적회로,NL,네덜란드,2025-12-01,854290,부분품,500,0,1,0,500
8542,전자집적회로,NO,노르웨이,2025-12-01,854231,프로세서와 컨트롤러[메모리ㆍ변환기ㆍ논리회로ㆍ증폭기ㆍ클록(clock)ㆍ타이밍(timing) 회로나 그 밖의 회로를 갖춘 것인지는 상관없다],0,12050,0,1,-12050
8542,전자집적회로,NO,노르웨이,2025-12-01,854233,증폭기,0,13143,0,86,-13143
8542,전자집적회로,NO,노르웨이,2025-12-01,854239,기타,13,97950,1,3,-97937
8542,전자집적회로,NZ,뉴질랜드,2025-12-01,854239,기타,0,3879,0,1,-3879
8542,전자집적회로,OM,오만,2025-12-01,854239,기타,34424,0,3,0,34424
8542,전자집적회로,PH,필리핀,2025-12-01,854231,프로세서와 컨트롤러[메모리ㆍ변환기ㆍ논리회로ㆍ증폭기ㆍ클록(clock)ㆍ타이밍(timing) 회로나 그 밖의 회로를 갖춘 것인지는 상관없다],54500352,21746072,26260,9255,32754280
8542,전자집적회로,PH,필리핀,2025-12-01,854232,메모리,366738710,354868,11189,207,366383842
8542,전자집적회로,PH,필리핀,2025-12-01,854233,증폭기,18661,529151,2,465,-510490
8542,전자집적회로,PH,필리핀,2025-12-01,854239,기타,8533564,19032410,12496,8951,-10498846
8542,전자집적회로,PH,필리핀,2025-12-01,854290,부분품,2526882,177531,30610,6399,2349351
8542,전자집적회로,PK,파키스탄,2025-12-01,854231,프로세서와 컨트롤러[메모리ㆍ변환기ㆍ논리회로ㆍ증폭기ㆍ클록(clock)ㆍ타이밍(timing) 회로나 그 밖의 회로를 갖춘 것인지는 상관없다],81079,0,1142,0,81079
8542,전자집적회로,PK,파키스탄,2025-12-01,854233,증폭기,27426,0,11,0,27426
8542,전자집적회로,PK,파키스탄,2025-12-01,854239,기타,320,0,2,0,320
8542,전자집적회로,PL,폴란드,2025-12-01,854231,프로세서와 컨트롤러[메모리ㆍ변환기ㆍ논리회로ㆍ증폭기ㆍ클록(clock)ㆍ타이밍(timing) 회로나 그 밖의 회로를 갖춘 것인지는 상관없다],25972788,674,12574,3,25972114
8542,전자집적회로,PL,폴란드,2025-12-01,854232,메모리,3201594,0,516,0,3201594
8542,전자집적회로,PL,폴란드,2025-12-01,854233,증폭기,429928,0,488,0,429928
8542,전자집적회로,PL,폴란드,2025-12-01,854239,기타,7289586,1177,1875,2,7288409
8542,전자집적회로,PL,폴란드,2025-12-01,854290,부분품,0,11,0,0,-11
8542,전자집적회로,PT,포루투갈,2025-12-01,854231,프로세서와 컨트롤러[메모리ㆍ변환기ㆍ논리회로ㆍ증폭기ㆍ클록(clock)ㆍ타이밍(timing) 회로나 그 밖의 회로를 갖춘 것인지는 상관없다],2799539,250077,1172,5,2549462
8542,전자집적회로,PT,포루투갈,2025-12-01,854232,메모리,4902788,0,135,0,4902788
8542,전자집적회로,PT,포루투갈,2025-12-01,854239,기타,0,912951,0,12,-912951
8542,전자집적회로,PT,포루투갈,2025-12-01,854290,부분품,4264,0,68,0,4264
8542,전자집적회로,RO,루마니아,2025-12-01,854231,프로세서와 컨트롤러[메모리ㆍ변환기ㆍ논리회로ㆍ증폭기ㆍ클록(clock)ㆍ타이밍(timing) 회로나 그 밖의 회로를 갖춘 것인지는 상관없다],54943,6912,67,4,48031
8542,전자집적회로,RO,루마니아,2025-12-01,854232,메모리,0,125,0,6,-125
8542,전자집적회로,RO,루마니아,2025-12-01,854239,기타,2232,0,5,0,2232
8542,전자집적회로,RS,세르비아,2025-12-01,854231,프로세서와 컨트롤러[메모리ㆍ변환기ㆍ논리회로ㆍ증폭기ㆍ클록(clock)ㆍ타이밍(timing) 회로나 그 밖의 회로를 갖춘 것인지는 상관없다],509119,8314,218,32,500805
8542,전자집적회로,RS,세르비아,2025-12-01,854239,기타,671761,0,1848,0,671761
8542,전자집적회로,SE,스웨덴,2025-12-01,854231,프로세서와 컨트롤러[메모리ㆍ변환기ㆍ논리회로ㆍ증폭기ㆍ클록(clock)ㆍ타이밍(timing) 회로나 그 밖의 회로를 갖춘 것인지는 상관없다],2998446,20516,1227,3,2977930
8542,전자집적회로,SE,스웨덴,2025-12-01,854232,메모리,2900,0,1,0,2900
8542,전자집적회로,SE,스웨덴,2025-12-01,854233,증폭기,2810,0,1,0,2810
8542,전자집적회로,SE,스웨덴,2025-12-01,854239,기타,77840,19313,13,14,58527
8542,전자집적회로,SG,싱가포르,2025-12-01,854231,프로세서와 컨트롤러[메모리ㆍ변환기ㆍ논리회로ㆍ증폭기ㆍ클록(clock)ㆍ타이밍(timing) 회로나 그 밖의 회로를 갖춘 것인지는 상관없다],336968413,222609349,70396,11419,114359064
8542,전자집적회로,SG,싱가포르,2025-12-01,854232,메모리,314250565,74528720,1666,1879,239721845
8542,전자집적회로,SG,싱가포르,2025-12-01,854233,증폭기,62974,11085834,28,378,-11022860
8542,전자집적회로,SG,싱가포르,2025-12-01,854239,기타,5458221,29156550,20439,6077,-23698329
8542,전자집적회로,SG,싱가포르,2025-12-01,854290,부분품,843869,15498,16820,247,828371
8542,전자집적회로,SI,슬로베니아,2025-12-01,854231,프로세서와 컨트롤러[메모리ㆍ변환기ㆍ논리회로ㆍ증폭기ㆍ클록(clock)ㆍ타이밍(timing) 회로나 그 밖의 회로를 갖춘 것인지는 상관없다],0,288,0,0,-288
8542,전자집적회로,SK,슬로바키아,2025-12-01,854231,프로세서와 컨트롤러[메모리ㆍ변환기ㆍ논리회로ㆍ증폭기ㆍ클록(clock)ㆍ타이밍(timing) 회로나 그 밖의 회로를 갖춘 것인지는 상관없다],26555,11403,22,11,15152
8542,전자집적회로,SK,슬로바키아,2025-12-01,854232,메모리,564863,0,81,0,564863
8542,전자집적회로,SK,슬로바키아,2025-12-01,854233,증폭기,16392,0,2,0,16392
8542,전자집적회로,SK,슬로바키아,2025-12-01,854239,기타,87059,0,175,0,87059
8542,전자집적회로,SV,엘살바도르,2025-12-01,854239,기타,0,7702,0,6,-7702
8542,전자집적회로,SZ,스와질랜드,2025-12-01,854239,기타,0,33,0,0,-33
8542,전자집적회로,TH,태국,2025-12-01,854231,프로세서와 컨트롤러[메모리ㆍ변환기ㆍ논리회로ㆍ증폭기ㆍ클록(clock)ㆍ타이밍(timing) 회로나 그 밖의 회로를 갖춘 것인지는 상관없다],21986955,11688521,13328,9119,10298434
8542,전자집적회로,TH,태국,2025-12-01,854232,메모리,29999269,1184431,1960,260,28814838
8542,전자집적회로,TH,태국,2025-12-01,854233,증폭기,17309,685926,41,294,-668617
8542,전자집적회로,TH,태국,2025-12-01,854239,기타,10442334,32917356,5935,12781,-22475022
8542,전자집적회로,TH,태국,2025-12-01,854290,부분품,4311860,15420,46984,266,4296440
8542,전자집적회로,TR,튀르키예,2025-12-01,854231,프로세서와 컨트롤러[메모리ㆍ변환기ㆍ논리회로ㆍ증폭기ㆍ클록(clock)ㆍ타이밍(timing) 회로나 그 밖의 회로를 갖춘 것인지는 상관없다],1546491,0,112,0,1546491
8542,전자집적회로,TR,튀르키예,2025-12-01,854232,메모리,12528676,0,277,0,12528676
8542,전자집적회로,TR,튀르키예,2025-12-01,854233,증폭기,497025,0,152,0,497025
8542,전자집적회로,TR,튀르키예,2025-12-01,854239,기타,2060767,144,520,1,2060623
8542,전자집적회로,TW,대만,2025-12-01,854231,프로세서와 컨트롤러[메모리ㆍ변환기ㆍ논리회로ㆍ증폭기ㆍ클록(clock)ㆍ타이밍(timing) 회로나 그 밖의 회로를 갖춘 것인지는 상관없다],353313880,1547591100,95750,109716,-1194277220
8542,전자집적회로,TW,대만,2025-12-01,854232,메모리,2878081077,126080942,35970,17713,2752000135
8542,전자집적회로,TW,대만,2025-12-01,854233,증폭기,238842,2894027,50,1506,-2655185
8542,전자집적회로,TW,대만,2025-12-01,854239,기타,412431186,481297280,31654,45026,-68866094
8542,전자집적회로,TW,대만,2025-12-01,854290,부분품,4030189,482874,45991,1600,3547315
8542,전자집적회로,US,미국,2025-12-01,854231,프로세서와 컨트롤러[메모리ㆍ변환기ㆍ논리회로ㆍ증폭기ㆍ클록(clock)ㆍ타이밍(timing) 회로나 그 밖의 회로를 갖춘 것인지는 상관없다],65561236,94295666,24118,11429,-28734430
8542,전자집적회로,US,미국,2025-12-01,854232,메모리,95059313,1621245,2525,480,93438068
8542,전자집적회로,US,미국,2025-12-01,854233,증폭기,127894,1870709,84,168,-1742815
8542,전자집적회로,US,미국,2025-12-01,854239,기타,4721506,34294025,7061,7554,-29572519
8542,전자집적회로,US,미국,2025-12-01,854290,부분품,334935,93437,177,94,241498
8542,전자집적회로,UZ,우즈베키스탄,2025-12-01,854231,프로세서와 컨트롤러[메모리ㆍ변환기ㆍ논리회로ㆍ증폭기ㆍ클록(clock)ㆍ타이밍(timing) 회로나 그 밖의 회로를 갖춘 것인지는 상관없다],25,0,0,0,25
8542,전자집적회로,VN,베트남,2025-12-01,854231,프로세서와 컨트롤러[메모리ㆍ변환기ㆍ논리회로ㆍ증폭기ㆍ클록(clock)ㆍ타이밍(timing) 회로나 그 밖의 회로를 갖춘 것인지는 상관없다],727734582,12039885,91413,6752,715694697
8542,전자집적회로,VN,베트남,2025-12-01,854232,메모리,1386761472,14193431,51138,1787,1372568041
8542,전자집적회로,VN,베트남,2025-12-01,854233,증폭기,12431009,13943,3589,7,12417066
8542,전자집적회로,VN,베트남,2025-12-01,854239,기타,247814612,4329394,61038,577,243485218
8542,전자집적회로,VN,베트남,2025-12-01,854290,부분품,1356001,216,1502,0,1355785
8542,전자집적회로,AE,아랍에미리트 연합,2026-01-01,854231,프로세서와 컨트롤러[메모리ㆍ변환기ㆍ논리회로ㆍ증폭기ㆍ클록(clock)ㆍ타이밍(timing) 회로나 그 밖의 회로를 갖춘 것인지는 상관없다],205340,2700572,91,45,-2495232
8542,전자집적회로,AE,아랍에미리트 연합,2026-01-01,854233,증폭기,0,152,0,0,-152
8542,전자집적회로,AE,아랍에미리트 연합,2026-01-01,854239,기타,3395348,0,78,0,3395348
8542,전자집적회로,AR,아르헨티나,2026-01-01,854231,프로세서와 컨트롤러[메모리ㆍ변환기ㆍ논리회로ㆍ증폭기ㆍ클록(clock)ㆍ타이밍(timing) 회로나 그 밖의 회로를 갖춘 것인지는 상관없다],71867,0,471,0,71867
8542,전자집적회로,AR,아르헨티나,2026-01-01,854232,메모리,91221,0,598,0,91221
8542,전자집적회로,AR,아르헨티나,2026-01-01,854239,기타,354043,0,4033,0,354043
8542,전자집적회로,AT,오스트리아,2026-01-01,854231,프로세서와 컨트롤러[메모리ㆍ변환기ㆍ논리회로ㆍ증폭기ㆍ클록(clock)ㆍ타이밍(timing) 회로나 그 밖의 회로를 갖춘 것인지는 상관없다],8000304,109342,3248,64,7890962
8542,전자집적회로,AT,오스트리아,2026-01-01,854232,메모리,7789991,0,398,0,7789991
8542,전자집적회로,AT,오스트리아,2026-01-01,854233,증폭기,13363,519,19,0,12844
8542,전자집적회로,AT,오스트리아,2026-01-01,854239,기타,245995,841349,317,141,-595354
8542,전자집적회로,AT,오스트리아,2026-01-01,854290,부분품,0,375,0,1,-375
8542,전자집적회로,AU,호주,2026-01-01,854231,프로세서와 컨트롤러[메모리ㆍ변환기ㆍ논리회로ㆍ증폭기ㆍ클록(clock)ㆍ타이밍(timing) 회로나 그 밖의 회로를 갖춘 것인지는 상관없다],10712,188798,13,1,-178086
8542,전자집적회로,AU,호주,2026-01-01,854233,증폭기,977235,10633,400,8,966602
8542,전자집적회로,AU,호주,2026-01-01,854239,기타,41294,34813,9,20,6481
8542,전자집적회로,BA,보스니아-헤르체고비나,2026-01-01,854232,메모리,6555,0,1,0,6555
8542,전자집적회로,BD,방글라데시,2026-01-01,854231,프로세서와 컨트롤러[메모리ㆍ변환기ㆍ논리회로ㆍ증폭기ㆍ클록(clock)ㆍ타이밍(timing) 회로나 그 밖의 회로를 갖춘 것인지는 상관없다],13078,0,143,0,13078
8542,전자집적회로,BE,벨기에,2026-01-01,854231,프로세서와 컨트롤러[메모리ㆍ변환기ㆍ논리회로ㆍ증폭기ㆍ클록(clock)ㆍ타이밍(timing) 회로나 그 밖의 회로를 갖춘 것인지는 상관없다],1205220,414,82,9,1204806
8542,전자집적회로,BE,벨기에,2026-01-01,854233,증폭기,0,1235,0,0,-1235
8542,전자집적회로,BE,벨기에,2026-01-01,854239,기타,277,289420,4,67,-289143
8542,전자집적회로,BG,불가리아,2026-01-01,854231,프로세서와 컨트롤러[메모리ㆍ변환기ㆍ논리회로ㆍ증폭기ㆍ클록(clock)ㆍ타이밍(timing) 회로나 그 밖의 회로를 갖춘 것인지는 상관없다],0,2398,0,1,-2398
8542,전자집적회로,BG,불가리아,2026-01-01,854232,메모리,0,31,0,4,-31
8542,전자집적회로,BG,불가리아,2026-01-01,854239,기타,0,432769,0,137,-432769
8542,전자집적회로,BR,브라질,2026-01-01,854231,프로세서와 컨트롤러[메모리ㆍ변환기ㆍ논리회로ㆍ증폭기ㆍ클록(clock)ㆍ타이밍(timing) 회로나 그 밖의 회로를 갖춘 것인지는 상관없다],43703744,687,5513,1,43703057
8542,전자집적회로,BR,브라질,2026-01-01,854232,메모리,64448005,0,1716,0,64448005
8542,전자집적회로,BR,브라질,2026-01-01,854233,증폭기,204651,0,102,0,204651
8542,전자집적회로,BR,브라질,2026-01-01,854239,기타,2988242,3783,668,5,2984459
8542,전자집적회로,BY,벨라루스,2026-01-01,854239,기타,0,111446,0,15,-111446
8542,전자집적회로,CA,캐나다,2026-01-01,854231,프로세서와 컨트롤러[메모리ㆍ변환기ㆍ논리회로ㆍ증폭기ㆍ클록(clock)ㆍ타이밍(timing) 회로나 그 밖의 회로를 갖춘 것인지는 상관없다],7802305,32289,350,25,7770016
8542,전자집적회로,CA,캐나다,2026-01-01,854232,메모리,1523761,0,3,0,1523761
8542,전자집적회로,CA,캐나다,2026-01-01,854233,증폭기,12580,0,1,0,12580
8542,전자집적회로,CA,캐나다,2026-01-01,854239,기타,10541246,295119,262,41,10246127
8542,전자집적회로,CA,캐나다,2026-01-01,854290,부분품,0,12,0,0,-12
8542,전자집적회로,CH,스위스,2026-01-01,854231,프로세서와 컨트롤러[메모리ㆍ변환기ㆍ논리회로ㆍ증폭기ㆍ클록(clock)ㆍ타이밍(timing) 회로나 그 밖의 회로를 갖춘 것인지는 상관없다],237316,59711,22,47,177605
8542,전자집적회로,CH,스위스,2026-01-01,854232,메모리,68,0,0,0,68
8542,전자집적회로,CH,스위스,2026-01-01,854233,증폭기,0,649,0,0,-649
8542,전자집적회로,CH,스위스,2026-01-01,854239,기타,1276,901559,2,139,-900283
8542,전자집적회로,CH,스위스,2026-01-01,854290,부분품,0,2540,0,30,-2540
8542,전자집적회로,CN,중국,2026-01-01,854231,프로세서와 컨트롤러[메모리ㆍ변환기ㆍ논리회로ㆍ증폭기ㆍ클록(clock)ㆍ타이밍(timing) 회로나 그 밖의 회로를 갖춘 것인지는 상관없다],915255303,177345167,142476,64555,737910136
8542,전자집적회로,CN,중국,2026-01-01,854232,메모리,4934026496,2026883877,124261,65094,2907142619
8542,전자집적회로,CN,중국,2026-01-01,854233,증폭기,645873,5767244,632,1169,-5121371
8542,전자집적회로,CN,중국,2026-01-01,854239,기타,120471001,152654345,61217,110326,-32183344
8542,전자집적회로,CN,중국,2026-01-01,854290,부분품,9812393,867702,106868,11231,8944691
8542,전자집적회로,CR,코스타리카,2026-01-01,854231,프로세서와 컨트롤러[메모리ㆍ변환기ㆍ논리회로ㆍ증폭기ㆍ클록(clock)ㆍ타이밍(timing) 회로나 그 밖의 회로를 갖춘 것인지는 상관없다],2805,1580217,0,122,-1577412
8542,전자집적회로,CR,코스타리카,2026-01-01,854239,기타,0,33073,0,16,-33073
8542,전자집적회로,CZ,체코공화국,2026-01-01,854231,프로세서와 컨트롤러[메모리ㆍ변환기ㆍ논리회로ㆍ증폭기ㆍ클록(clock)ㆍ타이밍(timing) 회로나 그 밖의 회로를 갖춘 것인지는 상관없다],4639757,0,1341,0,4639757
8542,전자집적회로,CZ,체코공화국,2026-01-01,854232,메모리,2581850,38070,367,6,2543780
8542,전자집적회로,CZ,체코공화국,2026-01-01,854233,증폭기,451735,169,48,0,451566
8542,전자집적회로,CZ,체코공화국,2026-01-01,854239,기타,581143,367344,283,415,213799
8542,전자집적회로,DE,독일,2026-01-01,854231,프로세서와 컨트롤러[메모리ㆍ변환기ㆍ논리회로ㆍ증폭기ㆍ클록(clock)ㆍ타이밍(timing) 회로나 그 밖의 회로를 갖춘 것인지는 상관없다],1854238,31126881,621,2465,-29272643
8542,전자집적회로,DE,독일,2026-01-01,854232,메모리,20504884,2660,740,4,20502224
8542,전자집적회로,DE,독일,2026-01-01,854233,증폭기,247350,58963,89,21,188387
8542,전자집적회로,DE,독일,2026-01-01,854239,기타,9937087,10523327,14794,2353,-586240
8542,전자집적회로,DE,독일,2026-01-01,854290,부분품,582,856898,1,1844,-856316
8542,전자집적회로,DK,덴마크,2026-01-01,854231,프로세서와 컨트롤러[메모리ㆍ변환기ㆍ논리회로ㆍ증폭기ㆍ클록(clock)ㆍ타이밍(timing) 회로나 그 밖의 회로를 갖춘 것인지는 상관없다],111,0,1,0,111
8542,전자집적회로,DK,덴마크,2026-01-01,854232,메모리,0,4021,0,4,-4021
8542,전자집적회로,DK,덴마크,2026-01-01,854239,기타,29034,1779,93,23,27255
8542,전자집적회로,EE,에스토니아,2026-01-01,854231,프로세서와 컨트롤러[메모리ㆍ변환기ㆍ논리회로ㆍ증폭기ㆍ클록(clock)ㆍ타이밍(timing) 회로나 그 밖의 회로를 갖춘 것인지는 상관없다],10961,0,28,0,10961
8542,전자집적회로,EE,에스토니아,2026-01-01,854239,기타,0,3042,0,0,-3042
8542,전자집적회로,EG,이집트,2026-01-01,854231,프로세서와 컨트롤러[메모리ㆍ변환기ㆍ논리회로ㆍ증폭기ㆍ클록(clock)ㆍ타이밍(timing) 회로나 그 밖의 회로를 갖춘 것인지는 상관없다],3211440,0,431,0,3211440
8542,전자집적회로,EG,이집트,2026-01-01,854232,메모리,5187353,0,208,0,5187353
8542,전자집적회로,EG,이집트,2026-01-01,854233,증폭기,73891,0,20,0,73891
8542,전자집적회로,EG,이집트,2026-01-01,854239,기타,1813055,0,273,0,1813055
8542,전자집적회로,ES,스페인,2026-01-01,854231,프로세서와 컨트롤러[메모리ㆍ변환기ㆍ논리회로ㆍ증폭기ㆍ클록(clock)ㆍ타이밍(timing) 회로나 그 밖의 회로를 갖춘 것인지는 상관없다],0,37077,0,4,-37077
8542,전자집적회로,ES,스페인,2026-01-01,854232,메모리,313335,38,22,0,313297
8542,전자집적회로,ES,스페인,2026-01-01,854233,증폭기,14660,15363,2,0,-703
8542,전자집적회로,ES,스페인,2026-01-01,854239,기타,14074,414662,21,39,-400588
8542,전자집적회로,ES,스페인,2026-01-01,854290,부분품,21307,0,14,0,21307
8542,전자집적회로,FI,핀란드,2026-01-01,854231,프로세서와 컨트롤러[메모리ㆍ변환기ㆍ논리회로ㆍ증폭기ㆍ클록(clock)ㆍ타이밍(timing) 회로나 그 밖의 회로를 갖춘 것인지는 상관없다],66694,1556,27,1,65138
8542,전자집적회로,FI,핀란드,2026-01-01,854239,기타,39244,0,16,0,39244
8542,전자집적회로,FI,핀란드,2026-01-01,854290,부분품,140630,0,486,0,140630
8542,전자집적회로,FR,프랑스,2026-01-01,854231,프로세서와 컨트롤러[메모리ㆍ변환기ㆍ논리회로ㆍ증폭기ㆍ클록(clock)ㆍ타이밍(timing) 회로나 그 밖의 회로를 갖춘 것인지는 상관없다],16763693,58212650,1919,7564,-41448957
8542,전자집적회로,FR,프랑스,2026-01-01,854232,메모리,2260,1092223,0,466,-1089963
8542,전자집적회로,FR,프랑스,2026-01-01,854233,증폭기,8374,33007,7,8,-24633
8542,전자집적회로,FR,프랑스,2026-01-01,854239,기타,33536,5022351,22,881,-4988815
8542,전자집적회로,FR,프랑스,2026-01-01,854290,부분품,0,29,0,0,-29
8542,전자집적회로,GB,영국,2026-01-01,854231,프로세서와 컨트롤러[메모리ㆍ변환기ㆍ논리회로ㆍ증폭기ㆍ클록(clock)ㆍ타이밍(timing) 회로나 그 밖의 회로를 갖춘 것인지는 상관없다],139933,59693,81,75,80240
8542,전자집적회로,GB,영국,2026-01-01,854232,메모리,826,9600,2,3,-8774
8542,전자집적회로,GB,영국,2026-01-01,854233,증폭기,552,671,0,1,-119
8542,전자집적회로,GB,영국,2026-01-01,854239,기타,26757,169366,99,145,-142609
8542,전자집적회로,GB,영국,2026-01-01,854290,부분품,340,2177,1,12,-1837
8542,전자집적회로,HK,홍콩,2026-01-01,854231,프로세서와 컨트롤러[메모리ㆍ변환기ㆍ논리회로ㆍ증폭기ㆍ클록(clock)ㆍ타이밍(timing) 회로나 그 밖의 회로를 갖춘 것인지는 상관없다],115987743,22788825,56761,8615,93198918
8542,전자집적회로,HK,홍콩,2026-01-01,854232,메모리,2276080675,11870144,79106,1927,2264210531
8542,전자집적회로,HK,홍콩,2026-01-01,854233,증폭기,1519801,147435,1315,169,1372366
8542,전자집적회로,HK,홍콩,2026-01-01,854239,기타,182580541,13342675,37518,4260,169237866
8542,전자집적회로,HK,홍콩,2026-01-01,854290,부분품,1154119,14636,1139,33,1139483
8542,전자집적회로,HR,크로아티아,2026-01-01,854239,기타,31680,843,3,2,30837
8542,전자집적회로,HU,헝가리,2026-01-01,854231,프로세서와 컨트롤러[메모리ㆍ변환기ㆍ논리회로ㆍ증폭기ㆍ클록(clock)ㆍ타이밍(timing) 회로나 그 밖의 회로를 갖춘 것인지는 상관없다],692831,1641,235,1,691190
8542,전자집적회로,HU,헝가리,2026-01-01,854232,메모리,2097863,0,63,0,2097863
8542,전자집적회로,HU,헝가리,2026-01-01,854233,증폭기,46656,0,5,0,46656
8542,전자집적회로,HU,헝가리,2026-01-01,854239,기타,10171,27816,13,112,-17645
8542,전자집적회로,ID,인도네시아,2026-01-01,854231,프로세서와 컨트롤러[메모리ㆍ변환기ㆍ논리회로ㆍ증폭기ㆍ클록(clock)ㆍ타이밍(timing) 회로나 그 밖의 회로를 갖춘 것인지는 상관없다],17987407,2152260,4198,1524,15835147
8542,전자집적회로,ID,인도네시아,2026-01-01,854232,메모리,46721395,3,1820,0,46721392
8542,전자집적회로,ID,인도네시아,2026-01-01,854233,증폭기,53990,0,10,0,53990
8542,전자집적회로,ID,인도네시아,2026-01-01,854239,기타,6469133,8003730,3006,4645,-1534597
8542,전자집적회로,ID,인도네시아,2026-01-01,854290,부분품,94842,959,743,2,93883
8542,전자집적회로,IE,아일랜드,2026-01-01,854231,프로세서와 컨트롤러[메모리ㆍ변환기ㆍ논리회로ㆍ증폭기ㆍ클록(clock)ㆍ타이밍(timing) 회로나 그 밖의 회로를 갖춘 것인지는 상관없다],4975,888350,16,92,-883375
8542,전자집적회로,IE,아일랜드,2026-01-01,854232,메모리,4918,0,0,0,4918
8542,전자집적회로,IE,아일랜드,2026-01-01,854239,기타,13642,149288,11,126,-135646
8542,전자집적회로,IL,이스라엘,2026-01-01,854231,프로세서와 컨트롤러[메모리ㆍ변환기ㆍ논리회로ㆍ증폭기ㆍ클록(clock)ㆍ타이밍(timing) 회로나 그 밖의 회로를 갖춘 것인지는 상관없다],1296244,144335,1647,41,1151909
8542,전자집적회로,IL,이스라엘,2026-01-01,854232,메모리,84354,36,5,1,84318
8542,전자집적회로,IL,이스라엘,2026-01-01,854233,증폭기,172262,34354,10,8,137908
8542,전자집적회로,IL,이스라엘,2026-01-01,854239,기타,68205,2981858,79,280,-2913653
8542,전자집적회로,IL,이스라엘,2026-01-01,854290,부분품,43,37176,1,59,-37133
8542,전자집적회로,IN,인도,2026-01-01,854231,프로세서와 컨트롤러[메모리ㆍ변환기ㆍ논리회로ㆍ증폭기ㆍ클록(clock)ㆍ타이밍(timing) 회로나 그 밖의 회로를 갖춘 것인지는 상관없다],145837262,39257,25944,26,145798005
8542,전자집적회로,IN,인도,2026-01-01,854232,메모리,129810289,3178,4874,0,129807111
8542,전자집적회로,IN,인도,2026-01-01,854233,증폭기,791933,0,678,0,791933
8542,전자집적회로,IN,인도,2026-01-01,854239,기타,14510673,312402,7329,125,14198271
8542,전자집적회로,IN,인도,2026-01-01,854290,부분품,5050,0,4,0,5050
8542,전자집적회로,IT,이탈리아,2026-01-01,854231,프로세서와 컨트롤러[메모리ㆍ변환기ㆍ논리회로ㆍ증폭기ㆍ클록(clock)ㆍ타이밍(timing) 회로나 그 밖의 회로를 갖춘 것인지는 상관없다],364050,8608390,144,423,-8244340
8542,전자집적회로,IT,이탈리아,2026-01-01,854232,메모리,73,0,1,0,73
8542,전자집적회로,IT,이탈리아,2026-01-01,854233,증폭기,55554,137289,11,61,-81735
8542,전자집적회로,IT,이탈리아,2026-01-01,854239,기타,117548,4862962,146,2391,-4745414
8542,전자집적회로,IT,이탈리아,2026-01-01,854290,부분품,10868,14505,26,29,-3637
8542,전자집적회로,JP,일본,2026-01-01,854231,프로세서와 컨트롤러[메모리ㆍ변환기ㆍ논리회로ㆍ증폭기ㆍ클록(clock)ㆍ타이밍(timing) 회로나 그 밖의 회로를 갖춘 것인지는 상관없다],35467230,390724247,10990,11529,-355257017
8542,전자집적회로,JP,일본,2026-01-01,854232,메모리,82061228,10337786,1439,665,71723442
8542,전자집적회로,JP,일본,2026-01-01,854233,증폭기,83505,130344,63,79,-46839
8542,전자집적회로,JP,일본,2026-01-01,854239,기타,3006809,106429445,3025,22440,-103422636
8542,전자집적회로,JP,일본,2026-01-01,854290,부분품,327723,637980,4001,1435,-310257
8542,전자집적회로,KG,키르기스스탄,2026-01-01,854231,프로세서와 컨트롤러[메모리ㆍ변환기ㆍ논리회로ㆍ증폭기ㆍ클록(clock)ㆍ타이밍(timing) 회로나 그 밖의 회로를 갖춘 것인지는 상관없다],0,100364,0,11,-100364
8542,전자집적회로,KW,쿠웨이트,2026-01-01,854232,메모리,0,10985,0,1,-10985
8542,전자집적회로,KW,쿠웨이트,2026-01-01,854239,기타,0,1882,0,5,-1882
8542,전자집적회로,LK,스리랑카,2026-01-01,854231,프로세서와 컨트롤러[메모리ㆍ변환기ㆍ논리회로ㆍ증폭기ㆍ클록(clock)ㆍ타이밍(timing) 회로나 그 밖의 회로를 갖춘 것인지는 상관없다],24000,610,17,2,23390
8542,전자집적회로,LT,리투아니아,2026-01-01,854231,프로세서와 컨트롤러[메모리ㆍ변환기ㆍ논리회로ㆍ증폭기ㆍ클록(clock)ㆍ타이밍(timing) 회로나 그 밖의 회로를 갖춘 것인지는 상관없다],0,340,0,0,-340
8542,전자집적회로,LT,리투아니아,2026-01-01,854239,기타,6384,0,2,0,6384
8542,전자집적회로,MA,모로코,2026-01-01,854231,프로세서와 컨트롤러[메모리ㆍ변환기ㆍ논리회로ㆍ증폭기ㆍ클록(clock)ㆍ타이밍(timing) 회로나 그 밖의 회로를 갖춘 것인지는 상관없다],0,3956,0,7,-3956
8542,전자집적회로,MA,모로코,2026-01-01,854233,증폭기,0,3207,0,20,-3207
8542,전자집적회로,MA,모로코,2026-01-01,854239,기타,0,234091,0,551,-234091
8542,전자집적회로,MM,미얀마,2026-01-01,854239,기타,0,104,0,0,-104
8542,전자집적회로,MT,몰타,2026-01-01,854231,프로세서와 컨트롤러[메모리ㆍ변환기ㆍ논리회로ㆍ증폭기ㆍ클록(clock)ㆍ타이밍(timing) 회로나 그 밖의 회로를 갖춘 것인지는 상관없다],5269637,33142027,4184,2893,-27872390
8542,전자집적회로,MT,몰타,2026-01-01,854233,증폭기,0,43,0,0,-43
8542,전자집적회로,MT,몰타,2026-01-01,854239,기타,24174,448213,99,84,-424039
8542,전자집적회로,MT,몰타,2026-01-01,854290,부분품,1237523,0,6401,0,1237523
8542,전자집적회로,MX,멕시코,2026-01-01,854231,프로세서와 컨트롤러[메모리ㆍ변환기ㆍ논리회로ㆍ증폭기ㆍ클록(clock)ㆍ타이밍(timing) 회로나 그 밖의 회로를 갖춘 것인지는 상관없다],14054327,113130,8348,38,13941197
8542,전자집적회로,MX,멕시코,2026-01-01,854232,메모리,12057689,2783,1034,7,12054906
8542,전자집적회로,MX,멕시코,2026-01-01,854233,증폭기,731808,1063551,123,564,-331743
8542,전자집적회로,MX,멕시코,2026-01-01,854239,기타,16594726,1992963,11129,5580,14601763
8542,전자집적회로,MX,멕시코,2026-01-01,854290,부분품,3328,0,1,0,3328
8542,전자집적회로,MY,말레이시아,2026-01-01,854231,프로세서와 컨트롤러[메모리ㆍ변환기ㆍ논리회로ㆍ증폭기ㆍ클록(clock)ㆍ타이밍(timing) 회로나 그 밖의 회로를 갖춘 것인지는 상관없다],110205493,99554063,43953,13261,10651430
8542,전자집적회로,MY,말레이시아,2026-01-01,854232,메모리,60063997,933471,1543,251,59130526
8542,전자집적회로,MY,말레이시아,2026-01-01,854233,증폭기,37438,2018570,26,1806,-1981132
8542,전자집적회로,MY,말레이시아,2026-01-01,854239,기타,30703474,48713656,26605,18352,-18010182
8542,전자집적회로,MY,말레이시아,2026-01-01,854290,부분품,5946125,1923,75306,6,5944202
8542,전자집적회로,NA,나미비아,2026-01-01,854232,메모리,0,229,0,0,-229
8542,전자집적회로,NG,나이지리아,2026-01-01,854231,프로세서와 컨트롤러[메모리ㆍ변환기ㆍ논리회로ㆍ증폭기ㆍ클록(clock)ㆍ타이밍(timing) 회로나 그 밖의 회로를 갖춘 것인지는 상관없다],173920,0,147,0,173920
8542,전자집적회로,NL,네덜란드,2026-01-01,854231,프로세서와 컨트롤러[메모리ㆍ변환기ㆍ논리회로ㆍ증폭기ㆍ클록(clock)ㆍ타이밍(timing) 회로나 그 밖의 회로를 갖춘 것인지는 상관없다],3497669,1703,1758,0,3495966
8542,전자집적회로,NL,네덜란드,2026-01-01,854232,메모리,10397176,2026306,388,507,8370870
8542,전자집적회로,NL,네덜란드,2026-01-01,854233,증폭기,1,14,4,1,-13
8542,전자집적회로,NL,네덜란드,2026-01-01,854239,기타,137256,41921,336,27,95335
8542,전자집적회로,NL,네덜란드,2026-01-01,854290,부분품,12415,12514,33,39,-99
8542,전자집적회로,NO,노르웨이,2026-01-01,854232,메모리,411,0,4,0,411
8542,전자집적회로,NO,노르웨이,2026-01-01,854233,증폭기,0,18440,0,178,-18440
8542,전자집적회로,NO,노르웨이,2026-01-01,854239,기타,1389,211,4,0,1178
8542,전자집적회로,NZ,뉴질랜드,2026-01-01,854239,기타,0,38094,0,2,-38094
8542,전자집적회로,PA,파나마,2026-01-01,854239,기타,15,0,0,0,15
8542,전자집적회로,PE,페루,2026-01-01,854239,기타,5,0,3,0,5
8542,전자집적회로,PH,필리핀,2026-01-01,854231,프로세서와 컨트롤러[메모리ㆍ변환기ㆍ논리회로ㆍ증폭기ㆍ클록(clock)ㆍ타이밍(timing) 회로나 그 밖의 회로를 갖춘 것인지는 상관없다],44078390,18722382,20882,8146,25356008
8542,전자집적회로,PH,필리핀,2026-01-01,854232,메모리,416677073,298559,8910,113,416378514
8542,전자집적회로,PH,필리핀,2026-01-01,854233,증폭기,16067,1099459,3,656,-1083392
8542,전자집적회로,PH,필리핀,2026-01-01,854239,기타,14663775,34302260,13888,10563,-19638485
8542,전자집적회로,PH,필리핀,2026-01-01,854290,부분품,3853544,107827,43021,4082,3745717
8542,전자집적회로,PL,폴란드,2026-01-01,854231,프로세서와 컨트롤러[메모리ㆍ변환기ㆍ논리회로ㆍ증폭기ㆍ클록(clock)ㆍ타이밍(timing) 회로나 그 밖의 회로를 갖춘 것인지는 상관없다],11231518,276,5011,0,11231242
8542,전자집적회로,PL,폴란드,2026-01-01,854232,메모리,7598202,0,867,0,7598202
8542,전자집적회로,PL,폴란드,2026-01-01,854233,증폭기,409406,0,331,0,409406
8542,전자집적회로,PL,폴란드,2026-01-01,854239,기타,5355873,60685,2047,2,5295188
8542,전자집적회로,PL,폴란드,2026-01-01,854290,부분품,0,107,0,0,-107
8542,전자집적회로,PT,포루투갈,2026-01-01,854231,프로세서와 컨트롤러[메모리ㆍ변환기ㆍ논리회로ㆍ증폭기ㆍ클록(clock)ㆍ타이밍(timing) 회로나 그 밖의 회로를 갖춘 것인지는 상관없다],7990828,109448,3483,1,7881380
8542,전자집적회로,PT,포루투갈,2026-01-01,854232,메모리,2033653,0,59,0,2033653
8542,전자집적회로,PT,포루투갈,2026-01-01,854239,기타,0,781053,0,51,-781053
8542,전자집적회로,PT,포루투갈,2026-01-01,854290,부분품,2531,0,38,0,2531
8542,전자집적회로,PY,파라과이,2026-01-01,854231,프로세서와 컨트롤러[메모리ㆍ변환기ㆍ논리회로ㆍ증폭기ㆍ클록(clock)ㆍ타이밍(timing) 회로나 그 밖의 회로를 갖춘 것인지는 상관없다],665,0,5,0,665
8542,전자집적회로,RO,루마니아,2026-01-01,854231,프로세서와 컨트롤러[메모리ㆍ변환기ㆍ논리회로ㆍ증폭기ㆍ클록(clock)ㆍ타이밍(timing) 회로나 그 밖의 회로를 갖춘 것인지는 상관없다],7341,51827,11,44,-44486
8542,전자집적회로,RO,루마니아,2026-01-01,854232,메모리,74,58,0,1,16
8542,전자집적회로,RO,루마니아,2026-01-01,854239,기타,246238,792,106,1,245446
8542,전자집적회로,RS,세르비아,2026-01-01,854231,프로세서와 컨트롤러[메모리ㆍ변환기ㆍ논리회로ㆍ증폭기ㆍ클록(clock)ㆍ타이밍(timing) 회로나 그 밖의 회로를 갖춘 것인지는 상관없다],105986,0,279,0,105986
8542,전자집적회로,RS,세르비아,2026-01-01,854239,기타,800609,0,791,0,800609
8542,전자집적회로,SA,사우디아라비아,2026-01-01,854239,기타,0,300,0,1,-300
8542,전자집적회로,SE,스웨덴,2026-01-01,854231,프로세서와 컨트롤러[메모리ㆍ변환기ㆍ논리회로ㆍ증폭기ㆍ클록(clock)ㆍ타이밍(timing) 회로나 그 밖의 회로를 갖춘 것인지는 상관없다],2857862,0,1015,0,2857862
8542,전자집적회로,SE,스웨덴,2026-01-01,854232,메모리,0,142,0,0,-142
8542,전자집적회로,SE,스웨덴,2026-01-01,854233,증폭기,110,0,0,0,110
8542,전자집적회로,SE,스웨덴,2026-01-01,854239,기타,374451,0,73,0,374451
8542,전자집적회로,SE,스웨덴,2026-01-01,854290,부분품,0,31109,0,5,-31109
8542,전자집적회로,SG,싱가포르,2026-01-01,854231,프로세서와 컨트롤러[메모리ㆍ변환기ㆍ논리회로ㆍ증폭기ㆍ클록(clock)ㆍ타이밍(timing) 회로나 그 밖의 회로를 갖춘 것인지는 상관없다],361176655,156938632,81309,9451,204238023
8542,전자집적회로,SG,싱가포르,2026-01-01,854232,메모리,29121808,126292015,421,1406,-97170207
8542,전자집적회로,SG,싱가포르,2026-01-01,854233,증폭기,24346,14657521,14,578,-14633175
8542,전자집적회로,SG,싱가포르,2026-01-01,854239,기타,5076743,33384029,22692,9022,-28307286
8542,전자집적회로,SG,싱가포르,2026-01-01,854290,부분품,931010,24834,19788,385,906176
8542,전자집적회로,SI,슬로베니아,2026-01-01,854231,프로세서와 컨트롤러[메모리ㆍ변환기ㆍ논리회로ㆍ증폭기ㆍ클록(clock)ㆍ타이밍(timing) 회로나 그 밖의 회로를 갖춘 것인지는 상관없다],0,8103,0,8,-8103
8542,전자집적회로,SI,슬로베니아,2026-01-01,854239,기타,0,42781,0,20,-42781
8542,전자집적회로,SK,슬로바키아,2026-01-01,854231,프로세서와 컨트롤러[메모리ㆍ변환기ㆍ논리회로ㆍ증폭기ㆍ클록(clock)ㆍ타이밍(timing) 회로나 그 밖의 회로를 갖춘 것인지는 상관없다],51468,0,79,0,51468
8542,전자집적회로,SK,슬로바키아,2026-01-01,854232,메모리,826750,0,78,0,826750
8542,전자집적회로,SK,슬로바키아,2026-01-01,854233,증폭기,32171,0,29,0,32171
8542,전자집적회로,SK,슬로바키아,2026-01-01,854239,기타,92636,56,499,0,92580
8542,전자집적회로,SV,엘살바도르,2026-01-01,854239,기타,0,3054,0,2,-3054
8542,전자집적회로,TH,태국,2026-01-01,854231,프로세서와 컨트롤러[메모리ㆍ변환기ㆍ논리회로ㆍ증폭기ㆍ클록(clock)ㆍ타이밍(timing) 회로나 그 밖의 회로를 갖춘 것인지는 상관없다],34500597,13821197,16637,8380,20679400
8542,전자집적회로,TH,태국,2026-01-01,854232,메모리,237804614,2203232,1810,486,235601382
8542,전자집적회로,TH,태국,2026-01-01,854233,증폭기,15979,933680,30,327,-917701
8542,전자집적회로,TH,태국,2026-01-01,854239,기타,8496828,30582886,6983,12403,-22086058
8542,전자집적회로,TH,태국,2026-01-01,854290,부분품,5563705,28,66858,16,5563677
8542,전자집적회로,TR,튀르키예,2026-01-01,854231,프로세서와 컨트롤러[메모리ㆍ변환기ㆍ논리회로ㆍ증폭기ㆍ클록(clock)ㆍ타이밍(timing) 회로나 그 밖의 회로를 갖춘 것인지는 상관없다],1629539,0,66,0,1629539
8542,전자집적회로,TR,튀르키예,2026-01-01,854232,메모리,5219284,360652,128,20,4858632
8542,전자집적회로,TR,튀르키예,2026-01-01,854233,증폭기,242396,0,81,0,242396
8542,전자집적회로,TR,튀르키예,2026-01-01,854239,기타,1521297,6460,331,2,1514837
8542,전자집적회로,TW,대만,2026-01-01,854231,프로세서와 컨트롤러[메모리ㆍ변환기ㆍ논리회로ㆍ증폭기ㆍ클록(clock)ㆍ타이밍(timing) 회로나 그 밖의 회로를 갖춘 것인지는 상관없다],307731737,1686221869,82018,107479,-1378490132
8542,전자집적회로,TW,대만,2026-01-01,854232,메모리,2468637077,270827437,27456,14400,2197809640
8542,전자집적회로,TW,대만,2026-01-01,854233,증폭기,31685,3590820,18,1496,-3559135
8542,전자집적회로,TW,대만,2026-01-01,854239,기타,102499066,252149051,20049,50338,-149649985
8542,전자집적회로,TW,대만,2026-01-01,854290,부분품,6275674,416463,69939,897,5859211
8542,전자집적회로,US,미국,2026-01-01,854231,프로세서와 컨트롤러[메모리ㆍ변환기ㆍ논리회로ㆍ증폭기ㆍ클록(clock)ㆍ타이밍(timing) 회로나 그 밖의 회로를 갖춘 것인지는 상관없다],43413385,141114948,13417,9817,-97701563
8542,전자집적회로,US,미국,2026-01-01,854232,메모리,88281524,3750907,1909,608,84530617
8542,전자집적회로,US,미국,2026-01-01,854233,증폭기,181168,375238,74,72,-194070
8542,전자집적회로,US,미국,2026-01-01,854239,기타,5879605,61506031,6852,7309,-55626426
8542,전자집적회로,US,미국,2026-01-01,854290,부분품,798361,130219,533,119,668142
8542,전자집적회로,UZ,우즈베키스탄,2026-01-01,854231,프로세서와 컨트롤러[메모리ㆍ변환기ㆍ논리회로ㆍ증폭기ㆍ클록(clock)ㆍ타이밍(timing) 회로나 그 밖의 회로를 갖춘 것인지는 상관없다],4800,0,2,0,4800
8542,전자집적회로,VA,교황청,2026-01-01,854239,기타,0,497,0,0,-497
8542,전자집적회로,VN,베트남,2026-01-01,854231,프로세서와 컨트롤러[메모리ㆍ변환기ㆍ논리회로ㆍ증폭기ㆍ클록(clock)ㆍ타이밍(timing) 회로나 그 밖의 회로를 갖춘 것인지는 상관없다],1130135937,8802098,106011,7222,1121333839
8542,전자집적회로,VN,베트남,2026-01-01,854232,메모리,1199864378,9726080,42396,913,1190138298
8542,전자집적회로,VN,베트남,2026-01-01,854233,증폭기,10516856,2899,3928,4,10513957
8542,전자집적회로,VN,베트남,2026-01-01,854239,기타,287297176,1869430,62587,765,285427746
8542,전자집적회로,VN,베트남,2026-01-01,854290,부분품,1352789,0,2565,0,1352789
8542,전자집적회로,ZA,남아프리카공화국,2026-01-01,854231,프로세서와 컨트롤러[메모리ㆍ변환기ㆍ논리회로ㆍ증폭기ㆍ클록(clock)ㆍ타이밍(timing) 회로나 그 밖의 회로를 갖춘 것인지는 상관없다],245786,0,13,0,245786
8542,전자집적회로,ZA,남아프리카공화국,2026-01-01,854232,메모리,41892,0,6,0,41892
8542,전자집적회로,ZA,남아프리카공화국,2026-01-01,854239,기타,24520,0,58,0,24520
8542,전자집적회로,AE,아랍에미리트 연합,2026-02-01,854231,프로세서와 컨트롤러[메모리ㆍ변환기ㆍ논리회로ㆍ증폭기ㆍ클록(clock)ㆍ타이밍(timing) 회로나 그 밖의 회로를 갖춘 것인지는 상관없다],111420,0,66,0,111420
8542,전자집적회로,AE,아랍에미리트 연합,2026-02-01,854239,기타,126109,0,32,0,126109
8542,전자집적회로,AR,아르헨티나,2026-02-01,854231,프로세서와 컨트롤러[메모리ㆍ변환기ㆍ논리회로ㆍ증폭기ㆍ클록(clock)ㆍ타이밍(timing) 회로나 그 밖의 회로를 갖춘 것인지는 상관없다],84276,0,205,0,84276
8542,전자집적회로,AR,아르헨티나,2026-02-01,854239,기타,648227,0,1486,0,648227
8542,전자집적회로,AT,오스트리아,2026-02-01,854231,프로세서와 컨트롤러[메모리ㆍ변환기ㆍ논리회로ㆍ증폭기ㆍ클록(clock)ㆍ타이밍(timing) 회로나 그 밖의 회로를 갖춘 것인지는 상관없다],10250406,139817,4011,37,10110589
8542,전자집적회로,AT,오스트리아,2026-02-01,854232,메모리,17414185,0,492,0,17414185
8542,전자집적회로,AT,오스트리아,2026-02-01,854233,증폭기,4017,0,6,0,4017
8542,전자집적회로,AT,오스트리아,2026-02-01,854239,기타,127642,761263,163,197,-633621
8542,전자집적회로,AU,호주,2026-02-01,854231,프로세서와 컨트롤러[메모리ㆍ변환기ㆍ논리회로ㆍ증폭기ㆍ클록(clock)ㆍ타이밍(timing) 회로나 그 밖의 회로를 갖춘 것인지는 상관없다],3001,324,3,0,2677
8542,전자집적회로,AU,호주,2026-02-01,854232,메모리,126,0,1,0,126
8542,전자집적회로,AU,호주,2026-02-01,854233,증폭기,0,1524,0,2,-1524
8542,전자집적회로,AU,호주,2026-02-01,854239,기타,2720,7556,4,7,-4836
8542,전자집적회로,BD,방글라데시,2026-02-01,854231,프로세서와 컨트롤러[메모리ㆍ변환기ㆍ논리회로ㆍ증폭기ㆍ클록(clock)ㆍ타이밍(timing) 회로나 그 밖의 회로를 갖춘 것인지는 상관없다],3227,0,26,0,3227
8542,전자집적회로,BE,벨기에,2026-02-01,854231,프로세서와 컨트롤러[메모리ㆍ변환기ㆍ논리회로ㆍ증폭기ㆍ클록(clock)ㆍ타이밍(timing) 회로나 그 밖의 회로를 갖춘 것인지는 상관없다],923675,1801,118,2,921874
8542,전자집적회로,BE,벨기에,2026-02-01,854232,메모리,36,0,0,0,36
8542,전자집적회로,BE,벨기에,2026-02-01,854239,기타,36511,40186,14,15,-3675
8542,전자집적회로,BE,벨기에,2026-02-01,854290,부분품,0,5459,0,4,-5459
8542,전자집적회로,BG,불가리아,2026-02-01,854232,메모리,492,0,0,0,492
8542,전자집적회로,BG,불가리아,2026-02-01,854239,기타,0,922,0,0,-922
8542,전자집적회로,BR,브라질,2026-02-01,854231,프로세서와 컨트롤러[메모리ㆍ변환기ㆍ논리회로ㆍ증폭기ㆍ클록(clock)ㆍ타이밍(timing) 회로나 그 밖의 회로를 갖춘 것인지는 상관없다],45145750,42,4117,0,45145708
8542,전자집적회로,BR,브라질,2026-02-01,854232,메모리,98518271,3403,1854,3,98514868
8542,전자집적회로,BR,브라질,2026-02-01,854233,증폭기,191580,1805,295,0,189775
8542,전자집적회로,BR,브라질,2026-02-01,854239,기타,4916269,18509,2295,3,4897760
8542,전자집적회로,BY,벨라루스,2026-02-01,854239,기타,0,158275,0,60,-158275
8542,전자집적회로,CA,캐나다,2026-02-01,854231,프로세서와 컨트롤러[메모리ㆍ변환기ㆍ논리회로ㆍ증폭기ㆍ클록(clock)ㆍ타이밍(timing) 회로나 그 밖의 회로를 갖춘 것인지는 상관없다],2777075,2122,142,5,2774953
8542,전자집적회로,CA,캐나다,2026-02-01,854232,메모리,23083057,0,149,0,23083057
8542,전자집적회로,CA,캐나다,2026-02-01,854239,기타,20740,447848,6,48,-427108
8542,전자집적회로,CA,캐나다,2026-02-01,854290,부분품,33934,0,27,0,33934
8542,전자집적회로,CH,스위스,2026-02-01,854231,프로세서와 컨트롤러[메모리ㆍ변환기ㆍ논리회로ㆍ증폭기ㆍ클록(clock)ㆍ타이밍(timing) 회로나 그 밖의 회로를 갖춘 것인지는 상관없다],124725,102225,12,90,22500
8542,전자집적회로,CH,스위스,2026-02-01,854232,메모리,119,107,0,0,12
8542,전자집적회로,CH,스위스,2026-02-01,854233,증폭기,179,2941,1,3,-2762
8542,전자집적회로,CH,스위스,2026-02-01,854239,기타,535,892897,1,137,-892362
8542,전자집적회로,CM,카메룬,2026-02-01,854239,기타,0,92,0,0,-92
8542,전자집적회로,CN,중국,2026-02-01,854231,프로세서와 컨트롤러[메모리ㆍ변환기ㆍ논리회로ㆍ증폭기ㆍ클록(clock)ㆍ타이밍(timing) 회로나 그 밖의 회로를 갖춘 것인지는 상관없다],702591210,176231316,120774,52787,526359894
8542,전자집적회로,CN,중국,2026-02-01,854232,메모리,5598712843,1941961955,105994,48806,3656750888
8542,전자집적회로,CN,중국,2026-02-01,854233,증폭기,559961,5327678,713,1045,-4767717
8542,전자집적회로,CN,중국,2026-02-01,854239,기타,119870438,100247811,50036,74565,19622627
8542,전자집적회로,CN,중국,2026-02-01,854290,부분품,7213869,635477,73874,7663,6578392
8542,전자집적회로,CO,콜롬비아,2026-02-01,854232,메모리,4,0,0,0,4
8542,전자집적회로,CR,코스타리카,2026-02-01,854231,프로세서와 컨트롤러[메모리ㆍ변환기ㆍ논리회로ㆍ증폭기ㆍ클록(clock)ㆍ타이밍(timing) 회로나 그 밖의 회로를 갖춘 것인지는 상관없다],36350,737061,150,66,-700711
8542,전자집적회로,CY,사이프러스,2026-02-01,854232,메모리,14,0,0,0,14
8542,전자집적회로,CZ,체코공화국,2026-02-01,854231,프로세서와 컨트롤러[메모리ㆍ변환기ㆍ논리회로ㆍ증폭기ㆍ클록(clock)ㆍ타이밍(timing) 회로나 그 밖의 회로를 갖춘 것인지는 상관없다],6239607,99,2612,0,6239508
8542,전자집적회로,CZ,체코공화국,2026-02-01,854232,메모리,2684360,0,930,0,2684360
8542,전자집적회로,CZ,체코공화국,2026-02-01,854233,증폭기,287576,5203,19,8,282373
8542,전자집적회로,CZ,체코공화국,2026-02-01,854239,기타,883850,80815,295,237,803035
8542,전자집적회로,CZ,체코공화국,2026-02-01,854290,부분품,0,1159,0,2,-1159
8542,전자집적회로,DE,독일,2026-02-01,854231,프로세서와 컨트롤러[메모리ㆍ변환기ㆍ논리회로ㆍ증폭기ㆍ클록(clock)ㆍ타이밍(timing) 회로나 그 밖의 회로를 갖춘 것인지는 상관없다],2357646,25824244,711,2049,-23466598
8542,전자집적회로,DE,독일,2026-02-01,854232,메모리,31180185,7309,925,24,31172876
8542,전자집적회로,DE,독일,2026-02-01,854233,증폭기,123849,36504,43,13,87345
8542,전자집적회로,DE,독일,2026-02-01,854239,기타,10010923,15273865,12994,2238,-5262942
8542,전자집적회로,DE,독일,2026-02-01,854290,부분품,0,222526,0,490,-222526
8542,전자집적회로,DK,덴마크,2026-02-01,854231,프로세서와 컨트롤러[메모리ㆍ변환기ㆍ논리회로ㆍ증폭기ㆍ클록(clock)ㆍ타이밍(timing) 회로나 그 밖의 회로를 갖춘 것인지는 상관없다],1660,0,0,0,1660
8542,전자집적회로,DK,덴마크,2026-02-01,854232,메모리,64,416,0,1,-352
8542,전자집적회로,DK,덴마크,2026-02-01,854239,기타,37462,0,121,0,37462
8542,전자집적회로,DK,덴마크,2026-02-01,854290,부분품,0,276,0,1,-276
8542,전자집적회로,DO,도미니카 공화국,2026-02-01,854239,기타,0,29,0,0,-29
8542,전자집적회로,EE,에스토니아,2026-02-01,854231,프로세서와 컨트롤러[메모리ㆍ변환기ㆍ논리회로ㆍ증폭기ㆍ클록(clock)ㆍ타이밍(timing) 회로나 그 밖의 회로를 갖춘 것인지는 상관없다],10660,0,19,0,10660
8542,전자집적회로,EG,이집트,2026-02-01,854231,프로세서와 컨트롤러[메모리ㆍ변환기ㆍ논리회로ㆍ증폭기ㆍ클록(clock)ㆍ타이밍(timing) 회로나 그 밖의 회로를 갖춘 것인지는 상관없다],3521828,0,586,0,3521828
8542,전자집적회로,EG,이집트,2026-02-01,854232,메모리,7588385,0,240,0,7588385
8542,전자집적회로,EG,이집트,2026-02-01,854233,증폭기,85718,0,25,0,85718
8542,전자집적회로,EG,이집트,2026-02-01,854239,기타,1207284,0,208,0,1207284
8542,전자집적회로,ES,스페인,2026-02-01,854231,프로세서와 컨트롤러[메모리ㆍ변환기ㆍ논리회로ㆍ증폭기ㆍ클록(clock)ㆍ타이밍(timing) 회로나 그 밖의 회로를 갖춘 것인지는 상관없다],11920,44413,3,7,-32493
8542,전자집적회로,ES,스페인,2026-02-01,854232,메모리,197603,1477,14,4,196126
8542,전자집적회로,ES,스페인,2026-02-01,854233,증폭기,1678,0,2,0,1678
8542,전자집적회로,ES,스페인,2026-02-01,854239,기타,324,150425,6,16,-150101
8542,전자집적회로,ES,스페인,2026-02-01,854290,부분품,67734,0,16,0,67734
8542,전자집적회로,ET,에티오피아,2026-02-01,854232,메모리,0,9,0,0,-9
8542,전자집적회로,FI,핀란드,2026-02-01,854231,프로세서와 컨트롤러[메모리ㆍ변환기ㆍ논리회로ㆍ증폭기ㆍ클록(clock)ㆍ타이밍(timing) 회로나 그 밖의 회로를 갖춘 것인지는 상관없다],54679,0,14,0,54679
8542,전자집적회로,FI,핀란드,2026-02-01,854233,증폭기,530,0,0,0,530
8542,전자집적회로,FI,핀란드,2026-02-01,854239,기타,34003,571,11,1,33432
8542,전자집적회로,FI,핀란드,2026-02-01,854290,부분품,203087,118,756,0,202969
8542,전자집적회로,FR,프랑스,2026-02-01,854231,프로세서와 컨트롤러[메모리ㆍ변환기ㆍ논리회로ㆍ증폭기ㆍ클록(clock)ㆍ타이밍(timing) 회로나 그 밖의 회로를 갖춘 것인지는 상관없다],13014987,39885236,1862,3154,-26870249
8542,전자집적회로,FR,프랑스,2026-02-01,854232,메모리,16190,909374,15,393,-893184
8542,전자집적회로,FR,프랑스,2026-02-01,854233,증폭기,4927,99118,2,8,-94191
8542,전자집적회로,FR,프랑스,2026-02-01,854239,기타,112935,3284809,85,454,-3171874
8542,전자집적회로,FR,프랑스,2026-02-01,854290,부분품,0,104,0,0,-104
8542,전자집적회로,GB,영국,2026-02-01,854231,프로세서와 컨트롤러[메모리ㆍ변환기ㆍ논리회로ㆍ증폭기ㆍ클록(clock)ㆍ타이밍(timing) 회로나 그 밖의 회로를 갖춘 것인지는 상관없다],236231,178242,152,284,57989
8542,전자집적회로,GB,영국,2026-02-01,854232,메모리,1030509,15352,13,8,1015157
8542,전자집적회로,GB,영국,2026-02-01,854233,증폭기,0,2319,0,1,-2319
8542,전자집적회로,GB,영국,2026-02-01,854239,기타,73220,203742,56,53,-130522
8542,전자집적회로,GB,영국,2026-02-01,854290,부분품,3325,5674,4,12,-2349
8542,전자집적회로,GR,그리스,2026-02-01,854232,메모리,46,0,0,0,46
8542,전자집적회로,HK,홍콩,2026-02-01,854231,프로세서와 컨트롤러[메모리ㆍ변환기ㆍ논리회로ㆍ증폭기ㆍ클록(clock)ㆍ타이밍(timing) 회로나 그 밖의 회로를 갖춘 것인지는 상관없다],77620461,9140872,40453,3025,68479589
8542,전자집적회로,HK,홍콩,2026-02-01,854232,메모리,3024914838,7950881,80698,1364,3016963957
8542,전자집적회로,HK,홍콩,2026-02-01,854233,증폭기,937942,82835,1010,63,855107
8542,전자집적회로,HK,홍콩,2026-02-01,854239,기타,122112167,6961475,29594,3956,115150692
8542,전자집적회로,HK,홍콩,2026-02-01,854290,부분품,322845,2910,3415,0,319935
8542,전자집적회로,HR,크로아티아,2026-02-01,854239,기타,0,1134,0,2,-1134
8542,전자집적회로,HU,헝가리,2026-02-01,854231,프로세서와 컨트롤러[메모리ㆍ변환기ㆍ논리회로ㆍ증폭기ㆍ클록(clock)ㆍ타이밍(timing) 회로나 그 밖의 회로를 갖춘 것인지는 상관없다],1318173,7751,259,9,1310422
8542,전자집적회로,HU,헝가리,2026-02-01,854232,메모리,6290348,0,135,0,6290348
8542,전자집적회로,HU,헝가리,2026-02-01,854233,증폭기,71807,1095,2,1,70712
8542,전자집적회로,HU,헝가리,2026-02-01,854239,기타,282,29972,2,65,-29690
8542,전자집적회로,ID,인도네시아,2026-02-01,854231,프로세서와 컨트롤러[메모리ㆍ변환기ㆍ논리회로ㆍ증폭기ㆍ클록(clock)ㆍ타이밍(timing) 회로나 그 밖의 회로를 갖춘 것인지는 상관없다],25503511,1629832,4764,1114,23873679
8542,전자집적회로,ID,인도네시아,2026-02-01,854232,메모리,58370788,0,1790,0,58370788
8542,전자집적회로,ID,인도네시아,2026-02-01,854233,증폭기,79004,0,72,0,79004
8542,전자집적회로,ID,인도네시아,2026-02-01,854239,기타,5317784,2751855,2666,1346,2565929
8542,전자집적회로,ID,인도네시아,2026-02-01,854290,부분품,22841,233,422,4,22608
8542,전자집적회로,IE,아일랜드,2026-02-01,854231,프로세서와 컨트롤러[메모리ㆍ변환기ㆍ논리회로ㆍ증폭기ㆍ클록(clock)ㆍ타이밍(timing) 회로나 그 밖의 회로를 갖춘 것인지는 상관없다],28087,668249,14,55,-640162
8542,전자집적회로,IE,아일랜드,2026-02-01,854233,증폭기,0,3437,0,0,-3437
8542,전자집적회로,IE,아일랜드,2026-02-01,854239,기타,36299,29357,7,11,6942
8542,전자집적회로,IL,이스라엘,2026-02-01,854231,프로세서와 컨트롤러[메모리ㆍ변환기ㆍ논리회로ㆍ증폭기ㆍ클록(clock)ㆍ타이밍(timing) 회로나 그 밖의 회로를 갖춘 것인지는 상관없다],2209596,66134,1385,46,2143462
8542,전자집적회로,IL,이스라엘,2026-02-01,854232,메모리,28731,7151,9,5,21580
8542,전자집적회로,IL,이스라엘,2026-02-01,854233,증폭기,19311,0,36,0,19311
8542,전자집적회로,IL,이스라엘,2026-02-01,854239,기타,21817,321076,39,39,-299259
8542,전자집적회로,IL,이스라엘,2026-02-01,854290,부분품,129,179552,2,6,-179423
8542,전자집적회로,IN,인도,2026-02-01,854231,프로세서와 컨트롤러[메모리ㆍ변환기ㆍ논리회로ㆍ증폭기ㆍ클록(clock)ㆍ타이밍(timing) 회로나 그 밖의 회로를 갖춘 것인지는 상관없다],139293729,23793,29955,10,139269936
8542,전자집적회로,IN,인도,2026-02-01,854232,메모리,209553510,0,2756,0,209553510
8542,전자집적회로,IN,인도,2026-02-01,854233,증폭기,697131,133,757,1,696998
8542,전자집적회로,IN,인도,2026-02-01,854239,기타,20833118,48506,8662,100,20784612
8542,전자집적회로,IN,인도,2026-02-01,854290,부분품,3024,304,3,1,2720
8542,전자집적회로,IT,이탈리아,2026-02-01,854231,프로세서와 컨트롤러[메모리ㆍ변환기ㆍ논리회로ㆍ증폭기ㆍ클록(clock)ㆍ타이밍(timing) 회로나 그 밖의 회로를 갖춘 것인지는 상관없다],799315,10655151,232,1150,-9855836
8542,전자집적회로,IT,이탈리아,2026-02-01,854232,메모리,0,425,0,1,-425
8542,전자집적회로,IT,이탈리아,2026-02-01,854233,증폭기,28562,60735,4,40,-32173
8542,전자집적회로,IT,이탈리아,2026-02-01,854239,기타,102899,5316258,189,2059,-5213359
8542,전자집적회로,IT,이탈리아,2026-02-01,854290,부분품,1040,25538,9,44,-24498
8542,전자집적회로,JP,일본,2026-02-01,854231,프로세서와 컨트롤러[메모리ㆍ변환기ㆍ논리회로ㆍ증폭기ㆍ클록(clock)ㆍ타이밍(timing) 회로나 그 밖의 회로를 갖춘 것인지는 상관없다],29487346,388255046,11173,11987,-358767700
8542,전자집적회로,JP,일본,2026-02-01,854232,메모리,94528804,42521645,1624,706,52007159
8542,전자집적회로,JP,일본,2026-02-01,854233,증폭기,17472,71022,76,34,-53550
8542,전자집적회로,JP,일본,2026-02-01,854239,기타,1918810,96434829,2067,26632,-94516019
8542,전자집적회로,JP,일본,2026-02-01,854290,부분품,189694,812491,1962,5847,-622797
8542,전자집적회로,KW,쿠웨이트,2026-02-01,854232,메모리,0,216,0,1,-216
8542,전자집적회로,LT,리투아니아,2026-02-01,854233,증폭기,4234,0,0,0,4234
8542,전자집적회로,LV,라트비아,2026-02-01,854231,프로세서와 컨트롤러[메모리ㆍ변환기ㆍ논리회로ㆍ증폭기ㆍ클록(clock)ㆍ타이밍(timing) 회로나 그 밖의 회로를 갖춘 것인지는 상관없다],14282,0,16,0,14282
8542,전자집적회로,MA,모로코,2026-02-01,854231,프로세서와 컨트롤러[메모리ㆍ변환기ㆍ논리회로ㆍ증폭기ㆍ클록(clock)ㆍ타이밍(timing) 회로나 그 밖의 회로를 갖춘 것인지는 상관없다],0,4232,0,6,-4232
8542,전자집적회로,MA,모로코,2026-02-01,854233,증폭기,0,344,0,1,-344
8542,전자집적회로,MA,모로코,2026-02-01,854239,기타,0,175852,0,443,-175852
8542,전자집적회로,MA,모로코,2026-02-01,854290,부분품,12655,0,175,0,12655
8542,전자집적회로,MO,마카오,2026-02-01,854239,기타,0,76,0,0,-76
8542,전자집적회로,MT,몰타,2026-02-01,854231,프로세서와 컨트롤러[메모리ㆍ변환기ㆍ논리회로ㆍ증폭기ㆍ클록(clock)ㆍ타이밍(timing) 회로나 그 밖의 회로를 갖춘 것인지는 상관없다],7808099,15390019,5803,1530,-7581920
8542,전자집적회로,MT,몰타,2026-02-01,854239,기타,51629,650,207,0,50979
8542,전자집적회로,MT,몰타,2026-02-01,854290,부분품,976817,98,5841,0,976719
8542,전자집적회로,MX,멕시코,2026-02-01,854231,프로세서와 컨트롤러[메모리ㆍ변환기ㆍ논리회로ㆍ증폭기ㆍ클록(clock)ㆍ타이밍(timing) 회로나 그 밖의 회로를 갖춘 것인지는 상관없다],13191854,1845651,7968,676,11346203
8542,전자집적회로,MX,멕시코,2026-02-01,854232,메모리,27184708,9768,1908,5,27174940
8542,전자집적회로,MX,멕시코,2026-02-01,854233,증폭기,607310,2108497,203,621,-1501187
8542,전자집적회로,MX,멕시코,2026-02-01,854239,기타,13523833,1144904,7856,1864,12378929
8542,전자집적회로,MX,멕시코,2026-02-01,854290,부분품,1506,0,4,0,1506
8542,전자집적회로,MY,말레이시아,2026-02-01,854231,프로세서와 컨트롤러[메모리ㆍ변환기ㆍ논리회로ㆍ증폭기ㆍ클록(clock)ㆍ타이밍(timing) 회로나 그 밖의 회로를 갖춘 것인지는 상관없다],120462860,109542221,40498,14989,10920639
8542,전자집적회로,MY,말레이시아,2026-02-01,854232,메모리,910952085,1651515,4112,262,909300570
8542,전자집적회로,MY,말레이시아,2026-02-01,854233,증폭기,3989,1866174,1,1826,-1862185
8542,전자집적회로,MY,말레이시아,2026-02-01,854239,기타,18758830,42412217,23051,15672,-23653387
8542,전자집적회로,MY,말레이시아,2026-02-01,854290,부분품,5173242,25898,72159,655,5147344
8542,전자집적회로,NA,나미비아,2026-02-01,854231,프로세서와 컨트롤러[메모리ㆍ변환기ㆍ논리회로ㆍ증폭기ㆍ클록(clock)ㆍ타이밍(timing) 회로나 그 밖의 회로를 갖춘 것인지는 상관없다],0,67240,0,2,-67240
8542,전자집적회로,NA,나미비아,2026-02-01,854232,메모리,0,1539,0,0,-1539
8542,전자집적회로,NA,나미비아,2026-02-01,854239,기타,0,2961,0,1,-2961
8542,전자집적회로,NL,네덜란드,2026-02-01,854231,프로세서와 컨트롤러[메모리ㆍ변환기ㆍ논리회로ㆍ증폭기ㆍ클록(clock)ㆍ타이밍(timing) 회로나 그 밖의 회로를 갖춘 것인지는 상관없다],4000285,101325,1577,5,3898960
8542,전자집적회로,NL,네덜란드,2026-02-01,854232,메모리,14811915,1829,423,110,14810086
8542,전자집적회로,NL,네덜란드,2026-02-01,854233,증폭기,0,295212,0,1,-295212
8542,전자집적회로,NL,네덜란드,2026-02-01,854239,기타,79052,35771,95,21,43281
8542,전자집적회로,NO,노르웨이,2026-02-01,854233,증폭기,0,11977,0,92,-11977
8542,전자집적회로,PH,필리핀,2026-02-01,854231,프로세서와 컨트롤러[메모리ㆍ변환기ㆍ논리회로ㆍ증폭기ㆍ클록(clock)ㆍ타이밍(timing) 회로나 그 밖의 회로를 갖춘 것인지는 상관없다],44086263,16729830,24631,9359,27356433
8542,전자집적회로,PH,필리핀,2026-02-01,854232,메모리,392757351,576399,7492,236,392180952
8542,전자집적회로,PH,필리핀,2026-02-01,854233,증폭기,6460,568681,1,529,-562221
8542,전자집적회로,PH,필리핀,2026-02-01,854239,기타,12830198,29269156,12522,8105,-16438958
8542,전자집적회로,PH,필리핀,2026-02-01,854290,부분품,4583595,149369,50340,6014,4434226
8542,전자집적회로,PK,파키스탄,2026-02-01,854231,프로세서와 컨트롤러[메모리ㆍ변환기ㆍ논리회로ㆍ증폭기ㆍ클록(clock)ㆍ타이밍(timing) 회로나 그 밖의 회로를 갖춘 것인지는 상관없다],120979,0,546,0,120979
8542,전자집적회로,PK,파키스탄,2026-02-01,854239,기타,182,2,3,0,180
8542,전자집적회로,PL,폴란드,2026-02-01,854231,프로세서와 컨트롤러[메모리ㆍ변환기ㆍ논리회로ㆍ증폭기ㆍ클록(clock)ㆍ타이밍(timing) 회로나 그 밖의 회로를 갖춘 것인지는 상관없다],11027538,28173,3750,11,10999365
8542,전자집적회로,PL,폴란드,2026-02-01,854232,메모리,10255214,0,1598,0,10255214
8542,전자집적회로,PL,폴란드,2026-02-01,854233,증폭기,937414,0,853,0,937414
8542,전자집적회로,PL,폴란드,2026-02-01,854239,기타,6743160,1039,2403,3,6742121
8542,전자집적회로,PL,폴란드,2026-02-01,854290,부분품,0,24,0,1,-24
8542,전자집적회로,PR,푸에르토리코,2026-02-01,854231,프로세서와 컨트롤러[메모리ㆍ변환기ㆍ논리회로ㆍ증폭기ㆍ클록(clock)ㆍ타이밍(timing) 회로나 그 밖의 회로를 갖춘 것인지는 상관없다],7473,0,11,0,7473
8542,전자집적회로,PT,포루투갈,2026-02-01,854231,프로세서와 컨트롤러[메모리ㆍ변환기ㆍ논리회로ㆍ증폭기ㆍ클록(clock)ㆍ타이밍(timing) 회로나 그 밖의 회로를 갖춘 것인지는 상관없다],4647513,829133,1760,36,3818380
8542,전자집적회로,PT,포루투갈,2026-02-01,854232,메모리,5583053,0,125,0,5583053
8542,전자집적회로,PT,포루투갈,2026-02-01,854239,기타,10,793475,1,15,-793465
8542,전자집적회로,PT,포루투갈,2026-02-01,854290,부분품,4587,0,68,0,4587
8542,전자집적회로,RO,루마니아,2026-02-01,854231,프로세서와 컨트롤러[메모리ㆍ변환기ㆍ논리회로ㆍ증폭기ㆍ클록(clock)ㆍ타이밍(timing) 회로나 그 밖의 회로를 갖춘 것인지는 상관없다],39700,20105,136,25,19595
8542,전자집적회로,RO,루마니아,2026-02-01,854232,메모리,0,706,0,5,-706
8542,전자집적회로,RO,루마니아,2026-02-01,854233,증폭기,2432,0,3,0,2432
8542,전자집적회로,RO,루마니아,2026-02-01,854239,기타,82921,59,37,0,82862
8542,전자집적회로,RS,세르비아,2026-02-01,854231,프로세서와 컨트롤러[메모리ㆍ변환기ㆍ논리회로ㆍ증폭기ㆍ클록(clock)ㆍ타이밍(timing) 회로나 그 밖의 회로를 갖춘 것인지는 상관없다],775871,0,213,0,775871
8542,전자집적회로,RS,세르비아,2026-02-01,854232,메모리,70,0,0,0,70
8542,전자집적회로,RS,세르비아,2026-02-01,854239,기타,750730,0,786,0,750730
8542,전자집적회로,SA,사우디아라비아,2026-02-01,854239,기타,2700,0,32,0,2700
8542,전자집적회로,SE,스웨덴,2026-02-01,854231,프로세서와 컨트롤러[메모리ㆍ변환기ㆍ논리회로ㆍ증폭기ㆍ클록(clock)ㆍ타이밍(timing) 회로나 그 밖의 회로를 갖춘 것인지는 상관없다],3106860,17872,1136,2,3088988
8542,전자집적회로,SE,스웨덴,2026-02-01,854232,메모리,1267,0,3,0,1267
8542,전자집적회로,SE,스웨덴,2026-02-01,854233,증폭기,2633,487,1,0,2146
8542,전자집적회로,SE,스웨덴,2026-02-01,854239,기타,2300,1420,2,0,880
8542,전자집적회로,SG,싱가포르,2026-02-01,854231,프로세서와 컨트롤러[메모리ㆍ변환기ㆍ논리회로ㆍ증폭기ㆍ클록(clock)ㆍ타이밍(timing) 회로나 그 밖의 회로를 갖춘 것인지는 상관없다],349932641,194952752,69767,11702,154979889
8542,전자집적회로,SG,싱가포르,2026-02-01,854232,메모리,475564320,157686101,3232,2114,317878219
8542,전자집적회로,SG,싱가포르,2026-02-01,854233,증폭기,1647,2860020,1,155,-2858373
8542,전자집적회로,SG,싱가포르,2026-02-01,854239,기타,5616910,18673577,29429,6395,-13056667
8542,전자집적회로,SG,싱가포르,2026-02-01,854290,부분품,500124,7409,9201,97,492715
8542,전자집적회로,SI,슬로베니아,2026-02-01,854231,프로세서와 컨트롤러[메모리ㆍ변환기ㆍ논리회로ㆍ증폭기ㆍ클록(clock)ㆍ타이밍(timing) 회로나 그 밖의 회로를 갖춘 것인지는 상관없다],178,4389,0,2,-4211
8542,전자집적회로,SI,슬로베니아,2026-02-01,854239,기타,0,9653,0,4,-9653
8542,전자집적회로,SK,슬로바키아,2026-02-01,854231,프로세서와 컨트롤러[메모리ㆍ변환기ㆍ논리회로ㆍ증폭기ㆍ클록(clock)ㆍ타이밍(timing) 회로나 그 밖의 회로를 갖춘 것인지는 상관없다],20229,379573,9,19,-359344
8542,전자집적회로,SK,슬로바키아,2026-02-01,854232,메모리,961845,0,87,0,961845
8542,전자집적회로,SK,슬로바키아,2026-02-01,854233,증폭기,20875,0,13,0,20875
8542,전자집적회로,SK,슬로바키아,2026-02-01,854239,기타,110931,21,25,0,110910
8542,전자집적회로,SV,엘살바도르,2026-02-01,854239,기타,0,2839,0,3,-2839
8542,전자집적회로,TH,태국,2026-02-01,854231,프로세서와 컨트롤러[메모리ㆍ변환기ㆍ논리회로ㆍ증폭기ㆍ클록(clock)ㆍ타이밍(timing) 회로나 그 밖의 회로를 갖춘 것인지는 상관없다],26121405,11665764,16149,7948,14455641
8542,전자집적회로,TH,태국,2026-02-01,854232,메모리,89420130,1229861,2596,373,88190269
8542,전자집적회로,TH,태국,2026-02-01,854233,증폭기,14606,451315,14,234,-436709
8542,전자집적회로,TH,태국,2026-02-01,854239,기타,12570341,30669710,6728,13263,-18099369
8542,전자집적회로,TH,태국,2026-02-01,854290,부분품,4343119,7277,47245,25,4335842
8542,전자집적회로,TR,튀르키예,2026-02-01,854231,프로세서와 컨트롤러[메모리ㆍ변환기ㆍ논리회로ㆍ증폭기ㆍ클록(clock)ㆍ타이밍(timing) 회로나 그 밖의 회로를 갖춘 것인지는 상관없다],1008116,0,149,0,1008116
8542,전자집적회로,TR,튀르키예,2026-02-01,854232,메모리,5481819,0,161,0,5481819
8542,전자집적회로,TR,튀르키예,2026-02-01,854233,증폭기,234260,0,92,0,234260
8542,전자집적회로,TR,튀르키예,2026-02-01,854239,기타,1190332,6528,296,12,1183804
8542,전자집적회로,TW,대만,2026-02-01,854231,프로세서와 컨트롤러[메모리ㆍ변환기ㆍ논리회로ㆍ증폭기ㆍ클록(clock)ㆍ타이밍(timing) 회로나 그 밖의 회로를 갖춘 것인지는 상관없다],242410768,1428402577,68126,92268,-1185991809
8542,전자집적회로,TW,대만,2026-02-01,854232,메모리,3003111008,274290601,27937,12597,2728820407
8542,전자집적회로,TW,대만,2026-02-01,854233,증폭기,309040,4832172,71,1360,-4523132
8542,전자집적회로,TW,대만,2026-02-01,854239,기타,107635499,200747883,19914,34530,-93112384
8542,전자집적회로,TW,대만,2026-02-01,854290,부분품,5697871,576519,64185,1736,5121352
8542,전자집적회로,UA,우크라이나,2026-02-01,854231,프로세서와 컨트롤러[메모리ㆍ변환기ㆍ논리회로ㆍ증폭기ㆍ클록(clock)ㆍ타이밍(timing) 회로나 그 밖의 회로를 갖춘 것인지는 상관없다],4080,0,3,0,4080
8542,전자집적회로,UA,우크라이나,2026-02-01,854233,증폭기,86900,0,16,0,86900
8542,전자집적회로,US,미국,2026-02-01,854231,프로세서와 컨트롤러[메모리ㆍ변환기ㆍ논리회로ㆍ증폭기ㆍ클록(clock)ㆍ타이밍(timing) 회로나 그 밖의 회로를 갖춘 것인지는 상관없다],60609236,131008243,17571,8294,-70399007
8542,전자집적회로,US,미국,2026-02-01,854232,메모리,118438959,1998463,1994,429,116440496
8542,전자집적회로,US,미국,2026-02-01,854233,증폭기,1431218,1030144,110,145,401074
8542,전자집적회로,US,미국,2026-02-01,854239,기타,4984116,49181909,7927,7933,-44197793
8542,전자집적회로,US,미국,2026-02-01,854290,부분품,776971,181718,586,89,595253
8542,전자집적회로,VN,베트남,2026-02-01,854231,프로세서와 컨트롤러[메모리ㆍ변환기ㆍ논리회로ㆍ증폭기ㆍ클록(clock)ㆍ타이밍(timing) 회로나 그 밖의 회로를 갖춘 것인지는 상관없다],945872721,14599815,90792,5124,931272906
8542,전자집적회로,VN,베트남,2026-02-01,854232,메모리,1582047381,7409000,38554,886,1574638381
8542,전자집적회로,VN,베트남,2026-02-01,854233,증폭기,4336258,35607,1196,14,4300651
8542,전자집적회로,VN,베트남,2026-02-01,854239,기타,223778712,1094609,49864,1259,222684103
8542,전자집적회로,VN,베트남,2026-02-01,854290,부분품,1030510,67,2204,2,1030443
8542,전자집적회로,ZA,남아프리카공화국,2026-02-01,854231,프로세서와 컨트롤러[메모리ㆍ변환기ㆍ논리회로ㆍ증폭기ㆍ클록(clock)ㆍ타이밍(timing) 회로나 그 밖의 회로를 갖춘 것인지는 상관없다],237994,4,49,0,237990
8542,전자집적회로,ZA,남아프리카공화국,2026-02-01,854232,메모리,65264,0,49,0,65264
8542,전자집적회로,ZA,남아프리카공화국,2026-02-01,854239,기타,24218,0,156,0,24218
8542,전자집적회로,ZZ,기타국,2026-02-01,854232,메모리,36,0,0,0,36
8542,전자집적회로,AE,아랍에미리트 연합,2026-03-01,854231,프로세서와 컨트롤러[메모리ㆍ변환기ㆍ논리회로ㆍ증폭기ㆍ클록(clock)ㆍ타이밍(timing) 회로나 그 밖의 회로를 갖춘 것인지는 상관없다],39410,0,10,0,39410
8542,전자집적회로,AR,아르헨티나,2026-03-01,854231,프로세서와 컨트롤러[메모리ㆍ변환기ㆍ논리회로ㆍ증폭기ㆍ클록(clock)ㆍ타이밍(timing) 회로나 그 밖의 회로를 갖춘 것인지는 상관없다],220552,0,322,0,220552
8542,전자집적회로,AR,아르헨티나,2026-03-01,854232,메모리,60814,0,118,0,60814
8542,전자집적회로,AR,아르헨티나,2026-03-01,854239,기타,1363694,0,2684,0,1363694
8542,전자집적회로,AT,오스트리아,2026-03-01,854231,프로세서와 컨트롤러[메모리ㆍ변환기ㆍ논리회로ㆍ증폭기ㆍ클록(clock)ㆍ타이밍(timing) 회로나 그 밖의 회로를 갖춘 것인지는 상관없다],8557505,107122,3087,23,8450383
8542,전자집적회로,AT,오스트리아,2026-03-01,854232,메모리,22394700,0,544,0,22394700
8542,전자집적회로,AT,오스트리아,2026-03-01,854233,증폭기,17913,0,6,0,17913
8542,전자집적회로,AT,오스트리아,2026-03-01,854239,기타,190923,546328,232,140,-355405
8542,전자집적회로,AU,호주,2026-03-01,854231,프로세서와 컨트롤러[메모리ㆍ변환기ㆍ논리회로ㆍ증폭기ㆍ클록(clock)ㆍ타이밍(timing) 회로나 그 밖의 회로를 갖춘 것인지는 상관없다],3361,9,2,1,3352
8542,전자집적회로,AU,호주,2026-03-01,854232,메모리,31,0,0,0,31
8542,전자집적회로,AU,호주,2026-03-01,854233,증폭기,153850,4822,15,3,149028
8542,전자집적회로,AU,호주,2026-03-01,854239,기타,637,22249,3,12,-21612
8542,전자집적회로,BD,방글라데시,2026-03-01,854231,프로세서와 컨트롤러[메모리ㆍ변환기ㆍ논리회로ㆍ증폭기ㆍ클록(clock)ㆍ타이밍(timing) 회로나 그 밖의 회로를 갖춘 것인지는 상관없다],2263,0,8,0,2263
8542,전자집적회로,BD,방글라데시,2026-03-01,854232,메모리,221856,0,1,0,221856
8542,전자집적회로,BD,방글라데시,2026-03-01,854239,기타,154077,0,12,0,154077
8542,전자집적회로,BE,벨기에,2026-03-01,854231,프로세서와 컨트롤러[메모리ㆍ변환기ㆍ논리회로ㆍ증폭기ㆍ클록(clock)ㆍ타이밍(timing) 회로나 그 밖의 회로를 갖춘 것인지는 상관없다],873865,2555,112,1,871310
8542,전자집적회로,BE,벨기에,2026-03-01,854239,기타,515,510622,5,184,-510107
8542,전자집적회로,BG,불가리아,2026-03-01,854231,프로세서와 컨트롤러[메모리ㆍ변환기ㆍ논리회로ㆍ증폭기ㆍ클록(clock)ㆍ타이밍(timing) 회로나 그 밖의 회로를 갖춘 것인지는 상관없다],40059,0,2,0,40059
8542,전자집적회로,BG,불가리아,2026-03-01,854232,메모리,456,0,2,0,456
8542,전자집적회로,BG,불가리아,2026-03-01,854239,기타,0,98069,0,54,-98069
8542,전자집적회로,BR,브라질,2026-03-01,854231,프로세서와 컨트롤러[메모리ㆍ변환기ㆍ논리회로ㆍ증폭기ㆍ클록(clock)ㆍ타이밍(timing) 회로나 그 밖의 회로를 갖춘 것인지는 상관없다],57946911,337,4185,0,57946574
8542,전자집적회로,BR,브라질,2026-03-01,854232,메모리,155368375,623,3125,2,155367752
8542,전자집적회로,BR,브라질,2026-03-01,854233,증폭기,58436,0,169,0,58436
8542,전자집적회로,BR,브라질,2026-03-01,854239,기타,4885663,15,1010,0,4885648
8542,전자집적회로,BY,벨라루스,2026-03-01,854239,기타,0,26795,0,50,-26795
8542,전자집적회로,CA,캐나다,2026-03-01,854231,프로세서와 컨트롤러[메모리ㆍ변환기ㆍ논리회로ㆍ증폭기ㆍ클록(clock)ㆍ타이밍(timing) 회로나 그 밖의 회로를 갖춘 것인지는 상관없다],26177,16325,5,10,9852
8542,전자집적회로,CA,캐나다,2026-03-01,854232,메모리,11815043,0,74,0,11815043
8542,전자집적회로,CA,캐나다,2026-03-01,854233,증폭기,17521,283,3,1,17238
8542,전자집적회로,CA,캐나다,2026-03-01,854239,기타,6766,307305,6,5530,-300539
8542,전자집적회로,CA,캐나다,2026-03-01,854290,부분품,1584,0,1,0,1584
8542,전자집적회로,CH,스위스,2026-03-01,854231,프로세서와 컨트롤러[메모리ㆍ변환기ㆍ논리회로ㆍ증폭기ㆍ클록(clock)ㆍ타이밍(timing) 회로나 그 밖의 회로를 갖춘 것인지는 상관없다],64860,110778,8,127,-45918
8542,전자집적회로,CH,스위스,2026-03-01,854232,메모리,151,128,1,16,23
8542,전자집적회로,CH,스위스,2026-03-01,854233,증폭기,0,8615,0,6,-8615
8542,전자집적회로,CH,스위스,2026-03-01,854239,기타,0,1592859,0,380,-1592859
8542,전자집적회로,CH,스위스,2026-03-01,854290,부분품,0,18370,0,39,-18370
8542,전자집적회로,CM,카메룬,2026-03-01,854232,메모리,0,36,0,0,-36
8542,전자집적회로,CN,중국,2026-03-01,854231,프로세서와 컨트롤러[메모리ㆍ변환기ㆍ논리회로ㆍ증폭기ㆍ클록(clock)ㆍ타이밍(timing) 회로나 그 밖의 회로를 갖춘 것인지는 상관없다],805236104,227473007,137849,76758,577763097
8542,전자집적회로,CN,중국,2026-03-01,854232,메모리,7263474702,2522764802,109912,54932,4740709900
8542,전자집적회로,CN,중국,2026-03-01,854233,증폭기,738036,6894916,724,1359,-6156880
8542,전자집적회로,CN,중국,2026-03-01,854239,기타,138464865,155497301,64257,121844,-17032436
8542,전자집적회로,CN,중국,2026-03-01,854290,부분품,9474678,956336,97141,12776,8518342
8542,전자집적회로,CR,코스타리카,2026-03-01,854231,프로세서와 컨트롤러[메모리ㆍ변환기ㆍ논리회로ㆍ증폭기ㆍ클록(clock)ㆍ타이밍(timing) 회로나 그 밖의 회로를 갖춘 것인지는 상관없다],0,4300211,0,636,-4300211
8542,전자집적회로,CR,코스타리카,2026-03-01,854232,메모리,1633,0,1,0,1633
8542,전자집적회로,CR,코스타리카,2026-03-01,854239,기타,0,24493,0,9,-24493
8542,전자집적회로,CZ,체코공화국,2026-03-01,854231,프로세서와 컨트롤러[메모리ㆍ변환기ㆍ논리회로ㆍ증폭기ㆍ클록(clock)ㆍ타이밍(timing) 회로나 그 밖의 회로를 갖춘 것인지는 상관없다],9824201,391,3382,0,9823810
8542,전자집적회로,CZ,체코공화국,2026-03-01,854232,메모리,5684619,0,2896,0,5684619
8542,전자집적회로,CZ,체코공화국,2026-03-01,854233,증폭기,315842,8240,44,2,307602
8542,전자집적회로,CZ,체코공화국,2026-03-01,854239,기타,1507574,170799,706,372,1336775
8542,전자집적회로,DE,독일,2026-03-01,854231,프로세서와 컨트롤러[메모리ㆍ변환기ㆍ논리회로ㆍ증폭기ㆍ클록(clock)ㆍ타이밍(timing) 회로나 그 밖의 회로를 갖춘 것인지는 상관없다],3053833,28869485,1050,1696,-25815652
8542,전자집적회로,DE,독일,2026-03-01,854232,메모리,28057070,49564,825,7,28007506
8542,전자집적회로,DE,독일,2026-03-01,854233,증폭기,237657,54709,94,19,182948
8542,전자집적회로,DE,독일,2026-03-01,854239,기타,10938451,16184355,14879,3239,-5245904
8542,전자집적회로,DE,독일,2026-03-01,854290,부분품,0,663994,0,1531,-663994
8542,전자집적회로,DK,덴마크,2026-03-01,854232,메모리,0,2661,0,2,-2661
8542,전자집적회로,DK,덴마크,2026-03-01,854233,증폭기,2141,4813,2,0,-2672
8542,전자집적회로,DK,덴마크,2026-03-01,854239,기타,18421,18549,54,1,-128
8542,전자집적회로,EE,에스토니아,2026-03-01,854232,메모리,8195,0,0,0,8195
8542,전자집적회로,EG,이집트,2026-03-01,854231,프로세서와 컨트롤러[메모리ㆍ변환기ㆍ논리회로ㆍ증폭기ㆍ클록(clock)ㆍ타이밍(timing) 회로나 그 밖의 회로를 갖춘 것인지는 상관없다],4134021,0,791,0,4134021
8542,전자집적회로,EG,이집트,2026-03-01,854232,메모리,7656357,0,327,0,7656357
8542,전자집적회로,EG,이집트,2026-03-01,854233,증폭기,80486,0,26,0,80486
8542,전자집적회로,EG,이집트,2026-03-01,854239,기타,2384281,42,335,0,2384239
8542,전자집적회로,ES,스페인,2026-03-01,854231,프로세서와 컨트롤러[메모리ㆍ변환기ㆍ논리회로ㆍ증폭기ㆍ클록(clock)ㆍ타이밍(timing) 회로나 그 밖의 회로를 갖춘 것인지는 상관없다],16129,4428,13,0,11701
8542,전자집적회로,ES,스페인,2026-03-01,854232,메모리,218945,0,15,0,218945
8542,전자집적회로,ES,스페인,2026-03-01,854233,증폭기,11600,0,3,0,11600
8542,전자집적회로,ES,스페인,2026-03-01,854239,기타,10955,841963,16,104,-831008
8542,전자집적회로,ES,스페인,2026-03-01,854290,부분품,27427,0,20,0,27427
8542,전자집적회로,FI,핀란드,2026-03-01,854231,프로세서와 컨트롤러[메모리ㆍ변환기ㆍ논리회로ㆍ증폭기ㆍ클록(clock)ㆍ타이밍(timing) 회로나 그 밖의 회로를 갖춘 것인지는 상관없다],76425,0,5,0,76425
8542,전자집적회로,FI,핀란드,2026-03-01,854239,기타,0,32540,0,20,-32540
8542,전자집적회로,FI,핀란드,2026-03-01,854290,부분품,195117,260,681,1,194857
8542,전자집적회로,FR,프랑스,2026-03-01,854231,프로세서와 컨트롤러[메모리ㆍ변환기ㆍ논리회로ㆍ증폭기ㆍ클록(clock)ㆍ타이밍(timing) 회로나 그 밖의 회로를 갖춘 것인지는 상관없다],17802623,69234964,2209,6917,-51432341
8542,전자집적회로,FR,프랑스,2026-03-01,854232,메모리,3031,985817,6,417,-982786
8542,전자집적회로,FR,프랑스,2026-03-01,854233,증폭기,186,62612,0,16,-62426
8542,전자집적회로,FR,프랑스,2026-03-01,854239,기타,132030,6719942,138,1458,-6587912
8542,전자집적회로,FR,프랑스,2026-03-01,854290,부분품,0,251,0,1,-251
8542,전자집적회로,GB,영국,2026-03-01,854231,프로세서와 컨트롤러[메모리ㆍ변환기ㆍ논리회로ㆍ증폭기ㆍ클록(clock)ㆍ타이밍(timing) 회로나 그 밖의 회로를 갖춘 것인지는 상관없다],552367,317238,158,207,235129
8542,전자집적회로,GB,영국,2026-03-01,854232,메모리,2134686,2271,16,52,2132415
8542,전자집적회로,GB,영국,2026-03-01,854233,증폭기,0,8548,0,6,-8548
8542,전자집적회로,GB,영국,2026-03-01,854239,기타,16080,224648,13,191,-208568
8542,전자집적회로,GB,영국,2026-03-01,854290,부분품,0,2352,0,8,-2352
8542,전자집적회로,HK,홍콩,2026-03-01,854231,프로세서와 컨트롤러[메모리ㆍ변환기ㆍ논리회로ㆍ증폭기ㆍ클록(clock)ㆍ타이밍(timing) 회로나 그 밖의 회로를 갖춘 것인지는 상관없다],107238953,19904475,51538,3524,87334478
8542,전자집적회로,HK,홍콩,2026-03-01,854232,메모리,4910311941,9762395,127186,1765,4900549546
8542,전자집적회로,HK,홍콩,2026-03-01,854233,증폭기,898968,129946,1108,149,769022
8542,전자집적회로,HK,홍콩,2026-03-01,854239,기타,194633462,17517256,39924,5857,177116206
8542,전자집적회로,HK,홍콩,2026-03-01,854290,부분품,367998,9202,4466,4,358796
8542,전자집적회로,HR,크로아티아,2026-03-01,854239,기타,0,2459,0,4,-2459
8542,전자집적회로,HU,헝가리,2026-03-01,854231,프로세서와 컨트롤러[메모리ㆍ변환기ㆍ논리회로ㆍ증폭기ㆍ클록(clock)ㆍ타이밍(timing) 회로나 그 밖의 회로를 갖춘 것인지는 상관없다],794471,436247,273,60,358224
8542,전자집적회로,HU,헝가리,2026-03-01,854232,메모리,9560580,17,155,0,9560563
8542,전자집적회로,HU,헝가리,2026-03-01,854233,증폭기,8586,764,0,1,7822
8542,전자집적회로,HU,헝가리,2026-03-01,854239,기타,15351,14294,22,47,1057
8542,전자집적회로,ID,인도네시아,2026-03-01,854231,프로세서와 컨트롤러[메모리ㆍ변환기ㆍ논리회로ㆍ증폭기ㆍ클록(clock)ㆍ타이밍(timing) 회로나 그 밖의 회로를 갖춘 것인지는 상관없다],12463997,2825731,3523,1977,9638266
8542,전자집적회로,ID,인도네시아,2026-03-01,854232,메모리,46413904,52660,2264,47,46361244
8542,전자집적회로,ID,인도네시아,2026-03-01,854233,증폭기,167499,38436,174,5,129063
8542,전자집적회로,ID,인도네시아,2026-03-01,854239,기타,3481740,4143481,2759,2726,-661741
8542,전자집적회로,ID,인도네시아,2026-03-01,854290,부분품,6510,255,2,1,6255
8542,전자집적회로,IE,아일랜드,2026-03-01,854231,프로세서와 컨트롤러[메모리ㆍ변환기ㆍ논리회로ㆍ증폭기ㆍ클록(clock)ㆍ타이밍(timing) 회로나 그 밖의 회로를 갖춘 것인지는 상관없다],2094,561811,4,109,-559717
8542,전자집적회로,IE,아일랜드,2026-03-01,854232,메모리,9324,205,0,0,9119
8542,전자집적회로,IE,아일랜드,2026-03-01,854239,기타,1330,112986,7,10,-111656
8542,전자집적회로,IL,이스라엘,2026-03-01,854231,프로세서와 컨트롤러[메모리ㆍ변환기ㆍ논리회로ㆍ증폭기ㆍ클록(clock)ㆍ타이밍(timing) 회로나 그 밖의 회로를 갖춘 것인지는 상관없다],3607800,116060,1057,48,3491740
8542,전자집적회로,IL,이스라엘,2026-03-01,854232,메모리,0,9,0,0,-9
8542,전자집적회로,IL,이스라엘,2026-03-01,854233,증폭기,16224,0,25,0,16224
8542,전자집적회로,IL,이스라엘,2026-03-01,854239,기타,28937,1095909,56,69,-1066972
8542,전자집적회로,IL,이스라엘,2026-03-01,854290,부분품,347,87875,4,132,-87528
8542,전자집적회로,IN,인도,2026-03-01,854231,프로세서와 컨트롤러[메모리ㆍ변환기ㆍ논리회로ㆍ증폭기ㆍ클록(clock)ㆍ타이밍(timing) 회로나 그 밖의 회로를 갖춘 것인지는 상관없다],149004775,24253,24651,45,148980522
8542,전자집적회로,IN,인도,2026-03-01,854232,메모리,205394665,2084,4025,2,205392581
8542,전자집적회로,IN,인도,2026-03-01,854233,증폭기,540794,2,507,0,540792
8542,전자집적회로,IN,인도,2026-03-01,854239,기타,18336750,291423,9634,198,18045327
8542,전자집적회로,IN,인도,2026-03-01,854290,부분품,0,292,0,1,-292
8542,전자집적회로,IT,이탈리아,2026-03-01,854231,프로세서와 컨트롤러[메모리ㆍ변환기ㆍ논리회로ㆍ증폭기ㆍ클록(clock)ㆍ타이밍(timing) 회로나 그 밖의 회로를 갖춘 것인지는 상관없다],669258,13152542,250,721,-12483284
8542,전자집적회로,IT,이탈리아,2026-03-01,854232,메모리,5642,168,10,2,5474
8542,전자집적회로,IT,이탈리아,2026-03-01,854233,증폭기,6292,63934,4,51,-57642
8542,전자집적회로,IT,이탈리아,2026-03-01,854239,기타,62725,7270391,75,3147,-7207666
8542,전자집적회로,IT,이탈리아,2026-03-01,854290,부분품,10758,3452,5,535,7306
8542,전자집적회로,JP,일본,2026-03-01,854231,프로세서와 컨트롤러[메모리ㆍ변환기ㆍ논리회로ㆍ증폭기ㆍ클록(clock)ㆍ타이밍(timing) 회로나 그 밖의 회로를 갖춘 것인지는 상관없다],29532555,584521395,8842,15813,-554988840
8542,전자집적회로,JP,일본,2026-03-01,854232,메모리,101690053,57213938,1402,1576,44476115
8542,전자집적회로,JP,일본,2026-03-01,854233,증폭기,171454,61988,160,42,109466
8542,전자집적회로,JP,일본,2026-03-01,854239,기타,3717465,95409250,3874,18567,-91691785
8542,전자집적회로,JP,일본,2026-03-01,854290,부분품,384420,966489,1988,7504,-582069
8542,전자집적회로,KE,케냐,2026-03-01,854232,메모리,141,0,1,0,141
8542,전자집적회로,KH,캄보디아,2026-03-01,854239,기타,0,725,0,0,-725
8542,전자집적회로,KZ,카자흐스탄,2026-03-01,854231,프로세서와 컨트롤러[메모리ㆍ변환기ㆍ논리회로ㆍ증폭기ㆍ클록(clock)ㆍ타이밍(timing) 회로나 그 밖의 회로를 갖춘 것인지는 상관없다],15992,0,5,0,15992
8542,전자집적회로,KZ,카자흐스탄,2026-03-01,854232,메모리,11,0,0,0,11
8542,전자집적회로,LB,레바논,2026-03-01,854239,기타,46253,0,8,0,46253
8542,전자집적회로,LU,룩셈부르그,2026-03-01,854290,부분품,3500,0,10,0,3500
8542,전자집적회로,MA,모로코,2026-03-01,854231,프로세서와 컨트롤러[메모리ㆍ변환기ㆍ논리회로ㆍ증폭기ㆍ클록(clock)ㆍ타이밍(timing) 회로나 그 밖의 회로를 갖춘 것인지는 상관없다],0,10972,0,8,-10972
8542,전자집적회로,MA,모로코,2026-03-01,854233,증폭기,0,9778,0,4,-9778
8542,전자집적회로,MA,모로코,2026-03-01,854239,기타,0,358343,0,1068,-358343
8542,전자집적회로,MA,모로코,2026-03-01,854290,부분품,102919,0,1422,0,102919
8542,전자집적회로,MC,모나코,2026-03-01,854231,프로세서와 컨트롤러[메모리ㆍ변환기ㆍ논리회로ㆍ증폭기ㆍ클록(clock)ㆍ타이밍(timing) 회로나 그 밖의 회로를 갖춘 것인지는 상관없다],72327,0,63,0,72327
8542,전자집적회로,MO,마카오,2026-03-01,854231,프로세서와 컨트롤러[메모리ㆍ변환기ㆍ논리회로ㆍ증폭기ㆍ클록(clock)ㆍ타이밍(timing) 회로나 그 밖의 회로를 갖춘 것인지는 상관없다],44,0,1,0,44
8542,전자집적회로,MO,마카오,2026-03-01,854239,기타,0,60,0,1,-60
8542,전자집적회로,MT,몰타,2026-03-01,854231,프로세서와 컨트롤러[메모리ㆍ변환기ㆍ논리회로ㆍ증폭기ㆍ클록(clock)ㆍ타이밍(timing) 회로나 그 밖의 회로를 갖춘 것인지는 상관없다],6616141,75344,5952,18,6540797
8542,전자집적회로,MT,몰타,2026-03-01,854233,증폭기,0,1335,0,0,-1335
8542,전자집적회로,MT,몰타,2026-03-01,854239,기타,85765,177579,312,34,-91814
8542,전자집적회로,MT,몰타,2026-03-01,854290,부분품,598068,0,5065,0,598068
8542,전자집적회로,MU,모리셔스,2026-03-01,854239,기타,0,5,0,0,-5
8542,전자집적회로,MX,멕시코,2026-03-01,854231,프로세서와 컨트롤러[메모리ㆍ변환기ㆍ논리회로ㆍ증폭기ㆍ클록(clock)ㆍ타이밍(timing) 회로나 그 밖의 회로를 갖춘 것인지는 상관없다],22817578,2161986,8570,1307,20655592
8542,전자집적회로,MX,멕시코,2026-03-01,854232,메모리,20949057,7269,2226,7,20941788
8542,전자집적회로,MX,멕시코,2026-03-01,854233,증폭기,1400522,1613153,2454,689,-212631
8542,전자집적회로,MX,멕시코,2026-03-01,854239,기타,23258739,1676660,7700,956,21582079
8542,전자집적회로,MY,말레이시아,2026-03-01,854231,프로세서와 컨트롤러[메모리ㆍ변환기ㆍ논리회로ㆍ증폭기ㆍ클록(clock)ㆍ타이밍(timing) 회로나 그 밖의 회로를 갖춘 것인지는 상관없다],137089066,110864850,52542,13397,26224216
8542,전자집적회로,MY,말레이시아,2026-03-01,854232,메모리,605139659,6276538,2550,196,598863121
8542,전자집적회로,MY,말레이시아,2026-03-01,854233,증폭기,18853,2668287,11,1141,-2649434
8542,전자집적회로,MY,말레이시아,2026-03-01,854239,기타,18620851,46665505,23938,20849,-28044654
8542,전자집적회로,MY,말레이시아,2026-03-01,854290,부분품,7527739,12184,88662,88,7515555
8542,전자집적회로,NA,나미비아,2026-03-01,854231,프로세서와 컨트롤러[메모리ㆍ변환기ㆍ논리회로ㆍ증폭기ㆍ클록(clock)ㆍ타이밍(timing) 회로나 그 밖의 회로를 갖춘 것인지는 상관없다],0,4000,0,3,-4000
8542,전자집적회로,NA,나미비아,2026-03-01,854232,메모리,0,1248,0,0,-1248
8542,전자집적회로,NA,나미비아,2026-03-01,854239,기타,0,495,0,0,-495
8542,전자집적회로,NL,네덜란드,2026-03-01,854231,프로세서와 컨트롤러[메모리ㆍ변환기ㆍ논리회로ㆍ증폭기ㆍ클록(clock)ㆍ타이밍(timing) 회로나 그 밖의 회로를 갖춘 것인지는 상관없다],2355177,16043,332,2,2339134
8542,전자집적회로,NL,네덜란드,2026-03-01,854232,메모리,17925882,79327,519,11,17846555
8542,전자집적회로,NL,네덜란드,2026-03-01,854233,증폭기,0,403252,1,2,-403252
8542,전자집적회로,NL,네덜란드,2026-03-01,854239,기타,98212,52938,144,12,45274
8542,전자집적회로,NL,네덜란드,2026-03-01,854290,부분품,54340,0,231,0,54340
8542,전자집적회로,NO,노르웨이,2026-03-01,854231,프로세서와 컨트롤러[메모리ㆍ변환기ㆍ논리회로ㆍ증폭기ㆍ클록(clock)ㆍ타이밍(timing) 회로나 그 밖의 회로를 갖춘 것인지는 상관없다],0,93,0,0,-93
8542,전자집적회로,NO,노르웨이,2026-03-01,854233,증폭기,0,29557,0,191,-29557
8542,전자집적회로,NO,노르웨이,2026-03-01,854239,기타,3247,62235,4,1,-58988
8542,전자집적회로,NP,네팔,2026-03-01,854232,메모리,0,1,0,1,-1
8542,전자집적회로,NZ,뉴질랜드,2026-03-01,854231,프로세서와 컨트롤러[메모리ㆍ변환기ㆍ논리회로ㆍ증폭기ㆍ클록(clock)ㆍ타이밍(timing) 회로나 그 밖의 회로를 갖춘 것인지는 상관없다],4,0,1,0,4
8542,전자집적회로,PE,페루,2026-03-01,854290,부분품,854,0,0,0,854
8542,전자집적회로,PH,필리핀,2026-03-01,854231,프로세서와 컨트롤러[메모리ㆍ변환기ㆍ논리회로ㆍ증폭기ㆍ클록(clock)ㆍ타이밍(timing) 회로나 그 밖의 회로를 갖춘 것인지는 상관없다],43579742,21553188,22528,10037,22026554
8542,전자집적회로,PH,필리핀,2026-03-01,854232,메모리,725137228,281667,14361,208,724855561
8542,전자집적회로,PH,필리핀,2026-03-01,854233,증폭기,18063,383639,2,323,-365576
8542,전자집적회로,PH,필리핀,2026-03-01,854239,기타,11855876,36978284,12447,12607,-25122408
8542,전자집적회로,PH,필리핀,2026-03-01,854290,부분품,4315988,208346,50778,7373,4107642
8542,전자집적회로,PK,파키스탄,2026-03-01,854231,프로세서와 컨트롤러[메모리ㆍ변환기ㆍ논리회로ㆍ증폭기ㆍ클록(clock)ㆍ타이밍(timing) 회로나 그 밖의 회로를 갖춘 것인지는 상관없다],48081,0,228,0,48081
8542,전자집적회로,PL,폴란드,2026-03-01,854231,프로세서와 컨트롤러[메모리ㆍ변환기ㆍ논리회로ㆍ증폭기ㆍ클록(clock)ㆍ타이밍(timing) 회로나 그 밖의 회로를 갖춘 것인지는 상관없다],7489198,1119,2579,2,7488079
8542,전자집적회로,PL,폴란드,2026-03-01,854232,메모리,16578527,0,1796,0,16578527
8542,전자집적회로,PL,폴란드,2026-03-01,854233,증폭기,323374,0,323,0,323374
8542,전자집적회로,PL,폴란드,2026-03-01,854239,기타,7089547,7415,1782,9,7082132
8542,전자집적회로,PL,폴란드,2026-03-01,854290,부분품,0,12,0,0,-12
8542,전자집적회로,PM,세인트 피레 미켈론,2026-03-01,854239,기타,0,262,0,0,-262
8542,전자집적회로,PR,푸에르토리코,2026-03-01,854231,프로세서와 컨트롤러[메모리ㆍ변환기ㆍ논리회로ㆍ증폭기ㆍ클록(clock)ㆍ타이밍(timing) 회로나 그 밖의 회로를 갖춘 것인지는 상관없다],0,2240,0,1,-2240
8542,전자집적회로,PT,포루투갈,2026-03-01,854231,프로세서와 컨트롤러[메모리ㆍ변환기ㆍ논리회로ㆍ증폭기ㆍ클록(clock)ㆍ타이밍(timing) 회로나 그 밖의 회로를 갖춘 것인지는 상관없다],5764031,906013,1978,13,4858018
8542,전자집적회로,PT,포루투갈,2026-03-01,854232,메모리,6046773,0,117,0,6046773
8542,전자집적회로,PT,포루투갈,2026-03-01,854239,기타,8,1156815,1,51,-1156807
8542,전자집적회로,PT,포루투갈,2026-03-01,854290,부분품,11404,0,171,0,11404
8542,전자집적회로,RO,루마니아,2026-03-01,854231,프로세서와 컨트롤러[메모리ㆍ변환기ㆍ논리회로ㆍ증폭기ㆍ클록(clock)ㆍ타이밍(timing) 회로나 그 밖의 회로를 갖춘 것인지는 상관없다],0,4158,0,3,-4158
8542,전자집적회로,RO,루마니아,2026-03-01,854232,메모리,2,0,0,0,2
8542,전자집적회로,RO,루마니아,2026-03-01,854239,기타,85761,0,307,0,85761
8542,전자집적회로,RS,세르비아,2026-03-01,854231,프로세서와 컨트롤러[메모리ㆍ변환기ㆍ논리회로ㆍ증폭기ㆍ클록(clock)ㆍ타이밍(timing) 회로나 그 밖의 회로를 갖춘 것인지는 상관없다],40994,0,2,0,40994
8542,전자집적회로,RS,세르비아,2026-03-01,854239,기타,646108,0,653,0,646108
8542,전자집적회로,RU,러시아 연방,2026-03-01,854239,기타,0,1881,0,1,-1881
8542,전자집적회로,SE,스웨덴,2026-03-01,854231,프로세서와 컨트롤러[메모리ㆍ변환기ㆍ논리회로ㆍ증폭기ㆍ클록(clock)ㆍ타이밍(timing) 회로나 그 밖의 회로를 갖춘 것인지는 상관없다],2997505,27148,1083,2,2970357
8542,전자집적회로,SE,스웨덴,2026-03-01,854232,메모리,1,0,0,0,1
8542,전자집적회로,SE,스웨덴,2026-03-01,854233,증폭기,16860,0,6,0,16860
8542,전자집적회로,SE,스웨덴,2026-03-01,854239,기타,458173,0,81,0,458173
8542,전자집적회로,SG,싱가포르,2026-03-01,854231,프로세서와 컨트롤러[메모리ㆍ변환기ㆍ논리회로ㆍ증폭기ㆍ클록(clock)ㆍ타이밍(timing) 회로나 그 밖의 회로를 갖춘 것인지는 상관없다],354400088,302460041,79514,16807,51940047
8542,전자집적회로,SG,싱가포르,2026-03-01,854232,메모리,143446657,134786553,2224,1445,8660104
8542,전자집적회로,SG,싱가포르,2026-03-01,854233,증폭기,14977,8014359,5,268,-7999382
8542,전자집적회로,SG,싱가포르,2026-03-01,854239,기타,9162699,33124133,41642,9051,-23961434
8542,전자집적회로,SG,싱가포르,2026-03-01,854290,부분품,1585896,27224,29076,593,1558672
8542,전자집적회로,SI,슬로베니아,2026-03-01,854232,메모리,0,199,0,2,-199
8542,전자집적회로,SI,슬로베니아,2026-03-01,854239,기타,2500,19555,14,9,-17055
8542,전자집적회로,SK,슬로바키아,2026-03-01,854231,프로세서와 컨트롤러[메모리ㆍ변환기ㆍ논리회로ㆍ증폭기ㆍ클록(clock)ㆍ타이밍(timing) 회로나 그 밖의 회로를 갖춘 것인지는 상관없다],177379,51000,58,20,126379
8542,전자집적회로,SK,슬로바키아,2026-03-01,854232,메모리,1221572,0,106,0,1221572
8542,전자집적회로,SK,슬로바키아,2026-03-01,854233,증폭기,19693,0,17,0,19693
8542,전자집적회로,SK,슬로바키아,2026-03-01,854239,기타,24434,0,11,0,24434
8542,전자집적회로,SV,엘살바도르,2026-03-01,854239,기타,0,6738,0,3,-6738
8542,전자집적회로,SZ,스와질랜드,2026-03-01,854231,프로세서와 컨트롤러[메모리ㆍ변환기ㆍ논리회로ㆍ증폭기ㆍ클록(clock)ㆍ타이밍(timing) 회로나 그 밖의 회로를 갖춘 것인지는 상관없다],1,0,1,0,1
8542,전자집적회로,TH,태국,2026-03-01,854231,프로세서와 컨트롤러[메모리ㆍ변환기ㆍ논리회로ㆍ증폭기ㆍ클록(clock)ㆍ타이밍(timing) 회로나 그 밖의 회로를 갖춘 것인지는 상관없다],32902436,17296568,14742,10565,15605868
8542,전자집적회로,TH,태국,2026-03-01,854232,메모리,136258930,2118177,2209,907,134140753
8542,전자집적회로,TH,태국,2026-03-01,854233,증폭기,8531,999759,16,419,-991228
8542,전자집적회로,TH,태국,2026-03-01,854239,기타,10257849,36309442,6547,13535,-26051593
8542,전자집적회로,TH,태국,2026-03-01,854290,부분품,5401689,4556,54679,12,5397133
8542,전자집적회로,TR,튀르키예,2026-03-01,854231,프로세서와 컨트롤러[메모리ㆍ변환기ㆍ논리회로ㆍ증폭기ㆍ클록(clock)ㆍ타이밍(timing) 회로나 그 밖의 회로를 갖춘 것인지는 상관없다],1223863,460,82,0,1223403
8542,전자집적회로,TR,튀르키예,2026-03-01,854232,메모리,8591734,0,173,0,8591734
8542,전자집적회로,TR,튀르키예,2026-03-01,854233,증폭기,192937,0,84,0,192937
8542,전자집적회로,TR,튀르키예,2026-03-01,854239,기타,1211475,7990,431,12,1203485
8542,전자집적회로,TW,대만,2026-03-01,854231,프로세서와 컨트롤러[메모리ㆍ변환기ㆍ논리회로ㆍ증폭기ㆍ클록(clock)ㆍ타이밍(timing) 회로나 그 밖의 회로를 갖춘 것인지는 상관없다],335492835,1916879074,96376,112452,-1581386239
8542,전자집적회로,TW,대만,2026-03-01,854232,메모리,4003628148,127012624,34410,14962,3876615524
8542,전자집적회로,TW,대만,2026-03-01,854233,증폭기,271169,3059537,67,843,-2788368
8542,전자집적회로,TW,대만,2026-03-01,854239,기타,215176763,303097744,30583,46804,-87920981
8542,전자집적회로,TW,대만,2026-03-01,854290,부분품,7323734,882997,78779,7076,6440737
8542,전자집적회로,US,미국,2026-03-01,854231,프로세서와 컨트롤러[메모리ㆍ변환기ㆍ논리회로ㆍ증폭기ㆍ클록(clock)ㆍ타이밍(timing) 회로나 그 밖의 회로를 갖춘 것인지는 상관없다],55802027,131997750,18571,9618,-76195723
8542,전자집적회로,US,미국,2026-03-01,854232,메모리,112770236,3446076,2060,738,109324160
8542,전자집적회로,US,미국,2026-03-01,854233,증폭기,140348,1898926,78,182,-1758578
8542,전자집적회로,US,미국,2026-03-01,854239,기타,10556553,53054309,5482,7869,-42497756
8542,전자집적회로,US,미국,2026-03-01,854290,부분품,1302143,130483,867,110,1171660
8542,전자집적회로,VN,베트남,2026-03-01,854231,프로세서와 컨트롤러[메모리ㆍ변환기ㆍ논리회로ㆍ증폭기ㆍ클록(clock)ㆍ타이밍(timing) 회로나 그 밖의 회로를 갖춘 것인지는 상관없다],929115906,31914355,95211,7663,897201551
8542,전자집적회로,VN,베트남,2026-03-01,854232,메모리,2190703218,7780226,59686,795,2182922992
8542,전자집적회로,VN,베트남,2026-03-01,854233,증폭기,10240262,16625,1511,27,10223637
8542,전자집적회로,VN,베트남,2026-03-01,854239,기타,251092548,3226993,54093,707,247865555
8542,전자집적회로,VN,베트남,2026-03-01,854290,부분품,952430,0,2041,0,952430
8542,전자집적회로,ZA,남아프리카공화국,2026-03-01,854231,프로세서와 컨트롤러[메모리ㆍ변환기ㆍ논리회로ㆍ증폭기ㆍ클록(clock)ㆍ타이밍(timing) 회로나 그 밖의 회로를 갖춘 것인지는 상관없다],153582,0,43,0,153582
8542,전자집적회로,ZA,남아프리카공화국,2026-03-01,854232,메모리,126804,0,48,0,126804
8542,전자집적회로,ZA,남아프리카공화국,2026-03-01,854239,기타,22279,0,86,0,22279
8542,전자집적회로,AE,아랍에미리트 연합,2026-04-01,854231,프로세서와 컨트롤러[메모리ㆍ변환기ㆍ논리회로ㆍ증폭기ㆍ클록(clock)ㆍ타이밍(timing) 회로나 그 밖의 회로를 갖춘 것인지는 상관없다],56974,0,16,0,56974
8542,전자집적회로,AE,아랍에미리트 연합,2026-04-01,854232,메모리,919,1437,4,9,-518
8542,전자집적회로,AE,아랍에미리트 연합,2026-04-01,854239,기타,268,0,1,0,268
8542,전자집적회로,AE,아랍에미리트 연합,2026-04-01,854290,부분품,0,14162,0,162,-14162
8542,전자집적회로,AR,아르헨티나,2026-04-01,854231,프로세서와 컨트롤러[메모리ㆍ변환기ㆍ논리회로ㆍ증폭기ㆍ클록(clock)ㆍ타이밍(timing) 회로나 그 밖의 회로를 갖춘 것인지는 상관없다],54683,0,146,0,54683
8542,전자집적회로,AR,아르헨티나,2026-04-01,854232,메모리,91221,0,322,0,91221
8542,전자집적회로,AR,아르헨티나,2026-04-01,854239,기타,110300,0,369,0,110300
8542,전자집적회로,AT,오스트리아,2026-04-01,854231,프로세서와 컨트롤러[메모리ㆍ변환기ㆍ논리회로ㆍ증폭기ㆍ클록(clock)ㆍ타이밍(timing) 회로나 그 밖의 회로를 갖춘 것인지는 상관없다],5631490,846637,2133,264,4784853
8542,전자집적회로,AT,오스트리아,2026-04-01,854232,메모리,6959221,0,466,0,6959221
8542,전자집적회로,AT,오스트리아,2026-04-01,854233,증폭기,15140,0,15,0,15140
8542,전자집적회로,AT,오스트리아,2026-04-01,854239,기타,261757,1051932,350,212,-790175
8542,전자집적회로,AU,호주,2026-04-01,854232,메모리,47,1136,0,1,-1089
8542,전자집적회로,AU,호주,2026-04-01,854233,증폭기,0,13637,0,9,-13637
8542,전자집적회로,AU,호주,2026-04-01,854239,기타,7637,104863,9,45,-97226
8542,전자집적회로,AU,호주,2026-04-01,854290,부분품,0,83,0,0,-83
8542,전자집적회로,BD,방글라데시,2026-04-01,854231,프로세서와 컨트롤러[메모리ㆍ변환기ㆍ논리회로ㆍ증폭기ㆍ클록(clock)ㆍ타이밍(timing) 회로나 그 밖의 회로를 갖춘 것인지는 상관없다],6389,0,19,0,6389
8542,전자집적회로,BD,방글라데시,2026-04-01,854232,메모리,212128,0,1,0,212128
8542,전자집적회로,BD,방글라데시,2026-04-01,854239,기타,204421,0,27,0,204421
8542,전자집적회로,BE,벨기에,2026-04-01,854231,프로세서와 컨트롤러[메모리ㆍ변환기ㆍ논리회로ㆍ증폭기ㆍ클록(clock)ㆍ타이밍(timing) 회로나 그 밖의 회로를 갖춘 것인지는 상관없다],1229857,0,126,0,1229857
8542,전자집적회로,BE,벨기에,2026-04-01,854233,증폭기,9080,0,2,0,9080
8542,전자집적회로,BE,벨기에,2026-04-01,854239,기타,3947,334168,4,118,-330221
8542,전자집적회로,BG,불가리아,2026-04-01,854239,기타,0,37844,1,130,-37844
8542,전자집적회로,BR,브라질,2026-04-01,854231,프로세서와 컨트롤러[메모리ㆍ변환기ㆍ논리회로ㆍ증폭기ㆍ클록(clock)ㆍ타이밍(timing) 회로나 그 밖의 회로를 갖춘 것인지는 상관없다],93525220,0,5884,0,93525220
8542,전자집적회로,BR,브라질,2026-04-01,854232,메모리,183572381,533,2950,0,183571848
8542,전자집적회로,BR,브라질,2026-04-01,854233,증폭기,145421,0,428,0,145421
8542,전자집적회로,BR,브라질,2026-04-01,854239,기타,4154274,1813,1303,4,4152461
8542,전자집적회로,BY,벨라루스,2026-04-01,854239,기타,0,183688,0,60,-183688
8542,전자집적회로,CA,캐나다,2026-04-01,854231,프로세서와 컨트롤러[메모리ㆍ변환기ㆍ논리회로ㆍ증폭기ㆍ클록(clock)ㆍ타이밍(timing) 회로나 그 밖의 회로를 갖춘 것인지는 상관없다],7093905,22233,332,14,7071672
8542,전자집적회로,CA,캐나다,2026-04-01,854232,메모리,21152898,1747,97,2,21151151
8542,전자집적회로,CA,캐나다,2026-04-01,854233,증폭기,729,0,0,0,729
8542,전자집적회로,CA,캐나다,2026-04-01,854239,기타,121180,198071,19,5796,-76891
8542,전자집적회로,CA,캐나다,2026-04-01,854290,부분품,22246,0,123,0,22246
8542,전자집적회로,CH,스위스,2026-04-01,854231,프로세서와 컨트롤러[메모리ㆍ변환기ㆍ논리회로ㆍ증폭기ㆍ클록(clock)ㆍ타이밍(timing) 회로나 그 밖의 회로를 갖춘 것인지는 상관없다],131926,62282,14,88,69644
8542,전자집적회로,CH,스위스,2026-04-01,854232,메모리,338,84,1,0,254
8542,전자집적회로,CH,스위스,2026-04-01,854233,증폭기,283,11891,0,4,-11608
8542,전자집적회로,CH,스위스,2026-04-01,854239,기타,16649,1200207,9,187,-1183558
8542,전자집적회로,CK,쿡 아일랜드,2026-04-01,854239,기타,467,0,1,0,467
8542,전자집적회로,CL,칠레,2026-04-01,854232,메모리,2513,0,2,0,2513
8542,전자집적회로,CL,칠레,2026-04-01,854239,기타,3,0,0,0,3
8542,전자집적회로,CN,중국,2026-04-01,854231,프로세서와 컨트롤러[메모리ㆍ변환기ㆍ논리회로ㆍ증폭기ㆍ클록(clock)ㆍ타이밍(timing) 회로나 그 밖의 회로를 갖춘 것인지는 상관없다],778711097,170812977,135257,62473,607898120
8542,전자집적회로,CN,중국,2026-04-01,854232,메모리,8659157398,2696204296,102679,45569,5962953102
8542,전자집적회로,CN,중국,2026-04-01,854233,증폭기,2097260,5885512,838,1291,-3788252
8542,전자집적회로,CN,중국,2026-04-01,854239,기타,142055756,150050700,65059,110639,-7994944
8542,전자집적회로,CN,중국,2026-04-01,854290,부분품,9365500,1179272,120216,18175,8186228
8542,전자집적회로,CO,콜롬비아,2026-04-01,854232,메모리,465,0,2,0,465
8542,전자집적회로,CR,코스타리카,2026-04-01,854231,프로세서와 컨트롤러[메모리ㆍ변환기ㆍ논리회로ㆍ증폭기ㆍ클록(clock)ㆍ타이밍(timing) 회로나 그 밖의 회로를 갖춘 것인지는 상관없다],0,71531,0,44,-71531
8542,전자집적회로,CR,코스타리카,2026-04-01,854233,증폭기,0,9459,0,2,-9459
8542,전자집적회로,CR,코스타리카,2026-04-01,854239,기타,0,5199,0,2,-5199
8542,전자집적회로,CY,사이프러스,2026-04-01,854232,메모리,0,108,0,0,-108
8542,전자집적회로,CZ,체코공화국,2026-04-01,854231,프로세서와 컨트롤러[메모리ㆍ변환기ㆍ논리회로ㆍ증폭기ㆍ클록(clock)ㆍ타이밍(timing) 회로나 그 밖의 회로를 갖춘 것인지는 상관없다],6770486,7878,3750,6,6762608
8542,전자집적회로,CZ,체코공화국,2026-04-01,854232,메모리,2740947,0,1180,0,2740947
8542,전자집적회로,CZ,체코공화국,2026-04-01,854233,증폭기,95146,638,7,0,94508
8542,전자집적회로,CZ,체코공화국,2026-04-01,854239,기타,973754,717087,263,1003,256667
8542,전자집적회로,CZ,체코공화국,2026-04-01,854290,부분품,0,6041,0,297,-6041
8542,전자집적회로,DE,독일,2026-04-01,854231,프로세서와 컨트롤러[메모리ㆍ변환기ㆍ논리회로ㆍ증폭기ㆍ클록(clock)ㆍ타이밍(timing) 회로나 그 밖의 회로를 갖춘 것인지는 상관없다],2556311,43359646,902,2387,-40803335
8542,전자집적회로,DE,독일,2026-04-01,854232,메모리,20051448,5512,651,4,20045936
8542,전자집적회로,DE,독일,2026-04-01,854233,증폭기,176205,20408,57,11,155797
8542,전자집적회로,DE,독일,2026-04-01,854239,기타,9479757,20802292,13655,3154,-11322535
8542,전자집적회로,DE,독일,2026-04-01,854290,부분품,32621,1218419,40,2223,-1185798
8542,전자집적회로,DK,덴마크,2026-04-01,854231,프로세서와 컨트롤러[메모리ㆍ변환기ㆍ논리회로ㆍ증폭기ㆍ클록(clock)ㆍ타이밍(timing) 회로나 그 밖의 회로를 갖춘 것인지는 상관없다],308,1325,3,0,-1017
8542,전자집적회로,DK,덴마크,2026-04-01,854232,메모리,1816,2162,1,4,-346
8542,전자집적회로,DK,덴마크,2026-04-01,854233,증폭기,0,1782,0,1,-1782
8542,전자집적회로,DK,덴마크,2026-04-01,854239,기타,42341,10656,185,22,31685
8542,전자집적회로,DK,덴마크,2026-04-01,854290,부분품,0,136080,0,164,-136080
8542,전자집적회로,EC,에쿠아도르,2026-04-01,854232,메모리,131,0,1,0,131
8542,전자집적회로,EE,에스토니아,2026-04-01,854232,메모리,51,0,0,0,51
8542,전자집적회로,EG,이집트,2026-04-01,854231,프로세서와 컨트롤러[메모리ㆍ변환기ㆍ논리회로ㆍ증폭기ㆍ클록(clock)ㆍ타이밍(timing) 회로나 그 밖의 회로를 갖춘 것인지는 상관없다],3661175,498,528,0,3660677
8542,전자집적회로,EG,이집트,2026-04-01,854232,메모리,18159691,0,389,0,18159691
8542,전자집적회로,EG,이집트,2026-04-01,854233,증폭기,54894,0,15,0,54894
8542,전자집적회로,EG,이집트,2026-04-01,854239,기타,658998,0,133,0,658998
8542,전자집적회로,ES,스페인,2026-04-01,854231,프로세서와 컨트롤러[메모리ㆍ변환기ㆍ논리회로ㆍ증폭기ㆍ클록(clock)ㆍ타이밍(timing) 회로나 그 밖의 회로를 갖춘 것인지는 상관없다],5133,0,32,0,5133
8542,전자집적회로,ES,스페인,2026-04-01,854232,메모리,256453,511,38,0,255942
8542,전자집적회로,ES,스페인,2026-04-01,854233,증폭기,11494,0,1,0,11494
8542,전자집적회로,ES,스페인,2026-04-01,854239,기타,1184,77901,3,11,-76717
8542,전자집적회로,ES,스페인,2026-04-01,854290,부분품,28718,0,15,0,28718
8542,전자집적회로,FI,핀란드,2026-04-01,854231,프로세서와 컨트롤러[메모리ㆍ변환기ㆍ논리회로ㆍ증폭기ㆍ클록(clock)ㆍ타이밍(timing) 회로나 그 밖의 회로를 갖춘 것인지는 상관없다],151044,18,70,0,151026
8542,전자집적회로,FI,핀란드,2026-04-01,854232,메모리,2655075,0,22,0,2655075
8542,전자집적회로,FI,핀란드,2026-04-01,854239,기타,9004,0,4,0,9004
8542,전자집적회로,FI,핀란드,2026-04-01,854290,부분품,181022,464,605,1,180558
8542,전자집적회로,FR,프랑스,2026-04-01,854231,프로세서와 컨트롤러[메모리ㆍ변환기ㆍ논리회로ㆍ증폭기ㆍ클록(clock)ㆍ타이밍(timing) 회로나 그 밖의 회로를 갖춘 것인지는 상관없다],15152449,60759078,1975,6149,-45606629
8542,전자집적회로,FR,프랑스,2026-04-01,854232,메모리,10069,1225619,27,466,-1215550
8542,전자집적회로,FR,프랑스,2026-04-01,854233,증폭기,89,98130,0,8,-98041
8542,전자집적회로,FR,프랑스,2026-04-01,854239,기타,125489,7777806,101,1269,-7652317
8542,전자집적회로,FR,프랑스,2026-04-01,854290,부분품,0,915,0,10,-915
8542,전자집적회로,GB,영국,2026-04-01,854231,프로세서와 컨트롤러[메모리ㆍ변환기ㆍ논리회로ㆍ증폭기ㆍ클록(clock)ㆍ타이밍(timing) 회로나 그 밖의 회로를 갖춘 것인지는 상관없다],429516,102170,158,158,327346
8542,전자집적회로,GB,영국,2026-04-01,854232,메모리,629949,2471,46,1,627478
8542,전자집적회로,GB,영국,2026-04-01,854233,증폭기,2870,1568,1,3,1302
8542,전자집적회로,GB,영국,2026-04-01,854239,기타,13684,290604,19,269,-276920
8542,전자집적회로,GB,영국,2026-04-01,854290,부분품,3338,1979,3,7,1359
8542,전자집적회로,GR,그리스,2026-04-01,854232,메모리,969,0,5,0,969
8542,전자집적회로,GR,그리스,2026-04-01,854233,증폭기,4897,4131,3,2,766
8542,전자집적회로,GT,과테말라,2026-04-01,854232,메모리,231,0,1,0,231
8542,전자집적회로,HK,홍콩,2026-04-01,854231,프로세서와 컨트롤러[메모리ㆍ변환기ㆍ논리회로ㆍ증폭기ㆍ클록(clock)ㆍ타이밍(timing) 회로나 그 밖의 회로를 갖춘 것인지는 상관없다],147393197,28807843,53216,4627,118585354
8542,전자집적회로,HK,홍콩,2026-04-01,854232,메모리,3252689268,31936656,89997,3118,3220752612
8542,전자집적회로,HK,홍콩,2026-04-01,854233,증폭기,1052305,488510,1325,114,563795
8542,전자집적회로,HK,홍콩,2026-04-01,854239,기타,153419557,18164450,38067,5158,135255107
8542,전자집적회로,HK,홍콩,2026-04-01,854290,부분품,892900,1622,4611,0,891278
8542,전자집적회로,HR,크로아티아,2026-04-01,854231,프로세서와 컨트롤러[메모리ㆍ변환기ㆍ논리회로ㆍ증폭기ㆍ클록(clock)ㆍ타이밍(timing) 회로나 그 밖의 회로를 갖춘 것인지는 상관없다],98530,0,33,0,98530
8542,전자집적회로,HR,크로아티아,2026-04-01,854239,기타,0,74,0,0,-74
8542,전자집적회로,HU,헝가리,2026-04-01,854231,프로세서와 컨트롤러[메모리ㆍ변환기ㆍ논리회로ㆍ증폭기ㆍ클록(clock)ㆍ타이밍(timing) 회로나 그 밖의 회로를 갖춘 것인지는 상관없다],515057,18366,192,10,496691
8542,전자집적회로,HU,헝가리,2026-04-01,854232,메모리,27388150,383,459,0,27387767
8542,전자집적회로,HU,헝가리,2026-04-01,854233,증폭기,39894,0,1,0,39894
8542,전자집적회로,HU,헝가리,2026-04-01,854239,기타,9244,61304,18,146,-52060
8542,전자집적회로,ID,인도네시아,2026-04-01,854231,프로세서와 컨트롤러[메모리ㆍ변환기ㆍ논리회로ㆍ증폭기ㆍ클록(clock)ㆍ타이밍(timing) 회로나 그 밖의 회로를 갖춘 것인지는 상관없다],20173132,3166523,4825,1556,17006609
8542,전자집적회로,ID,인도네시아,2026-04-01,854232,메모리,75375591,29602,1847,16,75345989
8542,전자집적회로,ID,인도네시아,2026-04-01,854233,증폭기,61949,0,105,0,61949
8542,전자집적회로,ID,인도네시아,2026-04-01,854239,기타,4588406,3482621,3078,2443,1105785
8542,전자집적회로,ID,인도네시아,2026-04-01,854290,부분품,5946,0,11,0,5946
8542,전자집적회로,IE,아일랜드,2026-04-01,854231,프로세서와 컨트롤러[메모리ㆍ변환기ㆍ논리회로ㆍ증폭기ㆍ클록(clock)ㆍ타이밍(timing) 회로나 그 밖의 회로를 갖춘 것인지는 상관없다],141429,1188637,25,127,-1047208
8542,전자집적회로,IE,아일랜드,2026-04-01,854233,증폭기,0,4114,0,3,-4114
8542,전자집적회로,IE,아일랜드,2026-04-01,854239,기타,770,85398,6,12,-84628
8542,전자집적회로,IL,이스라엘,2026-04-01,854231,프로세서와 컨트롤러[메모리ㆍ변환기ㆍ논리회로ㆍ증폭기ㆍ클록(clock)ㆍ타이밍(timing) 회로나 그 밖의 회로를 갖춘 것인지는 상관없다],2519376,158930,893,62,2360446
8542,전자집적회로,IL,이스라엘,2026-04-01,854232,메모리,45282,2001,8,2,43281
8542,전자집적회로,IL,이스라엘,2026-04-01,854233,증폭기,39982,11942,13,0,28040
8542,전자집적회로,IL,이스라엘,2026-04-01,854239,기타,1411955,250641,222,20,1161314
8542,전자집적회로,IL,이스라엘,2026-04-01,854290,부분품,4515,433,0,0,4082
8542,전자집적회로,IN,인도,2026-04-01,854231,프로세서와 컨트롤러[메모리ㆍ변환기ㆍ논리회로ㆍ증폭기ㆍ클록(clock)ㆍ타이밍(timing) 회로나 그 밖의 회로를 갖춘 것인지는 상관없다],206426077,3018392,27075,65,203407685
8542,전자집적회로,IN,인도,2026-04-01,854232,메모리,467711382,3828,3883,1,467707554
8542,전자집적회로,IN,인도,2026-04-01,854233,증폭기,845260,0,830,0,845260
8542,전자집적회로,IN,인도,2026-04-01,854239,기타,21480467,142401,12143,88,21338066
8542,전자집적회로,IN,인도,2026-04-01,854290,부분품,4800,16978,2,13,-12178
8542,전자집적회로,IR,이란,2026-04-01,854231,프로세서와 컨트롤러[메모리ㆍ변환기ㆍ논리회로ㆍ증폭기ㆍ클록(clock)ㆍ타이밍(timing) 회로나 그 밖의 회로를 갖춘 것인지는 상관없다],0,7216,0,0,-7216
8542,전자집적회로,IS,아이슬란드,2026-04-01,854231,프로세서와 컨트롤러[메모리ㆍ변환기ㆍ논리회로ㆍ증폭기ㆍ클록(clock)ㆍ타이밍(timing) 회로나 그 밖의 회로를 갖춘 것인지는 상관없다],9044,2552,9,14,6492
8542,전자집적회로,IT,이탈리아,2026-04-01,854231,프로세서와 컨트롤러[메모리ㆍ변환기ㆍ논리회로ㆍ증폭기ㆍ클록(clock)ㆍ타이밍(timing) 회로나 그 밖의 회로를 갖춘 것인지는 상관없다],965278,11651719,271,893,-10686441
8542,전자집적회로,IT,이탈리아,2026-04-01,854232,메모리,10892,776,36,2,10116
8542,전자집적회로,IT,이탈리아,2026-04-01,854233,증폭기,89739,279051,13,191,-189312
8542,전자집적회로,IT,이탈리아,2026-04-01,854239,기타,146098,8998577,158,3033,-8852479
8542,전자집적회로,IT,이탈리아,2026-04-01,854290,부분품,12762,21586,61,33,-8824
8542,전자집적회로,JO,요르단,2026-04-01,854232,메모리,146,0,1,0,146
8542,전자집적회로,JP,일본,2026-04-01,854231,프로세서와 컨트롤러[메모리ㆍ변환기ㆍ논리회로ㆍ증폭기ㆍ클록(clock)ㆍ타이밍(timing) 회로나 그 밖의 회로를 갖춘 것인지는 상관없다],53423899,582964159,12659,12360,-529540260
8542,전자집적회로,JP,일본,2026-04-01,854232,메모리,138989011,21785933,1857,767,117203078
8542,전자집적회로,JP,일본,2026-04-01,854233,증폭기,15048,254588,88,90,-239540
8542,전자집적회로,JP,일본,2026-04-01,854239,기타,3217295,91370666,4171,27033,-88153371
8542,전자집적회로,JP,일본,2026-04-01,854290,부분품,366876,1084377,8334,6932,-717501
8542,전자집적회로,KE,케냐,2026-04-01,854232,메모리,370,0,0,0,370
8542,전자집적회로,KZ,카자흐스탄,2026-04-01,854232,메모리,1152,0,6,0,1152
8542,전자집적회로,LK,스리랑카,2026-04-01,854239,기타,0,1201,0,1,-1201
8542,전자집적회로,LT,리투아니아,2026-04-01,854231,프로세서와 컨트롤러[메모리ㆍ변환기ㆍ논리회로ㆍ증폭기ㆍ클록(clock)ㆍ타이밍(timing) 회로나 그 밖의 회로를 갖춘 것인지는 상관없다],0,432,0,0,-432
8542,전자집적회로,LT,리투아니아,2026-04-01,854232,메모리,79,0,0,0,79
8542,전자집적회로,LU,룩셈부르그,2026-04-01,854232,메모리,104,450,0,0,-346
8542,전자집적회로,LV,라트비아,2026-04-01,854231,프로세서와 컨트롤러[메모리ㆍ변환기ㆍ논리회로ㆍ증폭기ㆍ클록(clock)ㆍ타이밍(timing) 회로나 그 밖의 회로를 갖춘 것인지는 상관없다],0,1442,0,0,-1442
8542,전자집적회로,LV,라트비아,2026-04-01,854232,메모리,407,0,2,0,407
8542,전자집적회로,LV,라트비아,2026-04-01,854233,증폭기,11742,0,1,0,11742
8542,전자집적회로,MA,모로코,2026-04-01,854231,프로세서와 컨트롤러[메모리ㆍ변환기ㆍ논리회로ㆍ증폭기ㆍ클록(clock)ㆍ타이밍(timing) 회로나 그 밖의 회로를 갖춘 것인지는 상관없다],0,9478,0,14,-9478
8542,전자집적회로,MA,모로코,2026-04-01,854232,메모리,1256,0,3,0,1256
8542,전자집적회로,MA,모로코,2026-04-01,854233,증폭기,0,13656,0,52,-13656
8542,전자집적회로,MA,모로코,2026-04-01,854239,기타,0,569177,0,2075,-569177
8542,전자집적회로,MA,모로코,2026-04-01,854290,부분품,287092,0,4592,0,287092
8542,전자집적회로,MC,모나코,2026-04-01,854231,프로세서와 컨트롤러[메모리ㆍ변환기ㆍ논리회로ㆍ증폭기ㆍ클록(clock)ㆍ타이밍(timing) 회로나 그 밖의 회로를 갖춘 것인지는 상관없다],7838,0,4,0,7838
8542,전자집적회로,MC,모나코,2026-04-01,854239,기타,0,67,0,0,-67
8542,전자집적회로,MK,마세도니아,2026-04-01,854239,기타,0,894,0,3,-894
8542,전자집적회로,MM,미얀마,2026-04-01,854231,프로세서와 컨트롤러[메모리ㆍ변환기ㆍ논리회로ㆍ증폭기ㆍ클록(clock)ㆍ타이밍(timing) 회로나 그 밖의 회로를 갖춘 것인지는 상관없다],1138700,0,103,0,1138700
8542,전자집적회로,MO,마카오,2026-04-01,854231,프로세서와 컨트롤러[메모리ㆍ변환기ㆍ논리회로ㆍ증폭기ㆍ클록(clock)ㆍ타이밍(timing) 회로나 그 밖의 회로를 갖춘 것인지는 상관없다],55,0,1,0,55
8542,전자집적회로,MT,몰타,2026-04-01,854231,프로세서와 컨트롤러[메모리ㆍ변환기ㆍ논리회로ㆍ증폭기ㆍ클록(clock)ㆍ타이밍(timing) 회로나 그 밖의 회로를 갖춘 것인지는 상관없다],3870181,497627,3354,104,3372554
8542,전자집적회로,MT,몰타,2026-04-01,854239,기타,16645,335412,62,62,-318767
8542,전자집적회로,MT,몰타,2026-04-01,854290,부분품,2708329,0,15626,0,2708329
8542,전자집적회로,MX,멕시코,2026-04-01,854231,프로세서와 컨트롤러[메모리ㆍ변환기ㆍ논리회로ㆍ증폭기ㆍ클록(clock)ㆍ타이밍(timing) 회로나 그 밖의 회로를 갖춘 것인지는 상관없다],12996895,479993,10550,784,12516902
8542,전자집적회로,MX,멕시코,2026-04-01,854232,메모리,18900687,5197,1940,2,18895490
8542,전자집적회로,MX,멕시코,2026-04-01,854233,증폭기,441232,1731981,246,560,-1290749
8542,전자집적회로,MX,멕시코,2026-04-01,854239,기타,15097208,1606701,6143,743,13490507
8542,전자집적회로,MX,멕시코,2026-04-01,854290,부분품,83677,0,940,0,83677
8542,전자집적회로,MY,말레이시아,2026-04-01,854231,프로세서와 컨트롤러[메모리ㆍ변환기ㆍ논리회로ㆍ증폭기ㆍ클록(clock)ㆍ타이밍(timing) 회로나 그 밖의 회로를 갖춘 것인지는 상관없다],135632817,123329244,48274,14900,12303573
8542,전자집적회로,MY,말레이시아,2026-04-01,854232,메모리,493121186,3348241,3595,138,489772945
8542,전자집적회로,MY,말레이시아,2026-04-01,854233,증폭기,5925,5702406,1,2684,-5696481
8542,전자집적회로,MY,말레이시아,2026-04-01,854239,기타,41061788,49767528,23277,20707,-8705740
8542,전자집적회로,MY,말레이시아,2026-04-01,854290,부분품,4861880,37427,60177,14,4824453
8542,전자집적회로,NA,나미비아,2026-04-01,854232,메모리,0,136,0,0,-136
8542,전자집적회로,NG,나이지리아,2026-04-01,854231,프로세서와 컨트롤러[메모리ㆍ변환기ㆍ논리회로ㆍ증폭기ㆍ클록(clock)ㆍ타이밍(timing) 회로나 그 밖의 회로를 갖춘 것인지는 상관없다],60450,0,43,0,60450
8542,전자집적회로,NG,나이지리아,2026-04-01,854232,메모리,400,0,2,0,400
8542,전자집적회로,NL,네덜란드,2026-04-01,854231,프로세서와 컨트롤러[메모리ㆍ변환기ㆍ논리회로ㆍ증폭기ㆍ클록(clock)ㆍ타이밍(timing) 회로나 그 밖의 회로를 갖춘 것인지는 상관없다],1235793,6199,119,23,1229594
8542,전자집적회로,NL,네덜란드,2026-04-01,854232,메모리,30199302,1518,1108,2,30197784
8542,전자집적회로,NL,네덜란드,2026-04-01,854233,증폭기,0,360810,0,14,-360810
8542,전자집적회로,NL,네덜란드,2026-04-01,854239,기타,146305,75122,453,53,71183
8542,전자집적회로,NO,노르웨이,2026-04-01,854231,프로세서와 컨트롤러[메모리ㆍ변환기ㆍ논리회로ㆍ증폭기ㆍ클록(clock)ㆍ타이밍(timing) 회로나 그 밖의 회로를 갖춘 것인지는 상관없다],0,1714,0,2,-1714
8542,전자집적회로,NO,노르웨이,2026-04-01,854233,증폭기,68,14925,1,71,-14857
8542,전자집적회로,NO,노르웨이,2026-04-01,854239,기타,318,0,3,0,318
8542,전자집적회로,NZ,뉴질랜드,2026-04-01,854232,메모리,13,0,0,0,13
8542,전자집적회로,NZ,뉴질랜드,2026-04-01,854233,증폭기,950,0,26,0,950
8542,전자집적회로,PA,파나마,2026-04-01,854232,메모리,144,0,1,0,144
8542,전자집적회로,PE,페루,2026-04-01,854232,메모리,327,0,2,0,327
8542,전자집적회로,PH,필리핀,2026-04-01,854231,프로세서와 컨트롤러[메모리ㆍ변환기ㆍ논리회로ㆍ증폭기ㆍ클록(clock)ㆍ타이밍(timing) 회로나 그 밖의 회로를 갖춘 것인지는 상관없다],49642418,25409909,25765,11367,24232509
8542,전자집적회로,PH,필리핀,2026-04-01,854232,메모리,578668417,303894,7389,117,578364523
8542,전자집적회로,PH,필리핀,2026-04-01,854233,증폭기,4950,636618,1,364,-631668
8542,전자집적회로,PH,필리핀,2026-04-01,854239,기타,16056913,28630168,12020,12319,-12573255
8542,전자집적회로,PH,필리핀,2026-04-01,854290,부분품,5679880,192213,65111,6871,5487667
8542,전자집적회로,PK,파키스탄,2026-04-01,854231,프로세서와 컨트롤러[메모리ㆍ변환기ㆍ논리회로ㆍ증폭기ㆍ클록(clock)ㆍ타이밍(timing) 회로나 그 밖의 회로를 갖춘 것인지는 상관없다],187226,0,803,0,187226
8542,전자집적회로,PL,폴란드,2026-04-01,854231,프로세서와 컨트롤러[메모리ㆍ변환기ㆍ논리회로ㆍ증폭기ㆍ클록(clock)ㆍ타이밍(timing) 회로나 그 밖의 회로를 갖춘 것인지는 상관없다],9747999,9321,3279,38,9738678
8542,전자집적회로,PL,폴란드,2026-04-01,854232,메모리,12575285,0,1305,0,12575285
8542,전자집적회로,PL,폴란드,2026-04-01,854233,증폭기,725497,0,582,0,725497
8542,전자집적회로,PL,폴란드,2026-04-01,854239,기타,5418340,22150,1761,39,5396190
8542,전자집적회로,PT,포루투갈,2026-04-01,854231,프로세서와 컨트롤러[메모리ㆍ변환기ㆍ논리회로ㆍ증폭기ㆍ클록(clock)ㆍ타이밍(timing) 회로나 그 밖의 회로를 갖춘 것인지는 상관없다],3688963,418848,881,7,3270115
8542,전자집적회로,PT,포루투갈,2026-04-01,854232,메모리,6950385,0,153,0,6950385
8542,전자집적회로,PT,포루투갈,2026-04-01,854239,기타,0,1283740,0,49,-1283740
8542,전자집적회로,PT,포루투갈,2026-04-01,854290,부분품,8330,0,125,0,8330
8542,전자집적회로,QA,카타르,2026-04-01,854239,기타,405,0,7,0,405
8542,전자집적회로,RO,루마니아,2026-04-01,854231,프로세서와 컨트롤러[메모리ㆍ변환기ㆍ논리회로ㆍ증폭기ㆍ클록(clock)ㆍ타이밍(timing) 회로나 그 밖의 회로를 갖춘 것인지는 상관없다],59610,33650,18,46,25960
8542,전자집적회로,RO,루마니아,2026-04-01,854232,메모리,2564,1376,6,0,1188
8542,전자집적회로,RO,루마니아,2026-04-01,854233,증폭기,14250,0,12,0,14250
8542,전자집적회로,RO,루마니아,2026-04-01,854239,기타,166715,0,73,0,166715
8542,전자집적회로,RS,세르비아,2026-04-01,854232,메모리,97,0,0,0,97
8542,전자집적회로,RS,세르비아,2026-04-01,854239,기타,939532,29,162,0,939503
8542,전자집적회로,SA,사우디아라비아,2026-04-01,854232,메모리,1762,0,4,0,1762
8542,전자집적회로,SE,스웨덴,2026-04-01,854231,프로세서와 컨트롤러[메모리ㆍ변환기ㆍ논리회로ㆍ증폭기ㆍ클록(clock)ㆍ타이밍(timing) 회로나 그 밖의 회로를 갖춘 것인지는 상관없다],3642926,28924,1187,2,3614002
8542,전자집적회로,SE,스웨덴,2026-04-01,854232,메모리,30744,0,23,0,30744
8542,전자집적회로,SE,스웨덴,2026-04-01,854233,증폭기,8187,0,2,0,8187
8542,전자집적회로,SE,스웨덴,2026-04-01,854239,기타,57811,0,14,0,57811
8542,전자집적회로,SG,싱가포르,2026-04-01,854231,프로세서와 컨트롤러[메모리ㆍ변환기ㆍ논리회로ㆍ증폭기ㆍ클록(clock)ㆍ타이밍(timing) 회로나 그 밖의 회로를 갖춘 것인지는 상관없다],397887901,250543511,76582,15728,147344390
8542,전자집적회로,SG,싱가포르,2026-04-01,854232,메모리,130429183,293578635,1350,1782,-163149452
8542,전자집적회로,SG,싱가포르,2026-04-01,854233,증폭기,6809,7849577,11,364,-7842768
8542,전자집적회로,SG,싱가포르,2026-04-01,854239,기타,8980702,34650429,26524,8861,-25669727
8542,전자집적회로,SG,싱가포르,2026-04-01,854290,부분품,1960694,13654,32075,70,1947040
8542,전자집적회로,SI,슬로베니아,2026-04-01,854231,프로세서와 컨트롤러[메모리ㆍ변환기ㆍ논리회로ㆍ증폭기ㆍ클록(clock)ㆍ타이밍(timing) 회로나 그 밖의 회로를 갖춘 것인지는 상관없다],0,202,0,0,-202
8542,전자집적회로,SI,슬로베니아,2026-04-01,854239,기타,0,23790,0,12,-23790
8542,전자집적회로,SI,슬로베니아,2026-04-01,854290,부분품,40779,0,1,0,40779
8542,전자집적회로,SK,슬로바키아,2026-04-01,854231,프로세서와 컨트롤러[메모리ㆍ변환기ㆍ논리회로ㆍ증폭기ㆍ클록(clock)ㆍ타이밍(timing) 회로나 그 밖의 회로를 갖춘 것인지는 상관없다],60352,433822,27,20,-373470
8542,전자집적회로,SK,슬로바키아,2026-04-01,854232,메모리,1189994,0,95,0,1189994
8542,전자집적회로,SK,슬로바키아,2026-04-01,854239,기타,24975,295,119,0,24680
8542,전자집적회로,SV,엘살바도르,2026-04-01,854239,기타,0,1849,0,4,-1849
8542,전자집적회로,TH,태국,2026-04-01,854231,프로세서와 컨트롤러[메모리ㆍ변환기ㆍ논리회로ㆍ증폭기ㆍ클록(clock)ㆍ타이밍(timing) 회로나 그 밖의 회로를 갖춘 것인지는 상관없다],33139502,13566832,14395,7889,19572670
8542,전자집적회로,TH,태국,2026-04-01,854232,메모리,214130704,1418639,2934,601,212712065
8542,전자집적회로,TH,태국,2026-04-01,854233,증폭기,19892,675370,34,293,-655478
8542,전자집적회로,TH,태국,2026-04-01,854239,기타,9770108,41473344,5463,15309,-31703236
8542,전자집적회로,TH,태국,2026-04-01,854290,부분품,5994581,50827,65478,63,5943754
8542,전자집적회로,TR,튀르키예,2026-04-01,854231,프로세서와 컨트롤러[메모리ㆍ변환기ㆍ논리회로ㆍ증폭기ㆍ클록(clock)ㆍ타이밍(timing) 회로나 그 밖의 회로를 갖춘 것인지는 상관없다],2237180,906952,125,34,1330228
8542,전자집적회로,TR,튀르키예,2026-04-01,854232,메모리,10260888,408,210,0,10260480
8542,전자집적회로,TR,튀르키예,2026-04-01,854233,증폭기,359198,4726,140,0,354472
8542,전자집적회로,TR,튀르키예,2026-04-01,854239,기타,2325355,11282,541,1,2314073
8542,전자집적회로,TT,트리니다드 토바고,2026-04-01,854239,기타,0,2495,0,1,-2495
8542,전자집적회로,TW,대만,2026-04-01,854231,프로세서와 컨트롤러[메모리ㆍ변환기ㆍ논리회로ㆍ증폭기ㆍ클록(clock)ㆍ타이밍(timing) 회로나 그 밖의 회로를 갖춘 것인지는 상관없다],291350623,1814095338,97821,114488,-1522744715
8542,전자집적회로,TW,대만,2026-04-01,854232,메모리,3491369601,390781853,29793,14355,3100587748
8542,전자집적회로,TW,대만,2026-04-01,854233,증폭기,142090,9721902,19,1534,-9579812
8542,전자집적회로,TW,대만,2026-04-01,854239,기타,125499109,317604734,18935,54715,-192105625
8542,전자집적회로,TW,대만,2026-04-01,854290,부분품,6232437,573305,67630,1394,5659132
8542,전자집적회로,UA,우크라이나,2026-04-01,854231,프로세서와 컨트롤러[메모리ㆍ변환기ㆍ논리회로ㆍ증폭기ㆍ클록(clock)ㆍ타이밍(timing) 회로나 그 밖의 회로를 갖춘 것인지는 상관없다],564,0,3,0,564
8542,전자집적회로,US,미국,2026-04-01,854231,프로세서와 컨트롤러[메모리ㆍ변환기ㆍ논리회로ㆍ증폭기ㆍ클록(clock)ㆍ타이밍(timing) 회로나 그 밖의 회로를 갖춘 것인지는 상관없다],136320085,116907583,38792,8826,19412502
8542,전자집적회로,US,미국,2026-04-01,854232,메모리,175807266,2455745,2207,478,173351521
8542,전자집적회로,US,미국,2026-04-01,854233,증폭기,189395,1251340,75,200,-1061945
8542,전자집적회로,US,미국,2026-04-01,854239,기타,7033378,50169547,9178,8280,-43136169
8542,전자집적회로,US,미국,2026-04-01,854290,부분품,529010,142758,286,105,386252
8542,전자집적회로,VN,베트남,2026-04-01,854231,프로세서와 컨트롤러[메모리ㆍ변환기ㆍ논리회로ㆍ증폭기ㆍ클록(clock)ㆍ타이밍(timing) 회로나 그 밖의 회로를 갖춘 것인지는 상관없다],1108304508,6789043,98756,7257,1101515465
8542,전자집적회로,VN,베트남,2026-04-01,854232,메모리,2788145518,9736491,60237,893,2778409027
8542,전자집적회로,VN,베트남,2026-04-01,854233,증폭기,6962080,6066,1604,2,6956014
8542,전자집적회로,VN,베트남,2026-04-01,854239,기타,240267579,4981222,56996,476,235286357
8542,전자집적회로,VN,베트남,2026-04-01,854290,부분품,1021224,0,2280,0,1021224
8542,전자집적회로,ZA,남아프리카공화국,2026-04-01,854231,프로세서와 컨트롤러[메모리ㆍ변환기ㆍ논리회로ㆍ증폭기ㆍ클록(clock)ㆍ타이밍(timing) 회로나 그 밖의 회로를 갖춘 것인지는 상관없다],153478,0,12,0,153478
8542,전자집적회로,ZA,남아프리카공화국,2026-04-01,854232,메모리,98427,0,10,0,98427
8542,전자집적회로,ZA,남아프리카공화국,2026-04-01,854239,기타,22445,0,35,0,22445
8542,전자집적회로,AE,아랍에미리트 연합,2026-05-01,854232,메모리,17,0,0,0,17
8542,전자집적회로,AE,아랍에미리트 연합,2026-05-01,854233,증폭기,0,221,0,2,-221
8542,전자집적회로,AR,아르헨티나,2026-05-01,854231,프로세서와 컨트롤러[메모리ㆍ변환기ㆍ논리회로ㆍ증폭기ㆍ클록(clock)ㆍ타이밍(timing) 회로나 그 밖의 회로를 갖춘 것인지는 상관없다],102783,0,92,0,102783
8542,전자집적회로,AR,아르헨티나,2026-05-01,854232,메모리,31626,0,14,0,31626
8542,전자집적회로,AR,아르헨티나,2026-05-01,854239,기타,431760,0,278,0,431760
8542,전자집적회로,AT,오스트리아,2026-05-01,854231,프로세서와 컨트롤러[메모리ㆍ변환기ㆍ논리회로ㆍ증폭기ㆍ클록(clock)ㆍ타이밍(timing) 회로나 그 밖의 회로를 갖춘 것인지는 상관없다],3392028,263834,1251,60,3128194
8542,전자집적회로,AT,오스트리아,2026-05-01,854232,메모리,7967698,0,160,0,7967698
8542,전자집적회로,AT,오스트리아,2026-05-01,854233,증폭기,19428,932,13,1,18496
8542,전자집적회로,AT,오스트리아,2026-05-01,854239,기타,326360,1119981,439,275,-793621
8542,전자집적회로,AT,오스트리아,2026-05-01,854290,부분품,0,215,0,0,-215
8542,전자집적회로,AU,호주,2026-05-01,854233,증폭기,59350,3616,3,2,55734
8542,전자집적회로,AU,호주,2026-05-01,854239,기타,2676,1661,5,1,1015
8542,전자집적회로,AU,호주,2026-05-01,854290,부분품,0,116,0,0,-116
8542,전자집적회로,BD,방글라데시,2026-05-01,854232,메모리,189514,0,1,0,189514
8542,전자집적회로,BD,방글라데시,2026-05-01,854239,기타,305294,0,52,0,305294
8542,전자집적회로,BE,벨기에,2026-05-01,854231,프로세서와 컨트롤러[메모리ㆍ변환기ㆍ논리회로ㆍ증폭기ㆍ클록(clock)ㆍ타이밍(timing) 회로나 그 밖의 회로를 갖춘 것인지는 상관없다],1194951,43374,137,2,1151577
8542,전자집적회로,BE,벨기에,2026-05-01,854232,메모리,41,0,0,0,41
8542,전자집적회로,BE,벨기에,2026-05-01,854239,기타,72408,59073,9,16,13335
8542,전자집적회로,BG,불가리아,2026-05-01,854231,프로세서와 컨트롤러[메모리ㆍ변환기ㆍ논리회로ㆍ증폭기ㆍ클록(clock)ㆍ타이밍(timing) 회로나 그 밖의 회로를 갖춘 것인지는 상관없다],30150,0,1,0,30150
8542,전자집적회로,BG,불가리아,2026-05-01,854232,메모리,293,0,0,0,293
8542,전자집적회로,BG,불가리아,2026-05-01,854239,기타,0,424846,0,106,-424846
8542,전자집적회로,BR,브라질,2026-05-01,854231,프로세서와 컨트롤러[메모리ㆍ변환기ㆍ논리회로ㆍ증폭기ㆍ클록(clock)ㆍ타이밍(timing) 회로나 그 밖의 회로를 갖춘 것인지는 상관없다],63473565,988,3683,6,63472577
8542,전자집적회로,BR,브라질,2026-05-01,854232,메모리,160320330,594,2253,0,160319736
8542,전자집적회로,BR,브라질,2026-05-01,854233,증폭기,171242,0,399,0,171242
8542,전자집적회로,BR,브라질,2026-05-01,854239,기타,1753228,2124,804,3,1751104
8542,전자집적회로,BY,벨라루스,2026-05-01,854239,기타,0,184983,0,79,-184983
8542,전자집적회로,CA,캐나다,2026-05-01,854231,프로세서와 컨트롤러[메모리ㆍ변환기ㆍ논리회로ㆍ증폭기ㆍ클록(clock)ㆍ타이밍(timing) 회로나 그 밖의 회로를 갖춘 것인지는 상관없다],7208671,56564,218,9,7152107
8542,전자집적회로,CA,캐나다,2026-05-01,854232,메모리,35833527,1050,175,0,35832477
8542,전자집적회로,CA,캐나다,2026-05-01,854233,증폭기,15565,0,2,0,15565
8542,전자집적회로,CA,캐나다,2026-05-01,854239,기타,719216,332273,37,673,386943
8542,전자집적회로,CH,스위스,2026-05-01,854231,프로세서와 컨트롤러[메모리ㆍ변환기ㆍ논리회로ㆍ증폭기ㆍ클록(clock)ㆍ타이밍(timing) 회로나 그 밖의 회로를 갖춘 것인지는 상관없다],202149,78684,20,69,123465
8542,전자집적회로,CH,스위스,2026-05-01,854232,메모리,102,0,1,0,102
8542,전자집적회로,CH,스위스,2026-05-01,854233,증폭기,0,16402,0,16,-16402
8542,전자집적회로,CH,스위스,2026-05-01,854239,기타,4495,1344529,15,227,-1340034
8542,전자집적회로,CH,스위스,2026-05-01,854290,부분품,0,1349,0,15,-1349
8542,전자집적회로,CM,카메룬,2026-05-01,854239,기타,0,261,0,1,-261
8542,전자집적회로,CN,중국,2026-05-01,854231,프로세서와 컨트롤러[메모리ㆍ변환기ㆍ논리회로ㆍ증폭기ㆍ클록(clock)ㆍ타이밍(timing) 회로나 그 밖의 회로를 갖춘 것인지는 상관없다],753770114,184950772,135694,52332,568819342
8542,전자집적회로,CN,중국,2026-05-01,854232,메모리,10458364837,2887207695,106538,46061,7571157142
8542,전자집적회로,CN,중국,2026-05-01,854233,증폭기,1421724,4602031,830,979,-3180307
8542,전자집적회로,CN,중국,2026-05-01,854239,기타,147254219,130039433,53642,98648,17214786
8542,전자집적회로,CN,중국,2026-05-01,854290,부분품,9510758,833559,100505,12141,8677199
8542,전자집적회로,CO,콜롬비아,2026-05-01,854232,메모리,33,0,0,0,33
8542,전자집적회로,CR,코스타리카,2026-05-01,854231,프로세서와 컨트롤러[메모리ㆍ변환기ㆍ논리회로ㆍ증폭기ㆍ클록(clock)ㆍ타이밍(timing) 회로나 그 밖의 회로를 갖춘 것인지는 상관없다],0,569054,0,54,-569054
8542,전자집적회로,CR,코스타리카,2026-05-01,854239,기타,0,12423,0,4,-12423
8542,전자집적회로,CZ,체코공화국,2026-05-01,854231,프로세서와 컨트롤러[메모리ㆍ변환기ㆍ논리회로ㆍ증폭기ㆍ클록(clock)ㆍ타이밍(timing) 회로나 그 밖의 회로를 갖춘 것인지는 상관없다],11284851,0,4838,0,11284851
8542,전자집적회로,CZ,체코공화국,2026-05-01,854232,메모리,4451661,168,562,0,4451493
8542,전자집적회로,CZ,체코공화국,2026-05-01,854233,증폭기,193820,0,6,0,193820
8542,전자집적회로,CZ,체코공화국,2026-05-01,854239,기타,1219223,463925,220,583,755298
8542,전자집적회로,CZ,체코공화국,2026-05-01,854290,부분품,0,8187,0,410,-8187
8542,전자집적회로,DE,독일,2026-05-01,854231,프로세서와 컨트롤러[메모리ㆍ변환기ㆍ논리회로ㆍ증폭기ㆍ클록(clock)ㆍ타이밍(timing) 회로나 그 밖의 회로를 갖춘 것인지는 상관없다],2542240,29362632,774,2194,-26820392
8542,전자집적회로,DE,독일,2026-05-01,854232,메모리,33458051,19832,1093,8,33438219
8542,전자집적회로,DE,독일,2026-05-01,854233,증폭기,157134,8402,55,11,148732
8542,전자집적회로,DE,독일,2026-05-01,854239,기타,9965129,24716548,14353,3670,-14751419
8542,전자집적회로,DE,독일,2026-05-01,854290,부분품,11379,221619,13,172,-210240
8542,전자집적회로,DK,덴마크,2026-05-01,854231,프로세서와 컨트롤러[메모리ㆍ변환기ㆍ논리회로ㆍ증폭기ㆍ클록(clock)ㆍ타이밍(timing) 회로나 그 밖의 회로를 갖춘 것인지는 상관없다],12857,1388,6,2,11469
8542,전자집적회로,DK,덴마크,2026-05-01,854232,메모리,0,457,0,1,-457
8542,전자집적회로,DK,덴마크,2026-05-01,854239,기타,39961,0,166,0,39961
8542,전자집적회로,DK,덴마크,2026-05-01,854290,부분품,0,54304,0,92,-54304
8542,전자집적회로,EE,에스토니아,2026-05-01,854232,메모리,64605,0,0,0,64605
8542,전자집적회로,EG,이집트,2026-05-01,854231,프로세서와 컨트롤러[메모리ㆍ변환기ㆍ논리회로ㆍ증폭기ㆍ클록(clock)ㆍ타이밍(timing) 회로나 그 밖의 회로를 갖춘 것인지는 상관없다],3933796,0,701,0,3933796
8542,전자집적회로,EG,이집트,2026-05-01,854232,메모리,20897084,0,382,0,20897084
8542,전자집적회로,EG,이집트,2026-05-01,854233,증폭기,17935,0,18,0,17935
8542,전자집적회로,EG,이집트,2026-05-01,854239,기타,916258,0,207,0,916258
8542,전자집적회로,ES,스페인,2026-05-01,854231,프로세서와 컨트롤러[메모리ㆍ변환기ㆍ논리회로ㆍ증폭기ㆍ클록(clock)ㆍ타이밍(timing) 회로나 그 밖의 회로를 갖춘 것인지는 상관없다],629,55071,4,6,-54442
8542,전자집적회로,ES,스페인,2026-05-01,854232,메모리,260224,0,17,0,260224
8542,전자집적회로,ES,스페인,2026-05-01,854233,증폭기,11900,0,7,0,11900
8542,전자집적회로,ES,스페인,2026-05-01,854239,기타,100,55759,0,9,-55659
8542,전자집적회로,ES,스페인,2026-05-01,854290,부분품,10611,0,6,0,10611
8542,전자집적회로,ET,에티오피아,2026-05-01,854232,메모리,0,60,0,0,-60
8542,전자집적회로,FI,핀란드,2026-05-01,854231,프로세서와 컨트롤러[메모리ㆍ변환기ㆍ논리회로ㆍ증폭기ㆍ클록(clock)ㆍ타이밍(timing) 회로나 그 밖의 회로를 갖춘 것인지는 상관없다],4011,13598,2,9,-9587
8542,전자집적회로,FI,핀란드,2026-05-01,854233,증폭기,3104,0,0,0,3104
8542,전자집적회로,FI,핀란드,2026-05-01,854239,기타,0,560,0,1,-560
8542,전자집적회로,FI,핀란드,2026-05-01,854290,부분품,303407,0,1005,0,303407
8542,전자집적회로,FR,프랑스,2026-05-01,854231,프로세서와 컨트롤러[메모리ㆍ변환기ㆍ논리회로ㆍ증폭기ㆍ클록(clock)ㆍ타이밍(timing) 회로나 그 밖의 회로를 갖춘 것인지는 상관없다],8983016,46961235,1319,4555,-37978219
8542,전자집적회로,FR,프랑스,2026-05-01,854232,메모리,7278,1123875,1,448,-1116597
8542,전자집적회로,FR,프랑스,2026-05-01,854233,증폭기,13730,46988,13,14,-33258
8542,전자집적회로,FR,프랑스,2026-05-01,854239,기타,58834,5396429,41,684,-5337595
8542,전자집적회로,FR,프랑스,2026-05-01,854290,부분품,0,4719,0,1,-4719
8542,전자집적회로,GB,영국,2026-05-01,854231,프로세서와 컨트롤러[메모리ㆍ변환기ㆍ논리회로ㆍ증폭기ㆍ클록(clock)ㆍ타이밍(timing) 회로나 그 밖의 회로를 갖춘 것인지는 상관없다],481606,157843,165,269,323763
8542,전자집적회로,GB,영국,2026-05-01,854232,메모리,1881105,13203,71,5,1867902
8542,전자집적회로,GB,영국,2026-05-01,854233,증폭기,0,19269,0,120,-19269
8542,전자집적회로,GB,영국,2026-05-01,854239,기타,119372,102549,36,32,16823
8542,전자집적회로,GB,영국,2026-05-01,854290,부분품,2609,3462,3,6,-853
8542,전자집적회로,HK,홍콩,2026-05-01,854231,프로세서와 컨트롤러[메모리ㆍ변환기ㆍ논리회로ㆍ증폭기ㆍ클록(clock)ㆍ타이밍(timing) 회로나 그 밖의 회로를 갖춘 것인지는 상관없다],76289084,47817840,44241,6119,28471244
8542,전자집적회로,HK,홍콩,2026-05-01,854232,메모리,4063342545,56177006,87405,3691,4007165539
8542,전자집적회로,HK,홍콩,2026-05-01,854233,증폭기,1076533,143092,1323,67,933441
8542,전자집적회로,HK,홍콩,2026-05-01,854239,기타,179250313,14813615,39823,4843,164436698
8542,전자집적회로,HK,홍콩,2026-05-01,854290,부분품,552613,875,3726,2,551738
8542,전자집적회로,HR,크로아티아,2026-05-01,854239,기타,3500,0,0,0,3500
8542,전자집적회로,HU,헝가리,2026-05-01,854231,프로세서와 컨트롤러[메모리ㆍ변환기ㆍ논리회로ㆍ증폭기ㆍ클록(clock)ㆍ타이밍(timing) 회로나 그 밖의 회로를 갖춘 것인지는 상관없다],648932,23580,217,7,625352
8542,전자집적회로,HU,헝가리,2026-05-01,854232,메모리,13290180,231616,238,130,13058564
8542,전자집적회로,HU,헝가리,2026-05-01,854233,증폭기,39894,0,1,0,39894
8542,전자집적회로,HU,헝가리,2026-05-01,854239,기타,53111,2948,86,6,50163
8542,전자집적회로,ID,인도네시아,2026-05-01,854231,프로세서와 컨트롤러[메모리ㆍ변환기ㆍ논리회로ㆍ증폭기ㆍ클록(clock)ㆍ타이밍(timing) 회로나 그 밖의 회로를 갖춘 것인지는 상관없다],11923200,2207234,3314,1471,9715966
8542,전자집적회로,ID,인도네시아,2026-05-01,854232,메모리,83655997,10211,3747,6,83645786
8542,전자집적회로,ID,인도네시아,2026-05-01,854233,증폭기,49458,33,43,1,49425
8542,전자집적회로,ID,인도네시아,2026-05-01,854239,기타,8789701,3222206,2937,2044,5567495
8542,전자집적회로,ID,인도네시아,2026-05-01,854290,부분품,56636,0,1047,0,56636
8542,전자집적회로,IE,아일랜드,2026-05-01,854231,프로세서와 컨트롤러[메모리ㆍ변환기ㆍ논리회로ㆍ증폭기ㆍ클록(clock)ㆍ타이밍(timing) 회로나 그 밖의 회로를 갖춘 것인지는 상관없다],88357,702995,9,54,-614638
8542,전자집적회로,IE,아일랜드,2026-05-01,854232,메모리,68,0,0,0,68
8542,전자집적회로,IE,아일랜드,2026-05-01,854233,증폭기,0,52,0,0,-52
8542,전자집적회로,IE,아일랜드,2026-05-01,854239,기타,94577,46109,25,9,48468
8542,전자집적회로,IL,이스라엘,2026-05-01,854231,프로세서와 컨트롤러[메모리ㆍ변환기ㆍ논리회로ㆍ증폭기ㆍ클록(clock)ㆍ타이밍(timing) 회로나 그 밖의 회로를 갖춘 것인지는 상관없다],2627526,105191,1036,37,2522335
8542,전자집적회로,IL,이스라엘,2026-05-01,854232,메모리,141354,5,11,0,141349
8542,전자집적회로,IL,이스라엘,2026-05-01,854233,증폭기,117521,1837,60,1,115684
8542,전자집적회로,IL,이스라엘,2026-05-01,854239,기타,14114,550968,33,28,-536854
8542,전자집적회로,IL,이스라엘,2026-05-01,854290,부분품,216,75258,20,3,-75042
8542,전자집적회로,IN,인도,2026-05-01,854231,프로세서와 컨트롤러[메모리ㆍ변환기ㆍ논리회로ㆍ증폭기ㆍ클록(clock)ㆍ타이밍(timing) 회로나 그 밖의 회로를 갖춘 것인지는 상관없다],171180317,7603,24230,45,171172714
8542,전자집적회로,IN,인도,2026-05-01,854232,메모리,349224993,0,4614,0,349224993
8542,전자집적회로,IN,인도,2026-05-01,854233,증폭기,803005,0,448,0,803005
8542,전자집적회로,IN,인도,2026-05-01,854239,기타,13312890,287787,6841,506,13025103
8542,전자집적회로,IN,인도,2026-05-01,854290,부분품,14065,170,34,2,13895
8542,전자집적회로,IT,이탈리아,2026-05-01,854231,프로세서와 컨트롤러[메모리ㆍ변환기ㆍ논리회로ㆍ증폭기ㆍ클록(clock)ㆍ타이밍(timing) 회로나 그 밖의 회로를 갖춘 것인지는 상관없다],400886,11673738,136,734,-11272852
8542,전자집적회로,IT,이탈리아,2026-05-01,854232,메모리,1107,918,4,7,189
8542,전자집적회로,IT,이탈리아,2026-05-01,854233,증폭기,9318,203093,5,95,-193775
8542,전자집적회로,IT,이탈리아,2026-05-01,854239,기타,99962,7981226,165,2240,-7881264
8542,전자집적회로,IT,이탈리아,2026-05-01,854290,부분품,0,36559,0,70,-36559
8542,전자집적회로,JP,일본,2026-05-01,854231,프로세서와 컨트롤러[메모리ㆍ변환기ㆍ논리회로ㆍ증폭기ㆍ클록(clock)ㆍ타이밍(timing) 회로나 그 밖의 회로를 갖춘 것인지는 상관없다],34488104,590031843,8717,11420,-555543739
8542,전자집적회로,JP,일본,2026-05-01,854232,메모리,99733273,86574435,1521,682,13158838
8542,전자집적회로,JP,일본,2026-05-01,854233,증폭기,114931,301065,77,103,-186134
8542,전자집적회로,JP,일본,2026-05-01,854239,기타,3615245,77711224,3810,18817,-74095979
8542,전자집적회로,JP,일본,2026-05-01,854290,부분품,259666,807503,2131,2491,-547837
8542,전자집적회로,KH,캄보디아,2026-05-01,854231,프로세서와 컨트롤러[메모리ㆍ변환기ㆍ논리회로ㆍ증폭기ㆍ클록(clock)ㆍ타이밍(timing) 회로나 그 밖의 회로를 갖춘 것인지는 상관없다],0,11,0,0,-11
8542,전자집적회로,KH,캄보디아,2026-05-01,854239,기타,0,0,0,0,0
8542,전자집적회로,KN,세인트 키츠 네비스,2026-05-01,854239,기타,0,120,0,1,-120
8542,전자집적회로,KZ,카자흐스탄,2026-05-01,854231,프로세서와 컨트롤러[메모리ㆍ변환기ㆍ논리회로ㆍ증폭기ㆍ클록(clock)ㆍ타이밍(timing) 회로나 그 밖의 회로를 갖춘 것인지는 상관없다],1067,0,1,0,1067
8542,전자집적회로,LT,리투아니아,2026-05-01,854232,메모리,159,0,0,0,159
8542,전자집적회로,LU,룩셈부르그,2026-05-01,854232,메모리,53,0,0,0,53
8542,전자집적회로,MA,모로코,2026-05-01,854233,증폭기,0,5810,0,7,-5810
8542,전자집적회로,MA,모로코,2026-05-01,854239,기타,0,63841,0,288,-63841
8542,전자집적회로,MA,모로코,2026-05-01,854290,부분품,393156,0,6174,0,393156
8542,전자집적회로,MO,마카오,2026-05-01,854231,프로세서와 컨트롤러[메모리ㆍ변환기ㆍ논리회로ㆍ증폭기ㆍ클록(clock)ㆍ타이밍(timing) 회로나 그 밖의 회로를 갖춘 것인지는 상관없다],1357,0,2,0,1357
8542,전자집적회로,MT,몰타,2026-05-01,854231,프로세서와 컨트롤러[메모리ㆍ변환기ㆍ논리회로ㆍ증폭기ㆍ클록(clock)ㆍ타이밍(timing) 회로나 그 밖의 회로를 갖춘 것인지는 상관없다],3996971,0,3159,0,3996971
8542,전자집적회로,MT,몰타,2026-05-01,854239,기타,100244,191,333,0,100053
8542,전자집적회로,MT,몰타,2026-05-01,854290,부분품,401835,0,2126,0,401835
8542,전자집적회로,MX,멕시코,2026-05-01,854231,프로세서와 컨트롤러[메모리ㆍ변환기ㆍ논리회로ㆍ증폭기ㆍ클록(clock)ㆍ타이밍(timing) 회로나 그 밖의 회로를 갖춘 것인지는 상관없다],12453771,586137,6112,1214,11867634
8542,전자집적회로,MX,멕시코,2026-05-01,854232,메모리,29345818,7828,2748,15,29337990
8542,전자집적회로,MX,멕시코,2026-05-01,854233,증폭기,1151746,1741509,550,374,-589763
8542,전자집적회로,MX,멕시코,2026-05-01,854239,기타,20867105,948803,8077,536,19918302
8542,전자집적회로,MX,멕시코,2026-05-01,854290,부분품,0,14535,0,7,-14535
8542,전자집적회로,MY,말레이시아,2026-05-01,854231,프로세서와 컨트롤러[메모리ㆍ변환기ㆍ논리회로ㆍ증폭기ㆍ클록(clock)ㆍ타이밍(timing) 회로나 그 밖의 회로를 갖춘 것인지는 상관없다],114798570,118778514,48882,18689,-3979944
8542,전자집적회로,MY,말레이시아,2026-05-01,854232,메모리,378154462,2407306,1804,165,375747156
8542,전자집적회로,MY,말레이시아,2026-05-01,854233,증폭기,6906,3267279,1,1446,-3260373
8542,전자집적회로,MY,말레이시아,2026-05-01,854239,기타,40750533,48185081,24779,18354,-7434548
8542,전자집적회로,MY,말레이시아,2026-05-01,854290,부분품,6140744,189333,66154,1224,5951411
8542,전자집적회로,NL,네덜란드,2026-05-01,854231,프로세서와 컨트롤러[메모리ㆍ변환기ㆍ논리회로ㆍ증폭기ㆍ클록(clock)ㆍ타이밍(timing) 회로나 그 밖의 회로를 갖춘 것인지는 상관없다],2072492,43412,493,14,2029080
8542,전자집적회로,NL,네덜란드,2026-05-01,854232,메모리,17751599,135,428,9,17751464
8542,전자집적회로,NL,네덜란드,2026-05-01,854233,증폭기,0,364279,0,3,-364279
8542,전자집적회로,NL,네덜란드,2026-05-01,854239,기타,214220,54328,361,20,159892
8542,전자집적회로,NL,네덜란드,2026-05-01,854290,부분품,10057,0,42,0,10057
8542,전자집적회로,NO,노르웨이,2026-05-01,854231,프로세서와 컨트롤러[메모리ㆍ변환기ㆍ논리회로ㆍ증폭기ㆍ클록(clock)ㆍ타이밍(timing) 회로나 그 밖의 회로를 갖춘 것인지는 상관없다],0,407,0,1,-407
8542,전자집적회로,NO,노르웨이,2026-05-01,854233,증폭기,0,13257,0,64,-13257
8542,전자집적회로,NO,노르웨이,2026-05-01,854239,기타,502,0,1,0,502
8542,전자집적회로,NO,노르웨이,2026-05-01,854290,부분품,0,959,0,3,-959
8542,전자집적회로,NZ,뉴질랜드,2026-05-01,854233,증폭기,1180,0,16,0,1180
8542,전자집적회로,NZ,뉴질랜드,2026-05-01,854239,기타,0,43133,0,3,-43133
8542,전자집적회로,OM,오만,2026-05-01,854231,프로세서와 컨트롤러[메모리ㆍ변환기ㆍ논리회로ㆍ증폭기ㆍ클록(clock)ㆍ타이밍(timing) 회로나 그 밖의 회로를 갖춘 것인지는 상관없다],1811,0,2,0,1811
8542,전자집적회로,PH,필리핀,2026-05-01,854231,프로세서와 컨트롤러[메모리ㆍ변환기ㆍ논리회로ㆍ증폭기ㆍ클록(clock)ㆍ타이밍(timing) 회로나 그 밖의 회로를 갖춘 것인지는 상관없다],51231816,19650662,27420,10042,31581154
8542,전자집적회로,PH,필리핀,2026-05-01,854232,메모리,920773236,227971,9389,179,920545265
8542,전자집적회로,PH,필리핀,2026-05-01,854233,증폭기,9676,396770,1,341,-387094
8542,전자집적회로,PH,필리핀,2026-05-01,854239,기타,8878281,25276697,12294,11624,-16398416
8542,전자집적회로,PH,필리핀,2026-05-01,854290,부분품,4119750,119526,45111,3049,4000224
8542,전자집적회로,PK,파키스탄,2026-05-01,854233,증폭기,10928,0,9,0,10928
8542,전자집적회로,PL,폴란드,2026-05-01,854231,프로세서와 컨트롤러[메모리ㆍ변환기ㆍ논리회로ㆍ증폭기ㆍ클록(clock)ㆍ타이밍(timing) 회로나 그 밖의 회로를 갖춘 것인지는 상관없다],8903458,436,5498,0,8903022
8542,전자집적회로,PL,폴란드,2026-05-01,854232,메모리,13064924,0,1541,0,13064924
8542,전자집적회로,PL,폴란드,2026-05-01,854233,증폭기,140539,0,303,0,140539
8542,전자집적회로,PL,폴란드,2026-05-01,854239,기타,6611545,1071,2990,3,6610474
8542,전자집적회로,PR,푸에르토리코,2026-05-01,854231,프로세서와 컨트롤러[메모리ㆍ변환기ㆍ논리회로ㆍ증폭기ㆍ클록(clock)ㆍ타이밍(timing) 회로나 그 밖의 회로를 갖춘 것인지는 상관없다],25,0,1,0,25
8542,전자집적회로,PT,포루투갈,2026-05-01,854231,프로세서와 컨트롤러[메모리ㆍ변환기ㆍ논리회로ㆍ증폭기ㆍ클록(clock)ㆍ타이밍(timing) 회로나 그 밖의 회로를 갖춘 것인지는 상관없다],3255545,528405,1087,8,2727140
8542,전자집적회로,PT,포루투갈,2026-05-01,854232,메모리,5926405,0,117,0,5926405
8542,전자집적회로,PT,포루투갈,2026-05-01,854239,기타,6,1441390,1,44,-1441384
8542,전자집적회로,RO,루마니아,2026-05-01,854231,프로세서와 컨트롤러[메모리ㆍ변환기ㆍ논리회로ㆍ증폭기ㆍ클록(clock)ㆍ타이밍(timing) 회로나 그 밖의 회로를 갖춘 것인지는 상관없다],47,14760,3,35,-14713
8542,전자집적회로,RO,루마니아,2026-05-01,854232,메모리,0,1144,0,0,-1144
8542,전자집적회로,RO,루마니아,2026-05-01,854233,증폭기,0,3,0,1,-3
8542,전자집적회로,RO,루마니아,2026-05-01,854239,기타,55316,41,13,0,55275
8542,전자집적회로,RS,세르비아,2026-05-01,854231,프로세서와 컨트롤러[메모리ㆍ변환기ㆍ논리회로ㆍ증폭기ㆍ클록(clock)ㆍ타이밍(timing) 회로나 그 밖의 회로를 갖춘 것인지는 상관없다],98479,0,82,0,98479
8542,전자집적회로,RS,세르비아,2026-05-01,854232,메모리,196,0,0,0,196
8542,전자집적회로,RS,세르비아,2026-05-01,854239,기타,1046138,0,1174,0,1046138
8542,전자집적회로,RU,러시아 연방,2026-05-01,854239,기타,0,232,0,0,-232
8542,전자집적회로,RW,르완다,2026-05-01,854231,프로세서와 컨트롤러[메모리ㆍ변환기ㆍ논리회로ㆍ증폭기ㆍ클록(clock)ㆍ타이밍(timing) 회로나 그 밖의 회로를 갖춘 것인지는 상관없다],7429,0,87,0,7429
8542,전자집적회로,SE,스웨덴,2026-05-01,854231,프로세서와 컨트롤러[메모리ㆍ변환기ㆍ논리회로ㆍ증폭기ㆍ클록(clock)ㆍ타이밍(timing) 회로나 그 밖의 회로를 갖춘 것인지는 상관없다],5152878,0,1977,0,5152878
8542,전자집적회로,SE,스웨덴,2026-05-01,854233,증폭기,140,0,0,0,140
8542,전자집적회로,SE,스웨덴,2026-05-01,854239,기타,276257,0,50,0,276257
8542,전자집적회로,SE,스웨덴,2026-05-01,854290,부분품,0,2516,0,1,-2516
8542,전자집적회로,SG,싱가포르,2026-05-01,854231,프로세서와 컨트롤러[메모리ㆍ변환기ㆍ논리회로ㆍ증폭기ㆍ클록(clock)ㆍ타이밍(timing) 회로나 그 밖의 회로를 갖춘 것인지는 상관없다],313556127,263510992,82470,16637,50045135
8542,전자집적회로,SG,싱가포르,2026-05-01,854232,메모리,188205292,275342228,2259,1412,-87136936
8542,전자집적회로,SG,싱가포르,2026-05-01,854233,증폭기,9790,10034949,8,415,-10025159
8542,전자집적회로,SG,싱가포르,2026-05-01,854239,기타,7559473,35000289,28779,8268,-27440816
8542,전자집적회로,SG,싱가포르,2026-05-01,854290,부분품,1098449,53475,16474,996,1044974
8542,전자집적회로,SI,슬로베니아,2026-05-01,854231,프로세서와 컨트롤러[메모리ㆍ변환기ㆍ논리회로ㆍ증폭기ㆍ클록(clock)ㆍ타이밍(timing) 회로나 그 밖의 회로를 갖춘 것인지는 상관없다],0,832,0,1,-832
8542,전자집적회로,SI,슬로베니아,2026-05-01,854239,기타,325,443,1,1,-118
8542,전자집적회로,SK,슬로바키아,2026-05-01,854231,프로세서와 컨트롤러[메모리ㆍ변환기ㆍ논리회로ㆍ증폭기ㆍ클록(clock)ㆍ타이밍(timing) 회로나 그 밖의 회로를 갖춘 것인지는 상관없다],1405,0,2,0,1405
8542,전자집적회로,SK,슬로바키아,2026-05-01,854232,메모리,1331203,30968,110,29,1300235
8542,전자집적회로,SK,슬로바키아,2026-05-01,854233,증폭기,1,0,0,0,1
8542,전자집적회로,SK,슬로바키아,2026-05-01,854239,기타,1674,0,8,0,1674
8542,전자집적회로,SM,산마리노,2026-05-01,854290,부분품,0,429,0,2,-429
8542,전자집적회로,SV,엘살바도르,2026-05-01,854239,기타,0,2375,0,4,-2375
8542,전자집적회로,TH,태국,2026-05-01,854231,프로세서와 컨트롤러[메모리ㆍ변환기ㆍ논리회로ㆍ증폭기ㆍ클록(clock)ㆍ타이밍(timing) 회로나 그 밖의 회로를 갖춘 것인지는 상관없다],23890928,14022769,13078,11935,9868159
8542,전자집적회로,TH,태국,2026-05-01,854232,메모리,80213336,2754489,2494,723,77458847
8542,전자집적회로,TH,태국,2026-05-01,854233,증폭기,2095,728686,7,291,-726591
8542,전자집적회로,TH,태국,2026-05-01,854239,기타,8122215,43043093,5400,13469,-34920878
8542,전자집적회로,TH,태국,2026-05-01,854290,부분품,5932628,450,59029,37,5932178
8542,전자집적회로,TN,튀니지,2026-05-01,854231,프로세서와 컨트롤러[메모리ㆍ변환기ㆍ논리회로ㆍ증폭기ㆍ클록(clock)ㆍ타이밍(timing) 회로나 그 밖의 회로를 갖춘 것인지는 상관없다],0,199,0,0,-199
8542,전자집적회로,TN,튀니지,2026-05-01,854239,기타,0,544,0,2,-544
8542,전자집적회로,TR,튀르키예,2026-05-01,854231,프로세서와 컨트롤러[메모리ㆍ변환기ㆍ논리회로ㆍ증폭기ㆍ클록(clock)ㆍ타이밍(timing) 회로나 그 밖의 회로를 갖춘 것인지는 상관없다],1640681,2883108,278,48,-1242427
8542,전자집적회로,TR,튀르키예,2026-05-01,854232,메모리,12306757,0,201,0,12306757
8542,전자집적회로,TR,튀르키예,2026-05-01,854233,증폭기,197722,0,88,0,197722
8542,전자집적회로,TR,튀르키예,2026-05-01,854239,기타,1490669,1445,492,3,1489224
8542,전자집적회로,TT,트리니다드 토바고,2026-05-01,854239,기타,0,46583,0,7,-46583
8542,전자집적회로,TW,대만,2026-05-01,854231,프로세서와 컨트롤러[메모리ㆍ변환기ㆍ논리회로ㆍ증폭기ㆍ클록(clock)ㆍ타이밍(timing) 회로나 그 밖의 회로를 갖춘 것인지는 상관없다],344441507,1681573173,115181,108789,-1337131666
8542,전자집적회로,TW,대만,2026-05-01,854232,메모리,4165309749,393118064,31141,13587,3772191685
8542,전자집적회로,TW,대만,2026-05-01,854233,증폭기,242530,4005907,31,735,-3763377
8542,전자집적회로,TW,대만,2026-05-01,854239,기타,169056102,300832661,21020,48279,-131776559
8542,전자집적회로,TW,대만,2026-05-01,854290,부분품,5707040,358062,64944,2415,5348978
8542,전자집적회로,UA,우크라이나,2026-05-01,854231,프로세서와 컨트롤러[메모리ㆍ변환기ㆍ논리회로ㆍ증폭기ㆍ클록(clock)ㆍ타이밍(timing) 회로나 그 밖의 회로를 갖춘 것인지는 상관없다],205,0,2,0,205
8542,전자집적회로,US,미국,2026-05-01,854231,프로세서와 컨트롤러[메모리ㆍ변환기ㆍ논리회로ㆍ증폭기ㆍ클록(clock)ㆍ타이밍(timing) 회로나 그 밖의 회로를 갖춘 것인지는 상관없다],38133857,120340130,11282,8460,-82206273
8542,전자집적회로,US,미국,2026-05-01,854232,메모리,302562896,4961932,3049,311,297600964
8542,전자집적회로,US,미국,2026-05-01,854233,증폭기,190654,834679,75,142,-644025
8542,전자집적회로,US,미국,2026-05-01,854239,기타,5721410,52940035,7258,7760,-47218625
8542,전자집적회로,US,미국,2026-05-01,854290,부분품,631829,125594,339,152,506235
8542,전자집적회로,VN,베트남,2026-05-01,854231,프로세서와 컨트롤러[메모리ㆍ변환기ㆍ논리회로ㆍ증폭기ㆍ클록(clock)ㆍ타이밍(timing) 회로나 그 밖의 회로를 갖춘 것인지는 상관없다],1440830542,4633573,92834,5657,1436196969
8542,전자집적회로,VN,베트남,2026-05-01,854232,메모리,3503882436,19829256,62820,1231,3484053180
8542,전자집적회로,VN,베트남,2026-05-01,854233,증폭기,8516344,23600,2732,11,8492744
8542,전자집적회로,VN,베트남,2026-05-01,854239,기타,272691131,5039966,56196,903,267651165
8542,전자집적회로,VN,베트남,2026-05-01,854290,부분품,999860,13152,1581,50,986708
8542,전자집적회로,ZA,남아프리카공화국,2026-05-01,854231,프로세서와 컨트롤러[메모리ㆍ변환기ㆍ논리회로ㆍ증폭기ㆍ클록(clock)ㆍ타이밍(timing) 회로나 그 밖의 회로를 갖춘 것인지는 상관없다],199502,0,12,0,199502
8542,전자집적회로,ZA,남아프리카공화국,2026-05-01,854232,메모리,98570,0,8,0,98570
8542,전자집적회로,ZA,남아프리카공화국,2026-05-01,854233,증폭기,3625,0,11,0,3625
8542,전자집적회로,ZA,남아프리카공화국,2026-05-01,854239,기타,18517,0,24,0,18517
8542,전자집적회로,AD,안도라,2026-06-01,854239,기타,0,1010,0,0,-1010
8542,전자집적회로,AE,아랍에미리트 연합,2026-06-01,854231,프로세서와 컨트롤러[메모리ㆍ변환기ㆍ논리회로ㆍ증폭기ㆍ클록(clock)ㆍ타이밍(timing) 회로나 그 밖의 회로를 갖춘 것인지는 상관없다],226701,0,20,0,226701
8542,전자집적회로,AE,아랍에미리트 연합,2026-06-01,854239,기타,124,0,0,0,124
8542,전자집적회로,AN,네덜란드 열도,2026-06-01,854231,프로세서와 컨트롤러[메모리ㆍ변환기ㆍ논리회로ㆍ증폭기ㆍ클록(clock)ㆍ타이밍(timing) 회로나 그 밖의 회로를 갖춘 것인지는 상관없다],15200,0,1,0,15200
8542,전자집적회로,AR,아르헨티나,2026-06-01,854231,프로세서와 컨트롤러[메모리ㆍ변환기ㆍ논리회로ㆍ증폭기ㆍ클록(clock)ㆍ타이밍(timing) 회로나 그 밖의 회로를 갖춘 것인지는 상관없다],153297,0,105,0,153297
8542,전자집적회로,AR,아르헨티나,2026-06-01,854232,메모리,69502,0,21,0,69502
8542,전자집적회로,AR,아르헨티나,2026-06-01,854239,기타,1132581,0,721,0,1132581
8542,전자집적회로,AT,오스트리아,2026-06-01,854231,프로세서와 컨트롤러[메모리ㆍ변환기ㆍ논리회로ㆍ증폭기ㆍ클록(clock)ㆍ타이밍(timing) 회로나 그 밖의 회로를 갖춘 것인지는 상관없다],3612687,130194,1758,40,3482493
8542,전자집적회로,AT,오스트리아,2026-06-01,854232,메모리,9349713,1569,882,1,9348144
8542,전자집적회로,AT,오스트리아,2026-06-01,854233,증폭기,29155,0,34,0,29155
8542,전자집적회로,AT,오스트리아,2026-06-01,854239,기타,280360,1381864,505,356,-1101504
8542,전자집적회로,AU,호주,2026-06-01,854231,프로세서와 컨트롤러[메모리ㆍ변환기ㆍ논리회로ㆍ증폭기ㆍ클록(clock)ㆍ타이밍(timing) 회로나 그 밖의 회로를 갖춘 것인지는 상관없다],0,11549,0,0,-11549
8542,전자집적회로,AU,호주,2026-06-01,854232,메모리,156,32223,1,1,-32067
8542,전자집적회로,AU,호주,2026-06-01,854233,증폭기,1599300,18969,686,4,1580331
8542,전자집적회로,AU,호주,2026-06-01,854239,기타,1299,0,4,0,1299
8542,전자집적회로,BD,방글라데시,2026-06-01,854232,메모리,347610,0,1,0,347610
8542,전자집적회로,BD,방글라데시,2026-06-01,854239,기타,559978,0,94,0,559978
8542,전자집적회로,BE,벨기에,2026-06-01,854231,프로세서와 컨트롤러[메모리ㆍ변환기ㆍ논리회로ㆍ증폭기ㆍ클록(clock)ㆍ타이밍(timing) 회로나 그 밖의 회로를 갖춘 것인지는 상관없다],1638593,0,176,0,1638593
8542,전자집적회로,BE,벨기에,2026-06-01,854232,메모리,184,0,0,0,184
8542,전자집적회로,BE,벨기에,2026-06-01,854239,기타,0,1147526,0,195,-1147526
8542,전자집적회로,BE,벨기에,2026-06-01,854290,부분품,0,94,0,0,-94
8542,전자집적회로,BG,불가리아,2026-06-01,854231,프로세서와 컨트롤러[메모리ㆍ변환기ㆍ논리회로ㆍ증폭기ㆍ클록(clock)ㆍ타이밍(timing) 회로나 그 밖의 회로를 갖춘 것인지는 상관없다],30150,0,1,0,30150
8542,전자집적회로,BG,불가리아,2026-06-01,854239,기타,0,298,0,0,-298
8542,전자집적회로,BR,브라질,2026-06-01,854231,프로세서와 컨트롤러[메모리ㆍ변환기ㆍ논리회로ㆍ증폭기ㆍ클록(clock)ㆍ타이밍(timing) 회로나 그 밖의 회로를 갖춘 것인지는 상관없다],70578482,40,4693,0,70578442
8542,전자집적회로,BR,브라질,2026-06-01,854232,메모리,181813948,75,2705,0,181813873
8542,전자집적회로,BR,브라질,2026-06-01,854233,증폭기,90517,0,46,0,90517
8542,전자집적회로,BR,브라질,2026-06-01,854239,기타,4425547,2202,1349,7,4423345
8542,전자집적회로,BY,벨라루스,2026-06-01,854239,기타,0,171528,0,48,-171528
8542,전자집적회로,CA,캐나다,2026-06-01,854231,프로세서와 컨트롤러[메모리ㆍ변환기ㆍ논리회로ㆍ증폭기ㆍ클록(clock)ㆍ타이밍(timing) 회로나 그 밖의 회로를 갖춘 것인지는 상관없다],884838,104347,8,42,780491
8542,전자집적회로,CA,캐나다,2026-06-01,854232,메모리,31185554,597,129,0,31184957
8542,전자집적회로,CA,캐나다,2026-06-01,854233,증폭기,16183,0,1,0,16183
8542,전자집적회로,CA,캐나다,2026-06-01,854239,기타,354973,620042,22,205,-265069
8542,전자집적회로,CA,캐나다,2026-06-01,854290,부분품,71,0,6,0,71
8542,전자집적회로,CH,스위스,2026-06-01,854231,프로세서와 컨트롤러[메모리ㆍ변환기ㆍ논리회로ㆍ증폭기ㆍ클록(clock)ㆍ타이밍(timing) 회로나 그 밖의 회로를 갖춘 것인지는 상관없다],378741,50318,40,67,328423
8542,전자집적회로,CH,스위스,2026-06-01,854232,메모리,231,0,0,0,231
8542,전자집적회로,CH,스위스,2026-06-01,854233,증폭기,0,6603,0,9,-6603
8542,전자집적회로,CH,스위스,2026-06-01,854239,기타,5516,1454972,19,219,-1449456
8542,전자집적회로,CH,스위스,2026-06-01,854290,부분품,0,29297,0,84,-29297
8542,전자집적회로,CL,칠레,2026-06-01,854232,메모리,200,0,0,0,200
8542,전자집적회로,CN,중국,2026-06-01,854231,프로세서와 컨트롤러[메모리ㆍ변환기ㆍ논리회로ㆍ증폭기ㆍ클록(clock)ㆍ타이밍(timing) 회로나 그 밖의 회로를 갖춘 것인지는 상관없다],761020221,364625110,147163,68676,396395111
8542,전자집적회로,CN,중국,2026-06-01,854232,메모리,10638514151,2887200503,123315,56749,7751313648
8542,전자집적회로,CN,중국,2026-06-01,854233,증폭기,3001289,11195012,1104,1993,-8193723
8542,전자집적회로,CN,중국,2026-06-01,854239,기타,165838401,162551847,64610,114941,3286554
8542,전자집적회로,CN,중국,2026-06-01,854290,부분품,13136392,1045565,101732,16649,12090827
8542,전자집적회로,CR,코스타리카,2026-06-01,854231,프로세서와 컨트롤러[메모리ㆍ변환기ㆍ논리회로ㆍ증폭기ㆍ클록(clock)ㆍ타이밍(timing) 회로나 그 밖의 회로를 갖춘 것인지는 상관없다],0,227543,0,41,-227543
8542,전자집적회로,CR,코스타리카,2026-06-01,854239,기타,0,11401,0,2,-11401
8542,전자집적회로,CZ,체코공화국,2026-06-01,854231,프로세서와 컨트롤러[메모리ㆍ변환기ㆍ논리회로ㆍ증폭기ㆍ클록(clock)ㆍ타이밍(timing) 회로나 그 밖의 회로를 갖춘 것인지는 상관없다],7660092,0,2600,0,7660092
8542,전자집적회로,CZ,체코공화국,2026-06-01,854232,메모리,2648136,0,503,0,2648136
8542,전자집적회로,CZ,체코공화국,2026-06-01,854233,증폭기,232094,0,6,0,232094
8542,전자집적회로,CZ,체코공화국,2026-06-01,854239,기타,1048028,441602,118,362,606426
8542,전자집적회로,CZ,체코공화국,2026-06-01,854290,부분품,0,10512,0,544,-10512
8542,전자집적회로,DE,독일,2026-06-01,854231,프로세서와 컨트롤러[메모리ㆍ변환기ㆍ논리회로ㆍ증폭기ㆍ클록(clock)ㆍ타이밍(timing) 회로나 그 밖의 회로를 갖춘 것인지는 상관없다],3149342,50826115,1165,2587,-47676773
8542,전자집적회로,DE,독일,2026-06-01,854232,메모리,32475224,31108,938,28,32444116
8542,전자집적회로,DE,독일,2026-06-01,854233,증폭기,88059,62772,28,15,25287
8542,전자집적회로,DE,독일,2026-06-01,854239,기타,10117043,26916907,15236,3387,-16799864
8542,전자집적회로,DE,독일,2026-06-01,854290,부분품,0,380558,0,129,-380558
8542,전자집적회로,DK,덴마크,2026-06-01,854231,프로세서와 컨트롤러[메모리ㆍ변환기ㆍ논리회로ㆍ증폭기ㆍ클록(clock)ㆍ타이밍(timing) 회로나 그 밖의 회로를 갖춘 것인지는 상관없다],204,0,3,0,204
8542,전자집적회로,DK,덴마크,2026-06-01,854232,메모리,42106,2321,3,4,39785
8542,전자집적회로,DK,덴마크,2026-06-01,854239,기타,387793,3800,243,1,383993
8542,전자집적회로,EG,이집트,2026-06-01,854231,프로세서와 컨트롤러[메모리ㆍ변환기ㆍ논리회로ㆍ증폭기ㆍ클록(clock)ㆍ타이밍(timing) 회로나 그 밖의 회로를 갖춘 것인지는 상관없다],5540023,0,519,0,5540023
8542,전자집적회로,EG,이집트,2026-06-01,854232,메모리,20103805,0,344,0,20103805
8542,전자집적회로,EG,이집트,2026-06-01,854233,증폭기,65217,0,28,0,65217
8542,전자집적회로,EG,이집트,2026-06-01,854239,기타,1705712,0,306,0,1705712
8542,전자집적회로,ES,스페인,2026-06-01,854231,프로세서와 컨트롤러[메모리ㆍ변환기ㆍ논리회로ㆍ증폭기ㆍ클록(clock)ㆍ타이밍(timing) 회로나 그 밖의 회로를 갖춘 것인지는 상관없다],167953,24403,44,1,143550
8542,전자집적회로,ES,스페인,2026-06-01,854232,메모리,136970,997,7,3,135973
8542,전자집적회로,ES,스페인,2026-06-01,854239,기타,0,544445,0,48,-544445
8542,전자집적회로,ES,스페인,2026-06-01,854290,부분품,19743,25112,9,379,-5369
8542,전자집적회로,FI,핀란드,2026-06-01,854231,프로세서와 컨트롤러[메모리ㆍ변환기ㆍ논리회로ㆍ증폭기ㆍ클록(clock)ㆍ타이밍(timing) 회로나 그 밖의 회로를 갖춘 것인지는 상관없다],83263,0,7,0,83263
8542,전자집적회로,FI,핀란드,2026-06-01,854290,부분품,195342,0,616,0,195342
8542,전자집적회로,FR,프랑스,2026-06-01,854231,프로세서와 컨트롤러[메모리ㆍ변환기ㆍ논리회로ㆍ증폭기ㆍ클록(clock)ㆍ타이밍(timing) 회로나 그 밖의 회로를 갖춘 것인지는 상관없다],11324635,58040403,1647,5933,-46715768
8542,전자집적회로,FR,프랑스,2026-06-01,854232,메모리,480,1687682,0,405,-1687202
8542,전자집적회로,FR,프랑스,2026-06-01,854233,증폭기,21344,115243,5,9,-93899
8542,전자집적회로,FR,프랑스,2026-06-01,854239,기타,144286,10013594,58,1838,-9869308
8542,전자집적회로,FR,프랑스,2026-06-01,854290,부분품,0,783,0,6,-783
8542,전자집적회로,GB,영국,2026-06-01,854231,프로세서와 컨트롤러[메모리ㆍ변환기ㆍ논리회로ㆍ증폭기ㆍ클록(clock)ㆍ타이밍(timing) 회로나 그 밖의 회로를 갖춘 것인지는 상관없다],229180,247423,153,474,-18243
8542,전자집적회로,GB,영국,2026-06-01,854232,메모리,349822,18717,43,6,331105
8542,전자집적회로,GB,영국,2026-06-01,854233,증폭기,4295,1898,2,3,2397
8542,전자집적회로,GB,영국,2026-06-01,854239,기타,398615,296865,55,147,101750
8542,전자집적회로,GB,영국,2026-06-01,854290,부분품,1616,1087,7,2,529
8542,전자집적회로,GR,그리스,2026-06-01,854232,메모리,0,7435,0,1,-7435
8542,전자집적회로,HK,홍콩,2026-06-01,854231,프로세서와 컨트롤러[메모리ㆍ변환기ㆍ논리회로ㆍ증폭기ㆍ클록(clock)ㆍ타이밍(timing) 회로나 그 밖의 회로를 갖춘 것인지는 상관없다],126842270,24518338,49419,5659,102323932
8542,전자집적회로,HK,홍콩,2026-06-01,854232,메모리,5818784943,33634083,115763,1719,5785150860
8542,전자집적회로,HK,홍콩,2026-06-01,854233,증폭기,1070634,240075,1292,112,830559
8542,전자집적회로,HK,홍콩,2026-06-01,854239,기타,162538708,16232841,37724,5256,146305867
8542,전자집적회로,HK,홍콩,2026-06-01,854290,부분품,1159172,7619,2729,2,1151553
8542,전자집적회로,HR,크로아티아,2026-06-01,854239,기타,0,1052,0,2,-1052
8542,전자집적회로,HU,헝가리,2026-06-01,854231,프로세서와 컨트롤러[메모리ㆍ변환기ㆍ논리회로ㆍ증폭기ㆍ클록(clock)ㆍ타이밍(timing) 회로나 그 밖의 회로를 갖춘 것인지는 상관없다],752251,30534,1158,8,721717
8542,전자집적회로,HU,헝가리,2026-06-01,854232,메모리,4272311,0,127,0,4272311
8542,전자집적회로,HU,헝가리,2026-06-01,854233,증폭기,35446,1944,2,1,33502
8542,전자집적회로,HU,헝가리,2026-06-01,854239,기타,9255,39347,15,224,-30092
8542,전자집적회로,ID,인도네시아,2026-06-01,854231,프로세서와 컨트롤러[메모리ㆍ변환기ㆍ논리회로ㆍ증폭기ㆍ클록(clock)ㆍ타이밍(timing) 회로나 그 밖의 회로를 갖춘 것인지는 상관없다],21610929,2113993,4646,1409,19496936
8542,전자집적회로,ID,인도네시아,2026-06-01,854232,메모리,90201875,18591,1759,14,90183284
8542,전자집적회로,ID,인도네시아,2026-06-01,854233,증폭기,68066,0,72,0,68066
8542,전자집적회로,ID,인도네시아,2026-06-01,854239,기타,8450858,4806818,3531,2963,3644040
8542,전자집적회로,ID,인도네시아,2026-06-01,854290,부분품,4563,0,58,0,4563
8542,전자집적회로,IE,아일랜드,2026-06-01,854231,프로세서와 컨트롤러[메모리ㆍ변환기ㆍ논리회로ㆍ증폭기ㆍ클록(clock)ㆍ타이밍(timing) 회로나 그 밖의 회로를 갖춘 것인지는 상관없다],1767825,959382,152,223,808443
8542,전자집적회로,IE,아일랜드,2026-06-01,854232,메모리,11840,0,0,0,11840
8542,전자집적회로,IE,아일랜드,2026-06-01,854233,증폭기,0,1796,0,0,-1796
8542,전자집적회로,IE,아일랜드,2026-06-01,854239,기타,64404,14396,15,3,50008
8542,전자집적회로,IL,이스라엘,2026-06-01,854231,프로세서와 컨트롤러[메모리ㆍ변환기ㆍ논리회로ㆍ증폭기ㆍ클록(clock)ㆍ타이밍(timing) 회로나 그 밖의 회로를 갖춘 것인지는 상관없다],1750282,1612832,976,138,137450
8542,전자집적회로,IL,이스라엘,2026-06-01,854232,메모리,81789,2446,5,1,79343
8542,전자집적회로,IL,이스라엘,2026-06-01,854233,증폭기,6900,0,16,0,6900
8542,전자집적회로,IL,이스라엘,2026-06-01,854239,기타,29925,706550,61,49,-676625
8542,전자집적회로,IL,이스라엘,2026-06-01,854290,부분품,43,68565,1,127,-68522
8542,전자집적회로,IN,인도,2026-06-01,854231,프로세서와 컨트롤러[메모리ㆍ변환기ㆍ논리회로ㆍ증폭기ㆍ클록(clock)ㆍ타이밍(timing) 회로나 그 밖의 회로를 갖춘 것인지는 상관없다],134740880,479869,23430,2065,134261011
8542,전자집적회로,IN,인도,2026-06-01,854232,메모리,406498078,221696,4828,844,406276382
8542,전자집적회로,IN,인도,2026-06-01,854233,증폭기,549070,29081,438,1,519989
8542,전자집적회로,IN,인도,2026-06-01,854239,기타,14277627,627444,9086,1122,13650183
8542,전자집적회로,IN,인도,2026-06-01,854290,부분품,1675,0,10,0,1675
8542,전자집적회로,IT,이탈리아,2026-06-01,854231,프로세서와 컨트롤러[메모리ㆍ변환기ㆍ논리회로ㆍ증폭기ㆍ클록(clock)ㆍ타이밍(timing) 회로나 그 밖의 회로를 갖춘 것인지는 상관없다],508962,10356651,300,667,-9847689
8542,전자집적회로,IT,이탈리아,2026-06-01,854232,메모리,300,217,1,2,83
8542,전자집적회로,IT,이탈리아,2026-06-01,854233,증폭기,54250,151000,9,81,-96750
8542,전자집적회로,IT,이탈리아,2026-06-01,854239,기타,108895,9805760,213,3837,-9696865
8542,전자집적회로,IT,이탈리아,2026-06-01,854290,부분품,9005,30240,37,134,-21235
8542,전자집적회로,JP,일본,2026-06-01,854231,프로세서와 컨트롤러[메모리ㆍ변환기ㆍ논리회로ㆍ증폭기ㆍ클록(clock)ㆍ타이밍(timing) 회로나 그 밖의 회로를 갖춘 것인지는 상관없다],34099332,764879937,9214,11228,-730780605
8542,전자집적회로,JP,일본,2026-06-01,854232,메모리,205655376,203286132,2082,960,2369244
8542,전자집적회로,JP,일본,2026-06-01,854233,증폭기,136666,76459,139,67,60207
8542,전자집적회로,JP,일본,2026-06-01,854239,기타,3717617,77568033,4155,21889,-73850416
8542,전자집적회로,JP,일본,2026-06-01,854290,부분품,359307,901214,2100,2521,-541907
8542,전자집적회로,LK,스리랑카,2026-06-01,854231,프로세서와 컨트롤러[메모리ㆍ변환기ㆍ논리회로ㆍ증폭기ㆍ클록(clock)ㆍ타이밍(timing) 회로나 그 밖의 회로를 갖춘 것인지는 상관없다],2475,0,1,0,2475
8542,전자집적회로,LT,리투아니아,2026-06-01,854232,메모리,291,0,0,0,291
8542,전자집적회로,LT,리투아니아,2026-06-01,854239,기타,6540,0,9,0,6540
8542,전자집적회로,LV,라트비아,2026-06-01,854231,프로세서와 컨트롤러[메모리ㆍ변환기ㆍ논리회로ㆍ증폭기ㆍ클록(clock)ㆍ타이밍(timing) 회로나 그 밖의 회로를 갖춘 것인지는 상관없다],0,2179,0,0,-2179
8542,전자집적회로,MA,모로코,2026-06-01,854231,프로세서와 컨트롤러[메모리ㆍ변환기ㆍ논리회로ㆍ증폭기ㆍ클록(clock)ㆍ타이밍(timing) 회로나 그 밖의 회로를 갖춘 것인지는 상관없다],0,6294,0,16,-6294
8542,전자집적회로,MA,모로코,2026-06-01,854233,증폭기,0,3598,0,15,-3598
8542,전자집적회로,MA,모로코,2026-06-01,854239,기타,0,203234,0,914,-203234
8542,전자집적회로,MA,모로코,2026-06-01,854290,부분품,45345,0,756,0,45345
8542,전자집적회로,ME,몬테네그로,2026-06-01,854232,메모리,98,0,0,0,98
8542,전자집적회로,MM,미얀마,2026-06-01,854231,프로세서와 컨트롤러[메모리ㆍ변환기ㆍ논리회로ㆍ증폭기ㆍ클록(clock)ㆍ타이밍(timing) 회로나 그 밖의 회로를 갖춘 것인지는 상관없다],0,2244,0,0,-2244
8542,전자집적회로,MT,몰타,2026-06-01,854231,프로세서와 컨트롤러[메모리ㆍ변환기ㆍ논리회로ㆍ증폭기ㆍ클록(clock)ㆍ타이밍(timing) 회로나 그 밖의 회로를 갖춘 것인지는 상관없다],10760319,93346,8570,21,10666973
8542,전자집적회로,MT,몰타,2026-06-01,854239,기타,25225,155933,83,38,-130708
8542,전자집적회로,MT,몰타,2026-06-01,854290,부분품,144109,0,278,0,144109
8542,전자집적회로,MU,모리셔스,2026-06-01,854239,기타,0,12776,0,4,-12776
8542,전자집적회로,MX,멕시코,2026-06-01,854231,프로세서와 컨트롤러[메모리ㆍ변환기ㆍ논리회로ㆍ증폭기ㆍ클록(clock)ㆍ타이밍(timing) 회로나 그 밖의 회로를 갖춘 것인지는 상관없다],31689696,790976,10824,1401,30898720
8542,전자집적회로,MX,멕시코,2026-06-01,854232,메모리,36652020,3408,2434,4,36648612
8542,전자집적회로,MX,멕시코,2026-06-01,854233,증폭기,1933315,1044208,4143,674,889107
8542,전자집적회로,MX,멕시코,2026-06-01,854239,기타,21458961,1391220,10861,1123,20067741
8542,전자집적회로,MX,멕시코,2026-06-01,854290,부분품,0,152,0,0,-152
8542,전자집적회로,MY,말레이시아,2026-06-01,854231,프로세서와 컨트롤러[메모리ㆍ변환기ㆍ논리회로ㆍ증폭기ㆍ클록(clock)ㆍ타이밍(timing) 회로나 그 밖의 회로를 갖춘 것인지는 상관없다],136638584,113080013,58890,21074,23558571
8542,전자집적회로,MY,말레이시아,2026-06-01,854232,메모리,1176677110,590134,3289,135,1176086976
8542,전자집적회로,MY,말레이시아,2026-06-01,854233,증폭기,14835,2453116,8,1661,-2438281
8542,전자집적회로,MY,말레이시아,2026-06-01,854239,기타,69103420,45331427,30759,20950,23771993
8542,전자집적회로,MY,말레이시아,2026-06-01,854290,부분품,7905949,34824,63501,162,7871125
8542,전자집적회로,NA,나미비아,2026-06-01,854232,메모리,0,262,0,0,-262
8542,전자집적회로,NG,나이지리아,2026-06-01,854231,프로세서와 컨트롤러[메모리ㆍ변환기ㆍ논리회로ㆍ증폭기ㆍ클록(clock)ㆍ타이밍(timing) 회로나 그 밖의 회로를 갖춘 것인지는 상관없다],190554,0,127,0,190554
8542,전자집적회로,NL,네덜란드,2026-06-01,854231,프로세서와 컨트롤러[메모리ㆍ변환기ㆍ논리회로ㆍ증폭기ㆍ클록(clock)ㆍ타이밍(timing) 회로나 그 밖의 회로를 갖춘 것인지는 상관없다],2662332,57589,717,6,2604743
8542,전자집적회로,NL,네덜란드,2026-06-01,854232,메모리,51198822,41351,739,13,51157471
8542,전자집적회로,NL,네덜란드,2026-06-01,854233,증폭기,3281,244810,1,1,-241529
8542,전자집적회로,NL,네덜란드,2026-06-01,854239,기타,229543,630285,541,52,-400742
8542,전자집적회로,NO,노르웨이,2026-06-01,854231,프로세서와 컨트롤러[메모리ㆍ변환기ㆍ논리회로ㆍ증폭기ㆍ클록(clock)ㆍ타이밍(timing) 회로나 그 밖의 회로를 갖춘 것인지는 상관없다],0,3312,0,17,-3312
8542,전자집적회로,NO,노르웨이,2026-06-01,854232,메모리,170,0,0,0,170
8542,전자집적회로,NO,노르웨이,2026-06-01,854233,증폭기,0,9054,0,54,-9054
8542,전자집적회로,NO,노르웨이,2026-06-01,854239,기타,696,50671,3,1,-49975
8542,전자집적회로,NP,네팔,2026-06-01,854232,메모리,0,1,0,1,-1
8542,전자집적회로,NZ,뉴질랜드,2026-06-01,854231,프로세서와 컨트롤러[메모리ㆍ변환기ㆍ논리회로ㆍ증폭기ㆍ클록(clock)ㆍ타이밍(timing) 회로나 그 밖의 회로를 갖춘 것인지는 상관없다],1850,0,0,0,1850
8542,전자집적회로,NZ,뉴질랜드,2026-06-01,854232,메모리,30,0,0,0,30
8542,전자집적회로,NZ,뉴질랜드,2026-06-01,854233,증폭기,7500,0,3,0,7500
8542,전자집적회로,NZ,뉴질랜드,2026-06-01,854239,기타,0,2377,0,1,-2377
8542,전자집적회로,PH,필리핀,2026-06-01,854231,프로세서와 컨트롤러[메모리ㆍ변환기ㆍ논리회로ㆍ증폭기ㆍ클록(clock)ㆍ타이밍(timing) 회로나 그 밖의 회로를 갖춘 것인지는 상관없다],50405462,18220507,27974,10191,32184955
8542,전자집적회로,PH,필리핀,2026-06-01,854232,메모리,1064549083,174171,12230,162,1064374912
8542,전자집적회로,PH,필리핀,2026-06-01,854233,증폭기,4938,1707141,1,645,-1702203
8542,전자집적회로,PH,필리핀,2026-06-01,854239,기타,22435331,30256116,13180,10624,-7820785
8542,전자집적회로,PH,필리핀,2026-06-01,854290,부분품,5598637,322417,43651,9229,5276220
8542,전자집적회로,PK,파키스탄,2026-06-01,854231,프로세서와 컨트롤러[메모리ㆍ변환기ㆍ논리회로ㆍ증폭기ㆍ클록(clock)ㆍ타이밍(timing) 회로나 그 밖의 회로를 갖춘 것인지는 상관없다],252076,0,1047,0,252076
8542,전자집적회로,PL,폴란드,2026-06-01,854231,프로세서와 컨트롤러[메모리ㆍ변환기ㆍ논리회로ㆍ증폭기ㆍ클록(clock)ㆍ타이밍(timing) 회로나 그 밖의 회로를 갖춘 것인지는 상관없다],9038193,0,3875,0,9038193
8542,전자집적회로,PL,폴란드,2026-06-01,854232,메모리,11132735,0,1040,0,11132735
8542,전자집적회로,PL,폴란드,2026-06-01,854233,증폭기,712805,223,854,1,712582
8542,전자집적회로,PL,폴란드,2026-06-01,854239,기타,5419691,15466,2867,26,5404225
8542,전자집적회로,PL,폴란드,2026-06-01,854290,부분품,0,4255,0,1,-4255
8542,전자집적회로,PT,포루투갈,2026-06-01,854231,프로세서와 컨트롤러[메모리ㆍ변환기ㆍ논리회로ㆍ증폭기ㆍ클록(clock)ㆍ타이밍(timing) 회로나 그 밖의 회로를 갖춘 것인지는 상관없다],3534728,836466,909,16,2698262
8542,전자집적회로,PT,포루투갈,2026-06-01,854232,메모리,7275741,0,146,0,7275741
8542,전자집적회로,PT,포루투갈,2026-06-01,854239,기타,44,309137,0,5,-309093
8542,전자집적회로,PT,포루투갈,2026-06-01,854290,부분품,10062,0,128,0,10062
8542,전자집적회로,RO,루마니아,2026-06-01,854231,프로세서와 컨트롤러[메모리ㆍ변환기ㆍ논리회로ㆍ증폭기ㆍ클록(clock)ㆍ타이밍(timing) 회로나 그 밖의 회로를 갖춘 것인지는 상관없다],59609,12120,18,14,47489
8542,전자집적회로,RO,루마니아,2026-06-01,854232,메모리,178579,1266,1,1,177313
8542,전자집적회로,RO,루마니아,2026-06-01,854233,증폭기,24770,0,22,0,24770
8542,전자집적회로,RO,루마니아,2026-06-01,854239,기타,8100,0,8,0,8100
8542,전자집적회로,RS,세르비아,2026-06-01,854231,프로세서와 컨트롤러[메모리ㆍ변환기ㆍ논리회로ㆍ증폭기ㆍ클록(clock)ㆍ타이밍(timing) 회로나 그 밖의 회로를 갖춘 것인지는 상관없다],72121,0,3,0,72121
8542,전자집적회로,RS,세르비아,2026-06-01,854232,메모리,119,0,0,0,119
8542,전자집적회로,RS,세르비아,2026-06-01,854239,기타,748947,0,472,0,748947
8542,전자집적회로,SA,사우디아라비아,2026-06-01,854232,메모리,200,0,0,0,200
8542,전자집적회로,SE,스웨덴,2026-06-01,854231,프로세서와 컨트롤러[메모리ㆍ변환기ㆍ논리회로ㆍ증폭기ㆍ클록(clock)ㆍ타이밍(timing) 회로나 그 밖의 회로를 갖춘 것인지는 상관없다],2873827,41228,1095,2,2832599
8542,전자집적회로,SE,스웨덴,2026-06-01,854232,메모리,123,0,0,0,123
8542,전자집적회로,SE,스웨덴,2026-06-01,854233,증폭기,1868,0,2,0,1868
8542,전자집적회로,SE,스웨덴,2026-06-01,854239,기타,443381,1665,90,1,441716
8542,전자집적회로,SG,싱가포르,2026-06-01,854231,프로세서와 컨트롤러[메모리ㆍ변환기ㆍ논리회로ㆍ증폭기ㆍ클록(clock)ㆍ타이밍(timing) 회로나 그 밖의 회로를 갖춘 것인지는 상관없다],342212045,419312133,85823,17575,-77100088
8542,전자집적회로,SG,싱가포르,2026-06-01,854232,메모리,96807291,278759330,2386,1861,-181952039
8542,전자집적회로,SG,싱가포르,2026-06-01,854233,증폭기,4414,11685100,6,412,-11680686
8542,전자집적회로,SG,싱가포르,2026-06-01,854239,기타,8780008,35270382,41982,8393,-26490374
8542,전자집적회로,SG,싱가포르,2026-06-01,854290,부분품,565660,12160,5826,131,553500
8542,전자집적회로,SI,슬로베니아,2026-06-01,854231,프로세서와 컨트롤러[메모리ㆍ변환기ㆍ논리회로ㆍ증폭기ㆍ클록(clock)ㆍ타이밍(timing) 회로나 그 밖의 회로를 갖춘 것인지는 상관없다],26650,0,2,0,26650
8542,전자집적회로,SI,슬로베니아,2026-06-01,854239,기타,0,3332,0,3,-3332
8542,전자집적회로,SK,슬로바키아,2026-06-01,854231,프로세서와 컨트롤러[메모리ㆍ변환기ㆍ논리회로ㆍ증폭기ㆍ클록(clock)ㆍ타이밍(timing) 회로나 그 밖의 회로를 갖춘 것인지는 상관없다],8592,0,31,0,8592
8542,전자집적회로,SK,슬로바키아,2026-06-01,854232,메모리,691700,0,55,0,691700
8542,전자집적회로,SK,슬로바키아,2026-06-01,854239,기타,8826,0,9,0,8826
8542,전자집적회로,SV,엘살바도르,2026-06-01,854239,기타,0,8361,0,3,-8361
8542,전자집적회로,TH,태국,2026-06-01,854231,프로세서와 컨트롤러[메모리ㆍ변환기ㆍ논리회로ㆍ증폭기ㆍ클록(clock)ㆍ타이밍(timing) 회로나 그 밖의 회로를 갖춘 것인지는 상관없다],30093996,22343160,22981,14188,7750836
8542,전자집적회로,TH,태국,2026-06-01,854232,메모리,102019376,3377569,2057,511,98641807
8542,전자집적회로,TH,태국,2026-06-01,854233,증폭기,4480,1445072,4,321,-1440592
8542,전자집적회로,TH,태국,2026-06-01,854239,기타,5859501,39914137,4524,14645,-34054636
8542,전자집적회로,TH,태국,2026-06-01,854290,부분품,8359561,763,63413,15,8358798
8542,전자집적회로,TN,튀니지,2026-06-01,854232,메모리,56904,0,4,0,56904
8542,전자집적회로,TR,튀르키예,2026-06-01,854231,프로세서와 컨트롤러[메모리ㆍ변환기ㆍ논리회로ㆍ증폭기ㆍ클록(clock)ㆍ타이밍(timing) 회로나 그 밖의 회로를 갖춘 것인지는 상관없다],2461037,146882,138,3,2314155
8542,전자집적회로,TR,튀르키예,2026-06-01,854232,메모리,11734245,0,129,0,11734245
8542,전자집적회로,TR,튀르키예,2026-06-01,854233,증폭기,345344,0,153,0,345344
8542,전자집적회로,TR,튀르키예,2026-06-01,854239,기타,2516878,25655,727,5,2491223
8542,전자집적회로,TW,대만,2026-06-01,854231,프로세서와 컨트롤러[메모리ㆍ변환기ㆍ논리회로ㆍ증폭기ㆍ클록(clock)ㆍ타이밍(timing) 회로나 그 밖의 회로를 갖춘 것인지는 상관없다],341475378,2100620951,103447,123094,-1759145573
8542,전자집적회로,TW,대만,2026-06-01,854232,메모리,5427380454,434014810,28749,14820,4993365644
8542,전자집적회로,TW,대만,2026-06-01,854233,증폭기,195054,3237734,78,761,-3042680
8542,전자집적회로,TW,대만,2026-06-01,854239,기타,287770944,328917516,32156,49120,-41146572
8542,전자집적회로,TW,대만,2026-06-01,854290,부분품,7745334,1199419,54403,815,6545915
8542,전자집적회로,UA,우크라이나,2026-06-01,854232,메모리,0,158,0,2,-158
8542,전자집적회로,US,미국,2026-06-01,854231,프로세서와 컨트롤러[메모리ㆍ변환기ㆍ논리회로ㆍ증폭기ㆍ클록(clock)ㆍ타이밍(timing) 회로나 그 밖의 회로를 갖춘 것인지는 상관없다],37667033,106769190,16143,8752,-69102157
8542,전자집적회로,US,미국,2026-06-01,854232,메모리,260174231,2578431,2980,298,257595800
8542,전자집적회로,US,미국,2026-06-01,854233,증폭기,399720,888039,60,142,-488319
8542,전자집적회로,US,미국,2026-06-01,854239,기타,7227099,47847543,5257,9342,-40620444
8542,전자집적회로,US,미국,2026-06-01,854290,부분품,1050151,159271,418,77,890880
8542,전자집적회로,UZ,우즈베키스탄,2026-06-01,854231,프로세서와 컨트롤러[메모리ㆍ변환기ㆍ논리회로ㆍ증폭기ㆍ클록(clock)ㆍ타이밍(timing) 회로나 그 밖의 회로를 갖춘 것인지는 상관없다],211417,0,5875,0,211417
8542,전자집적회로,VN,베트남,2026-06-01,854231,프로세서와 컨트롤러[메모리ㆍ변환기ㆍ논리회로ㆍ증폭기ㆍ클록(clock)ㆍ타이밍(timing) 회로나 그 밖의 회로를 갖춘 것인지는 상관없다],1236273011,17083121,98805,6359,1219189890
8542,전자집적회로,VN,베트남,2026-06-01,854232,메모리,3350687610,13749538,54182,881,3336938072
8542,전자집적회로,VN,베트남,2026-06-01,854233,증폭기,5930898,7962,1877,1,5922936
8542,전자집적회로,VN,베트남,2026-06-01,854239,기타,224439504,492529,46723,704,223946975
8542,전자집적회로,VN,베트남,2026-06-01,854290,부분품,1882516,14155,1828,9,1868361
8542,전자집적회로,ZA,남아프리카공화국,2026-06-01,854231,프로세서와 컨트롤러[메모리ㆍ변환기ㆍ논리회로ㆍ증폭기ㆍ클록(clock)ㆍ타이밍(timing) 회로나 그 밖의 회로를 갖춘 것인지는 상관없다],15406,0,7,0,15406
8542,전자집적회로,ZA,남아프리카공화국,2026-06-01,854232,메모리,99345,0,8,0,99345
8542,전자집적회로,ZA,남아프리카공화국,2026-06-01,854233,증폭기,3723,0,11,0,3723
8542,전자집적회로,ZA,남아프리카공화국,2026-06-01,854239,기타,11266,0,19,0,11266
8542,전자집적회로,AE,아랍에미리트 연합,2026-07-01,854231,프로세서와 컨트롤러[메모리ㆍ변환기ㆍ논리회로ㆍ증폭기ㆍ클록(clock)ㆍ타이밍(timing) 회로나 그 밖의 회로를 갖춘 것인지는 상관없다],17804,0,4,0,17804
8542,전자집적회로,AE,아랍에미리트 연합,2026-07-01,854233,증폭기,0,333,0,1,-333
8542,전자집적회로,AE,아랍에미리트 연합,2026-07-01,854239,기타,142,0,0,0,142
8542,전자집적회로,AN,네덜란드 열도,2026-07-01,854231,프로세서와 컨트롤러[메모리ㆍ변환기ㆍ논리회로ㆍ증폭기ㆍ클록(clock)ㆍ타이밍(timing) 회로나 그 밖의 회로를 갖춘 것인지는 상관없다],59400,0,5,0,59400
8542,전자집적회로,AR,아르헨티나,2026-07-01,854231,프로세서와 컨트롤러[메모리ㆍ변환기ㆍ논리회로ㆍ증폭기ㆍ클록(clock)ㆍ타이밍(timing) 회로나 그 밖의 회로를 갖춘 것인지는 상관없다],154204,426,183,1,153778
8542,전자집적회로,AR,아르헨티나,2026-07-01,854232,메모리,76007,0,20,0,76007
8542,전자집적회로,AR,아르헨티나,2026-07-01,854239,기타,942132,0,755,0,942132
8542,전자집적회로,AT,오스트리아,2026-07-01,854231,프로세서와 컨트롤러[메모리ㆍ변환기ㆍ논리회로ㆍ증폭기ㆍ클록(clock)ㆍ타이밍(timing) 회로나 그 밖의 회로를 갖춘 것인지는 상관없다],3093951,179651,1018,51,2914300
8542,전자집적회로,AT,오스트리아,2026-07-01,854232,메모리,5436770,0,1044,0,5436770
8542,전자집적회로,AT,오스트리아,2026-07-01,854233,증폭기,35196,2140,8,3,33056
8542,전자집적회로,AT,오스트리아,2026-07-01,854239,기타,355794,273716,441,69,82078
8542,전자집적회로,AU,호주,2026-07-01,854231,프로세서와 컨트롤러[메모리ㆍ변환기ㆍ논리회로ㆍ증폭기ㆍ클록(clock)ㆍ타이밍(timing) 회로나 그 밖의 회로를 갖춘 것인지는 상관없다],3373,195636,1,12,-192263
8542,전자집적회로,AU,호주,2026-07-01,854232,메모리,658,0,40,0,658
8542,전자집적회로,AU,호주,2026-07-01,854233,증폭기,5921,7951,4,6,-2030
8542,전자집적회로,AU,호주,2026-07-01,854239,기타,3101,67902,11,13,-64801
8542,전자집적회로,BD,방글라데시,2026-07-01,854231,프로세서와 컨트롤러[메모리ㆍ변환기ㆍ논리회로ㆍ증폭기ㆍ클록(clock)ㆍ타이밍(timing) 회로나 그 밖의 회로를 갖춘 것인지는 상관없다],58579,0,35,0,58579
8542,전자집적회로,BD,방글라데시,2026-07-01,854232,메모리,110537,0,0,0,110537
8542,전자집적회로,BD,방글라데시,2026-07-01,854239,기타,51008,0,1,0,51008
8542,전자집적회로,BE,벨기에,2026-07-01,854231,프로세서와 컨트롤러[메모리ㆍ변환기ㆍ논리회로ㆍ증폭기ㆍ클록(clock)ㆍ타이밍(timing) 회로나 그 밖의 회로를 갖춘 것인지는 상관없다],1505286,65341,169,2,1439945
8542,전자집적회로,BE,벨기에,2026-07-01,854233,증폭기,79,0,0,0,79
8542,전자집적회로,BE,벨기에,2026-07-01,854239,기타,9464,74645,3,21,-65181
8542,전자집적회로,BG,불가리아,2026-07-01,854231,프로세서와 컨트롤러[메모리ㆍ변환기ㆍ논리회로ㆍ증폭기ㆍ클록(clock)ㆍ타이밍(timing) 회로나 그 밖의 회로를 갖춘 것인지는 상관없다],33798,0,1,0,33798
8542,전자집적회로,BG,불가리아,2026-07-01,854239,기타,0,356,0,3,-356
8542,전자집적회로,BR,브라질,2026-07-01,854231,프로세서와 컨트롤러[메모리ㆍ변환기ㆍ논리회로ㆍ증폭기ㆍ클록(clock)ㆍ타이밍(timing) 회로나 그 밖의 회로를 갖춘 것인지는 상관없다],65528009,0,4601,0,65528009
8542,전자집적회로,BR,브라질,2026-07-01,854232,메모리,203172683,122794,2600,9,203049889
8542,전자집적회로,BR,브라질,2026-07-01,854233,증폭기,258873,0,600,0,258873
8542,전자집적회로,BR,브라질,2026-07-01,854239,기타,4881320,4413,2150,5,4876907
8542,전자집적회로,BY,벨라루스,2026-07-01,854239,기타,0,139978,0,60,-139978
8542,전자집적회로,CA,캐나다,2026-07-01,854231,프로세서와 컨트롤러[메모리ㆍ변환기ㆍ논리회로ㆍ증폭기ㆍ클록(clock)ㆍ타이밍(timing) 회로나 그 밖의 회로를 갖춘 것인지는 상관없다],4111939,51625,277,16,4060314
8542,전자집적회로,CA,캐나다,2026-07-01,854232,메모리,4762,0,2,0,4762
8542,전자집적회로,CA,캐나다,2026-07-01,854233,증폭기,15540,0,2,0,15540
8542,전자집적회로,CA,캐나다,2026-07-01,854239,기타,31274,410890,15,75,-379616
8542,전자집적회로,CA,캐나다,2026-07-01,854290,부분품,15822,0,51,0,15822
8542,전자집적회로,CH,스위스,2026-07-01,854231,프로세서와 컨트롤러[메모리ㆍ변환기ㆍ논리회로ㆍ증폭기ㆍ클록(clock)ㆍ타이밍(timing) 회로나 그 밖의 회로를 갖춘 것인지는 상관없다],300897,110626,34,53,190271
8542,전자집적회로,CH,스위스,2026-07-01,854233,증폭기,0,3515,0,5,-3515
8542,전자집적회로,CH,스위스,2026-07-01,854239,기타,15759,1115518,11,139,-1099759
8542,전자집적회로,CH,스위스,2026-07-01,854290,부분품,0,4575,0,7,-4575
8542,전자집적회로,CL,칠레,2026-07-01,854239,기타,3,0,0,0,3
8542,전자집적회로,CN,중국,2026-07-01,854231,프로세서와 컨트롤러[메모리ㆍ변환기ㆍ논리회로ㆍ증폭기ㆍ클록(clock)ㆍ타이밍(timing) 회로나 그 밖의 회로를 갖춘 것인지는 상관없다],785352401,199631229,140593,65847,585721172
8542,전자집적회로,CN,중국,2026-07-01,854232,메모리,12466810855,3198344295,118957,54213,9268466560
8542,전자집적회로,CN,중국,2026-07-01,854233,증폭기,3895424,5579494,1395,1303,-1684070
8542,전자집적회로,CN,중국,2026-07-01,854239,기타,152757285,143988206,59571,103132,8769079
8542,전자집적회로,CN,중국,2026-07-01,854290,부분품,13314680,1192178,90618,21984,12122502
8542,전자집적회로,CR,코스타리카,2026-07-01,854231,프로세서와 컨트롤러[메모리ㆍ변환기ㆍ논리회로ㆍ증폭기ㆍ클록(clock)ㆍ타이밍(timing) 회로나 그 밖의 회로를 갖춘 것인지는 상관없다],2686,133251,0,35,-130565
8542,전자집적회로,CR,코스타리카,2026-07-01,854232,메모리,1188,0,1,0,1188
8542,전자집적회로,CR,코스타리카,2026-07-01,854239,기타,0,104959,0,13,-104959
8542,전자집적회로,CZ,체코공화국,2026-07-01,854231,프로세서와 컨트롤러[메모리ㆍ변환기ㆍ논리회로ㆍ증폭기ㆍ클록(clock)ㆍ타이밍(timing) 회로나 그 밖의 회로를 갖춘 것인지는 상관없다],9743665,2056,3677,5,9741609
8542,전자집적회로,CZ,체코공화국,2026-07-01,854232,메모리,8963351,0,4255,0,8963351
8542,전자집적회로,CZ,체코공화국,2026-07-01,854233,증폭기,200264,508,16,2,199756
8542,전자집적회로,CZ,체코공화국,2026-07-01,854239,기타,1522410,811466,683,512,710944
8542,전자집적회로,CZ,체코공화국,2026-07-01,854290,부분품,0,8017,0,410,-8017
8542,전자집적회로,DE,독일,2026-07-01,854231,프로세서와 컨트롤러[메모리ㆍ변환기ㆍ논리회로ㆍ증폭기ㆍ클록(clock)ㆍ타이밍(timing) 회로나 그 밖의 회로를 갖춘 것인지는 상관없다],3782000,46410104,1398,2680,-42628104
8542,전자집적회로,DE,독일,2026-07-01,854232,메모리,39568857,13148,811,11,39555709
8542,전자집적회로,DE,독일,2026-07-01,854233,증폭기,162361,31553,63,11,130808
8542,전자집적회로,DE,독일,2026-07-01,854239,기타,9975275,20397072,13157,3239,-10421797
8542,전자집적회로,DE,독일,2026-07-01,854290,부분품,705,374925,2,212,-374220
8542,전자집적회로,DK,덴마크,2026-07-01,854231,프로세서와 컨트롤러[메모리ㆍ변환기ㆍ논리회로ㆍ증폭기ㆍ클록(clock)ㆍ타이밍(timing) 회로나 그 밖의 회로를 갖춘 것인지는 상관없다],3007,819,1,4,2188
8542,전자집적회로,DK,덴마크,2026-07-01,854232,메모리,0,288,0,0,-288
8542,전자집적회로,DK,덴마크,2026-07-01,854233,증폭기,0,3002,0,1,-3002
8542,전자집적회로,DK,덴마크,2026-07-01,854239,기타,424033,4973,205,38,419060
8542,전자집적회로,EE,에스토니아,2026-07-01,854231,프로세서와 컨트롤러[메모리ㆍ변환기ㆍ논리회로ㆍ증폭기ㆍ클록(clock)ㆍ타이밍(timing) 회로나 그 밖의 회로를 갖춘 것인지는 상관없다],0,3844,0,23,-3844
8542,전자집적회로,EE,에스토니아,2026-07-01,854232,메모리,0,1315,0,2,-1315
8542,전자집적회로,EG,이집트,2026-07-01,854231,프로세서와 컨트롤러[메모리ㆍ변환기ㆍ논리회로ㆍ증폭기ㆍ클록(clock)ㆍ타이밍(timing) 회로나 그 밖의 회로를 갖춘 것인지는 상관없다],5532340,0,532,0,5532340
8542,전자집적회로,EG,이집트,2026-07-01,854232,메모리,19388628,0,303,0,19388628
8542,전자집적회로,EG,이집트,2026-07-01,854233,증폭기,44051,0,23,0,44051
8542,전자집적회로,EG,이집트,2026-07-01,854239,기타,1333280,0,235,0,1333280
8542,전자집적회로,ES,스페인,2026-07-01,854231,프로세서와 컨트롤러[메모리ㆍ변환기ㆍ논리회로ㆍ증폭기ㆍ클록(clock)ㆍ타이밍(timing) 회로나 그 밖의 회로를 갖춘 것인지는 상관없다],0,49324,0,4,-49324
8542,전자집적회로,ES,스페인,2026-07-01,854232,메모리,114456,0,9,0,114456
8542,전자집적회로,ES,스페인,2026-07-01,854233,증폭기,1750,1670,1,1,80
8542,전자집적회로,ES,스페인,2026-07-01,854239,기타,2509,402760,7,48,-400251
8542,전자집적회로,ES,스페인,2026-07-01,854290,부분품,17396,385,9,0,17011
8542,전자집적회로,FI,핀란드,2026-07-01,854231,프로세서와 컨트롤러[메모리ㆍ변환기ㆍ논리회로ㆍ증폭기ㆍ클록(clock)ㆍ타이밍(timing) 회로나 그 밖의 회로를 갖춘 것인지는 상관없다],38143,1476,6,1,36667
8542,전자집적회로,FI,핀란드,2026-07-01,854232,메모리,124,0,0,0,124
8542,전자집적회로,FI,핀란드,2026-07-01,854239,기타,17,11767,1,13,-11750
8542,전자집적회로,FI,핀란드,2026-07-01,854290,부분품,338461,339,1142,4,338122
8542,전자집적회로,FR,프랑스,2026-07-01,854231,프로세서와 컨트롤러[메모리ㆍ변환기ㆍ논리회로ㆍ증폭기ㆍ클록(clock)ㆍ타이밍(timing) 회로나 그 밖의 회로를 갖춘 것인지는 상관없다],11498885,48620735,1881,5221,-37121850
8542,전자집적회로,FR,프랑스,2026-07-01,854232,메모리,2255,953449,1,446,-951194
8542,전자집적회로,FR,프랑스,2026-07-01,854233,증폭기,6694,124309,5,8,-117615
8542,전자집적회로,FR,프랑스,2026-07-01,854239,기타,212135,3857600,182,905,-3645465
8542,전자집적회로,FR,프랑스,2026-07-01,854290,부분품,0,463,0,3,-463
8542,전자집적회로,GB,영국,2026-07-01,854231,프로세서와 컨트롤러[메모리ㆍ변환기ㆍ논리회로ㆍ증폭기ㆍ클록(clock)ㆍ타이밍(timing) 회로나 그 밖의 회로를 갖춘 것인지는 상관없다],340741,192368,93,377,148373
8542,전자집적회로,GB,영국,2026-07-01,854232,메모리,451,28149,2,3,-27698
8542,전자집적회로,GB,영국,2026-07-01,854233,증폭기,0,11615,0,11,-11615
8542,전자집적회로,GB,영국,2026-07-01,854239,기타,348909,708479,30,382,-359570
8542,전자집적회로,GB,영국,2026-07-01,854290,부분품,340,218,1,0,122
8542,전자집적회로,GR,그리스,2026-07-01,854231,프로세서와 컨트롤러[메모리ㆍ변환기ㆍ논리회로ㆍ증폭기ㆍ클록(clock)ㆍ타이밍(timing) 회로나 그 밖의 회로를 갖춘 것인지는 상관없다],4,0,1,0,4
8542,전자집적회로,HK,홍콩,2026-07-01,854231,프로세서와 컨트롤러[메모리ㆍ변환기ㆍ논리회로ㆍ증폭기ㆍ클록(clock)ㆍ타이밍(timing) 회로나 그 밖의 회로를 갖춘 것인지는 상관없다],155778756,12975402,54008,3007,142803354
8542,전자집적회로,HK,홍콩,2026-07-01,854232,메모리,4066337410,6765961,86427,896,4059571449
8542,전자집적회로,HK,홍콩,2026-07-01,854233,증폭기,1624264,322555,2094,81,1301709
8542,전자집적회로,HK,홍콩,2026-07-01,854239,기타,144200519,14304087,33073,3929,129896432
8542,전자집적회로,HK,홍콩,2026-07-01,854290,부분품,734603,19654,3075,22,714949
8542,전자집적회로,HN,온두라스,2026-07-01,854239,기타,230,353,1,0,-123
8542,전자집적회로,HR,크로아티아,2026-07-01,854231,프로세서와 컨트롤러[메모리ㆍ변환기ㆍ논리회로ㆍ증폭기ㆍ클록(clock)ㆍ타이밍(timing) 회로나 그 밖의 회로를 갖춘 것인지는 상관없다],22417,0,5,0,22417
8542,전자집적회로,HR,크로아티아,2026-07-01,854239,기타,200,0,0,0,200
8542,전자집적회로,HU,헝가리,2026-07-01,854231,프로세서와 컨트롤러[메모리ㆍ변환기ㆍ논리회로ㆍ증폭기ㆍ클록(clock)ㆍ타이밍(timing) 회로나 그 밖의 회로를 갖춘 것인지는 상관없다],324722,0,109,0,324722
8542,전자집적회로,HU,헝가리,2026-07-01,854232,메모리,4365587,0,107,0,4365587
8542,전자집적회로,HU,헝가리,2026-07-01,854233,증폭기,127736,0,8,0,127736
8542,전자집적회로,HU,헝가리,2026-07-01,854239,기타,149782,18831,176,67,130951
8542,전자집적회로,ID,인도네시아,2026-07-01,854231,프로세서와 컨트롤러[메모리ㆍ변환기ㆍ논리회로ㆍ증폭기ㆍ클록(clock)ㆍ타이밍(timing) 회로나 그 밖의 회로를 갖춘 것인지는 상관없다],19393128,1646318,3875,1716,17746810
8542,전자집적회로,ID,인도네시아,2026-07-01,854232,메모리,137377659,518,1839,6,137377141
8542,전자집적회로,ID,인도네시아,2026-07-01,854233,증폭기,260081,7217,63,1,252864
8542,전자집적회로,ID,인도네시아,2026-07-01,854239,기타,7526478,3902464,4496,2345,3624014
8542,전자집적회로,ID,인도네시아,2026-07-01,854290,부분품,56132,0,629,0,56132
8542,전자집적회로,IE,아일랜드,2026-07-01,854231,프로세서와 컨트롤러[메모리ㆍ변환기ㆍ논리회로ㆍ증폭기ㆍ클록(clock)ㆍ타이밍(timing) 회로나 그 밖의 회로를 갖춘 것인지는 상관없다],391179,1023570,48,114,-632391
8542,전자집적회로,IE,아일랜드,2026-07-01,854232,메모리,33030,416,2,0,32614
8542,전자집적회로,IE,아일랜드,2026-07-01,854233,증폭기,0,14,0,0,-14
8542,전자집적회로,IE,아일랜드,2026-07-01,854239,기타,582,60188,3,11,-59606
8542,전자집적회로,IL,이스라엘,2026-07-01,854231,프로세서와 컨트롤러[메모리ㆍ변환기ㆍ논리회로ㆍ증폭기ㆍ클록(clock)ㆍ타이밍(timing) 회로나 그 밖의 회로를 갖춘 것인지는 상관없다],3974694,467360,1324,94,3507334
8542,전자집적회로,IL,이스라엘,2026-07-01,854232,메모리,290471,24040,20,3,266431
8542,전자집적회로,IL,이스라엘,2026-07-01,854233,증폭기,11410,0,3,0,11410
8542,전자집적회로,IL,이스라엘,2026-07-01,854239,기타,24472,1141107,59,71,-1116635
8542,전자집적회로,IL,이스라엘,2026-07-01,854290,부분품,216,0,19,0,216
8542,전자집적회로,IN,인도,2026-07-01,854231,프로세서와 컨트롤러[메모리ㆍ변환기ㆍ논리회로ㆍ증폭기ㆍ클록(clock)ㆍ타이밍(timing) 회로나 그 밖의 회로를 갖춘 것인지는 상관없다],178937929,1236698,26813,404,177701231
8542,전자집적회로,IN,인도,2026-07-01,854232,메모리,586438290,56205,5026,115,586382085
8542,전자집적회로,IN,인도,2026-07-01,854233,증폭기,773578,0,722,0,773578
8542,전자집적회로,IN,인도,2026-07-01,854239,기타,14637261,321596,9744,1038,14315665
8542,전자집적회로,IN,인도,2026-07-01,854290,부분품,3939,0,23,0,3939
8542,전자집적회로,IT,이탈리아,2026-07-01,854231,프로세서와 컨트롤러[메모리ㆍ변환기ㆍ논리회로ㆍ증폭기ㆍ클록(clock)ㆍ타이밍(timing) 회로나 그 밖의 회로를 갖춘 것인지는 상관없다],559256,6564818,187,421,-6005562
8542,전자집적회로,IT,이탈리아,2026-07-01,854232,메모리,1150,4682,1,1,-3532
8542,전자집적회로,IT,이탈리아,2026-07-01,854233,증폭기,19600,2266,4,3,17334
8542,전자집적회로,IT,이탈리아,2026-07-01,854239,기타,97691,7834787,180,3023,-7737096
8542,전자집적회로,IT,이탈리아,2026-07-01,854290,부분품,0,50411,0,62,-50411
8542,전자집적회로,JP,일본,2026-07-01,854231,프로세서와 컨트롤러[메모리ㆍ변환기ㆍ논리회로ㆍ증폭기ㆍ클록(clock)ㆍ타이밍(timing) 회로나 그 밖의 회로를 갖춘 것인지는 상관없다],21490736,438237681,6651,11963,-416746945
8542,전자집적회로,JP,일본,2026-07-01,854232,메모리,137916709,150158562,1787,1034,-12241853
8542,전자집적회로,JP,일본,2026-07-01,854233,증폭기,74737,100572,70,53,-25835
8542,전자집적회로,JP,일본,2026-07-01,854239,기타,5091340,95986372,7058,24633,-90895032
8542,전자집적회로,JP,일본,2026-07-01,854290,부분품,192600,1127076,719,8867,-934476
8542,전자집적회로,KE,케냐,2026-07-01,854231,프로세서와 컨트롤러[메모리ㆍ변환기ㆍ논리회로ㆍ증폭기ㆍ클록(clock)ㆍ타이밍(timing) 회로나 그 밖의 회로를 갖춘 것인지는 상관없다],0,2750,0,0,-2750
8542,전자집적회로,KE,케냐,2026-07-01,854239,기타,0,11035,0,200,-11035
8542,전자집적회로,KG,키르기스스탄,2026-07-01,854290,부분품,267,0,1,0,267
8542,전자집적회로,KZ,카자흐스탄,2026-07-01,854231,프로세서와 컨트롤러[메모리ㆍ변환기ㆍ논리회로ㆍ증폭기ㆍ클록(clock)ㆍ타이밍(timing) 회로나 그 밖의 회로를 갖춘 것인지는 상관없다],23750,0,9,0,23750
8542,전자집적회로,LT,리투아니아,2026-07-01,854233,증폭기,4599,0,1,0,4599
8542,전자집적회로,LV,라트비아,2026-07-01,854231,프로세서와 컨트롤러[메모리ㆍ변환기ㆍ논리회로ㆍ증폭기ㆍ클록(clock)ㆍ타이밍(timing) 회로나 그 밖의 회로를 갖춘 것인지는 상관없다],0,2634,0,0,-2634
8542,전자집적회로,MA,모로코,2026-07-01,854231,프로세서와 컨트롤러[메모리ㆍ변환기ㆍ논리회로ㆍ증폭기ㆍ클록(clock)ㆍ타이밍(timing) 회로나 그 밖의 회로를 갖춘 것인지는 상관없다],0,7675,0,10,-7675
8542,전자집적회로,MA,모로코,2026-07-01,854233,증폭기,0,4549,0,3,-4549
8542,전자집적회로,MA,모로코,2026-07-01,854239,기타,0,175194,0,290,-175194
8542,전자집적회로,MA,모로코,2026-07-01,854290,부분품,348797,0,2447,0,348797
8542,전자집적회로,MC,모나코,2026-07-01,854239,기타,0,7854,0,29,-7854
8542,전자집적회로,MT,몰타,2026-07-01,854231,프로세서와 컨트롤러[메모리ㆍ변환기ㆍ논리회로ㆍ증폭기ㆍ클록(clock)ㆍ타이밍(timing) 회로나 그 밖의 회로를 갖춘 것인지는 상관없다],5835764,16873,3989,4,5818891
8542,전자집적회로,MT,몰타,2026-07-01,854239,기타,112334,450666,356,89,-338332
8542,전자집적회로,MT,몰타,2026-07-01,854290,부분품,399269,0,1473,0,399269
8542,전자집적회로,MX,멕시코,2026-07-01,854231,프로세서와 컨트롤러[메모리ㆍ변환기ㆍ논리회로ㆍ증폭기ㆍ클록(clock)ㆍ타이밍(timing) 회로나 그 밖의 회로를 갖춘 것인지는 상관없다],18868462,86980,13208,54,18781482
8542,전자집적회로,MX,멕시코,2026-07-01,854232,메모리,51269169,7963,2978,5,51261206
8542,전자집적회로,MX,멕시코,2026-07-01,854233,증폭기,673398,547474,154,428,125924
8542,전자집적회로,MX,멕시코,2026-07-01,854239,기타,21536921,1469698,12989,2873,20067223
8542,전자집적회로,MY,말레이시아,2026-07-01,854231,프로세서와 컨트롤러[메모리ㆍ변환기ㆍ논리회로ㆍ증폭기ㆍ클록(clock)ㆍ타이밍(timing) 회로나 그 밖의 회로를 갖춘 것인지는 상관없다],159932942,97840936,66099,14351,62092006
8542,전자집적회로,MY,말레이시아,2026-07-01,854232,메모리,1369352570,1420828,4085,187,1367931742
8542,전자집적회로,MY,말레이시아,2026-07-01,854233,증폭기,89296,2435659,8,1989,-2346363
8542,전자집적회로,MY,말레이시아,2026-07-01,854239,기타,45725354,49721290,32100,17602,-3995936
8542,전자집적회로,MY,말레이시아,2026-07-01,854290,부분품,7875494,36753,51745,485,7838741
8542,전자집적회로,NL,네덜란드,2026-07-01,854231,프로세서와 컨트롤러[메모리ㆍ변환기ㆍ논리회로ㆍ증폭기ㆍ클록(clock)ㆍ타이밍(timing) 회로나 그 밖의 회로를 갖춘 것인지는 상관없다],2099268,246550,246,37,1852718
8542,전자집적회로,NL,네덜란드,2026-07-01,854232,메모리,55795479,4550,518,3,55790929
8542,전자집적회로,NL,네덜란드,2026-07-01,854233,증폭기,0,309613,0,1,-309613
8542,전자집적회로,NL,네덜란드,2026-07-01,854239,기타,230704,21312,530,43,209392
8542,전자집적회로,NL,네덜란드,2026-07-01,854290,부분품,49732,120,167,5,49612
8542,전자집적회로,NO,노르웨이,2026-07-01,854231,프로세서와 컨트롤러[메모리ㆍ변환기ㆍ논리회로ㆍ증폭기ㆍ클록(clock)ㆍ타이밍(timing) 회로나 그 밖의 회로를 갖춘 것인지는 상관없다],0,81175,0,49,-81175
8542,전자집적회로,NO,노르웨이,2026-07-01,854232,메모리,152,0,0,0,152
8542,전자집적회로,NO,노르웨이,2026-07-01,854233,증폭기,206,18629,1,115,-18423
8542,전자집적회로,NO,노르웨이,2026-07-01,854239,기타,806,13496,3,6,-12690
8542,전자집적회로,NZ,뉴질랜드,2026-07-01,854239,기타,0,90,0,0,-90
8542,전자집적회로,PH,필리핀,2026-07-01,854231,프로세서와 컨트롤러[메모리ㆍ변환기ㆍ논리회로ㆍ증폭기ㆍ클록(clock)ㆍ타이밍(timing) 회로나 그 밖의 회로를 갖춘 것인지는 상관없다],60628442,19746378,33489,10929,40882064
8542,전자집적회로,PH,필리핀,2026-07-01,854232,메모리,872299820,407796,13774,276,871892024
8542,전자집적회로,PH,필리핀,2026-07-01,854233,증폭기,7443,684900,1,593,-677457
8542,전자집적회로,PH,필리핀,2026-07-01,854239,기타,11255139,29642694,15538,9774,-18387555
8542,전자집적회로,PH,필리핀,2026-07-01,854290,부분품,5054351,113745,30103,3924,4940606
8542,전자집적회로,PL,폴란드,2026-07-01,854231,프로세서와 컨트롤러[메모리ㆍ변환기ㆍ논리회로ㆍ증폭기ㆍ클록(clock)ㆍ타이밍(timing) 회로나 그 밖의 회로를 갖춘 것인지는 상관없다],6843483,4052,2609,6,6839431
8542,전자집적회로,PL,폴란드,2026-07-01,854232,메모리,16173668,0,956,0,16173668
8542,전자집적회로,PL,폴란드,2026-07-01,854233,증폭기,261092,0,187,0,261092
8542,전자집적회로,PL,폴란드,2026-07-01,854239,기타,4285459,10065,1598,17,4275394
8542,전자집적회로,PR,푸에르토리코,2026-07-01,854231,프로세서와 컨트롤러[메모리ㆍ변환기ㆍ논리회로ㆍ증폭기ㆍ클록(clock)ㆍ타이밍(timing) 회로나 그 밖의 회로를 갖춘 것인지는 상관없다],64613,0,121,0,64613
8542,전자집적회로,PT,포루투갈,2026-07-01,854231,프로세서와 컨트롤러[메모리ㆍ변환기ㆍ논리회로ㆍ증폭기ㆍ클록(clock)ㆍ타이밍(timing) 회로나 그 밖의 회로를 갖춘 것인지는 상관없다],1992332,258701,674,14,1733631
8542,전자집적회로,PT,포루투갈,2026-07-01,854232,메모리,5441347,0,130,0,5441347
8542,전자집적회로,PT,포루투갈,2026-07-01,854239,기타,0,1085147,0,190,-1085147
8542,전자집적회로,PT,포루투갈,2026-07-01,854290,부분품,10239,0,71,0,10239
8542,전자집적회로,RO,루마니아,2026-07-01,854231,프로세서와 컨트롤러[메모리ㆍ변환기ㆍ논리회로ㆍ증폭기ㆍ클록(clock)ㆍ타이밍(timing) 회로나 그 밖의 회로를 갖춘 것인지는 상관없다],244,3917,4,6,-3673
8542,전자집적회로,RO,루마니아,2026-07-01,854239,기타,153306,17437,73,12,135869
8542,전자집적회로,RS,세르비아,2026-07-01,854231,프로세서와 컨트롤러[메모리ㆍ변환기ㆍ논리회로ㆍ증폭기ㆍ클록(clock)ㆍ타이밍(timing) 회로나 그 밖의 회로를 갖춘 것인지는 상관없다],11326,0,1202,0,11326
8542,전자집적회로,RS,세르비아,2026-07-01,854232,메모리,119,0,0,0,119
8542,전자집적회로,RS,세르비아,2026-07-01,854239,기타,198298,141,369,0,198157
8542,전자집적회로,SA,사우디아라비아,2026-07-01,854233,증폭기,2203,0,0,0,2203
8542,전자집적회로,SB,솔로몬 군도,2026-07-01,854231,프로세서와 컨트롤러[메모리ㆍ변환기ㆍ논리회로ㆍ증폭기ㆍ클록(clock)ㆍ타이밍(timing) 회로나 그 밖의 회로를 갖춘 것인지는 상관없다],0,71182,0,7,-71182
8542,전자집적회로,SE,스웨덴,2026-07-01,854231,프로세서와 컨트롤러[메모리ㆍ변환기ㆍ논리회로ㆍ증폭기ㆍ클록(clock)ㆍ타이밍(timing) 회로나 그 밖의 회로를 갖춘 것인지는 상관없다],4117359,262,1194,0,4117097
8542,전자집적회로,SE,스웨덴,2026-07-01,854233,증폭기,490,0,1,0,490
8542,전자집적회로,SE,스웨덴,2026-07-01,854239,기타,1364296,0,200,0,1364296
8542,전자집적회로,SG,싱가포르,2026-07-01,854231,프로세서와 컨트롤러[메모리ㆍ변환기ㆍ논리회로ㆍ증폭기ㆍ클록(clock)ㆍ타이밍(timing) 회로나 그 밖의 회로를 갖춘 것인지는 상관없다],294919560,89795609,95539,13638,205123951
8542,전자집적회로,SG,싱가포르,2026-07-01,854232,메모리,103705339,76002557,1859,1164,27702782
8542,전자집적회로,SG,싱가포르,2026-07-01,854233,증폭기,25318,11340029,7,359,-11314711
8542,전자집적회로,SG,싱가포르,2026-07-01,854239,기타,9620119,32517805,45628,9212,-22897686
8542,전자집적회로,SG,싱가포르,2026-07-01,854290,부분품,1232937,29967,11089,455,1202970
8542,전자집적회로,SI,슬로베니아,2026-07-01,854233,증폭기,26916,0,2,0,26916
8542,전자집적회로,SI,슬로베니아,2026-07-01,854239,기타,1500,1901,9,5,-401
8542,전자집적회로,SK,슬로바키아,2026-07-01,854231,프로세서와 컨트롤러[메모리ㆍ변환기ㆍ논리회로ㆍ증폭기ㆍ클록(clock)ㆍ타이밍(timing) 회로나 그 밖의 회로를 갖춘 것인지는 상관없다],22324,9042,26,16,13282
8542,전자집적회로,SK,슬로바키아,2026-07-01,854232,메모리,3684601,0,218,0,3684601
8542,전자집적회로,SK,슬로바키아,2026-07-01,854239,기타,13493,428,65,7,13065
8542,전자집적회로,SO,소말리아,2026-07-01,854231,프로세서와 컨트롤러[메모리ㆍ변환기ㆍ논리회로ㆍ증폭기ㆍ클록(clock)ㆍ타이밍(timing) 회로나 그 밖의 회로를 갖춘 것인지는 상관없다],0,188,0,0,-188
8542,전자집적회로,SV,엘살바도르,2026-07-01,854231,프로세서와 컨트롤러[메모리ㆍ변환기ㆍ논리회로ㆍ증폭기ㆍ클록(clock)ㆍ타이밍(timing) 회로나 그 밖의 회로를 갖춘 것인지는 상관없다],0,220,0,1,-220
8542,전자집적회로,SV,엘살바도르,2026-07-01,854239,기타,0,32471,0,20,-32471
8542,전자집적회로,SZ,스와질랜드,2026-07-01,854231,프로세서와 컨트롤러[메모리ㆍ변환기ㆍ논리회로ㆍ증폭기ㆍ클록(clock)ㆍ타이밍(timing) 회로나 그 밖의 회로를 갖춘 것인지는 상관없다],2,0,1,0,2
8542,전자집적회로,TH,태국,2026-07-01,854231,프로세서와 컨트롤러[메모리ㆍ변환기ㆍ논리회로ㆍ증폭기ㆍ클록(clock)ㆍ타이밍(timing) 회로나 그 밖의 회로를 갖춘 것인지는 상관없다],37177624,17113335,25339,11755,20064289
8542,전자집적회로,TH,태국,2026-07-01,854232,메모리,203089170,1617054,2730,387,201472116
8542,전자집적회로,TH,태국,2026-07-01,854233,증폭기,47912,644621,10,214,-596709
8542,전자집적회로,TH,태국,2026-07-01,854239,기타,9018522,38841971,5453,13709,-29823449
8542,전자집적회로,TH,태국,2026-07-01,854290,부분품,8479968,9105,59628,16,8470863
8542,전자집적회로,TN,튀니지,2026-07-01,854232,메모리,367281,0,10,0,367281
8542,전자집적회로,TN,튀니지,2026-07-01,854239,기타,0,380,0,0,-380
8542,전자집적회로,TR,튀르키예,2026-07-01,854231,프로세서와 컨트롤러[메모리ㆍ변환기ㆍ논리회로ㆍ증폭기ㆍ클록(clock)ㆍ타이밍(timing) 회로나 그 밖의 회로를 갖춘 것인지는 상관없다],1645649,0,132,0,1645649
8542,전자집적회로,TR,튀르키예,2026-07-01,854232,메모리,24162849,13925,204,2,24148924
8542,전자집적회로,TR,튀르키예,2026-07-01,854233,증폭기,237810,0,117,0,237810
8542,전자집적회로,TR,튀르키예,2026-07-01,854239,기타,1870501,56,406,0,1870445
8542,전자집적회로,TW,대만,2026-07-01,854231,프로세서와 컨트롤러[메모리ㆍ변환기ㆍ논리회로ㆍ증폭기ㆍ클록(clock)ㆍ타이밍(timing) 회로나 그 밖의 회로를 갖춘 것인지는 상관없다],497032344,2752857258,114488,129438,-2255824914
8542,전자집적회로,TW,대만,2026-07-01,854232,메모리,3195968254,298416255,18000,11969,2897551999
8542,전자집적회로,TW,대만,2026-07-01,854233,증폭기,248276,3986182,33,996,-3737906
8542,전자집적회로,TW,대만,2026-07-01,854239,기타,195862939,259542042,22533,50946,-63679103
8542,전자집적회로,TW,대만,2026-07-01,854290,부분품,6893721,1281706,35537,812,5612015
8542,전자집적회로,UA,우크라이나,2026-07-01,854239,기타,0,178,0,0,-178
8542,전자집적회로,US,미국,2026-07-01,854231,프로세서와 컨트롤러[메모리ㆍ변환기ㆍ논리회로ㆍ증폭기ㆍ클록(clock)ㆍ타이밍(timing) 회로나 그 밖의 회로를 갖춘 것인지는 상관없다],38725113,98402796,12701,8320,-59677683
8542,전자집적회로,US,미국,2026-07-01,854232,메모리,179145254,13410042,2275,417,165735212
8542,전자집적회로,US,미국,2026-07-01,854233,증폭기,384463,1052072,147,150,-667609
8542,전자집적회로,US,미국,2026-07-01,854239,기타,6874106,43244636,6747,8829,-36370530
8542,전자집적회로,US,미국,2026-07-01,854290,부분품,635962,331213,324,216,304749
8542,전자집적회로,UZ,우즈베키스탄,2026-07-01,854231,프로세서와 컨트롤러[메모리ㆍ변환기ㆍ논리회로ㆍ증폭기ㆍ클록(clock)ㆍ타이밍(timing) 회로나 그 밖의 회로를 갖춘 것인지는 상관없다],7689,0,18,0,7689
8542,전자집적회로,VN,베트남,2026-07-01,854231,프로세서와 컨트롤러[메모리ㆍ변환기ㆍ논리회로ㆍ증폭기ㆍ클록(clock)ㆍ타이밍(timing) 회로나 그 밖의 회로를 갖춘 것인지는 상관없다],1330062559,4904299,100974,4161,1325158260
8542,전자집적회로,VN,베트남,2026-07-01,854232,메모리,4249228782,8015572,54408,610,4241213210
8542,전자집적회로,VN,베트남,2026-07-01,854233,증폭기,10772568,0,1827,0,10772568
8542,전자집적회로,VN,베트남,2026-07-01,854239,기타,264053883,1716414,59988,873,262337469
8542,전자집적회로,VN,베트남,2026-07-01,854290,부분품,2124282,2279,1569,6,2122003
8542,전자집적회로,ZA,남아프리카공화국,2026-07-01,854231,프로세서와 컨트롤러[메모리ㆍ변환기ㆍ논리회로ㆍ증폭기ㆍ클록(clock)ㆍ타이밍(timing) 회로나 그 밖의 회로를 갖춘 것인지는 상관없다],177435,14,51,0,177421
8542,전자집적회로,ZA,남아프리카공화국,2026-07-01,854239,기타,6985,0,35,0,6985
8542,전자집적회로,ZZ,기타국,2026-07-01,854231,프로세서와 컨트롤러[메모리ㆍ변환기ㆍ논리회로ㆍ증폭기ㆍ클록(clock)ㆍ타이밍(timing) 회로나 그 밖의 회로를 갖춘 것인지는 상관없다],0,1,0,0,-1
