대시보드품목,조회HS,국가코드,국가,기준월,수출액_USD,전년동월_수출액_USD,YoY_%,MoM_%,수출액_십억달러
반도체 제조장비,8486,Z1,국제통화기금,2025-06-01,0,,,,0.0
반도체 제조장비,8486,Z1,국제통화기금,2025-09-01,0,,,,0.0
반도체 제조장비,8486,GR,그리스,2025-03-01,0,,,,0.0
반도체 제조장비,8486,GR,그리스,2025-10-01,1500,,,inf,1.5e-06
반도체 제조장비,8486,GR,그리스,2026-02-01,48,,,-96.8,4.8e-08
반도체 제조장비,8486,GR,그리스,2026-07-01,0,,,-100.0,0.0
반도체 제조장비,8486,NL,네덜란드,2025-01-01,26492134,,,,0.026492134
반도체 제조장비,8486,NL,네덜란드,2025-02-01,18194006,,,-31.322988174527577,0.018194006
반도체 제조장비,8486,NL,네덜란드,2025-03-01,29355093,,,61.34485720187186,0.029355093
반도체 제조장비,8486,NL,네덜란드,2025-04-01,24243890,,,-17.411639608840623,0.02424389
반도체 제조장비,8486,NL,네덜란드,2025-05-01,15913340,,,-34.36144117136317,0.01591334
반도체 제조장비,8486,NL,네덜란드,2025-06-01,18114858,,,13.834418167399164,0.018114858
반도체 제조장비,8486,NL,네덜란드,2025-07-01,26246987,,,44.892038347747466,0.026246987
반도체 제조장비,8486,NL,네덜란드,2025-08-01,41739406,,,59.02551405233676,0.041739406
반도체 제조장비,8486,NL,네덜란드,2025-09-01,30007691,,,-28.10704828909161,0.030007691
반도체 제조장비,8486,NL,네덜란드,2025-10-01,53524125,,,78.36802238466132,0.053524125
반도체 제조장비,8486,NL,네덜란드,2025-11-01,17951217,,,-66.46144705775198,0.017951217
반도체 제조장비,8486,NL,네덜란드,2025-12-01,78301129,,,336.1884155263679,0.078301129
반도체 제조장비,8486,NL,네덜란드,2026-01-01,25505529,26492134.0,-3.7241431739700515,-67.42635856502146,0.025505529
반도체 제조장비,8486,NL,네덜란드,2026-02-01,48338961,18194006.0,165.68618807754598,89.52345979571723,0.048338961
반도체 제조장비,8486,NL,네덜란드,2026-03-01,35528868,29355093.0,21.03135902175477,-26.500555111227985,0.035528868
반도체 제조장비,8486,NL,네덜란드,2026-04-01,65330244,24243890.0,169.47096361186263,83.87932877568743,0.065330244
반도체 제조장비,8486,NL,네덜란드,2026-05-01,26354364,15913340.0,65.61176974789704,-59.659780238996206,0.026354364
반도체 제조장비,8486,NL,네덜란드,2026-06-01,89286712,18114858.0,392.8921441172766,238.79289213733256,0.089286712
반도체 제조장비,8486,NL,네덜란드,2026-07-01,64466608,26246987.0,145.61527004985373,-27.79820585172853,0.064466608
반도체 제조장비,8486,NO,노르웨이,2026-06-01,25120,,,,2.512e-05
반도체 제조장비,8486,NZ,뉴질랜드,2025-01-01,0,,,,0.0
반도체 제조장비,8486,NZ,뉴질랜드,2025-02-01,0,,,,0.0
반도체 제조장비,8486,NZ,뉴질랜드,2025-03-01,0,,,,0.0
반도체 제조장비,8486,NZ,뉴질랜드,2025-05-01,0,,,,0.0
반도체 제조장비,8486,NZ,뉴질랜드,2025-06-01,0,,,,0.0
반도체 제조장비,8486,NZ,뉴질랜드,2025-07-01,0,,,,0.0
반도체 제조장비,8486,NZ,뉴질랜드,2025-08-01,0,,,,0.0
반도체 제조장비,8486,NZ,뉴질랜드,2025-09-01,0,,,,0.0
반도체 제조장비,8486,NZ,뉴질랜드,2025-10-01,0,,,,0.0
반도체 제조장비,8486,NZ,뉴질랜드,2025-11-01,0,,,,0.0
반도체 제조장비,8486,NZ,뉴질랜드,2025-12-01,0,,,,0.0
반도체 제조장비,8486,NZ,뉴질랜드,2026-01-01,0,,,,0.0
반도체 제조장비,8486,NZ,뉴질랜드,2026-02-01,0,0.0,,,0.0
반도체 제조장비,8486,NZ,뉴질랜드,2026-03-01,0,0.0,,,0.0
반도체 제조장비,8486,NZ,뉴질랜드,2026-04-01,89961,0.0,inf,inf,8.9961e-05
반도체 제조장비,8486,NZ,뉴질랜드,2026-05-01,0,0.0,,-100.0,0.0
반도체 제조장비,8486,NZ,뉴질랜드,2026-06-01,0,0.0,,,0.0
반도체 제조장비,8486,NZ,뉴질랜드,2026-07-01,0,0.0,,,0.0
반도체 제조장비,8486,NU,니우에,2025-12-01,0,,,,0.0
반도체 제조장비,8486,TW,대만,2025-01-01,97377542,,,,0.097377542
반도체 제조장비,8486,TW,대만,2025-02-01,107156919,,,10.042743736538352,0.107156919
반도체 제조장비,8486,TW,대만,2025-03-01,113158952,,,5.601162347715505,0.113158952
반도체 제조장비,8486,TW,대만,2025-04-01,120239647,,,6.257299908539271,0.120239647
반도체 제조장비,8486,TW,대만,2025-05-01,122072412,,,1.5242601302713377,0.122072412
반도체 제조장비,8486,TW,대만,2025-06-01,144037795,,,17.993732277527208,0.144037795
반도체 제조장비,8486,TW,대만,2025-07-01,132594515,,,-7.944637030857072,0.132594515
반도체 제조장비,8486,TW,대만,2025-08-01,108534809,,,-18.145325242148967,0.108534809
반도체 제조장비,8486,TW,대만,2025-09-01,157283363,,,44.91513317169977,0.157283363
반도체 제조장비,8486,TW,대만,2025-10-01,122571217,,,-22.069814211691284,0.122571217
반도체 제조장비,8486,TW,대만,2025-11-01,121409718,,,-0.9476115424390419,0.121409718
반도체 제조장비,8486,TW,대만,2025-12-01,122512468,,,0.9082880828369833,0.122512468
반도체 제조장비,8486,TW,대만,2026-01-01,97488911,97377542.0,0.11436825957262808,-20.425314589205733,0.097488911
반도체 제조장비,8486,TW,대만,2026-02-01,149584667,107156919.0,39.594034987138805,53.43762225428901,0.149584667
반도체 제조장비,8486,TW,대만,2026-03-01,201697992,113158952.0,78.24307174566269,34.83868102604393,0.201697992
반도체 제조장비,8486,TW,대만,2026-04-01,142936347,120239647.0,18.876219754703705,-29.133480416602264,0.142936347
반도체 제조장비,8486,TW,대만,2026-05-01,132624906,122072412.0,8.644454407929626,-7.214009044179647,0.132624906
반도체 제조장비,8486,TW,대만,2026-06-01,231169904,144037795.0,60.49253183860528,74.30353843191413,0.231169904
반도체 제조장비,8486,TW,대만,2026-07-01,143856140,132594515.0,8.493281188893832,-37.77038554292085,0.14385614
반도체 제조장비,8486,DK,덴마크,2025-02-01,0,,,,0.0
반도체 제조장비,8486,DK,덴마크,2025-06-01,0,,,,0.0
반도체 제조장비,8486,DK,덴마크,2025-08-01,214,,,inf,2.14e-07
반도체 제조장비,8486,DK,덴마크,2025-10-01,7497,,,3403.2710280373835,7.497e-06
반도체 제조장비,8486,DK,덴마크,2026-05-01,0,,,-100.0,0.0
반도체 제조장비,8486,DK,덴마크,2026-07-01,0,,,,0.0
반도체 제조장비,8486,DO,도미니카 공화국,2025-10-01,0,,,,0.0
반도체 제조장비,8486,DE,독일,2025-01-01,2060116,,,,0.002060116
반도체 제조장비,8486,DE,독일,2025-02-01,9287636,,,350.8307299200627,0.009287636
반도체 제조장비,8486,DE,독일,2025-03-01,3389121,,,-63.50932573154245,0.003389121
반도체 제조장비,8486,DE,독일,2025-04-01,1688996,,,-50.16418711518414,0.001688996
반도체 제조장비,8486,DE,독일,2025-05-01,1439545,,,-14.76918832253007,0.001439545
반도체 제조장비,8486,DE,독일,2025-06-01,1486507,,,3.262280790110772,0.001486507
반도체 제조장비,8486,DE,독일,2025-07-01,1923710,,,29.411432304052386,0.00192371
반도체 제조장비,8486,DE,독일,2025-08-01,22443067,,,1066.6554210353952,0.022443067
반도체 제조장비,8486,DE,독일,2025-09-01,5848971,,,-73.93862879792677,0.005848971
반도체 제조장비,8486,DE,독일,2025-10-01,6213161,,,6.226565322344735,0.006213161
반도체 제조장비,8486,DE,독일,2025-11-01,4113450,,,-33.79456930216358,0.00411345
반도체 제조장비,8486,DE,독일,2025-12-01,3005533,,,-26.934009165056093,0.003005533
반도체 제조장비,8486,DE,독일,2026-01-01,3124734,2060116.0,51.67757543749965,3.966051944863014,0.003124734
반도체 제조장비,8486,DE,독일,2026-02-01,1943500,9287636.0,-79.0743306477558,-37.80270576631482,0.0019435
반도체 제조장비,8486,DE,독일,2026-03-01,2389797,3389121.0,-29.486229615289627,22.963570877283246,0.002389797
반도체 제조장비,8486,DE,독일,2026-04-01,2629947,1688996.0,55.71067071798868,10.048970686631552,0.002629947
반도체 제조장비,8486,DE,독일,2026-05-01,2225764,1439545.0,54.61579874196361,-15.368484612047318,0.002225764
반도체 제조장비,8486,DE,독일,2026-06-01,2055655,1486507.0,38.28760981280277,-7.642724026446645,0.002055655
반도체 제조장비,8486,DE,독일,2026-07-01,2235430,1923710.0,16.204105608433707,8.745387723134467,0.00223543
반도체 제조장비,8486,RU,러시아 연방,2025-05-01,0,,,,0.0
반도체 제조장비,8486,RU,러시아 연방,2026-01-01,0,,,,0.0
반도체 제조장비,8486,RU,러시아 연방,2026-04-01,0,,,,0.0
반도체 제조장비,8486,RU,러시아 연방,2026-07-01,0,,,,0.0
반도체 제조장비,8486,RO,루마니아,2025-01-01,0,,,,0.0
반도체 제조장비,8486,RO,루마니아,2025-04-01,0,,,,0.0
반도체 제조장비,8486,RO,루마니아,2025-05-01,0,,,,0.0
반도체 제조장비,8486,RO,루마니아,2025-06-01,0,,,,0.0
반도체 제조장비,8486,RO,루마니아,2025-07-01,0,,,,0.0
반도체 제조장비,8486,RO,루마니아,2025-08-01,0,,,,0.0
반도체 제조장비,8486,RO,루마니아,2025-09-01,0,,,,0.0
반도체 제조장비,8486,RO,루마니아,2025-10-01,0,,,,0.0
반도체 제조장비,8486,RO,루마니아,2025-12-01,0,,,,0.0
반도체 제조장비,8486,RO,루마니아,2026-01-01,0,,,,0.0
반도체 제조장비,8486,RO,루마니아,2026-02-01,80,,,inf,8e-08
반도체 제조장비,8486,RO,루마니아,2026-03-01,11677,,,14496.25,1.1677e-05
반도체 제조장비,8486,RO,루마니아,2026-04-01,0,0.0,,-100.0,0.0
반도체 제조장비,8486,RO,루마니아,2026-05-01,0,0.0,,,0.0
반도체 제조장비,8486,RO,루마니아,2026-06-01,0,0.0,,,0.0
반도체 제조장비,8486,RO,루마니아,2026-07-01,0,0.0,,,0.0
반도체 제조장비,8486,LU,룩셈부르그,2025-04-01,358312,,,,0.000358312
반도체 제조장비,8486,LU,룩셈부르그,2025-06-01,376009,,,4.938991716716168,0.000376009
반도체 제조장비,8486,LU,룩셈부르그,2025-11-01,509310,,,35.45154504280483,0.00050931
반도체 제조장비,8486,LU,룩셈부르그,2026-03-01,386737,,,-24.066482103237718,0.000386737
반도체 제조장비,8486,LU,룩셈부르그,2026-04-01,0,,,-100.0,0.0
반도체 제조장비,8486,LU,룩셈부르그,2026-05-01,472155,,,inf,0.000472155
반도체 제조장비,8486,LT,리투아니아,2025-05-01,9782,,,,9.782e-06
반도체 제조장비,8486,LT,리투아니아,2025-06-01,1900,,,-80.57656920875077,1.9e-06
반도체 제조장비,8486,LI,리히텐슈타인,2025-01-01,0,,,,0.0
반도체 제조장비,8486,LI,리히텐슈타인,2025-02-01,0,,,,0.0
반도체 제조장비,8486,LI,리히텐슈타인,2025-03-01,0,,,,0.0
반도체 제조장비,8486,LI,리히텐슈타인,2025-04-01,0,,,,0.0
반도체 제조장비,8486,LI,리히텐슈타인,2025-05-01,0,,,,0.0
반도체 제조장비,8486,LI,리히텐슈타인,2025-06-01,0,,,,0.0
반도체 제조장비,8486,LI,리히텐슈타인,2025-07-01,0,,,,0.0
반도체 제조장비,8486,LI,리히텐슈타인,2025-08-01,0,,,,0.0
반도체 제조장비,8486,LI,리히텐슈타인,2025-09-01,0,,,,0.0
반도체 제조장비,8486,LI,리히텐슈타인,2025-10-01,0,,,,0.0
반도체 제조장비,8486,LI,리히텐슈타인,2025-11-01,0,,,,0.0
반도체 제조장비,8486,LI,리히텐슈타인,2025-12-01,0,,,,0.0
반도체 제조장비,8486,LI,리히텐슈타인,2026-01-01,0,0.0,,,0.0
반도체 제조장비,8486,LI,리히텐슈타인,2026-02-01,118210,0.0,inf,inf,0.00011821
반도체 제조장비,8486,LI,리히텐슈타인,2026-03-01,0,0.0,,-100.0,0.0
반도체 제조장비,8486,LI,리히텐슈타인,2026-04-01,0,0.0,,,0.0
반도체 제조장비,8486,LI,리히텐슈타인,2026-05-01,35191,0.0,inf,inf,3.5191e-05
반도체 제조장비,8486,LI,리히텐슈타인,2026-06-01,185,0.0,inf,-99.47429740558665,1.85e-07
반도체 제조장비,8486,LI,리히텐슈타인,2026-07-01,0,0.0,,-100.0,0.0
반도체 제조장비,8486,MH,마샬군도,2025-02-01,14582,,,,1.4582e-05
반도체 제조장비,8486,MH,마샬군도,2025-04-01,52930,,,262.9817583321904,5.293e-05
반도체 제조장비,8486,MH,마샬군도,2025-05-01,52929,,,-0.0018892877385212614,5.2929e-05
반도체 제조장비,8486,MH,마샬군도,2025-09-01,0,,,-100.0,0.0
반도체 제조장비,8486,UM,마이너 아우틀링 합중국 군도,2025-02-01,0,,,,0.0
반도체 제조장비,8486,MO,마카오,2025-02-01,3592,,,,3.592e-06
반도체 제조장비,8486,MO,마카오,2025-03-01,0,,,-100.0,0.0
반도체 제조장비,8486,MO,마카오,2025-12-01,232,,,inf,2.32e-07
반도체 제조장비,8486,MO,마카오,2026-04-01,0,,,-100.0,0.0
반도체 제조장비,8486,MO,마카오,2026-05-01,0,,,,0.0
반도체 제조장비,8486,MY,말레이시아,2025-01-01,8509840,,,,0.00850984
반도체 제조장비,8486,MY,말레이시아,2025-02-01,9740314,,,14.45942579413948,0.009740314
반도체 제조장비,8486,MY,말레이시아,2025-03-01,10502380,,,7.823834016028641,0.01050238
반도체 제조장비,8486,MY,말레이시아,2025-04-01,16384885,,,56.01116127963377,0.016384885
반도체 제조장비,8486,MY,말레이시아,2025-05-01,18625425,,,13.674432258755553,0.018625425
반도체 제조장비,8486,MY,말레이시아,2025-06-01,11342272,,,-39.1032848914857,0.011342272
반도체 제조장비,8486,MY,말레이시아,2025-07-01,13580192,,,19.730791150132877,0.013580192
반도체 제조장비,8486,MY,말레이시아,2025-08-01,25254013,,,85.96212041773784,0.025254013
반도체 제조장비,8486,MY,말레이시아,2025-09-01,23385854,,,-7.397473819309431,0.023385854
반도체 제조장비,8486,MY,말레이시아,2025-10-01,10220072,,,-56.29805950212465,0.010220072
반도체 제조장비,8486,MY,말레이시아,2025-11-01,19184250,,,87.71149557459086,0.01918425
반도체 제조장비,8486,MY,말레이시아,2025-12-01,26772839,,,39.55634960970589,0.026772839
반도체 제조장비,8486,MY,말레이시아,2026-01-01,21365496,8509840.0,151.06812819042426,-20.19712216549018,0.021365496
반도체 제조장비,8486,MY,말레이시아,2026-02-01,13946003,9740314.0,43.178166535493624,-34.72651886948939,0.013946003
반도체 제조장비,8486,MY,말레이시아,2026-03-01,21439956,10502380.0,104.14378455169211,53.73548965965374,0.021439956
반도체 제조장비,8486,MY,말레이시아,2026-04-01,18002455,16384885.0,9.872330504608362,-16.033153239680153,0.018002455
반도체 제조장비,8486,MY,말레이시아,2026-05-01,15337218,18625425.0,-17.654399832487044,-14.804853004770735,0.015337218
반도체 제조장비,8486,MY,말레이시아,2026-06-01,72922237,11342272.0,542.9244246655344,375.4593499290419,0.072922237
반도체 제조장비,8486,MY,말레이시아,2026-07-01,91034072,13580192.0,570.3445135385421,24.837190608949644,0.091034072
반도체 제조장비,8486,MX,멕시코,2025-01-01,391399,,,,0.000391399
반도체 제조장비,8486,MX,멕시코,2025-02-01,147065,,,-62.42581100105008,0.000147065
반도체 제조장비,8486,MX,멕시코,2025-03-01,93798,,,-36.220038758372155,9.3798e-05
반도체 제조장비,8486,MX,멕시코,2025-04-01,676780,,,621.5292436938954,0.00067678
반도체 제조장비,8486,MX,멕시코,2025-05-01,653617,,,-3.4225302166139615,0.000653617
반도체 제조장비,8486,MX,멕시코,2025-06-01,295943,,,-54.72226089590693,0.000295943
반도체 제조장비,8486,MX,멕시코,2025-07-01,322055,,,8.82332070702805,0.000322055
반도체 제조장비,8486,MX,멕시코,2025-08-01,39746,,,-87.6586297371567,3.9746e-05
반도체 제조장비,8486,MX,멕시코,2025-09-01,500555,,,1159.3845921602174,0.000500555
반도체 제조장비,8486,MX,멕시코,2025-10-01,77943,,,-84.42868416058175,7.7943e-05
반도체 제조장비,8486,MX,멕시코,2025-11-01,878526,,,1027.1390631615411,0.000878526
반도체 제조장비,8486,MX,멕시코,2025-12-01,1056497,,,20.257909270755793,0.001056497
반도체 제조장비,8486,MX,멕시코,2026-01-01,75755,391399.0,-80.64507063124842,-92.82960576319668,7.5755e-05
반도체 제조장비,8486,MX,멕시코,2026-02-01,33752,147065.0,-77.0496039166355,-55.445845158735395,3.3752e-05
반도체 제조장비,8486,MX,멕시코,2026-03-01,169760,93798.0,80.98466918271178,402.96278739037683,0.00016976
반도체 제조장비,8486,MX,멕시코,2026-04-01,545947,676780.0,-19.33168828866101,221.59931668237513,0.000545947
반도체 제조장비,8486,MX,멕시코,2026-05-01,33547,653617.0,-94.86748355688424,-93.85526433884608,3.3547e-05
반도체 제조장비,8486,MX,멕시코,2026-06-01,5790564,295943.0,1856.6484086462594,17161.048677974184,0.005790564
반도체 제조장비,8486,MX,멕시코,2026-07-01,38269,322055.0,-88.11724705407461,-99.33911446277082,3.8269e-05
반도체 제조장비,8486,MA,모로코,2025-01-01,105969,,,,0.000105969
반도체 제조장비,8486,MA,모로코,2025-02-01,103990,,,-1.867527295718563,0.00010399
반도체 제조장비,8486,MA,모로코,2025-03-01,79309,,,-23.734012885854405,7.9309e-05
반도체 제조장비,8486,MA,모로코,2025-04-01,89095,,,12.339078793075187,8.9095e-05
반도체 제조장비,8486,MA,모로코,2025-05-01,4711,,,-94.7123856557607,4.711e-06
반도체 제조장비,8486,MA,모로코,2025-06-01,15656,,,232.32859265548717,1.5656e-05
반도체 제조장비,8486,MA,모로코,2025-07-01,100868,,,544.2769545222279,0.000100868
반도체 제조장비,8486,MA,모로코,2025-08-01,73422,,,-27.209818773049932,7.3422e-05
반도체 제조장비,8486,MA,모로코,2025-09-01,66491,,,-9.439949878782928,6.6491e-05
반도체 제조장비,8486,MA,모로코,2025-10-01,53660,,,-19.297348513332636,5.366e-05
반도체 제조장비,8486,MA,모로코,2025-11-01,25850,,,-51.8263138278047,2.585e-05
반도체 제조장비,8486,MA,모로코,2025-12-01,107269,,,314.96711798839453,0.000107269
반도체 제조장비,8486,MA,모로코,2026-01-01,64418,105969.0,-39.21052383244157,-39.94723545479123,6.4418e-05
반도체 제조장비,8486,MA,모로코,2026-02-01,79267,103990.0,-23.774401384748533,23.051010587102994,7.9267e-05
반도체 제조장비,8486,MA,모로코,2026-03-01,52163,79309.0,-34.228145607686386,-34.19329607528985,5.2163e-05
반도체 제조장비,8486,MA,모로코,2026-04-01,43676,89095.0,-50.97816936977384,-16.270153173705502,4.3676e-05
반도체 제조장비,8486,MA,모로코,2026-05-01,130075,4711.0,2661.0910634684783,197.8180236285374,0.000130075
반도체 제조장비,8486,MA,모로코,2026-06-01,32033,15656.0,104.60526315789474,-75.37343840092254,3.2033e-05
반도체 제조장비,8486,MA,모로코,2026-07-01,100796,100868.0,-0.07138041797200012,214.66300377735462,0.000100796
반도체 제조장비,8486,MT,몰타,2025-01-01,51754,,,,5.1754e-05
반도체 제조장비,8486,MT,몰타,2025-02-01,79015,,,52.674189434633064,7.9015e-05
반도체 제조장비,8486,MT,몰타,2025-03-01,188918,,,139.09131177624502,0.000188918
반도체 제조장비,8486,MT,몰타,2025-04-01,72983,,,-61.36789506558401,7.2983e-05
반도체 제조장비,8486,MT,몰타,2025-05-01,142866,,,95.75243549867778,0.000142866
반도체 제조장비,8486,MT,몰타,2025-06-01,998481,,,598.8933686111461,0.000998481
반도체 제조장비,8486,MT,몰타,2025-07-01,171139,,,-82.86006443788114,0.000171139
반도체 제조장비,8486,MT,몰타,2025-08-01,76827,,,-55.10842064053196,7.6827e-05
반도체 제조장비,8486,MT,몰타,2025-09-01,214788,,,179.57358741067594,0.000214788
반도체 제조장비,8486,MT,몰타,2025-10-01,19054,,,-91.12892712814497,1.9054e-05
반도체 제조장비,8486,MT,몰타,2025-11-01,46124,,,142.06990658129527,4.6124e-05
반도체 제조장비,8486,MT,몰타,2025-12-01,181825,,,294.2090885439251,0.000181825
반도체 제조장비,8486,MT,몰타,2026-01-01,41470,51754.0,-19.870927850987364,-77.19235528667674,4.147e-05
반도체 제조장비,8486,MT,몰타,2026-02-01,202521,79015.0,156.3070303107005,388.3554376657825,0.000202521
반도체 제조장비,8486,MT,몰타,2026-03-01,46381,188918.0,-75.44913666246731,-77.09817747295342,4.6381e-05
반도체 제조장비,8486,MT,몰타,2026-04-01,1821167,72983.0,2395.33041941274,3826.536728401716,0.001821167
반도체 제조장비,8486,MT,몰타,2026-05-01,1916153,142866.0,1241.2239441154647,5.215666657698059,0.001916153
반도체 제조장비,8486,MT,몰타,2026-06-01,5299643,998481.0,430.770540450945,176.57723574265728,0.005299643
반도체 제조장비,8486,MT,몰타,2026-07-01,2342447,171139.0,1268.7394457137182,-55.79990954107663,0.002342447
반도체 제조장비,8486,MN,몽골,2025-05-01,20265,,,,2.0265e-05
반도체 제조장비,8486,MN,몽골,2026-03-01,0,,,-100.0,0.0
반도체 제조장비,8486,MN,몽골,2026-07-01,59,,,inf,5.9e-08
반도체 제조장비,8486,US,미국,2025-01-01,85666520,,,,0.08566652
반도체 제조장비,8486,US,미국,2025-02-01,73176183,,,-14.580184884363224,0.073176183
반도체 제조장비,8486,US,미국,2025-03-01,115133464,,,57.33734567707638,0.115133464
반도체 제조장비,8486,US,미국,2025-04-01,76254489,,,-33.76861396266163,0.076254489
반도체 제조장비,8486,US,미국,2025-05-01,66040939,,,-13.39403113697346,0.066040939
반도체 제조장비,8486,US,미국,2025-06-01,70604394,,,6.91003954380478,0.070604394
반도체 제조장비,8486,US,미국,2025-07-01,66314186,,,-6.076403686716725,0.066314186
반도체 제조장비,8486,US,미국,2025-08-01,64132494,,,-3.2899325643535704,0.064132494
반도체 제조장비,8486,US,미국,2025-09-01,58693666,,,-8.480612027968226,0.058693666
반도체 제조장비,8486,US,미국,2025-10-01,64517761,,,9.922867997374718,0.064517761
반도체 제조장비,8486,US,미국,2025-11-01,72257335,,,11.99603625426493,0.072257335
반도체 제조장비,8486,US,미국,2025-12-01,65637314,,,-9.16172870200651,0.065637314
반도체 제조장비,8486,US,미국,2026-01-01,66702819,85666520.0,-22.136653852636947,1.6233220634226386,0.066702819
반도체 제조장비,8486,US,미국,2026-02-01,82977918,73176183.0,13.394706580965021,24.399417062118477,0.082977918
반도체 제조장비,8486,US,미국,2026-03-01,121280237,115133464.0,5.3388239929965,46.15965298141127,0.121280237
반도체 제조장비,8486,US,미국,2026-04-01,141985568,76254489.0,86.19961901521627,17.07230420402295,0.141985568
반도체 제조장비,8486,US,미국,2026-05-01,150438239,66040939.0,127.79542701535482,5.953190256632279,0.150438239
반도체 제조장비,8486,US,미국,2026-06-01,197177655,70604394.0,179.27108191028452,31.06884015040883,0.197177655
반도체 제조장비,8486,US,미국,2026-07-01,205136102,66314186.0,209.3396969390531,4.036180975983306,0.205136102
반도체 제조장비,8486,MM,미얀마,2025-04-01,0,,,,0.0
반도체 제조장비,8486,BD,방글라데시,2025-11-01,218000,,,,0.000218
반도체 제조장비,8486,BD,방글라데시,2025-12-01,433,,,-99.80137614678898,4.33e-07
반도체 제조장비,8486,VN,베트남,2025-01-01,15649727,,,,0.015649727
반도체 제조장비,8486,VN,베트남,2025-02-01,13894751,,,-11.214099773114249,0.013894751
반도체 제조장비,8486,VN,베트남,2025-03-01,8056765,,,-42.01576552181467,0.008056765
반도체 제조장비,8486,VN,베트남,2025-04-01,19663687,,,144.06429876011032,0.019663687
반도체 제조장비,8486,VN,베트남,2025-05-01,20539415,,,4.453528984671085,0.020539415
반도체 제조장비,8486,VN,베트남,2025-06-01,25022513,,,21.82680470695002,0.025022513
반도체 제조장비,8486,VN,베트남,2025-07-01,9649369,,,-61.437250527155285,0.009649369
반도체 제조장비,8486,VN,베트남,2025-08-01,14640763,,,51.72767255558368,0.014640763
반도체 제조장비,8486,VN,베트남,2025-09-01,13103541,,,-10.499603060304985,0.013103541
반도체 제조장비,8486,VN,베트남,2025-10-01,11101918,,,-15.275435853560504,0.011101918
반도체 제조장비,8486,VN,베트남,2025-11-01,32494339,,,192.69121785983288,0.032494339
반도체 제조장비,8486,VN,베트남,2025-12-01,50316799,,,54.84789212053214,0.050316799
반도체 제조장비,8486,VN,베트남,2026-01-01,15490790,15649727.0,-1.0155896010198728,-69.21348275751802,0.01549079
반도체 제조장비,8486,VN,베트남,2026-02-01,16727693,13894751.0,20.388576952548476,7.984763850003773,0.016727693
반도체 제조장비,8486,VN,베트남,2026-03-01,20336647,8056765.0,152.41703090508412,21.574726413259725,0.020336647
반도체 제조장비,8486,VN,베트남,2026-04-01,30562239,19663687.0,55.42476342305489,50.2816024686862,0.030562239
반도체 제조장비,8486,VN,베트남,2026-05-01,26788432,20539415.0,30.424513064271785,-12.34794021472052,0.026788432
반도체 제조장비,8486,VN,베트남,2026-06-01,11507752,25022513.0,-54.01040654869477,-57.0420844340572,0.011507752
반도체 제조장비,8486,VN,베트남,2026-07-01,22890528,9649369.0,137.2230557251982,98.91398424296945,0.022890528
반도체 제조장비,8486,BE,벨기에,2025-01-01,9290,,,,9.29e-06
반도체 제조장비,8486,BE,벨기에,2025-02-01,139037,,,1396.6307857911734,0.000139037
반도체 제조장비,8486,BE,벨기에,2025-03-01,776205,,,458.2722584635745,0.000776205
반도체 제조장비,8486,BE,벨기에,2025-04-01,1485616,,,91.39479905437354,0.001485616
반도체 제조장비,8486,BE,벨기에,2025-05-01,0,,,-100.0,0.0
반도체 제조장비,8486,BE,벨기에,2025-06-01,289738,,,inf,0.000289738
반도체 제조장비,8486,BE,벨기에,2025-07-01,136187,,,-52.9965002864657,0.000136187
반도체 제조장비,8486,BE,벨기에,2025-08-01,142534,,,4.6605035722939725,0.000142534
반도체 제조장비,8486,BE,벨기에,2025-09-01,47520,,,-66.66058624608866,4.752e-05
반도체 제조장비,8486,BE,벨기에,2025-10-01,146972,,,209.28451178451178,0.000146972
반도체 제조장비,8486,BE,벨기에,2025-11-01,1881228,,,1179.9907465367553,0.001881228
반도체 제조장비,8486,BE,벨기에,2025-12-01,171688,,,-90.87362084765908,0.000171688
반도체 제조장비,8486,BE,벨기에,2026-01-01,902550,9290.0,9615.285252960171,425.69195284469504,0.00090255
반도체 제조장비,8486,BE,벨기에,2026-02-01,462952,139037.0,232.97036040766125,-48.70622126197994,0.000462952
반도체 제조장비,8486,BE,벨기에,2026-03-01,229859,776205.0,-70.38681791537029,-50.34928027095682,0.000229859
반도체 제조장비,8486,BE,벨기에,2026-04-01,7298,1485616.0,-99.50875596385606,-96.82501011489653,7.298e-06
반도체 제조장비,8486,BE,벨기에,2026-05-01,1610416,0.0,inf,21966.53877774733,0.001610416
반도체 제조장비,8486,BE,벨기에,2026-06-01,52756,289738.0,-81.79182571840767,-96.72407626352447,5.2756e-05
반도체 제조장비,8486,BE,벨기에,2026-07-01,1452329,136187.0,966.4226394589791,2652.917203730381,0.001452329
반도체 제조장비,8486,BG,불가리아,2025-02-01,0,,,,0.0
반도체 제조장비,8486,BG,불가리아,2025-04-01,0,,,,0.0
반도체 제조장비,8486,BG,불가리아,2025-05-01,1240,,,inf,1.24e-06
반도체 제조장비,8486,BG,불가리아,2025-10-01,0,,,-100.0,0.0
반도체 제조장비,8486,BG,불가리아,2025-11-01,4060,,,inf,4.06e-06
반도체 제조장비,8486,BG,불가리아,2026-02-01,1360,,,-66.50246305418719,1.36e-06
반도체 제조장비,8486,BG,불가리아,2026-04-01,0,,,-100.0,0.0
반도체 제조장비,8486,BG,불가리아,2026-05-01,0,,,,0.0
반도체 제조장비,8486,BG,불가리아,2026-06-01,0,,,,0.0
반도체 제조장비,8486,BG,불가리아,2026-07-01,0,,,,0.0
반도체 제조장비,8486,BR,브라질,2025-01-01,54350,,,,5.435e-05
반도체 제조장비,8486,BR,브라질,2025-02-01,250691,,,361.25298988040475,0.000250691
반도체 제조장비,8486,BR,브라질,2025-03-01,149239,,,-40.46894383922838,0.000149239
반도체 제조장비,8486,BR,브라질,2025-04-01,1708744,,,1044.9714886859333,0.001708744
반도체 제조장비,8486,BR,브라질,2025-05-01,5370,,,-99.6857340830458,5.37e-06
반도체 제조장비,8486,BR,브라질,2025-06-01,11492,,,114.00372439478583,1.1492e-05
반도체 제조장비,8486,BR,브라질,2025-07-01,8261,,,-28.11521058127393,8.261e-06
반도체 제조장비,8486,BR,브라질,2025-08-01,702394,,,8402.529960053262,0.000702394
반도체 제조장비,8486,BR,브라질,2025-09-01,59419,,,-91.54050290862394,5.9419e-05
반도체 제조장비,8486,BR,브라질,2025-10-01,1388008,,,2235.9666100069003,0.001388008
반도체 제조장비,8486,BR,브라질,2025-11-01,382534,,,-72.4400723915136,0.000382534
반도체 제조장비,8486,BR,브라질,2025-12-01,69436,,,-81.84841086021112,6.9436e-05
반도체 제조장비,8486,BR,브라질,2026-01-01,117429,54350.0,116.06071757129715,69.11832478829425,0.000117429
반도체 제조장비,8486,BR,브라질,2026-02-01,125171,250691.0,-50.069607604580945,6.5929199771777025,0.000125171
반도체 제조장비,8486,BR,브라질,2026-03-01,1228768,149239.0,723.3558252199492,881.6714734243554,0.001228768
반도체 제조장비,8486,BR,브라질,2026-04-01,158151,1708744.0,-90.74460539437153,-87.12930349748692,0.000158151
반도체 제조장비,8486,BR,브라질,2026-05-01,115360,5370.0,2048.2309124767226,-27.05705306953481,0.00011536
반도체 제조장비,8486,BR,브라질,2026-06-01,58361,11492.0,407.84023668639054,-49.40967406380028,5.8361e-05
반도체 제조장비,8486,BR,브라질,2026-07-01,21489,8261.0,160.12589274906185,-63.17917787563613,2.1489e-05
반도체 제조장비,8486,SA,사우디아라비아,2025-02-01,38600,,,,3.86e-05
반도체 제조장비,8486,SA,사우디아라비아,2025-07-01,3388,,,-91.22279792746114,3.388e-06
반도체 제조장비,8486,SA,사우디아라비아,2025-09-01,3541,,,4.515938606847691,3.541e-06
반도체 제조장비,8486,SA,사우디아라비아,2025-12-01,300,,,-91.52781700084722,3e-07
반도체 제조장비,8486,SA,사우디아라비아,2026-01-01,3500,,,1066.6666666666665,3.5e-06
반도체 제조장비,8486,SA,사우디아라비아,2026-02-01,2855,,,-18.428571428571427,2.855e-06
반도체 제조장비,8486,SA,사우디아라비아,2026-06-01,1099,,,-61.5061295971979,1.099e-06
반도체 제조장비,8486,SN,세네갈,2026-04-01,0,,,,0.0
반도체 제조장비,8486,SN,세네갈,2026-06-01,0,,,,0.0
반도체 제조장비,8486,RS,세르비아,2025-03-01,983,,,,9.83e-07
반도체 제조장비,8486,RS,세르비아,2025-08-01,123145,,,12427.466937945066,0.000123145
반도체 제조장비,8486,RS,세르비아,2025-11-01,57981,,,-52.91648057168379,5.7981e-05
반도체 제조장비,8486,RS,세르비아,2026-03-01,1645,,,-97.16286369672824,1.645e-06
반도체 제조장비,8486,RS,세르비아,2026-07-01,0,,,-100.0,0.0
반도체 제조장비,8486,LK,스리랑카,2025-01-01,70000,,,,7e-05
반도체 제조장비,8486,LK,스리랑카,2025-02-01,35000,,,-50.0,3.5e-05
반도체 제조장비,8486,LK,스리랑카,2025-03-01,0,,,-100.0,0.0
반도체 제조장비,8486,SZ,스와질랜드,2025-02-01,5000,,,,5e-06
반도체 제조장비,8486,SZ,스와질랜드,2025-05-01,3900,,,-21.999999999999996,3.9e-06
반도체 제조장비,8486,SZ,스와질랜드,2025-09-01,7500,,,92.3076923076923,7.5e-06
반도체 제조장비,8486,SZ,스와질랜드,2025-11-01,5000,,,-33.333333333333336,5e-06
반도체 제조장비,8486,SZ,스와질랜드,2026-02-01,5000,,,0.0,5e-06
반도체 제조장비,8486,SZ,스와질랜드,2026-04-01,7500,,,50.0,7.5e-06
반도체 제조장비,8486,SZ,스와질랜드,2026-07-01,6800,,,-9.333333333333337,6.8e-06
반도체 제조장비,8486,SE,스웨덴,2025-01-01,758670,,,,0.00075867
반도체 제조장비,8486,SE,스웨덴,2025-02-01,370388,,,-51.1793006181871,0.000370388
반도체 제조장비,8486,SE,스웨덴,2025-03-01,79574,,,-78.51604263637051,7.9574e-05
반도체 제조장비,8486,SE,스웨덴,2025-04-01,2251,,,-97.17118656847714,2.251e-06
반도체 제조장비,8486,SE,스웨덴,2025-05-01,352691,,,15568.191914704576,0.000352691
반도체 제조장비,8486,SE,스웨덴,2025-06-01,1700,,,-99.51799166976191,1.7e-06
반도체 제조장비,8486,SE,스웨덴,2025-07-01,51000,,,2900.0,5.1e-05
반도체 제조장비,8486,SE,스웨덴,2025-08-01,2407,,,-95.28039215686275,2.407e-06
반도체 제조장비,8486,SE,스웨덴,2025-09-01,0,,,-100.0,0.0
반도체 제조장비,8486,SE,스웨덴,2025-10-01,47544,,,inf,4.7544e-05
반도체 제조장비,8486,SE,스웨덴,2025-11-01,3143,,,-93.38928150765607,3.143e-06
반도체 제조장비,8486,SE,스웨덴,2025-12-01,0,,,-100.0,0.0
반도체 제조장비,8486,SE,스웨덴,2026-01-01,30585,758670.0,-95.96860294989916,inf,3.0585e-05
반도체 제조장비,8486,SE,스웨덴,2026-02-01,9273,370388.0,-97.49640917092346,-69.68121628249142,9.273e-06
반도체 제조장비,8486,SE,스웨덴,2026-03-01,0,79574.0,-100.0,-100.0,0.0
반도체 제조장비,8486,SE,스웨덴,2026-04-01,76,2251.0,-96.62372278987117,inf,7.6e-08
반도체 제조장비,8486,SE,스웨덴,2026-05-01,0,352691.0,-100.0,-100.0,0.0
반도체 제조장비,8486,SE,스웨덴,2026-06-01,8400,1700.0,394.11764705882354,inf,8.4e-06
반도체 제조장비,8486,SE,스웨덴,2026-07-01,0,51000.0,-100.0,-100.0,0.0
반도체 제조장비,8486,CH,스위스,2025-01-01,123471,,,,0.000123471
반도체 제조장비,8486,CH,스위스,2025-02-01,85477,,,-30.771598189048444,8.5477e-05
반도체 제조장비,8486,CH,스위스,2025-03-01,520362,,,508.77429015992607,0.000520362
반도체 제조장비,8486,CH,스위스,2025-04-01,72529,,,-86.06181850327272,7.2529e-05
반도체 제조장비,8486,CH,스위스,2025-05-01,164110,,,126.26811344427745,0.00016411
반도체 제조장비,8486,CH,스위스,2025-06-01,82339,,,-49.82694534153921,8.2339e-05
반도체 제조장비,8486,CH,스위스,2025-07-01,229955,,,179.27834926341103,0.000229955
반도체 제조장비,8486,CH,스위스,2025-08-01,65022,,,-71.72403296297102,6.5022e-05
반도체 제조장비,8486,CH,스위스,2025-09-01,473174,,,627.7136969025868,0.000473174
반도체 제조장비,8486,CH,스위스,2025-10-01,172835,,,-63.473267761964934,0.000172835
반도체 제조장비,8486,CH,스위스,2025-11-01,193733,,,12.09130095177482,0.000193733
반도체 제조장비,8486,CH,스위스,2025-12-01,155436,,,-19.76792802465248,0.000155436
반도체 제조장비,8486,CH,스위스,2026-01-01,257984,123471.0,108.94299066177484,65.97442034020433,0.000257984
반도체 제조장비,8486,CH,스위스,2026-02-01,206353,85477.0,141.41347964949637,-20.01325663607045,0.000206353
반도체 제조장비,8486,CH,스위스,2026-03-01,171437,520362.0,-67.05428144253423,-16.920519691984126,0.000171437
반도체 제조장비,8486,CH,스위스,2026-04-01,235266,72529.0,224.37507755518484,37.23175277215538,0.000235266
반도체 제조장비,8486,CH,스위스,2026-05-01,221830,164110.0,35.17153128998842,-5.710982462404257,0.00022183
반도체 제조장비,8486,CH,스위스,2026-06-01,200877,82339.0,143.9633709420809,-9.445521345174235,0.000200877
반도체 제조장비,8486,CH,스위스,2026-07-01,301596,229955.0,31.15435628709966,50.13963768873491,0.000301596
반도체 제조장비,8486,ES,스페인,2025-01-01,4155,,,,4.155e-06
반도체 제조장비,8486,ES,스페인,2025-03-01,9740,,,134.41636582430806,9.74e-06
반도체 제조장비,8486,ES,스페인,2025-04-01,10300,,,5.749486652977409,1.03e-05
반도체 제조장비,8486,ES,스페인,2025-05-01,2400,,,-76.69902912621359,2.4e-06
반도체 제조장비,8486,ES,스페인,2025-06-01,1200,,,-50.0,1.2e-06
반도체 제조장비,8486,ES,스페인,2025-07-01,14129,,,1077.4166666666665,1.4129e-05
반도체 제조장비,8486,ES,스페인,2025-08-01,0,,,-100.0,0.0
반도체 제조장비,8486,ES,스페인,2025-11-01,3900,,,inf,3.9e-06
반도체 제조장비,8486,ES,스페인,2025-12-01,7650,,,96.15384615384615,7.65e-06
반도체 제조장비,8486,ES,스페인,2026-01-01,600,,,-92.15686274509804,6e-07
반도체 제조장비,8486,ES,스페인,2026-02-01,573,,,-4.5000000000000036,5.73e-07
반도체 제조장비,8486,ES,스페인,2026-04-01,495,,,-13.612565445026181,4.95e-07
반도체 제조장비,8486,ES,스페인,2026-05-01,904,4155.0,-78.2430806257521,82.62626262626263,9.04e-07
반도체 제조장비,8486,ES,스페인,2026-07-01,80,9740.0,-99.17864476386036,-91.1504424778761,8e-08
반도체 제조장비,8486,SK,슬로바키아,2025-01-01,0,,,,0.0
반도체 제조장비,8486,SK,슬로바키아,2025-02-01,0,,,,0.0
반도체 제조장비,8486,SK,슬로바키아,2025-03-01,0,,,,0.0
반도체 제조장비,8486,SK,슬로바키아,2025-05-01,0,,,,0.0
반도체 제조장비,8486,SK,슬로바키아,2025-07-01,0,,,,0.0
반도체 제조장비,8486,SK,슬로바키아,2025-09-01,0,,,,0.0
반도체 제조장비,8486,SK,슬로바키아,2025-10-01,168,,,inf,1.68e-07
반도체 제조장비,8486,SK,슬로바키아,2025-11-01,0,,,-100.0,0.0
반도체 제조장비,8486,SK,슬로바키아,2025-12-01,0,,,,0.0
반도체 제조장비,8486,SK,슬로바키아,2026-01-01,0,,,,0.0
반도체 제조장비,8486,SK,슬로바키아,2026-02-01,0,,,,0.0
반도체 제조장비,8486,SK,슬로바키아,2026-03-01,164,,,inf,1.64e-07
반도체 제조장비,8486,SK,슬로바키아,2026-04-01,0,0.0,,-100.0,0.0
반도체 제조장비,8486,SK,슬로바키아,2026-05-01,0,0.0,,,0.0
반도체 제조장비,8486,SI,슬로베니아,2025-11-01,3632,,,,3.632e-06
반도체 제조장비,8486,SL,시에라 리온,2026-05-01,0,,,,0.0
반도체 제조장비,8486,SL,시에라 리온,2026-06-01,0,,,,0.0
반도체 제조장비,8486,SG,싱가포르,2025-01-01,37800734,,,,0.037800734
반도체 제조장비,8486,SG,싱가포르,2025-02-01,60679760,,,60.52534852894655,0.06067976
반도체 제조장비,8486,SG,싱가포르,2025-03-01,58109688,,,-4.235468301127099,0.058109688
반도체 제조장비,8486,SG,싱가포르,2025-04-01,66039582,,,13.646423295199938,0.066039582
반도체 제조장비,8486,SG,싱가포르,2025-05-01,40527781,,,-38.631075829644104,0.040527781
반도체 제조장비,8486,SG,싱가포르,2025-06-01,78668949,,,94.11116784311481,0.078668949
반도체 제조장비,8486,SG,싱가포르,2025-07-01,85901542,,,9.19370741815808,0.085901542
반도체 제조장비,8486,SG,싱가포르,2025-08-01,57061770,,,-33.5730550680918,0.05706177
반도체 제조장비,8486,SG,싱가포르,2025-09-01,72275233,,,26.661393433817416,0.072275233
반도체 제조장비,8486,SG,싱가포르,2025-10-01,49627886,,,-31.33486543031968,0.049627886
반도체 제조장비,8486,SG,싱가포르,2025-11-01,48449352,,,-2.374741491104415,0.048449352
반도체 제조장비,8486,SG,싱가포르,2025-12-01,87975541,,,81.58249257905452,0.087975541
반도체 제조장비,8486,SG,싱가포르,2026-01-01,78890720,37800734.0,108.70155590100445,-10.326530415993695,0.07889072
반도체 제조장비,8486,SG,싱가포르,2026-02-01,61037664,60679760.0,0.5898243499974365,-22.630109092679085,0.061037664
반도체 제조장비,8486,SG,싱가포르,2026-03-01,78483274,58109688.0,35.06056683697907,28.58171308784032,0.078483274
반도체 제조장비,8486,SG,싱가포르,2026-04-01,144875069,66039582.0,119.3761144642012,84.59355938693382,0.144875069
반도체 제조장비,8486,SG,싱가포르,2026-05-01,115288785,40527781.0,184.46853529928026,-20.421929186449606,0.115288785
반도체 제조장비,8486,SG,싱가포르,2026-06-01,83292183,78668949.0,5.876821870341753,-27.753438463246884,0.083292183
반도체 제조장비,8486,SG,싱가포르,2026-07-01,102807243,85901542.0,19.68032308430505,23.42964165076571,0.102807243
반도체 제조장비,8486,AE,아랍에미리트 연합,2025-02-01,14516,,,,1.4516e-05
반도체 제조장비,8486,AE,아랍에미리트 연합,2025-05-01,7650,,,-47.299531551391574,7.65e-06
반도체 제조장비,8486,AE,아랍에미리트 연합,2025-06-01,0,,,-100.0,0.0
반도체 제조장비,8486,AE,아랍에미리트 연합,2025-07-01,480,,,inf,4.8e-07
반도체 제조장비,8486,AE,아랍에미리트 연합,2025-08-01,0,,,-100.0,0.0
반도체 제조장비,8486,AE,아랍에미리트 연합,2026-07-01,5000,,,inf,5e-06
반도체 제조장비,8486,AR,아르헨티나,2025-09-01,0,,,,0.0
반도체 제조장비,8486,AR,아르헨티나,2025-10-01,600,,,inf,6e-07
반도체 제조장비,8486,AR,아르헨티나,2025-11-01,47082,,,7747.0,4.7082e-05
반도체 제조장비,8486,IS,아이슬란드,2025-01-01,0,,,,0.0
반도체 제조장비,8486,IS,아이슬란드,2025-04-01,0,,,,0.0
반도체 제조장비,8486,IS,아이슬란드,2025-05-01,0,,,,0.0
반도체 제조장비,8486,IS,아이슬란드,2025-06-01,0,,,,0.0
반도체 제조장비,8486,IS,아이슬란드,2025-07-01,0,,,,0.0
반도체 제조장비,8486,IS,아이슬란드,2025-08-01,0,,,,0.0
반도체 제조장비,8486,IS,아이슬란드,2025-09-01,0,,,,0.0
반도체 제조장비,8486,IE,아일랜드,2025-01-01,1212870,,,,0.00121287
반도체 제조장비,8486,IE,아일랜드,2025-02-01,14341068,,,1082.4076776571274,0.014341068
반도체 제조장비,8486,IE,아일랜드,2025-03-01,3458959,,,-75.88074333097089,0.003458959
반도체 제조장비,8486,IE,아일랜드,2025-04-01,1217850,,,-64.79143002273227,0.00121785
반도체 제조장비,8486,IE,아일랜드,2025-05-01,1876480,,,54.08137291127808,0.00187648
반도체 제조장비,8486,IE,아일랜드,2025-06-01,1372637,,,-26.850432725102323,0.001372637
반도체 제조장비,8486,IE,아일랜드,2025-07-01,1508123,,,9.870490158723676,0.001508123
반도체 제조장비,8486,IE,아일랜드,2025-08-01,2577748,,,70.92425485189204,0.002577748
반도체 제조장비,8486,IE,아일랜드,2025-09-01,4411118,,,71.12293366147506,0.004411118
반도체 제조장비,8486,IE,아일랜드,2025-10-01,988176,,,-77.59806017431409,0.000988176
반도체 제조장비,8486,IE,아일랜드,2025-11-01,1395849,,,41.255100306018356,0.001395849
반도체 제조장비,8486,IE,아일랜드,2025-12-01,8501251,,,509.0380119912684,0.008501251
반도체 제조장비,8486,IE,아일랜드,2026-01-01,5791479,1212870.0,377.5020406144105,-31.87497934127578,0.005791479
반도체 제조장비,8486,IE,아일랜드,2026-02-01,3545199,14341068.0,-75.27939341756137,-38.78594742379278,0.003545199
반도체 제조장비,8486,IE,아일랜드,2026-03-01,4291296,3458959.0,24.06322248977222,21.045278417375158,0.004291296
반도체 제조장비,8486,IE,아일랜드,2026-04-01,7346797,1217850.0,503.25959683047995,71.20228947152563,0.007346797
반도체 제조장비,8486,IE,아일랜드,2026-05-01,3937300,1876480.0,109.82371248294677,-46.40793804429332,0.0039373
반도체 제조장비,8486,IE,아일랜드,2026-06-01,4898490,1372637.0,256.8671105325006,24.41241459883676,0.00489849
반도체 제조장비,8486,IE,아일랜드,2026-07-01,3017509,1508123.0,100.08374648486895,-38.39920056997156,0.003017509
반도체 제조장비,8486,AF,아프카니스탄,2026-02-01,0,,,,0.0
반도체 제조장비,8486,AF,아프카니스탄,2026-05-01,0,,,,0.0
반도체 제조장비,8486,AF,아프카니스탄,2026-06-01,0,,,,0.0
반도체 제조장비,8486,AI,앙귈라,2025-04-01,234000,,,,0.000234
반도체 제조장비,8486,AI,앙귈라,2025-10-01,937000,,,300.4273504273504,0.000937
반도체 제조장비,8486,SV,엘살바도르,2025-10-01,0,,,,0.0
반도체 제조장비,8486,SV,엘살바도르,2026-02-01,0,,,,0.0
반도체 제조장비,8486,GB,영국,2025-01-01,2005766,,,,0.002005766
반도체 제조장비,8486,GB,영국,2025-02-01,3436105,,,71.31135935099108,0.003436105
반도체 제조장비,8486,GB,영국,2025-03-01,3561672,,,3.6543411799115466,0.003561672
반도체 제조장비,8486,GB,영국,2025-04-01,2795127,,,-21.522054810212733,0.002795127
반도체 제조장비,8486,GB,영국,2025-05-01,2606766,,,-6.738906675796841,0.002606766
반도체 제조장비,8486,GB,영국,2025-06-01,2497956,,,-4.1741376095898115,0.002497956
반도체 제조장비,8486,GB,영국,2025-07-01,2108272,,,-15.600114653740892,0.002108272
반도체 제조장비,8486,GB,영국,2025-08-01,2617019,,,24.13099448268534,0.002617019
반도체 제조장비,8486,GB,영국,2025-09-01,5155328,,,96.99237949743582,0.005155328
반도체 제조장비,8486,GB,영국,2025-10-01,1801604,,,-65.05355236369054,0.001801604
반도체 제조장비,8486,GB,영국,2025-11-01,2668566,,,48.12167379734946,0.002668566
반도체 제조장비,8486,GB,영국,2025-12-01,5166882,,,93.62016903460511,0.005166882
반도체 제조장비,8486,GB,영국,2026-01-01,2161987,2005766.0,7.788595479233362,-58.15683423774725,0.002161987
반도체 제조장비,8486,GB,영국,2026-02-01,2914273,3436105.0,-15.18673032401513,34.79604641471017,0.002914273
반도체 제조장비,8486,GB,영국,2026-03-01,2505982,3561672.0,-29.640292536763635,-14.010046416378973,0.002505982
반도체 제조장비,8486,GB,영국,2026-04-01,7027978,2795127.0,151.4368041237482,180.44806387276523,0.007027978
반도체 제조장비,8486,GB,영국,2026-05-01,710448,2606766.0,-72.74600021636004,-89.8911465004586,0.000710448
반도체 제조장비,8486,GB,영국,2026-06-01,1030864,2497956.0,-58.731699037132756,45.10055626872058,0.001030864
반도체 제조장비,8486,GB,영국,2026-07-01,265016,2108272.0,-87.42970546494949,-74.29185615173292,0.000265016
반도체 제조장비,8486,AT,오스트리아,2025-01-01,65142,,,,6.5142e-05
반도체 제조장비,8486,AT,오스트리아,2025-02-01,109924,,,68.74520278775597,0.000109924
반도체 제조장비,8486,AT,오스트리아,2025-03-01,36523,,,-66.77431680069866,3.6523e-05
반도체 제조장비,8486,AT,오스트리아,2025-04-01,153335,,,319.83133915614815,0.000153335
반도체 제조장비,8486,AT,오스트리아,2025-05-01,29218,,,-80.94498972837252,2.9218e-05
반도체 제조장비,8486,AT,오스트리아,2025-06-01,301013,,,930.231364227531,0.000301013
반도체 제조장비,8486,AT,오스트리아,2025-07-01,123388,,,-59.009079342088214,0.000123388
반도체 제조장비,8486,AT,오스트리아,2025-08-01,76260,,,-38.1949622329562,7.626e-05
반도체 제조장비,8486,AT,오스트리아,2025-09-01,140470,,,84.19879360083924,0.00014047
반도체 제조장비,8486,AT,오스트리아,2025-10-01,52364,,,-62.72228945682352,5.2364e-05
반도체 제조장비,8486,AT,오스트리아,2025-11-01,46337,,,-11.50981590405622,4.6337e-05
반도체 제조장비,8486,AT,오스트리아,2025-12-01,77475,,,67.19899864039536,7.7475e-05
반도체 제조장비,8486,AT,오스트리아,2026-01-01,366583,65142.0,462.7444659359553,373.16295579219104,0.000366583
반도체 제조장비,8486,AT,오스트리아,2026-02-01,56333,109924.0,-48.7527746442997,-84.6329480636036,5.6333e-05
반도체 제조장비,8486,AT,오스트리아,2026-03-01,462716,36523.0,1166.9167373983519,721.3942094331919,0.000462716
반도체 제조장비,8486,AT,오스트리아,2026-04-01,374239,153335.0,144.0662601493462,-19.12123203001409,0.000374239
반도체 제조장비,8486,AT,오스트리아,2026-05-01,35522,29218.0,21.575740981586698,-90.50820464996967,3.5522e-05
반도체 제조장비,8486,AT,오스트리아,2026-06-01,604440,301013.0,100.80195871939085,1601.5933787511965,0.00060444
반도체 제조장비,8486,AT,오스트리아,2026-07-01,675876,123388.0,447.7647745323695,11.818542783402819,0.000675876
반도체 제조장비,8486,UY,우루과이,2025-03-01,0,,,,0.0
반도체 제조장비,8486,UY,우루과이,2026-03-01,0,,,,0.0
반도체 제조장비,8486,UZ,우즈베키스탄,2025-02-01,239480,,,,0.00023948
반도체 제조장비,8486,IL,이스라엘,2025-01-01,836281,,,,0.000836281
반도체 제조장비,8486,IL,이스라엘,2025-02-01,1149095,,,37.405369726204476,0.001149095
반도체 제조장비,8486,IL,이스라엘,2025-03-01,1767948,,,53.855686431496096,0.001767948
반도체 제조장비,8486,IL,이스라엘,2025-04-01,1232023,,,-30.313391570340308,0.001232023
반도체 제조장비,8486,IL,이스라엘,2025-05-01,1406328,,,14.147868992705504,0.001406328
반도체 제조장비,8486,IL,이스라엘,2025-06-01,2109536,,,50.00312871534949,0.002109536
반도체 제조장비,8486,IL,이스라엘,2025-07-01,2518337,,,19.378716457078717,0.002518337
반도체 제조장비,8486,IL,이스라엘,2025-08-01,1518430,,,-39.70505138907144,0.00151843
반도체 제조장비,8486,IL,이스라엘,2025-09-01,1525614,,,0.4731202623762698,0.001525614
반도체 제조장비,8486,IL,이스라엘,2025-10-01,1222236,,,-19.885632932052278,0.001222236
반도체 제조장비,8486,IL,이스라엘,2025-11-01,1096339,,,-10.300547521100667,0.001096339
반도체 제조장비,8486,IL,이스라엘,2025-12-01,1548154,,,41.211249440182286,0.001548154
반도체 제조장비,8486,IL,이스라엘,2026-01-01,1633547,836281.0,95.33470209176103,5.515794940296637,0.001633547
반도체 제조장비,8486,IL,이스라엘,2026-02-01,1350488,1149095.0,17.52622716137482,-17.327876088046445,0.001350488
반도체 제조장비,8486,IL,이스라엘,2026-03-01,1734148,1767948.0,-1.9118209359098803,28.40898993548999,0.001734148
반도체 제조장비,8486,IL,이스라엘,2026-04-01,2711276,1232023.0,120.06699550251905,56.34628647612545,0.002711276
반도체 제조장비,8486,IL,이스라엘,2026-05-01,3289549,1406328.0,133.9105102081449,21.328444614270193,0.003289549
반도체 제조장비,8486,IL,이스라엘,2026-06-01,5119308,2109536.0,142.6745976366367,55.62340004663253,0.005119308
반도체 제조장비,8486,IL,이스라엘,2026-07-01,1650425,2518337.0,-34.46369568489046,-67.76077938658898,0.001650425
반도체 제조장비,8486,IT,이탈리아,2025-01-01,100182,,,,0.000100182
반도체 제조장비,8486,IT,이탈리아,2025-02-01,403111,,,302.3786708191092,0.000403111
반도체 제조장비,8486,IT,이탈리아,2025-03-01,291900,,,-27.588182907437407,0.0002919
반도체 제조장비,8486,IT,이탈리아,2025-04-01,432962,,,48.32545392257623,0.000432962
반도체 제조장비,8486,IT,이탈리아,2025-05-01,89977,,,-79.21826857784286,8.9977e-05
반도체 제조장비,8486,IT,이탈리아,2025-06-01,2205421,,,2351.0941685097305,0.002205421
반도체 제조장비,8486,IT,이탈리아,2025-07-01,1190123,,,-46.036471041130014,0.001190123
반도체 제조장비,8486,IT,이탈리아,2025-08-01,67594,,,-94.32041898190356,6.7594e-05
반도체 제조장비,8486,IT,이탈리아,2025-09-01,1010026,,,1394.25392786342,0.001010026
반도체 제조장비,8486,IT,이탈리아,2025-10-01,155566,,,-84.59782223427912,0.000155566
반도체 제조장비,8486,IT,이탈리아,2025-11-01,428191,,,175.2471619762673,0.000428191
반도체 제조장비,8486,IT,이탈리아,2025-12-01,625480,,,46.07499924099292,0.00062548
반도체 제조장비,8486,IT,이탈리아,2026-01-01,245957,100182.0,145.51017148789205,-60.677080002558036,0.000245957
반도체 제조장비,8486,IT,이탈리아,2026-02-01,155518,403111.0,-61.420551659468494,-36.770248458063804,0.000155518
반도체 제조장비,8486,IT,이탈리아,2026-03-01,84031,291900.0,-71.21240150736554,-45.96702632492702,8.4031e-05
반도체 제조장비,8486,IT,이탈리아,2026-04-01,222278,432962.0,-48.6610834207159,164.51904654234747,0.000222278
반도체 제조장비,8486,IT,이탈리아,2026-05-01,3583808,89977.0,3883.026773508786,1512.3089104634737,0.003583808
반도체 제조장비,8486,IT,이탈리아,2026-06-01,243618,2205421.0,-88.95367369767496,-93.20225860313946,0.000243618
반도체 제조장비,8486,IT,이탈리아,2026-07-01,255702,1190123.0,-78.51465772865494,4.960224613944786,0.000255702
반도체 제조장비,8486,IN,인도,2025-01-01,336135,,,,0.000336135
반도체 제조장비,8486,IN,인도,2025-02-01,443947,,,32.07401787972095,0.000443947
반도체 제조장비,8486,IN,인도,2025-03-01,267041,,,-39.84845037808567,0.000267041
반도체 제조장비,8486,IN,인도,2025-04-01,2716500,,,917.2595219460682,0.0027165
반도체 제조장비,8486,IN,인도,2025-05-01,1164925,,,-57.11669427572244,0.001164925
반도체 제조장비,8486,IN,인도,2025-06-01,1495369,,,28.366117990428563,0.001495369
반도체 제조장비,8486,IN,인도,2025-07-01,1479704,,,-1.047567523467452,0.001479704
반도체 제조장비,8486,IN,인도,2025-08-01,1060758,,,-28.31282472710759,0.001060758
반도체 제조장비,8486,IN,인도,2025-09-01,123452,,,-88.36190723991712,0.000123452
반도체 제조장비,8486,IN,인도,2025-10-01,387119,,,213.57855684800572,0.000387119
반도체 제조장비,8486,IN,인도,2025-11-01,171153,,,-55.78801350489127,0.000171153
반도체 제조장비,8486,IN,인도,2025-12-01,2459145,,,1336.810923559622,0.002459145
반도체 제조장비,8486,IN,인도,2026-01-01,10759505,336135.0,3100.947535960254,337.5303204975713,0.010759505
반도체 제조장비,8486,IN,인도,2026-02-01,8460741,443947.0,1805.799791416543,-21.364960562776826,0.008460741
반도체 제조장비,8486,IN,인도,2026-03-01,4727448,267041.0,1670.3079302429217,-44.124894025239634,0.004727448
반도체 제조장비,8486,IN,인도,2026-04-01,6411944,2716500.0,136.03695932265785,35.63224809664749,0.006411944
반도체 제조장비,8486,IN,인도,2026-05-01,9647346,1164925.0,728.1516835847801,50.45898716520294,0.009647346
반도체 제조장비,8486,IN,인도,2026-06-01,8488138,1495369.0,467.62832451388255,-12.015822797275021,0.008488138
반도체 제조장비,8486,IN,인도,2026-07-01,2337952,1479704.0,58.00132999572887,-72.45624423165599,0.002337952
반도체 제조장비,8486,ID,인도네시아,2025-01-01,53648,,,,5.3648e-05
반도체 제조장비,8486,ID,인도네시아,2025-02-01,120279,,,124.20034297643903,0.000120279
반도체 제조장비,8486,ID,인도네시아,2025-03-01,38662,,,-67.85640053542181,3.8662e-05
반도체 제조장비,8486,ID,인도네시아,2025-04-01,62257,,,61.028917283120386,6.2257e-05
반도체 제조장비,8486,ID,인도네시아,2025-05-01,98743,,,58.60545802078481,9.8743e-05
반도체 제조장비,8486,ID,인도네시아,2025-06-01,29582,,,-70.04142065766688,2.9582e-05
반도체 제조장비,8486,ID,인도네시아,2025-07-01,73528,,,148.55655466161855,7.3528e-05
반도체 제조장비,8486,ID,인도네시아,2025-08-01,902565,,,1127.51196822979,0.000902565
반도체 제조장비,8486,ID,인도네시아,2025-09-01,64098,,,-92.89824001595453,6.4098e-05
반도체 제조장비,8486,ID,인도네시아,2025-10-01,90796,,,41.65184561140754,9.0796e-05
반도체 제조장비,8486,ID,인도네시아,2025-11-01,32948,,,-63.71205779990308,3.2948e-05
반도체 제조장비,8486,ID,인도네시아,2025-12-01,126342,,,283.4587835376958,0.000126342
반도체 제조장비,8486,ID,인도네시아,2026-01-01,48993,53648.0,-8.67693110647182,-61.221921451298854,4.8993e-05
반도체 제조장비,8486,ID,인도네시아,2026-02-01,471459,120279.0,291.9711670366398,862.2986957320434,0.000471459
반도체 제조장비,8486,ID,인도네시아,2026-03-01,221729,38662.0,473.5062852413222,-52.96961135538827,0.000221729
반도체 제조장비,8486,ID,인도네시아,2026-04-01,77388,62257.0,24.304094318711144,-65.09793486643605,7.7388e-05
반도체 제조장비,8486,ID,인도네시아,2026-05-01,45278,98743.0,-54.14561032174432,-41.49222101617822,4.5278e-05
반도체 제조장비,8486,ID,인도네시아,2026-06-01,152778,29582.0,416.45595294435805,237.42214762136138,0.000152778
반도체 제조장비,8486,ID,인도네시아,2026-07-01,42508,73528.0,-42.18801000979219,-72.1766222885494,4.2508e-05
반도체 제조장비,8486,JP,일본,2025-01-01,54838004,,,,0.054838004
반도체 제조장비,8486,JP,일본,2025-02-01,61837282,,,12.763553538527761,0.061837282
반도체 제조장비,8486,JP,일본,2025-03-01,90986844,,,47.139138489301644,0.090986844
반도체 제조장비,8486,JP,일본,2025-04-01,42993804,,,-52.74723013801863,0.042993804
반도체 제조장비,8486,JP,일본,2025-05-01,46022580,,,7.04468020554776,0.04602258
반도체 제조장비,8486,JP,일본,2025-06-01,80768088,,,75.49665403373736,0.080768088
반도체 제조장비,8486,JP,일본,2025-07-01,45962403,,,-43.09336256666123,0.045962403
반도체 제조장비,8486,JP,일본,2025-08-01,36227974,,,-21.1791124149884,0.036227974
반도체 제조장비,8486,JP,일본,2025-09-01,51526220,,,42.22771607377216,0.05152622
반도체 제조장비,8486,JP,일본,2025-10-01,35913847,,,-30.29986092517557,0.035913847
반도체 제조장비,8486,JP,일본,2025-11-01,62447688,,,73.88192359342622,0.062447688
반도체 제조장비,8486,JP,일본,2025-12-01,52307079,,,-16.23856594979145,0.052307079
반도체 제조장비,8486,JP,일본,2026-01-01,52020762,54838004.0,-5.137389756199006,-0.5473771532912397,0.052020762
반도체 제조장비,8486,JP,일본,2026-02-01,48002785,61837282.0,-22.372420896507062,-7.723794972476561,0.048002785
반도체 제조장비,8486,JP,일본,2026-03-01,100788612,90986844.0,10.772731055491924,109.96409270837097,0.100788612
반도체 제조장비,8486,JP,일본,2026-04-01,61711009,42993804.0,43.534656761239354,-38.77184358883719,0.061711009
반도체 제조장비,8486,JP,일본,2026-05-01,55199458,46022580.0,19.939946869558376,-10.551684546269534,0.055199458
반도체 제조장비,8486,JP,일본,2026-06-01,69426289,80768088.0,-14.042426013600817,25.77349763108181,0.069426289
반도체 제조장비,8486,JP,일본,2026-07-01,84241733,45962403.0,83.28400497249892,21.33981840798087,0.084241733
반도체 제조장비,8486,GE,조지아,2025-10-01,1104,,,,1.104e-06
반도체 제조장비,8486,CN,중국,2025-01-01,260514969,,,,0.260514969
반도체 제조장비,8486,CN,중국,2025-02-01,303379116,,,16.453621519153483,0.303379116
반도체 제조장비,8486,CN,중국,2025-03-01,366653414,,,20.856510769185576,0.366653414
반도체 제조장비,8486,CN,중국,2025-04-01,436325640,,,19.002202990533192,0.43632564
반도체 제조장비,8486,CN,중국,2025-05-01,420249171,,,-3.6845116413511736,0.420249171
반도체 제조장비,8486,CN,중국,2025-06-01,441047715,,,4.949098162527954,0.441047715
반도체 제조장비,8486,CN,중국,2025-07-01,553512628,,,25.499488870495558,0.553512628
반도체 제조장비,8486,CN,중국,2025-08-01,302484340,,,-45.3518628666228,0.30248434
반도체 제조장비,8486,CN,중국,2025-09-01,301262380,,,-0.4039746322074045,0.30126238
반도체 제조장비,8486,CN,중국,2025-10-01,333241886,,,10.615167416522443,0.333241886
반도체 제조장비,8486,CN,중국,2025-11-01,290873970,,,-12.71386274653361,0.29087397
반도체 제조장비,8486,CN,중국,2025-12-01,368300890,,,26.61871737783894,0.36830089
반도체 제조장비,8486,CN,중국,2026-01-01,262017683,260514969.0,0.5768244357582386,-28.857711150249997,0.262017683
반도체 제조장비,8486,CN,중국,2026-02-01,248376085,303379116.0,-18.130130948103897,-5.206365403971613,0.248376085
반도체 제조장비,8486,CN,중국,2026-03-01,309934899,366653414.0,-15.46924502385787,24.784517398283334,0.309934899
반도체 제조장비,8486,CN,중국,2026-04-01,292202095,436325640.0,-33.03118858657951,-5.721460880079854,0.292202095
반도체 제조장비,8486,CN,중국,2026-05-01,276135681,420249171.0,-34.292391263277466,-5.498391104964528,0.276135681
반도체 제조장비,8486,CN,중국,2026-06-01,355888147,441047715.0,-19.308470513218733,28.881622871475265,0.355888147
반도체 제조장비,8486,CN,중국,2026-07-01,324362461,553512628.0,-41.399266323513764,-8.858313002483897,0.324362461
반도체 제조장비,8486,CZ,체코공화국,2025-01-01,30964,,,,3.0964e-05
반도체 제조장비,8486,CZ,체코공화국,2025-02-01,466229,,,1405.7130861645783,0.000466229
반도체 제조장비,8486,CZ,체코공화국,2025-03-01,72224,,,-84.50890013276737,7.2224e-05
반도체 제조장비,8486,CZ,체코공화국,2025-04-01,29810,,,-58.725631369073994,2.981e-05
반도체 제조장비,8486,CZ,체코공화국,2025-05-01,24200,,,-18.81918819188192,2.42e-05
반도체 제조장비,8486,CZ,체코공화국,2025-06-01,36496,,,50.8099173553719,3.6496e-05
반도체 제조장비,8486,CZ,체코공화국,2025-07-01,55765,,,52.79756685664183,5.5765e-05
반도체 제조장비,8486,CZ,체코공화국,2025-08-01,18954,,,-66.01093876087151,1.8954e-05
반도체 제조장비,8486,CZ,체코공화국,2025-09-01,104024,,,448.82346734198586,0.000104024
반도체 제조장비,8486,CZ,체코공화국,2025-10-01,61569,,,-40.812697069906946,6.1569e-05
반도체 제조장비,8486,CZ,체코공화국,2025-11-01,61691,,,0.19815166723513578,6.1691e-05
반도체 제조장비,8486,CZ,체코공화국,2025-12-01,79946,,,29.591026243698426,7.9946e-05
반도체 제조장비,8486,CZ,체코공화국,2026-01-01,11368,30964.0,-63.286397106317004,-85.78040177119556,1.1368e-05
반도체 제조장비,8486,CZ,체코공화국,2026-02-01,31352,466229.0,-93.27540757867915,175.79169598874032,3.1352e-05
반도체 제조장비,8486,CZ,체코공화국,2026-03-01,38180,72224.0,-47.136685866194064,21.77851492727736,3.818e-05
반도체 제조장비,8486,CZ,체코공화국,2026-04-01,27872,29810.0,-6.50117410265012,-26.99842849659507,2.7872e-05
반도체 제조장비,8486,CZ,체코공화국,2026-05-01,66583,24200.0,175.13636363636365,138.8884902411022,6.6583e-05
반도체 제조장비,8486,CZ,체코공화국,2026-06-01,38141,36496.0,4.507343270495401,-42.71660934472763,3.8141e-05
반도체 제조장비,8486,CZ,체코공화국,2026-07-01,34694,55765.0,-37.78534923339012,-9.03751868068483,3.4694e-05
반도체 제조장비,8486,CL,칠레,2025-03-01,3400,,,,3.4e-06
반도체 제조장비,8486,KZ,카자흐스탄,2025-01-01,42000,,,,4.2e-05
반도체 제조장비,8486,KZ,카자흐스탄,2025-08-01,500,,,-98.80952380952381,5e-07
반도체 제조장비,8486,QA,카타르,2025-04-01,35810,,,,3.581e-05
반도체 제조장비,8486,QA,카타르,2026-07-01,753,,,-97.8972354091036,7.53e-07
반도체 제조장비,8486,CA,캐나다,2025-01-01,0,,,,0.0
반도체 제조장비,8486,CA,캐나다,2025-02-01,383,,,inf,3.83e-07
반도체 제조장비,8486,CA,캐나다,2025-03-01,14566,,,3703.13315926893,1.4566e-05
반도체 제조장비,8486,CA,캐나다,2025-04-01,4125,,,-71.6806261156117,4.125e-06
반도체 제조장비,8486,CA,캐나다,2025-05-01,3953,,,-4.169696969696968,3.953e-06
반도체 제조장비,8486,CA,캐나다,2025-06-01,500,,,-87.35137869972172,5e-07
반도체 제조장비,8486,CA,캐나다,2025-07-01,7443,,,1388.6,7.443e-06
반도체 제조장비,8486,CA,캐나다,2025-08-01,36330,,,388.10963321241434,3.633e-05
반도체 제조장비,8486,CA,캐나다,2025-09-01,146,,,-99.5981282686485,1.46e-07
반도체 제조장비,8486,CA,캐나다,2025-10-01,28628,,,19508.219178082192,2.8628e-05
반도체 제조장비,8486,CA,캐나다,2025-11-01,2820,,,-90.1495039821154,2.82e-06
반도체 제조장비,8486,CA,캐나다,2025-12-01,9703,,,244.07801418439718,9.703e-06
반도체 제조장비,8486,CA,캐나다,2026-01-01,3820,0.0,inf,-60.630732763062966,3.82e-06
반도체 제조장비,8486,CA,캐나다,2026-02-01,18843,383.0,4819.843342036554,393.27225130890054,1.8843e-05
반도체 제조장비,8486,CA,캐나다,2026-03-01,85118,14566.0,484.36084031305785,351.72212492702863,8.5118e-05
반도체 제조장비,8486,CA,캐나다,2026-04-01,14881,4125.0,260.75151515151515,-82.5172114006438,1.4881e-05
반도체 제조장비,8486,CA,캐나다,2026-05-01,9902,3953.0,150.49329623071083,-33.45877293192662,9.902e-06
반도체 제조장비,8486,CA,캐나다,2026-06-01,418677,500.0,83635.40000000001,4128.20642294486,0.000418677
반도체 제조장비,8486,CA,캐나다,2026-07-01,3268,7443.0,-56.09297326346903,-99.21944601685786,3.268e-06
반도체 제조장비,8486,KE,케냐,2025-01-01,0,,,,0.0
반도체 제조장비,8486,CR,코스타리카,2025-02-01,1375,,,,1.375e-06
반도체 제조장비,8486,CR,코스타리카,2025-03-01,9450,,,587.2727272727273,9.45e-06
반도체 제조장비,8486,CR,코스타리카,2025-04-01,73810,,,681.0582010582011,7.381e-05
반도체 제조장비,8486,CR,코스타리카,2025-05-01,46330,,,-37.23072754369326,4.633e-05
반도체 제조장비,8486,CR,코스타리카,2025-06-01,17010,,,-63.28512842650551,1.701e-05
반도체 제조장비,8486,CR,코스타리카,2025-07-01,2900,,,-82.9512051734274,2.9e-06
반도체 제조장비,8486,CR,코스타리카,2025-08-01,3850,,,32.75862068965518,3.85e-06
반도체 제조장비,8486,CR,코스타리카,2025-09-01,2835,,,-26.363636363636367,2.835e-06
반도체 제조장비,8486,CR,코스타리카,2025-10-01,2500,,,-11.816578483245156,2.5e-06
반도체 제조장비,8486,CR,코스타리카,2025-11-01,3460,,,38.39999999999999,3.46e-06
반도체 제조장비,8486,CR,코스타리카,2026-02-01,0,,,-100.0,0.0
반도체 제조장비,8486,CR,코스타리카,2026-03-01,0,,,,0.0
반도체 제조장비,8486,CR,코스타리카,2026-06-01,0,1375.0,-100.0,,0.0
반도체 제조장비,8486,CR,코스타리카,2026-07-01,1271,9450.0,-86.55026455026456,inf,1.271e-06
반도체 제조장비,8486,CO,콜롬비아,2025-09-01,50,,,,5e-08
반도체 제조장비,8486,KW,쿠웨이트,2025-09-01,881,,,,8.81e-07
반도체 제조장비,8486,HR,크로아티아,2025-01-01,89850,,,,8.985e-05
반도체 제조장비,8486,HR,크로아티아,2025-02-01,87204,,,-2.9449081803004984,8.7204e-05
반도체 제조장비,8486,HR,크로아티아,2025-03-01,127031,,,45.67107013439751,0.000127031
반도체 제조장비,8486,HR,크로아티아,2025-04-01,180955,,,42.449480835386645,0.000180955
반도체 제조장비,8486,HR,크로아티아,2025-05-01,17100,,,-90.55013677433617,1.71e-05
반도체 제조장비,8486,HR,크로아티아,2025-06-01,168258,,,883.9649122807018,0.000168258
반도체 제조장비,8486,HR,크로아티아,2025-07-01,151400,,,-10.019137277276569,0.0001514
반도체 제조장비,8486,HR,크로아티아,2025-08-01,133440,,,-11.862615587846758,0.00013344
반도체 제조장비,8486,HR,크로아티아,2025-09-01,132390,,,-0.7868705035971257,0.00013239
반도체 제조장비,8486,HR,크로아티아,2025-10-01,40010,,,-69.77868419064885,4.001e-05
반도체 제조장비,8486,HR,크로아티아,2025-11-01,129770,,,224.34391402149464,0.00012977
반도체 제조장비,8486,HR,크로아티아,2025-12-01,195680,,,50.78985898127457,0.00019568
반도체 제조장비,8486,HR,크로아티아,2026-01-01,93360,89850.0,3.9065108514190428,-52.28945216680294,9.336e-05
반도체 제조장비,8486,HR,크로아티아,2026-02-01,64820,87204.0,-25.66854731434338,-30.56983718937446,6.482e-05
반도체 제조장비,8486,HR,크로아티아,2026-03-01,36471,127031.0,-71.28968519495241,-43.734958346189444,3.6471e-05
반도체 제조장비,8486,HR,크로아티아,2026-05-01,36716,180955.0,-79.7098726202647,0.671766609086677,3.6716e-05
반도체 제조장비,8486,HR,크로아티아,2026-06-01,29603,17100.0,73.11695906432749,-19.373025384028765,2.9603e-05
반도체 제조장비,8486,HR,크로아티아,2026-07-01,57580,168258.0,-65.77874454706463,94.50731344796135,5.758e-05
반도체 제조장비,8486,KG,키르기스스탄,2025-02-01,396000,,,,0.000396
반도체 제조장비,8486,TZ,탄자니아,2025-12-01,500,,,,5e-07
반도체 제조장비,8486,TZ,탄자니아,2026-01-01,0,,,-100.0,0.0
반도체 제조장비,8486,TH,태국,2025-01-01,208195,,,,0.000208195
반도체 제조장비,8486,TH,태국,2025-02-01,1973041,,,847.6889454597853,0.001973041
반도체 제조장비,8486,TH,태국,2025-03-01,375898,,,-80.94829250887337,0.000375898
반도체 제조장비,8486,TH,태국,2025-04-01,855922,,,127.70059963075089,0.000855922
반도체 제조장비,8486,TH,태국,2025-05-01,649787,,,-24.083386102939286,0.000649787
반도체 제조장비,8486,TH,태국,2025-06-01,1109938,,,70.81566728789588,0.001109938
반도체 제조장비,8486,TH,태국,2025-07-01,1943542,,,75.10365443835603,0.001943542
반도체 제조장비,8486,TH,태국,2025-08-01,1965688,,,1.1394659852990152,0.001965688
반도체 제조장비,8486,TH,태국,2025-09-01,4823555,,,145.38762000887223,0.004823555
반도체 제조장비,8486,TH,태국,2025-10-01,906077,,,-81.2155764783443,0.000906077
반도체 제조장비,8486,TH,태국,2025-11-01,810392,,,-10.560360764041022,0.000810392
반도체 제조장비,8486,TH,태국,2025-12-01,1192035,,,47.093628762376724,0.001192035
반도체 제조장비,8486,TH,태국,2026-01-01,620644,208195.0,198.1070630898917,-47.934079116804455,0.000620644
반도체 제조장비,8486,TH,태국,2026-02-01,1573360,1973041.0,-20.257105655685812,153.50442443655302,0.00157336
반도체 제조장비,8486,TH,태국,2026-03-01,1164658,375898.0,209.83351866729802,-25.976381756241416,0.001164658
반도체 제조장비,8486,TH,태국,2026-04-01,2118737,855922.0,147.5385607567045,81.91924152841435,0.002118737
반도체 제조장비,8486,TH,태국,2026-05-01,3144021,649787.0,383.8540937260979,48.39128216479913,0.003144021
반도체 제조장비,8486,TH,태국,2026-06-01,638397,1109938.0,-42.483544125888116,-79.69488753414815,0.000638397
반도체 제조장비,8486,TH,태국,2026-07-01,3622665,1943542.0,86.39499429392316,467.46272303911206,0.003622665
반도체 제조장비,8486,TV,투발루,2025-12-01,0,,,,0.0
반도체 제조장비,8486,TR,튀르키예,2025-02-01,27300,,,,2.73e-05
반도체 제조장비,8486,TR,튀르키예,2025-03-01,1180,,,-95.67765567765568,1.18e-06
반도체 제조장비,8486,TR,튀르키예,2025-12-01,3614,,,206.27118644067798,3.614e-06
반도체 제조장비,8486,TR,튀르키예,2026-01-01,148000,,,3995.1853901494187,0.000148
반도체 제조장비,8486,TR,튀르키예,2026-04-01,37240,,,-74.83783783783784,3.724e-05
반도체 제조장비,8486,TR,튀르키예,2026-07-01,6371,,,-82.89205155746508,6.371e-06
반도체 제조장비,8486,TL,티모르,2025-01-01,0,,,,0.0
반도체 제조장비,8486,TL,티모르,2025-06-01,0,,,,0.0
반도체 제조장비,8486,TL,티모르,2025-07-01,0,,,,0.0
반도체 제조장비,8486,TL,티모르,2025-09-01,0,,,,0.0
반도체 제조장비,8486,TL,티모르,2025-10-01,0,,,,0.0
반도체 제조장비,8486,TL,티모르,2025-12-01,0,,,,0.0
반도체 제조장비,8486,TL,티모르,2026-01-01,0,,,,0.0
반도체 제조장비,8486,TL,티모르,2026-02-01,0,,,,0.0
반도체 제조장비,8486,TL,티모르,2026-03-01,0,,,,0.0
반도체 제조장비,8486,TL,티모르,2026-04-01,0,,,,0.0
반도체 제조장비,8486,TL,티모르,2026-05-01,0,,,,0.0
반도체 제조장비,8486,TL,티모르,2026-06-01,0,,,,0.0
반도체 제조장비,8486,TL,티모르,2026-07-01,0,0.0,,,0.0
반도체 제조장비,8486,PA,파나마,2026-07-01,400,,,,4e-07
반도체 제조장비,8486,PK,파키스탄,2025-08-01,0,,,,0.0
반도체 제조장비,8486,PK,파키스탄,2026-02-01,158500,,,inf,0.0001585
반도체 제조장비,8486,PT,포루투갈,2025-01-01,537399,,,,0.000537399
반도체 제조장비,8486,PT,포루투갈,2025-02-01,1028,,,-99.8087082409904,1.028e-06
반도체 제조장비,8486,PT,포루투갈,2025-03-01,326,,,-68.28793774319067,3.26e-07
반도체 제조장비,8486,PT,포루투갈,2025-04-01,64283,,,19618.71165644172,6.4283e-05
반도체 제조장비,8486,PT,포루투갈,2025-05-01,598006,,,830.2708336574211,0.000598006
반도체 제조장비,8486,PT,포루투갈,2025-06-01,84840,,,-85.81285137607316,8.484e-05
반도체 제조장비,8486,PT,포루투갈,2025-07-01,344890,,,306.51815181518157,0.00034489
반도체 제조장비,8486,PT,포루투갈,2025-08-01,291584,,,-15.455942474412133,0.000291584
반도체 제조장비,8486,PT,포루투갈,2025-09-01,144251,,,-50.52849264705883,0.000144251
반도체 제조장비,8486,PT,포루투갈,2025-10-01,371784,,,157.73408849851992,0.000371784
반도체 제조장비,8486,PT,포루투갈,2025-11-01,35253,,,-90.51788135046156,3.5253e-05
반도체 제조장비,8486,PT,포루투갈,2025-12-01,28964,,,-17.839616486540155,2.8964e-05
반도체 제조장비,8486,PT,포루투갈,2026-01-01,15106,537399.0,-97.18905319883365,-47.8456014362657,1.5106e-05
반도체 제조장비,8486,PT,포루투갈,2026-02-01,2304017,1028.0,224026.1673151751,15152.330199920561,0.002304017
반도체 제조장비,8486,PT,포루투갈,2026-03-01,1029094,326.0,315573.0061349693,-55.33479136655676,0.001029094
반도체 제조장비,8486,PT,포루투갈,2026-04-01,13388,64283.0,-79.17334287447693,-98.69904984384323,1.3388e-05
반도체 제조장비,8486,PT,포루투갈,2026-05-01,255624,598006.0,-57.253940595913754,1809.3516582013744,0.000255624
반도체 제조장비,8486,PT,포루투갈,2026-06-01,24109,84840.0,-71.58297972654408,-90.56856946139642,2.4109e-05
반도체 제조장비,8486,PT,포루투갈,2026-07-01,109564,344890.0,-68.23218997361478,354.45269401468335,0.000109564
반도체 제조장비,8486,PL,폴란드,2025-01-01,475620,,,,0.00047562
반도체 제조장비,8486,PL,폴란드,2025-02-01,2219,,,-99.53345107438712,2.219e-06
반도체 제조장비,8486,PL,폴란드,2025-04-01,2000,,,-9.869310500225325,2e-06
반도체 제조장비,8486,PL,폴란드,2025-06-01,24232,,,1111.6,2.4232e-05
반도체 제조장비,8486,PL,폴란드,2025-07-01,97588,,,302.72367117860676,9.7588e-05
반도체 제조장비,8486,PL,폴란드,2025-08-01,2680,,,-97.2537607082838,2.68e-06
반도체 제조장비,8486,PL,폴란드,2025-09-01,4892,,,82.53731343283582,4.892e-06
반도체 제조장비,8486,PL,폴란드,2025-10-01,15,,,-99.69337694194603,1.5e-08
반도체 제조장비,8486,PL,폴란드,2025-11-01,5580,,,37100.0,5.58e-06
반도체 제조장비,8486,PL,폴란드,2025-12-01,1135,,,-79.6594982078853,1.135e-06
반도체 제조장비,8486,PL,폴란드,2026-01-01,2995,,,163.87665198237883,2.995e-06
반도체 제조장비,8486,PL,폴란드,2026-02-01,1100,,,-63.272120200333895,1.1e-06
반도체 제조장비,8486,PL,폴란드,2026-03-01,420198,475620.0,-11.652579790589124,38099.818181818184,0.000420198
반도체 제조장비,8486,PL,폴란드,2026-04-01,438457,2219.0,19659.215863001355,4.345332438517091,0.000438457
반도체 제조장비,8486,PL,폴란드,2026-05-01,199139,2000.0,9856.95,-54.58186321577714,0.000199139
반도체 제조장비,8486,PL,폴란드,2026-06-01,2304,24232.0,-90.49191152195444,-98.84301919764586,2.304e-06
반도체 제조장비,8486,PL,폴란드,2026-07-01,0,97588.0,-100.0,-100.0,0.0
반도체 제조장비,8486,FR,프랑스,2025-01-01,797495,,,,0.000797495
반도체 제조장비,8486,FR,프랑스,2025-02-01,418994,,,-47.46123800149217,0.000418994
반도체 제조장비,8486,FR,프랑스,2025-03-01,330571,,,-21.10364348892825,0.000330571
반도체 제조장비,8486,FR,프랑스,2025-04-01,609970,,,84.52011821968655,0.00060997
반도체 제조장비,8486,FR,프랑스,2025-05-01,169990,,,-72.13141629916225,0.00016999
반도체 제조장비,8486,FR,프랑스,2025-06-01,374600,,,120.36590387669861,0.0003746
반도체 제조장비,8486,FR,프랑스,2025-07-01,618495,,,65.10811532301122,0.000618495
반도체 제조장비,8486,FR,프랑스,2025-08-01,472102,,,-23.669229338959894,0.000472102
반도체 제조장비,8486,FR,프랑스,2025-09-01,455552,,,-3.5055983664547097,0.000455552
반도체 제조장비,8486,FR,프랑스,2025-10-01,110584,,,-75.72527395335769,0.000110584
반도체 제조장비,8486,FR,프랑스,2025-11-01,192032,,,73.65260797222022,0.000192032
반도체 제조장비,8486,FR,프랑스,2025-12-01,608361,,,216.80188718546907,0.000608361
반도체 제조장비,8486,FR,프랑스,2026-01-01,119973,797495.0,-84.95626931830293,-80.27930784517746,0.000119973
반도체 제조장비,8486,FR,프랑스,2026-02-01,67488,418994.0,-83.89284810761013,-43.747343152209254,6.7488e-05
반도체 제조장비,8486,FR,프랑스,2026-03-01,630158,330571.0,90.62712700146112,833.7334044570886,0.000630158
반도체 제조장비,8486,FR,프랑스,2026-04-01,1571091,609970.0,157.56856894601376,149.31699668971908,0.001571091
반도체 제조장비,8486,FR,프랑스,2026-05-01,1071213,169990.0,530.1623624919113,-31.81725310628092,0.001071213
반도체 제조장비,8486,FR,프랑스,2026-06-01,1810827,374600.0,383.4028296849973,69.04453175979006,0.001810827
반도체 제조장비,8486,FR,프랑스,2026-07-01,664602,618495.0,7.454708607183558,-63.29842663048431,0.000664602
반도체 제조장비,8486,FI,핀란드,2025-01-01,211695,,,,0.000211695
반도체 제조장비,8486,FI,핀란드,2025-02-01,6000,,,-97.16573372068305,6e-06
반도체 제조장비,8486,FI,핀란드,2025-03-01,1240,,,-79.33333333333333,1.24e-06
반도체 제조장비,8486,FI,핀란드,2025-04-01,1760,,,41.93548387096775,1.76e-06
반도체 제조장비,8486,FI,핀란드,2025-05-01,20754,,,1079.2045454545455,2.0754e-05
반도체 제조장비,8486,FI,핀란드,2025-06-01,0,,,-100.0,0.0
반도체 제조장비,8486,FI,핀란드,2025-07-01,6375,,,inf,6.375e-06
반도체 제조장비,8486,FI,핀란드,2025-08-01,526570,,,8159.92156862745,0.00052657
반도체 제조장비,8486,FI,핀란드,2025-09-01,12287,,,-97.66659703363275,1.2287e-05
반도체 제조장비,8486,FI,핀란드,2025-10-01,895,,,-92.71587857084724,8.95e-07
반도체 제조장비,8486,FI,핀란드,2025-11-01,12569,,,1304.3575418994412,1.2569e-05
반도체 제조장비,8486,FI,핀란드,2025-12-01,974,,,-92.25077571803644,9.74e-07
반도체 제조장비,8486,FI,핀란드,2026-01-01,2567,211695.0,-98.78740641016557,163.55236139630392,2.567e-06
반도체 제조장비,8486,FI,핀란드,2026-02-01,1314,6000.0,-78.10000000000001,-48.81184261784184,1.314e-06
반도체 제조장비,8486,FI,핀란드,2026-03-01,939,1240.0,-24.274193548387103,-28.538812785388124,9.39e-07
반도체 제조장비,8486,FI,핀란드,2026-04-01,22289,1760.0,1166.4204545454545,2273.695420660277,2.2289e-05
반도체 제조장비,8486,FI,핀란드,2026-05-01,0,20754.0,-100.0,-100.0,0.0
반도체 제조장비,8486,FI,핀란드,2026-06-01,1505,0.0,inf,inf,1.505e-06
반도체 제조장비,8486,FI,핀란드,2026-07-01,4400,6375.0,-30.980392156862745,192.35880398671097,4.4e-06
반도체 제조장비,8486,PH,필리핀,2025-01-01,1038960,,,,0.00103896
반도체 제조장비,8486,PH,필리핀,2025-02-01,3119205,,,200.22378147378146,0.003119205
반도체 제조장비,8486,PH,필리핀,2025-03-01,1198961,,,-61.56196851441314,0.001198961
반도체 제조장비,8486,PH,필리핀,2025-04-01,1780288,,,48.485897372808616,0.001780288
반도체 제조장비,8486,PH,필리핀,2025-05-01,1048298,,,-41.11638116978826,0.001048298
반도체 제조장비,8486,PH,필리핀,2025-06-01,1967473,,,87.68260551865976,0.001967473
반도체 제조장비,8486,PH,필리핀,2025-07-01,3747708,,,90.48332556533177,0.003747708
반도체 제조장비,8486,PH,필리핀,2025-08-01,817508,,,-78.18645422749051,0.000817508
반도체 제조장비,8486,PH,필리핀,2025-09-01,1059245,,,29.569985859465596,0.001059245
반도체 제조장비,8486,PH,필리핀,2025-10-01,985621,,,-6.95061104843544,0.000985621
반도체 제조장비,8486,PH,필리핀,2025-11-01,1507235,,,52.922370769291646,0.001507235
반도체 제조장비,8486,PH,필리핀,2025-12-01,6692750,,,344.0415728137948,0.00669275
반도체 제조장비,8486,PH,필리핀,2026-01-01,1382666,1038960.0,33.08173558173557,-79.3408389675395,0.001382666
반도체 제조장비,8486,PH,필리핀,2026-02-01,3008507,3119205.0,-3.5489171118922913,117.5873999939248,0.003008507
반도체 제조장비,8486,PH,필리핀,2026-03-01,1967673,1198961.0,64.11484610425194,-34.59636291356477,0.001967673
반도체 제조장비,8486,PH,필리핀,2026-04-01,2172734,1780288.0,22.04396142646583,10.421497880999532,0.002172734
반도체 제조장비,8486,PH,필리핀,2026-05-01,3319187,1048298.0,216.6262837475603,52.765455872647095,0.003319187
반도체 제조장비,8486,PH,필리핀,2026-06-01,2902666,1967473.0,47.532698034483836,-12.548886218221512,0.002902666
반도체 제조장비,8486,PH,필리핀,2026-07-01,2386691,3747708.0,-36.3159829954735,-17.775899810725726,0.002386691
반도체 제조장비,8486,HU,헝가리,2025-01-01,15958,,,,1.5958e-05
반도체 제조장비,8486,HU,헝가리,2025-02-01,20011,,,25.397919538789317,2.0011e-05
반도체 제조장비,8486,HU,헝가리,2025-03-01,22511,,,12.493128779171458,2.2511e-05
반도체 제조장비,8486,HU,헝가리,2025-04-01,10968,,,-51.27715339167518,1.0968e-05
반도체 제조장비,8486,HU,헝가리,2025-05-01,48369,,,341.0010940919038,4.8369e-05
반도체 제조장비,8486,HU,헝가리,2025-06-01,3620,,,-92.5158676011495,3.62e-06
반도체 제조장비,8486,HU,헝가리,2025-07-01,12242,,,238.17679558011048,1.2242e-05
반도체 제조장비,8486,HU,헝가리,2025-08-01,1900,,,-84.47966018624408,1.9e-06
반도체 제조장비,8486,HU,헝가리,2025-09-01,11220,,,490.5263157894737,1.122e-05
반도체 제조장비,8486,HU,헝가리,2025-10-01,23817,,,112.27272727272725,2.3817e-05
반도체 제조장비,8486,HU,헝가리,2025-11-01,15789,,,-33.70701599697695,1.5789e-05
반도체 제조장비,8486,HU,헝가리,2025-12-01,1080,,,-93.15979479384382,1.08e-06
반도체 제조장비,8486,HU,헝가리,2026-01-01,10235,15958.0,-35.86289008647701,847.6851851851851,1.0235e-05
반도체 제조장비,8486,HU,헝가리,2026-02-01,20015,20011.0,0.01998900604667231,95.55446995603323,2.0015e-05
반도체 제조장비,8486,HU,헝가리,2026-03-01,15829,22511.0,-29.683265958864556,-20.91431426430177,1.5829e-05
반도체 제조장비,8486,HU,헝가리,2026-04-01,147321,10968.0,1243.1892778993436,830.703139806684,0.000147321
반도체 제조장비,8486,HU,헝가리,2026-05-01,88560,48369.0,83.09247658624327,-39.88637057853259,8.856e-05
반도체 제조장비,8486,HU,헝가리,2026-06-01,23532,3620.0,550.0552486187845,-73.42818428184282,2.3532e-05
반도체 제조장비,8486,HU,헝가리,2026-07-01,9657,12242.0,-21.11583074661003,-58.96226415094339,9.657e-06
반도체 제조장비,8486,AU,호주,2025-03-01,687,,,,6.87e-07
반도체 제조장비,8486,AU,호주,2025-05-01,0,,,-100.0,0.0
반도체 제조장비,8486,AU,호주,2025-08-01,51800,,,inf,5.18e-05
반도체 제조장비,8486,AU,호주,2025-09-01,0,,,-100.0,0.0
반도체 제조장비,8486,AU,호주,2025-10-01,2000,,,inf,2e-06
반도체 제조장비,8486,AU,호주,2025-11-01,600,,,-70.0,6e-07
반도체 제조장비,8486,AU,호주,2025-12-01,58,,,-90.33333333333333,5.8e-08
반도체 제조장비,8486,AU,호주,2026-01-01,0,,,-100.0,0.0
반도체 제조장비,8486,AU,호주,2026-05-01,140,,,inf,1.4e-07
반도체 제조장비,8486,AU,호주,2026-06-01,474,,,238.57142857142856,4.74e-07
반도체 제조장비,8486,AU,호주,2026-07-01,795,,,67.72151898734178,7.95e-07
반도체 제조장비,8486,HK,홍콩,2025-01-01,927125,,,,0.000927125
반도체 제조장비,8486,HK,홍콩,2025-02-01,978254,,,5.514790346501286,0.000978254
반도체 제조장비,8486,HK,홍콩,2025-03-01,1288190,,,31.682569148707795,0.00128819
반도체 제조장비,8486,HK,홍콩,2025-04-01,2635385,,,104.58045785171444,0.002635385
반도체 제조장비,8486,HK,홍콩,2025-05-01,4048098,,,53.60556427239285,0.004048098
반도체 제조장비,8486,HK,홍콩,2025-06-01,1936197,,,-52.17020437746319,0.001936197
반도체 제조장비,8486,HK,홍콩,2025-07-01,2185063,,,12.85334085322929,0.002185063
반도체 제조장비,8486,HK,홍콩,2025-08-01,2009165,,,-8.050019610418557,0.002009165
반도체 제조장비,8486,HK,홍콩,2025-09-01,3131386,,,55.85509403160018,0.003131386
반도체 제조장비,8486,HK,홍콩,2025-10-01,2117793,,,-32.368829649235195,0.002117793
반도체 제조장비,8486,HK,홍콩,2025-11-01,1955789,,,-7.6496616997034135,0.001955789
반도체 제조장비,8486,HK,홍콩,2025-12-01,424560,,,-78.29213683071129,0.00042456
반도체 제조장비,8486,HK,홍콩,2026-01-01,1517818,927125.0,63.71233652420116,257.5037686074995,0.001517818
반도체 제조장비,8486,HK,홍콩,2026-02-01,707750,978254.0,-27.651714176481768,-53.37056221496912,0.00070775
반도체 제조장비,8486,HK,홍콩,2026-03-01,2319840,1288190.0,80.08523587359007,227.77675732956553,0.00231984
반도체 제조장비,8486,HK,홍콩,2026-04-01,2429263,2635385.0,-7.821324019071218,4.716833919580665,0.002429263
반도체 제조장비,8486,HK,홍콩,2026-05-01,683355,4048098.0,-83.11910927057595,-71.86986341124859,0.000683355
반도체 제조장비,8486,HK,홍콩,2026-06-01,6520148,1936197.0,236.75023770824973,854.1377468519291,0.006520148
반도체 제조장비,8486,HK,홍콩,2026-07-01,1021317,2185063.0,-53.259150880317875,-84.33598439790018,0.001021317
선박,8901,GR,그리스,2025-05-01,85500000,,,,0.0855
선박,8901,GR,그리스,2025-09-01,295700000,,,245.84795321637424,0.2957
선박,8901,GR,그리스,2025-12-01,85705367,,,-71.0161085559689,0.085705367
선박,8901,GR,그리스,2026-01-01,304020311,,,254.72727279728002,0.304020311
선박,8901,GR,그리스,2026-03-01,297125340,,,-2.2679310396468866,0.29712534
선박,8901,GR,그리스,2026-04-01,305250164,,,2.734476971906874,0.305250164
선박,8901,GR,그리스,2026-06-01,86537065,,,-71.65044438764004,0.086537065
선박,8901,GR,그리스,2026-07-01,213030900,,,146.1730126853736,0.2130309
선박,8901,ZA,남아프리카공화국,2025-10-01,0,,,,0.0
선박,8901,NL,네덜란드,2025-02-01,0,,,,0.0
선박,8901,NL,네덜란드,2025-03-01,0,,,,0.0
선박,8901,NL,네덜란드,2025-08-01,5500000,,,inf,0.0055
선박,8901,NL,네덜란드,2025-09-01,3850000,,,-30.000000000000004,0.00385
선박,8901,NO,노르웨이,2025-11-01,5000000,,,,0.005
선박,8901,NO,노르웨이,2026-03-01,213316272,,,4166.32544,0.213316272
선박,8901,NO,노르웨이,2026-04-01,106658136,,,-50.0,0.106658136
선박,8901,NO,노르웨이,2026-05-01,214816272,,,101.40636247383883,0.214816272
선박,8901,NZ,뉴질랜드,2025-08-01,0,,,,0.0
선박,8901,TW,대만,2025-03-01,4731000,,,,0.004731
선박,8901,TW,대만,2025-06-01,0,,,-100.0,0.0
선박,8901,TW,대만,2025-07-01,55826684,,,inf,0.055826684
선박,8901,TW,대만,2025-10-01,350000,,,-99.3730596644429,0.00035
선박,8901,TW,대만,2025-11-01,0,,,-100.0,0.0
선박,8901,TW,대만,2026-01-01,1830000,,,inf,0.00183
선박,8901,TW,대만,2026-02-01,1397874,,,-23.61344262295082,0.001397874
선박,8901,TW,대만,2026-05-01,1700000,,,21.61324983510675,0.0017
선박,8901,TW,대만,2026-06-01,3780000,,,122.3529411764706,0.00378
선박,8901,DK,덴마크,2025-01-01,188550000,,,,0.18855
선박,8901,DK,덴마크,2025-02-01,188550000,,,0.0,0.18855
선박,8901,DK,덴마크,2025-03-01,188550000,,,0.0,0.18855
선박,8901,DK,덴마크,2025-05-01,188550000,,,0.0,0.18855
선박,8901,DK,덴마크,2025-06-01,195550000,,,3.712543092018028,0.19555
선박,8901,DK,덴마크,2025-07-01,195550000,,,0.0,0.19555
선박,8901,DK,덴마크,2025-08-01,195550000,,,0.0,0.19555
선박,8901,DK,덴마크,2025-09-01,195550000,,,0.0,0.19555
선박,8901,DK,덴마크,2025-10-01,195550000,,,0.0,0.19555
선박,8901,DK,덴마크,2025-12-01,195550000,,,0.0,0.19555
선박,8901,DK,덴마크,2026-07-01,110212439,,,-43.63976527742265,0.110212439
선박,8901,DE,독일,2025-01-01,166224083,,,,0.166224083
선박,8901,DE,독일,2025-03-01,165467165,,,-0.4553600094157284,0.165467165
선박,8901,DE,독일,2025-05-01,333543310,,,101.57673578319906,0.33354331
선박,8901,DE,독일,2026-01-01,0,,,-100.0,0.0
선박,8901,LR,라이베리아,2025-01-01,457547148,,,,0.457547148
선박,8901,LR,라이베리아,2025-02-01,245290001,,,-46.390224029983465,0.245290001
선박,8901,LR,라이베리아,2025-03-01,632594785,,,157.89668654288113,0.632594785
선박,8901,LR,라이베리아,2025-04-01,187063937,,,-70.42910541856585,0.187063937
선박,8901,LR,라이베리아,2025-05-01,391432656,,,109.2507312085493,0.391432656
선박,8901,LR,라이베리아,2025-06-01,596281256,,,52.33303784444596,0.596281256
선박,8901,LR,라이베리아,2025-07-01,785965984,,,31.811284706893428,0.785965984
선박,8901,LR,라이베리아,2025-08-01,425514319,,,-45.86097519965953,0.425514319
선박,8901,LR,라이베리아,2025-09-01,421532320,,,-0.9358084610073925,0.42153232
선박,8901,LR,라이베리아,2025-10-01,398654455,,,-5.427309820513882,0.398654455
선박,8901,LR,라이베리아,2025-11-01,107742862,,,-72.9733706349776,0.107742862
선박,8901,LR,라이베리아,2025-12-01,399134261,,,270.4507691655713,0.399134261
선박,8901,LR,라이베리아,2026-01-01,418143042,457547148.0,-8.612031824969435,4.762502961378212,0.418143042
선박,8901,LR,라이베리아,2026-02-01,259288341,245290001.0,5.70685308937644,-37.9905164128021,0.259288341
선박,8901,LR,라이베리아,2026-03-01,500833327,632594785.0,-20.828729721507266,93.15690210690961,0.500833327
선박,8901,LR,라이베리아,2026-04-01,330783314,187063937.0,76.82901328009577,-33.95341400673202,0.330783314
선박,8901,LR,라이베리아,2026-05-01,337600000,391432656.0,-13.752724810982553,2.060770816269164,0.3376
선박,8901,LR,라이베리아,2026-06-01,278292252,596281256.0,-53.328693598914676,-17.56746090047393,0.278292252
선박,8901,LR,라이베리아,2026-07-01,420316835,785965984.0,-46.52226132473438,51.03432883212287,0.420316835
선박,8901,RU,러시아 연방,2025-08-01,4850000,,,,0.00485
선박,8901,RU,러시아 연방,2025-11-01,0,,,-100.0,0.0
선박,8901,RU,러시아 연방,2026-05-01,0,,,,0.0
선박,8901,RO,루마니아,2025-05-01,0,,,,0.0
선박,8901,MH,마샬군도,2025-01-01,396173922,,,,0.396173922
선박,8901,MH,마샬군도,2025-02-01,355369672,,,-10.299579991032326,0.355369672
선박,8901,MH,마샬군도,2025-03-01,121914450,,,-65.69362565075615,0.12191445
선박,8901,MH,마샬군도,2025-04-01,179129916,,,46.93083223522725,0.179129916
선박,8901,MH,마샬군도,2025-05-01,277453692,,,54.889645568750225,0.277453692
선박,8901,MH,마샬군도,2025-06-01,149790678,,,-46.01236807474164,0.149790678
선박,8901,MH,마샬군도,2025-07-01,226745406,,,51.374844568097885,0.226745406
선박,8901,MH,마샬군도,2025-08-01,611704816,,,169.77605711667647,0.611704816
선박,8901,MH,마샬군도,2025-09-01,479498234,,,-21.612807115777233,0.479498234
선박,8901,MH,마샬군도,2025-10-01,461643812,,,-3.7235636617589662,0.461643812
선박,8901,MH,마샬군도,2025-11-01,327273628,,,-29.10689594600263,0.327273628
선박,8901,MH,마샬군도,2025-12-01,1008278906,,,208.0843733611191,1.008278906
선박,8901,MH,마샬군도,2026-01-01,294475290,396173922.0,-25.67019845390025,-70.7942625549681,0.29447529
선박,8901,MH,마샬군도,2026-02-01,822072576,355369672.0,131.32885014453342,179.16521484705896,0.822072576
선박,8901,MH,마샬군도,2026-03-01,582174939,121914450.0,377.5274292752008,-29.182050831482787,0.582174939
선박,8901,MH,마샬군도,2026-04-01,541813174,179129916.0,202.46939545262782,-6.932927251957855,0.541813174
선박,8901,MH,마샬군도,2026-05-01,692974802,277453692.0,149.7623286267173,27.89921604970056,0.692974802
선박,8901,MH,마샬군도,2026-06-01,714292955,149790678.0,376.8607529768976,3.076324411576503,0.714292955
선박,8901,MH,마샬군도,2026-07-01,864132714,226745406.0,281.1026336736454,20.97735361256643,0.864132714
선박,8901,MY,말레이시아,2025-01-01,0,,,,0.0
선박,8901,MY,말레이시아,2025-09-01,480000,,,inf,0.00048
선박,8901,MY,말레이시아,2025-11-01,358000,,,-25.416666666666664,0.000358
선박,8901,MY,말레이시아,2026-01-01,1700000,,,374.86033519553075,0.0017
선박,8901,MX,멕시코,2026-07-01,0,,,,0.0
선박,8901,MT,몰타,2025-01-01,173441252,,,,0.173441252
선박,8901,MT,몰타,2025-03-01,536783958,,,209.49036161247267,0.536783958
선박,8901,MT,몰타,2025-04-01,407833265,,,-24.022829124859946,0.407833265
선박,8901,MT,몰타,2025-05-01,128863550,,,-68.4028839579822,0.12886355
선박,8901,MT,몰타,2025-06-01,173446885,,,34.5973201886802,0.173446885
선박,8901,MT,몰타,2025-09-01,173458523,,,0.006709835117524321,0.173458523
선박,8901,MT,몰타,2025-10-01,214900000,,,23.891288985551885,0.2149
선박,8901,MT,몰타,2025-11-01,173473711,,,-19.277007445323402,0.173473711
선박,8901,MT,몰타,2025-12-01,405615100,,,133.81934799331066,0.4056151
선박,8901,MT,몰타,2026-02-01,388452585,,,-4.231231776134569,0.388452585
선박,8901,MT,몰타,2026-03-01,173505053,,,-55.33430341311798,0.173505053
선박,8901,MT,몰타,2026-04-01,261000000,,,50.42789560716714,0.261
선박,8901,MT,몰타,2026-05-01,237823744,173441252.0,37.12063379247286,-8.879791570881224,0.237823744
선박,8901,MT,몰타,2026-06-01,672784874,536783958.0,25.336248219251,182.8922220650937,0.672784874
선박,8901,US,미국,2025-01-01,0,,,,0.0
선박,8901,US,미국,2025-03-01,0,,,,0.0
선박,8901,US,미국,2025-05-01,0,,,,0.0
선박,8901,US,미국,2025-07-01,0,,,,0.0
선박,8901,US,미국,2025-10-01,0,,,,0.0
선박,8901,US,미국,2026-06-01,0,,,,0.0
선박,8901,US,미국,2026-07-01,123666076,,,inf,0.123666076
선박,8901,BS,바하마,2025-01-01,112470417,,,,0.112470417
선박,8901,BS,바하마,2025-03-01,115558631,,,2.745801146980731,0.115558631
선박,8901,BS,바하마,2025-07-01,115850210,,,0.2523212653843254,0.11585021
선박,8901,BS,바하마,2026-01-01,98797100,,,-14.719964685433029,0.0987971
선박,8901,BS,바하마,2026-03-01,217800800,,,120.45262462157291,0.2178008
선박,8901,BS,바하마,2026-05-01,232700000,,,6.840746223154359,0.2327
선박,8901,BS,바하마,2026-06-01,130185910,,,-44.054185646755485,0.13018591
선박,8901,BS,바하마,2026-07-01,232700000,,,78.74438178448035,0.2327
선박,8901,BD,방글라데시,2026-01-01,978670,,,,0.00097867
선박,8901,BD,방글라데시,2026-03-01,73847570,,,7445.706928791114,0.07384757
선박,8901,BD,방글라데시,2026-04-01,1695000,,,-97.70473151655497,0.001695
선박,8901,BD,방글라데시,2026-06-01,1508000,,,-11.032448377581117,0.001508
선박,8901,BM,버뮤다,2025-02-01,208224344,,,,0.208224344
선박,8901,BM,버뮤다,2025-04-01,211006747,,,1.3362524988912883,0.211006747
선박,8901,BM,버뮤다,2025-06-01,210895567,,,-0.052690258288279335,0.210895567
선박,8901,BM,버뮤다,2025-07-01,210700301,,,-0.09258895422870062,0.210700301
선박,8901,BM,버뮤다,2025-08-01,211426700,,,0.34475460953422576,0.2114267
선박,8901,BM,버뮤다,2025-09-01,416731087,,,97.10428578793501,0.416731087
선박,8901,BM,버뮤다,2025-10-01,210569527,,,-49.47112572861645,0.210569527
선박,8901,BM,버뮤다,2025-11-01,205163400,,,-2.5673833612211094,0.2051634
선박,8901,BM,버뮤다,2025-12-01,210461892,,,2.582571745252804,0.210461892
선박,8901,BM,버뮤다,2026-01-01,210656254,,,0.09235021036493318,0.210656254
선박,8901,BM,버뮤다,2026-04-01,210574120,,,-0.0389895853744715,0.21057412
선박,8901,BM,버뮤다,2026-05-01,210611186,,,0.017602353033696616,0.210611186
선박,8901,BM,버뮤다,2026-06-01,210811152,208224344.0,1.2423177570438204,0.09494557425833161,0.210811152
선박,8901,BM,버뮤다,2026-07-01,214900000,211006747.0,1.845084602910818,1.9395786044563712,0.2149
선박,8901,VN,베트남,2025-03-01,660000,,,,0.00066
선박,8901,VN,베트남,2025-07-01,0,,,-100.0,0.0
선박,8901,VN,베트남,2025-08-01,0,,,,0.0
선박,8901,VN,베트남,2025-09-01,5850000,,,inf,0.00585
선박,8901,VN,베트남,2026-01-01,0,,,-100.0,0.0
선박,8901,VN,베트남,2026-06-01,0,,,,0.0
선박,8901,BE,벨기에,2025-01-01,69170810,,,,0.06917081
선박,8901,BE,벨기에,2025-04-01,69151310,,,-0.028191082336614937,0.06915131
선박,8901,BE,벨기에,2026-03-01,332177500,,,380.36327872892065,0.3321775
선박,8901,BE,벨기에,2026-05-01,78497360,,,-76.36885099081063,0.07849736
선박,8901,BE,벨기에,2026-07-01,78477560,,,-0.025223778226424187,0.07847756
선박,8901,LK,스리랑카,2025-02-01,825000,,,,0.000825
선박,8901,SG,싱가포르,2025-01-01,24751311,,,,0.024751311
선박,8901,SG,싱가포르,2025-02-01,336709881,,,1260.371905148782,0.336709881
선박,8901,SG,싱가포르,2025-03-01,632731394,,,87.91589724686457,0.632731394
선박,8901,SG,싱가포르,2025-04-01,166834600,,,-73.6326343876656,0.1668346
선박,8901,SG,싱가포르,2025-05-01,257355387,,,54.25780203866584,0.257355387
선박,8901,SG,싱가포르,2025-06-01,291149051,,,13.13112750190848,0.291149051
선박,8901,SG,싱가포르,2025-07-01,124264484,,,-57.31928935602129,0.124264484
선박,8901,SG,싱가포르,2025-08-01,742186863,,,497.26386744582624,0.742186863
선박,8901,SG,싱가포르,2025-09-01,193005062,,,-73.99508511645536,0.193005062
선박,8901,SG,싱가포르,2025-10-01,194740391,,,0.8991106150366246,0.194740391
선박,8901,SG,싱가포르,2025-12-01,478862776,,,145.89802533568908,0.478862776
선박,8901,SG,싱가포르,2026-01-01,437502873,,,-8.637109642450058,0.437502873
선박,8901,SG,싱가포르,2026-02-01,477144350,24751311.0,1827.7538470588488,9.060849527267,0.47714435
선박,8901,SG,싱가포르,2026-03-01,933,336709881.0,-99.99972290685464,-99.99980446168964,9.33e-07
선박,8901,SG,싱가포르,2026-04-01,417360010,632731394.0,-34.038359095550106,44733020.04287245,0.41736001
선박,8901,SG,싱가포르,2026-05-01,342066719,166834600.0,105.03343970615208,-18.040370230966786,0.342066719
선박,8901,SG,싱가포르,2026-06-01,455055963,257355387.0,76.82006516537383,33.03134672975887,0.455055963
선박,8901,SG,싱가포르,2026-07-01,414577930,291149051.0,42.39370816290244,-8.895176921349346,0.41457793
선박,8901,AE,아랍에미리트 연합,2025-01-01,1400000,,,,0.0014
선박,8901,AE,아랍에미리트 연합,2025-03-01,1500,,,-99.89285714285714,1.5e-06
선박,8901,AE,아랍에미리트 연합,2025-05-01,550000,,,36566.66666666667,0.00055
선박,8901,AE,아랍에미리트 연합,2025-06-01,0,,,-100.0,0.0
선박,8901,AE,아랍에미리트 연합,2025-09-01,647235,,,inf,0.000647235
선박,8901,AE,아랍에미리트 연합,2026-01-01,2054654,,,217.45100311324327,0.002054654
선박,8901,AE,아랍에미리트 연합,2026-02-01,140,,,-99.99318620069364,1.4e-07
선박,8901,AE,아랍에미리트 연합,2026-05-01,700000,,,499900.0,0.0007
선박,8901,AE,아랍에미리트 연합,2026-06-01,18257739,,,2508.2484285714286,0.018257739
선박,8901,AE,아랍에미리트 연합,2026-07-01,0,,,-100.0,0.0
선박,8901,GB,영국,2025-01-01,87565870,,,,0.08756587
선박,8901,OM,오만,2026-07-01,17841347,,,,0.017841347
선박,8901,UY,우루과이,2025-07-01,0,,,,0.0
선박,8901,IN,인도,2025-04-01,9879,,,,9.879e-06
선박,8901,IN,인도,2026-03-01,0,,,-100.0,0.0
선박,8901,ID,인도네시아,2025-02-01,6220000,,,,0.00622
선박,8901,ID,인도네시아,2025-04-01,4880,,,-99.92154340836012,4.88e-06
선박,8901,ID,인도네시아,2025-09-01,3000000,,,61375.40983606557,0.003
선박,8901,ID,인도네시아,2025-10-01,19797500,,,559.9166666666667,0.0197975
선박,8901,ID,인도네시아,2026-04-01,7500000,,,-62.116428842025506,0.0075
선박,8901,ID,인도네시아,2026-05-01,48218260,,,542.9101333333333,0.04821826
선박,8901,ID,인도네시아,2026-06-01,3100000,,,-93.57090031867595,0.0031
선박,8901,ID,인도네시아,2026-07-01,650000,,,-79.03225806451613,0.00065
선박,8901,JP,일본,2025-01-01,3880,,,,3.88e-06
선박,8901,JP,일본,2025-02-01,0,,,-100.0,0.0
선박,8901,JP,일본,2025-03-01,0,,,,0.0
선박,8901,JP,일본,2025-04-01,0,,,,0.0
선박,8901,JP,일본,2025-05-01,4300000,,,inf,0.0043
선박,8901,JP,일본,2025-06-01,1602,,,-99.96274418604652,1.602e-06
선박,8901,JP,일본,2025-07-01,9500000,,,592908.7390761548,0.0095
선박,8901,JP,일본,2025-08-01,0,,,-100.0,0.0
선박,8901,JP,일본,2025-09-01,0,,,,0.0
선박,8901,JP,일본,2025-10-01,0,,,,0.0
선박,8901,JP,일본,2025-11-01,5445000,,,inf,0.005445
선박,8901,JP,일본,2025-12-01,0,,,-100.0,0.0
선박,8901,JP,일본,2026-01-01,321,3880.0,-91.72680412371133,inf,3.21e-07
선박,8901,JP,일본,2026-02-01,0,0.0,,-100.0,0.0
선박,8901,JP,일본,2026-03-01,437,0.0,inf,inf,4.37e-07
선박,8901,JP,일본,2026-04-01,6138,0.0,inf,1304.5766590389017,6.138e-06
선박,8901,JP,일본,2026-05-01,452,4300000.0,-99.98948837209302,-92.63603779732811,4.52e-07
선박,8901,JP,일본,2026-06-01,62,1602.0,-96.12983770287141,-86.28318584070797,6.2e-08
선박,8901,JP,일본,2026-07-01,1538628,9500000.0,-83.80391578947368,2481558.064516129,0.001538628
선박,8901,CN,중국,2025-01-01,158000,,,,0.000158
선박,8901,CN,중국,2025-02-01,0,,,-100.0,0.0
선박,8901,CN,중국,2025-03-01,0,,,,0.0
선박,8901,CN,중국,2025-04-01,0,,,,0.0
선박,8901,CN,중국,2025-05-01,13900000,,,inf,0.0139
선박,8901,CN,중국,2025-06-01,0,,,-100.0,0.0
선박,8901,CN,중국,2025-07-01,0,,,,0.0
선박,8901,CN,중국,2025-08-01,0,,,,0.0
선박,8901,CN,중국,2025-09-01,0,,,,0.0
선박,8901,CN,중국,2025-10-01,0,,,,0.0
선박,8901,CN,중국,2025-11-01,13737500,,,inf,0.0137375
선박,8901,CN,중국,2025-12-01,0,,,-100.0,0.0
선박,8901,CN,중국,2026-01-01,40000000,158000.0,25216.455696202534,inf,0.04
선박,8901,CN,중국,2026-02-01,0,0.0,,-100.0,0.0
선박,8901,CN,중국,2026-03-01,0,0.0,,,0.0
선박,8901,CN,중국,2026-04-01,0,0.0,,,0.0
선박,8901,CN,중국,2026-05-01,0,13900000.0,-100.0,,0.0
선박,8901,CN,중국,2026-06-01,0,0.0,,,0.0
선박,8901,CN,중국,2026-07-01,40000000,0.0,inf,inf,0.04
선박,8901,QA,카타르,2025-03-01,0,,,,0.0
선박,8901,KH,캄보디아,2025-04-01,550000,,,,0.00055
선박,8901,CA,캐나다,2025-06-01,22100000,,,,0.0221
선박,8901,CA,캐나다,2025-07-01,7099374,,,-67.87613574660634,0.007099374
선박,8901,CA,캐나다,2026-06-01,0,,,-100.0,0.0
선박,8901,CO,콜롬비아,2025-06-01,39800000,,,,0.0398
선박,8901,HR,크로아티아,2026-06-01,9500000,,,,0.0095
선박,8901,TZ,탄자니아,2025-10-01,4000000,,,,0.004
선박,8901,TH,태국,2025-03-01,1900000,,,,0.0019
선박,8901,TH,태국,2026-02-01,0,,,-100.0,0.0
선박,8901,TH,태국,2026-05-01,1919000,,,inf,0.001919
선박,8901,TH,태국,2026-07-01,187276,,,-90.24095883272538,0.000187276
선박,8901,TR,튀르키예,2025-03-01,260000,,,,0.00026
선박,8901,TR,튀르키예,2025-12-01,1850000,,,611.5384615384615,0.00185
선박,8901,TR,튀르키예,2026-02-01,1270000,,,-31.351351351351354,0.00127
선박,8901,PA,파나마,2025-01-01,62717533,,,,0.062717533
선박,8901,PA,파나마,2025-02-01,65651200,,,4.677586728419314,0.0656512
선박,8901,PA,파나마,2025-03-01,109966033,,,67.50041583398323,0.109966033
선박,8901,PA,파나마,2025-04-01,56974673,,,-48.18884391328366,0.056974673
선박,8901,PA,파나마,2025-05-01,174035670,,,205.4614635524104,0.17403567
선박,8901,PA,파나마,2025-06-01,249636033,,,43.43957936898797,0.249636033
선박,8901,PA,파나마,2025-07-01,92520000,,,-62.93804268232384,0.09252
선박,8901,PA,파나마,2025-08-01,46200000,,,-50.06485084306096,0.0462
선박,8901,PA,파나마,2025-09-01,158570000,,,243.22510822510824,0.15857
선박,8901,PA,파나마,2025-10-01,191783890,,,20.945885098063943,0.19178389
선박,8901,PA,파나마,2025-11-01,48331110,,,-74.79918151623684,0.04833111
선박,8901,PA,파나마,2025-12-01,48331110,,,0.0,0.04833111
선박,8901,PA,파나마,2026-01-01,151867610,62717533.0,142.14538221712257,214.22330254777927,0.15186761
선박,8901,PA,파나마,2026-02-01,151825110,65651200.0,131.26022068141938,-0.027984900796163004,0.15182511
선박,8901,PA,파나마,2026-03-01,160815470,109966033.0,46.241039721783906,5.921523784833749,0.16081547
선박,8901,PA,파나마,2026-05-01,52020000,56974673.0,-8.696272815817652,-67.65236578296852,0.05202
선박,8901,PA,파나마,2026-06-01,71434054,174035670.0,-58.95436033314321,37.320365244136866,0.071434054
선박,8901,PA,파나마,2026-07-01,99422020,249636033.0,-60.1732094500957,39.18014508878356,0.09942202
선박,8901,PK,파키스탄,2025-04-01,19950,,,,1.995e-05
선박,8901,PK,파키스탄,2025-10-01,27241,,,36.546365914786975,2.7241e-05
선박,8901,PK,파키스탄,2026-04-01,1096693,,,3925.8911200029365,0.001096693
선박,8901,PK,파키스탄,2026-06-01,4784,,,-99.56377947155676,4.784e-06
선박,8901,PK,파키스탄,2026-07-01,354141,,,7302.61287625418,0.000354141
선박,8901,PG,파푸아 뉴기니,2025-06-01,750000,,,,0.00075
선박,8901,PG,파푸아 뉴기니,2025-07-01,900000,,,19.999999999999996,0.0009
선박,8901,PE,페루,2025-05-01,0,,,,0.0
선박,8901,FR,프랑스,2025-01-01,252624777,,,,0.252624777
선박,8901,FR,프랑스,2025-03-01,227242741,,,-10.047326434651339,0.227242741
선박,8901,FR,프랑스,2025-04-01,126263617,,,-44.43667751745698,0.126263617
선박,8901,FR,프랑스,2025-05-01,227420325,,,80.11548409863785,0.227420325
선박,8901,FR,프랑스,2025-06-01,342873099,,,50.76625143333165,0.342873099
선박,8901,FR,프랑스,2025-07-01,212983520,,,-37.88269752827708,0.21298352
선박,8901,FR,프랑스,2025-08-01,697599047,,,227.53663147270737,0.697599047
선박,8901,FR,프랑스,2025-09-01,126230955,,,-81.90494159318999,0.126230955
선박,8901,FR,프랑스,2025-10-01,224281843,,,77.67578721083113,0.224281843
선박,8901,FR,프랑스,2025-11-01,443561348,,,97.76961971906036,0.443561348
선박,8901,FR,프랑스,2026-01-01,214900000,,,-51.55123390056971,0.2149
선박,8901,FR,프랑스,2026-04-01,429800000,,,100.0,0.4298
선박,8901,FR,프랑스,2026-07-01,214900000,252624777.0,-14.933126294258937,-50.0,0.2149
선박,8901,PH,필리핀,2025-01-01,618000,,,,0.000618
선박,8901,PH,필리핀,2025-03-01,500000,,,-19.09385113268608,0.0005
선박,8901,PH,필리핀,2025-04-01,700000,,,39.99999999999999,0.0007
선박,8901,PH,필리핀,2025-05-01,3210000,,,358.57142857142856,0.00321
선박,8901,PH,필리핀,2025-07-01,14050000,,,337.69470404984423,0.01405
선박,8901,PH,필리핀,2025-08-01,75000,,,-99.4661921708185,7.5e-05
선박,8901,PH,필리핀,2025-11-01,25820000,,,34326.666666666664,0.02582
선박,8901,PH,필리핀,2026-03-01,0,,,-100.0,0.0
선박,8901,PH,필리핀,2026-04-01,857089,,,inf,0.000857089
선박,8901,PH,필리핀,2026-07-01,310000,,,-63.831060718315136,0.00031
선박,8901,AU,호주,2025-01-01,0,,,,0.0
선박,8901,AU,호주,2025-04-01,132438000,,,inf,0.132438
선박,8901,AU,호주,2025-05-01,34900000,,,-73.64804663314155,0.0349
선박,8901,AU,호주,2025-06-01,0,,,-100.0,0.0
선박,8901,AU,호주,2025-09-01,0,,,,0.0
선박,8901,AU,호주,2026-01-01,38000000,,,inf,0.038
선박,8901,AU,호주,2026-03-01,43750000,,,15.131578947368428,0.04375
선박,8901,AU,호주,2026-04-01,0,,,-100.0,0.0
선박,8901,AU,호주,2026-05-01,0,,,,0.0
선박,8901,AU,호주,2026-06-01,0,,,,0.0
선박,8901,AU,호주,2026-07-01,0,,,,0.0
선박,8901,HK,홍콩,2025-01-01,19200000,,,,0.0192
선박,8901,HK,홍콩,2025-02-01,19200000,,,0.0,0.0192
선박,8901,HK,홍콩,2025-03-01,34000000,,,77.08333333333333,0.034
선박,8901,HK,홍콩,2025-04-01,56000000,,,64.70588235294117,0.056
선박,8901,HK,홍콩,2025-10-01,0,,,-100.0,0.0
선박,8901,HK,홍콩,2025-11-01,0,,,,0.0
선박,8901,HK,홍콩,2025-12-01,0,,,,0.0
선박,8901,HK,홍콩,2026-04-01,0,,,,0.0
선박,8901,HK,홍콩,2026-05-01,0,,,,0.0
선박,8901,HK,홍콩,2026-06-01,0,,,,0.0
승용차,8703,GH,가나,2025-01-01,491760,,,,0.00049176
승용차,8703,GH,가나,2025-02-01,2370854,,,382.1160728810802,0.002370854
승용차,8703,GH,가나,2025-03-01,1318242,,,-44.398010168487815,0.001318242
승용차,8703,GH,가나,2025-04-01,2307028,,,75.00792722428811,0.002307028
승용차,8703,GH,가나,2025-05-01,829717,,,-64.03524361212781,0.000829717
승용차,8703,GH,가나,2025-06-01,2390356,,,188.0929280706554,0.002390356
승용차,8703,GH,가나,2025-07-01,3882597,,,62.42756309102076,0.003882597
승용차,8703,GH,가나,2025-08-01,3394555,,,-12.569988592686798,0.003394555
승용차,8703,GH,가나,2025-09-01,4054375,,,19.43759933187119,0.004054375
승용차,8703,GH,가나,2025-10-01,5315413,,,31.103141667951295,0.005315413
승용차,8703,GH,가나,2025-11-01,3050765,,,-42.60530649264695,0.003050765
승용차,8703,GH,가나,2025-12-01,3032967,,,-0.5833946567500248,0.003032967
승용차,8703,GH,가나,2026-01-01,3592538,491760.0,630.5470148039694,18.44962375126402,0.003592538
승용차,8703,GH,가나,2026-02-01,3625626,2370854.0,52.92489541743186,0.9210201812757335,0.003625626
승용차,8703,GH,가나,2026-03-01,3437610,1318242.0,160.77230129217548,-5.185752750007866,0.00343761
승용차,8703,GH,가나,2026-04-01,4323928,2307028.0,87.42416650339744,25.782971308554494,0.004323928
승용차,8703,GH,가나,2026-05-01,3483716,829717.0,319.86797908202436,-19.431683413784874,0.003483716
승용차,8703,GH,가나,2026-06-01,4803689,2390356.0,100.96123757298075,37.88979928329405,0.004803689
승용차,8703,GH,가나,2026-07-01,3988268,3882597.0,2.7216576945791715,-16.974891588527065,0.003988268
승용차,8703,GA,가봉,2025-01-01,936577,,,,0.000936577
승용차,8703,GA,가봉,2025-02-01,832075,,,-11.157865290307145,0.000832075
승용차,8703,GA,가봉,2025-03-01,1118939,,,34.475738364931054,0.001118939
승용차,8703,GA,가봉,2025-04-01,1297680,,,15.974150512226304,0.00129768
승용차,8703,GA,가봉,2025-05-01,1380701,,,6.397648110474075,0.001380701
승용차,8703,GA,가봉,2025-06-01,1178150,,,-14.67015668128001,0.00117815
승용차,8703,GA,가봉,2025-07-01,2338295,,,98.4717565674999,0.002338295
승용차,8703,GA,가봉,2025-08-01,1740362,,,-25.571324405175567,0.001740362
승용차,8703,GA,가봉,2025-09-01,1745277,,,0.28241250958134234,0.001745277
승용차,8703,GA,가봉,2025-10-01,1143596,,,-34.47481402665594,0.001143596
승용차,8703,GA,가봉,2025-11-01,882365,,,-22.842944536357244,0.000882365
승용차,8703,GA,가봉,2025-12-01,1074443,,,21.768542496585887,0.001074443
승용차,8703,GA,가봉,2026-01-01,727218,936577.0,-22.353634565017078,-32.31674458300719,0.000727218
승용차,8703,GA,가봉,2026-02-01,1010499,832075.0,21.44325932157558,38.95406879367673,0.001010499
승용차,8703,GA,가봉,2026-03-01,1556315,1118939.0,39.08845790521198,54.014501746167,0.001556315
승용차,8703,GA,가봉,2026-04-01,1124783,1297680.0,-13.3235466370754,-27.72780574626602,0.001124783
승용차,8703,GA,가봉,2026-05-01,1335983,1380701.0,-3.238789571384393,18.776955199358447,0.001335983
승용차,8703,GA,가봉,2026-06-01,1312199,1178150.0,11.37792301489624,-1.7802621739947289,0.001312199
승용차,8703,GA,가봉,2026-07-01,1486251,2338295.0,-36.438687163082506,13.264146672875077,0.001486251
승용차,8703,GY,가이아나,2025-01-01,102900,,,,0.0001029
승용차,8703,GY,가이아나,2025-02-01,19332,,,-81.2128279883382,1.9332e-05
승용차,8703,GY,가이아나,2025-03-01,25940,,,34.181667701220775,2.594e-05
승용차,8703,GY,가이아나,2025-04-01,19332,,,-25.474171164225133,1.9332e-05
승용차,8703,GY,가이아나,2025-05-01,69673,,,260.40244154769294,6.9673e-05
승용차,8703,GY,가이아나,2025-06-01,25468,,,-63.446385256842674,2.5468e-05
승용차,8703,GY,가이아나,2025-08-01,197697,,,676.2564787183917,0.000197697
승용차,8703,GY,가이아나,2025-09-01,151554,,,-23.340263129941274,0.000151554
승용차,8703,GY,가이아나,2025-10-01,71492,,,-52.827375061034346,7.1492e-05
승용차,8703,GY,가이아나,2025-12-01,92289,,,29.08996810831981,9.2289e-05
승용차,8703,GY,가이아나,2026-04-01,124792,,,35.21871512314576,0.000124792
승용차,8703,GY,가이아나,2026-05-01,234520,,,87.92871337906276,0.00023452
승용차,8703,GY,가이아나,2026-06-01,170994,102900.0,66.17492711370264,-27.08766842913184,0.000170994
승용차,8703,GY,가이아나,2026-07-01,140506,19332.0,626.8052969170288,-17.829865375393283,0.000140506
승용차,8703,GM,감비아,2025-01-01,161753,,,,0.000161753
승용차,8703,GM,감비아,2025-02-01,161778,,,0.015455663882590898,0.000161778
승용차,8703,GM,감비아,2025-03-01,100551,,,-37.8463079034232,0.000100551
승용차,8703,GM,감비아,2025-04-01,164840,,,63.93670873487085,0.00016484
승용차,8703,GM,감비아,2025-05-01,173173,,,5.055205047318623,0.000173173
승용차,8703,GM,감비아,2025-06-01,139267,,,-19.579264665969866,0.000139267
승용차,8703,GM,감비아,2025-07-01,157270,,,12.926967623342222,0.00015727
승용차,8703,GM,감비아,2025-08-01,154867,,,-1.527945571310485,0.000154867
승용차,8703,GM,감비아,2025-09-01,226689,,,46.37656828117029,0.000226689
승용차,8703,GM,감비아,2025-10-01,142861,,,-36.97929762802783,0.000142861
승용차,8703,GM,감비아,2025-11-01,281760,,,97.22667487977826,0.00028176
승용차,8703,GM,감비아,2025-12-01,218808,,,-22.342419080068144,0.000218808
승용차,8703,GM,감비아,2026-01-01,219723,161753.0,35.83859341094138,0.41817483821433576,0.000219723
승용차,8703,GM,감비아,2026-02-01,232116,161778.0,43.47809961799503,5.640283447795635,0.000232116
승용차,8703,GM,감비아,2026-03-01,352111,100551.0,250.18149993535616,51.696134691275056,0.000352111
승용차,8703,GM,감비아,2026-04-01,243229,164840.0,47.55459839844698,-30.92263519174351,0.000243229
승용차,8703,GM,감비아,2026-05-01,283128,173173.0,63.49430915904903,16.403882760690536,0.000283128
승용차,8703,GM,감비아,2026-06-01,222925,139267.0,60.07022481995017,-21.263527450481757,0.000222925
승용차,8703,GM,감비아,2026-07-01,495656,157270.0,215.162459464615,122.34204328810137,0.000495656
승용차,8703,GP,과델로프,2025-01-01,982429,,,,0.000982429
승용차,8703,GP,과델로프,2025-02-01,604446,,,-38.47433249629235,0.000604446
승용차,8703,GP,과델로프,2025-03-01,1334545,,,120.78812664820346,0.001334545
승용차,8703,GP,과델로프,2025-04-01,1014994,,,-23.944565376214367,0.001014994
승용차,8703,GP,과델로프,2025-05-01,725353,,,-28.53622780036138,0.000725353
승용차,8703,GP,과델로프,2025-06-01,1012143,,,39.537990468089326,0.001012143
승용차,8703,GP,과델로프,2025-08-01,3302436,,,226.28156298072506,0.003302436
승용차,8703,GP,과델로프,2025-09-01,738687,,,-77.63205706333143,0.000738687
승용차,8703,GP,과델로프,2025-10-01,2297487,,,211.02307201832443,0.002297487
승용차,8703,GP,과델로프,2025-11-01,621661,,,-72.94169673212514,0.000621661
승용차,8703,GP,과델로프,2025-12-01,1954085,,,214.33289204244755,0.001954085
승용차,8703,GP,과델로프,2026-01-01,1025413,,,-47.52464708546456,0.001025413
승용차,8703,GP,과델로프,2026-02-01,765167,982429.0,-22.114778777906597,-25.379627525689653,0.000765167
승용차,8703,GP,과델로프,2026-03-01,421527,604446.0,-30.2622566780159,-44.91045745569268,0.000421527
승용차,8703,GP,과델로프,2026-04-01,860930,1334545.0,-35.48887448531147,104.24077223997514,0.00086093
승용차,8703,GP,과델로프,2026-05-01,340526,1014994.0,-66.45044207157875,-60.446726214674825,0.000340526
승용차,8703,GP,과델로프,2026-06-01,729165,725353.0,0.5255372211874665,114.12902392181508,0.000729165
승용차,8703,GP,과델로프,2026-07-01,2077614,1012143.0,105.26882071011703,184.93057126987716,0.002077614
승용차,8703,GT,과테말라,2025-01-01,2547315,,,,0.002547315
승용차,8703,GT,과테말라,2025-02-01,2489561,,,-2.267250026007772,0.002489561
승용차,8703,GT,과테말라,2025-03-01,4317968,,,73.44294837523564,0.004317968
승용차,8703,GT,과테말라,2025-04-01,2601676,,,-39.747677611320874,0.002601676
승용차,8703,GT,과테말라,2025-05-01,1858037,,,-28.583074910173288,0.001858037
승용차,8703,GT,과테말라,2025-06-01,3588179,,,93.11666021720772,0.003588179
승용차,8703,GT,과테말라,2025-07-01,2832140,,,-21.070269905709836,0.00283214
승용차,8703,GT,과테말라,2025-08-01,2462143,,,-13.064219989124837,0.002462143
승용차,8703,GT,과테말라,2025-09-01,2649158,,,7.595618938461324,0.002649158
승용차,8703,GT,과테말라,2025-10-01,1530648,,,-42.221339761539326,0.001530648
승용차,8703,GT,과테말라,2025-11-01,4607227,,,200.99846600916734,0.004607227
승용차,8703,GT,과테말라,2025-12-01,3872719,,,-15.94251813509514,0.003872719
승용차,8703,GT,과테말라,2026-01-01,2239922,2547315.0,-12.067333643463806,-42.161514945959155,0.002239922
승용차,8703,GT,과테말라,2026-02-01,2076602,2489561.0,-16.587623279766994,-7.291325322935349,0.002076602
승용차,8703,GT,과테말라,2026-03-01,3464843,4317968.0,-19.75755725841414,66.85156809056335,0.003464843
승용차,8703,GT,과테말라,2026-04-01,2253137,2601676.0,-13.396710428200898,-34.97145469506122,0.002253137
승용차,8703,GT,과테말라,2026-05-01,5033641,1858037.0,170.91177409276565,123.40590030699418,0.005033641
승용차,8703,GT,과테말라,2026-06-01,2703798,3588179.0,-24.64707028272558,-46.28544228720324,0.002703798
승용차,8703,GT,과테말라,2026-07-01,4745880,2832140.0,67.57222453692262,75.52642616053417,0.00474588
승용차,8703,GU,괌,2025-01-01,1357813,,,,0.001357813
승용차,8703,GU,괌,2025-02-01,906056,,,-33.27092906018723,0.000906056
승용차,8703,GU,괌,2025-03-01,735544,,,-18.81914583646044,0.000735544
승용차,8703,GU,괌,2025-04-01,1402319,,,90.65059330237213,0.001402319
승용차,8703,GU,괌,2025-05-01,910876,,,-35.04502185308763,0.000910876
승용차,8703,GU,괌,2025-06-01,733090,,,-19.518134191701176,0.00073309
승용차,8703,GU,괌,2025-07-01,828909,,,13.070564323616463,0.000828909
승용차,8703,GU,괌,2025-08-01,460353,,,-44.462781801138604,0.000460353
승용차,8703,GU,괌,2025-09-01,1987995,,,331.8414347250914,0.001987995
승용차,8703,GU,괌,2025-10-01,1134826,,,-42.91605361180486,0.001134826
승용차,8703,GU,괌,2025-11-01,1487118,,,31.04370185385248,0.001487118
승용차,8703,GU,괌,2025-12-01,2515448,,,69.14918654740244,0.002515448
승용차,8703,GU,괌,2026-01-01,851139,1357813.0,-37.315447708926044,-66.16352236261692,0.000851139
승용차,8703,GU,괌,2026-02-01,583405,906056.0,-35.61049206671553,-31.45596665174548,0.000583405
승용차,8703,GU,괌,2026-03-01,1806482,735544.0,145.59808794579249,209.64458652222726,0.001806482
승용차,8703,GU,괌,2026-04-01,814086,1402319.0,-41.94716038219549,-54.935283052917214,0.000814086
승용차,8703,GU,괌,2026-05-01,949266,910876.0,4.214624163991587,16.605125257036725,0.000949266
승용차,8703,GU,괌,2026-06-01,1824861,733090.0,148.92728041577433,92.23916162592994,0.001824861
승용차,8703,GU,괌,2026-07-01,2944383,828909.0,255.21185075804462,61.34834379166414,0.002944383
승용차,8703,Z1,국제통화기금,2026-01-01,68725,,,,6.8725e-05
승용차,8703,Z1,국제통화기금,2026-02-01,1899667,,,2664.157148053838,0.001899667
승용차,8703,Z1,국제통화기금,2026-03-01,2401055,,,26.393467907796463,0.002401055
승용차,8703,GD,그레나다,2025-01-01,193532,,,,0.000193532
승용차,8703,GD,그레나다,2025-02-01,159470,,,-17.60019014943265,0.00015947
승용차,8703,GD,그레나다,2025-03-01,84098,,,-47.26406220605757,8.4098e-05
승용차,8703,GD,그레나다,2025-04-01,5362,,,-93.62410521058764,5.362e-06
승용차,8703,GD,그레나다,2025-06-01,36455,,,579.8769116001492,3.6455e-05
승용차,8703,GD,그레나다,2025-07-01,29640,,,-18.694280619942393,2.964e-05
승용차,8703,GD,그레나다,2025-08-01,107790,,,263.66396761133603,0.00010779
승용차,8703,GD,그레나다,2025-10-01,135910,,,26.08776324334354,0.00013591
승용차,8703,GD,그레나다,2025-11-01,52267,,,-61.54293282319182,5.2267e-05
승용차,8703,GD,그레나다,2025-12-01,21004,,,-59.81403179826658,2.1004e-05
승용차,8703,GD,그레나다,2026-01-01,40265,,,91.70158065130451,4.0265e-05
승용차,8703,GD,그레나다,2026-02-01,13445,,,-66.60871724823048,1.3445e-05
승용차,8703,GD,그레나다,2026-03-01,74956,193532.0,-61.2694541471178,457.50092971364825,7.4956e-05
승용차,8703,GD,그레나다,2026-04-01,196823,159470.0,23.423214397692348,162.58471636693525,0.000196823
승용차,8703,GD,그레나다,2026-06-01,192098,84098.0,128.4216033674998,-2.4006340722374953,0.000192098
승용차,8703,GD,그레나다,2026-07-01,78933,5362.0,1372.0813129429316,-58.910035502712155,7.8933e-05
승용차,8703,GR,그리스,2025-01-01,8144673,,,,0.008144673
승용차,8703,GR,그리스,2025-02-01,17465306,,,114.43839427316482,0.017465306
승용차,8703,GR,그리스,2025-03-01,17109041,,,-2.0398440199100976,0.017109041
승용차,8703,GR,그리스,2025-04-01,12507322,,,-26.896416929505286,0.012507322
승용차,8703,GR,그리스,2025-05-01,14763203,,,18.036482949747356,0.014763203
승용차,8703,GR,그리스,2025-06-01,10942402,,,-25.88056941301965,0.010942402
승용차,8703,GR,그리스,2025-07-01,4069754,,,-62.807489616996335,0.004069754
승용차,8703,GR,그리스,2025-08-01,7256898,,,78.31293979930973,0.007256898
승용차,8703,GR,그리스,2025-09-01,2912469,,,-59.86619902884125,0.002912469
승용차,8703,GR,그리스,2025-10-01,2857287,,,-1.8946811107689032,0.002857287
승용차,8703,GR,그리스,2025-11-01,7729843,,,170.53085671827856,0.007729843
승용차,8703,GR,그리스,2025-12-01,6127749,,,-20.726087192197827,0.006127749
승용차,8703,GR,그리스,2026-01-01,13492763,8144673.0,65.66365525049318,120.19118276548207,0.013492763
승용차,8703,GR,그리스,2026-02-01,21014117,17465306.0,20.319203110440775,55.7436160406879,0.021014117
승용차,8703,GR,그리스,2026-03-01,13667479,17109041.0,-20.115458253913822,-34.96048870385561,0.013667479
승용차,8703,GR,그리스,2026-04-01,4741172,12507322.0,-62.09282850477504,-65.3105594674775,0.004741172
승용차,8703,GR,그리스,2026-05-01,5248860,14763203.0,-64.44633322457194,10.708069650289008,0.00524886
승용차,8703,GR,그리스,2026-06-01,8455043,10942402.0,-22.73138018508185,61.08341620847193,0.008455043
승용차,8703,GR,그리스,2026-07-01,6416205,4069754.0,57.6558435718719,-24.113869083811878,0.006416205
승용차,8703,GW,기네비소,2025-01-01,1642,,,,1.642e-06
승용차,8703,GW,기네비소,2025-09-01,10370,,,531.5468940316687,1.037e-05
승용차,8703,GW,기네비소,2025-10-01,11024,,,6.306653809064611,1.1024e-05
승용차,8703,GW,기네비소,2026-07-01,3672,,,-66.69085631349783,3.672e-06
승용차,8703,GN,기니,2025-01-01,468330,,,,0.00046833
승용차,8703,GN,기니,2025-02-01,441582,,,-5.711357376209081,0.000441582
승용차,8703,GN,기니,2025-03-01,588074,,,33.17435946211575,0.000588074
승용차,8703,GN,기니,2025-04-01,466910,,,-20.603529487785554,0.00046691
승용차,8703,GN,기니,2025-05-01,487411,,,4.3907819494120925,0.000487411
승용차,8703,GN,기니,2025-06-01,502455,,,3.0865122042793347,0.000502455
승용차,8703,GN,기니,2025-07-01,594178,,,18.254968106596614,0.000594178
승용차,8703,GN,기니,2025-08-01,668391,,,12.490028240695539,0.000668391
승용차,8703,GN,기니,2025-09-01,752676,,,12.610133888696895,0.000752676
승용차,8703,GN,기니,2025-10-01,537313,,,-28.612975569833498,0.000537313
승용차,8703,GN,기니,2025-11-01,505620,,,-5.898424195952822,0.00050562
승용차,8703,GN,기니,2025-12-01,218701,,,-56.745975238321265,0.000218701
승용차,8703,GN,기니,2026-01-01,405104,468330.0,-13.500309610744566,85.23189194379542,0.000405104
승용차,8703,GN,기니,2026-02-01,466808,441582.0,5.71264227255639,15.231644219755914,0.000466808
승용차,8703,GN,기니,2026-03-01,690563,588074.0,17.427908732574473,47.93298315367347,0.000690563
승용차,8703,GN,기니,2026-04-01,618678,466910.0,32.50476537234157,-10.4096222936937,0.000618678
승용차,8703,GN,기니,2026-05-01,803705,487411.0,64.89266758444106,29.90683360326374,0.000803705
승용차,8703,GN,기니,2026-06-01,974091,502455.0,93.86631638654208,21.200067188831717,0.000974091
승용차,8703,GN,기니,2026-07-01,1091833,594178.0,83.75520466930786,12.087371713731066,0.001091833
승용차,8703,ZZ,기타국,2025-01-01,8005289,,,,0.008005289
승용차,8703,ZZ,기타국,2025-02-01,5389256,,,-32.67880772324398,0.005389256
승용차,8703,ZZ,기타국,2025-03-01,12942880,,,140.16079399456993,0.01294288
승용차,8703,ZZ,기타국,2025-04-01,3324522,,,-74.3138930438975,0.003324522
승용차,8703,ZZ,기타국,2025-05-01,7112297,,,113.93442425708118,0.007112297
승용차,8703,ZZ,기타국,2025-06-01,11771083,,,65.5032544338348,0.011771083
승용차,8703,ZZ,기타국,2025-07-01,5098239,,,-56.68844574454195,0.005098239
승용차,8703,ZZ,기타국,2025-08-01,6776445,,,32.91736617290795,0.006776445
승용차,8703,ZZ,기타국,2025-09-01,4217185,,,-37.76700024865546,0.004217185
승용차,8703,ZZ,기타국,2025-10-01,5819291,,,37.98993878618082,0.005819291
승용차,8703,ZZ,기타국,2025-11-01,11057416,,,90.01311328132586,0.011057416
승용차,8703,ZZ,기타국,2025-12-01,3789681,,,-65.72724585924958,0.003789681
승용차,8703,ZZ,기타국,2026-01-01,12868864,8005289.0,60.75452116719333,239.57644456090102,0.012868864
승용차,8703,ZZ,기타국,2026-02-01,3187349,5389256.0,-40.8573465428252,-75.23208730778413,0.003187349
승용차,8703,ZZ,기타국,2026-03-01,3355764,12942880.0,-74.07250936422187,5.283858152966614,0.003355764
승용차,8703,ZZ,기타국,2026-04-01,3841525,3324522.0,15.551198036890712,14.475421990342596,0.003841525
승용차,8703,ZZ,기타국,2026-05-01,5216374,7112297.0,-26.656971720950352,35.78914623749683,0.005216374
승용차,8703,ZZ,기타국,2026-06-01,10946197,11771083.0,-7.007732423601121,109.84302505916945,0.010946197
승용차,8703,ZZ,기타국,2026-07-01,6951429,5098239.0,36.349610130086084,-36.494574325676766,0.006951429
승용차,8703,NG,나이지리아,2025-01-01,424875,,,,0.000424875
승용차,8703,NG,나이지리아,2025-02-01,862793,,,103.06984407178584,0.000862793
승용차,8703,NG,나이지리아,2025-03-01,1533682,,,77.75781676485553,0.001533682
승용차,8703,NG,나이지리아,2025-04-01,917569,,,-40.172147811606315,0.000917569
승용차,8703,NG,나이지리아,2025-05-01,968222,,,5.520347788558677,0.000968222
승용차,8703,NG,나이지리아,2025-06-01,1096202,,,13.218042969484278,0.001096202
승용차,8703,NG,나이지리아,2025-07-01,795796,,,-27.40425578497394,0.000795796
승용차,8703,NG,나이지리아,2025-08-01,1389783,,,74.64061141297518,0.001389783
승용차,8703,NG,나이지리아,2025-09-01,2604730,,,87.41990656095233,0.00260473
승용차,8703,NG,나이지리아,2025-10-01,1998274,,,-23.282873848729047,0.001998274
승용차,8703,NG,나이지리아,2025-11-01,1214294,,,-39.23285795641639,0.001214294
승용차,8703,NG,나이지리아,2025-12-01,2058961,,,69.56033711769966,0.002058961
승용차,8703,NG,나이지리아,2026-01-01,1354990,424875.0,218.9149749926449,-34.190594188039505,0.00135499
승용차,8703,NG,나이지리아,2026-02-01,1535841,862793.0,78.00805059846337,13.347035771481707,0.001535841
승용차,8703,NG,나이지리아,2026-03-01,1631305,1533682.0,6.365269984260102,6.215747593663656,0.001631305
승용차,8703,NG,나이지리아,2026-04-01,2005848,917569.0,118.60459540372439,22.959716300753087,0.002005848
승용차,8703,NG,나이지리아,2026-05-01,1848839,968222.0,90.95197175854297,-7.8275622081035,0.001848839
승용차,8703,NG,나이지리아,2026-06-01,2563591,1096202.0,133.86118616824268,38.65950469456778,0.002563591
승용차,8703,NG,나이지리아,2026-07-01,2304853,795796.0,189.62862341605137,-10.092795613652882,0.002304853
승용차,8703,ZA,남아프리카공화국,2025-01-01,1305136,,,,0.001305136
승용차,8703,ZA,남아프리카공화국,2025-02-01,5123731,,,292.5821523580684,0.005123731
승용차,8703,ZA,남아프리카공화국,2025-03-01,8762782,,,71.0234592721593,0.008762782
승용차,8703,ZA,남아프리카공화국,2025-04-01,11534732,,,31.633218765455993,0.011534732
승용차,8703,ZA,남아프리카공화국,2025-05-01,10114222,,,-12.315067224795516,0.010114222
승용차,8703,ZA,남아프리카공화국,2025-06-01,6495831,,,-35.77527762392402,0.006495831
승용차,8703,ZA,남아프리카공화국,2025-07-01,9219030,,,41.92225752178589,0.00921903
승용차,8703,ZA,남아프리카공화국,2025-08-01,12175121,,,32.06509795499093,0.012175121
승용차,8703,ZA,남아프리카공화국,2025-09-01,8691538,,,-28.61230701526498,0.008691538
승용차,8703,ZA,남아프리카공화국,2025-10-01,5194823,,,-40.23125711467866,0.005194823
승용차,8703,ZA,남아프리카공화국,2025-11-01,7840608,,,50.93118668335763,0.007840608
승용차,8703,ZA,남아프리카공화국,2025-12-01,5585255,,,-28.76502689587338,0.005585255
승용차,8703,ZA,남아프리카공화국,2026-01-01,7079245,1305136.0,442.41435375317207,26.74882346464038,0.007079245
승용차,8703,ZA,남아프리카공화국,2026-02-01,2816064,5123731.0,-45.0388008269755,-60.22084275936206,0.002816064
승용차,8703,ZA,남아프리카공화국,2026-03-01,3039108,8762782.0,-65.3180006075696,7.920416581441336,0.003039108
승용차,8703,ZA,남아프리카공화국,2026-04-01,13034309,11534732.0,13.00053611995493,328.88600865780353,0.013034309
승용차,8703,ZA,남아프리카공화국,2026-05-01,7688042,10114222.0,-23.98780647686001,-41.016880910219335,0.007688042
승용차,8703,ZA,남아프리카공화국,2026-06-01,7242116,6495831.0,11.488676352571359,-5.800254473115518,0.007242116
승용차,8703,ZA,남아프리카공화국,2026-07-01,4407248,9219030.0,-52.19401607327452,-39.14419487343201,0.004407248
승용차,8703,GS,남조지아 & 남샌드위치 군도,2025-02-01,10981,,,,1.0981e-05
승용차,8703,NL,네덜란드,2025-01-01,53708560,,,,0.05370856
승용차,8703,NL,네덜란드,2025-02-01,86683796,,,61.396611638815116,0.086683796
승용차,8703,NL,네덜란드,2025-03-01,71244293,,,-17.811290820720405,0.071244293
승용차,8703,NL,네덜란드,2025-04-01,75438722,,,5.887389464304182,0.075438722
승용차,8703,NL,네덜란드,2025-05-01,59307050,,,-21.38380870237966,0.05930705
승용차,8703,NL,네덜란드,2025-06-01,85403350,,,44.0020199959364,0.08540335
승용차,8703,NL,네덜란드,2025-07-01,58014929,,,-32.069492590161865,0.058014929
승용차,8703,NL,네덜란드,2025-08-01,79115736,,,36.37133986667467,0.079115736
승용차,8703,NL,네덜란드,2025-09-01,98561722,,,24.579163366438262,0.098561722
승용차,8703,NL,네덜란드,2025-10-01,55032964,,,-44.16395849902054,0.055032964
승용차,8703,NL,네덜란드,2025-11-01,61705331,,,12.124309713719938,0.061705331
승용차,8703,NL,네덜란드,2025-12-01,127162850,,,106.08081658293025,0.12716285
승용차,8703,NL,네덜란드,2026-01-01,80258433,53708560.0,49.433224424561,-36.885314382305836,0.080258433
승용차,8703,NL,네덜란드,2026-02-01,93873056,86683796.0,8.293660789843592,16.963479713091335,0.093873056
승용차,8703,NL,네덜란드,2026-03-01,85915945,71244293.0,20.593441779259436,-8.476458889332417,0.085915945
승용차,8703,NL,네덜란드,2026-04-01,83965975,75438722.0,11.303549124281286,-2.269625271537201,0.083965975
승용차,8703,NL,네덜란드,2026-05-01,72220338,59307050.0,21.773613760927233,-13.988567392923146,0.072220338
승용차,8703,NL,네덜란드,2026-06-01,91675528,85403350.0,7.344182634521945,26.938658193485598,0.091675528
승용차,8703,NL,네덜란드,2026-07-01,72026594,58014929.0,24.151826506587646,-21.4331288061957,0.072026594
승용차,8703,AN,네덜란드 열도,2025-01-01,12467,,,,1.2467e-05
승용차,8703,AN,네덜란드 열도,2025-02-01,2500,,,-79.94706023903105,2.5e-06
승용차,8703,AN,네덜란드 열도,2025-03-01,6812,,,172.48000000000002,6.812e-06
승용차,8703,AN,네덜란드 열도,2025-04-01,24037,,,252.86259541984734,2.4037e-05
승용차,8703,AN,네덜란드 열도,2025-05-01,6947,,,-71.09872280234639,6.947e-06
승용차,8703,AN,네덜란드 열도,2025-06-01,7000,,,0.762919245717586,7e-06
승용차,8703,AN,네덜란드 열도,2025-07-01,15522,,,121.74285714285715,1.5522e-05
승용차,8703,AN,네덜란드 열도,2025-08-01,6590,,,-57.54413091096509,6.59e-06
승용차,8703,AN,네덜란드 열도,2025-09-01,19101,,,189.84825493171473,1.9101e-05
승용차,8703,AN,네덜란드 열도,2025-11-01,60877,,,218.71106224804984,6.0877e-05
승용차,8703,AN,네덜란드 열도,2025-12-01,12959,,,-78.71281436338847,1.2959e-05
승용차,8703,AN,네덜란드 열도,2026-01-01,1400,,,-89.19669727602438,1.4e-06
승용차,8703,AN,네덜란드 열도,2026-02-01,14008,12467.0,12.360632068661271,900.5714285714286,1.4008e-05
승용차,8703,AN,네덜란드 열도,2026-03-01,27958,2500.0,1018.3199999999999,99.58595088520845,2.7958e-05
승용차,8703,AN,네덜란드 열도,2026-04-01,13635,6812.0,100.1614797416324,-51.23041705415265,1.3635e-05
승용차,8703,AN,네덜란드 열도,2026-05-01,66251,24037.0,175.62091775179928,385.88925559222594,6.6251e-05
승용차,8703,AN,네덜란드 열도,2026-07-01,7162,6947.0,3.0948610911184726,-89.1895971381564,7.162e-06
승용차,8703,NP,네팔,2025-01-01,36364,,,,3.6364e-05
승용차,8703,NP,네팔,2025-04-01,36364,,,0.0,3.6364e-05
승용차,8703,NP,네팔,2025-11-01,32054,,,-11.852381476185236,3.2054e-05
승용차,8703,NP,네팔,2026-01-01,44381,,,38.45697884819368,4.4381e-05
승용차,8703,NP,네팔,2026-03-01,205832,,,363.78405173385005,0.000205832
승용차,8703,NO,노르웨이,2025-01-01,17599042,,,,0.017599042
승용차,8703,NO,노르웨이,2025-02-01,12673802,,,-27.985841502054488,0.012673802
승용차,8703,NO,노르웨이,2025-03-01,22127790,,,74.59472698090124,0.02212779
승용차,8703,NO,노르웨이,2025-04-01,30159280,,,36.295942794106416,0.03015928
승용차,8703,NO,노르웨이,2025-05-01,33073814,,,9.663804971471457,0.033073814
승용차,8703,NO,노르웨이,2025-06-01,28685046,,,-13.269615654245381,0.028685046
승용차,8703,NO,노르웨이,2025-07-01,32163688,,,12.127022560814439,0.032163688
승용차,8703,NO,노르웨이,2025-08-01,27962398,,,-13.062214755969526,0.027962398
승용차,8703,NO,노르웨이,2025-09-01,30175986,,,7.916302457321445,0.030175986
승용차,8703,NO,노르웨이,2025-10-01,19614921,,,-34.99824330512349,0.019614921
승용차,8703,NO,노르웨이,2025-11-01,23647701,,,20.559756524127735,0.023647701
승용차,8703,NO,노르웨이,2025-12-01,42674264,,,80.45840481491202,0.042674264
승용차,8703,NO,노르웨이,2026-01-01,25316449,17599042.0,43.85129031455235,-40.6751361898122,0.025316449
승용차,8703,NO,노르웨이,2026-02-01,21405953,12673802.0,68.89922219078379,-15.446463285589541,0.021405953
승용차,8703,NO,노르웨이,2026-03-01,47652908,22127790.0,115.35321873535493,122.61521362772308,0.047652908
승용차,8703,NO,노르웨이,2026-04-01,11392882,30159280.0,-62.22429050030372,-76.0919480506835,0.011392882
승용차,8703,NO,노르웨이,2026-05-01,19790403,33073814.0,-40.162924662997746,73.70848745734398,0.019790403
승용차,8703,NO,노르웨이,2026-06-01,27296472,28685046.0,-4.8407591886030055,37.927822894763686,0.027296472
승용차,8703,NO,노르웨이,2026-07-01,37967983,32163688.0,18.0461115031336,39.09483613853102,0.037967983
승용차,8703,NC,뉴 칼레도니아,2025-02-01,173448,,,,0.000173448
승용차,8703,NC,뉴 칼레도니아,2025-04-01,277735,,,60.12580139292467,0.000277735
승용차,8703,NC,뉴 칼레도니아,2025-05-01,303300,,,9.204817541901456,0.0003033
승용차,8703,NC,뉴 칼레도니아,2025-06-01,37746,,,-87.55489614243324,3.7746e-05
승용차,8703,NC,뉴 칼레도니아,2025-07-01,772346,,,1946.1664812165527,0.000772346
승용차,8703,NC,뉴 칼레도니아,2025-08-01,82521,,,-89.31553992640605,8.2521e-05
승용차,8703,NC,뉴 칼레도니아,2025-10-01,154442,,,87.15478484264611,0.000154442
승용차,8703,NC,뉴 칼레도니아,2025-12-01,310970,,,101.35066885950712,0.00031097
승용차,8703,NC,뉴 칼레도니아,2026-02-01,471800,,,51.71881531980578,0.0004718
승용차,8703,NC,뉴 칼레도니아,2026-03-01,206573,,,-56.21598134802883,0.000206573
승용차,8703,NC,뉴 칼레도니아,2026-04-01,355946,,,72.31003083655656,0.000355946
승용차,8703,NC,뉴 칼레도니아,2026-05-01,50124,,,-85.91808869884758,5.0124e-05
승용차,8703,NC,뉴 칼레도니아,2026-06-01,184562,173448.0,6.407684147410175,268.2108371239326,0.000184562
승용차,8703,NC,뉴 칼레도니아,2026-07-01,1461213,277735.0,426.1177021261274,691.7193138349172,0.001461213
승용차,8703,NZ,뉴질랜드,2025-01-01,11974534,,,,0.011974534
승용차,8703,NZ,뉴질랜드,2025-02-01,16958600,,,41.62221260551768,0.0169586
승용차,8703,NZ,뉴질랜드,2025-03-01,18656879,,,10.014264149163266,0.018656879
승용차,8703,NZ,뉴질랜드,2025-04-01,17606175,,,-5.631724362901213,0.017606175
승용차,8703,NZ,뉴질랜드,2025-05-01,18482289,,,4.976174552394252,0.018482289
승용차,8703,NZ,뉴질랜드,2025-06-01,25592816,,,38.472112409886016,0.025592816
승용차,8703,NZ,뉴질랜드,2025-07-01,19345348,,,-24.411022218109956,0.019345348
승용차,8703,NZ,뉴질랜드,2025-08-01,24177664,,,24.97921464116335,0.024177664
승용차,8703,NZ,뉴질랜드,2025-09-01,23761519,,,-1.7211960593049858,0.023761519
승용차,8703,NZ,뉴질랜드,2025-10-01,12556533,,,-47.156017256304196,0.012556533
승용차,8703,NZ,뉴질랜드,2025-11-01,15958293,,,27.091554651271977,0.015958293
승용차,8703,NZ,뉴질랜드,2025-12-01,15825763,,,-0.8304772947833494,0.015825763
승용차,8703,NZ,뉴질랜드,2026-01-01,26578651,11974534.0,121.95979400952055,67.94546335617436,0.026578651
승용차,8703,NZ,뉴질랜드,2026-02-01,22109667,16958600.0,30.374364629155703,-16.81418669442629,0.022109667
승용차,8703,NZ,뉴질랜드,2026-03-01,18259806,18656879.0,-2.1282927332058055,-17.412568900291447,0.018259806
승용차,8703,NZ,뉴질랜드,2026-04-01,18277372,17606175.0,3.812281770458381,0.09620036488886541,0.018277372
승용차,8703,NZ,뉴질랜드,2026-05-01,23741924,18482289.0,28.457703480342712,29.897908736551404,0.023741924
승용차,8703,NZ,뉴질랜드,2026-06-01,32766584,25592816.0,28.030397280236773,38.01149392947261,0.032766584
승용차,8703,NZ,뉴질랜드,2026-07-01,24593402,19345348.0,27.128248093546837,-24.943649908699673,0.024593402
승용차,8703,NE,니제르,2025-06-01,2643,,,,2.643e-06
승용차,8703,NE,니제르,2025-07-01,1374,,,-48.01362088535755,1.374e-06
승용차,8703,NE,니제르,2025-11-01,1676,,,21.97962154294033,1.676e-06
승용차,8703,NE,니제르,2026-05-01,76729,,,4478.102625298329,7.6729e-05
승용차,8703,NE,니제르,2026-06-01,126060,,,64.2925100027369,0.00012606
승용차,8703,NE,니제르,2026-07-01,49030,,,-61.10582262414723,4.903e-05
승용차,8703,NI,니카라과,2025-01-01,926039,,,,0.000926039
승용차,8703,NI,니카라과,2025-02-01,1032981,,,11.548325718463271,0.001032981
승용차,8703,NI,니카라과,2025-03-01,1277361,,,23.65774394688769,0.001277361
승용차,8703,NI,니카라과,2025-04-01,782599,,,-38.73313808704039,0.000782599
승용차,8703,NI,니카라과,2025-05-01,3012904,,,284.98694733829205,0.003012904
승용차,8703,NI,니카라과,2025-06-01,1457926,,,-51.610605581857236,0.001457926
승용차,8703,NI,니카라과,2025-07-01,2195348,,,50.58020777460583,0.002195348
승용차,8703,NI,니카라과,2025-08-01,1206075,,,-45.06224070170196,0.001206075
승용차,8703,NI,니카라과,2025-09-01,1740423,,,44.30470741869286,0.001740423
승용차,8703,NI,니카라과,2025-10-01,629547,,,-63.827931485621605,0.000629547
승용차,8703,NI,니카라과,2025-11-01,1713596,,,172.1950863080914,0.001713596
승용차,8703,NI,니카라과,2025-12-01,1539231,,,-10.175385563458361,0.001539231
승용차,8703,NI,니카라과,2026-01-01,451682,926039.0,-51.22430048842435,-70.65534672833383,0.000451682
승용차,8703,NI,니카라과,2026-02-01,368763,1032981.0,-64.30108588638126,-18.357826966759806,0.000368763
승용차,8703,NI,니카라과,2026-03-01,266072,1277361.0,-79.17017976907077,-27.847425039930794,0.000266072
승용차,8703,NI,니카라과,2026-04-01,1785022,782599.0,128.0889702133532,570.879310863225,0.001785022
승용차,8703,NI,니카라과,2026-05-01,678505,3012904.0,-77.48003255331069,-61.988983889274195,0.000678505
승용차,8703,NI,니카라과,2026-06-01,921419,1457926.0,-36.799330007147134,35.801357396039826,0.000921419
승용차,8703,NI,니카라과,2026-07-01,1836600,2195348.0,-16.341281655573514,99.32300071954236,0.0018366
승용차,8703,TW,대만,2025-01-01,49190879,,,,0.049190879
승용차,8703,TW,대만,2025-02-01,47258698,,,-3.9279253375407275,0.047258698
승용차,8703,TW,대만,2025-03-01,52313957,,,10.696991694523629,0.052313957
승용차,8703,TW,대만,2025-04-01,33770354,,,-35.446760412331265,0.033770354
승용차,8703,TW,대만,2025-05-01,38726726,,,14.67669542344745,0.038726726
승용차,8703,TW,대만,2025-06-01,34746217,,,-10.27845472917075,0.034746217
승용차,8703,TW,대만,2025-07-01,40745396,,,17.26570406211416,0.040745396
승용차,8703,TW,대만,2025-08-01,23915558,,,-41.30488264244628,0.023915558
승용차,8703,TW,대만,2025-09-01,13524555,,,-43.44871652168851,0.013524555
승용차,8703,TW,대만,2025-10-01,11836878,,,-12.478613898941592,0.011836878
승용차,8703,TW,대만,2025-11-01,23140491,,,95.4948847153785,0.023140491
승용차,8703,TW,대만,2025-12-01,29031730,,,25.45857389110715,0.02903173
승용차,8703,TW,대만,2026-01-01,24770811,49190879.0,-49.64348776934846,-14.676765731838925,0.024770811
승용차,8703,TW,대만,2026-02-01,21138929,47258698.0,-55.26976007675878,-14.661942235157344,0.021138929
승용차,8703,TW,대만,2026-03-01,29100784,52313957.0,-44.37281049108941,37.66441999024644,0.029100784
승용차,8703,TW,대만,2026-04-01,47093119,33770354.0,39.45106705129593,61.827664161900245,0.047093119
승용차,8703,TW,대만,2026-05-01,43369748,38726726.0,11.989193199549074,-7.906401357701531,0.043369748
승용차,8703,TW,대만,2026-06-01,64377852,34746217.0,85.28017596850903,48.43953439618787,0.064377852
승용차,8703,TW,대만,2026-07-01,66660245,40745396.0,63.60190731733224,3.5453077869078253,0.066660245
승용차,8703,DK,덴마크,2025-01-01,28951818,,,,0.028951818
승용차,8703,DK,덴마크,2025-02-01,37274783,,,28.747642030631717,0.037274783
승용차,8703,DK,덴마크,2025-03-01,32716824,,,-12.227996069085101,0.032716824
승용차,8703,DK,덴마크,2025-04-01,31680295,,,-3.1681834398106568,0.031680295
승용차,8703,DK,덴마크,2025-05-01,18736534,,,-40.857450980175535,0.018736534
승용차,8703,DK,덴마크,2025-06-01,13433346,,,-28.303996886510596,0.013433346
승용차,8703,DK,덴마크,2025-07-01,22113241,,,64.61454205080402,0.022113241
승용차,8703,DK,덴마크,2025-08-01,26526793,,,19.95886536939564,0.026526793
승용차,8703,DK,덴마크,2025-09-01,45827641,,,72.75982437831819,0.045827641
승용차,8703,DK,덴마크,2025-10-01,13909568,,,-69.64808203852344,0.013909568
승용차,8703,DK,덴마크,2025-11-01,17289585,,,24.299942313089808,0.017289585
승용차,8703,DK,덴마크,2025-12-01,16197134,,,-6.318549577679278,0.016197134
승용차,8703,DK,덴마크,2026-01-01,30634316,28951818.0,5.811372536260073,89.1341764536862,0.030634316
승용차,8703,DK,덴마크,2026-02-01,23837287,37274783.0,-36.049830256557094,-22.187631021368325,0.023837287
승용차,8703,DK,덴마크,2026-03-01,34776272,32716824.0,6.2947674872108506,45.89022651780801,0.034776272
승용차,8703,DK,덴마크,2026-04-01,9815129,31680295.0,-69.01818938239053,-71.77636234269158,0.009815129
승용차,8703,DK,덴마크,2026-05-01,16666357,18736534.0,-11.04887915769267,69.80273005072068,0.016666357
승용차,8703,DK,덴마크,2026-06-01,25793503,13433346.0,92.011007533045,54.76389351314148,0.025793503
승용차,8703,DK,덴마크,2026-07-01,48243141,22113241.0,118.16404479108242,87.03601833376413,0.048243141
승용차,8703,DM,도미니카,2025-05-01,66396,,,,6.6396e-05
승용차,8703,DM,도미니카,2025-06-01,25030,,,-62.30194590035545,2.503e-05
승용차,8703,DM,도미니카,2025-07-01,128075,,,411.6859768278066,0.000128075
승용차,8703,DM,도미니카,2025-08-01,13484,,,-89.47179387077884,1.3484e-05
승용차,8703,DM,도미니카,2025-09-01,2347,,,-82.59418570157223,2.347e-06
승용차,8703,DM,도미니카,2025-10-01,7023,,,199.2330634853004,7.023e-06
승용차,8703,DM,도미니카,2025-11-01,66470,,,846.4616260857184,6.647e-05
승용차,8703,DM,도미니카,2025-12-01,4190,,,-93.69640439295924,4.19e-06
승용차,8703,DM,도미니카,2026-01-01,30200,,,620.763723150358,3.02e-05
승용차,8703,DM,도미니카,2026-02-01,18266,,,-39.51655629139073,1.8266e-05
승용차,8703,DM,도미니카,2026-03-01,116889,,,539.9266396583818,0.000116889
승용차,8703,DM,도미니카,2026-04-01,322802,,,176.16114433351296,0.000322802
승용차,8703,DM,도미니카,2026-05-01,421201,66396.0,534.3770709078859,30.482772721358597,0.000421201
승용차,8703,DM,도미니카,2026-06-01,252849,25030.0,910.1837794646425,-39.96951574189045,0.000252849
승용차,8703,DM,도미니카,2026-07-01,6111,128075.0,-95.22857700566074,-97.58314250797908,6.111e-06
승용차,8703,DO,도미니카 공화국,2025-01-01,6781980,,,,0.00678198
승용차,8703,DO,도미니카 공화국,2025-02-01,4598318,,,-32.19800117369853,0.004598318
승용차,8703,DO,도미니카 공화국,2025-03-01,8376640,,,82.16747950011288,0.00837664
승용차,8703,DO,도미니카 공화국,2025-04-01,7057527,,,-15.747519291744661,0.007057527
승용차,8703,DO,도미니카 공화국,2025-05-01,5200507,,,-26.312616303132806,0.005200507
승용차,8703,DO,도미니카 공화국,2025-06-01,5351181,,,2.8972944368693243,0.005351181
승용차,8703,DO,도미니카 공화국,2025-07-01,5234828,,,-2.1743424488911867,0.005234828
승용차,8703,DO,도미니카 공화국,2025-08-01,5575388,,,6.505657874528059,0.005575388
승용차,8703,DO,도미니카 공화국,2025-09-01,7066054,,,26.736542819979526,0.007066054
승용차,8703,DO,도미니카 공화국,2025-10-01,3671008,,,-48.04726938118503,0.003671008
승용차,8703,DO,도미니카 공화국,2025-11-01,6871509,,,87.18316604049896,0.006871509
승용차,8703,DO,도미니카 공화국,2025-12-01,8738906,,,27.175937628838142,0.008738906
승용차,8703,DO,도미니카 공화국,2026-01-01,6645786,6781980.0,-2.0081746038767445,-23.951739496911863,0.006645786
승용차,8703,DO,도미니카 공화국,2026-02-01,7063397,4598318.0,53.60827589566446,6.283846636048773,0.007063397
승용차,8703,DO,도미니카 공화국,2026-03-01,8333551,8376640.0,-0.5143947931390169,17.982197517709952,0.008333551
승용차,8703,DO,도미니카 공화국,2026-04-01,10687707,7057527.0,51.43699769055081,28.249134132616447,0.010687707
승용차,8703,DO,도미니카 공화국,2026-05-01,9879578,5200507.0,89.97336221256889,-7.561294485337222,0.009879578
승용차,8703,DO,도미니카 공화국,2026-06-01,8014365,5351181.0,49.76815398320482,-18.879480479834264,0.008014365
승용차,8703,DO,도미니카 공화국,2026-07-01,7031490,5234828.0,34.321318675608836,-12.263916105642803,0.00703149
승용차,8703,DE,독일,2025-01-01,128926453,,,,0.128926453
승용차,8703,DE,독일,2025-02-01,181262017,,,40.593348209153014,0.181262017
승용차,8703,DE,독일,2025-03-01,159351971,,,-12.08749983180426,0.159351971
승용차,8703,DE,독일,2025-04-01,202057481,,,26.799486527844696,0.202057481
승용차,8703,DE,독일,2025-05-01,192670443,,,-4.645726529670036,0.192670443
승용차,8703,DE,독일,2025-06-01,146247342,,,-24.09456285933801,0.146247342
승용차,8703,DE,독일,2025-07-01,116958870,,,-20.026669612908243,0.11695887
승용차,8703,DE,독일,2025-08-01,164347334,,,40.51720403933452,0.164347334
승용차,8703,DE,독일,2025-09-01,149263301,,,-9.178142798470946,0.149263301
승용차,8703,DE,독일,2025-10-01,196822099,,,31.862351751151486,0.196822099
승용차,8703,DE,독일,2025-11-01,179000052,,,-9.05490140108708,0.179000052
승용차,8703,DE,독일,2025-12-01,147914355,,,-17.36630612822392,0.147914355
승용차,8703,DE,독일,2026-01-01,167388785,128926453.0,29.83276985057519,13.16601759173408,0.167388785
승용차,8703,DE,독일,2026-02-01,111109347,181262017.0,-38.702355386456944,-33.62198847431744,0.111109347
승용차,8703,DE,독일,2026-03-01,245086640,159351971.0,53.802076285582935,120.58147817212893,0.24508664
승용차,8703,DE,독일,2026-04-01,192711480,202057481.0,-4.625416962413775,-21.370059175808198,0.19271148
승용차,8703,DE,독일,2026-05-01,152258136,192670443.0,-20.97483473373235,-20.99166276964922,0.152258136
승용차,8703,DE,독일,2026-06-01,202551290,146247342.0,38.49912567983629,33.03150512758148,0.20255129
승용차,8703,DE,독일,2026-07-01,222308596,116958870.0,90.0741653882258,9.754223732665434,0.222308596
승용차,8703,LA,라오스,2025-01-01,2029198,,,,0.002029198
승용차,8703,LA,라오스,2025-02-01,517981,,,-74.47360977095386,0.000517981
승용차,8703,LA,라오스,2025-03-01,2281256,,,340.41306534409557,0.002281256
승용차,8703,LA,라오스,2025-04-01,2764056,,,21.163779952797924,0.002764056
승용차,8703,LA,라오스,2025-05-01,992698,,,-64.08545991832293,0.000992698
승용차,8703,LA,라오스,2025-06-01,524672,,,-47.14686641858853,0.000524672
승용차,8703,LA,라오스,2025-07-01,544625,,,3.802947365211029,0.000544625
승용차,8703,LA,라오스,2025-08-01,524672,,,-3.6636217580904296,0.000524672
승용차,8703,LA,라오스,2025-11-01,201496,,,-61.595816052695774,0.000201496
승용차,8703,LA,라오스,2026-01-01,994864,,,393.73883352523126,0.000994864
승용차,8703,LA,라오스,2026-02-01,84485,,,-91.50788449476511,8.4485e-05
승용차,8703,LA,라오스,2026-04-01,2483753,,,2839.874533940936,0.002483753
승용차,8703,LA,라오스,2026-05-01,558912,2029198.0,-72.45650744777001,-77.49727931883726,0.000558912
승용차,8703,LA,라오스,2026-06-01,504018,517981.0,-2.69565872107278,-9.821581930608037,0.000504018
승용차,8703,LA,라오스,2026-07-01,286257,2281256.0,-87.45178094874052,-43.20500458316965,0.000286257
승용차,8703,LR,라이베리아,2025-01-01,62387,,,,6.2387e-05
승용차,8703,LR,라이베리아,2025-02-01,304649,,,388.3212848830686,0.000304649
승용차,8703,LR,라이베리아,2025-03-01,80522,,,-73.56892686337392,8.0522e-05
승용차,8703,LR,라이베리아,2025-04-01,94712,,,17.622513102009396,9.4712e-05
승용차,8703,LR,라이베리아,2025-05-01,381830,,,303.1484922713067,0.00038183
승용차,8703,LR,라이베리아,2025-06-01,52634,,,-86.21533143021763,5.2634e-05
승용차,8703,LR,라이베리아,2025-07-01,200934,,,281.75703917619785,0.000200934
승용차,8703,LR,라이베리아,2025-08-01,107416,,,-46.54165049220141,0.000107416
승용차,8703,LR,라이베리아,2025-09-01,182293,,,69.70749236612794,0.000182293
승용차,8703,LR,라이베리아,2025-10-01,276682,,,51.778729847004556,0.000276682
승용차,8703,LR,라이베리아,2025-11-01,83463,,,-69.83432243514216,8.3463e-05
승용차,8703,LR,라이베리아,2025-12-01,106750,,,27.90098606568181,0.00010675
승용차,8703,LR,라이베리아,2026-01-01,176117,62387.0,182.29759405004248,64.9807962529274,0.000176117
승용차,8703,LR,라이베리아,2026-02-01,139988,304649.0,-54.04941424393318,-20.51420362599863,0.000139988
승용차,8703,LR,라이베리아,2026-03-01,212950,80522.0,164.4618861925933,52.120181729862566,0.00021295
승용차,8703,LR,라이베리아,2026-04-01,186946,94712.0,97.38364726750571,-12.211317210612815,0.000186946
승용차,8703,LR,라이베리아,2026-05-01,112407,381830.0,-70.56098263625174,-39.87194163020338,0.000112407
승용차,8703,LR,라이베리아,2026-06-01,269741,52634.0,412.48432572101683,139.96815144964282,0.000269741
승용차,8703,LR,라이베리아,2026-07-01,247902,200934.0,23.37483949953716,-8.096284954827038,0.000247902
승용차,8703,LV,라트비아,2025-03-01,100532,,,,0.000100532
승용차,8703,LV,라트비아,2025-06-01,101346,,,0.8096924362392066,0.000101346
승용차,8703,LV,라트비아,2025-09-01,76679,,,-24.339391786553,7.6679e-05
승용차,8703,LV,라트비아,2025-12-01,144226,,,88.09061151032225,0.000144226
승용차,8703,LV,라트비아,2026-01-01,193806,,,34.37660338635198,0.000193806
승용차,8703,LV,라트비아,2026-02-01,111273,,,-42.585368874028674,0.000111273
승용차,8703,LV,라트비아,2026-03-01,108258,,,-2.709552182470143,0.000108258
승용차,8703,LV,라트비아,2026-04-01,17018,,,-84.28014557815588,1.7018e-05
승용차,8703,LV,라트비아,2026-05-01,90258,,,430.3678458103185,9.0258e-05
승용차,8703,LV,라트비아,2026-06-01,0,,,-100.0,0.0
승용차,8703,LV,라트비아,2026-07-01,64075,,,inf,6.4075e-05
승용차,8703,RU,러시아 연방,2025-01-01,29706644,,,,0.029706644
승용차,8703,RU,러시아 연방,2025-02-01,54530457,,,83.5631685625613,0.054530457
승용차,8703,RU,러시아 연방,2025-03-01,72194963,,,32.393834513435316,0.072194963
승용차,8703,RU,러시아 연방,2025-04-01,89905019,,,24.53087482017271,0.089905019
승용차,8703,RU,러시아 연방,2025-05-01,85817782,,,-4.5461722220424665,0.085817782
승용차,8703,RU,러시아 연방,2025-06-01,84713883,,,-1.286328980164042,0.084713883
승용차,8703,RU,러시아 연방,2025-07-01,108430939,,,27.996657879559116,0.108430939
승용차,8703,RU,러시아 연방,2025-08-01,93068630,,,-14.167828058742538,0.09306863
승용차,8703,RU,러시아 연방,2025-09-01,149056215,,,60.15731079312117,0.149056215
승용차,8703,RU,러시아 연방,2025-10-01,142288595,,,-4.5403138674895205,0.142288595
승용차,8703,RU,러시아 연방,2025-11-01,107044994,,,-24.769097621632994,0.107044994
승용차,8703,RU,러시아 연방,2025-12-01,25412429,,,-76.26004911542151,0.025412429
승용차,8703,RU,러시아 연방,2026-01-01,26342755,29706644.0,-11.323692437287768,3.660909392014444,0.026342755
승용차,8703,RU,러시아 연방,2026-02-01,30258702,54530457.0,-44.510455872394395,14.865366207900422,0.030258702
승용차,8703,RU,러시아 연방,2026-03-01,42739107,72194963.0,-40.800430910948734,41.24567207145897,0.042739107
승용차,8703,RU,러시아 연방,2026-04-01,50194236,89905019.0,-44.169706476565004,17.443342931802476,0.050194236
승용차,8703,RU,러시아 연방,2026-05-01,52989131,85817782.0,-38.25390290324678,5.5681592603580965,0.052989131
승용차,8703,RU,러시아 연방,2026-06-01,61134484,84713883.0,-27.8341614915704,15.371742933470633,0.061134484
승용차,8703,RU,러시아 연방,2026-07-01,50125155,108430939.0,-53.77227619508118,-18.008378053865638,0.050125155
승용차,8703,LB,레바논,2025-01-01,126610,,,,0.00012661
승용차,8703,LB,레바논,2025-02-01,1794317,,,1317.2000631861624,0.001794317
승용차,8703,LB,레바논,2025-03-01,70438,,,-96.0743837348696,7.0438e-05
승용차,8703,LB,레바논,2025-04-01,582277,,,726.651807263125,0.000582277
승용차,8703,LB,레바논,2025-05-01,455570,,,-21.76060534762665,0.00045557
승용차,8703,LB,레바논,2025-06-01,2059895,,,352.1577364620146,0.002059895
승용차,8703,LB,레바논,2025-07-01,263963,,,-87.18560897521476,0.000263963
승용차,8703,LB,레바논,2025-08-01,130602,,,-50.52261112352867,0.000130602
승용차,8703,LB,레바논,2025-09-01,1504459,,,1051.9417773081577,0.001504459
승용차,8703,LB,레바논,2025-11-01,290442,,,-80.6945885530945,0.000290442
승용차,8703,LB,레바논,2025-12-01,271251,,,-6.607515441981526,0.000271251
승용차,8703,LB,레바논,2026-01-01,212357,,,-21.711993688502528,0.000212357
승용차,8703,LB,레바논,2026-02-01,807781,126610.0,538.0072664086565,280.3882141864878,0.000807781
승용차,8703,LB,레바논,2026-03-01,1566999,1794317.0,-12.668775918636454,93.98809825930543,0.001566999
승용차,8703,LB,레바논,2026-04-01,481798,70438.0,584.0029529515318,-69.25345836213042,0.000481798
승용차,8703,LB,레바논,2026-05-01,122504,582277.0,-78.96121605352779,-74.57357647810909,0.000122504
승용차,8703,LB,레바논,2026-06-01,68518,455570.0,-84.95994029457603,-44.068765101547704,6.8518e-05
승용차,8703,LB,레바논,2026-07-01,377558,2059895.0,-81.67100750280962,451.0347645874077,0.000377558
승용차,8703,RO,루마니아,2025-01-01,7413190,,,,0.00741319
승용차,8703,RO,루마니아,2025-02-01,8584916,,,15.805962075705594,0.008584916
승용차,8703,RO,루마니아,2025-03-01,10430139,,,21.493780486611634,0.010430139
승용차,8703,RO,루마니아,2025-04-01,17914617,,,71.75818078742766,0.017914617
승용차,8703,RO,루마니아,2025-05-01,13580584,,,-24.192719274992037,0.013580584
승용차,8703,RO,루마니아,2025-06-01,6779222,,,-50.08151343123388,0.006779222
승용차,8703,RO,루마니아,2025-07-01,6950057,,,2.5199794312680712,0.006950057
승용차,8703,RO,루마니아,2025-08-01,6495891,,,-6.534708995911831,0.006495891
승용차,8703,RO,루마니아,2025-09-01,7703937,,,18.597079292124818,0.007703937
승용차,8703,RO,루마니아,2025-10-01,4073985,,,-47.118142321257295,0.004073985
승용차,8703,RO,루마니아,2025-11-01,5131417,,,25.955716577257903,0.005131417
승용차,8703,RO,루마니아,2025-12-01,3164521,,,-38.33046505477922,0.003164521
승용차,8703,RO,루마니아,2026-01-01,7650457,7413190.0,3.200605946967494,141.75718852869045,0.007650457
승용차,8703,RO,루마니아,2026-02-01,7010215,8584916.0,-18.342648897205283,-8.368676537885255,0.007010215
승용차,8703,RO,루마니아,2026-03-01,4942746,10430139.0,-52.61092877093968,-29.49223383305648,0.004942746
승용차,8703,RO,루마니아,2026-04-01,3928041,17914617.0,-78.07354184574528,-20.529175482616346,0.003928041
승용차,8703,RO,루마니아,2026-05-01,4264149,13580584.0,-68.60113674051131,8.556631664486192,0.004264149
승용차,8703,RO,루마니아,2026-06-01,4314007,6779222.0,-36.36427601869359,1.1692368160681088,0.004314007
승용차,8703,RO,루마니아,2026-07-01,5900424,6950057.0,-15.102509231219251,36.7736306408404,0.005900424
승용차,8703,LU,룩셈부르그,2026-04-01,55987,,,,5.5987e-05
승용차,8703,RW,르완다,2025-01-01,1156126,,,,0.001156126
승용차,8703,RW,르완다,2025-02-01,1475172,,,27.596127065735043,0.001475172
승용차,8703,RW,르완다,2025-03-01,1605859,,,8.859102531772557,0.001605859
승용차,8703,RW,르완다,2025-04-01,1984437,,,23.574797040088825,0.001984437
승용차,8703,RW,르완다,2025-05-01,1574975,,,-20.633660831762356,0.001574975
승용차,8703,RW,르완다,2025-06-01,1144983,,,-27.30151272242417,0.001144983
승용차,8703,RW,르완다,2025-07-01,1340529,,,17.07850684245966,0.001340529
승용차,8703,RW,르완다,2025-08-01,1448085,,,8.023399717574176,0.001448085
승용차,8703,RW,르완다,2025-09-01,1626199,,,12.29996857919251,0.001626199
승용차,8703,RW,르완다,2025-10-01,1351603,,,-16.885756294278863,0.001351603
승용차,8703,RW,르완다,2025-11-01,1028113,,,-23.933803047196555,0.001028113
승용차,8703,RW,르완다,2025-12-01,1298531,,,26.302361705376743,0.001298531
승용차,8703,RW,르완다,2026-01-01,919040,1156126.0,-20.506934365285446,-29.22463922694183,0.00091904
승용차,8703,RW,르완다,2026-02-01,776288,1475172.0,-47.37644152681857,-15.532729805013922,0.000776288
승용차,8703,RW,르완다,2026-03-01,1207655,1605859.0,-24.796946680872978,55.56790778680079,0.001207655
승용차,8703,RW,르완다,2026-04-01,1004516,1984437.0,-49.38030282644398,-16.82094637955376,0.001004516
승용차,8703,RW,르완다,2026-05-01,605606,1574975.0,-61.548215051032564,-39.711662133803735,0.000605606
승용차,8703,RW,르완다,2026-06-01,927780,1144983.0,-18.9699759734424,53.19861428057187,0.00092778
승용차,8703,RW,르완다,2026-07-01,657094,1340529.0,-50.982485272605075,-29.175666645109832,0.000657094
승용차,8703,LY,리비아,2025-01-01,18781193,,,,0.018781193
승용차,8703,LY,리비아,2025-02-01,25314279,,,34.785255654419835,0.025314279
승용차,8703,LY,리비아,2025-03-01,22457033,,,-11.287092158540247,0.022457033
승용차,8703,LY,리비아,2025-04-01,21144926,,,-5.842744230727181,0.021144926
승용차,8703,LY,리비아,2025-05-01,20760903,,,-1.8161472875336648,0.020760903
승용차,8703,LY,리비아,2025-06-01,14462048,,,-30.33998569330053,0.014462048
승용차,8703,LY,리비아,2025-07-01,16787738,,,16.08133232582274,0.016787738
승용차,8703,LY,리비아,2025-08-01,18329241,,,9.182315092122595,0.018329241
승용차,8703,LY,리비아,2025-09-01,24637713,,,34.41752989117226,0.024637713
승용차,8703,LY,리비아,2025-10-01,20187683,,,-18.061863128286294,0.020187683
승용차,8703,LY,리비아,2025-11-01,20341222,,,0.7605578114140199,0.020341222
승용차,8703,LY,리비아,2025-12-01,17534114,,,-13.800095195854013,0.017534114
승용차,8703,LY,리비아,2026-01-01,13500372,18781193.0,-28.11760147505007,-23.005108783939697,0.013500372
승용차,8703,LY,리비아,2026-02-01,11698650,25314279.0,-53.78635907426003,-13.345721140128585,0.01169865
승용차,8703,LY,리비아,2026-03-01,10849426,22457033.0,-51.68807028070004,-7.2591623819842415,0.010849426
승용차,8703,LY,리비아,2026-04-01,18837478,21144926.0,-10.912537598854687,73.62649415738676,0.018837478
승용차,8703,LY,리비아,2026-05-01,15989927,20760903.0,-22.980580372636005,-15.116413141929087,0.015989927
승용차,8703,LY,리비아,2026-06-01,21708353,14462048.0,50.10566276643529,35.7626773405532,0.021708353
승용차,8703,LY,리비아,2026-07-01,22554417,16787738.0,34.35054204443744,3.8974122081025575,0.022554417
승용차,8703,LT,리투아니아,2025-01-01,219819,,,,0.000219819
승용차,8703,LT,리투아니아,2025-02-01,458392,,,108.53156460542537,0.000458392
승용차,8703,LT,리투아니아,2025-03-01,318589,,,-30.498568910452185,0.000318589
승용차,8703,LT,리투아니아,2025-04-01,323891,,,1.6642131398133753,0.000323891
승용차,8703,LT,리투아니아,2025-05-01,222733,,,-31.232112037691696,0.000222733
승용차,8703,LT,리투아니아,2025-06-01,208904,,,-6.208779121189945,0.000208904
승용차,8703,LT,리투아니아,2025-07-01,231347,,,10.7432121931605,0.000231347
승용차,8703,LT,리투아니아,2025-08-01,273610,,,18.26822911038397,0.00027361
승용차,8703,LT,리투아니아,2025-09-01,456006,,,66.66276817367786,0.000456006
승용차,8703,LT,리투아니아,2025-10-01,141181,,,-69.03966175883652,0.000141181
승용차,8703,LT,리투아니아,2025-11-01,274260,,,94.26126745100261,0.00027426
승용차,8703,LT,리투아니아,2025-12-01,402363,,,46.70859768103259,0.000402363
승용차,8703,LT,리투아니아,2026-01-01,480993,219819.0,118.81320540990541,19.542055308266427,0.000480993
승용차,8703,LT,리투아니아,2026-02-01,326356,458392.0,-28.80416761200021,-32.1495323216762,0.000326356
승용차,8703,LT,리투아니아,2026-03-01,558679,318589.0,75.36041734020948,71.18698599075857,0.000558679
승용차,8703,LT,리투아니아,2026-04-01,523423,323891.0,61.604675647054094,-6.310600541634825,0.000523423
승용차,8703,LT,리투아니아,2026-05-01,652570,222733.0,192.98307839431067,24.673543195465243,0.00065257
승용차,8703,LT,리투아니아,2026-06-01,664766,208904.0,218.21602267070043,1.868918276966447,0.000664766
승용차,8703,LT,리투아니아,2026-07-01,643444,231347.0,178.1293900504437,-3.2074444240529743,0.000643444
승용차,8703,MG,마다카스카르,2025-01-01,631257,,,,0.000631257
승용차,8703,MG,마다카스카르,2025-02-01,960472,,,52.15229296467208,0.000960472
승용차,8703,MG,마다카스카르,2025-03-01,958045,,,-0.2526882616047055,0.000958045
승용차,8703,MG,마다카스카르,2025-04-01,1367995,,,42.790265592952316,0.001367995
승용차,8703,MG,마다카스카르,2025-05-01,1132355,,,-17.225209156466214,0.001132355
승용차,8703,MG,마다카스카르,2025-06-01,1130169,,,-0.19304899965116862,0.001130169
승용차,8703,MG,마다카스카르,2025-07-01,1896679,,,67.82259998283442,0.001896679
승용차,8703,MG,마다카스카르,2025-08-01,2117455,,,11.640135204744716,0.002117455
승용차,8703,MG,마다카스카르,2025-09-01,1999505,,,-5.570366312389163,0.001999505
승용차,8703,MG,마다카스카르,2025-10-01,1180869,,,-40.94193312844929,0.001180869
승용차,8703,MG,마다카스카르,2025-11-01,2200902,,,86.37986093292314,0.002200902
승용차,8703,MG,마다카스카르,2025-12-01,1123615,,,-48.947522424896704,0.001123615
승용차,8703,MG,마다카스카르,2026-01-01,1929139,631257.0,205.60278935520716,71.69039217169582,0.001929139
승용차,8703,MG,마다카스카르,2026-02-01,1375380,960472.0,43.19834414746082,-28.70498185978304,0.00137538
승용차,8703,MG,마다카스카르,2026-03-01,1768406,958045.0,84.58485770501385,28.575811775654735,0.001768406
승용차,8703,MG,마다카스카르,2026-04-01,2299349,1367995.0,68.0816815850935,30.023818059879925,0.002299349
승용차,8703,MG,마다카스카르,2026-05-01,2426117,1132355.0,114.2540987587815,5.5132126527986935,0.002426117
승용차,8703,MG,마다카스카르,2026-06-01,2519841,1130169.0,122.96143320158315,3.8631277881487236,0.002519841
승용차,8703,MG,마다카스카르,2026-07-01,2895040,1896679.0,52.63732028456054,14.889788681111238,0.00289504
승용차,8703,MH,마샬군도,2025-01-01,102810,,,,0.00010281
승용차,8703,MH,마샬군도,2025-02-01,127616,,,24.128003112537687,0.000127616
승용차,8703,MH,마샬군도,2025-03-01,194694,,,52.56237462387161,0.000194694
승용차,8703,MH,마샬군도,2025-04-01,259256,,,33.160754825521074,0.000259256
승용차,8703,MH,마샬군도,2025-05-01,309226,,,19.274385163699193,0.000309226
승용차,8703,MH,마샬군도,2025-06-01,198501,,,-35.80714428929004,0.000198501
승용차,8703,MH,마샬군도,2025-07-01,112967,,,-43.08995924453781,0.000112967
승용차,8703,MH,마샬군도,2025-08-01,89880,,,-20.436941761753435,8.988e-05
승용차,8703,MH,마샬군도,2025-09-01,232522,,,158.70271473075212,0.000232522
승용차,8703,MH,마샬군도,2025-10-01,106690,,,-54.11616965276404,0.00010669
승용차,8703,MH,마샬군도,2025-11-01,68198,,,-36.07835785921829,6.8198e-05
승용차,8703,MH,마샬군도,2025-12-01,165817,,,143.14056130678318,0.000165817
승용차,8703,MH,마샬군도,2026-01-01,38000,102810.0,-63.038614920727554,-77.08317000066339,3.8e-05
승용차,8703,MH,마샬군도,2026-02-01,134440,127616.0,5.347291875626881,253.78947368421052,0.00013444
승용차,8703,MH,마샬군도,2026-03-01,81740,194694.0,-58.016168962577176,-39.19964296340375,8.174e-05
승용차,8703,MH,마샬군도,2026-04-01,121064,259256.0,-53.30329867004042,48.108637142158074,0.000121064
승용차,8703,MH,마샬군도,2026-05-01,103202,309226.0,-66.62570417752711,-14.754179607480344,0.000103202
승용차,8703,MH,마샬군도,2026-06-01,193923,198501.0,-2.306285610651837,87.90624212709055,0.000193923
승용차,8703,MH,마샬군도,2026-07-01,302487,112967.0,167.7658077137571,55.98304481675718,0.000302487
승용차,8703,MK,마세도니아,2025-02-01,42794,,,,4.2794e-05
승용차,8703,MK,마세도니아,2025-03-01,76357,,,78.42921904939945,7.6357e-05
승용차,8703,MK,마세도니아,2025-04-01,184840,,,142.0734182851605,0.00018484
승용차,8703,MK,마세도니아,2025-05-01,85888,,,-53.533867128327195,8.5888e-05
승용차,8703,MK,마세도니아,2025-06-01,919473,,,970.5488543219076,0.000919473
승용차,8703,MK,마세도니아,2025-07-01,7669,,,-99.16593526944239,7.669e-06
승용차,8703,MK,마세도니아,2025-08-01,246616,,,3115.751727735037,0.000246616
승용차,8703,MK,마세도니아,2025-09-01,374536,,,51.870113861225555,0.000374536
승용차,8703,MK,마세도니아,2025-10-01,312481,,,-16.568500758271565,0.000312481
승용차,8703,MK,마세도니아,2025-12-01,476375,,,52.449268915550064,0.000476375
승용차,8703,MK,마세도니아,2026-01-01,285085,,,-40.15533980582524,0.000285085
승용차,8703,MK,마세도니아,2026-02-01,24078,,,-91.55409790062613,2.4078e-05
승용차,8703,MK,마세도니아,2026-03-01,34069,42794.0,-20.388372201710524,41.49431015865106,3.4069e-05
승용차,8703,MK,마세도니아,2026-04-01,31482,76357.0,-58.769988344225155,-7.59341336699052,3.1482e-05
승용차,8703,MK,마세도니아,2026-05-01,88578,184840.0,-52.07855442544904,181.3607775871927,8.8578e-05
승용차,8703,MK,마세도니아,2026-06-01,198902,85888.0,131.5829918032787,124.55011402379826,0.000198902
승용차,8703,MK,마세도니아,2026-07-01,78523,919473.0,-91.45999936920389,-60.52176448703381,7.8523e-05
승용차,8703,FM,마이크로네시아,2025-02-01,38388,,,,3.8388e-05
승용차,8703,FM,마이크로네시아,2025-03-01,6205,,,-83.83609461289987,6.205e-06
승용차,8703,FM,마이크로네시아,2025-04-01,22414,,,261.22481869460114,2.2414e-05
승용차,8703,FM,마이크로네시아,2025-05-01,41266,,,84.10814669403051,4.1266e-05
승용차,8703,FM,마이크로네시아,2025-06-01,27452,,,-33.47550041196142,2.7452e-05
승용차,8703,FM,마이크로네시아,2025-07-01,16537,,,-39.76030890281218,1.6537e-05
승용차,8703,FM,마이크로네시아,2025-08-01,23811,,,43.98621273507892,2.3811e-05
승용차,8703,FM,마이크로네시아,2025-09-01,24393,,,2.444248456595699,2.4393e-05
승용차,8703,FM,마이크로네시아,2025-10-01,2687,,,-88.98454474644365,2.687e-06
승용차,8703,FM,마이크로네시아,2025-11-01,24205,,,800.8187569780425,2.4205e-05
승용차,8703,FM,마이크로네시아,2025-12-01,37817,,,56.23631481098948,3.7817e-05
승용차,8703,FM,마이크로네시아,2026-01-01,22921,,,-39.389692466351114,2.2921e-05
승용차,8703,FM,마이크로네시아,2026-02-01,18497,38388.0,-51.81567156403042,-19.30107761441473,1.8497e-05
승용차,8703,FM,마이크로네시아,2026-03-01,27031,6205.0,335.63255439161964,46.13721143969292,2.7031e-05
승용차,8703,FM,마이크로네시아,2026-04-01,43223,22414.0,92.83929686802892,59.90159446561356,4.3223e-05
승용차,8703,FM,마이크로네시아,2026-05-01,35203,41266.0,-14.692482915717541,-18.55493602942878,3.5203e-05
승용차,8703,FM,마이크로네시아,2026-06-01,62595,27452.0,128.01617368497742,77.8115501519757,6.2595e-05
승용차,8703,FM,마이크로네시아,2026-07-01,5685,16537.0,-65.62254338755518,-90.91780493649652,5.685e-06
승용차,8703,MO,마카오,2025-01-01,132428,,,,0.000132428
승용차,8703,MO,마카오,2025-02-01,110418,,,-16.62035219137946,0.000110418
승용차,8703,MO,마카오,2025-04-01,389500,,,252.7504573529678,0.0003895
승용차,8703,MO,마카오,2025-07-01,95651,,,-75.4426187419769,9.5651e-05
승용차,8703,MO,마카오,2025-08-01,24929,,,-73.93754377894638,2.4929e-05
승용차,8703,MO,마카오,2025-10-01,22067,,,-11.48060491796703,2.2067e-05
승용차,8703,MO,마카오,2025-12-01,42170,,,91.09983232881677,4.217e-05
승용차,8703,MO,마카오,2026-01-01,37641,,,-10.7398624614655,3.7641e-05
승용차,8703,MO,마카오,2026-02-01,33341,,,-11.42371350389203,3.3341e-05
승용차,8703,MO,마카오,2026-03-01,167427,,,402.1655019345551,0.000167427
승용차,8703,MQ,마티니크,2025-01-01,1318417,,,,0.001318417
승용차,8703,MQ,마티니크,2025-02-01,751015,,,-43.036611330102694,0.000751015
승용차,8703,MQ,마티니크,2025-03-01,374692,,,-50.10858637976605,0.000374692
승용차,8703,MQ,마티니크,2025-04-01,393920,,,5.131681487728579,0.00039392
승용차,8703,MQ,마티니크,2025-05-01,893104,,,126.72217709179527,0.000893104
승용차,8703,MQ,마티니크,2025-06-01,361685,,,-59.50247675522671,0.000361685
승용차,8703,MQ,마티니크,2025-07-01,221692,,,-38.70577989134192,0.000221692
승용차,8703,MQ,마티니크,2025-08-01,110909,,,-49.97158219511755,0.000110909
승용차,8703,MQ,마티니크,2025-09-01,2238706,,,1918.5070643500528,0.002238706
승용차,8703,MQ,마티니크,2025-10-01,2514271,,,12.309119643222477,0.002514271
승용차,8703,MQ,마티니크,2025-11-01,1168255,,,-53.535040574385185,0.001168255
승용차,8703,MQ,마티니크,2025-12-01,1622038,,,38.8428040111106,0.001622038
승용차,8703,MQ,마티니크,2026-01-01,17769,1318417.0,-98.65224735421343,-98.90452628113522,1.7769e-05
승용차,8703,MQ,마티니크,2026-02-01,290888,751015.0,-61.26735151761282,1537.053295064438,0.000290888
승용차,8703,MQ,마티니크,2026-03-01,241052,374692.0,-35.66662752340589,-17.13236709661451,0.000241052
승용차,8703,MQ,마티니크,2026-04-01,530264,393920.0,34.61210398050365,119.97909164827507,0.000530264
승용차,8703,MQ,마티니크,2026-05-01,983068,893104.0,10.073182966373452,85.39218200745289,0.000983068
승용차,8703,MQ,마티니크,2026-06-01,1045291,361685.0,189.00590292657978,6.329470596133735,0.001045291
승용차,8703,MQ,마티니크,2026-07-01,4429164,221692.0,1897.8907673709473,323.72545061614414,0.004429164
승용차,8703,MW,말라위,2025-09-01,66528,,,,6.6528e-05
승용차,8703,MY,말레이시아,2025-02-01,0,,,,0.0
승용차,8703,MY,말레이시아,2025-03-01,8000,,,inf,8e-06
승용차,8703,MY,말레이시아,2025-04-01,215439,,,2592.9874999999997,0.000215439
승용차,8703,MY,말레이시아,2025-05-01,5473665,,,2440.702936794174,0.005473665
승용차,8703,MY,말레이시아,2025-07-01,4013783,,,-26.671014758849875,0.004013783
승용차,8703,MY,말레이시아,2025-08-01,6024161,,,50.08686319115907,0.006024161
승용차,8703,MY,말레이시아,2025-09-01,647068,,,-89.25878641025696,0.000647068
승용차,8703,MY,말레이시아,2025-10-01,715151,,,10.521768964003787,0.000715151
승용차,8703,MY,말레이시아,2026-02-01,8000,,,-98.88135512639988,8e-06
승용차,8703,MY,말레이시아,2026-03-01,0,,,-100.0,0.0
승용차,8703,MY,말레이시아,2026-04-01,53217,,,inf,5.3217e-05
승용차,8703,ML,말리,2025-02-01,25530,,,,2.553e-05
승용차,8703,ML,말리,2025-03-01,17463,,,-31.598119858989428,1.7463e-05
승용차,8703,ML,말리,2025-04-01,5329,,,-69.48405199564795,5.329e-06
승용차,8703,ML,말리,2025-06-01,360318,,,6661.456183148809,0.000360318
승용차,8703,ML,말리,2025-09-01,194943,,,-45.89695768737615,0.000194943
승용차,8703,ML,말리,2025-10-01,1448,,,-99.25721877677066,1.448e-06
승용차,8703,ML,말리,2025-12-01,5822,,,302.07182320441984,5.822e-06
승용차,8703,ML,말리,2026-02-01,3470,,,-40.398488491927175,3.47e-06
승용차,8703,ML,말리,2026-03-01,804,,,-76.82997118155619,8.04e-07
승용차,8703,ML,말리,2026-04-01,2028,,,152.23880597014926,2.028e-06
승용차,8703,ML,말리,2026-06-01,1319,,,-34.96055226824457,1.319e-06
승용차,8703,ML,말리,2026-07-01,11776,,,792.7975739196361,1.1776e-05
승용차,8703,YT,메요트,2025-01-01,89413,,,,8.9413e-05
승용차,8703,YT,메요트,2025-05-01,504997,,,464.79147327569814,0.000504997
승용차,8703,YT,메요트,2025-06-01,383519,,,-24.055192407083602,0.000383519
승용차,8703,YT,메요트,2025-07-01,877223,,,128.72999773153353,0.000877223
승용차,8703,YT,메요트,2025-08-01,442251,,,-49.585111197494825,0.000442251
승용차,8703,YT,메요트,2025-12-01,204459,,,-53.768561292116914,0.000204459
승용차,8703,YT,메요트,2026-01-01,344722,,,68.60201800850048,0.000344722
승용차,8703,YT,메요트,2026-02-01,25831,,,-92.50671555630335,2.5831e-05
승용차,8703,YT,메요트,2026-03-01,93425,,,261.67782896519685,9.3425e-05
승용차,8703,YT,메요트,2026-05-01,38654,,,-58.62563553652662,3.8654e-05
승용차,8703,YT,메요트,2026-06-01,659704,,,1606.6901226263776,0.000659704
승용차,8703,YT,메요트,2026-07-01,36360,,,-94.4884372385191,3.636e-05
승용차,8703,MX,멕시코,2025-01-01,32692165,,,,0.032692165
승용차,8703,MX,멕시코,2025-02-01,34415405,,,5.271110065668649,0.034415405
승용차,8703,MX,멕시코,2025-03-01,41364028,,,20.190443785275814,0.041364028
승용차,8703,MX,멕시코,2025-04-01,18530973,,,-55.20026966425997,0.018530973
승용차,8703,MX,멕시코,2025-05-01,76952854,,,315.26612768795246,0.076952854
승용차,8703,MX,멕시코,2025-06-01,29124902,,,-62.152278328754385,0.029124902
승용차,8703,MX,멕시코,2025-07-01,42497862,,,45.91589698739587,0.042497862
승용차,8703,MX,멕시코,2025-08-01,32922225,,,-22.532044082594084,0.032922225
승용차,8703,MX,멕시코,2025-09-01,64190145,,,94.97511179757747,0.064190145
승용차,8703,MX,멕시코,2025-10-01,84522247,,,31.674803040248634,0.084522247
승용차,8703,MX,멕시코,2025-11-01,80952844,,,-4.223033729806069,0.080952844
승용차,8703,MX,멕시코,2025-12-01,20318309,,,-74.90105597772452,0.020318309
승용차,8703,MX,멕시코,2026-01-01,56359127,32692165.0,72.3933762110891,177.3809916957164,0.056359127
승용차,8703,MX,멕시코,2026-02-01,56178027,34415405.0,63.235118110625166,-0.3213321597405172,0.056178027
승용차,8703,MX,멕시코,2026-03-01,53321282,41364028.0,28.90737333414435,-5.085164347263394,0.053321282
승용차,8703,MX,멕시코,2026-04-01,39239311,18530973.0,111.74986871979145,-26.409663218525015,0.039239311
승용차,8703,MX,멕시코,2026-05-01,67115462,76952854.0,-12.783661019252124,71.04138755137672,0.067115462
승용차,8703,MX,멕시코,2026-06-01,23953504,29124902.0,-17.755932706657696,-64.31000653768874,0.023953504
승용차,8703,MX,멕시코,2026-07-01,56450012,42497862.0,32.83023978947459,135.66494488656025,0.056450012
승용차,8703,MA,모로코,2025-01-01,2134591,,,,0.002134591
승용차,8703,MA,모로코,2025-02-01,4426920,,,107.38961234259867,0.00442692
승용차,8703,MA,모로코,2025-03-01,6238028,,,40.91124303127231,0.006238028
승용차,8703,MA,모로코,2025-04-01,6120487,,,-1.884265347959324,0.006120487
승용차,8703,MA,모로코,2025-05-01,4394631,,,-28.198017576052358,0.004394631
승용차,8703,MA,모로코,2025-06-01,3614605,,,-17.749522087292423,0.003614605
승용차,8703,MA,모로코,2025-07-01,9972181,,,175.88577451754753,0.009972181
승용차,8703,MA,모로코,2025-08-01,5794867,,,-41.88967288098762,0.005794867
승용차,8703,MA,모로코,2025-09-01,5994598,,,3.4466882501358542,0.005994598
승용차,8703,MA,모로코,2025-10-01,7101498,,,18.464957950474737,0.007101498
승용차,8703,MA,모로코,2025-11-01,6370366,,,-10.295461605424661,0.006370366
승용차,8703,MA,모로코,2025-12-01,8019186,,,25.882657291590473,0.008019186
승용차,8703,MA,모로코,2026-01-01,6545576,2134591.0,206.64309931035967,-18.376054626990822,0.006545576
승용차,8703,MA,모로코,2026-02-01,4170459,4426920.0,-5.793215147325903,-36.285836418368675,0.004170459
승용차,8703,MA,모로코,2026-03-01,6535214,6238028.0,4.764101732149961,56.702511642003905,0.006535214
승용차,8703,MA,모로코,2026-04-01,4464256,6120487.0,-27.06044469990705,-31.68921476787141,0.004464256
승용차,8703,MA,모로코,2026-05-01,3785193,4394631.0,-13.86778548642651,-15.211112445164432,0.003785193
승용차,8703,MA,모로코,2026-06-01,3214469,3614605.0,-11.069978600704644,-15.077804487115976,0.003214469
승용차,8703,MA,모로코,2026-07-01,2573591,9972181.0,-74.19229554698215,-19.93728979809729,0.002573591
승용차,8703,MU,모리셔스,2025-01-01,1276396,,,,0.001276396
승용차,8703,MU,모리셔스,2025-02-01,1766731,,,38.415585758651694,0.001766731
승용차,8703,MU,모리셔스,2025-03-01,1739175,,,-1.5597167876716944,0.001739175
승용차,8703,MU,모리셔스,2025-04-01,1491261,,,-14.254689723575831,0.001491261
승용차,8703,MU,모리셔스,2025-05-01,550324,,,-63.09673491092438,0.000550324
승용차,8703,MU,모리셔스,2025-06-01,1900364,,,245.31730398819604,0.001900364
승용차,8703,MU,모리셔스,2025-07-01,364940,,,-80.79631060154792,0.00036494
승용차,8703,MU,모리셔스,2025-08-01,373765,,,2.4182057324491746,0.000373765
승용차,8703,MU,모리셔스,2025-09-01,554927,,,48.469492863162685,0.000554927
승용차,8703,MU,모리셔스,2025-10-01,661550,,,19.213878582227938,0.00066155
승용차,8703,MU,모리셔스,2025-11-01,722957,,,9.28229158793743,0.000722957
승용차,8703,MU,모리셔스,2025-12-01,1089427,,,50.69042833806161,0.001089427
승용차,8703,MU,모리셔스,2026-01-01,175522,1276396.0,-86.24862503486379,-83.88859464654355,0.000175522
승용차,8703,MU,모리셔스,2026-02-01,115590,1766731.0,-93.45740806042346,-34.14500746345187,0.00011559
승용차,8703,MU,모리셔스,2026-03-01,244630,1739175.0,-85.93413543777942,111.63595466735879,0.00024463
승용차,8703,MU,모리셔스,2026-04-01,499160,1491261.0,-66.52765679515524,104.04692801373501,0.00049916
승용차,8703,MU,모리셔스,2026-05-01,561166,550324.0,1.970112152114023,12.42206907604777,0.000561166
승용차,8703,MU,모리셔스,2026-07-01,147177,1900364.0,-92.25532582178994,-73.77300121532666,0.000147177
승용차,8703,MR,모리타니,2025-01-01,138297,,,,0.000138297
승용차,8703,MR,모리타니,2025-02-01,34421,,,-75.11081223743103,3.4421e-05
승용차,8703,MR,모리타니,2025-03-01,39559,,,14.926934139043023,3.9559e-05
승용차,8703,MR,모리타니,2025-04-01,67323,,,70.18377613185369,6.7323e-05
승용차,8703,MR,모리타니,2025-05-01,47037,,,-30.132347043358145,4.7037e-05
승용차,8703,MR,모리타니,2025-06-01,198158,,,321.2811191189914,0.000198158
승용차,8703,MR,모리타니,2025-07-01,80351,,,-59.45104411631122,8.0351e-05
승용차,8703,MR,모리타니,2025-08-01,32291,,,-59.812572338863234,3.2291e-05
승용차,8703,MR,모리타니,2025-09-01,161333,,,399.62218574835094,0.000161333
승용차,8703,MR,모리타니,2025-10-01,64467,,,-60.04103314263046,6.4467e-05
승용차,8703,MR,모리타니,2025-11-01,104281,,,61.758729272340894,0.000104281
승용차,8703,MR,모리타니,2025-12-01,135810,,,30.23465444328306,0.00013581
승용차,8703,MR,모리타니,2026-01-01,153314,138297.0,10.858514646015461,12.888594359767325,0.000153314
승용차,8703,MR,모리타니,2026-02-01,96712,34421.0,180.96801371255918,-36.91900283079171,9.6712e-05
승용차,8703,MR,모리타니,2026-03-01,122842,39559.0,210.52857756768373,27.01836380180329,0.000122842
승용차,8703,MR,모리타니,2026-04-01,108463,67323.0,61.10838792091855,-11.705279953110503,0.000108463
승용차,8703,MR,모리타니,2026-05-01,170015,47037.0,261.4494972043285,56.749306215022635,0.000170015
승용차,8703,MR,모리타니,2026-06-01,395012,198158.0,99.34193926059002,132.33949945593037,0.000395012
승용차,8703,MR,모리타니,2026-07-01,245244,80351.0,205.21586539059876,-37.914797525138475,0.000245244
승용차,8703,MZ,모잠비크,2025-01-01,58795,,,,5.8795e-05
승용차,8703,MZ,모잠비크,2025-02-01,462542,,,686.7029509312016,0.000462542
승용차,8703,MZ,모잠비크,2025-04-01,100260,,,-78.32413056544054,0.00010026
승용차,8703,MZ,모잠비크,2025-05-01,258638,,,157.96728505884698,0.000258638
승용차,8703,MZ,모잠비크,2025-06-01,5335691,,,1962.9957701497847,0.005335691
승용차,8703,MZ,모잠비크,2025-08-01,54198,,,-98.98423653093855,5.4198e-05
승용차,8703,MZ,모잠비크,2025-09-01,465350,,,758.6110188567843,0.00046535
승용차,8703,MZ,모잠비크,2025-10-01,63848,,,-86.2795745138068,6.3848e-05
승용차,8703,MZ,모잠비크,2025-11-01,200214,,,213.57912542287934,0.000200214
승용차,8703,MZ,모잠비크,2025-12-01,148697,,,-25.730967864385114,0.000148697
승용차,8703,MZ,모잠비크,2026-01-01,506830,,,240.8474952420022,0.00050683
승용차,8703,MZ,모잠비크,2026-03-01,148780,,,-70.64498944419233,0.00014878
승용차,8703,MZ,모잠비크,2026-06-01,141856,58795.0,141.27221702525725,-4.653851324102698,0.000141856
승용차,8703,ME,몬테네그로,2025-01-01,381205,,,,0.000381205
승용차,8703,ME,몬테네그로,2025-02-01,594824,,,56.03782741569496,0.000594824
승용차,8703,ME,몬테네그로,2025-03-01,816657,,,37.2938886124299,0.000816657
승용차,8703,ME,몬테네그로,2025-04-01,1473979,,,80.4893608944759,0.001473979
승용차,8703,ME,몬테네그로,2025-05-01,728457,,,-50.57887527569931,0.000728457
승용차,8703,ME,몬테네그로,2025-08-01,258347,,,-64.535037757891,0.000258347
승용차,8703,ME,몬테네그로,2025-11-01,3076,,,-98.80935331163126,3.076e-06
승용차,8703,ME,몬테네그로,2025-12-01,17197,,,459.0702210663199,1.7197e-05
승용차,8703,ME,몬테네그로,2026-01-01,288419,,,1577.1471768331687,0.000288419
승용차,8703,ME,몬테네그로,2026-03-01,27143,,,-90.58903886359775,2.7143e-05
승용차,8703,ME,몬테네그로,2026-05-01,145070,,,434.46560807574696,0.00014507
승용차,8703,ME,몬테네그로,2026-06-01,320441,,,120.88715792376092,0.000320441
승용차,8703,ME,몬테네그로,2026-07-01,11061,381205.0,-97.09841161579727,-96.54819451942791,1.1061e-05
승용차,8703,MD,몰도바,2025-01-01,947889,,,,0.000947889
승용차,8703,MD,몰도바,2025-02-01,1674030,,,76.6061216028459,0.00167403
승용차,8703,MD,몰도바,2025-03-01,1869261,,,11.662335800433677,0.001869261
승용차,8703,MD,몰도바,2025-04-01,1486616,,,-20.47038910029151,0.001486616
승용차,8703,MD,몰도바,2025-05-01,1084328,,,-27.060653188180407,0.001084328
승용차,8703,MD,몰도바,2025-06-01,2270372,,,109.38055643679773,0.002270372
승용차,8703,MD,몰도바,2025-07-01,1093909,,,-51.81807210448333,0.001093909
승용차,8703,MD,몰도바,2025-08-01,1731838,,,58.31645959581646,0.001731838
승용차,8703,MD,몰도바,2025-09-01,2521277,,,45.58388255714449,0.002521277
승용차,8703,MD,몰도바,2025-10-01,2771363,,,9.919021194418542,0.002771363
승용차,8703,MD,몰도바,2025-11-01,1730583,,,-37.55480606474143,0.001730583
승용차,8703,MD,몰도바,2025-12-01,1682408,,,-2.7837439752961823,0.001682408
승용차,8703,MD,몰도바,2026-01-01,2890048,947889.0,204.8930834728539,71.78044802449821,0.002890048
승용차,8703,MD,몰도바,2026-02-01,1923900,1674030.0,14.926255801867349,-33.43017140199748,0.0019239
승용차,8703,MD,몰도바,2026-03-01,2871948,1869261.0,53.640823833589856,49.27740527054421,0.002871948
승용차,8703,MD,몰도바,2026-04-01,1685378,1486616.0,13.370096918101249,-41.3158594793499,0.001685378
승용차,8703,MD,몰도바,2026-05-01,2375494,1084328.0,119.07522447082432,40.947253375800564,0.002375494
승용차,8703,MD,몰도바,2026-06-01,2742785,2270372.0,20.80773547242478,15.46166818354413,0.002742785
승용차,8703,MD,몰도바,2026-07-01,3465533,1093909.0,216.80267737078677,26.350880583057013,0.003465533
승용차,8703,MV,몰디브,2026-07-01,96019,,,,9.6019e-05
승용차,8703,MT,몰타,2025-01-01,764040,,,,0.00076404
승용차,8703,MT,몰타,2025-02-01,473143,,,-38.07353018166588,0.000473143
승용차,8703,MT,몰타,2025-03-01,1438443,,,204.01865820692686,0.001438443
승용차,8703,MT,몰타,2025-04-01,893752,,,-37.86670726612038,0.000893752
승용차,8703,MT,몰타,2025-05-01,785980,,,-12.05837861062129,0.00078598
승용차,8703,MT,몰타,2025-06-01,185378,,,-76.41441258047278,0.000185378
승용차,8703,MT,몰타,2025-07-01,899216,,,385.07158346729386,0.000899216
승용차,8703,MT,몰타,2025-08-01,899767,,,0.061275600078292136,0.000899767
승용차,8703,MT,몰타,2025-09-01,553460,,,-38.48851980568303,0.00055346
승용차,8703,MT,몰타,2025-10-01,157944,,,-71.46243630976042,0.000157944
승용차,8703,MT,몰타,2025-11-01,606555,,,284.0316821151801,0.000606555
승용차,8703,MT,몰타,2025-12-01,1801996,,,197.08699128685777,0.001801996
승용차,8703,MT,몰타,2026-01-01,515012,764040.0,-32.59358148788022,-71.4199143616301,0.000515012
승용차,8703,MT,몰타,2026-02-01,686236,473143.0,45.03775814077351,33.24660396262611,0.000686236
승용차,8703,MT,몰타,2026-03-01,490263,1438443.0,-65.91710620441687,-28.557668207438837,0.000490263
승용차,8703,MT,몰타,2026-04-01,746609,893752.0,-16.46351560611893,52.2874457179106,0.000746609
승용차,8703,MT,몰타,2026-05-01,558484,785980.0,-28.944247945240342,-25.19725853827104,0.000558484
승용차,8703,MT,몰타,2026-06-01,1828197,185378.0,886.1995490295504,227.3499330329965,0.001828197
승용차,8703,MT,몰타,2026-07-01,486262,899216.0,-45.923782494973395,-73.40210053949328,0.000486262
승용차,8703,MN,몽골,2025-01-01,2814895,,,,0.002814895
승용차,8703,MN,몽골,2025-02-01,4862910,,,72.75635503278097,0.00486291
승용차,8703,MN,몽골,2025-03-01,3655617,,,-24.826554470471386,0.003655617
승용차,8703,MN,몽골,2025-04-01,4520652,,,23.66317368586479,0.004520652
승용차,8703,MN,몽골,2025-05-01,3737392,,,-17.326261787016563,0.003737392
승용차,8703,MN,몽골,2025-06-01,4735748,,,26.712638117703456,0.004735748
승용차,8703,MN,몽골,2025-07-01,3367560,,,-28.890641985173193,0.00336756
승용차,8703,MN,몽골,2025-08-01,3165932,,,-5.987361769352296,0.003165932
승용차,8703,MN,몽골,2025-09-01,5332349,,,68.42904395925117,0.005332349
승용차,8703,MN,몽골,2025-10-01,3005192,,,-43.6422484724837,0.003005192
승용차,8703,MN,몽골,2025-11-01,4214766,,,40.24947490875792,0.004214766
승용차,8703,MN,몽골,2025-12-01,2209439,,,-47.57860815997851,0.002209439
승용차,8703,MN,몽골,2026-01-01,1912691,2814895.0,-32.0510711767224,-13.430920699779447,0.001912691
승용차,8703,MN,몽골,2026-02-01,2792574,4862910.0,-42.57401432475616,46.002360025743826,0.002792574
승용차,8703,MN,몽골,2026-03-01,3471893,3655617.0,-5.025800022267102,24.325908641991223,0.003471893
승용차,8703,MN,몽골,2026-04-01,2896394,4520652.0,-35.929728720547395,-16.575942864598648,0.002896394
승용차,8703,MN,몽골,2026-05-01,3680902,3737392.0,-1.511481803353787,27.085679641650962,0.003680902
승용차,8703,MN,몽골,2026-06-01,4329707,4735748.0,-8.573957060215198,17.626250304952418,0.004329707
승용차,8703,MN,몽골,2026-07-01,2643612,3367560.0,-21.497701599971496,-38.94247347453303,0.002643612
승용차,8703,US,미국,2025-01-01,2230752377,,,,2.230752377
승용차,8703,US,미국,2025-02-01,2757670574,,,23.62064935726391,2.757670574
승용차,8703,US,미국,2025-03-01,2776355721,,,0.6775699453070327,2.776355721
승용차,8703,US,미국,2025-04-01,2887451834,,,4.0015086020743995,2.887451834
승용차,8703,US,미국,2025-05-01,2512031027,,,-13.001803270945922,2.512031027
승용차,8703,US,미국,2025-06-01,2688144848,,,7.01081392335845,2.688144848
승용차,8703,US,미국,2025-07-01,2326379616,,,-13.457802776853933,2.326379616
승용차,8703,US,미국,2025-08-01,2094768470,,,-9.955862078874055,2.09476847
승용차,8703,US,미국,2025-09-01,2374997363,,,13.377559239279545,2.374997363
승용차,8703,US,미국,2025-10-01,2121903535,,,-10.656594063763603,2.121903535
승용차,8703,US,미국,2025-11-01,2691059867,,,26.822912663652264,2.691059867
승용차,8703,US,미국,2025-12-01,2661657094,,,-1.0926093975299866,2.661657094
승용차,8703,US,미국,2026-01-01,2657979197,2230752377.0,19.151691797121416,-0.13818072238872547,2.657979197
승용차,8703,US,미국,2026-02-01,1947318360,2757670574.0,-29.385388582675574,-26.736884841014053,1.94731836
승용차,8703,US,미국,2026-03-01,2749652194,2776355721.0,-0.9618193662295438,41.201985791373104,2.749652194
승용차,8703,US,미국,2026-04-01,2735887020,2887451834.0,-5.249085446735801,-0.5006150970670697,2.73588702
승용차,8703,US,미국,2026-05-01,2440596929,2512031027.0,-2.8436789686196784,-10.793212177306943,2.440596929
승용차,8703,US,미국,2026-06-01,2978970695,2688144848.0,10.818830957579406,22.05910200094332,2.978970695
승용차,8703,US,미국,2026-07-01,2743375199,2326379616.0,17.924657701264856,-7.908620799641675,2.743375199
승용차,8703,MM,미얀마,2025-01-01,10064,,,,1.0064e-05
승용차,8703,MM,미얀마,2025-02-01,909434,,,8936.506359300476,0.000909434
승용차,8703,MM,미얀마,2025-03-01,972316,,,6.914410501476742,0.000972316
승용차,8703,MM,미얀마,2025-04-01,2144184,,,120.52336894589826,0.002144184
승용차,8703,MM,미얀마,2025-05-01,5172712,,,141.24384847569053,0.005172712
승용차,8703,MM,미얀마,2025-06-01,2874026,,,-44.438700627446494,0.002874026
승용차,8703,MM,미얀마,2025-07-01,4143132,,,44.1577772782849,0.004143132
승용차,8703,MM,미얀마,2025-08-01,1796446,,,-56.64038703087423,0.001796446
승용차,8703,MM,미얀마,2025-09-01,3567246,,,98.5724035122681,0.003567246
승용차,8703,MM,미얀마,2025-10-01,3967080,,,11.208478473309658,0.00396708
승용차,8703,MM,미얀마,2025-11-01,4316799,,,8.815526785444217,0.004316799
승용차,8703,MM,미얀마,2025-12-01,965571,,,-77.63224555973072,0.000965571
승용차,8703,MM,미얀마,2026-01-01,2298413,10064.0,22737.967011128778,138.0366643157261,0.002298413
승용차,8703,MM,미얀마,2026-02-01,2895825,909434.0,218.42057807383495,25.99236951757582,0.002895825
승용차,8703,MM,미얀마,2026-03-01,4324319,972316.0,344.74419838817835,49.329431163830684,0.004324319
승용차,8703,MM,미얀마,2026-04-01,4571403,2144184.0,113.20012648168256,5.713824535146461,0.004571403
승용차,8703,MM,미얀마,2026-05-01,743865,5172712.0,-85.61943908727181,-83.72786210272864,0.000743865
승용차,8703,MM,미얀마,2026-06-01,9121525,2874026.0,217.3779569147948,1126.2339268550074,0.009121525
승용차,8703,MM,미얀마,2026-07-01,13904557,4143132.0,235.60497227701168,52.43675810788218,0.013904557
승용차,8703,VU,바누아투,2025-01-01,236200,,,,0.0002362
승용차,8703,VU,바누아투,2025-02-01,230361,,,-2.47205757832345,0.000230361
승용차,8703,VU,바누아투,2025-03-01,100867,,,-56.21350836296075,0.000100867
승용차,8703,VU,바누아투,2025-04-01,112562,,,11.594475893999023,0.000112562
승용차,8703,VU,바누아투,2025-05-01,24837,,,-77.93482702865975,2.4837e-05
승용차,8703,VU,바누아투,2025-06-01,139574,,,461.95997906349396,0.000139574
승용차,8703,VU,바누아투,2025-07-01,152007,,,8.907819507931269,0.000152007
승용차,8703,VU,바누아투,2025-08-01,97233,,,-36.033866861394536,9.7233e-05
승용차,8703,VU,바누아투,2025-09-01,101416,,,4.30203737414252,0.000101416
승용차,8703,VU,바누아투,2025-10-01,100613,,,-0.7917882779837515,0.000100613
승용차,8703,VU,바누아투,2025-11-01,102972,,,2.344627433830615,0.000102972
승용차,8703,VU,바누아투,2025-12-01,148325,,,44.04401196441752,0.000148325
승용차,8703,VU,바누아투,2026-01-01,195175,236200.0,-17.368755292125314,31.586044159784255,0.000195175
승용차,8703,VU,바누아투,2026-02-01,174811,230361.0,-24.114324907427907,-10.433713334187267,0.000174811
승용차,8703,VU,바누아투,2026-03-01,257371,100867.0,155.15877343432442,47.228149258341865,0.000257371
승용차,8703,VU,바누아투,2026-04-01,209345,112562.0,85.98194772658623,-18.660222014135243,0.000209345
승용차,8703,VU,바누아투,2026-05-01,102603,24837.0,313.1054475178162,-50.98855955480188,0.000102603
승용차,8703,VU,바누아투,2026-06-01,93131,139574.0,-33.274821958244374,-9.231698878200445,9.3131e-05
승용차,8703,VU,바누아투,2026-07-01,199372,152007.0,31.159749222075295,114.07694537801589,0.000199372
승용차,8703,BH,바레인,2025-01-01,1195605,,,,0.001195605
승용차,8703,BH,바레인,2025-02-01,1503535,,,25.755161612739986,0.001503535
승용차,8703,BH,바레인,2025-03-01,389497,,,-74.09458376426223,0.000389497
승용차,8703,BH,바레인,2025-04-01,565420,,,45.16671501962788,0.00056542
승용차,8703,BH,바레인,2025-05-01,775897,,,37.22489476849069,0.000775897
승용차,8703,BH,바레인,2025-06-01,1456086,,,87.6648575777455,0.001456086
승용차,8703,BH,바레인,2025-07-01,615293,,,-57.74336131244995,0.000615293
승용차,8703,BH,바레인,2025-08-01,666331,,,8.294909904712068,0.000666331
승용차,8703,BH,바레인,2025-09-01,188799,,,-71.66588377247945,0.000188799
승용차,8703,BH,바레인,2025-10-01,1158588,,,513.6621486342618,0.001158588
승용차,8703,BH,바레인,2025-11-01,4139742,,,257.3092419393261,0.004139742
승용차,8703,BH,바레인,2025-12-01,9866461,,,138.335166780925,0.009866461
승용차,8703,BH,바레인,2026-01-01,1158250,1195605.0,-3.1243596338255575,-88.26073502951058,0.00115825
승용차,8703,BH,바레인,2026-02-01,2118795,1503535.0,40.92089642076839,82.93071443988775,0.002118795
승용차,8703,BH,바레인,2026-05-01,217005,389497.0,-44.28583532093957,-89.75809363340956,0.000217005
승용차,8703,BH,바레인,2026-06-01,1389071,565420.0,145.67065190477874,540.1101357111587,0.001389071
승용차,8703,BH,바레인,2026-07-01,1103776,775897.0,42.258057448346875,-20.53854698571923,0.001103776
승용차,8703,BB,바베이도스,2025-01-01,253158,,,,0.000253158
승용차,8703,BB,바베이도스,2025-02-01,319706,,,26.287140836947675,0.000319706
승용차,8703,BB,바베이도스,2025-03-01,453414,,,41.82217412247502,0.000453414
승용차,8703,BB,바베이도스,2025-04-01,49756,,,-89.02636442633002,4.9756e-05
승용차,8703,BB,바베이도스,2025-05-01,561200,,,1027.9041723611222,0.0005612
승용차,8703,BB,바베이도스,2025-06-01,582810,,,3.8506771204561696,0.00058281
승용차,8703,BB,바베이도스,2025-07-01,142348,,,-75.57557351452446,0.000142348
승용차,8703,BB,바베이도스,2025-08-01,574358,,,303.4886334897575,0.000574358
승용차,8703,BB,바베이도스,2025-09-01,297517,,,-48.20007730370257,0.000297517
승용차,8703,BB,바베이도스,2025-11-01,644764,,,116.71501124305502,0.000644764
승용차,8703,BB,바베이도스,2025-12-01,301679,,,-53.21094229826727,0.000301679
승용차,8703,BB,바베이도스,2026-02-01,452407,,,49.963040185097405,0.000452407
승용차,8703,BB,바베이도스,2026-03-01,411268,253158.0,62.45506758625048,-9.09336062439352,0.000411268
승용차,8703,BB,바베이도스,2026-04-01,412235,319706.0,28.941902873264812,0.23512648686501159,0.000412235
승용차,8703,BB,바베이도스,2026-05-01,177836,453414.0,-60.77844971703564,-56.860528581998125,0.000177836
승용차,8703,BB,바베이도스,2026-06-01,414816,49756.0,733.7004582361926,133.2576081333363,0.000414816
승용차,8703,BB,바베이도스,2026-07-01,855201,561200.0,52.38791874554527,106.16393774589214,0.000855201
승용차,8703,BS,바하마,2025-01-01,402001,,,,0.000402001
승용차,8703,BS,바하마,2025-02-01,958399,,,138.40711839025275,0.000958399
승용차,8703,BS,바하마,2025-03-01,511574,,,-46.622022769222426,0.000511574
승용차,8703,BS,바하마,2025-04-01,823852,,,61.042586214311136,0.000823852
승용차,8703,BS,바하마,2025-05-01,358160,,,-56.526172176555974,0.00035816
승용차,8703,BS,바하마,2025-06-01,468727,,,30.870839848112585,0.000468727
승용차,8703,BS,바하마,2025-07-01,326125,,,-30.42325276760246,0.000326125
승용차,8703,BS,바하마,2025-08-01,178159,,,-45.37094672288233,0.000178159
승용차,8703,BS,바하마,2025-09-01,88174,,,-50.50825386312226,8.8174e-05
승용차,8703,BS,바하마,2025-10-01,16017,,,-81.8347812280264,1.6017e-05
승용차,8703,BS,바하마,2025-11-01,174080,,,986.8452269463695,0.00017408
승용차,8703,BS,바하마,2025-12-01,44461,,,-74.45944393382354,4.4461e-05
승용차,8703,BS,바하마,2026-01-01,102759,402001.0,-74.43812328825052,131.12165718269947,0.000102759
승용차,8703,BS,바하마,2026-02-01,88093,958399.0,-90.80831678664106,-14.27222919646941,8.8093e-05
승용차,8703,BS,바하마,2026-03-01,146829,511574.0,-71.29858045952297,66.67499120247919,0.000146829
승용차,8703,BS,바하마,2026-04-01,217405,823852.0,-73.61115831484295,48.06679879315394,0.000217405
승용차,8703,BS,바하마,2026-05-01,173989,358160.0,-51.42143176234085,-19.970101883581336,0.000173989
승용차,8703,BS,바하마,2026-06-01,187105,468727.0,-60.082308038581104,7.538407600480501,0.000187105
승용차,8703,BS,바하마,2026-07-01,239225,326125.0,-26.646224607129167,27.856016675128934,0.000239225
승용차,8703,BD,방글라데시,2025-02-01,1569985,,,,0.001569985
승용차,8703,BD,방글라데시,2025-06-01,562553,,,-64.16825638461515,0.000562553
승용차,8703,BD,방글라데시,2025-09-01,644795,,,14.61942252552204,0.000644795
승용차,8703,BD,방글라데시,2025-11-01,525853,,,-18.446482990717982,0.000525853
승용차,8703,BD,방글라데시,2026-02-01,218610,,,-58.427545340618,0.00021861
승용차,8703,BD,방글라데시,2026-04-01,104938,,,-51.99762133479713,0.000104938
승용차,8703,BD,방글라데시,2026-05-01,566877,,,440.20183346356896,0.000566877
승용차,8703,BD,방글라데시,2026-06-01,494592,,,-12.751443434819198,0.000494592
승용차,8703,BD,방글라데시,2026-07-01,31262,,,-93.67923460144928,3.1262e-05
승용차,8703,BM,버뮤다,2025-01-01,779290,,,,0.00077929
승용차,8703,BM,버뮤다,2025-02-01,545529,,,-29.996663629714227,0.000545529
승용차,8703,BM,버뮤다,2025-03-01,1279281,,,134.50284036229056,0.001279281
승용차,8703,BM,버뮤다,2025-04-01,343405,,,-73.15640582483442,0.000343405
승용차,8703,BM,버뮤다,2025-05-01,520849,,,51.67193255776708,0.000520849
승용차,8703,BM,버뮤다,2025-06-01,1806232,,,246.78611267373077,0.001806232
승용차,8703,BM,버뮤다,2025-07-01,964023,,,-46.62795255537494,0.000964023
승용차,8703,BM,버뮤다,2025-08-01,1453816,,,50.8071902848791,0.001453816
승용차,8703,BM,버뮤다,2025-09-01,413092,,,-71.58567521612089,0.000413092
승용차,8703,BM,버뮤다,2025-10-01,649816,,,57.305394439979466,0.000649816
승용차,8703,BM,버뮤다,2025-11-01,209419,,,-67.77256946581802,0.000209419
승용차,8703,BM,버뮤다,2025-12-01,2248180,,,973.5320099895425,0.00224818
승용차,8703,BM,버뮤다,2026-01-01,513747,779290.0,-34.074991338269456,-77.14831552633686,0.000513747
승용차,8703,BM,버뮤다,2026-02-01,632319,545529.0,15.90932837667658,23.07984280200177,0.000632319
승용차,8703,BM,버뮤다,2026-03-01,985364,1279281.0,-22.975171209452803,55.83336891663859,0.000985364
승용차,8703,BM,버뮤다,2026-04-01,786294,343405.0,128.96987522022104,-20.202686519905335,0.000786294
승용차,8703,BM,버뮤다,2026-05-01,744972,520849.0,43.03032164792484,-5.255286190661512,0.000744972
승용차,8703,BM,버뮤다,2026-06-01,399850,1806232.0,-77.86275517209307,-46.32684181418899,0.00039985
승용차,8703,BM,버뮤다,2026-07-01,794686,964023.0,-17.565659740483376,98.74602976116043,0.000794686
승용차,8703,VE,베네주엘라,2025-01-01,870295,,,,0.000870295
승용차,8703,VE,베네주엘라,2025-02-01,140730,,,-83.82962099058365,0.00014073
승용차,8703,VE,베네주엘라,2025-03-01,677919,,,381.71605201449586,0.000677919
승용차,8703,VE,베네주엘라,2025-04-01,585054,,,-13.69853920601134,0.000585054
승용차,8703,VE,베네주엘라,2025-05-01,240285,,,-58.92943215498057,0.000240285
승용차,8703,VE,베네주엘라,2025-06-01,1594438,,,563.5611877562062,0.001594438
승용차,8703,VE,베네주엘라,2025-07-01,733205,,,-54.014831558204214,0.000733205
승용차,8703,VE,베네주엘라,2025-08-01,1292021,,,76.21551953410028,0.001292021
승용차,8703,VE,베네주엘라,2025-09-01,740668,,,-42.673687192390844,0.000740668
승용차,8703,VE,베네주엘라,2025-10-01,534148,,,-27.88293810452186,0.000534148
승용차,8703,VE,베네주엘라,2025-11-01,958500,,,79.44464829972218,0.0009585
승용차,8703,VE,베네주엘라,2025-12-01,724901,,,-24.37130933750652,0.000724901
승용차,8703,VE,베네주엘라,2026-01-01,962600,870295.0,10.60617376866464,32.790546571186965,0.0009626
승용차,8703,VE,베네주엘라,2026-02-01,60865,140730.0,-56.75051517089462,-93.6770205692915,6.0865e-05
승용차,8703,VE,베네주엘라,2026-03-01,64002,677919.0,-90.55904908993553,5.154029409348548,6.4002e-05
승용차,8703,VE,베네주엘라,2026-04-01,492877,585054.0,-15.755297801570457,670.0962469922815,0.000492877
승용차,8703,VE,베네주엘라,2026-05-01,132972,240285.0,-44.660715400461946,-73.02126088253256,0.000132972
승용차,8703,VE,베네주엘라,2026-06-01,110672,1594438.0,-93.05887089996601,-16.77044791384652,0.000110672
승용차,8703,VE,베네주엘라,2026-07-01,238915,733205.0,-67.41497943958375,115.8766444990603,0.000238915
승용차,8703,BJ,베닝,2025-01-01,55072,,,,5.5072e-05
승용차,8703,BJ,베닝,2025-02-01,13791,,,-74.95823649041256,1.3791e-05
승용차,8703,BJ,베닝,2025-03-01,116772,,,746.7261257341745,0.000116772
승용차,8703,BJ,베닝,2025-04-01,924434,,,691.6572466002124,0.000924434
승용차,8703,BJ,베닝,2025-05-01,34402,,,-96.2785877628906,3.4402e-05
승용차,8703,BJ,베닝,2025-06-01,17672,,,-48.63089355270043,1.7672e-05
승용차,8703,BJ,베닝,2025-07-01,14679,,,-16.9363965595292,1.4679e-05
승용차,8703,BJ,베닝,2025-08-01,17531,,,19.42911642482459,1.7531e-05
승용차,8703,BJ,베닝,2025-09-01,137206,,,682.6478808966973,0.000137206
승용차,8703,BJ,베닝,2025-10-01,227747,,,65.9890966867338,0.000227747
승용차,8703,BJ,베닝,2025-11-01,308820,,,35.5978344390925,0.00030882
승용차,8703,BJ,베닝,2025-12-01,47644,,,-84.57224273039311,4.7644e-05
승용차,8703,BJ,베닝,2026-01-01,20173,55072.0,-63.369770482277744,-57.65888674334649,2.0173e-05
승용차,8703,BJ,베닝,2026-02-01,37117,13791.0,169.1392937422957,83.99345660040649,3.7117e-05
승용차,8703,BJ,베닝,2026-03-01,19130,116772.0,-83.61764806631726,-48.460274267855695,1.913e-05
승용차,8703,BJ,베닝,2026-04-01,53103,924434.0,-94.25562019570894,177.59017250392054,5.3103e-05
승용차,8703,BJ,베닝,2026-05-01,94771,34402.0,175.48107668158826,78.46637666421859,9.4771e-05
승용차,8703,BJ,베닝,2026-06-01,77476,17672.0,338.4110457220462,-18.24925346361229,7.7476e-05
승용차,8703,BJ,베닝,2026-07-01,74139,14679.0,405.0684651543021,-4.307140275698284,7.4139e-05
승용차,8703,VN,베트남,2025-01-01,12892102,,,,0.012892102
승용차,8703,VN,베트남,2025-02-01,15205304,,,17.942783884272707,0.015205304
승용차,8703,VN,베트남,2025-03-01,14473105,,,-4.815418356647127,0.014473105
승용차,8703,VN,베트남,2025-04-01,10503857,,,-27.42499277107435,0.010503857
승용차,8703,VN,베트남,2025-05-01,13338877,,,26.99027604812214,0.013338877
승용차,8703,VN,베트남,2025-06-01,19432995,,,45.686889533504214,0.019432995
승용차,8703,VN,베트남,2025-07-01,3107313,,,-84.01011784338955,0.003107313
승용차,8703,VN,베트남,2025-08-01,10870348,,,249.8311241899352,0.010870348
승용차,8703,VN,베트남,2025-09-01,8259200,,,-24.020831715783153,0.0082592
승용차,8703,VN,베트남,2025-10-01,8489657,,,2.7903065672220118,0.008489657
승용차,8703,VN,베트남,2025-11-01,14309401,,,68.55099092931552,0.014309401
승용차,8703,VN,베트남,2025-12-01,14276402,,,-0.2306106314303391,0.014276402
승용차,8703,VN,베트남,2026-01-01,9495614,12892102.0,-26.345494318924878,-33.48734506075131,0.009495614
승용차,8703,VN,베트남,2026-02-01,5589066,15205304.0,-63.24265532606253,-41.14055183793276,0.005589066
승용차,8703,VN,베트남,2026-03-01,24550873,14473105.0,69.63100177881665,339.2661135152099,0.024550873
승용차,8703,VN,베트남,2026-04-01,17832295,10503857.0,69.76901913268621,-27.365943361769663,0.017832295
승용차,8703,VN,베트남,2026-05-01,4838387,13338877.0,-63.72717883222103,-72.86727816021438,0.004838387
승용차,8703,VN,베트남,2026-06-01,3428322,19432995.0,-82.35824174297375,-29.14328680198587,0.003428322
승용차,8703,VN,베트남,2026-07-01,9115032,3107313.0,193.34128875977413,165.8744423656821,0.009115032
승용차,8703,BE,벨기에,2025-01-01,51716626,,,,0.051716626
승용차,8703,BE,벨기에,2025-02-01,40450289,,,-21.78474868024066,0.040450289
승용차,8703,BE,벨기에,2025-03-01,49666080,,,22.783004096707437,0.04966608
승용차,8703,BE,벨기에,2025-04-01,49920330,,,0.5119187985039186,0.04992033
승용차,8703,BE,벨기에,2025-05-01,43261243,,,-13.33942904624228,0.043261243
승용차,8703,BE,벨기에,2025-06-01,65600914,,,51.63899474640616,0.065600914
승용차,8703,BE,벨기에,2025-07-01,35586985,,,-45.75230308528933,0.035586985
승용차,8703,BE,벨기에,2025-08-01,39680051,,,11.501581266297212,0.039680051
승용차,8703,BE,벨기에,2025-09-01,60019459,,,51.25852282800744,0.060019459
승용차,8703,BE,벨기에,2025-10-01,50305703,,,-16.18434448067917,0.050305703
승용차,8703,BE,벨기에,2025-11-01,35160191,,,-30.10694831160594,0.035160191
승용차,8703,BE,벨기에,2025-12-01,32947513,,,-6.2931341868990405,0.032947513
승용차,8703,BE,벨기에,2026-01-01,36341693,51716626.0,-29.72918805646757,10.301779075100459,0.036341693
승용차,8703,BE,벨기에,2026-02-01,58452576,40450289.0,44.50471787729378,60.841642682964725,0.058452576
승용차,8703,BE,벨기에,2026-03-01,66934922,49666080.0,34.76989124166836,14.511500742071659,0.066934922
승용차,8703,BE,벨기에,2026-04-01,39012270,49920330.0,-21.850937283467474,-41.71611942716539,0.03901227
승용차,8703,BE,벨기에,2026-05-01,48257289,43261243.0,11.548549356291037,23.69772125538965,0.048257289
승용차,8703,BE,벨기에,2026-06-01,49130855,65600914.0,-25.106447449802303,1.8102260158045835,0.049130855
승용차,8703,BE,벨기에,2026-07-01,38768593,35586985.0,8.940369632324852,-21.09114933985985,0.038768593
승용차,8703,BY,벨라루스,2025-01-01,730894,,,,0.000730894
승용차,8703,BY,벨라루스,2025-02-01,1235476,,,69.03627612211893,0.001235476
승용차,8703,BY,벨라루스,2025-03-01,761257,,,-38.38350562859982,0.000761257
승용차,8703,BY,벨라루스,2025-04-01,953859,,,25.300522688132922,0.000953859
승용차,8703,BY,벨라루스,2025-05-01,938602,,,-1.5995026518594413,0.000938602
승용차,8703,BY,벨라루스,2025-06-01,600126,,,-36.06171732001423,0.000600126
승용차,8703,BY,벨라루스,2025-07-01,787064,,,31.149791877039146,0.000787064
승용차,8703,BY,벨라루스,2025-08-01,958470,,,21.777898620696657,0.00095847
승용차,8703,BY,벨라루스,2025-09-01,655311,,,-31.629471970953706,0.000655311
승용차,8703,BY,벨라루스,2025-10-01,639555,,,-2.40435457362993,0.000639555
승용차,8703,BY,벨라루스,2025-11-01,365983,,,-42.77536724753931,0.000365983
승용차,8703,BY,벨라루스,2025-12-01,1000598,,,173.40013060715935,0.001000598
승용차,8703,BY,벨라루스,2026-01-01,940379,730894.0,28.661474851346426,-6.018301055968534,0.000940379
승용차,8703,BY,벨라루스,2026-02-01,1800432,1235476.0,45.727800459094304,91.45812486242248,0.001800432
승용차,8703,BY,벨라루스,2026-03-01,1257505,761257.0,65.18797199894387,-30.155373821393972,0.001257505
승용차,8703,BY,벨라루스,2026-04-01,2742028,953859.0,187.46680589059807,118.05304949085689,0.002742028
승용차,8703,BY,벨라루스,2026-05-01,2111020,938602.0,124.91109117602561,-23.012456473821562,0.00211102
승용차,8703,BY,벨라루스,2026-06-01,2573103,600126.0,328.7604603033363,21.88908679216681,0.002573103
승용차,8703,BY,벨라루스,2026-07-01,3083388,787064.0,291.75823058861795,19.83150305292871,0.003083388
승용차,8703,BZ,벨리제,2025-01-01,19997,,,,1.9997e-05
승용차,8703,BZ,벨리제,2025-03-01,77152,,,285.81787268090216,7.7152e-05
승용차,8703,BZ,벨리제,2025-09-01,19963,,,-74.12510369141435,1.9963e-05
승용차,8703,BQ,보네르 신트외스타티위스,2025-08-01,2920,,,,2.92e-06
승용차,8703,BQ,보네르 신트외스타티위스,2025-11-01,3762,,,28.83561643835617,3.762e-06
승용차,8703,BQ,보네르 신트외스타티위스,2026-03-01,4519,,,20.122275385433277,4.519e-06
승용차,8703,BQ,보네르 신트외스타티위스,2026-06-01,7817,,,72.98074795308696,7.817e-06
승용차,8703,BA,보스니아-헤르체고비나,2025-01-01,240215,,,,0.000240215
승용차,8703,BA,보스니아-헤르체고비나,2025-02-01,374861,,,56.0522864933497,0.000374861
승용차,8703,BA,보스니아-헤르체고비나,2025-03-01,174510,,,-53.446744259872325,0.00017451
승용차,8703,BA,보스니아-헤르체고비나,2025-04-01,279005,,,59.87909002349436,0.000279005
승용차,8703,BA,보스니아-헤르체고비나,2025-05-01,85901,,,-69.21166287342521,8.5901e-05
승용차,8703,BA,보스니아-헤르체고비나,2025-06-01,46583,,,-45.77129486269077,4.6583e-05
승용차,8703,BA,보스니아-헤르체고비나,2025-07-01,24177,,,-48.09909194341283,2.4177e-05
승용차,8703,BA,보스니아-헤르체고비나,2025-08-01,164205,,,579.1785581337635,0.000164205
승용차,8703,BA,보스니아-헤르체고비나,2025-10-01,62943,,,-61.66803690508815,6.2943e-05
승용차,8703,BA,보스니아-헤르체고비나,2026-02-01,176384,,,180.22814292296206,0.000176384
승용차,8703,BA,보스니아-헤르체고비나,2026-03-01,128645,,,-27.06538007982583,0.000128645
승용차,8703,BA,보스니아-헤르체고비나,2026-06-01,62200,,,-51.64988923005169,6.22e-05
승용차,8703,BW,보츠와나,2025-01-01,125304,,,,0.000125304
승용차,8703,BW,보츠와나,2025-04-01,80698,,,-35.59822511651664,8.0698e-05
승용차,8703,BW,보츠와나,2025-11-01,27828,,,-65.51587399935562,2.7828e-05
승용차,8703,BO,볼리비아,2025-01-01,729941,,,,0.000729941
승용차,8703,BO,볼리비아,2025-02-01,683192,,,-6.404490225922366,0.000683192
승용차,8703,BO,볼리비아,2025-03-01,307252,,,-55.026990948371754,0.000307252
승용차,8703,BO,볼리비아,2025-04-01,909666,,,196.06511918555452,0.000909666
승용차,8703,BO,볼리비아,2025-05-01,1108281,,,21.83383791413551,0.001108281
승용차,8703,BO,볼리비아,2025-06-01,533275,,,-51.88269040071967,0.000533275
승용차,8703,BO,볼리비아,2025-07-01,133026,,,-75.05489662931883,0.000133026
승용차,8703,BO,볼리비아,2025-08-01,788204,,,492.5187557319622,0.000788204
승용차,8703,BO,볼리비아,2025-09-01,419330,,,-46.79930576348254,0.00041933
승용차,8703,BO,볼리비아,2025-10-01,317384,,,-24.31163999713829,0.000317384
승용차,8703,BO,볼리비아,2025-11-01,255440,,,-19.517051899276584,0.00025544
승용차,8703,BO,볼리비아,2025-12-01,1532285,,,499.8610241152521,0.001532285
승용차,8703,BO,볼리비아,2026-01-01,763094,729941.0,4.541873932276719,-50.19895123948874,0.000763094
승용차,8703,BO,볼리비아,2026-02-01,550452,683192.0,-19.4293844190213,-27.86576752012203,0.000550452
승용차,8703,BO,볼리비아,2026-03-01,2417978,307252.0,686.9690026427818,339.2713624439551,0.002417978
승용차,8703,BO,볼리비아,2026-04-01,784631,909666.0,-13.745154815063987,-67.55011832200293,0.000784631
승용차,8703,BO,볼리비아,2026-05-01,1493691,1108281.0,34.775476616489854,90.3685936446559,0.001493691
승용차,8703,BO,볼리비아,2026-06-01,233258,533275.0,-56.25934086540716,-84.38378486581227,0.000233258
승용차,8703,BO,볼리비아,2026-07-01,552398,133026.0,315.2556643062258,136.81845853089715,0.000552398
승용차,8703,BI,부룬디,2025-01-01,15949,,,,1.5949e-05
승용차,8703,BI,부룬디,2025-02-01,22653,,,42.03398332183836,2.2653e-05
승용차,8703,BI,부룬디,2025-03-01,71083,,,213.79066790270605,7.1083e-05
승용차,8703,BI,부룬디,2025-04-01,16096,,,-77.35604856294755,1.6096e-05
승용차,8703,BI,부룬디,2025-05-01,27915,,,73.42818091451294,2.7915e-05
승용차,8703,BI,부룬디,2025-06-01,28219,,,1.0890202400143378,2.8219e-05
승용차,8703,BI,부룬디,2025-07-01,36489,,,29.30649562351606,3.6489e-05
승용차,8703,BI,부룬디,2025-08-01,27142,,,-25.61593905012469,2.7142e-05
승용차,8703,BI,부룬디,2025-09-01,3400,,,-87.47328863016726,3.4e-06
승용차,8703,BI,부룬디,2025-10-01,39083,,,1049.5,3.9083e-05
승용차,8703,BI,부룬디,2025-11-01,15226,,,-61.04188521863726,1.5226e-05
승용차,8703,BI,부룬디,2025-12-01,18238,,,19.781951924339936,1.8238e-05
승용차,8703,BI,부룬디,2026-01-01,8626,15949.0,-45.91510439525989,-52.70314727492049,8.626e-06
승용차,8703,BI,부룬디,2026-02-01,14059,22653.0,-37.937580011477515,62.98400185485742,1.4059e-05
승용차,8703,BI,부룬디,2026-03-01,16383,71083.0,-76.95229520419791,16.53033643929156,1.6383e-05
승용차,8703,BI,부룬디,2026-04-01,6440,16096.0,-59.990059642147116,-60.690960141610205,6.44e-06
승용차,8703,BI,부룬디,2026-05-01,12284,27915.0,-55.994984775210455,90.74534161490683,1.2284e-05
승용차,8703,BI,부룬디,2026-06-01,10773,28219.0,-61.82359403238953,-12.300553565613804,1.0773e-05
승용차,8703,BI,부룬디,2026-07-01,12380,36489.0,-66.07196689413249,14.916921934465787,1.238e-05
승용차,8703,BF,부르키나 파소,2025-01-01,16500,,,,1.65e-05
승용차,8703,BF,부르키나 파소,2025-02-01,24526,,,48.64242424242424,2.4526e-05
승용차,8703,BF,부르키나 파소,2025-03-01,9297,,,-62.093288754790834,9.297e-06
승용차,8703,BF,부르키나 파소,2025-04-01,199919,,,2050.3603312896635,0.000199919
승용차,8703,BF,부르키나 파소,2025-06-01,16803,,,-91.59509601388562,1.6803e-05
승용차,8703,BF,부르키나 파소,2025-07-01,20815,,,23.876688686544068,2.0815e-05
승용차,8703,BF,부르키나 파소,2025-08-01,411513,,,1877.0021619024742,0.000411513
승용차,8703,BF,부르키나 파소,2025-10-01,11972,,,-97.09073589412728,1.1972e-05
승용차,8703,BF,부르키나 파소,2025-11-01,13242,,,10.608085532910128,1.3242e-05
승용차,8703,BF,부르키나 파소,2025-12-01,199066,,,1403.2925539948649,0.000199066
승용차,8703,BF,부르키나 파소,2026-01-01,231578,,,16.332271708880477,0.000231578
승용차,8703,BF,부르키나 파소,2026-02-01,15504,,,-93.3050635207144,1.5504e-05
승용차,8703,BF,부르키나 파소,2026-04-01,44496,16500.0,169.6727272727273,186.9969040247678,4.4496e-05
승용차,8703,BF,부르키나 파소,2026-05-01,91347,24526.0,272.4496452744027,105.2926105717368,9.1347e-05
승용차,8703,BF,부르키나 파소,2026-06-01,117927,9297.0,1168.4414327202323,29.09783572531117,0.000117927
승용차,8703,BF,부르키나 파소,2026-07-01,47164,199919.0,-76.40844542039527,-60.00576627913878,4.7164e-05
승용차,8703,BT,부탄,2025-01-01,180125,,,,0.000180125
승용차,8703,BT,부탄,2025-02-01,215025,,,19.375433726578773,0.000215025
승용차,8703,BT,부탄,2025-11-01,317604,,,47.705615626089994,0.000317604
승용차,8703,BT,부탄,2026-05-01,290755,,,-8.453608896613396,0.000290755
승용차,8703,MP,북마리아나 군도,2025-01-01,82426,,,,8.2426e-05
승용차,8703,MP,북마리아나 군도,2025-02-01,120158,,,45.77681799432219,0.000120158
승용차,8703,MP,북마리아나 군도,2025-03-01,123728,,,2.9710880673779583,0.000123728
승용차,8703,MP,북마리아나 군도,2025-04-01,249318,,,101.50491400491401,0.000249318
승용차,8703,MP,북마리아나 군도,2025-05-01,208629,,,-16.320121290881527,0.000208629
승용차,8703,MP,북마리아나 군도,2025-06-01,144391,,,-30.790542062704606,0.000144391
승용차,8703,MP,북마리아나 군도,2025-07-01,71386,,,-50.56063051021186,7.1386e-05
승용차,8703,MP,북마리아나 군도,2025-08-01,148856,,,108.52267951699216,0.000148856
승용차,8703,MP,북마리아나 군도,2025-09-01,401189,,,169.51483312731764,0.000401189
승용차,8703,MP,북마리아나 군도,2025-10-01,50658,,,-87.37303365745322,5.0658e-05
승용차,8703,MP,북마리아나 군도,2025-11-01,88584,,,74.86675352362904,8.8584e-05
승용차,8703,MP,북마리아나 군도,2025-12-01,254843,,,187.6851350130949,0.000254843
승용차,8703,MP,북마리아나 군도,2026-01-01,278422,82426.0,237.78419430762136,9.252363219707815,0.000278422
승용차,8703,MP,북마리아나 군도,2026-02-01,160877,120158.0,33.88788095674029,-42.21828734798257,0.000160877
승용차,8703,MP,북마리아나 군도,2026-03-01,198822,123728.0,60.69281003491529,23.586342360934133,0.000198822
승용차,8703,MP,북마리아나 군도,2026-04-01,45958,249318.0,-81.56651344868801,-76.88485177696633,4.5958e-05
승용차,8703,MP,북마리아나 군도,2026-05-01,123088,208629.0,-41.00149068442067,167.82714652508815,0.000123088
승용차,8703,MP,북마리아나 군도,2026-06-01,97215,144391.0,-32.67239647900493,-21.019920707136354,9.7215e-05
승용차,8703,MP,북마리아나 군도,2026-07-01,219381,71386.0,207.31656067015942,125.66579231600063,0.000219381
승용차,8703,BG,불가리아,2025-01-01,3092289,,,,0.003092289
승용차,8703,BG,불가리아,2025-02-01,3000253,,,-2.976306548320673,0.003000253
승용차,8703,BG,불가리아,2025-03-01,3491018,,,16.357453854724913,0.003491018
승용차,8703,BG,불가리아,2025-04-01,4099855,,,17.440099134407205,0.004099855
승용차,8703,BG,불가리아,2025-05-01,5996101,,,46.251538164154596,0.005996101
승용차,8703,BG,불가리아,2025-06-01,4816616,,,-19.67086611783224,0.004816616
승용차,8703,BG,불가리아,2025-07-01,6795711,,,41.088909724171494,0.006795711
승용차,8703,BG,불가리아,2025-08-01,6321083,,,-6.984228728973319,0.006321083
승용차,8703,BG,불가리아,2025-09-01,6860003,,,8.52575421015671,0.006860003
승용차,8703,BG,불가리아,2025-10-01,5476911,,,-20.161682145036963,0.005476911
승용차,8703,BG,불가리아,2025-11-01,5883715,,,7.427617501909389,0.005883715
승용차,8703,BG,불가리아,2025-12-01,6341515,,,7.780798356140628,0.006341515
승용차,8703,BG,불가리아,2026-01-01,6261590,3092289.0,102.49045286517529,-1.2603455168047395,0.00626159
승용차,8703,BG,불가리아,2026-02-01,4419137,3000253.0,47.29214502910255,-29.424682868089413,0.004419137
승용차,8703,BG,불가리아,2026-03-01,6749600,3491018.0,93.34188480265641,52.735703826335325,0.0067496
승용차,8703,BG,불가리아,2026-04-01,7970922,4099855.0,94.41960752270506,18.0947315396468,0.007970922
승용차,8703,BG,불가리아,2026-05-01,8779706,5996101.0,46.42358425917108,10.14668064748343,0.008779706
승용차,8703,BG,불가리아,2026-06-01,11759396,4816616.0,144.14227748278043,33.938380168994264,0.011759396
승용차,8703,BG,불가리아,2026-07-01,9360585,6795711.0,37.74254084671935,-20.39910042998807,0.009360585
승용차,8703,GF,불령 가이아나,2025-01-01,137024,,,,0.000137024
승용차,8703,GF,불령 가이아나,2025-02-01,415930,,,203.54536431574033,0.00041593
승용차,8703,GF,불령 가이아나,2025-03-01,414884,,,-0.251484624816678,0.000414884
승용차,8703,GF,불령 가이아나,2025-04-01,299185,,,-27.887072049054673,0.000299185
승용차,8703,GF,불령 가이아나,2025-05-01,36041,,,-87.9536072998312,3.6041e-05
승용차,8703,GF,불령 가이아나,2025-07-01,194051,,,438.41735800893423,0.000194051
승용차,8703,GF,불령 가이아나,2025-08-01,362468,,,86.79007065152975,0.000362468
승용차,8703,GF,불령 가이아나,2025-09-01,384638,,,6.116401999624799,0.000384638
승용차,8703,GF,불령 가이아나,2025-10-01,79137,,,-79.42558977532121,7.9137e-05
승용차,8703,GF,불령 가이아나,2025-11-01,511857,,,546.7985897873309,0.000511857
승용차,8703,GF,불령 가이아나,2025-12-01,802130,,,56.709784178002835,0.00080213
승용차,8703,GF,불령 가이아나,2026-01-01,379277,,,-52.716267936618756,0.000379277
승용차,8703,GF,불령 가이아나,2026-02-01,312297,137024.0,127.91408804297055,-17.659916103533824,0.000312297
승용차,8703,GF,불령 가이아나,2026-03-01,354478,415930.0,-14.774601495443939,13.506693948388882,0.000354478
승용차,8703,GF,불령 가이아나,2026-04-01,275088,414884.0,-33.69520155031286,-22.396312324037037,0.000275088
승용차,8703,GF,불령 가이아나,2026-05-01,841468,299185.0,181.253405083811,205.890478683185,0.000841468
승용차,8703,GF,불령 가이아나,2026-06-01,449417,36041.0,1146.9604062040453,-46.591314227041316,0.000449417
승용차,8703,GF,불령 가이아나,2026-07-01,198406,194051.0,2.244255376163995,-55.85258234557215,0.000198406
승용차,8703,RE,불령 리유니온 코모도 제도,2025-01-01,2348124,,,,0.002348124
승용차,8703,RE,불령 리유니온 코모도 제도,2025-02-01,863007,,,-63.24695799710748,0.000863007
승용차,8703,RE,불령 리유니온 코모도 제도,2025-03-01,837189,,,-2.9916327445779656,0.000837189
승용차,8703,RE,불령 리유니온 코모도 제도,2025-04-01,1373007,,,64.00203538269136,0.001373007
승용차,8703,RE,불령 리유니온 코모도 제도,2025-05-01,2791591,,,103.31950237689975,0.002791591
승용차,8703,RE,불령 리유니온 코모도 제도,2025-06-01,667420,,,-76.09176989036001,0.00066742
승용차,8703,RE,불령 리유니온 코모도 제도,2025-07-01,880796,,,31.970273590842346,0.000880796
승용차,8703,RE,불령 리유니온 코모도 제도,2025-08-01,842648,,,-4.331082339156856,0.000842648
승용차,8703,RE,불령 리유니온 코모도 제도,2025-09-01,3068471,,,264.1462389989652,0.003068471
승용차,8703,RE,불령 리유니온 코모도 제도,2025-10-01,762484,,,-75.15101169279423,0.000762484
승용차,8703,RE,불령 리유니온 코모도 제도,2025-11-01,1592199,,,108.8173653479942,0.001592199
승용차,8703,RE,불령 리유니온 코모도 제도,2025-12-01,1016996,,,-36.126325917802994,0.001016996
승용차,8703,RE,불령 리유니온 코모도 제도,2026-01-01,4945878,2348124.0,110.6310399280447,386.3222667542448,0.004945878
승용차,8703,RE,불령 리유니온 코모도 제도,2026-02-01,826590,863007.0,-4.219780372580983,-83.28729499595421,0.00082659
승용차,8703,RE,불령 리유니온 코모도 제도,2026-03-01,1188659,837189.0,41.98215695619507,43.8027317049565,0.001188659
승용차,8703,RE,불령 리유니온 코모도 제도,2026-04-01,1766215,1373007.0,28.638455594181234,48.58887199777229,0.001766215
승용차,8703,RE,불령 리유니온 코모도 제도,2026-05-01,831755,2791591.0,-70.20498346641753,-52.90748861265475,0.000831755
승용차,8703,RE,불령 리유니온 코모도 제도,2026-06-01,634045,667420.0,-5.000599322765275,-23.770220798191776,0.000634045
승용차,8703,RE,불령 리유니온 코모도 제도,2026-07-01,4388361,880796.0,398.22671765085215,592.1213793973614,0.004388361
승용차,8703,PF,불령 폴리네시아,2025-01-01,546448,,,,0.000546448
승용차,8703,PF,불령 폴리네시아,2025-02-01,1179196,,,115.79290252686438,0.001179196
승용차,8703,PF,불령 폴리네시아,2025-03-01,1159368,,,-1.6814846726074362,0.001159368
승용차,8703,PF,불령 폴리네시아,2025-04-01,557875,,,-51.88111108811007,0.000557875
승용차,8703,PF,불령 폴리네시아,2025-05-01,504036,,,-9.650728209724402,0.000504036
승용차,8703,PF,불령 폴리네시아,2025-06-01,2047230,,,306.1674166130991,0.00204723
승용차,8703,PF,불령 폴리네시아,2025-07-01,755143,,,-63.11391489964488,0.000755143
승용차,8703,PF,불령 폴리네시아,2025-08-01,390946,,,-48.22887850380656,0.000390946
승용차,8703,PF,불령 폴리네시아,2025-09-01,240851,,,-38.3927703570314,0.000240851
승용차,8703,PF,불령 폴리네시아,2025-10-01,855647,,,255.25989096993578,0.000855647
승용차,8703,PF,불령 폴리네시아,2025-11-01,769316,,,-10.089557960233597,0.000769316
승용차,8703,PF,불령 폴리네시아,2025-12-01,1938038,,,151.91702759334268,0.001938038
승용차,8703,PF,불령 폴리네시아,2026-01-01,1229562,546448.0,125.00988200158112,-36.556352352224266,0.001229562
승용차,8703,PF,불령 폴리네시아,2026-02-01,1169966,1179196.0,-0.78273671213267,-4.846929231710151,0.001169966
승용차,8703,PF,불령 폴리네시아,2026-03-01,1348935,1159368.0,16.350891175191997,15.29694025296462,0.001348935
승용차,8703,PF,불령 폴리네시아,2026-04-01,746925,557875.0,33.88751960564642,-44.62854029289773,0.000746925
승용차,8703,PF,불령 폴리네시아,2026-05-01,789395,504036.0,56.61480529168552,5.685979181310041,0.000789395
승용차,8703,PF,불령 폴리네시아,2026-06-01,1670166,2047230.0,-18.41825295643381,111.57544701955295,0.001670166
승용차,8703,PF,불령 폴리네시아,2026-07-01,3324299,755143.0,340.2211236812101,99.04003554137732,0.003324299
승용차,8703,BR,브라질,2025-01-01,3710673,,,,0.003710673
승용차,8703,BR,브라질,2025-02-01,5687406,,,53.27154939279208,0.005687406
승용차,8703,BR,브라질,2025-03-01,522725,,,-90.80907886653424,0.000522725
승용차,8703,BR,브라질,2025-04-01,15912955,,,2944.2307140465828,0.015912955
승용차,8703,BR,브라질,2025-05-01,16923018,,,6.347425729539236,0.016923018
승용차,8703,BR,브라질,2025-06-01,3284240,,,-80.59305970128969,0.00328424
승용차,8703,BR,브라질,2025-07-01,5070179,,,54.379064867366566,0.005070179
승용차,8703,BR,브라질,2025-08-01,2014244,,,-60.27272409908999,0.002014244
승용차,8703,BR,브라질,2025-09-01,1260590,,,-37.416221669271444,0.00126059
승용차,8703,BR,브라질,2025-10-01,3196754,,,153.59188951205388,0.003196754
승용차,8703,BR,브라질,2025-11-01,2455778,,,-23.17901221051104,0.002455778
승용차,8703,BR,브라질,2025-12-01,1652344,,,-32.71606798334376,0.001652344
승용차,8703,BR,브라질,2026-01-01,588959,3710673.0,-84.12797355088955,-64.35615101940031,0.000588959
승용차,8703,BR,브라질,2026-02-01,7522110,5687406.0,32.25906502894289,1177.1873763708509,0.00752211
승용차,8703,BR,브라질,2026-03-01,18093317,522725.0,3361.345258022861,140.53512910606202,0.018093317
승용차,8703,BR,브라질,2026-04-01,13561001,15912955.0,-14.780120976902156,-25.04966889155814,0.013561001
승용차,8703,BR,브라질,2026-05-01,724580,16923018.0,-95.71837600125463,-94.65688410464685,0.00072458
승용차,8703,BN,브루나이,2025-01-01,2650201,,,,0.002650201
승용차,8703,BN,브루나이,2025-02-01,3637145,,,37.240345166272306,0.003637145
승용차,8703,BN,브루나이,2025-03-01,3286107,,,-9.651471140138767,0.003286107
승용차,8703,BN,브루나이,2025-04-01,2057218,,,-37.39649987051548,0.002057218
승용차,8703,BN,브루나이,2025-05-01,3052445,,,48.37732316166785,0.003052445
승용차,8703,BN,브루나이,2025-06-01,2866658,,,-6.086497873016549,0.002866658
승용차,8703,BN,브루나이,2025-07-01,1424751,,,-50.299233462798846,0.001424751
승용차,8703,BN,브루나이,2025-08-01,1601978,,,12.439156034984356,0.001601978
승용차,8703,BN,브루나이,2025-09-01,2689245,,,67.87028286281085,0.002689245
승용차,8703,BN,브루나이,2025-10-01,1953952,,,-27.341986319580403,0.001953952
승용차,8703,BN,브루나이,2025-11-01,4564588,,,133.60799037028545,0.004564588
승용차,8703,BN,브루나이,2025-12-01,1328363,,,-70.89851263684696,0.001328363
승용차,8703,BN,브루나이,2026-01-01,943850,2650201.0,-64.3857201774507,-28.946379867551265,0.00094385
승용차,8703,BN,브루나이,2026-02-01,713129,3637145.0,-80.3931655185592,-24.44466811463686,0.000713129
승용차,8703,BN,브루나이,2026-03-01,419528,3286107.0,-87.23328242202703,-41.17081201297381,0.000419528
승용차,8703,BN,브루나이,2026-04-01,600274,2057218.0,-70.82107973000431,43.083179191853695,0.000600274
승용차,8703,BN,브루나이,2026-05-01,227126,3052445.0,-92.55921073106968,-62.162945588181394,0.000227126
승용차,8703,BN,브루나이,2026-06-01,361905,2866658.0,-87.37536880925454,59.341070595176234,0.000361905
승용차,8703,BN,브루나이,2026-07-01,605863,1424751.0,-57.47586771302494,67.40940302012959,0.000605863
승용차,8703,WS,사모아,2025-01-01,37800,,,,3.78e-05
승용차,8703,WS,사모아,2025-02-01,93042,,,146.14285714285714,9.3042e-05
승용차,8703,WS,사모아,2025-04-01,205198,,,120.5434105027837,0.000205198
승용차,8703,WS,사모아,2025-05-01,58462,,,-71.50946890320569,5.8462e-05
승용차,8703,WS,사모아,2025-06-01,45832,,,-21.603776812288324,4.5832e-05
승용차,8703,WS,사모아,2025-07-01,68748,,,50.0,6.8748e-05
승용차,8703,WS,사모아,2025-08-01,182968,,,166.1430150695293,0.000182968
승용차,8703,WS,사모아,2025-09-01,121950,,,-33.34900091819335,0.00012195
승용차,8703,WS,사모아,2025-10-01,284772,,,133.51537515375153,0.000284772
승용차,8703,WS,사모아,2025-11-01,209359,,,-26.481887264197322,0.000209359
승용차,8703,WS,사모아,2025-12-01,265643,,,26.883964864180676,0.000265643
승용차,8703,WS,사모아,2026-03-01,370643,,,39.526733247252885,0.000370643
승용차,8703,WS,사모아,2026-04-01,219901,37800.0,481.74867724867727,-40.67040251670745,0.000219901
승용차,8703,WS,사모아,2026-05-01,50356,93042.0,-45.87820554158337,-77.10060436287239,5.0356e-05
승용차,8703,WS,사모아,2026-06-01,46710,205198.0,-77.23662023996334,-7.2404480101676105,4.671e-05
승용차,8703,WS,사모아,2026-07-01,366536,58462.0,526.9645239642845,684.7056304859773,0.000366536
승용차,8703,SA,사우디아라비아,2025-01-01,89032601,,,,0.089032601
승용차,8703,SA,사우디아라비아,2025-02-01,78409478,,,-11.931722628208963,0.078409478
승용차,8703,SA,사우디아라비아,2025-03-01,93238627,,,18.91244448789724,0.093238627
승용차,8703,SA,사우디아라비아,2025-04-01,71352509,,,-23.47323068152859,0.071352509
승용차,8703,SA,사우디아라비아,2025-05-01,58828518,,,-17.55227836487151,0.058828518
승용차,8703,SA,사우디아라비아,2025-06-01,185773412,,,215.78801968120294,0.185773412
승용차,8703,SA,사우디아라비아,2025-07-01,86815413,,,-53.26811729118697,0.086815413
승용차,8703,SA,사우디아라비아,2025-08-01,98412297,,,13.358093452829634,0.098412297
승용차,8703,SA,사우디아라비아,2025-09-01,79936296,,,-18.774077593169068,0.079936296
승용차,8703,SA,사우디아라비아,2025-10-01,99160727,,,24.049689517762985,0.099160727
승용차,8703,SA,사우디아라비아,2025-11-01,137523062,,,38.687024753257404,0.137523062
승용차,8703,SA,사우디아라비아,2025-12-01,149100810,,,8.418768337197147,0.14910081
승용차,8703,SA,사우디아라비아,2026-01-01,54768717,89032601.0,-38.484649010759554,-63.26732430226234,0.054768717
승용차,8703,SA,사우디아라비아,2026-02-01,47968323,78409478.0,-38.82331036561677,-12.41656619416518,0.047968323
승용차,8703,SA,사우디아라비아,2026-03-01,26153604,93238627.0,-71.9498186089763,-45.4773434543459,0.026153604
승용차,8703,SA,사우디아라비아,2026-04-01,33866688,71352509.0,-52.53609372026426,29.4914765857891,0.033866688
승용차,8703,SA,사우디아라비아,2026-05-01,48691542,58828518.0,-17.231397874071895,43.77414762258418,0.048691542
승용차,8703,SA,사우디아라비아,2026-06-01,159333467,185773412.0,-14.232362271518163,227.23027543469462,0.159333467
승용차,8703,SA,사우디아라비아,2026-07-01,134433890,86815413.0,54.85025683169877,-15.627336471627773,0.13443389
승용차,8703,CY,사이프러스,2025-01-01,1316877,,,,0.001316877
승용차,8703,CY,사이프러스,2025-02-01,4439477,,,237.12161424339553,0.004439477
승용차,8703,CY,사이프러스,2025-03-01,3226044,,,-27.33279167793864,0.003226044
승용차,8703,CY,사이프러스,2025-04-01,4394873,,,36.23103094688107,0.004394873
승용차,8703,CY,사이프러스,2025-05-01,1692234,,,-61.495269601647195,0.001692234
승용차,8703,CY,사이프러스,2025-06-01,4555617,,,169.20727275305896,0.004555617
승용차,8703,CY,사이프러스,2025-07-01,4530598,,,-0.5491901536059718,0.004530598
승용차,8703,CY,사이프러스,2025-08-01,2451302,,,-45.89451547014324,0.002451302
승용차,8703,CY,사이프러스,2025-09-01,3111968,,,26.951636314089413,0.003111968
승용차,8703,CY,사이프러스,2025-10-01,1790299,,,-42.47052026241916,0.001790299
승용차,8703,CY,사이프러스,2025-11-01,1646083,,,-8.05541420734749,0.001646083
승용차,8703,CY,사이프러스,2025-12-01,8372895,,,408.65569962146503,0.008372895
승용차,8703,CY,사이프러스,2026-01-01,3485357,1316877.0,164.66837829197414,-58.37333443211696,0.003485357
승용차,8703,CY,사이프러스,2026-02-01,580276,4439477.0,-86.92918107245515,-83.35103118561456,0.000580276
승용차,8703,CY,사이프러스,2026-03-01,2222236,3226044.0,-31.115756635681347,282.9619008885427,0.002222236
승용차,8703,CY,사이프러스,2026-04-01,2114365,4394873.0,-51.89019113862903,-4.854164904177594,0.002114365
승용차,8703,CY,사이프러스,2026-05-01,419847,1692234.0,-75.18977871854602,-80.14311625476208,0.000419847
승용차,8703,CY,사이프러스,2026-06-01,3423922,4555617.0,-24.841750305172717,715.5166048584365,0.003423922
승용차,8703,CY,사이프러스,2026-07-01,1593602,4530598.0,-64.82579120901921,-53.45682524309841,0.001593602
승용차,8703,ST,상토메 프린스페,2025-04-01,2386,,,,2.386e-06
승용차,8703,ST,상토메 프린스페,2025-10-01,1825,,,-23.512154233025985,1.825e-06
승용차,8703,SN,세네갈,2025-01-01,2466337,,,,0.002466337
승용차,8703,SN,세네갈,2025-02-01,3037801,,,23.170556172980405,0.003037801
승용차,8703,SN,세네갈,2025-03-01,3037667,,,-0.004411085518762903,0.003037667
승용차,8703,SN,세네갈,2025-04-01,3699170,,,21.776679273929634,0.00369917
승용차,8703,SN,세네갈,2025-05-01,3358969,,,-9.196684661694377,0.003358969
승용차,8703,SN,세네갈,2025-06-01,2718388,,,-19.07076248694167,0.002718388
승용차,8703,SN,세네갈,2025-07-01,3203225,,,17.83545983869852,0.003203225
승용차,8703,SN,세네갈,2025-08-01,3067169,,,-4.247469347298427,0.003067169
승용차,8703,SN,세네갈,2025-09-01,4303276,,,40.30123543893407,0.004303276
승용차,8703,SN,세네갈,2025-10-01,4096261,,,-4.810637291217201,0.004096261
승용차,8703,SN,세네갈,2025-11-01,4251786,,,3.7967551384054943,0.004251786
승용차,8703,SN,세네갈,2025-12-01,4480657,,,5.382937899508589,0.004480657
승용차,8703,SN,세네갈,2026-01-01,4063775,2466337.0,64.76965637704824,-9.304037332025194,0.004063775
승용차,8703,SN,세네갈,2026-02-01,3044588,3037801.0,0.22341818967075433,-25.079808798469404,0.003044588
승용차,8703,SN,세네갈,2026-03-01,4140030,3037667.0,36.28979081643906,35.979974958845,0.00414003
승용차,8703,SN,세네갈,2026-04-01,3554348,3699170.0,-3.9149863347723968,-14.146805699475607,0.003554348
승용차,8703,SN,세네갈,2026-05-01,3719639,3358969.0,10.737520947647926,4.650388763283719,0.003719639
승용차,8703,SN,세네갈,2026-06-01,4782154,2718388.0,75.91874301976024,28.565003216710004,0.004782154
승용차,8703,SN,세네갈,2026-07-01,4205743,3203225.0,31.29714584520289,-12.053375947324152,0.004205743
승용차,8703,RS,세르비아,2025-01-01,38523,,,,3.8523e-05
승용차,8703,RS,세르비아,2025-02-01,317613,,,724.476286893544,0.000317613
승용차,8703,RS,세르비아,2025-03-01,129192,,,-59.3240830822416,0.000129192
승용차,8703,RS,세르비아,2025-04-01,463165,,,258.50904080748035,0.000463165
승용차,8703,RS,세르비아,2025-06-01,170722,,,-63.14013364567703,0.000170722
승용차,8703,RS,세르비아,2025-10-01,66903,,,-60.811729009735124,6.6903e-05
승용차,8703,RS,세르비아,2025-11-01,401191,,,499.6607028085437,0.000401191
승용차,8703,RS,세르비아,2025-12-01,270199,,,-32.65078229571451,0.000270199
승용차,8703,RS,세르비아,2026-02-01,526607,,,94.89598407099953,0.000526607
승용차,8703,RS,세르비아,2026-03-01,59104,,,-88.77644999022041,5.9104e-05
승용차,8703,RS,세르비아,2026-04-01,163857,,,177.23504331348133,0.000163857
승용차,8703,RS,세르비아,2026-05-01,56462,,,-65.54190544194023,5.6462e-05
승용차,8703,SC,세이쉘,2025-02-01,975861,,,,0.000975861
승용차,8703,SC,세이쉘,2025-03-01,247726,,,-74.61462236937433,0.000247726
승용차,8703,SC,세이쉘,2025-04-01,571199,,,130.57692773467463,0.000571199
승용차,8703,SC,세이쉘,2025-05-01,532504,,,-6.77434659374404,0.000532504
승용차,8703,SC,세이쉘,2025-06-01,62052,,,-88.3471297868185,6.2052e-05
승용차,8703,SC,세이쉘,2025-07-01,74769,,,20.494101721137103,7.4769e-05
승용차,8703,SC,세이쉘,2025-09-01,107110,,,43.254557370033034,0.00010711
승용차,8703,SC,세이쉘,2025-10-01,479034,,,347.23555223601903,0.000479034
승용차,8703,SC,세이쉘,2025-11-01,640453,,,33.696773089175295,0.000640453
승용차,8703,SC,세이쉘,2025-12-01,219559,,,-65.71817135683648,0.000219559
승용차,8703,SC,세이쉘,2026-02-01,649508,,,195.82390154810324,0.000649508
승용차,8703,SC,세이쉘,2026-04-01,371232,,,-42.84412201235397,0.000371232
승용차,8703,SC,세이쉘,2026-07-01,573311,975861.0,-41.250751900116924,54.43469312990259,0.000573311
승용차,8703,LC,세인트 루시아,2025-01-01,181097,,,,0.000181097
승용차,8703,LC,세인트 루시아,2025-03-01,27720,,,-84.6932859185961,2.772e-05
승용차,8703,LC,세인트 루시아,2025-06-01,223253,,,705.3860028860029,0.000223253
승용차,8703,LC,세인트 루시아,2025-07-01,321805,,,44.143639727125716,0.000321805
승용차,8703,LC,세인트 루시아,2025-08-01,264264,,,-17.880704153136218,0.000264264
승용차,8703,LC,세인트 루시아,2025-09-01,124303,,,-52.96256773529501,0.000124303
승용차,8703,LC,세인트 루시아,2025-11-01,323762,,,160.461935753763,0.000323762
승용차,8703,LC,세인트 루시아,2025-12-01,104605,,,-67.69077285166264,0.000104605
승용차,8703,LC,세인트 루시아,2026-01-01,149298,,,42.72549113331103,0.000149298
승용차,8703,LC,세인트 루시아,2026-02-01,169478,,,13.516590979115595,0.000169478
승용차,8703,LC,세인트 루시아,2026-03-01,133688,,,-21.117785199258897,0.000133688
승용차,8703,LC,세인트 루시아,2026-04-01,176558,,,32.06720124468914,0.000176558
승용차,8703,LC,세인트 루시아,2026-05-01,218593,181097.0,20.70492608933334,23.80804041731328,0.000218593
승용차,8703,LC,세인트 루시아,2026-06-01,59076,27720.0,113.11688311688313,-72.97443193514887,5.9076e-05
승용차,8703,LC,세인트 루시아,2026-07-01,23123,223253.0,-89.64269237143509,-60.858893628546284,2.3123e-05
승용차,8703,MF,세인트 마틴,2025-01-01,455854,,,,0.000455854
승용차,8703,MF,세인트 마틴,2025-02-01,954868,,,109.46794368372328,0.000954868
승용차,8703,MF,세인트 마틴,2025-03-01,805888,,,-15.602156528441624,0.000805888
승용차,8703,MF,세인트 마틴,2025-04-01,521734,,,-35.25973832592122,0.000521734
승용차,8703,MF,세인트 마틴,2025-05-01,232402,,,-55.45584531581227,0.000232402
승용차,8703,MF,세인트 마틴,2025-06-01,226252,,,-2.646276710183215,0.000226252
승용차,8703,MF,세인트 마틴,2025-07-01,265647,,,17.412000777893667,0.000265647
승용차,8703,MF,세인트 마틴,2025-08-01,846405,,,218.6201989858722,0.000846405
승용차,8703,MF,세인트 마틴,2025-09-01,586790,,,-30.672668521570646,0.00058679
승용차,8703,MF,세인트 마틴,2025-10-01,53989,,,-90.79926379113482,5.3989e-05
승용차,8703,MF,세인트 마틴,2025-11-01,378379,,,600.8446164959529,0.000378379
승용차,8703,MF,세인트 마틴,2025-12-01,644706,,,70.3863057939262,0.000644706
승용차,8703,MF,세인트 마틴,2026-01-01,472186,455854.0,3.582726048252294,-26.759484167977345,0.000472186
승용차,8703,MF,세인트 마틴,2026-02-01,201038,954868.0,-78.94599044056352,-57.42398122773653,0.000201038
승용차,8703,MF,세인트 마틴,2026-03-01,40135,805888.0,-95.01977942344345,-80.03611257573195,4.0135e-05
승용차,8703,MF,세인트 마틴,2026-04-01,110220,521734.0,-78.87429226387393,174.62314687928244,0.00011022
승용차,8703,MF,세인트 마틴,2026-05-01,43154,232402.0,-81.43131298353714,-60.84739611685719,4.3154e-05
승용차,8703,MF,세인트 마틴,2026-07-01,12572,226252.0,-94.44336403656101,-70.86712703341522,1.2572e-05
승용차,8703,BL,세인트 바르탤르미,2025-08-01,48403,,,,4.8403e-05
승용차,8703,BL,세인트 바르탤르미,2026-06-01,97480,,,101.3924756729955,9.748e-05
승용차,8703,VC,세인트 빈센트 그레나딘,2025-01-01,97625,,,,9.7625e-05
승용차,8703,VC,세인트 빈센트 그레나딘,2025-02-01,13288,,,-86.3887323943662,1.3288e-05
승용차,8703,VC,세인트 빈센트 그레나딘,2025-03-01,141441,,,964.4265502709212,0.000141441
승용차,8703,VC,세인트 빈센트 그레나딘,2025-04-01,35482,,,-74.9139217058703,3.5482e-05
승용차,8703,VC,세인트 빈센트 그레나딘,2025-05-01,10259,,,-71.08674821036018,1.0259e-05
승용차,8703,VC,세인트 빈센트 그레나딘,2025-06-01,88598,,,763.6124378594404,8.8598e-05
승용차,8703,VC,세인트 빈센트 그레나딘,2025-07-01,20282,,,-77.10783539131809,2.0282e-05
승용차,8703,VC,세인트 빈센트 그레나딘,2025-09-01,100848,,,397.2290701114288,0.000100848
승용차,8703,VC,세인트 빈센트 그레나딘,2025-10-01,70808,,,-29.787402824052034,7.0808e-05
승용차,8703,VC,세인트 빈센트 그레나딘,2025-11-01,12800,,,-81.92294655971077,1.28e-05
승용차,8703,VC,세인트 빈센트 그레나딘,2026-02-01,101804,,,695.34375,0.000101804
승용차,8703,VC,세인트 빈센트 그레나딘,2026-03-01,40338,,,-60.376802483203015,4.0338e-05
승용차,8703,VC,세인트 빈센트 그레나딘,2026-04-01,153820,97625.0,57.56209987195901,281.3277802568298,0.00015382
승용차,8703,KN,세인트 키츠 네비스,2025-01-01,41014,,,,4.1014e-05
승용차,8703,KN,세인트 키츠 네비스,2025-02-01,106126,,,158.75554688642902,0.000106126
승용차,8703,KN,세인트 키츠 네비스,2025-03-01,14521,,,-86.31720784727588,1.4521e-05
승용차,8703,KN,세인트 키츠 네비스,2025-07-01,62231,,,328.5586392121755,6.2231e-05
승용차,8703,KN,세인트 키츠 네비스,2025-08-01,2900,,,-95.33994311516769,2.9e-06
승용차,8703,KN,세인트 키츠 네비스,2025-09-01,43872,,,1412.8275862068965,4.3872e-05
승용차,8703,KN,세인트 키츠 네비스,2025-10-01,2425,,,-94.4725565280817,2.425e-06
승용차,8703,KN,세인트 키츠 네비스,2025-11-01,128455,,,5197.113402061856,0.000128455
승용차,8703,KN,세인트 키츠 네비스,2025-12-01,66135,,,-48.51504417889533,6.6135e-05
승용차,8703,KN,세인트 키츠 네비스,2026-01-01,47863,,,-27.628335979436002,4.7863e-05
승용차,8703,KN,세인트 키츠 네비스,2026-02-01,30660,,,-35.94216827194283,3.066e-05
승용차,8703,KN,세인트 키츠 네비스,2026-03-01,9676,,,-68.4409654272668,9.676e-06
승용차,8703,KN,세인트 키츠 네비스,2026-04-01,210126,41014.0,412.32749792753697,2071.6205043406367,0.000210126
승용차,8703,KN,세인트 키츠 네비스,2026-05-01,89444,106126.0,-15.71905093944933,-57.433159152127764,8.9444e-05
승용차,8703,KN,세인트 키츠 네비스,2026-06-01,46456,14521.0,219.92287032573512,-48.061356826617775,4.6456e-05
승용차,8703,KN,세인트 키츠 네비스,2026-07-01,108808,62231.0,74.84533431890858,134.2173239194076,0.000108808
승용차,8703,SX,세인트마틴(생마르탱),2025-02-01,7852,,,,7.852e-06
승용차,8703,SX,세인트마틴(생마르탱),2025-04-01,10729,,,36.64034640855833,1.0729e-05
승용차,8703,SX,세인트마틴(생마르탱),2025-05-01,8888,,,-17.159101500605832,8.888e-06
승용차,8703,SX,세인트마틴(생마르탱),2025-07-01,2477,,,-72.13096309630963,2.477e-06
승용차,8703,SX,세인트마틴(생마르탱),2025-12-01,4392,,,77.31126362535325,4.392e-06
승용차,8703,SX,세인트마틴(생마르탱),2026-02-01,28095,,,539.6857923497267,2.8095e-05
승용차,8703,SX,세인트마틴(생마르탱),2026-05-01,142931,,,408.74176899804235,0.000142931
승용차,8703,SX,세인트마틴(생마르탱),2026-06-01,7052,,,-95.06615080003638,7.052e-06
승용차,8703,SX,세인트마틴(생마르탱),2026-07-01,162452,,,2203.630175836642,0.000162452
승용차,8703,SO,소말리아,2025-02-01,14595,,,,1.4595e-05
승용차,8703,SO,소말리아,2025-04-01,318046,,,2079.14354230901,0.000318046
승용차,8703,SO,소말리아,2025-10-01,12724,,,-95.99932085295838,1.2724e-05
승용차,8703,SO,소말리아,2026-04-01,2175,,,-82.90631876768312,2.175e-06
승용차,8703,SO,소말리아,2026-06-01,7575,,,248.27586206896552,7.575e-06
승용차,8703,SB,솔로몬 군도,2025-02-01,83768,,,,8.3768e-05
승용차,8703,SB,솔로몬 군도,2025-04-01,362409,,,332.6341801165123,0.000362409
승용차,8703,SB,솔로몬 군도,2025-05-01,84496,,,-76.68490572805862,8.4496e-05
승용차,8703,SB,솔로몬 군도,2025-12-01,288988,,,242.0138231395569,0.000288988
승용차,8703,SB,솔로몬 군도,2026-02-01,165136,,,-42.85714285714286,0.000165136
승용차,8703,SB,솔로몬 군도,2026-05-01,82568,,,-50.0,8.2568e-05
승용차,8703,SB,솔로몬 군도,2026-07-01,82568,,,0.0,8.2568e-05
승용차,8703,SD,수단,2025-02-01,5856,,,,5.856e-06
승용차,8703,SD,수단,2025-03-01,41112,,,602.0491803278688,4.1112e-05
승용차,8703,SD,수단,2025-05-01,67773,,,64.84967892586107,6.7773e-05
승용차,8703,SD,수단,2025-06-01,13317,,,-80.35058209021292,1.3317e-05
승용차,8703,SD,수단,2025-07-01,95367,,,616.1297589547195,9.5367e-05
승용차,8703,SD,수단,2025-09-01,111925,,,17.362399991611355,0.000111925
승용차,8703,SD,수단,2025-10-01,112080,,,0.1384855930310458,0.00011208
승용차,8703,SD,수단,2025-11-01,216212,,,92.90863668807994,0.000216212
승용차,8703,SD,수단,2025-12-01,305461,,,41.278467430114894,0.000305461
승용차,8703,SD,수단,2026-01-01,504313,,,65.09898153937819,0.000504313
승용차,8703,SD,수단,2026-02-01,396868,,,-21.305221162254394,0.000396868
승용차,8703,SD,수단,2026-03-01,89252,,,-77.51091042865637,8.9252e-05
승용차,8703,SD,수단,2026-04-01,347750,5856.0,5838.353825136612,289.62712320172096,0.00034775
승용차,8703,SD,수단,2026-05-01,921895,41112.0,2142.398812998638,165.10280373831776,0.000921895
승용차,8703,SD,수단,2026-06-01,921677,67773.0,1259.9471766042525,-0.02364694460865735,0.000921677
승용차,8703,SD,수단,2026-07-01,816170,13317.0,6028.782758879627,-11.447285762799764,0.00081617
승용차,8703,SR,수리남,2025-01-01,286251,,,,0.000286251
승용차,8703,SR,수리남,2025-02-01,40636,,,-85.80406706002775,4.0636e-05
승용차,8703,SR,수리남,2025-04-01,22817,,,-43.85028053942317,2.2817e-05
승용차,8703,SR,수리남,2025-06-01,28868,,,26.51970022351755,2.8868e-05
승용차,8703,SR,수리남,2025-07-01,57574,,,99.43882499653596,5.7574e-05
승용차,8703,SR,수리남,2025-08-01,111284,,,93.28863723208394,0.000111284
승용차,8703,SR,수리남,2025-09-01,14519,,,-86.95320081952482,1.4519e-05
승용차,8703,SR,수리남,2025-11-01,35691,,,145.82271506302087,3.5691e-05
승용차,8703,SR,수리남,2025-12-01,121016,,,239.065870947858,0.000121016
승용차,8703,SR,수리남,2026-01-01,73944,,,-38.89733588946916,7.3944e-05
승용차,8703,SR,수리남,2026-04-01,17944,,,-75.7329871253922,1.7944e-05
승용차,8703,SR,수리남,2026-07-01,12370,,,-31.063308069549713,1.237e-05
승용차,8703,LK,스리랑카,2025-03-01,120847,,,,0.000120847
승용차,8703,LK,스리랑카,2025-05-01,583940,,,383.20603738611635,0.00058394
승용차,8703,LK,스리랑카,2025-06-01,1709942,,,192.82837277802517,0.001709942
승용차,8703,LK,스리랑카,2025-07-01,572374,,,-66.52670090564476,0.000572374
승용차,8703,LK,스리랑카,2025-08-01,807852,,,41.14058290558271,0.000807852
승용차,8703,LK,스리랑카,2025-09-01,2938970,,,263.80054762506006,0.00293897
승용차,8703,LK,스리랑카,2025-10-01,4174422,,,42.036904085444895,0.004174422
승용차,8703,LK,스리랑카,2025-11-01,2063464,,,-50.56886917518162,0.002063464
승용차,8703,LK,스리랑카,2025-12-01,158943,,,-92.29727293521961,0.000158943
승용차,8703,LK,스리랑카,2026-01-01,1503268,,,845.7906293451111,0.001503268
승용차,8703,LK,스리랑카,2026-02-01,2138523,,,42.25826665637798,0.002138523
승용차,8703,LK,스리랑카,2026-03-01,1150841,,,-46.18524093498176,0.001150841
승용차,8703,LK,스리랑카,2026-04-01,1086312,120847.0,798.9151571822222,-5.6071168823495166,0.001086312
승용차,8703,LK,스리랑카,2026-05-01,630652,583940.0,7.99945199849299,-41.94559205826687,0.000630652
승용차,8703,LK,스리랑카,2026-06-01,587480,1709942.0,-65.64327912876577,-6.845613745774215,0.00058748
승용차,8703,LK,스리랑카,2026-07-01,594026,572374.0,3.782841289087213,1.114250697896102,0.000594026
승용차,8703,SZ,스와질랜드,2025-03-01,3575,,,,3.575e-06
승용차,8703,SE,스웨덴,2025-01-01,44529592,,,,0.044529592
승용차,8703,SE,스웨덴,2025-02-01,48074802,,,7.961469757010131,0.048074802
승용차,8703,SE,스웨덴,2025-03-01,44868858,,,-6.66865773050922,0.044868858
승용차,8703,SE,스웨덴,2025-04-01,71696119,,,59.790380668926325,0.071696119
승용차,8703,SE,스웨덴,2025-05-01,46952430,,,-34.51189456991389,0.04695243
승용차,8703,SE,스웨덴,2025-06-01,46667872,,,-0.606055959191032,0.046667872
승용차,8703,SE,스웨덴,2025-07-01,67361826,,,44.34304182543401,0.067361826
승용차,8703,SE,스웨덴,2025-08-01,58189133,,,-13.617049217163446,0.058189133
승용차,8703,SE,스웨덴,2025-09-01,67324690,,,15.69976476535575,0.06732469
승용차,8703,SE,스웨덴,2025-10-01,32954775,,,-51.05098144529146,0.032954775
승용차,8703,SE,스웨덴,2025-11-01,51731603,,,56.97756394938214,0.051731603
승용차,8703,SE,스웨덴,2025-12-01,50076781,,,-3.198860858806174,0.050076781
승용차,8703,SE,스웨덴,2026-01-01,59565977,44529592.0,33.76717442189903,18.949293086550423,0.059565977
승용차,8703,SE,스웨덴,2026-02-01,49736145,48074802.0,3.455745901980012,-16.50242721612708,0.049736145
승용차,8703,SE,스웨덴,2026-03-01,65767467,44868858.0,46.57709139822548,32.23273938902984,0.065767467
승용차,8703,SE,스웨덴,2026-04-01,69127598,71696119.0,-3.5825105121798817,5.109108124842332,0.069127598
승용차,8703,SE,스웨덴,2026-05-01,78345655,46952430.0,66.86176838983626,13.334843487546033,0.078345655
승용차,8703,SE,스웨덴,2026-06-01,38424627,46667872.0,-17.66364020197878,-50.954999355101435,0.038424627
승용차,8703,SE,스웨덴,2026-07-01,59771778,67361826.0,-11.267580543318411,55.55590949523075,0.059771778
승용차,8703,CH,스위스,2025-01-01,9887879,,,,0.009887879
승용차,8703,CH,스위스,2025-02-01,15516866,,,56.92815415722623,0.015516866
승용차,8703,CH,스위스,2025-03-01,15106303,,,-2.6459144520549427,0.015106303
승용차,8703,CH,스위스,2025-04-01,14724311,,,-2.528692824445533,0.014724311
승용차,8703,CH,스위스,2025-05-01,16004048,,,8.691320089612354,0.016004048
승용차,8703,CH,스위스,2025-06-01,27299873,,,70.58104924454113,0.027299873
승용차,8703,CH,스위스,2025-07-01,19392376,,,-28.965325223307815,0.019392376
승용차,8703,CH,스위스,2025-08-01,23272180,,,20.006852177371147,0.02327218
승용차,8703,CH,스위스,2025-09-01,38044888,,,63.47797241169499,0.038044888
승용차,8703,CH,스위스,2025-10-01,24121442,,,-36.59741618900284,0.024121442
승용차,8703,CH,스위스,2025-11-01,29285969,,,21.41052346704646,0.029285969
승용차,8703,CH,스위스,2025-12-01,26469780,,,-9.616171484713377,0.02646978
승용차,8703,CH,스위스,2026-01-01,6867310,9887879.0,-30.548199467246718,-74.05603673321049,0.00686731
승용차,8703,CH,스위스,2026-02-01,13269027,15516866.0,-14.4864239982481,93.22015461658204,0.013269027
승용차,8703,CH,스위스,2026-03-01,17109010,15106303.0,13.257426386853233,28.939446728083375,0.01710901
승용차,8703,CH,스위스,2026-04-01,16365166,14724311.0,11.14384910777828,-4.34767412024425,0.016365166
승용차,8703,CH,스위스,2026-05-01,31782019,16004048.0,98.58737614383561,94.20529556498236,0.031782019
승용차,8703,CH,스위스,2026-06-01,28876412,27299873.0,5.774894996764268,-9.142298354299017,0.028876412
승용차,8703,CH,스위스,2026-07-01,19058517,19392376.0,-1.7215992511696365,-33.99970536505713,0.019058517
승용차,8703,ES,스페인,2025-01-01,85646890,,,,0.08564689
승용차,8703,ES,스페인,2025-02-01,78246452,,,-8.64063832323626,0.078246452
승용차,8703,ES,스페인,2025-03-01,98600380,,,26.01258904365402,0.09860038
승용차,8703,ES,스페인,2025-04-01,174908686,,,77.391492811691,0.174908686
승용차,8703,ES,스페인,2025-05-01,104628220,,,-40.18123262329007,0.10462822
승용차,8703,ES,스페인,2025-06-01,85459432,,,-18.32085836880337,0.085459432
승용차,8703,ES,스페인,2025-07-01,142405531,,,66.63524161967283,0.142405531
승용차,8703,ES,스페인,2025-08-01,141818140,,,-0.41247765861004426,0.14181814
승용차,8703,ES,스페인,2025-09-01,101740924,,,-28.25958371756956,0.101740924
승용차,8703,ES,스페인,2025-10-01,96056664,,,-5.586994668929879,0.096056664
승용차,8703,ES,스페인,2025-11-01,138023822,,,43.6900015599126,0.138023822
승용차,8703,ES,스페인,2025-12-01,143905228,,,4.261152832008963,0.143905228
승용차,8703,ES,스페인,2026-01-01,114945262,85646890.0,34.208331440873096,-20.124332105571597,0.114945262
승용차,8703,ES,스페인,2026-02-01,74300977,78246452.0,-5.042369205443331,-35.359687117856154,0.074300977
승용차,8703,ES,스페인,2026-03-01,144900921,98600380.0,46.957771359501855,95.01886361467359,0.144900921
승용차,8703,ES,스페인,2026-04-01,81897395,174908686.0,-53.17705662713629,-43.48041790569434,0.081897395
승용차,8703,ES,스페인,2026-05-01,121072896,104628220.0,15.717247220682907,47.834856041513895,0.121072896
승용차,8703,ES,스페인,2026-06-01,108646733,85459432.0,27.132524119748425,-10.263373067412218,0.108646733
승용차,8703,ES,스페인,2026-07-01,142019697,142405531.0,-0.2709403190245485,30.71695124049427,0.142019697
승용차,8703,SK,슬로바키아,2025-01-01,4248896,,,,0.004248896
승용차,8703,SK,슬로바키아,2025-02-01,3822432,,,-10.037054331289818,0.003822432
승용차,8703,SK,슬로바키아,2025-03-01,5869035,,,53.54190735113142,0.005869035
승용차,8703,SK,슬로바키아,2025-04-01,4808253,,,-18.0742149263039,0.004808253
승용차,8703,SK,슬로바키아,2025-05-01,4814590,,,0.13179422962976695,0.00481459
승용차,8703,SK,슬로바키아,2025-06-01,1940186,,,-59.701947621708186,0.001940186
승용차,8703,SK,슬로바키아,2025-07-01,3810279,,,96.38730513466234,0.003810279
승용차,8703,SK,슬로바키아,2025-08-01,6701306,,,75.87441759514198,0.006701306
승용차,8703,SK,슬로바키아,2025-09-01,6680831,,,-0.30553745792237796,0.006680831
승용차,8703,SK,슬로바키아,2025-10-01,6047668,,,-9.477309035358028,0.006047668
승용차,8703,SK,슬로바키아,2025-11-01,3617165,,,-40.18909437488962,0.003617165
승용차,8703,SK,슬로바키아,2025-12-01,3490526,,,-3.5010567668325887,0.003490526
승용차,8703,SK,슬로바키아,2026-01-01,4020428,4248896.0,-5.377114431607644,15.181150348113714,0.004020428
승용차,8703,SK,슬로바키아,2026-02-01,7663212,3822432.0,100.48000853906625,90.60687071127751,0.007663212
승용차,8703,SK,슬로바키아,2026-03-01,2802788,5869035.0,-52.2444831220124,-63.42541482605466,0.002802788
승용차,8703,SK,슬로바키아,2026-04-01,13650732,4808253.0,183.902115799647,387.0411889875367,0.013650732
승용차,8703,SK,슬로바키아,2026-05-01,3303685,4814590.0,-31.381799904041674,-75.79847732707667,0.003303685
승용차,8703,SK,슬로바키아,2026-06-01,4235466,1940186.0,118.30205969943086,28.204293084843137,0.004235466
승용차,8703,SK,슬로바키아,2026-07-01,4688722,3810279.0,23.054558471964913,10.70144347752997,0.004688722
승용차,8703,SI,슬로베니아,2025-01-01,2830662,,,,0.002830662
승용차,8703,SI,슬로베니아,2025-02-01,4085525,,,44.33107873705868,0.004085525
승용차,8703,SI,슬로베니아,2025-03-01,2646923,,,-35.21216979457964,0.002646923
승용차,8703,SI,슬로베니아,2025-04-01,24438017,,,823.2613491212248,0.024438017
승용차,8703,SI,슬로베니아,2025-05-01,11918408,,,-51.23005274936997,0.011918408
승용차,8703,SI,슬로베니아,2025-06-01,18313939,,,53.66095035511454,0.018313939
승용차,8703,SI,슬로베니아,2025-07-01,7508278,,,-59.00238610601466,0.007508278
승용차,8703,SI,슬로베니아,2025-08-01,8853239,,,17.913042111653297,0.008853239
승용차,8703,SI,슬로베니아,2025-09-01,16200958,,,82.9946983245341,0.016200958
승용차,8703,SI,슬로베니아,2025-10-01,3145129,,,-80.58677147363755,0.003145129
승용차,8703,SI,슬로베니아,2025-11-01,6754785,,,114.76972804613101,0.006754785
승용차,8703,SI,슬로베니아,2025-12-01,3775786,,,-44.102055061708114,0.003775786
승용차,8703,SI,슬로베니아,2026-01-01,13600260,2830662.0,380.46216750710613,260.19679081388614,0.01360026
승용차,8703,SI,슬로베니아,2026-02-01,9100792,4085525.0,122.75697737744844,-33.08369104708292,0.009100792
승용차,8703,SI,슬로베니아,2026-03-01,19784925,2646923.0,647.4688534573919,117.39783746293728,0.019784925
승용차,8703,SI,슬로베니아,2026-04-01,4050728,24438017.0,-83.42448161812803,-79.52618976316565,0.004050728
승용차,8703,SI,슬로베니아,2026-05-01,4603925,11918408.0,-61.37130898690496,13.656730345755141,0.004603925
승용차,8703,SI,슬로베니아,2026-06-01,4466212,18313939.0,-75.61304534212984,-2.99120858832409,0.004466212
승용차,8703,SI,슬로베니아,2026-07-01,3648320,7508278.0,-51.40936443749153,-18.31287901246067,0.00364832
승용차,8703,SY,시리아,2025-01-01,896802,,,,0.000896802
승용차,8703,SY,시리아,2025-02-01,5408626,,,503.10146498335195,0.005408626
승용차,8703,SY,시리아,2025-03-01,9184076,,,69.80423493878112,0.009184076
승용차,8703,SY,시리아,2025-04-01,9783608,,,6.527951205978688,0.009783608
승용차,8703,SY,시리아,2025-05-01,8154816,,,-16.648173148392697,0.008154816
승용차,8703,SY,시리아,2025-06-01,10712587,,,31.365158944113514,0.010712587
승용차,8703,SY,시리아,2025-07-01,21065388,,,96.64146484878022,0.021065388
승용차,8703,SY,시리아,2025-08-01,5257694,,,-75.04107686029803,0.005257694
승용차,8703,SY,시리아,2025-09-01,2246165,,,-57.27851411664505,0.002246165
승용차,8703,SY,시리아,2025-10-01,3263195,,,45.278508034805995,0.003263195
승용차,8703,SY,시리아,2025-11-01,1742962,,,-46.58725574168875,0.001742962
승용차,8703,SY,시리아,2025-12-01,1987861,,,14.050736619616488,0.001987861
승용차,8703,SY,시리아,2026-01-01,13055536,896802.0,1355.788011177495,556.763023169125,0.013055536
승용차,8703,SY,시리아,2026-02-01,5432303,5408626.0,0.4377636760241943,-58.39080831304053,0.005432303
승용차,8703,SY,시리아,2026-03-01,25622397,9184076.0,178.9872056807892,371.6673020632317,0.025622397
승용차,8703,SY,시리아,2026-04-01,26035769,9783608.0,166.1162323756226,1.6133229065180776,0.026035769
승용차,8703,SY,시리아,2026-05-01,11734680,8154816.0,43.89877098391919,-54.92862146687505,0.01173468
승용차,8703,SY,시리아,2026-06-01,5039772,10712587.0,-52.95466911960669,-57.052326948838825,0.005039772
승용차,8703,SY,시리아,2026-07-01,970016,21065388.0,-95.3952141778732,-80.75278008608326,0.000970016
승용차,8703,SL,시에라 리온,2025-01-01,13327,,,,1.3327e-05
승용차,8703,SL,시에라 리온,2025-03-01,13750,,,3.174007653635469,1.375e-05
승용차,8703,SL,시에라 리온,2025-04-01,29410,,,113.89090909090909,2.941e-05
승용차,8703,SL,시에라 리온,2025-05-01,13655,,,-53.570214212852775,1.3655e-05
승용차,8703,SL,시에라 리온,2025-06-01,38541,,,182.2482607103625,3.8541e-05
승용차,8703,SL,시에라 리온,2025-07-01,15473,,,-59.85314340572378,1.5473e-05
승용차,8703,SL,시에라 리온,2025-08-01,53920,,,248.47799392490143,5.392e-05
승용차,8703,SL,시에라 리온,2025-09-01,52636,,,-2.3813056379822006,5.2636e-05
승용차,8703,SL,시에라 리온,2025-10-01,10032,,,-80.94080097271829,1.0032e-05
승용차,8703,SL,시에라 리온,2025-11-01,236338,,,2255.841307814992,0.000236338
승용차,8703,SL,시에라 리온,2025-12-01,28843,,,-87.7958686288282,2.8843e-05
승용차,8703,SL,시에라 리온,2026-01-01,30478,,,5.668619769094763,3.0478e-05
승용차,8703,SL,시에라 리온,2026-02-01,29325,13327.0,120.04201995948077,-3.783056631012538,2.9325e-05
승용차,8703,SL,시에라 리온,2026-03-01,43891,13750.0,219.20727272727274,49.67092924126173,4.3891e-05
승용차,8703,SL,시에라 리온,2026-04-01,43436,29410.0,47.69126147568854,-1.0366589961495531,4.3436e-05
승용차,8703,SL,시에라 리온,2026-05-01,11489,13655.0,-15.862321493958254,-73.54959020167603,1.1489e-05
승용차,8703,SL,시에라 리온,2026-06-01,43413,38541.0,12.641083521444685,277.8657846635912,4.3413e-05
승용차,8703,SL,시에라 리온,2026-07-01,49378,15473.0,219.123634718542,13.740123926012938,4.9378e-05
승용차,8703,SG,싱가포르,2025-01-01,6683578,,,,0.006683578
승용차,8703,SG,싱가포르,2025-02-01,6207998,,,-7.115649731326545,0.006207998
승용차,8703,SG,싱가포르,2025-03-01,3992746,,,-35.68383881566972,0.003992746
승용차,8703,SG,싱가포르,2025-04-01,3111008,,,-22.083498424392634,0.003111008
승용차,8703,SG,싱가포르,2025-05-01,5925904,,,90.48179882533249,0.005925904
승용차,8703,SG,싱가포르,2025-06-01,6297047,,,6.263061298326811,0.006297047
승용차,8703,SG,싱가포르,2025-07-01,4295701,,,-31.782294145176305,0.004295701
승용차,8703,SG,싱가포르,2025-08-01,3592881,,,-16.3610083662713,0.003592881
승용차,8703,SG,싱가포르,2025-09-01,4021659,,,11.934099682121403,0.004021659
승용차,8703,SG,싱가포르,2025-10-01,4818835,,,19.822068454834184,0.004818835
승용차,8703,SG,싱가포르,2025-11-01,6188942,,,28.43232856074134,0.006188942
승용차,8703,SG,싱가포르,2025-12-01,5474358,,,-11.546141489126892,0.005474358
승용차,8703,SG,싱가포르,2026-01-01,4312854,6683578.0,-35.470881016126384,-21.217172863009694,0.004312854
승용차,8703,SG,싱가포르,2026-02-01,830968,6207998.0,-86.61455754334972,-80.73275840081764,0.000830968
승용차,8703,SG,싱가포르,2026-03-01,2034337,3992746.0,-49.04917568009586,144.8153238151168,0.002034337
승용차,8703,SG,싱가포르,2026-04-01,1376163,3111008.0,-55.76472320225469,-32.35324334168822,0.001376163
승용차,8703,SG,싱가포르,2026-05-01,2078754,5925904.0,-64.92089645731689,51.05434457982086,0.002078754
승용차,8703,SG,싱가포르,2026-06-01,3753946,6297047.0,-40.38561249423738,80.58635124694888,0.003753946
승용차,8703,SG,싱가포르,2026-07-01,1119936,4295701.0,-73.92891171894877,-70.16643286824052,0.001119936
승용차,8703,AE,아랍에미리트 연합,2025-01-01,36156266,,,,0.036156266
승용차,8703,AE,아랍에미리트 연합,2025-02-01,53629917,,,48.32814041140199,0.053629917
승용차,8703,AE,아랍에미리트 연합,2025-03-01,46957992,,,-12.440677467391936,0.046957992
승용차,8703,AE,아랍에미리트 연합,2025-04-01,36711050,,,-21.821508040633418,0.03671105
승용차,8703,AE,아랍에미리트 연합,2025-05-01,48641141,,,32.497275343527356,0.048641141
승용차,8703,AE,아랍에미리트 연합,2025-06-01,44538648,,,-8.434203876919744,0.044538648
승용차,8703,AE,아랍에미리트 연합,2025-07-01,37871841,,,-14.968588628913926,0.037871841
승용차,8703,AE,아랍에미리트 연합,2025-08-01,37994508,,,0.3239002825344617,0.037994508
승용차,8703,AE,아랍에미리트 연합,2025-09-01,48306824,,,27.141596359136955,0.048306824
승용차,8703,AE,아랍에미리트 연합,2025-10-01,42198095,,,-12.645685421173624,0.042198095
승용차,8703,AE,아랍에미리트 연합,2025-11-01,62649986,,,48.466384560724826,0.062649986
승용차,8703,AE,아랍에미리트 연합,2025-12-01,64322406,,,2.669465879848709,0.064322406
승용차,8703,AE,아랍에미리트 연합,2026-01-01,58518501,36156266.0,61.84885076351634,-9.023146615504396,0.058518501
승용차,8703,AE,아랍에미리트 연합,2026-02-01,34383964,53629917.0,-35.886598519255585,-41.24257557451788,0.034383964
승용차,8703,AE,아랍에미리트 연합,2026-03-01,3746711,46957992.0,-92.02114306761669,-89.10331862841643,0.003746711
승용차,8703,AE,아랍에미리트 연합,2026-04-01,6703969,36711050.0,-81.7385528335474,78.92943971392509,0.006703969
승용차,8703,AE,아랍에미리트 연합,2026-05-01,3824974,48641141.0,-92.13633989383597,-42.94463473801863,0.003824974
승용차,8703,AE,아랍에미리트 연합,2026-06-01,9250234,44538648.0,-79.23099506747488,141.8378268715029,0.009250234
승용차,8703,AE,아랍에미리트 연합,2026-07-01,40619569,37871841.0,7.255332530573311,339.11936714249606,0.040619569
승용차,8703,AW,아루바,2025-01-01,759919,,,,0.000759919
승용차,8703,AW,아루바,2025-02-01,740566,,,-2.546718795029468,0.000740566
승용차,8703,AW,아루바,2025-03-01,591928,,,-20.070864716986737,0.000591928
승용차,8703,AW,아루바,2025-04-01,486337,,,-17.838487113297564,0.000486337
승용차,8703,AW,아루바,2025-05-01,300398,,,-38.23254245512885,0.000300398
승용차,8703,AW,아루바,2025-06-01,681845,,,126.98053915139246,0.000681845
승용차,8703,AW,아루바,2025-07-01,935379,,,37.183524114718146,0.000935379
승용차,8703,AW,아루바,2025-08-01,535412,,,-42.75988663418785,0.000535412
승용차,8703,AW,아루바,2025-09-01,633790,,,18.37426131651887,0.00063379
승용차,8703,AW,아루바,2025-10-01,436862,,,-31.071490556809035,0.000436862
승용차,8703,AW,아루바,2025-11-01,649710,,,48.72202205730871,0.00064971
승용차,8703,AW,아루바,2025-12-01,441589,,,-32.032906989272135,0.000441589
승용차,8703,AW,아루바,2026-01-01,255410,759919.0,-66.38983891704248,-42.16114984748261,0.00025541
승용차,8703,AW,아루바,2026-02-01,517737,740566.0,-30.089012998166265,102.7081946673975,0.000517737
승용차,8703,AW,아루바,2026-03-01,425952,591928.0,-28.03989674419862,-17.728112922197948,0.000425952
승용차,8703,AW,아루바,2026-04-01,757589,486337.0,55.77449381807264,77.85783374652544,0.000757589
승용차,8703,AW,아루바,2026-05-01,361824,300398.0,20.448205380861385,-52.240066843631574,0.000361824
승용차,8703,AW,아루바,2026-06-01,1078317,681845.0,58.14693955371089,198.02251923587158,0.001078317
승용차,8703,AW,아루바,2026-07-01,681325,935379.0,-27.160541342065624,-36.815889947019286,0.000681325
승용차,8703,AM,아르메니아,2025-01-01,262234,,,,0.000262234
승용차,8703,AM,아르메니아,2025-02-01,251656,,,-4.033801871610853,0.000251656
승용차,8703,AM,아르메니아,2025-03-01,406863,,,61.67426963791842,0.000406863
승용차,8703,AM,아르메니아,2025-04-01,140505,,,-65.46626259944995,0.000140505
승용차,8703,AM,아르메니아,2025-05-01,466198,,,231.80171524145047,0.000466198
승용차,8703,AM,아르메니아,2025-06-01,490063,,,5.119069579878088,0.000490063
승용차,8703,AM,아르메니아,2025-07-01,783448,,,59.86679263686505,0.000783448
승용차,8703,AM,아르메니아,2025-08-01,379683,,,-51.53692395666336,0.000379683
승용차,8703,AM,아르메니아,2025-09-01,681918,,,79.60193108461533,0.000681918
승용차,8703,AM,아르메니아,2025-10-01,426376,,,-37.47400713868822,0.000426376
승용차,8703,AM,아르메니아,2025-11-01,955713,,,124.14793515582491,0.000955713
승용차,8703,AM,아르메니아,2025-12-01,663775,,,-30.54661807467305,0.000663775
승용차,8703,AM,아르메니아,2026-01-01,243879,262234.0,-6.999473752450102,-63.258784979850105,0.000243879
승용차,8703,AM,아르메니아,2026-02-01,515005,251656.0,104.64642210000954,111.17234366222593,0.000515005
승용차,8703,AM,아르메니아,2026-03-01,400261,406863.0,-1.6226592243580806,-22.280172037164693,0.000400261
승용차,8703,AM,아르메니아,2026-04-01,25171,140505.0,-82.0853350414576,-93.71135334194437,2.5171e-05
승용차,8703,AM,아르메니아,2026-05-01,243074,466198.0,-47.860351181257755,865.6906757776806,0.000243074
승용차,8703,AM,아르메니아,2026-06-01,200576,490063.0,-59.07138469951823,-17.483564675777753,0.000200576
승용차,8703,AM,아르메니아,2026-07-01,151368,783448.0,-80.67925376030061,-24.533343969368214,0.000151368
승용차,8703,AR,아르헨티나,2025-01-01,1610425,,,,0.001610425
승용차,8703,AR,아르헨티나,2025-02-01,856880,,,-46.791685424654986,0.00085688
승용차,8703,AR,아르헨티나,2025-03-01,6836204,,,697.8017925497152,0.006836204
승용차,8703,AR,아르헨티나,2025-04-01,5802423,,,-15.12214966083516,0.005802423
승용차,8703,AR,아르헨티나,2025-05-01,11194609,,,92.92990187030487,0.011194609
승용차,8703,AR,아르헨티나,2025-06-01,9195197,,,-17.860489812551737,0.009195197
승용차,8703,AR,아르헨티나,2025-07-01,3704352,,,-59.71427257077798,0.003704352
승용차,8703,AR,아르헨티나,2025-08-01,32941533,,,789.2657339259337,0.032941533
승용차,8703,AR,아르헨티나,2025-09-01,10422295,,,-68.36123261173061,0.010422295
승용차,8703,AR,아르헨티나,2025-10-01,12994908,,,24.683747677454914,0.012994908
승용차,8703,AR,아르헨티나,2025-11-01,635125,,,-95.11250868417075,0.000635125
승용차,8703,AR,아르헨티나,2025-12-01,17741,,,-97.20669159614249,1.7741e-05
승용차,8703,AR,아르헨티나,2026-01-01,1485891,1610425.0,-7.732989738733565,8275.463615354263,0.001485891
승용차,8703,AR,아르헨티나,2026-02-01,48137,856880.0,-94.38229390346373,-96.76039494148628,4.8137e-05
승용차,8703,AR,아르헨티나,2026-04-01,574110,6836204.0,-91.6019182575593,1092.6584539958867,0.00057411
승용차,8703,AR,아르헨티나,2026-05-01,721945,5802423.0,-87.55787022076812,25.750291755935283,0.000721945
승용차,8703,AR,아르헨티나,2026-06-01,619711,11194609.0,-94.46420147412027,-14.160912534888393,0.000619711
승용차,8703,AR,아르헨티나,2026-07-01,1385088,9195197.0,-84.93683169593865,123.50547271228041,0.001385088
승용차,8703,AS,아메리칸 사모아,2025-01-01,297618,,,,0.000297618
승용차,8703,AS,아메리칸 사모아,2025-02-01,310454,,,4.312911181447365,0.000310454
승용차,8703,AS,아메리칸 사모아,2025-04-01,490342,,,57.94352786564194,0.000490342
승용차,8703,AS,아메리칸 사모아,2025-06-01,464542,,,-5.261633716875158,0.000464542
승용차,8703,AS,아메리칸 사모아,2025-09-01,60834,,,-86.90452101209362,6.0834e-05
승용차,8703,AS,아메리칸 사모아,2025-10-01,202780,,,233.33333333333334,0.00020278
승용차,8703,AS,아메리칸 사모아,2025-12-01,424216,,,109.20011835486734,0.000424216
승용차,8703,AS,아메리칸 사모아,2026-01-01,91472,,,-78.43739981518848,9.1472e-05
승용차,8703,AS,아메리칸 사모아,2026-02-01,39956,,,-56.318873535070836,3.9956e-05
승용차,8703,AS,아메리칸 사모아,2026-03-01,147762,,,269.81179297226953,0.000147762
승용차,8703,AS,아메리칸 사모아,2026-04-01,732968,,,396.0463447977152,0.000732968
승용차,8703,AS,아메리칸 사모아,2026-06-01,487482,,,-33.49204876611257,0.000487482
승용차,8703,AS,아메리칸 사모아,2026-07-01,158708,297618.0,-46.673924292213506,-67.44331072737045,0.000158708
승용차,8703,IS,아이슬란드,2025-01-01,3590496,,,,0.003590496
승용차,8703,IS,아이슬란드,2025-02-01,7441079,,,107.24376242168212,0.007441079
승용차,8703,IS,아이슬란드,2025-03-01,8202557,,,10.233435231637777,0.008202557
승용차,8703,IS,아이슬란드,2025-04-01,3496226,,,-57.376388850452365,0.003496226
승용차,8703,IS,아이슬란드,2025-05-01,364411,,,-89.57701819047166,0.000364411
승용차,8703,IS,아이슬란드,2025-06-01,2069839,,,467.9957520491972,0.002069839
승용차,8703,IS,아이슬란드,2025-07-01,1248696,,,-39.67182954809528,0.001248696
승용차,8703,IS,아이슬란드,2025-08-01,7094690,,,468.1679127665981,0.00709469
승용차,8703,IS,아이슬란드,2025-09-01,2870748,,,-59.53666756405143,0.002870748
승용차,8703,IS,아이슬란드,2025-10-01,542163,,,-81.11422528205192,0.000542163
승용차,8703,IS,아이슬란드,2025-11-01,3319001,,,512.1777030155138,0.003319001
승용차,8703,IS,아이슬란드,2025-12-01,3786388,,,14.082159059307298,0.003786388
승용차,8703,IS,아이슬란드,2026-01-01,3575322,3590496.0,-0.4226157054624258,-5.574336280381198,0.003575322
승용차,8703,IS,아이슬란드,2026-02-01,3992220,7441079.0,-46.3489098825587,11.660432263164001,0.00399222
승용차,8703,IS,아이슬란드,2026-03-01,5062345,8202557.0,-38.283330429767204,26.805261233098364,0.005062345
승용차,8703,IS,아이슬란드,2026-04-01,2115317,3496226.0,-39.49713205038805,-58.21468114085469,0.002115317
승용차,8703,IS,아이슬란드,2026-05-01,2607207,364411.0,615.457820976864,23.253725091794752,0.002607207
승용차,8703,IS,아이슬란드,2026-06-01,1609799,2069839.0,-22.2258832691818,-38.25580400789044,0.001609799
승용차,8703,IS,아이슬란드,2026-07-01,1555400,1248696.0,24.56194301895738,-3.379241756268947,0.0015554
승용차,8703,HT,아이티,2026-02-01,231252,,,,0.000231252
승용차,8703,IE,아일랜드,2025-01-01,30583444,,,,0.030583444
승용차,8703,IE,아일랜드,2025-02-01,23816646,,,-22.125689964805794,0.023816646
승용차,8703,IE,아일랜드,2025-03-01,29052100,,,21.98233118130908,0.0290521
승용차,8703,IE,아일랜드,2025-04-01,46435358,,,59.83477270145703,0.046435358
승용차,8703,IE,아일랜드,2025-05-01,26175154,,,-43.63098481980047,0.026175154
승용차,8703,IE,아일랜드,2025-06-01,13563304,,,-48.18252454216697,0.013563304
승용차,8703,IE,아일랜드,2025-07-01,8951624,,,-34.001154880846144,0.008951624
승용차,8703,IE,아일랜드,2025-08-01,32418495,,,262.1521078186483,0.032418495
승용차,8703,IE,아일랜드,2025-09-01,76844107,,,137.0378606409705,0.076844107
승용차,8703,IE,아일랜드,2025-10-01,19407472,,,-74.74435873137286,0.019407472
승용차,8703,IE,아일랜드,2025-11-01,36533953,,,88.24684121662007,0.036533953
승용차,8703,IE,아일랜드,2025-12-01,43555965,,,19.220509754309912,0.043555965
승용차,8703,IE,아일랜드,2026-01-01,35399725,30583444.0,15.748000781076188,-18.725885191614978,0.035399725
승용차,8703,IE,아일랜드,2026-02-01,7356857,23816646.0,-69.11044065566578,-79.2177566351151,0.007356857
승용차,8703,IE,아일랜드,2026-03-01,26363875,29052100.0,-9.25311767479804,258.3578558071742,0.026363875
승용차,8703,IE,아일랜드,2026-04-01,21431846,46435358.0,-53.84584738207467,-18.707526871524006,0.021431846
승용차,8703,IE,아일랜드,2026-05-01,19241763,26175154.0,-26.488443964837806,-10.218825760506123,0.019241763
승용차,8703,IE,아일랜드,2026-06-01,10794339,13563304.0,-20.41512156624964,-43.90150736187739,0.010794339
승용차,8703,IE,아일랜드,2026-07-01,16780250,8951624.0,87.45481266862862,55.454169078810665,0.01678025
승용차,8703,AZ,아제르바이잔,2025-01-01,7072682,,,,0.007072682
승용차,8703,AZ,아제르바이잔,2025-02-01,11181592,,,58.09550040564526,0.011181592
승용차,8703,AZ,아제르바이잔,2025-03-01,11348308,,,1.4909862566976129,0.011348308
승용차,8703,AZ,아제르바이잔,2025-04-01,12398445,,,9.253687862543035,0.012398445
승용차,8703,AZ,아제르바이잔,2025-05-01,10852846,,,-12.466071350076557,0.010852846
승용차,8703,AZ,아제르바이잔,2025-06-01,4623304,,,-57.40007736219606,0.004623304
승용차,8703,AZ,아제르바이잔,2025-07-01,4997895,,,8.10223597669546,0.004997895
승용차,8703,AZ,아제르바이잔,2025-08-01,3748260,,,-25.00322635829685,0.00374826
승용차,8703,AZ,아제르바이잔,2025-09-01,7949837,,,112.0940649794838,0.007949837
승용차,8703,AZ,아제르바이잔,2025-10-01,4982498,,,-37.32578416387656,0.004982498
승용차,8703,AZ,아제르바이잔,2025-11-01,5798591,,,16.379193729731554,0.005798591
승용차,8703,AZ,아제르바이잔,2025-12-01,4299739,,,-25.848555278342623,0.004299739
승용차,8703,AZ,아제르바이잔,2026-01-01,5709822,7072682.0,-19.269352135441686,32.79461846405096,0.005709822
승용차,8703,AZ,아제르바이잔,2026-02-01,9495249,11181592.0,-15.081421321758114,66.29676021424136,0.009495249
승용차,8703,AZ,아제르바이잔,2026-03-01,8540525,11348308.0,-24.74186460219444,-10.054754751560491,0.008540525
승용차,8703,AZ,아제르바이잔,2026-04-01,8898257,12398445.0,-28.23086282191033,4.188641798952641,0.008898257
승용차,8703,AZ,아제르바이잔,2026-05-01,9673986,10852846.0,-10.862219919088501,8.717763490085751,0.009673986
승용차,8703,AZ,아제르바이잔,2026-06-01,14637004,4623304.0,216.5918572518701,51.302720512516764,0.014637004
승용차,8703,AZ,아제르바이잔,2026-07-01,10926629,4997895.0,118.62462096542643,-25.349279128433654,0.010926629
승용차,8703,AF,아프카니스탄,2025-01-01,37576,,,,3.7576e-05
승용차,8703,AF,아프카니스탄,2025-02-01,80572,,,114.42410048967426,8.0572e-05
승용차,8703,AF,아프카니스탄,2025-03-01,1724526,,,2040.3539691207864,0.001724526
승용차,8703,AF,아프카니스탄,2025-04-01,1046082,,,-39.34089715086928,0.001046082
승용차,8703,AF,아프카니스탄,2025-05-01,1391791,,,33.04798285411661,0.001391791
승용차,8703,AF,아프카니스탄,2025-06-01,2909866,,,109.07348876375833,0.002909866
승용차,8703,AF,아프카니스탄,2025-07-01,302434,,,-89.6066004413949,0.000302434
승용차,8703,AF,아프카니스탄,2025-08-01,345276,,,14.165735333990238,0.000345276
승용차,8703,AF,아프카니스탄,2025-09-01,626001,,,81.30452160011122,0.000626001
승용차,8703,AF,아프카니스탄,2025-10-01,296056,,,-52.706784813442795,0.000296056
승용차,8703,AF,아프카니스탄,2025-11-01,603382,,,103.80671224362956,0.000603382
승용차,8703,AF,아프카니스탄,2025-12-01,339174,,,-43.78784915691883,0.000339174
승용차,8703,AF,아프카니스탄,2026-01-01,634789,37576.0,1589.346923568235,87.1573292764186,0.000634789
승용차,8703,AF,아프카니스탄,2026-02-01,442675,80572.0,449.4154296778037,-30.2642295313876,0.000442675
승용차,8703,AF,아프카니스탄,2026-03-01,409716,1724526.0,-76.2418194912689,-7.445417066696791,0.000409716
승용차,8703,AF,아프카니스탄,2026-04-01,300683,1046082.0,-71.25626862903674,-26.611848207050738,0.000300683
승용차,8703,AF,아프카니스탄,2026-05-01,112428,1391791.0,-91.92206301089747,-62.60912655520931,0.000112428
승용차,8703,AF,아프카니스탄,2026-06-01,989,2909866.0,-99.96601218062963,-99.12032589746327,9.89e-07
승용차,8703,AF,아프카니스탄,2026-07-01,526479,302434.0,74.08062585555857,53133.468149646105,0.000526479
승용차,8703,AG,안티가 바부다,2025-01-01,201076,,,,0.000201076
승용차,8703,AG,안티가 바부다,2025-02-01,503999,,,150.65099763273588,0.000503999
승용차,8703,AG,안티가 바부다,2025-03-01,306144,,,-39.25702233536178,0.000306144
승용차,8703,AG,안티가 바부다,2025-04-01,514099,,,67.92718459287133,0.000514099
승용차,8703,AG,안티가 바부다,2025-05-01,37406,,,-92.72396950781854,3.7406e-05
승용차,8703,AG,안티가 바부다,2025-06-01,115970,,,210.03047639416135,0.00011597
승용차,8703,AG,안티가 바부다,2025-08-01,17011,,,-85.33155126325774,1.7011e-05
승용차,8703,AG,안티가 바부다,2025-09-01,1800,,,-89.41861148668508,1.8e-06
승용차,8703,AG,안티가 바부다,2025-11-01,55961,,,3008.944444444445,5.5961e-05
승용차,8703,AG,안티가 바부다,2026-01-01,3038,,,-94.57121924197209,3.038e-06
승용차,8703,AG,안티가 바부다,2026-02-01,4306,,,41.737985516787354,4.306e-06
승용차,8703,AG,안티가 바부다,2026-03-01,7000,,,62.563864375290294,7e-06
승용차,8703,AG,안티가 바부다,2026-04-01,129948,201076.0,-35.37368955021982,1756.4,0.000129948
승용차,8703,AG,안티가 바부다,2026-05-01,448348,503999.0,-11.041886987871008,245.02108535721982,0.000448348
승용차,8703,AG,안티가 바부다,2026-06-01,50110,306144.0,-83.63188564858368,-88.8234139552312,5.011e-05
승용차,8703,AG,안티가 바부다,2026-07-01,173309,514099.0,-66.2887887352436,245.8571143484334,0.000173309
승용차,8703,AL,알바니아,2025-01-01,12275716,,,,0.012275716
승용차,8703,AL,알바니아,2025-02-01,18388203,,,49.79332366437934,0.018388203
승용차,8703,AL,알바니아,2025-03-01,18426970,,,0.2108253862544318,0.01842697
승용차,8703,AL,알바니아,2025-04-01,25920270,,,40.66485157353596,0.02592027
승용차,8703,AL,알바니아,2025-05-01,27570782,,,6.367649719698143,0.027570782
승용차,8703,AL,알바니아,2025-06-01,23262367,,,-15.626742106915936,0.023262367
승용차,8703,AL,알바니아,2025-07-01,28077218,,,20.698026989256935,0.028077218
승용차,8703,AL,알바니아,2025-08-01,27423111,,,-2.329671693256785,0.027423111
승용차,8703,AL,알바니아,2025-09-01,31915831,,,16.382969824247873,0.031915831
승용차,8703,AL,알바니아,2025-10-01,34561907,,,8.290794621640906,0.034561907
승용차,8703,AL,알바니아,2025-11-01,30266329,,,-12.42864868538649,0.030266329
승용차,8703,AL,알바니아,2025-12-01,31424257,,,3.8257959860279023,0.031424257
승용차,8703,AL,알바니아,2026-01-01,30404929,12275716.0,147.68354856042612,-3.2437616583902096,0.030404929
승용차,8703,AL,알바니아,2026-02-01,29300996,18388203.0,59.34670723398039,-3.630769866293715,0.029300996
승용차,8703,AL,알바니아,2026-03-01,36142758,18426970.0,96.14053748391625,23.34992981125965,0.036142758
승용차,8703,AL,알바니아,2026-04-01,39344967,25920270.0,51.792272997156275,8.859891101835672,0.039344967
승용차,8703,AL,알바니아,2026-05-01,31455664,27570782.0,14.090576030814074,-20.051619308766988,0.031455664
승용차,8703,AL,알바니아,2026-06-01,33794500,23262367.0,45.275414148525805,7.435341374450077,0.0337945
승용차,8703,AL,알바니아,2026-07-01,36788169,28077218.0,31.024979041727008,8.858450339552304,0.036788169
승용차,8703,DZ,알제리,2025-01-01,963300,,,,0.0009633
승용차,8703,DZ,알제리,2025-02-01,1174146,,,21.88788539395827,0.001174146
승용차,8703,DZ,알제리,2025-03-01,1893976,,,61.30668588063155,0.001893976
승용차,8703,DZ,알제리,2025-04-01,3430766,,,81.14094370784002,0.003430766
승용차,8703,DZ,알제리,2025-05-01,3739376,,,8.995367215368223,0.003739376
승용차,8703,DZ,알제리,2025-06-01,2708499,,,-27.56815575646846,0.002708499
승용차,8703,DZ,알제리,2025-07-01,4295492,,,58.593080521720694,0.004295492
승용차,8703,DZ,알제리,2025-08-01,3428145,,,-20.19202922505734,0.003428145
승용차,8703,DZ,알제리,2025-09-01,4168602,,,21.5993489190218,0.004168602
승용차,8703,DZ,알제리,2025-10-01,4979809,,,19.45992925206099,0.004979809
승용차,8703,DZ,알제리,2025-11-01,4709450,,,-5.429103806993396,0.00470945
승용차,8703,DZ,알제리,2025-12-01,2092018,,,-55.57829470532653,0.002092018
승용차,8703,DZ,알제리,2026-01-01,10189151,963300.0,957.7339354302918,387.048916405117,0.010189151
승용차,8703,DZ,알제리,2026-02-01,1665636,1174146.0,41.859359909244674,-83.65284801452054,0.001665636
승용차,8703,DZ,알제리,2026-03-01,7036787,1893976.0,271.53517256818463,322.46847450463366,0.007036787
승용차,8703,DZ,알제리,2026-04-01,8369808,3430766.0,143.96324319408552,18.943603096128946,0.008369808
승용차,8703,DZ,알제리,2026-05-01,10336887,3739376.0,176.43347446204928,23.502080334459286,0.010336887
승용차,8703,DZ,알제리,2026-06-01,9414026,2708499.0,247.57354534744152,-8.927842589359836,0.009414026
승용차,8703,DZ,알제리,2026-07-01,5274212,4295492.0,22.784817199054274,-43.97495821660148,0.005274212
승용차,8703,AO,앙골라,2025-01-01,460061,,,,0.000460061
승용차,8703,AO,앙골라,2025-02-01,330077,,,-28.25364462538663,0.000330077
승용차,8703,AO,앙골라,2025-03-01,927679,,,181.04927032177343,0.000927679
승용차,8703,AO,앙골라,2025-04-01,147633,,,-84.08576673612316,0.000147633
승용차,8703,AO,앙골라,2025-05-01,212470,,,43.91768777983243,0.00021247
승용차,8703,AO,앙골라,2025-06-01,103194,,,-51.43126088388949,0.000103194
승용차,8703,AO,앙골라,2025-07-01,380568,,,268.7888830745973,0.000380568
승용차,8703,AO,앙골라,2025-08-01,784624,,,106.17182737382018,0.000784624
승용차,8703,AO,앙골라,2025-09-01,619537,,,-21.040268969595633,0.000619537
승용차,8703,AO,앙골라,2025-10-01,395862,,,-36.10357412067399,0.000395862
승용차,8703,AO,앙골라,2025-11-01,228504,,,-42.27685405520105,0.000228504
승용차,8703,AO,앙골라,2025-12-01,291176,,,27.427090991842597,0.000291176
승용차,8703,AO,앙골라,2026-01-01,113690,460061.0,-75.28805962687557,-60.954886391735585,0.00011369
승용차,8703,AO,앙골라,2026-02-01,493659,330077.0,49.55873932446067,334.21497053390794,0.000493659
승용차,8703,AO,앙골라,2026-03-01,232700,927679.0,-74.91589224289868,-52.862198400110195,0.0002327
승용차,8703,AO,앙골라,2026-04-01,325946,147633.0,120.78126164204481,40.0713364847443,0.000325946
승용차,8703,AO,앙골라,2026-05-01,419672,212470.0,97.52059114227892,28.75506985819738,0.000419672
승용차,8703,AO,앙골라,2026-06-01,649477,103194.0,529.3747698509603,54.758239768199935,0.000649477
승용차,8703,AO,앙골라,2026-07-01,717384,380568.0,88.50350003153183,10.455643540879823,0.000717384
승용차,8703,AI,앙귈라,2026-01-01,4535,,,,4.535e-06
승용차,8703,EE,에스토니아,2025-01-01,2066917,,,,0.002066917
승용차,8703,EE,에스토니아,2025-02-01,2297180,,,11.140408637598886,0.00229718
승용차,8703,EE,에스토니아,2025-03-01,1673335,,,-27.15699248643989,0.001673335
승용차,8703,EE,에스토니아,2025-04-01,335922,,,-79.92500007470113,0.000335922
승용차,8703,EE,에스토니아,2025-05-01,862608,,,156.78818297104687,0.000862608
승용차,8703,EE,에스토니아,2025-06-01,2440880,,,182.96514755253835,0.00244088
승용차,8703,EE,에스토니아,2025-07-01,1427363,,,-41.52260660089804,0.001427363
승용차,8703,EE,에스토니아,2025-08-01,1019190,,,-28.59629960983996,0.00101919
승용차,8703,EE,에스토니아,2025-09-01,776763,,,-23.78624201571836,0.000776763
승용차,8703,EE,에스토니아,2025-10-01,1910491,,,145.95545874352922,0.001910491
승용차,8703,EE,에스토니아,2025-11-01,1061464,,,-44.440251223376606,0.001061464
승용차,8703,EE,에스토니아,2025-12-01,886164,,,-16.51492655426845,0.000886164
승용차,8703,EE,에스토니아,2026-01-01,912999,2066917.0,-55.8279795463485,3.028220509973334,0.000912999
승용차,8703,EE,에스토니아,2026-02-01,2136393,2297180.0,-6.99932090650276,133.9972990112804,0.002136393
승용차,8703,EE,에스토니아,2026-03-01,1441824,1673335.0,-13.835304944915395,-32.51129356817777,0.001441824
승용차,8703,EE,에스토니아,2026-04-01,906480,335922.0,169.84835765445553,-37.129635794660096,0.00090648
승용차,8703,EE,에스토니아,2026-05-01,5585005,862608.0,547.4557388755959,516.1200467743358,0.005585005
승용차,8703,EE,에스토니아,2026-06-01,4050565,2440880.0,65.94691258890238,-27.4742815807685,0.004050565
승용차,8703,EE,에스토니아,2026-07-01,4030901,1427363.0,182.40195381273017,-0.48546313909294536,0.004030901
승용차,8703,EC,에쿠아도르,2025-01-01,741328,,,,0.000741328
승용차,8703,EC,에쿠아도르,2025-02-01,1607912,,,116.89616472060949,0.001607912
승용차,8703,EC,에쿠아도르,2025-03-01,1534644,,,-4.5567170342655565,0.001534644
승용차,8703,EC,에쿠아도르,2025-04-01,7109895,,,363.2927897284321,0.007109895
승용차,8703,EC,에쿠아도르,2025-05-01,3986780,,,-43.92631677401706,0.00398678
승용차,8703,EC,에쿠아도르,2025-06-01,2236931,,,-43.89128569923597,0.002236931
승용차,8703,EC,에쿠아도르,2025-07-01,17713972,,,691.8872777032461,0.017713972
승용차,8703,EC,에쿠아도르,2025-08-01,4631140,,,-73.856004740213,0.00463114
승용차,8703,EC,에쿠아도르,2025-09-01,7783497,,,68.06870446585506,0.007783497
승용차,8703,EC,에쿠아도르,2025-10-01,4651576,,,-40.23796758706273,0.004651576
승용차,8703,EC,에쿠아도르,2025-11-01,15743395,,,238.4529243422014,0.015743395
승용차,8703,EC,에쿠아도르,2025-12-01,14310810,,,-9.099593829666341,0.01431081
승용차,8703,EC,에쿠아도르,2026-01-01,9995794,741328.0,1248.363207648976,-30.15214372911107,0.009995794
승용차,8703,EC,에쿠아도르,2026-02-01,3970200,1607912.0,146.9164979177965,-60.28129431238779,0.0039702
승용차,8703,EC,에쿠아도르,2026-03-01,4245416,1534644.0,176.63849075094942,6.932043725756887,0.004245416
승용차,8703,EC,에쿠아도르,2026-04-01,2253783,7109895.0,-68.30075549638919,-46.91255226814051,0.002253783
승용차,8703,EC,에쿠아도르,2026-05-01,1033413,3986780.0,-74.07900611521076,-54.147626457382984,0.001033413
승용차,8703,EC,에쿠아도르,2026-06-01,11913257,2236931.0,432.5715008643539,1052.8069610117154,0.011913257
승용차,8703,EC,에쿠아도르,2026-07-01,1833571,17713972.0,-89.64901265509508,-84.6089864425824,0.001833571
승용차,8703,ET,에티오피아,2025-01-01,2393876,,,,0.002393876
승용차,8703,ET,에티오피아,2025-03-01,41000,,,-98.28729641802666,4.1e-05
승용차,8703,ET,에티오피아,2025-08-01,427995,,,943.8902439024391,0.000427995
승용차,8703,ET,에티오피아,2025-10-01,4050,,,-99.05372726316897,4.05e-06
승용차,8703,ET,에티오피아,2025-11-01,20000,,,393.82716049382714,2e-05
승용차,8703,ET,에티오피아,2025-12-01,110250,,,451.25,0.00011025
승용차,8703,ET,에티오피아,2026-02-01,109760,,,-0.4444444444444473,0.00010976
승용차,8703,ET,에티오피아,2026-04-01,24037,,,-78.10040087463557,2.4037e-05
승용차,8703,ET,에티오피아,2026-07-01,1316282,,,5376.066064816741,0.001316282
승용차,8703,SV,엘살바도르,2025-01-01,535459,,,,0.000535459
승용차,8703,SV,엘살바도르,2025-02-01,644123,,,20.293617251741036,0.000644123
승용차,8703,SV,엘살바도르,2025-03-01,1914265,,,197.18935669119097,0.001914265
승용차,8703,SV,엘살바도르,2025-04-01,1377351,,,-28.048049773672922,0.001377351
승용차,8703,SV,엘살바도르,2025-05-01,1051378,,,-23.666661584447247,0.001051378
승용차,8703,SV,엘살바도르,2025-06-01,941908,,,-10.412049709999637,0.000941908
승용차,8703,SV,엘살바도르,2025-07-01,695600,,,-26.149899990232594,0.0006956
승용차,8703,SV,엘살바도르,2025-08-01,514170,,,-26.08251868890167,0.00051417
승용차,8703,SV,엘살바도르,2025-09-01,497122,,,-3.3156349067429036,0.000497122
승용차,8703,SV,엘살바도르,2025-10-01,77886,,,-84.33261855238754,7.7886e-05
승용차,8703,SV,엘살바도르,2025-11-01,600585,,,671.1077728988522,0.000600585
승용차,8703,SV,엘살바도르,2025-12-01,1069010,,,77.99478841462908,0.00106901
승용차,8703,SV,엘살바도르,2026-01-01,613490,535459.0,14.57273105877388,-42.611388106752976,0.00061349
승용차,8703,SV,엘살바도르,2026-02-01,1139872,644123.0,76.96495855605218,85.80123555396175,0.001139872
승용차,8703,SV,엘살바도르,2026-03-01,1468946,1914265.0,-23.263184564310578,28.869381825327768,0.001468946
승용차,8703,SV,엘살바도르,2026-04-01,1380858,1377351.0,0.2546191929290398,-5.996680613174343,0.001380858
승용차,8703,SV,엘살바도르,2026-05-01,889285,1051378.0,-15.417195337927936,-35.599098531492736,0.000889285
승용차,8703,SV,엘살바도르,2026-06-01,889249,941908.0,-5.590673399100554,-0.004048196022643502,0.000889249
승용차,8703,SV,엘살바도르,2026-07-01,1468366,695600.0,111.09344450833811,65.1242790264594,0.001468366
승용차,8703,GB,영국,2025-01-01,177283262,,,,0.177283262
승용차,8703,GB,영국,2025-02-01,186887094,,,5.417224328825809,0.186887094
승용차,8703,GB,영국,2025-03-01,205698633,,,10.065723960585537,0.205698633
승용차,8703,GB,영국,2025-04-01,190371783,,,-7.451119035876141,0.190371783
승용차,8703,GB,영국,2025-05-01,206840837,,,8.650995300075536,0.206840837
승용차,8703,GB,영국,2025-06-01,268255743,,,29.69186689183625,0.268255743
승용차,8703,GB,영국,2025-07-01,234980421,,,-12.404327910325485,0.234980421
승용차,8703,GB,영국,2025-08-01,244408363,,,4.012224490822569,0.244408363
승용차,8703,GB,영국,2025-09-01,274102531,,,12.149407506158049,0.274102531
승용차,8703,GB,영국,2025-10-01,175124916,,,-36.10970487536286,0.175124916
승용차,8703,GB,영국,2025-11-01,200548882,,,14.517617812875926,0.200548882
승용차,8703,GB,영국,2025-12-01,186768018,,,-6.871573584738311,0.186768018
승용차,8703,GB,영국,2026-01-01,319310410,177283262.0,80.11311750344485,70.96632143946616,0.31931041
승용차,8703,GB,영국,2026-02-01,244331359,186887094.0,30.737416784917215,-23.481555455708445,0.244331359
승용차,8703,GB,영국,2026-03-01,202649316,205698633.0,-1.4824196716951454,-17.059637031691864,0.202649316
승용차,8703,GB,영국,2026-04-01,195681178,190371783.0,2.7889611140533344,-3.4385203649046625,0.195681178
승용차,8703,GB,영국,2026-05-01,177643246,206840837.0,-14.115970242375298,-9.218020958561478,0.177643246
승용차,8703,GB,영국,2026-06-01,221743584,268255743.0,-17.33873745994694,24.82522639785585,0.221743584
승용차,8703,GB,영국,2026-07-01,240014070,234980421.0,2.1421567714358547,8.239465453936191,0.24001407
승용차,8703,VG,영령 버진군도,2025-01-01,162368,,,,0.000162368
승용차,8703,VG,영령 버진군도,2025-02-01,376778,,,132.05188214426488,0.000376778
승용차,8703,VG,영령 버진군도,2025-03-01,222873,,,-40.84766095684992,0.000222873
승용차,8703,VG,영령 버진군도,2025-04-01,310664,,,39.390594643586255,0.000310664
승용차,8703,VG,영령 버진군도,2025-05-01,274552,,,-11.62413411273917,0.000274552
승용차,8703,VG,영령 버진군도,2025-06-01,113230,,,-58.7582680148023,0.00011323
승용차,8703,VG,영령 버진군도,2025-08-01,225019,,,98.72736907180075,0.000225019
승용차,8703,VG,영령 버진군도,2025-09-01,363286,,,61.446811158168856,0.000363286
승용차,8703,VG,영령 버진군도,2025-10-01,380348,,,4.696575150157178,0.000380348
승용차,8703,VG,영령 버진군도,2025-11-01,126242,,,-66.8088171884695,0.000126242
승용차,8703,VG,영령 버진군도,2025-12-01,95830,,,-24.090239381505363,9.583e-05
승용차,8703,VG,영령 버진군도,2026-01-01,52072,,,-45.66210998643431,5.2072e-05
승용차,8703,VG,영령 버진군도,2026-03-01,78108,162368.0,-51.894461962948355,50.0,7.8108e-05
승용차,8703,VG,영령 버진군도,2026-04-01,278383,376778.0,-26.11484746986289,256.4077943360475,0.000278383
승용차,8703,VG,영령 버진군도,2026-05-01,269504,222873.0,20.92267793765956,-3.189490737580958,0.000269504
승용차,8703,VG,영령 버진군도,2026-06-01,38832,310664.0,-87.50032189117502,-85.59130847779625,3.8832e-05
승용차,8703,VG,영령 버진군도,2026-07-01,56064,274552.0,-79.57982458696348,44.37577255871445,5.6064e-05
승용차,8703,KY,영령 캐이맨 군도,2025-01-01,204952,,,,0.000204952
승용차,8703,KY,영령 캐이맨 군도,2025-02-01,697770,,,240.4553261251415,0.00069777
승용차,8703,KY,영령 캐이맨 군도,2025-03-01,610062,,,-12.569757943161786,0.000610062
승용차,8703,KY,영령 캐이맨 군도,2025-04-01,259204,,,-57.511859450350954,0.000259204
승용차,8703,KY,영령 캐이맨 군도,2025-05-01,380106,,,46.64357031527291,0.000380106
승용차,8703,KY,영령 캐이맨 군도,2025-06-01,553998,,,45.7482912661205,0.000553998
승용차,8703,KY,영령 캐이맨 군도,2025-07-01,937310,,,69.19014148065517,0.00093731
승용차,8703,KY,영령 캐이맨 군도,2025-08-01,1334446,,,42.36976027141501,0.001334446
승용차,8703,KY,영령 캐이맨 군도,2025-09-01,435287,,,-67.3806958093471,0.000435287
승용차,8703,KY,영령 캐이맨 군도,2025-10-01,462757,,,6.310778865438205,0.000462757
승용차,8703,KY,영령 캐이맨 군도,2025-11-01,992562,,,114.48881378347599,0.000992562
승용차,8703,KY,영령 캐이맨 군도,2025-12-01,313485,,,-68.4165825409395,0.000313485
승용차,8703,KY,영령 캐이맨 군도,2026-01-01,650233,204952.0,217.26111479761116,107.42076973379908,0.000650233
승용차,8703,KY,영령 캐이맨 군도,2026-02-01,385708,697770.0,-44.72275964859481,-40.681571067601915,0.000385708
승용차,8703,KY,영령 캐이맨 군도,2026-03-01,438198,610062.0,-28.171562890329184,13.60874029058252,0.000438198
승용차,8703,KY,영령 캐이맨 군도,2026-04-01,670861,259204.0,158.81583617536768,53.09540436058586,0.000670861
승용차,8703,KY,영령 캐이맨 군도,2026-05-01,809121,380106.0,112.8672002020489,20.609336360289234,0.000809121
승용차,8703,KY,영령 캐이맨 군도,2026-06-01,46709,553998.0,-91.56874212542283,-94.22719222464873,4.6709e-05
승용차,8703,KY,영령 캐이맨 군도,2026-07-01,1430380,937310.0,52.60479457169986,2962.3220364383737,0.00143038
승용차,8703,YE,예맨,2025-01-01,751177,,,,0.000751177
승용차,8703,YE,예맨,2025-02-01,491976,,,-34.5059819456666,0.000491976
승용차,8703,YE,예맨,2025-03-01,683189,,,38.86632681269005,0.000683189
승용차,8703,YE,예맨,2025-04-01,612564,,,-10.337549345788643,0.000612564
승용차,8703,YE,예맨,2025-05-01,361689,,,-40.954904303876816,0.000361689
승용차,8703,YE,예맨,2025-06-01,1425771,,,294.1980541293764,0.001425771
승용차,8703,YE,예맨,2025-07-01,1113252,,,-21.919298400654807,0.001113252
승용차,8703,YE,예맨,2025-08-01,633504,,,-43.094285929870324,0.000633504
승용차,8703,YE,예맨,2025-09-01,1499210,,,136.6535965045209,0.00149921
승용차,8703,YE,예맨,2025-10-01,1364722,,,-8.970591178020426,0.001364722
승용차,8703,YE,예맨,2025-11-01,1734494,,,27.09504206717559,0.001734494
승용차,8703,YE,예맨,2025-12-01,1525634,,,-12.041552176023673,0.001525634
승용차,8703,YE,예맨,2026-01-01,511132,751177.0,-31.955850618429483,-66.49707596972799,0.000511132
승용차,8703,YE,예맨,2026-02-01,654547,491976.0,33.04449810559864,28.058309790817248,0.000654547
승용차,8703,YE,예맨,2026-03-01,41499,683189.0,-93.92569259750962,-93.65988996970424,4.1499e-05
승용차,8703,YE,예맨,2026-04-01,171375,612564.0,-72.02333143965365,312.9617581146533,0.000171375
승용차,8703,YE,예맨,2026-05-01,642847,361689.0,77.73473896081993,275.1113056163384,0.000642847
승용차,8703,YE,예맨,2026-06-01,207472,1425771.0,-85.44843456628028,-67.72606856685961,0.000207472
승용차,8703,YE,예맨,2026-07-01,139923,1113252.0,-87.4311476646797,-32.558128325749976,0.000139923
승용차,8703,OM,오만,2025-01-01,2830064,,,,0.002830064
승용차,8703,OM,오만,2025-02-01,3000871,,,6.03544654820527,0.003000871
승용차,8703,OM,오만,2025-03-01,4062713,,,35.38446004510023,0.004062713
승용차,8703,OM,오만,2025-04-01,3933917,,,-3.170196861063035,0.003933917
승용차,8703,OM,오만,2025-05-01,4624181,,,17.546481026417183,0.004624181
승용차,8703,OM,오만,2025-06-01,2624620,,,-43.24140858673135,0.00262462
승용차,8703,OM,오만,2025-07-01,5917602,,,125.46509589959692,0.005917602
승용차,8703,OM,오만,2025-08-01,4797439,,,-18.929339958990145,0.004797439
승용차,8703,OM,오만,2025-09-01,5535529,,,15.38508358313675,0.005535529
승용차,8703,OM,오만,2025-10-01,5184702,,,-6.3377321300276845,0.005184702
승용차,8703,OM,오만,2025-11-01,6423462,,,23.89259787737077,0.006423462
승용차,8703,OM,오만,2025-12-01,8000526,,,24.551620294476706,0.008000526
승용차,8703,OM,오만,2026-01-01,6957692,2830064.0,145.84928114699878,-13.034567977155497,0.006957692
승용차,8703,OM,오만,2026-02-01,5573604,3000871.0,85.73287555513049,-19.89291851378302,0.005573604
승용차,8703,OM,오만,2026-03-01,891808,4062713.0,-78.04895398715095,-83.99943734789913,0.000891808
승용차,8703,OM,오만,2026-04-01,4587562,3933917.0,16.615627630171147,414.4113979690696,0.004587562
승용차,8703,OM,오만,2026-05-01,6597966,4624181.0,42.68399095969644,43.82292816969014,0.006597966
승용차,8703,OM,오만,2026-06-01,3041754,2624620.0,15.89311976590897,-53.898610571803495,0.003041754
승용차,8703,OM,오만,2026-07-01,7551136,5917602.0,27.604661482810087,148.24939820905962,0.007551136
승용차,8703,AT,오스트리아,2025-01-01,14697114,,,,0.014697114
승용차,8703,AT,오스트리아,2025-02-01,11081718,,,-24.599360119272397,0.011081718
승용차,8703,AT,오스트리아,2025-03-01,12679745,,,14.420390412389118,0.012679745
승용차,8703,AT,오스트리아,2025-04-01,9640870,,,-23.966373140784768,0.00964087
승용차,8703,AT,오스트리아,2025-05-01,14288115,,,48.203585361072186,0.014288115
승용차,8703,AT,오스트리아,2025-06-01,25294886,,,77.03445136044888,0.025294886
승용차,8703,AT,오스트리아,2025-07-01,22830458,,,-9.742791487575786,0.022830458
승용차,8703,AT,오스트리아,2025-08-01,14541567,,,-36.306284350493534,0.014541567
승용차,8703,AT,오스트리아,2025-09-01,24189551,,,66.34762264617011,0.024189551
승용차,8703,AT,오스트리아,2025-10-01,10014383,,,-58.60037666676823,0.010014383
승용차,8703,AT,오스트리아,2025-11-01,10356457,,,3.4158270160028925,0.010356457
승용차,8703,AT,오스트리아,2025-12-01,12370601,,,19.44819545912275,0.012370601
승용차,8703,AT,오스트리아,2026-01-01,21475441,14697114.0,46.12012263087841,73.60062781104976,0.021475441
승용차,8703,AT,오스트리아,2026-02-01,9217399,11081718.0,-16.823375220340388,-57.07934938332582,0.009217399
승용차,8703,AT,오스트리아,2026-03-01,12751889,12679745.0,0.5689704327650036,38.34585006030442,0.012751889
승용차,8703,AT,오스트리아,2026-04-01,11855890,9640870.0,22.975312394005943,-7.026402127559295,0.01185589
승용차,8703,AT,오스트리아,2026-05-01,20856447,14288115.0,45.97059864089841,75.91633356922172,0.020856447
승용차,8703,AT,오스트리아,2026-06-01,23235955,25294886.0,-8.139712509477215,11.408980637977306,0.023235955
승용차,8703,AT,오스트리아,2026-07-01,15575218,22830458.0,-31.7787755287257,-32.96932275862989,0.015575218
승용차,8703,HN,온두라스,2025-01-01,796893,,,,0.000796893
승용차,8703,HN,온두라스,2025-02-01,560589,,,-29.65316548143854,0.000560589
승용차,8703,HN,온두라스,2025-03-01,801728,,,43.015292843776805,0.000801728
승용차,8703,HN,온두라스,2025-04-01,612286,,,-23.629210904446396,0.000612286
승용차,8703,HN,온두라스,2025-05-01,795720,,,29.958875427496288,0.00079572
승용차,8703,HN,온두라스,2025-06-01,360938,,,-54.64007439802946,0.000360938
승용차,8703,HN,온두라스,2025-07-01,500694,,,38.72022341787231,0.000500694
승용차,8703,HN,온두라스,2025-08-01,701984,,,40.202199347305935,0.000701984
승용차,8703,HN,온두라스,2025-09-01,1182915,,,68.51025094589049,0.001182915
승용차,8703,HN,온두라스,2025-10-01,1409330,,,19.140428517687248,0.00140933
승용차,8703,HN,온두라스,2025-11-01,1307416,,,-7.2313794498094826,0.001307416
승용차,8703,HN,온두라스,2025-12-01,747406,,,-42.83334455138992,0.000747406
승용차,8703,HN,온두라스,2026-01-01,891779,796893.0,11.906993787120722,19.316542816086567,0.000891779
승용차,8703,HN,온두라스,2026-02-01,828222,560589.0,47.74139342727024,-7.12698998294421,0.000828222
승용차,8703,HN,온두라스,2026-03-01,2154834,801728.0,168.77369881056916,160.1758948687671,0.002154834
승용차,8703,HN,온두라스,2026-04-01,576978,612286.0,-5.766586203179558,-73.22401632793988,0.000576978
승용차,8703,HN,온두라스,2026-05-01,1348674,795720.0,69.49102699442015,133.74790719923465,0.001348674
승용차,8703,HN,온두라스,2026-06-01,1220749,360938.0,238.21570463625332,-9.485242541933781,0.001220749
승용차,8703,HN,온두라스,2026-07-01,684611,500694.0,36.7324154074145,-43.91877445732087,0.000684611
승용차,8703,WF,왈라스 & 퓨투나 군도,2025-03-01,13467,,,,1.3467e-05
승용차,8703,JO,요르단,2025-01-01,39861728,,,,0.039861728
승용차,8703,JO,요르단,2025-02-01,35733847,,,-10.355499390292366,0.035733847
승용차,8703,JO,요르단,2025-03-01,29279640,,,-18.061886815600904,0.02927964
승용차,8703,JO,요르단,2025-04-01,39863234,,,36.146598796979745,0.039863234
승용차,8703,JO,요르단,2025-05-01,25205172,,,-36.77088015488156,0.025205172
승용차,8703,JO,요르단,2025-06-01,24333528,,,-3.4581950085482482,0.024333528
승용차,8703,JO,요르단,2025-07-01,30871586,,,26.86851655871685,0.030871586
승용차,8703,JO,요르단,2025-08-01,25387230,,,-17.765060726067006,0.02538723
승용차,8703,JO,요르단,2025-09-01,20117967,,,-20.75556490408761,0.020117967
승용차,8703,JO,요르단,2025-10-01,9341003,,,-53.568852160857006,0.009341003
승용차,8703,JO,요르단,2025-11-01,17578510,,,88.18653628523619,0.01757851
승용차,8703,JO,요르단,2025-12-01,17664117,,,0.4869980447717026,0.017664117
승용차,8703,JO,요르단,2026-01-01,39048341,39861728.0,-2.0405211735928797,121.06024886497298,0.039048341
승용차,8703,JO,요르단,2026-02-01,22761687,35733847.0,-36.302164723546284,-41.708952500696505,0.022761687
승용차,8703,JO,요르단,2026-03-01,15708919,29279640.0,-46.348660707577004,-30.985260451037743,0.015708919
승용차,8703,JO,요르단,2026-04-01,21682139,39863234.0,-45.608680419656864,38.02438601917801,0.021682139
승용차,8703,JO,요르단,2026-05-01,25153704,25205172.0,-0.20419618640173942,16.0111739897987,0.025153704
승용차,8703,JO,요르단,2026-06-01,30074812,24333528.0,23.59412905518674,19.564148484851373,0.030074812
승용차,8703,JO,요르단,2026-07-01,29595606,30871586.0,-4.133185771537617,-1.5933798688417378,0.029595606
승용차,8703,UG,우간다,2025-01-01,262242,,,,0.000262242
승용차,8703,UG,우간다,2025-02-01,295515,,,12.687898963552758,0.000295515
승용차,8703,UG,우간다,2025-05-01,87075,,,-70.53449063499315,8.7075e-05
승용차,8703,UG,우간다,2025-07-01,26948,,,-69.05196669537754,2.6948e-05
승용차,8703,UG,우간다,2025-08-01,3500,,,-87.01202315570728,3.5e-06
승용차,8703,UG,우간다,2025-09-01,46280,,,1222.2857142857142,4.628e-05
승용차,8703,UG,우간다,2025-10-01,140027,,,202.5648228176318,0.000140027
승용차,8703,UG,우간다,2025-12-01,34674,,,-75.23763274225685,3.4674e-05
승용차,8703,UG,우간다,2026-01-01,71691,,,106.75722443329296,7.1691e-05
승용차,8703,UG,우간다,2026-02-01,33864,,,-52.763945265096034,3.3864e-05
승용차,8703,UG,우간다,2026-03-01,23897,,,-29.43243562485235,2.3897e-05
승용차,8703,UG,우간다,2026-04-01,97995,,,310.07239402435454,9.7995e-05
승용차,8703,UG,우간다,2026-06-01,66781,262242.0,-74.53459018768923,-31.852645543139957,6.6781e-05
승용차,8703,UY,우루과이,2025-01-01,1465426,,,,0.001465426
승용차,8703,UY,우루과이,2025-02-01,2531239,,,72.73059165048252,0.002531239
승용차,8703,UY,우루과이,2025-03-01,993065,,,-60.767631977857484,0.000993065
승용차,8703,UY,우루과이,2025-04-01,1378609,,,38.823641956971585,0.001378609
승용차,8703,UY,우루과이,2025-05-01,2206865,,,60.07910872480884,0.002206865
승용차,8703,UY,우루과이,2025-06-01,1434239,,,-35.010116160254476,0.001434239
승용차,8703,UY,우루과이,2025-07-01,1163491,,,-18.877467423490792,0.001163491
승용차,8703,UY,우루과이,2025-08-01,492893,,,-57.636715711595535,0.000492893
승용차,8703,UY,우루과이,2025-09-01,603344,,,22.40871751069704,0.000603344
승용차,8703,UY,우루과이,2025-10-01,560627,,,-7.080040573868307,0.000560627
승용차,8703,UY,우루과이,2025-11-01,1075221,,,91.78901479950127,0.001075221
승용차,8703,UY,우루과이,2025-12-01,1333159,,,23.98930080420676,0.001333159
승용차,8703,UY,우루과이,2026-01-01,411540,1465426.0,-71.91669862551913,-69.13046380814292,0.00041154
승용차,8703,UY,우루과이,2026-02-01,813165,2531239.0,-67.87482335725706,97.59075667006852,0.000813165
승용차,8703,UY,우루과이,2026-03-01,1385939,993065.0,39.561760811225845,70.43761106294542,0.001385939
승용차,8703,UY,우루과이,2026-04-01,1765158,1378609.0,28.039059660861064,27.361882449371876,0.001765158
승용차,8703,UY,우루과이,2026-05-01,1734918,2206865.0,-21.385404181950417,-1.7131610881292225,0.001734918
승용차,8703,UY,우루과이,2026-06-01,1713836,1434239.0,19.4944496698249,-1.2151582956658524,0.001713836
승용차,8703,UY,우루과이,2026-07-01,1995493,1163491.0,71.50910492646699,16.434302932135857,0.001995493
승용차,8703,UZ,우즈베키스탄,2025-01-01,6317137,,,,0.006317137
승용차,8703,UZ,우즈베키스탄,2025-02-01,10774598,,,70.5614109682915,0.010774598
승용차,8703,UZ,우즈베키스탄,2025-03-01,10748844,,,-0.2390251589896919,0.010748844
승용차,8703,UZ,우즈베키스탄,2025-04-01,11109328,,,3.353700174642027,0.011109328
승용차,8703,UZ,우즈베키스탄,2025-05-01,7022647,,,-36.78603242248316,0.007022647
승용차,8703,UZ,우즈베키스탄,2025-06-01,8644215,,,23.09055260786994,0.008644215
승용차,8703,UZ,우즈베키스탄,2025-07-01,7487904,,,-13.37670337908069,0.007487904
승용차,8703,UZ,우즈베키스탄,2025-08-01,10217123,,,36.448370598768356,0.010217123
승용차,8703,UZ,우즈베키스탄,2025-09-01,23133950,,,126.42332875898626,0.02313395
승용차,8703,UZ,우즈베키스탄,2025-10-01,17706088,,,-23.462754955379427,0.017706088
승용차,8703,UZ,우즈베키스탄,2025-11-01,24342197,,,37.47925007488951,0.024342197
승용차,8703,UZ,우즈베키스탄,2025-12-01,16521854,,,-32.126693412266775,0.016521854
승용차,8703,UZ,우즈베키스탄,2026-01-01,9247573,6317137.0,46.38867259013062,-44.02823678262742,0.009247573
승용차,8703,UZ,우즈베키스탄,2026-02-01,9833049,10774598.0,-8.73859980669348,6.331131422266134,0.009833049
승용차,8703,UZ,우즈베키스탄,2026-03-01,18476181,10748844.0,71.88993532699888,87.8987992432459,0.018476181
승용차,8703,UZ,우즈베키스탄,2026-04-01,17610016,11109328.0,58.51558258069256,-4.688008847715874,0.017610016
승용차,8703,UZ,우즈베키스탄,2026-05-01,16734662,7022647.0,138.29564550232982,-4.970773450745303,0.016734662
승용차,8703,UZ,우즈베키스탄,2026-06-01,13923959,8644215.0,61.07835124415577,-16.795696262045812,0.013923959
승용차,8703,UZ,우즈베키스탄,2026-07-01,15853856,7487904.0,111.72621871220572,13.860260576751205,0.015853856
승용차,8703,UA,우크라이나,2025-01-01,5465962,,,,0.005465962
승용차,8703,UA,우크라이나,2025-02-01,6007146,,,9.900983578005107,0.006007146
승용차,8703,UA,우크라이나,2025-03-01,7346231,,,22.29153411620093,0.007346231
승용차,8703,UA,우크라이나,2025-04-01,8869211,,,20.73144718699971,0.008869211
승용차,8703,UA,우크라이나,2025-05-01,9446823,,,6.51255224393692,0.009446823
승용차,8703,UA,우크라이나,2025-06-01,7494257,,,-20.669022802692506,0.007494257
승용차,8703,UA,우크라이나,2025-07-01,7933973,,,5.867372842964946,0.007933973
승용차,8703,UA,우크라이나,2025-08-01,7513809,,,-5.295757875657003,0.007513809
승용차,8703,UA,우크라이나,2025-09-01,11266979,,,49.95029817766194,0.011266979
승용차,8703,UA,우크라이나,2025-10-01,6563654,,,-41.74433093378447,0.006563654
승용차,8703,UA,우크라이나,2025-11-01,6180612,,,-5.835804263905442,0.006180612
승용차,8703,UA,우크라이나,2025-12-01,6166707,,,-0.224977720652908,0.006166707
승용차,8703,UA,우크라이나,2026-01-01,5808479,5465962.0,6.266362627475264,-5.809064708279477,0.005808479
승용차,8703,UA,우크라이나,2026-02-01,5162788,6007146.0,-14.05589276505016,-11.11635249090166,0.005162788
승용차,8703,UA,우크라이나,2026-03-01,4758309,7346231.0,-35.227887606583565,-7.834507246859646,0.004758309
승용차,8703,UA,우크라이나,2026-04-01,4017191,8869211.0,-54.70633182590876,-15.575239018735443,0.004017191
승용차,8703,UA,우크라이나,2026-05-01,5405444,9446823.0,-42.78029767256145,34.55780419701229,0.005405444
승용차,8703,UA,우크라이나,2026-06-01,11546729,7494257.0,54.07436654494235,113.6129613034563,0.011546729
승용차,8703,UA,우크라이나,2026-07-01,13673348,7933973.0,72.33923029483462,18.41750161452651,0.013673348
승용차,8703,IQ,이라크,2025-01-01,37491246,,,,0.037491246
승용차,8703,IQ,이라크,2025-02-01,61885587,,,65.06676518566495,0.061885587
승용차,8703,IQ,이라크,2025-03-01,51619440,,,-16.588914313764203,0.05161944
승용차,8703,IQ,이라크,2025-04-01,39524392,,,-23.431187940047394,0.039524392
승용차,8703,IQ,이라크,2025-05-01,44216423,,,11.871228784493383,0.044216423
승용차,8703,IQ,이라크,2025-06-01,17646038,,,-60.091665488182976,0.017646038
승용차,8703,IQ,이라크,2025-07-01,29917939,,,69.5447952679236,0.029917939
승용차,8703,IQ,이라크,2025-08-01,28689235,,,-4.106913915427124,0.028689235
승용차,8703,IQ,이라크,2025-09-01,23748031,,,-17.22319887581527,0.023748031
승용차,8703,IQ,이라크,2025-10-01,20356079,,,-14.283087301006137,0.020356079
승용차,8703,IQ,이라크,2025-11-01,38933585,,,91.26269356687011,0.038933585
승용차,8703,IQ,이라크,2025-12-01,32591821,,,-16.288672106614378,0.032591821
승용차,8703,IQ,이라크,2026-01-01,38214616,37491246.0,1.9294370744573186,17.252165811784504,0.038214616
승용차,8703,IQ,이라크,2026-02-01,32228434,61885587.0,-47.922552629257595,-15.664639937766223,0.032228434
승용차,8703,IQ,이라크,2026-03-01,26597692,51619440.0,-48.4734975815313,-17.47134843722161,0.026597692
승용차,8703,IQ,이라크,2026-04-01,14831461,39524392.0,-62.47516976352223,-44.237789504442716,0.014831461
승용차,8703,IQ,이라크,2026-05-01,23943741,44216423.0,-45.84876076475024,61.43885622596452,0.023943741
승용차,8703,IQ,이라크,2026-06-01,33611313,17646038.0,90.47512535108449,40.37619685244673,0.033611313
승용차,8703,IQ,이라크,2026-07-01,34966661,29917939.0,16.875233283950486,4.032416109421244,0.034966661
승용차,8703,IR,이란,2025-01-01,429138,,,,0.000429138
승용차,8703,IR,이란,2025-02-01,1246018,,,190.3536857607576,0.001246018
승용차,8703,IR,이란,2025-03-01,1496043,,,20.06592200112678,0.001496043
승용차,8703,IR,이란,2025-04-01,1261990,,,-15.644804327148353,0.00126199
승용차,8703,IR,이란,2025-05-01,1259094,,,-0.22947883897653787,0.001259094
승용차,8703,IR,이란,2025-06-01,522516,,,-58.50063617172347,0.000522516
승용차,8703,IR,이란,2025-07-01,264728,,,-49.335905503372146,0.000264728
승용차,8703,IR,이란,2025-08-01,761002,,,187.46562509443658,0.000761002
승용차,8703,IR,이란,2025-09-01,2513798,,,230.32738415930572,0.002513798
승용차,8703,IR,이란,2025-10-01,641022,,,-74.49986037064235,0.000641022
승용차,8703,IR,이란,2025-11-01,543673,,,-15.186530259491871,0.000543673
승용차,8703,IR,이란,2025-12-01,1234554,,,127.07656992346502,0.001234554
승용차,8703,IR,이란,2026-01-01,473182,429138.0,10.263365164585746,-61.67182642476554,0.000473182
승용차,8703,IR,이란,2026-02-01,850434,1246018.0,-31.747855969977966,79.72661681974378,0.000850434
승용차,8703,IR,이란,2026-03-01,173953,1496043.0,-88.37245988250338,-79.54538506221529,0.000173953
승용차,8703,IR,이란,2026-05-01,6007,1261990.0,-99.52400573697098,-96.5467683799647,6.007e-06
승용차,8703,IR,이란,2026-07-01,15686,1259094.0,-98.7541835637371,161.1286832029299,1.5686e-05
승용차,8703,IL,이스라엘,2025-01-01,104382270,,,,0.10438227
승용차,8703,IL,이스라엘,2025-02-01,105192197,,,0.7759239188800837,0.105192197
승용차,8703,IL,이스라엘,2025-03-01,113047542,,,7.467611879995251,0.113047542
승용차,8703,IL,이스라엘,2025-04-01,119066805,,,5.324541244780012,0.119066805
승용차,8703,IL,이스라엘,2025-05-01,72054083,,,-39.484323107519344,0.072054083
승용차,8703,IL,이스라엘,2025-06-01,75938853,,,5.391464075672148,0.075938853
승용차,8703,IL,이스라엘,2025-07-01,19522821,,,-74.29139336618634,0.019522821
승용차,8703,IL,이스라엘,2025-08-01,36317046,,,86.02355673905937,0.036317046
승용차,8703,IL,이스라엘,2025-09-01,49108233,,,35.22089048762391,0.049108233
승용차,8703,IL,이스라엘,2025-10-01,78542811,,,59.93817370704419,0.078542811
승용차,8703,IL,이스라엘,2025-11-01,61161153,,,-22.13017051299577,0.061161153
승용차,8703,IL,이스라엘,2025-12-01,73464407,,,20.11612501811404,0.073464407
승용차,8703,IL,이스라엘,2026-01-01,69138440,104382270.0,-33.764191945624475,-5.888520954099585,0.06913844
승용차,8703,IL,이스라엘,2026-02-01,58799883,105192197.0,-44.10242900431103,-14.95341375940794,0.058799883
승용차,8703,IL,이스라엘,2026-03-01,97065227,113047542.0,-14.13769350243812,65.07724513669527,0.097065227
승용차,8703,IL,이스라엘,2026-04-01,44895092,119066805.0,-62.294199462226274,-53.747502182218156,0.044895092
승용차,8703,IL,이스라엘,2026-05-01,71386791,72054083.0,-0.9260988027562589,59.00800693314092,0.071386791
승용차,8703,IL,이스라엘,2026-06-01,75155215,75938853.0,-1.0319328894788593,5.2788813549554225,0.075155215
승용차,8703,IL,이스라엘,2026-07-01,69529402,19522821.0,256.1442375566523,-7.485592317179856,0.069529402
승용차,8703,EG,이집트,2025-01-01,18550023,,,,0.018550023
승용차,8703,EG,이집트,2025-02-01,22309767,,,20.268136594763252,0.022309767
승용차,8703,EG,이집트,2025-03-01,17356480,,,-22.20232510720529,0.01735648
승용차,8703,EG,이집트,2025-04-01,27975219,,,61.180256595807435,0.027975219
승용차,8703,EG,이집트,2025-05-01,22045479,,,-21.196402430308048,0.022045479
승용차,8703,EG,이집트,2025-06-01,17898614,,,-18.81050078340325,0.017898614
승용차,8703,EG,이집트,2025-07-01,20057529,,,12.061911609468744,0.020057529
승용차,8703,EG,이집트,2025-08-01,17898298,,,-10.765189470746872,0.017898298
승용차,8703,EG,이집트,2025-09-01,14884164,,,-16.840338673543155,0.014884164
승용차,8703,EG,이집트,2025-10-01,18760841,,,26.045648247358734,0.018760841
승용차,8703,EG,이집트,2025-11-01,15292264,,,-18.488387594138235,0.015292264
승용차,8703,EG,이집트,2025-12-01,17984449,,,17.60488178859585,0.017984449
승용차,8703,EG,이집트,2026-01-01,10905683,18550023.0,-41.209328958783495,-39.36048304843812,0.010905683
승용차,8703,EG,이집트,2026-02-01,11340689,22309767.0,-49.16715625044403,3.98880106821371,0.011340689
승용차,8703,EG,이집트,2026-03-01,13635143,17356480.0,-21.44062044838585,20.232051156680164,0.013635143
승용차,8703,EG,이집트,2026-04-01,15309681,27975219.0,-45.274133510804695,12.281044650576822,0.015309681
승용차,8703,EG,이집트,2026-05-01,19209211,22045479.0,-12.865531295554977,25.471007527851164,0.019209211
승용차,8703,EG,이집트,2026-06-01,20640808,17898614.0,15.320705837893378,7.4526590394576875,0.020640808
승용차,8703,EG,이집트,2026-07-01,18600574,20057529.0,-7.263880810043954,-9.884467701070621,0.018600574
승용차,8703,IT,이탈리아,2025-01-01,55268277,,,,0.055268277
승용차,8703,IT,이탈리아,2025-02-01,49792355,,,-9.9078934557703,0.049792355
승용차,8703,IT,이탈리아,2025-03-01,60475019,,,21.454426086092937,0.060475019
승용차,8703,IT,이탈리아,2025-04-01,51534241,,,-14.784250005775112,0.051534241
승용차,8703,IT,이탈리아,2025-05-01,85169674,,,65.26812532273445,0.085169674
승용차,8703,IT,이탈리아,2025-06-01,53172454,,,-37.56879473320516,0.053172454
승용차,8703,IT,이탈리아,2025-07-01,47657263,,,-10.372270950669304,0.047657263
승용차,8703,IT,이탈리아,2025-08-01,48984023,,,2.783961806619062,0.048984023
승용차,8703,IT,이탈리아,2025-09-01,59632605,,,21.73888820850831,0.059632605
승용차,8703,IT,이탈리아,2025-10-01,50534630,,,-15.256712330444056,0.05053463
승용차,8703,IT,이탈리아,2025-11-01,36720291,,,-27.33638101238696,0.036720291
승용차,8703,IT,이탈리아,2025-12-01,70623372,,,92.32792027710236,0.070623372
승용차,8703,IT,이탈리아,2026-01-01,65105860,55268277.0,17.79969185578194,-7.8125864621700565,0.06510586
승용차,8703,IT,이탈리아,2026-02-01,43213239,49792355.0,-13.213104702519097,-33.62619125221601,0.043213239
승용차,8703,IT,이탈리아,2026-03-01,91003766,60475019.0,50.48158314758033,110.59232796689922,0.091003766
승용차,8703,IT,이탈리아,2026-04-01,57551964,51534241.0,11.677135208026069,-36.758700733330095,0.057551964
승용차,8703,IT,이탈리아,2026-05-01,46413246,85169674.0,-45.5049622474779,-19.354192673598426,0.046413246
승용차,8703,IT,이탈리아,2026-06-01,63431010,53172454.0,19.29298956185095,36.665748394326904,0.06343101
승용차,8703,IT,이탈리아,2026-07-01,62474936,47657263.0,31.09216112557702,-1.5072659256095688,0.062474936
승용차,8703,IN,인도,2025-01-01,9381486,,,,0.009381486
승용차,8703,IN,인도,2025-02-01,11992246,,,27.82885355262481,0.011992246
승용차,8703,IN,인도,2025-03-01,1257477,,,-89.51424945752447,0.001257477
승용차,8703,IN,인도,2025-04-01,265796,,,-78.86275454739928,0.000265796
승용차,8703,IN,인도,2025-05-01,140687,,,-47.06955710394438,0.000140687
승용차,8703,IN,인도,2025-06-01,109969,,,-21.834284617626366,0.000109969
승용차,8703,IN,인도,2025-07-01,66185,,,-39.81485691422129,6.6185e-05
승용차,8703,IN,인도,2025-08-01,178000,,,168.9431139986402,0.000178
승용차,8703,IN,인도,2025-09-01,222500,,,25.0,0.0002225
승용차,8703,IN,인도,2025-10-01,46182,,,-79.24404494382023,4.6182e-05
승용차,8703,IN,인도,2025-11-01,86664,,,87.65752890736651,8.6664e-05
승용차,8703,IN,인도,2025-12-01,159305,,,83.81911751130804,0.000159305
승용차,8703,IN,인도,2026-01-01,532158,9381486.0,-94.32757241230227,234.04977872634257,0.000532158
승용차,8703,IN,인도,2026-02-01,971196,11992246.0,-91.90146699792517,82.50143754298536,0.000971196
승용차,8703,IN,인도,2026-03-01,213514,1257477.0,-83.02044490674581,-78.01535426422679,0.000213514
승용차,8703,IN,인도,2026-04-01,857974,265796.0,222.79417297476257,301.8350084771959,0.000857974
승용차,8703,IN,인도,2026-05-01,205429,140687.0,46.01846652498098,-76.05650054663661,0.000205429
승용차,8703,IN,인도,2026-06-01,859741,109969.0,681.8030535878293,318.510044833008,0.000859741
승용차,8703,IN,인도,2026-07-01,67482,66185.0,1.9596585329002103,-92.15089195467007,6.7482e-05
승용차,8703,ID,인도네시아,2025-01-01,19325914,,,,0.019325914
승용차,8703,ID,인도네시아,2025-02-01,28185354,,,45.84228202609202,0.028185354
승용차,8703,ID,인도네시아,2025-03-01,13289425,,,-52.849891472003506,0.013289425
승용차,8703,ID,인도네시아,2025-04-01,13048760,,,-1.8109511886330698,0.01304876
승용차,8703,ID,인도네시아,2025-05-01,24350103,,,86.60855897418604,0.024350103
승용차,8703,ID,인도네시아,2025-06-01,12074080,,,-50.414665597102406,0.01207408
승용차,8703,ID,인도네시아,2025-07-01,9960721,,,-17.503271470787006,0.009960721
승용차,8703,ID,인도네시아,2025-08-01,6033662,,,-39.42544922199909,0.006033662
승용차,8703,ID,인도네시아,2025-09-01,3711907,,,-38.48003086682681,0.003711907
승용차,8703,ID,인도네시아,2025-10-01,4241896,,,14.278078626431112,0.004241896
승용차,8703,ID,인도네시아,2025-11-01,3732782,,,-12.002038710991503,0.003732782
승용차,8703,ID,인도네시아,2025-12-01,0,,,-100.0,0.0
승용차,8703,ID,인도네시아,2026-01-01,11449507,19325914.0,-40.75567654911432,inf,0.011449507
승용차,8703,ID,인도네시아,2026-02-01,5179590,28185354.0,-81.62311532436316,-54.761458288116685,0.00517959
승용차,8703,ID,인도네시아,2026-03-01,1106957,13289425.0,-91.6703920598521,-78.62848217716075,0.001106957
승용차,8703,ID,인도네시아,2026-04-01,2812136,13048760.0,-78.44901737789644,154.0420269260685,0.002812136
승용차,8703,ID,인도네시아,2026-05-01,810226,24350103.0,-96.67259723706302,-71.18823556186472,0.000810226
승용차,8703,ID,인도네시아,2026-06-01,6997426,12074080.0,-42.04588672594517,763.638787202583,0.006997426
승용차,8703,ID,인도네시아,2026-07-01,8993601,9960721.0,-9.709337306004251,28.527275601056722,0.008993601
승용차,8703,JP,일본,2025-01-01,323294,,,,0.000323294
승용차,8703,JP,일본,2025-02-01,843089,,,160.78089911968672,0.000843089
승용차,8703,JP,일본,2025-03-01,1922084,,,127.98115027001896,0.001922084
승용차,8703,JP,일본,2025-04-01,3493018,,,81.73076722973607,0.003493018
승용차,8703,JP,일본,2025-05-01,1494171,,,-57.224068126760294,0.001494171
승용차,8703,JP,일본,2025-06-01,4576107,,,206.26394167735822,0.004576107
승용차,8703,JP,일본,2025-07-01,1880039,,,-58.916192300573385,0.001880039
승용차,8703,JP,일본,2025-08-01,743765,,,-60.43885259827058,0.000743765
승용차,8703,JP,일본,2025-09-01,1475728,,,98.41320847310642,0.001475728
승용차,8703,JP,일본,2025-10-01,1093797,,,-25.88085338219509,0.001093797
승용차,8703,JP,일본,2025-11-01,5836641,,,433.612818466315,0.005836641
승용차,8703,JP,일본,2025-12-01,1805114,,,-69.07272521986533,0.001805114
승용차,8703,JP,일본,2026-01-01,1685917,323294.0,421.4810667689472,-6.603294861155584,0.001685917
승용차,8703,JP,일본,2026-02-01,1536650,843089.0,82.26426865965514,-8.853757332063205,0.00153665
승용차,8703,JP,일본,2026-03-01,3811987,1922084.0,98.32572353757692,148.07125890736344,0.003811987
승용차,8703,JP,일본,2026-04-01,1728940,3493018.0,-50.50297479142678,-54.64465120159119,0.00172894
승용차,8703,JP,일본,2026-05-01,3197565,1494171.0,114.00261415862039,84.94366490450795,0.003197565
승용차,8703,JP,일본,2026-06-01,4063518,4576107.0,-11.201420770974103,27.08163868443645,0.004063518
승용차,8703,JP,일본,2026-07-01,4610090,1880039.0,145.2124663371345,13.450709459143528,0.00461009
승용차,8703,JM,자마이카,2025-01-01,1342108,,,,0.001342108
승용차,8703,JM,자마이카,2025-02-01,1061974,,,-20.872686847854272,0.001061974
승용차,8703,JM,자마이카,2025-03-01,1808640,,,70.30925427552842,0.00180864
승용차,8703,JM,자마이카,2025-04-01,1117531,,,-38.21152910474168,0.001117531
승용차,8703,JM,자마이카,2025-05-01,748205,,,-33.04838970909979,0.000748205
승용차,8703,JM,자마이카,2025-06-01,588895,,,-21.292292887644425,0.000588895
승용차,8703,JM,자마이카,2025-07-01,2003883,,,240.2784876760713,0.002003883
승용차,8703,JM,자마이카,2025-08-01,1207269,,,-39.75351854374731,0.001207269
승용차,8703,JM,자마이카,2025-09-01,185141,,,-84.66447825629582,0.000185141
승용차,8703,JM,자마이카,2025-10-01,755680,,,308.16458807071365,0.00075568
승용차,8703,JM,자마이카,2025-11-01,828457,,,9.630663773025617,0.000828457
승용차,8703,JM,자마이카,2025-12-01,193803,,,-76.60675207041524,0.000193803
승용차,8703,JM,자마이카,2026-01-01,50376,1342108.0,-96.24650177183952,-74.00659432516524,5.0376e-05
승용차,8703,JM,자마이카,2026-02-01,5880,1061974.0,-99.44631412821782,-88.32777513101477,5.88e-06
승용차,8703,JM,자마이카,2026-03-01,276195,1808640.0,-84.729133492569,4597.193877551021,0.000276195
승용차,8703,JM,자마이카,2026-04-01,510880,1117531.0,-54.28493706214861,84.97076340990965,0.00051088
승용차,8703,JM,자마이카,2026-05-01,604478,748205.0,-19.209574915965543,18.320936423426247,0.000604478
승용차,8703,JM,자마이카,2026-06-01,51207,588895.0,-91.30456193379125,-91.52872395686857,5.1207e-05
승용차,8703,JM,자마이카,2026-07-01,534047,2003883.0,-73.34939215513081,942.9179604350967,0.000534047
승용차,8703,ZM,잠비아,2025-01-01,3372,,,,3.372e-06
승용차,8703,ZM,잠비아,2025-03-01,3785,,,12.247924080664285,3.785e-06
승용차,8703,ZM,잠비아,2025-05-01,2206,,,-41.717305151915454,2.206e-06
승용차,8703,ZM,잠비아,2025-09-01,2597,,,17.72438803263825,2.597e-06
승용차,8703,ZM,잠비아,2025-11-01,62003,,,2287.485560261841,6.2003e-05
승용차,8703,ZM,잠비아,2026-03-01,3766,,,-93.92610034998306,3.766e-06
승용차,8703,ZM,잠비아,2026-05-01,1687,,,-55.20446096654275,1.687e-06
승용차,8703,ZM,잠비아,2026-06-01,35270,,,1990.693538826319,3.527e-05
승용차,8703,ZM,잠비아,2026-07-01,7654,,,-78.29883753898497,7.654e-06
승용차,8703,GQ,적도 기니,2025-01-01,58608,,,,5.8608e-05
승용차,8703,GQ,적도 기니,2025-02-01,61116,,,4.279279279279269,6.1116e-05
승용차,8703,GQ,적도 기니,2025-03-01,77744,,,27.207277963217493,7.7744e-05
승용차,8703,GQ,적도 기니,2025-04-01,159235,,,104.81966454002882,0.000159235
승용차,8703,GQ,적도 기니,2025-05-01,117377,,,-26.286934405124505,0.000117377
승용차,8703,GQ,적도 기니,2025-06-01,82104,,,-30.051032144287216,8.2104e-05
승용차,8703,GQ,적도 기니,2025-07-01,99603,,,21.313212510961698,9.9603e-05
승용차,8703,GQ,적도 기니,2025-08-01,79543,,,-20.139955623826587,7.9543e-05
승용차,8703,GQ,적도 기니,2025-09-01,150517,,,89.22721043963642,0.000150517
승용차,8703,GQ,적도 기니,2025-10-01,122526,,,-18.59657048705462,0.000122526
승용차,8703,GQ,적도 기니,2025-11-01,160772,,,31.214599350341963,0.000160772
승용차,8703,GQ,적도 기니,2025-12-01,143100,,,-10.991963774786651,0.0001431
승용차,8703,GQ,적도 기니,2026-01-01,197519,58608.0,237.01713076713077,38.02865129280224,0.000197519
승용차,8703,GQ,적도 기니,2026-02-01,157837,61116.0,158.25806662739708,-20.090219168788824,0.000157837
승용차,8703,GQ,적도 기니,2026-03-01,207863,77744.0,167.3685429100638,31.694723037057226,0.000207863
승용차,8703,GQ,적도 기니,2026-04-01,186754,159235.0,17.282004584419262,-10.155246484463321,0.000186754
승용차,8703,GQ,적도 기니,2026-05-01,164492,117377.0,40.13989112006611,-11.920494340148002,0.000164492
승용차,8703,GQ,적도 기니,2026-06-01,190202,82104.0,131.65984604891355,15.629939449942864,0.000190202
승용차,8703,GQ,적도 기니,2026-07-01,149598,99603.0,50.19427125688984,-21.347830201575167,0.000149598
승용차,8703,GE,조지아,2025-01-01,3426759,,,,0.003426759
승용차,8703,GE,조지아,2025-02-01,4725431,,,37.897967146216004,0.004725431
승용차,8703,GE,조지아,2025-03-01,4469823,,,-5.409199711095136,0.004469823
승용차,8703,GE,조지아,2025-04-01,3952789,,,-11.567214182753993,0.003952789
승용차,8703,GE,조지아,2025-05-01,4298615,,,8.748911211805144,0.004298615
승용차,8703,GE,조지아,2025-06-01,3385473,,,-21.242702591416073,0.003385473
승용차,8703,GE,조지아,2025-07-01,6157605,,,81.88315192589042,0.006157605
승용차,8703,GE,조지아,2025-08-01,2970935,,,-51.751776867791946,0.002970935
승용차,8703,GE,조지아,2025-09-01,4359407,,,46.73518606095388,0.004359407
승용차,8703,GE,조지아,2025-10-01,2702472,,,-38.00826580312414,0.002702472
승용차,8703,GE,조지아,2025-11-01,3377663,,,24.984199651282225,0.003377663
승용차,8703,GE,조지아,2025-12-01,4483832,,,32.749537179996935,0.004483832
승용차,8703,GE,조지아,2026-01-01,3272205,3426759.0,-4.5102092093432855,-27.02213196212525,0.003272205
승용차,8703,GE,조지아,2026-02-01,6270825,4725431.0,32.70376818537821,91.63912407688393,0.006270825
승용차,8703,GE,조지아,2026-03-01,12937774,4469823.0,189.44712128422086,106.31693596935014,0.012937774
승용차,8703,GE,조지아,2026-04-01,7771758,3952789.0,96.6145422890015,-39.92971279294258,0.007771758
승용차,8703,GE,조지아,2026-05-01,7029942,4298615.0,63.53969825164616,-9.545021859918956,0.007029942
승용차,8703,GE,조지아,2026-06-01,5462504,3385473.0,61.351279422402726,-22.296599317604617,0.005462504
승용차,8703,GE,조지아,2026-07-01,5270605,6157605.0,-14.404951275698908,-3.513022599159654,0.005270605
승용차,8703,CN,중국,2025-01-01,23202644,,,,0.023202644
승용차,8703,CN,중국,2025-02-01,27723569,,,19.484525125671027,0.027723569
승용차,8703,CN,중국,2025-03-01,16814348,,,-39.349987730656174,0.016814348
승용차,8703,CN,중국,2025-04-01,35983244,,,114.00320726084652,0.035983244
승용차,8703,CN,중국,2025-05-01,42078750,,,16.93984566816711,0.04207875
승용차,8703,CN,중국,2025-06-01,22804246,,,-45.80579033360069,0.022804246
승용차,8703,CN,중국,2025-07-01,28044428,,,22.978975055785654,0.028044428
승용차,8703,CN,중국,2025-08-01,16142639,,,-42.43905063779514,0.016142639
승용차,8703,CN,중국,2025-09-01,17014109,,,5.398559677881676,0.017014109
승용차,8703,CN,중국,2025-10-01,23508766,,,38.172184038552935,0.023508766
승용차,8703,CN,중국,2025-11-01,24461345,,,4.052016171329442,0.024461345
승용차,8703,CN,중국,2025-12-01,18240826,,,-25.429995774966585,0.018240826
승용차,8703,CN,중국,2026-01-01,26376269,23202644.0,13.677859299138495,44.6001897063214,0.026376269
승용차,8703,CN,중국,2026-02-01,11644321,27723569.0,-57.99847775731906,-55.85303971535929,0.011644321
승용차,8703,CN,중국,2026-03-01,19663958,16814348.0,16.947490321955993,68.87165855355586,0.019663958
승용차,8703,CN,중국,2026-04-01,17336822,35983244.0,-51.81973587484219,-11.834524870323671,0.017336822
승용차,8703,CN,중국,2026-05-01,20806479,42078750.0,-50.55347651724445,20.01322387690201,0.020806479
승용차,8703,CN,중국,2026-06-01,25779169,22804246.0,13.045478460458625,23.89971892889711,0.025779169
승용차,8703,CN,중국,2026-07-01,19194437,28044428.0,-31.557038710149477,-25.542840422823566,0.019194437
승용차,8703,CF,중앙아프리카공화국,2025-09-01,8459,,,,8.459e-06
승용차,8703,DJ,지부티,2025-01-01,573916,,,,0.000573916
승용차,8703,DJ,지부티,2025-02-01,260045,,,-54.689362206315906,0.000260045
승용차,8703,DJ,지부티,2025-03-01,230488,,,-11.366109711780659,0.000230488
승용차,8703,DJ,지부티,2025-04-01,299213,,,29.81717052514665,0.000299213
승용차,8703,DJ,지부티,2025-05-01,732284,,,144.73669259022836,0.000732284
승용차,8703,DJ,지부티,2025-06-01,842453,,,15.044572870634898,0.000842453
승용차,8703,DJ,지부티,2025-07-01,93357,,,-88.91843224488488,9.3357e-05
승용차,8703,DJ,지부티,2025-08-01,496815,,,432.16684340756456,0.000496815
승용차,8703,DJ,지부티,2025-09-01,507354,,,2.121312762295835,0.000507354
승용차,8703,DJ,지부티,2025-10-01,700754,,,38.119340736448315,0.000700754
승용차,8703,DJ,지부티,2025-11-01,324853,,,-53.6423623696761,0.000324853
승용차,8703,DJ,지부티,2025-12-01,267052,,,-17.792970974563882,0.000267052
승용차,8703,DJ,지부티,2026-01-01,125502,573916.0,-78.13233992430948,-53.004658268801585,0.000125502
승용차,8703,DJ,지부티,2026-02-01,1347940,260045.0,418.3487473321925,974.0386607384743,0.00134794
승용차,8703,DJ,지부티,2026-03-01,41204,230488.0,-82.12314740897574,-96.94318738222769,4.1204e-05
승용차,8703,DJ,지부티,2026-04-01,125757,299213.0,-57.97074324979196,205.20580526162507,0.000125757
승용차,8703,DJ,지부티,2026-05-01,145596,732284.0,-80.11755002157632,15.775662587370887,0.000145596
승용차,8703,DJ,지부티,2026-06-01,62989,842453.0,-92.52314372433833,-56.737135635594385,6.2989e-05
승용차,8703,GI,지브랄타,2025-03-01,209521,,,,0.000209521
승용차,8703,GI,지브랄타,2025-05-01,174625,,,-16.655132421093832,0.000174625
승용차,8703,GI,지브랄타,2025-06-01,729142,,,317.5473156764495,0.000729142
승용차,8703,GI,지브랄타,2025-07-01,422897,,,-42.00073511058202,0.000422897
승용차,8703,GI,지브랄타,2025-08-01,267005,,,-36.862876776141704,0.000267005
승용차,8703,GI,지브랄타,2025-09-01,244572,,,-8.401715323683078,0.000244572
승용차,8703,GI,지브랄타,2025-10-01,186598,,,-23.70426704610503,0.000186598
승용차,8703,GI,지브랄타,2025-11-01,300540,,,61.06281953718688,0.00030054
승용차,8703,GI,지브랄타,2025-12-01,287347,,,-4.389765089505559,0.000287347
승용차,8703,GI,지브랄타,2026-01-01,40633,,,-85.85925727430597,4.0633e-05
승용차,8703,GI,지브랄타,2026-03-01,290413,,,614.7220239706642,0.000290413
승용차,8703,GI,지브랄타,2026-04-01,167224,,,-42.418555643170244,0.000167224
승용차,8703,GI,지브랄타,2026-05-01,66792,209521.0,-68.12157253926814,-60.05836482801512,6.6792e-05
승용차,8703,GI,지브랄타,2026-07-01,283592,174625.0,62.400572655690766,324.5897712300875,0.000283592
승용차,8703,ZW,짐바브웨,2025-01-01,54561,,,,5.4561e-05
승용차,8703,ZW,짐바브웨,2025-02-01,43074,,,-21.053499752570517,4.3074e-05
승용차,8703,ZW,짐바브웨,2025-05-01,74128,,,72.09453498630265,7.4128e-05
승용차,8703,ZW,짐바브웨,2025-06-01,128689,,,73.60376645801855,0.000128689
승용차,8703,ZW,짐바브웨,2025-08-01,307770,,,139.15796998966502,0.00030777
승용차,8703,ZW,짐바브웨,2025-10-01,175623,,,-42.93693342431036,0.000175623
승용차,8703,ZW,짐바브웨,2025-12-01,88135,,,-49.81579861407675,8.8135e-05
승용차,8703,ZW,짐바브웨,2026-01-01,65484,,,-25.700346060021563,6.5484e-05
승용차,8703,ZW,짐바브웨,2026-02-01,107078,,,63.51780587624458,0.000107078
승용차,8703,ZW,짐바브웨,2026-04-01,280937,,,162.36668596723885,0.000280937
승용차,8703,ZW,짐바브웨,2026-05-01,235410,,,-16.205412601401736,0.00023541
승용차,8703,ZW,짐바브웨,2026-06-01,242680,,,3.0882290471942575,0.00024268
승용차,8703,ZW,짐바브웨,2026-07-01,9570,54561.0,-82.45999890031341,-96.05653535520027,9.57e-06
승용차,8703,TD,챠드,2026-07-01,2325,,,,2.325e-06
승용차,8703,CZ,체코공화국,2025-01-01,8879727,,,,0.008879727
승용차,8703,CZ,체코공화국,2025-02-01,7610754,,,-14.290675828209586,0.007610754
승용차,8703,CZ,체코공화국,2025-03-01,5476697,,,-28.040020739075267,0.005476697
승용차,8703,CZ,체코공화국,2025-04-01,8559651,,,56.29221408451115,0.008559651
승용차,8703,CZ,체코공화국,2025-05-01,10980987,,,28.28778883625045,0.010980987
승용차,8703,CZ,체코공화국,2025-06-01,5987576,,,-45.473243889643065,0.005987576
승용차,8703,CZ,체코공화국,2025-07-01,8270767,,,38.132142289300376,0.008270767
승용차,8703,CZ,체코공화국,2025-08-01,8707208,,,5.276910835476323,0.008707208
승용차,8703,CZ,체코공화국,2025-09-01,10909419,,,25.291815700279585,0.010909419
승용차,8703,CZ,체코공화국,2025-10-01,10107788,,,-7.348063173666719,0.010107788
승용차,8703,CZ,체코공화국,2025-11-01,13279295,,,31.376865047031053,0.013279295
승용차,8703,CZ,체코공화국,2025-12-01,7900985,,,-40.501472404973306,0.007900985
승용차,8703,CZ,체코공화국,2026-01-01,5492285,8879727.0,-38.14804216390887,-30.486072306174485,0.005492285
승용차,8703,CZ,체코공화국,2026-02-01,10579731,7610754.0,39.01028728559615,92.62895133810427,0.010579731
승용차,8703,CZ,체코공화국,2026-03-01,7290571,5476697.0,33.11985307932866,-31.089259263775237,0.007290571
승용차,8703,CZ,체코공화국,2026-04-01,14189732,8559651.0,65.77465599940933,94.63128471007278,0.014189732
승용차,8703,CZ,체코공화국,2026-05-01,15603886,10980987.0,42.09912096244173,9.966037413532547,0.015603886
승용차,8703,CZ,체코공화국,2026-06-01,7712461,5987576.0,28.807734549006135,-50.573459713817435,0.007712461
승용차,8703,CZ,체코공화국,2026-07-01,13720248,8270767.0,65.88845992155261,77.8971459304624,0.013720248
승용차,8703,CL,칠레,2025-01-01,15507696,,,,0.015507696
승용차,8703,CL,칠레,2025-02-01,15556786,,,0.31655250399542645,0.015556786
승용차,8703,CL,칠레,2025-03-01,25040693,,,60.96315138615394,0.025040693
승용차,8703,CL,칠레,2025-04-01,31590837,,,26.157998103327262,0.031590837
승용차,8703,CL,칠레,2025-05-01,26349558,,,-16.591136854018774,0.026349558
승용차,8703,CL,칠레,2025-06-01,27798536,,,5.499059984231991,0.027798536
승용차,8703,CL,칠레,2025-07-01,21231371,,,-23.624139774842824,0.021231371
승용차,8703,CL,칠레,2025-08-01,23602664,,,11.168817124433472,0.023602664
승용차,8703,CL,칠레,2025-09-01,26496182,,,12.25928564673886,0.026496182
승용차,8703,CL,칠레,2025-10-01,22129308,,,-16.48114433996566,0.022129308
승용차,8703,CL,칠레,2025-11-01,17321340,,,-21.726698367612762,0.01732134
승용차,8703,CL,칠레,2025-12-01,21828597,,,26.021410583707727,0.021828597
승용차,8703,CL,칠레,2026-01-01,24094754,15507696.0,55.372880665187154,10.38159713150597,0.024094754
승용차,8703,CL,칠레,2026-02-01,18148063,15556786.0,16.65689172557878,-24.680438737826506,0.018148063
승용차,8703,CL,칠레,2026-03-01,24246030,25040693.0,-3.1734864526313245,33.60120030440714,0.02424603
승용차,8703,CL,칠레,2026-04-01,32773798,31590837.0,3.7446332935084925,35.17181163266729,0.032773798
승용차,8703,CL,칠레,2026-05-01,27184278,26349558.0,3.16787097529303,-17.054843628437567,0.027184278
승용차,8703,CL,칠레,2026-06-01,41213478,27798536.0,48.25772839260311,51.6077712271777,0.041213478
승용차,8703,CL,칠레,2026-07-01,30897592,21231371.0,45.52801135640274,-25.030369919277373,0.030897592
승용차,8703,CM,카메룬,2025-01-01,133439,,,,0.000133439
승용차,8703,CM,카메룬,2025-02-01,71665,,,-46.29381215386806,7.1665e-05
승용차,8703,CM,카메룬,2025-03-01,518391,,,623.3531012349124,0.000518391
승용차,8703,CM,카메룬,2025-04-01,333053,,,-35.75254971633382,0.000333053
승용차,8703,CM,카메룬,2025-05-01,157322,,,-52.76367425004429,0.000157322
승용차,8703,CM,카메룬,2025-06-01,169041,,,7.449053533517236,0.000169041
승용차,8703,CM,카메룬,2025-07-01,359594,,,112.72590673268614,0.000359594
승용차,8703,CM,카메룬,2025-08-01,124847,,,-65.28112259937596,0.000124847
승용차,8703,CM,카메룬,2025-09-01,132638,,,6.240438296474893,0.000132638
승용차,8703,CM,카메룬,2025-10-01,143194,,,7.958503596254474,0.000143194
승용차,8703,CM,카메룬,2025-11-01,269926,,,88.5037082559325,0.000269926
승용차,8703,CM,카메룬,2025-12-01,95459,,,-64.63512221868216,9.5459e-05
승용차,8703,CM,카메룬,2026-01-01,157772,133439.0,18.23529852591821,65.2772394431117,0.000157772
승용차,8703,CM,카메룬,2026-02-01,259830,71665.0,262.5619200446522,64.6870167076541,0.00025983
승용차,8703,CM,카메룬,2026-03-01,179124,518391.0,-65.4461593661927,-31.061078397413688,0.000179124
승용차,8703,CM,카메룬,2026-04-01,285349,333053.0,-14.323245849759648,59.30249436144794,0.000285349
승용차,8703,CM,카메룬,2026-05-01,193882,157322.0,23.238962128627904,-32.05443159078882,0.000193882
승용차,8703,CM,카메룬,2026-06-01,243506,169041.0,44.051443141013124,25.594949505369247,0.000243506
승용차,8703,CM,카메룬,2026-07-01,250907,359594.0,-30.22492032681302,3.039350159749654,0.000250907
승용차,8703,CV,카보 베르데,2025-01-01,316669,,,,0.000316669
승용차,8703,CV,카보 베르데,2025-02-01,78927,,,-75.07586786202629,7.8927e-05
승용차,8703,CV,카보 베르데,2025-03-01,64229,,,-18.62227121263953,6.4229e-05
승용차,8703,CV,카보 베르데,2025-04-01,665846,,,936.6750221862399,0.000665846
승용차,8703,CV,카보 베르데,2025-05-01,77444,,,-88.36908234036099,7.7444e-05
승용차,8703,CV,카보 베르데,2025-06-01,270271,,,248.98894685191883,0.000270271
승용차,8703,CV,카보 베르데,2025-07-01,192443,,,-28.79628225003793,0.000192443
승용차,8703,CV,카보 베르데,2025-08-01,78414,,,-59.25338931527777,7.8414e-05
승용차,8703,CV,카보 베르데,2025-09-01,492757,,,528.4043665671946,0.000492757
승용차,8703,CV,카보 베르데,2025-10-01,381930,,,-22.491207633782984,0.00038193
승용차,8703,CV,카보 베르데,2025-11-01,188514,,,-50.641740633100305,0.000188514
승용차,8703,CV,카보 베르데,2025-12-01,122460,,,-35.0393074254432,0.00012246
승용차,8703,CV,카보 베르데,2026-01-01,117828,316669.0,-62.79143206313217,-3.78245957863792,0.000117828
승용차,8703,CV,카보 베르데,2026-04-01,168515,78927.0,113.50741824724113,43.01778864107004,0.000168515
승용차,8703,CV,카보 베르데,2026-06-01,210437,64229.0,227.63549175606036,24.877310625166892,0.000210437
승용차,8703,CV,카보 베르데,2026-07-01,343098,665846.0,-48.471868870579684,63.04072002547081,0.000343098
승용차,8703,KZ,카자흐스탄,2025-01-01,145294366,,,,0.145294366
승용차,8703,KZ,카자흐스탄,2025-02-01,166289250,,,14.44989546256734,0.16628925
승용차,8703,KZ,카자흐스탄,2025-03-01,174999134,,,5.237791378576784,0.174999134
승용차,8703,KZ,카자흐스탄,2025-04-01,157857371,,,-9.795341615804798,0.157857371
승용차,8703,KZ,카자흐스탄,2025-05-01,156717631,,,-0.7220061963403634,0.156717631
승용차,8703,KZ,카자흐스탄,2025-06-01,143715264,,,-8.29668424479949,0.143715264
승용차,8703,KZ,카자흐스탄,2025-07-01,153183383,,,6.588109527461183,0.153183383
승용차,8703,KZ,카자흐스탄,2025-08-01,122011924,,,-20.34911254049011,0.122011924
승용차,8703,KZ,카자흐스탄,2025-09-01,145277943,,,19.068643651582782,0.145277943
승용차,8703,KZ,카자흐스탄,2025-10-01,141638828,,,-2.504932906435764,0.141638828
승용차,8703,KZ,카자흐스탄,2025-11-01,129714087,,,-8.419118661445014,0.129714087
승용차,8703,KZ,카자흐스탄,2025-12-01,51000258,,,-60.68256025268867,0.051000258
승용차,8703,KZ,카자흐스탄,2026-01-01,37191823,145294366.0,-74.40243278256227,-27.07522577630882,0.037191823
승용차,8703,KZ,카자흐스탄,2026-02-01,44367007,166289250.0,-73.31937753041763,19.292369723312564,0.044367007
승용차,8703,KZ,카자흐스탄,2026-03-01,56312509,174999134.0,-67.8212641897988,26.92429083620629,0.056312509
승용차,8703,KZ,카자흐스탄,2026-04-01,69582795,157857371.0,-55.92046506336407,23.565431971784466,0.069582795
승용차,8703,KZ,카자흐스탄,2026-05-01,62981881,156717631.0,-59.8118727305162,-9.48641686497359,0.062981881
승용차,8703,KZ,카자흐스탄,2026-06-01,58956306,143715264.0,-58.9770046972881,-6.391639843211417,0.058956306
승용차,8703,KZ,카자흐스탄,2026-07-01,51500222,153183383.0,-66.38002047519737,-12.646796425814056,0.051500222
승용차,8703,QA,카타르,2025-01-01,4329854,,,,0.004329854
승용차,8703,QA,카타르,2025-02-01,5564813,,,28.521954781847157,0.005564813
승용차,8703,QA,카타르,2025-03-01,4252504,,,-23.582265926995216,0.004252504
승용차,8703,QA,카타르,2025-04-01,1902132,,,-55.270306624050214,0.001902132
승용차,8703,QA,카타르,2025-05-01,2210015,,,16.186205794340246,0.002210015
승용차,8703,QA,카타르,2025-06-01,4921459,,,122.68894102528716,0.004921459
승용차,8703,QA,카타르,2025-07-01,2356328,,,-52.121352631404626,0.002356328
승용차,8703,QA,카타르,2025-08-01,13417009,,,469.4032834138541,0.013417009
승용차,8703,QA,카타르,2025-09-01,5249628,,,-60.873336225681896,0.005249628
승용차,8703,QA,카타르,2025-10-01,1182221,,,-77.47990905260335,0.001182221
승용차,8703,QA,카타르,2025-11-01,4775330,,,303.928707069152,0.00477533
승용차,8703,QA,카타르,2025-12-01,1760047,,,-63.14292415393281,0.001760047
승용차,8703,QA,카타르,2026-01-01,4893222,4329854.0,13.01124703050034,178.01655296705144,0.004893222
승용차,8703,QA,카타르,2026-02-01,2780297,5564813.0,-50.03790783266212,-43.180648660534914,0.002780297
승용차,8703,QA,카타르,2026-03-01,1045475,4252504.0,-75.41507309575724,-62.39700291012076,0.001045475
승용차,8703,QA,카타르,2026-05-01,19318,1902132.0,-98.9844027648975,-98.15222745641933,1.9318e-05
승용차,8703,QA,카타르,2026-06-01,3693796,2210015.0,67.13895607043392,19021.006315353556,0.003693796
승용차,8703,QA,카타르,2026-07-01,5648933,4921459.0,14.781673483412128,52.930291764894434,0.005648933
승용차,8703,KH,캄보디아,2025-01-01,4629156,,,,0.004629156
승용차,8703,KH,캄보디아,2025-02-01,7238954,,,56.37740443398322,0.007238954
승용차,8703,KH,캄보디아,2025-03-01,5690229,,,-21.394320229138074,0.005690229
승용차,8703,KH,캄보디아,2025-04-01,4806769,,,-15.525912928987573,0.004806769
승용차,8703,KH,캄보디아,2025-05-01,5446070,,,13.30001504128866,0.00544607
승용차,8703,KH,캄보디아,2025-06-01,5703010,,,4.717897493054624,0.00570301
승용차,8703,KH,캄보디아,2025-07-01,5900974,,,3.471219584044216,0.005900974
승용차,8703,KH,캄보디아,2025-08-01,4785076,,,-18.91040360455748,0.004785076
승용차,8703,KH,캄보디아,2025-09-01,6332488,,,32.33829514933515,0.006332488
승용차,8703,KH,캄보디아,2025-10-01,5566089,,,-12.102652227686816,0.005566089
승용차,8703,KH,캄보디아,2025-11-01,5107807,,,-8.233465185339295,0.005107807
승용차,8703,KH,캄보디아,2025-12-01,5872465,,,14.970377698295966,0.005872465
승용차,8703,KH,캄보디아,2026-01-01,5454955,4629156.0,17.83908340958913,-7.1096209172809015,0.005454955
승용차,8703,KH,캄보디아,2026-02-01,6012926,7238954.0,-16.9365353060677,10.228700328417005,0.006012926
승용차,8703,KH,캄보디아,2026-03-01,6444810,5690229.0,13.260995295619903,7.182592967217616,0.00644481
승용차,8703,KH,캄보디아,2026-04-01,5732234,4806769.0,19.253369571119407,-11.056586617759102,0.005732234
승용차,8703,KH,캄보디아,2026-05-01,3717536,5446070.0,-31.739107282866364,-35.14682059385573,0.003717536
승용차,8703,KH,캄보디아,2026-06-01,5168532,5703010.0,-9.371858018835667,39.03112168920488,0.005168532
승용차,8703,KH,캄보디아,2026-07-01,4537309,5900974.0,-23.109151133355276,-12.21281013641785,0.004537309
승용차,8703,CA,캐나다,2025-01-01,386514837,,,,0.386514837
승용차,8703,CA,캐나다,2025-02-01,418188339,,,8.19464066265585,0.418188339
승용차,8703,CA,캐나다,2025-03-01,487184916,,,16.498924184492857,0.487184916
승용차,8703,CA,캐나다,2025-04-01,465215636,,,-4.509433539194385,0.465215636
승용차,8703,CA,캐나다,2025-05-01,563126560,,,21.04635279283691,0.56312656
승용차,8703,CA,캐나다,2025-06-01,518776332,,,-7.875712344308539,0.518776332
승용차,8703,CA,캐나다,2025-07-01,429955954,,,-17.12113150142709,0.429955954
승용차,8703,CA,캐나다,2025-08-01,457563789,,,6.421084472294569,0.457563789
승용차,8703,CA,캐나다,2025-09-01,435373092,,,-4.849749375600176,0.435373092
승용차,8703,CA,캐나다,2025-10-01,410604011,,,-5.689162112940139,0.410604011
승용차,8703,CA,캐나다,2025-11-01,476755275,,,16.11072036020613,0.476755275
승용차,8703,CA,캐나다,2025-12-01,498372231,,,4.534182867719716,0.498372231
승용차,8703,CA,캐나다,2026-01-01,630711912,386514837.0,63.17922408758658,26.554385009464944,0.630711912
승용차,8703,CA,캐나다,2026-02-01,468565925,418188339.0,12.046626197293374,-25.708407264075905,0.468565925
승용차,8703,CA,캐나다,2026-03-01,681976092,487184916.0,39.98300637041892,45.545387663432834,0.681976092
승용차,8703,CA,캐나다,2026-04-01,699336866,465215636.0,50.3253140872505,2.5456572750353734,0.699336866
승용차,8703,CA,캐나다,2026-05-01,607180661,563126560.0,7.823126119286572,-13.17765578799045,0.607180661
승용차,8703,CA,캐나다,2026-06-01,619731877,518776332.0,19.460322064191615,2.0671303956434794,0.619731877
승용차,8703,CA,캐나다,2026-07-01,508709635,429955954.0,18.31668575986274,-17.914560493069487,0.508709635
승용차,8703,KE,케냐,2025-01-01,106992,,,,0.000106992
승용차,8703,KE,케냐,2025-02-01,98534,,,-7.905263944967844,9.8534e-05
승용차,8703,KE,케냐,2025-03-01,90910,,,-7.737430734568774,9.091e-05
승용차,8703,KE,케냐,2025-04-01,34624,,,-61.9139808601914,3.4624e-05
승용차,8703,KE,케냐,2025-05-01,5477,,,-84.18149260628466,5.477e-06
승용차,8703,KE,케냐,2025-06-01,143900,,,2527.3507394559065,0.0001439
승용차,8703,KE,케냐,2025-07-01,40965,,,-71.53231410701876,4.0965e-05
승용차,8703,KE,케냐,2025-08-01,61896,,,51.094837056023444,6.1896e-05
승용차,8703,KE,케냐,2025-09-01,45967,,,-25.73510404549567,4.5967e-05
승용차,8703,KE,케냐,2025-10-01,77746,,,69.13437901102965,7.7746e-05
승용차,8703,KE,케냐,2025-11-01,68586,,,-11.78195662799373,6.8586e-05
승용차,8703,KE,케냐,2025-12-01,20591,,,-69.97783804274924,2.0591e-05
승용차,8703,KE,케냐,2026-01-01,8975,106992.0,-91.61152235681172,-56.412995969112714,8.975e-06
승용차,8703,KE,케냐,2026-03-01,165026,98534.0,67.4812754988126,1738.7298050139275,0.000165026
승용차,8703,KE,케냐,2026-04-01,73379,90910.0,-19.283907160928393,-55.534885411995695,7.3379e-05
승용차,8703,KE,케냐,2026-05-01,167903,34624.0,384.9324168207024,128.81614630888944,0.000167903
승용차,8703,KE,케냐,2026-06-01,129770,5477.0,2269.362789848457,-22.711327373543057,0.00012977
승용차,8703,KE,케냐,2026-07-01,40181,143900.0,-72.07713690062543,-69.03675733990907,4.0181e-05
승용차,8703,KM,코모로스,2025-01-01,1671,,,,1.671e-06
승용차,8703,KM,코모로스,2025-03-01,2753,,,64.75164572112509,2.753e-06
승용차,8703,KM,코모로스,2025-04-01,6345,,,130.47584453323648,6.345e-06
승용차,8703,KM,코모로스,2025-05-01,9178,,,44.649330181245084,9.178e-06
승용차,8703,KM,코모로스,2025-07-01,14112,,,53.75898888646764,1.4112e-05
승용차,8703,KM,코모로스,2025-09-01,7831,,,-44.50821995464853,7.831e-06
승용차,8703,KM,코모로스,2025-11-01,5350,,,-31.681777550759804,5.35e-06
승용차,8703,KM,코모로스,2026-01-01,7807,,,45.92523364485981,7.807e-06
승용차,8703,KM,코모로스,2026-03-01,15421,,,97.52785961316768,1.5421e-05
승용차,8703,KM,코모로스,2026-04-01,1779,,,-88.46378315284352,1.779e-06
승용차,8703,KM,코모로스,2026-05-01,3711,,,108.60033726812817,3.711e-06
승용차,8703,CR,코스타리카,2025-01-01,4411978,,,,0.004411978
승용차,8703,CR,코스타리카,2025-02-01,5391692,,,22.205777091363554,0.005391692
승용차,8703,CR,코스타리카,2025-03-01,6160675,,,14.262368844511153,0.006160675
승용차,8703,CR,코스타리카,2025-04-01,4275815,,,-30.595024084211552,0.004275815
승용차,8703,CR,코스타리카,2025-05-01,3964543,,,-7.27982852391883,0.003964543
승용차,8703,CR,코스타리카,2025-06-01,2963498,,,-25.249946841287883,0.002963498
승용차,8703,CR,코스타리카,2025-07-01,4524590,,,52.6773427888259,0.00452459
승용차,8703,CR,코스타리카,2025-08-01,3763324,,,-16.825082493662414,0.003763324
승용차,8703,CR,코스타리카,2025-09-01,2884344,,,-23.356479537770337,0.002884344
승용차,8703,CR,코스타리카,2025-10-01,3233255,,,12.096719392693789,0.003233255
승용차,8703,CR,코스타리카,2025-11-01,1958461,,,-39.42757376080761,0.001958461
승용차,8703,CR,코스타리카,2025-12-01,2230536,,,13.892285830557771,0.002230536
승용차,8703,CR,코스타리카,2026-01-01,4707141,4411978.0,6.690037892301359,111.0318327074748,0.004707141
승용차,8703,CR,코스타리카,2026-02-01,4051492,5391692.0,-24.85676110579017,-13.928815814100325,0.004051492
승용차,8703,CR,코스타리카,2026-03-01,5729466,6160675.0,-6.999379126475591,41.41619926683799,0.005729466
승용차,8703,CR,코스타리카,2026-04-01,3768869,4275815.0,-11.856125674286655,-34.219541576824085,0.003768869
승용차,8703,CR,코스타리카,2026-05-01,3528263,3964543.0,-11.004547056243307,-6.384037227083239,0.003528263
승용차,8703,CR,코스타리카,2026-06-01,6546519,2963498.0,120.90512630681714,85.54509683660203,0.006546519
승용차,8703,CR,코스타리카,2026-07-01,5318623,4524590.0,17.54928070830728,-18.7564719509712,0.005318623
승용차,8703,CI,코트디봐르,2025-01-01,928112,,,,0.000928112
승용차,8703,CI,코트디봐르,2025-02-01,1719031,,,85.21805557949902,0.001719031
승용차,8703,CI,코트디봐르,2025-03-01,733118,,,-57.35283424208173,0.000733118
승용차,8703,CI,코트디봐르,2025-04-01,849068,,,15.81600779137875,0.000849068
승용차,8703,CI,코트디봐르,2025-05-01,1324978,,,56.050869894990754,0.001324978
승용차,8703,CI,코트디봐르,2025-06-01,1017848,,,-23.18000751710595,0.001017848
승용차,8703,CI,코트디봐르,2025-07-01,391384,,,-61.547893202128414,0.000391384
승용차,8703,CI,코트디봐르,2025-08-01,2774702,,,608.9462011732722,0.002774702
승용차,8703,CI,코트디봐르,2025-09-01,359104,,,-87.05792549974736,0.000359104
승용차,8703,CI,코트디봐르,2025-10-01,1968329,,,448.12227098556406,0.001968329
승용차,8703,CI,코트디봐르,2025-11-01,343749,,,-82.53599880914217,0.000343749
승용차,8703,CI,코트디봐르,2025-12-01,2027774,,,489.89960698067483,0.002027774
승용차,8703,CI,코트디봐르,2026-01-01,1076688,928112.0,16.00841277776821,-46.902958613731116,0.001076688
승용차,8703,CI,코트디봐르,2026-02-01,1219164,1719031.0,-29.078416852284803,13.232802817529322,0.001219164
승용차,8703,CI,코트디봐르,2026-03-01,2104320,733118.0,187.03701177709453,72.60352175753222,0.00210432
승용차,8703,CI,코트디봐르,2026-04-01,1964516,849068.0,131.37322334606884,-6.643666362530409,0.001964516
승용차,8703,CI,코트디봐르,2026-05-01,1090736,1324978.0,-17.67893504646869,-44.47813100020564,0.001090736
승용차,8703,CI,코트디봐르,2026-06-01,774005,1017848.0,-23.956720453348634,-29.038282407475325,0.000774005
승용차,8703,CI,코트디봐르,2026-07-01,820875,391384.0,109.73647364225414,6.055516437232322,0.000820875
승용차,8703,CO,콜롬비아,2025-01-01,14363924,,,,0.014363924
승용차,8703,CO,콜롬비아,2025-02-01,24607355,,,71.3135978720021,0.024607355
승용차,8703,CO,콜롬비아,2025-03-01,35287394,,,43.401816245589984,0.035287394
승용차,8703,CO,콜롬비아,2025-04-01,43550694,,,23.417144377394372,0.043550694
승용차,8703,CO,콜롬비아,2025-05-01,73264833,,,68.22885302355917,0.073264833
승용차,8703,CO,콜롬비아,2025-06-01,44018631,,,-39.91847220889727,0.044018631
승용차,8703,CO,콜롬비아,2025-07-01,58822203,,,33.6302417037913,0.058822203
승용차,8703,CO,콜롬비아,2025-08-01,32945530,,,-43.99133606063683,0.03294553
승용차,8703,CO,콜롬비아,2025-09-01,80065693,,,143.02444975084634,0.080065693
승용차,8703,CO,콜롬비아,2025-10-01,51888010,,,-35.19320441028344,0.05188801
승용차,8703,CO,콜롬비아,2025-11-01,56677388,,,9.230221008668483,0.056677388
승용차,8703,CO,콜롬비아,2025-12-01,72106970,,,27.223523427014662,0.07210697
승용차,8703,CO,콜롬비아,2026-01-01,46095632,14363924.0,220.91253058704572,-36.07326448469544,0.046095632
승용차,8703,CO,콜롬비아,2026-02-01,56983811,24607355.0,131.57227178622,23.620847632591314,0.056983811
승용차,8703,CO,콜롬비아,2026-03-01,61148209,35287394.0,73.28627044547409,7.308037014231994,0.061148209
승용차,8703,CO,콜롬비아,2026-04-01,75301538,43550694.0,72.90548343500565,23.145942017696708,0.075301538
승용차,8703,CO,콜롬비아,2026-05-01,93584027,73264833.0,27.73389792617149,24.279037965997464,0.093584027
승용차,8703,CO,콜롬비아,2026-06-01,61355218,44018631.0,39.384657373828816,-34.43836521375597,0.061355218
승용차,8703,CO,콜롬비아,2026-07-01,58373880,58822203.0,-0.7621662860875844,-4.859143357619555,0.05837388
승용차,8703,CG,콩고,2025-01-01,349848,,,,0.000349848
승용차,8703,CG,콩고,2025-02-01,451122,,,28.948000274404894,0.000451122
승용차,8703,CG,콩고,2025-03-01,388660,,,-13.845921945726436,0.00038866
승용차,8703,CG,콩고,2025-04-01,626969,,,61.31554572119591,0.000626969
승용차,8703,CG,콩고,2025-05-01,290898,,,-53.602490713256955,0.000290898
승용차,8703,CG,콩고,2025-06-01,337895,,,16.15583469119761,0.000337895
승용차,8703,CG,콩고,2025-07-01,459110,,,35.87357019192352,0.00045911
승용차,8703,CG,콩고,2025-08-01,366183,,,-20.240683060704402,0.000366183
승용차,8703,CG,콩고,2025-09-01,599733,,,63.77958561702754,0.000599733
승용차,8703,CG,콩고,2025-10-01,390274,,,-34.92537512526408,0.000390274
승용차,8703,CG,콩고,2025-11-01,336666,,,-13.73599061172407,0.000336666
승용차,8703,CG,콩고,2025-12-01,368931,,,9.583682343925437,0.000368931
승용차,8703,CG,콩고,2026-01-01,440500,349848.0,25.91182456381056,19.399020413031167,0.0004405
승용차,8703,CG,콩고,2026-02-01,614551,451122.0,36.22722899792075,39.51214528944382,0.000614551
승용차,8703,CG,콩고,2026-03-01,527403,388660.0,35.6977821231925,-14.180759611488714,0.000527403
승용차,8703,CG,콩고,2026-04-01,713429,626969.0,13.790155494131294,35.27207846750966,0.000713429
승용차,8703,CG,콩고,2026-05-01,749804,290898.0,157.7549519075415,5.098615279165841,0.000749804
승용차,8703,CG,콩고,2026-06-01,654561,337895.0,93.71727903638704,-12.70238622359977,0.000654561
승용차,8703,CG,콩고,2026-07-01,686006,459110.0,49.420835965237096,4.803983127622935,0.000686006
승용차,8703,CD,콩고민주공화국,2025-01-01,44625,,,,4.4625e-05
승용차,8703,CD,콩고민주공화국,2025-02-01,58928,,,32.051540616246484,5.8928e-05
승용차,8703,CD,콩고민주공화국,2025-03-01,1170240,,,1885.8810752104262,0.00117024
승용차,8703,CD,콩고민주공화국,2025-04-01,78719,,,-93.27326018594476,7.8719e-05
승용차,8703,CD,콩고민주공화국,2025-05-01,45289,,,-42.467511020211134,4.5289e-05
승용차,8703,CD,콩고민주공화국,2025-06-01,1375791,,,2937.803881737287,0.001375791
승용차,8703,CD,콩고민주공화국,2025-07-01,747290,,,-45.682883519371764,0.00074729
승용차,8703,CD,콩고민주공화국,2025-08-01,1747,,,-99.76622194864109,1.747e-06
승용차,8703,CD,콩고민주공화국,2025-09-01,87485,,,4907.727532913566,8.7485e-05
승용차,8703,CD,콩고민주공화국,2025-10-01,82005,,,-6.263930959593078,8.2005e-05
승용차,8703,CD,콩고민주공화국,2025-11-01,415855,,,407.1093226022804,0.000415855
승용차,8703,CD,콩고민주공화국,2025-12-01,68598,,,-83.50434646691755,6.8598e-05
승용차,8703,CD,콩고민주공화국,2026-01-01,219353,44625.0,391.54733893557426,219.76588238724162,0.000219353
승용차,8703,CD,콩고민주공화국,2026-02-01,19571,58928.0,-66.7882840076025,-91.07785168199204,1.9571e-05
승용차,8703,CD,콩고민주공화국,2026-03-01,1051027,1170240.0,-10.187055646704945,5270.328547340453,0.001051027
승용차,8703,CD,콩고민주공화국,2026-04-01,133265,78719.0,69.29203877081771,-87.32049699960133,0.000133265
승용차,8703,CD,콩고민주공화국,2026-05-01,144626,45289.0,219.34023714367729,8.525119123550828,0.000144626
승용차,8703,CD,콩고민주공화국,2026-06-01,145790,1375791.0,-89.40318696662501,0.8048345387412947,0.00014579
승용차,8703,CD,콩고민주공화국,2026-07-01,1493850,747290.0,99.9023136934791,924.6587557445641,0.00149385
승용차,8703,CU,쿠바,2025-01-01,97797,,,,9.7797e-05
승용차,8703,CU,쿠바,2025-02-01,195775,,,100.18507725185843,0.000195775
승용차,8703,CU,쿠바,2025-03-01,1573252,,,703.6020942408378,0.001573252
승용차,8703,CU,쿠바,2025-04-01,2129421,,,35.35155207175964,0.002129421
승용차,8703,CU,쿠바,2025-05-01,785388,,,-63.11729808243649,0.000785388
승용차,8703,CU,쿠바,2025-06-01,392612,,,-50.01044069937406,0.000392612
승용차,8703,CU,쿠바,2025-07-01,985109,,,150.91158701211373,0.000985109
승용차,8703,CU,쿠바,2025-08-01,658082,,,-33.19703707914555,0.000658082
승용차,8703,CU,쿠바,2025-09-01,691771,,,5.119270850745039,0.000691771
승용차,8703,CU,쿠바,2025-10-01,567877,,,-17.909683985018166,0.000567877
승용차,8703,CU,쿠바,2025-11-01,647292,,,13.984542427321411,0.000647292
승용차,8703,CU,쿠바,2025-12-01,1062025,,,64.07201077720718,0.001062025
승용차,8703,CU,쿠바,2026-01-01,842891,97797.0,761.8781762221746,-20.633600903933523,0.000842891
승용차,8703,CU,쿠바,2026-02-01,462719,195775.0,136.35244540927084,-45.10334076410829,0.000462719
승용차,8703,CU,쿠바,2026-03-01,165768,1573252.0,-89.46335361404276,-64.17523378119334,0.000165768
승용차,8703,CU,쿠바,2026-04-01,70275,2129421.0,-96.69980713067073,-57.60641378311857,7.0275e-05
승용차,8703,CU,쿠바,2026-05-01,117592,785388.0,-85.02752779517894,67.33119886161509,0.000117592
승용차,8703,CU,쿠바,2026-06-01,91369,392612.0,-76.72791458233574,-22.29998639363222,9.1369e-05
승용차,8703,KW,쿠웨이트,2025-01-01,11088726,,,,0.011088726
승용차,8703,KW,쿠웨이트,2025-02-01,7496602,,,-32.39437966092768,0.007496602
승용차,8703,KW,쿠웨이트,2025-03-01,9005725,,,20.13076057659191,0.009005725
승용차,8703,KW,쿠웨이트,2025-04-01,11781082,,,30.817696520824246,0.011781082
승용차,8703,KW,쿠웨이트,2025-05-01,15620713,,,32.59149711376254,0.015620713
승용차,8703,KW,쿠웨이트,2025-06-01,16609214,,,6.328142639839807,0.016609214
승용차,8703,KW,쿠웨이트,2025-07-01,9055422,,,-45.47952720700691,0.009055422
승용차,8703,KW,쿠웨이트,2025-08-01,3366609,,,-62.822174383479854,0.003366609
승용차,8703,KW,쿠웨이트,2025-09-01,13783797,,,309.4267258241156,0.013783797
승용차,8703,KW,쿠웨이트,2025-10-01,10529053,,,-23.61282598691783,0.010529053
승용차,8703,KW,쿠웨이트,2025-11-01,13784508,,,30.91878253438367,0.013784508
승용차,8703,KW,쿠웨이트,2025-12-01,9883216,,,-28.30200395980763,0.009883216
승용차,8703,KW,쿠웨이트,2026-01-01,14728970,11088726.0,32.82833393123792,49.030133511197164,0.01472897
승용차,8703,KW,쿠웨이트,2026-02-01,3766510,7496602.0,-49.75710328492829,-74.42787920676055,0.00376651
승용차,8703,KW,쿠웨이트,2026-03-01,80541,9005725.0,-99.10566889395356,-97.86165442279457,8.0541e-05
승용차,8703,KW,쿠웨이트,2026-05-01,5709481,11781082.0,-51.53687072206101,6988.91247935834,0.005709481
승용차,8703,KW,쿠웨이트,2026-06-01,7546435,15620713.0,-51.689561161516764,32.173747491234316,0.007546435
승용차,8703,KW,쿠웨이트,2026-07-01,7899684,16609214.0,-52.4379419760622,4.681005004349736,0.007899684
승용차,8703,CW,큐라소,2025-01-01,854000,,,,0.000854
승용차,8703,CW,큐라소,2025-02-01,903022,,,5.740281030444971,0.000903022
승용차,8703,CW,큐라소,2025-03-01,1111449,,,23.081054503655494,0.001111449
승용차,8703,CW,큐라소,2025-04-01,642688,,,-42.175664380461896,0.000642688
승용차,8703,CW,큐라소,2025-05-01,891538,,,38.72018771161123,0.000891538
승용차,8703,CW,큐라소,2025-06-01,460566,,,-48.340283868999414,0.000460566
승용차,8703,CW,큐라소,2025-07-01,424277,,,-7.879218179370595,0.000424277
승용차,8703,CW,큐라소,2025-08-01,546416,,,28.78756095663917,0.000546416
승용차,8703,CW,큐라소,2025-09-01,425029,,,-22.215125472167728,0.000425029
승용차,8703,CW,큐라소,2025-10-01,952664,,,124.1409409710867,0.000952664
승용차,8703,CW,큐라소,2025-11-01,1315635,,,38.10063149232048,0.001315635
승용차,8703,CW,큐라소,2025-12-01,319845,,,-75.6889258798983,0.000319845
승용차,8703,CW,큐라소,2026-01-01,97407,854000.0,-88.5940281030445,-69.54556113117292,9.7407e-05
승용차,8703,CW,큐라소,2026-02-01,137309,903022.0,-84.79450113064799,40.96420175141417,0.000137309
승용차,8703,CW,큐라소,2026-03-01,1272762,1111449.0,14.51375636668888,826.9326846747118,0.001272762
승용차,8703,CW,큐라소,2026-04-01,132024,642688.0,-79.45752838080064,-89.6269687498527,0.000132024
승용차,8703,CW,큐라소,2026-05-01,216301,891538.0,-75.73844300523365,63.83460582924316,0.000216301
승용차,8703,CW,큐라소,2026-06-01,280923,460566.0,-39.004833183517675,29.875959889228444,0.000280923
승용차,8703,CW,큐라소,2026-07-01,740754,424277.0,74.59207074623417,163.6857786653282,0.000740754
승용차,8703,HR,크로아티아,2025-01-01,3371703,,,,0.003371703
승용차,8703,HR,크로아티아,2025-02-01,3344633,,,-0.8028583775024023,0.003344633
승용차,8703,HR,크로아티아,2025-03-01,3680616,,,10.045436973204524,0.003680616
승용차,8703,HR,크로아티아,2025-04-01,1408456,,,-61.73314466926188,0.001408456
승용차,8703,HR,크로아티아,2025-05-01,2566106,,,82.19284095491801,0.002566106
승용차,8703,HR,크로아티아,2025-06-01,1882089,,,-26.65583572931126,0.001882089
승용차,8703,HR,크로아티아,2025-07-01,4055132,,,115.45909890552464,0.004055132
승용차,8703,HR,크로아티아,2025-08-01,3146610,,,-22.404252192037156,0.00314661
승용차,8703,HR,크로아티아,2025-09-01,2118843,,,-32.66267506936036,0.002118843
승용차,8703,HR,크로아티아,2025-10-01,515194,,,-75.6851262693838,0.000515194
승용차,8703,HR,크로아티아,2025-11-01,384454,,,-25.376848332861023,0.000384454
승용차,8703,HR,크로아티아,2025-12-01,1586718,,,312.71985725210294,0.001586718
승용차,8703,HR,크로아티아,2026-01-01,192876,3371703.0,-94.27956732843907,-87.84434285109263,0.000192876
승용차,8703,HR,크로아티아,2026-02-01,994473,3344633.0,-70.26660324167106,415.602252224227,0.000994473
승용차,8703,HR,크로아티아,2026-03-01,1313084,3680616.0,-64.32434136025056,32.038174993187354,0.001313084
승용차,8703,HR,크로아티아,2026-04-01,1071868,1408456.0,-23.897658144805376,-18.370188045852366,0.001071868
승용차,8703,HR,크로아티아,2026-05-01,3379452,2566106.0,31.695728859213148,215.28621061548625,0.003379452
승용차,8703,HR,크로아티아,2026-06-01,3219850,1882089.0,71.07851966617945,-4.7227183578876115,0.00321985
승용차,8703,HR,크로아티아,2026-07-01,2780814,4055132.0,-31.424821682746707,-13.635293569576223,0.002780814
승용차,8703,KG,키르기스스탄,2025-01-01,95044324,,,,0.095044324
승용차,8703,KG,키르기스스탄,2025-02-01,182123526,,,91.619571096113,0.182123526
승용차,8703,KG,키르기스스탄,2025-03-01,224266079,,,23.13954376218259,0.224266079
승용차,8703,KG,키르기스스탄,2025-04-01,252079320,,,12.401893823630816,0.25207932
승용차,8703,KG,키르기스스탄,2025-05-01,237871558,,,-5.636226724191418,0.237871558
승용차,8703,KG,키르기스스탄,2025-06-01,227135055,,,-4.513571563692365,0.227135055
승용차,8703,KG,키르기스스탄,2025-07-01,287651332,,,26.643301272892472,0.287651332
승용차,8703,KG,키르기스스탄,2025-08-01,264629067,,,-8.00353151154537,0.264629067
승용차,8703,KG,키르기스스탄,2025-09-01,430677793,,,62.74772755783475,0.430677793
승용차,8703,KG,키르기스스탄,2025-10-01,435585279,,,1.1394796945102703,0.435585279
승용차,8703,KG,키르기스스탄,2025-11-01,360412348,,,-17.257913576092175,0.360412348
승용차,8703,KG,키르기스스탄,2025-12-01,129603861,,,-64.04011635028665,0.129603861
승용차,8703,KG,키르기스스탄,2026-01-01,94665584,95044324.0,-0.3984877624044092,-26.957743951779335,0.094665584
승용차,8703,KG,키르기스스탄,2026-02-01,149307734,182123526.0,-18.01842558220622,57.721241121799885,0.149307734
승용차,8703,KG,키르기스스탄,2026-03-01,139230467,224266079.0,-37.917286635220485,-6.749326863402805,0.139230467
승용차,8703,KG,키르기스스탄,2026-04-01,158967829,252079320.0,-36.93737788565916,14.17603662853475,0.158967829
승용차,8703,KG,키르기스스탄,2026-05-01,161972324,237871558.0,-31.9076541298813,1.8900019072412455,0.161972324
승용차,8703,KG,키르기스스탄,2026-06-01,210339764,227135055.0,-7.39440726135382,29.86154597621258,0.210339764
승용차,8703,KG,키르기스스탄,2026-07-01,171988178,287651332.0,-40.20949710046884,-18.233160136092952,0.171988178
승용차,8703,KI,키리바티,2026-04-01,1456,,,,1.456e-06
승용차,8703,TJ,타지크,2025-01-01,12923618,,,,0.012923618
승용차,8703,TJ,타지크,2025-02-01,17427841,,,34.85264730046958,0.017427841
승용차,8703,TJ,타지크,2025-03-01,17274600,,,-0.8792884901807407,0.0172746
승용차,8703,TJ,타지크,2025-04-01,18214628,,,5.441677376031873,0.018214628
승용차,8703,TJ,타지크,2025-05-01,17178835,,,-5.68659980319115,0.017178835
승용차,8703,TJ,타지크,2025-06-01,18588590,,,8.206348102185036,0.01858859
승용차,8703,TJ,타지크,2025-07-01,24655225,,,32.63633766735401,0.024655225
승용차,8703,TJ,타지크,2025-08-01,24127108,,,-2.1420084383736104,0.024127108
승용차,8703,TJ,타지크,2025-09-01,39314832,,,62.94879601815517,0.039314832
승용차,8703,TJ,타지크,2025-10-01,44429037,,,13.008334869649186,0.044429037
승용차,8703,TJ,타지크,2025-11-01,39453748,,,-11.198282330539822,0.039453748
승용차,8703,TJ,타지크,2025-12-01,20678284,,,-47.588543425582785,0.020678284
승용차,8703,TJ,타지크,2026-01-01,18692572,12923618.0,44.63884649020111,-9.602885810060446,0.018692572
승용차,8703,TJ,타지크,2026-02-01,16155306,17427841.0,-7.301736342441956,-13.573659098384105,0.016155306
승용차,8703,TJ,타지크,2026-03-01,17971733,17274600.0,4.035595614370235,11.24353200118895,0.017971733
승용차,8703,TJ,타지크,2026-04-01,23484613,18214628.0,28.932707272418632,30.675283235066985,0.023484613
승용차,8703,TJ,타지크,2026-05-01,20872901,17178835.0,21.50358857279904,-11.120949704387295,0.020872901
승용차,8703,TJ,타지크,2026-06-01,25287856,18588590.0,36.03966734432251,21.151611843509443,0.025287856
승용차,8703,TJ,타지크,2026-07-01,25081486,24655225.0,1.7288870817443458,-0.8160834196461741,0.025081486
승용차,8703,TZ,탄자니아,2025-01-01,747567,,,,0.000747567
승용차,8703,TZ,탄자니아,2025-02-01,894831,,,19.69910389302898,0.000894831
승용차,8703,TZ,탄자니아,2025-03-01,1063537,,,18.853392428290938,0.001063537
승용차,8703,TZ,탄자니아,2025-04-01,1264290,,,18.875977046402713,0.00126429
승용차,8703,TZ,탄자니아,2025-05-01,1004457,,,-20.551693045108323,0.001004457
승용차,8703,TZ,탄자니아,2025-06-01,859766,,,-14.404897372411163,0.000859766
승용차,8703,TZ,탄자니아,2025-07-01,766363,,,-10.863769909486997,0.000766363
승용차,8703,TZ,탄자니아,2025-08-01,1234863,,,61.13290960028082,0.001234863
승용차,8703,TZ,탄자니아,2025-09-01,1160570,,,-6.016294925024068,0.00116057
승용차,8703,TZ,탄자니아,2025-10-01,1016034,,,-12.453880420827701,0.001016034
승용차,8703,TZ,탄자니아,2025-11-01,1467442,,,44.42843448152325,0.001467442
승용차,8703,TZ,탄자니아,2025-12-01,1019358,,,-30.535039885733127,0.001019358
승용차,8703,TZ,탄자니아,2026-01-01,908462,747567.0,21.522485609985466,-10.879004235999524,0.000908462
승용차,8703,TZ,탄자니아,2026-02-01,736320,894831.0,-17.714071148630296,-18.94872873053578,0.00073632
승용차,8703,TZ,탄자니아,2026-03-01,1598142,1063537.0,50.26670440238563,117.04449152542371,0.001598142
승용차,8703,TZ,탄자니아,2026-04-01,1303614,1264290.0,3.1103623377547907,-18.42940114207624,0.001303614
승용차,8703,TZ,탄자니아,2026-05-01,972398,1004457.0,-3.1916747058360895,-25.40752093794636,0.000972398
승용차,8703,TZ,탄자니아,2026-06-01,1488450,859766.0,73.12268687061363,53.07003922262283,0.00148845
승용차,8703,TZ,탄자니아,2026-07-01,1414052,766363.0,84.51464906317241,-4.9983539924082105,0.001414052
승용차,8703,TH,태국,2025-01-01,2752904,,,,0.002752904
승용차,8703,TH,태국,2025-02-01,4364742,,,58.550461621618474,0.004364742
승용차,8703,TH,태국,2025-03-01,101373,,,-97.6774572242758,0.000101373
승용차,8703,TH,태국,2025-04-01,269195,,,165.5490120643564,0.000269195
승용차,8703,TH,태국,2025-06-01,510785,,,89.74535188246438,0.000510785
승용차,8703,TH,태국,2025-07-01,1132,,,-99.77838033614927,1.132e-06
승용차,8703,TH,태국,2025-08-01,43341,,,3728.710247349823,4.3341e-05
승용차,8703,TH,태국,2025-09-01,130456,,,200.9990540135207,0.000130456
승용차,8703,TH,태국,2025-10-01,102893,,,-21.12819648003925,0.000102893
승용차,8703,TH,태국,2025-11-01,425883,,,313.9086235215224,0.000425883
승용차,8703,TH,태국,2025-12-01,125685,,,-70.48837356738822,0.000125685
승용차,8703,TH,태국,2026-01-01,1710647,,,1261.0589966980945,0.001710647
승용차,8703,TH,태국,2026-02-01,26724,2752904.0,-99.02924330089245,-98.43778406649648,2.6724e-05
승용차,8703,TH,태국,2026-03-01,240948,4364742.0,-94.47967371267305,801.6165244723844,0.000240948
승용차,8703,TH,태국,2026-04-01,664952,101373.0,555.9458632969331,175.97323903912877,0.000664952
승용차,8703,TH,태국,2026-05-01,46600,269195.0,-82.6891286985271,-92.99197536062753,4.66e-05
승용차,8703,TH,태국,2026-06-01,140531,510785.0,-72.4872500171305,201.56866952789701,0.000140531
승용차,8703,TH,태국,2026-07-01,399700,1132.0,35209.18727915194,184.42123090279011,0.0003997
승용차,8703,TG,토고,2025-01-01,234320,,,,0.00023432
승용차,8703,TG,토고,2025-02-01,321754,,,37.31392966882896,0.000321754
승용차,8703,TG,토고,2025-03-01,143686,,,-55.342901719947534,0.000143686
승용차,8703,TG,토고,2025-04-01,137298,,,-4.445805436855366,0.000137298
승용차,8703,TG,토고,2025-05-01,272133,,,98.20609185858498,0.000272133
승용차,8703,TG,토고,2025-06-01,87186,,,-67.96198917441104,8.7186e-05
승용차,8703,TG,토고,2025-07-01,52241,,,-40.080976303534975,5.2241e-05
승용차,8703,TG,토고,2025-08-01,101764,,,94.79718994659368,0.000101764
승용차,8703,TG,토고,2025-09-01,201199,,,97.7113714083566,0.000201199
승용차,8703,TG,토고,2025-10-01,220903,,,9.793289231059799,0.000220903
승용차,8703,TG,토고,2025-11-01,559446,,,153.25414322123282,0.000559446
승용차,8703,TG,토고,2025-12-01,225785,,,-59.64132373812665,0.000225785
승용차,8703,TG,토고,2026-01-01,93429,234320.0,-60.12760327756914,-58.62036893504883,9.3429e-05
승용차,8703,TG,토고,2026-02-01,404840,321754.0,25.82283359336637,333.3129970351818,0.00040484
승용차,8703,TG,토고,2026-03-01,273104,143686.0,90.07001378004816,-32.54026281987946,0.000273104
승용차,8703,TG,토고,2026-04-01,324845,137298.0,136.59849378723652,18.945529908020387,0.000324845
승용차,8703,TG,토고,2026-05-01,405058,272133.0,48.845601231750656,24.69269959519156,0.000405058
승용차,8703,TG,토고,2026-06-01,228954,87186.0,162.60408781226343,-43.47624290842299,0.000228954
승용차,8703,TG,토고,2026-07-01,699234,52241.0,1238.4774410903312,205.4037055478393,0.000699234
승용차,8703,TK,토켈라우,2025-06-01,4602,,,,4.602e-06
승용차,8703,TO,통가,2026-07-01,18760,,,,1.876e-05
승용차,8703,TC,투르크 & 카이코스 군도,2025-01-01,108139,,,,0.000108139
승용차,8703,TC,투르크 & 카이코스 군도,2025-02-01,164403,,,52.02933261820435,0.000164403
승용차,8703,TC,투르크 & 카이코스 군도,2025-03-01,91862,,,-44.123890683260036,9.1862e-05
승용차,8703,TC,투르크 & 카이코스 군도,2025-04-01,138290,,,50.541028934706404,0.00013829
승용차,8703,TC,투르크 & 카이코스 군도,2025-05-01,302023,,,118.39829344131898,0.000302023
승용차,8703,TC,투르크 & 카이코스 군도,2025-06-01,93639,,,-68.99606983574098,9.3639e-05
승용차,8703,TC,투르크 & 카이코스 군도,2025-07-01,43206,,,-53.85896901931888,4.3206e-05
승용차,8703,TC,투르크 & 카이코스 군도,2025-08-01,142267,,,229.27602647780404,0.000142267
승용차,8703,TC,투르크 & 카이코스 군도,2025-09-01,129968,,,-8.645012546830955,0.000129968
승용차,8703,TC,투르크 & 카이코스 군도,2025-10-01,129584,,,-0.29545734334605056,0.000129584
승용차,8703,TC,투르크 & 카이코스 군도,2025-11-01,44784,,,-65.44017779972836,4.4784e-05
승용차,8703,TC,투르크 & 카이코스 군도,2025-12-01,245304,,,447.7491961414791,0.000245304
승용차,8703,TC,투르크 & 카이코스 군도,2026-01-01,29700,108139.0,-72.53534802430207,-87.8925741121221,2.97e-05
승용차,8703,TC,투르크 & 카이코스 군도,2026-02-01,61628,164403.0,-62.51406604502351,107.5016835016835,6.1628e-05
승용차,8703,TC,투르크 & 카이코스 군도,2026-03-01,26880,91862.0,-70.73871677080838,-56.383462062698776,2.688e-05
승용차,8703,TC,투르크 & 카이코스 군도,2026-04-01,281965,138290.0,103.89399088871212,948.9769345238095,0.000281965
승용차,8703,TC,투르크 & 카이코스 군도,2026-05-01,100975,302023.0,-66.56711574946279,-64.18881776106964,0.000100975
승용차,8703,TC,투르크 & 카이코스 군도,2026-06-01,102247,93639.0,9.192750883712986,1.2597177519187985,0.000102247
승용차,8703,TC,투르크 & 카이코스 군도,2026-07-01,120321,43206.0,178.4821552562144,17.67680225336685,0.000120321
승용차,8703,TM,투르크멘,2025-01-01,63476,,,,6.3476e-05
승용차,8703,TM,투르크멘,2025-02-01,133346,,,110.07309849391898,0.000133346
승용차,8703,TM,투르크멘,2025-03-01,265218,,,98.89460501252381,0.000265218
승용차,8703,TM,투르크멘,2025-04-01,62643,,,-76.3805624052666,6.2643e-05
승용차,8703,TM,투르크멘,2025-05-01,325870,,,420.2017783311782,0.00032587
승용차,8703,TM,투르크멘,2025-07-01,48929,,,-84.98511676435389,4.8929e-05
승용차,8703,TM,투르크멘,2025-08-01,151233,,,209.0866357374972,0.000151233
승용차,8703,TM,투르크멘,2025-09-01,37690,,,-75.07819060654751,3.769e-05
승용차,8703,TM,투르크멘,2025-10-01,120574,,,219.90979039533033,0.000120574
승용차,8703,TM,투르크멘,2025-11-01,823322,,,582.8354371589231,0.000823322
승용차,8703,TM,투르크멘,2025-12-01,66712,,,-91.89721639893018,6.6712e-05
승용차,8703,TM,투르크멘,2026-01-01,63484,,,-4.8387096774193505,6.3484e-05
승용차,8703,TM,투르크멘,2026-02-01,138194,63476.0,117.71063078958979,117.68319576586225,0.000138194
승용차,8703,TM,투르크멘,2026-03-01,7504,133346.0,-94.37253460921212,-94.56995238577652,7.504e-06
승용차,8703,TM,투르크멘,2026-04-01,391085,265218.0,47.45794026046497,5111.687100213219,0.000391085
승용차,8703,TM,투르크멘,2026-05-01,333404,62643.0,432.2286608240346,-14.748967615735708,0.000333404
승용차,8703,TM,투르크멘,2026-06-01,830272,325870.0,154.78626446128825,149.02880589315063,0.000830272
승용차,8703,TM,투르크멘,2026-07-01,1080117,48929.0,2107.519058227227,30.091945771987973,0.001080117
승용차,8703,TV,투발루,2025-06-01,942,,,,9.42e-07
승용차,8703,TN,튀니지,2025-01-01,2992001,,,,0.002992001
승용차,8703,TN,튀니지,2025-02-01,11462636,,,283.10936393403614,0.011462636
승용차,8703,TN,튀니지,2025-03-01,2236301,,,-80.49051718993782,0.002236301
승용차,8703,TN,튀니지,2025-05-01,5379298,,,140.54445264747457,0.005379298
승용차,8703,TN,튀니지,2025-06-01,2793425,,,-48.07082634202455,0.002793425
승용차,8703,TN,튀니지,2025-07-01,15060912,,,439.1557675613271,0.015060912
승용차,8703,TN,튀니지,2025-08-01,6407750,,,-57.45443569419966,0.00640775
승용차,8703,TN,튀니지,2025-09-01,1919542,,,-70.0434317818267,0.001919542
승용차,8703,TN,튀니지,2025-10-01,9463406,,,393.0033310029163,0.009463406
승용차,8703,TN,튀니지,2025-11-01,8324867,,,-12.030964327220028,0.008324867
승용차,8703,TN,튀니지,2025-12-01,4415889,,,-46.95544084968565,0.004415889
승용차,8703,TN,튀니지,2026-01-01,4676767,,,5.907711901272883,0.004676767
승용차,8703,TN,튀니지,2026-02-01,5082488,2992001.0,69.86919456243497,8.675245099873475,0.005082488
승용차,8703,TN,튀니지,2026-03-01,3250192,11462636.0,-71.64533533124494,-36.05116234411179,0.003250192
승용차,8703,TN,튀니지,2026-04-01,6669963,2236301.0,198.25873171813635,105.21750715034682,0.006669963
승용차,8703,TN,튀니지,2026-05-01,3712886,5379298.0,-30.978242885967646,-44.33423393802934,0.003712886
승용차,8703,TN,튀니지,2026-06-01,7360552,2793425.0,163.49560127800103,98.24341496076099,0.007360552
승용차,8703,TN,튀니지,2026-07-01,1438979,15060912.0,-90.44560515326032,-80.45012113221944,0.001438979
승용차,8703,TR,튀르키예,2025-01-01,98630254,,,,0.098630254
승용차,8703,TR,튀르키예,2025-02-01,146141154,,,48.170716461908334,0.146141154
승용차,8703,TR,튀르키예,2025-03-01,129974410,,,-11.062417092997634,0.12997441
승용차,8703,TR,튀르키예,2025-04-01,97471867,,,-25.006878661730415,0.097471867
승용차,8703,TR,튀르키예,2025-05-01,94777983,,,-2.763755412625879,0.094777983
승용차,8703,TR,튀르키예,2025-06-01,123430377,,,30.23106537306244,0.123430377
승용차,8703,TR,튀르키예,2025-07-01,156812546,,,27.045343141097277,0.156812546
승용차,8703,TR,튀르키예,2025-08-01,83816334,,,-46.54998204034007,0.083816334
승용차,8703,TR,튀르키예,2025-09-01,123293830,,,47.10000320462597,0.12329383
승용차,8703,TR,튀르키예,2025-10-01,31064399,,,-74.80457943434801,0.031064399
승용차,8703,TR,튀르키예,2025-11-01,45532502,,,46.57454663777658,0.045532502
승용차,8703,TR,튀르키예,2025-12-01,17378533,,,-61.83268602283265,0.017378533
승용차,8703,TR,튀르키예,2026-01-01,75033022,98630254.0,-23.92494294904686,331.7569382870234,0.075033022
승용차,8703,TR,튀르키예,2026-02-01,91828642,146141154.0,-37.1644198183901,22.384304340027782,0.091828642
승용차,8703,TR,튀르키예,2026-03-01,81380093,129974410.0,-37.38760345209492,-11.378311572983947,0.081380093
승용차,8703,TR,튀르키예,2026-04-01,70608571,97471867.0,-27.560050737511776,-13.236064991963081,0.070608571
승용차,8703,TR,튀르키예,2026-05-01,58345306,94777983.0,-38.44002145519387,-17.36795523025101,0.058345306
승용차,8703,TR,튀르키예,2026-06-01,77695029,123430377.0,-37.053559351925166,33.164146915263416,0.077695029
승용차,8703,TR,튀르키예,2026-07-01,70828002,156812546.0,-54.83269431771103,-8.838438042155827,0.070828002
승용차,8703,TT,트리니다드 토바고,2025-01-01,1803737,,,,0.001803737
승용차,8703,TT,트리니다드 토바고,2025-02-01,1518036,,,-15.839393437069816,0.001518036
승용차,8703,TT,트리니다드 토바고,2025-03-01,2328828,,,53.4105910531766,0.002328828
승용차,8703,TT,트리니다드 토바고,2025-04-01,1197834,,,-48.56494339642086,0.001197834
승용차,8703,TT,트리니다드 토바고,2025-05-01,5084137,,,324.4442051235814,0.005084137
승용차,8703,TT,트리니다드 토바고,2025-06-01,5746858,,,13.035073602461921,0.005746858
승용차,8703,TT,트리니다드 토바고,2025-07-01,2201029,,,-61.7003064979159,0.002201029
승용차,8703,TT,트리니다드 토바고,2025-08-01,5392096,,,144.9806885779333,0.005392096
승용차,8703,TT,트리니다드 토바고,2025-09-01,1638890,,,-69.6056969312119,0.00163889
승용차,8703,TT,트리니다드 토바고,2025-10-01,1858247,,,13.384485841026539,0.001858247
승용차,8703,TT,트리니다드 토바고,2025-11-01,2436265,,,31.10555270639479,0.002436265
승용차,8703,TT,트리니다드 토바고,2025-12-01,3523823,,,44.6403818960581,0.003523823
승용차,8703,TT,트리니다드 토바고,2026-01-01,5204092,1803737.0,188.51722839859693,47.68312710371663,0.005204092
승용차,8703,TT,트리니다드 토바고,2026-02-01,4027468,1518036.0,165.3078056119881,-22.609592605203755,0.004027468
승용차,8703,TT,트리니다드 토바고,2026-03-01,1410037,2328828.0,-39.452935124448864,-64.98949215735543,0.001410037
승용차,8703,TT,트리니다드 토바고,2026-04-01,2706284,1197834.0,125.93147297538722,91.92999900002623,0.002706284
승용차,8703,TT,트리니다드 토바고,2026-05-01,2490420,5084137.0,-51.01587545732933,-7.976398633698456,0.00249042
승용차,8703,TT,트리니다드 토바고,2026-06-01,1855668,5746858.0,-67.70986859254222,-25.487749054376373,0.001855668
승용차,8703,TT,트리니다드 토바고,2026-07-01,1846030,2201029.0,-16.12877431419577,-0.519381699743704,0.00184603
승용차,8703,PA,파나마,2025-01-01,2691817,,,,0.002691817
승용차,8703,PA,파나마,2025-02-01,2579384,,,-4.176844116817746,0.002579384
승용차,8703,PA,파나마,2025-03-01,972139,,,-62.31119523110944,0.000972139
승용차,8703,PA,파나마,2025-04-01,1874954,,,92.86892100820974,0.001874954
승용차,8703,PA,파나마,2025-05-01,783390,,,-58.21817495255883,0.00078339
승용차,8703,PA,파나마,2025-06-01,1240086,,,58.29739976257036,0.001240086
승용차,8703,PA,파나마,2025-07-01,2528502,,,103.89731034783071,0.002528502
승용차,8703,PA,파나마,2025-08-01,2683713,,,6.13845668304791,0.002683713
승용차,8703,PA,파나마,2025-09-01,3754906,,,39.91458848244951,0.003754906
승용차,8703,PA,파나마,2025-10-01,1642707,,,-56.25171442374324,0.001642707
승용차,8703,PA,파나마,2025-11-01,2127956,,,29.539595314319598,0.002127956
승용차,8703,PA,파나마,2025-12-01,2349164,,,10.39532772294165,0.002349164
승용차,8703,PA,파나마,2026-01-01,2444673,2691817.0,-9.181307644613291,4.06565910255734,0.002444673
승용차,8703,PA,파나마,2026-03-01,632959,2579384.0,-75.46084646566777,-74.108643569099,0.000632959
승용차,8703,PA,파나마,2026-04-01,1294947,972139.0,33.20595100083423,104.5862370232511,0.001294947
승용차,8703,PA,파나마,2026-05-01,1270279,1874954.0,-32.250124536388626,-1.9049428277759684,0.001270279
승용차,8703,PA,파나마,2026-06-01,1449313,783390.0,85.00529748911781,14.094069098205985,0.001449313
승용차,8703,PA,파나마,2026-07-01,1518054,1240086.0,22.4152195896091,4.743005824138757,0.001518054
승용차,8703,PY,파라과이,2025-01-01,4203767,,,,0.004203767
승용차,8703,PY,파라과이,2025-02-01,5518635,,,31.27832727170654,0.005518635
승용차,8703,PY,파라과이,2025-03-01,5069518,,,-8.138189969077503,0.005069518
승용차,8703,PY,파라과이,2025-04-01,2821189,,,-44.34995595241994,0.002821189
승용차,8703,PY,파라과이,2025-05-01,3417509,,,21.13718719305937,0.003417509
승용차,8703,PY,파라과이,2025-06-01,2541445,,,-25.63457769972223,0.002541445
승용차,8703,PY,파라과이,2025-07-01,3832160,,,50.786658770896075,0.00383216
승용차,8703,PY,파라과이,2025-08-01,3130550,,,-18.308473550164916,0.00313055
승용차,8703,PY,파라과이,2025-09-01,2451352,,,-21.695804251649076,0.002451352
승용차,8703,PY,파라과이,2025-10-01,4849708,,,97.83809097999799,0.004849708
승용차,8703,PY,파라과이,2025-11-01,4170744,,,-14.00010062461493,0.004170744
승용차,8703,PY,파라과이,2025-12-01,6847102,,,64.16979800246672,0.006847102
승용차,8703,PY,파라과이,2026-01-01,4726858,4203767.0,12.443387085916036,-30.965567622623414,0.004726858
승용차,8703,PY,파라과이,2026-02-01,6253471,5518635.0,13.315539078051009,32.29656994138601,0.006253471
승용차,8703,PY,파라과이,2026-03-01,8231041,5069518.0,62.36338444798895,31.62355754108399,0.008231041
승용차,8703,PY,파라과이,2026-04-01,8121210,2821189.0,187.86479743115402,-1.3343512685698,0.00812121
승용차,8703,PY,파라과이,2026-05-01,3442819,3417509.0,0.7405979033266563,-57.607068404831296,0.003442819
승용차,8703,PY,파라과이,2026-06-01,1791119,2541445.0,-29.523597795742184,-47.975220306382646,0.001791119
승용차,8703,PY,파라과이,2026-07-01,5178006,3832160.0,35.1197757922425,189.0933544895677,0.005178006
승용차,8703,PK,파키스탄,2025-01-01,13820376,,,,0.013820376
승용차,8703,PK,파키스탄,2025-02-01,16455201,,,19.06478521279016,0.016455201
승용차,8703,PK,파키스탄,2025-03-01,22584951,,,37.25114023219771,0.022584951
승용차,8703,PK,파키스탄,2025-04-01,34320998,,,51.96401355929441,0.034320998
승용차,8703,PK,파키스탄,2025-05-01,19943870,,,-41.8901804661974,0.01994387
승용차,8703,PK,파키스탄,2025-06-01,22821662,,,14.429456269018992,0.022821662
승용차,8703,PK,파키스탄,2025-07-01,28777905,,,26.09907639504958,0.028777905
승용차,8703,PK,파키스탄,2025-08-01,23480197,,,-18.408942555060904,0.023480197
승용차,8703,PK,파키스탄,2025-09-01,28417387,,,21.02703823140837,0.028417387
승용차,8703,PK,파키스탄,2025-10-01,15658475,,,-44.898258942667745,0.015658475
승용차,8703,PK,파키스탄,2025-11-01,8531303,,,-45.516386493576164,0.008531303
승용차,8703,PK,파키스탄,2025-12-01,10867520,,,27.384058449219296,0.01086752
승용차,8703,PK,파키스탄,2026-01-01,1093053,13820376.0,-92.0910038916452,-89.94201989046259,0.001093053
승용차,8703,PK,파키스탄,2026-02-01,6135050,16455201.0,-62.71665110623687,461.27653462366413,0.00613505
승용차,8703,PK,파키스탄,2026-03-01,8413500,22584951.0,-62.747317893228995,37.138246632056784,0.0084135
승용차,8703,PK,파키스탄,2026-04-01,13159704,34320998.0,-61.656989112029905,56.41176680335176,0.013159704
승용차,8703,PK,파키스탄,2026-05-01,4840518,19943870.0,-75.72929426435292,-63.21712099299498,0.004840518
승용차,8703,PK,파키스탄,2026-06-01,2464689,22821662.0,-89.20022126346451,-49.082123028981606,0.002464689
승용차,8703,PK,파키스탄,2026-07-01,21036340,28777905.0,-26.901072194101694,753.5089011230219,0.02103634
승용차,8703,PG,파푸아 뉴기니,2025-01-01,141532,,,,0.000141532
승용차,8703,PG,파푸아 뉴기니,2025-02-01,391352,,,176.51131899499762,0.000391352
승용차,8703,PG,파푸아 뉴기니,2025-03-01,418203,,,6.861086694331453,0.000418203
승용차,8703,PG,파푸아 뉴기니,2025-05-01,345164,,,-17.464963187734185,0.000345164
승용차,8703,PG,파푸아 뉴기니,2025-06-01,180586,,,-47.681102316579945,0.000180586
승용차,8703,PG,파푸아 뉴기니,2025-07-01,143515,,,-20.528169404051255,0.000143515
승용차,8703,PG,파푸아 뉴기니,2025-08-01,711186,,,395.5482005365293,0.000711186
승용차,8703,PG,파푸아 뉴기니,2025-09-01,96188,,,-86.47498685294705,9.6188e-05
승용차,8703,PG,파푸아 뉴기니,2025-10-01,216423,,,125.0,0.000216423
승용차,8703,PG,파푸아 뉴기니,2025-11-01,847688,,,291.6811059822662,0.000847688
승용차,8703,PG,파푸아 뉴기니,2025-12-01,384752,,,-54.61160238200847,0.000384752
승용차,8703,PG,파푸아 뉴기니,2026-01-01,103204,,,-73.17648771156485,0.000103204
승용차,8703,PG,파푸아 뉴기니,2026-03-01,638617,141532.0,351.2173925331374,518.7909383357235,0.000638617
승용차,8703,PG,파푸아 뉴기니,2026-04-01,356066,391352.0,-9.016435331875138,-44.244202706786695,0.000356066
승용차,8703,PG,파푸아 뉴기니,2026-05-01,294664,418203.0,-29.540438495180567,-17.244555784601733,0.000294664
승용차,8703,PG,파푸아 뉴기니,2026-06-01,156690,345164.0,-54.60418815403691,-46.82417940433851,0.00015669
승용차,8703,PG,파푸아 뉴기니,2026-07-01,107940,180586.0,-40.227924645321345,-31.112387516752825,0.00010794
승용차,8703,PW,팔라우,2025-02-01,8798,,,,8.798e-06
승용차,8703,PW,팔라우,2025-03-01,3328,,,-62.173221186633334,3.328e-06
승용차,8703,PW,팔라우,2025-05-01,3000,,,-9.85576923076923,3e-06
승용차,8703,PW,팔라우,2025-06-01,13737,,,357.9,1.3737e-05
승용차,8703,PW,팔라우,2026-04-01,4347,,,-68.35553614326273,4.347e-06
승용차,8703,PW,팔라우,2026-06-01,18811,,,332.7352196917414,1.8811e-05
승용차,8703,PW,팔라우,2026-07-01,2097,,,-88.85226729041517,2.097e-06
승용차,8703,PS,팔레스타인 해방기구,2025-01-01,541135,,,,0.000541135
승용차,8703,PS,팔레스타인 해방기구,2025-02-01,606246,,,12.03230247535274,0.000606246
승용차,8703,PS,팔레스타인 해방기구,2025-03-01,833451,,,37.4773606753694,0.000833451
승용차,8703,PS,팔레스타인 해방기구,2025-04-01,3886857,,,366.3569903929565,0.003886857
승용차,8703,PS,팔레스타인 해방기구,2025-05-01,3283518,,,-15.522541734877304,0.003283518
승용차,8703,PS,팔레스타인 해방기구,2025-06-01,1494177,,,-54.49463045428714,0.001494177
승용차,8703,PS,팔레스타인 해방기구,2025-07-01,227917,,,-84.74631854191304,0.000227917
승용차,8703,PS,팔레스타인 해방기구,2025-08-01,953790,,,318.48128924125893,0.00095379
승용차,8703,PS,팔레스타인 해방기구,2025-09-01,625291,,,-34.44143889116052,0.000625291
승용차,8703,PS,팔레스타인 해방기구,2025-10-01,2024009,,,223.69072959629995,0.002024009
승용차,8703,PS,팔레스타인 해방기구,2025-11-01,452384,,,-77.64911124407055,0.000452384
승용차,8703,PS,팔레스타인 해방기구,2025-12-01,3976670,,,779.047446417203,0.00397667
승용차,8703,PS,팔레스타인 해방기구,2026-01-01,815690,541135.0,50.73687711938795,-79.48811442739779,0.00081569
승용차,8703,PS,팔레스타인 해방기구,2026-02-01,5096458,606246.0,740.6584125915882,524.8032953695645,0.005096458
승용차,8703,PS,팔레스타인 해방기구,2026-03-01,834602,833451.0,0.13810050020937048,-83.62388152713119,0.000834602
승용차,8703,PS,팔레스타인 해방기구,2026-04-01,4180573,3886857.0,7.556645382117222,400.90618043091195,0.004180573
승용차,8703,PS,팔레스타인 해방기구,2026-05-01,3023694,3283518.0,-7.912976265091287,-27.672737684523153,0.003023694
승용차,8703,PS,팔레스타인 해방기구,2026-06-01,4457425,1494177.0,198.31974391253513,47.41653752000037,0.004457425
승용차,8703,PS,팔레스타인 해방기구,2026-07-01,292236,227917.0,28.22036092086153,-93.4438380903773,0.000292236
승용차,8703,PE,페루,2025-01-01,4538537,,,,0.004538537
승용차,8703,PE,페루,2025-02-01,7004361,,,54.33081188938198,0.007004361
승용차,8703,PE,페루,2025-03-01,5184810,,,-25.977401792968692,0.00518481
승용차,8703,PE,페루,2025-04-01,10761145,,,107.5513856824069,0.010761145
승용차,8703,PE,페루,2025-05-01,769309,,,-92.85104884285083,0.000769309
승용차,8703,PE,페루,2025-06-01,1118946,,,45.44818791928862,0.001118946
승용차,8703,PE,페루,2025-07-01,8062779,,,620.5690891249444,0.008062779
승용차,8703,PE,페루,2025-08-01,1457600,,,-81.9218658976018,0.0014576
승용차,8703,PE,페루,2025-09-01,1781151,,,22.197516465422606,0.001781151
승용차,8703,PE,페루,2025-10-01,2018806,,,13.342776665201317,0.002018806
승용차,8703,PE,페루,2025-11-01,5022874,,,148.80419416229196,0.005022874
승용차,8703,PE,페루,2025-12-01,4625992,,,-7.9014922532398835,0.004625992
승용차,8703,PE,페루,2026-01-01,5406735,4538537.0,19.129468372737747,16.877309774854776,0.005406735
승용차,8703,PE,페루,2026-02-01,5037465,7004361.0,-28.08101981037242,-6.8298150362464565,0.005037465
승용차,8703,PE,페루,2026-03-01,4583054,5184810.0,-11.606134072415387,-9.020628431165278,0.004583054
승용차,8703,PE,페루,2026-04-01,7975953,10761145.0,-25.881929850401608,74.0313991499991,0.007975953
승용차,8703,PE,페루,2026-05-01,2242984,769309.0,191.5582685240911,-71.87816929212096,0.002242984
승용차,8703,PE,페루,2026-06-01,3865427,1118946.0,245.45250619779685,72.33413167459064,0.003865427
승용차,8703,PE,페루,2026-07-01,1410266,8062779.0,-82.50893395440951,-63.51590652209963,0.001410266
승용차,8703,PT,포루투갈,2025-01-01,11812338,,,,0.011812338
승용차,8703,PT,포루투갈,2025-02-01,20720127,,,75.41088817472037,0.020720127
승용차,8703,PT,포루투갈,2025-03-01,17766567,,,-14.25454583362351,0.017766567
승용차,8703,PT,포루투갈,2025-04-01,11594388,,,-34.740414397446614,0.011594388
승용차,8703,PT,포루투갈,2025-05-01,11061108,,,-4.59946656951622,0.011061108
승용차,8703,PT,포루투갈,2025-06-01,9261523,,,-16.269482225469634,0.009261523
승용차,8703,PT,포루투갈,2025-07-01,16055925,,,73.36160586115264,0.016055925
승용차,8703,PT,포루투갈,2025-08-01,11637507,,,-27.518925256564163,0.011637507
승용차,8703,PT,포루투갈,2025-09-01,15035943,,,29.20244000712524,0.015035943
승용차,8703,PT,포루투갈,2025-10-01,13576650,,,-9.705364006766981,0.01357665
승용차,8703,PT,포루투갈,2025-11-01,21234162,,,56.402072676249304,0.021234162
승용차,8703,PT,포루투갈,2025-12-01,13077591,,,-38.41249303834077,0.013077591
승용차,8703,PT,포루투갈,2026-01-01,21171724,11812338.0,79.2339839919921,61.89314989282047,0.021171724
승용차,8703,PT,포루투갈,2026-02-01,12277475,20720127.0,-40.746140214295025,-42.01003659409125,0.012277475
승용차,8703,PT,포루투갈,2026-03-01,21183789,17766567.0,19.234002832398623,72.54190295643038,0.021183789
승용차,8703,PT,포루투갈,2026-04-01,11719915,11594388.0,1.0826530904434195,-44.675076776869325,0.011719915
승용차,8703,PT,포루투갈,2026-05-01,10754489,11061108.0,-2.772045983096816,-8.23748295102823,0.010754489
승용차,8703,PT,포루투갈,2026-06-01,12068025,9261523.0,30.302813047055,12.213839262841786,0.012068025
승용차,8703,PT,포루투갈,2026-07-01,12223203,16055925.0,-23.87107563095866,1.2858607767219477,0.012223203
승용차,8703,PL,폴란드,2025-01-01,35764826,,,,0.035764826
승용차,8703,PL,폴란드,2025-02-01,34773728,,,-2.7711528639898897,0.034773728
승용차,8703,PL,폴란드,2025-03-01,41093510,,,18.17401343911127,0.04109351
승용차,8703,PL,폴란드,2025-04-01,36270236,,,-11.737313264308646,0.036270236
승용차,8703,PL,폴란드,2025-05-01,31726880,,,-12.526403191862334,0.03172688
승용차,8703,PL,폴란드,2025-06-01,40523017,,,27.724557220880207,0.040523017
승용차,8703,PL,폴란드,2025-07-01,19528522,,,-51.80881522222296,0.019528522
승용차,8703,PL,폴란드,2025-08-01,23974707,,,22.767647239253442,0.023974707
승용차,8703,PL,폴란드,2025-09-01,29996736,,,25.11825900520912,0.029996736
승용차,8703,PL,폴란드,2025-10-01,21491555,,,-28.353688214611083,0.021491555
승용차,8703,PL,폴란드,2025-11-01,18460234,,,-14.104707639814807,0.018460234
승용차,8703,PL,폴란드,2025-12-01,19098121,,,3.4554654074265834,0.019098121
승용차,8703,PL,폴란드,2026-01-01,28949129,35764826.0,-19.056983529012548,51.581032500527144,0.028949129
승용차,8703,PL,폴란드,2026-02-01,31423387,34773728.0,-9.634690304128446,8.546916903786638,0.031423387
승용차,8703,PL,폴란드,2026-03-01,46235701,41093510.0,12.513389583902669,47.13786581949297,0.046235701
승용차,8703,PL,폴란드,2026-04-01,51552730,36270236.0,42.13508288173256,11.499834294715239,0.05155273
승용차,8703,PL,폴란드,2026-05-01,40787959,31726880.0,28.55962830256238,-20.881088159637716,0.040787959
승용차,8703,PL,폴란드,2026-06-01,42369573,40523017.0,4.55680780135399,3.877649283701601,0.042369573
승용차,8703,PL,폴란드,2026-07-01,24381738,19528522.0,24.85193707951887,-42.45460533671179,0.024381738
승용차,8703,PR,푸에르토리코,2025-01-01,31927776,,,,0.031927776
승용차,8703,PR,푸에르토리코,2025-02-01,32360457,,,1.3551867815659868,0.032360457
승용차,8703,PR,푸에르토리코,2025-03-01,37417452,,,15.627081533490085,0.037417452
승용차,8703,PR,푸에르토리코,2025-04-01,28466871,,,-23.920872538301108,0.028466871
승용차,8703,PR,푸에르토리코,2025-05-01,29091338,,,2.193662239871741,0.029091338
승용차,8703,PR,푸에르토리코,2025-06-01,24331387,,,-16.36209032393079,0.024331387
승용차,8703,PR,푸에르토리코,2025-07-01,32699564,,,34.39251942357417,0.032699564
승용차,8703,PR,푸에르토리코,2025-08-01,24439080,,,-25.261755783655094,0.02443908
승용차,8703,PR,푸에르토리코,2025-09-01,22977004,,,-5.982532894036929,0.022977004
승용차,8703,PR,푸에르토리코,2025-10-01,27231932,,,18.518201937902788,0.027231932
승용차,8703,PR,푸에르토리코,2025-11-01,30843707,,,13.263014170276266,0.030843707
승용차,8703,PR,푸에르토리코,2025-12-01,38264747,,,24.060142965305698,0.038264747
승용차,8703,PR,푸에르토리코,2026-01-01,15173090,31927776.0,-52.47683396425733,-60.34707873542193,0.01517309
승용차,8703,PR,푸에르토리코,2026-02-01,12825014,32360457.0,-60.36825437910225,-15.475265750087818,0.012825014
승용차,8703,PR,푸에르토리코,2026-03-01,27525801,37417452.0,-26.435928881528326,114.62589436549541,0.027525801
승용차,8703,PR,푸에르토리코,2026-04-01,20030615,28466871.0,-29.63534699686523,-27.229674442534847,0.020030615
승용차,8703,PR,푸에르토리코,2026-05-01,24207043,29091338.0,-16.789516522065774,20.850223520346223,0.024207043
승용차,8703,PR,푸에르토리코,2026-06-01,15772934,24331387.0,-35.17453813874236,-34.84155003979627,0.015772934
승용차,8703,PR,푸에르토리코,2026-07-01,25766977,32699564.0,-21.200854543504,63.3619781836404,0.025766977
승용차,8703,FR,프랑스,2025-01-01,41175213,,,,0.041175213
승용차,8703,FR,프랑스,2025-02-01,83933662,,,103.84511914971756,0.083933662
승용차,8703,FR,프랑스,2025-03-01,60309267,,,-28.146508131624238,0.060309267
승용차,8703,FR,프랑스,2025-04-01,79425896,,,31.697664307543327,0.079425896
승용차,8703,FR,프랑스,2025-05-01,70575911,,,-11.142442761992887,0.070575911
승용차,8703,FR,프랑스,2025-06-01,62601662,,,-11.298825459015326,0.062601662
승용차,8703,FR,프랑스,2025-07-01,51108742,,,-18.35880970700107,0.051108742
승용차,8703,FR,프랑스,2025-08-01,71148099,,,39.2092550429044,0.071148099
승용차,8703,FR,프랑스,2025-09-01,71087471,,,-0.08521380170677384,0.071087471
승용차,8703,FR,프랑스,2025-10-01,64890032,,,-8.718046813059367,0.064890032
승용차,8703,FR,프랑스,2025-11-01,66090935,,,1.8506740757964213,0.066090935
승용차,8703,FR,프랑스,2025-12-01,61009594,,,-7.688408402755986,0.061009594
승용차,8703,FR,프랑스,2026-01-01,59927483,41175213.0,45.542618079474174,-1.7736734979747593,0.059927483
승용차,8703,FR,프랑스,2026-02-01,17099168,83933662.0,-79.62775888415305,-71.4669010877697,0.017099168
승용차,8703,FR,프랑스,2026-03-01,58696546,60309267.0,-2.6740848964388886,243.27135682858955,0.058696546
승용차,8703,FR,프랑스,2026-04-01,52637529,79425896.0,-33.72749738951638,-10.322612509431139,0.052637529
승용차,8703,FR,프랑스,2026-05-01,47469965,70575911.0,-32.739139562789354,-9.817261748742045,0.047469965
승용차,8703,FR,프랑스,2026-06-01,67628697,62601662.0,8.030194150436444,42.46628789382929,0.067628697
승용차,8703,FR,프랑스,2026-07-01,64108460,51108742.0,25.435409856106418,-5.205241496816059,0.06410846
승용차,8703,FJ,피지,2025-01-01,1361690,,,,0.00136169
승용차,8703,FJ,피지,2025-02-01,553395,,,-59.35969273476343,0.000553395
승용차,8703,FJ,피지,2025-03-01,1400827,,,153.1332953857552,0.001400827
승용차,8703,FJ,피지,2025-04-01,908519,,,-35.14409702268731,0.000908519
승용차,8703,FJ,피지,2025-05-01,1181118,,,30.004765998289518,0.001181118
승용차,8703,FJ,피지,2025-06-01,1150818,,,-2.5653660345537066,0.001150818
승용차,8703,FJ,피지,2025-07-01,867404,,,-24.627178233221937,0.000867404
승용차,8703,FJ,피지,2025-08-01,106123,,,-87.7654472425767,0.000106123
승용차,8703,FJ,피지,2025-09-01,576851,,,443.56831224145566,0.000576851
승용차,8703,FJ,피지,2025-10-01,261521,,,-54.6640293594013,0.000261521
승용차,8703,FJ,피지,2025-11-01,847315,,,223.99501378474386,0.000847315
승용차,8703,FJ,피지,2025-12-01,569238,,,-32.818609371957294,0.000569238
승용차,8703,FJ,피지,2026-01-01,1590094,1361690.0,16.773568139591234,179.33728949929554,0.001590094
승용차,8703,FJ,피지,2026-02-01,394219,553395.0,-28.763541412553415,-75.20781790258941,0.000394219
승용차,8703,FJ,피지,2026-03-01,641001,1400827.0,-54.241244636204186,62.600229821495155,0.000641001
승용차,8703,FJ,피지,2026-04-01,938690,908519.0,3.320899177672665,46.441269202388135,0.00093869
승용차,8703,FJ,피지,2026-05-01,1702407,1181118.0,44.13521764971833,81.35987386677176,0.001702407
승용차,8703,FJ,피지,2026-06-01,1157731,1150818.0,0.6007031520188333,-31.99446430847618,0.001157731
승용차,8703,FJ,피지,2026-07-01,487342,867404.0,-43.816030361861365,-57.9054201710069,0.000487342
승용차,8703,FI,핀란드,2025-01-01,10119544,,,,0.010119544
승용차,8703,FI,핀란드,2025-02-01,6788254,,,-32.919368698826744,0.006788254
승용차,8703,FI,핀란드,2025-03-01,5861288,,,-13.655440706844502,0.005861288
승용차,8703,FI,핀란드,2025-04-01,3866980,,,-34.025081176697,0.00386698
승용차,8703,FI,핀란드,2025-05-01,15571130,,,302.66900785625995,0.01557113
승용차,8703,FI,핀란드,2025-06-01,8742844,,,-43.85221881777366,0.008742844
승용차,8703,FI,핀란드,2025-07-01,10132736,,,15.897481414514548,0.010132736
승용차,8703,FI,핀란드,2025-08-01,10068660,,,-0.6323662236931815,0.01006866
승용차,8703,FI,핀란드,2025-09-01,18739429,,,86.11641469669252,0.018739429
승용차,8703,FI,핀란드,2025-10-01,7522191,,,-59.85901704902534,0.007522191
승용차,8703,FI,핀란드,2025-11-01,8407158,,,11.764750456349748,0.008407158
승용차,8703,FI,핀란드,2025-12-01,4006960,,,-52.338709466385666,0.00400696
승용차,8703,FI,핀란드,2026-01-01,5905134,10119544.0,-41.64624413906397,47.37192285423364,0.005905134
승용차,8703,FI,핀란드,2026-02-01,7668736,6788254.0,12.970669630217134,29.86557121311726,0.007668736
승용차,8703,FI,핀란드,2026-03-01,17910598,5861288.0,205.57444029366923,133.5534565279076,0.017910598
승용차,8703,FI,핀란드,2026-04-01,12752944,3866980.0,229.790792815065,-28.7966599440175,0.012752944
승용차,8703,FI,핀란드,2026-05-01,12661753,15571130.0,-18.684430738167368,-0.715058421020276,0.012661753
승용차,8703,FI,핀란드,2026-06-01,15830303,8742844.0,81.06582938000496,25.024575980908814,0.015830303
승용차,8703,FI,핀란드,2026-07-01,11371927,10132736.0,12.229579454157303,-28.16355441838353,0.011371927
승용차,8703,PH,필리핀,2025-01-01,2768927,,,,0.002768927
승용차,8703,PH,필리핀,2025-02-01,8579276,,,209.8411767446379,0.008579276
승용차,8703,PH,필리핀,2025-03-01,8179507,,,-4.659705550911286,0.008179507
승용차,8703,PH,필리핀,2025-04-01,6367228,,,-22.156335339036936,0.006367228
승용차,8703,PH,필리핀,2025-05-01,14847536,,,133.1868122203257,0.014847536
승용차,8703,PH,필리핀,2025-06-01,9971659,,,-32.83963749944772,0.009971659
승용차,8703,PH,필리핀,2025-07-01,8739335,,,-12.358264557582643,0.008739335
승용차,8703,PH,필리핀,2025-08-01,7888719,,,-9.733189081320258,0.007888719
승용차,8703,PH,필리핀,2025-09-01,11592734,,,46.953313966437385,0.011592734
승용차,8703,PH,필리핀,2025-10-01,10212527,,,-11.90579374977464,0.010212527
승용차,8703,PH,필리핀,2025-11-01,1913244,,,-81.26571415674103,0.001913244
승용차,8703,PH,필리핀,2025-12-01,1039343,,,-45.676400919067305,0.001039343
승용차,8703,PH,필리핀,2026-01-01,841005,2768927.0,-69.62704325538375,-19.083016867386416,0.000841005
승용차,8703,PH,필리핀,2026-02-01,1309,8579276.0,-99.9847423022642,-99.84435288731935,1.309e-06
승용차,8703,PH,필리핀,2026-03-01,1549409,8179507.0,-81.05742803325433,118265.85179526356,0.001549409
승용차,8703,PH,필리핀,2026-04-01,4834168,6367228.0,-24.07735359877171,212.0007693255945,0.004834168
승용차,8703,PH,필리핀,2026-05-01,2835452,14847536.0,-80.90287843046819,-41.34560486933842,0.002835452
승용차,8703,PH,필리핀,2026-06-01,15829584,9971659.0,58.74574130543373,458.27374259906355,0.015829584
승용차,8703,PH,필리핀,2026-07-01,2333489,8739335.0,-73.29900959283515,-85.2586839932117,0.002333489
승용차,8703,HM,허드 앤 맥도날드 군도,2026-04-01,2332,,,,2.332e-06
승용차,8703,HU,헝가리,2025-01-01,9973078,,,,0.009973078
승용차,8703,HU,헝가리,2025-02-01,20984182,,,110.40828117457822,0.020984182
승용차,8703,HU,헝가리,2025-03-01,26325421,,,25.45364408295734,0.026325421
승용차,8703,HU,헝가리,2025-04-01,20475398,,,-22.221954209203343,0.020475398
승용차,8703,HU,헝가리,2025-05-01,26320326,,,28.546102009836382,0.026320326
승용차,8703,HU,헝가리,2025-06-01,29300896,,,11.324213841424303,0.029300896
승용차,8703,HU,헝가리,2025-07-01,30667606,,,4.664396610943222,0.030667606
승용차,8703,HU,헝가리,2025-08-01,11530019,,,-62.40326356090527,0.011530019
승용차,8703,HU,헝가리,2025-09-01,33868243,,,193.73969808722777,0.033868243
승용차,8703,HU,헝가리,2025-10-01,25891271,,,-23.552954902325464,0.025891271
승용차,8703,HU,헝가리,2025-11-01,28523817,,,10.167697058981773,0.028523817
승용차,8703,HU,헝가리,2025-12-01,4433167,,,-84.45801626058672,0.004433167
승용차,8703,HU,헝가리,2026-01-01,12824759,9973078.0,28.593790201981783,189.29113205074387,0.012824759
승용차,8703,HU,헝가리,2026-02-01,8722717,20984182.0,-58.4319417359228,-31.985333993410713,0.008722717
승용차,8703,HU,헝가리,2026-03-01,10681437,26325421.0,-59.42538962624757,22.45538861343317,0.010681437
승용차,8703,HU,헝가리,2026-04-01,23595429,20475398.0,15.237950441793613,120.90126075733068,0.023595429
승용차,8703,HU,헝가리,2026-05-01,12295723,26320326.0,-53.28430582508743,-47.88938569415288,0.012295723
승용차,8703,HU,헝가리,2026-06-01,21076728,29300896.0,-28.06797444009903,71.41511727289239,0.021076728
승용차,8703,HU,헝가리,2026-07-01,9057765,30667606.0,-70.46471446124617,-57.02480479892324,0.009057765
승용차,8703,AU,호주,2025-01-01,228906296,,,,0.228906296
승용차,8703,AU,호주,2025-02-01,224613748,,,-1.8752424354461672,0.224613748
승용차,8703,AU,호주,2025-03-01,226640223,,,0.902204347705382,0.226640223
승용차,8703,AU,호주,2025-04-01,263893122,,,16.43702009594299,0.263893122
승용차,8703,AU,호주,2025-05-01,273513358,,,3.6455046372902533,0.273513358
승용차,8703,AU,호주,2025-06-01,229929122,,,-15.934957004915272,0.229929122
승용차,8703,AU,호주,2025-07-01,220683989,,,-4.020862133331682,0.220683989
승용차,8703,AU,호주,2025-08-01,243399662,,,10.293303607086779,0.243399662
승용차,8703,AU,호주,2025-09-01,271333315,,,11.476455131642705,0.271333315
승용차,8703,AU,호주,2025-10-01,208270562,,,-23.24180243034292,0.208270562
승용차,8703,AU,호주,2025-11-01,280126938,,,34.501455851451546,0.280126938
승용차,8703,AU,호주,2025-12-01,275242847,,,-1.7435277859639497,0.275242847
승용차,8703,AU,호주,2026-01-01,278406055,228906296.0,21.624463750005376,1.1492425814066731,0.278406055
승용차,8703,AU,호주,2026-02-01,221556329,224613748.0,-1.361189609818536,-20.419716086993866,0.221556329
승용차,8703,AU,호주,2026-03-01,321539059,226640223.0,41.87201845455297,45.12745379528291,0.321539059
승용차,8703,AU,호주,2026-04-01,316098014,263893122.0,19.782589104387505,-1.6921878843963456,0.316098014
승용차,8703,AU,호주,2026-05-01,349462202,273513358.0,27.76787377236618,10.555013483887322,0.349462202
승용차,8703,AU,호주,2026-06-01,316228043,229929122.0,37.53283631466222,-9.510086873429591,0.316228043
승용차,8703,AU,호주,2026-07-01,252345111,220683989.0,14.346814258464402,-20.201539178484563,0.252345111
승용차,8703,HK,홍콩,2025-02-01,1297154,,,,0.001297154
승용차,8703,HK,홍콩,2025-03-01,374069,,,-71.16232922228201,0.000374069
승용차,8703,HK,홍콩,2025-04-01,955955,,,155.55579318254118,0.000955955
승용차,8703,HK,홍콩,2025-05-01,2163315,,,126.29883205799435,0.002163315
승용차,8703,HK,홍콩,2025-06-01,1479826,,,-31.59452044662936,0.001479826
승용차,8703,HK,홍콩,2025-07-01,933151,,,-36.941843162642094,0.000933151
승용차,8703,HK,홍콩,2025-08-01,74224,,,-92.04587467623139,7.4224e-05
승용차,8703,HK,홍콩,2025-09-01,942402,,,1169.6728820866565,0.000942402
승용차,8703,HK,홍콩,2025-10-01,497485,,,-47.21095668302912,0.000497485
승용차,8703,HK,홍콩,2025-11-01,1143538,,,129.86381498939664,0.001143538
승용차,8703,HK,홍콩,2025-12-01,632428,,,-44.69549765727068,0.000632428
승용차,8703,HK,홍콩,2026-01-01,794928,,,25.6946245264283,0.000794928
승용차,8703,HK,홍콩,2026-02-01,985685,1297154.0,-24.01172104468706,23.9967644868466,0.000985685
승용차,8703,HK,홍콩,2026-03-01,107724,374069.0,-71.20210442458476,-89.07115356325804,0.000107724
승용차,8703,HK,홍콩,2026-04-01,30257,955955.0,-96.83489285583526,-71.91248004158777,3.0257e-05
승용차,8703,HK,홍콩,2026-05-01,214422,2163315.0,-90.08826731197259,608.6690683147701,0.000214422
승용차,8703,HK,홍콩,2026-06-01,369965,1479826.0,-74.99942560814581,72.54059751331488,0.000369965
자동차부품,8708,GH,가나,2025-01-01,1142810,,,,0.00114281
자동차부품,8708,GH,가나,2025-02-01,1381608,,,20.895686947086567,0.001381608
자동차부품,8708,GH,가나,2025-03-01,1937098,,,40.20604976230595,0.001937098
자동차부품,8708,GH,가나,2025-04-01,1903544,,,-1.7321787539917977,0.001903544
자동차부품,8708,GH,가나,2025-05-01,1883509,,,-1.0525104751978431,0.001883509
자동차부품,8708,GH,가나,2025-06-01,2271777,,,20.61407723562776,0.002271777
자동차부품,8708,GH,가나,2025-07-01,1850052,,,-18.563661838287825,0.001850052
자동차부품,8708,GH,가나,2025-08-01,1648646,,,-10.886504811756648,0.001648646
자동차부품,8708,GH,가나,2025-09-01,2458587,,,49.12764777884397,0.002458587
자동차부품,8708,GH,가나,2025-10-01,1676956,,,-31.791878831214838,0.001676956
자동차부품,8708,GH,가나,2025-11-01,1724158,,,2.8147429032127302,0.001724158
자동차부품,8708,GH,가나,2025-12-01,1847502,,,7.153868728967994,0.001847502
자동차부품,8708,GH,가나,2026-01-01,1094129,1142810.0,-4.259763215232626,-40.77792608614226,0.001094129
자동차부품,8708,GH,가나,2026-02-01,1627083,1381608.0,17.76734066392205,48.710344027075415,0.001627083
자동차부품,8708,GH,가나,2026-03-01,2331287,1937098.0,20.34946089459593,43.28015227250239,0.002331287
자동차부품,8708,GH,가나,2026-04-01,2286919,1903544.0,20.140065057597823,-1.903154781028682,0.002286919
자동차부품,8708,GH,가나,2026-05-01,2270055,1883509.0,20.52265213492477,-0.7374113381365954,0.002270055
자동차부품,8708,GH,가나,2026-06-01,2485011,2271777.0,9.38622056654328,9.469197882870684,0.002485011
자동차부품,8708,GH,가나,2026-07-01,1896519,1850052.0,2.5116591317433157,-23.681665795443163,0.001896519
자동차부품,8708,GA,가봉,2025-01-01,410,,,,4.1e-07
자동차부품,8708,GA,가봉,2025-02-01,60248,,,14594.634146341463,6.0248e-05
자동차부품,8708,GA,가봉,2025-03-01,31882,,,-47.08206081529678,3.1882e-05
자동차부품,8708,GA,가봉,2025-04-01,11279,,,-64.62267109968008,1.1279e-05
자동차부품,8708,GA,가봉,2025-05-01,15431,,,36.811774093448,1.5431e-05
자동차부품,8708,GA,가봉,2025-06-01,80,,,-99.48156308729182,8e-08
자동차부품,8708,GA,가봉,2025-07-01,33542,,,41827.5,3.3542e-05
자동차부품,8708,GA,가봉,2025-08-01,1749,,,-94.7856418818198,1.749e-06
자동차부품,8708,GA,가봉,2025-09-01,117,,,-93.31046312178388,1.17e-07
자동차부품,8708,GA,가봉,2025-11-01,20522,,,17440.17094017094,2.0522e-05
자동차부품,8708,GA,가봉,2026-01-01,21927,,,6.84631127570412,2.1927e-05
자동차부품,8708,GA,가봉,2026-03-01,22792,,,3.9449081041638134,2.2792e-05
자동차부품,8708,GA,가봉,2026-04-01,450,410.0,9.756097560975618,-98.02562302562302,4.5e-07
자동차부품,8708,GA,가봉,2026-05-01,88,60248.0,-99.85393706015138,-80.44444444444444,8.8e-08
자동차부품,8708,GA,가봉,2026-06-01,374889,31882.0,1075.8641239570918,425910.2272727273,0.000374889
자동차부품,8708,GA,가봉,2026-07-01,14730,11279.0,30.596684103200644,-96.07083696774245,1.473e-05
자동차부품,8708,GY,가이아나,2025-01-01,74898,,,,7.4898e-05
자동차부품,8708,GY,가이아나,2025-02-01,21,,,-99.97196186814067,2.1e-08
자동차부품,8708,GY,가이아나,2025-03-01,219,,,942.8571428571429,2.19e-07
자동차부품,8708,GY,가이아나,2025-04-01,929,,,324.2009132420091,9.29e-07
자동차부품,8708,GY,가이아나,2025-06-01,169,,,-81.80839612486544,1.69e-07
자동차부품,8708,GY,가이아나,2025-07-01,73344,,,43298.81656804734,7.3344e-05
자동차부품,8708,GY,가이아나,2025-08-01,725,,,-99.01150741710296,7.25e-07
자동차부품,8708,GY,가이아나,2025-09-01,177,,,-75.58620689655172,1.77e-07
자동차부품,8708,GY,가이아나,2025-12-01,478,,,170.05649717514126,4.78e-07
자동차부품,8708,GY,가이아나,2026-03-01,71470,,,14851.882845188286,7.147e-05
자동차부품,8708,GY,가이아나,2026-04-01,3781,,,-94.70966839233245,3.781e-06
자동차부품,8708,GY,가이아나,2026-05-01,12388,,,227.63819095477388,1.2388e-05
자동차부품,8708,GY,가이아나,2026-06-01,166,74898.0,-99.77836524339769,-98.65999354213754,1.66e-07
자동차부품,8708,GY,가이아나,2026-07-01,99,21.0,371.42857142857144,-40.36144578313253,9.9e-08
자동차부품,8708,GM,감비아,2025-01-01,14,,,,1.4e-08
자동차부품,8708,GM,감비아,2025-05-01,9250,,,65971.42857142857,9.25e-06
자동차부품,8708,GM,감비아,2026-03-01,20,,,-99.78378378378379,2e-08
자동차부품,8708,GM,감비아,2026-06-01,9209,,,45945.0,9.209e-06
자동차부품,8708,GG,건지,2025-06-01,35,,,,3.5e-08
자동차부품,8708,GG,건지,2026-04-01,0,,,-100.0,0.0
자동차부품,8708,GP,과델로프,2025-01-01,152,,,,1.52e-07
자동차부품,8708,GP,과델로프,2025-02-01,74,,,-51.315789473684205,7.4e-08
자동차부품,8708,GP,과델로프,2025-05-01,579,,,682.4324324324325,5.79e-07
자동차부품,8708,GP,과델로프,2025-07-01,269,,,-53.54058721934369,2.69e-07
자동차부품,8708,GP,과델로프,2025-09-01,711,,,164.31226765799258,7.11e-07
자동차부품,8708,GP,과델로프,2025-10-01,917,,,28.973277074542892,9.17e-07
자동차부품,8708,GP,과델로프,2025-12-01,293,,,-68.04798255179935,2.93e-07
자동차부품,8708,GP,과델로프,2026-01-01,152,,,-48.122866894197955,1.52e-07
자동차부품,8708,GP,과델로프,2026-03-01,266,,,75.0,2.66e-07
자동차부품,8708,GP,과델로프,2026-04-01,3834,,,1341.3533834586467,3.834e-06
자동차부품,8708,GP,과델로프,2026-05-01,498,,,-87.01095461658842,4.98e-07
자동차부품,8708,GP,과델로프,2026-06-01,702,,,40.963855421686745,7.02e-07
자동차부품,8708,GP,과델로프,2026-07-01,1743,152.0,1046.7105263157896,148.2905982905983,1.743e-06
자동차부품,8708,GT,과테말라,2025-01-01,190623,,,,0.000190623
자동차부품,8708,GT,과테말라,2025-02-01,215885,,,13.252335762211276,0.000215885
자동차부품,8708,GT,과테말라,2025-03-01,234037,,,8.40818028116821,0.000234037
자동차부품,8708,GT,과테말라,2025-04-01,319541,,,36.53439413426083,0.000319541
자동차부품,8708,GT,과테말라,2025-05-01,374005,,,17.04444813028687,0.000374005
자동차부품,8708,GT,과테말라,2025-06-01,267093,,,-28.58571409473135,0.000267093
자동차부품,8708,GT,과테말라,2025-07-01,260327,,,-2.5332000464257765,0.000260327
자동차부품,8708,GT,과테말라,2025-08-01,238957,,,-8.208906490682876,0.000238957
자동차부품,8708,GT,과테말라,2025-09-01,457805,,,91.58467841494496,0.000457805
자동차부품,8708,GT,과테말라,2025-10-01,245100,,,-46.46192156048973,0.0002451
자동차부품,8708,GT,과테말라,2025-11-01,242868,,,-0.9106487148102804,0.000242868
자동차부품,8708,GT,과테말라,2025-12-01,237473,,,-2.2213712798721974,0.000237473
자동차부품,8708,GT,과테말라,2026-01-01,426919,190623.0,123.95985793949316,79.77580609163991,0.000426919
자동차부품,8708,GT,과테말라,2026-02-01,212911,215885.0,-1.3775852884637674,-50.128478704391235,0.000212911
자동차부품,8708,GT,과테말라,2026-03-01,424507,234037.0,81.3845673974628,99.38237103766363,0.000424507
자동차부품,8708,GT,과테말라,2026-04-01,389804,319541.0,21.98872758112418,-8.174894642491171,0.000389804
자동차부품,8708,GT,과테말라,2026-05-01,222434,374005.0,-40.52646354995254,-42.936963191757904,0.000222434
자동차부품,8708,GT,과테말라,2026-06-01,284595,267093.0,6.55277375296246,27.94581763579309,0.000284595
자동차부품,8708,GT,과테말라,2026-07-01,315002,260327.0,21.00243155723378,10.684305767845537,0.000315002
자동차부품,8708,GU,괌,2025-01-01,7492,,,,7.492e-06
자동차부품,8708,GU,괌,2025-02-01,20013,,,167.12493326214627,2.0013e-05
자동차부품,8708,GU,괌,2025-03-01,21541,,,7.635037225803232,2.1541e-05
자동차부품,8708,GU,괌,2025-04-01,17200,,,-20.15226776844158,1.72e-05
자동차부품,8708,GU,괌,2025-05-01,40753,,,136.93604651162792,4.0753e-05
자동차부품,8708,GU,괌,2025-06-01,21088,,,-48.25411626137953,2.1088e-05
자동차부품,8708,GU,괌,2025-07-01,15421,,,-26.87310318664643,1.5421e-05
자동차부품,8708,GU,괌,2025-08-01,14572,,,-5.505479540885805,1.4572e-05
자동차부품,8708,GU,괌,2025-09-01,17088,,,17.26598956903651,1.7088e-05
자동차부품,8708,GU,괌,2025-10-01,17662,,,3.359082397003754,1.7662e-05
자동차부품,8708,GU,괌,2025-11-01,32135,,,81.9442871701959,3.2135e-05
자동차부품,8708,GU,괌,2025-12-01,25684,,,-20.074684922981177,2.5684e-05
자동차부품,8708,GU,괌,2026-01-01,40169,7492.0,436.1585691404165,56.39697866375955,4.0169e-05
자동차부품,8708,GU,괌,2026-02-01,22099,20013.0,10.42322490381251,-44.98493863427021,2.2099e-05
자동차부품,8708,GU,괌,2026-03-01,32443,21541.0,50.610463766770344,46.807547852844024,3.2443e-05
자동차부품,8708,GU,괌,2026-04-01,26653,17200.0,54.95930232558139,-17.846684955152114,2.6653e-05
자동차부품,8708,GU,괌,2026-05-01,24411,40753.0,-40.10011532893284,-8.411811053164742,2.4411e-05
자동차부품,8708,GU,괌,2026-06-01,51476,21088.0,144.1009104704097,110.87214780222033,5.1476e-05
자동차부품,8708,GU,괌,2026-07-01,22326,15421.0,44.77660333311717,-56.628331649700826,2.2326e-05
자동차부품,8708,VA,교황청,2025-01-01,462,,,,4.62e-07
자동차부품,8708,VA,교황청,2025-02-01,461,,,-0.21645021645021467,4.61e-07
자동차부품,8708,VA,교황청,2025-03-01,448,,,-2.819956616052066,4.48e-07
자동차부품,8708,VA,교황청,2025-04-01,396,,,-11.607142857142861,3.96e-07
자동차부품,8708,VA,교황청,2025-05-01,692,,,74.74747474747474,6.92e-07
자동차부품,8708,VA,교황청,2025-06-01,212,,,-69.36416184971098,2.12e-07
자동차부품,8708,VA,교황청,2025-07-01,995,,,369.33962264150944,9.95e-07
자동차부품,8708,VA,교황청,2025-08-01,1151,,,15.678391959798986,1.151e-06
자동차부품,8708,VA,교황청,2025-09-01,1024,,,-11.033883579496095,1.024e-06
자동차부품,8708,VA,교황청,2025-10-01,663,,,-35.25390625,6.63e-07
자동차부품,8708,VA,교황청,2025-11-01,1691,,,155.05279034690798,1.691e-06
자동차부품,8708,VA,교황청,2025-12-01,2067,,,22.235363690124178,2.067e-06
자동차부품,8708,VA,교황청,2026-01-01,245,462.0,-46.96969696969697,-88.14707305273343,2.45e-07
자동차부품,8708,VA,교황청,2026-02-01,1173,461.0,154.44685466377442,378.7755102040816,1.173e-06
자동차부품,8708,VA,교황청,2026-03-01,3718,448.0,729.9107142857142,216.96504688832056,3.718e-06
자동차부품,8708,VA,교황청,2026-04-01,263,396.0,-33.58585858585859,-92.926304464766,2.63e-07
자동차부품,8708,VA,교황청,2026-05-01,619,692.0,-10.54913294797688,135.36121673003802,6.19e-07
자동차부품,8708,VA,교황청,2026-06-01,1823,212.0,759.9056603773585,194.50726978998384,1.823e-06
자동차부품,8708,VA,교황청,2026-07-01,470,995.0,-52.76381909547738,-74.21832144816237,4.7e-07
자동차부품,8708,GD,그레나다,2025-07-01,6,,,,6e-09
자동차부품,8708,GD,그레나다,2025-08-01,86,,,1333.3333333333335,8.6e-08
자동차부품,8708,GD,그레나다,2026-06-01,343,,,298.83720930232556,3.43e-07
자동차부품,8708,GD,그레나다,2026-07-01,77056,,,22365.30612244898,7.7056e-05
자동차부품,8708,GR,그리스,2025-01-01,35528,,,,3.5528e-05
자동차부품,8708,GR,그리스,2025-02-01,10978,,,-69.10042783156946,1.0978e-05
자동차부품,8708,GR,그리스,2025-03-01,177735,,,1519.010748770268,0.000177735
자동차부품,8708,GR,그리스,2025-04-01,176377,,,-0.7640588516611757,0.000176377
자동차부품,8708,GR,그리스,2025-05-01,126134,,,-28.486140483169574,0.000126134
자동차부품,8708,GR,그리스,2025-06-01,81093,,,-35.70884931897823,8.1093e-05
자동차부품,8708,GR,그리스,2025-07-01,483675,,,496.44482261107623,0.000483675
자동차부품,8708,GR,그리스,2025-08-01,219252,,,-54.66956117227477,0.000219252
자동차부품,8708,GR,그리스,2025-09-01,393512,,,79.47932059912795,0.000393512
자동차부품,8708,GR,그리스,2025-10-01,170533,,,-56.663837443330834,0.000170533
자동차부품,8708,GR,그리스,2025-11-01,275421,,,61.50598417901521,0.000275421
자동차부품,8708,GR,그리스,2025-12-01,19583,,,-92.889794169653,1.9583e-05
자동차부품,8708,GR,그리스,2026-01-01,312191,35528.0,778.7181941004278,1494.1939437267017,0.000312191
자동차부품,8708,GR,그리스,2026-02-01,16191,10978.0,47.485880852614315,-94.81375183781724,1.6191e-05
자동차부품,8708,GR,그리스,2026-03-01,228527,177735.0,28.57737643120375,1311.4446297325674,0.000228527
자동차부품,8708,GR,그리스,2026-04-01,264319,176377.0,49.86024254863162,15.662044309862733,0.000264319
자동차부품,8708,GR,그리스,2026-05-01,34607,126134.0,-72.5633056907733,-86.90710845607012,3.4607e-05
자동차부품,8708,GR,그리스,2026-06-01,200610,81093.0,147.38263475269133,479.6804114774468,0.00020061
자동차부품,8708,GR,그리스,2026-07-01,174911,483675.0,-63.837080684343825,-12.810428194008272,0.000174911
자동차부품,8708,GL,그린랜드,2025-11-01,71,,,,7.1e-08
자동차부품,8708,GL,그린랜드,2025-12-01,275,,,287.32394366197184,2.75e-07
자동차부품,8708,GL,그린랜드,2026-04-01,224,,,-18.545454545454543,2.24e-07
자동차부품,8708,GL,그린랜드,2026-07-01,219,,,-2.2321428571428603,2.19e-07
자동차부품,8708,GW,기네비소,2026-03-01,180,,,,1.8e-07
자동차부품,8708,GW,기네비소,2026-04-01,348,,,93.33333333333333,3.48e-07
자동차부품,8708,GN,기니,2025-02-01,1647,,,,1.647e-06
자동차부품,8708,GN,기니,2025-03-01,1185,,,-28.051001821493628,1.185e-06
자동차부품,8708,GN,기니,2025-04-01,660,,,-44.30379746835443,6.6e-07
자동차부품,8708,GN,기니,2025-06-01,342,,,-48.18181818181818,3.42e-07
자동차부품,8708,GN,기니,2025-07-01,253,,,-26.023391812865494,2.53e-07
자동차부품,8708,GN,기니,2025-09-01,1810,,,615.4150197628459,1.81e-06
자동차부품,8708,GN,기니,2025-10-01,571,,,-68.45303867403315,5.71e-07
자동차부품,8708,GN,기니,2025-11-01,2741,,,380.0350262697023,2.741e-06
자동차부품,8708,GN,기니,2025-12-01,881,,,-67.85844582269245,8.81e-07
자동차부품,8708,GN,기니,2026-01-01,500,,,-43.24631101021566,5e-07
자동차부품,8708,GN,기니,2026-02-01,1791,,,258.2,1.791e-06
자동차부품,8708,GN,기니,2026-03-01,14167,,,691.0106085985483,1.4167e-05
자동차부품,8708,GN,기니,2026-05-01,11,1647.0,-99.33211900425015,-99.9223547681231,1.1e-08
자동차부품,8708,GN,기니,2026-06-01,4045,1185.0,241.3502109704641,36672.72727272727,4.045e-06
자동차부품,8708,GN,기니,2026-07-01,1488,660.0,125.45454545454544,-63.21384425216316,1.488e-06
자동차부품,8708,ZZ,기타국,2025-01-01,928,,,,9.28e-07
자동차부품,8708,ZZ,기타국,2025-02-01,3473,,,274.24568965517244,3.473e-06
자동차부품,8708,ZZ,기타국,2025-03-01,1941,,,-44.11171897494961,1.941e-06
자동차부품,8708,ZZ,기타국,2025-04-01,1855,,,-4.430705821741365,1.855e-06
자동차부품,8708,ZZ,기타국,2025-05-01,1022,,,-44.905660377358494,1.022e-06
자동차부품,8708,ZZ,기타국,2025-06-01,327,,,-68.00391389432485,3.27e-07
자동차부품,8708,ZZ,기타국,2025-07-01,1252,,,282.87461773700306,1.252e-06
자동차부품,8708,ZZ,기타국,2025-08-01,1480,,,18.21086261980831,1.48e-06
자동차부품,8708,ZZ,기타국,2025-09-01,272,,,-81.62162162162161,2.72e-07
자동차부품,8708,ZZ,기타국,2025-10-01,133,,,-51.10294117647059,1.33e-07
자동차부품,8708,ZZ,기타국,2025-11-01,461,,,246.61654135338344,4.61e-07
자동차부품,8708,ZZ,기타국,2026-01-01,492,,,6.724511930585675,4.92e-07
자동차부품,8708,ZZ,기타국,2026-03-01,288,928.0,-68.96551724137932,-41.463414634146346,2.88e-07
자동차부품,8708,ZZ,기타국,2026-04-01,588,3473.0,-83.06939245608984,104.16666666666666,5.88e-07
자동차부품,8708,ZZ,기타국,2026-05-01,4118,1941.0,112.15868109222052,600.3401360544218,4.118e-06
자동차부품,8708,ZZ,기타국,2026-06-01,2937,1855.0,58.328840970350406,-28.67897037396795,2.937e-06
자동차부품,8708,ZZ,기타국,2026-07-01,2638,1022.0,158.12133072407045,-10.180456247871984,2.638e-06
자동차부품,8708,NA,나미비아,2025-03-01,0,,,,0.0
자동차부품,8708,NA,나미비아,2025-12-01,226,,,inf,2.26e-07
자동차부품,8708,NA,나미비아,2026-03-01,20737,,,9075.663716814159,2.0737e-05
자동차부품,8708,NA,나미비아,2026-04-01,93,,,-99.55152625741428,9.3e-08
자동차부품,8708,NA,나미비아,2026-07-01,189,,,103.2258064516129,1.89e-07
자동차부품,8708,NG,나이지리아,2025-01-01,290290,,,,0.00029029
자동차부품,8708,NG,나이지리아,2025-02-01,86896,,,-70.06579627269282,8.6896e-05
자동차부품,8708,NG,나이지리아,2025-03-01,43335,,,-50.130040508193694,4.3335e-05
자동차부품,8708,NG,나이지리아,2025-04-01,63785,,,47.190492673358705,6.3785e-05
자동차부품,8708,NG,나이지리아,2025-05-01,67714,,,6.159755428392266,6.7714e-05
자동차부품,8708,NG,나이지리아,2025-06-01,301489,,,345.23879847594293,0.000301489
자동차부품,8708,NG,나이지리아,2025-07-01,87397,,,-71.01154602655487,8.7397e-05
자동차부품,8708,NG,나이지리아,2025-08-01,32161,,,-63.20125404762178,3.2161e-05
자동차부품,8708,NG,나이지리아,2025-09-01,147759,,,359.43534094089114,0.000147759
자동차부품,8708,NG,나이지리아,2025-10-01,116501,,,-21.15471815591605,0.000116501
자동차부품,8708,NG,나이지리아,2025-11-01,102461,,,-12.051398700440341,0.000102461
자동차부품,8708,NG,나이지리아,2025-12-01,130197,,,27.06981192844107,0.000130197
자동차부품,8708,NG,나이지리아,2026-01-01,63511,290290.0,-78.12153363877502,-51.21930612840542,6.3511e-05
자동차부품,8708,NG,나이지리아,2026-02-01,31841,86896.0,-63.35734671331247,-49.86537765111555,3.1841e-05
자동차부품,8708,NG,나이지리아,2026-03-01,56737,43335.0,30.92650282681435,78.1884991049276,5.6737e-05
자동차부품,8708,NG,나이지리아,2026-04-01,51611,63785.0,-19.08599200438975,-9.034668734688122,5.1611e-05
자동차부품,8708,NG,나이지리아,2026-05-01,182786,67714.0,169.93826978172905,254.16093468446647,0.000182786
자동차부품,8708,NG,나이지리아,2026-06-01,132558,301489.0,-56.032226714739174,-27.479128598470336,0.000132558
자동차부품,8708,NG,나이지리아,2026-07-01,30998,87397.0,-64.53196333970274,-76.61551924440622,3.0998e-05
자동차부품,8708,SS,남수단,2025-06-01,400,,,,4e-07
자동차부품,8708,SS,남수단,2025-07-01,137,,,-65.75,1.37e-07
자동차부품,8708,SS,남수단,2025-08-01,90,,,-34.306569343065696,9e-08
자동차부품,8708,SS,남수단,2025-09-01,87,,,-3.3333333333333326,8.7e-08
자동차부품,8708,ZA,남아프리카공화국,2025-01-01,2313920,,,,0.00231392
자동차부품,8708,ZA,남아프리카공화국,2025-02-01,2200737,,,-4.891396418199423,0.002200737
자동차부품,8708,ZA,남아프리카공화국,2025-03-01,2784502,,,26.5258865552767,0.002784502
자동차부품,8708,ZA,남아프리카공화국,2025-04-01,2754333,,,-1.0834612436981583,0.002754333
자동차부품,8708,ZA,남아프리카공화국,2025-05-01,2293194,,,-16.742311114886977,0.002293194
자동차부품,8708,ZA,남아프리카공화국,2025-06-01,2553355,,,11.344918920946068,0.002553355
자동차부품,8708,ZA,남아프리카공화국,2025-07-01,2880885,,,12.827436842898843,0.002880885
자동차부품,8708,ZA,남아프리카공화국,2025-08-01,2859187,,,-0.753171334503111,0.002859187
자동차부품,8708,ZA,남아프리카공화국,2025-09-01,2822344,,,-1.288583083233097,0.002822344
자동차부품,8708,ZA,남아프리카공화국,2025-10-01,2000983,,,-29.10208677609817,0.002000983
자동차부품,8708,ZA,남아프리카공화국,2025-11-01,2481612,,,24.019644344804526,0.002481612
자동차부품,8708,ZA,남아프리카공화국,2025-12-01,2432634,,,-1.9736364911194793,0.002432634
자동차부품,8708,ZA,남아프리카공화국,2026-01-01,2235667,2313920.0,-3.381836882865441,-8.096861262318955,0.002235667
자동차부품,8708,ZA,남아프리카공화국,2026-02-01,2565668,2200737.0,16.582217684348464,14.760740307031405,0.002565668
자동차부품,8708,ZA,남아프리카공화국,2026-03-01,2251157,2784502.0,-19.15405339985391,-12.258444974174365,0.002251157
자동차부품,8708,ZA,남아프리카공화국,2026-04-01,3214113,2754333.0,16.692970675659048,42.77604804995831,0.003214113
자동차부품,8708,ZA,남아프리카공화국,2026-05-01,3581752,2293194.0,56.1905359947741,11.438272394281102,0.003581752
자동차부품,8708,ZA,남아프리카공화국,2026-06-01,2528572,2553355.0,-0.9706053408162996,-29.40404584125311,0.002528572
자동차부품,8708,ZA,남아프리카공화국,2026-07-01,2749531,2880885.0,-4.559501680907085,8.73848955062384,0.002749531
자동차부품,8708,NL,네덜란드,2025-01-01,2119975,,,,0.002119975
자동차부품,8708,NL,네덜란드,2025-02-01,2685548,,,26.678286300546006,0.002685548
자동차부품,8708,NL,네덜란드,2025-03-01,2879025,,,7.2043769092937415,0.002879025
자동차부품,8708,NL,네덜란드,2025-04-01,1792864,,,-37.7266956695409,0.001792864
자동차부품,8708,NL,네덜란드,2025-05-01,2926825,,,63.24857881021651,0.002926825
자동차부품,8708,NL,네덜란드,2025-06-01,2951484,,,0.8425170620040445,0.002951484
자동차부품,8708,NL,네덜란드,2025-07-01,2636333,,,-10.677713313031678,0.002636333
자동차부품,8708,NL,네덜란드,2025-08-01,2416018,,,-8.356872974696294,0.002416018
자동차부품,8708,NL,네덜란드,2025-09-01,3283596,,,35.90941789340973,0.003283596
자동차부품,8708,NL,네덜란드,2025-10-01,2074547,,,-36.820881740628266,0.002074547
자동차부품,8708,NL,네덜란드,2025-11-01,2455664,,,18.37109499085825,0.002455664
자동차부품,8708,NL,네덜란드,2025-12-01,2659990,,,8.320600863961847,0.00265999
자동차부품,8708,NL,네덜란드,2026-01-01,3189800,2119975.0,50.46403849101995,19.917744051669374,0.0031898
자동차부품,8708,NL,네덜란드,2026-02-01,2269586,2685548.0,-15.488905802465647,-28.84864254812214,0.002269586
자동차부품,8708,NL,네덜란드,2026-03-01,2376378,2879025.0,-17.45893140907078,4.705351548696557,0.002376378
자동차부품,8708,NL,네덜란드,2026-04-01,2285696,1792864.0,27.488532314776815,-3.8159754045863026,0.002285696
자동차부품,8708,NL,네덜란드,2026-05-01,2189592,2926825.0,-25.1888309003784,-4.20458363666909,0.002189592
자동차부품,8708,NL,네덜란드,2026-06-01,4331245,2951484.0,46.74804267954698,97.81059667737186,0.004331245
자동차부품,8708,NL,네덜란드,2026-07-01,5168376,2636333.0,96.04412644381419,19.327722167644644,0.005168376
자동차부품,8708,AN,네덜란드 열도,2025-03-01,7020,,,,7.02e-06
자동차부품,8708,AN,네덜란드 열도,2025-06-01,859,,,-87.76353276353277,8.59e-07
자동차부품,8708,AN,네덜란드 열도,2025-09-01,4883,,,468.4516880093131,4.883e-06
자동차부품,8708,AN,네덜란드 열도,2026-01-01,6662,,,36.43252099119394,6.662e-06
자동차부품,8708,NP,네팔,2025-01-01,27122,,,,2.7122e-05
자동차부품,8708,NP,네팔,2025-02-01,25722,,,-5.161861219674069,2.5722e-05
자동차부품,8708,NP,네팔,2025-03-01,49226,,,91.37703133504394,4.9226e-05
자동차부품,8708,NP,네팔,2025-04-01,54441,,,10.59399504326981,5.4441e-05
자동차부품,8708,NP,네팔,2025-05-01,12388,,,-77.24509101596223,1.2388e-05
자동차부품,8708,NP,네팔,2025-06-01,71211,,,474.83855343881174,7.1211e-05
자동차부품,8708,NP,네팔,2025-07-01,49158,,,-30.96853014281501,4.9158e-05
자동차부품,8708,NP,네팔,2025-08-01,23516,,,-52.162415069775015,2.3516e-05
자동차부품,8708,NP,네팔,2025-09-01,21049,,,-10.490729715938086,2.1049e-05
자동차부품,8708,NP,네팔,2025-10-01,5483,,,-73.95125659176207,5.483e-06
자동차부품,8708,NP,네팔,2025-11-01,44888,,,718.6759073499909,4.4888e-05
자동차부품,8708,NP,네팔,2025-12-01,19532,,,-56.48725717340937,1.9532e-05
자동차부품,8708,NP,네팔,2026-01-01,9605,27122.0,-64.58594498930758,-50.82428834732746,9.605e-06
자동차부품,8708,NP,네팔,2026-02-01,14061,25722.0,-45.3347329134593,46.39250390421657,1.4061e-05
자동차부품,8708,NP,네팔,2026-03-01,25433,49226.0,-48.33421362694511,80.87618234833937,2.5433e-05
자동차부품,8708,NP,네팔,2026-04-01,20000,54441.0,-63.262981943755626,-21.362009987024734,2e-05
자동차부품,8708,NP,네팔,2026-05-01,2484,12388.0,-79.94833710041976,-87.58,2.484e-06
자동차부품,8708,NP,네팔,2026-06-01,13760,71211.0,-80.67714257628738,453.94524959742347,1.376e-05
자동차부품,8708,NP,네팔,2026-07-01,20168,49158.0,-58.973107123967615,46.569767441860456,2.0168e-05
자동차부품,8708,NO,노르웨이,2025-01-01,175363,,,,0.000175363
자동차부품,8708,NO,노르웨이,2025-02-01,183306,,,4.529461745065944,0.000183306
자동차부품,8708,NO,노르웨이,2025-03-01,113166,,,-38.26388661582272,0.000113166
자동차부품,8708,NO,노르웨이,2025-04-01,88993,,,-21.36065602742874,8.8993e-05
자동차부품,8708,NO,노르웨이,2025-05-01,56002,,,-37.07145505826301,5.6002e-05
자동차부품,8708,NO,노르웨이,2025-06-01,200072,,,257.2586693332381,0.000200072
자동차부품,8708,NO,노르웨이,2025-07-01,107642,,,-46.19836858730857,0.000107642
자동차부품,8708,NO,노르웨이,2025-08-01,93439,,,-13.194663792943274,9.3439e-05
자동차부품,8708,NO,노르웨이,2025-09-01,113546,,,21.518851871274315,0.000113546
자동차부품,8708,NO,노르웨이,2025-10-01,138142,,,21.66170538812464,0.000138142
자동차부품,8708,NO,노르웨이,2025-11-01,155888,,,12.84620173444717,0.000155888
자동차부품,8708,NO,노르웨이,2025-12-01,171026,,,9.710818023196133,0.000171026
자동차부품,8708,NO,노르웨이,2026-01-01,133164,175363.0,-24.063799091028326,-22.138154432659363,0.000133164
자동차부품,8708,NO,노르웨이,2026-02-01,68620,183306.0,-62.565327921617396,-48.46955633654741,6.862e-05
자동차부품,8708,NO,노르웨이,2026-03-01,115828,113166.0,2.3522966261951384,68.7962693092393,0.000115828
자동차부품,8708,NO,노르웨이,2026-04-01,120572,88993.0,35.48481341229086,4.095728148634192,0.000120572
자동차부품,8708,NO,노르웨이,2026-05-01,55855,56002.0,-0.26249062533481027,-53.674982583020935,5.5855e-05
자동차부품,8708,NO,노르웨이,2026-06-01,133959,200072.0,-33.04460394258067,139.83349744875122,0.000133959
자동차부품,8708,NO,노르웨이,2026-07-01,114205,107642.0,6.09706248490367,-14.746302973297798,0.000114205
자동차부품,8708,NC,뉴 칼레도니아,2025-01-01,11006,,,,1.1006e-05
자동차부품,8708,NC,뉴 칼레도니아,2025-02-01,40290,,,266.0730510630565,4.029e-05
자동차부품,8708,NC,뉴 칼레도니아,2025-03-01,28640,,,-28.91536361379995,2.864e-05
자동차부품,8708,NC,뉴 칼레도니아,2025-04-01,15576,,,-45.614525139664806,1.5576e-05
자동차부품,8708,NC,뉴 칼레도니아,2025-05-01,21251,,,36.43425783256291,2.1251e-05
자동차부품,8708,NC,뉴 칼레도니아,2025-06-01,41050,,,93.16738035857138,4.105e-05
자동차부품,8708,NC,뉴 칼레도니아,2025-07-01,15450,,,-62.36297198538367,1.545e-05
자동차부품,8708,NC,뉴 칼레도니아,2025-08-01,15767,,,2.0517799352750776,1.5767e-05
자동차부품,8708,NC,뉴 칼레도니아,2025-09-01,30966,,,96.39753916407687,3.0966e-05
자동차부품,8708,NC,뉴 칼레도니아,2025-10-01,11035,,,-64.36414131628237,1.1035e-05
자동차부품,8708,NC,뉴 칼레도니아,2025-11-01,33021,,,199.23878568192114,3.3021e-05
자동차부품,8708,NC,뉴 칼레도니아,2025-12-01,9506,,,-71.21225886557039,9.506e-06
자동차부품,8708,NC,뉴 칼레도니아,2026-01-01,46350,11006.0,321.1339269489369,387.5867872922365,4.635e-05
자동차부품,8708,NC,뉴 칼레도니아,2026-02-01,13552,40290.0,-66.3638620004964,-70.76159654800432,1.3552e-05
자동차부품,8708,NC,뉴 칼레도니아,2026-03-01,17872,28640.0,-37.59776536312849,31.87721369539551,1.7872e-05
자동차부품,8708,NC,뉴 칼레도니아,2026-04-01,28307,15576.0,81.7347200821777,58.387421665174564,2.8307e-05
자동차부품,8708,NC,뉴 칼레도니아,2026-05-01,90132,21251.0,324.13062914686367,218.40887413007383,9.0132e-05
자동차부품,8708,NC,뉴 칼레도니아,2026-06-01,14270,41050.0,-65.23751522533496,-84.16766520214796,1.427e-05
자동차부품,8708,NC,뉴 칼레도니아,2026-07-01,16554,15450.0,7.145631067961156,16.00560616678346,1.6554e-05
자동차부품,8708,NZ,뉴질랜드,2025-01-01,229377,,,,0.000229377
자동차부품,8708,NZ,뉴질랜드,2025-02-01,292555,,,27.543302074750308,0.000292555
자동차부품,8708,NZ,뉴질랜드,2025-03-01,307989,,,5.27558920544855,0.000307989
자동차부품,8708,NZ,뉴질랜드,2025-04-01,419842,,,36.3172061339853,0.000419842
자동차부품,8708,NZ,뉴질랜드,2025-05-01,397860,,,-5.2357791740702435,0.00039786
자동차부품,8708,NZ,뉴질랜드,2025-06-01,375327,,,-5.66354999245966,0.000375327
자동차부품,8708,NZ,뉴질랜드,2025-07-01,357260,,,-4.81366914717033,0.00035726
자동차부품,8708,NZ,뉴질랜드,2025-08-01,343912,,,-3.7362145216369047,0.000343912
자동차부품,8708,NZ,뉴질랜드,2025-09-01,677624,,,97.03412500872317,0.000677624
자동차부품,8708,NZ,뉴질랜드,2025-10-01,337149,,,-50.24541633708369,0.000337149
자동차부품,8708,NZ,뉴질랜드,2025-11-01,503511,,,49.3437619568796,0.000503511
자동차부품,8708,NZ,뉴질랜드,2025-12-01,256038,,,-49.149472404773675,0.000256038
자동차부품,8708,NZ,뉴질랜드,2026-01-01,264054,229377.0,15.117906328882146,3.1307852740608766,0.000264054
자동차부품,8708,NZ,뉴질랜드,2026-02-01,349801,292555.0,19.56760267300166,32.47328198020103,0.000349801
자동차부품,8708,NZ,뉴질랜드,2026-03-01,300299,307989.0,-2.4968424196968098,-14.151474695612654,0.000300299
자동차부품,8708,NZ,뉴질랜드,2026-04-01,331673,419842.0,-21.000519242953295,10.447587238052748,0.000331673
자동차부품,8708,NZ,뉴질랜드,2026-05-01,287889,397860.0,-27.640627356356507,-13.200953951633087,0.000287889
자동차부품,8708,NZ,뉴질랜드,2026-06-01,390609,375327.0,4.07164952161716,35.68041849462813,0.000390609
자동차부품,8708,NZ,뉴질랜드,2026-07-01,483221,357260.0,35.25751553490455,23.709643146983296,0.000483221
자동차부품,8708,NE,니제르,2025-03-01,50,,,,5e-08
자동차부품,8708,NE,니제르,2026-05-01,470681,,,941262.0000000001,0.000470681
자동차부품,8708,NI,니카라과,2025-01-01,261824,,,,0.000261824
자동차부품,8708,NI,니카라과,2025-02-01,383953,,,46.64545648985579,0.000383953
자동차부품,8708,NI,니카라과,2025-03-01,756085,,,96.92123775566279,0.000756085
자동차부품,8708,NI,니카라과,2025-04-01,349655,,,-53.75453818023106,0.000349655
자동차부품,8708,NI,니카라과,2025-05-01,451921,,,29.247687005762813,0.000451921
자동차부품,8708,NI,니카라과,2025-06-01,421535,,,-6.723741538897288,0.000421535
자동차부품,8708,NI,니카라과,2025-07-01,770904,,,82.88018788475453,0.000770904
자동차부품,8708,NI,니카라과,2025-08-01,415824,,,-46.06020983157436,0.000415824
자동차부품,8708,NI,니카라과,2025-09-01,537957,,,29.37132055869791,0.000537957
자동차부품,8708,NI,니카라과,2025-10-01,204002,,,-62.07838172939473,0.000204002
자동차부품,8708,NI,니카라과,2025-11-01,258736,,,26.830129116381208,0.000258736
자동차부품,8708,NI,니카라과,2025-12-01,88853,,,-65.65881825490074,8.8853e-05
자동차부품,8708,NI,니카라과,2026-01-01,274531,261824.0,4.853260205328769,208.97212249445712,0.000274531
자동차부품,8708,NI,니카라과,2026-02-01,222613,383953.0,-42.020768166937096,-18.91152547435444,0.000222613
자동차부품,8708,NI,니카라과,2026-03-01,127936,756085.0,-83.07915115364013,-42.529861239011204,0.000127936
자동차부품,8708,NI,니카라과,2026-04-01,248711,349655.0,-28.869600034319543,94.40267008504253,0.000248711
자동차부품,8708,NI,니카라과,2026-05-01,110268,451921.0,-75.60016020499158,-55.6642046391193,0.000110268
자동차부품,8708,NI,니카라과,2026-06-01,349065,421535.0,-17.191929495771408,216.5605615409729,0.000349065
자동차부품,8708,NI,니카라과,2026-07-01,90036,770904.0,-88.32072475950314,-74.20652314038932,9.0036e-05
자동차부품,8708,TW,대만,2025-01-01,1446093,,,,0.001446093
자동차부품,8708,TW,대만,2025-02-01,2383708,,,64.83780780350918,0.002383708
자동차부품,8708,TW,대만,2025-03-01,2691447,,,12.91009637086422,0.002691447
자동차부품,8708,TW,대만,2025-04-01,3490782,,,29.69908008591662,0.003490782
자동차부품,8708,TW,대만,2025-05-01,3208078,,,-8.09858650583164,0.003208078
자동차부품,8708,TW,대만,2025-06-01,2962600,,,-7.651871307368463,0.0029626
자동차부품,8708,TW,대만,2025-07-01,3305410,,,11.571254978734903,0.00330541
자동차부품,8708,TW,대만,2025-08-01,2545933,,,-22.97678654085272,0.002545933
자동차부품,8708,TW,대만,2025-09-01,1855351,,,-27.124908628781665,0.001855351
자동차부품,8708,TW,대만,2025-10-01,1636770,,,-11.78111311552369,0.00163677
자동차부품,8708,TW,대만,2025-11-01,2014943,,,23.10483452164935,0.002014943
자동차부품,8708,TW,대만,2025-12-01,1882333,,,-6.581327610756238,0.001882333
자동차부품,8708,TW,대만,2026-01-01,2022521,1446093.0,39.861060111624916,7.447566397656535,0.002022521
자동차부품,8708,TW,대만,2026-02-01,2881484,2383708.0,20.88242351831684,42.46991749405815,0.002881484
자동차부품,8708,TW,대만,2026-03-01,2424041,2691447.0,-9.935399062288797,-15.87525733267997,0.002424041
자동차부품,8708,TW,대만,2026-04-01,2438823,3490782.0,-30.135339302196474,0.6098081674361211,0.002438823
자동차부품,8708,TW,대만,2026-05-01,1114186,3208078.0,-65.26936065768975,-54.314601756667045,0.001114186
자동차부품,8708,TW,대만,2026-06-01,2182239,2962600.0,-26.34041045028016,95.85948845165888,0.002182239
자동차부품,8708,TW,대만,2026-07-01,1979644,3305410.0,-40.10897286569593,-9.283813551127995,0.001979644
자동차부품,8708,DK,덴마크,2025-01-01,98796,,,,9.8796e-05
자동차부품,8708,DK,덴마크,2025-02-01,19814,,,-79.94453216729423,1.9814e-05
자동차부품,8708,DK,덴마크,2025-03-01,9574,,,-51.68062985767639,9.574e-06
자동차부품,8708,DK,덴마크,2025-04-01,1592,,,-83.37163150198454,1.592e-06
자동차부품,8708,DK,덴마크,2025-05-01,2056,,,29.145728643216074,2.056e-06
자동차부품,8708,DK,덴마크,2025-06-01,4493,,,118.53112840466923,4.493e-06
자동차부품,8708,DK,덴마크,2025-07-01,6864,,,52.77097707545071,6.864e-06
자동차부품,8708,DK,덴마크,2025-08-01,1061,,,-84.5425407925408,1.061e-06
자동차부품,8708,DK,덴마크,2025-09-01,5014,,,372.5730442978322,5.014e-06
자동차부품,8708,DK,덴마크,2025-10-01,10592,,,111.24850418827283,1.0592e-05
자동차부품,8708,DK,덴마크,2025-11-01,10186,,,-3.8330815709969768,1.0186e-05
자동차부품,8708,DK,덴마크,2025-12-01,16037,,,57.44158649126252,1.6037e-05
자동차부품,8708,DK,덴마크,2026-01-01,3690,98796.0,-96.26503097291388,-76.9907089854711,3.69e-06
자동차부품,8708,DK,덴마크,2026-02-01,248,19814.0,-98.74835974563439,-93.27913279132791,2.48e-07
자동차부품,8708,DK,덴마크,2026-03-01,12876,9574.0,34.489241696260706,5091.935483870968,1.2876e-05
자동차부품,8708,DK,덴마크,2026-04-01,15131,1592.0,850.4396984924623,17.51320285803044,1.5131e-05
자동차부품,8708,DK,덴마크,2026-05-01,9479,2056.0,361.0408560311284,-37.35377701407706,9.479e-06
자동차부품,8708,DK,덴마크,2026-06-01,6997,4493.0,55.731137324727364,-26.184196645215742,6.997e-06
자동차부품,8708,DK,덴마크,2026-07-01,77203,6864.0,1024.752331002331,1003.3728740888952,7.7203e-05
자동차부품,8708,DM,도미니카,2025-02-01,58680,,,,5.868e-05
자동차부품,8708,DM,도미니카,2025-03-01,30809,,,-47.496591683708246,3.0809e-05
자동차부품,8708,DM,도미니카,2025-07-01,23125,,,-24.940764062449283,2.3125e-05
자동차부품,8708,DM,도미니카,2025-09-01,6448,,,-72.11675675675676,6.448e-06
자동차부품,8708,DM,도미니카,2025-12-01,24356,,,277.72952853598014,2.4356e-05
자동차부품,8708,DM,도미니카,2026-02-01,9654,,,-60.36294958121202,9.654e-06
자동차부품,8708,DM,도미니카,2026-03-01,160,,,-98.34265589392997,1.6e-07
자동차부품,8708,DM,도미니카,2026-05-01,30384,,,18890.0,3.0384e-05
자동차부품,8708,DM,도미니카,2026-07-01,2,,,-99.99341758820431,2e-09
자동차부품,8708,DO,도미니카 공화국,2025-01-01,1045343,,,,0.001045343
자동차부품,8708,DO,도미니카 공화국,2025-02-01,765120,,,-26.806799299368723,0.00076512
자동차부품,8708,DO,도미니카 공화국,2025-03-01,1089501,,,42.396094730238396,0.001089501
자동차부품,8708,DO,도미니카 공화국,2025-04-01,1077745,,,-1.0790260862541645,0.001077745
자동차부품,8708,DO,도미니카 공화국,2025-05-01,1184461,,,9.90178567286324,0.001184461
자동차부품,8708,DO,도미니카 공화국,2025-06-01,839911,,,-29.08918064841307,0.000839911
자동차부품,8708,DO,도미니카 공화국,2025-07-01,1405799,,,67.374757563599,0.001405799
자동차부품,8708,DO,도미니카 공화국,2025-08-01,1109546,,,-21.073638550034534,0.001109546
자동차부품,8708,DO,도미니카 공화국,2025-09-01,1531009,,,37.98517591879922,0.001531009
자동차부품,8708,DO,도미니카 공화국,2025-10-01,1149546,,,-24.91579082814014,0.001149546
자동차부품,8708,DO,도미니카 공화국,2025-11-01,711434,,,-38.11174150490716,0.000711434
자동차부품,8708,DO,도미니카 공화국,2025-12-01,1385327,,,94.7231928752351,0.001385327
자동차부품,8708,DO,도미니카 공화국,2026-01-01,935971,1045343.0,-10.46278589898244,-32.43681816639682,0.000935971
자동차부품,8708,DO,도미니카 공화국,2026-02-01,640315,765120.0,-16.31182036804685,-31.588158180114554,0.000640315
자동차부품,8708,DO,도미니카 공화국,2026-03-01,1661685,1089501.0,52.51798759248501,159.51055339949866,0.001661685
자동차부품,8708,DO,도미니카 공화국,2026-04-01,1255259,1077745.0,16.470872052294382,-24.458666955530084,0.001255259
자동차부품,8708,DO,도미니카 공화국,2026-05-01,1082108,1184461.0,-8.641314488193363,-13.794045690968959,0.001082108
자동차부품,8708,DO,도미니카 공화국,2026-06-01,1293861,839911.0,54.047393116651655,19.56856432075171,0.001293861
자동차부품,8708,DO,도미니카 공화국,2026-07-01,2220245,1405799.0,57.934740314938324,71.59841744978787,0.002220245
자동차부품,8708,DE,독일,2025-01-01,27408417,,,,0.027408417
자동차부품,8708,DE,독일,2025-02-01,42533399,,,55.18371236106048,0.042533399
자동차부품,8708,DE,독일,2025-03-01,35543743,,,-16.4333351303525,0.035543743
자동차부품,8708,DE,독일,2025-04-01,42443280,,,19.411396824470618,0.04244328
자동차부품,8708,DE,독일,2025-05-01,43831353,,,3.2704187800754347,0.043831353
자동차부품,8708,DE,독일,2025-06-01,39383963,,,-10.14659529218731,0.039383963
자동차부품,8708,DE,독일,2025-07-01,46980224,,,19.287700935530538,0.046980224
자동차부품,8708,DE,독일,2025-08-01,37117394,,,-20.993578063825325,0.037117394
자동차부품,8708,DE,독일,2025-09-01,47122890,,,26.956353670734543,0.04712289
자동차부품,8708,DE,독일,2025-10-01,36713156,,,-22.09061031698183,0.036713156
자동차부품,8708,DE,독일,2025-11-01,36280781,,,-1.1777113359581537,0.036280781
자동차부품,8708,DE,독일,2025-12-01,47545507,,,31.048741756689303,0.047545507
자동차부품,8708,DE,독일,2026-01-01,39568020,27408417.0,44.36448482230841,-16.778634835043405,0.03956802
자동차부품,8708,DE,독일,2026-02-01,42002351,42533399.0,-1.248543526935153,6.1522689282910825,0.042002351
자동차부품,8708,DE,독일,2026-03-01,49273000,35543743.0,38.62636807834223,17.310100094159008,0.049273
자동차부품,8708,DE,독일,2026-04-01,52814323,42443280.0,24.435064867748203,7.187147119111881,0.052814323
자동차부품,8708,DE,독일,2026-05-01,44802073,43831353.0,2.214670398150842,-15.170600596357165,0.044802073
자동차부품,8708,DE,독일,2026-06-01,43823821,39383963.0,11.273263688572932,-2.1834971788024182,0.043823821
자동차부품,8708,DE,독일,2026-07-01,51701988,46980224.0,10.050535306089635,17.97690575634654,0.051701988
자동차부품,8708,LA,라오스,2025-01-01,285132,,,,0.000285132
자동차부품,8708,LA,라오스,2025-02-01,233047,,,-18.26697810137059,0.000233047
자동차부품,8708,LA,라오스,2025-03-01,328158,,,40.811939222560255,0.000328158
자동차부품,8708,LA,라오스,2025-04-01,291527,,,-11.162610693629293,0.000291527
자동차부품,8708,LA,라오스,2025-05-01,234451,,,-19.57828948948125,0.000234451
자동차부품,8708,LA,라오스,2025-06-01,248931,,,6.176130620044273,0.000248931
자동차부품,8708,LA,라오스,2025-07-01,256718,,,3.1281760809220183,0.000256718
자동차부품,8708,LA,라오스,2025-08-01,213714,,,-16.751454903824424,0.000213714
자동차부품,8708,LA,라오스,2025-09-01,361139,,,68.98237831868758,0.000361139
자동차부품,8708,LA,라오스,2025-10-01,170427,,,-52.808475406976264,0.000170427
자동차부품,8708,LA,라오스,2025-11-01,183556,,,7.7035915670639055,0.000183556
자동차부품,8708,LA,라오스,2025-12-01,260028,,,41.661400335592404,0.000260028
자동차부품,8708,LA,라오스,2026-01-01,215598,285132.0,-24.386599890577,-17.086621440767914,0.000215598
자동차부품,8708,LA,라오스,2026-02-01,145004,233047.0,-37.77907460726806,-32.74334641323203,0.000145004
자동차부품,8708,LA,라오스,2026-03-01,438334,328158.0,33.57407102676151,202.2909712835508,0.000438334
자동차부품,8708,LA,라오스,2026-04-01,409279,291527.0,40.39145602294128,-6.628507028886643,0.000409279
자동차부품,8708,LA,라오스,2026-05-01,349269,234451.0,48.97313297874608,-14.662369679362975,0.000349269
자동차부품,8708,LA,라오스,2026-06-01,265831,248931.0,6.789029891817422,-23.889323129164055,0.000265831
자동차부품,8708,LA,라오스,2026-07-01,232174,256718.0,-9.560685265544288,-12.661051570358616,0.000232174
자동차부품,8708,LR,라이베리아,2025-02-01,1500,,,,1.5e-06
자동차부품,8708,LR,라이베리아,2025-04-01,817,,,-45.53333333333334,8.17e-07
자동차부품,8708,LR,라이베리아,2025-05-01,64,,,-92.16646266829865,6.4e-08
자동차부품,8708,LR,라이베리아,2025-06-01,1500,,,2243.75,1.5e-06
자동차부품,8708,LR,라이베리아,2025-07-01,9648,,,543.2,9.648e-06
자동차부품,8708,LR,라이베리아,2025-08-01,200,,,-97.92703150912106,2e-07
자동차부품,8708,LR,라이베리아,2025-09-01,2493,,,1146.5,2.493e-06
자동차부품,8708,LR,라이베리아,2025-11-01,60,,,-97.59326113116727,6e-08
자동차부품,8708,LR,라이베리아,2025-12-01,2918,,,4763.333333333333,2.918e-06
자동차부품,8708,LR,라이베리아,2026-03-01,3062,,,4.934886908841674,3.062e-06
자동차부품,8708,LR,라이베리아,2026-05-01,113,,,-96.30960156760288,1.13e-07
자동차부품,8708,LR,라이베리아,2026-06-01,7750,,,6758.407079646018,7.75e-06
자동차부품,8708,LR,라이베리아,2026-07-01,4248,1500.0,183.2,-45.18709677419355,4.248e-06
자동차부품,8708,LV,라트비아,2025-01-01,225,,,,2.25e-07
자동차부품,8708,LV,라트비아,2025-02-01,1376,,,511.5555555555556,1.376e-06
자동차부품,8708,LV,라트비아,2025-03-01,1219,,,-11.409883720930235,1.219e-06
자동차부품,8708,LV,라트비아,2025-04-01,272,,,-77.68662838392125,2.72e-07
자동차부품,8708,LV,라트비아,2025-05-01,328,,,20.58823529411764,3.28e-07
자동차부품,8708,LV,라트비아,2025-06-01,144824,,,44053.65853658537,0.000144824
자동차부품,8708,LV,라트비아,2025-07-01,684,,,-99.52770259073081,6.84e-07
자동차부품,8708,LV,라트비아,2025-08-01,1475,,,115.64327485380117,1.475e-06
자동차부품,8708,LV,라트비아,2025-09-01,279,,,-81.08474576271186,2.79e-07
자동차부품,8708,LV,라트비아,2025-10-01,453,,,62.36559139784945,4.53e-07
자동차부품,8708,LV,라트비아,2025-11-01,367,,,-18.98454746136865,3.67e-07
자동차부품,8708,LV,라트비아,2025-12-01,6009,,,1537.3297002724798,6.009e-06
자동차부품,8708,LV,라트비아,2026-01-01,1178,225.0,423.5555555555556,-80.39607255782992,1.178e-06
자동차부품,8708,LV,라트비아,2026-02-01,698,1376.0,-49.27325581395349,-40.74702886247877,6.98e-07
자동차부품,8708,LV,라트비아,2026-03-01,5114,1219.0,319.5242001640689,632.6647564469914,5.114e-06
자동차부품,8708,LV,라트비아,2026-04-01,4020,272.0,1377.9411764705883,-21.392256550645282,4.02e-06
자동차부품,8708,LV,라트비아,2026-05-01,106,328.0,-67.68292682926828,-97.363184079602,1.06e-07
자동차부품,8708,LV,라트비아,2026-06-01,363,144824.0,-99.7493509363089,242.45283018867926,3.63e-07
자동차부품,8708,LV,라트비아,2026-07-01,3029,684.0,342.8362573099415,734.435261707989,3.029e-06
자동차부품,8708,RU,러시아 연방,2025-01-01,7656257,,,,0.007656257
자동차부품,8708,RU,러시아 연방,2025-02-01,14137216,,,84.64918301462451,0.014137216
자동차부품,8708,RU,러시아 연방,2025-03-01,7888241,,,-44.20230263157895,0.007888241
자동차부품,8708,RU,러시아 연방,2025-04-01,8079490,,,2.424482213461787,0.00807949
자동차부품,8708,RU,러시아 연방,2025-05-01,5923692,,,-26.682352475218117,0.005923692
자동차부품,8708,RU,러시아 연방,2025-06-01,7707054,,,30.105582802076803,0.007707054
자동차부품,8708,RU,러시아 연방,2025-07-01,10187259,,,32.18097343031461,0.010187259
자동차부품,8708,RU,러시아 연방,2025-08-01,8801111,,,-13.60668262189073,0.008801111
자동차부품,8708,RU,러시아 연방,2025-09-01,8360495,,,-5.006367946046808,0.008360495
자동차부품,8708,RU,러시아 연방,2025-10-01,7871025,,,-5.854557654780013,0.007871025
자동차부품,8708,RU,러시아 연방,2025-11-01,8307969,,,5.551297321505144,0.008307969
자동차부품,8708,RU,러시아 연방,2025-12-01,11379778,,,36.974247255857605,0.011379778
자동차부품,8708,RU,러시아 연방,2026-01-01,7406494,7656257.0,-3.2622076296550673,-34.915303268657794,0.007406494
자동차부품,8708,RU,러시아 연방,2026-02-01,7391956,14137216.0,-47.71278871313843,-0.19628720417514955,0.007391956
자동차부품,8708,RU,러시아 연방,2026-03-01,8500656,7888241.0,7.763644645238399,14.998736464340423,0.008500656
자동차부품,8708,RU,러시아 연방,2026-04-01,6757534,8079490.0,-16.361874326226033,-20.505735086798005,0.006757534
자동차부품,8708,RU,러시아 연방,2026-05-01,6772399,5923692.0,14.327331670856625,0.21997669564075562,0.006772399
자동차부품,8708,RU,러시아 연방,2026-06-01,8807774,7707054.0,14.281981156483404,30.053973488567355,0.008807774
자동차부품,8708,RU,러시아 연방,2026-07-01,9956658,10187259.0,-2.263621647393077,13.043976832284754,0.009956658
자동차부품,8708,LB,레바논,2025-01-01,197162,,,,0.000197162
자동차부품,8708,LB,레바논,2025-02-01,209675,,,6.346557653097462,0.000209675
자동차부품,8708,LB,레바논,2025-03-01,498969,,,137.97257660665315,0.000498969
자동차부품,8708,LB,레바논,2025-04-01,306413,,,-38.59077417635164,0.000306413
자동차부품,8708,LB,레바논,2025-05-01,274986,,,-10.256418624536167,0.000274986
자동차부품,8708,LB,레바논,2025-06-01,127299,,,-53.7070978158888,0.000127299
자동차부품,8708,LB,레바논,2025-07-01,189900,,,49.17634859661113,0.0001899
자동차부품,8708,LB,레바논,2025-08-01,292508,,,54.032648762506575,0.000292508
자동차부품,8708,LB,레바논,2025-09-01,374206,,,27.93017626868326,0.000374206
자동차부품,8708,LB,레바논,2025-10-01,424993,,,13.57193631315372,0.000424993
자동차부품,8708,LB,레바논,2025-11-01,160018,,,-62.34808573317678,0.000160018
자동차부품,8708,LB,레바논,2025-12-01,113307,,,-29.191091002262247,0.000113307
자동차부품,8708,LB,레바논,2026-01-01,84664,197162.0,-57.05866241973605,-25.279108969437015,8.4664e-05
자동차부품,8708,LB,레바논,2026-02-01,361522,209675.0,72.4201740789317,327.0079372578664,0.000361522
자동차부품,8708,LB,레바논,2026-03-01,229014,498969.0,-54.1025594776429,-36.65281780915131,0.000229014
자동차부품,8708,LB,레바논,2026-04-01,202317,306413.0,-33.97244894962028,-11.657365925227282,0.000202317
자동차부품,8708,LB,레바논,2026-05-01,396070,274986.0,44.032787123708104,95.76703885486637,0.00039607
자동차부품,8708,LB,레바논,2026-06-01,224094,127299.0,76.03751796950486,-43.4206074683768,0.000224094
자동차부품,8708,LB,레바논,2026-07-01,475600,189900.0,150.44760400210637,112.23236677465707,0.0004756
자동차부품,8708,LS,레소토,2025-02-01,3000,,,,3e-06
자동차부품,8708,LS,레소토,2025-06-01,2800,,,-6.666666666666665,2.8e-06
자동차부품,8708,LS,레소토,2025-10-01,3000,,,7.14285714285714,3e-06
자동차부품,8708,RO,루마니아,2025-01-01,2221528,,,,0.002221528
자동차부품,8708,RO,루마니아,2025-02-01,2136221,,,-3.840014620567467,0.002136221
자동차부품,8708,RO,루마니아,2025-03-01,1896357,,,-11.22842627237538,0.001896357
자동차부품,8708,RO,루마니아,2025-04-01,2442353,,,28.79183613633931,0.002442353
자동차부품,8708,RO,루마니아,2025-05-01,1853192,,,-24.122680054848743,0.001853192
자동차부품,8708,RO,루마니아,2025-06-01,2506887,,,35.274002909574406,0.002506887
자동차부품,8708,RO,루마니아,2025-07-01,3140933,,,25.292165143462796,0.003140933
자동차부품,8708,RO,루마니아,2025-08-01,2409937,,,-23.273212131554544,0.002409937
자동차부품,8708,RO,루마니아,2025-09-01,2379936,,,-1.2448873144816686,0.002379936
자동차부품,8708,RO,루마니아,2025-10-01,1710579,,,-28.125,0.001710579
자동차부품,8708,RO,루마니아,2025-11-01,2277419,,,33.137317832149236,0.002277419
자동차부품,8708,RO,루마니아,2025-12-01,2434705,,,6.906326855093425,0.002434705
자동차부품,8708,RO,루마니아,2026-01-01,1820458,2221528.0,-18.05379000399725,-25.228805953904065,0.001820458
자동차부품,8708,RO,루마니아,2026-02-01,2031568,2136221.0,-4.898978148796407,11.596532301212115,0.002031568
자동차부품,8708,RO,루마니아,2026-03-01,1600547,1896357.0,-15.598856122554983,-21.216173910988957,0.001600547
자동차부품,8708,RO,루마니아,2026-04-01,2087356,2442353.0,-14.535040594050086,30.41516431569957,0.002087356
자동차부품,8708,RO,루마니아,2026-05-01,1441319,1853192.0,-22.2250581699036,-30.95001523458385,0.001441319
자동차부품,8708,RO,루마니아,2026-06-01,1380234,2506887.0,-44.94231291637796,-4.238131877814699,0.001380234
자동차부품,8708,RO,루마니아,2026-07-01,2174119,3140933.0,-30.78110867057654,57.51814547388341,0.002174119
자동차부품,8708,LU,룩셈부르그,2025-01-01,377,,,,3.77e-07
자동차부품,8708,LU,룩셈부르그,2025-02-01,0,,,-100.0,0.0
자동차부품,8708,LU,룩셈부르그,2025-03-01,787,,,inf,7.87e-07
자동차부품,8708,LU,룩셈부르그,2025-04-01,33,,,-95.80686149936469,3.3e-08
자동차부품,8708,LU,룩셈부르그,2025-05-01,3431,,,10296.969696969696,3.431e-06
자동차부품,8708,LU,룩셈부르그,2025-06-01,299,,,-91.28533955115127,2.99e-07
자동차부품,8708,LU,룩셈부르그,2025-07-01,0,,,-100.0,0.0
자동차부품,8708,LU,룩셈부르그,2025-08-01,396,,,inf,3.96e-07
자동차부품,8708,LU,룩셈부르그,2025-09-01,0,,,-100.0,0.0
자동차부품,8708,LU,룩셈부르그,2025-10-01,104,,,inf,1.04e-07
자동차부품,8708,LU,룩셈부르그,2025-11-01,99,,,-4.807692307692313,9.9e-08
자동차부품,8708,LU,룩셈부르그,2025-12-01,147,,,48.484848484848484,1.47e-07
자동차부품,8708,LU,룩셈부르그,2026-01-01,0,377.0,-100.0,-100.0,0.0
자동차부품,8708,LU,룩셈부르그,2026-02-01,517,0.0,inf,inf,5.17e-07
자동차부품,8708,LU,룩셈부르그,2026-03-01,82,787.0,-89.58068614993647,-84.13926499032883,8.2e-08
자동차부품,8708,LU,룩셈부르그,2026-04-01,327,33.0,890.9090909090909,298.780487804878,3.27e-07
자동차부품,8708,LU,룩셈부르그,2026-05-01,250,3431.0,-92.71349460798601,-23.547400611620795,2.5e-07
자동차부품,8708,LU,룩셈부르그,2026-06-01,218,299.0,-27.090301003344486,-12.8,2.18e-07
자동차부품,8708,LU,룩셈부르그,2026-07-01,934,0.0,inf,328.4403669724771,9.34e-07
자동차부품,8708,RW,르완다,2025-02-01,967,,,,9.67e-07
자동차부품,8708,RW,르완다,2025-04-01,495,,,-48.81075491209928,4.95e-07
자동차부품,8708,RW,르완다,2025-05-01,35788,,,7129.89898989899,3.5788e-05
자동차부품,8708,RW,르완다,2025-06-01,33896,,,-5.286688275399576,3.3896e-05
자동차부품,8708,RW,르완다,2025-07-01,740,,,-97.81685154590512,7.4e-07
자동차부품,8708,RW,르완다,2025-08-01,34757,,,4596.891891891892,3.4757e-05
자동차부품,8708,RW,르완다,2025-09-01,287,,,-99.17426705411859,2.87e-07
자동차부품,8708,RW,르완다,2025-10-01,73,,,-74.56445993031359,7.3e-08
자동차부품,8708,RW,르완다,2025-11-01,4031,,,5421.917808219178,4.031e-06
자동차부품,8708,RW,르완다,2025-12-01,248,,,-93.8476804763086,2.48e-07
자동차부품,8708,RW,르완다,2026-01-01,598,,,141.1290322580645,5.98e-07
자동차부품,8708,RW,르완다,2026-02-01,359,,,-39.96655518394648,3.59e-07
자동차부품,8708,RW,르완다,2026-03-01,3582,967.0,270.4239917269907,897.7715877437327,3.582e-06
자동차부품,8708,RW,르완다,2026-04-01,331,495.0,-33.131313131313135,-90.75935231714126,3.31e-07
자동차부품,8708,RW,르완다,2026-05-01,8780,35788.0,-75.46663686151783,2552.5679758308156,8.78e-06
자동차부품,8708,RW,르완다,2026-06-01,974,33896.0,-97.12650460231296,-88.90660592255125,9.74e-07
자동차부품,8708,RW,르완다,2026-07-01,757,740.0,2.297297297297307,-22.27926078028748,7.57e-07
자동차부품,8708,LY,리비아,2025-01-01,4029502,,,,0.004029502
자동차부품,8708,LY,리비아,2025-02-01,4081181,,,1.2825158046825713,0.004081181
자동차부품,8708,LY,리비아,2025-03-01,5672589,,,38.993810860140734,0.005672589
자동차부품,8708,LY,리비아,2025-04-01,4768524,,,-15.937431744129537,0.004768524
자동차부품,8708,LY,리비아,2025-05-01,7254828,,,52.13990744305785,0.007254828
자동차부품,8708,LY,리비아,2025-06-01,5127529,,,-29.322528390748893,0.005127529
자동차부품,8708,LY,리비아,2025-07-01,6846995,,,33.53400829132316,0.006846995
자동차부품,8708,LY,리비아,2025-08-01,3806250,,,-44.40991997219218,0.00380625
자동차부품,8708,LY,리비아,2025-09-01,5544043,,,45.65630213464695,0.005544043
자동차부품,8708,LY,리비아,2025-10-01,4204181,,,-24.167597545690032,0.004204181
자동차부품,8708,LY,리비아,2025-11-01,5202463,,,23.74498148390851,0.005202463
자동차부품,8708,LY,리비아,2025-12-01,4410114,,,-15.230266894738131,0.004410114
자동차부품,8708,LY,리비아,2026-01-01,2257900,4029502.0,-43.96578038675747,-48.80177700621798,0.0022579
자동차부품,8708,LY,리비아,2026-02-01,3765564,4081181.0,-7.733472247371531,66.77284202134727,0.003765564
자동차부품,8708,LY,리비아,2026-03-01,2981942,5672589.0,-47.43243340915409,-20.81021594640272,0.002981942
자동차부품,8708,LY,리비아,2026-04-01,3576217,4768524.0,-25.003690869543703,19.92912672345739,0.003576217
자동차부품,8708,LY,리비아,2026-05-01,4267953,7254828.0,-41.170858909404885,19.3426741162519,0.004267953
자동차부품,8708,LY,리비아,2026-06-01,4642923,5127529.0,-9.45106307541118,8.785710620524645,0.004642923
자동차부품,8708,LY,리비아,2026-07-01,8041424,6846995.0,17.44457240000905,73.19744479932146,0.008041424
자동차부품,8708,LT,리투아니아,2025-01-01,12222,,,,1.2222e-05
자동차부품,8708,LT,리투아니아,2025-02-01,10693,,,-12.510227458681067,1.0693e-05
자동차부품,8708,LT,리투아니아,2025-03-01,278937,,,2508.5944075563452,0.000278937
자동차부품,8708,LT,리투아니아,2025-04-01,276774,,,-0.7754439174437189,0.000276774
자동차부품,8708,LT,리투아니아,2025-05-01,2222,,,-99.19717892576615,2.222e-06
자동차부품,8708,LT,리투아니아,2025-06-01,29825,,,1242.2592259225921,2.9825e-05
자동차부품,8708,LT,리투아니아,2025-07-01,13480,,,-54.80301760268232,1.348e-05
자동차부품,8708,LT,리투아니아,2025-08-01,357167,,,2549.606824925816,0.000357167
자동차부품,8708,LT,리투아니아,2025-09-01,289956,,,-18.81780791618487,0.000289956
자동차부품,8708,LT,리투아니아,2025-10-01,7164,,,-97.52928030459795,7.164e-06
자동차부품,8708,LT,리투아니아,2025-11-01,275875,,,3750.8514796203235,0.000275875
자동차부품,8708,LT,리투아니아,2025-12-01,445146,,,61.35786135024921,0.000445146
자동차부품,8708,LT,리투아니아,2026-01-01,7749,12222.0,-36.5979381443299,-98.2592228167837,7.749e-06
자동차부품,8708,LT,리투아니아,2026-02-01,3066,10693.0,-71.3270363789395,-60.433604336043366,3.066e-06
자동차부품,8708,LT,리투아니아,2026-03-01,17789,278937.0,-93.62257427304374,480.2022178734507,1.7789e-05
자동차부품,8708,LT,리투아니아,2026-04-01,222221,276774.0,-19.710305158721553,1149.2045646185845,0.000222221
자동차부품,8708,LT,리투아니아,2026-05-01,16880,2222.0,659.6759675967597,-92.40395822177022,1.688e-05
자동차부품,8708,LT,리투아니아,2026-06-01,325585,29825.0,991.6512992455994,1828.8210900473935,0.000325585
자동차부품,8708,LT,리투아니아,2026-07-01,151397,13480.0,1023.1231454005934,-53.50000767848642,0.000151397
자동차부품,8708,LI,리히텐슈타인,2025-01-01,265159,,,,0.000265159
자동차부품,8708,LI,리히텐슈타인,2025-02-01,337420,,,27.25195071636264,0.00033742
자동차부품,8708,LI,리히텐슈타인,2025-03-01,307611,,,-8.834390374014578,0.000307611
자동차부품,8708,LI,리히텐슈타인,2025-04-01,333277,,,8.34365481078374,0.000333277
자동차부품,8708,LI,리히텐슈타인,2025-05-01,384478,,,15.362896329479693,0.000384478
자동차부품,8708,LI,리히텐슈타인,2025-06-01,189738,,,-50.65049235586952,0.000189738
자동차부품,8708,LI,리히텐슈타인,2025-07-01,593954,,,213.039032771506,0.000593954
자동차부품,8708,LI,리히텐슈타인,2025-08-01,550022,,,-7.396532391397315,0.000550022
자동차부품,8708,LI,리히텐슈타인,2025-09-01,324066,,,-41.081265840275485,0.000324066
자동차부품,8708,LI,리히텐슈타인,2025-10-01,319866,,,-1.2960322897187626,0.000319866
자동차부품,8708,LI,리히텐슈타인,2025-11-01,307736,,,-3.7922129891892253,0.000307736
자동차부품,8708,LI,리히텐슈타인,2025-12-01,580268,,,88.56032443393038,0.000580268
자동차부품,8708,LI,리히텐슈타인,2026-01-01,581026,265159.0,119.12362016752213,0.1306292954290189,0.000581026
자동차부품,8708,LI,리히텐슈타인,2026-02-01,295093,337420.0,-12.544306798648563,-49.21173923370038,0.000295093
자동차부품,8708,LI,리히텐슈타인,2026-03-01,434057,307611.0,41.10581221087672,47.091594853148,0.000434057
자동차부품,8708,LI,리히텐슈타인,2026-04-01,384808,333277.0,15.461913063307708,-11.3462056826638,0.000384808
자동차부품,8708,LI,리히텐슈타인,2026-05-01,382334,384478.0,-0.5576391887182064,-0.6429180266522505,0.000382334
자동차부품,8708,LI,리히텐슈타인,2026-06-01,541830,189738.0,185.56746671726273,41.716405028064464,0.00054183
자동차부품,8708,LI,리히텐슈타인,2026-07-01,311245,593954.0,-47.597793768540996,-42.55670597788974,0.000311245
자동차부품,8708,MG,마다카스카르,2025-01-01,277188,,,,0.000277188
자동차부품,8708,MG,마다카스카르,2025-02-01,31125,,,-88.77115892462876,3.1125e-05
자동차부품,8708,MG,마다카스카르,2025-03-01,18611,,,-40.205622489959836,1.8611e-05
자동차부품,8708,MG,마다카스카르,2025-04-01,180040,,,867.3848799097309,0.00018004
자동차부품,8708,MG,마다카스카르,2025-05-01,50508,,,-71.9462341701844,5.0508e-05
자동차부품,8708,MG,마다카스카르,2025-06-01,91972,,,82.09392571473826,9.1972e-05
자동차부품,8708,MG,마다카스카르,2025-07-01,17065,,,-81.44543991649633,1.7065e-05
자동차부품,8708,MG,마다카스카르,2025-08-01,79570,,,366.27600351596834,7.957e-05
자동차부품,8708,MG,마다카스카르,2025-09-01,114463,,,43.851954254115874,0.000114463
자동차부품,8708,MG,마다카스카르,2025-10-01,164650,,,43.845609498265816,0.00016465
자동차부품,8708,MG,마다카스카르,2025-11-01,41378,,,-74.86911630731856,4.1378e-05
자동차부품,8708,MG,마다카스카르,2025-12-01,34024,,,-17.772729469766546,3.4024e-05
자동차부품,8708,MG,마다카스카르,2026-01-01,193945,277188.0,-30.031242333722965,470.024100634846,0.000193945
자동차부품,8708,MG,마다카스카르,2026-02-01,71516,31125.0,129.77028112449798,-63.12562839980407,7.1516e-05
자동차부품,8708,MG,마다카스카르,2026-03-01,158217,18611.0,750.1262694105636,121.23301079478716,0.000158217
자동차부품,8708,MG,마다카스카르,2026-04-01,26656,180040.0,-85.19440124416796,-83.15225291846009,2.6656e-05
자동차부품,8708,MG,마다카스카르,2026-05-01,63048,50508.0,24.827750059396525,136.52460984393758,6.3048e-05
자동차부품,8708,MG,마다카스카르,2026-06-01,46059,91972.0,-49.92062801722263,-26.94613627712219,4.6059e-05
자동차부품,8708,MG,마다카스카르,2026-07-01,102095,17065.0,498.2713155581599,121.66134740224494,0.000102095
자동차부품,8708,MH,마샬군도,2025-01-01,47924,,,,4.7924e-05
자동차부품,8708,MH,마샬군도,2025-02-01,20423,,,-57.384608964193305,2.0423e-05
자동차부품,8708,MH,마샬군도,2025-03-01,67086,,,228.48259315477648,6.7086e-05
자동차부품,8708,MH,마샬군도,2025-04-01,34487,,,-48.59285096741496,3.4487e-05
자동차부품,8708,MH,마샬군도,2025-05-01,9059,,,-73.73213094789341,9.059e-06
자동차부품,8708,MH,마샬군도,2025-06-01,21592,,,138.3486035986312,2.1592e-05
자동차부품,8708,MH,마샬군도,2025-07-01,43683,,,102.31104112634308,4.3683e-05
자동차부품,8708,MH,마샬군도,2025-08-01,8623,,,-80.26005539912552,8.623e-06
자동차부품,8708,MH,마샬군도,2025-09-01,53983,,,526.0350226139395,5.3983e-05
자동차부품,8708,MH,마샬군도,2025-10-01,13230,,,-75.49228460811736,1.323e-05
자동차부품,8708,MH,마샬군도,2025-11-01,14958,,,13.061224489795919,1.4958e-05
자동차부품,8708,MH,마샬군도,2025-12-01,38711,,,158.797967642733,3.8711e-05
자동차부품,8708,MH,마샬군도,2026-01-01,29243,47924.0,-38.98046907603706,-24.458164346051515,2.9243e-05
자동차부품,8708,MH,마샬군도,2026-02-01,31634,20423.0,54.89399206776673,8.176315699483627,3.1634e-05
자동차부품,8708,MH,마샬군도,2026-03-01,29302,67086.0,-56.3217362788063,-7.37181513561358,2.9302e-05
자동차부품,8708,MH,마샬군도,2026-04-01,54053,34487.0,56.73442166613507,84.468636953109,5.4053e-05
자동차부품,8708,MH,마샬군도,2026-05-01,22328,9059.0,146.47312065349377,-58.69239450169279,2.2328e-05
자동차부품,8708,MH,마샬군도,2026-06-01,54519,21592.0,152.49629492404594,144.1732353994984,5.4519e-05
자동차부품,8708,MH,마샬군도,2026-07-01,49477,43683.0,13.263741043426513,-9.24815202039656,4.9477e-05
자동차부품,8708,MK,마세도니아,2025-01-01,14713,,,,1.4713e-05
자동차부품,8708,MK,마세도니아,2025-02-01,11513,,,-21.749473254944608,1.1513e-05
자동차부품,8708,MK,마세도니아,2025-03-01,22588,,,96.1956049682967,2.2588e-05
자동차부품,8708,MK,마세도니아,2025-04-01,17043,,,-24.548432796174957,1.7043e-05
자동차부품,8708,MK,마세도니아,2025-05-01,12503,,,-26.638502611042657,1.2503e-05
자동차부품,8708,MK,마세도니아,2025-06-01,7525,,,-39.81444453331201,7.525e-06
자동차부품,8708,MK,마세도니아,2025-07-01,25850,,,243.52159468438538,2.585e-05
자동차부품,8708,MK,마세도니아,2025-08-01,5163,,,-80.02707930367505,5.163e-06
자동차부품,8708,MK,마세도니아,2025-09-01,26231,,,408.0573310091032,2.6231e-05
자동차부품,8708,MK,마세도니아,2025-10-01,15199,,,-42.05710800198239,1.5199e-05
자동차부품,8708,MK,마세도니아,2025-11-01,23465,,,54.3851569182183,2.3465e-05
자동차부품,8708,MK,마세도니아,2025-12-01,15902,,,-32.23098231408481,1.5902e-05
자동차부품,8708,MK,마세도니아,2026-01-01,27115,14713.0,84.29280228369468,70.51314300088039,2.7115e-05
자동차부품,8708,MK,마세도니아,2026-02-01,1757,11513.0,-84.73899070615826,-93.52019177576987,1.757e-06
자동차부품,8708,MK,마세도니아,2026-03-01,12951,22588.0,-42.664246502567735,637.1087080250427,1.2951e-05
자동차부품,8708,MK,마세도니아,2026-04-01,17926,17043.0,5.1810127325001565,38.41402208323681,1.7926e-05
자동차부품,8708,MK,마세도니아,2026-05-01,14120,12503.0,12.932896104934821,-21.23173044739485,1.412e-05
자동차부품,8708,MK,마세도니아,2026-06-01,4496,7525.0,-40.25249169435215,-68.1586402266289,4.496e-06
자동차부품,8708,MK,마세도니아,2026-07-01,16625,25850.0,-35.686653771760156,269.77313167259786,1.6625e-05
자동차부품,8708,UM,마이너 아우틀링 합중국 군도,2025-05-01,0,,,,0.0
자동차부품,8708,FM,마이크로네시아,2025-03-01,68,,,,6.8e-08
자동차부품,8708,FM,마이크로네시아,2025-05-01,632,,,829.4117647058824,6.32e-07
자동차부품,8708,FM,마이크로네시아,2025-12-01,0,,,-100.0,0.0
자동차부품,8708,FM,마이크로네시아,2026-01-01,83,,,inf,8.3e-08
자동차부품,8708,FM,마이크로네시아,2026-04-01,2200,,,2550.602409638554,2.2e-06
자동차부품,8708,FM,마이크로네시아,2026-07-01,129,,,-94.13636363636364,1.29e-07
자동차부품,8708,MO,마카오,2025-01-01,68881,,,,6.8881e-05
자동차부품,8708,MO,마카오,2025-02-01,45222,,,-34.347643036541285,4.5222e-05
자동차부품,8708,MO,마카오,2025-03-01,1939,,,-95.71226394232896,1.939e-06
자동차부품,8708,MO,마카오,2025-04-01,32959,,,1599.793708096957,3.2959e-05
자동차부품,8708,MO,마카오,2025-05-01,25568,,,-22.42483085045056,2.5568e-05
자동차부품,8708,MO,마카오,2025-06-01,37916,,,48.29474342928661,3.7916e-05
자동차부품,8708,MO,마카오,2025-07-01,34205,,,-9.787424833843229,3.4205e-05
자동차부품,8708,MO,마카오,2025-08-01,35947,,,5.092822686741694,3.5947e-05
자동차부품,8708,MO,마카오,2025-09-01,100185,,,178.7019779119259,0.000100185
자동차부품,8708,MO,마카오,2025-10-01,25596,,,-74.45126515945502,2.5596e-05
자동차부품,8708,MO,마카오,2025-11-01,33540,,,31.03609939052978,3.354e-05
자동차부품,8708,MO,마카오,2025-12-01,144630,,,331.21645796064405,0.00014463
자동차부품,8708,MO,마카오,2026-01-01,48588,68881.0,-29.460954399616735,-66.40531010163866,4.8588e-05
자동차부품,8708,MO,마카오,2026-02-01,103526,45222.0,128.9283976825439,113.06907055239978,0.000103526
자동차부품,8708,MO,마카오,2026-03-01,29902,1939.0,1442.135121196493,-71.11643451886482,2.9902e-05
자동차부품,8708,MO,마카오,2026-04-01,79192,32959.0,140.27428016626718,164.83847234298707,7.9192e-05
자동차부품,8708,MO,마카오,2026-05-01,57487,25568.0,124.83964330413015,-27.408071522375998,5.7487e-05
자동차부품,8708,MO,마카오,2026-06-01,148772,37916.0,292.37261314484647,158.79242263468262,0.000148772
자동차부품,8708,MO,마카오,2026-07-01,55065,34205.0,60.98523607659698,-62.98698679859114,5.5065e-05
자동차부품,8708,MQ,마티니크,2025-01-01,3599,,,,3.599e-06
자동차부품,8708,MQ,마티니크,2025-02-01,36701,,,919.7554876354543,3.6701e-05
자동차부품,8708,MQ,마티니크,2025-03-01,3212,,,-91.24819487207432,3.212e-06
자동차부품,8708,MQ,마티니크,2025-04-01,4063,,,26.494396014943966,4.063e-06
자동차부품,8708,MQ,마티니크,2025-05-01,333,,,-91.8040856509968,3.33e-07
자동차부품,8708,MQ,마티니크,2025-06-01,4732,,,1321.021021021021,4.732e-06
자동차부품,8708,MQ,마티니크,2025-07-01,3708,,,-21.63989856297549,3.708e-06
자동차부품,8708,MQ,마티니크,2025-08-01,908,,,-75.51240560949299,9.08e-07
자동차부품,8708,MQ,마티니크,2025-09-01,2482,,,173.34801762114535,2.482e-06
자동차부품,8708,MQ,마티니크,2025-10-01,3593,,,44.76228847703465,3.593e-06
자동차부품,8708,MQ,마티니크,2025-11-01,3488,,,-2.9223490119677176,3.488e-06
자동차부품,8708,MQ,마티니크,2025-12-01,161,,,-95.3841743119266,1.61e-07
자동차부품,8708,MQ,마티니크,2026-01-01,89,3599.0,-97.52709085857182,-44.72049689440993,8.9e-08
자동차부품,8708,MQ,마티니크,2026-02-01,1955,36701.0,-94.6731696684014,2096.629213483146,1.955e-06
자동차부품,8708,MQ,마티니크,2026-03-01,372,3212.0,-88.4184308841843,-80.97186700767264,3.72e-07
자동차부품,8708,MQ,마티니크,2026-04-01,2169,4063.0,-46.61580113216834,483.0645161290323,2.169e-06
자동차부품,8708,MQ,마티니크,2026-05-01,4732,333.0,1321.021021021021,118.16505301982478,4.732e-06
자동차부품,8708,MQ,마티니크,2026-06-01,39644,4732.0,737.7852916314455,737.7852916314455,3.9644e-05
자동차부품,8708,MQ,마티니크,2026-07-01,7161,3708.0,93.12297734627832,-81.93673695893452,7.161e-06
자동차부품,8708,MW,말라위,2025-04-01,2854,,,,2.854e-06
자동차부품,8708,MY,말레이시아,2025-01-01,1235261,,,,0.001235261
자동차부품,8708,MY,말레이시아,2025-02-01,3056720,,,147.45539606609452,0.00305672
자동차부품,8708,MY,말레이시아,2025-03-01,1559996,,,-48.965034415975296,0.001559996
자동차부품,8708,MY,말레이시아,2025-04-01,4188607,,,168.50113718240306,0.004188607
자동차부품,8708,MY,말레이시아,2025-05-01,1523978,,,-63.61611390135194,0.001523978
자동차부품,8708,MY,말레이시아,2025-06-01,1356118,,,-11.014594698873603,0.001356118
자동차부품,8708,MY,말레이시아,2025-07-01,2694926,,,98.72356240386162,0.002694926
자동차부품,8708,MY,말레이시아,2025-08-01,3930735,,,45.856880671306,0.003930735
자동차부품,8708,MY,말레이시아,2025-09-01,8807759,,,124.07409810124568,0.008807759
자동차부품,8708,MY,말레이시아,2025-10-01,1135791,,,-87.10465397611355,0.001135791
자동차부품,8708,MY,말레이시아,2025-11-01,3599302,,,216.89826737489554,0.003599302
자동차부품,8708,MY,말레이시아,2025-12-01,6734785,,,87.1136403669378,0.006734785
자동차부품,8708,MY,말레이시아,2026-01-01,3460432,1235261.0,180.13771988268067,-48.61852308574067,0.003460432
자동차부품,8708,MY,말레이시아,2026-02-01,5337986,3056720.0,74.63117328378131,54.2577920906985,0.005337986
자동차부품,8708,MY,말레이시아,2026-03-01,5759450,1559996.0,269.19645947810125,7.89556210900515,0.00575945
자동차부품,8708,MY,말레이시아,2026-04-01,2848535,4188607.0,-31.993261721617717,-50.54154476555921,0.002848535
자동차부품,8708,MY,말레이시아,2026-05-01,3007183,1523978.0,97.32456767748616,5.569459388773534,0.003007183
자동차부품,8708,MY,말레이시아,2026-06-01,2846230,1356118.0,109.88070359658968,-5.3522848459837675,0.00284623
자동차부품,8708,MY,말레이시아,2026-07-01,1847857,2694926.0,-31.431994793178,-35.07703172266472,0.001847857
자동차부품,8708,ML,말리,2025-01-01,632547,,,,0.000632547
자동차부품,8708,ML,말리,2025-03-01,48,,,-99.99241163107247,4.8e-08
자동차부품,8708,ML,말리,2025-05-01,16270,,,33795.83333333333,1.627e-05
자동차부품,8708,ML,말리,2025-06-01,36196,,,122.47080516287645,3.6196e-05
자동차부품,8708,ML,말리,2025-07-01,1260203,,,3381.608465023759,0.001260203
자동차부품,8708,ML,말리,2025-08-01,130,,,-99.98968420167228,1.3e-07
자동차부품,8708,ML,말리,2025-10-01,0,,,-100.0,0.0
자동차부품,8708,ML,말리,2025-11-01,1524187,,,inf,0.001524187
자동차부품,8708,ML,말리,2025-12-01,4110,,,-99.73034804784452,4.11e-06
자동차부품,8708,ML,말리,2026-01-01,2731,,,-33.552311435523116,2.731e-06
자동차부품,8708,ML,말리,2026-02-01,45571,,,1568.656169901135,4.5571e-05
자동차부품,8708,ML,말리,2026-03-01,9492,,,-79.17096399025696,9.492e-06
자동차부품,8708,ML,말리,2026-04-01,5000,632547.0,-99.20954490338268,-47.32406236831016,5e-06
자동차부품,8708,ML,말리,2026-06-01,481149,48.0,1002293.75,9522.98,0.000481149
자동차부품,8708,ML,말리,2026-07-01,11977,16270.0,-26.3859864781807,-97.51075030811661,1.1977e-05
자동차부품,8708,YT,메요트,2025-12-01,862,,,,8.62e-07
자동차부품,8708,MX,멕시코,2025-01-01,119426085,,,,0.119426085
자동차부품,8708,MX,멕시코,2025-02-01,129902988,,,8.772709077752982,0.129902988
자동차부품,8708,MX,멕시코,2025-03-01,128803008,,,-0.8467703606632959,0.128803008
자동차부품,8708,MX,멕시코,2025-04-01,140653466,,,9.200451281386224,0.140653466
자동차부품,8708,MX,멕시코,2025-05-01,121278237,,,-13.775152188571028,0.121278237
자동차부품,8708,MX,멕시코,2025-06-01,129262698,,,6.583589271667933,0.129262698
자동차부품,8708,MX,멕시코,2025-07-01,151175805,,,16.95238250403841,0.151175805
자동차부품,8708,MX,멕시코,2025-08-01,131670846,,,-12.902169761887494,0.131670846
자동차부품,8708,MX,멕시코,2025-09-01,155222298,,,17.886610981446882,0.155222298
자동차부품,8708,MX,멕시코,2025-10-01,118780864,,,-23.4769324185627,0.118780864
자동차부품,8708,MX,멕시코,2025-11-01,105537882,,,-11.149087112213628,0.105537882
자동차부품,8708,MX,멕시코,2025-12-01,141352528,,,33.93534655167705,0.141352528
자동차부품,8708,MX,멕시코,2026-01-01,121790110,119426085.0,1.9794879820434597,-13.839453936048463,0.12179011
자동차부품,8708,MX,멕시코,2026-02-01,111300855,129902988.0,-14.32001933627578,-8.612567145230432,0.111300855
자동차부품,8708,MX,멕시코,2026-03-01,139976347,128803008.0,8.674750049315616,25.763945838511294,0.139976347
자동차부품,8708,MX,멕시코,2026-04-01,148550977,140653466.0,5.6148712325368555,6.125770663239272,0.148550977
자동차부품,8708,MX,멕시코,2026-05-01,127759821,121278237.0,5.344391673503623,-13.995973920790838,0.127759821
자동차부품,8708,MX,멕시코,2026-06-01,144667420,129262698.0,11.91737619463893,13.233893776354,0.14466742
자동차부품,8708,MX,멕시코,2026-07-01,144471179,151175805.0,-4.434986140804742,-0.13564975445058414,0.144471179
자동차부품,8708,MC,모나코,2025-01-01,0,,,,0.0
자동차부품,8708,MC,모나코,2025-06-01,0,,,,0.0
자동차부품,8708,MC,모나코,2025-07-01,0,,,,0.0
자동차부품,8708,MC,모나코,2025-08-01,0,,,,0.0
자동차부품,8708,MC,모나코,2025-09-01,0,,,,0.0
자동차부품,8708,MC,모나코,2025-10-01,0,,,,0.0
자동차부품,8708,MC,모나코,2025-12-01,0,,,,0.0
자동차부품,8708,MC,모나코,2026-02-01,0,,,,0.0
자동차부품,8708,MC,모나코,2026-03-01,0,,,,0.0
자동차부품,8708,MC,모나코,2026-04-01,0,,,,0.0
자동차부품,8708,MC,모나코,2026-05-01,476,,,inf,4.76e-07
자동차부품,8708,MC,모나코,2026-06-01,0,,,-100.0,0.0
자동차부품,8708,MA,모로코,2025-01-01,371313,,,,0.000371313
자동차부품,8708,MA,모로코,2025-02-01,319097,,,-14.062529456280814,0.000319097
자동차부품,8708,MA,모로코,2025-03-01,90617,,,-71.60205204060208,9.0617e-05
자동차부품,8708,MA,모로코,2025-04-01,264994,,,192.43298718783453,0.000264994
자동차부품,8708,MA,모로코,2025-05-01,164867,,,-37.78462908594157,0.000164867
자동차부품,8708,MA,모로코,2025-06-01,519884,,,215.33539155804377,0.000519884
자동차부품,8708,MA,모로코,2025-07-01,267740,,,-48.50005001115634,0.00026774
자동차부품,8708,MA,모로코,2025-08-01,154175,,,-42.41614999626503,0.000154175
자동차부품,8708,MA,모로코,2025-09-01,451047,,,192.5552132317172,0.000451047
자동차부품,8708,MA,모로코,2025-10-01,590727,,,30.9679479078677,0.000590727
자동차부품,8708,MA,모로코,2025-11-01,351945,,,-40.42171764622237,0.000351945
자동차부품,8708,MA,모로코,2025-12-01,492569,,,39.95624316299422,0.000492569
자동차부품,8708,MA,모로코,2026-01-01,220764,371313.0,-40.5450388216949,-55.18110153095302,0.000220764
자동차부품,8708,MA,모로코,2026-02-01,328123,319097.0,2.8286069753084453,48.63066441992354,0.000328123
자동차부품,8708,MA,모로코,2026-03-01,239870,90617.0,164.7075052142534,-26.896316320404235,0.00023987
자동차부품,8708,MA,모로코,2026-04-01,204943,264994.0,-22.661267802289863,-14.560803768708052,0.000204943
자동차부품,8708,MA,모로코,2026-05-01,286552,164867.0,73.8079785524089,39.82034028973911,0.000286552
자동차부품,8708,MA,모로코,2026-06-01,440395,519884.0,-15.289756945780208,53.68763784583601,0.000440395
자동차부품,8708,MA,모로코,2026-07-01,537815,267740.0,100.87211473817881,22.121050420645094,0.000537815
자동차부품,8708,MU,모리셔스,2025-01-01,100,,,,1e-07
자동차부품,8708,MU,모리셔스,2025-02-01,301,,,200.99999999999997,3.01e-07
자동차부품,8708,MU,모리셔스,2025-03-01,33,,,-89.03654485049834,3.3e-08
자동차부품,8708,MU,모리셔스,2025-04-01,12372,,,37390.909090909096,1.2372e-05
자동차부품,8708,MU,모리셔스,2025-05-01,12499,,,1.0265114775299011,1.2499e-05
자동차부품,8708,MU,모리셔스,2025-06-01,1604,,,-87.16697335786863,1.604e-06
자동차부품,8708,MU,모리셔스,2025-07-01,967,,,-39.713216957605994,9.67e-07
자동차부품,8708,MU,모리셔스,2025-08-01,35974,,,3620.165460186143,3.5974e-05
자동차부품,8708,MU,모리셔스,2025-09-01,21,,,-99.94162450658808,2.1e-08
자동차부품,8708,MU,모리셔스,2025-10-01,4057,,,19219.047619047622,4.057e-06
자동차부품,8708,MU,모리셔스,2025-11-01,16785,,,313.7293566674883,1.6785e-05
자동차부품,8708,MU,모리셔스,2025-12-01,4105,,,-75.5436401549002,4.105e-06
자동차부품,8708,MU,모리셔스,2026-01-01,1190,100.0,1090.0,-71.01096224116931,1.19e-06
자동차부품,8708,MU,모리셔스,2026-02-01,10340,301.0,3335.2159468438535,768.90756302521,1.034e-05
자동차부품,8708,MU,모리셔스,2026-03-01,1247,33.0,3678.787878787879,-87.94003868471954,1.247e-06
자동차부품,8708,MU,모리셔스,2026-04-01,3998,12372.0,-67.68509537665696,220.6094627105052,3.998e-06
자동차부품,8708,MU,모리셔스,2026-05-01,6606,12499.0,-47.14777182174574,65.23261630815406,6.606e-06
자동차부품,8708,MU,모리셔스,2026-06-01,10346,1604.0,545.0124688279302,56.6151983045716,1.0346e-05
자동차부품,8708,MU,모리셔스,2026-07-01,37286,967.0,3755.842812823165,260.39048907790453,3.7286e-05
자동차부품,8708,MR,모리타니,2025-01-01,411,,,,4.11e-07
자동차부품,8708,MR,모리타니,2025-02-01,1319,,,220.92457420924575,1.319e-06
자동차부품,8708,MR,모리타니,2025-05-01,4,,,-99.69673995451099,4e-09
자동차부품,8708,MR,모리타니,2025-06-01,0,,,-100.0,0.0
자동차부품,8708,MR,모리타니,2025-09-01,106049,,,inf,0.000106049
자동차부품,8708,MR,모리타니,2025-10-01,7,,,-99.99339927769239,7e-09
자동차부품,8708,MR,모리타니,2025-11-01,31,,,342.8571428571429,3.1e-08
자동차부품,8708,MR,모리타니,2026-01-01,900,,,2803.2258064516127,9e-07
자동차부품,8708,MR,모리타니,2026-04-01,161135,,,17803.88888888889,0.000161135
자동차부품,8708,MZ,모잠비크,2025-01-01,42,,,,4.2e-08
자동차부품,8708,MZ,모잠비크,2025-03-01,337,,,702.3809523809524,3.37e-07
자동차부품,8708,MZ,모잠비크,2025-04-01,1,,,-99.70326409495549,1e-09
자동차부품,8708,MZ,모잠비크,2025-05-01,817,,,81600.0,8.17e-07
자동차부품,8708,MZ,모잠비크,2025-08-01,49858,,,6002.570379436965,4.9858e-05
자동차부품,8708,MZ,모잠비크,2025-09-01,1955,,,-96.07886397368527,1.955e-06
자동차부품,8708,MZ,모잠비크,2025-11-01,654,,,-66.54731457800511,6.54e-07
자동차부품,8708,MZ,모잠비크,2026-02-01,93,,,-85.77981651376146,9.3e-08
자동차부품,8708,MZ,모잠비크,2026-03-01,243,,,161.29032258064515,2.43e-07
자동차부품,8708,MZ,모잠비크,2026-04-01,137,,,-43.62139917695473,1.37e-07
자동차부품,8708,MZ,모잠비크,2026-06-01,2189,,,1497.8102189781023,2.189e-06
자동차부품,8708,MZ,모잠비크,2026-07-01,5024,,,129.51119232526267,5.024e-06
자동차부품,8708,ME,몬테네그로,2025-02-01,156,,,,1.56e-07
자동차부품,8708,ME,몬테네그로,2025-11-01,0,,,-100.0,0.0
자동차부품,8708,ME,몬테네그로,2026-04-01,37,,,inf,3.7e-08
자동차부품,8708,ME,몬테네그로,2026-06-01,0,,,-100.0,0.0
자동차부품,8708,ME,몬테네그로,2026-07-01,216,,,inf,2.16e-07
자동차부품,8708,MS,몬트세라트,2025-05-01,0,,,,0.0
자동차부품,8708,MS,몬트세라트,2025-09-01,99,,,inf,9.9e-08
자동차부품,8708,MS,몬트세라트,2026-03-01,39,,,-60.60606060606061,3.9e-08
자동차부품,8708,MD,몰도바,2025-01-01,1055,,,,1.055e-06
자동차부품,8708,MD,몰도바,2025-02-01,11508,,,990.8056872037914,1.1508e-05
자동차부품,8708,MD,몰도바,2025-03-01,656,,,-94.29961765728189,6.56e-07
자동차부품,8708,MD,몰도바,2025-04-01,9932,,,1414.0243902439024,9.932e-06
자동차부품,8708,MD,몰도바,2025-05-01,4329,,,-56.41361256544503,4.329e-06
자동차부품,8708,MD,몰도바,2025-06-01,6781,,,56.64125664125663,6.781e-06
자동차부품,8708,MD,몰도바,2025-07-01,14776,,,117.90296416457751,1.4776e-05
자동차부품,8708,MD,몰도바,2025-08-01,19235,,,30.177314564158088,1.9235e-05
자동차부품,8708,MD,몰도바,2025-09-01,46590,,,142.2147127631921,4.659e-05
자동차부품,8708,MD,몰도바,2025-10-01,17048,,,-63.40845675037562,1.7048e-05
자동차부품,8708,MD,몰도바,2025-11-01,154,,,-99.09666823087753,1.54e-07
자동차부품,8708,MD,몰도바,2025-12-01,30642,,,19797.402597402597,3.0642e-05
자동차부품,8708,MD,몰도바,2026-01-01,739,1055.0,-29.95260663507109,-97.58827752757652,7.39e-07
자동차부품,8708,MD,몰도바,2026-02-01,2897,11508.0,-74.82620785540493,292.01623815967525,2.897e-06
자동차부품,8708,MD,몰도바,2026-03-01,21006,656.0,3102.1341463414637,625.0949257852951,2.1006e-05
자동차부품,8708,MD,몰도바,2026-04-01,1943,9932.0,-80.43697140555778,-90.75026182995335,1.943e-06
자동차부품,8708,MD,몰도바,2026-05-01,36531,4329.0,743.866943866944,1780.1338136901697,3.6531e-05
자동차부품,8708,MD,몰도바,2026-06-01,50417,6781.0,643.5039079781743,38.011551832690046,5.0417e-05
자동차부품,8708,MD,몰도바,2026-07-01,46355,14776.0,213.71819166215485,-8.056806235991832,4.6355e-05
자동차부품,8708,MV,몰디브,2025-01-01,338,,,,3.38e-07
자동차부품,8708,MV,몰디브,2025-02-01,9051,,,2577.810650887574,9.051e-06
자동차부품,8708,MV,몰디브,2025-03-01,1787,,,-80.2563252679262,1.787e-06
자동차부품,8708,MV,몰디브,2025-04-01,45300,,,2434.974818130946,4.53e-05
자동차부품,8708,MV,몰디브,2025-05-01,3724,,,-91.77924944812362,3.724e-06
자동차부품,8708,MV,몰디브,2025-06-01,2106,,,-43.44790547798066,2.106e-06
자동차부품,8708,MV,몰디브,2025-07-01,7461,,,254.27350427350427,7.461e-06
자동차부품,8708,MV,몰디브,2025-08-01,27314,,,266.09033641603,2.7314e-05
자동차부품,8708,MV,몰디브,2025-09-01,4825,,,-82.33506626638354,4.825e-06
자동차부품,8708,MV,몰디브,2025-10-01,19769,,,309.72020725388603,1.9769e-05
자동차부품,8708,MV,몰디브,2025-11-01,20058,,,1.4618847690829107,2.0058e-05
자동차부품,8708,MV,몰디브,2025-12-01,12544,,,-37.46136205005484,1.2544e-05
자동차부품,8708,MV,몰디브,2026-01-01,19702,338.0,5728.994082840237,57.063137755102034,1.9702e-05
자동차부품,8708,MV,몰디브,2026-02-01,26024,9051.0,187.52624019445366,32.08811288194091,2.6024e-05
자동차부품,8708,MV,몰디브,2026-03-01,26019,1787.0,1356.0156687185226,-0.019213034122345096,2.6019e-05
자동차부품,8708,MV,몰디브,2026-05-01,20437,45300.0,-54.88520971302429,-21.453553172681506,2.0437e-05
자동차부품,8708,MV,몰디브,2026-06-01,3094,3724.0,-16.91729323308271,-84.86079170132604,3.094e-06
자동차부품,8708,MV,몰디브,2026-07-01,34303,2106.0,1528.8224121557455,1008.694246929541,3.4303e-05
자동차부품,8708,MT,몰타,2025-01-01,5655,,,,5.655e-06
자동차부품,8708,MT,몰타,2025-02-01,4944,,,-12.572944297082234,4.944e-06
자동차부품,8708,MT,몰타,2025-03-01,6700,,,35.517799352750814,6.7e-06
자동차부품,8708,MT,몰타,2025-04-01,6498,,,-3.014925373134325,6.498e-06
자동차부품,8708,MT,몰타,2025-05-01,8878,,,36.62665435518622,8.878e-06
자동차부품,8708,MT,몰타,2025-06-01,10785,,,21.480063077269662,1.0785e-05
자동차부품,8708,MT,몰타,2025-07-01,9201,,,-14.687065368567453,9.201e-06
자동차부품,8708,MT,몰타,2025-08-01,12488,,,35.72437778502338,1.2488e-05
자동차부품,8708,MT,몰타,2025-09-01,99108,,,693.6258808456117,9.9108e-05
자동차부품,8708,MT,몰타,2025-10-01,10652,,,-89.25212899059612,1.0652e-05
자동차부품,8708,MT,몰타,2025-11-01,8029,,,-24.62448366503943,8.029e-06
자동차부품,8708,MT,몰타,2025-12-01,9375,,,16.764229667455478,9.375e-06
자동차부품,8708,MT,몰타,2026-01-01,4980,5655.0,-11.936339522546424,-46.88,4.98e-06
자동차부품,8708,MT,몰타,2026-02-01,4022,4944.0,-18.64886731391586,-19.23694779116466,4.022e-06
자동차부품,8708,MT,몰타,2026-03-01,8934,6700.0,33.343283582089555,122.128294380905,8.934e-06
자동차부품,8708,MT,몰타,2026-04-01,10182,6498.0,56.69436749769159,13.96910678307588,1.0182e-05
자동차부품,8708,MT,몰타,2026-05-01,13905,8878.0,56.62311331380943,36.564525633470836,1.3905e-05
자동차부품,8708,MT,몰타,2026-06-01,21550,10785.0,99.81455725544738,54.98022294138798,2.155e-05
자동차부품,8708,MT,몰타,2026-07-01,14691,9201.0,59.667427453537655,-31.828306264501162,1.4691e-05
자동차부품,8708,MN,몽골,2025-01-01,320898,,,,0.000320898
자동차부품,8708,MN,몽골,2025-02-01,816383,,,154.40576133226136,0.000816383
자동차부품,8708,MN,몽골,2025-03-01,989417,,,21.195198822121487,0.000989417
자동차부품,8708,MN,몽골,2025-04-01,785199,,,-20.640235613497648,0.000785199
자동차부품,8708,MN,몽골,2025-05-01,480475,,,-38.80850586921277,0.000480475
자동차부품,8708,MN,몽골,2025-06-01,1073394,,,123.4026744367553,0.001073394
자동차부품,8708,MN,몽골,2025-07-01,670182,,,-37.56421220912358,0.000670182
자동차부품,8708,MN,몽골,2025-08-01,461086,,,-31.199883016852137,0.000461086
자동차부품,8708,MN,몽골,2025-09-01,862102,,,86.97206161106605,0.000862102
자동차부품,8708,MN,몽골,2025-10-01,920210,,,6.7402697128646105,0.00092021
자동차부품,8708,MN,몽골,2025-11-01,584017,,,-36.534378022407935,0.000584017
자동차부품,8708,MN,몽골,2025-12-01,622527,,,6.593986133965268,0.000622527
자동차부품,8708,MN,몽골,2026-01-01,760103,320898.0,136.8674781394711,22.099603711967507,0.000760103
자동차부품,8708,MN,몽골,2026-02-01,394475,816383.0,-51.68015502527612,-48.10242822354339,0.000394475
자동차부품,8708,MN,몽골,2026-03-01,1035615,989417.0,4.66921429488274,162.5299448634261,0.001035615
자동차부품,8708,MN,몽골,2026-04-01,1422888,785199.0,81.21367958950533,37.395460668298554,0.001422888
자동차부품,8708,MN,몽골,2026-05-01,670831,480475.0,39.61829439617046,-52.854265409505174,0.000670831
자동차부품,8708,MN,몽골,2026-06-01,704772,1073394.0,-34.341723542333945,5.059545548729849,0.000704772
자동차부품,8708,MN,몽골,2026-07-01,887688,670182.0,32.45476601878296,25.953925524850586,0.000887688
자동차부품,8708,US,미국,2025-01-01,522333121,,,,0.522333121
자동차부품,8708,US,미국,2025-02-01,610236936,,,16.82907161462579,0.610236936
자동차부품,8708,US,미국,2025-03-01,622220754,,,1.9637975502682536,0.622220754
자동차부품,8708,US,미국,2025-04-01,674278309,,,8.366412509602661,0.674278309
자동차부품,8708,US,미국,2025-05-01,517921727,,,-23.188730812338797,0.517921727
자동차부품,8708,US,미국,2025-06-01,585790908,,,13.104138610504744,0.585790908
자동차부품,8708,US,미국,2025-07-01,580967914,,,-0.8233302931359265,0.580967914
자동차부품,8708,US,미국,2025-08-01,493725959,,,-15.016656324328437,0.493725959
자동차부품,8708,US,미국,2025-09-01,551807526,,,11.763928134878565,0.551807526
자동차부품,8708,US,미국,2025-10-01,431183041,,,-21.859883984257223,0.431183041
자동차부품,8708,US,미국,2025-11-01,440752875,,,2.219436547830278,0.440752875
자동차부품,8708,US,미국,2025-12-01,561211047,,,27.33009330909073,0.561211047
자동차부품,8708,US,미국,2026-01-01,521181737,522333121.0,-0.2204309766525414,-7.1326660823909265,0.521181737
자동차부품,8708,US,미국,2026-02-01,450762278,610236936.0,-26.133235894459194,-13.511497813669548,0.450762278
자동차부품,8708,US,미국,2026-03-01,598407846,622220754.0,-3.8270835305503126,32.75464146092544,0.598407846
자동차부품,8708,US,미국,2026-04-01,605176421,674278309.0,-10.248273906731885,1.1310973018224812,0.605176421
자동차부품,8708,US,미국,2026-05-01,470756268,517921727.0,-9.106677040409238,-22.21173005681264,0.470756268
자동차부품,8708,US,미국,2026-06-01,542990614,585790908.0,-7.306411454238548,15.344319536495266,0.542990614
자동차부품,8708,US,미국,2026-07-01,589032007,580967914.0,1.3880444695264282,8.479224467773205,0.589032007
자동차부품,8708,VI,미령 버진군도,2025-01-01,222,,,,2.22e-07
자동차부품,8708,VI,미령 버진군도,2025-02-01,78,,,-64.86486486486487,7.8e-08
자동차부품,8708,VI,미령 버진군도,2025-03-01,35,,,-55.12820512820513,3.5e-08
자동차부품,8708,VI,미령 버진군도,2025-06-01,224,,,540.0,2.24e-07
자동차부품,8708,VI,미령 버진군도,2025-07-01,146,,,-34.82142857142857,1.46e-07
자동차부품,8708,VI,미령 버진군도,2025-11-01,48,,,-67.12328767123287,4.8e-08
자동차부품,8708,VI,미령 버진군도,2026-01-01,47,,,-2.083333333333337,4.7e-08
자동차부품,8708,VI,미령 버진군도,2026-02-01,18,,,-61.702127659574465,1.8e-08
자동차부품,8708,VI,미령 버진군도,2026-04-01,23,,,27.777777777777768,2.3e-08
자동차부품,8708,VI,미령 버진군도,2026-05-01,72,,,213.0434782608696,7.2e-08
자동차부품,8708,VI,미령 버진군도,2026-06-01,440,,,511.1111111111111,4.4e-07
자동차부품,8708,VI,미령 버진군도,2026-07-01,15,,,-96.5909090909091,1.5e-08
자동차부품,8708,MM,미얀마,2025-01-01,57921,,,,5.7921e-05
자동차부품,8708,MM,미얀마,2025-02-01,57908,,,-0.02244436387492943,5.7908e-05
자동차부품,8708,MM,미얀마,2025-03-01,8848,,,-84.72059128272433,8.848e-06
자동차부품,8708,MM,미얀마,2025-04-01,42093,,,375.73462929475585,4.2093e-05
자동차부품,8708,MM,미얀마,2025-05-01,162564,,,286.2019813270615,0.000162564
자동차부품,8708,MM,미얀마,2025-06-01,17017,,,-89.53212273320045,1.7017e-05
자동차부품,8708,MM,미얀마,2025-07-01,75479,,,343.5505670799788,7.5479e-05
자동차부품,8708,MM,미얀마,2025-08-01,386992,,,412.7147948435989,0.000386992
자동차부품,8708,MM,미얀마,2025-09-01,42058,,,-89.13207508165544,4.2058e-05
자동차부품,8708,MM,미얀마,2025-10-01,301021,,,615.7282799942936,0.000301021
자동차부품,8708,MM,미얀마,2025-11-01,86398,,,-71.29834795579046,8.6398e-05
자동차부품,8708,MM,미얀마,2025-12-01,78723,,,-8.883307483969539,7.8723e-05
자동차부품,8708,MM,미얀마,2026-01-01,173241,57921.0,199.098772465945,120.06402195038297,0.000173241
자동차부품,8708,MM,미얀마,2026-02-01,15284,57908.0,-73.60641016785246,-91.1776080719922,1.5284e-05
자동차부품,8708,MM,미얀마,2026-03-01,195042,8848.0,2104.3625678119347,1176.118817063596,0.000195042
자동차부품,8708,MM,미얀마,2026-04-01,99716,42093.0,136.89449552182072,-48.8746013679105,9.9716e-05
자동차부품,8708,MM,미얀마,2026-05-01,79596,162564.0,-51.03712999188013,-20.177303542059445,7.9596e-05
자동차부품,8708,MM,미얀마,2026-06-01,98692,17017.0,479.9612152553329,23.99115533443892,9.8692e-05
자동차부품,8708,MM,미얀마,2026-07-01,146559,75479.0,94.17188886975185,48.50139828962834,0.000146559
자동차부품,8708,VU,바누아투,2025-01-01,15169,,,,1.5169e-05
자동차부품,8708,VU,바누아투,2025-02-01,7576,,,-50.05603533522316,7.576e-06
자동차부품,8708,VU,바누아투,2025-03-01,133570,,,1663.0675818373813,0.00013357
자동차부품,8708,VU,바누아투,2025-04-01,52235,,,-60.893164632776816,5.2235e-05
자동차부품,8708,VU,바누아투,2025-05-01,31809,,,-39.10404900928496,3.1809e-05
자동차부품,8708,VU,바누아투,2025-06-01,55351,,,74.01050017290704,5.5351e-05
자동차부품,8708,VU,바누아투,2025-07-01,62468,,,12.857942945926904,6.2468e-05
자동차부품,8708,VU,바누아투,2025-08-01,66116,,,5.839789972465903,6.6116e-05
자동차부품,8708,VU,바누아투,2025-09-01,108347,,,63.8741000665497,0.000108347
자동차부품,8708,VU,바누아투,2025-10-01,54937,,,-49.29531966736504,5.4937e-05
자동차부품,8708,VU,바누아투,2025-11-01,56908,,,3.5877459635582643,5.6908e-05
자동차부품,8708,VU,바누아투,2025-12-01,31363,,,-44.88824066915021,3.1363e-05
자동차부품,8708,VU,바누아투,2026-01-01,58475,15169.0,285.4901443733931,86.44581194401046,5.8475e-05
자동차부품,8708,VU,바누아투,2026-02-01,67320,7576.0,788.5955649419218,15.126122274476273,6.732e-05
자동차부품,8708,VU,바누아투,2026-03-01,52050,133570.0,-61.031668787901474,-22.682709447415327,5.205e-05
자동차부품,8708,VU,바누아투,2026-04-01,92560,52235.0,77.1991959414186,77.82901056676272,9.256e-05
자동차부품,8708,VU,바누아투,2026-05-01,56646,31809.0,78.08167499764218,-38.80077787381159,5.6646e-05
자동차부품,8708,VU,바누아투,2026-06-01,34029,55351.0,-38.52143592708352,-39.92691452176677,3.4029e-05
자동차부품,8708,VU,바누아투,2026-07-01,25472,62468.0,-59.22392264839598,-25.14619883040936,2.5472e-05
자동차부품,8708,BH,바레인,2025-01-01,18981,,,,1.8981e-05
자동차부품,8708,BH,바레인,2025-02-01,208220,,,996.9917285706761,0.00020822
자동차부품,8708,BH,바레인,2025-03-01,55491,,,-73.34982230333301,5.5491e-05
자동차부품,8708,BH,바레인,2025-04-01,158590,,,185.79409273575897,0.00015859
자동차부품,8708,BH,바레인,2025-05-01,75059,,,-52.671038527019356,7.5059e-05
자동차부품,8708,BH,바레인,2025-06-01,18254,,,-75.6804647011018,1.8254e-05
자동차부품,8708,BH,바레인,2025-07-01,13120,,,-28.125342390708884,1.312e-05
자동차부품,8708,BH,바레인,2025-08-01,53701,,,309.30640243902434,5.3701e-05
자동차부품,8708,BH,바레인,2025-09-01,57006,,,6.154447775646643,5.7006e-05
자동차부품,8708,BH,바레인,2025-10-01,31664,,,-44.4549696523173,3.1664e-05
자동차부품,8708,BH,바레인,2025-11-01,83323,,,163.14742294087924,8.3323e-05
자동차부품,8708,BH,바레인,2025-12-01,11583,,,-86.09867623585325,1.1583e-05
자동차부품,8708,BH,바레인,2026-01-01,130286,18981.0,586.4021916653495,1024.8035914702582,0.000130286
자동차부품,8708,BH,바레인,2026-02-01,29594,208220.0,-85.7871482086255,-77.28535683035783,2.9594e-05
자동차부품,8708,BH,바레인,2026-03-01,2058,55491.0,-96.29129047953722,-93.04588767993512,2.058e-06
자동차부품,8708,BH,바레인,2026-04-01,118311,158590.0,-25.39819660760452,5648.833819241982,0.000118311
자동차부품,8708,BH,바레인,2026-05-01,93445,75059.0,24.495396954395865,-21.017487807558044,9.3445e-05
자동차부품,8708,BH,바레인,2026-06-01,13024,18254.0,-28.651254519557355,-86.06238964096528,1.3024e-05
자동차부품,8708,BH,바레인,2026-07-01,76487,13120.0,482.9801829268293,487.27733415233416,7.6487e-05
자동차부품,8708,BB,바베이도스,2025-02-01,33,,,,3.3e-08
자동차부품,8708,BB,바베이도스,2025-03-01,22958,,,69469.69696969698,2.2958e-05
자동차부품,8708,BB,바베이도스,2025-04-01,15,,,-99.9346632981967,1.5e-08
자동차부품,8708,BB,바베이도스,2025-06-01,1467,,,9680.0,1.467e-06
자동차부품,8708,BB,바베이도스,2025-07-01,13937,,,850.0340831629176,1.3937e-05
자동차부품,8708,BB,바베이도스,2025-08-01,5123,,,-63.24173064504557,5.123e-06
자동차부품,8708,BB,바베이도스,2025-09-01,20055,,,291.46984188951785,2.0055e-05
자동차부품,8708,BB,바베이도스,2025-10-01,9425,,,-53.004238344552476,9.425e-06
자동차부품,8708,BB,바베이도스,2025-11-01,30864,,,227.46949602122015,3.0864e-05
자동차부품,8708,BB,바베이도스,2025-12-01,554,,,-98.20502851218248,5.54e-07
자동차부품,8708,BB,바베이도스,2026-01-01,62946,,,11262.093862815884,6.2946e-05
자동차부품,8708,BB,바베이도스,2026-02-01,632,,,-98.9959647952213,6.32e-07
자동차부품,8708,BB,바베이도스,2026-03-01,33745,33.0,102157.57575757576,5239.398734177215,3.3745e-05
자동차부품,8708,BB,바베이도스,2026-04-01,2223,22958.0,-90.31710079275199,-93.41235738627944,2.223e-06
자동차부품,8708,BB,바베이도스,2026-05-01,26610,15.0,177300.0,1097.0310391363023,2.661e-05
자동차부품,8708,BB,바베이도스,2026-06-01,22025,1467.0,1401.3633265167007,-17.230364524614806,2.2025e-05
자동차부품,8708,BB,바베이도스,2026-07-01,11207,13937.0,-19.588146659969862,-49.11691259931895,1.1207e-05
자동차부품,8708,BS,바하마,2025-07-01,0,,,,0.0
자동차부품,8708,BS,바하마,2025-08-01,0,,,,0.0
자동차부품,8708,BS,바하마,2025-11-01,90,,,inf,9e-08
자동차부품,8708,BS,바하마,2025-12-01,180,,,100.0,1.8e-07
자동차부품,8708,BS,바하마,2026-03-01,0,,,-100.0,0.0
자동차부품,8708,BS,바하마,2026-04-01,82,,,inf,8.2e-08
자동차부품,8708,BS,바하마,2026-06-01,572,,,597.560975609756,5.72e-07
자동차부품,8708,BD,방글라데시,2025-01-01,23485,,,,2.3485e-05
자동차부품,8708,BD,방글라데시,2025-02-01,152017,,,547.2940174579519,0.000152017
자동차부품,8708,BD,방글라데시,2025-03-01,116856,,,-23.129649973358248,0.000116856
자동차부품,8708,BD,방글라데시,2025-04-01,58196,,,-50.198534948997064,5.8196e-05
자동차부품,8708,BD,방글라데시,2025-05-01,152768,,,162.50601415904873,0.000152768
자동차부품,8708,BD,방글라데시,2025-06-01,206426,,,35.12384792626728,0.000206426
자동차부품,8708,BD,방글라데시,2025-07-01,127746,,,-38.115353686066676,0.000127746
자동차부품,8708,BD,방글라데시,2025-08-01,50099,,,-60.782333693422885,5.0099e-05
자동차부품,8708,BD,방글라데시,2025-09-01,69906,,,39.535719275833856,6.9906e-05
자동차부품,8708,BD,방글라데시,2025-10-01,37403,,,-46.49529368008468,3.7403e-05
자동차부품,8708,BD,방글라데시,2025-11-01,50316,,,34.523968665615065,5.0316e-05
자동차부품,8708,BD,방글라데시,2025-12-01,50273,,,-0.08545989347324978,5.0273e-05
자동차부품,8708,BD,방글라데시,2026-01-01,58432,23485.0,148.8056206088993,16.22938754400971,5.8432e-05
자동차부품,8708,BD,방글라데시,2026-02-01,12031,152017.0,-92.08575356703527,-79.41025465498358,1.2031e-05
자동차부품,8708,BD,방글라데시,2026-03-01,58585,116856.0,-49.86564660779078,386.95037818967666,5.8585e-05
자동차부품,8708,BD,방글라데시,2026-04-01,67936,58196.0,16.73654546704242,15.961423572586831,6.7936e-05
자동차부품,8708,BD,방글라데시,2026-05-01,68520,152768.0,-55.14767490573942,0.8596325953838857,6.852e-05
자동차부품,8708,BD,방글라데시,2026-06-01,53777,206426.0,-73.9485336149516,-21.51634559252773,5.3777e-05
자동차부품,8708,BD,방글라데시,2026-07-01,196562,127746.0,53.86939708484022,265.5131375867006,0.000196562
자동차부품,8708,BM,버뮤다,2025-02-01,838,,,,8.38e-07
자동차부품,8708,BM,버뮤다,2025-03-01,226,,,-73.0310262529833,2.26e-07
자동차부품,8708,BM,버뮤다,2025-04-01,187,,,-17.256637168141598,1.87e-07
자동차부품,8708,BM,버뮤다,2025-05-01,1219,,,551.8716577540107,1.219e-06
자동차부품,8708,BM,버뮤다,2025-06-01,206,,,-83.10090237899918,2.06e-07
자동차부품,8708,BM,버뮤다,2025-07-01,309,,,50.0,3.09e-07
자동차부품,8708,BM,버뮤다,2025-08-01,803,,,159.87055016181228,8.03e-07
자동차부품,8708,BM,버뮤다,2025-09-01,1612,,,100.74719800747198,1.612e-06
자동차부품,8708,BM,버뮤다,2025-10-01,0,,,-100.0,0.0
자동차부품,8708,BM,버뮤다,2025-11-01,1560,,,inf,1.56e-06
자동차부품,8708,BM,버뮤다,2025-12-01,626,,,-59.87179487179487,6.26e-07
자동차부품,8708,BM,버뮤다,2026-01-01,2170,,,246.6453674121406,2.17e-06
자동차부품,8708,BM,버뮤다,2026-02-01,751,838.0,-10.381861575178997,-65.39170506912441,7.51e-07
자동차부품,8708,BM,버뮤다,2026-03-01,0,226.0,-100.0,-100.0,0.0
자동차부품,8708,BM,버뮤다,2026-04-01,364,187.0,94.6524064171123,inf,3.64e-07
자동차부품,8708,BM,버뮤다,2026-05-01,2942,1219.0,141.34536505332238,708.2417582417582,2.942e-06
자동차부품,8708,BM,버뮤다,2026-06-01,94,206.0,-54.36893203883495,-96.80489462950374,9.4e-08
자동차부품,8708,BM,버뮤다,2026-07-01,3057,309.0,889.3203883495145,3152.127659574468,3.057e-06
자동차부품,8708,VE,베네주엘라,2025-01-01,99337,,,,9.9337e-05
자동차부품,8708,VE,베네주엘라,2025-02-01,106813,,,7.52589669508843,0.000106813
자동차부품,8708,VE,베네주엘라,2025-03-01,48475,,,-54.616947375319484,4.8475e-05
자동차부품,8708,VE,베네주엘라,2025-04-01,197146,,,306.69623517276943,0.000197146
자동차부품,8708,VE,베네주엘라,2025-05-01,95362,,,-51.62874215048745,9.5362e-05
자동차부품,8708,VE,베네주엘라,2025-06-01,113052,,,18.55036597386799,0.000113052
자동차부품,8708,VE,베네주엘라,2025-07-01,168646,,,49.17560060856951,0.000168646
자동차부품,8708,VE,베네주엘라,2025-08-01,225694,,,33.82706972000522,0.000225694
자동차부품,8708,VE,베네주엘라,2025-09-01,77425,,,-65.69470167572022,7.7425e-05
자동차부품,8708,VE,베네주엘라,2025-10-01,148741,,,92.109783661608,0.000148741
자동차부품,8708,VE,베네주엘라,2025-11-01,159778,,,7.420280890944664,0.000159778
자동차부품,8708,VE,베네주엘라,2025-12-01,62355,,,-60.973976392244246,6.2355e-05
자동차부품,8708,VE,베네주엘라,2026-01-01,33914,99337.0,-65.85964947602605,-45.61141849089888,3.3914e-05
자동차부품,8708,VE,베네주엘라,2026-02-01,20943,106813.0,-80.39283607800549,-38.24674175856578,2.0943e-05
자동차부품,8708,VE,베네주엘라,2026-03-01,264682,48475.0,446.01753481175865,1163.8208470610705,0.000264682
자동차부품,8708,VE,베네주엘라,2026-04-01,36927,197146.0,-81.26921165024905,-86.04854126838998,3.6927e-05
자동차부품,8708,VE,베네주엘라,2026-05-01,85216,95362.0,-10.639458065057362,130.7688141468302,8.5216e-05
자동차부품,8708,VE,베네주엘라,2026-06-01,177157,113052.0,56.703994621943885,107.89171047690576,0.000177157
자동차부품,8708,VE,베네주엘라,2026-07-01,234077,168646.0,38.797836889104985,32.12969287129495,0.000234077
자동차부품,8708,BJ,베닝,2025-03-01,8988,,,,8.988e-06
자동차부품,8708,BJ,베닝,2025-05-01,290,,,-96.77347574543836,2.9e-07
자동차부품,8708,BJ,베닝,2025-09-01,10861,,,3645.1724137931037,1.0861e-05
자동차부품,8708,BJ,베닝,2026-04-01,175,,,-98.38873031949176,1.75e-07
자동차부품,8708,BJ,베닝,2026-07-01,55,,,-68.57142857142857,5.5e-08
자동차부품,8708,VN,베트남,2025-01-01,57590626,,,,0.057590626
자동차부품,8708,VN,베트남,2025-02-01,77563182,,,34.680220353916624,0.077563182
자동차부품,8708,VN,베트남,2025-03-01,70562733,,,-9.02547938273084,0.070562733
자동차부품,8708,VN,베트남,2025-04-01,63973335,,,-9.338354283981598,0.063973335
자동차부품,8708,VN,베트남,2025-05-01,57254355,,,-10.502782135713263,0.057254355
자동차부품,8708,VN,베트남,2025-06-01,62737117,,,9.576148399540951,0.062737117
자동차부품,8708,VN,베트남,2025-07-01,54873150,,,-12.534791804347655,0.05487315
자동차부품,8708,VN,베트남,2025-08-01,40019125,,,-27.069750870872188,0.040019125
자동차부품,8708,VN,베트남,2025-09-01,47163530,,,17.852476784537387,0.04716353
자동차부품,8708,VN,베트남,2025-10-01,43175265,,,-8.456247867791067,0.043175265
자동차부품,8708,VN,베트남,2025-11-01,53064111,,,22.90396133063688,0.053064111
자동차부품,8708,VN,베트남,2025-12-01,55945776,,,5.430534773304685,0.055945776
자동차부품,8708,VN,베트남,2026-01-01,49765906,57590626.0,-13.586794489783804,-11.046177999211238,0.049765906
자동차부품,8708,VN,베트남,2026-02-01,35076122,77563182.0,-54.77735557574211,-29.517766641282485,0.035076122
자동차부품,8708,VN,베트남,2026-03-01,51456763,70562733.0,-27.076573125363502,46.70026236081628,0.051456763
자동차부품,8708,VN,베트남,2026-04-01,64849250,63973335.0,1.3691876466968678,26.026679913775386,0.06484925
자동차부품,8708,VN,베트남,2026-05-01,44080165,57254355.0,-23.009935226761357,-32.02671580627378,0.044080165
자동차부품,8708,VN,베트남,2026-06-01,47651206,62737117.0,-24.046229284013798,8.101242361502049,0.047651206
자동차부품,8708,VN,베트남,2026-07-01,62125450,54873150.0,13.21648201351664,30.37539910322522,0.06212545
자동차부품,8708,BE,벨기에,2025-01-01,3133203,,,,0.003133203
자동차부품,8708,BE,벨기에,2025-02-01,5570449,,,77.78768244508893,0.005570449
자동차부품,8708,BE,벨기에,2025-03-01,4971614,,,-10.750210620364708,0.004971614
자동차부품,8708,BE,벨기에,2025-04-01,8537777,,,71.73048832833764,0.008537777
자동차부품,8708,BE,벨기에,2025-05-01,5817106,,,-31.866269170534668,0.005817106
자동차부품,8708,BE,벨기에,2025-06-01,5256229,,,-9.641856276987216,0.005256229
자동차부품,8708,BE,벨기에,2025-07-01,7760014,,,47.6346255081352,0.007760014
자동차부품,8708,BE,벨기에,2025-08-01,4108427,,,-47.05644860949994,0.004108427
자동차부품,8708,BE,벨기에,2025-09-01,6364352,,,54.90970145021441,0.006364352
자동차부품,8708,BE,벨기에,2025-10-01,5391461,,,-15.286568059089124,0.005391461
자동차부품,8708,BE,벨기에,2025-11-01,5509303,,,2.1857155231207237,0.005509303
자동차부품,8708,BE,벨기에,2025-12-01,9539108,,,73.14545959806532,0.009539108
자동차부품,8708,BE,벨기에,2026-01-01,5231780,3133203.0,66.97864772885767,-45.15441066397403,0.00523178
자동차부품,8708,BE,벨기에,2026-02-01,5521627,5570449.0,-0.8764464049486831,5.540122099935396,0.005521627
자동차부품,8708,BE,벨기에,2026-03-01,9306394,4971614.0,87.19059846560894,68.5444163468485,0.009306394
자동차부품,8708,BE,벨기에,2026-04-01,9698335,8537777.0,13.593210504326825,4.21152381900014,0.009698335
자동차부품,8708,BE,벨기에,2026-05-01,6413168,5817106.0,10.246710305777484,-33.873515402386076,0.006413168
자동차부품,8708,BE,벨기에,2026-06-01,7883292,5256229.0,49.97999516383322,22.923522352759207,0.007883292
자동차부품,8708,BE,벨기에,2026-07-01,6266186,7760014.0,-19.250326094772507,-20.513080068580493,0.006266186
자동차부품,8708,BY,벨라루스,2025-01-01,156276,,,,0.000156276
자동차부품,8708,BY,벨라루스,2025-02-01,46241,,,-70.41068366223861,4.6241e-05
자동차부품,8708,BY,벨라루스,2025-03-01,160879,,,247.91418870699164,0.000160879
자동차부품,8708,BY,벨라루스,2025-04-01,37307,,,-76.81052219369838,3.7307e-05
자동차부품,8708,BY,벨라루스,2025-05-01,36209,,,-2.943147398611523,3.6209e-05
자동차부품,8708,BY,벨라루스,2025-07-01,66912,,,84.79383578668288,6.6912e-05
자동차부품,8708,BY,벨라루스,2025-08-01,266016,,,297.5609756097561,0.000266016
자동차부품,8708,BY,벨라루스,2025-09-01,285380,,,7.279261397810655,0.00028538
자동차부품,8708,BY,벨라루스,2025-10-01,81994,,,-71.26848412642792,8.1994e-05
자동차부품,8708,BY,벨라루스,2025-11-01,73615,,,-10.219040417591529,7.3615e-05
자동차부품,8708,BY,벨라루스,2025-12-01,223441,,,203.52645520614004,0.000223441
자동차부품,8708,BY,벨라루스,2026-01-01,0,,,-100.0,0.0
자동차부품,8708,BY,벨라루스,2026-02-01,189847,156276.0,21.481865417594513,inf,0.000189847
자동차부품,8708,BY,벨라루스,2026-03-01,43468,46241.0,-5.996842628835886,-77.10366769029797,4.3468e-05
자동차부품,8708,BY,벨라루스,2026-04-01,138524,160879.0,-13.895536396919429,218.68040857642404,0.000138524
자동차부품,8708,BY,벨라루스,2026-05-01,61683,37307.0,65.33894443402042,-55.4712540787156,6.1683e-05
자동차부품,8708,BY,벨라루스,2026-06-01,367094,36209.0,913.8197685658263,495.1299385568147,0.000367094
자동차부품,8708,BY,벨라루스,2026-07-01,158332,66912.0,136.6272118603539,-56.868812892610606,0.000158332
자동차부품,8708,BZ,벨리제,2026-03-01,236,,,,2.36e-07
자동차부품,8708,BZ,벨리제,2026-04-01,135,,,-42.79661016949152,1.35e-07
자동차부품,8708,BZ,벨리제,2026-06-01,106,,,-21.48148148148148,1.06e-07
자동차부품,8708,BQ,보네르 신트외스타티위스,2025-02-01,0,,,,0.0
자동차부품,8708,BQ,보네르 신트외스타티위스,2025-12-01,0,,,,0.0
자동차부품,8708,BA,보스니아-헤르체고비나,2025-01-01,0,,,,0.0
자동차부품,8708,BA,보스니아-헤르체고비나,2025-02-01,0,,,,0.0
자동차부품,8708,BA,보스니아-헤르체고비나,2025-03-01,0,,,,0.0
자동차부품,8708,BA,보스니아-헤르체고비나,2025-04-01,0,,,,0.0
자동차부품,8708,BA,보스니아-헤르체고비나,2025-05-01,125,,,inf,1.25e-07
자동차부품,8708,BA,보스니아-헤르체고비나,2025-06-01,0,,,-100.0,0.0
자동차부품,8708,BA,보스니아-헤르체고비나,2025-07-01,216,,,inf,2.16e-07
자동차부품,8708,BA,보스니아-헤르체고비나,2025-08-01,0,,,-100.0,0.0
자동차부품,8708,BA,보스니아-헤르체고비나,2025-09-01,0,,,,0.0
자동차부품,8708,BA,보스니아-헤르체고비나,2025-10-01,685,,,inf,6.85e-07
자동차부품,8708,BA,보스니아-헤르체고비나,2025-11-01,0,,,-100.0,0.0
자동차부품,8708,BA,보스니아-헤르체고비나,2025-12-01,0,,,,0.0
자동차부품,8708,BA,보스니아-헤르체고비나,2026-01-01,0,0.0,,,0.0
자동차부품,8708,BA,보스니아-헤르체고비나,2026-02-01,57,0.0,inf,inf,5.7e-08
자동차부품,8708,BA,보스니아-헤르체고비나,2026-03-01,569,0.0,inf,898.2456140350877,5.69e-07
자동차부품,8708,BA,보스니아-헤르체고비나,2026-04-01,124,0.0,inf,-78.20738137082601,1.24e-07
자동차부품,8708,BA,보스니아-헤르체고비나,2026-05-01,0,125.0,-100.0,-100.0,0.0
자동차부품,8708,BA,보스니아-헤르체고비나,2026-06-01,468,0.0,inf,inf,4.68e-07
자동차부품,8708,BA,보스니아-헤르체고비나,2026-07-01,39,216.0,-81.94444444444444,-91.66666666666666,3.9e-08
자동차부품,8708,BW,보츠와나,2025-05-01,349,,,,3.49e-07
자동차부품,8708,BW,보츠와나,2025-06-01,87,,,-75.07163323782235,8.7e-08
자동차부품,8708,BW,보츠와나,2025-08-01,163,,,87.35632183908046,1.63e-07
자동차부품,8708,BW,보츠와나,2025-09-01,107,,,-34.355828220858896,1.07e-07
자동차부품,8708,BW,보츠와나,2025-10-01,0,,,-100.0,0.0
자동차부품,8708,BW,보츠와나,2025-11-01,118,,,inf,1.18e-07
자동차부품,8708,BW,보츠와나,2026-02-01,140,,,18.644067796610166,1.4e-07
자동차부품,8708,BW,보츠와나,2026-04-01,63,,,-55.00000000000001,6.3e-08
자동차부품,8708,BW,보츠와나,2026-05-01,47,,,-25.396825396825395,4.7e-08
자동차부품,8708,BO,볼리비아,2025-01-01,33529,,,,3.3529e-05
자동차부품,8708,BO,볼리비아,2025-02-01,26051,,,-22.303080915028783,2.6051e-05
자동차부품,8708,BO,볼리비아,2025-03-01,6766,,,-74.02786841196115,6.766e-06
자동차부품,8708,BO,볼리비아,2025-04-01,10566,,,56.16316878510199,1.0566e-05
자동차부품,8708,BO,볼리비아,2025-05-01,82456,,,680.3899299640356,8.2456e-05
자동차부품,8708,BO,볼리비아,2025-06-01,56103,,,-31.960075676724554,5.6103e-05
자동차부품,8708,BO,볼리비아,2025-07-01,29145,,,-48.05090636864339,2.9145e-05
자동차부품,8708,BO,볼리비아,2025-08-01,28370,,,-2.6591182020929804,2.837e-05
자동차부품,8708,BO,볼리비아,2025-09-01,49017,,,72.77758195276701,4.9017e-05
자동차부품,8708,BO,볼리비아,2025-10-01,71908,,,46.70012444662055,7.1908e-05
자동차부품,8708,BO,볼리비아,2025-11-01,12514,,,-82.59720754297157,1.2514e-05
자동차부품,8708,BO,볼리비아,2025-12-01,51488,,,311.44318363432956,5.1488e-05
자동차부품,8708,BO,볼리비아,2026-01-01,87808,33529.0,161.88672492469206,70.54070851460534,8.7808e-05
자동차부품,8708,BO,볼리비아,2026-02-01,24088,26051.0,-7.535219377375146,-72.56741982507289,2.4088e-05
자동차부품,8708,BO,볼리비아,2026-03-01,237751,6766.0,3413.907774164942,887.0101295250746,0.000237751
자동차부품,8708,BO,볼리비아,2026-04-01,13683,10566.0,29.500283929585457,-94.24481915954087,1.3683e-05
자동차부품,8708,BO,볼리비아,2026-05-01,115235,82456.0,39.753322984379544,742.1764232989842,0.000115235
자동차부품,8708,BO,볼리비아,2026-06-01,171906,56103.0,206.41142184909899,49.17863496333579,0.000171906
자동차부품,8708,BO,볼리비아,2026-07-01,142730,29145.0,389.72379481900845,-16.97206612916361,0.00014273
자동차부품,8708,BI,부룬디,2025-01-01,365,,,,3.65e-07
자동차부품,8708,BI,부룬디,2025-04-01,80,,,-78.08219178082192,8e-08
자동차부품,8708,BI,부룬디,2025-05-01,1120,,,1300.0,1.12e-06
자동차부품,8708,BI,부룬디,2025-07-01,1150,,,2.678571428571419,1.15e-06
자동차부품,8708,BI,부룬디,2025-09-01,1830,,,59.13043478260869,1.83e-06
자동차부품,8708,BI,부룬디,2025-10-01,140,,,-92.34972677595628,1.4e-07
자동차부품,8708,BI,부룬디,2025-11-01,2740,,,1857.1428571428573,2.74e-06
자동차부품,8708,BI,부룬디,2025-12-01,1100,,,-59.85401459854014,1.1e-06
자동차부품,8708,BI,부룬디,2026-01-01,1970,,,79.0909090909091,1.97e-06
자동차부품,8708,BI,부룬디,2026-02-01,1400,,,-28.934010152284262,1.4e-06
자동차부품,8708,BI,부룬디,2026-04-01,194,,,-86.14285714285714,1.94e-07
자동차부품,8708,BI,부룬디,2026-05-01,73,,,-62.371134020618555,7.3e-08
자동차부품,8708,BI,부룬디,2026-07-01,684,365.0,87.3972602739726,836.986301369863,6.84e-07
자동차부품,8708,BF,부르키나 파소,2025-04-01,130,,,,1.3e-07
자동차부품,8708,BF,부르키나 파소,2025-05-01,189,,,45.38461538461538,1.89e-07
자동차부품,8708,BF,부르키나 파소,2025-08-01,482,,,155.026455026455,4.82e-07
자동차부품,8708,BF,부르키나 파소,2025-12-01,5558,,,1053.1120331950208,5.558e-06
자동차부품,8708,BF,부르키나 파소,2026-05-01,160,,,-97.12126664267721,1.6e-07
자동차부품,8708,BT,부탄,2025-01-01,5239,,,,5.239e-06
자동차부품,8708,BT,부탄,2025-02-01,11453,,,118.61042183622827,1.1453e-05
자동차부품,8708,BT,부탄,2025-03-01,7876,,,-31.231991617916698,7.876e-06
자동차부품,8708,BT,부탄,2025-04-01,9349,,,18.702386998476396,9.349e-06
자동차부품,8708,BT,부탄,2025-05-01,1842,,,-80.29735800620388,1.842e-06
자동차부품,8708,BT,부탄,2025-06-01,4529,,,145.8740499457112,4.529e-06
자동차부품,8708,BT,부탄,2025-07-01,8718,,,92.49282402296313,8.718e-06
자동차부품,8708,BT,부탄,2025-08-01,5807,,,-33.39068593714155,5.807e-06
자동차부품,8708,BT,부탄,2025-09-01,18656,,,221.26743585328052,1.8656e-05
자동차부품,8708,BT,부탄,2025-10-01,7036,,,-62.28559176672383,7.036e-06
자동차부품,8708,BT,부탄,2025-11-01,6732,,,-4.320636725412164,6.732e-06
자동차부품,8708,BT,부탄,2025-12-01,4259,,,-36.73499702911468,4.259e-06
자동차부품,8708,BT,부탄,2026-01-01,706,5239.0,-86.52414582935674,-83.42333881192768,7.06e-07
자동차부품,8708,BT,부탄,2026-02-01,6509,11453.0,-43.16772897930673,821.9546742209632,6.509e-06
자동차부품,8708,BT,부탄,2026-03-01,3818,7876.0,-51.52361604875571,-41.342756183745585,3.818e-06
자동차부품,8708,BT,부탄,2026-04-01,15912,9349.0,70.20002139266232,316.7627029858565,1.5912e-05
자동차부품,8708,BT,부탄,2026-05-01,9303,1842.0,405.0488599348534,-41.53469079939668,9.303e-06
자동차부품,8708,BT,부탄,2026-06-01,2112,4529.0,-53.36718922499448,-77.29764592067076,2.112e-06
자동차부품,8708,BT,부탄,2026-07-01,2333,8718.0,-73.23927506308787,10.46401515151516,2.333e-06
자동차부품,8708,MP,북마리아나 군도,2025-01-01,7036,,,,7.036e-06
자동차부품,8708,MP,북마리아나 군도,2025-02-01,21905,,,211.32745878339966,2.1905e-05
자동차부품,8708,MP,북마리아나 군도,2025-03-01,5371,,,-75.48048390778361,5.371e-06
자동차부품,8708,MP,북마리아나 군도,2025-04-01,10723,,,99.64624837088066,1.0723e-05
자동차부품,8708,MP,북마리아나 군도,2025-05-01,4807,,,-55.17112748298051,4.807e-06
자동차부품,8708,MP,북마리아나 군도,2025-06-01,29639,,,516.5799875182026,2.9639e-05
자동차부품,8708,MP,북마리아나 군도,2025-07-01,3074,,,-89.62852997739465,3.074e-06
자동차부품,8708,MP,북마리아나 군도,2025-08-01,9745,,,217.01366297983085,9.745e-06
자동차부품,8708,MP,북마리아나 군도,2025-09-01,13596,,,39.5177013853258,1.3596e-05
자동차부품,8708,MP,북마리아나 군도,2025-10-01,7565,,,-44.35863489261548,7.565e-06
자동차부품,8708,MP,북마리아나 군도,2025-11-01,5701,,,-24.639788499669535,5.701e-06
자동차부품,8708,MP,북마리아나 군도,2025-12-01,20620,,,261.6909314155411,2.062e-05
자동차부품,8708,MP,북마리아나 군도,2026-01-01,17309,7036.0,146.0062535531552,-16.057225994180403,1.7309e-05
자동차부품,8708,MP,북마리아나 군도,2026-02-01,134,21905.0,-99.38826751883131,-99.22583627014848,1.34e-07
자동차부품,8708,MP,북마리아나 군도,2026-03-01,10843,5371.0,101.88046918637124,7991.791044776119,1.0843e-05
자동차부품,8708,MP,북마리아나 군도,2026-04-01,8748,10723.0,-18.418353072834094,-19.3212210642811,8.748e-06
자동차부품,8708,MP,북마리아나 군도,2026-05-01,20896,4807.0,334.6993967131267,138.8660265203475,2.0896e-05
자동차부품,8708,MP,북마리아나 군도,2026-06-01,29269,29639.0,-1.2483552076655746,40.0698698315467,2.9269e-05
자동차부품,8708,MP,북마리아나 군도,2026-07-01,17488,3074.0,468.90045543266103,-40.25077727288257,1.7488e-05
자동차부품,8708,BG,불가리아,2025-01-01,53453,,,,5.3453e-05
자동차부품,8708,BG,불가리아,2025-02-01,162988,,,204.9183394758012,0.000162988
자동차부품,8708,BG,불가리아,2025-03-01,358607,,,120.02049230618206,0.000358607
자동차부품,8708,BG,불가리아,2025-04-01,462290,,,28.912709456312903,0.00046229
자동차부품,8708,BG,불가리아,2025-05-01,101540,,,-78.03543230439767,0.00010154
자동차부품,8708,BG,불가리아,2025-06-01,534432,,,426.3265708095332,0.000534432
자동차부품,8708,BG,불가리아,2025-07-01,466449,,,-12.72060804742231,0.000466449
자동차부품,8708,BG,불가리아,2025-08-01,513173,,,10.016957909653579,0.000513173
자동차부품,8708,BG,불가리아,2025-09-01,432431,,,-15.733875320798251,0.000432431
자동차부품,8708,BG,불가리아,2025-10-01,524693,,,21.335658174367712,0.000524693
자동차부품,8708,BG,불가리아,2025-11-01,389663,,,-25.735048876199983,0.000389663
자동차부품,8708,BG,불가리아,2025-12-01,602207,,,54.545594526552435,0.000602207
자동차부품,8708,BG,불가리아,2026-01-01,484018,53453.0,805.50202982059,-19.625975785734806,0.000484018
자동차부품,8708,BG,불가리아,2026-02-01,347175,162988.0,113.00647900458931,-28.27229565842593,0.000347175
자동차부품,8708,BG,불가리아,2026-03-01,345649,358607.0,-3.613426397142272,-0.43954777849787297,0.000345649
자동차부품,8708,BG,불가리아,2026-04-01,819339,462290.0,77.23485258171279,137.04364832532426,0.000819339
자동차부품,8708,BG,불가리아,2026-05-01,769053,101540.0,657.3892062241481,-6.137386356563034,0.000769053
자동차부품,8708,BG,불가리아,2026-06-01,1186236,534432.0,121.96200826297824,54.246326326013936,0.001186236
자동차부품,8708,BG,불가리아,2026-07-01,913990,466449.0,95.94639499709507,-22.950407844644737,0.00091399
자동차부품,8708,GF,불령 가이아나,2025-01-01,806,,,,8.06e-07
자동차부품,8708,GF,불령 가이아나,2025-02-01,1339,,,66.12903225806453,1.339e-06
자동차부품,8708,GF,불령 가이아나,2025-03-01,134,,,-89.99253174010455,1.34e-07
자동차부품,8708,GF,불령 가이아나,2025-04-01,1407,,,950.0,1.407e-06
자동차부품,8708,GF,불령 가이아나,2025-06-01,3516,,,149.89339019189765,3.516e-06
자동차부품,8708,GF,불령 가이아나,2025-07-01,430,,,-87.77019340159272,4.3e-07
자동차부품,8708,GF,불령 가이아나,2025-08-01,146,,,-66.04651162790698,1.46e-07
자동차부품,8708,GF,불령 가이아나,2025-09-01,1304,,,793.1506849315068,1.304e-06
자동차부품,8708,GF,불령 가이아나,2025-10-01,281,,,-78.45092024539878,2.81e-07
자동차부품,8708,GF,불령 가이아나,2025-11-01,743,,,164.41281138790035,7.43e-07
자동차부품,8708,GF,불령 가이아나,2026-01-01,1155,,,55.450874831763116,1.155e-06
자동차부품,8708,GF,불령 가이아나,2026-02-01,376,,,-67.44588744588744,3.76e-07
자동차부품,8708,GF,불령 가이아나,2026-03-01,1270,806.0,57.56823821339951,237.7659574468085,1.27e-06
자동차부품,8708,GF,불령 가이아나,2026-04-01,1826,1339.0,36.37042569081403,43.77952755905512,1.826e-06
자동차부품,8708,GF,불령 가이아나,2026-05-01,91,134.0,-32.08955223880597,-95.01642935377875,9.1e-08
자동차부품,8708,GF,불령 가이아나,2026-06-01,1681,1407.0,19.474058280028437,1747.252747252747,1.681e-06
자동차부품,8708,GF,불령 가이아나,2026-07-01,883,3516.0,-74.88623435722413,-47.47174301011303,8.83e-07
자동차부품,8708,RE,불령 리유니온 코모도 제도,2025-01-01,78,,,,7.8e-08
자동차부품,8708,RE,불령 리유니온 코모도 제도,2025-02-01,2150,,,2656.4102564102564,2.15e-06
자동차부품,8708,RE,불령 리유니온 코모도 제도,2025-03-01,200,,,-90.69767441860466,2e-07
자동차부품,8708,RE,불령 리유니온 코모도 제도,2025-05-01,204,,,2.0000000000000018,2.04e-07
자동차부품,8708,RE,불령 리유니온 코모도 제도,2025-06-01,1915,,,838.7254901960783,1.915e-06
자동차부품,8708,RE,불령 리유니온 코모도 제도,2025-08-01,45,,,-97.65013054830287,4.5e-08
자동차부품,8708,RE,불령 리유니온 코모도 제도,2025-09-01,4436,,,9757.777777777777,4.436e-06
자동차부품,8708,RE,불령 리유니온 코모도 제도,2025-11-01,320,,,-92.7862939585212,3.2e-07
자동차부품,8708,RE,불령 리유니온 코모도 제도,2026-01-01,390,,,21.875,3.9e-07
자동차부품,8708,RE,불령 리유니온 코모도 제도,2026-02-01,11354,,,2811.2820512820513,1.1354e-05
자동차부품,8708,RE,불령 리유니온 코모도 제도,2026-03-01,2267,,,-80.03346838118725,2.267e-06
자동차부품,8708,RE,불령 리유니온 코모도 제도,2026-04-01,657,,,-71.01896779885311,6.57e-07
자동차부품,8708,RE,불령 리유니온 코모도 제도,2026-05-01,2951,78.0,3683.3333333333335,349.16286149162863,2.951e-06
자동차부품,8708,RE,불령 리유니온 코모도 제도,2026-07-01,943,2150.0,-56.139534883720934,-68.04473059979668,9.43e-07
자동차부품,8708,PF,불령 폴리네시아,2025-01-01,11233,,,,1.1233e-05
자동차부품,8708,PF,불령 폴리네시아,2025-02-01,51155,,,355.3992700080121,5.1155e-05
자동차부품,8708,PF,불령 폴리네시아,2025-03-01,37234,,,-27.213371126967058,3.7234e-05
자동차부품,8708,PF,불령 폴리네시아,2025-04-01,28582,,,-23.236826556373202,2.8582e-05
자동차부품,8708,PF,불령 폴리네시아,2025-05-01,20764,,,-27.35287943460919,2.0764e-05
자동차부품,8708,PF,불령 폴리네시아,2025-06-01,13318,,,-35.86014255442112,1.3318e-05
자동차부품,8708,PF,불령 폴리네시아,2025-07-01,34889,,,161.96876407869047,3.4889e-05
자동차부품,8708,PF,불령 폴리네시아,2025-08-01,5351,,,-84.66278769812835,5.351e-06
자동차부품,8708,PF,불령 폴리네시아,2025-09-01,78743,,,1371.556718370398,7.8743e-05
자동차부품,8708,PF,불령 폴리네시아,2025-10-01,13738,,,-82.55336982334937,1.3738e-05
자동차부품,8708,PF,불령 폴리네시아,2025-11-01,3157,,,-77.01994467899257,3.157e-06
자동차부품,8708,PF,불령 폴리네시아,2025-12-01,49328,,,1462.496040544821,4.9328e-05
자동차부품,8708,PF,불령 폴리네시아,2026-01-01,40247,11233.0,258.2925309356361,-18.409422640285435,4.0247e-05
자동차부품,8708,PF,불령 폴리네시아,2026-02-01,35789,51155.0,-30.03811944091487,-11.076601982756474,3.5789e-05
자동차부품,8708,PF,불령 폴리네시아,2026-03-01,34194,37234.0,-8.164580759520867,-4.456676632484847,3.4194e-05
자동차부품,8708,PF,불령 폴리네시아,2026-04-01,36585,28582.0,28.00013994821915,6.992454816634508,3.6585e-05
자동차부품,8708,PF,불령 폴리네시아,2026-05-01,42803,20764.0,106.14043536890772,16.99603662703293,4.2803e-05
자동차부품,8708,PF,불령 폴리네시아,2026-06-01,20155,13318.0,51.336537017570215,-52.91217905287014,2.0155e-05
자동차부품,8708,PF,불령 폴리네시아,2026-07-01,38428,34889.0,10.143598268795317,90.66236665839742,3.8428e-05
자동차부품,8708,BR,브라질,2025-01-01,42435900,,,,0.0424359
자동차부품,8708,BR,브라질,2025-02-01,52021931,,,22.589437245351228,0.052021931
자동차부품,8708,BR,브라질,2025-03-01,42260550,,,-18.76397283291925,0.04226055
자동차부품,8708,BR,브라질,2025-04-01,46650356,,,10.38747957610584,0.046650356
자동차부품,8708,BR,브라질,2025-05-01,36073619,,,-22.67236074254182,0.036073619
자동차부품,8708,BR,브라질,2025-06-01,52087467,,,44.3921304374812,0.052087467
자동차부품,8708,BR,브라질,2025-07-01,43551975,,,-16.3868440751784,0.043551975
자동차부품,8708,BR,브라질,2025-08-01,47180549,,,8.331594606214754,0.047180549
자동차부품,8708,BR,브라질,2025-09-01,42387834,,,-10.158243389664667,0.042387834
자동차부품,8708,BR,브라질,2025-10-01,36562418,,,-13.743132050578478,0.036562418
자동차부품,8708,BR,브라질,2025-11-01,38999922,,,6.666692558462617,0.038999922
자동차부품,8708,BR,브라질,2025-12-01,56411939,,,44.64628672847088,0.056411939
자동차부품,8708,BR,브라질,2026-01-01,44440897,42435900.0,4.724766058926533,-21.220759669331702,0.044440897
자동차부품,8708,BR,브라질,2026-02-01,38319990,52021931.0,-26.33877815877308,-13.773140087608947,0.03831999
자동차부품,8708,BR,브라질,2026-03-01,43765783,42260550.0,3.5617922625237997,14.211363311942415,0.043765783
자동차부품,8708,BR,브라질,2026-04-01,46249253,46650356.0,-0.8598069433810918,5.674455772903686,0.046249253
자동차부품,8708,BR,브라질,2026-05-01,46608863,36073619.0,29.204843572805927,0.7775476935811376,0.046608863
자동차부품,8708,BR,브라질,2026-06-01,51916137,52087467.0,-0.3289274942089193,11.386834302308557,0.051916137
자동차부품,8708,BR,브라질,2026-07-01,55274341,43551975.0,26.915808066109513,6.468516715717887,0.055274341
자동차부품,8708,BN,브루나이,2025-01-01,32946,,,,3.2946e-05
자동차부품,8708,BN,브루나이,2025-02-01,23274,,,-29.357129848843567,2.3274e-05
자동차부품,8708,BN,브루나이,2025-03-01,105936,,,355.1688579530807,0.000105936
자동차부품,8708,BN,브루나이,2025-04-01,74514,,,-29.66130493883099,7.4514e-05
자동차부품,8708,BN,브루나이,2025-05-01,44061,,,-40.86883001852001,4.4061e-05
자동차부품,8708,BN,브루나이,2025-06-01,120767,,,174.0904654910238,0.000120767
자동차부품,8708,BN,브루나이,2025-07-01,151008,,,25.040781008056847,0.000151008
자동차부품,8708,BN,브루나이,2025-08-01,185693,,,22.968981775799957,0.000185693
자동차부품,8708,BN,브루나이,2025-09-01,83261,,,-55.16201472322597,8.3261e-05
자동차부품,8708,BN,브루나이,2025-10-01,92096,,,10.611210530740678,9.2096e-05
자동차부품,8708,BN,브루나이,2025-11-01,89638,,,-2.6689541348158485,8.9638e-05
자동차부품,8708,BN,브루나이,2025-12-01,27185,,,-69.6724603404806,2.7185e-05
자동차부품,8708,BN,브루나이,2026-01-01,118739,32946.0,260.40490499605414,336.7813132242045,0.000118739
자동차부품,8708,BN,브루나이,2026-02-01,122144,23274.0,424.8087995187763,2.8676340545229495,0.000122144
자동차부품,8708,BN,브루나이,2026-03-01,56853,105936.0,-46.332691436338926,-53.45411972753471,5.6853e-05
자동차부품,8708,BN,브루나이,2026-04-01,120401,74514.0,61.58171618756207,111.77598367720263,0.000120401
자동차부품,8708,BN,브루나이,2026-05-01,50929,44061.0,15.587480992260726,-57.700517437562816,5.0929e-05
자동차부품,8708,BN,브루나이,2026-06-01,79238,120767.0,-34.38770525060654,55.58522649178268,7.9238e-05
자동차부품,8708,BN,브루나이,2026-07-01,118748,151008.0,-21.36310659037932,49.8624397385093,0.000118748
자동차부품,8708,WS,사모아,2026-03-01,24055,,,,2.4055e-05
자동차부품,8708,WS,사모아,2026-04-01,182,,,-99.24340054042818,1.82e-07
자동차부품,8708,WS,사모아,2026-07-01,33,,,-81.86813186813187,3.3e-08
자동차부품,8708,SA,사우디아라비아,2025-01-01,5851530,,,,0.00585153
자동차부품,8708,SA,사우디아라비아,2025-02-01,6709576,,,14.66361789138908,0.006709576
자동차부품,8708,SA,사우디아라비아,2025-03-01,5675664,,,-15.409498305108993,0.005675664
자동차부품,8708,SA,사우디아라비아,2025-04-01,5880089,,,3.6017812189023113,0.005880089
자동차부품,8708,SA,사우디아라비아,2025-05-01,6293077,,,7.023499134111755,0.006293077
자동차부품,8708,SA,사우디아라비아,2025-06-01,6036443,,,-4.078036864954937,0.006036443
자동차부품,8708,SA,사우디아라비아,2025-07-01,5661183,,,-6.2165748935258724,0.005661183
자동차부품,8708,SA,사우디아라비아,2025-08-01,4443211,,,-21.514443182635144,0.004443211
자동차부품,8708,SA,사우디아라비아,2025-09-01,4289265,,,-3.4647465537873345,0.004289265
자동차부품,8708,SA,사우디아라비아,2025-10-01,1919293,,,-55.25356908468001,0.001919293
자동차부품,8708,SA,사우디아라비아,2025-11-01,2727524,,,42.11087103428191,0.002727524
자동차부품,8708,SA,사우디아라비아,2025-12-01,3787228,,,38.85223374753073,0.003787228
자동차부품,8708,SA,사우디아라비아,2026-01-01,2591349,5851530.0,-55.71501812346514,-31.57663071777036,0.002591349
자동차부품,8708,SA,사우디아라비아,2026-02-01,3288575,6709576.0,-50.98684328190038,26.905908852879335,0.003288575
자동차부품,8708,SA,사우디아라비아,2026-03-01,1765818,5675664.0,-68.88790456940367,-46.304463179340594,0.001765818
자동차부품,8708,SA,사우디아라비아,2026-04-01,5487138,5880089.0,-6.682738985753445,210.7419903976514,0.005487138
자동차부품,8708,SA,사우디아라비아,2026-05-01,3927076,6293077.0,-37.59688622910541,-28.4312514101158,0.003927076
자동차부품,8708,SA,사우디아라비아,2026-06-01,5593162,6036443.0,-7.3434139939696275,42.42561131997444,0.005593162
자동차부품,8708,SA,사우디아라비아,2026-07-01,5563731,5661183.0,-1.7214069921428043,-0.5261960944453192,0.005563731
자동차부품,8708,CY,사이프러스,2025-01-01,539,,,,5.39e-07
자동차부품,8708,CY,사이프러스,2025-02-01,23060,,,4178.293135435993,2.306e-05
자동차부품,8708,CY,사이프러스,2025-03-01,64136,,,178.1266261925412,6.4136e-05
자동차부품,8708,CY,사이프러스,2025-04-01,702,,,-98.9054509168018,7.02e-07
자동차부품,8708,CY,사이프러스,2025-05-01,1938,,,176.06837606837607,1.938e-06
자동차부품,8708,CY,사이프러스,2025-06-01,1056,,,-45.5108359133127,1.056e-06
자동차부품,8708,CY,사이프러스,2025-07-01,2187,,,107.1022727272727,2.187e-06
자동차부품,8708,CY,사이프러스,2025-08-01,16192,,,640.3749428440786,1.6192e-05
자동차부품,8708,CY,사이프러스,2025-09-01,122870,,,658.8315217391305,0.00012287
자동차부품,8708,CY,사이프러스,2025-10-01,13,,,-99.98941971189062,1.3e-08
자동차부품,8708,CY,사이프러스,2025-11-01,1640,,,12515.384615384615,1.64e-06
자동차부품,8708,CY,사이프러스,2025-12-01,1003,,,-38.84146341463415,1.003e-06
자동차부품,8708,CY,사이프러스,2026-01-01,131,539.0,-75.69573283858998,-86.93918245264207,1.31e-07
자동차부품,8708,CY,사이프러스,2026-02-01,8628,23060.0,-62.58456201214224,6486.259541984732,8.628e-06
자동차부품,8708,CY,사이프러스,2026-03-01,118978,64136.0,85.5089185480853,1278.975428836347,0.000118978
자동차부품,8708,CY,사이프러스,2026-04-01,3279,702.0,367.09401709401715,-97.24402830775438,3.279e-06
자동차부품,8708,CY,사이프러스,2026-05-01,1260,1938.0,-34.98452012383901,-61.573650503202195,1.26e-06
자동차부품,8708,CY,사이프러스,2026-06-01,358,1056.0,-66.09848484848484,-71.58730158730158,3.58e-07
자동차부품,8708,CY,사이프러스,2026-07-01,6659,2187.0,204.48102423411066,1760.0558659217877,6.659e-06
자동차부품,8708,SM,산마리노,2026-01-01,0,,,,0.0
자동차부품,8708,SM,산마리노,2026-05-01,0,,,,0.0
자동차부품,8708,ST,상토메 프린스페,2025-01-01,0,,,,0.0
자동차부품,8708,ST,상토메 프린스페,2025-03-01,0,,,,0.0
자동차부품,8708,ST,상토메 프린스페,2025-07-01,0,,,,0.0
자동차부품,8708,ST,상토메 프린스페,2025-08-01,0,,,,0.0
자동차부품,8708,SN,세네갈,2025-01-01,9738,,,,9.738e-06
자동차부품,8708,SN,세네갈,2025-02-01,290,,,-97.02197576504416,2.9e-07
자동차부품,8708,SN,세네갈,2025-03-01,16949,,,5744.48275862069,1.6949e-05
자동차부품,8708,SN,세네갈,2025-04-01,49527,,,192.21192990736915,4.9527e-05
자동차부품,8708,SN,세네갈,2025-05-01,620,,,-98.74815757061805,6.2e-07
자동차부품,8708,SN,세네갈,2025-06-01,791,,,27.580645161290327,7.91e-07
자동차부품,8708,SN,세네갈,2025-07-01,14499,,,1732.9962073324903,1.4499e-05
자동차부품,8708,SN,세네갈,2025-08-01,26341,,,81.67459824815504,2.6341e-05
자동차부품,8708,SN,세네갈,2025-09-01,16565,,,-37.11324551080065,1.6565e-05
자동차부품,8708,SN,세네갈,2025-10-01,18386,,,10.993057651675219,1.8386e-05
자동차부품,8708,SN,세네갈,2025-11-01,35032,,,90.53627760252365,3.5032e-05
자동차부품,8708,SN,세네갈,2025-12-01,46890,,,33.84905229504454,4.689e-05
자동차부품,8708,SN,세네갈,2026-01-01,11511,9738.0,18.20702402957486,-75.45105566218811,1.1511e-05
자동차부품,8708,SN,세네갈,2026-02-01,10120,290.0,3389.655172413793,-12.084093475805746,1.012e-05
자동차부품,8708,SN,세네갈,2026-03-01,50657,16949.0,198.87898991090918,400.5632411067194,5.0657e-05
자동차부품,8708,SN,세네갈,2026-04-01,20057,49527.0,-59.50289740949381,-60.406261720986244,2.0057e-05
자동차부품,8708,SN,세네갈,2026-05-01,17124,620.0,2661.935483870968,-14.623323527945352,1.7124e-05
자동차부품,8708,SN,세네갈,2026-06-01,14572,791.0,1742.2250316055624,-14.903060032702642,1.4572e-05
자동차부품,8708,SN,세네갈,2026-07-01,47500,14499.0,227.60880060693842,225.9676091133681,4.75e-05
자동차부품,8708,RS,세르비아,2025-01-01,17404,,,,1.7404e-05
자동차부품,8708,RS,세르비아,2025-02-01,436,,,-97.49482877499426,4.36e-07
자동차부품,8708,RS,세르비아,2025-03-01,574,,,31.65137614678899,5.74e-07
자동차부품,8708,RS,세르비아,2025-04-01,33337,,,5707.839721254356,3.3337e-05
자동차부품,8708,RS,세르비아,2025-05-01,0,,,-100.0,0.0
자동차부품,8708,RS,세르비아,2025-06-01,22101,,,inf,2.2101e-05
자동차부품,8708,RS,세르비아,2025-07-01,38,,,-99.82806207863898,3.8e-08
자동차부품,8708,RS,세르비아,2025-08-01,5850,,,15294.736842105263,5.85e-06
자동차부품,8708,RS,세르비아,2025-09-01,14249,,,143.57264957264957,1.4249e-05
자동차부품,8708,RS,세르비아,2025-10-01,16193,,,13.643062671064632,1.6193e-05
자동차부품,8708,RS,세르비아,2025-11-01,0,,,-100.0,0.0
자동차부품,8708,RS,세르비아,2025-12-01,60189,,,inf,6.0189e-05
자동차부품,8708,RS,세르비아,2026-01-01,0,17404.0,-100.0,-100.0,0.0
자동차부품,8708,RS,세르비아,2026-02-01,245334,436.0,56169.266055045875,inf,0.000245334
자동차부품,8708,RS,세르비아,2026-03-01,35347,574.0,6058.0139372822305,-85.59229458615602,3.5347e-05
자동차부품,8708,RS,세르비아,2026-04-01,16395,33337.0,-50.82040975492696,-53.61699719919654,1.6395e-05
자동차부품,8708,RS,세르비아,2026-05-01,251718,0.0,inf,1435.3339432753887,0.000251718
자동차부품,8708,RS,세르비아,2026-06-01,431,22101.0,-98.0498619971947,-99.82877664688262,4.31e-07
자동차부품,8708,RS,세르비아,2026-07-01,229555,38.0,603992.1052631579,53161.02088167054,0.000229555
자동차부품,8708,SC,세이쉘,2025-02-01,330,,,,3.3e-07
자동차부품,8708,SC,세이쉘,2025-03-01,102,,,-69.0909090909091,1.02e-07
자동차부품,8708,SC,세이쉘,2025-04-01,70,,,-31.372549019607842,7e-08
자동차부품,8708,SC,세이쉘,2025-05-01,150,,,114.28571428571428,1.5e-07
자동차부품,8708,SC,세이쉘,2025-06-01,274,,,82.66666666666667,2.74e-07
자동차부품,8708,SC,세이쉘,2025-07-01,603,,,120.07299270072993,6.03e-07
자동차부품,8708,SC,세이쉘,2025-08-01,161,,,-73.30016583747927,1.61e-07
자동차부품,8708,SC,세이쉘,2025-09-01,2811,,,1645.9627329192547,2.811e-06
자동차부품,8708,SC,세이쉘,2025-10-01,97,,,-96.54927072216293,9.7e-08
자동차부품,8708,SC,세이쉘,2025-11-01,380,,,291.7525773195876,3.8e-07
자동차부품,8708,SC,세이쉘,2025-12-01,849,,,123.42105263157896,8.49e-07
자동차부품,8708,SC,세이쉘,2026-01-01,1138,,,34.04004711425206,1.138e-06
자동차부품,8708,SC,세이쉘,2026-02-01,65,330.0,-80.3030303030303,-94.28822495606327,6.5e-08
자동차부품,8708,SC,세이쉘,2026-03-01,294,102.0,188.23529411764704,352.3076923076923,2.94e-07
자동차부품,8708,SC,세이쉘,2026-04-01,1322,70.0,1788.5714285714287,349.6598639455782,1.322e-06
자동차부품,8708,SC,세이쉘,2026-06-01,153,150.0,2.0000000000000018,-88.42662632375189,1.53e-07
자동차부품,8708,LC,세인트 루시아,2025-01-01,245,,,,2.45e-07
자동차부품,8708,LC,세인트 루시아,2025-02-01,3730,,,1422.4489795918369,3.73e-06
자동차부품,8708,LC,세인트 루시아,2025-04-01,22936,,,514.9061662198392,2.2936e-05
자동차부품,8708,LC,세인트 루시아,2025-05-01,2853,,,-87.56103941402162,2.853e-06
자동차부품,8708,LC,세인트 루시아,2025-07-01,250,,,-91.23729407641079,2.5e-07
자동차부품,8708,LC,세인트 루시아,2025-08-01,18691,,,7376.4,1.8691e-05
자동차부품,8708,LC,세인트 루시아,2025-09-01,1757,,,-90.5997538922476,1.757e-06
자동차부품,8708,LC,세인트 루시아,2025-10-01,28962,,,1548.3779169038132,2.8962e-05
자동차부품,8708,LC,세인트 루시아,2025-11-01,1512,,,-94.77936606587943,1.512e-06
자동차부품,8708,LC,세인트 루시아,2026-01-01,36,,,-97.61904761904762,3.6e-08
자동차부품,8708,LC,세인트 루시아,2026-02-01,500,,,1288.888888888889,5e-07
자동차부품,8708,LC,세인트 루시아,2026-03-01,781,,,56.2,7.81e-07
자동차부품,8708,LC,세인트 루시아,2026-04-01,21509,245.0,8679.183673469388,2654.033290653009,2.1509e-05
자동차부품,8708,LC,세인트 루시아,2026-05-01,1115,3730.0,-70.10723860589813,-94.81612348319308,1.115e-06
자동차부품,8708,LC,세인트 루시아,2026-06-01,2717,22936.0,-88.15399372166027,143.67713004484304,2.717e-06
자동차부품,8708,LC,세인트 루시아,2026-07-01,1149,2853.0,-59.72660357518402,-57.710710342289296,1.149e-06
자동차부품,8708,MF,세인트 마틴,2025-02-01,143133,,,,0.000143133
자동차부품,8708,MF,세인트 마틴,2025-11-01,7241,,,-94.94106879615462,7.241e-06
자동차부품,8708,BL,세인트 바르탤르미,2025-01-01,4887,,,,4.887e-06
자동차부품,8708,BL,세인트 바르탤르미,2025-02-01,3883,,,-20.544301207284633,3.883e-06
자동차부품,8708,BL,세인트 바르탤르미,2025-03-01,7074,,,82.17872778779294,7.074e-06
자동차부품,8708,BL,세인트 바르탤르미,2025-05-01,14486,,,104.77806050325134,1.4486e-05
자동차부품,8708,BL,세인트 바르탤르미,2025-07-01,10499,,,-27.523125776611902,1.0499e-05
자동차부품,8708,BL,세인트 바르탤르미,2025-08-01,6588,,,-37.251166777788356,6.588e-06
자동차부품,8708,BL,세인트 바르탤르미,2025-09-01,3109,,,-52.80813600485732,3.109e-06
자동차부품,8708,BL,세인트 바르탤르미,2025-10-01,2550,,,-17.980057896429724,2.55e-06
자동차부품,8708,BL,세인트 바르탤르미,2025-11-01,1981,,,-22.313725490196077,1.981e-06
자동차부품,8708,BL,세인트 바르탤르미,2025-12-01,12504,,,531.1963654719839,1.2504e-05
자동차부품,8708,BL,세인트 바르탤르미,2026-01-01,6654,,,-46.78502879078695,6.654e-06
자동차부품,8708,BL,세인트 바르탤르미,2026-02-01,6839,,,2.780282536819967,6.839e-06
자동차부품,8708,BL,세인트 바르탤르미,2026-03-01,4172,4887.0,-14.630652752199714,-38.99692937563971,4.172e-06
자동차부품,8708,BL,세인트 바르탤르미,2026-04-01,2856,3883.0,-26.44862219933042,-31.543624161073826,2.856e-06
자동차부품,8708,BL,세인트 바르탤르미,2026-05-01,2736,7074.0,-61.32315521628499,-4.201680672268903,2.736e-06
자동차부품,8708,BL,세인트 바르탤르미,2026-06-01,5836,14486.0,-59.712826176998476,113.30409356725144,5.836e-06
자동차부품,8708,BL,세인트 바르탤르미,2026-07-01,3396,10499.0,-67.65406229164682,-41.80945853324195,3.396e-06
자동차부품,8708,VC,세인트 빈센트 그레나딘,2025-03-01,0,,,,0.0
자동차부품,8708,VC,세인트 빈센트 그레나딘,2026-03-01,33,,,inf,3.3e-08
자동차부품,8708,KN,세인트 키츠 네비스,2025-02-01,0,,,,0.0
자동차부품,8708,KN,세인트 키츠 네비스,2025-03-01,5090,,,inf,5.09e-06
자동차부품,8708,KN,세인트 키츠 네비스,2025-08-01,6533,,,28.349705304518658,6.533e-06
자동차부품,8708,KN,세인트 키츠 네비스,2025-11-01,200,,,-96.9386193173121,2e-07
자동차부품,8708,KN,세인트 키츠 네비스,2026-03-01,1034,,,417.0,1.034e-06
자동차부품,8708,KN,세인트 키츠 네비스,2026-04-01,643,,,-37.81431334622823,6.43e-07
자동차부품,8708,KN,세인트 키츠 네비스,2026-05-01,206,,,-67.96267496111975,2.06e-07
자동차부품,8708,KN,세인트 키츠 네비스,2026-06-01,378,,,83.49514563106797,3.78e-07
자동차부품,8708,KN,세인트 키츠 네비스,2026-07-01,446,,,17.989417989418,4.46e-07
자동차부품,8708,SX,세인트마틴(생마르탱),2025-01-01,0,,,,0.0
자동차부품,8708,SX,세인트마틴(생마르탱),2025-06-01,1452,,,inf,1.452e-06
자동차부품,8708,SX,세인트마틴(생마르탱),2025-07-01,1138,,,-21.62534435261708,1.138e-06
자동차부품,8708,SX,세인트마틴(생마르탱),2025-08-01,70,,,-93.84885764499121,7e-08
자동차부품,8708,SX,세인트마틴(생마르탱),2025-12-01,1080,,,1442.857142857143,1.08e-06
자동차부품,8708,SX,세인트마틴(생마르탱),2026-02-01,320,,,-70.37037037037037,3.2e-07
자동차부품,8708,SX,세인트마틴(생마르탱),2026-03-01,298,,,-6.874999999999998,2.98e-07
자동차부품,8708,SX,세인트마틴(생마르탱),2026-04-01,34,,,-88.59060402684564,3.4e-08
자동차부품,8708,SX,세인트마틴(생마르탱),2026-05-01,879,,,2485.2941176470586,8.79e-07
자동차부품,8708,SX,세인트마틴(생마르탱),2026-06-01,2121,,,141.29692832764508,2.121e-06
자동차부품,8708,SX,세인트마틴(생마르탱),2026-07-01,1029,,,-51.48514851485149,1.029e-06
자동차부품,8708,SO,소말리아,2025-09-01,21353,,,,2.1353e-05
자동차부품,8708,SO,소말리아,2026-07-01,120960,,,466.47777829813145,0.00012096
자동차부품,8708,SB,솔로몬 군도,2025-01-01,15,,,,1.5e-08
자동차부품,8708,SB,솔로몬 군도,2025-02-01,175,,,1066.6666666666665,1.75e-07
자동차부품,8708,SB,솔로몬 군도,2025-03-01,5888,,,3264.5714285714284,5.888e-06
자동차부품,8708,SB,솔로몬 군도,2025-04-01,2722,,,-53.770380434782616,2.722e-06
자동차부품,8708,SB,솔로몬 군도,2025-05-01,295,,,-89.16238060249816,2.95e-07
자동차부품,8708,SB,솔로몬 군도,2025-06-01,373,,,26.4406779661017,3.73e-07
자동차부품,8708,SB,솔로몬 군도,2025-07-01,547,,,46.648793565683654,5.47e-07
자동차부품,8708,SB,솔로몬 군도,2025-08-01,607,,,10.968921389396712,6.07e-07
자동차부품,8708,SB,솔로몬 군도,2025-10-01,803,,,32.289950576606266,8.03e-07
자동차부품,8708,SB,솔로몬 군도,2025-11-01,5480,,,582.4408468244085,5.48e-06
자동차부품,8708,SB,솔로몬 군도,2026-01-01,143,,,-97.3905109489051,1.43e-07
자동차부품,8708,SB,솔로몬 군도,2026-02-01,494,,,245.45454545454547,4.94e-07
자동차부품,8708,SB,솔로몬 군도,2026-03-01,44,15.0,193.33333333333331,-91.09311740890689,4.4e-08
자동차부품,8708,SB,솔로몬 군도,2026-04-01,454,175.0,159.42857142857144,931.8181818181819,4.54e-07
자동차부품,8708,SB,솔로몬 군도,2026-05-01,455,5888.0,-92.27241847826086,0.22026431718060735,4.55e-07
자동차부품,8708,SB,솔로몬 군도,2026-06-01,608,2722.0,-77.66348273328435,33.62637362637362,6.08e-07
자동차부품,8708,SB,솔로몬 군도,2026-07-01,618,295.0,109.4915254237288,1.6447368421052655,6.18e-07
자동차부품,8708,SD,수단,2025-01-01,449460,,,,0.00044946
자동차부품,8708,SD,수단,2025-02-01,316210,,,-29.646687135673922,0.00031621
자동차부품,8708,SD,수단,2025-03-01,679110,,,114.76550393725691,0.00067911
자동차부품,8708,SD,수단,2025-04-01,592680,,,-12.726951451164027,0.00059268
자동차부품,8708,SD,수단,2025-05-01,428516,,,-27.698589458054933,0.000428516
자동차부품,8708,SD,수단,2025-06-01,1230641,,,187.1867094810929,0.001230641
자동차부품,8708,SD,수단,2025-07-01,544596,,,-55.74696438685205,0.000544596
자동차부품,8708,SD,수단,2025-08-01,544532,,,-0.011751830714878952,0.000544532
자동차부품,8708,SD,수단,2025-09-01,2575431,,,372.96228688121175,0.002575431
자동차부품,8708,SD,수단,2025-10-01,798092,,,-69.01132276500516,0.000798092
자동차부품,8708,SD,수단,2025-11-01,1750271,,,119.30692200899142,0.001750271
자동차부품,8708,SD,수단,2025-12-01,1526428,,,-12.78904809598057,0.001526428
자동차부품,8708,SD,수단,2026-01-01,1530964,449460.0,240.62296978596538,0.2971643601925589,0.001530964
자동차부품,8708,SD,수단,2026-02-01,320148,316210.0,1.2453749090794108,-79.0884697484722,0.000320148
자동차부품,8708,SD,수단,2026-03-01,1184992,679110.0,74.49190852733724,270.138810800005,0.001184992
자동차부품,8708,SD,수단,2026-04-01,1354789,592680.0,128.5869271782412,14.328957495071704,0.001354789
자동차부품,8708,SD,수단,2026-05-01,1385111,428516.0,223.23437164539945,2.238134499172939,0.001385111
자동차부품,8708,SD,수단,2026-06-01,1515834,1230641.0,23.17434572714545,9.437727373474036,0.001515834
자동차부품,8708,SD,수단,2026-07-01,3202317,544596.0,488.0169887402772,111.25776305321028,0.003202317
자동차부품,8708,SR,수리남,2025-01-01,4995,,,,4.995e-06
자동차부품,8708,SR,수리남,2025-03-01,0,,,-100.0,0.0
자동차부품,8708,SR,수리남,2025-04-01,1786,,,inf,1.786e-06
자동차부품,8708,SR,수리남,2025-05-01,0,,,-100.0,0.0
자동차부품,8708,SR,수리남,2025-06-01,1634,,,inf,1.634e-06
자동차부품,8708,SR,수리남,2025-07-01,336,,,-79.43696450428396,3.36e-07
자동차부품,8708,SR,수리남,2025-09-01,2028,,,503.57142857142856,2.028e-06
자동차부품,8708,SR,수리남,2025-10-01,7435,,,266.6173570019724,7.435e-06
자동차부품,8708,SR,수리남,2025-11-01,0,,,-100.0,0.0
자동차부품,8708,SR,수리남,2026-01-01,0,,,,0.0
자동차부품,8708,SR,수리남,2026-02-01,0,,,,0.0
자동차부품,8708,SR,수리남,2026-03-01,4289,,,inf,4.289e-06
자동차부품,8708,SR,수리남,2026-04-01,5358,4995.0,7.2672672672672745,24.924224761016546,5.358e-06
자동차부품,8708,SR,수리남,2026-05-01,65021,0.0,inf,1113.5311683463979,6.5021e-05
자동차부품,8708,SR,수리남,2026-06-01,2423,1786.0,35.66629339305712,-96.27351163470263,2.423e-06
자동차부품,8708,SR,수리남,2026-07-01,930,0.0,inf,-61.617829137432935,9.3e-07
자동차부품,8708,LK,스리랑카,2025-01-01,11706,,,,1.1706e-05
자동차부품,8708,LK,스리랑카,2025-02-01,125270,,,970.1349735178541,0.00012527
자동차부품,8708,LK,스리랑카,2025-03-01,73395,,,-41.410553205077036,7.3395e-05
자동차부품,8708,LK,스리랑카,2025-04-01,75900,,,3.4130390353566353,7.59e-05
자동차부품,8708,LK,스리랑카,2025-05-01,96052,,,26.550724637681157,9.6052e-05
자동차부품,8708,LK,스리랑카,2025-06-01,52553,,,-45.28692791404656,5.2553e-05
자동차부품,8708,LK,스리랑카,2025-07-01,85612,,,62.90601868589805,8.5612e-05
자동차부품,8708,LK,스리랑카,2025-08-01,114724,,,34.00457879736485,0.000114724
자동차부품,8708,LK,스리랑카,2025-09-01,131137,,,14.306509535929713,0.000131137
자동차부품,8708,LK,스리랑카,2025-10-01,65831,,,-49.799827661148264,6.5831e-05
자동차부품,8708,LK,스리랑카,2025-11-01,61555,,,-6.495420090838666,6.1555e-05
자동차부품,8708,LK,스리랑카,2025-12-01,72082,,,17.10177889692146,7.2082e-05
자동차부품,8708,LK,스리랑카,2026-01-01,74867,11706.0,539.5609089355886,3.863655281484979,7.4867e-05
자동차부품,8708,LK,스리랑카,2026-02-01,40369,125270.0,-67.7744072802746,-46.07904684306837,4.0369e-05
자동차부품,8708,LK,스리랑카,2026-03-01,58204,73395.0,-20.69759520403297,44.17994005301098,5.8204e-05
자동차부품,8708,LK,스리랑카,2026-04-01,52888,75900.0,-30.318840579710148,-9.13339289395918,5.2888e-05
자동차부품,8708,LK,스리랑카,2026-05-01,103674,96052.0,7.935285053929131,96.02556345484798,0.000103674
자동차부품,8708,LK,스리랑카,2026-06-01,88393,52553.0,68.19781934428102,-14.739471805852967,8.8393e-05
자동차부품,8708,LK,스리랑카,2026-07-01,28825,85612.0,-66.33065458113349,-67.38995169300736,2.8825e-05
자동차부품,8708,SZ,스와질랜드,2025-01-01,0,,,,0.0
자동차부품,8708,SZ,스와질랜드,2025-02-01,0,,,,0.0
자동차부품,8708,SZ,스와질랜드,2025-03-01,0,,,,0.0
자동차부품,8708,SZ,스와질랜드,2025-04-01,0,,,,0.0
자동차부품,8708,SZ,스와질랜드,2025-06-01,0,,,,0.0
자동차부품,8708,SZ,스와질랜드,2025-07-01,0,,,,0.0
자동차부품,8708,SZ,스와질랜드,2025-08-01,0,,,,0.0
자동차부품,8708,SZ,스와질랜드,2025-09-01,0,,,,0.0
자동차부품,8708,SZ,스와질랜드,2025-10-01,0,,,,0.0
자동차부품,8708,SZ,스와질랜드,2025-11-01,0,,,,0.0
자동차부품,8708,SZ,스와질랜드,2026-01-01,0,,,,0.0
자동차부품,8708,SZ,스와질랜드,2026-02-01,0,,,,0.0
자동차부품,8708,SZ,스와질랜드,2026-04-01,0,0.0,,,0.0
자동차부품,8708,SE,스웨덴,2025-01-01,1978075,,,,0.001978075
자동차부품,8708,SE,스웨덴,2025-02-01,2760602,,,39.56002679372623,0.002760602
자동차부품,8708,SE,스웨덴,2025-03-01,2946811,,,6.745231655993877,0.002946811
자동차부품,8708,SE,스웨덴,2025-04-01,3940026,,,33.70474048047194,0.003940026
자동차부품,8708,SE,스웨덴,2025-05-01,3066098,,,-22.18076733503789,0.003066098
자동차부품,8708,SE,스웨덴,2025-06-01,3435752,,,12.056170415948863,0.003435752
자동차부품,8708,SE,스웨덴,2025-07-01,3392709,,,-1.2527970586934112,0.003392709
자동차부품,8708,SE,스웨덴,2025-08-01,2392208,,,-29.489738141408527,0.002392208
자동차부품,8708,SE,스웨덴,2025-09-01,3106392,,,29.854594583748572,0.003106392
자동차부품,8708,SE,스웨덴,2025-10-01,3070673,,,-1.149854879873502,0.003070673
자동차부품,8708,SE,스웨덴,2025-11-01,4435527,,,44.44804119487813,0.004435527
자동차부품,8708,SE,스웨덴,2025-12-01,4191893,,,-5.492785862874916,0.004191893
자동차부품,8708,SE,스웨덴,2026-01-01,2645566,1978075.0,33.74447379396634,-36.88851313714353,0.002645566
자동차부품,8708,SE,스웨덴,2026-02-01,2846968,2760602.0,3.128520518350708,7.612813288347375,0.002846968
자동차부품,8708,SE,스웨덴,2026-03-01,3602143,2946811.0,22.238684462627557,26.525587923713935,0.003602143
자동차부품,8708,SE,스웨덴,2026-04-01,6658116,3940026.0,68.98660059603668,84.83763692890594,0.006658116
자동차부품,8708,SE,스웨덴,2026-05-01,4533456,3066098.0,47.85750488079636,-31.910828829056147,0.004533456
자동차부품,8708,SE,스웨덴,2026-06-01,4716580,3435752.0,37.279407826874575,4.0393906988399175,0.00471658
자동차부품,8708,SE,스웨덴,2026-07-01,3288537,3392709.0,-3.070466697851182,-30.277086363424345,0.003288537
자동차부품,8708,CH,스위스,2025-01-01,2814,,,,2.814e-06
자동차부품,8708,CH,스위스,2025-02-01,2953,,,4.93958777540866,2.953e-06
자동차부품,8708,CH,스위스,2025-03-01,8520,,,188.5201490010159,8.52e-06
자동차부품,8708,CH,스위스,2025-04-01,5974,,,-29.882629107981217,5.974e-06
자동차부품,8708,CH,스위스,2025-05-01,2221,,,-62.8222296618681,2.221e-06
자동차부품,8708,CH,스위스,2025-06-01,7374,,,232.01260693381357,7.374e-06
자동차부품,8708,CH,스위스,2025-07-01,4622,,,-37.320314618931384,4.622e-06
자동차부품,8708,CH,스위스,2025-08-01,851,,,-81.58805711813069,8.51e-07
자동차부품,8708,CH,스위스,2025-09-01,2073,,,143.59576968272623,2.073e-06
자동차부품,8708,CH,스위스,2025-10-01,30254,,,1359.430776652195,3.0254e-05
자동차부품,8708,CH,스위스,2025-11-01,2004,,,-93.37608250148742,2.004e-06
자동차부품,8708,CH,스위스,2025-12-01,17810,,,788.7225548902196,1.781e-05
자동차부품,8708,CH,스위스,2026-01-01,2415,2814.0,-14.179104477611936,-86.4402021336328,2.415e-06
자동차부품,8708,CH,스위스,2026-02-01,13178,2953.0,346.25804266847274,445.67287784679087,1.3178e-05
자동차부품,8708,CH,스위스,2026-03-01,9461,8520.0,11.04460093896713,-28.2061010775535,9.461e-06
자동차부품,8708,CH,스위스,2026-04-01,5970,5974.0,-0.06695681285571187,-36.898847901913115,5.97e-06
자동차부품,8708,CH,스위스,2026-05-01,31047,2221.0,1297.8838361098606,420.0502512562814,3.1047e-05
자동차부품,8708,CH,스위스,2026-06-01,14820,7374.0,100.97640358014645,-52.26591941250363,1.482e-05
자동차부품,8708,CH,스위스,2026-07-01,11408,4622.0,146.81955863262658,-23.022941970310395,1.1408e-05
자동차부품,8708,ES,스페인,2025-01-01,7554304,,,,0.007554304
자동차부품,8708,ES,스페인,2025-02-01,7724270,,,2.249922693076689,0.00772427
자동차부품,8708,ES,스페인,2025-03-01,8073880,,,4.526123504227586,0.00807388
자동차부품,8708,ES,스페인,2025-04-01,8043383,,,-0.3777242168573225,0.008043383
자동차부품,8708,ES,스페인,2025-05-01,6974086,,,-13.294120148201326,0.006974086
자동차부품,8708,ES,스페인,2025-06-01,7326982,,,5.060103933332627,0.007326982
자동차부품,8708,ES,스페인,2025-07-01,8583333,,,17.14690987366967,0.008583333
자동차부품,8708,ES,스페인,2025-08-01,8070761,,,-5.971712853270406,0.008070761
자동차부품,8708,ES,스페인,2025-09-01,10009780,,,24.02523132576966,0.01000978
자동차부품,8708,ES,스페인,2025-10-01,9225364,,,-7.836495907002949,0.009225364
자동차부품,8708,ES,스페인,2025-11-01,9386933,,,1.7513563692446166,0.009386933
자동차부품,8708,ES,스페인,2025-12-01,10668648,,,13.65424681309646,0.010668648
자동차부품,8708,ES,스페인,2026-01-01,11844480,7554304.0,56.79114846318072,11.021377779077547,0.01184448
자동차부품,8708,ES,스페인,2026-02-01,10698533,7724270.0,38.505425108133196,-9.674945628681042,0.010698533
자동차부품,8708,ES,스페인,2026-03-01,10700679,8073880.0,32.53453110524307,0.02005882488749222,0.010700679
자동차부품,8708,ES,스페인,2026-04-01,13578481,8043383.0,68.81554689115264,26.89363917934553,0.013578481
자동차부품,8708,ES,스페인,2026-05-01,8160829,6974086.0,17.01646638713661,-39.89880753230056,0.008160829
자동차부품,8708,ES,스페인,2026-06-01,10178903,7326982.0,38.92354314504936,24.728786744581942,0.010178903
자동차부품,8708,ES,스페인,2026-07-01,12706369,8583333.0,48.03537273923777,24.830436049935823,0.012706369
자동차부품,8708,SK,슬로바키아,2025-01-01,45439253,,,,0.045439253
자동차부품,8708,SK,슬로바키아,2025-02-01,59271435,,,30.441041801457438,0.059271435
자동차부품,8708,SK,슬로바키아,2025-03-01,63080626,,,6.426689348756276,0.063080626
자동차부품,8708,SK,슬로바키아,2025-04-01,89536494,,,41.93976768715009,0.089536494
자동차부품,8708,SK,슬로바키아,2025-05-01,70100473,,,-21.70737330858633,0.070100473
자동차부품,8708,SK,슬로바키아,2025-06-01,76190690,,,8.687840094887811,0.07619069
자동차부품,8708,SK,슬로바키아,2025-07-01,95637004,,,25.523215500476493,0.095637004
자동차부품,8708,SK,슬로바키아,2025-08-01,84369066,,,-11.781985558644227,0.084369066
자동차부품,8708,SK,슬로바키아,2025-09-01,81947142,,,-2.8706303326861526,0.081947142
자동차부품,8708,SK,슬로바키아,2025-10-01,53888197,,,-34.2402972394083,0.053888197
자동차부품,8708,SK,슬로바키아,2025-11-01,60381630,,,12.04982419434073,0.06038163
자동차부품,8708,SK,슬로바키아,2025-12-01,44344126,,,-26.56023694623679,0.044344126
자동차부품,8708,SK,슬로바키아,2026-01-01,56383277,45439253.0,24.084955798018946,27.149370358545344,0.056383277
자동차부품,8708,SK,슬로바키아,2026-02-01,36483301,59271435.0,-38.447076572382635,-35.29411034410078,0.036483301
자동차부품,8708,SK,슬로바키아,2026-03-01,51423570,63080626.0,-18.479613693117123,40.95097918908159,0.05142357
자동차부품,8708,SK,슬로바키아,2026-04-01,57904423,89536494.0,-35.32869066774046,12.602884241603608,0.057904423
자동차부품,8708,SK,슬로바키아,2026-05-01,47345706,70100473.0,-32.460218920348794,-18.234733122200353,0.047345706
자동차부품,8708,SK,슬로바키아,2026-06-01,50666475,76190690.0,-33.500438176895365,7.0138757673188,0.050666475
자동차부품,8708,SK,슬로바키아,2026-07-01,66064168,95637004.0,-30.921959872352332,30.39029851593189,0.066064168
자동차부품,8708,SI,슬로베니아,2025-01-01,1228486,,,,0.001228486
자동차부품,8708,SI,슬로베니아,2025-02-01,590829,,,-51.9059232258243,0.000590829
자동차부품,8708,SI,슬로베니아,2025-03-01,787941,,,33.361937210258795,0.000787941
자동차부품,8708,SI,슬로베니아,2025-04-01,24080,,,-96.94393361939537,2.408e-05
자동차부품,8708,SI,슬로베니아,2025-05-01,747038,,,3002.3172757475086,0.000747038
자동차부품,8708,SI,슬로베니아,2025-06-01,1232407,,,64.97246458680817,0.001232407
자동차부품,8708,SI,슬로베니아,2025-07-01,2142830,,,73.87356611898504,0.00214283
자동차부품,8708,SI,슬로베니아,2025-08-01,2888473,,,34.79711409677857,0.002888473
자동차부품,8708,SI,슬로베니아,2025-09-01,1857530,,,-35.691626683025945,0.00185753
자동차부품,8708,SI,슬로베니아,2025-10-01,1690301,,,-9.002761731977415,0.001690301
자동차부품,8708,SI,슬로베니아,2025-11-01,1600353,,,-5.321419084529911,0.001600353
자동차부품,8708,SI,슬로베니아,2025-12-01,1495961,,,-6.523060849700036,0.001495961
자동차부품,8708,SI,슬로베니아,2026-01-01,620157,1228486.0,-49.518594432496585,-58.544574357219204,0.000620157
자동차부품,8708,SI,슬로베니아,2026-02-01,158309,590829.0,-73.20561448405545,-74.47275447991395,0.000158309
자동차부품,8708,SI,슬로베니아,2026-03-01,1341048,787941.0,70.19649948409842,747.10787131496,0.001341048
자동차부품,8708,SI,슬로베니아,2026-04-01,1786603,24080.0,7319.447674418605,33.22438868705668,0.001786603
자동차부품,8708,SI,슬로베니아,2026-05-01,1806205,747038.0,141.7822118821265,1.0971659624438024,0.001806205
자동차부품,8708,SI,슬로베니아,2026-06-01,1687263,1232407.0,36.90793706949085,-6.585188281507359,0.001687263
자동차부품,8708,SI,슬로베니아,2026-07-01,1655122,2142830.0,-22.759994959936158,-1.9049193871969017,0.001655122
자동차부품,8708,SY,시리아,2025-01-01,155272,,,,0.000155272
자동차부품,8708,SY,시리아,2025-02-01,1641491,,,957.1712865165646,0.001641491
자동차부품,8708,SY,시리아,2025-03-01,1614562,,,-1.640520721709715,0.001614562
자동차부품,8708,SY,시리아,2025-04-01,2576929,,,59.605453367538686,0.002576929
자동차부품,8708,SY,시리아,2025-05-01,3367583,,,30.682024999524636,0.003367583
자동차부품,8708,SY,시리아,2025-06-01,2686680,,,-20.219338320688752,0.00268668
자동차부품,8708,SY,시리아,2025-07-01,3538679,,,31.71196420861435,0.003538679
자동차부품,8708,SY,시리아,2025-08-01,4089960,,,15.578723020652617,0.00408996
자동차부품,8708,SY,시리아,2025-09-01,5087281,,,24.384615008459743,0.005087281
자동차부품,8708,SY,시리아,2025-10-01,4980609,,,-2.096837190632872,0.004980609
자동차부품,8708,SY,시리아,2025-11-01,6377936,,,28.055344236016122,0.006377936
자동차부품,8708,SY,시리아,2025-12-01,6880314,,,7.876811557845675,0.006880314
자동차부품,8708,SY,시리아,2026-01-01,4051756,155272.0,2509.456952959967,-41.11088534622112,0.004051756
자동차부품,8708,SY,시리아,2026-02-01,7037466,1641491.0,328.72400762477525,73.68928434979796,0.007037466
자동차부품,8708,SY,시리아,2026-03-01,5356687,1614562.0,231.7733849799512,-23.88329833494045,0.005356687
자동차부품,8708,SY,시리아,2026-04-01,6783654,2576929.0,163.2456695547297,26.638984133289846,0.006783654
자동차부품,8708,SY,시리아,2026-05-01,7165498,3367583.0,112.77866054080926,5.628883784461891,0.007165498
자동차부품,8708,SY,시리아,2026-06-01,5681013,2686680.0,111.45104738934299,-20.717122522398302,0.005681013
자동차부품,8708,SY,시리아,2026-07-01,6978354,3538679.0,97.20223281060531,22.836437797273135,0.006978354
자동차부품,8708,SL,시에라 리온,2025-01-01,1000,,,,1e-06
자동차부품,8708,SL,시에라 리온,2025-02-01,0,,,-100.0,0.0
자동차부품,8708,SL,시에라 리온,2025-03-01,228,,,inf,2.28e-07
자동차부품,8708,SL,시에라 리온,2025-04-01,7,,,-96.9298245614035,7e-09
자동차부품,8708,SL,시에라 리온,2025-05-01,7,,,0.0,7e-09
자동차부품,8708,SL,시에라 리온,2025-06-01,0,,,-100.0,0.0
자동차부품,8708,SL,시에라 리온,2025-07-01,200,,,inf,2e-07
자동차부품,8708,SL,시에라 리온,2025-08-01,54,,,-73.0,5.4e-08
자동차부품,8708,SL,시에라 리온,2025-09-01,6,,,-88.88888888888889,6e-09
자동차부품,8708,SL,시에라 리온,2025-10-01,539,,,8883.333333333332,5.39e-07
자동차부품,8708,SL,시에라 리온,2025-11-01,0,,,-100.0,0.0
자동차부품,8708,SL,시에라 리온,2025-12-01,0,,,,0.0
자동차부품,8708,SL,시에라 리온,2026-01-01,50,1000.0,-95.0,inf,5e-08
자동차부품,8708,SL,시에라 리온,2026-02-01,4007,0.0,inf,7914.0,4.007e-06
자동차부품,8708,SL,시에라 리온,2026-03-01,686,228.0,200.8771929824561,-82.87996006987771,6.86e-07
자동차부품,8708,SL,시에라 리온,2026-04-01,0,7.0,-100.0,-100.0,0.0
자동차부품,8708,SL,시에라 리온,2026-05-01,274,7.0,3814.2857142857147,inf,2.74e-07
자동차부품,8708,SL,시에라 리온,2026-07-01,71,0.0,inf,-74.08759124087592,7.1e-08
자동차부품,8708,SG,싱가포르,2025-01-01,1354039,,,,0.001354039
자동차부품,8708,SG,싱가포르,2025-02-01,1510567,,,11.560080618061953,0.001510567
자동차부품,8708,SG,싱가포르,2025-03-01,1742848,,,15.377073641884142,0.001742848
자동차부품,8708,SG,싱가포르,2025-04-01,1720951,,,-1.2563918368096338,0.001720951
자동차부품,8708,SG,싱가포르,2025-05-01,1255143,,,-27.066894990037483,0.001255143
자동차부품,8708,SG,싱가포르,2025-06-01,1536151,,,22.38852465416292,0.001536151
자동차부품,8708,SG,싱가포르,2025-07-01,2017472,,,31.332922349430504,0.002017472
자동차부품,8708,SG,싱가포르,2025-08-01,1448014,,,-28.226314912920724,0.001448014
자동차부품,8708,SG,싱가포르,2025-09-01,2360986,,,63.04994288729253,0.002360986
자동차부품,8708,SG,싱가포르,2025-10-01,1743796,,,-26.141196940600242,0.001743796
자동차부품,8708,SG,싱가포르,2025-11-01,3676772,,,110.84874606892092,0.003676772
자동차부품,8708,SG,싱가포르,2025-12-01,2302054,,,-37.38926427855739,0.002302054
자동차부품,8708,SG,싱가포르,2026-01-01,1776490,1354039.0,31.199322914628013,-22.83022031629145,0.00177649
자동차부품,8708,SG,싱가포르,2026-02-01,2385077,1510567.0,57.89283097009268,34.257834268698396,0.002385077
자동차부품,8708,SG,싱가포르,2026-03-01,3144286,1742848.0,80.41079887632196,31.83163478579518,0.003144286
자동차부품,8708,SG,싱가포르,2026-04-01,2189559,1720951.0,27.22959572933803,-30.363872752033373,0.002189559
자동차부품,8708,SG,싱가포르,2026-05-01,2202799,1255143.0,75.5018352490513,0.6046879759805446,0.002202799
자동차부품,8708,SG,싱가포르,2026-06-01,3047182,1536151.0,98.36474409091294,38.33227634477772,0.003047182
자동차부품,8708,SG,싱가포르,2026-07-01,2206466,2017472.0,9.367862354471335,-27.58995032131326,0.002206466
자동차부품,8708,AE,아랍에미리트 연합,2025-01-01,22875183,,,,0.022875183
자동차부품,8708,AE,아랍에미리트 연합,2025-02-01,25486969,,,11.417552375427986,0.025486969
자동차부품,8708,AE,아랍에미리트 연합,2025-03-01,24445412,,,-4.086625600713845,0.024445412
자동차부품,8708,AE,아랍에미리트 연합,2025-04-01,23770098,,,-2.762538835508277,0.023770098
자동차부품,8708,AE,아랍에미리트 연합,2025-05-01,18081182,,,-23.933077600269048,0.018081182
자동차부품,8708,AE,아랍에미리트 연합,2025-06-01,23122261,,,27.880251412767155,0.023122261
자동차부품,8708,AE,아랍에미리트 연합,2025-07-01,21853029,,,-5.489220971945608,0.021853029
자동차부품,8708,AE,아랍에미리트 연합,2025-08-01,22598391,,,3.41079490628049,0.022598391
자동차부품,8708,AE,아랍에미리트 연합,2025-09-01,24699485,,,9.297538041535791,0.024699485
자동차부품,8708,AE,아랍에미리트 연합,2025-10-01,13426515,,,-45.64050626966514,0.013426515
자동차부품,8708,AE,아랍에미리트 연합,2025-11-01,17010735,,,26.69508804034406,0.017010735
자동차부품,8708,AE,아랍에미리트 연합,2025-12-01,22400202,,,31.682740340144022,0.022400202
자동차부품,8708,AE,아랍에미리트 연합,2026-01-01,21114621,22875183.0,-7.696384330564698,-5.739149138030097,0.021114621
자동차부품,8708,AE,아랍에미리트 연합,2026-02-01,13572434,25486969.0,-46.74755558418893,-35.72021018042426,0.013572434
자동차부품,8708,AE,아랍에미리트 연합,2026-03-01,11610192,24445412.0,-52.50563991312562,-14.45755418666983,0.011610192
자동차부품,8708,AE,아랍에미리트 연합,2026-04-01,12334179,23770098.0,-48.1105252489914,6.235788348719806,0.012334179
자동차부품,8708,AE,아랍에미리트 연합,2026-05-01,14508950,18081182.0,-19.756628742523585,17.632069390269113,0.01450895
자동차부품,8708,AE,아랍에미리트 연합,2026-06-01,18362492,23122261.0,-20.585223045445254,26.559757942511354,0.018362492
자동차부품,8708,AE,아랍에미리트 연합,2026-07-01,19405982,21853029.0,-11.197747461004148,5.682725416571999,0.019405982
자동차부품,8708,AW,아루바,2025-01-01,13,,,,1.3e-08
자동차부품,8708,AW,아루바,2025-02-01,1109,,,8430.76923076923,1.109e-06
자동차부품,8708,AW,아루바,2025-03-01,11439,,,931.4697926059513,1.1439e-05
자동차부품,8708,AW,아루바,2025-04-01,4365,,,-61.841070023603464,4.365e-06
자동차부품,8708,AW,아루바,2025-05-01,248,,,-94.31844215349369,2.48e-07
자동차부품,8708,AW,아루바,2025-06-01,77,,,-68.9516129032258,7.7e-08
자동차부품,8708,AW,아루바,2025-07-01,26718,,,34598.7012987013,2.6718e-05
자동차부품,8708,AW,아루바,2025-09-01,12586,,,-52.893180627292466,1.2586e-05
자동차부품,8708,AW,아루바,2025-10-01,4053,,,-67.79755283648498,4.053e-06
자동차부품,8708,AW,아루바,2025-11-01,612,,,-84.900074019245,6.12e-07
자동차부품,8708,AW,아루바,2025-12-01,1909,,,211.9281045751634,1.909e-06
자동차부품,8708,AW,아루바,2026-01-01,19290,,,910.4766893661603,1.929e-05
자동차부품,8708,AW,아루바,2026-02-01,1000,13.0,7592.307692307692,-94.81596682218766,1e-06
자동차부품,8708,AW,아루바,2026-03-01,3527,1109.0,218.034265103697,252.70000000000002,3.527e-06
자동차부품,8708,AW,아루바,2026-04-01,19910,11439.0,74.05367602063117,464.50240998015306,1.991e-05
자동차부품,8708,AW,아루바,2026-05-01,2747,4365.0,-37.067583046964494,-86.20291310899046,2.747e-06
자동차부품,8708,AW,아루바,2026-06-01,1300,248.0,424.1935483870968,-52.675646159446664,1.3e-06
자동차부품,8708,AW,아루바,2026-07-01,2157,77.0,2701.298701298701,65.92307692307693,2.157e-06
자동차부품,8708,AM,아르메니아,2025-01-01,190,,,,1.9e-07
자동차부품,8708,AM,아르메니아,2025-02-01,536,,,182.10526315789474,5.36e-07
자동차부품,8708,AM,아르메니아,2025-03-01,2796,,,421.64179104477614,2.796e-06
자동차부품,8708,AM,아르메니아,2025-04-01,1239,,,-55.68669527896996,1.239e-06
자동차부품,8708,AM,아르메니아,2025-05-01,953,,,-23.083131557707826,9.53e-07
자동차부품,8708,AM,아르메니아,2025-06-01,60160,,,6212.696747114376,6.016e-05
자동차부품,8708,AM,아르메니아,2025-07-01,156,,,-99.7406914893617,1.56e-07
자동차부품,8708,AM,아르메니아,2025-08-01,10781,,,6810.8974358974365,1.0781e-05
자동차부품,8708,AM,아르메니아,2025-09-01,7056,,,-34.55152583248308,7.056e-06
자동차부품,8708,AM,아르메니아,2025-10-01,2568,,,-63.60544217687074,2.568e-06
자동차부품,8708,AM,아르메니아,2025-11-01,4629,,,80.25700934579439,4.629e-06
자동차부품,8708,AM,아르메니아,2025-12-01,275,,,-94.05919205011881,2.75e-07
자동차부품,8708,AM,아르메니아,2026-01-01,5148,190.0,2609.4736842105262,1772.0,5.148e-06
자동차부품,8708,AM,아르메니아,2026-02-01,918,536.0,71.26865671641791,-82.16783216783216,9.18e-07
자동차부품,8708,AM,아르메니아,2026-03-01,525,2796.0,-81.22317596566523,-42.81045751633987,5.25e-07
자동차부품,8708,AM,아르메니아,2026-04-01,9584,1239.0,673.5270379338176,1725.5238095238094,9.584e-06
자동차부품,8708,AM,아르메니아,2026-05-01,71164,953.0,7367.366211962225,642.5292153589315,7.1164e-05
자동차부품,8708,AM,아르메니아,2026-06-01,24825,60160.0,-58.735039893617014,-65.115788882019,2.4825e-05
자동차부품,8708,AM,아르메니아,2026-07-01,10146,156.0,6403.846153846153,-59.12990936555891,1.0146e-05
자동차부품,8708,AR,아르헨티나,2025-01-01,1217435,,,,0.001217435
자동차부품,8708,AR,아르헨티나,2025-02-01,2315250,,,90.17442409656368,0.00231525
자동차부품,8708,AR,아르헨티나,2025-03-01,1599768,,,-30.903012633624883,0.001599768
자동차부품,8708,AR,아르헨티나,2025-04-01,1493861,,,-6.6201474213761,0.001493861
자동차부품,8708,AR,아르헨티나,2025-05-01,2324019,,,55.57130147985656,0.002324019
자동차부품,8708,AR,아르헨티나,2025-06-01,2358346,,,1.477053328737843,0.002358346
자동차부품,8708,AR,아르헨티나,2025-07-01,1598385,,,-32.224321622018145,0.001598385
자동차부품,8708,AR,아르헨티나,2025-08-01,2040762,,,27.676498465638755,0.002040762
자동차부품,8708,AR,아르헨티나,2025-09-01,1161099,,,-43.10463444536894,0.001161099
자동차부품,8708,AR,아르헨티나,2025-10-01,1217889,,,4.891055801443289,0.001217889
자동차부품,8708,AR,아르헨티나,2025-11-01,2588081,,,112.50549105870897,0.002588081
자동차부품,8708,AR,아르헨티나,2025-12-01,2006152,,,-22.4849608648261,0.002006152
자동차부품,8708,AR,아르헨티나,2026-01-01,1939040,1217435.0,59.27256896672102,-3.3453098269722314,0.00193904
자동차부품,8708,AR,아르헨티나,2026-02-01,1748587,2315250.0,-24.475240254832087,-9.822025332123108,0.001748587
자동차부품,8708,AR,아르헨티나,2026-03-01,1264237,1599768.0,-20.973728690660142,-27.69950823150349,0.001264237
자동차부품,8708,AR,아르헨티나,2026-04-01,1380378,1493861.0,-7.596623782266221,9.186647756710165,0.001380378
자동차부품,8708,AR,아르헨티나,2026-05-01,1510429,2324019.0,-35.007889350302214,9.421404861566906,0.001510429
자동차부품,8708,AR,아르헨티나,2026-06-01,2753049,2358346.0,16.736433076401845,82.26934202137272,0.002753049
자동차부품,8708,AR,아르헨티나,2026-07-01,2079417,1598385.0,30.094877016488518,-24.468580108817527,0.002079417
자동차부품,8708,AS,아메리칸 사모아,2025-01-01,331,,,,3.31e-07
자동차부품,8708,AS,아메리칸 사모아,2025-02-01,2614,,,689.7280966767371,2.614e-06
자동차부품,8708,AS,아메리칸 사모아,2025-03-01,2158,,,-17.444529456771228,2.158e-06
자동차부품,8708,AS,아메리칸 사모아,2025-04-01,3446,,,59.68489341983319,3.446e-06
자동차부품,8708,AS,아메리칸 사모아,2025-05-01,3348,,,-2.8438769587928014,3.348e-06
자동차부품,8708,AS,아메리칸 사모아,2025-06-01,6,,,-99.82078853046595,6e-09
자동차부품,8708,AS,아메리칸 사모아,2025-07-01,3536,,,58833.333333333336,3.536e-06
자동차부품,8708,AS,아메리칸 사모아,2025-08-01,1700,,,-51.92307692307692,1.7e-06
자동차부품,8708,AS,아메리칸 사모아,2025-09-01,1837,,,8.058823529411763,1.837e-06
자동차부품,8708,AS,아메리칸 사모아,2025-10-01,3741,,,103.64725095264018,3.741e-06
자동차부품,8708,AS,아메리칸 사모아,2025-11-01,1456,,,-61.07992515370222,1.456e-06
자동차부품,8708,AS,아메리칸 사모아,2025-12-01,1482,,,1.7857142857142794,1.482e-06
자동차부품,8708,AS,아메리칸 사모아,2026-01-01,4354,331.0,1215.4078549848944,193.79217273954117,4.354e-06
자동차부품,8708,AS,아메리칸 사모아,2026-02-01,643,2614.0,-75.4016832440704,-85.23197060174552,6.43e-07
자동차부품,8708,AS,아메리칸 사모아,2026-03-01,4920,2158.0,127.98887859128824,665.1632970451011,4.92e-06
자동차부품,8708,AS,아메리칸 사모아,2026-04-01,138,3446.0,-95.99535693557748,-97.1951219512195,1.38e-07
자동차부품,8708,AS,아메리칸 사모아,2026-05-01,6514,3348.0,94.56391875746715,4620.289855072464,6.514e-06
자동차부품,8708,AS,아메리칸 사모아,2026-06-01,2058,6.0,34200.0,-68.4065090574148,2.058e-06
자동차부품,8708,AS,아메리칸 사모아,2026-07-01,6287,3536.0,77.7997737556561,205.4907677356657,6.287e-06
자동차부품,8708,IS,아이슬란드,2025-01-01,9399,,,,9.399e-06
자동차부품,8708,IS,아이슬란드,2025-02-01,314,,,-96.65921906585807,3.14e-07
자동차부품,8708,IS,아이슬란드,2025-03-01,1549,,,393.312101910828,1.549e-06
자동차부품,8708,IS,아이슬란드,2025-04-01,1568,,,1.226597805035512,1.568e-06
자동차부품,8708,IS,아이슬란드,2025-05-01,238,,,-84.82142857142857,2.38e-07
자동차부품,8708,IS,아이슬란드,2025-06-01,852,,,257.98319327731093,8.52e-07
자동차부품,8708,IS,아이슬란드,2025-07-01,4546,,,433.5680751173709,4.546e-06
자동차부품,8708,IS,아이슬란드,2025-08-01,1591,,,-65.00219973603167,1.591e-06
자동차부품,8708,IS,아이슬란드,2025-09-01,974,,,-38.780641106222504,9.74e-07
자동차부품,8708,IS,아이슬란드,2025-10-01,595,,,-38.91170431211499,5.95e-07
자동차부품,8708,IS,아이슬란드,2025-11-01,7106,,,1094.2857142857142,7.106e-06
자동차부품,8708,IS,아이슬란드,2025-12-01,2500,,,-64.81846327047566,2.5e-06
자동차부품,8708,IS,아이슬란드,2026-01-01,2171,9399.0,-76.90179806362379,-13.160000000000005,2.171e-06
자동차부품,8708,IS,아이슬란드,2026-02-01,3290,314.0,947.7707006369426,51.54306771073238,3.29e-06
자동차부품,8708,IS,아이슬란드,2026-03-01,2561,1549.0,65.33247256294383,-22.1580547112462,2.561e-06
자동차부품,8708,IS,아이슬란드,2026-04-01,887,1568.0,-43.431122448979586,-65.36509176103084,8.87e-07
자동차부품,8708,IS,아이슬란드,2026-05-01,2383,238.0,901.2605042016806,168.65839909808344,2.383e-06
자동차부품,8708,IS,아이슬란드,2026-06-01,1735,852.0,103.63849765258215,-27.192614351657575,1.735e-06
자동차부품,8708,IS,아이슬란드,2026-07-01,2155,4546.0,-52.595688517377916,24.20749279538905,2.155e-06
자동차부품,8708,HT,아이티,2025-01-01,0,,,,0.0
자동차부품,8708,HT,아이티,2025-02-01,0,,,,0.0
자동차부품,8708,HT,아이티,2025-03-01,1574,,,inf,1.574e-06
자동차부품,8708,HT,아이티,2025-04-01,0,,,-100.0,0.0
자동차부품,8708,HT,아이티,2025-05-01,6079,,,inf,6.079e-06
자동차부품,8708,HT,아이티,2025-06-01,385,,,-93.66672150024675,3.85e-07
자동차부품,8708,HT,아이티,2025-07-01,3562,,,825.1948051948052,3.562e-06
자동차부품,8708,HT,아이티,2025-08-01,607,,,-82.95901179112857,6.07e-07
자동차부품,8708,HT,아이티,2025-09-01,570,,,-6.095551894563423,5.7e-07
자동차부품,8708,HT,아이티,2025-10-01,1339,,,134.91228070175438,1.339e-06
자동차부품,8708,HT,아이티,2025-11-01,278,,,-79.23823749066467,2.78e-07
자동차부품,8708,HT,아이티,2025-12-01,1155,,,315.4676258992806,1.155e-06
자동차부품,8708,HT,아이티,2026-01-01,968,0.0,inf,-16.19047619047619,9.68e-07
자동차부품,8708,HT,아이티,2026-02-01,0,0.0,,-100.0,0.0
자동차부품,8708,HT,아이티,2026-03-01,4548,1574.0,188.94536213468868,inf,4.548e-06
자동차부품,8708,HT,아이티,2026-04-01,337,0.0,inf,-92.5901495162709,3.37e-07
자동차부품,8708,HT,아이티,2026-05-01,482,6079.0,-92.07106431978944,43.026706231454014,4.82e-07
자동차부품,8708,HT,아이티,2026-06-01,0,385.0,-100.0,-100.0,0.0
자동차부품,8708,HT,아이티,2026-07-01,11273,3562.0,216.47950589556427,inf,1.1273e-05
자동차부품,8708,IE,아일랜드,2025-01-01,196623,,,,0.000196623
자동차부품,8708,IE,아일랜드,2025-02-01,731,,,-99.62822253754648,7.31e-07
자동차부품,8708,IE,아일랜드,2025-03-01,5153,,,604.9247606019152,5.153e-06
자동차부품,8708,IE,아일랜드,2025-04-01,1984,,,-61.498156413739565,1.984e-06
자동차부품,8708,IE,아일랜드,2025-05-01,1308,,,-34.07258064516129,1.308e-06
자동차부품,8708,IE,아일랜드,2025-06-01,22265,,,1602.217125382263,2.2265e-05
자동차부품,8708,IE,아일랜드,2025-07-01,9045,,,-59.37570177408489,9.045e-06
자동차부품,8708,IE,아일랜드,2025-08-01,2038,,,-77.46821448313985,2.038e-06
자동차부품,8708,IE,아일랜드,2025-09-01,3367,,,65.21099116781157,3.367e-06
자동차부품,8708,IE,아일랜드,2025-10-01,48827,,,1350.16335016335,4.8827e-05
자동차부품,8708,IE,아일랜드,2025-11-01,1706,,,-96.50603149896574,1.706e-06
자동차부품,8708,IE,아일랜드,2025-12-01,23276,,,1264.3610785463072,2.3276e-05
자동차부품,8708,IE,아일랜드,2026-01-01,3547,196623.0,-98.19604013772549,-84.76112734146761,3.547e-06
자동차부품,8708,IE,아일랜드,2026-02-01,26523,731.0,3528.3173734610123,647.7586692979983,2.6523e-05
자동차부품,8708,IE,아일랜드,2026-03-01,24624,5153.0,377.8575587036678,-7.159823549372247,2.4624e-05
자동차부품,8708,IE,아일랜드,2026-04-01,46349,1984.0,2236.139112903226,88.2269330734243,4.6349e-05
자동차부품,8708,IE,아일랜드,2026-05-01,2798,1308.0,113.914373088685,-93.96319230188354,2.798e-06
자동차부품,8708,IE,아일랜드,2026-06-01,68529,22265.0,207.78800808443748,2349.2137240886345,6.8529e-05
자동차부품,8708,IE,아일랜드,2026-07-01,4886,9045.0,-45.981205085682696,-92.87017175210495,4.886e-06
자동차부품,8708,AZ,아제르바이잔,2025-01-01,1026634,,,,0.001026634
자동차부품,8708,AZ,아제르바이잔,2025-02-01,327255,,,-68.12349873470001,0.000327255
자동차부품,8708,AZ,아제르바이잔,2025-03-01,1212448,,,270.4902904462881,0.001212448
자동차부품,8708,AZ,아제르바이잔,2025-04-01,864272,,,-28.716777956662888,0.000864272
자동차부품,8708,AZ,아제르바이잔,2025-05-01,1235410,,,42.94226817483384,0.00123541
자동차부품,8708,AZ,아제르바이잔,2025-06-01,1403936,,,13.641301268404815,0.001403936
자동차부품,8708,AZ,아제르바이잔,2025-07-01,568037,,,-59.53967987144713,0.000568037
자동차부품,8708,AZ,아제르바이잔,2025-08-01,469959,,,-17.266128790906222,0.000469959
자동차부품,8708,AZ,아제르바이잔,2025-09-01,1041760,,,121.67040103498393,0.00104176
자동차부품,8708,AZ,아제르바이잔,2025-10-01,1188809,,,14.115439256642603,0.001188809
자동차부품,8708,AZ,아제르바이잔,2025-11-01,464626,,,-60.91668215836186,0.000464626
자동차부품,8708,AZ,아제르바이잔,2025-12-01,937986,,,101.87979148820774,0.000937986
자동차부품,8708,AZ,아제르바이잔,2026-01-01,944908,1026634.0,-7.960577966441784,0.7379641060740738,0.000944908
자동차부품,8708,AZ,아제르바이잔,2026-02-01,947276,327255.0,189.46112358863886,0.250606408242926,0.000947276
자동차부품,8708,AZ,아제르바이잔,2026-03-01,1516372,1212448.0,25.066971944363804,60.07710529982815,0.001516372
자동차부품,8708,AZ,아제르바이잔,2026-04-01,1151629,864272.0,33.24844493400225,-24.053662293948975,0.001151629
자동차부품,8708,AZ,아제르바이잔,2026-05-01,592358,1235410.0,-52.05170753029359,-48.56346965906555,0.000592358
자동차부품,8708,AZ,아제르바이잔,2026-06-01,741084,1403936.0,-47.213833109201566,25.10745191252588,0.000741084
자동차부품,8708,AZ,아제르바이잔,2026-07-01,357943,568037.0,-36.98597098428448,-51.70007718423283,0.000357943
자동차부품,8708,AF,아프카니스탄,2025-01-01,25700,,,,2.57e-05
자동차부품,8708,AF,아프카니스탄,2025-03-01,964,,,-96.24902723735408,9.64e-07
자동차부품,8708,AF,아프카니스탄,2025-04-01,9444,,,879.6680497925312,9.444e-06
자동차부품,8708,AF,아프카니스탄,2025-05-01,32900,,,248.36933502753072,3.29e-05
자동차부품,8708,AF,아프카니스탄,2025-06-01,100,,,-99.69604863221885,1e-07
자동차부품,8708,AF,아프카니스탄,2025-07-01,29665,,,29564.999999999996,2.9665e-05
자동차부품,8708,AF,아프카니스탄,2025-08-01,75568,,,154.73790662396763,7.5568e-05
자동차부품,8708,AF,아프카니스탄,2025-09-01,6102,,,-91.92515350412873,6.102e-06
자동차부품,8708,AF,아프카니스탄,2025-10-01,27500,,,350.671910848902,2.75e-05
자동차부품,8708,AF,아프카니스탄,2025-11-01,47781,,,73.74909090909092,4.7781e-05
자동차부품,8708,AF,아프카니스탄,2025-12-01,15875,,,-66.77549653628012,1.5875e-05
자동차부품,8708,AF,아프카니스탄,2026-01-01,60746,,,282.651968503937,6.0746e-05
자동차부품,8708,AF,아프카니스탄,2026-02-01,32936,25700.0,28.155642023346307,-45.780792150923524,3.2936e-05
자동차부품,8708,AF,아프카니스탄,2026-04-01,40006,964.0,4050.0,21.46587320864708,4.0006e-05
자동차부품,8708,AF,아프카니스탄,2026-05-01,6996,9444.0,-25.921219822109276,-82.51262310653402,6.996e-06
자동차부품,8708,AD,안도라,2025-12-01,0,,,,0.0
자동차부품,8708,AG,안티가 바부다,2025-01-01,478,,,,4.78e-07
자동차부품,8708,AG,안티가 바부다,2025-03-01,7775,,,1526.5690376569037,7.775e-06
자동차부품,8708,AG,안티가 바부다,2025-04-01,594,,,-92.36012861736334,5.94e-07
자동차부품,8708,AG,안티가 바부다,2025-05-01,6684,,,1025.2525252525252,6.684e-06
자동차부품,8708,AG,안티가 바부다,2025-07-01,923,,,-86.19090365050867,9.23e-07
자동차부품,8708,AG,안티가 바부다,2025-09-01,6136,,,564.7887323943662,6.136e-06
자동차부품,8708,AG,안티가 바부다,2025-10-01,1409,,,-77.03715775749674,1.409e-06
자동차부품,8708,AG,안티가 바부다,2025-11-01,8891,,,531.0149041873669,8.891e-06
자동차부품,8708,AG,안티가 바부다,2025-12-01,634,,,-92.86919356652795,6.34e-07
자동차부품,8708,AG,안티가 바부다,2026-01-01,528,,,-16.719242902208197,5.28e-07
자동차부품,8708,AG,안티가 바부다,2026-02-01,6619,,,1153.5984848484848,6.619e-06
자동차부품,8708,AG,안티가 바부다,2026-03-01,12659,,,91.25245505363348,1.2659e-05
자동차부품,8708,AG,안티가 바부다,2026-04-01,624,478.0,30.543933054393314,-95.07070068725808,6.24e-07
자동차부품,8708,AG,안티가 바부다,2026-05-01,6652,7775.0,-14.443729903536973,966.0256410256411,6.652e-06
자동차부품,8708,AG,안티가 바부다,2026-06-01,3024,594.0,409.09090909090907,-54.53998797354179,3.024e-06
자동차부품,8708,AG,안티가 바부다,2026-07-01,545,6684.0,-91.84619988031119,-81.97751322751323,5.45e-07
자동차부품,8708,AL,알바니아,2025-01-01,583,,,,5.83e-07
자동차부품,8708,AL,알바니아,2025-02-01,409,,,-29.845626072041163,4.09e-07
자동차부품,8708,AL,알바니아,2025-03-01,8772,,,2044.7432762836186,8.772e-06
자동차부품,8708,AL,알바니아,2025-04-01,50684,,,477.7929776561788,5.0684e-05
자동차부품,8708,AL,알바니아,2025-05-01,340,,,-99.3291768605477,3.4e-07
자동차부품,8708,AL,알바니아,2025-06-01,696,,,104.70588235294116,6.96e-07
자동차부품,8708,AL,알바니아,2025-07-01,2649,,,280.60344827586204,2.649e-06
자동차부품,8708,AL,알바니아,2025-08-01,1670,,,-36.95734239335599,1.67e-06
자동차부품,8708,AL,알바니아,2025-09-01,6867,,,311.1976047904192,6.867e-06
자동차부품,8708,AL,알바니아,2025-10-01,5758,,,-16.14970147080239,5.758e-06
자동차부품,8708,AL,알바니아,2025-11-01,3734,,,-35.15109412990621,3.734e-06
자동차부품,8708,AL,알바니아,2025-12-01,39153,,,948.5538296732725,3.9153e-05
자동차부품,8708,AL,알바니아,2026-01-01,35353,583.0,5963.979416809605,-9.705514264551883,3.5353e-05
자동차부품,8708,AL,알바니아,2026-02-01,572,409.0,39.85330073349633,-98.38203264220859,5.72e-07
자동차부품,8708,AL,알바니아,2026-03-01,3180,8772.0,-63.7482900136799,455.9440559440559,3.18e-06
자동차부품,8708,AL,알바니아,2026-04-01,38484,50684.0,-24.07071265093521,1110.188679245283,3.8484e-05
자동차부품,8708,AL,알바니아,2026-05-01,6400,340.0,1782.3529411764707,-83.36971208814052,6.4e-06
자동차부품,8708,AL,알바니아,2026-06-01,2623,696.0,276.867816091954,-59.01562499999999,2.623e-06
자동차부품,8708,AL,알바니아,2026-07-01,8277,2649.0,212.45753114382785,215.55470834921846,8.277e-06
자동차부품,8708,DZ,알제리,2025-01-01,1168530,,,,0.00116853
자동차부품,8708,DZ,알제리,2025-02-01,6869564,,,487.88084174133314,0.006869564
자동차부품,8708,DZ,알제리,2025-03-01,4635622,,,-32.519414623693734,0.004635622
자동차부품,8708,DZ,알제리,2025-04-01,6310177,,,36.12363130557237,0.006310177
자동차부품,8708,DZ,알제리,2025-05-01,3567914,,,-43.45778256299309,0.003567914
자동차부품,8708,DZ,알제리,2025-06-01,8386450,,,135.05190988347815,0.00838645
자동차부품,8708,DZ,알제리,2025-07-01,4370878,,,-47.881666259263454,0.004370878
자동차부품,8708,DZ,알제리,2025-08-01,3298219,,,-24.541041868475855,0.003298219
자동차부품,8708,DZ,알제리,2025-09-01,8081797,,,145.03518414028903,0.008081797
자동차부품,8708,DZ,알제리,2025-10-01,2524264,,,-68.76605537110126,0.002524264
자동차부품,8708,DZ,알제리,2025-11-01,4958181,,,96.42085772328093,0.004958181
자동차부품,8708,DZ,알제리,2025-12-01,1652363,,,-66.67400806868487,0.001652363
자동차부품,8708,DZ,알제리,2026-01-01,7105699,1168530.0,508.0887097464336,330.0325654834924,0.007105699
자동차부품,8708,DZ,알제리,2026-02-01,6885552,6869564.0,0.23273675010524464,-3.0981751408270974,0.006885552
자동차부품,8708,DZ,알제리,2026-03-01,5351273,4635622.0,15.438079291193297,-22.282585332301608,0.005351273
자동차부품,8708,DZ,알제리,2026-04-01,6579988,6310177.0,4.275807160401368,22.961172042614898,0.006579988
자동차부품,8708,DZ,알제리,2026-05-01,2301132,3567914.0,-35.50483559861589,-65.02832527962057,0.002301132
자동차부품,8708,DZ,알제리,2026-06-01,3685342,8386450.0,-56.05599508731347,60.153437525530904,0.003685342
자동차부품,8708,DZ,알제리,2026-07-01,3542269,4370878.0,-18.957495496328203,-3.882217715479319,0.003542269
자동차부품,8708,AO,앙골라,2025-01-01,3076,,,,3.076e-06
자동차부품,8708,AO,앙골라,2025-02-01,22907,,,644.700910273082,2.2907e-05
자동차부품,8708,AO,앙골라,2025-03-01,26884,,,17.361505216745975,2.6884e-05
자동차부품,8708,AO,앙골라,2025-04-01,16996,,,-36.78024103556018,1.6996e-05
자동차부품,8708,AO,앙골라,2025-05-01,10195,,,-40.01529771710991,1.0195e-05
자동차부품,8708,AO,앙골라,2025-06-01,47305,,,364.0019617459539,4.7305e-05
자동차부품,8708,AO,앙골라,2025-07-01,36498,,,-22.845365183384423,3.6498e-05
자동차부품,8708,AO,앙골라,2025-08-01,109876,,,201.04663269220234,0.000109876
자동차부품,8708,AO,앙골라,2025-09-01,15325,,,-86.05245913575304,1.5325e-05
자동차부품,8708,AO,앙골라,2025-10-01,82428,,,437.8662316476346,8.2428e-05
자동차부품,8708,AO,앙골라,2025-11-01,5129,,,-93.77759984471297,5.129e-06
자동차부품,8708,AO,앙골라,2025-12-01,256312,,,4897.309417040358,0.000256312
자동차부품,8708,AO,앙골라,2026-01-01,36864,3076.0,1098.439531859558,-85.61752863697369,3.6864e-05
자동차부품,8708,AO,앙골라,2026-02-01,12100,22907.0,-47.17771860130091,-67.17664930555556,1.21e-05
자동차부품,8708,AO,앙골라,2026-03-01,139951,26884.0,420.5735753608094,1056.6198347107438,0.000139951
자동차부품,8708,AO,앙골라,2026-04-01,5352,16996.0,-68.51023770298895,-96.1758043886789,5.352e-06
자동차부품,8708,AO,앙골라,2026-05-01,11009,10195.0,7.984306032368815,105.69880418535126,1.1009e-05
자동차부품,8708,AO,앙골라,2026-06-01,120911,47305.0,155.5987739139626,998.2923062948497,0.000120911
자동차부품,8708,AO,앙골라,2026-07-01,32142,36498.0,-11.934900542495475,-73.41681071201131,3.2142e-05
자동차부품,8708,AI,앙귈라,2025-02-01,404,,,,4.04e-07
자동차부품,8708,AI,앙귈라,2025-07-01,0,,,-100.0,0.0
자동차부품,8708,AI,앙귈라,2026-03-01,144,,,inf,1.44e-07
자동차부품,8708,ER,에리트리아,2025-06-01,1230768,,,,0.001230768
자동차부품,8708,EE,에스토니아,2025-01-01,30651,,,,3.0651e-05
자동차부품,8708,EE,에스토니아,2025-02-01,35747,,,16.62588496297022,3.5747e-05
자동차부품,8708,EE,에스토니아,2025-03-01,15218,,,-57.42859540660754,1.5218e-05
자동차부품,8708,EE,에스토니아,2025-04-01,36618,,,140.622946510711,3.6618e-05
자동차부품,8708,EE,에스토니아,2025-05-01,24759,,,-32.38571194494511,2.4759e-05
자동차부품,8708,EE,에스토니아,2025-06-01,67493,,,172.59986267619857,6.7493e-05
자동차부품,8708,EE,에스토니아,2025-07-01,72908,,,8.023054242662209,7.2908e-05
자동차부품,8708,EE,에스토니아,2025-08-01,35675,,,-51.06846985241674,3.5675e-05
자동차부품,8708,EE,에스토니아,2025-09-01,11690,,,-67.23195515066574,1.169e-05
자동차부품,8708,EE,에스토니아,2025-10-01,32727,,,179.95722840034216,3.2727e-05
자동차부품,8708,EE,에스토니아,2025-11-01,21680,,,-33.75500351391817,2.168e-05
자동차부품,8708,EE,에스토니아,2025-12-01,19663,,,-9.303505535055345,1.9663e-05
자동차부품,8708,EE,에스토니아,2026-01-01,25244,30651.0,-17.64053375093798,28.38325789553984,2.5244e-05
자동차부품,8708,EE,에스토니아,2026-02-01,39092,35747.0,9.357428595406603,54.85659958802091,3.9092e-05
자동차부품,8708,EE,에스토니아,2026-03-01,58915,15218.0,287.14022867656723,50.70858487670111,5.8915e-05
자동차부품,8708,EE,에스토니아,2026-04-01,58461,36618.0,59.65099131574636,-0.770601714334207,5.8461e-05
자동차부품,8708,EE,에스토니아,2026-05-01,27255,24759.0,10.08118260026658,-53.379175860830294,2.7255e-05
자동차부품,8708,EE,에스토니아,2026-06-01,37380,67493.0,-44.61647874594402,37.14914694551459,3.738e-05
자동차부품,8708,EE,에스토니아,2026-07-01,41855,72908.0,-42.59203379601689,11.971642589620114,4.1855e-05
자동차부품,8708,EC,에쿠아도르,2025-01-01,1995410,,,,0.00199541
자동차부품,8708,EC,에쿠아도르,2025-02-01,3309626,,,65.86195318255396,0.003309626
자동차부품,8708,EC,에쿠아도르,2025-03-01,3710474,,,12.111579979127551,0.003710474
자동차부품,8708,EC,에쿠아도르,2025-04-01,3346968,,,-9.796753730116425,0.003346968
자동차부품,8708,EC,에쿠아도르,2025-05-01,3047935,,,-8.934444548020782,0.003047935
자동차부품,8708,EC,에쿠아도르,2025-06-01,3869401,,,26.95155900634363,0.003869401
자동차부품,8708,EC,에쿠아도르,2025-07-01,4267229,,,10.281384638087388,0.004267229
자동차부품,8708,EC,에쿠아도르,2025-08-01,3227026,,,-24.37654506003779,0.003227026
자동차부품,8708,EC,에쿠아도르,2025-09-01,5805045,,,79.8883863966389,0.005805045
자동차부품,8708,EC,에쿠아도르,2025-10-01,2047548,,,-64.72812872251636,0.002047548
자동차부품,8708,EC,에쿠아도르,2025-11-01,2906025,,,41.9270757022546,0.002906025
자동차부품,8708,EC,에쿠아도르,2025-12-01,5510083,,,89.60893316471812,0.005510083
자동차부품,8708,EC,에쿠아도르,2026-01-01,3128799,1995410.0,56.79980555374584,-43.21684446495634,0.003128799
자동차부품,8708,EC,에쿠아도르,2026-02-01,2926494,3309626.0,-11.576292910437614,-6.4658995352529836,0.002926494
자동차부품,8708,EC,에쿠아도르,2026-03-01,3543200,3710474.0,-4.5081571788402215,21.073202268653212,0.0035432
자동차부품,8708,EC,에쿠아도르,2026-04-01,3551159,3346968.0,6.100775388351498,0.22462745540754447,0.003551159
자동차부품,8708,EC,에쿠아도르,2026-05-01,3357068,3047935.0,10.142375083458145,-5.465567720285125,0.003357068
자동차부품,8708,EC,에쿠아도르,2026-06-01,3877604,3869401.0,0.21199663720561368,15.505673403100563,0.003877604
자동차부품,8708,EC,에쿠아도르,2026-07-01,7169313,4267229.0,68.00863042503696,84.89028276224184,0.007169313
자동차부품,8708,ET,에티오피아,2025-01-01,90,,,,9e-08
자동차부품,8708,ET,에티오피아,2025-02-01,9310,,,10244.444444444443,9.31e-06
자동차부품,8708,ET,에티오피아,2025-03-01,1095,,,-88.23845327604725,1.095e-06
자동차부품,8708,ET,에티오피아,2025-04-01,1960009,,,178896.25570776255,0.001960009
자동차부품,8708,ET,에티오피아,2025-05-01,2132,,,-99.89122498927301,2.132e-06
자동차부품,8708,ET,에티오피아,2025-07-01,14076,,,560.2251407129456,1.4076e-05
자동차부품,8708,ET,에티오피아,2025-08-01,103797,,,637.4040920716112,0.000103797
자동차부품,8708,ET,에티오피아,2025-09-01,42,,,-99.95953640278621,4.2e-08
자동차부품,8708,ET,에티오피아,2025-10-01,1880466,,,4477200.0,0.001880466
자동차부품,8708,ET,에티오피아,2025-11-01,3316,,,-99.82366073090394,3.316e-06
자동차부품,8708,ET,에티오피아,2025-12-01,1060,,,-68.03377563329313,1.06e-06
자동차부품,8708,ET,에티오피아,2026-01-01,2129,,,100.84905660377359,2.129e-06
자동차부품,8708,ET,에티오피아,2026-02-01,126,90.0,39.99999999999999,-94.08172851103804,1.26e-07
자동차부품,8708,ET,에티오피아,2026-03-01,49014,9310.0,426.4661654135338,38800.0,4.9014e-05
자동차부품,8708,ET,에티오피아,2026-04-01,24094,1095.0,2100.365296803653,-50.84261639531562,2.4094e-05
자동차부품,8708,ET,에티오피아,2026-05-01,5863,1960009.0,-99.70086872050076,-75.66614094795385,5.863e-06
자동차부품,8708,ET,에티오피아,2026-06-01,82388,2132.0,3764.3527204502816,1305.2191710728296,8.2388e-05
자동차부품,8708,ET,에티오피아,2026-07-01,31195,14076.0,121.6183574879227,-62.13647618585231,3.1195e-05
자동차부품,8708,SV,엘살바도르,2025-01-01,462644,,,,0.000462644
자동차부품,8708,SV,엘살바도르,2025-02-01,666084,,,43.97333586948064,0.000666084
자동차부품,8708,SV,엘살바도르,2025-03-01,498710,,,-25.128061926123436,0.00049871
자동차부품,8708,SV,엘살바도르,2025-04-01,788435,,,58.09488480279119,0.000788435
자동차부품,8708,SV,엘살바도르,2025-05-01,374026,,,-52.560959368876325,0.000374026
자동차부품,8708,SV,엘살바도르,2025-06-01,554689,,,48.30225706234326,0.000554689
자동차부품,8708,SV,엘살바도르,2025-07-01,309560,,,-44.19215091700034,0.00030956
자동차부품,8708,SV,엘살바도르,2025-08-01,673043,,,117.41924021191367,0.000673043
자동차부품,8708,SV,엘살바도르,2025-09-01,448434,,,-33.37216195696263,0.000448434
자동차부품,8708,SV,엘살바도르,2025-10-01,291787,,,-34.932007831698755,0.000291787
자동차부품,8708,SV,엘살바도르,2025-11-01,428076,,,46.708386597072526,0.000428076
자동차부품,8708,SV,엘살바도르,2025-12-01,395477,,,-7.6152365467814125,0.000395477
자동차부품,8708,SV,엘살바도르,2026-01-01,366976,462644.0,-20.67853468325538,-7.206740214980901,0.000366976
자동차부품,8708,SV,엘살바도르,2026-02-01,345334,666084.0,-48.15458710913339,-5.8973883850715,0.000345334
자동차부품,8708,SV,엘살바도르,2026-03-01,565982,498710.0,13.489202141525137,63.89408514655377,0.000565982
자동차부품,8708,SV,엘살바도르,2026-04-01,754961,788435.0,-4.245625828381538,33.389577760423485,0.000754961
자동차부품,8708,SV,엘살바도르,2026-05-01,303642,374026.0,-18.817943137642835,-59.7804389895637,0.000303642
자동차부품,8708,SV,엘살바도르,2026-06-01,697333,554689.0,25.716031866505375,129.65630578115017,0.000697333
자동차부품,8708,SV,엘살바도르,2026-07-01,741503,309560.0,139.53450058147047,6.33413304690873,0.000741503
자동차부품,8708,GB,영국,2025-01-01,8292282,,,,0.008292282
자동차부품,8708,GB,영국,2025-02-01,10845172,,,30.786338428914984,0.010845172
자동차부품,8708,GB,영국,2025-03-01,10125146,,,-6.639138595496686,0.010125146
자동차부품,8708,GB,영국,2025-04-01,12857681,,,26.987610845315224,0.012857681
자동차부품,8708,GB,영국,2025-05-01,9166401,,,-28.70875393471031,0.009166401
자동차부품,8708,GB,영국,2025-06-01,10274640,,,12.090230396859148,0.01027464
자동차부품,8708,GB,영국,2025-07-01,14341555,,,39.582068082190716,0.014341555
자동차부품,8708,GB,영국,2025-08-01,9647663,,,-32.729310036463964,0.009647663
자동차부품,8708,GB,영국,2025-09-01,10672324,,,10.620820814325715,0.010672324
자동차부품,8708,GB,영국,2025-10-01,11474248,,,7.514052234546109,0.011474248
자동차부품,8708,GB,영국,2025-11-01,8154915,,,-28.92854503406236,0.008154915
자동차부품,8708,GB,영국,2025-12-01,18172867,,,122.8455722714461,0.018172867
자동차부품,8708,GB,영국,2026-01-01,10940323,8292282.0,31.93380302310027,-39.79858544059118,0.010940323
자동차부품,8708,GB,영국,2026-02-01,8985646,10845172.0,-17.146118106748332,-17.86672111965981,0.008985646
자동차부품,8708,GB,영국,2026-03-01,9437237,10125146.0,-6.794064994223293,5.025693200021464,0.009437237
자동차부품,8708,GB,영국,2026-04-01,12374585,12857681.0,-3.7572560712931025,31.125084598384035,0.012374585
자동차부품,8708,GB,영국,2026-05-01,9384654,9166401.0,2.38101082420461,-24.161868862672975,0.009384654
자동차부품,8708,GB,영국,2026-06-01,11774923,10274640.0,14.601806000015571,25.46997470551391,0.011774923
자동차부품,8708,GB,영국,2026-07-01,12610460,14341555.0,-12.07048329138647,7.095902028403933,0.01261046
자동차부품,8708,VG,영령 버진군도,2025-04-01,49,,,,4.9e-08
자동차부품,8708,VG,영령 버진군도,2026-03-01,73,,,48.979591836734706,7.3e-08
자동차부품,8708,VG,영령 버진군도,2026-04-01,75,,,2.7397260273972712,7.5e-08
자동차부품,8708,VG,영령 버진군도,2026-05-01,257,,,242.66666666666669,2.57e-07
자동차부품,8708,VG,영령 버진군도,2026-06-01,216,,,-15.953307392996107,2.16e-07
자동차부품,8708,VG,영령 버진군도,2026-07-01,1516,,,601.8518518518518,1.516e-06
자동차부품,8708,KY,영령 캐이맨 군도,2025-01-01,1397,,,,1.397e-06
자동차부품,8708,KY,영령 캐이맨 군도,2025-02-01,939,,,-32.78453829634932,9.39e-07
자동차부품,8708,KY,영령 캐이맨 군도,2025-04-01,503,,,-46.432374866879655,5.03e-07
자동차부품,8708,KY,영령 캐이맨 군도,2025-05-01,238,,,-52.683896620278325,2.38e-07
자동차부품,8708,KY,영령 캐이맨 군도,2025-08-01,2528,,,962.1848739495798,2.528e-06
자동차부품,8708,KY,영령 캐이맨 군도,2025-09-01,877,,,-65.30854430379746,8.77e-07
자동차부품,8708,KY,영령 캐이맨 군도,2025-11-01,112,,,-87.22919042189281,1.12e-07
자동차부품,8708,KY,영령 캐이맨 군도,2025-12-01,1883,,,1581.25,1.883e-06
자동차부품,8708,KY,영령 캐이맨 군도,2026-01-01,883,,,-53.10674455655868,8.83e-07
자동차부품,8708,KY,영령 캐이맨 군도,2026-03-01,2590,,,193.3182332955832,2.59e-06
자동차부품,8708,KY,영령 캐이맨 군도,2026-04-01,50,,,-98.06949806949807,5e-08
자동차부품,8708,KY,영령 캐이맨 군도,2026-05-01,545,,,990.0,5.45e-07
자동차부품,8708,KY,영령 캐이맨 군도,2026-06-01,1254,1397.0,-10.236220472440948,130.09174311926603,1.254e-06
자동차부품,8708,KY,영령 캐이맨 군도,2026-07-01,1503,939.0,60.063897763578275,19.85645933014355,1.503e-06
자동차부품,8708,YE,예맨,2025-01-01,300025,,,,0.000300025
자동차부품,8708,YE,예맨,2025-02-01,293998,,,-2.008832597283561,0.000293998
자동차부품,8708,YE,예맨,2025-03-01,857071,,,191.5227314471527,0.000857071
자동차부품,8708,YE,예맨,2025-04-01,254482,,,-70.30794414931785,0.000254482
자동차부품,8708,YE,예맨,2025-05-01,450761,,,77.12883425939752,0.000450761
자동차부품,8708,YE,예맨,2025-06-01,875206,,,94.1618729215704,0.000875206
자동차부품,8708,YE,예맨,2025-07-01,257951,,,-70.52682454187928,0.000257951
자동차부품,8708,YE,예맨,2025-08-01,302046,,,17.09433186923097,0.000302046
자동차부품,8708,YE,예맨,2025-09-01,809899,,,168.1376346649186,0.000809899
자동차부품,8708,YE,예맨,2025-10-01,749883,,,-7.410306717257342,0.000749883
자동차부품,8708,YE,예맨,2025-11-01,815862,,,8.798572577322062,0.000815862
자동차부품,8708,YE,예맨,2025-12-01,55265,,,-93.22618285935611,5.5265e-05
자동차부품,8708,YE,예맨,2026-01-01,306471,300025.0,2.1484876260311703,454.548086492355,0.000306471
자동차부품,8708,YE,예맨,2026-02-01,429526,293998.0,46.09827277736582,40.15224931559593,0.000429526
자동차부품,8708,YE,예맨,2026-03-01,474965,857071.0,-44.5827708556234,10.578870662078653,0.000474965
자동차부품,8708,YE,예맨,2026-04-01,1009009,254482.0,296.4952334546255,112.43860073900183,0.001009009
자동차부품,8708,YE,예맨,2026-05-01,814186,450761.0,80.62476567404899,-19.308351065253138,0.000814186
자동차부품,8708,YE,예맨,2026-06-01,824884,875206.0,-5.749732063080004,1.3139503749757475,0.000824884
자동차부품,8708,YE,예맨,2026-07-01,516812,257951.0,100.3527801791813,-37.34731186445609,0.000516812
자동차부품,8708,OM,오만,2025-01-01,261829,,,,0.000261829
자동차부품,8708,OM,오만,2025-02-01,192142,,,-26.61546276386496,0.000192142
자동차부품,8708,OM,오만,2025-03-01,240099,,,24.95914479915895,0.000240099
자동차부품,8708,OM,오만,2025-04-01,551325,,,129.62403008758886,0.000551325
자동차부품,8708,OM,오만,2025-05-01,143611,,,-73.9516619054097,0.000143611
자동차부품,8708,OM,오만,2025-06-01,72510,,,-49.5094386920222,7.251e-05
자동차부품,8708,OM,오만,2025-07-01,168555,,,132.4575920562681,0.000168555
자동차부품,8708,OM,오만,2025-08-01,202288,,,20.01305211948623,0.000202288
자동차부품,8708,OM,오만,2025-09-01,374870,,,85.31499644071818,0.00037487
자동차부품,8708,OM,오만,2025-10-01,301928,,,-19.4579454210793,0.000301928
자동차부품,8708,OM,오만,2025-11-01,235313,,,-22.063207122227812,0.000235313
자동차부품,8708,OM,오만,2025-12-01,247676,,,5.253853378266404,0.000247676
자동차부품,8708,OM,오만,2026-01-01,79932,261829.0,-69.47167807996823,-67.7271919766146,7.9932e-05
자동차부품,8708,OM,오만,2026-02-01,167878,192142.0,-12.628160423020473,110.02602211880097,0.000167878
자동차부품,8708,OM,오만,2026-03-01,7163,240099.0,-97.01664729965556,-95.73321102228999,7.163e-06
자동차부품,8708,OM,오만,2026-04-01,275050,551325.0,-50.11109599600962,3739.871562194611,0.00027505
자동차부품,8708,OM,오만,2026-05-01,127256,143611.0,-11.388403395283087,-53.73350299945465,0.000127256
자동차부품,8708,OM,오만,2026-06-01,496016,72510.0,584.0656461177769,289.7780851197586,0.000496016
자동차부품,8708,OM,오만,2026-07-01,266189,168555.0,57.92411972353237,-46.33459404535337,0.000266189
자동차부품,8708,AT,오스트리아,2025-01-01,552868,,,,0.000552868
자동차부품,8708,AT,오스트리아,2025-02-01,536695,,,-2.925291389626461,0.000536695
자동차부품,8708,AT,오스트리아,2025-03-01,741783,,,38.21313781570539,0.000741783
자동차부품,8708,AT,오스트리아,2025-04-01,739148,,,-0.3552251804099016,0.000739148
자동차부품,8708,AT,오스트리아,2025-05-01,1014095,,,37.19782776926947,0.001014095
자동차부품,8708,AT,오스트리아,2025-06-01,1563084,,,54.135855122054636,0.001563084
자동차부품,8708,AT,오스트리아,2025-07-01,1126806,,,-27.911359850142414,0.001126806
자동차부품,8708,AT,오스트리아,2025-08-01,955658,,,-15.188772512748427,0.000955658
자동차부품,8708,AT,오스트리아,2025-09-01,618358,,,-35.29505325126772,0.000618358
자동차부품,8708,AT,오스트리아,2025-10-01,670798,,,8.480524227065867,0.000670798
자동차부품,8708,AT,오스트리아,2025-11-01,908095,,,35.37532908565619,0.000908095
자동차부품,8708,AT,오스트리아,2025-12-01,694119,,,-23.563173456521625,0.000694119
자동차부품,8708,AT,오스트리아,2026-01-01,607680,552868.0,9.914120549570594,-12.453051998288478,0.00060768
자동차부품,8708,AT,오스트리아,2026-02-01,506646,536695.0,-5.59889695264536,-16.626184834123226,0.000506646
자동차부품,8708,AT,오스트리아,2026-03-01,462502,741783.0,-37.64995962431061,-8.712986977100378,0.000462502
자동차부품,8708,AT,오스트리아,2026-04-01,666821,739148.0,-9.785185105012795,44.17689004588088,0.000666821
자동차부품,8708,AT,오스트리아,2026-05-01,654069,1014095.0,-35.502196539771916,-1.9123572892875251,0.000654069
자동차부품,8708,AT,오스트리아,2026-06-01,586561,1563084.0,-62.474121672283765,-10.321235221360435,0.000586561
자동차부품,8708,AT,오스트리아,2026-07-01,566373,1126806.0,-49.73642312873733,-3.441756270873786,0.000566373
자동차부품,8708,HN,온두라스,2025-01-01,163887,,,,0.000163887
자동차부품,8708,HN,온두라스,2025-02-01,336657,,,105.4201980632997,0.000336657
자동차부품,8708,HN,온두라스,2025-03-01,135095,,,-59.87162007622001,0.000135095
자동차부품,8708,HN,온두라스,2025-04-01,302685,,,124.05344387283024,0.000302685
자동차부품,8708,HN,온두라스,2025-05-01,339670,,,12.218973520326415,0.00033967
자동차부품,8708,HN,온두라스,2025-06-01,247313,,,-27.190214031265636,0.000247313
자동차부품,8708,HN,온두라스,2025-07-01,320444,,,29.570220732432183,0.000320444
자동차부품,8708,HN,온두라스,2025-08-01,377888,,,17.92637715170202,0.000377888
자동차부품,8708,HN,온두라스,2025-09-01,628007,,,66.18865907358796,0.000628007
자동차부품,8708,HN,온두라스,2025-10-01,184171,,,-70.67373452843678,0.000184171
자동차부품,8708,HN,온두라스,2025-11-01,319337,,,73.39157630680182,0.000319337
자동차부품,8708,HN,온두라스,2025-12-01,339606,,,6.347213132208296,0.000339606
자동차부품,8708,HN,온두라스,2026-01-01,384787,163887.0,134.78799416671242,13.303946337814999,0.000384787
자동차부품,8708,HN,온두라스,2026-02-01,178295,336657.0,-47.03956846285685,-53.663975134295086,0.000178295
자동차부품,8708,HN,온두라스,2026-03-01,471878,135095.0,249.29346015766686,164.66137580975348,0.000471878
자동차부품,8708,HN,온두라스,2026-04-01,378929,302685.0,25.18922311974494,-19.6976760942447,0.000378929
자동차부품,8708,HN,온두라스,2026-05-01,247885,339670.0,-27.02181529131216,-34.582731857419205,0.000247885
자동차부품,8708,HN,온두라스,2026-06-01,490126,247313.0,98.18044340572473,97.72313774532546,0.000490126
자동차부품,8708,HN,온두라스,2026-07-01,497918,320444.0,55.383780005242734,1.5897952771328105,0.000497918
자동차부품,8708,WF,왈라스 & 퓨투나 군도,2025-02-01,70,,,,7e-08
자동차부품,8708,JO,요르단,2025-01-01,1425334,,,,0.001425334
자동차부품,8708,JO,요르단,2025-02-01,1845077,,,29.44874674988458,0.001845077
자동차부품,8708,JO,요르단,2025-03-01,1218989,,,-33.932892773580726,0.001218989
자동차부품,8708,JO,요르단,2025-04-01,1928312,,,58.189450438026924,0.001928312
자동차부품,8708,JO,요르단,2025-05-01,1221342,,,-36.6626355071171,0.001221342
자동차부품,8708,JO,요르단,2025-06-01,1907570,,,56.186391690451984,0.00190757
자동차부품,8708,JO,요르단,2025-07-01,2453330,,,28.610221381128873,0.00245333
자동차부품,8708,JO,요르단,2025-08-01,1920652,,,-21.71244797886953,0.001920652
자동차부품,8708,JO,요르단,2025-09-01,2447676,,,27.439848551429403,0.002447676
자동차부품,8708,JO,요르단,2025-10-01,1948773,,,-20.38272222303933,0.001948773
자동차부품,8708,JO,요르단,2025-11-01,1840766,,,-5.542307903485932,0.001840766
자동차부품,8708,JO,요르단,2025-12-01,2130022,,,15.713893020622937,0.002130022
자동차부품,8708,JO,요르단,2026-01-01,2195797,1425334.0,54.05490923530907,3.0879962742168754,0.002195797
자동차부품,8708,JO,요르단,2026-02-01,1909334,1845077.0,3.4826188825723747,-13.045969185676087,0.001909334
자동차부품,8708,JO,요르단,2026-03-01,647139,1218989.0,-46.91182611163841,-66.10655862201165,0.000647139
자동차부품,8708,JO,요르단,2026-04-01,2876697,1928312.0,49.18213442637913,344.5253647207169,0.002876697
자동차부품,8708,JO,요르단,2026-05-01,3144180,1221342.0,157.4364919899586,9.29826811791441,0.00314418
자동차부품,8708,JO,요르단,2026-06-01,3592251,1907570.0,88.31555329555403,14.250806251550486,0.003592251
자동차부품,8708,JO,요르단,2026-07-01,2415559,2453330.0,-1.539580896169701,-32.756397033503504,0.002415559
자동차부품,8708,UG,우간다,2025-03-01,0,,,,0.0
자동차부품,8708,UG,우간다,2025-06-01,1864287,,,inf,0.001864287
자동차부품,8708,UG,우간다,2025-07-01,2244,,,-99.87963226692027,2.244e-06
자동차부품,8708,UG,우간다,2025-08-01,341,,,-84.80392156862744,3.41e-07
자동차부품,8708,UG,우간다,2025-09-01,2544,,,646.041055718475,2.544e-06
자동차부품,8708,UG,우간다,2026-03-01,776,,,-69.49685534591194,7.76e-07
자동차부품,8708,UG,우간다,2026-04-01,2550,,,228.6082474226804,2.55e-06
자동차부품,8708,UG,우간다,2026-07-01,162,,,-93.64705882352942,1.62e-07
자동차부품,8708,UY,우루과이,2025-01-01,4404215,,,,0.004404215
자동차부품,8708,UY,우루과이,2025-02-01,3046468,,,-30.82835420160006,0.003046468
자동차부품,8708,UY,우루과이,2025-03-01,3976804,,,30.538183890328074,0.003976804
자동차부품,8708,UY,우루과이,2025-04-01,3443918,,,-13.399855763572955,0.003443918
자동차부품,8708,UY,우루과이,2025-05-01,4500266,,,30.672855741629146,0.004500266
자동차부품,8708,UY,우루과이,2025-06-01,2875453,,,-36.104821359448536,0.002875453
자동차부품,8708,UY,우루과이,2025-07-01,4335111,,,50.76271460531609,0.004335111
자동차부품,8708,UY,우루과이,2025-08-01,1742664,,,-59.80116772096493,0.001742664
자동차부품,8708,UY,우루과이,2025-09-01,4441008,,,154.84017573094982,0.004441008
자동차부품,8708,UY,우루과이,2025-10-01,2837650,,,-36.10347020316108,0.00283765
자동차부품,8708,UY,우루과이,2025-11-01,2912706,,,2.645005550367374,0.002912706
자동차부품,8708,UY,우루과이,2025-12-01,1682603,,,-42.23230906243198,0.001682603
자동차부품,8708,UY,우루과이,2026-01-01,4291306,4404215.0,-2.563657768751071,155.03972119388828,0.004291306
자동차부품,8708,UY,우루과이,2026-02-01,4308474,3046468.0,41.42521766189569,0.4000646889315229,0.004308474
자동차부품,8708,UY,우루과이,2026-03-01,4375360,3976804.0,10.022017680529395,1.5524290038654076,0.00437536
자동차부품,8708,UY,우루과이,2026-04-01,4644828,3443918.0,34.87045858815454,6.158761793315293,0.004644828
자동차부품,8708,UY,우루과이,2026-05-01,5907406,4500266.0,31.267929495723145,27.182448951823403,0.005907406
자동차부품,8708,UY,우루과이,2026-06-01,6821499,2875453.0,137.23215089935397,15.473678294669435,0.006821499
자동차부품,8708,UY,우루과이,2026-07-01,5867675,4335111.0,35.35235891307052,-13.982615844406043,0.005867675
자동차부품,8708,UZ,우즈베키스탄,2025-01-01,47148556,,,,0.047148556
자동차부품,8708,UZ,우즈베키스탄,2025-02-01,54578745,,,15.759101933047525,0.054578745
자동차부품,8708,UZ,우즈베키스탄,2025-03-01,50083140,,,-8.236915304666681,0.05008314
자동차부품,8708,UZ,우즈베키스탄,2025-04-01,54111638,,,8.043621066889983,0.054111638
자동차부품,8708,UZ,우즈베키스탄,2025-05-01,42653911,,,-21.17423797076703,0.042653911
자동차부품,8708,UZ,우즈베키스탄,2025-06-01,46471758,,,8.950754832306007,0.046471758
자동차부품,8708,UZ,우즈베키스탄,2025-07-01,53826331,,,15.825897957206614,0.053826331
자동차부품,8708,UZ,우즈베키스탄,2025-08-01,54647486,,,1.525563761721016,0.054647486
자동차부품,8708,UZ,우즈베키스탄,2025-09-01,57371718,,,4.9851003209918865,0.057371718
자동차부품,8708,UZ,우즈베키스탄,2025-10-01,43244133,,,-24.624650424447815,0.043244133
자동차부품,8708,UZ,우즈베키스탄,2025-11-01,61161291,,,41.43257537386633,0.061161291
자동차부품,8708,UZ,우즈베키스탄,2025-12-01,64672291,,,5.7405590081478275,0.064672291
자동차부품,8708,UZ,우즈베키스탄,2026-01-01,53178982,47148556.0,12.790266577835375,-17.77161257515989,0.053178982
자동차부품,8708,UZ,우즈베키스탄,2026-02-01,45061442,54578745.0,-17.437746140919874,-15.26456448526976,0.045061442
자동차부품,8708,UZ,우즈베키스탄,2026-03-01,56914996,50083140.0,13.641029695821793,26.305314419365455,0.056914996
자동차부품,8708,UZ,우즈베키스탄,2026-04-01,59152616,54111638.0,9.315885059698248,3.9315121800236996,0.059152616
자동차부품,8708,UZ,우즈베키스탄,2026-05-01,42760278,42653911.0,0.24937220879932553,-27.711940922443734,0.042760278
자동차부품,8708,UZ,우즈베키스탄,2026-06-01,45426414,46471758.0,-2.2494178076930105,6.235076394966366,0.045426414
자동차부품,8708,UZ,우즈베키스탄,2026-07-01,60923918,53826331.0,13.186087307344053,34.11562268595536,0.060923918
자동차부품,8708,UA,우크라이나,2025-01-01,703551,,,,0.000703551
자동차부품,8708,UA,우크라이나,2025-02-01,406776,,,-42.182443063829055,0.000406776
자동차부품,8708,UA,우크라이나,2025-03-01,1655906,,,307.0805553916652,0.001655906
자동차부품,8708,UA,우크라이나,2025-04-01,909724,,,-45.06185737596217,0.000909724
자동차부품,8708,UA,우크라이나,2025-05-01,1047039,,,15.094138441988992,0.001047039
자동차부품,8708,UA,우크라이나,2025-06-01,1940167,,,85.30035652922192,0.001940167
자동차부품,8708,UA,우크라이나,2025-07-01,1187065,,,-38.81634931426006,0.001187065
자동차부품,8708,UA,우크라이나,2025-08-01,1415825,,,19.271059293299018,0.001415825
자동차부품,8708,UA,우크라이나,2025-09-01,3015347,,,112.9745554711917,0.003015347
자동차부품,8708,UA,우크라이나,2025-10-01,1149495,,,-61.878516800885606,0.001149495
자동차부품,8708,UA,우크라이나,2025-11-01,2087339,,,81.58747971935503,0.002087339
자동차부품,8708,UA,우크라이나,2025-12-01,2722795,,,30.443353954484632,0.002722795
자동차부품,8708,UA,우크라이나,2026-01-01,858707,703551.0,22.05326977006643,-68.46229701464854,0.000858707
자동차부품,8708,UA,우크라이나,2026-02-01,1294165,406776.0,218.15175919916615,50.71089440286385,0.001294165
자동차부품,8708,UA,우크라이나,2026-03-01,1558342,1655906.0,-5.891880336202659,20.412930345048743,0.001558342
자동차부품,8708,UA,우크라이나,2026-04-01,1180920,909724.0,29.81079975904779,-24.219458886431866,0.00118092
자동차부품,8708,UA,우크라이나,2026-05-01,1302932,1047039.0,24.439681807458946,10.331944585577357,0.001302932
자동차부품,8708,UA,우크라이나,2026-06-01,1793068,1940167.0,-7.581770022889778,37.61792633844283,0.001793068
자동차부품,8708,UA,우크라이나,2026-07-01,1853182,1187065.0,56.11461882879203,3.3525778163460584,0.001853182
자동차부품,8708,IQ,이라크,2025-01-01,6415063,,,,0.006415063
자동차부품,8708,IQ,이라크,2025-02-01,9790538,,,52.61795558360065,0.009790538
자동차부품,8708,IQ,이라크,2025-03-01,9668509,,,-1.2463972868498097,0.009668509
자동차부품,8708,IQ,이라크,2025-04-01,8962160,,,-7.305666261468025,0.00896216
자동차부품,8708,IQ,이라크,2025-05-01,8559333,,,-4.494753496924853,0.008559333
자동차부품,8708,IQ,이라크,2025-06-01,9416134,,,10.010137472160508,0.009416134
자동차부품,8708,IQ,이라크,2025-07-01,9892434,,,5.058339229242059,0.009892434
자동차부품,8708,IQ,이라크,2025-08-01,8444008,,,-14.64175550728971,0.008444008
자동차부품,8708,IQ,이라크,2025-09-01,9838303,,,16.512241580064813,0.009838303
자동차부품,8708,IQ,이라크,2025-10-01,8355402,,,-15.072731547300378,0.008355402
자동차부품,8708,IQ,이라크,2025-11-01,8077400,,,-3.327212742127783,0.0080774
자동차부품,8708,IQ,이라크,2025-12-01,9974541,,,23.487025528016446,0.009974541
자동차부품,8708,IQ,이라크,2026-01-01,7390617,6415063.0,15.207239585955733,-25.90519202838506,0.007390617
자동차부품,8708,IQ,이라크,2026-02-01,6451389,9790538.0,-34.10587855335427,-12.708384157912667,0.006451389
자동차부품,8708,IQ,이라크,2026-03-01,249325,9668509.0,-97.42126733294658,-96.13532837657131,0.000249325
자동차부품,8708,IQ,이라크,2026-04-01,3203368,8962160.0,-64.25674167834539,1184.8162037501254,0.003203368
자동차부품,8708,IQ,이라크,2026-05-01,4657212,8559333.0,-45.58907802745845,45.38485743754699,0.004657212
자동차부품,8708,IQ,이라크,2026-06-01,5743331,9416134.0,-39.00542409443196,23.321227378096587,0.005743331
자동차부품,8708,IQ,이라크,2026-07-01,8169570,9892434.0,-17.415976694916534,42.24445709293092,0.00816957
자동차부품,8708,IR,이란,2025-01-01,795796,,,,0.000795796
자동차부품,8708,IR,이란,2025-02-01,633462,,,-20.39894646366657,0.000633462
자동차부품,8708,IR,이란,2025-03-01,249180,,,-60.66378093713594,0.00024918
자동차부품,8708,IR,이란,2025-04-01,964016,,,286.8753511517778,0.000964016
자동차부품,8708,IR,이란,2025-05-01,772690,,,-19.846766028779605,0.00077269
자동차부품,8708,IR,이란,2025-06-01,187504,,,-75.73360597393521,0.000187504
자동차부품,8708,IR,이란,2025-07-01,1250664,,,567.0065705264955,0.001250664
자동차부품,8708,IR,이란,2025-08-01,518371,,,-58.552336998586355,0.000518371
자동차부품,8708,IR,이란,2025-09-01,832438,,,60.5873013729549,0.000832438
자동차부품,8708,IR,이란,2025-10-01,194961,,,-76.57951703310036,0.000194961
자동차부품,8708,IR,이란,2025-11-01,590286,,,202.77132349546832,0.000590286
자동차부품,8708,IR,이란,2025-12-01,607994,,,2.9999017425451413,0.000607994
자동차부품,8708,IR,이란,2026-01-01,82485,795796.0,-89.63490643330702,-86.4332542755356,8.2485e-05
자동차부품,8708,IR,이란,2026-02-01,493236,633462.0,-22.1364501738068,497.9705400981997,0.000493236
자동차부품,8708,IR,이란,2026-03-01,0,249180.0,-100.0,-100.0,0.0
자동차부품,8708,IR,이란,2026-04-01,160523,964016.0,-83.3485128877529,inf,0.000160523
자동차부품,8708,IR,이란,2026-05-01,163728,772690.0,-78.81064851363419,1.9965986182665318,0.000163728
자동차부품,8708,IR,이란,2026-06-01,168760,187504.0,-9.996586739482893,3.0733900127039915,0.00016876
자동차부품,8708,IR,이란,2026-07-01,241656,1250664.0,-80.67778396115983,43.19506992178241,0.000241656
자동차부품,8708,IL,이스라엘,2025-01-01,2345861,,,,0.002345861
자동차부품,8708,IL,이스라엘,2025-02-01,3310667,,,41.12801227353198,0.003310667
자동차부품,8708,IL,이스라엘,2025-03-01,3127565,,,-5.530667989260174,0.003127565
자동차부품,8708,IL,이스라엘,2025-04-01,2553359,,,-18.359522503928773,0.002553359
자동차부품,8708,IL,이스라엘,2025-05-01,3243510,,,27.029140829785405,0.00324351
자동차부품,8708,IL,이스라엘,2025-06-01,2725204,,,-15.979787329158846,0.002725204
자동차부품,8708,IL,이스라엘,2025-07-01,2844284,,,4.369581139613765,0.002844284
자동차부품,8708,IL,이스라엘,2025-08-01,2401454,,,-15.56912038319661,0.002401454
자동차부품,8708,IL,이스라엘,2025-09-01,3343253,,,39.217865509811965,0.003343253
자동차부품,8708,IL,이스라엘,2025-10-01,1873939,,,-43.9486332622748,0.001873939
자동차부품,8708,IL,이스라엘,2025-11-01,2895309,,,54.50390861175309,0.002895309
자동차부품,8708,IL,이스라엘,2025-12-01,2828036,,,-2.3235171099181495,0.002828036
자동차부품,8708,IL,이스라엘,2026-01-01,2664430,2345861.0,13.580045876545977,-5.785145592206042,0.00266443
자동차부품,8708,IL,이스라엘,2026-02-01,2921438,3310667.0,-11.75681516745719,9.645890490649034,0.002921438
자동차부품,8708,IL,이스라엘,2026-03-01,2898722,3127565.0,-7.31697023083453,-0.7775622826840745,0.002898722
자동차부품,8708,IL,이스라엘,2026-04-01,3461906,2553359.0,35.58242299653123,19.428699958119466,0.003461906
자동차부품,8708,IL,이스라엘,2026-05-01,2228147,3243510.0,-31.304451042235105,-35.63814268787194,0.002228147
자동차부품,8708,IL,이스라엘,2026-06-01,3501923,2725204.0,28.501315864793987,57.167502862243836,0.003501923
자동차부품,8708,IL,이스라엘,2026-07-01,3372001,2844284.0,18.553597320098845,-3.7100187525539563,0.003372001
자동차부품,8708,EG,이집트,2025-01-01,5436168,,,,0.005436168
자동차부품,8708,EG,이집트,2025-02-01,5871069,,,8.00013906854975,0.005871069
자동차부품,8708,EG,이집트,2025-03-01,7760104,,,32.17531594331457,0.007760104
자동차부품,8708,EG,이집트,2025-04-01,5916536,,,-23.757001194829353,0.005916536
자동차부품,8708,EG,이집트,2025-05-01,5632620,,,-4.798686258310603,0.00563262
자동차부품,8708,EG,이집트,2025-06-01,5091335,,,-9.609826333038619,0.005091335
자동차부품,8708,EG,이집트,2025-07-01,6108789,,,19.98403169306282,0.006108789
자동차부품,8708,EG,이집트,2025-08-01,4136953,,,-32.278672581423265,0.004136953
자동차부품,8708,EG,이집트,2025-09-01,7054590,,,70.52623029558227,0.00705459
자동차부품,8708,EG,이집트,2025-10-01,4400772,,,-37.61831658537208,0.004400772
자동차부품,8708,EG,이집트,2025-11-01,5184573,,,17.81053415173519,0.005184573
자동차부품,8708,EG,이집트,2025-12-01,8407914,,,62.17177383749828,0.008407914
자동차부품,8708,EG,이집트,2026-01-01,4107422,5436168.0,-24.442695663563008,-51.1481444743607,0.004107422
자동차부품,8708,EG,이집트,2026-02-01,4301946,5871069.0,-26.726359373395205,4.735914644270789,0.004301946
자동차부품,8708,EG,이집트,2026-03-01,6451062,7760104.0,-16.868871860480215,49.956833488844346,0.006451062
자동차부품,8708,EG,이집트,2026-04-01,8727445,5916536.0,47.509370347784575,35.28694965263084,0.008727445
자동차부품,8708,EG,이집트,2026-05-01,9154393,5632620.0,62.52459778930586,4.892015933643812,0.009154393
자동차부품,8708,EG,이집트,2026-06-01,6352021,5091335.0,24.761403443301223,-30.612319134649347,0.006352021
자동차부품,8708,EG,이집트,2026-07-01,6028177,6108789.0,-1.3196068811674455,-5.09828289295643,0.006028177
자동차부품,8708,IT,이탈리아,2025-01-01,4626416,,,,0.004626416
자동차부품,8708,IT,이탈리아,2025-02-01,5057660,,,9.32134075275548,0.00505766
자동차부품,8708,IT,이탈리아,2025-03-01,5306718,,,4.92437214047603,0.005306718
자동차부품,8708,IT,이탈리아,2025-04-01,5757714,,,8.498586131767327,0.005757714
자동차부품,8708,IT,이탈리아,2025-05-01,5020468,,,-12.804491504788185,0.005020468
자동차부품,8708,IT,이탈리아,2025-06-01,4887638,,,-2.6457692788799725,0.004887638
자동차부품,8708,IT,이탈리아,2025-07-01,6074953,,,24.292204128047135,0.006074953
자동차부품,8708,IT,이탈리아,2025-08-01,5092922,,,-16.165244406006106,0.005092922
자동차부품,8708,IT,이탈리아,2025-09-01,6090304,,,19.583688892152672,0.006090304
자동차부품,8708,IT,이탈리아,2025-10-01,5136251,,,-15.665112940175074,0.005136251
자동차부품,8708,IT,이탈리아,2025-11-01,5453203,,,6.170882225187202,0.005453203
자동차부품,8708,IT,이탈리아,2025-12-01,6556644,,,20.234731771401137,0.006556644
자동차부품,8708,IT,이탈리아,2026-01-01,7049139,4626416.0,52.36716715487755,7.511388448114609,0.007049139
자동차부품,8708,IT,이탈리아,2026-02-01,5686472,5057660.0,12.432864209931083,-19.33097077529611,0.005686472
자동차부품,8708,IT,이탈리아,2026-03-01,6035124,5306718.0,13.726110940886628,6.131253262128089,0.006035124
자동차부품,8708,IT,이탈리아,2026-04-01,8093223,5757714.0,40.5631297421164,34.102016793689735,0.008093223
자동차부품,8708,IT,이탈리아,2026-05-01,4559291,5020468.0,-9.18593645054604,-43.66532344407167,0.004559291
자동차부품,8708,IT,이탈리아,2026-06-01,6021959,4887638.0,23.207958527206806,32.081040670577956,0.006021959
자동차부품,8708,IT,이탈리아,2026-07-01,5939454,6074953.0,-2.230453470174998,-1.3700691087401906,0.005939454
자동차부품,8708,IN,인도,2025-01-01,65622261,,,,0.065622261
자동차부품,8708,IN,인도,2025-02-01,64266993,,,-2.0652564836191822,0.064266993
자동차부품,8708,IN,인도,2025-03-01,50206300,,,-21.87856058552483,0.0502063
자동차부품,8708,IN,인도,2025-04-01,55865377,,,11.27164718371998,0.055865377
자동차부품,8708,IN,인도,2025-05-01,50548072,,,-9.518068767351195,0.050548072
자동차부품,8708,IN,인도,2025-06-01,47938555,,,-5.162446156205524,0.047938555
자동차부품,8708,IN,인도,2025-07-01,46457803,,,-3.0888540549459664,0.046457803
자동차부품,8708,IN,인도,2025-08-01,38492543,,,-17.14514997620529,0.038492543
자동차부품,8708,IN,인도,2025-09-01,47944387,,,24.555000172371045,0.047944387
자동차부품,8708,IN,인도,2025-10-01,51577132,,,7.576997490863735,0.051577132
자동차부품,8708,IN,인도,2025-11-01,46047953,,,-10.720214144516603,0.046047953
자동차부품,8708,IN,인도,2025-12-01,55834839,,,21.253683089886756,0.055834839
자동차부품,8708,IN,인도,2026-01-01,54739130,65622261.0,-16.58451085676551,-1.9624109599384765,0.05473913
자동차부품,8708,IN,인도,2026-02-01,46001442,64266993.0,-28.4213562006861,-15.962416647834921,0.046001442
자동차부품,8708,IN,인도,2026-03-01,48005671,50206300.0,-4.383173028086118,4.356882986407262,0.048005671
자동차부품,8708,IN,인도,2026-04-01,58547452,55865377.0,4.80096106753205,21.959449332559068,0.058547452
자동차부품,8708,IN,인도,2026-05-01,47507719,50548072.0,-6.014775400335748,-18.85604347051687,0.047507719
자동차부품,8708,IN,인도,2026-06-01,52771696,47938555.0,10.08194969581373,11.080256242148767,0.052771696
자동차부품,8708,IN,인도,2026-07-01,85743265,46457803.0,84.56160098659853,62.47964628614551,0.085743265
자동차부품,8708,ID,인도네시아,2025-01-01,6426592,,,,0.006426592
자동차부품,8708,ID,인도네시아,2025-02-01,7237886,,,12.624015963670953,0.007237886
자동차부품,8708,ID,인도네시아,2025-03-01,6103063,,,-15.678928902721045,0.006103063
자동차부품,8708,ID,인도네시아,2025-04-01,6442051,,,5.554391294993999,0.006442051
자동차부품,8708,ID,인도네시아,2025-05-01,6044998,,,-6.163456327806161,0.006044998
자동차부품,8708,ID,인도네시아,2025-06-01,6397801,,,5.836279846577286,0.006397801
자동차부품,8708,ID,인도네시아,2025-07-01,6297018,,,-1.5752756298609505,0.006297018
자동차부품,8708,ID,인도네시아,2025-08-01,5889051,,,-6.47873326707975,0.005889051
자동차부품,8708,ID,인도네시아,2025-09-01,6446725,,,9.469675164979897,0.006446725
자동차부품,8708,ID,인도네시아,2025-10-01,4162296,,,-35.43549631789785,0.004162296
자동차부품,8708,ID,인도네시아,2025-11-01,4522676,,,8.658202107682866,0.004522676
자동차부품,8708,ID,인도네시아,2025-12-01,3786277,,,-16.282373532837635,0.003786277
자동차부품,8708,ID,인도네시아,2026-01-01,4825710,6426592.0,-24.91027904058636,27.45264015284672,0.00482571
자동차부품,8708,ID,인도네시아,2026-02-01,4751079,7237886.0,-34.35819519677431,-1.546528904554978,0.004751079
자동차부품,8708,ID,인도네시아,2026-03-01,5151685,6103063.0,-15.588533167689732,8.43189515476379,0.005151685
자동차부품,8708,ID,인도네시아,2026-04-01,6235383,6442051.0,-3.2081087218961746,21.035797025633364,0.006235383
자동차부품,8708,ID,인도네시아,2026-05-01,5447134,6044998.0,-9.89022659726273,-12.641549043579204,0.005447134
자동차부품,8708,ID,인도네시아,2026-06-01,5855902,6397801.0,-8.470082142286072,7.504276560848333,0.005855902
자동차부품,8708,ID,인도네시아,2026-07-01,6728639,6297018.0,6.854371386583291,14.90354517544863,0.006728639
자동차부품,8708,JP,일본,2025-01-01,32127405,,,,0.032127405
자동차부품,8708,JP,일본,2025-02-01,32221764,,,0.29370252592764157,0.032221764
자동차부품,8708,JP,일본,2025-03-01,30949421,,,-3.9487068429897243,0.030949421
자동차부품,8708,JP,일본,2025-04-01,31138295,,,0.6102666670242396,0.031138295
자동차부품,8708,JP,일본,2025-05-01,31187525,,,0.1581011420182188,0.031187525
자동차부품,8708,JP,일본,2025-06-01,31872406,,,2.196009462116666,0.031872406
자동차부품,8708,JP,일본,2025-07-01,30091171,,,-5.588643041256436,0.030091171
자동차부품,8708,JP,일본,2025-08-01,27673832,,,-8.033382948107937,0.027673832
자동차부품,8708,JP,일본,2025-09-01,35870450,,,29.618659244588883,0.03587045
자동차부품,8708,JP,일본,2025-10-01,31320773,,,-12.68363513699995,0.031320773
자동차부품,8708,JP,일본,2025-11-01,31477048,,,0.49895000995026084,0.031477048
자동차부품,8708,JP,일본,2025-12-01,33589112,,,6.70985411338445,0.033589112
자동차부품,8708,JP,일본,2026-01-01,34716847,32127405.0,8.059916448278347,3.357442137797517,0.034716847
자동차부품,8708,JP,일본,2026-02-01,33085427,32221764.0,2.680371565008044,-4.699217068877248,0.033085427
자동차부품,8708,JP,일본,2026-03-01,35756946,30949421.0,15.533489301786929,8.07460940431568,0.035756946
자동차부품,8708,JP,일본,2026-04-01,35040719,31138295.0,12.532555170409942,-2.0030429891859325,0.035040719
자동차부품,8708,JP,일본,2026-05-01,35112381,31187525.0,12.584698529299775,0.20451064374564787,0.035112381
자동차부품,8708,JP,일본,2026-06-01,35639291,31872406.0,11.818640236949784,1.5006387632897855,0.035639291
자동차부품,8708,JP,일본,2026-07-01,38190481,30091171.0,26.915901677605024,7.1583635039204285,0.038190481
자동차부품,8708,JM,자마이카,2025-01-01,33010,,,,3.301e-05
자동차부품,8708,JM,자마이카,2025-02-01,22687,,,-31.272341714631935,2.2687e-05
자동차부품,8708,JM,자마이카,2025-03-01,53042,,,133.79909199100805,5.3042e-05
자동차부품,8708,JM,자마이카,2025-04-01,13633,,,-74.29772633007805,1.3633e-05
자동차부품,8708,JM,자마이카,2025-07-01,62037,,,355.0502457272794,6.2037e-05
자동차부품,8708,JM,자마이카,2025-08-01,0,,,-100.0,0.0
자동차부품,8708,JM,자마이카,2025-09-01,70697,,,inf,7.0697e-05
자동차부품,8708,JM,자마이카,2025-10-01,80995,,,14.566388955684118,8.0995e-05
자동차부품,8708,JM,자마이카,2025-11-01,183,,,-99.77406012716834,1.83e-07
자동차부품,8708,JM,자마이카,2025-12-01,110,,,-39.89071038251366,1.1e-07
자동차부품,8708,JM,자마이카,2026-01-01,67103,,,60902.72727272727,6.7103e-05
자동차부품,8708,JM,자마이카,2026-03-01,52407,,,-21.900660179127605,5.2407e-05
자동차부품,8708,JM,자마이카,2026-04-01,6081,33010.0,-81.57830960315056,-88.39658824202874,6.081e-06
자동차부품,8708,JM,자마이카,2026-05-01,44,22687.0,-99.80605633181997,-99.2764347969084,4.4e-08
자동차부품,8708,JM,자마이카,2026-07-01,51385,53042.0,-3.1239395196259623,116684.0909090909,5.1385e-05
자동차부품,8708,ZM,잠비아,2025-01-01,49,,,,4.9e-08
자동차부품,8708,ZM,잠비아,2025-03-01,1942,,,3863.2653061224487,1.942e-06
자동차부품,8708,ZM,잠비아,2025-04-01,1499,,,-22.81153450051493,1.499e-06
자동차부품,8708,ZM,잠비아,2025-07-01,21,,,-98.59906604402934,2.1e-08
자동차부품,8708,ZM,잠비아,2025-09-01,944,,,4395.2380952380945,9.44e-07
자동차부품,8708,ZM,잠비아,2026-02-01,13078,,,1285.3813559322034,1.3078e-05
자동차부품,8708,ZM,잠비아,2026-03-01,117,,,-99.10536779324056,1.17e-07
자동차부품,8708,ZM,잠비아,2026-05-01,13875,,,11758.97435897436,1.3875e-05
자동차부품,8708,ZM,잠비아,2026-06-01,144,,,-98.96216216216216,1.44e-07
자동차부품,8708,JE,저어지,2025-07-01,130,,,,1.3e-07
자동차부품,8708,GQ,적도 기니,2025-07-01,1398,,,,1.398e-06
자동차부품,8708,GQ,적도 기니,2026-07-01,95,,,-93.20457796852646,9.5e-08
자동차부품,8708,GE,조지아,2025-01-01,49891,,,,4.9891e-05
자동차부품,8708,GE,조지아,2025-02-01,209017,,,318.9473051251729,0.000209017
자동차부품,8708,GE,조지아,2025-03-01,126232,,,-39.60682623901405,0.000126232
자동차부품,8708,GE,조지아,2025-04-01,58556,,,-53.612396222827805,5.8556e-05
자동차부품,8708,GE,조지아,2025-05-01,31258,,,-46.61862149053897,3.1258e-05
자동차부품,8708,GE,조지아,2025-06-01,302129,,,866.5653592680274,0.000302129
자동차부품,8708,GE,조지아,2025-07-01,178891,,,-40.78986128441825,0.000178891
자동차부품,8708,GE,조지아,2025-08-01,158176,,,-11.57967701002286,0.000158176
자동차부품,8708,GE,조지아,2025-09-01,140244,,,-11.336738822577386,0.000140244
자동차부품,8708,GE,조지아,2025-10-01,709,,,-99.49445252559825,7.09e-07
자동차부품,8708,GE,조지아,2025-11-01,97563,,,13660.648801128349,9.7563e-05
자동차부품,8708,GE,조지아,2025-12-01,281348,,,188.37571620388877,0.000281348
자동차부품,8708,GE,조지아,2026-01-01,129703,49891.0,159.9727405744523,-53.89944126135604,0.000129703
자동차부품,8708,GE,조지아,2026-02-01,21480,209017.0,-89.72332394015797,-83.43908776204097,2.148e-05
자동차부품,8708,GE,조지아,2026-03-01,65911,126232.0,-47.78582292920971,206.8482309124767,6.5911e-05
자동차부품,8708,GE,조지아,2026-04-01,87328,58556.0,49.135869936471074,32.493817420460935,8.7328e-05
자동차부품,8708,GE,조지아,2026-05-01,30180,31258.0,-3.448717128415124,-65.44063759618908,3.018e-05
자동차부품,8708,GE,조지아,2026-06-01,156945,302129.0,-48.053645959176386,420.02982107355865,0.000156945
자동차부품,8708,GE,조지아,2026-07-01,47545,178891.0,-73.4223633385693,-69.7059479435471,4.7545e-05
자동차부품,8708,CN,중국,2025-01-01,60512639,,,,0.060512639
자동차부품,8708,CN,중국,2025-02-01,73353784,,,21.220599881621418,0.073353784
자동차부품,8708,CN,중국,2025-03-01,71625769,,,-2.3557271428560567,0.071625769
자동차부품,8708,CN,중국,2025-04-01,75783022,,,5.804130354258397,0.075783022
자동차부품,8708,CN,중국,2025-05-01,78122462,,,3.0870238983079945,0.078122462
자동차부품,8708,CN,중국,2025-06-01,78084245,,,-0.04891934921354979,0.078084245
자동차부품,8708,CN,중국,2025-07-01,74972270,,,-3.985407043379874,0.07497227
자동차부품,8708,CN,중국,2025-08-01,79055675,,,5.446553772481488,0.079055675
자동차부품,8708,CN,중국,2025-09-01,87589298,,,10.7944470779612,0.087589298
자동차부품,8708,CN,중국,2025-10-01,75461808,,,-13.84585820062172,0.075461808
자동차부품,8708,CN,중국,2025-11-01,73057047,,,-3.186725926312284,0.073057047
자동차부품,8708,CN,중국,2025-12-01,69741231,,,-4.5386668858926065,0.069741231
자동차부품,8708,CN,중국,2026-01-01,64214177,60512639.0,6.116966738138796,-7.9250881017571935,0.064214177
자동차부품,8708,CN,중국,2026-02-01,50373763,73353784.0,-31.327655843903024,-21.55351769127244,0.050373763
자동차부품,8708,CN,중국,2026-03-01,68874353,71625769.0,-3.8413772562777004,36.72663882585068,0.068874353
자동차부품,8708,CN,중국,2026-04-01,80634505,75783022.0,6.401807254400604,17.074791250670618,0.080634505
자동차부품,8708,CN,중국,2026-05-01,68991446,78122462.0,-11.688080183648076,-14.439301140374084,0.068991446
자동차부품,8708,CN,중국,2026-06-01,72025265,78084245.0,-7.759542273860753,4.397384278624927,0.072025265
자동차부품,8708,CN,중국,2026-07-01,81538165,74972270.0,8.757764704203307,13.207726483200034,0.081538165
자동차부품,8708,CF,중앙아프리카공화국,2025-01-01,687,,,,6.87e-07
자동차부품,8708,DJ,지부티,2025-01-01,17722,,,,1.7722e-05
자동차부품,8708,DJ,지부티,2025-03-01,413,,,-97.66956325471166,4.13e-07
자동차부품,8708,DJ,지부티,2025-07-01,40,,,-90.31476997578693,4e-08
자동차부품,8708,DJ,지부티,2025-08-01,1000,,,2400.0,1e-06
자동차부품,8708,DJ,지부티,2025-09-01,59733,,,5873.299999999999,5.9733e-05
자동차부품,8708,DJ,지부티,2025-10-01,90,,,-99.84932951634775,9e-08
자동차부품,8708,DJ,지부티,2025-11-01,441,,,390.00000000000006,4.41e-07
자동차부품,8708,DJ,지부티,2025-12-01,202,,,-54.19501133786848,2.02e-07
자동차부품,8708,DJ,지부티,2026-01-01,1385,,,585.6435643564357,1.385e-06
자동차부품,8708,DJ,지부티,2026-02-01,1028,,,-25.776173285198556,1.028e-06
자동차부품,8708,DJ,지부티,2026-04-01,572,,,-44.3579766536965,5.72e-07
자동차부품,8708,DJ,지부티,2026-05-01,2970,,,419.2307692307692,2.97e-06
자동차부품,8708,DJ,지부티,2026-06-01,45634,17722.0,157.49915359440246,1436.4983164983166,4.5634e-05
자동차부품,8708,DJ,지부티,2026-07-01,2310,413.0,459.3220338983051,-94.937984835868,2.31e-06
자동차부품,8708,GI,지브랄타,2025-08-01,314,,,,3.14e-07
자동차부품,8708,ZW,짐바브웨,2025-05-01,2758,,,,2.758e-06
자동차부품,8708,ZW,짐바브웨,2026-05-01,4104,,,48.80348078317623,4.104e-06
자동차부품,8708,TD,챠드,2025-03-01,813,,,,8.13e-07
자동차부품,8708,TD,챠드,2025-05-01,350,,,-56.94956949569496,3.5e-07
자동차부품,8708,TD,챠드,2025-07-01,1870,,,434.2857142857143,1.87e-06
자동차부품,8708,TD,챠드,2025-10-01,532,,,-71.55080213903744,5.32e-07
자동차부품,8708,TD,챠드,2025-12-01,485,,,-8.834586466165417,4.85e-07
자동차부품,8708,TD,챠드,2026-02-01,280,,,-42.26804123711341,2.8e-07
자동차부품,8708,TD,챠드,2026-05-01,350,,,25.0,3.5e-07
자동차부품,8708,CZ,체코공화국,2025-01-01,54775015,,,,0.054775015
자동차부품,8708,CZ,체코공화국,2025-02-01,72879308,,,33.05210048778626,0.072879308
자동차부품,8708,CZ,체코공화국,2025-03-01,73890756,,,1.3878397418372934,0.073890756
자동차부품,8708,CZ,체코공화국,2025-04-01,95555226,,,29.319594456443234,0.095555226
자동차부품,8708,CZ,체코공화국,2025-05-01,61458108,,,-35.68315353050392,0.061458108
자동차부품,8708,CZ,체코공화국,2025-06-01,69284673,,,12.734796521884473,0.069284673
자동차부품,8708,CZ,체코공화국,2025-07-01,88056124,,,27.09322305670694,0.088056124
자동차부품,8708,CZ,체코공화국,2025-08-01,82930432,,,-5.820937564774031,0.082930432
자동차부품,8708,CZ,체코공화국,2025-09-01,86267949,,,4.024478010677668,0.086267949
자동차부품,8708,CZ,체코공화국,2025-10-01,59862033,,,-30.609184878152142,0.059862033
자동차부품,8708,CZ,체코공화국,2025-11-01,59040295,,,-1.3727198339555269,0.059040295
자동차부품,8708,CZ,체코공화국,2025-12-01,55123319,,,-6.6344112948622636,0.055123319
자동차부품,8708,CZ,체코공화국,2026-01-01,74930550,54775015.0,36.7969502153491,35.93258054726349,0.07493055
자동차부품,8708,CZ,체코공화국,2026-02-01,72383234,72879308.0,-0.6806788011763265,-3.3995693345371114,0.072383234
자동차부품,8708,CZ,체코공화국,2026-03-01,74923695,73890756.0,1.3979272319259994,3.5097367989940897,0.074923695
자동차부품,8708,CZ,체코공화국,2026-04-01,62874758,95555226.0,-34.200607719770346,-16.081610764124754,0.062874758
자동차부품,8708,CZ,체코공화국,2026-05-01,49851258,61458108.0,-18.885791277531684,-20.71339980346326,0.049851258
자동차부품,8708,CZ,체코공화국,2026-06-01,55651907,69284673.0,-19.67645282817456,11.635912979367546,0.055651907
자동차부품,8708,CZ,체코공화국,2026-07-01,66044410,88056124.0,-24.99736872361087,18.674118390947502,0.06604441
자동차부품,8708,CL,칠레,2025-01-01,4286041,,,,0.004286041
자동차부품,8708,CL,칠레,2025-02-01,4621060,,,7.8165141210735145,0.00462106
자동차부품,8708,CL,칠레,2025-03-01,4726107,,,2.2732230267514364,0.004726107
자동차부품,8708,CL,칠레,2025-04-01,5091386,,,7.72896170145958,0.005091386
자동차부품,8708,CL,칠레,2025-05-01,4347033,,,-14.619850076187502,0.004347033
자동차부품,8708,CL,칠레,2025-06-01,4070799,,,-6.354541131847857,0.004070799
자동차부품,8708,CL,칠레,2025-07-01,4526666,,,11.198464969653376,0.004526666
자동차부품,8708,CL,칠레,2025-08-01,4187668,,,-7.488911264935383,0.004187668
자동차부품,8708,CL,칠레,2025-09-01,5096617,,,21.705373969474184,0.005096617
자동차부품,8708,CL,칠레,2025-10-01,3528980,,,-30.758383453180805,0.00352898
자동차부품,8708,CL,칠레,2025-11-01,4136426,,,17.213075732931337,0.004136426
자동차부품,8708,CL,칠레,2025-12-01,5010914,,,21.14114938838505,0.005010914
자동차부품,8708,CL,칠레,2026-01-01,3704296,4286041.0,-13.573015283801526,-26.075442524058488,0.003704296
자동차부품,8708,CL,칠레,2026-02-01,4812889,4621060.0,4.151190419514128,29.92722503817189,0.004812889
자동차부품,8708,CL,칠레,2026-03-01,5517164,4726107.0,16.7380256096614,14.633102903474393,0.005517164
자동차부품,8708,CL,칠레,2026-04-01,5755921,5091386.0,13.052143365284042,4.327531318626754,0.005755921
자동차부품,8708,CL,칠레,2026-05-01,4091422,4347033.0,-5.8801255937095505,-28.918030667898332,0.004091422
자동차부품,8708,CL,칠레,2026-06-01,5628120,4070799.0,38.25590504468532,37.55901982244805,0.00562812
자동차부품,8708,CL,칠레,2026-07-01,4456291,4526666.0,-1.554676223074558,-20.82096685927095,0.004456291
자동차부품,8708,CM,카메룬,2025-02-01,492,,,,4.92e-07
자동차부품,8708,CM,카메룬,2025-03-01,23697,,,4716.463414634146,2.3697e-05
자동차부품,8708,CM,카메룬,2025-04-01,683,,,-97.11777862176648,6.83e-07
자동차부품,8708,CM,카메룬,2025-05-01,3276,,,379.64860907759885,3.276e-06
자동차부품,8708,CM,카메룬,2025-06-01,88,,,-97.31379731379731,8.8e-08
자동차부품,8708,CM,카메룬,2025-07-01,3732,,,4140.909090909091,3.732e-06
자동차부품,8708,CM,카메룬,2025-08-01,346,,,-90.72883172561629,3.46e-07
자동차부품,8708,CM,카메룬,2025-09-01,4500,,,1200.578034682081,4.5e-06
자동차부품,8708,CM,카메룬,2025-10-01,18764,,,316.9777777777778,1.8764e-05
자동차부품,8708,CM,카메룬,2025-11-01,4191,,,-77.66467704114261,4.191e-06
자동차부품,8708,CM,카메룬,2025-12-01,79523,,,1797.470770699117,7.9523e-05
자동차부품,8708,CM,카메룬,2026-01-01,1265,,,-98.40926524401745,1.265e-06
자동차부품,8708,CM,카메룬,2026-02-01,4563,492.0,827.4390243902438,260.7114624505929,4.563e-06
자동차부품,8708,CM,카메룬,2026-03-01,738,23697.0,-96.88568173186479,-83.82642998027615,7.38e-07
자동차부품,8708,CM,카메룬,2026-04-01,650,683.0,-4.831625183016108,-11.924119241192411,6.5e-07
자동차부품,8708,CM,카메룬,2026-05-01,1545,3276.0,-52.83882783882784,137.69230769230768,1.545e-06
자동차부품,8708,CM,카메룬,2026-06-01,15977,88.0,18055.68181818182,934.1100323624595,1.5977e-05
자동차부품,8708,CM,카메룬,2026-07-01,366,3732.0,-90.19292604501608,-97.70920698504099,3.66e-07
자동차부품,8708,CV,카보 베르데,2025-05-01,17,,,,1.7e-08
자동차부품,8708,CV,카보 베르데,2025-06-01,17,,,0.0,1.7e-08
자동차부품,8708,CV,카보 베르데,2026-04-01,77,,,352.94117647058823,7.7e-08
자동차부품,8708,KZ,카자흐스탄,2025-01-01,7356372,,,,0.007356372
자동차부품,8708,KZ,카자흐스탄,2025-02-01,22519670,,,206.12467667486092,0.02251967
자동차부품,8708,KZ,카자흐스탄,2025-03-01,35128606,,,55.990767182645214,0.035128606
자동차부품,8708,KZ,카자흐스탄,2025-04-01,37157072,,,5.774399359883509,0.037157072
자동차부품,8708,KZ,카자흐스탄,2025-05-01,43911934,,,18.179209599723034,0.043911934
자동차부품,8708,KZ,카자흐스탄,2025-06-01,37193353,,,-15.300125473863213,0.037193353
자동차부품,8708,KZ,카자흐스탄,2025-07-01,44193785,,,18.821728710503738,0.044193785
자동차부품,8708,KZ,카자흐스탄,2025-08-01,34001802,,,-23.062027839434883,0.034001802
자동차부품,8708,KZ,카자흐스탄,2025-09-01,61206988,,,80.01101235752152,0.061206988
자동차부품,8708,KZ,카자흐스탄,2025-10-01,46436261,,,-24.132419324407863,0.046436261
자동차부품,8708,KZ,카자흐스탄,2025-11-01,36551286,,,-21.28718976749657,0.036551286
자동차부품,8708,KZ,카자흐스탄,2025-12-01,42919127,,,17.421660622282896,0.042919127
자동차부품,8708,KZ,카자흐스탄,2026-01-01,11376005,7356372.0,54.64151350692978,-73.49432340504036,0.011376005
자동차부품,8708,KZ,카자흐스탄,2026-02-01,20003103,22519670.0,-11.17497281265667,75.83591955172312,0.020003103
자동차부품,8708,KZ,카자흐스탄,2026-03-01,35309826,35128606.0,0.5158758648151407,76.52174265162759,0.035309826
자동차부품,8708,KZ,카자흐스탄,2026-04-01,29481529,37157072.0,-20.65701786190257,-16.506161769248028,0.029481529
자동차부품,8708,KZ,카자흐스탄,2026-05-01,37288193,43911934.0,-15.084147739883191,26.479847771803144,0.037288193
자동차부품,8708,KZ,카자흐스탄,2026-06-01,39370417,37193353.0,5.853368476888865,5.584137584784554,0.039370417
자동차부품,8708,KZ,카자흐스탄,2026-07-01,33967251,44193785.0,-23.14020851574492,-13.723923726792119,0.033967251
자동차부품,8708,QA,카타르,2025-01-01,60498,,,,6.0498e-05
자동차부품,8708,QA,카타르,2025-02-01,8694,,,-85.62927700089259,8.694e-06
자동차부품,8708,QA,카타르,2025-03-01,9137,,,5.095468138946391,9.137e-06
자동차부품,8708,QA,카타르,2025-04-01,55730,,,509.93761628543285,5.573e-05
자동차부품,8708,QA,카타르,2025-05-01,125514,,,125.21801543154494,0.000125514
자동차부품,8708,QA,카타르,2025-06-01,4428,,,-96.47210669726086,4.428e-06
자동차부품,8708,QA,카타르,2025-07-01,44344,,,901.4453477868112,4.4344e-05
자동차부품,8708,QA,카타르,2025-08-01,87490,,,97.2983943712791,8.749e-05
자동차부품,8708,QA,카타르,2025-09-01,133343,,,52.409418219225046,0.000133343
자동차부품,8708,QA,카타르,2025-10-01,71453,,,-46.414134975214296,7.1453e-05
자동차부품,8708,QA,카타르,2025-11-01,108886,,,52.38828320714315,0.000108886
자동차부품,8708,QA,카타르,2025-12-01,232713,,,113.72169057546424,0.000232713
자동차부품,8708,QA,카타르,2026-01-01,2967,60498.0,-95.09570564316175,-98.7250389965322,2.967e-06
자동차부품,8708,QA,카타르,2026-02-01,115671,8694.0,1230.4692891649413,3798.5844287158748,0.000115671
자동차부품,8708,QA,카타르,2026-03-01,576,9137.0,-93.69596147532013,-99.50203594678008,5.76e-07
자동차부품,8708,QA,카타르,2026-04-01,6325,55730.0,-88.65063699982056,998.0902777777778,6.325e-06
자동차부품,8708,QA,카타르,2026-05-01,159939,125514.0,27.427219274343905,2428.679841897233,0.000159939
자동차부품,8708,QA,카타르,2026-06-01,20553,4428.0,364.15989159891603,-87.14947573762497,2.0553e-05
자동차부품,8708,QA,카타르,2026-07-01,64978,44344.0,46.53166155511457,216.1484941371089,6.4978e-05
자동차부품,8708,KH,캄보디아,2025-01-01,796244,,,,0.000796244
자동차부품,8708,KH,캄보디아,2025-02-01,879207,,,10.419293583373946,0.000879207
자동차부품,8708,KH,캄보디아,2025-03-01,958094,,,8.972517279775971,0.000958094
자동차부품,8708,KH,캄보디아,2025-04-01,1154250,,,20.473565224289047,0.00115425
자동차부품,8708,KH,캄보디아,2025-05-01,1137508,,,-1.4504656703487107,0.001137508
자동차부품,8708,KH,캄보디아,2025-06-01,1231884,,,8.29673285814254,0.001231884
자동차부품,8708,KH,캄보디아,2025-07-01,1506191,,,22.26727516551883,0.001506191
자동차부품,8708,KH,캄보디아,2025-08-01,1189135,,,-21.050185534238352,0.001189135
자동차부품,8708,KH,캄보디아,2025-09-01,1396018,,,17.397772330307326,0.001396018
자동차부품,8708,KH,캄보디아,2025-10-01,1247726,,,-10.62249913683061,0.001247726
자동차부품,8708,KH,캄보디아,2025-11-01,1417818,,,13.63215962478941,0.001417818
자동차부품,8708,KH,캄보디아,2025-12-01,1662781,,,17.277464385414774,0.001662781
자동차부품,8708,KH,캄보디아,2026-01-01,1488770,796244.0,86.97409336836448,-10.465058236773217,0.00148877
자동차부품,8708,KH,캄보디아,2026-02-01,1213080,879207.0,37.97433368933596,-18.51797121113402,0.00121308
자동차부품,8708,KH,캄보디아,2026-03-01,1693580,958094.0,76.7655365757431,39.60991855442344,0.00169358
자동차부품,8708,KH,캄보디아,2026-04-01,1279136,1154250.0,10.819666450075815,-24.471474627711707,0.001279136
자동차부품,8708,KH,캄보디아,2026-05-01,1334917,1137508.0,17.35451530890333,4.360834188076956,0.001334917
자동차부품,8708,KH,캄보디아,2026-06-01,1545773,1231884.0,25.480402375548337,15.795438967366504,0.001545773
자동차부품,8708,KH,캄보디아,2026-07-01,1743154,1506191.0,15.732599650376343,12.769080582983406,0.001743154
자동차부품,8708,CA,캐나다,2025-01-01,13065860,,,,0.01306586
자동차부품,8708,CA,캐나다,2025-02-01,16142097,,,23.544083588833796,0.016142097
자동차부품,8708,CA,캐나다,2025-03-01,16917032,,,4.800708359019268,0.016917032
자동차부품,8708,CA,캐나다,2025-04-01,21361648,,,26.273024724431558,0.021361648
자동차부품,8708,CA,캐나다,2025-05-01,18190710,,,-14.844070082982363,0.01819071
자동차부품,8708,CA,캐나다,2025-06-01,16084053,,,-11.580949836482468,0.016084053
자동차부품,8708,CA,캐나다,2025-07-01,19279467,,,19.866970097648885,0.019279467
자동차부품,8708,CA,캐나다,2025-08-01,13442942,,,-30.27326948405783,0.013442942
자동차부품,8708,CA,캐나다,2025-09-01,15490453,,,15.231122770595906,0.015490453
자동차부품,8708,CA,캐나다,2025-10-01,15271577,,,-1.4129735263390897,0.015271577
자동차부품,8708,CA,캐나다,2025-11-01,16794774,,,9.974064891923074,0.016794774
자동차부품,8708,CA,캐나다,2025-12-01,21231571,,,26.41772375144793,0.021231571
자동차부품,8708,CA,캐나다,2026-01-01,16791011,13065860.0,28.510568764704345,-20.914891319158624,0.016791011
자동차부품,8708,CA,캐나다,2026-02-01,15361704,16142097.0,-4.834520570654477,-8.512334367477937,0.015361704
자동차부품,8708,CA,캐나다,2026-03-01,21116978,16917032.0,24.82673083552718,37.465075489021274,0.021116978
자동차부품,8708,CA,캐나다,2026-04-01,24423593,21361648.0,14.333842594915902,15.658561561223383,0.024423593
자동차부품,8708,CA,캐나다,2026-05-01,21119922,18190710.0,16.102790930095633,-13.5265560640484,0.021119922
자동차부품,8708,CA,캐나다,2026-06-01,18457726,16084053.0,14.757928241096941,-12.60514125004818,0.018457726
자동차부품,8708,CA,캐나다,2026-07-01,25810369,19279467.0,33.8749095086498,39.83504251823871,0.025810369
자동차부품,8708,KE,케냐,2025-01-01,7359,,,,7.359e-06
자동차부품,8708,KE,케냐,2025-02-01,14341,,,94.87702133442045,1.4341e-05
자동차부품,8708,KE,케냐,2025-03-01,28294,,,97.29447039955372,2.8294e-05
자동차부품,8708,KE,케냐,2025-04-01,91725,,,224.18533964798192,9.1725e-05
자동차부품,8708,KE,케냐,2025-05-01,94953,,,3.519215044971391,9.4953e-05
자동차부품,8708,KE,케냐,2025-06-01,26523,,,-72.0672332627721,2.6523e-05
자동차부품,8708,KE,케냐,2025-07-01,32079,,,20.947856577310265,3.2079e-05
자동차부품,8708,KE,케냐,2025-08-01,69726,,,117.35714953708035,6.9726e-05
자동차부품,8708,KE,케냐,2025-09-01,30692,,,-55.981986633393575,3.0692e-05
자동차부품,8708,KE,케냐,2025-10-01,978,,,-96.81350188974326,9.78e-07
자동차부품,8708,KE,케냐,2025-11-01,92708,,,9379.345603271982,9.2708e-05
자동차부품,8708,KE,케냐,2025-12-01,93150,,,0.4767657591577823,9.315e-05
자동차부품,8708,KE,케냐,2026-01-01,17046,7359.0,131.63473298002444,-81.70048309178743,1.7046e-05
자동차부품,8708,KE,케냐,2026-02-01,11315,14341.0,-21.10034167770727,-33.620790801361025,1.1315e-05
자동차부품,8708,KE,케냐,2026-03-01,27399,28294.0,-3.1632148158620255,142.14759169244365,2.7399e-05
자동차부품,8708,KE,케냐,2026-04-01,134777,91725.0,46.93594985009539,391.90481404430824,0.000134777
자동차부품,8708,KE,케냐,2026-05-01,85338,94953.0,-10.126062367697708,-36.682074834727,8.5338e-05
자동차부품,8708,KE,케냐,2026-06-01,16780,26523.0,-36.73415526147118,-80.33701281961143,1.678e-05
자동차부품,8708,KE,케냐,2026-07-01,76408,32079.0,138.1869759032389,355.35160905840286,7.6408e-05
자동차부품,8708,KM,코모로스,2025-01-01,60,,,,6e-08
자동차부품,8708,KM,코모로스,2025-02-01,150,,,150.0,1.5e-07
자동차부품,8708,KM,코모로스,2025-04-01,120,,,-19.999999999999996,1.2e-07
자동차부품,8708,KM,코모로스,2025-06-01,658,,,448.3333333333333,6.58e-07
자동차부품,8708,KM,코모로스,2025-11-01,970,,,47.41641337386018,9.7e-07
자동차부품,8708,KM,코모로스,2026-03-01,100,,,-89.69072164948454,1e-07
자동차부품,8708,KM,코모로스,2026-06-01,32013,,,31913.0,3.2013e-05
자동차부품,8708,CC,코스 군도,2025-09-01,0,,,,0.0
자동차부품,8708,CR,코스타리카,2025-01-01,668842,,,,0.000668842
자동차부품,8708,CR,코스타리카,2025-02-01,401516,,,-39.96848284049148,0.000401516
자동차부품,8708,CR,코스타리카,2025-03-01,733003,,,82.55885195110531,0.000733003
자동차부품,8708,CR,코스타리카,2025-04-01,584596,,,-20.246438281971557,0.000584596
자동차부품,8708,CR,코스타리카,2025-05-01,792708,,,35.59928566052453,0.000792708
자동차부품,8708,CR,코스타리카,2025-06-01,455363,,,-42.55602315102156,0.000455363
자동차부품,8708,CR,코스타리카,2025-07-01,426768,,,-6.279605501544916,0.000426768
자동차부품,8708,CR,코스타리카,2025-08-01,455865,,,6.817990102350691,0.000455865
자동차부품,8708,CR,코스타리카,2025-09-01,413476,,,-9.298586204249059,0.000413476
자동차부품,8708,CR,코스타리카,2025-10-01,597332,,,44.46594240052626,0.000597332
자동차부품,8708,CR,코스타리카,2025-11-01,419870,,,-29.70910649354128,0.00041987
자동차부품,8708,CR,코스타리카,2025-12-01,531203,,,26.51606449615358,0.000531203
자동차부품,8708,CR,코스타리카,2026-01-01,319713,668842.0,-52.19902458278637,-39.81340466827182,0.000319713
자동차부품,8708,CR,코스타리카,2026-02-01,510303,401516.0,27.094063499337516,59.612840266113665,0.000510303
자동차부품,8708,CR,코스타리카,2026-03-01,436806,733003.0,-40.40870228361958,-14.402619620108048,0.000436806
자동차부품,8708,CR,코스타리카,2026-04-01,611006,584596.0,4.5176497957563955,39.88040457319726,0.000611006
자동차부품,8708,CR,코스타리카,2026-05-01,424016,792708.0,-46.51044268507445,-30.60362746028681,0.000424016
자동차부품,8708,CR,코스타리카,2026-06-01,485625,455363.0,6.6456870672408686,14.529876231085614,0.000485625
자동차부품,8708,CR,코스타리카,2026-07-01,722369,426768.0,69.26503392944177,48.750373230373235,0.000722369
자동차부품,8708,CI,코트디봐르,2025-01-01,164442,,,,0.000164442
자동차부품,8708,CI,코트디봐르,2025-02-01,99648,,,-39.40234246725289,9.9648e-05
자동차부품,8708,CI,코트디봐르,2025-03-01,155512,,,56.06133590237636,0.000155512
자동차부품,8708,CI,코트디봐르,2025-04-01,113252,,,-27.17475178764339,0.000113252
자동차부품,8708,CI,코트디봐르,2025-05-01,135022,,,19.222618585102257,0.000135022
자동차부품,8708,CI,코트디봐르,2025-06-01,67582,,,-49.94741597665565,6.7582e-05
자동차부품,8708,CI,코트디봐르,2025-07-01,272374,,,303.02743334023853,0.000272374
자동차부품,8708,CI,코트디봐르,2025-08-01,256834,,,-5.705390382341924,0.000256834
자동차부품,8708,CI,코트디봐르,2025-09-01,185876,,,-27.627962029949305,0.000185876
자동차부품,8708,CI,코트디봐르,2025-10-01,35179,,,-81.07394176763003,3.5179e-05
자동차부품,8708,CI,코트디봐르,2025-11-01,127221,,,261.63904602177433,0.000127221
자동차부품,8708,CI,코트디봐르,2025-12-01,50070,,,-60.643290022873586,5.007e-05
자동차부품,8708,CI,코트디봐르,2026-01-01,34471,164442.0,-79.03759380207003,-31.154383862592372,3.4471e-05
자동차부품,8708,CI,코트디봐르,2026-02-01,43696,99648.0,-56.149646756583174,26.7616257143686,4.3696e-05
자동차부품,8708,CI,코트디봐르,2026-03-01,27346,155512.0,-82.41550491280417,-37.41761259611863,2.7346e-05
자동차부품,8708,CI,코트디봐르,2026-04-01,75325,113252.0,-33.48903330625508,175.45161998098445,7.5325e-05
자동차부품,8708,CI,코트디봐르,2026-05-01,104885,135022.0,-22.320066359556222,39.24327912379688,0.000104885
자동차부품,8708,CI,코트디봐르,2026-06-01,360564,67582.0,433.52075996567135,243.77079658673784,0.000360564
자동차부품,8708,CI,코트디봐르,2026-07-01,44330,272374.0,-83.72458457855743,-87.70537269389068,4.433e-05
자동차부품,8708,CO,콜롬비아,2025-01-01,2276719,,,,0.002276719
자동차부품,8708,CO,콜롬비아,2025-02-01,3463561,,,52.12948984920844,0.003463561
자동차부품,8708,CO,콜롬비아,2025-03-01,2756630,,,-20.41052546786385,0.00275663
자동차부품,8708,CO,콜롬비아,2025-04-01,3379768,,,22.60506487994398,0.003379768
자동차부품,8708,CO,콜롬비아,2025-05-01,2620048,,,-22.478465977546392,0.002620048
자동차부품,8708,CO,콜롬비아,2025-06-01,2879701,,,9.910238285710804,0.002879701
자동차부품,8708,CO,콜롬비아,2025-07-01,3751605,,,30.277587846793818,0.003751605
자동차부품,8708,CO,콜롬비아,2025-08-01,3976320,,,5.989836350042177,0.00397632
자동차부품,8708,CO,콜롬비아,2025-09-01,4107829,,,3.307304241107345,0.004107829
자동차부품,8708,CO,콜롬비아,2025-10-01,2623048,,,-36.14515112483991,0.002623048
자동차부품,8708,CO,콜롬비아,2025-11-01,3114903,,,18.751277140181966,0.003114903
자동차부품,8708,CO,콜롬비아,2025-12-01,3169005,,,1.7368759155582003,0.003169005
자동차부품,8708,CO,콜롬비아,2026-01-01,2870625,2276719.0,26.086047509596042,-9.415573657977816,0.002870625
자동차부품,8708,CO,콜롬비아,2026-02-01,2086789,3463561.0,-39.75018774030542,-27.305412584367517,0.002086789
자동차부품,8708,CO,콜롬비아,2026-03-01,2498642,2756630.0,-9.358818557441516,19.736207158462115,0.002498642
자동차부품,8708,CO,콜롬비아,2026-04-01,3007306,3379768.0,-11.020342224673406,20.357618258237874,0.003007306
자동차부품,8708,CO,콜롬비아,2026-05-01,2669427,2620048.0,1.8846601283640574,-11.235271701649252,0.002669427
자동차부품,8708,CO,콜롬비아,2026-06-01,4155064,2879701.0,44.288035459236916,55.65377888213463,0.004155064
자동차부품,8708,CO,콜롬비아,2026-07-01,2899107,3751605.0,-22.72355431875157,-30.227139702300608,0.002899107
자동차부품,8708,CG,콩고,2025-06-01,829,,,,8.29e-07
자동차부품,8708,CG,콩고,2025-07-01,0,,,-100.0,0.0
자동차부품,8708,CG,콩고,2025-09-01,79651,,,inf,7.9651e-05
자동차부품,8708,CG,콩고,2025-10-01,90,,,-99.8870070683356,9e-08
자동차부품,8708,CG,콩고,2025-12-01,0,,,-100.0,0.0
자동차부품,8708,CG,콩고,2026-02-01,675,,,inf,6.75e-07
자동차부품,8708,CG,콩고,2026-03-01,364,,,-46.074074074074076,3.64e-07
자동차부품,8708,CG,콩고,2026-05-01,15,,,-95.87912087912088,1.5e-08
자동차부품,8708,CD,콩고민주공화국,2025-03-01,475,,,,4.75e-07
자동차부품,8708,CD,콩고민주공화국,2025-04-01,669,,,40.842105263157904,6.69e-07
자동차부품,8708,CD,콩고민주공화국,2025-05-01,253,,,-62.18236173393124,2.53e-07
자동차부품,8708,CD,콩고민주공화국,2025-06-01,1220,,,382.2134387351778,1.22e-06
자동차부품,8708,CD,콩고민주공화국,2025-10-01,570,,,-53.278688524590166,5.7e-07
자동차부품,8708,CD,콩고민주공화국,2025-12-01,760,,,33.33333333333333,7.6e-07
자동차부품,8708,CD,콩고민주공화국,2026-02-01,682,,,-10.26315789473684,6.82e-07
자동차부품,8708,CD,콩고민주공화국,2026-04-01,72,,,-89.44281524926686,7.2e-08
자동차부품,8708,CD,콩고민주공화국,2026-05-01,60,,,-16.666666666666664,6e-08
자동차부품,8708,CD,콩고민주공화국,2026-07-01,1453,,,2321.6666666666665,1.453e-06
자동차부품,8708,CU,쿠바,2025-01-01,6951,,,,6.951e-06
자동차부품,8708,CU,쿠바,2025-02-01,9225,,,32.714717306862326,9.225e-06
자동차부품,8708,CU,쿠바,2025-03-01,87277,,,846.0921409214093,8.7277e-05
자동차부품,8708,CU,쿠바,2025-04-01,39367,,,-54.894187472071685,3.9367e-05
자동차부품,8708,CU,쿠바,2025-05-01,12178,,,-69.06546091904386,1.2178e-05
자동차부품,8708,CU,쿠바,2025-06-01,118978,,,876.9912957792741,0.000118978
자동차부품,8708,CU,쿠바,2025-07-01,7015,,,-94.10395199112442,7.015e-06
자동차부품,8708,CU,쿠바,2025-08-01,7192,,,2.523164647184606,7.192e-06
자동차부품,8708,CU,쿠바,2025-09-01,59335,,,725.0139043381536,5.9335e-05
자동차부품,8708,CU,쿠바,2025-10-01,14776,,,-75.09732872672116,1.4776e-05
자동차부품,8708,CU,쿠바,2025-11-01,3885,,,-73.70736329182458,3.885e-06
자동차부품,8708,CU,쿠바,2025-12-01,162911,,,4093.333333333333,0.000162911
자동차부품,8708,CU,쿠바,2026-01-01,3650,6951.0,-47.489569846065315,-97.7595128628515,3.65e-06
자동차부품,8708,CU,쿠바,2026-02-01,14893,9225.0,61.44173441734417,308.027397260274,1.4893e-05
자동차부품,8708,CU,쿠바,2026-03-01,16561,87277.0,-81.02478316165771,11.199892566977777,1.6561e-05
자동차부품,8708,CU,쿠바,2026-04-01,70198,39367.0,78.31686437879442,323.87536984481613,7.0198e-05
자동차부품,8708,CU,쿠바,2026-05-01,999,12178.0,-91.79668254228937,-98.57688253226587,9.99e-07
자동차부품,8708,KW,쿠웨이트,2025-01-01,362433,,,,0.000362433
자동차부품,8708,KW,쿠웨이트,2025-02-01,375598,,,3.6323955048243484,0.000375598
자동차부품,8708,KW,쿠웨이트,2025-03-01,444812,,,18.42768065857645,0.000444812
자동차부품,8708,KW,쿠웨이트,2025-04-01,320810,,,-27.877395394009152,0.00032081
자동차부품,8708,KW,쿠웨이트,2025-05-01,240959,,,-24.89043358997538,0.000240959
자동차부품,8708,KW,쿠웨이트,2025-06-01,529730,,,119.84237982395345,0.00052973
자동차부품,8708,KW,쿠웨이트,2025-07-01,157195,,,-70.32544881354652,0.000157195
자동차부품,8708,KW,쿠웨이트,2025-08-01,323994,,,106.10960908425841,0.000323994
자동차부품,8708,KW,쿠웨이트,2025-09-01,233811,,,-27.834774718050337,0.000233811
자동차부품,8708,KW,쿠웨이트,2025-10-01,123630,,,-47.12395909516661,0.00012363
자동차부품,8708,KW,쿠웨이트,2025-11-01,168923,,,36.635929790503916,0.000168923
자동차부품,8708,KW,쿠웨이트,2025-12-01,254349,,,50.570970205359835,0.000254349
자동차부품,8708,KW,쿠웨이트,2026-01-01,463349,362433.0,27.844042898963384,82.17056092219745,0.000463349
자동차부품,8708,KW,쿠웨이트,2026-02-01,260298,375598.0,-30.6977140453357,-43.82247506738981,0.000260298
자동차부품,8708,KW,쿠웨이트,2026-03-01,214,444812.0,-99.95188978714603,-99.91778653696916,2.14e-07
자동차부품,8708,KW,쿠웨이트,2026-04-01,8520,320810.0,-97.34422243695646,3881.308411214953,8.52e-06
자동차부품,8708,KW,쿠웨이트,2026-05-01,249697,240959.0,3.6263430708128874,2830.7159624413143,0.000249697
자동차부품,8708,KW,쿠웨이트,2026-06-01,326731,529730.0,-38.32122024427539,30.85099140157872,0.000326731
자동차부품,8708,KW,쿠웨이트,2026-07-01,103398,157195.0,-34.22309869906803,-68.35378338755736,0.000103398
자동차부품,8708,CW,큐라소,2025-01-01,3470,,,,3.47e-06
자동차부품,8708,CW,큐라소,2025-02-01,12707,,,266.19596541786746,1.2707e-05
자동차부품,8708,CW,큐라소,2025-03-01,2783,,,-78.09868576375226,2.783e-06
자동차부품,8708,CW,큐라소,2025-04-01,28959,,,940.5677326625943,2.8959e-05
자동차부품,8708,CW,큐라소,2025-05-01,353,,,-98.78103525674229,3.53e-07
자동차부품,8708,CW,큐라소,2025-06-01,18521,,,5146.742209631728,1.8521e-05
자동차부품,8708,CW,큐라소,2025-07-01,44571,,,140.65115274553207,4.4571e-05
자동차부품,8708,CW,큐라소,2025-08-01,392,,,-99.12050436382401,3.92e-07
자동차부품,8708,CW,큐라소,2025-09-01,4849,,,1136.9897959183672,4.849e-06
자동차부품,8708,CW,큐라소,2025-10-01,22770,,,369.5813569808208,2.277e-05
자동차부품,8708,CW,큐라소,2025-11-01,960,,,-95.78392621870883,9.6e-07
자동차부품,8708,CW,큐라소,2025-12-01,70695,,,7264.0625,7.0695e-05
자동차부품,8708,CW,큐라소,2026-01-01,14071,3470.0,305.5043227665706,-80.0961878492114,1.4071e-05
자동차부품,8708,CW,큐라소,2026-02-01,244,12707.0,-98.07979853623988,-98.26593703361523,2.44e-07
자동차부품,8708,CW,큐라소,2026-03-01,2299,2783.0,-17.391304347826086,842.2131147540985,2.299e-06
자동차부품,8708,CW,큐라소,2026-04-01,475,28959.0,-98.35974999136711,-79.33884297520662,4.75e-07
자동차부품,8708,CW,큐라소,2026-05-01,38201,353.0,10721.813031161473,7942.315789473685,3.8201e-05
자동차부품,8708,CW,큐라소,2026-06-01,83498,18521.0,350.82878894228173,118.5754299625664,8.3498e-05
자동차부품,8708,CW,큐라소,2026-07-01,534,44571.0,-98.80191155684189,-99.360463723682,5.34e-07
자동차부품,8708,HR,크로아티아,2025-01-01,230,,,,2.3e-07
자동차부품,8708,HR,크로아티아,2025-02-01,0,,,-100.0,0.0
자동차부품,8708,HR,크로아티아,2025-03-01,430,,,inf,4.3e-07
자동차부품,8708,HR,크로아티아,2025-04-01,711,,,65.34883720930233,7.11e-07
자동차부품,8708,HR,크로아티아,2025-05-01,122,,,-82.84106891701828,1.22e-07
자동차부품,8708,HR,크로아티아,2025-06-01,70,,,-42.622950819672134,7e-08
자동차부품,8708,HR,크로아티아,2025-07-01,98,,,39.99999999999999,9.8e-08
자동차부품,8708,HR,크로아티아,2025-08-01,278,,,183.6734693877551,2.78e-07
자동차부품,8708,HR,크로아티아,2025-09-01,645,,,132.0143884892086,6.45e-07
자동차부품,8708,HR,크로아티아,2025-10-01,135,,,-79.06976744186046,1.35e-07
자동차부품,8708,HR,크로아티아,2025-11-01,685,,,407.40740740740745,6.85e-07
자동차부품,8708,HR,크로아티아,2025-12-01,108,,,-84.23357664233578,1.08e-07
자동차부품,8708,HR,크로아티아,2026-01-01,784,230.0,240.86956521739128,625.925925925926,7.84e-07
자동차부품,8708,HR,크로아티아,2026-02-01,517,0.0,inf,-34.056122448979586,5.17e-07
자동차부품,8708,HR,크로아티아,2026-03-01,380,430.0,-11.627906976744185,-26.49903288201161,3.8e-07
자동차부품,8708,HR,크로아티아,2026-04-01,655,711.0,-7.876230661040784,72.36842105263158,6.55e-07
자동차부품,8708,HR,크로아티아,2026-05-01,1018,122.0,734.4262295081967,55.41984732824427,1.018e-06
자동차부품,8708,HR,크로아티아,2026-06-01,2552,70.0,3545.7142857142853,150.6876227897839,2.552e-06
자동차부품,8708,HR,크로아티아,2026-07-01,464,98.0,373.46938775510205,-81.81818181818181,4.64e-07
자동차부품,8708,KG,키르기스스탄,2025-01-01,925889,,,,0.000925889
자동차부품,8708,KG,키르기스스탄,2025-02-01,985838,,,6.474750213038494,0.000985838
자동차부품,8708,KG,키르기스스탄,2025-03-01,1286461,,,30.494158269411397,0.001286461
자동차부품,8708,KG,키르기스스탄,2025-04-01,2254328,,,75.23484971561516,0.002254328
자동차부품,8708,KG,키르기스스탄,2025-05-01,1710570,,,-24.12062486026878,0.00171057
자동차부품,8708,KG,키르기스스탄,2025-06-01,3241095,,,89.47456111120854,0.003241095
자동차부품,8708,KG,키르기스스탄,2025-07-01,2051562,,,-36.70157770753403,0.002051562
자동차부품,8708,KG,키르기스스탄,2025-08-01,2328576,,,13.502589734066039,0.002328576
자동차부품,8708,KG,키르기스스탄,2025-09-01,3877327,,,66.51064856805189,0.003877327
자동차부품,8708,KG,키르기스스탄,2025-10-01,2168356,,,-44.07600906500792,0.002168356
자동차부품,8708,KG,키르기스스탄,2025-11-01,2779327,,,28.176692388150283,0.002779327
자동차부품,8708,KG,키르기스스탄,2025-12-01,3851568,,,38.579159631090555,0.003851568
자동차부품,8708,KG,키르기스스탄,2026-01-01,2469044,925889.0,166.6673866953814,-35.89509519239956,0.002469044
자동차부품,8708,KG,키르기스스탄,2026-02-01,2393608,985838.0,142.79932402686853,-3.0552715949978992,0.002393608
자동차부품,8708,KG,키르기스스탄,2026-03-01,3711431,1286461.0,188.49930157229795,55.05592394410446,0.003711431
자동차부품,8708,KG,키르기스스탄,2026-04-01,3724805,2254328.0,65.22906160949071,0.36034618453097966,0.003724805
자동차부품,8708,KG,키르기스스탄,2026-05-01,3351830,1710570.0,95.94813424764845,-10.013275862763283,0.00335183
자동차부품,8708,KG,키르기스스탄,2026-06-01,3513974,3241095.0,8.419345930927658,4.837476841009236,0.003513974
자동차부품,8708,KG,키르기스스탄,2026-07-01,4111455,2051562.0,100.40608083011873,17.0030000221971,0.004111455
자동차부품,8708,KI,키리바티,2025-04-01,1097,,,,1.097e-06
자동차부품,8708,TJ,타지크,2025-01-01,191145,,,,0.000191145
자동차부품,8708,TJ,타지크,2025-02-01,527795,,,176.12283868267548,0.000527795
자동차부품,8708,TJ,타지크,2025-03-01,341800,,,-35.240007957635065,0.0003418
자동차부품,8708,TJ,타지크,2025-04-01,350554,,,2.5611468695143413,0.000350554
자동차부품,8708,TJ,타지크,2025-05-01,310703,,,-11.368006070391434,0.000310703
자동차부품,8708,TJ,타지크,2025-06-01,511521,,,64.6334280647435,0.000511521
자동차부품,8708,TJ,타지크,2025-07-01,169900,,,-66.78533237149598,0.0001699
자동차부품,8708,TJ,타지크,2025-08-01,399562,,,135.17480871100648,0.000399562
자동차부품,8708,TJ,타지크,2025-09-01,601794,,,50.61342169675795,0.000601794
자동차부품,8708,TJ,타지크,2025-10-01,562384,,,-6.548752563169458,0.000562384
자동차부품,8708,TJ,타지크,2025-11-01,241463,,,-57.06439016757234,0.000241463
자동차부품,8708,TJ,타지크,2025-12-01,344135,,,42.520800288242924,0.000344135
자동차부품,8708,TJ,타지크,2026-01-01,331239,191145.0,73.2920034528761,-3.7473665857875593,0.000331239
자동차부품,8708,TJ,타지크,2026-02-01,641666,527795.0,21.574853873189404,93.71692342991011,0.000641666
자동차부품,8708,TJ,타지크,2026-03-01,493186,341800.0,44.29081334113516,-23.139764301053823,0.000493186
자동차부품,8708,TJ,타지크,2026-04-01,376307,350554.0,7.346371743012492,-23.69876679386682,0.000376307
자동차부품,8708,TJ,타지크,2026-05-01,432330,310703.0,39.14574368448325,14.887578493092079,0.00043233
자동차부품,8708,TJ,타지크,2026-06-01,495346,511521.0,-3.1621380158390333,14.575902666944241,0.000495346
자동차부품,8708,TJ,타지크,2026-07-01,939292,169900.0,452.84991171277215,89.62341474444126,0.000939292
자동차부품,8708,TZ,탄자니아,2025-01-01,4968,,,,4.968e-06
자동차부품,8708,TZ,탄자니아,2025-02-01,677,,,-86.37278582930756,6.77e-07
자동차부품,8708,TZ,탄자니아,2025-03-01,26072,,,3751.1078286558345,2.6072e-05
자동차부품,8708,TZ,탄자니아,2025-04-01,89645,,,243.8362994783676,8.9645e-05
자동차부품,8708,TZ,탄자니아,2025-05-01,71,,,-99.92079870600703,7.1e-08
자동차부품,8708,TZ,탄자니아,2025-08-01,1354,,,1807.042253521127,1.354e-06
자동차부품,8708,TZ,탄자니아,2025-09-01,45442,,,3256.1299852289517,4.5442e-05
자동차부품,8708,TZ,탄자니아,2025-10-01,1090,,,-97.60133796927953,1.09e-06
자동차부품,8708,TZ,탄자니아,2025-12-01,39163,,,3492.9357798165133,3.9163e-05
자동차부품,8708,TZ,탄자니아,2026-02-01,12179,,,-68.90176952736,1.2179e-05
자동차부품,8708,TZ,탄자니아,2026-03-01,1395,,,-88.54585762377863,1.395e-06
자동차부품,8708,TZ,탄자니아,2026-04-01,7213,,,417.06093189964156,7.213e-06
자동차부품,8708,TZ,탄자니아,2026-05-01,3876,4968.0,-21.980676328502412,-46.263690558713435,3.876e-06
자동차부품,8708,TZ,탄자니아,2026-06-01,31938,677.0,4617.577548005909,723.9938080495357,3.1938e-05
자동차부품,8708,TZ,탄자니아,2026-07-01,15777,26072.0,-39.486805768640686,-50.601164756716145,1.5777e-05
자동차부품,8708,TH,태국,2025-01-01,8786529,,,,0.008786529
자동차부품,8708,TH,태국,2025-02-01,9587716,,,9.118356065290412,0.009587716
자동차부품,8708,TH,태국,2025-03-01,8272414,,,-13.718616613174605,0.008272414
자동차부품,8708,TH,태국,2025-04-01,11962310,,,44.60482756303057,0.01196231
자동차부품,8708,TH,태국,2025-05-01,10485151,,,-12.348442733886678,0.010485151
자동차부품,8708,TH,태국,2025-06-01,9294054,,,-11.359845938317914,0.009294054
자동차부품,8708,TH,태국,2025-07-01,10513830,,,13.124262028174138,0.01051383
자동차부품,8708,TH,태국,2025-08-01,8532873,,,-18.841440274381462,0.008532873
자동차부품,8708,TH,태국,2025-09-01,10994411,,,28.847704635941483,0.010994411
자동차부품,8708,TH,태국,2025-10-01,8684012,,,-21.014304449779075,0.008684012
자동차부품,8708,TH,태국,2025-11-01,8612342,,,-0.8253097761725781,0.008612342
자동차부품,8708,TH,태국,2025-12-01,9904685,,,15.005709248425102,0.009904685
자동차부품,8708,TH,태국,2026-01-01,9479300,8786529.0,7.884467233875858,-4.294785750379749,0.0094793
자동차부품,8708,TH,태국,2026-02-01,8219800,9587716.0,-14.267381303326044,-13.28684607513213,0.0082198
자동차부품,8708,TH,태국,2026-03-01,7704783,8272414.0,-6.861733467401409,-6.265566072167205,0.007704783
자동차부품,8708,TH,태국,2026-04-01,11544042,11962310.0,-3.496548743511918,49.82955392773554,0.011544042
자동차부품,8708,TH,태국,2026-05-01,8141952,10485151.0,-22.347784977059458,-29.470526874382475,0.008141952
자동차부품,8708,TH,태국,2026-06-01,9792488,9294054.0,5.362934194270874,20.271993743023774,0.009792488
자동차부품,8708,TH,태국,2026-07-01,14284707,10513830.0,35.86587380621524,45.874133315251456,0.014284707
자동차부품,8708,TG,토고,2025-01-01,383,,,,3.83e-07
자동차부품,8708,TG,토고,2025-03-01,69,,,-81.98433420365535,6.9e-08
자동차부품,8708,TG,토고,2025-05-01,2108,,,2955.072463768116,2.108e-06
자동차부품,8708,TG,토고,2025-07-01,27,,,-98.719165085389,2.7e-08
자동차부품,8708,TG,토고,2025-08-01,384,,,1322.2222222222222,3.84e-07
자동차부품,8708,TG,토고,2025-09-01,82,,,-78.64583333333334,8.2e-08
자동차부품,8708,TG,토고,2025-10-01,7356,,,8870.731707317073,7.356e-06
자동차부품,8708,TG,토고,2025-11-01,3400,,,-53.779227841218045,3.4e-06
자동차부품,8708,TG,토고,2025-12-01,3247,,,-4.5000000000000036,3.247e-06
자동차부품,8708,TG,토고,2026-01-01,2725,,,-16.076378195257156,2.725e-06
자동차부품,8708,TG,토고,2026-02-01,6176,,,126.64220183486239,6.176e-06
자동차부품,8708,TG,토고,2026-03-01,2185,,,-64.62111398963731,2.185e-06
자동차부품,8708,TG,토고,2026-06-01,156,383.0,-59.268929503916446,-92.8604118993135,1.56e-07
자동차부품,8708,TC,투르크 & 카이코스 군도,2025-10-01,7989,,,,7.989e-06
자동차부품,8708,TC,투르크 & 카이코스 군도,2026-03-01,1,,,-99.98748278883465,1e-09
자동차부품,8708,TC,투르크 & 카이코스 군도,2026-04-01,243,,,24200.0,2.43e-07
자동차부품,8708,TC,투르크 & 카이코스 군도,2026-06-01,15,,,-93.82716049382715,1.5e-08
자동차부품,8708,TC,투르크 & 카이코스 군도,2026-07-01,27,,,80.0,2.7e-08
자동차부품,8708,TM,투르크멘,2025-01-01,127961,,,,0.000127961
자동차부품,8708,TM,투르크멘,2025-03-01,594937,,,364.93619149584634,0.000594937
자동차부품,8708,TM,투르크멘,2025-04-01,576019,,,-3.1798324864649508,0.000576019
자동차부품,8708,TM,투르크멘,2025-05-01,182666,,,-68.28819882677482,0.000182666
자동차부품,8708,TM,투르크멘,2025-06-01,244315,,,33.74957572837858,0.000244315
자동차부품,8708,TM,투르크멘,2025-07-01,345050,,,41.23160673720403,0.00034505
자동차부품,8708,TM,투르크멘,2025-08-01,416212,,,20.62367772786553,0.000416212
자동차부품,8708,TM,투르크멘,2025-09-01,512502,,,23.134844742583116,0.000512502
자동차부품,8708,TM,투르크멘,2025-10-01,502428,,,-1.9656508657527216,0.000502428
자동차부품,8708,TM,투르크멘,2025-11-01,440008,,,-12.423670655297869,0.000440008
자동차부품,8708,TM,투르크멘,2025-12-01,604616,,,37.410228904929,0.000604616
자동차부품,8708,TM,투르크멘,2026-01-01,494359,,,-18.235872024557732,0.000494359
자동차부품,8708,TM,투르크멘,2026-02-01,381271,127961.0,197.95875305757224,-22.875683460804797,0.000381271
자동차부품,8708,TM,투르크멘,2026-03-01,174431,594937.0,-70.68076115622326,-54.2501265504064,0.000174431
자동차부품,8708,TM,투르크멘,2026-04-01,686468,576019.0,19.174541117567312,293.5470185918787,0.000686468
자동차부품,8708,TM,투르크멘,2026-05-01,386221,182666.0,111.43562567746596,-43.737945541525605,0.000386221
자동차부품,8708,TM,투르크멘,2026-06-01,554719,244315.0,127.05073368397355,43.62735325111788,0.000554719
자동차부품,8708,TM,투르크멘,2026-07-01,628669,345050.0,82.1964932618461,13.331073931125491,0.000628669
자동차부품,8708,TN,튀니지,2025-01-01,153268,,,,0.000153268
자동차부품,8708,TN,튀니지,2025-02-01,0,,,-100.0,0.0
자동차부품,8708,TN,튀니지,2025-03-01,204871,,,inf,0.000204871
자동차부품,8708,TN,튀니지,2025-04-01,190270,,,-7.126923771544047,0.00019027
자동차부품,8708,TN,튀니지,2025-05-01,173130,,,-9.00825143217533,0.00017313
자동차부품,8708,TN,튀니지,2025-06-01,201314,,,16.27909663258822,0.000201314
자동차부품,8708,TN,튀니지,2025-07-01,104646,,,-48.01851833454206,0.000104646
자동차부품,8708,TN,튀니지,2025-08-01,130196,,,24.415648949792622,0.000130196
자동차부품,8708,TN,튀니지,2025-09-01,159645,,,22.618974469261733,0.000159645
자동차부품,8708,TN,튀니지,2025-10-01,155348,,,-2.6915969808011475,0.000155348
자동차부품,8708,TN,튀니지,2025-11-01,134909,,,-13.156912222880246,0.000134909
자동차부품,8708,TN,튀니지,2025-12-01,466653,,,245.90205249464452,0.000466653
자동차부품,8708,TN,튀니지,2026-01-01,165245,153268.0,7.81441657749824,-64.58932011580339,0.000165245
자동차부품,8708,TN,튀니지,2026-02-01,34125,0.0,inf,-79.34884565342371,3.4125e-05
자동차부품,8708,TN,튀니지,2026-03-01,113425,204871.0,-44.63589283012237,232.3809523809524,0.000113425
자동차부품,8708,TN,튀니지,2026-04-01,158382,190270.0,-16.759341987701692,39.635882741899934,0.000158382
자동차부품,8708,TN,튀니지,2026-05-01,162959,173130.0,-5.874776179749319,2.889848593905864,0.000162959
자동차부품,8708,TN,튀니지,2026-06-01,301411,201314.0,49.72182759271586,84.96124792125627,0.000301411
자동차부품,8708,TN,튀니지,2026-07-01,479120,104646.0,357.84836496378267,58.95902936521893,0.00047912
자동차부품,8708,TR,튀르키예,2025-01-01,22417198,,,,0.022417198
자동차부품,8708,TR,튀르키예,2025-02-01,30964219,,,38.12707101039121,0.030964219
자동차부품,8708,TR,튀르키예,2025-03-01,28771330,,,-7.082009722253934,0.02877133
자동차부품,8708,TR,튀르키예,2025-04-01,30611501,,,6.395849618352711,0.030611501
자동차부품,8708,TR,튀르키예,2025-05-01,19828327,,,-35.225891079303814,0.019828327
자동차부품,8708,TR,튀르키예,2025-06-01,16461236,,,-16.981215813114236,0.016461236
자동차부품,8708,TR,튀르키예,2025-07-01,23727668,,,44.14268770583205,0.023727668
자동차부품,8708,TR,튀르키예,2025-08-01,18976421,,,-20.024079062468335,0.018976421
자동차부품,8708,TR,튀르키예,2025-09-01,20904195,,,10.158786000795406,0.020904195
자동차부품,8708,TR,튀르키예,2025-10-01,18612000,,,-10.965239273743855,0.018612
자동차부품,8708,TR,튀르키예,2025-11-01,19375668,,,4.103094777562855,0.019375668
자동차부품,8708,TR,튀르키예,2025-12-01,24324713,,,25.542577422362946,0.024324713
자동차부품,8708,TR,튀르키예,2026-01-01,18752835,22417198.0,-16.346213295702704,-22.906243539235184,0.018752835
자동차부품,8708,TR,튀르키예,2026-02-01,15227774,30964219.0,-50.82138516072374,-18.797483153880467,0.015227774
자동차부품,8708,TR,튀르키예,2026-03-01,22498924,28771330.0,-21.80088998318812,47.74926394363352,0.022498924
자동차부품,8708,TR,튀르키예,2026-04-01,23655012,30611501.0,-22.725082967999512,5.138414619294673,0.023655012
자동차부품,8708,TR,튀르키예,2026-05-01,23399630,19828327.0,18.011116116856464,-1.0796105282043444,0.02339963
자동차부품,8708,TR,튀르키예,2026-06-01,26750223,16461236.0,62.504340500312374,14.318999915810625,0.026750223
자동차부품,8708,TR,튀르키예,2026-07-01,29241457,23727668.0,23.237804069072453,9.312946662164268,0.029241457
자동차부품,8708,TT,트리니다드 토바고,2025-01-01,335882,,,,0.000335882
자동차부품,8708,TT,트리니다드 토바고,2025-02-01,113943,,,-66.076479239733,0.000113943
자동차부품,8708,TT,트리니다드 토바고,2025-03-01,28414,,,-75.062970081532,2.8414e-05
자동차부품,8708,TT,트리니다드 토바고,2025-04-01,424993,,,1395.7169001196594,0.000424993
자동차부품,8708,TT,트리니다드 토바고,2025-05-01,169074,,,-60.21722710727,0.000169074
자동차부품,8708,TT,트리니다드 토바고,2025-06-01,3309,,,-98.04286880300933,3.309e-06
자동차부품,8708,TT,트리니다드 토바고,2025-07-01,227801,,,6784.285282562708,0.000227801
자동차부품,8708,TT,트리니다드 토바고,2025-08-01,273311,,,19.97796322228611,0.000273311
자동차부품,8708,TT,트리니다드 토바고,2025-09-01,45124,,,-83.48987051381027,4.5124e-05
자동차부품,8708,TT,트리니다드 토바고,2025-10-01,127519,,,182.59684425139616,0.000127519
자동차부품,8708,TT,트리니다드 토바고,2025-11-01,183913,,,44.22399799245602,0.000183913
자동차부품,8708,TT,트리니다드 토바고,2025-12-01,314394,,,70.94713261161527,0.000314394
자동차부품,8708,TT,트리니다드 토바고,2026-01-01,21579,335882.0,-93.57542232093414,-93.13631939540831,2.1579e-05
자동차부품,8708,TT,트리니다드 토바고,2026-02-01,10931,113943.0,-90.40660681217801,-49.34426989202465,1.0931e-05
자동차부품,8708,TT,트리니다드 토바고,2026-03-01,70561,28414.0,148.33180826353205,545.5127618699113,7.0561e-05
자동차부품,8708,TT,트리니다드 토바고,2026-04-01,372021,424993.0,-12.464205292793062,427.23317413301965,0.000372021
자동차부품,8708,TT,트리니다드 토바고,2026-05-01,6098,169074.0,-96.39329524350285,-98.3608452211031,6.098e-06
자동차부품,8708,TT,트리니다드 토바고,2026-06-01,6598,3309.0,99.39558779087338,8.199409642505739,6.598e-06
자동차부품,8708,TT,트리니다드 토바고,2026-07-01,290907,227801.0,27.702248892673875,4309.017884207336,0.000290907
자동차부품,8708,TL,티모르,2026-03-01,0,,,,0.0
자동차부품,8708,PA,파나마,2025-01-01,524069,,,,0.000524069
자동차부품,8708,PA,파나마,2025-02-01,1140380,,,117.60111741011201,0.00114038
자동차부품,8708,PA,파나마,2025-03-01,577544,,,-49.355127238288986,0.000577544
자동차부품,8708,PA,파나마,2025-04-01,1249606,,,116.36550635103124,0.001249606
자동차부품,8708,PA,파나마,2025-05-01,716868,,,-42.632477756989005,0.000716868
자동차부품,8708,PA,파나마,2025-06-01,1272338,,,77.48567379210678,0.001272338
자동차부품,8708,PA,파나마,2025-07-01,925120,,,-27.289761054059536,0.00092512
자동차부품,8708,PA,파나마,2025-08-01,1067191,,,15.357034763057765,0.001067191
자동차부품,8708,PA,파나마,2025-09-01,956827,,,-10.341541486013284,0.000956827
자동차부품,8708,PA,파나마,2025-10-01,956018,,,-0.084550289655283,0.000956018
자동차부품,8708,PA,파나마,2025-11-01,1165824,,,21.945821103786756,0.001165824
자동차부품,8708,PA,파나마,2025-12-01,1020897,,,-12.431293231225293,0.001020897
자동차부품,8708,PA,파나마,2026-01-01,895151,524069.0,70.80785163785686,-12.317207318661927,0.000895151
자동차부품,8708,PA,파나마,2026-02-01,871968,1140380.0,-23.537066591837807,-2.589842384134078,0.000871968
자동차부품,8708,PA,파나마,2026-03-01,969307,577544.0,67.83258072112255,11.163139014275746,0.000969307
자동차부품,8708,PA,파나마,2026-04-01,968722,1249606.0,-22.47780500413731,-0.06035239609328835,0.000968722
자동차부품,8708,PA,파나마,2026-05-01,1020465,716868.0,42.35047456435495,5.3413672859705885,0.001020465
자동차부품,8708,PA,파나마,2026-06-01,632927,1272338.0,-50.254806505818415,-37.976608702895255,0.000632927
자동차부품,8708,PA,파나마,2026-07-01,855665,925120.0,-7.507674680041509,35.19173617178601,0.000855665
자동차부품,8708,PY,파라과이,2025-01-01,1513752,,,,0.001513752
자동차부품,8708,PY,파라과이,2025-02-01,815756,,,-46.1103271870161,0.000815756
자동차부품,8708,PY,파라과이,2025-03-01,855951,,,4.927331211783925,0.000855951
자동차부품,8708,PY,파라과이,2025-04-01,1378152,,,61.008282016143454,0.001378152
자동차부품,8708,PY,파라과이,2025-05-01,912376,,,-33.797142840557505,0.000912376
자동차부품,8708,PY,파라과이,2025-06-01,729161,,,-20.08108499127552,0.000729161
자동차부품,8708,PY,파라과이,2025-07-01,1345615,,,84.5429198764059,0.001345615
자동차부품,8708,PY,파라과이,2025-08-01,875131,,,-34.96423568405525,0.000875131
자동차부품,8708,PY,파라과이,2025-09-01,1545770,,,76.63298409038191,0.00154577
자동차부품,8708,PY,파라과이,2025-10-01,643711,,,-58.35661191509733,0.000643711
자동차부품,8708,PY,파라과이,2025-11-01,975310,,,51.51364509849916,0.00097531
자동차부품,8708,PY,파라과이,2025-12-01,1482651,,,52.01843516420419,0.001482651
자동차부품,8708,PY,파라과이,2026-01-01,879061,1513752.0,-41.928334363885234,-40.71018736034306,0.000879061
자동차부품,8708,PY,파라과이,2026-02-01,670257,815756.0,-17.836093145499387,-23.753072881176617,0.000670257
자동차부품,8708,PY,파라과이,2026-03-01,1224604,855951.0,43.069404673865684,82.70663342568596,0.001224604
자동차부품,8708,PY,파라과이,2026-04-01,1251499,1378152.0,-9.19006031265056,2.1962201658658698,0.001251499
자동차부품,8708,PY,파라과이,2026-05-01,293285,912376.0,-67.85480985909318,-76.56530288877578,0.000293285
자동차부품,8708,PY,파라과이,2026-06-01,1411388,729161.0,93.56328712040276,381.23429428712683,0.001411388
자동차부품,8708,PY,파라과이,2026-07-01,910939,1345615.0,-32.30314763138045,-35.457932191573114,0.000910939
자동차부품,8708,FO,파로에 군도,2025-03-01,0,,,,0.0
자동차부품,8708,FO,파로에 군도,2026-04-01,104,,,inf,1.04e-07
자동차부품,8708,PK,파키스탄,2025-01-01,12742856,,,,0.012742856
자동차부품,8708,PK,파키스탄,2025-02-01,20388971,,,60.00315000028251,0.020388971
자동차부품,8708,PK,파키스탄,2025-03-01,22179084,,,8.779810418093192,0.022179084
자동차부품,8708,PK,파키스탄,2025-04-01,17362573,,,-21.716455918558218,0.017362573
자동차부품,8708,PK,파키스탄,2025-05-01,14980909,,,-13.717229583426372,0.014980909
자동차부품,8708,PK,파키스탄,2025-06-01,12184884,,,-18.663920860877003,0.012184884
자동차부품,8708,PK,파키스탄,2025-07-01,14109029,,,15.791245940461973,0.014109029
자동차부품,8708,PK,파키스탄,2025-08-01,16712138,,,18.449951445985402,0.016712138
자동차부품,8708,PK,파키스탄,2025-09-01,35136330,,,110.24437447799914,0.03513633
자동차부품,8708,PK,파키스탄,2025-10-01,19481059,,,-44.55579452947988,0.019481059
자동차부품,8708,PK,파키스탄,2025-11-01,22765386,,,16.859078348872103,0.022765386
자동차부품,8708,PK,파키스탄,2025-12-01,24678447,,,8.403376072779967,0.024678447
자동차부품,8708,PK,파키스탄,2026-01-01,3805968,12742856.0,-70.13253543789556,-84.57776536748848,0.003805968
자동차부품,8708,PK,파키스탄,2026-02-01,4438621,20388971.0,-78.2302844022879,16.622656837892478,0.004438621
자동차부품,8708,PK,파키스탄,2026-03-01,4323784,22179084.0,-80.50512816489626,-2.58722247292571,0.004323784
자동차부품,8708,PK,파키스탄,2026-04-01,7963321,17362573.0,-54.13513308194587,84.17481076760541,0.007963321
자동차부품,8708,PK,파키스탄,2026-05-01,3690369,14980909.0,-75.3661877259918,-53.657914832266584,0.003690369
자동차부품,8708,PK,파키스탄,2026-06-01,5297128,12184884.0,-56.52705434044345,43.539250411002264,0.005297128
자동차부품,8708,PK,파키스탄,2026-07-01,10833549,14109029.0,-23.215488464868837,104.5174101890685,0.010833549
자동차부품,8708,PG,파푸아 뉴기니,2025-01-01,61745,,,,6.1745e-05
자동차부품,8708,PG,파푸아 뉴기니,2025-02-01,33689,,,-45.43849704429509,3.3689e-05
자동차부품,8708,PG,파푸아 뉴기니,2025-03-01,27275,,,-19.038855412746003,2.7275e-05
자동차부품,8708,PG,파푸아 뉴기니,2025-04-01,26542,,,-2.6874427131072465,2.6542e-05
자동차부품,8708,PG,파푸아 뉴기니,2025-05-01,3441,,,-87.03564162459499,3.441e-06
자동차부품,8708,PG,파푸아 뉴기니,2025-06-01,30408,,,783.6965998256321,3.0408e-05
자동차부품,8708,PG,파푸아 뉴기니,2025-07-01,16858,,,-44.560641936332544,1.6858e-05
자동차부품,8708,PG,파푸아 뉴기니,2025-08-01,17342,,,2.871040455570051,1.7342e-05
자동차부품,8708,PG,파푸아 뉴기니,2025-09-01,51495,,,196.93806942682505,5.1495e-05
자동차부품,8708,PG,파푸아 뉴기니,2025-10-01,22591,,,-56.12972133216817,2.2591e-05
자동차부품,8708,PG,파푸아 뉴기니,2025-11-01,39449,,,74.62263733345138,3.9449e-05
자동차부품,8708,PG,파푸아 뉴기니,2025-12-01,67526,,,71.17290679104667,6.7526e-05
자동차부품,8708,PG,파푸아 뉴기니,2026-01-01,28268,61745.0,-54.21815531621994,-58.137606255368304,2.8268e-05
자동차부품,8708,PG,파푸아 뉴기니,2026-02-01,10401,33689.0,-69.12642108700169,-63.205745012027734,1.0401e-05
자동차부품,8708,PG,파푸아 뉴기니,2026-03-01,43651,27275.0,60.040329972502285,319.68079992308435,4.3651e-05
자동차부품,8708,PG,파푸아 뉴기니,2026-04-01,67002,26542.0,152.43764599502674,53.494765297473144,6.7002e-05
자동차부품,8708,PG,파푸아 뉴기니,2026-05-01,4865,3441.0,41.38331880267365,-92.73902271573982,4.865e-06
자동차부품,8708,PG,파푸아 뉴기니,2026-06-01,101008,30408.0,232.17574322546696,1976.217882836588,0.000101008
자동차부품,8708,PG,파푸아 뉴기니,2026-07-01,41441,16858.0,145.82394115553447,-58.97255662917789,4.1441e-05
자동차부품,8708,PW,팔라우,2025-01-01,3431,,,,3.431e-06
자동차부품,8708,PW,팔라우,2025-02-01,11153,,,225.06557854852812,1.1153e-05
자동차부품,8708,PW,팔라우,2025-03-01,22316,,,100.08966197435667,2.2316e-05
자동차부품,8708,PW,팔라우,2025-04-01,24217,,,8.518551711776311,2.4217e-05
자동차부품,8708,PW,팔라우,2025-05-01,9006,,,-62.811248296651115,9.006e-06
자동차부품,8708,PW,팔라우,2025-06-01,9268,,,2.9091716633355524,9.268e-06
자동차부품,8708,PW,팔라우,2025-07-01,16037,,,73.03625377643506,1.6037e-05
자동차부품,8708,PW,팔라우,2025-09-01,627,,,-96.09029120159632,6.27e-07
자동차부품,8708,PW,팔라우,2025-10-01,17614,,,2709.250398724083,1.7614e-05
자동차부품,8708,PW,팔라우,2025-11-01,1927,,,-89.05983876461904,1.927e-06
자동차부품,8708,PW,팔라우,2025-12-01,6153,,,219.30461857810067,6.153e-06
자동차부품,8708,PW,팔라우,2026-01-01,1300,,,-78.87209491305055,1.3e-06
자동차부품,8708,PW,팔라우,2026-02-01,783,3431.0,-77.17866511221219,-39.76923076923077,7.83e-07
자동차부품,8708,PW,팔라우,2026-03-01,14650,11153.0,31.354792432529365,1771.0089399744572,1.465e-05
자동차부품,8708,PW,팔라우,2026-04-01,6913,22316.0,-69.02222620541316,-52.81228668941979,6.913e-06
자동차부품,8708,PW,팔라우,2026-05-01,6415,24217.0,-73.51034397324194,-7.203818891942715,6.415e-06
자동차부품,8708,PW,팔라우,2026-06-01,6359,9006.0,-29.391516766600045,-0.8729540140296144,6.359e-06
자동차부품,8708,PW,팔라우,2026-07-01,15558,9268.0,67.86793267155804,144.66111023745873,1.5558e-05
자동차부품,8708,PS,팔레스타인 해방기구,2025-01-01,95018,,,,9.5018e-05
자동차부품,8708,PS,팔레스타인 해방기구,2025-02-01,11002,,,-88.42114125744595,1.1002e-05
자동차부품,8708,PS,팔레스타인 해방기구,2025-03-01,103404,,,839.8654790038174,0.000103404
자동차부품,8708,PS,팔레스타인 해방기구,2025-04-01,282265,,,172.97299911028588,0.000282265
자동차부품,8708,PS,팔레스타인 해방기구,2025-06-01,18037,,,-93.60990558517706,1.8037e-05
자동차부품,8708,PS,팔레스타인 해방기구,2025-09-01,195497,,,983.8664966457836,0.000195497
자동차부품,8708,PS,팔레스타인 해방기구,2025-10-01,86806,,,-55.59727259241829,8.6806e-05
자동차부품,8708,PS,팔레스타인 해방기구,2025-11-01,81745,,,-5.830242149160192,8.1745e-05
자동차부품,8708,PS,팔레스타인 해방기구,2025-12-01,62124,,,-24.00269129610374,6.2124e-05
자동차부품,8708,PS,팔레스타인 해방기구,2026-01-01,33705,,,-45.745605563067414,3.3705e-05
자동차부품,8708,PS,팔레스타인 해방기구,2026-02-01,124656,,,269.8442367601246,0.000124656
자동차부품,8708,PS,팔레스타인 해방기구,2026-03-01,66210,,,-46.88582980361956,6.621e-05
자동차부품,8708,PS,팔레스타인 해방기구,2026-04-01,99814,95018.0,5.0474646909006715,50.753662588732816,9.9814e-05
자동차부품,8708,PS,팔레스타인 해방기구,2026-05-01,124375,11002.0,1030.476277040538,24.60676858957662,0.000124375
자동차부품,8708,PS,팔레스타인 해방기구,2026-07-01,187587,103404.0,81.41174422652895,50.823718592964816,0.000187587
자동차부품,8708,PE,페루,2025-01-01,2144684,,,,0.002144684
자동차부품,8708,PE,페루,2025-02-01,3152664,,,46.99899845385147,0.003152664
자동차부품,8708,PE,페루,2025-03-01,3366599,,,6.785848412644047,0.003366599
자동차부품,8708,PE,페루,2025-04-01,3783020,,,12.369189202515663,0.00378302
자동차부품,8708,PE,페루,2025-05-01,3253855,,,-13.987898557237344,0.003253855
자동차부품,8708,PE,페루,2025-06-01,2631659,,,-19.121810898150038,0.002631659
자동차부품,8708,PE,페루,2025-07-01,4155506,,,57.90442454740528,0.004155506
자동차부품,8708,PE,페루,2025-08-01,3089854,,,-25.644337897719318,0.003089854
자동차부품,8708,PE,페루,2025-09-01,4555675,,,47.43981430837832,0.004555675
자동차부품,8708,PE,페루,2025-10-01,2975162,,,-34.69327816404814,0.002975162
자동차부품,8708,PE,페루,2025-11-01,3290334,,,10.593439953857974,0.003290334
자동차부품,8708,PE,페루,2025-12-01,3771663,,,14.628575700825518,0.003771663
자동차부품,8708,PE,페루,2026-01-01,3093133,2144684.0,44.22325153728941,-17.990207502632128,0.003093133
자동차부품,8708,PE,페루,2026-02-01,2686360,3152664.0,-14.790792802531449,-13.150840911140904,0.00268636
자동차부품,8708,PE,페루,2026-03-01,4434422,3366599.0,31.718152354943374,65.07176997870725,0.004434422
자동차부품,8708,PE,페루,2026-04-01,3557161,3783020.0,-5.970335869226173,-19.782984118336056,0.003557161
자동차부품,8708,PE,페루,2026-05-01,2751977,3253855.0,-15.424104638959024,-22.635579328571296,0.002751977
자동차부품,8708,PE,페루,2026-06-01,3168244,2631659.0,20.389609748071468,15.126107521974209,0.003168244
자동차부품,8708,PE,페루,2026-07-01,4809505,4155506.0,15.738131529589893,51.803491145252714,0.004809505
자동차부품,8708,PT,포루투갈,2025-01-01,21286,,,,2.1286e-05
자동차부품,8708,PT,포루투갈,2025-02-01,8725,,,-59.010617307150234,8.725e-06
자동차부품,8708,PT,포루투갈,2025-03-01,93736,,,974.3381088825215,9.3736e-05
자동차부품,8708,PT,포루투갈,2025-04-01,31635,,,-66.2509601433814,3.1635e-05
자동차부품,8708,PT,포루투갈,2025-05-01,25944,,,-17.9895685158843,2.5944e-05
자동차부품,8708,PT,포루투갈,2025-06-01,18826,,,-27.436016034535925,1.8826e-05
자동차부품,8708,PT,포루투갈,2025-07-01,83957,,,345.9630298523319,8.3957e-05
자동차부품,8708,PT,포루투갈,2025-08-01,6501,,,-92.25675047941208,6.501e-06
자동차부품,8708,PT,포루투갈,2025-09-01,6671,,,2.6149823104137715,6.671e-06
자동차부품,8708,PT,포루투갈,2025-10-01,47121,,,606.3558686853545,4.7121e-05
자동차부품,8708,PT,포루투갈,2025-11-01,81253,,,72.43479552641072,8.1253e-05
자동차부품,8708,PT,포루투갈,2025-12-01,5929,,,-92.7030386570342,5.929e-06
자동차부품,8708,PT,포루투갈,2026-01-01,3598,21286.0,-83.09687118293714,-39.31523022432113,3.598e-06
자동차부품,8708,PT,포루투갈,2026-02-01,77042,8725.0,783.0028653295128,2041.2451361867702,7.7042e-05
자동차부품,8708,PT,포루투갈,2026-03-01,77447,93736.0,-17.37752837757105,0.5256872874535912,7.7447e-05
자동차부품,8708,PT,포루투갈,2026-04-01,14523,31635.0,-54.091986723565675,-81.24782109055225,1.4523e-05
자동차부품,8708,PT,포루투갈,2026-05-01,16311,25944.0,-37.129972247918595,12.311505887213393,1.6311e-05
자동차부품,8708,PT,포루투갈,2026-06-01,7267,18826.0,-61.39912886433656,-55.447244191036724,7.267e-06
자동차부품,8708,PT,포루투갈,2026-07-01,140143,83957.0,66.92235310932976,1828.4849318838585,0.000140143
자동차부품,8708,PL,폴란드,2025-01-01,12271137,,,,0.012271137
자동차부품,8708,PL,폴란드,2025-02-01,12687120,,,3.3899303707553674,0.01268712
자동차부품,8708,PL,폴란드,2025-03-01,16924998,,,33.40299453303823,0.016924998
자동차부품,8708,PL,폴란드,2025-04-01,19615178,,,15.894713842802233,0.019615178
자동차부품,8708,PL,폴란드,2025-05-01,13964270,,,-28.808854041497867,0.01396427
자동차부품,8708,PL,폴란드,2025-06-01,15089163,,,8.055508809268218,0.015089163
자동차부품,8708,PL,폴란드,2025-07-01,17899354,,,18.623902465630458,0.017899354
자동차부품,8708,PL,폴란드,2025-08-01,15202373,,,-15.067476736869946,0.015202373
자동차부품,8708,PL,폴란드,2025-09-01,17953355,,,18.0957407110061,0.017953355
자동차부품,8708,PL,폴란드,2025-10-01,14288525,,,-20.413064856122986,0.014288525
자동차부품,8708,PL,폴란드,2025-11-01,14843089,,,3.881184376973823,0.014843089
자동차부품,8708,PL,폴란드,2025-12-01,14797501,,,-0.30713283468151165,0.014797501
자동차부품,8708,PL,폴란드,2026-01-01,13041622,12271137.0,6.2788395239984585,-11.866050896026293,0.013041622
자동차부품,8708,PL,폴란드,2026-02-01,11402184,12687120.0,-10.127877721657875,-12.570813661061486,0.011402184
자동차부품,8708,PL,폴란드,2026-03-01,14936212,16924998.0,-11.75058336786805,30.99430775718055,0.014936212
자동차부품,8708,PL,폴란드,2026-04-01,15300498,19615178.0,-21.99663954107376,2.438945028364614,0.015300498
자동차부품,8708,PL,폴란드,2026-05-01,12034037,13964270.0,-13.822655964114128,-21.34872342063637,0.012034037
자동차부품,8708,PL,폴란드,2026-06-01,16265457,15089163.0,7.795621268058417,35.162098969780466,0.016265457
자동차부품,8708,PL,폴란드,2026-07-01,19267893,17899354.0,7.6457452039889295,18.45897105749934,0.019267893
자동차부품,8708,PR,푸에르토리코,2025-01-01,127580,,,,0.00012758
자동차부품,8708,PR,푸에르토리코,2025-02-01,241198,,,89.05627841354445,0.000241198
자동차부품,8708,PR,푸에르토리코,2025-03-01,214988,,,-10.866590933589826,0.000214988
자동차부품,8708,PR,푸에르토리코,2025-04-01,126641,,,-41.09392152120118,0.000126641
자동차부품,8708,PR,푸에르토리코,2025-05-01,97807,,,-22.768297786656767,9.7807e-05
자동차부품,8708,PR,푸에르토리코,2025-06-01,47029,,,-51.91652949175417,4.7029e-05
자동차부품,8708,PR,푸에르토리코,2025-07-01,262133,,,457.38586829403135,0.000262133
자동차부품,8708,PR,푸에르토리코,2025-08-01,38336,,,-85.37536288830479,3.8336e-05
자동차부품,8708,PR,푸에르토리코,2025-09-01,79938,,,108.51940734557597,7.9938e-05
자동차부품,8708,PR,푸에르토리코,2025-10-01,45892,,,-42.590507643423656,4.5892e-05
자동차부품,8708,PR,푸에르토리코,2025-11-01,286457,,,524.1981173189226,0.000286457
자동차부품,8708,PR,푸에르토리코,2025-12-01,266656,,,-6.9123812649018905,0.000266656
자동차부품,8708,PR,푸에르토리코,2026-01-01,60536,127580.0,-52.55055651356012,-77.29809192367695,6.0536e-05
자동차부품,8708,PR,푸에르토리코,2026-02-01,124668,241198.0,-48.313004253766614,105.94026694859258,0.000124668
자동차부품,8708,PR,푸에르토리코,2026-03-01,151091,214988.0,-29.721193741046015,21.194693104886575,0.000151091
자동차부품,8708,PR,푸에르토리코,2026-04-01,171251,126641.0,35.22555886324334,13.342952260558217,0.000171251
자동차부품,8708,PR,푸에르토리코,2026-05-01,122397,97807.0,25.14134980113898,-28.527716626472255,0.000122397
자동차부품,8708,PR,푸에르토리코,2026-06-01,259881,47029.0,452.5973335601438,112.32628250692417,0.000259881
자동차부품,8708,PR,푸에르토리코,2026-07-01,210489,262133.0,-19.70144926430476,-19.0056218038256,0.000210489
자동차부품,8708,FR,프랑스,2025-01-01,3772237,,,,0.003772237
자동차부품,8708,FR,프랑스,2025-02-01,5614978,,,48.850085506292416,0.005614978
자동차부품,8708,FR,프랑스,2025-03-01,7316049,,,30.295238912779364,0.007316049
자동차부품,8708,FR,프랑스,2025-04-01,8054397,,,10.092168600839058,0.008054397
자동차부품,8708,FR,프랑스,2025-05-01,6853946,,,-14.904293890653763,0.006853946
자동차부품,8708,FR,프랑스,2025-06-01,9535300,,,39.121317851059814,0.0095353
자동차부품,8708,FR,프랑스,2025-07-01,11188382,,,17.336444579614696,0.011188382
자동차부품,8708,FR,프랑스,2025-08-01,8599771,,,-23.136598303490175,0.008599771
자동차부품,8708,FR,프랑스,2025-09-01,10903129,,,26.78394575855567,0.010903129
자동차부품,8708,FR,프랑스,2025-10-01,7232903,,,-33.66213497061257,0.007232903
자동차부품,8708,FR,프랑스,2025-11-01,7572213,,,4.691200753003333,0.007572213
자동차부품,8708,FR,프랑스,2025-12-01,8469644,,,11.85163439010497,0.008469644
자동차부품,8708,FR,프랑스,2026-01-01,9358160,3772237.0,148.07985288305056,10.490594409871301,0.00935816
자동차부품,8708,FR,프랑스,2026-02-01,9256668,5614978.0,64.85671003519515,-1.084529437410775,0.009256668
자동차부품,8708,FR,프랑스,2026-03-01,8950553,7316049.0,22.341348451876144,-3.3069674746895927,0.008950553
자동차부품,8708,FR,프랑스,2026-04-01,8283282,8054397.0,2.8417397354513207,-7.455081267045738,0.008283282
자동차부품,8708,FR,프랑스,2026-05-01,6914819,6853946.0,0.888145310745081,-16.520782462796745,0.006914819
자동차부품,8708,FR,프랑스,2026-06-01,9581735,9535300.0,0.4869799586798562,38.568124487423304,0.009581735
자동차부품,8708,FR,프랑스,2026-07-01,7608836,11188382.0,-31.993419602584183,-20.59020626222704,0.007608836
자동차부품,8708,FJ,피지,2025-01-01,50376,,,,5.0376e-05
자동차부품,8708,FJ,피지,2025-02-01,32939,,,-34.61370493885978,3.2939e-05
자동차부품,8708,FJ,피지,2025-03-01,48505,,,47.25705091229242,4.8505e-05
자동차부품,8708,FJ,피지,2025-04-01,22242,,,-54.14493351200906,2.2242e-05
자동차부품,8708,FJ,피지,2025-05-01,42427,,,90.75173095944609,4.2427e-05
자동차부품,8708,FJ,피지,2025-06-01,179825,,,323.84566431753365,0.000179825
자동차부품,8708,FJ,피지,2025-07-01,69968,,,-61.09106075351036,6.9968e-05
자동차부품,8708,FJ,피지,2025-08-01,38315,,,-45.23925222959066,3.8315e-05
자동차부품,8708,FJ,피지,2025-09-01,16397,,,-57.20475009787289,1.6397e-05
자동차부품,8708,FJ,피지,2025-10-01,29304,,,78.71561871073978,2.9304e-05
자동차부품,8708,FJ,피지,2025-11-01,4273,,,-85.41837291837292,4.273e-06
자동차부품,8708,FJ,피지,2025-12-01,64386,,,1406.8102036040252,6.4386e-05
자동차부품,8708,FJ,피지,2026-01-01,51578,50376.0,2.3860568524694203,-19.89252321933339,5.1578e-05
자동차부품,8708,FJ,피지,2026-02-01,16500,32939.0,-49.907404596375116,-68.00961650316026,1.65e-05
자동차부품,8708,FJ,피지,2026-03-01,61189,48505.0,26.149881455520042,270.8424242424242,6.1189e-05
자동차부품,8708,FJ,피지,2026-04-01,63557,22242.0,185.75218055930222,3.869976629786409,6.3557e-05
자동차부품,8708,FJ,피지,2026-05-01,27580,42427.0,-34.99422537535061,-56.60588133486477,2.758e-05
자동차부품,8708,FJ,피지,2026-06-01,122500,179825.0,-31.87821493118309,344.16243654822335,0.0001225
자동차부품,8708,FJ,피지,2026-07-01,62237,69968.0,-11.049336839698142,-49.19428571428571,6.2237e-05
자동차부품,8708,PN,피트카이른,2025-11-01,0,,,,0.0
자동차부품,8708,FI,핀란드,2025-01-01,1609,,,,1.609e-06
자동차부품,8708,FI,핀란드,2025-02-01,1098,,,-31.758856432566805,1.098e-06
자동차부품,8708,FI,핀란드,2025-03-01,1694,,,54.28051001821495,1.694e-06
자동차부품,8708,FI,핀란드,2025-04-01,1682,,,-0.708382526564344,1.682e-06
자동차부품,8708,FI,핀란드,2025-05-01,5291,,,214.56599286563613,5.291e-06
자동차부품,8708,FI,핀란드,2025-06-01,1078,,,-79.62577962577963,1.078e-06
자동차부품,8708,FI,핀란드,2025-07-01,64371,,,5871.335807050093,6.4371e-05
자동차부품,8708,FI,핀란드,2025-08-01,1119,,,-98.26163955818615,1.119e-06
자동차부품,8708,FI,핀란드,2025-09-01,1056,,,-5.630026809651478,1.056e-06
자동차부품,8708,FI,핀란드,2025-10-01,5695,,,439.2992424242424,5.695e-06
자동차부품,8708,FI,핀란드,2025-11-01,357,,,-93.73134328358209,3.57e-07
자동차부품,8708,FI,핀란드,2025-12-01,36507,,,10126.050420168067,3.6507e-05
자동차부품,8708,FI,핀란드,2026-01-01,711,1609.0,-55.81106277190801,-98.05242830142164,7.11e-07
자동차부품,8708,FI,핀란드,2026-02-01,1004,1098.0,-8.561020036429866,41.20956399437412,1.004e-06
자동차부품,8708,FI,핀란드,2026-03-01,1140,1694.0,-32.70365997638724,13.545816733067738,1.14e-06
자동차부품,8708,FI,핀란드,2026-04-01,1587,1682.0,-5.648038049940551,39.21052631578947,1.587e-06
자동차부품,8708,FI,핀란드,2026-05-01,1039,5291.0,-80.36288036288036,-34.53056080655325,1.039e-06
자동차부품,8708,FI,핀란드,2026-06-01,855,1078.0,-20.686456400742117,-17.709335899903756,8.55e-07
자동차부품,8708,FI,핀란드,2026-07-01,1367,64371.0,-97.87637290084044,59.88304093567252,1.367e-06
자동차부품,8708,PH,필리핀,2025-01-01,3521641,,,,0.003521641
자동차부품,8708,PH,필리핀,2025-02-01,1053048,,,-70.09780383633652,0.001053048
자동차부품,8708,PH,필리핀,2025-03-01,2385490,,,126.53193396692268,0.00238549
자동차부품,8708,PH,필리핀,2025-04-01,1328452,,,-44.311147814495136,0.001328452
자동차부품,8708,PH,필리핀,2025-05-01,1556393,,,17.158391872645762,0.001556393
자동차부품,8708,PH,필리핀,2025-06-01,1669580,,,7.272391998678995,0.00166958
자동차부품,8708,PH,필리핀,2025-07-01,1412921,,,-15.372668575330318,0.001412921
자동차부품,8708,PH,필리핀,2025-08-01,1361141,,,-3.6647484183475187,0.001361141
자동차부품,8708,PH,필리핀,2025-09-01,1098959,,,-19.261928044192334,0.001098959
자동차부품,8708,PH,필리핀,2025-10-01,4081754,,,271.4200438778881,0.004081754
자동차부품,8708,PH,필리핀,2025-11-01,1032229,,,-74.71114133776803,0.001032229
자동차부품,8708,PH,필리핀,2025-12-01,1338139,,,29.6358656848432,0.001338139
자동차부품,8708,PH,필리핀,2026-01-01,821174,3521641.0,-76.68206384466787,-38.63313153566259,0.000821174
자동차부품,8708,PH,필리핀,2026-02-01,882773,1053048.0,-16.169728255502125,7.501333456733894,0.000882773
자동차부품,8708,PH,필리핀,2026-03-01,1380818,2385490.0,-42.11595940456677,56.41824115599368,0.001380818
자동차부품,8708,PH,필리핀,2026-04-01,557171,1328452.0,-58.05862763577457,-59.649207933268535,0.000557171
자동차부품,8708,PH,필리핀,2026-05-01,1229086,1556393.0,-21.029842719672985,120.59403666019945,0.001229086
자동차부품,8708,PH,필리핀,2026-06-01,754647,1669580.0,-54.80018926915751,-38.600960388451256,0.000754647
자동차부품,8708,PH,필리핀,2026-07-01,1225311,1412921.0,-13.278166295213955,62.368763143562475,0.001225311
자동차부품,8708,HU,헝가리,2025-01-01,2577126,,,,0.002577126
자동차부품,8708,HU,헝가리,2025-02-01,3411689,,,32.383476787708474,0.003411689
자동차부품,8708,HU,헝가리,2025-03-01,4208345,,,23.3507802147265,0.004208345
자동차부품,8708,HU,헝가리,2025-04-01,4721791,,,12.200663206082197,0.004721791
자동차부품,8708,HU,헝가리,2025-05-01,4036323,,,-14.517118610290037,0.004036323
자동차부품,8708,HU,헝가리,2025-06-01,5244804,,,29.940146019037627,0.005244804
자동차부품,8708,HU,헝가리,2025-07-01,5035970,,,-3.9817312524929482,0.00503597
자동차부품,8708,HU,헝가리,2025-08-01,4215695,,,-16.28832181287816,0.004215695
자동차부품,8708,HU,헝가리,2025-09-01,3982984,,,-5.520109970004949,0.003982984
자동차부품,8708,HU,헝가리,2025-10-01,4339747,,,8.957178838780177,0.004339747
자동차부품,8708,HU,헝가리,2025-11-01,4062088,,,-6.398045784696671,0.004062088
자동차부품,8708,HU,헝가리,2025-12-01,3783047,,,-6.869398201122179,0.003783047
자동차부품,8708,HU,헝가리,2026-01-01,5533069,2577126.0,114.69920368658731,46.25958916185815,0.005533069
자동차부품,8708,HU,헝가리,2026-02-01,4188043,3411689.0,22.75570838959824,-24.3088600557846,0.004188043
자동차부품,8708,HU,헝가리,2026-03-01,5710290,4208345.0,35.68968323652173,36.347453930153065,0.00571029
자동차부품,8708,HU,헝가리,2026-04-01,4637495,4721791.0,-1.7852547899727012,-18.78704934425397,0.004637495
자동차부품,8708,HU,헝가리,2026-05-01,4556793,4036323.0,12.894656844856067,-1.7402067279856936,0.004556793
자동차부품,8708,HU,헝가리,2026-06-01,4399054,5244804.0,-16.12548343083936,-3.4616231195931046,0.004399054
자동차부품,8708,HU,헝가리,2026-07-01,4628256,5035970.0,-8.09603710903758,5.210256568798655,0.004628256
자동차부품,8708,AU,호주,2025-01-01,4287996,,,,0.004287996
자동차부품,8708,AU,호주,2025-02-01,5413867,,,26.25634445554521,0.005413867
자동차부품,8708,AU,호주,2025-03-01,5243509,,,-3.1466971759742113,0.005243509
자동차부품,8708,AU,호주,2025-04-01,5913598,,,12.779400206998792,0.005913598
자동차부품,8708,AU,호주,2025-05-01,5865408,,,-0.8149015201912579,0.005865408
자동차부품,8708,AU,호주,2025-06-01,4449862,,,-24.13380279769114,0.004449862
자동차부품,8708,AU,호주,2025-07-01,6854001,,,54.02727095806568,0.006854001
자동차부품,8708,AU,호주,2025-08-01,6373971,,,-7.003646483273052,0.006373971
자동차부품,8708,AU,호주,2025-09-01,6336823,,,-0.5828077975252755,0.006336823
자동차부품,8708,AU,호주,2025-10-01,5731184,,,-9.55745489498444,0.005731184
자동차부품,8708,AU,호주,2025-11-01,6236632,,,8.819259685258762,0.006236632
자동차부품,8708,AU,호주,2025-12-01,6756637,,,8.337913797062257,0.006756637
자동차부품,8708,AU,호주,2026-01-01,3945846,4287996.0,-7.979251846317026,-41.6004441262717,0.003945846
자동차부품,8708,AU,호주,2026-02-01,4417376,5413867.0,-18.406270416321647,11.950035556380056,0.004417376
자동차부품,8708,AU,호주,2026-03-01,6888065,5243509.0,31.36365361440212,55.93114554885072,0.006888065
자동차부품,8708,AU,호주,2026-04-01,7077252,5913598.0,19.67759729355969,2.746591386695685,0.007077252
자동차부품,8708,AU,호주,2026-05-01,5813740,5865408.0,-0.8808935371588777,-17.853144129953268,0.00581374
자동차부품,8708,AU,호주,2026-06-01,6396485,4449862.0,43.74569368668062,10.023582065933457,0.006396485
자동차부품,8708,AU,호주,2026-07-01,5735978,6854001.0,-16.31197602684914,-10.326093158977157,0.005735978
자동차부품,8708,HK,홍콩,2025-01-01,778457,,,,0.000778457
자동차부품,8708,HK,홍콩,2025-02-01,809296,,,3.961554716573934,0.000809296
자동차부품,8708,HK,홍콩,2025-03-01,539474,,,-33.34033530377019,0.000539474
자동차부품,8708,HK,홍콩,2025-04-01,924090,,,71.29463143728891,0.00092409
자동차부품,8708,HK,홍콩,2025-05-01,787861,,,-14.741962362973304,0.000787861
자동차부품,8708,HK,홍콩,2025-06-01,1171326,,,48.671656548553614,0.001171326
자동차부품,8708,HK,홍콩,2025-07-01,627420,,,-46.43506589967268,0.00062742
자동차부품,8708,HK,홍콩,2025-08-01,1032121,,,64.50240668132989,0.001032121
자동차부품,8708,HK,홍콩,2025-09-01,893297,,,-13.45036095574066,0.000893297
자동차부품,8708,HK,홍콩,2025-10-01,697047,,,-21.969177104591196,0.000697047
자동차부품,8708,HK,홍콩,2025-11-01,932704,,,33.80790678390411,0.000932704
자동차부품,8708,HK,홍콩,2025-12-01,825811,,,-11.460549113116269,0.000825811
자동차부품,8708,HK,홍콩,2026-01-01,1005248,778457.0,29.133401074176213,21.728579541808003,0.001005248
자동차부품,8708,HK,홍콩,2026-02-01,880056,809296.0,8.743401672564799,-12.453842235945755,0.000880056
자동차부품,8708,HK,홍콩,2026-03-01,1111381,539474.0,106.011967212507,26.285259119874183,0.001111381
자동차부품,8708,HK,홍콩,2026-04-01,1558654,924090.0,68.66906903007283,40.24479453940637,0.001558654
자동차부품,8708,HK,홍콩,2026-05-01,1475962,787861.0,87.33786797417311,-5.305346792809695,0.001475962
자동차부품,8708,HK,홍콩,2026-06-01,2732550,1171326.0,133.28689024234075,85.13688021778339,0.00273255
자동차부품,8708,HK,홍콩,2026-07-01,2908538,627420.0,363.57113257467086,6.440431099156463,0.002908538
전자집적회로,8542,GH,가나,2025-04-01,41249,,,,4.1249e-05
전자집적회로,8542,GY,가이아나,2025-05-01,0,,,,0.0
전자집적회로,8542,GT,과테말라,2025-04-01,510,,,,5.1e-07
전자집적회로,8542,GT,과테말라,2025-09-01,368,,,-27.84313725490196,3.68e-07
전자집적회로,8542,GT,과테말라,2025-12-01,0,,,-100.0,0.0
전자집적회로,8542,GT,과테말라,2026-04-01,231,,,inf,2.31e-07
전자집적회로,8542,VA,교황청,2026-01-01,0,,,,0.0
전자집적회로,8542,GR,그리스,2025-03-01,0,,,,0.0
전자집적회로,8542,GR,그리스,2025-04-01,1755,,,inf,1.755e-06
전자집적회로,8542,GR,그리스,2025-05-01,0,,,-100.0,0.0
전자집적회로,8542,GR,그리스,2025-07-01,0,,,,0.0
전자집적회로,8542,GR,그리스,2025-08-01,7007,,,inf,7.007e-06
전자집적회로,8542,GR,그리스,2025-10-01,8709,,,24.289995718567138,8.709e-06
전자집적회로,8542,GR,그리스,2026-02-01,46,,,-99.47181077046733,4.6e-08
전자집적회로,8542,GR,그리스,2026-04-01,5866,,,12652.173913043478,5.866e-06
전자집적회로,8542,GR,그리스,2026-06-01,0,,,-100.0,0.0
전자집적회로,8542,GR,그리스,2026-07-01,4,,,inf,4e-09
전자집적회로,8542,ZZ,기타국,2025-07-01,0,,,,0.0
전자집적회로,8542,ZZ,기타국,2026-02-01,36,,,inf,3.6e-08
전자집적회로,8542,ZZ,기타국,2026-07-01,0,,,-100.0,0.0
전자집적회로,8542,NA,나미비아,2025-03-01,0,,,,0.0
전자집적회로,8542,NA,나미비아,2025-04-01,0,,,,0.0
전자집적회로,8542,NA,나미비아,2025-06-01,0,,,,0.0
전자집적회로,8542,NA,나미비아,2025-10-01,0,,,,0.0
전자집적회로,8542,NA,나미비아,2025-12-01,0,,,,0.0
전자집적회로,8542,NA,나미비아,2026-01-01,0,,,,0.0
전자집적회로,8542,NA,나미비아,2026-02-01,0,,,,0.0
전자집적회로,8542,NA,나미비아,2026-03-01,0,,,,0.0
전자집적회로,8542,NA,나미비아,2026-04-01,0,,,,0.0
전자집적회로,8542,NA,나미비아,2026-06-01,0,,,,0.0
전자집적회로,8542,NG,나이지리아,2025-01-01,120750,,,,0.00012075
전자집적회로,8542,NG,나이지리아,2025-02-01,420000,,,247.82608695652172,0.00042
전자집적회로,8542,NG,나이지리아,2025-03-01,65987,,,-84.28880952380953,6.5987e-05
전자집적회로,8542,NG,나이지리아,2025-04-01,200466,,,203.79620228226773,0.000200466
전자집적회로,8542,NG,나이지리아,2025-07-01,15,,,-99.9925174343779,1.5e-08
전자집적회로,8542,NG,나이지리아,2026-01-01,173920,,,1159366.6666666665,0.00017392
전자집적회로,8542,NG,나이지리아,2026-04-01,60850,,,-65.01264949402024,6.085e-05
전자집적회로,8542,NG,나이지리아,2026-06-01,190554,,,213.15365653245686,0.000190554
전자집적회로,8542,SS,남수단,2025-05-01,0,,,,0.0
전자집적회로,8542,ZA,남아프리카공화국,2025-01-01,497360,,,,0.00049736
전자집적회로,8542,ZA,남아프리카공화국,2025-02-01,488552,,,-1.77095061926974,0.000488552
전자집적회로,8542,ZA,남아프리카공화국,2025-03-01,359262,,,-26.46391786340042,0.000359262
전자집적회로,8542,ZA,남아프리카공화국,2025-04-01,338199,,,-5.862852180302958,0.000338199
전자집적회로,8542,ZA,남아프리카공화국,2025-05-01,533738,,,57.81773452907903,0.000533738
전자집적회로,8542,ZA,남아프리카공화국,2025-06-01,135377,,,-74.63605739145423,0.000135377
전자집적회로,8542,ZA,남아프리카공화국,2025-07-01,735768,,,443.4955716259039,0.000735768
전자집적회로,8542,ZA,남아프리카공화국,2025-08-01,496291,,,-32.54789553228735,0.000496291
전자집적회로,8542,ZA,남아프리카공화국,2025-09-01,338573,,,-31.77933913772364,0.000338573
전자집적회로,8542,ZA,남아프리카공화국,2025-10-01,305363,,,-9.808815233347023,0.000305363
전자집적회로,8542,ZA,남아프리카공화국,2025-11-01,304923,,,-0.144090803404473,0.000304923
전자집적회로,8542,ZA,남아프리카공화국,2026-01-01,312198,,,2.385848230536891,0.000312198
전자집적회로,8542,ZA,남아프리카공화국,2026-02-01,327476,497360.0,-34.157149750683615,4.893689261302114,0.000327476
전자집적회로,8542,ZA,남아프리카공화국,2026-03-01,302665,488552.0,-38.048559825770845,-7.576433082118994,0.000302665
전자집적회로,8542,ZA,남아프리카공화국,2026-04-01,274350,359262.0,-23.635118659919495,-9.355227727024928,0.00027435
전자집적회로,8542,ZA,남아프리카공화국,2026-05-01,320214,338199.0,-5.317874978932524,16.717331875341724,0.000320214
전자집적회로,8542,ZA,남아프리카공화국,2026-06-01,129740,533738.0,-75.69219354814535,-59.48334551268839,0.00012974
전자집적회로,8542,ZA,남아프리카공화국,2026-07-01,184420,135377.0,36.22698094949659,42.14583012178203,0.00018442
전자집적회로,8542,NL,네덜란드,2025-01-01,4119859,,,,0.004119859
전자집적회로,8542,NL,네덜란드,2025-02-01,10039340,,,143.6816405609998,0.01003934
전자집적회로,8542,NL,네덜란드,2025-03-01,7762067,,,-22.683493137995125,0.007762067
전자집적회로,8542,NL,네덜란드,2025-04-01,12413637,,,59.92694987044045,0.012413637
전자집적회로,8542,NL,네덜란드,2025-05-01,10639027,,,-14.295649212233286,0.010639027
전자집적회로,8542,NL,네덜란드,2025-06-01,11324967,,,6.447394108502591,0.011324967
전자집적회로,8542,NL,네덜란드,2025-07-01,16874254,,,49.00046949364179,0.016874254
전자집적회로,8542,NL,네덜란드,2025-08-01,13223916,,,-21.632588913263962,0.013223916
전자집적회로,8542,NL,네덜란드,2025-09-01,10277866,,,-22.278196564466988,0.010277866
전자집적회로,8542,NL,네덜란드,2025-10-01,12932842,,,25.83197718281207,0.012932842
전자집적회로,8542,NL,네덜란드,2025-11-01,14068887,,,8.784186801323335,0.014068887
전자집적회로,8542,NL,네덜란드,2025-12-01,4925814,,,-64.98789136624667,0.004925814
전자집적회로,8542,NL,네덜란드,2026-01-01,14044517,4119859.0,240.89800160636568,185.12073334478322,0.014044517
전자집적회로,8542,NL,네덜란드,2026-02-01,18891252,10039340.0,88.17225036705601,34.509801939077,0.018891252
전자집적회로,8542,NL,네덜란드,2026-03-01,20433611,7762067.0,163.2496086416157,8.164408584460148,0.020433611
전자집적회로,8542,NL,네덜란드,2026-04-01,31581400,12413637.0,154.408921414409,54.55613792393328,0.0315814
전자집적회로,8542,NL,네덜란드,2026-05-01,20048368,10639027.0,88.44174377976482,-36.51843173513524,0.020048368
전자집적회로,8542,NL,네덜란드,2026-06-01,54093978,11324967.0,377.6524117023917,169.81736368765777,0.054093978
전자집적회로,8542,NL,네덜란드,2026-07-01,58175183,16874254.0,244.7570660012585,7.5446568192858665,0.058175183
전자집적회로,8542,AN,네덜란드 열도,2025-05-01,69000,,,,6.9e-05
전자집적회로,8542,AN,네덜란드 열도,2025-06-01,45600,,,-33.913043478260875,4.56e-05
전자집적회로,8542,AN,네덜란드 열도,2026-06-01,15200,,,-66.66666666666667,1.52e-05
전자집적회로,8542,AN,네덜란드 열도,2026-07-01,59400,,,290.7894736842105,5.94e-05
전자집적회로,8542,NP,네팔,2025-09-01,0,,,,0.0
전자집적회로,8542,NP,네팔,2026-03-01,0,,,,0.0
전자집적회로,8542,NP,네팔,2026-06-01,0,,,,0.0
전자집적회로,8542,NO,노르웨이,2025-01-01,759,,,,7.59e-07
전자집적회로,8542,NO,노르웨이,2025-02-01,744,,,-1.9762845849802368,7.44e-07
전자집적회로,8542,NO,노르웨이,2025-03-01,79,,,-89.38172043010752,7.9e-08
전자집적회로,8542,NO,노르웨이,2025-04-01,746,,,844.3037974683544,7.46e-07
전자집적회로,8542,NO,노르웨이,2025-05-01,120,,,-83.91420911528151,1.2e-07
전자집적회로,8542,NO,노르웨이,2025-06-01,2893,,,2310.8333333333335,2.893e-06
전자집적회로,8542,NO,노르웨이,2025-07-01,1396,,,-51.745592810231585,1.396e-06
전자집적회로,8542,NO,노르웨이,2025-08-01,5,,,-99.64183381088824,5e-09
전자집적회로,8542,NO,노르웨이,2025-09-01,696,,,13819.999999999998,6.96e-07
전자집적회로,8542,NO,노르웨이,2025-10-01,2095,,,201.00574712643677,2.095e-06
전자집적회로,8542,NO,노르웨이,2025-11-01,698,,,-66.68257756563246,6.98e-07
전자집적회로,8542,NO,노르웨이,2025-12-01,13,,,-98.13753581661892,1.3e-08
전자집적회로,8542,NO,노르웨이,2026-01-01,1800,759.0,137.15415019762847,13746.153846153846,1.8e-06
전자집적회로,8542,NO,노르웨이,2026-02-01,0,744.0,-100.0,-100.0,0.0
전자집적회로,8542,NO,노르웨이,2026-03-01,3247,79.0,4010.1265822784812,inf,3.247e-06
전자집적회로,8542,NO,노르웨이,2026-04-01,386,746.0,-48.257372654155496,-88.1121034801355,3.86e-07
전자집적회로,8542,NO,노르웨이,2026-05-01,502,120.0,318.33333333333337,30.051813471502587,5.02e-07
전자집적회로,8542,NO,노르웨이,2026-06-01,866,2893.0,-70.06567576909782,72.50996015936255,8.66e-07
전자집적회로,8542,NO,노르웨이,2026-07-01,1164,1396.0,-16.6189111747851,34.41108545034641,1.164e-06
전자집적회로,8542,NZ,뉴질랜드,2025-01-01,0,,,,0.0
전자집적회로,8542,NZ,뉴질랜드,2025-02-01,28384,,,inf,2.8384e-05
전자집적회로,8542,NZ,뉴질랜드,2025-03-01,0,,,-100.0,0.0
전자집적회로,8542,NZ,뉴질랜드,2025-04-01,1357,,,inf,1.357e-06
전자집적회로,8542,NZ,뉴질랜드,2025-05-01,0,,,-100.0,0.0
전자집적회로,8542,NZ,뉴질랜드,2025-06-01,0,,,,0.0
전자집적회로,8542,NZ,뉴질랜드,2025-07-01,5429,,,inf,5.429e-06
전자집적회로,8542,NZ,뉴질랜드,2025-08-01,0,,,-100.0,0.0
전자집적회로,8542,NZ,뉴질랜드,2025-10-01,0,,,,0.0
전자집적회로,8542,NZ,뉴질랜드,2025-11-01,0,,,,0.0
전자집적회로,8542,NZ,뉴질랜드,2025-12-01,0,,,,0.0
전자집적회로,8542,NZ,뉴질랜드,2026-01-01,0,,,,0.0
전자집적회로,8542,NZ,뉴질랜드,2026-03-01,4,0.0,inf,inf,4e-09
전자집적회로,8542,NZ,뉴질랜드,2026-04-01,963,28384.0,-96.60724351747463,23975.0,9.63e-07
전자집적회로,8542,NZ,뉴질랜드,2026-05-01,1180,0.0,inf,22.533748701973,1.18e-06
전자집적회로,8542,NZ,뉴질랜드,2026-06-01,9380,1357.0,591.2306558585115,694.9152542372882,9.38e-06
전자집적회로,8542,NZ,뉴질랜드,2026-07-01,0,0.0,,-100.0,0.0
전자집적회로,8542,TW,대만,2025-01-01,1287476243,,,,1.287476243
전자집적회로,8542,TW,대만,2025-02-01,1588379541,,,23.371561194702362,1.588379541
전자집적회로,8542,TW,대만,2025-03-01,2625708784,,,65.30739135225363,2.625708784
전자집적회로,8542,TW,대만,2025-04-01,2159334464,,,-17.76184483374147,2.159334464
전자집적회로,8542,TW,대만,2025-05-01,2660655459,,,23.216458744947822,2.660655459
전자집적회로,8542,TW,대만,2025-06-01,3358567643,,,26.230836527113066,3.358567643
전자집적회로,8542,TW,대만,2025-07-01,3428019880,,,2.0679124073845534,3.42801988
전자집적회로,8542,TW,대만,2025-08-01,3257457103,,,-4.975548070625546,3.257457103
전자집적회로,8542,TW,대만,2025-09-01,3925268601,,,20.5010066712765,3.925268601
전자집적회로,8542,TW,대만,2025-10-01,4003358499,,,1.989415398989669,4.003358499
전자집적회로,8542,TW,대만,2025-11-01,2830527623,,,-29.29617410713934,2.830527623
전자집적회로,8542,TW,대만,2025-12-01,3648095174,,,28.883927659164897,3.648095174
전자집적회로,8542,TW,대만,2026-01-01,2885175239,1287476243.0,124.09541571634266,-20.91282980875433,2.885175239
전자집적회로,8542,TW,대만,2026-02-01,3359164186,1588379541.0,111.48372283145642,16.42842835308278,3.359164186
전자집적회로,8542,TW,대만,2026-03-01,4561892649,2625708784.0,73.73947472005715,35.804396463043254,4.561892649
전자집적회로,8542,TW,대만,2026-04-01,3914593860,2159334464.0,81.28705512107271,-14.189259564051614,3.91459386
전자집적회로,8542,TW,대만,2026-05-01,4684756928,2660655459.0,76.07529423447983,19.674150002370872,4.684756928
전자집적회로,8542,TW,대만,2026-06-01,6064567164,3358567643.0,80.57004677693192,29.45318737356697,6.064567164
전자집적회로,8542,TW,대만,2026-07-01,3896005534,3428019880.0,13.651777713727853,-35.75789617555631,3.896005534
전자집적회로,8542,DK,덴마크,2025-01-01,120823,,,,0.000120823
전자집적회로,8542,DK,덴마크,2025-02-01,19826,,,-83.59087259876017,1.9826e-05
전자집적회로,8542,DK,덴마크,2025-03-01,29710,,,49.85372742862908,2.971e-05
전자집적회로,8542,DK,덴마크,2025-04-01,348616,,,1073.3961629081116,0.000348616
전자집적회로,8542,DK,덴마크,2025-05-01,56648,,,-83.7506023819905,5.6648e-05
전자집적회로,8542,DK,덴마크,2025-06-01,6529,,,-88.47443863861037,6.529e-06
전자집적회로,8542,DK,덴마크,2025-07-01,56488,,,765.1860928166641,5.6488e-05
전자집적회로,8542,DK,덴마크,2025-08-01,40426,,,-28.434357739696924,4.0426e-05
전자집적회로,8542,DK,덴마크,2025-09-01,12951,,,-67.96368673625885,1.2951e-05
전자집적회로,8542,DK,덴마크,2025-10-01,12042,,,-7.018763029881859,1.2042e-05
전자집적회로,8542,DK,덴마크,2025-11-01,45053,,,274.1322039528318,4.5053e-05
전자집적회로,8542,DK,덴마크,2025-12-01,21032,,,-53.31720418174151,2.1032e-05
전자집적회로,8542,DK,덴마크,2026-01-01,29145,120823.0,-75.87793714772849,38.574553062000774,2.9145e-05
전자집적회로,8542,DK,덴마크,2026-02-01,39186,19826.0,97.64955109452234,34.451878538342775,3.9186e-05
전자집적회로,8542,DK,덴마크,2026-03-01,20562,29710.0,-30.790979468192525,-47.52717807380187,2.0562e-05
전자집적회로,8542,DK,덴마크,2026-04-01,44465,348616.0,-87.24527847258875,116.24841941445383,4.4465e-05
전자집적회로,8542,DK,덴마크,2026-05-01,52818,56648.0,-6.761050699053806,18.78556167772405,5.2818e-05
전자집적회로,8542,DK,덴마크,2026-06-01,430103,6529.0,6487.578495941186,714.3114089893597,0.000430103
전자집적회로,8542,DK,덴마크,2026-07-01,427040,56488.0,655.9835717320492,-0.7121549954313244,0.00042704
전자집적회로,8542,DO,도미니카 공화국,2025-07-01,4360,,,,4.36e-06
전자집적회로,8542,DO,도미니카 공화국,2025-11-01,0,,,-100.0,0.0
전자집적회로,8542,DO,도미니카 공화국,2025-12-01,0,,,,0.0
전자집적회로,8542,DO,도미니카 공화국,2026-02-01,0,,,,0.0
전자집적회로,8542,DE,독일,2025-01-01,17323883,,,,0.017323883
전자집적회로,8542,DE,독일,2025-02-01,22603046,,,30.473324023257376,0.022603046
전자집적회로,8542,DE,독일,2025-03-01,27445475,,,21.423789519341764,0.027445475
전자집적회로,8542,DE,독일,2025-04-01,22721092,,,-17.213704627083338,0.022721092
전자집적회로,8542,DE,독일,2025-05-01,29775061,,,31.045906596390704,0.029775061
전자집적회로,8542,DE,독일,2025-06-01,40126123,,,34.76420081893367,0.040126123
전자집적회로,8542,DE,독일,2025-07-01,21287463,,,-46.94861748791429,0.021287463
전자집적회로,8542,DE,독일,2025-08-01,35915628,,,68.71727739468061,0.035915628
전자집적회로,8542,DE,독일,2025-09-01,50421684,,,40.38925895991572,0.050421684
전자집적회로,8542,DE,독일,2025-10-01,20908959,,,-58.53181143255747,0.020908959
전자집적회로,8542,DE,독일,2025-11-01,31817102,,,52.16970868803177,0.031817102
전자집적회로,8542,DE,독일,2025-12-01,34187045,,,7.448645071446158,0.034187045
전자집적회로,8542,DE,독일,2026-01-01,32544141,17323883.0,87.85708146378037,-4.805633244990903,0.032544141
전자집적회로,8542,DE,독일,2026-02-01,43672603,22603046.0,93.2155648402432,34.19497844481438,0.043672603
전자집적회로,8542,DE,독일,2026-03-01,42287011,27445475.0,54.076440651874314,-3.172680135415784,0.042287011
전자집적회로,8542,DE,독일,2026-04-01,32296342,22721092.0,42.142560753682076,-23.62585759490071,0.032296342
전자집적회로,8542,DE,독일,2026-05-01,46133933,29775061.0,54.941523041716025,42.845691316991875,0.046133933
전자집적회로,8542,DE,독일,2026-06-01,45829668,40126123.0,14.214044551475858,-0.6595253866606199,0.045829668
전자집적회로,8542,DE,독일,2026-07-01,53489198,21287463.0,151.27089122832533,16.713038375054335,0.053489198
전자집적회로,8542,LA,라오스,2025-02-01,585,,,,5.85e-07
전자집적회로,8542,LR,라이베리아,2025-03-01,0,,,,0.0
전자집적회로,8542,LV,라트비아,2025-04-01,986,,,,9.86e-07
전자집적회로,8542,LV,라트비아,2025-06-01,0,,,-100.0,0.0
전자집적회로,8542,LV,라트비아,2025-07-01,0,,,,0.0
전자집적회로,8542,LV,라트비아,2025-08-01,0,,,,0.0
전자집적회로,8542,LV,라트비아,2025-10-01,0,,,,0.0
전자집적회로,8542,LV,라트비아,2025-11-01,0,,,,0.0
전자집적회로,8542,LV,라트비아,2026-02-01,14282,,,inf,1.4282e-05
전자집적회로,8542,LV,라트비아,2026-04-01,12149,,,-14.934883069598094,1.2149e-05
전자집적회로,8542,LV,라트비아,2026-06-01,0,,,-100.0,0.0
전자집적회로,8542,LV,라트비아,2026-07-01,0,,,,0.0
전자집적회로,8542,RU,러시아 연방,2025-02-01,0,,,,0.0
전자집적회로,8542,RU,러시아 연방,2026-03-01,0,,,,0.0
전자집적회로,8542,RU,러시아 연방,2026-05-01,0,,,,0.0
전자집적회로,8542,LB,레바논,2025-02-01,30800,,,,3.08e-05
전자집적회로,8542,LB,레바논,2025-05-01,8800,,,-71.42857142857143,8.8e-06
전자집적회로,8542,LB,레바논,2025-07-01,22440,,,154.99999999999997,2.244e-05
전자집적회로,8542,LB,레바논,2025-08-01,5493,,,-75.52139037433156,5.493e-06
전자집적회로,8542,LB,레바논,2025-09-01,96558,,,1657.8372474057894,9.6558e-05
전자집적회로,8542,LB,레바논,2026-03-01,46253,,,-52.09822075850784,4.6253e-05
전자집적회로,8542,RO,루마니아,2025-01-01,85227,,,,8.5227e-05
전자집적회로,8542,RO,루마니아,2025-02-01,84564,,,-0.7779224893519676,8.4564e-05
전자집적회로,8542,RO,루마니아,2025-03-01,124189,,,46.85800104063196,0.000124189
전자집적회로,8542,RO,루마니아,2025-04-01,179986,,,44.929100000805235,0.000179986
전자집적회로,8542,RO,루마니아,2025-05-01,98022,,,-45.53909748535997,9.8022e-05
전자집적회로,8542,RO,루마니아,2025-06-01,111769,,,14.024402685111514,0.000111769
전자집적회로,8542,RO,루마니아,2025-07-01,47180,,,-57.78793762134402,4.718e-05
전자집적회로,8542,RO,루마니아,2025-08-01,172068,,,264.7053836371344,0.000172068
전자집적회로,8542,RO,루마니아,2025-09-01,257984,,,49.93142246088755,0.000257984
전자집적회로,8542,RO,루마니아,2025-10-01,108496,,,-57.94467873976681,0.000108496
전자집적회로,8542,RO,루마니아,2025-11-01,224589,,,107.00210145996168,0.000224589
전자집적회로,8542,RO,루마니아,2025-12-01,57175,,,-74.54238631455681,5.7175e-05
전자집적회로,8542,RO,루마니아,2026-01-01,253653,85227.0,197.62047238551165,343.6432006996065,0.000253653
전자집적회로,8542,RO,루마니아,2026-02-01,125053,84564.0,47.879712407170906,-50.69918353025591,0.000125053
전자집적회로,8542,RO,루마니아,2026-03-01,85763,124189.0,-30.941548768409444,-31.418678480324346,8.5763e-05
전자집적회로,8542,RO,루마니아,2026-04-01,243139,179986.0,35.08772904559243,183.50104357356904,0.000243139
전자집적회로,8542,RO,루마니아,2026-05-01,55363,98022.0,-43.51982208075738,-77.22989730154356,5.5363e-05
전자집적회로,8542,RO,루마니아,2026-06-01,271058,111769.0,142.51626121733216,389.6013583078951,0.000271058
전자집적회로,8542,RO,루마니아,2026-07-01,153550,47180.0,225.4557015684612,-43.35160740505722,0.00015355
전자집적회로,8542,LU,룩셈부르그,2026-03-01,3500,,,,3.5e-06
전자집적회로,8542,LU,룩셈부르그,2026-04-01,104,,,-97.02857142857142,1.04e-07
전자집적회로,8542,LU,룩셈부르그,2026-05-01,53,,,-49.03846153846154,5.3e-08
전자집적회로,8542,RW,르완다,2025-07-01,12817,,,,1.2817e-05
전자집적회로,8542,RW,르완다,2025-08-01,0,,,-100.0,0.0
전자집적회로,8542,RW,르완다,2026-05-01,7429,,,inf,7.429e-06
전자집적회로,8542,LT,리투아니아,2025-01-01,9001,,,,9.001e-06
전자집적회로,8542,LT,리투아니아,2025-02-01,8004,,,-11.076547050327745,8.004e-06
전자집적회로,8542,LT,리투아니아,2025-03-01,0,,,-100.0,0.0
전자집적회로,8542,LT,리투아니아,2025-04-01,3804,,,inf,3.804e-06
전자집적회로,8542,LT,리투아니아,2025-05-01,11963,,,214.48475289169298,1.1963e-05
전자집적회로,8542,LT,리투아니아,2025-06-01,213350,,,1683.4155312212654,0.00021335
전자집적회로,8542,LT,리투아니아,2025-07-01,0,,,-100.0,0.0
전자집적회로,8542,LT,리투아니아,2025-08-01,4750,,,inf,4.75e-06
전자집적회로,8542,LT,리투아니아,2025-09-01,0,,,-100.0,0.0
전자집적회로,8542,LT,리투아니아,2025-10-01,222,,,inf,2.22e-07
전자집적회로,8542,LT,리투아니아,2025-11-01,0,,,-100.0,0.0
전자집적회로,8542,LT,리투아니아,2026-01-01,6384,,,inf,6.384e-06
전자집적회로,8542,LT,리투아니아,2026-02-01,4234,9001.0,-52.9607821353183,-33.677944862155385,4.234e-06
전자집적회로,8542,LT,리투아니아,2026-04-01,79,8004.0,-99.01299350324838,-98.13415210203118,7.9e-08
전자집적회로,8542,LT,리투아니아,2026-05-01,159,0.0,inf,101.26582278481013,1.59e-07
전자집적회로,8542,LT,리투아니아,2026-06-01,6831,3804.0,79.57413249211356,4196.22641509434,6.831e-06
전자집적회로,8542,LT,리투아니아,2026-07-01,4599,11963.0,-61.55646576945581,-32.67457180500659,4.599e-06
전자집적회로,8542,LI,리히텐슈타인,2025-08-01,0,,,,0.0
전자집적회로,8542,MK,마세도니아,2025-06-01,0,,,,0.0
전자집적회로,8542,MK,마세도니아,2025-07-01,0,,,,0.0
전자집적회로,8542,MK,마세도니아,2025-08-01,0,,,,0.0
전자집적회로,8542,MK,마세도니아,2025-09-01,0,,,,0.0
전자집적회로,8542,MK,마세도니아,2025-10-01,0,,,,0.0
전자집적회로,8542,MK,마세도니아,2026-04-01,0,,,,0.0
전자집적회로,8542,MO,마카오,2025-04-01,0,,,,0.0
전자집적회로,8542,MO,마카오,2025-08-01,3065,,,inf,3.065e-06
전자집적회로,8542,MO,마카오,2025-11-01,0,,,-100.0,0.0
전자집적회로,8542,MO,마카오,2026-02-01,0,,,,0.0
전자집적회로,8542,MO,마카오,2026-03-01,44,,,inf,4.4e-08
전자집적회로,8542,MO,마카오,2026-04-01,55,,,25.0,5.5e-08
전자집적회로,8542,MO,마카오,2026-05-01,1357,,,2367.272727272727,1.357e-06
전자집적회로,8542,MY,말레이시아,2025-01-01,411144294,,,,0.411144294
전자집적회로,8542,MY,말레이시아,2025-02-01,270891814,,,-34.11271469573162,0.270891814
전자집적회로,8542,MY,말레이시아,2025-03-01,416762934,,,53.84847841876832,0.416762934
전자집적회로,8542,MY,말레이시아,2025-04-01,191623223,,,-54.02104953028284,0.191623223
전자집적회로,8542,MY,말레이시아,2025-05-01,451113483,,,135.41691656026472,0.451113483
전자집적회로,8542,MY,말레이시아,2025-06-01,367823493,,,-18.463201198533007,0.367823493
전자집적회로,8542,MY,말레이시아,2025-07-01,453595174,,,23.318706562334768,0.453595174
전자집적회로,8542,MY,말레이시아,2025-08-01,463406964,,,2.1631160476147437,0.463406964
전자집적회로,8542,MY,말레이시아,2025-09-01,253917294,,,-45.20641385958973,0.253917294
전자집적회로,8542,MY,말레이시아,2025-10-01,231171877,,,-8.957805371067007,0.231171877
전자집적회로,8542,MY,말레이시아,2025-11-01,659633982,,,185.3435247229489,0.659633982
전자집적회로,8542,MY,말레이시아,2025-12-01,621929112,,,-5.71602904472559,0.621929112
전자집적회로,8542,MY,말레이시아,2026-01-01,206956527,411144294.0,-49.66328609682712,-66.72345400676468,0.206956527
전자집적회로,8542,MY,말레이시아,2026-02-01,1055351006,270891814.0,289.5839414327965,409.9384983397987,1.055351006
전자집적회로,8542,MY,말레이시아,2026-03-01,768396168,416762934.0,84.3724826066226,-27.190464250147308,0.768396168
전자집적회로,8542,MY,말레이시아,2026-04-01,674683596,191623223.0,252.08863802483896,-12.19586665091229,0.674683596
전자집적회로,8542,MY,말레이시아,2026-05-01,539851215,451113483.0,19.670822385949393,-19.984535239834113,0.539851215
전자집적회로,8542,MY,말레이시아,2026-06-01,1390339898,367823493.0,277.99105398632054,157.54131126666078,1.390339898
전자집적회로,8542,MY,말레이시아,2026-07-01,1582975656,453595174.0,248.98423676791586,13.85529957653564,1.582975656
전자집적회로,8542,ML,말리,2025-05-01,0,,,,0.0
전자집적회로,8542,YT,메요트,2025-11-01,0,,,,0.0
전자집적회로,8542,MX,멕시코,2025-01-01,20382092,,,,0.020382092
전자집적회로,8542,MX,멕시코,2025-02-01,15620996,,,-23.35921160595291,0.015620996
전자집적회로,8542,MX,멕시코,2025-03-01,17028232,,,9.008618912648082,0.017028232
전자집적회로,8542,MX,멕시코,2025-04-01,25826999,,,51.67164154211665,0.025826999
전자집적회로,8542,MX,멕시코,2025-05-01,29735980,,,15.135250518265785,0.02973598
전자집적회로,8542,MX,멕시코,2025-06-01,48855974,,,64.29918906321568,0.048855974
전자집적회로,8542,MX,멕시코,2025-07-01,36460005,,,-25.372473384728757,0.036460005
전자집적회로,8542,MX,멕시코,2025-08-01,35148053,,,-3.5983319256264523,0.035148053
전자집적회로,8542,MX,멕시코,2025-09-01,46069465,,,31.07259454741349,0.046069465
전자집적회로,8542,MX,멕시코,2025-10-01,63251399,,,37.29570985901398,0.063251399
전자집적회로,8542,MX,멕시코,2025-11-01,29854830,,,-52.79973174980683,0.02985483
전자집적회로,8542,MX,멕시코,2025-12-01,26467311,,,-11.346636373410934,0.026467311
전자집적회로,8542,MX,멕시코,2026-01-01,43441878,20382092.0,113.13748363023777,64.13408222694024,0.043441878
전자집적회로,8542,MX,멕시코,2026-02-01,54509211,15620996.0,248.94837051363433,25.476184524066838,0.054509211
전자집적회로,8542,MX,멕시코,2026-03-01,68425896,17028232.0,301.8379359642269,25.530886880751225,0.068425896
전자집적회로,8542,MX,멕시코,2026-04-01,47519699,25826999.0,83.99233685648109,-30.553048220223523,0.047519699
전자집적회로,8542,MX,멕시코,2026-05-01,63818440,29735980.0,114.61690517682617,34.298914645902954,0.06381844
전자집적회로,8542,MX,멕시코,2026-06-01,91733992,48855974.0,87.7641248130679,43.74214098621025,0.091733992
전자집적회로,8542,MX,멕시코,2026-07-01,92347950,36460005.0,153.285620778165,0.6692808048732957,0.09234795
전자집적회로,8542,MC,모나코,2026-03-01,72327,,,,7.2327e-05
전자집적회로,8542,MC,모나코,2026-04-01,7838,,,-89.16310644710828,7.838e-06
전자집적회로,8542,MC,모나코,2026-07-01,0,,,-100.0,0.0
전자집적회로,8542,MA,모로코,2025-01-01,121897,,,,0.000121897
전자집적회로,8542,MA,모로코,2025-02-01,115362,,,-5.361083537740885,0.000115362
전자집적회로,8542,MA,모로코,2025-03-01,81516,,,-29.338950434285117,8.1516e-05
전자집적회로,8542,MA,모로코,2025-04-01,85575,,,4.979390549094664,8.5575e-05
전자집적회로,8542,MA,모로코,2025-05-01,148878,,,73.97370727432077,0.000148878
전자집적회로,8542,MA,모로코,2025-06-01,300756,,,102.01507274412607,0.000300756
전자집적회로,8542,MA,모로코,2025-07-01,87476,,,-70.91462846958997,8.7476e-05
전자집적회로,8542,MA,모로코,2025-08-01,78662,,,-10.07590653436371,7.8662e-05
전자집적회로,8542,MA,모로코,2025-09-01,49989,,,-36.45089115456002,4.9989e-05
전자집적회로,8542,MA,모로코,2025-10-01,183714,,,267.5088519474284,0.000183714
전자집적회로,8542,MA,모로코,2025-11-01,64444,,,-64.92156286401689,6.4444e-05
전자집적회로,8542,MA,모로코,2025-12-01,5439,,,-91.5601142076842,5.439e-06
전자집적회로,8542,MA,모로코,2026-01-01,0,121897.0,-100.0,-100.0,0.0
전자집적회로,8542,MA,모로코,2026-02-01,12655,115362.0,-89.03018324925019,inf,1.2655e-05
전자집적회로,8542,MA,모로코,2026-03-01,102919,81516.0,26.256195102801904,713.2674832082181,0.000102919
전자집적회로,8542,MA,모로코,2026-04-01,288348,85575.0,236.9535495179667,180.16984230317044,0.000288348
전자집적회로,8542,MA,모로코,2026-05-01,393156,148878.0,164.0793132632088,36.347746473011775,0.000393156
전자집적회로,8542,MA,모로코,2026-06-01,45345,300756.0,-84.92299405498144,-88.46641027988889,4.5345e-05
전자집적회로,8542,MA,모로코,2026-07-01,348797,87476.0,298.7345100370388,669.2071893262764,0.000348797
전자집적회로,8542,MU,모리셔스,2026-03-01,0,,,,0.0
전자집적회로,8542,MU,모리셔스,2026-06-01,0,,,,0.0
전자집적회로,8542,MR,모리타니,2025-01-01,0,,,,0.0
전자집적회로,8542,MZ,모잠비크,2025-11-01,0,,,,0.0
전자집적회로,8542,ME,몬테네그로,2026-06-01,98,,,,9.8e-08
전자집적회로,8542,MS,몬트세라트,2025-11-01,0,,,,0.0
전자집적회로,8542,MT,몰타,2025-01-01,1464997,,,,0.001464997
전자집적회로,8542,MT,몰타,2025-02-01,4210344,,,187.39608340494894,0.004210344
전자집적회로,8542,MT,몰타,2025-03-01,1155605,,,-72.55319280324838,0.001155605
전자집적회로,8542,MT,몰타,2025-04-01,2626766,,,127.30656236343734,0.002626766
전자집적회로,8542,MT,몰타,2025-05-01,3416344,,,30.05893939543911,0.003416344
전자집적회로,8542,MT,몰타,2025-06-01,1536963,,,-55.01146840013769,0.001536963
전자집적회로,8542,MT,몰타,2025-07-01,1819164,,,18.36094948284377,0.001819164
전자집적회로,8542,MT,몰타,2025-08-01,4031283,,,121.60085621747135,0.004031283
전자집적회로,8542,MT,몰타,2025-09-01,5670061,,,40.65152458907002,0.005670061
전자집적회로,8542,MT,몰타,2025-10-01,6839122,,,20.61813797064971,0.006839122
전자집적회로,8542,MT,몰타,2025-11-01,7542733,,,10.28803112446306,0.007542733
전자집적회로,8542,MT,몰타,2025-12-01,9392560,,,24.524625225365916,0.00939256
전자집적회로,8542,MT,몰타,2026-01-01,6531334,1464997.0,345.8257593701557,-30.462685359476016,0.006531334
전자집적회로,8542,MT,몰타,2026-02-01,8836545,4210344.0,109.87703142546073,35.29464271770515,0.008836545
전자집적회로,8542,MT,몰타,2026-03-01,7299974,1155605.0,531.7014896958736,-17.388821083353278,0.007299974
전자집적회로,8542,MT,몰타,2026-04-01,6595155,2626766.0,151.0750862467384,-9.655089182509414,0.006595155
전자집적회로,8542,MT,몰타,2026-05-01,4499050,3416344.0,31.691949054310697,-31.782497909450193,0.00449905
전자집적회로,8542,MT,몰타,2026-06-01,10929653,1536963.0,611.1201115446501,142.93246352007648,0.010929653
전자집적회로,8542,MT,몰타,2026-07-01,6347367,1819164.0,248.91670019855275,-41.92526514794203,0.006347367
전자집적회로,8542,MN,몽골,2025-11-01,0,,,,0.0
전자집적회로,8542,US,미국,2025-01-01,75494227,,,,0.075494227
전자집적회로,8542,US,미국,2025-02-01,48637247,,,-35.57487912287651,0.048637247
전자집적회로,8542,US,미국,2025-03-01,69443813,,,42.77907834709478,0.069443813
전자집적회로,8542,US,미국,2025-04-01,61779060,,,-11.037344680367712,0.06177906
전자집적회로,8542,US,미국,2025-05-01,51298103,,,-16.96522575772438,0.051298103
전자집적회로,8542,US,미국,2025-06-01,86788870,,,69.1853400504888,0.08678887
전자집적회로,8542,US,미국,2025-07-01,71584001,,,-17.519376620527495,0.071584001
전자집적회로,8542,US,미국,2025-08-01,61866255,,,-13.57530434768518,0.061866255
전자집적회로,8542,US,미국,2025-09-01,92249676,,,49.11145987420768,0.092249676
전자집적회로,8542,US,미국,2025-10-01,93277268,,,1.1139247795298513,0.093277268
전자집적회로,8542,US,미국,2025-11-01,118422584,,,26.957603432381827,0.118422584
전자집적회로,8542,US,미국,2025-12-01,165804884,,,40.01120259291082,0.165804884
전자집적회로,8542,US,미국,2026-01-01,138554043,75494227.0,83.52932205001582,-16.43548750952354,0.138554043
전자집적회로,8542,US,미국,2026-02-01,186240500,48637247.0,282.91743774066816,34.41722519782407,0.1862405
전자집적회로,8542,US,미국,2026-03-01,180571307,69443813.0,160.0250464357422,-3.0440172787336794,0.180571307
전자집적회로,8542,US,미국,2026-04-01,319879134,61779060.0,417.7792183953592,77.14837385543207,0.319879134
전자집적회로,8542,US,미국,2026-05-01,347240646,51298103.0,576.9073819357413,8.553703287192228,0.347240646
전자집적회로,8542,US,미국,2026-06-01,306518234,86788870.0,253.17689238262923,-11.727432392808069,0.306518234
전자집적회로,8542,US,미국,2026-07-01,225764898,71584001.0,215.3845759473545,-26.3453612355081,0.225764898
전자집적회로,8542,MM,미얀마,2025-01-01,0,,,,0.0
전자집적회로,8542,MM,미얀마,2025-02-01,0,,,,0.0
전자집적회로,8542,MM,미얀마,2025-03-01,0,,,,0.0
전자집적회로,8542,MM,미얀마,2025-08-01,0,,,,0.0
전자집적회로,8542,MM,미얀마,2025-11-01,0,,,,0.0
전자집적회로,8542,MM,미얀마,2025-12-01,0,,,,0.0
전자집적회로,8542,MM,미얀마,2026-01-01,0,,,,0.0
전자집적회로,8542,MM,미얀마,2026-04-01,1138700,,,inf,0.0011387
전자집적회로,8542,MM,미얀마,2026-06-01,0,,,-100.0,0.0
전자집적회로,8542,BH,바레인,2025-02-01,23,,,,2.3e-08
전자집적회로,8542,BH,바레인,2025-07-01,198,,,760.8695652173913,1.98e-07
전자집적회로,8542,BD,방글라데시,2025-01-01,12977,,,,1.2977e-05
전자집적회로,8542,BD,방글라데시,2025-02-01,20037,,,54.40394544193574,2.0037e-05
전자집적회로,8542,BD,방글라데시,2025-03-01,367766,,,1735.4344462743925,0.000367766
전자집적회로,8542,BD,방글라데시,2025-04-01,8788,,,-97.61043707139866,8.788e-06
전자집적회로,8542,BD,방글라데시,2025-05-01,10505,,,19.5380063723259,1.0505e-05
전자집적회로,8542,BD,방글라데시,2025-06-01,247,,,-97.64873869585912,2.47e-07
전자집적회로,8542,BD,방글라데시,2025-07-01,3655,,,1379.757085020243,3.655e-06
전자집적회로,8542,BD,방글라데시,2025-08-01,26681,,,629.9863201094391,2.6681e-05
전자집적회로,8542,BD,방글라데시,2025-09-01,9878,,,-62.97739964768937,9.878e-06
전자집적회로,8542,BD,방글라데시,2025-10-01,1312,,,-86.71795910103259,1.312e-06
전자집적회로,8542,BD,방글라데시,2025-11-01,10314,,,686.1280487804878,1.0314e-05
전자집적회로,8542,BD,방글라데시,2025-12-01,8509,,,-17.500484777971693,8.509e-06
전자집적회로,8542,BD,방글라데시,2026-01-01,13078,12977.0,0.7783000693534659,53.69608649665061,1.3078e-05
전자집적회로,8542,BD,방글라데시,2026-02-01,3227,20037.0,-83.89479462993462,-75.3249732374981,3.227e-06
전자집적회로,8542,BD,방글라데시,2026-03-01,378196,367766.0,2.836042483535728,11619.739696312363,0.000378196
전자집적회로,8542,BD,방글라데시,2026-04-01,422938,8788.0,4712.67637687756,11.830373668679739,0.000422938
전자집적회로,8542,BD,방글라데시,2026-05-01,494808,10505.0,4610.214183722037,16.993034440036126,0.000494808
전자집적회로,8542,BD,방글라데시,2026-06-01,907588,247.0,367344.53441295546,83.42225671371521,0.000907588
전자집적회로,8542,BD,방글라데시,2026-07-01,220124,3655.0,5922.544459644322,-75.74626372318718,0.000220124
전자집적회로,8542,VE,베네주엘라,2025-09-01,0,,,,0.0
전자집적회로,8542,VN,베트남,2025-01-01,1647782373,,,,1.647782373
전자집적회로,8542,VN,베트남,2025-02-01,1653613198,,,0.3538589255196456,1.653613198
전자집적회로,8542,VN,베트남,2025-03-01,1792658304,,,8.408562907466589,1.792658304
전자집적회로,8542,VN,베트남,2025-04-01,1554581495,,,-13.280657472133628,1.554581495
전자집적회로,8542,VN,베트남,2025-05-01,2011328330,,,29.380694191268496,2.01132833
전자집적회로,8542,VN,베트남,2025-06-01,1771800087,,,-11.908957847772172,1.771800087
전자집적회로,8542,VN,베트남,2025-07-01,1813794611,,,2.3701615271452425,1.813794611
전자집적회로,8542,VN,베트남,2025-08-01,1967509889,,,8.474789651913905,1.967509889
전자집적회로,8542,VN,베트남,2025-09-01,1959804955,,,-0.3916084001954423,1.959804955
전자집적회로,8542,VN,베트남,2025-10-01,1779136453,,,-9.218698092331334,1.779136453
전자집적회로,8542,VN,베트남,2025-11-01,1879868013,,,5.661823174391456,1.879868013
전자집적회로,8542,VN,베트남,2025-12-01,2376097676,,,26.397048067650687,2.376097676
전자집적회로,8542,VN,베트남,2026-01-01,2629167136,1647782373.0,59.55791123152159,10.650633707366165,2.629167136
전자집적회로,8542,VN,베트남,2026-02-01,2757065582,1653613198.0,66.72977606459574,4.864599296436656,2.757065582
전자집적회로,8542,VN,베트남,2026-03-01,3382104364,1792658304.0,88.66419531560656,22.670435773478825,3.382104364
전자집적회로,8542,VN,베트남,2026-04-01,4144700909,1554581495.0,166.61200601773535,22.547989740271657,4.144700909
전자집적회로,8542,VN,베트남,2026-05-01,5226920313,2011328330.0,159.87404617325706,26.110916752762957,5.226920313
전자집적회로,8542,VN,베트남,2026-06-01,4819213539,1771800087.0,171.99533256372393,-7.800133722834513,4.819213539
전자집적회로,8542,VN,베트남,2026-07-01,5856242074,1813794611.0,222.8723935160043,21.51862594607472,5.856242074
전자집적회로,8542,BE,벨기에,2025-01-01,275203,,,,0.000275203
전자집적회로,8542,BE,벨기에,2025-02-01,17193,,,-93.75261170844794,1.7193e-05
전자집적회로,8542,BE,벨기에,2025-03-01,118588,,,589.7458267899726,0.000118588
전자집적회로,8542,BE,벨기에,2025-04-01,444512,,,274.8372516612136,0.000444512
전자집적회로,8542,BE,벨기에,2025-05-01,683605,,,53.78774926211216,0.000683605
전자집적회로,8542,BE,벨기에,2025-06-01,543918,,,-20.433876288207376,0.000543918
전자집적회로,8542,BE,벨기에,2025-07-01,355186,,,-34.69861265852573,0.000355186
전자집적회로,8542,BE,벨기에,2025-08-01,722442,,,103.39821952441821,0.000722442
전자집적회로,8542,BE,벨기에,2025-09-01,703135,,,-2.6724636718241768,0.000703135
전자집적회로,8542,BE,벨기에,2025-10-01,652404,,,-7.214972942607034,0.000652404
전자집적회로,8542,BE,벨기에,2025-11-01,431403,,,-33.87486894623577,0.000431403
전자집적회로,8542,BE,벨기에,2025-12-01,613070,,,42.11074100087389,0.00061307
전자집적회로,8542,BE,벨기에,2026-01-01,1205497,275203.0,338.03919288670545,96.63284779878319,0.001205497
전자집적회로,8542,BE,벨기에,2026-02-01,960222,17193.0,5484.9589949398005,-20.346379957809933,0.000960222
전자집적회로,8542,BE,벨기에,2026-03-01,874380,118588.0,637.3258677100549,-8.93980766947643,0.00087438
전자집적회로,8542,BE,벨기에,2026-04-01,1242884,444512.0,179.60639982722628,42.14460532034128,0.001242884
전자집적회로,8542,BE,벨기에,2026-05-01,1267400,683605.0,85.39946314026375,1.9725090998033545,0.0012674
전자집적회로,8542,BE,벨기에,2026-06-01,1638777,543918.0,201.2911872745524,29.302272368628678,0.001638777
전자집적회로,8542,BE,벨기에,2026-07-01,1514829,355186.0,326.48893819013136,-7.563445178935268,0.001514829
전자집적회로,8542,BY,벨라루스,2025-01-01,0,,,,0.0
전자집적회로,8542,BY,벨라루스,2025-02-01,0,,,,0.0
전자집적회로,8542,BY,벨라루스,2025-03-01,0,,,,0.0
전자집적회로,8542,BY,벨라루스,2025-04-01,0,,,,0.0
전자집적회로,8542,BY,벨라루스,2025-05-01,0,,,,0.0
전자집적회로,8542,BY,벨라루스,2025-06-01,0,,,,0.0
전자집적회로,8542,BY,벨라루스,2025-07-01,0,,,,0.0
전자집적회로,8542,BY,벨라루스,2025-08-01,0,,,,0.0
전자집적회로,8542,BY,벨라루스,2025-09-01,0,,,,0.0
전자집적회로,8542,BY,벨라루스,2025-10-01,0,,,,0.0
전자집적회로,8542,BY,벨라루스,2025-11-01,0,,,,0.0
전자집적회로,8542,BY,벨라루스,2025-12-01,0,,,,0.0
전자집적회로,8542,BY,벨라루스,2026-01-01,0,0.0,,,0.0
전자집적회로,8542,BY,벨라루스,2026-02-01,0,0.0,,,0.0
전자집적회로,8542,BY,벨라루스,2026-03-01,0,0.0,,,0.0
전자집적회로,8542,BY,벨라루스,2026-04-01,0,0.0,,,0.0
전자집적회로,8542,BY,벨라루스,2026-05-01,0,0.0,,,0.0
전자집적회로,8542,BY,벨라루스,2026-06-01,0,0.0,,,0.0
전자집적회로,8542,BY,벨라루스,2026-07-01,0,0.0,,,0.0
전자집적회로,8542,BA,보스니아-헤르체고비나,2025-12-01,0,,,,0.0
전자집적회로,8542,BA,보스니아-헤르체고비나,2026-01-01,6555,,,inf,6.555e-06
전자집적회로,8542,BF,부르키나 파소,2025-03-01,43,,,,4.3e-08
전자집적회로,8542,BG,불가리아,2025-01-01,1966,,,,1.966e-06
전자집적회로,8542,BG,불가리아,2025-02-01,31838,,,1519.4303153611393,3.1838e-05
전자집적회로,8542,BG,불가리아,2025-03-01,17503,,,-45.02481311640179,1.7503e-05
전자집적회로,8542,BG,불가리아,2025-04-01,366280,,,1992.6698280294809,0.00036628
전자집적회로,8542,BG,불가리아,2025-05-01,37082,,,-89.87605110844163,3.7082e-05
전자집적회로,8542,BG,불가리아,2025-06-01,0,,,-100.0,0.0
전자집적회로,8542,BG,불가리아,2025-07-01,41982,,,inf,4.1982e-05
전자집적회로,8542,BG,불가리아,2025-08-01,9909,,,-76.39702729741317,9.909e-06
전자집적회로,8542,BG,불가리아,2025-09-01,99268,,,901.7963467554748,9.9268e-05
전자집적회로,8542,BG,불가리아,2025-10-01,1300,,,-98.69041382922997,1.3e-06
전자집적회로,8542,BG,불가리아,2025-11-01,31350,,,2311.538461538462,3.135e-05
전자집적회로,8542,BG,불가리아,2025-12-01,60188,,,91.98724082934608,6.0188e-05
전자집적회로,8542,BG,불가리아,2026-01-01,0,1966.0,-100.0,-100.0,0.0
전자집적회로,8542,BG,불가리아,2026-02-01,492,31838.0,-98.45467680130662,inf,4.92e-07
전자집적회로,8542,BG,불가리아,2026-03-01,40515,17503.0,131.4746043535394,8134.756097560975,4.0515e-05
전자집적회로,8542,BG,불가리아,2026-04-01,0,366280.0,-100.0,-100.0,0.0
전자집적회로,8542,BG,불가리아,2026-05-01,30443,37082.0,-17.903565072002593,inf,3.0443e-05
전자집적회로,8542,BG,불가리아,2026-06-01,30150,0.0,inf,-0.9624544230200649,3.015e-05
전자집적회로,8542,BG,불가리아,2026-07-01,33798,41982.0,-19.494068886665715,12.099502487562198,3.3798e-05
전자집적회로,8542,PF,불령 폴리네시아,2025-04-01,0,,,,0.0
전자집적회로,8542,BR,브라질,2025-01-01,87937046,,,,0.087937046
전자집적회로,8542,BR,브라질,2025-02-01,93708957,,,6.563685343717363,0.093708957
전자집적회로,8542,BR,브라질,2025-03-01,75451930,,,-19.48269149981042,0.07545193
전자집적회로,8542,BR,브라질,2025-04-01,76775128,,,1.7536966913901386,0.076775128
전자집적회로,8542,BR,브라질,2025-05-01,84955648,,,10.655169471029735,0.084955648
전자집적회로,8542,BR,브라질,2025-06-01,69279711,,,-18.451906811422358,0.069279711
전자집적회로,8542,BR,브라질,2025-07-01,69403105,,,0.1781098653832469,0.069403105
전자집적회로,8542,BR,브라질,2025-08-01,76059399,,,9.59077263185848,0.076059399
전자집적회로,8542,BR,브라질,2025-09-01,81750965,,,7.4830541324682365,0.081750965
전자집적회로,8542,BR,브라질,2025-10-01,113094146,,,38.33982999466734,0.113094146
전자집적회로,8542,BR,브라질,2025-11-01,83046979,,,-26.568277901846482,0.083046979
전자집적회로,8542,BR,브라질,2025-12-01,88784908,,,6.909256747316483,0.088784908
전자집적회로,8542,BR,브라질,2026-01-01,111344642,87937046.0,26.61858348073234,25.40942431342048,0.111344642
전자집적회로,8542,BR,브라질,2026-02-01,148771870,93708957.0,58.75949830494858,33.613856336257285,0.14877187
전자집적회로,8542,BR,브라질,2026-03-01,218259385,75451930.0,189.26945274958507,46.7074286288127,0.218259385
전자집적회로,8542,BR,브라질,2026-04-01,281397296,76775128.0,266.52142865851033,28.927924909162563,0.281397296
전자집적회로,8542,BR,브라질,2026-05-01,225718365,84955648.0,165.689651381389,-19.786590628788414,0.225718365
전자집적회로,8542,BR,브라질,2026-06-01,256908494,69279711.0,270.82789505285325,13.81816184961291,0.256908494
전자집적회로,8542,BR,브라질,2026-07-01,273840885,69403105.0,294.5657546589594,6.590825681302692,0.273840885
전자집적회로,8542,SA,사우디아라비아,2025-04-01,2264,,,,2.264e-06
전자집적회로,8542,SA,사우디아라비아,2025-10-01,0,,,-100.0,0.0
전자집적회로,8542,SA,사우디아라비아,2026-01-01,0,,,,0.0
전자집적회로,8542,SA,사우디아라비아,2026-02-01,2700,,,inf,2.7e-06
전자집적회로,8542,SA,사우디아라비아,2026-04-01,1762,,,-34.74074074074074,1.762e-06
전자집적회로,8542,SA,사우디아라비아,2026-06-01,200,,,-88.64926220204313,2e-07
전자집적회로,8542,SA,사우디아라비아,2026-07-01,2203,,,1001.5,2.203e-06
전자집적회로,8542,CY,사이프러스,2025-08-01,0,,,,0.0
전자집적회로,8542,CY,사이프러스,2025-11-01,0,,,,0.0
전자집적회로,8542,CY,사이프러스,2026-02-01,14,,,inf,1.4e-08
전자집적회로,8542,CY,사이프러스,2026-04-01,0,,,-100.0,0.0
전자집적회로,8542,SM,산마리노,2026-05-01,0,,,,0.0
전자집적회로,8542,RS,세르비아,2025-01-01,1623245,,,,0.001623245
전자집적회로,8542,RS,세르비아,2025-02-01,1117726,,,-31.14249543352975,0.001117726
전자집적회로,8542,RS,세르비아,2025-03-01,778375,,,-30.360839776474734,0.000778375
전자집적회로,8542,RS,세르비아,2025-04-01,306997,,,-60.559242010599014,0.000306997
전자집적회로,8542,RS,세르비아,2025-05-01,675682,,,120.0940074332974,0.000675682
전자집적회로,8542,RS,세르비아,2025-06-01,495614,,,-26.64981455773574,0.000495614
전자집적회로,8542,RS,세르비아,2025-07-01,1046364,,,111.12478662830347,0.001046364
전자집적회로,8542,RS,세르비아,2025-08-01,835757,,,-20.127508209380295,0.000835757
전자집적회로,8542,RS,세르비아,2025-09-01,567314,,,-32.119742939634364,0.000567314
전자집적회로,8542,RS,세르비아,2025-10-01,672201,,,18.488350366816263,0.000672201
전자집적회로,8542,RS,세르비아,2025-11-01,697379,,,3.7456058530112246,0.000697379
전자집적회로,8542,RS,세르비아,2025-12-01,1180880,,,69.33116712720056,0.00118088
전자집적회로,8542,RS,세르비아,2026-01-01,906595,1623245.0,-44.14921961872669,-23.227169568457416,0.000906595
전자집적회로,8542,RS,세르비아,2026-02-01,1526671,1117726.0,36.58723157553818,68.39614160678143,0.001526671
전자집적회로,8542,RS,세르비아,2026-03-01,687102,778375.0,-11.726096033402921,-54.99344652515179,0.000687102
전자집적회로,8542,RS,세르비아,2026-04-01,939629,306997.0,206.07106909839507,36.75247634266818,0.000939629
전자집적회로,8542,RS,세르비아,2026-05-01,1144813,675682.0,69.43073812829113,21.836703635158127,0.001144813
전자집적회로,8542,RS,세르비아,2026-06-01,821187,495614.0,65.69084004890904,-28.26889631756453,0.000821187
전자집적회로,8542,RS,세르비아,2026-07-01,209743,1046364.0,-79.95506343872687,-74.45855816032159,0.000209743
전자집적회로,8542,SC,세이쉘,2025-02-01,5808,,,,5.808e-06
전자집적회로,8542,KN,세인트 키츠 네비스,2026-05-01,0,,,,0.0
전자집적회로,8542,PM,세인트 피레 미켈론,2026-03-01,0,,,,0.0
전자집적회로,8542,SO,소말리아,2026-07-01,0,,,,0.0
전자집적회로,8542,SB,솔로몬 군도,2026-07-01,0,,,,0.0
전자집적회로,8542,LK,스리랑카,2025-02-01,0,,,,0.0
전자집적회로,8542,LK,스리랑카,2025-06-01,0,,,,0.0
전자집적회로,8542,LK,스리랑카,2025-08-01,0,,,,0.0
전자집적회로,8542,LK,스리랑카,2025-10-01,5606,,,inf,5.606e-06
전자집적회로,8542,LK,스리랑카,2025-11-01,0,,,-100.0,0.0
전자집적회로,8542,LK,스리랑카,2026-01-01,24000,,,inf,2.4e-05
전자집적회로,8542,LK,스리랑카,2026-04-01,0,,,-100.0,0.0
전자집적회로,8542,LK,스리랑카,2026-06-01,2475,,,inf,2.475e-06
전자집적회로,8542,SZ,스와질랜드,2025-01-01,0,,,,0.0
전자집적회로,8542,SZ,스와질랜드,2025-04-01,0,,,,0.0
전자집적회로,8542,SZ,스와질랜드,2025-05-01,18096,,,inf,1.8096e-05
전자집적회로,8542,SZ,스와질랜드,2025-06-01,2,,,-99.98894783377543,2e-09
전자집적회로,8542,SZ,스와질랜드,2025-07-01,12743,,,637050.0,1.2743e-05
전자집적회로,8542,SZ,스와질랜드,2025-08-01,8822,,,-30.769834418896647,8.822e-06
전자집적회로,8542,SZ,스와질랜드,2025-11-01,8,,,-99.90931761505327,8e-09
전자집적회로,8542,SZ,스와질랜드,2025-12-01,0,,,-100.0,0.0
전자집적회로,8542,SZ,스와질랜드,2026-03-01,1,,,inf,1e-09
전자집적회로,8542,SZ,스와질랜드,2026-07-01,2,,,100.0,2e-09
전자집적회로,8542,SE,스웨덴,2025-01-01,3667516,,,,0.003667516
전자집적회로,8542,SE,스웨덴,2025-02-01,491671,,,-86.59389625021404,0.000491671
전자집적회로,8542,SE,스웨덴,2025-03-01,1927136,,,291.95640987570954,0.001927136
전자집적회로,8542,SE,스웨덴,2025-04-01,1980095,,,2.7480675987579417,0.001980095
전자집적회로,8542,SE,스웨덴,2025-05-01,3257792,,,64.52705552006344,0.003257792
전자집적회로,8542,SE,스웨덴,2025-06-01,4527546,,,38.97590760858889,0.004527546
전자집적회로,8542,SE,스웨덴,2025-07-01,2055766,,,-54.594254812651265,0.002055766
전자집적회로,8542,SE,스웨덴,2025-08-01,1589767,,,-22.667900918684325,0.001589767
전자집적회로,8542,SE,스웨덴,2025-09-01,3188504,,,100.56423362668868,0.003188504
전자집적회로,8542,SE,스웨덴,2025-10-01,1307455,,,-58.99471978081257,0.001307455
전자집적회로,8542,SE,스웨덴,2025-11-01,2840579,,,117.26017339028876,0.002840579
전자집적회로,8542,SE,스웨덴,2025-12-01,3081996,,,8.498865900226683,0.003081996
전자집적회로,8542,SE,스웨덴,2026-01-01,3232423,3667516.0,-11.863424726708761,4.880830474796194,0.003232423
전자집적회로,8542,SE,스웨덴,2026-02-01,3113060,491671.0,533.1591653768476,-3.692678835659813,0.00311306
전자집적회로,8542,SE,스웨덴,2026-03-01,3472539,1927136.0,80.19169378808762,11.547448491195155,0.003472539
전자집적회로,8542,SE,스웨덴,2026-04-01,3739668,1980095.0,88.86305960067573,7.692613387495428,0.003739668
전자집적회로,8542,SE,스웨덴,2026-05-01,5429275,3257792.0,66.65505348407757,45.18066844436457,0.005429275
전자집적회로,8542,SE,스웨덴,2026-06-01,3319199,4527546.0,-26.68878460870414,-38.8647839720773,0.003319199
전자집적회로,8542,SE,스웨덴,2026-07-01,5482145,2055766.0,166.67164453541892,65.16469786837125,0.005482145
전자집적회로,8542,CH,스위스,2025-01-01,321874,,,,0.000321874
전자집적회로,8542,CH,스위스,2025-02-01,104842,,,-67.42762695961774,0.000104842
전자집적회로,8542,CH,스위스,2025-03-01,121583,,,15.967837317105737,0.000121583
전자집적회로,8542,CH,스위스,2025-04-01,234283,,,92.693879900973,0.000234283
전자집적회로,8542,CH,스위스,2025-05-01,201408,,,-14.032174763000304,0.000201408
전자집적회로,8542,CH,스위스,2025-06-01,172051,,,-14.575885764219887,0.000172051
전자집적회로,8542,CH,스위스,2025-07-01,81306,,,-52.743081993129934,8.1306e-05
전자집적회로,8542,CH,스위스,2025-08-01,335801,,,313.00888003345386,0.000335801
전자집적회로,8542,CH,스위스,2025-09-01,221926,,,-33.911453509667936,0.000221926
전자집적회로,8542,CH,스위스,2025-10-01,494807,,,122.96035615475427,0.000494807
전자집적회로,8542,CH,스위스,2025-11-01,308523,,,-37.64781015628316,0.000308523
전자집적회로,8542,CH,스위스,2025-12-01,209216,,,-32.18787578235658,0.000209216
전자집적회로,8542,CH,스위스,2026-01-01,238660,321874.0,-25.852973523801236,14.073493423065164,0.00023866
전자집적회로,8542,CH,스위스,2026-02-01,125558,104842.0,19.759256786402403,-47.390429900276544,0.000125558
전자집적회로,8542,CH,스위스,2026-03-01,65011,121583.0,-46.52953126670669,-48.22233549435321,6.5011e-05
전자집적회로,8542,CH,스위스,2026-04-01,149196,234283.0,-36.31804270903138,129.49347033578934,0.000149196
전자집적회로,8542,CH,스위스,2026-05-01,206746,201408.0,2.6503415951700138,38.57342019893295,0.000206746
전자집적회로,8542,CH,스위스,2026-06-01,384488,172051.0,123.47327245991013,85.97119170382983,0.000384488
전자집적회로,8542,CH,스위스,2026-07-01,316656,81306.0,289.46203232233785,-17.642163084413554,0.000316656
전자집적회로,8542,ES,스페인,2025-01-01,264986,,,,0.000264986
전자집적회로,8542,ES,스페인,2025-02-01,314584,,,18.7172152491075,0.000314584
전자집적회로,8542,ES,스페인,2025-03-01,359338,,,14.22640693741577,0.000359338
전자집적회로,8542,ES,스페인,2025-04-01,213688,,,-40.532868775359134,0.000213688
전자집적회로,8542,ES,스페인,2025-05-01,230463,,,7.850230242222311,0.000230463
전자집적회로,8542,ES,스페인,2025-06-01,197815,,,-14.166265300720726,0.000197815
전자집적회로,8542,ES,스페인,2025-07-01,149731,,,-24.30756009402725,0.000149731
전자집적회로,8542,ES,스페인,2025-08-01,223210,,,49.074006050851196,0.00022321
전자집적회로,8542,ES,스페인,2025-09-01,261857,,,17.3141884324179,0.000261857
전자집적회로,8542,ES,스페인,2025-10-01,366222,,,39.85572277999061,0.000366222
전자집적회로,8542,ES,스페인,2025-11-01,212068,,,-42.09304738655788,0.000212068
전자집적회로,8542,ES,스페인,2025-12-01,118319,,,-44.20704679631062,0.000118319
전자집적회로,8542,ES,스페인,2026-01-01,363376,264986.0,37.1302634856181,207.11550976597164,0.000363376
전자집적회로,8542,ES,스페인,2026-02-01,279259,314584.0,-11.229115276047096,-23.148749504645327,0.000279259
전자집적회로,8542,ES,스페인,2026-03-01,285056,359338.0,-20.671902220193804,2.0758507335484344,0.000285056
전자집적회로,8542,ES,스페인,2026-04-01,302982,213688.0,41.787091460447016,6.288588908845982,0.000302982
전자집적회로,8542,ES,스페인,2026-05-01,283464,230463.0,22.997617838872173,-6.441966849515812,0.000283464
전자집적회로,8542,ES,스페인,2026-06-01,324666,197815.0,64.12607739554635,14.53517907035815,0.000324666
전자집적회로,8542,ES,스페인,2026-07-01,136111,149731.0,-9.09631272081266,-58.07660796018062,0.000136111
전자집적회로,8542,SK,슬로바키아,2025-01-01,192340,,,,0.00019234
전자집적회로,8542,SK,슬로바키아,2025-02-01,402037,,,109.02412394717689,0.000402037
전자집적회로,8542,SK,슬로바키아,2025-03-01,324755,,,-19.22260886435826,0.000324755
전자집적회로,8542,SK,슬로바키아,2025-04-01,306485,,,-5.625779433726963,0.000306485
전자집적회로,8542,SK,슬로바키아,2025-05-01,441592,,,44.08274466939655,0.000441592
전자집적회로,8542,SK,슬로바키아,2025-06-01,504934,,,14.344009855250995,0.000504934
전자집적회로,8542,SK,슬로바키아,2025-07-01,417163,,,-17.3826678338159,0.000417163
전자집적회로,8542,SK,슬로바키아,2025-08-01,403916,,,-3.175497347559586,0.000403916
전자집적회로,8542,SK,슬로바키아,2025-09-01,285634,,,-29.2838114855564,0.000285634
전자집적회로,8542,SK,슬로바키아,2025-10-01,524328,,,83.56638215338509,0.000524328
전자집적회로,8542,SK,슬로바키아,2025-11-01,551138,,,5.113211577485854,0.000551138
전자집적회로,8542,SK,슬로바키아,2025-12-01,694869,,,26.07894937384103,0.000694869
전자집적회로,8542,SK,슬로바키아,2026-01-01,1003025,192340.0,421.48539045440367,44.347351803001715,0.001003025
전자집적회로,8542,SK,슬로바키아,2026-02-01,1113880,402037.0,177.05907665214892,11.052067495825124,0.00111388
전자집적회로,8542,SK,슬로바키아,2026-03-01,1443078,324755.0,344.35897830672354,29.5541710058534,0.001443078
전자집적회로,8542,SK,슬로바키아,2026-04-01,1275321,306485.0,316.1120446351371,-11.624943350255501,0.001275321
전자집적회로,8542,SK,슬로바키아,2026-05-01,1334283,441592.0,202.15289226254097,4.62330660280823,0.001334283
전자집적회로,8542,SK,슬로바키아,2026-06-01,709118,504934.0,40.4377601825189,-46.85400323619502,0.000709118
전자집적회로,8542,SK,슬로바키아,2026-07-01,3720418,417163.0,791.8379626189284,424.65428884896454,0.003720418
전자집적회로,8542,SI,슬로베니아,2025-01-01,0,,,,0.0
전자집적회로,8542,SI,슬로베니아,2025-02-01,2200,,,inf,2.2e-06
전자집적회로,8542,SI,슬로베니아,2025-03-01,0,,,-100.0,0.0
전자집적회로,8542,SI,슬로베니아,2025-04-01,0,,,,0.0
전자집적회로,8542,SI,슬로베니아,2025-05-01,2200,,,inf,2.2e-06
전자집적회로,8542,SI,슬로베니아,2025-06-01,0,,,-100.0,0.0
전자집적회로,8542,SI,슬로베니아,2025-07-01,0,,,,0.0
전자집적회로,8542,SI,슬로베니아,2025-08-01,0,,,,0.0
전자집적회로,8542,SI,슬로베니아,2025-09-01,7720,,,inf,7.72e-06
전자집적회로,8542,SI,슬로베니아,2025-10-01,0,,,-100.0,0.0
전자집적회로,8542,SI,슬로베니아,2025-11-01,0,,,,0.0
전자집적회로,8542,SI,슬로베니아,2025-12-01,0,,,,0.0
전자집적회로,8542,SI,슬로베니아,2026-01-01,0,0.0,,,0.0
전자집적회로,8542,SI,슬로베니아,2026-02-01,178,2200.0,-91.9090909090909,inf,1.78e-07
전자집적회로,8542,SI,슬로베니아,2026-03-01,2500,0.0,inf,1304.4943820224719,2.5e-06
전자집적회로,8542,SI,슬로베니아,2026-04-01,40779,0.0,inf,1531.1599999999999,4.0779e-05
전자집적회로,8542,SI,슬로베니아,2026-05-01,325,2200.0,-85.22727272727273,-99.20302116285343,3.25e-07
전자집적회로,8542,SI,슬로베니아,2026-06-01,26650,0.0,inf,8100.0,2.665e-05
전자집적회로,8542,SI,슬로베니아,2026-07-01,28416,0.0,inf,6.626641651031906,2.8416e-05
전자집적회로,8542,SG,싱가포르,2025-01-01,260160879,,,,0.260160879
전자집적회로,8542,SG,싱가포르,2025-02-01,245627505,,,-5.586302620079941,0.245627505
전자집적회로,8542,SG,싱가포르,2025-03-01,321060747,,,30.71042145707583,0.321060747
전자집적회로,8542,SG,싱가포르,2025-04-01,430793900,,,34.17831485952407,0.4307939
전자집적회로,8542,SG,싱가포르,2025-05-01,496328664,,,15.212556166649538,0.496328664
전자집적회로,8542,SG,싱가포르,2025-06-01,419240069,,,-15.531763646034358,0.419240069
전자집적회로,8542,SG,싱가포르,2025-07-01,482130114,,,15.000962372229743,0.482130114
전자집적회로,8542,SG,싱가포르,2025-08-01,408856808,,,-15.197828111603917,0.408856808
전자집적회로,8542,SG,싱가포르,2025-09-01,417448316,,,2.101348890832222,0.417448316
전자집적회로,8542,SG,싱가포르,2025-10-01,461438746,,,10.537934473306155,0.461438746
전자집적회로,8542,SG,싱가포르,2025-11-01,558536153,,,21.042317716423398,0.558536153
전자집적회로,8542,SG,싱가포르,2025-12-01,657584042,,,17.733478570365712,0.657584042
전자집적회로,8542,SG,싱가포르,2026-01-01,396330562,260160879.0,52.34056846802089,-39.72929136257841,0.396330562
전자집적회로,8542,SG,싱가포르,2026-02-01,831615642,245627505.0,238.56780086578658,109.82879488360022,0.831615642
전자집적회로,8542,SG,싱가포르,2026-03-01,508610317,321060747.0,58.41560257753964,-38.84069859763413,0.508610317
전자집적회로,8542,SG,싱가포르,2026-04-01,539265289,430793900.0,25.179416189505012,6.0272021575999535,0.539265289
전자집적회로,8542,SG,싱가포르,2026-05-01,510429131,496328664.0,2.84095359038139,-5.347304673266295,0.510429131
전자집적회로,8542,SG,싱가포르,2026-06-01,448369418,419240069.0,6.948130952626097,-12.158340743291163,0.448369418
전자집적회로,8542,SG,싱가포르,2026-07-01,409503273,482130114.0,-15.063742938073354,-8.668330943124225,0.409503273
전자집적회로,8542,AE,아랍에미리트 연합,2025-01-01,268729,,,,0.000268729
전자집적회로,8542,AE,아랍에미리트 연합,2025-02-01,731927,,,172.36621280174452,0.000731927
전자집적회로,8542,AE,아랍에미리트 연합,2025-03-01,1144733,,,56.3998868739642,0.001144733
전자집적회로,8542,AE,아랍에미리트 연합,2025-04-01,3584250,,,213.10794744276615,0.00358425
전자집적회로,8542,AE,아랍에미리트 연합,2025-05-01,22752,,,-99.36522284996862,2.2752e-05
전자집적회로,8542,AE,아랍에미리트 연합,2025-06-01,3553929,,,15520.292721518987,0.003553929
전자집적회로,8542,AE,아랍에미리트 연합,2025-07-01,2668125,,,-24.92463974378779,0.002668125
전자집적회로,8542,AE,아랍에미리트 연합,2025-08-01,15152,,,-99.43211056453501,1.5152e-05
전자집적회로,8542,AE,아랍에미리트 연합,2025-09-01,3154005,,,20715.766895459346,0.003154005
전자집적회로,8542,AE,아랍에미리트 연합,2025-10-01,234363,,,-92.56935229969515,0.000234363
전자집적회로,8542,AE,아랍에미리트 연합,2025-11-01,3348218,,,1328.6461600167263,0.003348218
전자집적회로,8542,AE,아랍에미리트 연합,2025-12-01,73529,,,-97.80393630283332,7.3529e-05
전자집적회로,8542,AE,아랍에미리트 연합,2026-01-01,3600688,268729.0,1239.8955825385424,4796.963102993376,0.003600688
전자집적회로,8542,AE,아랍에미리트 연합,2026-02-01,237529,731927.0,-67.54744667159429,-93.40323293770524,0.000237529
전자집적회로,8542,AE,아랍에미리트 연합,2026-03-01,39410,1144733.0,-96.55727580143143,-83.4083417182744,3.941e-05
전자집적회로,8542,AE,아랍에미리트 연합,2026-04-01,58161,3584250.0,-98.37731743042477,47.57929459528039,5.8161e-05
전자집적회로,8542,AE,아랍에미리트 연합,2026-05-01,17,22752.0,-99.92528129395218,-99.9707707914238,1.7e-08
전자집적회로,8542,AE,아랍에미리트 연합,2026-06-01,226825,3553929.0,-93.61762713886517,1334164.705882353,0.000226825
전자집적회로,8542,AE,아랍에미리트 연합,2026-07-01,17946,2668125.0,-99.32739283204498,-92.08817370219332,1.7946e-05
전자집적회로,8542,AM,아르메니아,2025-02-01,606,,,,6.06e-07
전자집적회로,8542,AR,아르헨티나,2025-01-01,1001258,,,,0.001001258
전자집적회로,8542,AR,아르헨티나,2025-02-01,1470852,,,46.90039929768351,0.001470852
전자집적회로,8542,AR,아르헨티나,2025-03-01,994153,,,-32.40971899280145,0.000994153
전자집적회로,8542,AR,아르헨티나,2025-04-01,829898,,,-16.522104746452506,0.000829898
전자집적회로,8542,AR,아르헨티나,2025-05-01,891427,,,7.414043653557423,0.000891427
전자집적회로,8542,AR,아르헨티나,2025-06-01,636612,,,-28.585066415982464,0.000636612
전자집적회로,8542,AR,아르헨티나,2025-07-01,519104,,,-18.458338831187604,0.000519104
전자집적회로,8542,AR,아르헨티나,2025-08-01,1061387,,,104.46519387251878,0.001061387
전자집적회로,8542,AR,아르헨티나,2025-09-01,612492,,,-42.293244594101864,0.000612492
전자집적회로,8542,AR,아르헨티나,2025-10-01,327066,,,-46.60077192844968,0.000327066
전자집적회로,8542,AR,아르헨티나,2025-11-01,707184,,,116.22057933261178,0.000707184
전자집적회로,8542,AR,아르헨티나,2025-12-01,4035,,,-99.42942713636054,4.035e-06
전자집적회로,8542,AR,아르헨티나,2026-01-01,517131,1001258.0,-48.351873343334084,12716.133828996282,0.000517131
전자집적회로,8542,AR,아르헨티나,2026-02-01,732503,1470852.0,-50.19872835608206,41.64747423766899,0.000732503
전자집적회로,8542,AR,아르헨티나,2026-03-01,1645060,994153.0,65.47352369303316,124.58065018163747,0.00164506
전자집적회로,8542,AR,아르헨티나,2026-04-01,256204,829898.0,-69.1282543155906,-84.42585680765443,0.000256204
전자집적회로,8542,AR,아르헨티나,2026-05-01,566169,891427.0,-36.487339961656986,120.98366926355561,0.000566169
전자집적회로,8542,AR,아르헨티나,2026-06-01,1355380,636612.0,112.90519185940573,139.39495097753496,0.00135538
전자집적회로,8542,AR,아르헨티나,2026-07-01,1172343,519104.0,125.83971612624829,-13.504478448848289,0.001172343
전자집적회로,8542,IS,아이슬란드,2025-07-01,6001,,,,6.001e-06
전자집적회로,8542,IS,아이슬란드,2025-12-01,0,,,-100.0,0.0
전자집적회로,8542,IS,아이슬란드,2026-04-01,9044,,,inf,9.044e-06
전자집적회로,8542,HT,아이티,2025-01-01,0,,,,0.0
전자집적회로,8542,HT,아이티,2025-04-01,0,,,,0.0
전자집적회로,8542,HT,아이티,2025-05-01,0,,,,0.0
전자집적회로,8542,HT,아이티,2025-06-01,0,,,,0.0
전자집적회로,8542,HT,아이티,2025-07-01,0,,,,0.0
전자집적회로,8542,HT,아이티,2025-09-01,0,,,,0.0
전자집적회로,8542,HT,아이티,2025-11-01,0,,,,0.0
전자집적회로,8542,IE,아일랜드,2025-01-01,5472,,,,5.472e-06
전자집적회로,8542,IE,아일랜드,2025-02-01,166192,,,2937.1345029239765,0.000166192
전자집적회로,8542,IE,아일랜드,2025-03-01,29286,,,-82.3782131510542,2.9286e-05
전자집적회로,8542,IE,아일랜드,2025-04-01,11933,,,-59.25356825787065,1.1933e-05
전자집적회로,8542,IE,아일랜드,2025-05-01,93056,,,679.8206653817145,9.3056e-05
전자집적회로,8542,IE,아일랜드,2025-06-01,25838,,,-72.23392365887207,2.5838e-05
전자집적회로,8542,IE,아일랜드,2025-07-01,328662,,,1172.0102175090951,0.000328662
전자집적회로,8542,IE,아일랜드,2025-08-01,348955,,,6.174428440160407,0.000348955
전자집적회로,8542,IE,아일랜드,2025-09-01,276303,,,-20.819876488372422,0.000276303
전자집적회로,8542,IE,아일랜드,2025-10-01,24783,,,-91.03049912595954,2.4783e-05
전자집적회로,8542,IE,아일랜드,2025-11-01,211913,,,755.0740426905539,0.000211913
전자집적회로,8542,IE,아일랜드,2025-12-01,1193798,,,463.34344754687066,0.001193798
전자집적회로,8542,IE,아일랜드,2026-01-01,23535,5472.0,330.0986842105263,-98.02856094582165,2.3535e-05
전자집적회로,8542,IE,아일랜드,2026-02-01,64386,166192.0,-61.258062963319524,173.57552581261953,6.4386e-05
전자집적회로,8542,IE,아일랜드,2026-03-01,12748,29286.0,-56.47066857884313,-80.20066474078216,1.2748e-05
전자집적회로,8542,IE,아일랜드,2026-04-01,142199,11933.0,1091.645018017263,1015.4612488233448,0.000142199
전자집적회로,8542,IE,아일랜드,2026-05-01,183002,93056.0,96.65792640990372,28.694294615292648,0.000183002
전자집적회로,8542,IE,아일랜드,2026-06-01,1844069,25838.0,7037.042340738448,907.6769652790681,0.001844069
전자집적회로,8542,IE,아일랜드,2026-07-01,424791,328662.0,29.248589736568277,-76.9644736720806,0.000424791
전자집적회로,8542,AZ,아제르바이잔,2025-10-01,0,,,,0.0
전자집적회로,8542,AD,안도라,2026-06-01,0,,,,0.0
전자집적회로,8542,EE,에스토니아,2025-01-01,28154,,,,2.8154e-05
전자집적회로,8542,EE,에스토니아,2025-02-01,17064,,,-39.39049513390637,1.7064e-05
전자집적회로,8542,EE,에스토니아,2025-03-01,19142,,,12.177684013127044,1.9142e-05
전자집적회로,8542,EE,에스토니아,2025-04-01,22398,,,17.009716852993417,2.2398e-05
전자집적회로,8542,EE,에스토니아,2025-05-01,30937,,,38.12393963746763,3.0937e-05
전자집적회로,8542,EE,에스토니아,2025-06-01,12506,,,-59.57591233797718,1.2506e-05
전자집적회로,8542,EE,에스토니아,2025-07-01,16125,,,28.938109707340477,1.6125e-05
전자집적회로,8542,EE,에스토니아,2025-08-01,4663,,,-71.08217054263565,4.663e-06
전자집적회로,8542,EE,에스토니아,2025-09-01,15855,,,240.017156337122,1.5855e-05
전자집적회로,8542,EE,에스토니아,2025-10-01,27267,,,71.97729422894984,2.7267e-05
전자집적회로,8542,EE,에스토니아,2025-11-01,20264,,,-25.683060109289613,2.0264e-05
전자집적회로,8542,EE,에스토니아,2025-12-01,14924,,,-26.35215159889459,1.4924e-05
전자집적회로,8542,EE,에스토니아,2026-01-01,10961,28154.0,-61.06769908361156,-26.554543017957656,1.0961e-05
전자집적회로,8542,EE,에스토니아,2026-02-01,10660,17064.0,-37.52930145335208,-2.7460998084116395,1.066e-05
전자집적회로,8542,EE,에스토니아,2026-03-01,8195,19142.0,-57.188381569324,-23.123827392120077,8.195e-06
전자집적회로,8542,EE,에스토니아,2026-04-01,51,22398.0,-99.77230109831235,-99.37766931055522,5.1e-08
전자집적회로,8542,EE,에스토니아,2026-05-01,64605,30937.0,108.82761741603906,126576.47058823529,6.4605e-05
전자집적회로,8542,EE,에스토니아,2026-07-01,0,12506.0,-100.0,-100.0,0.0
전자집적회로,8542,EC,에쿠아도르,2025-04-01,270,,,,2.7e-07
전자집적회로,8542,EC,에쿠아도르,2026-04-01,131,,,-51.48148148148148,1.31e-07
전자집적회로,8542,ET,에티오피아,2025-02-01,0,,,,0.0
전자집적회로,8542,ET,에티오피아,2025-06-01,159,,,inf,1.59e-07
전자집적회로,8542,ET,에티오피아,2026-02-01,0,,,-100.0,0.0
전자집적회로,8542,ET,에티오피아,2026-05-01,0,,,,0.0
전자집적회로,8542,SV,엘살바도르,2025-01-01,0,,,,0.0
전자집적회로,8542,SV,엘살바도르,2025-02-01,0,,,,0.0
전자집적회로,8542,SV,엘살바도르,2025-03-01,0,,,,0.0
전자집적회로,8542,SV,엘살바도르,2025-04-01,3866,,,inf,3.866e-06
전자집적회로,8542,SV,엘살바도르,2025-05-01,568,,,-85.30781169167098,5.68e-07
전자집적회로,8542,SV,엘살바도르,2025-06-01,0,,,-100.0,0.0
전자집적회로,8542,SV,엘살바도르,2025-07-01,0,,,,0.0
전자집적회로,8542,SV,엘살바도르,2025-08-01,0,,,,0.0
전자집적회로,8542,SV,엘살바도르,2025-09-01,0,,,,0.0
전자집적회로,8542,SV,엘살바도르,2025-10-01,0,,,,0.0
전자집적회로,8542,SV,엘살바도르,2025-11-01,0,,,,0.0
전자집적회로,8542,SV,엘살바도르,2025-12-01,0,,,,0.0
전자집적회로,8542,SV,엘살바도르,2026-01-01,0,0.0,,,0.0
전자집적회로,8542,SV,엘살바도르,2026-02-01,0,0.0,,,0.0
전자집적회로,8542,SV,엘살바도르,2026-03-01,0,0.0,,,0.0
전자집적회로,8542,SV,엘살바도르,2026-04-01,0,3866.0,-100.0,,0.0
전자집적회로,8542,SV,엘살바도르,2026-05-01,0,568.0,-100.0,,0.0
전자집적회로,8542,SV,엘살바도르,2026-06-01,0,0.0,,,0.0
전자집적회로,8542,SV,엘살바도르,2026-07-01,0,0.0,,,0.0
전자집적회로,8542,GB,영국,2025-01-01,540472,,,,0.000540472
전자집적회로,8542,GB,영국,2025-02-01,175434,,,-67.54059414733788,0.000175434
전자집적회로,8542,GB,영국,2025-03-01,528060,,,201.00208625465984,0.00052806
전자집적회로,8542,GB,영국,2025-04-01,376531,,,-28.695413399992418,0.000376531
전자집적회로,8542,GB,영국,2025-05-01,629489,,,67.18118826869501,0.000629489
전자집적회로,8542,GB,영국,2025-06-01,1578932,,,150.82757601800827,0.001578932
전자집적회로,8542,GB,영국,2025-07-01,692924,,,-56.11438618002549,0.000692924
전자집적회로,8542,GB,영국,2025-08-01,677089,,,-2.285243403316961,0.000677089
전자집적회로,8542,GB,영국,2025-09-01,1484371,,,119.22834368893898,0.001484371
전자집적회로,8542,GB,영국,2025-10-01,337484,,,-77.26417452240713,0.000337484
전자집적회로,8542,GB,영국,2025-11-01,4915086,,,1356.3908214907967,0.004915086
전자집적회로,8542,GB,영국,2025-12-01,968190,,,-80.30166715292468,0.00096819
전자집적회로,8542,GB,영국,2026-01-01,168408,540472.0,-68.84056898414718,-82.60589347132277,0.000168408
전자집적회로,8542,GB,영국,2026-02-01,1343285,175434.0,665.692511143792,697.6372856396371,0.001343285
전자집적회로,8542,GB,영국,2026-03-01,2703133,528060.0,411.89883725334244,101.23302203181007,0.002703133
전자집적회로,8542,GB,영국,2026-04-01,1079357,376531.0,186.6582034414165,-60.070148231700024,0.001079357
전자집적회로,8542,GB,영국,2026-05-01,2484692,629489.0,294.71571385679493,130.20112900550976,0.002484692
전자집적회로,8542,GB,영국,2026-06-01,983528,1578932.0,-37.70928703706049,-60.41650232704898,0.000983528
전자집적회로,8542,GB,영국,2026-07-01,690441,692924.0,-0.3583365563900265,-29.799558324724874,0.000690441
전자집적회로,8542,KY,영령 캐이맨 군도,2025-06-01,0,,,,0.0
전자집적회로,8542,KY,영령 캐이맨 군도,2025-09-01,0,,,,0.0
전자집적회로,8542,OM,오만,2025-02-01,14000,,,,1.4e-05
전자집적회로,8542,OM,오만,2025-03-01,7751,,,-44.635714285714286,7.751e-06
전자집적회로,8542,OM,오만,2025-11-01,13530,,,74.55812153270547,1.353e-05
전자집적회로,8542,OM,오만,2025-12-01,34424,,,154.42719881744273,3.4424e-05
전자집적회로,8542,OM,오만,2026-05-01,1811,,,-94.73913548686963,1.811e-06
전자집적회로,8542,AT,오스트리아,2025-01-01,9654618,,,,0.009654618
전자집적회로,8542,AT,오스트리아,2025-02-01,9129616,,,-5.437832962422751,0.009129616
전자집적회로,8542,AT,오스트리아,2025-03-01,9547406,,,4.576205614781603,0.009547406
전자집적회로,8542,AT,오스트리아,2025-04-01,8736359,,,-8.494946166529427,0.008736359
전자집적회로,8542,AT,오스트리아,2025-05-01,9614768,,,10.054634888515924,0.009614768
전자집적회로,8542,AT,오스트리아,2025-06-01,9440458,,,-1.8129402602330091,0.009440458
전자집적회로,8542,AT,오스트리아,2025-07-01,8693855,,,-7.908546386202875,0.008693855
전자집적회로,8542,AT,오스트리아,2025-08-01,16407092,,,88.72056182211459,0.016407092
전자집적회로,8542,AT,오스트리아,2025-09-01,20973190,,,27.83002618623702,0.02097319
전자집적회로,8542,AT,오스트리아,2025-10-01,12890352,,,-38.53890609869076,0.012890352
전자집적회로,8542,AT,오스트리아,2025-11-01,13165871,,,2.1374047814985975,0.013165871
전자집적회로,8542,AT,오스트리아,2025-12-01,24308659,,,84.63388407800745,0.024308659
전자집적회로,8542,AT,오스트리아,2026-01-01,16049653,9654618.0,66.23809455744392,-33.975572243619034,0.016049653
전자집적회로,8542,AT,오스트리아,2026-02-01,27796250,9129616.0,204.4624220777741,73.18910259305918,0.02779625
전자집적회로,8542,AT,오스트리아,2026-03-01,31161041,9547406.0,226.38227598155981,12.105197643567035,0.031161041
전자집적회로,8542,AT,오스트리아,2026-04-01,12867608,8736359.0,47.287994918706985,-58.70610356053252,0.012867608
전자집적회로,8542,AT,오스트리아,2026-05-01,11705514,9614768.0,21.745152873163455,-9.031157927720523,0.011705514
전자집적회로,8542,AT,오스트리아,2026-06-01,13271915,9440458.0,40.585499135741074,13.381736162974134,0.013271915
전자집적회로,8542,AT,오스트리아,2026-07-01,8921711,8693855.0,2.6208856715461692,-32.7775155280907,0.008921711
전자집적회로,8542,HN,온두라스,2025-04-01,0,,,,0.0
전자집적회로,8542,HN,온두라스,2025-08-01,0,,,,0.0
전자집적회로,8542,HN,온두라스,2025-09-01,0,,,,0.0
전자집적회로,8542,HN,온두라스,2025-10-01,0,,,,0.0
전자집적회로,8542,HN,온두라스,2026-07-01,230,,,inf,2.3e-07
전자집적회로,8542,JO,요르단,2025-04-01,254,,,,2.54e-07
전자집적회로,8542,JO,요르단,2025-06-01,150000,,,58955.11811023622,0.00015
전자집적회로,8542,JO,요르단,2026-04-01,146,,,-99.90266666666666,1.46e-07
전자집적회로,8542,UZ,우즈베키스탄,2025-01-01,214,,,,2.14e-07
전자집적회로,8542,UZ,우즈베키스탄,2025-02-01,264,,,23.364485981308402,2.64e-07
전자집적회로,8542,UZ,우즈베키스탄,2025-03-01,16026,,,5970.454545454545,1.6026e-05
전자집적회로,8542,UZ,우즈베키스탄,2025-04-01,2267,,,-85.85423686509422,2.267e-06
전자집적회로,8542,UZ,우즈베키스탄,2025-08-01,1111,,,-50.992501102778995,1.111e-06
전자집적회로,8542,UZ,우즈베키스탄,2025-10-01,15,,,-98.64986498649864,1.5e-08
전자집적회로,8542,UZ,우즈베키스탄,2025-11-01,460,,,2966.666666666667,4.6e-07
전자집적회로,8542,UZ,우즈베키스탄,2025-12-01,25,,,-94.56521739130434,2.5e-08
전자집적회로,8542,UZ,우즈베키스탄,2026-01-01,4800,,,19100.0,4.8e-06
전자집적회로,8542,UZ,우즈베키스탄,2026-06-01,211417,,,4304.520833333334,0.000211417
전자집적회로,8542,UZ,우즈베키스탄,2026-07-01,7689,,,-96.36311176490065,7.689e-06
전자집적회로,8542,UA,우크라이나,2025-03-01,0,,,,0.0
전자집적회로,8542,UA,우크라이나,2025-04-01,0,,,,0.0
전자집적회로,8542,UA,우크라이나,2025-05-01,21468,,,inf,2.1468e-05
전자집적회로,8542,UA,우크라이나,2025-09-01,0,,,-100.0,0.0
전자집적회로,8542,UA,우크라이나,2026-02-01,90980,,,inf,9.098e-05
전자집적회로,8542,UA,우크라이나,2026-04-01,564,,,-99.38008353484283,5.64e-07
전자집적회로,8542,UA,우크라이나,2026-05-01,205,,,-63.65248226950355,2.05e-07
전자집적회로,8542,UA,우크라이나,2026-06-01,0,,,-100.0,0.0
전자집적회로,8542,UA,우크라이나,2026-07-01,0,,,,0.0
전자집적회로,8542,IQ,이라크,2025-05-01,500,,,,5e-07
전자집적회로,8542,IQ,이라크,2025-10-01,27086,,,5317.2,2.7086e-05
전자집적회로,8542,IR,이란,2025-09-01,0,,,,0.0
전자집적회로,8542,IR,이란,2026-04-01,0,,,,0.0
전자집적회로,8542,IL,이스라엘,2025-01-01,1094914,,,,0.001094914
전자집적회로,8542,IL,이스라엘,2025-02-01,1479468,,,35.121845186014596,0.001479468
전자집적회로,8542,IL,이스라엘,2025-03-01,1613888,,,9.08569837265829,0.001613888
전자집적회로,8542,IL,이스라엘,2025-04-01,887778,,,-44.99135008129437,0.000887778
전자집적회로,8542,IL,이스라엘,2025-05-01,1672401,,,88.38054108121625,0.001672401
전자집적회로,8542,IL,이스라엘,2025-06-01,1495357,,,-10.58621706157793,0.001495357
전자집적회로,8542,IL,이스라엘,2025-07-01,901389,,,-39.72081583193846,0.000901389
전자집적회로,8542,IL,이스라엘,2025-08-01,1004479,,,11.436793659563183,0.001004479
전자집적회로,8542,IL,이스라엘,2025-09-01,2459938,,,144.89690675464595,0.002459938
전자집적회로,8542,IL,이스라엘,2025-10-01,1007799,,,-59.03152843689556,0.001007799
전자집적회로,8542,IL,이스라엘,2025-11-01,3477255,,,245.03457534686976,0.003477255
전자집적회로,8542,IL,이스라엘,2025-12-01,2019692,,,-41.91705813925064,0.002019692
전자집적회로,8542,IL,이스라엘,2026-01-01,1621108,1094914.0,48.05802099525624,-19.734890270397663,0.001621108
전자집적회로,8542,IL,이스라엘,2026-02-01,2279584,1479468.0,54.081331938237255,40.61888535495477,0.002279584
전자집적회로,8542,IL,이스라엘,2026-03-01,3653308,1613888.0,126.36688543442918,60.26204781223241,0.003653308
전자집적회로,8542,IL,이스라엘,2026-04-01,4021110,887778.0,352.940937937187,10.067642804822373,0.00402111
전자집적회로,8542,IL,이스라엘,2026-05-01,2900731,1672401.0,73.44709791491395,-27.862431020290412,0.002900731
전자집적회로,8542,IL,이스라엘,2026-06-01,1868939,1495357.0,24.98279675020747,-35.57006837242061,0.001868939
전자집적회로,8542,IL,이스라엘,2026-07-01,4301263,901389.0,377.1816607480234,130.1446435651458,0.004301263
전자집적회로,8542,EG,이집트,2025-01-01,4756418,,,,0.004756418
전자집적회로,8542,EG,이집트,2025-02-01,7776883,,,63.50293435101793,0.007776883
전자집적회로,8542,EG,이집트,2025-03-01,6006364,,,-22.766434829995518,0.006006364
전자집적회로,8542,EG,이집트,2025-04-01,5239773,,,-12.762979399849893,0.005239773
전자집적회로,8542,EG,이집트,2025-05-01,7469602,,,42.555832094252935,0.007469602
전자집적회로,8542,EG,이집트,2025-06-01,6134662,,,-17.871634927804724,0.006134662
전자집적회로,8542,EG,이집트,2025-07-01,12383961,,,101.8686767094911,0.012383961
전자집적회로,8542,EG,이집트,2025-08-01,9027143,,,-27.106173864727122,0.009027143
전자집적회로,8542,EG,이집트,2025-09-01,7396540,,,-18.06333410249511,0.00739654
전자집적회로,8542,EG,이집트,2025-10-01,13166545,,,78.0095152598377,0.013166545
전자집적회로,8542,EG,이집트,2025-11-01,11213371,,,-14.834369988482177,0.011213371
전자집적회로,8542,EG,이집트,2025-12-01,17007482,,,51.6714465257593,0.017007482
전자집적회로,8542,EG,이집트,2026-01-01,10285739,4756418.0,116.24968621344887,-39.522270257290295,0.010285739
전자집적회로,8542,EG,이집트,2026-02-01,12403215,7776883.0,59.48825512740772,20.58652275738282,0.012403215
전자집적회로,8542,EG,이집트,2026-03-01,14255145,6006364.0,137.33401771853985,14.931048119378731,0.014255145
전자집적회로,8542,EG,이집트,2026-04-01,22534758,5239773.0,330.0712645376049,58.08157686224868,0.022534758
전자집적회로,8542,EG,이집트,2026-05-01,25765073,7469602.0,244.93234043795104,14.334811139307547,0.025765073
전자집적회로,8542,EG,이집트,2026-06-01,27414757,6134662.0,346.88292525325767,6.402791872547775,0.027414757
전자집적회로,8542,EG,이집트,2026-07-01,26298299,12383961.0,112.35773433072018,-4.072470895875535,0.026298299
전자집적회로,8542,IT,이탈리아,2025-01-01,2459224,,,,0.002459224
전자집적회로,8542,IT,이탈리아,2025-02-01,6244337,,,153.91493414182685,0.006244337
전자집적회로,8542,IT,이탈리아,2025-03-01,2537956,,,-59.355877173189086,0.002537956
전자집적회로,8542,IT,이탈리아,2025-04-01,5723489,,,125.5156905793481,0.005723489
전자집적회로,8542,IT,이탈리아,2025-05-01,5556507,,,-2.9174861697122134,0.005556507
전자집적회로,8542,IT,이탈리아,2025-06-01,1554486,,,-72.02404316236802,0.001554486
전자집적회로,8542,IT,이탈리아,2025-07-01,1035296,,,-33.39946451753184,0.001035296
전자집적회로,8542,IT,이탈리아,2025-08-01,866793,,,-16.27582836213025,0.000866793
전자집적회로,8542,IT,이탈리아,2025-09-01,2683280,,,209.56410584764757,0.00268328
전자집적회로,8542,IT,이탈리아,2025-10-01,1124604,,,-58.08845890104648,0.001124604
전자집적회로,8542,IT,이탈리아,2025-11-01,623348,,,-44.57177815479938,0.000623348
전자집적회로,8542,IT,이탈리아,2025-12-01,443217,,,-28.897341452928384,0.000443217
전자집적회로,8542,IT,이탈리아,2026-01-01,548093,2459224.0,-77.71276630351687,23.662449770654103,0.000548093
전자집적회로,8542,IT,이탈리아,2026-02-01,931816,6244337.0,-85.07742295138779,70.0105639006519,0.000931816
전자집적회로,8542,IT,이탈리아,2026-03-01,754675,2537956.0,-70.26445690941844,-19.010298170454256,0.000754675
전자집적회로,8542,IT,이탈리아,2026-04-01,1224769,5723489.0,-78.60100718285648,62.29091993242124,0.001224769
전자집적회로,8542,IT,이탈리아,2026-05-01,511273,5556507.0,-90.79866182117651,-58.25555676213229,0.000511273
전자집적회로,8542,IT,이탈리아,2026-06-01,681412,1554486.0,-56.1648030281392,33.27752492308414,0.000681412
전자집적회로,8542,IT,이탈리아,2026-07-01,677697,1035296.0,-34.54074969863691,-0.545191455389693,0.000677697
전자집적회로,8542,IN,인도,2025-01-01,272994208,,,,0.272994208
전자집적회로,8542,IN,인도,2025-02-01,294917361,,,8.030629353132657,0.294917361
전자집적회로,8542,IN,인도,2025-03-01,216613465,,,-26.55113138625976,0.216613465
전자집적회로,8542,IN,인도,2025-04-01,275589773,,,27.226519828765028,0.275589773
전자집적회로,8542,IN,인도,2025-05-01,287031761,,,4.151818797717133,0.287031761
전자집적회로,8542,IN,인도,2025-06-01,220874287,,,-23.048833958134686,0.220874287
전자집적회로,8542,IN,인도,2025-07-01,269346535,,,21.945627378527767,0.269346535
전자집적회로,8542,IN,인도,2025-08-01,293781837,,,9.07206844149675,0.293781837
전자집적회로,8542,IN,인도,2025-09-01,289771484,,,-1.365078604229708,0.289771484
전자집적회로,8542,IN,인도,2025-10-01,243056340,,,-16.121373764990622,0.24305634
전자집적회로,8542,IN,인도,2025-11-01,232020984,,,-4.540246100965728,0.232020984
전자집적회로,8542,IN,인도,2025-12-01,298201115,,,28.52333864768024,0.298201115
전자집적회로,8542,IN,인도,2026-01-01,290955207,272994208.0,6.579260099173978,-2.429872872876415,0.290955207
전자집적회로,8542,IN,인도,2026-02-01,370380512,294917361.0,25.58789714655014,27.29812118468118,0.370380512
전자집적회로,8542,IN,인도,2026-03-01,373276984,216613465.0,72.32399841810388,0.7820260262505485,0.373276984
전자집적회로,8542,IN,인도,2026-04-01,696467986,275589773.0,152.71909709073276,86.58208672196086,0.696467986
전자집적회로,8542,IN,인도,2026-05-01,534535270,287031761.0,86.22861391286938,-23.250561297156302,0.53453527
전자집적회로,8542,IN,인도,2026-06-01,556067330,220874287.0,151.7573854126352,4.028183210436231,0.55606733
전자집적회로,8542,IN,인도,2026-07-01,780790997,269346535.0,189.8834384485399,40.413031817567855,0.780790997
전자집적회로,8542,ID,인도네시아,2025-01-01,33998116,,,,0.033998116
전자집적회로,8542,ID,인도네시아,2025-02-01,34923436,,,2.7216802248689387,0.034923436
전자집적회로,8542,ID,인도네시아,2025-03-01,31492651,,,-9.823732693426845,0.031492651
전자집적회로,8542,ID,인도네시아,2025-04-01,47608833,,,51.17442161347421,0.047608833
전자집적회로,8542,ID,인도네시아,2025-05-01,44551090,,,-6.422638000809644,0.04455109
전자집적회로,8542,ID,인도네시아,2025-06-01,45834963,,,2.881799300533383,0.045834963
전자집적회로,8542,ID,인도네시아,2025-07-01,31883641,,,-30.438165729510903,0.031883641
전자집적회로,8542,ID,인도네시아,2025-08-01,46173430,,,44.81856071582288,0.04617343
전자집적회로,8542,ID,인도네시아,2025-09-01,48739892,,,5.558309183441645,0.048739892
전자집적회로,8542,ID,인도네시아,2025-10-01,37319905,,,-23.430472517255474,0.037319905
전자집적회로,8542,ID,인도네시아,2025-11-01,41612536,,,11.502255967693387,0.041612536
전자집적회로,8542,ID,인도네시아,2025-12-01,54106181,,,30.023752938297243,0.054106181
전자집적회로,8542,ID,인도네시아,2026-01-01,71326767,33998116.0,109.79623400308415,31.827391402841766,0.071326767
전자집적회로,8542,ID,인도네시아,2026-02-01,89293928,34923436.0,155.68483009518306,25.18992764665753,0.089293928
전자집적회로,8542,ID,인도네시아,2026-03-01,62533650,31492651.0,98.56584953740477,-29.968754426392795,0.06253365
전자집적회로,8542,ID,인도네시아,2026-04-01,100205024,47608833.0,110.47569891074627,60.24176423413634,0.100205024
전자집적회로,8542,ID,인도네시아,2026-05-01,104474992,44551090.0,134.50602892095347,4.261231452826153,0.104474992
전자집적회로,8542,ID,인도네시아,2026-06-01,120336291,45834963.0,162.54257257718305,15.181909753101497,0.120336291
전자집적회로,8542,ID,인도네시아,2026-07-01,164613478,31883641.0,416.2944784129266,36.794541889279266,0.164613478
전자집적회로,8542,JP,일본,2025-01-01,53387295,,,,0.053387295
전자집적회로,8542,JP,일본,2025-02-01,48056880,,,-9.984426069910457,0.04805688
전자집적회로,8542,JP,일본,2025-03-01,68276510,,,42.074371036987834,0.06827651
전자집적회로,8542,JP,일본,2025-04-01,66783076,,,-2.1873320707224253,0.066783076
전자집적회로,8542,JP,일본,2025-05-01,83359703,,,24.821598513970812,0.083359703
전자집적회로,8542,JP,일본,2025-06-01,108627926,,,30.3122757047251,0.108627926
전자집적회로,8542,JP,일본,2025-07-01,75499568,,,-30.49709151217708,0.075499568
전자집적회로,8542,JP,일본,2025-08-01,80302682,,,6.361776798510954,0.080302682
전자집적회로,8542,JP,일본,2025-09-01,84284016,,,4.957909126870752,0.084284016
전자집적회로,8542,JP,일본,2025-10-01,79692061,,,-5.448191979841111,0.079692061
전자집적회로,8542,JP,일본,2025-11-01,95965424,,,20.42030635899854,0.095965424
전자집적회로,8542,JP,일본,2025-12-01,76762816,,,-20.009923574140622,0.076762816
전자집적회로,8542,JP,일본,2026-01-01,120946495,53387295.0,126.54546367258352,57.558700035183705,0.120946495
전자집적회로,8542,JP,일본,2026-02-01,126142126,48056880.0,162.48505104784164,4.295809481705115,0.126142126
전자집적회로,8542,JP,일본,2026-03-01,135495947,68276510.0,98.45177646016177,7.41530311610572,0.135495947
전자집적회로,8542,JP,일본,2026-04-01,196012129,66783076.0,193.50569147189324,44.662724856264525,0.196012129
전자집적회로,8542,JP,일본,2026-05-01,138211219,83359703.0,65.80099739558814,-29.488435381465607,0.138211219
전자집적회로,8542,JP,일본,2026-06-01,243968298,108627926.0,124.59077235811353,76.51844746409479,0.243968298
전자집적회로,8542,JP,일본,2026-07-01,164766122,75499568.0,118.23452287832956,-32.46412613822473,0.164766122
전자집적회로,8542,CN,중국,2025-01-01,2877006873,,,,2.877006873
전자집적회로,8542,CN,중국,2025-02-01,2541737231,,,-11.653418180763586,2.541737231
전자집적회로,8542,CN,중국,2025-03-01,3082275800,,,21.266500817133437,3.0822758
전자집적회로,8542,CN,중국,2025-04-01,3274019980,,,6.220863817572719,3.27401998
전자집적회로,8542,CN,중국,2025-05-01,3365429299,,,2.791959717973369,3.365429299
전자집적회로,8542,CN,중국,2025-06-01,3379731392,,,0.4249708351992343,3.379731392
전자집적회로,8542,CN,중국,2025-07-01,3595259491,,,6.377077761569039,3.595259491
전자집적회로,8542,CN,중국,2025-08-01,3674450205,,,2.20264251296014,3.674450205
전자집적회로,8542,CN,중국,2025-09-01,3750446891,,,2.068246452124667,3.750446891
전자집적회로,8542,CN,중국,2025-10-01,4049285572,,,7.968081929572901,4.049285572
전자집적회로,8542,CN,중국,2025-11-01,4562682174,,,12.678695855635237,4.562682174
전자집적회로,8542,CN,중국,2025-12-01,5118232167,,,12.175952034655136,5.118232167
전자집적회로,8542,CN,중국,2026-01-01,5980211066,2877006873.0,107.86224468640677,16.841340347115196,5.980211066
전자집적회로,8542,CN,중국,2026-02-01,6428948321,2541737231.0,152.93520677865854,7.503702629347964,6.428948321
전자집적회로,8542,CN,중국,2026-03-01,8217388385,3082275800.0,166.60133350169377,27.818547835547292,8.217388385
전자집적회로,8542,CN,중국,2026-04-01,9591387011,3274019980.0,192.95444345455707,16.72062414024502,9.591387011
전자집적회로,8542,CN,중국,2026-05-01,11370321652,3365429299.0,237.85650036916732,18.547209480336967,11.370321652
전자집적회로,8542,CN,중국,2026-06-01,11581510454,3379731392.0,242.67547064284568,1.8573687575746956,11.581510454
전자집적회로,8542,CN,중국,2026-07-01,13422130645,3595259491.0,273.3285644221111,15.892747308830435,13.422130645
전자집적회로,8542,CZ,체코공화국,2025-01-01,2610898,,,,0.002610898
전자집적회로,8542,CZ,체코공화국,2025-02-01,11347982,,,334.6390399012141,0.011347982
전자집적회로,8542,CZ,체코공화국,2025-03-01,8833434,,,-22.15854766072065,0.008833434
전자집적회로,8542,CZ,체코공화국,2025-04-01,8798982,,,-0.39001819677375593,0.008798982
전자집적회로,8542,CZ,체코공화국,2025-05-01,7205412,,,-18.11084509548946,0.007205412
전자집적회로,8542,CZ,체코공화국,2025-06-01,17475662,,,142.5352221358057,0.017475662
전자집적회로,8542,CZ,체코공화국,2025-07-01,21268155,,,21.701569874720626,0.021268155
전자집적회로,8542,CZ,체코공화국,2025-08-01,12331229,,,-42.02022225247089,0.012331229
전자집적회로,8542,CZ,체코공화국,2025-09-01,3744190,,,-69.63652203685456,0.00374419
전자집적회로,8542,CZ,체코공화국,2025-10-01,11623808,,,210.4492026312767,0.011623808
전자집적회로,8542,CZ,체코공화국,2025-11-01,8488011,,,-26.977364044554076,0.008488011
전자집적회로,8542,CZ,체코공화국,2025-12-01,9388410,,,10.60789153077204,0.00938841
전자집적회로,8542,CZ,체코공화국,2026-01-01,8254485,2610898.0,216.15501639665737,-12.077923737885332,0.008254485
전자집적회로,8542,CZ,체코공화국,2026-02-01,10095393,11347982.0,-11.037988956979316,22.301912233167798,0.010095393
전자집적회로,8542,CZ,체코공화국,2026-03-01,17332236,8833434.0,96.21175637922919,71.6846090092778,0.017332236
전자집적회로,8542,CZ,체코공화국,2026-04-01,10580333,8798982.0,20.244966974588642,-38.95575273726944,0.010580333
전자집적회로,8542,CZ,체코공화국,2026-05-01,17149555,7205412.0,138.00936018648207,62.088990960870504,0.017149555
전자집적회로,8542,CZ,체코공화국,2026-06-01,11588350,17475662.0,-33.68863508575526,-32.427692730219526,0.01158835
전자집적회로,8542,CZ,체코공화국,2026-07-01,20429690,21268155.0,-3.942349489177599,76.29507220613807,0.02042969
전자집적회로,8542,CL,칠레,2025-04-01,5495,,,,5.495e-06
전자집적회로,8542,CL,칠레,2025-06-01,4,,,-99.92720655141038,4e-09
전자집적회로,8542,CL,칠레,2025-08-01,0,,,-100.0,0.0
전자집적회로,8542,CL,칠레,2026-04-01,2516,,,inf,2.516e-06
전자집적회로,8542,CL,칠레,2026-06-01,200,,,-92.05087440381558,2e-07
전자집적회로,8542,CL,칠레,2026-07-01,3,,,-98.5,3e-09
전자집적회로,8542,CM,카메룬,2025-01-01,0,,,,0.0
전자집적회로,8542,CM,카메룬,2025-02-01,0,,,,0.0
전자집적회로,8542,CM,카메룬,2025-05-01,0,,,,0.0
전자집적회로,8542,CM,카메룬,2025-08-01,12316,,,inf,1.2316e-05
전자집적회로,8542,CM,카메룬,2025-10-01,0,,,-100.0,0.0
전자집적회로,8542,CM,카메룬,2025-12-01,0,,,,0.0
전자집적회로,8542,CM,카메룬,2026-02-01,0,,,,0.0
전자집적회로,8542,CM,카메룬,2026-03-01,0,,,,0.0
전자집적회로,8542,CM,카메룬,2026-05-01,0,,,,0.0
전자집적회로,8542,KZ,카자흐스탄,2025-04-01,1987,,,,1.987e-06
전자집적회로,8542,KZ,카자흐스탄,2025-07-01,23072,,,1061.1474584801208,2.3072e-05
전자집적회로,8542,KZ,카자흐스탄,2025-09-01,248,,,-98.9251040221914,2.48e-07
전자집적회로,8542,KZ,카자흐스탄,2026-03-01,16003,,,6352.822580645162,1.6003e-05
전자집적회로,8542,KZ,카자흐스탄,2026-04-01,1152,,,-92.80134974692245,1.152e-06
전자집적회로,8542,KZ,카자흐스탄,2026-05-01,1067,,,-7.378472222222221,1.067e-06
전자집적회로,8542,KZ,카자흐스탄,2026-07-01,23750,,,2125.866916588566,2.375e-05
전자집적회로,8542,QA,카타르,2025-04-01,6240,,,,6.24e-06
전자집적회로,8542,QA,카타르,2025-06-01,675,,,-89.1826923076923,6.75e-07
전자집적회로,8542,QA,카타르,2025-11-01,980,,,45.1851851851852,9.8e-07
전자집적회로,8542,QA,카타르,2026-04-01,405,,,-58.673469387755105,4.05e-07
전자집적회로,8542,KH,캄보디아,2025-07-01,0,,,,0.0
전자집적회로,8542,KH,캄보디아,2025-12-01,0,,,,0.0
전자집적회로,8542,KH,캄보디아,2026-03-01,0,,,,0.0
전자집적회로,8542,KH,캄보디아,2026-05-01,0,,,,0.0
전자집적회로,8542,CA,캐나다,2025-01-01,12647276,,,,0.012647276
전자집적회로,8542,CA,캐나다,2025-02-01,4953625,,,-60.83247491396566,0.004953625
전자집적회로,8542,CA,캐나다,2025-03-01,265727,,,-94.635706174771,0.000265727
전자집적회로,8542,CA,캐나다,2025-04-01,6057156,,,2179.465767498222,0.006057156
전자집적회로,8542,CA,캐나다,2025-05-01,4897142,,,-19.151132973956752,0.004897142
전자집적회로,8542,CA,캐나다,2025-06-01,7179171,,,46.599200104877504,0.007179171
전자집적회로,8542,CA,캐나다,2025-07-01,11065764,,,54.13707237228365,0.011065764
전자집적회로,8542,CA,캐나다,2025-08-01,11693246,,,5.670480592212157,0.011693246
전자집적회로,8542,CA,캐나다,2025-09-01,8880425,,,-24.05509128945034,0.008880425
전자집적회로,8542,CA,캐나다,2025-10-01,1916092,,,-78.42342005027912,0.001916092
전자집적회로,8542,CA,캐나다,2025-11-01,15100818,,,688.1050596735439,0.015100818
전자집적회로,8542,CA,캐나다,2025-12-01,22060969,,,46.091218369759844,0.022060969
전자집적회로,8542,CA,캐나다,2026-01-01,19879892,12647276.0,57.18714448866302,-9.886587483985853,0.019879892
전자집적회로,8542,CA,캐나다,2026-02-01,25914806,4953625.0,423.1483206742537,30.356875178195143,0.025914806
전자집적회로,8542,CA,캐나다,2026-03-01,11867091,265727.0,4365.895825414806,-54.207293699208094,0.011867091
전자집적회로,8542,CA,캐나다,2026-04-01,28390958,6057156.0,368.71762919759703,139.24109118232937,0.028390958
전자집적회로,8542,CA,캐나다,2026-05-01,43776979,4897142.0,793.9291325430221,54.19338438667691,0.043776979
전자집적회로,8542,CA,캐나다,2026-06-01,32441619,7179171.0,351.8853082061982,-25.89342677118035,0.032441619
전자집적회로,8542,CA,캐나다,2026-07-01,4179337,11065764.0,-62.23182601761614,-87.11735995666554,0.004179337
전자집적회로,8542,KE,케냐,2025-04-01,960,,,,9.6e-07
전자집적회로,8542,KE,케냐,2026-03-01,141,,,-85.3125,1.41e-07
전자집적회로,8542,KE,케냐,2026-04-01,370,,,162.4113475177305,3.7e-07
전자집적회로,8542,KE,케냐,2026-07-01,0,,,-100.0,0.0
전자집적회로,8542,CR,코스타리카,2025-01-01,1189,,,,1.189e-06
전자집적회로,8542,CR,코스타리카,2025-02-01,198848,,,16623.969722455844,0.000198848
전자집적회로,8542,CR,코스타리카,2025-03-01,296093,,,48.904188123591894,0.000296093
전자집적회로,8542,CR,코스타리카,2025-04-01,67194,,,-77.30645439101905,6.7194e-05
전자집적회로,8542,CR,코스타리카,2025-05-01,299098,,,345.12605292139176,0.000299098
전자집적회로,8542,CR,코스타리카,2025-06-01,319442,,,6.801784030652169,0.000319442
전자집적회로,8542,CR,코스타리카,2025-07-01,430781,,,34.854214536598185,0.000430781
전자집적회로,8542,CR,코스타리카,2025-08-01,230614,,,-46.46606976630817,0.000230614
전자집적회로,8542,CR,코스타리카,2025-09-01,312268,,,35.40721725480673,0.000312268
전자집적회로,8542,CR,코스타리카,2025-10-01,159476,,,-48.92976545787593,0.000159476
전자집적회로,8542,CR,코스타리카,2025-11-01,93405,,,-41.430058441395566,9.3405e-05
전자집적회로,8542,CR,코스타리카,2025-12-01,66086,,,-29.24789893474653,6.6086e-05
전자집적회로,8542,CR,코스타리카,2026-01-01,2805,1189.0,135.9125315391085,-95.75553067215446,2.805e-06
전자집적회로,8542,CR,코스타리카,2026-02-01,36350,198848.0,-81.71970550370132,1195.9001782531195,3.635e-05
전자집적회로,8542,CR,코스타리카,2026-03-01,1633,296093.0,-99.44848409114704,-95.50756533700138,1.633e-06
전자집적회로,8542,CR,코스타리카,2026-04-01,0,67194.0,-100.0,-100.0,0.0
전자집적회로,8542,CR,코스타리카,2026-05-01,0,299098.0,-100.0,,0.0
전자집적회로,8542,CR,코스타리카,2026-06-01,0,319442.0,-100.0,,0.0
전자집적회로,8542,CR,코스타리카,2026-07-01,3874,430781.0,-99.10070314150346,inf,3.874e-06
전자집적회로,8542,CO,콜롬비아,2025-04-01,958,,,,9.58e-07
전자집적회로,8542,CO,콜롬비아,2025-09-01,1,,,-99.89561586638831,1e-09
전자집적회로,8542,CO,콜롬비아,2025-11-01,1213,,,121200.0,1.213e-06
전자집적회로,8542,CO,콜롬비아,2026-02-01,4,,,-99.67023907666942,4e-09
전자집적회로,8542,CO,콜롬비아,2026-04-01,465,,,11525.0,4.65e-07
전자집적회로,8542,CO,콜롬비아,2026-05-01,33,,,-92.90322580645162,3.3e-08
전자집적회로,8542,CU,쿠바,2025-06-01,0,,,,0.0
전자집적회로,8542,KW,쿠웨이트,2025-12-01,0,,,,0.0
전자집적회로,8542,KW,쿠웨이트,2026-01-01,0,,,,0.0
전자집적회로,8542,KW,쿠웨이트,2026-02-01,0,,,,0.0
전자집적회로,8542,CK,쿡 아일랜드,2026-04-01,467,,,,4.67e-07
전자집적회로,8542,HR,크로아티아,2025-02-01,8442,,,,8.442e-06
전자집적회로,8542,HR,크로아티아,2025-03-01,0,,,-100.0,0.0
전자집적회로,8542,HR,크로아티아,2025-04-01,24960,,,inf,2.496e-05
전자집적회로,8542,HR,크로아티아,2025-05-01,79810,,,219.75160256410254,7.981e-05
전자집적회로,8542,HR,크로아티아,2025-07-01,7920,,,-90.07643152487157,7.92e-06
전자집적회로,8542,HR,크로아티아,2025-09-01,0,,,-100.0,0.0
전자집적회로,8542,HR,크로아티아,2025-11-01,56940,,,inf,5.694e-05
전자집적회로,8542,HR,크로아티아,2025-12-01,0,,,-100.0,0.0
전자집적회로,8542,HR,크로아티아,2026-01-01,31680,,,inf,3.168e-05
전자집적회로,8542,HR,크로아티아,2026-02-01,0,,,-100.0,0.0
전자집적회로,8542,HR,크로아티아,2026-03-01,0,,,,0.0
전자집적회로,8542,HR,크로아티아,2026-04-01,98530,,,inf,9.853e-05
전자집적회로,8542,HR,크로아티아,2026-05-01,3500,8442.0,-58.540630182421225,-96.4477824012991,3.5e-06
전자집적회로,8542,HR,크로아티아,2026-06-01,0,0.0,,-100.0,0.0
전자집적회로,8542,HR,크로아티아,2026-07-01,22617,24960.0,-9.387019230769234,inf,2.2617e-05
전자집적회로,8542,CX,크리스마스 아일랜드,2025-05-01,0,,,,0.0
전자집적회로,8542,KG,키르기스스탄,2025-01-01,0,,,,0.0
전자집적회로,8542,KG,키르기스스탄,2026-01-01,0,,,,0.0
전자집적회로,8542,KG,키르기스스탄,2026-07-01,267,,,inf,2.67e-07
전자집적회로,8542,TJ,타지크,2025-05-01,0,,,,0.0
전자집적회로,8542,TZ,탄자니아,2025-05-01,125,,,,1.25e-07
전자집적회로,8542,TH,태국,2025-01-01,56975880,,,,0.05697588
전자집적회로,8542,TH,태국,2025-02-01,45125850,,,-20.798327292180485,0.04512585
전자집적회로,8542,TH,태국,2025-03-01,63063289,,,39.7498085908631,0.063063289
전자집적회로,8542,TH,태국,2025-04-01,64871778,,,2.8677365685763734,0.064871778
전자집적회로,8542,TH,태국,2025-05-01,56316339,,,-13.188229556464448,0.056316339
전자집적회로,8542,TH,태국,2025-06-01,71993871,,,27.83833657937176,0.071993871
전자집적회로,8542,TH,태국,2025-07-01,75098440,,,4.312268470742464,0.07509844
전자집적회로,8542,TH,태국,2025-08-01,59568738,,,-20.679127289461675,0.059568738
전자집적회로,8542,TH,태국,2025-09-01,93642735,,,57.20113963132809,0.093642735
전자집적회로,8542,TH,태국,2025-10-01,89971708,,,-3.9202475237400947,0.089971708
전자집적회로,8542,TH,태국,2025-11-01,176639351,,,96.3276622468921,0.176639351
전자집적회로,8542,TH,태국,2025-12-01,66757727,,,-62.20676388241485,0.066757727
전자집적회로,8542,TH,태국,2026-01-01,286381723,56975880.0,402.6367701560731,328.98662951780847,0.286381723
전자집적회로,8542,TH,태국,2026-02-01,132469601,45125850.0,193.55591307421358,-53.74369578745778,0.132469601
전자집적회로,8542,TH,태국,2026-03-01,184829435,63063289.0,193.0856254579427,39.52592414013536,0.184829435
전자집적회로,8542,TH,태국,2026-04-01,263054787,64871778.0,305.49957949356656,42.32299471131316,0.263054787
전자집적회로,8542,TH,태국,2026-05-01,118161202,56316339.0,109.81690944079303,-55.08114360982908,0.118161202
전자집적회로,8542,TH,태국,2026-06-01,146336914,71993871.0,103.26301665318147,23.845146734373944,0.146336914
전자집적회로,8542,TH,태국,2026-07-01,257813196,75098440.0,243.3003348671424,76.17782755757716,0.257813196
전자집적회로,8542,TM,투르크멘,2025-01-01,0,,,,0.0
전자집적회로,8542,TN,튀니지,2025-03-01,0,,,,0.0
전자집적회로,8542,TN,튀니지,2025-04-01,204,,,inf,2.04e-07
전자집적회로,8542,TN,튀니지,2025-05-01,0,,,-100.0,0.0
전자집적회로,8542,TN,튀니지,2025-06-01,0,,,,0.0
전자집적회로,8542,TN,튀니지,2025-07-01,76,,,inf,7.6e-08
전자집적회로,8542,TN,튀니지,2025-08-01,372000,,,489373.68421052635,0.000372
전자집적회로,8542,TN,튀니지,2025-09-01,0,,,-100.0,0.0
전자집적회로,8542,TN,튀니지,2026-05-01,0,,,,0.0
전자집적회로,8542,TN,튀니지,2026-06-01,56904,,,inf,5.6904e-05
전자집적회로,8542,TN,튀니지,2026-07-01,367281,,,545.4396878954028,0.000367281
전자집적회로,8542,TR,튀르키예,2025-01-01,4584121,,,,0.004584121
전자집적회로,8542,TR,튀르키예,2025-02-01,13181248,,,187.5414501493307,0.013181248
전자집적회로,8542,TR,튀르키예,2025-03-01,11393039,,,-13.566310261365233,0.011393039
전자집적회로,8542,TR,튀르키예,2025-04-01,8036795,,,-29.458724752895172,0.008036795
전자집적회로,8542,TR,튀르키예,2025-05-01,8040922,,,0.051351316040793016,0.008040922
전자집적회로,8542,TR,튀르키예,2025-06-01,9430087,,,17.276190466715136,0.009430087
전자집적회로,8542,TR,튀르키예,2025-07-01,11611852,,,23.136212847240966,0.011611852
전자집적회로,8542,TR,튀르키예,2025-08-01,7767362,,,-33.10832759494351,0.007767362
전자집적회로,8542,TR,튀르키예,2025-09-01,7637094,,,-1.6771202372182437,0.007637094
전자집적회로,8542,TR,튀르키예,2025-10-01,10623207,,,39.10012106699223,0.010623207
전자집적회로,8542,TR,튀르키예,2025-11-01,14502144,,,36.51380416478753,0.014502144
전자집적회로,8542,TR,튀르키예,2025-12-01,16632959,,,14.693103309414113,0.016632959
전자집적회로,8542,TR,튀르키예,2026-01-01,8612516,4584121.0,87.87715245736314,-48.22018138805008,0.008612516
전자집적회로,8542,TR,튀르키예,2026-02-01,7914527,13181248.0,-39.95616348315425,-8.104356496986476,0.007914527
전자집적회로,8542,TR,튀르키예,2026-03-01,11220009,11393039.0,-1.5187343780706852,41.76474475353991,0.011220009
전자집적회로,8542,TR,튀르키예,2026-04-01,15182621,8036795.0,88.91387673817735,35.31736917501582,0.015182621
전자집적회로,8542,TR,튀르키예,2026-05-01,15635829,8040922.0,94.45318584112619,2.985044545339033,0.015635829
전자집적회로,8542,TR,튀르키예,2026-06-01,17057504,9430087.0,80.88384550428856,9.092418444842298,0.017057504
전자집적회로,8542,TR,튀르키예,2026-07-01,27916809,11611852.0,140.4165072031576,63.66291926415495,0.027916809
전자집적회로,8542,TT,트리니다드 토바고,2025-08-01,0,,,,0.0
전자집적회로,8542,TT,트리니다드 토바고,2025-10-01,70617,,,inf,7.0617e-05
전자집적회로,8542,TT,트리니다드 토바고,2026-04-01,0,,,-100.0,0.0
전자집적회로,8542,TT,트리니다드 토바고,2026-05-01,0,,,,0.0
전자집적회로,8542,TL,티모르,2025-01-01,0,,,,0.0
전자집적회로,8542,PA,파나마,2025-04-01,280,,,,2.8e-07
전자집적회로,8542,PA,파나마,2025-05-01,450,,,60.71428571428572,4.5e-07
전자집적회로,8542,PA,파나마,2025-06-01,1,,,-99.77777777777777,1e-09
전자집적회로,8542,PA,파나마,2026-01-01,15,,,1400.0,1.5e-08
전자집적회로,8542,PA,파나마,2026-04-01,144,,,860.0,1.44e-07
전자집적회로,8542,PY,파라과이,2026-01-01,665,,,,6.65e-07
전자집적회로,8542,PK,파키스탄,2025-04-01,492,,,,4.92e-07
전자집적회로,8542,PK,파키스탄,2025-05-01,225,,,-54.268292682926834,2.25e-07
전자집적회로,8542,PK,파키스탄,2025-09-01,215515,,,95684.44444444444,0.000215515
전자집적회로,8542,PK,파키스탄,2025-10-01,227413,,,5.520729415585923,0.000227413
전자집적회로,8542,PK,파키스탄,2025-11-01,258578,,,13.704141803678759,0.000258578
전자집적회로,8542,PK,파키스탄,2025-12-01,108825,,,-57.91405301301735,0.000108825
전자집적회로,8542,PK,파키스탄,2026-02-01,121161,,,11.335630599586487,0.000121161
전자집적회로,8542,PK,파키스탄,2026-03-01,48081,,,-60.31643845791963,4.8081e-05
전자집적회로,8542,PK,파키스탄,2026-04-01,187226,,,289.3970591293858,0.000187226
전자집적회로,8542,PK,파키스탄,2026-05-01,10928,,,-94.16320382852808,1.0928e-05
전자집적회로,8542,PK,파키스탄,2026-06-01,252076,,,2206.6983894582722,0.000252076
전자집적회로,8542,PG,파푸아 뉴기니,2025-02-01,0,,,,0.0
전자집적회로,8542,PG,파푸아 뉴기니,2025-06-01,0,,,,0.0
전자집적회로,8542,PE,페루,2026-01-01,5,,,,5e-09
전자집적회로,8542,PE,페루,2026-03-01,854,,,16980.0,8.54e-07
전자집적회로,8542,PE,페루,2026-04-01,327,,,-61.7096018735363,3.27e-07
전자집적회로,8542,PT,포루투갈,2025-01-01,7027640,,,,0.00702764
전자집적회로,8542,PT,포루투갈,2025-02-01,9470647,,,34.76283645718905,0.009470647
전자집적회로,8542,PT,포루투갈,2025-03-01,14646551,,,54.652063370116096,0.014646551
전자집적회로,8542,PT,포루투갈,2025-04-01,12401563,,,-15.327758733096964,0.012401563
전자집적회로,8542,PT,포루투갈,2025-05-01,10063340,,,-18.854260547642266,0.01006334
전자집적회로,8542,PT,포루투갈,2025-06-01,14412190,,,43.2147775986899,0.01441219
전자집적회로,8542,PT,포루투갈,2025-07-01,7983567,,,-44.605455520639126,0.007983567
전자집적회로,8542,PT,포루투갈,2025-08-01,8037548,,,0.6761513994934853,0.008037548
전자집적회로,8542,PT,포루투갈,2025-09-01,11035300,,,37.296847247444134,0.0110353
전자집적회로,8542,PT,포루투갈,2025-10-01,8301090,,,-24.776943082652934,0.00830109
전자집적회로,8542,PT,포루투갈,2025-11-01,17290353,,,108.29015225711322,0.017290353
전자집적회로,8542,PT,포루투갈,2025-12-01,7706591,,,-55.42837673701631,0.007706591
전자집적회로,8542,PT,포루투갈,2026-01-01,10027012,7027640.0,42.679647790723486,30.10956465705783,0.010027012
전자집적회로,8542,PT,포루투갈,2026-02-01,10235163,9470647.0,8.072479103064456,2.0759025719725877,0.010235163
전자집적회로,8542,PT,포루투갈,2026-03-01,11822216,14646551.0,-19.283276998113752,15.505888865668283,0.011822216
전자집적회로,8542,PT,포루투갈,2026-04-01,10647678,12401563.0,-14.142451237799625,-9.935007108650362,0.010647678
전자집적회로,8542,PT,포루투갈,2026-05-01,9181956,10063340.0,-8.758364519135798,-13.765649186611395,0.009181956
전자집적회로,8542,PT,포루투갈,2026-06-01,10820575,14412190.0,-24.920674789882735,17.846077676695458,0.010820575
전자집적회로,8542,PT,포루투갈,2026-07-01,7443918,7983567.0,-6.759497352499199,-31.20589247798754,0.007443918
전자집적회로,8542,PL,폴란드,2025-01-01,25414891,,,,0.025414891
전자집적회로,8542,PL,폴란드,2025-02-01,30807908,,,21.219910012598508,0.030807908
전자집적회로,8542,PL,폴란드,2025-03-01,40660638,,,31.98117184717637,0.040660638
전자집적회로,8542,PL,폴란드,2025-04-01,48676546,,,19.71417172549039,0.048676546
전자집적회로,8542,PL,폴란드,2025-05-01,38373219,,,-21.16692297764924,0.038373219
전자집적회로,8542,PL,폴란드,2025-06-01,33880095,,,-11.70900986961766,0.033880095
전자집적회로,8542,PL,폴란드,2025-07-01,32569163,,,-3.8693279933246894,0.032569163
전자집적회로,8542,PL,폴란드,2025-08-01,39512129,,,21.31760647333798,0.039512129
전자집적회로,8542,PL,폴란드,2025-09-01,43840237,,,10.953871911078238,0.043840237
전자집적회로,8542,PL,폴란드,2025-10-01,42705007,,,-2.589470490316925,0.042705007
전자집적회로,8542,PL,폴란드,2025-11-01,31689522,,,-25.794364112854495,0.031689522
전자집적회로,8542,PL,폴란드,2025-12-01,36893896,,,16.423011997467185,0.036893896
전자집적회로,8542,PL,폴란드,2026-01-01,24594999,25414891.0,-3.2260299680215043,-33.335858592977004,0.024594999
전자집적회로,8542,PL,폴란드,2026-02-01,28963326,30807908.0,-5.987365321916693,17.761037518236943,0.028963326
전자집적회로,8542,PL,폴란드,2026-03-01,31480646,40660638.0,-22.57709778188921,8.69140512384523,0.031480646
전자집적회로,8542,PL,폴란드,2026-04-01,28467121,48676546.0,-41.51778764253322,-9.572627575685711,0.028467121
전자집적회로,8542,PL,폴란드,2026-05-01,28720466,38373219.0,-25.15492119647299,0.8899565221224925,0.028720466
전자집적회로,8542,PL,폴란드,2026-06-01,26303424,33880095.0,-22.363192901318605,-8.415747850330845,0.026303424
전자집적회로,8542,PL,폴란드,2026-07-01,27563702,32569163.0,-15.36871242285226,4.791307778029208,0.027563702
전자집적회로,8542,PR,푸에르토리코,2025-01-01,954,,,,9.54e-07
전자집적회로,8542,PR,푸에르토리코,2025-02-01,3884,,,307.12788259958074,3.884e-06
전자집적회로,8542,PR,푸에르토리코,2025-08-01,119,,,-96.9361483007209,1.19e-07
전자집적회로,8542,PR,푸에르토리코,2025-11-01,0,,,-100.0,0.0
전자집적회로,8542,PR,푸에르토리코,2026-02-01,7473,,,inf,7.473e-06
전자집적회로,8542,PR,푸에르토리코,2026-03-01,0,,,-100.0,0.0
전자집적회로,8542,PR,푸에르토리코,2026-05-01,25,,,inf,2.5e-08
전자집적회로,8542,PR,푸에르토리코,2026-07-01,64613,,,258352.0,6.4613e-05
전자집적회로,8542,FR,프랑스,2025-01-01,13550731,,,,0.013550731
전자집적회로,8542,FR,프랑스,2025-02-01,15306115,,,12.954164612964414,0.015306115
전자집적회로,8542,FR,프랑스,2025-03-01,12667690,,,-17.237718389022948,0.01266769
전자집적회로,8542,FR,프랑스,2025-04-01,12177063,,,-3.8730581503020667,0.012177063
전자집적회로,8542,FR,프랑스,2025-05-01,13805176,,,13.370325833084706,0.013805176
전자집적회로,8542,FR,프랑스,2025-06-01,8102247,,,-41.31007819096257,0.008102247
전자집적회로,8542,FR,프랑스,2025-07-01,10232755,,,26.29527339761426,0.010232755
전자집적회로,8542,FR,프랑스,2025-08-01,10711490,,,4.678456583784141,0.01071149
전자집적회로,8542,FR,프랑스,2025-09-01,15847977,,,47.95305788457067,0.015847977
전자집적회로,8542,FR,프랑스,2025-10-01,13723012,,,-13.408430615465939,0.013723012
전자집적회로,8542,FR,프랑스,2025-11-01,14496672,,,5.637683622225209,0.014496672
전자집적회로,8542,FR,프랑스,2025-12-01,19154384,,,32.12952600431327,0.019154384
전자집적회로,8542,FR,프랑스,2026-01-01,16807863,13550731.0,24.03657780528592,-12.250568851496347,0.016807863
전자집적회로,8542,FR,프랑스,2026-02-01,13149039,15306115.0,-14.092903391879652,-21.768525838174668,0.013149039
전자집적회로,8542,FR,프랑스,2026-03-01,17937870,12667690.0,41.60332309994956,36.41962732029314,0.01793787
전자집적회로,8542,FR,프랑스,2026-04-01,15288096,12177063.0,25.548303396311578,-14.771954529718412,0.015288096
전자집적회로,8542,FR,프랑스,2026-05-01,9062858,13805176.0,-34.35173879710045,-40.719511442105016,0.009062858
전자집적회로,8542,FR,프랑스,2026-06-01,11490745,8102247.0,41.821706990665675,26.789418966952816,0.011490745
전자집적회로,8542,FR,프랑스,2026-07-01,11719969,10232755.0,14.533857206588063,1.9948576006168395,0.011719969
전자집적회로,8542,PN,피트카이른,2025-01-01,0,,,,0.0
전자집적회로,8542,PN,피트카이른,2025-06-01,4419,,,inf,4.419e-06
전자집적회로,8542,FI,핀란드,2025-01-01,101035,,,,0.000101035
전자집적회로,8542,FI,핀란드,2025-02-01,142361,,,40.902657494927496,0.000142361
전자집적회로,8542,FI,핀란드,2025-03-01,227496,,,59.802193016345775,0.000227496
전자집적회로,8542,FI,핀란드,2025-04-01,295450,,,29.870415304005338,0.00029545
전자집적회로,8542,FI,핀란드,2025-05-01,268737,,,-9.041462176341176,0.000268737
전자집적회로,8542,FI,핀란드,2025-06-01,182169,,,-32.21290704294534,0.000182169
전자집적회로,8542,FI,핀란드,2025-07-01,76556,,,-57.97528668434255,7.6556e-05
전자집적회로,8542,FI,핀란드,2025-08-01,276617,,,261.326349339046,0.000276617
전자집적회로,8542,FI,핀란드,2025-09-01,213522,,,-22.809516407162246,0.000213522
전자집적회로,8542,FI,핀란드,2025-10-01,139541,,,-34.64795196747876,0.000139541
전자집적회로,8542,FI,핀란드,2025-11-01,277675,,,98.99169419740434,0.000277675
전자집적회로,8542,FI,핀란드,2025-12-01,330028,,,18.854056000720277,0.000330028
전자집적회로,8542,FI,핀란드,2026-01-01,246568,101035.0,144.04216360667098,-25.2887633776528,0.000246568
전자집적회로,8542,FI,핀란드,2026-02-01,292299,142361.0,105.32238464186116,18.547013399954572,0.000292299
전자집적회로,8542,FI,핀란드,2026-03-01,271542,227496.0,19.361219537925933,-7.101290117311388,0.000271542
전자집적회로,8542,FI,핀란드,2026-04-01,2996145,295450.0,914.0954476222712,1003.3817972910268,0.002996145
전자집적회로,8542,FI,핀란드,2026-05-01,310522,268737.0,15.548659097928464,-89.63594886095298,0.000310522
전자집적회로,8542,FI,핀란드,2026-06-01,278605,182169.0,52.93765679122133,-10.278498785915325,0.000278605
전자집적회로,8542,FI,핀란드,2026-07-01,376745,76556.0,392.11688175975763,35.22549846556953,0.000376745
전자집적회로,8542,PH,필리핀,2025-01-01,134948638,,,,0.134948638
전자집적회로,8542,PH,필리핀,2025-02-01,122373265,,,-9.318636472640796,0.122373265
전자집적회로,8542,PH,필리핀,2025-03-01,134661108,,,10.041280666982288,0.134661108
전자집적회로,8542,PH,필리핀,2025-04-01,137862506,,,2.377373873977029,0.137862506
전자집적회로,8542,PH,필리핀,2025-05-01,204172904,,,48.09893561633067,0.204172904
전자집적회로,8542,PH,필리핀,2025-06-01,205843763,,,0.8183549174576088,0.205843763
전자집적회로,8542,PH,필리핀,2025-07-01,221420145,,,7.567089608636812,0.221420145
전자집적회로,8542,PH,필리핀,2025-08-01,284542835,,,28.50810616170447,0.284542835
전자집적회로,8542,PH,필리핀,2025-09-01,215376648,,,-24.307829434538387,0.215376648
전자집적회로,8542,PH,필리핀,2025-10-01,175979865,,,-18.292040184412194,0.175979865
전자집적회로,8542,PH,필리핀,2025-11-01,442151005,,,151.2509058919894,0.442151005
전자집적회로,8542,PH,필리핀,2025-12-01,432318169,,,-2.2238637679903084,0.432318169
전자집적회로,8542,PH,필리핀,2026-01-01,479288849,134948638.0,255.16390243227204,10.864840612331506,0.479288849
전자집적회로,8542,PH,필리핀,2026-02-01,454263867,122373265.0,271.2116915406319,-5.221273570668861,0.454263867
전자집적회로,8542,PH,필리핀,2026-03-01,784906897,134661108.0,482.87571568176907,72.78655733364768,0.784906897
전자집적회로,8542,PH,필리핀,2026-04-01,650052578,137862506.0,371.5223862244315,-17.180931842416967,0.650052578
전자집적회로,8542,PH,필리핀,2026-05-01,985012759,204172904.0,382.440490242525,51.52816746463238,0.985012759
전자집적회로,8542,PH,필리핀,2026-06-01,1142993451,205843763.0,455.27232612823934,16.038441183278106,1.142993451
전자집적회로,8542,PH,필리핀,2026-07-01,949245195,221420145.0,328.7076927891994,-16.95095066647062,0.949245195
전자집적회로,8542,HU,헝가리,2025-01-01,1720737,,,,0.001720737
전자집적회로,8542,HU,헝가리,2025-02-01,3126347,,,81.68650990825444,0.003126347
전자집적회로,8542,HU,헝가리,2025-03-01,2812005,,,-10.054610060879355,0.002812005
전자집적회로,8542,HU,헝가리,2025-04-01,3442637,,,22.426418160707406,0.003442637
전자집적회로,8542,HU,헝가리,2025-05-01,3526391,,,2.4328443573923053,0.003526391
전자집적회로,8542,HU,헝가리,2025-06-01,1284590,,,-63.5721053053958,0.00128459
전자집적회로,8542,HU,헝가리,2025-07-01,959578,,,-25.300835285966727,0.000959578
전자집적회로,8542,HU,헝가리,2025-08-01,2515983,,,162.19681985205997,0.002515983
전자집적회로,8542,HU,헝가리,2025-09-01,2761933,,,9.775503252605432,0.002761933
전자집적회로,8542,HU,헝가리,2025-10-01,1443827,,,-47.72403964904289,0.001443827
전자집적회로,8542,HU,헝가리,2025-11-01,3064952,,,112.27972603365916,0.003064952
전자집적회로,8542,HU,헝가리,2025-12-01,2191800,,,-28.48827648850618,0.0021918
전자집적회로,8542,HU,헝가리,2026-01-01,2847521,1720737.0,65.48263912497958,29.917008851172543,0.002847521
전자집적회로,8542,HU,헝가리,2026-02-01,7680610,3126347.0,145.67362484074863,169.72970524185774,0.00768061
전자집적회로,8542,HU,헝가리,2026-03-01,10378988,2812005.0,269.09564527801336,35.132339749056385,0.010378988
전자집적회로,8542,HU,헝가리,2026-04-01,27952345,3442637.0,711.9457555356547,169.31667133635764,0.027952345
전자집적회로,8542,HU,헝가리,2026-05-01,14032117,3526391.0,297.91721904916386,-49.799857579033166,0.014032117
전자집적회로,8542,HU,헝가리,2026-06-01,5069263,1284590.0,294.6210853268358,-63.873854529576676,0.005069263
전자집적회로,8542,HU,헝가리,2026-07-01,4967827,959578.0,417.7095556588417,-2.001000934455366,0.004967827
전자집적회로,8542,AU,호주,2025-01-01,490837,,,,0.000490837
전자집적회로,8542,AU,호주,2025-02-01,1441438,,,193.6693851523011,0.001441438
전자집적회로,8542,AU,호주,2025-03-01,20369,,,-98.58689725121718,2.0369e-05
전자집적회로,8542,AU,호주,2025-04-01,1181624,,,5701.0898915017915,0.001181624
전자집적회로,8542,AU,호주,2025-05-01,45569,,,-96.14352789042877,4.5569e-05
전자집적회로,8542,AU,호주,2025-06-01,594600,,,1204.834426913033,0.0005946
전자집적회로,8542,AU,호주,2025-07-01,23942,,,-95.97342751429532,2.3942e-05
전자집적회로,8542,AU,호주,2025-08-01,614247,,,2465.5626096399633,0.000614247
전자집적회로,8542,AU,호주,2025-09-01,455491,,,-25.845628875680305,0.000455491
전자집적회로,8542,AU,호주,2025-10-01,90801,,,-80.06524827054761,9.0801e-05
전자집적회로,8542,AU,호주,2025-11-01,1169022,,,1187.4549839759475,0.001169022
전자집적회로,8542,AU,호주,2025-12-01,25806,,,-97.79251374225635,2.5806e-05
전자집적회로,8542,AU,호주,2026-01-01,1029241,490837.0,109.69099721496138,3888.3786716267537,0.001029241
전자집적회로,8542,AU,호주,2026-02-01,5847,1441438.0,-99.59436340654263,-99.43191147651522,5.847e-06
전자집적회로,8542,AU,호주,2026-03-01,157879,20369.0,675.0945063577004,2600.171027877544,0.000157879
전자집적회로,8542,AU,호주,2026-04-01,7684,1181624.0,-99.34970853672573,-95.13298158716485,7.684e-06
전자집적회로,8542,AU,호주,2026-05-01,62026,45569.0,36.11446378020145,707.209786569495,6.2026e-05
전자집적회로,8542,AU,호주,2026-06-01,1600755,594600.0,169.21543895055498,2480.7806403766162,0.001600755
전자집적회로,8542,AU,호주,2026-07-01,13053,23942.0,-45.480745134074006,-99.18457227995539,1.3053e-05
전자집적회로,8542,HK,홍콩,2025-01-01,931117047,,,,0.931117047
전자집적회로,8542,HK,홍콩,2025-02-01,951025455,,,2.138120880091665,0.951025455
전자집적회로,8542,HK,홍콩,2025-03-01,1385373223,,,45.67151864510293,1.385373223
전자집적회로,8542,HK,홍콩,2025-04-01,1239074352,,,-10.560249654832543,1.239074352
전자집적회로,8542,HK,홍콩,2025-05-01,1585354741,,,27.94669976350217,1.585354741
전자집적회로,8542,HK,홍콩,2025-06-01,1922353302,,,21.25698131053182,1.922353302
전자집적회로,8542,HK,홍콩,2025-07-01,1496602044,,,-22.147399104891484,1.496602044
전자집적회로,8542,HK,홍콩,2025-08-01,1725066898,,,15.265571426681813,1.725066898
전자집적회로,8542,HK,홍콩,2025-09-01,2158474340,,,25.124094752643032,2.15847434
전자집적회로,8542,HK,홍콩,2025-10-01,1590299369,,,-26.32298936664681,1.590299369
전자집적회로,8542,HK,홍콩,2025-11-01,2040168540,,,28.288332358635305,2.04016854
전자집적회로,8542,HK,홍콩,2025-12-01,2879784567,,,41.15424831519066,2.879784567
전자집적회로,8542,HK,홍콩,2026-01-01,2577322879,931117047.0,176.79902191716616,-10.502927596250288,2.577322879
전자집적회로,8542,HK,홍콩,2026-02-01,3225908253,951025455.0,239.2031449883747,25.165080374083782,3.225908253
전자집적회로,8542,HK,홍콩,2026-03-01,5213451322,1385373223.0,276.3210689687194,61.611890764458145,5.213451322
전자집적회로,8542,HK,홍콩,2026-04-01,3555447227,1239074352.0,186.94381586231071,-31.802427846663996,3.555447227
전자집적회로,8542,HK,홍콩,2026-05-01,4320511088,1585354741.0,172.52645583125044,21.518076690609256,4.320511088
전자집적회로,8542,HK,홍콩,2026-06-01,6110395727,1922353302.0,217.86018317459107,41.4276135981068,6.110395727
전자집적회로,8542,HK,홍콩,2026-07-01,4368675552,1496602044.0,191.90629329382367,-28.504212375376326,4.368675552
