기준값,HS_raw,수출액_USD,수입액_USD
2026.07,0101211000,1145.0,0.0
2026.07,0101291000,75066.0,281995.0
2026.07,0101299000,0.0,1591935.0
2026.07,0102212000,658.0,0.0
2026.07,0105111000,0.0,6631945.0
2026.07,0106149000,474.0,61505.0
2026.07,0106191000,234908.0,241655.0
2026.07,0106199000,20208.0,1131879.0
2026.07,0106201000,4931.0,13600.0
2026.07,0106202000,0.0,16759.0
2026.07,0106203000,18132.0,84738.0
2026.07,0106209000,94219.0,86249.0
2026.07,0106320000,187.0,23501.0
2026.07,0106490000,0.0,35479.0
2026.07,0106901000,0.0,11556.0
2026.07,0106903010,0.0,585124.0
2026.07,0106903090,0.0,18000.0
2026.07,0106909000,0.0,8314.0
2026.07,0201201000,19216.0,9964105.0
2026.07,0201209000,819.0,1619201.0
2026.07,0201300000,321014.0,133300125.0
2026.07,0202100000,0.0,0.0
2026.07,0202201000,1228.0,70162960.0
2026.07,0202209000,12278.0,2048222.0
2026.07,0202300000,48451.0,172248004.0
2026.07,0203191000,0.0,13107106.0
2026.07,0203199000,31055.0,8055687.0
2026.07,0203291000,14918.0,73278951.0
2026.07,0203299000,7064.0,92380029.0
2026.07,0204220000,0.0,6220052.0
2026.07,0204230000,0.0,276169.0
2026.07,0204420000,0.0,8407990.0
2026.07,0204430000,0.0,4642978.0
2026.07,0204500000,0.0,4044971.0
2026.07,0206100000,0.0,4323722.0
2026.07,0206210000,0.0,132041.0
2026.07,0206220000,0.0,25256.0
2026.07,0206291000,0.0,1443531.0
2026.07,0206299000,0.0,8916705.0
2026.07,0206300000,0.0,266.0
2026.07,0206491000,0.0,996087.0
2026.07,0206499000,0.0,2810218.0
2026.07,0206800000,0.0,19.0
2026.07,0206900000,0.0,72071.0
2026.07,0207120000,4299249.0,139356.0
2026.07,0207141010,983880.0,78458083.0
2026.07,0207141020,0.0,366012.0
2026.07,0207141030,67162.0,5359993.0
2026.07,0207141090,501708.0,0.0
2026.07,0207142010,0.0,5865.0
2026.07,0207142090,0.0,1156814.0
2026.07,0207271000,0.0,130518.0
2026.07,0207451000,0.0,144095.0
2026.07,0208500000,0.0,1375.0
2026.07,0208909090,0.0,46760.0
2026.07,0209100000,0.0,2351018.0
2026.07,0210110000,10521.0,54661.0
2026.07,0210120000,0.0,1193973.0
2026.07,0210190000,612.0,464439.0
2026.07,0210999090,494.0,17.0
2026.07,0301111000,0.0,2167.0
2026.07,0301119000,3900.0,356513.0
2026.07,0301190000,0.0,69559.0
2026.07,0301921000,0.0,6501.0
2026.07,0301922000,0.0,38579.0
2026.07,0301929090,0.0,221234.0
2026.07,0301931000,0.0,42603.0
2026.07,0301939000,0.0,455089.0
2026.07,0301950000,0.0,38.0
2026.07,0301992000,0.0,1391230.0
2026.07,0301994091,0.0,4174628.0
2026.07,0301994099,14925.0,615756.0
2026.07,0301995000,1065868.0,0.0
2026.07,0301996000,136538.0,0.0
2026.07,0301997000,0.0,679594.0
2026.07,0301998000,2952235.0,124370.0
2026.07,0301999010,0.0,67222.0
2026.07,0301999020,0.0,281573.0
2026.07,0301999040,221.0,0.0
2026.07,0301999059,0.0,3072762.0
2026.07,0301999070,6710.0,2011593.0
2026.07,0301999095,715.0,2486940.0
2026.07,0301999099,114323.0,2649864.0
2026.07,0302110000,0.0,170.0
2026.07,0302140000,29476.0,21477086.0
2026.07,0302210000,167811.0,0.0
2026.07,0302230000,105.0,0.0
2026.07,0302290000,311521.0,0.0
2026.07,0302320000,0.0,306.0
2026.07,0302340000,0.0,919.0
2026.07,0302351000,0.0,203614.0
2026.07,0302352000,1110.0,42705.0
2026.07,0302360000,50287.0,0.0
2026.07,0302390000,781.0,0.0
2026.07,0302410000,401081.0,0.0
2026.07,0302440000,22268.0,0.0
2026.07,0302450000,48822.0,0.0
2026.07,0302491000,980128.0,0.0
2026.07,0302492000,1547847.0,0.0
2026.07,0302550000,0.0,144310.0
2026.07,0302720000,77.0,0.0
2026.07,0302740000,39341.0,0.0
2026.07,0302820000,67481.0,257750.0
2026.07,0302840000,18591.0,7834.0
2026.07,0302850000,891.0,0.0
2026.07,0302891000,2383.0,0.0
2026.07,0302892000,504225.0,0.0
2026.07,0302893000,28818.0,0.0
2026.07,0302896000,83520.0,0.0
2026.07,0302899040,784.0,0.0
2026.07,0302899090,3396067.0,20.0
2026.07,0302911000,111.0,0.0
2026.07,0302990000,0.0,1681.0
2026.07,0303120000,238423.0,2736729.0
2026.07,0303130000,0.0,315283.0
2026.07,0303140000,0.0,20803.0
2026.07,0303230000,0.0,91606.0
2026.07,0303240000,0.0,343285.0
2026.07,0303250000,0.0,19807.0
2026.07,0303260000,25532.0,0.0
2026.07,0303290000,2680.0,50382.0
2026.07,0303310000,4508.0,0.0
2026.07,0303320000,967.0,0.0
2026.07,0303330000,3847.0,34457.0
2026.07,0303391000,198526.0,5342929.0
2026.07,0303399000,18828.0,1699976.0
2026.07,0303410000,414513.0,215619.0
2026.07,0303420000,7342391.0,1531062.0
2026.07,0303430000,11462398.0,405.0
2026.07,0303440000,3413307.0,2474508.0
2026.07,0303451000,0.0,608623.0
2026.07,0303452000,980824.0,53056.0
2026.07,0303460000,209478.0,20770.0
2026.07,0303490000,2739.0,15.0
2026.07,0303510000,3201151.0,2760500.0
2026.07,0303530000,2880407.0,291600.0
2026.07,0303540000,18348180.0,6971321.0
2026.07,0303550000,1466549.0,155471.0
2026.07,0303570000,1214285.0,2821928.0
2026.07,0303591000,5465365.0,2178639.0
2026.07,0303592000,78024.0,1106343.0
2026.07,0303599000,483033.0,940273.0
2026.07,0303630000,7244549.0,7196592.0
2026.07,0303660000,1035863.0,222140.0
2026.07,0303670000,2114161.0,1345055.0
2026.07,0303680000,0.0,128961.0
2026.07,0303699000,0.0,296.0
2026.07,0303810000,0.0,244357.0
2026.07,0303821000,159696.0,159177.0
2026.07,0303822000,146329.0,1814479.0
2026.07,0303830000,12544967.0,5331305.0
2026.07,0303891000,4788.0,353758.0
2026.07,0303892000,1032736.0,3252494.0
2026.07,0303893010,212.0,0.0
2026.07,0303893020,0.0,12027.0
2026.07,0303893090,62264.0,373109.0
2026.07,0303894000,193190.0,72879.0
2026.07,0303895010,7091.0,507605.0
2026.07,0303895020,5590.0,3074406.0
2026.07,0303895090,24873.0,27094.0
2026.07,0303896000,8019.0,0.0
2026.07,0303898000,61284.0,203371.0
2026.07,0303899010,148.0,0.0
2026.07,0303899020,0.0,37425.0
2026.07,0303899030,113160.0,0.0
2026.07,0303899040,1259568.0,4048665.0
2026.07,0303899050,1690074.0,2803975.0
2026.07,0303899060,225425.0,2144345.0
2026.07,0303899070,0.0,234614.0
2026.07,0303899080,0.0,199410.0
2026.07,0303899091,61934.0,5409347.0
2026.07,0303899092,951.0,1893478.0
2026.07,0303899099,6146231.0,3919950.0
2026.07,0303911000,812.0,2448.0
2026.07,0303912010,2219353.0,5436163.0
2026.07,0303912090,412468.0,1323697.0
2026.07,0303990000,250407.0,640909.0
2026.07,0304390000,55713.0,141002.0
2026.07,0304410000,12645.0,14120852.0
2026.07,0304439000,23633.0,0.0
2026.07,0304480000,30.0,0.0
2026.07,0304491000,611603.0,0.0
2026.07,0304492000,0.0,17911.0
2026.07,0304499000,12533.0,76587.0
2026.07,0304519000,129.0,0.0
2026.07,0304591000,541.0,0.0
2026.07,0304599090,1340.0,0.0
2026.07,0304610000,1890.0,238483.0
2026.07,0304620000,0.0,535206.0
2026.07,0304690000,0.0,620380.0
2026.07,0304710000,0.0,220269.0
2026.07,0304740000,0.0,164324.0
2026.07,0304750000,218005.0,4941530.0
2026.07,0304790000,0.0,3290.0
2026.07,0304810000,0.0,670481.0
2026.07,0304831000,26071.0,1073442.0
2026.07,0304839000,1605.0,13845.0
2026.07,0304840000,1171565.0,240366.0
2026.07,0304860000,0.0,31350.0
2026.07,0304871000,5399789.0,9382913.0
2026.07,0304879000,21291583.0,1453677.0
2026.07,0304881000,0.0,475.0
2026.07,0304891000,86675.0,233568.0
2026.07,0304893000,0.0,6004.0
2026.07,0304894000,0.0,46207.0
2026.07,0304895000,167043.0,4387737.0
2026.07,0304899000,1326028.0,3961361.0
2026.07,0304919000,8744.0,0.0
2026.07,0304931000,0.0,49585.0
2026.07,0304939000,0.0,71805.0
2026.07,0304941000,3283216.0,6325334.0
2026.07,0304949000,3789.0,0.0
2026.07,0304951000,0.0,465.0
2026.07,0304991000,0.0,12204401.0
2026.07,0304999000,159730.0,178702.0
2026.07,0305202000,0.0,260.0
2026.07,0305203000,0.0,68.0
2026.07,0305204010,59003.0,0.0
2026.07,0305204090,9.0,5155.0
2026.07,0305311000,0.0,2.0
2026.07,0305321000,0.0,27890.0
2026.07,0305391000,835.0,1140.0
2026.07,0305392000,4509.0,978.0
2026.07,0305410000,0.0,44870.0
2026.07,0305420000,972.0,0.0
2026.07,0305491000,123.0,8.0
2026.07,0305492000,0.0,10.0
2026.07,0305499000,0.0,1281957.0
2026.07,0305510000,1293.0,50998.0
2026.07,0305520000,0.0,15292.0
2026.07,0305531000,376020.0,6351887.0
2026.07,0305539000,42.0,2477.0
2026.07,0305541000,1060897.0,3874.0
2026.07,0305549000,25300.0,28.0
2026.07,0305594000,161320.0,0.0
2026.07,0305598000,0.0,19.0
2026.07,0305599000,222979.0,229247.0
2026.07,0305631000,24849.0,2053.0
2026.07,0305693000,18938.0,0.0
2026.07,0305695000,188868.0,0.0
2026.07,0305699000,18423.0,255254.0
2026.07,0305712000,1310.0,48467.0
2026.07,0305720000,1046.0,84941.0
2026.07,0305790000,44930.0,277230.0
2026.07,0306119000,0.0,3.0
2026.07,0306121000,0.0,3062.0
2026.07,0306129000,3173.0,315596.0
2026.07,0306141010,4.0,0.0
2026.07,0306141090,139218.0,18826.0
2026.07,0306142000,906662.0,2892230.0
2026.07,0306143010,911.0,0.0
2026.07,0306143090,449373.0,826625.0
2026.07,0306149090,9225128.0,10411224.0
2026.07,0306159000,0.0,5874.0
2026.07,0306161090,0.0,648462.0
2026.07,0306169090,0.0,340748.0
2026.07,0306171090,72035.0,30747011.0
2026.07,0306179091,837.0,7101928.0
2026.07,0306179099,84882.0,3145428.0
2026.07,0306199000,5541.0,102421.0
2026.07,0306310000,0.0,29932.0
2026.07,0306320000,2887.0,1733485.0
2026.07,0306331000,73940.0,0.0
2026.07,0306332000,552457.0,18505654.0
2026.07,0306339000,3326105.0,3628658.0
2026.07,0306360000,40523.0,27976.0
2026.07,0306390000,62246.0,5590.0
2026.07,0306930000,0.0,1812.0
2026.07,0306951020,11661.0,65.0
2026.07,0306951030,1028.0,0.0
2026.07,0306959020,6749.0,901326.0
2026.07,0306959030,116525.0,1552730.0
2026.07,0306959040,0.0,19.0
2026.07,0306992000,0.0,1102.0
2026.07,0306993000,0.0,4062.0
2026.07,0307111090,42.0,0.0
2026.07,0307119000,138166.0,0.0
2026.07,0307120000,3047916.0,149809.0
2026.07,0307192000,0.0,15325.0
2026.07,0307211000,90709.0,0.0
2026.07,0307219000,35183.0,2349765.0
2026.07,0307221000,758.0,209347.0
2026.07,0307229000,16546.0,1198435.0
2026.07,0307299000,0.0,4333.0
2026.07,0307310000,91.0,0.0
2026.07,0307320000,25214.0,828457.0
2026.07,0307392000,2114.0,0.0
2026.07,0307421010,121.0,0.0
2026.07,0307421090,523.0,0.0
2026.07,0307422010,0.0,15.0
2026.07,0307422090,5853.0,12.0
2026.07,0307431010,0.0,22394.0
2026.07,0307431090,18736.0,4525706.0
2026.07,0307432010,237682.0,1192159.0
2026.07,0307432090,2410170.0,27049467.0
2026.07,0307492090,4181.0,0.0
2026.07,0307493010,47843.0,1061594.0
2026.07,0307493090,76251.0,801547.0
2026.07,0307494090,0.0,75.0
2026.07,0307511000,61371.0,12047114.0
2026.07,0307512000,327.0,129337.0
2026.07,0307519000,3425.0,0.0
2026.07,0307521000,201384.0,6125002.0
2026.07,0307522000,61562.0,10720370.0
2026.07,0307523000,94789.0,19270620.0
2026.07,0307529000,11.0,94602.0
2026.07,0307592000,0.0,51.0
2026.07,0307599000,661.0,0.0
2026.07,0307600000,2472.0,31065.0
2026.07,0307711000,192.0,1330010.0
2026.07,0307712090,691408.0,0.0
2026.07,0307713000,1087.0,0.0
2026.07,0307714000,369779.0,1264766.0
2026.07,0307715000,130.0,121629.0
2026.07,0307719000,98501.0,154526.0
2026.07,0307721000,45.0,21989.0
2026.07,0307723000,675990.0,255865.0
2026.07,0307724000,13427.0,79673.0
2026.07,0307725000,0.0,58927.0
2026.07,0307729000,13844.0,372048.0
2026.07,0307792010,0.0,20901.0
2026.07,0307792020,0.0,80264.0
2026.07,0307792090,0.0,18.0
2026.07,0307793090,0.0,53.0
2026.07,0307810000,3327435.0,0.0
2026.07,0307830000,530745.0,81396.0
2026.07,0307872000,47.0,0.0
2026.07,0307911000,30896.0,0.0
2026.07,0307919000,852760.0,1983.0
2026.07,0307921000,162097.0,631720.0
2026.07,0307922000,241720.0,232997.0
2026.07,0307929000,4519982.0,12775951.0
2026.07,0307993000,4437.0,19.0
2026.07,0307994900,0.0,16.0
2026.07,0308110000,20042.0,288034.0
2026.07,0308192000,0.0,5.0
2026.07,0308193000,222276.0,0.0
2026.07,0308210000,0.0,676171.0
2026.07,0308220000,0.0,311294.0
2026.07,0308302000,716.0,0.0
2026.07,0308304000,2498145.0,2685240.0
2026.07,0308901019,30156.0,14269.0
2026.07,0308901090,3215.0,159782.0
2026.07,0308902010,72964.0,0.0
2026.07,0308902090,14994.0,0.0
2026.07,0309100000,0.0,10224.0
2026.07,0309901000,0.0,964800.0
2026.07,0309902000,0.0,715525.0
2026.07,0309909000,0.0,120.0
2026.07,0401100000,21085.0,4923.0
2026.07,0401200000,323045.0,3667842.0
2026.07,0401401000,0.0,7308.0
2026.07,0401409000,66722.0,37.0
2026.07,0401501000,0.0,5965320.0
2026.07,0401509000,281.0,8571541.0
2026.07,0402101010,0.0,1476873.0
2026.07,0402101090,0.0,56.0
2026.07,0402109000,0.0,467.0
2026.07,0402211000,0.0,3171072.0
2026.07,0402219000,0.0,367.0
2026.07,0402290000,1670.0,95.0
2026.07,0402919000,0.0,9.0
2026.07,0402991000,125.0,318.0
2026.07,0402999000,3703123.0,227674.0
2026.07,0403201000,124584.0,789028.0
2026.07,0403202000,395524.0,0.0
2026.07,0403209000,98081.0,551884.0
2026.07,0403901000,30.0,25167.0
2026.07,0403909000,37776.0,25605.0
2026.07,0404101011,0.0,1071885.0
2026.07,0404101019,4951.0,1655290.0
2026.07,0404101099,0.0,2491.0
2026.07,0404102129,0.0,922463.0
2026.07,0404102131,0.0,37292.0
2026.07,0404102139,0.0,106549.0
2026.07,0404102191,0.0,447328.0
2026.07,0404102199,0.0,309941.0
2026.07,0404102990,0.0,71.0
2026.07,0404901000,116820.0,14050235.0
2026.07,0404902000,1287104.0,1238343.0
2026.07,0405100000,13211.0,21567931.0
2026.07,0405200000,0.0,2854842.0
2026.07,0405900000,0.0,2049802.0
2026.07,0406101010,276.0,39267940.0
2026.07,0406101020,13955.0,8847917.0
2026.07,0406101090,12388.0,4462482.0
2026.07,0406102000,0.0,1219709.0
2026.07,0406200000,7492.0,4259512.0
2026.07,0406300000,476593.0,4166526.0
2026.07,0406400000,0.0,221201.0
2026.07,0406901000,115.0,11447254.0
2026.07,0406902000,0.0,3489302.0
2026.07,0406903000,0.0,381725.0
2026.07,0406904000,0.0,528264.0
2026.07,0406909000,180620.0,5120658.0
2026.07,0407110000,0.0,2878427.0
2026.07,0407210000,169794.0,9436928.0
2026.07,0407290000,38642.0,109614.0
2026.07,0407900000,0.0,226082.0
2026.07,0408110000,0.0,90353.0
2026.07,0408190000,0.0,148320.0
2026.07,0408910000,0.0,339760.0
2026.07,0408991000,0.0,573008.0
2026.07,0408999000,5148.0,46648.0
2026.07,0409000000,9501.0,2649619.0
2026.07,0410100000,0.0,91.0
2026.07,0410901000,0.0,21139.0
2026.07,0410902000,0.0,102420.0
2026.07,0410909000,55513.0,7199.0
2026.07,0501000000,0.0,6946.0
2026.07,0502100000,0.0,29741.0
2026.07,0504001010,0.0,1056727.0
2026.07,0504001021,0.0,69916.0
2026.07,0504001029,0.0,2370367.0
2026.07,0504001031,0.0,171471.0
2026.07,0504001090,0.0,256429.0
2026.07,0504003000,0.0,2201455.0
2026.07,0505100000,6586528.0,4007751.0
2026.07,0505909000,0.0,30540.0
2026.07,0506901020,0.0,136655.0
2026.07,0506901090,0.0,16034.0
2026.07,0506902000,0.0,126994.0
2026.07,0506909000,0.0,174598.0
2026.07,0507901110,0.0,1493764.0
2026.07,0507901190,101143.0,3831.0
2026.07,0508001000,0.0,33254.0
2026.07,0508002010,0.0,10371.0
2026.07,0508002020,10628.0,2508.0
2026.07,0508002030,0.0,224863.0
2026.07,0508002040,0.0,25597.0
2026.07,0508002090,0.0,120177.0
2026.07,0508009000,148369.0,4817.0
2026.07,0510003000,1329027.0,1248686.0
2026.07,0510004000,0.0,1413528.0
2026.07,0510009000,0.0,137348.0
2026.07,0511100000,8652.0,500235.0
2026.07,0511911010,0.0,85282.0
2026.07,0511911090,0.0,10962.0
2026.07,0511912000,50693.0,356550.0
2026.07,0511919000,1824053.0,175770.0
2026.07,0511991000,0.0,25350.0
2026.07,0511992090,0.0,4767.0
2026.07,0511996000,1500.0,58784.0
2026.07,0511999030,0.0,12260.0
2026.07,0511999040,78584.0,186012.0
2026.07,0511999090,302827.0,421135.0
2026.07,0601102000,0.0,293990.0
2026.07,0601109000,0.0,93719.0
2026.07,0601209090,155.0,53355.0
2026.07,0602100000,0.0,48994.0
2026.07,0602209000,14391.0,45194.0
2026.07,0602400000,0.0,52024.0
2026.07,0602901010,19900.0,1442179.0
2026.07,0602901040,0.0,49380.0
2026.07,0602901050,0.0,225.0
2026.07,0602901060,29392.0,77922.0
2026.07,0602901090,6085.0,744677.0
2026.07,0602902090,0.0,798.0
2026.07,0602909040,0.0,1878769.0
2026.07,0602909090,10280.0,30298.0
2026.07,0603110000,24627.0,562628.0
2026.07,0603120000,0.0,968620.0
2026.07,0603131000,0.0,1210.0
2026.07,0603132000,0.0,35496.0
2026.07,0603139000,0.0,119289.0
2026.07,0603140000,0.0,1369960.0
2026.07,0603150000,56045.0,4830.0
2026.07,0603191000,0.0,41271.0
2026.07,0603199000,11931.0,805731.0
2026.07,0603900000,0.0,55518.0
2026.07,0604201000,0.0,15021.0
2026.07,0604202000,0.0,2111.0
2026.07,0604209000,0.0,122958.0
2026.07,0604901000,6678.0,71847.0
2026.07,0604909000,1848.0,77308.0
2026.07,0701900000,29934.0,121564.0
2026.07,0702001000,71031.0,0.0
2026.07,0702009000,315167.0,0.0
2026.07,0703101010,438.0,534652.0
2026.07,0703101090,576136.0,679090.0
2026.07,0703103000,0.0,208426.0
2026.07,0703201000,13637.0,55509.0
2026.07,0703209000,95.0,167171.0
2026.07,0703901000,15.0,3530.0
2026.07,0703902000,3045.0,592614.0
2026.07,0703909000,0.0,33880.0
2026.07,0704100000,1242.0,1182405.0
2026.07,0704200000,250.0,74448.0
2026.07,0704901000,87873.0,134408.0
2026.07,0704902000,233854.0,121877.0
2026.07,0704909000,10214.0,14936.0
2026.07,0705110000,126360.0,1260498.0
2026.07,0705190000,153864.0,793229.0
2026.07,0705210000,0.0,24046.0
2026.07,0705290000,0.0,128937.0
2026.07,0706101000,17029.0,2013527.0
2026.07,0706901000,13344.0,4006.0
2026.07,0706902000,46.0,60813.0
2026.07,0706903000,0.0,334388.0
2026.07,0706904000,1512.0,1480378.0
2026.07,0706909000,8139.0,695393.0
2026.07,0707000000,8465.0,0.0
2026.07,0708100000,0.0,2.0
2026.07,0708200000,0.0,38.0
2026.07,0708900000,681.0,0.0
2026.07,0709200000,5668.0,143190.0
2026.07,0709300000,1895.0,0.0
2026.07,0709400000,4.0,0.0
2026.07,0709517000,3059.0,58092.0
2026.07,0709519000,18000.0,0.0
2026.07,0709540000,17040.0,1019663.0
2026.07,0709550000,0.0,106866.0
2026.07,0709560000,0.0,181602.0
2026.07,0709594010,1146144.0,0.0
2026.07,0709594090,41959.0,0.0
2026.07,0709595000,1140327.0,0.0
2026.07,0709599000,107894.0,4466.0
2026.07,0709601000,4739381.0,0.0
2026.07,0709609000,94149.0,6425.0
2026.07,0709700000,770.0,11540.0
2026.07,0709920000,13.0,0.0
2026.07,0709930000,736133.0,0.0
2026.07,0709991000,205.0,0.0
2026.07,0709993000,28772.0,0.0
2026.07,0709999000,196871.0,1740502.0
2026.07,0710100000,9790.0,997145.0
2026.07,0710210000,0.0,46284.0
2026.07,0710220000,25.0,152758.0
2026.07,0710290000,0.0,143781.0
2026.07,0710300000,0.0,322222.0
2026.07,0710400000,0.0,517400.0
2026.07,0710801000,197.0,648277.0
2026.07,0710802000,1849.0,3039388.0
2026.07,0710804000,0.0,391567.0
2026.07,0710805000,1912.0,26655.0
2026.07,0710806000,0.0,304950.0
2026.07,0710807000,1215.0,7166035.0
2026.07,0710808010,34028.0,3713.0
2026.07,0710808020,1046.0,10.0
2026.07,0710809010,0.0,885648.0
2026.07,0710809090,119751.0,4461302.0
2026.07,0710900000,4188.0,835117.0
2026.07,0711400000,0.0,393319.0
2026.07,0711599000,0.0,17036.0
2026.07,0711903000,0.0,34039.0
2026.07,0711905091,2219.0,0.0
2026.07,0711905099,1899.0,512636.0
2026.07,0711909000,0.0,70.0
2026.07,0712200000,537.0,350268.0
2026.07,0712311000,0.0,41314.0
2026.07,0712319000,0.0,8.0
2026.07,0712320000,8907.0,506295.0
2026.07,0712330000,0.0,274660.0
2026.07,0712340000,16945.0,916912.0
2026.07,0712391010,0.0,98.0
2026.07,0712391030,0.0,71.0
2026.07,0712391040,1543.0,0.0
2026.07,0712391050,0.0,5.0
2026.07,0712391090,5827.0,447228.0
2026.07,0712901000,15531.0,68361.0
2026.07,0712902010,7308.0,902936.0
2026.07,0712902020,14327.0,128905.0
2026.07,0712902030,480.0,664864.0
2026.07,0712902040,0.0,545616.0
2026.07,0712902050,23508.0,63885.0
2026.07,0712902060,0.0,472154.0
2026.07,0712902070,3956.0,27955.0
2026.07,0712902080,471.0,0.0
2026.07,0712902092,420.0,15599.0
2026.07,0712902093,11451.0,18340.0
2026.07,0712902094,0.0,30.0
2026.07,0712902095,0.0,26.0
2026.07,0712902096,6147.0,26878.0
2026.07,0712902097,11576.0,28239.0
2026.07,0712902099,96267.0,2504612.0
2026.07,0712909000,344377.0,13034.0
2026.07,0713101000,0.0,1547.0
2026.07,0713109000,0.0,452426.0
2026.07,0713200000,0.0,629296.0
2026.07,0713319000,0.0,745207.0
2026.07,0713329000,5281.0,268855.0
2026.07,0713331000,0.0,1349.0
2026.07,0713339000,665.0,688307.0
2026.07,0713350000,240.0,139632.0
2026.07,0713390000,1287.0,81952.0
2026.07,0713400000,0.0,431174.0
2026.07,0713500000,0.0,162519.0
2026.07,0713600000,0.0,6858.0
2026.07,0713900000,0.0,571.0
2026.07,0714102010,0.0,14.0
2026.07,0714102020,0.0,1154517.0
2026.07,0714102090,0.0,68.0
2026.07,0714104000,0.0,10934.0
2026.07,0714201000,47216.0,0.0
2026.07,0714202000,17723.0,138.0
2026.07,0714204000,1125.0,0.0
2026.07,0714301000,0.0,6291.0
2026.07,0714309000,0.0,48.0
2026.07,0714401000,0.0,47605.0
2026.07,0714409000,218.0,0.0
2026.07,0714901090,0.0,56172.0
2026.07,0714909010,0.0,199454.0
2026.07,0714909090,4749.0,78706.0
2026.07,0801110000,0.0,300981.0
2026.07,0801120000,0.0,136236.0
2026.07,0801190000,0.0,354841.0
2026.07,0801210000,0.0,243.0
2026.07,0801220000,0.0,825153.0
2026.07,0801310000,0.0,75.0
2026.07,0801320000,20345.0,2757619.0
2026.07,0802110000,9989.0,272.0
2026.07,0802120000,9722.0,18393086.0
2026.07,0802210000,0.0,157151.0
2026.07,0802220000,0.0,147552.0
2026.07,0802320000,2479.0,7888915.0
2026.07,0802410000,0.0,79905.0
2026.07,0802420000,2530.0,77.0
2026.07,0802510000,361074.0,486315.0
2026.07,0802520000,483203.0,503900.0
2026.07,0802610000,0.0,306751.0
2026.07,0802620000,0.0,1576298.0
2026.07,0802700000,0.0,230.0
2026.07,0802910000,0.0,144.0
2026.07,0802920000,0.0,6643.0
2026.07,0802999000,2966.0,1904512.0
2026.07,0803100000,67.0,0.0
2026.07,0803900000,558.0,25162406.0
2026.07,0804100000,4585.0,97117.0
2026.07,0804200000,10713.0,293127.0
2026.07,0804300000,2784.0,4684324.0
2026.07,0804400000,1005.0,4477986.0
2026.07,0804502000,5482.0,7159049.0
2026.07,0804503000,0.0,294379.0
2026.07,0805100000,2872.0,8861529.0
2026.07,0805211000,56320.0,0.0
2026.07,0805219000,45.0,0.0
2026.07,0805290000,173.0,0.0
2026.07,0805400000,13.0,1436758.0
2026.07,0805501000,198.0,3849875.0
2026.07,0805502020,0.0,260417.0
2026.07,0806100000,6071992.0,2500527.0
2026.07,0806200000,171.0,782276.0
2026.07,0807110000,18073.0,0.0
2026.07,0807191000,174020.0,0.0
2026.07,0807199000,220982.0,895015.0
2026.07,0807200000,0.0,27416.0
2026.07,0808100000,5233.0,0.0
2026.07,0808300000,14760.0,0.0
2026.07,0809100000,20.0,14.0
2026.07,0809290000,0.0,19068074.0
2026.07,0809300000,538444.0,0.0
2026.07,0809401000,5076.0,0.0
2026.07,0810100000,4821.0,0.0
2026.07,0810400000,3923.0,7823498.0
2026.07,0810500000,454.0,16616373.0
2026.07,0810600000,0.0,894557.0
2026.07,0810903000,0.0,40.0
2026.07,0810905000,0.0,18.0
2026.07,0810909000,10728.0,1088055.0
2026.07,0811100000,58705.0,970099.0
2026.07,0811200000,0.0,322615.0
2026.07,0811901000,0.0,793358.0
2026.07,0811903000,0.0,88260.0
2026.07,0811909000,26699.0,17836205.0
2026.07,0812100000,703.0,0.0
2026.07,0812901000,0.0,2.0
2026.07,0812909000,122.0,7564.0
2026.07,0813100000,62.0,515.0
2026.07,0813200000,47398.0,424286.0
2026.07,0813300000,16155.0,20929.0
2026.07,0813401000,18082.0,0.0
2026.07,0813402000,22114.0,19578.0
2026.07,0813409000,58677.0,604456.0
2026.07,0813500000,5740.0,146184.0
2026.07,0814001000,800.0,42773.0
2026.07,0901110000,261190.0,86936568.0
2026.07,0901120000,1251.0,4304544.0
2026.07,0901210000,601611.0,34561082.0
2026.07,0901220000,5628.0,4576383.0
2026.07,0901901000,8.0,20988.0
2026.07,0901902000,70307.0,16.0
2026.07,0902100000,253261.0,67008.0
2026.07,0902200000,602928.0,6300.0
2026.07,0902300000,182655.0,947266.0
2026.07,0902400000,317847.0,932885.0
2026.07,0903000000,0.0,3416.0
2026.07,0904110000,106596.0,4348876.0
2026.07,0904120000,59129.0,920913.0
2026.07,0904210000,2020.0,620374.0
2026.07,0904220000,1763212.0,1104084.0
2026.07,0905100000,1662.0,321648.0
2026.07,0905200000,0.0,468.0
2026.07,0906110000,993.0,207734.0
2026.07,0906190000,0.0,189358.0
2026.07,0906200000,1799.0,43230.0
2026.07,0907100000,0.0,31860.0
2026.07,0907200000,0.0,286.0
2026.07,0908110000,0.0,201153.0
2026.07,0908120000,0.0,41427.0
2026.07,0908210000,0.0,12252.0
2026.07,0908220000,0.0,10.0
2026.07,0908310000,0.0,47012.0
2026.07,0908320000,0.0,747.0
2026.07,0909210000,0.0,101001.0
2026.07,0909220000,0.0,1109.0
2026.07,0909310000,0.0,130007.0
2026.07,0909320000,0.0,80231.0
2026.07,0909611000,0.0,54864.0
2026.07,0909612000,0.0,14.0
2026.07,0909613000,0.0,18358.0
2026.07,0909621000,0.0,16.0
2026.07,0909623000,0.0,277.0
2026.07,0910111000,30.0,132894.0
2026.07,0910112000,0.0,239098.0
2026.07,0910119000,0.0,5.0
2026.07,0910122000,5155.0,2830.0
2026.07,0910129000,0.0,80.0
2026.07,0910200000,0.0,2385.0
2026.07,0910300000,4.0,93525.0
2026.07,0910911000,27576.0,30978.0
2026.07,0910919000,4.0,35881.0
2026.07,0910991000,570.0,66346.0
2026.07,0910999000,208.0,100865.0
2026.07,1001190000,0.0,730145.0
2026.07,1001991090,0.0,52200412.0
2026.07,1001992090,0.0,76099692.0
2026.07,1001999090,314.0,291093.0
2026.07,1002900000,0.0,20221.0
2026.07,1003103000,9801.0,0.0
2026.07,1003109000,0.0,14.0
2026.07,1003901000,0.0,332942.0
2026.07,1003902000,0.0,1237919.0
2026.07,1003903000,2883.0,53054.0
2026.07,1003909000,1838.0,46.0
2026.07,1004100000,0.0,116020.0
2026.07,1004900000,11954.0,909950.0
2026.07,1005100000,0.0,18.0
2026.07,1005901000,0.0,214151776.0
2026.07,1005902000,4.0,884279.0
2026.07,1005909000,247.0,64253679.0
2026.07,1006100000,13824.0,0.0
2026.07,1006201000,23550.0,19845099.0
2026.07,1006202000,21786.0,48.0
2026.07,1006301000,714314.0,7427856.0
2026.07,1006302000,12061.0,372.0
2026.07,1006400000,20051.0,5459575.0
2026.07,1007900000,1749.0,91322.0
2026.07,1008100000,0.0,84.0
2026.07,1008219000,4540.0,0.0
2026.07,1008291000,449.0,32882.0
2026.07,1008299000,0.0,43293.0
2026.07,1008500000,268.0,261293.0
2026.07,1008900000,30970.0,2846.0
2026.07,1101001000,1592187.0,1702087.0
2026.07,1101002000,9.0,0.0
2026.07,1102200000,25777.0,753177.0
2026.07,1102901000,950.0,8715.0
2026.07,1102902000,10040.0,3455.0
2026.07,1102903000,449.0,55771.0
2026.07,1102909000,135185.0,2809.0
2026.07,1103110000,116.0,0.0
2026.07,1103130000,27416.0,251609.0
2026.07,1103191000,10.0,0.0
2026.07,1103192000,168.0,141.0
2026.07,1103193000,74.0,0.0
2026.07,1103199000,19608.0,2328.0
2026.07,1103209000,11745.0,0.0
2026.07,1104120000,74.0,400549.0
2026.07,1104191000,1494.0,0.0
2026.07,1104192000,2264.0,0.0
2026.07,1104199000,34600.0,66.0
2026.07,1104220000,0.0,93661.0
2026.07,1104230000,1207.0,518636.0
2026.07,1104291000,517.0,9454.0
2026.07,1104292000,3459.0,14001.0
2026.07,1104299000,9031.0,832063.0
2026.07,1104309000,84.0,12.0
2026.07,1105100000,44.0,222012.0
2026.07,1105200000,0.0,608932.0
2026.07,1106100000,1222.0,206322.0
2026.07,1106201000,0.0,16.0
2026.07,1106209000,2528.0,185471.0
2026.07,1106300000,1184.0,394348.0
2026.07,1107100000,4950.0,6374824.0
2026.07,1107209000,0.0,261922.0
2026.07,1108110000,0.0,383943.0
2026.07,1108121000,1369662.0,8859.0
2026.07,1108129000,25477.0,632485.0
2026.07,1108130000,25974.0,7573211.0
2026.07,1108141000,0.0,205065.0
2026.07,1108149000,3399.0,654241.0
2026.07,1108191000,1210.0,2217770.0
2026.07,1108199000,80743.0,421151.0
2026.07,1108200000,0.0,206574.0
2026.07,1109000000,0.0,2551298.0
2026.07,1201109000,0.0,17.0
2026.07,1201901000,0.0,29478972.0
2026.07,1201903000,1568.0,2479005.0
2026.07,1201909000,9367.0,5822255.0
2026.07,1202302000,0.0,11.0
2026.07,1202410000,0.0,5076.0
2026.07,1202420000,451.0,28040.0
2026.07,1204000000,0.0,108645.0
2026.07,1205909000,0.0,58015.0
2026.07,1206000000,0.0,254581.0
2026.07,1207291000,0.0,5522481.0
2026.07,1207299000,0.0,35.0
2026.07,1207400000,68558.0,7642316.0
2026.07,1207500000,9621.0,175442.0
2026.07,1207600000,0.0,15741.0
2026.07,1207700000,14785.0,1286.0
2026.07,1207910000,0.0,48.0
2026.07,1207991000,27722.0,768550.0
2026.07,1207999000,12225.0,2158006.0
2026.07,1208100000,1475.0,714576.0
2026.07,1208901000,0.0,1948858.0
2026.07,1208909000,37565.0,1942089.0
2026.07,1209210000,0.0,3777.0
2026.07,1209230000,0.0,20142.0
2026.07,1209240000,0.0,104140.0
2026.07,1209250000,0.0,377029.0
2026.07,1209291000,0.0,2655600.0
2026.07,1209293000,0.0,21510.0
2026.07,1209299000,0.0,357797.0
2026.07,1209300000,0.0,511055.0
2026.07,1209911010,558226.0,2732648.0
2026.07,1209911090,224.0,50503.0
2026.07,1209912000,1122400.0,1113046.0
2026.07,1209913000,590068.0,485396.0
2026.07,1209914000,1080432.0,437980.0
2026.07,1209915000,306761.0,609008.0
2026.07,1209919000,1904312.0,1961208.0
2026.07,1209991010,0.0,800.0
2026.07,1209991090,0.0,3945.0
2026.07,1209992000,0.0,1587.0
2026.07,1209994000,0.0,250114.0
2026.07,1209999000,52526.0,80047.0
2026.07,1210100000,0.0,5.0
2026.07,1210201000,0.0,377150.0
2026.07,1211201190,53563.0,5.0
2026.07,1211201211,0.0,680.0
2026.07,1211201291,290517.0,5659.0
2026.07,1211201299,5084.0,178.0
2026.07,1211201311,90.0,0.0
2026.07,1211201319,40000.0,0.0
2026.07,1211201391,3248720.0,0.0
2026.07,1211201399,236300.0,0.0
2026.07,1211202110,1450.0,137.0
2026.07,1211202120,1887.0,0.0
2026.07,1211202190,525.0,0.0
2026.07,1211202210,21194.0,42.0
2026.07,1211202220,27169.0,0.0
2026.07,1211202290,131.0,0.0
2026.07,1211203100,20.0,0.0
2026.07,1211501000,0.0,384462.0
2026.07,1211901100,0.0,15533.0
2026.07,1211901200,0.0,182343.0
2026.07,1211901300,290.0,91259.0
2026.07,1211901400,783.0,24850.0
2026.07,1211901500,0.0,39446.0
2026.07,1211901600,5749.0,229108.0
2026.07,1211901700,1701.0,137224.0
2026.07,1211901800,0.0,142598.0
2026.07,1211901910,815.0,73539.0
2026.07,1211901920,316.0,8288.0
2026.07,1211901930,0.0,5323.0
2026.07,1211901940,76.0,133737.0
2026.07,1211901950,230822.0,0.0
2026.07,1211901960,4549.0,32382.0
2026.07,1211901970,4895.0,128955.0
2026.07,1211901980,1967.0,105.0
2026.07,1211901993,0.0,3352.0
2026.07,1211901999,750364.0,6754845.0
2026.07,1211909010,6651.0,250153.0
2026.07,1211909090,12024.0,18417.0
2026.07,1212211010,33271512.0,149838.0
2026.07,1212211090,74073.0,1754.0
2026.07,1212212010,2069535.0,225797.0
2026.07,1212212020,406451.0,322754.0
2026.07,1212212040,90089.0,0.0
2026.07,1212212090,116908.0,2478.0
2026.07,1212213010,938550.0,82264.0
2026.07,1212213090,0.0,40.0
2026.07,1212214010,730.0,0.0
2026.07,1212214020,473.0,0.0
2026.07,1212214030,4666.0,0.0
2026.07,1212214090,6519.0,219.0
2026.07,1212215010,56539.0,150.0
2026.07,1212215030,521.0,0.0
2026.07,1212215090,438688.0,53306.0
2026.07,1212217029,245371.0,0.0
2026.07,1212217039,5955.0,0.0
2026.07,1212218029,0.0,43.0
2026.07,1212218031,0.0,1357.0
2026.07,1212218039,3750.0,5.0
2026.07,1212219019,0.0,223117.0
2026.07,1212219091,1511.0,0.0
2026.07,1212219099,51652.0,237465.0
2026.07,1212291090,5849.0,287.0
2026.07,1212292010,0.0,13.0
2026.07,1212292090,37959.0,46445.0
2026.07,1212293090,1157.0,0.0
2026.07,1212295090,5118.0,44.0
2026.07,1212298039,0.0,14981.0
2026.07,1212299099,0.0,736.0
2026.07,1212920000,0.0,31050.0
2026.07,1212930000,0.0,69089.0
2026.07,1212992000,113.0,760919.0
2026.07,1212993000,139.0,299117.0
2026.07,1212996000,0.0,12.0
2026.07,1212999000,2.0,1075395.0
2026.07,1213000000,0.0,5086745.0
2026.07,1214101000,0.0,718377.0
2026.07,1214109000,0.0,0.0
2026.07,1214909011,0.0,6121611.0
2026.07,1214909090,0.0,31593059.0
2026.07,1301200000,939.0,190761.0
2026.07,1301901000,0.0,7172.0
2026.07,1301902010,0.0,2225.0
2026.07,1301902090,0.0,1017.0
2026.07,1301909000,2303.0,20182.0
2026.07,1302120000,63270.0,193821.0
2026.07,1302130000,0.0,118369.0
2026.07,1302140000,0.0,82.0
2026.07,1302191110,284325.0,44902.0
2026.07,1302191190,1397.0,36.0
2026.07,1302191210,1320836.0,11904.0
2026.07,1302191220,344846.0,0.0
2026.07,1302191290,340637.0,0.0
2026.07,1302191900,11733.0,647.0
2026.07,1302192000,0.0,7276902.0
2026.07,1302193000,0.0,84572.0
2026.07,1302199010,19258.0,453923.0
2026.07,1302199020,0.0,8678.0
2026.07,1302199032,12859.0,0.0
2026.07,1302199035,0.0,9624.0
2026.07,1302199039,203984.0,1934819.0
2026.07,1302199091,0.0,216097.0
2026.07,1302199099,1143458.0,12681430.0
2026.07,1302200000,91200.0,2070398.0
2026.07,1302311000,15582.0,0.0
2026.07,1302312000,411772.0,499005.0
2026.07,1302319000,1325.0,1893.0
2026.07,1302320000,273015.0,1991526.0
2026.07,1302390000,1878522.0,5176346.0
2026.07,1401109000,0.0,246250.0
2026.07,1401200000,0.0,3394.0
2026.07,1401900000,186.0,9818.0
2026.07,1404200000,27565.0,0.0
2026.07,1404901000,0.0,3905.0
2026.07,1404902010,0.0,19208.0
2026.07,1404902090,0.0,100.0
2026.07,1404903090,0.0,13049.0
2026.07,1404904000,0.0,6759.0
2026.07,1404905000,0.0,60.0
2026.07,1404906020,0.0,218600.0
2026.07,1404906090,0.0,435000.0
2026.07,1404909000,16036.0,11148458.0
2026.07,1501109000,0.0,12120.0
2026.07,1501900000,0.0,12825.0
2026.07,1502101010,0.0,820378.0
2026.07,1502101090,0.0,1081400.0
2026.07,1502109000,0.0,16162.0
2026.07,1503002000,141386.0,42520.0
2026.07,1504101000,0.0,75601.0
2026.07,1504109000,0.0,4550.0
2026.07,1504200000,884914.0,627627.0
2026.07,1504309000,0.0,173.0
2026.07,1505001000,0.0,25486.0
2026.07,1505009000,14277.0,13694.0
2026.07,1506009000,316312.0,269797.0
2026.07,1507101000,4273.0,59407233.0
2026.07,1507109000,20.0,514066.0
2026.07,1507901010,455084.0,20008439.0
2026.07,1507901090,0.0,1597428.0
2026.07,1507909000,60392.0,347244.0
2026.07,1508901000,0.0,68714.0
2026.07,1508909000,0.0,2018.0
2026.07,1509200000,87227.0,20005221.0
2026.07,1509300000,2724.0,731.0
2026.07,1509400000,17612.0,6096.0
2026.07,1509900000,156244.0,1218180.0
2026.07,1510100000,0.0,76050.0
2026.07,1510900000,893.0,1002130.0
2026.07,1511901000,0.0,6659448.0
2026.07,1511902000,0.0,61370618.0
2026.07,1511909000,1357.0,29700319.0
2026.07,1512111000,0.0,529.0
2026.07,1512112000,181.0,0.0
2026.07,1512191010,26937.0,4298105.0
2026.07,1512191020,0.0,56235.0
2026.07,1512199010,12698.0,41164.0
2026.07,1512299000,0.0,229.0
2026.07,1513110000,0.0,43369.0
2026.07,1513191000,24583.0,5784806.0
2026.07,1513199000,1844.0,63342.0
2026.07,1513211000,0.0,44.0
2026.07,1513291010,0.0,2045714.0
2026.07,1513291020,1920.0,17141.0
2026.07,1513299000,0.0,9224.0
2026.07,1514110000,5770.0,6572256.0
2026.07,1514191000,2588.0,1189150.0
2026.07,1514199000,0.0,398.0
2026.07,1514991010,732.0,423294.0
2026.07,1514991020,0.0,13127.0
2026.07,1514999000,643.0,56.0
2026.07,1515110000,0.0,51.0
2026.07,1515190000,7197.0,365637.0
2026.07,1515210000,2013.0,0.0
2026.07,1515290000,516723.0,68628.0
2026.07,1515300000,28229.0,1349546.0
2026.07,1515500000,942455.0,622110.0
2026.07,1515600000,5.0,189.0
2026.07,1515901000,289145.0,532833.0
2026.07,1515909010,0.0,1007660.0
2026.07,1515909020,109041.0,15304.0
2026.07,1515909030,8346.0,447855.0
2026.07,1515909040,2109.0,84198.0
2026.07,1515909090,207447.0,6212581.0
2026.07,1516101000,9160.0,0.0
2026.07,1516109000,29901.0,2585408.0
2026.07,1516201010,0.0,5984.0
2026.07,1516201020,0.0,25013.0
2026.07,1516201030,0.0,46106.0
2026.07,1516201040,2151.0,0.0
2026.07,1516201050,3080.0,801.0
2026.07,1516202010,43812.0,246352.0
2026.07,1516202020,1395.0,65985.0
2026.07,1516202040,0.0,61108.0
2026.07,1516202050,27333.0,214340.0
2026.07,1516202090,291805.0,4571371.0
2026.07,1516300000,0.0,2349588.0
2026.07,1517100000,30914.0,894029.0
2026.07,1517902000,219762.0,1378200.0
2026.07,1517909000,514543.0,12313818.0
2026.07,1518001000,0.0,50720.0
2026.07,1518002000,784449.0,310873.0
2026.07,1518009010,1187500.0,98632.0
2026.07,1518009090,13664852.0,45955188.0
2026.07,1520000000,3598851.0,25682.0
2026.07,1521101000,29257.0,491322.0
2026.07,1521102000,0.0,663.0
2026.07,1521109000,25819.0,293722.0
2026.07,1521901000,0.0,248.0
2026.07,1521902000,517586.0,593217.0
2026.07,1521909000,227.0,45913.0
2026.07,1522000000,0.0,7968938.0
2026.07,1601001000,142713.0,2721717.0
2026.07,1601009000,803131.0,453356.0
2026.07,1602209000,0.0,92.0
2026.07,1602321010,936742.0,0.0
2026.07,1602321090,142943.0,23000.0
2026.07,1602329000,280267.0,8547444.0
2026.07,1602391000,67.0,35201.0
2026.07,1602399000,198913.0,5242533.0
2026.07,1602411000,2355677.0,11093.0
2026.07,1602419000,16982.0,238611.0
2026.07,1602491000,838473.0,193293.0
2026.07,1602499000,915692.0,936269.0
2026.07,1602501000,7475.0,3069.0
2026.07,1602509000,17464.0,296677.0
2026.07,1602901000,14574.0,45572.0
2026.07,1602909000,28370.0,306292.0
2026.07,1603001000,23271.0,2427998.0
2026.07,1603003000,22396.0,198626.0
2026.07,1603004000,9341.0,3142.0
2026.07,1603009000,673049.0,222358.0
2026.07,1604111000,2422.0,2287.0
2026.07,1604119000,59.0,209442.0
2026.07,1604121000,0.0,36.0
2026.07,1604129000,0.0,233.0
2026.07,1604131000,0.0,11810.0
2026.07,1604139000,13.0,11622.0
2026.07,1604141011,572581.0,981.0
2026.07,1604141019,604939.0,98361.0
2026.07,1604141021,840166.0,1291065.0
2026.07,1604141029,1314154.0,211125.0
2026.07,1604141039,288.0,42.0
2026.07,1604149000,6553.0,1858289.0
2026.07,1604151000,47162.0,1428.0
2026.07,1604159000,3781.0,158276.0
2026.07,1604161000,45691.0,134733.0
2026.07,1604169000,163550.0,75517.0
2026.07,1604171000,1554.0,43101.0
2026.07,1604179000,103503.0,3008908.0
2026.07,1604180000,0.0,565319.0
2026.07,1604191010,164898.0,53.0
2026.07,1604191090,40631.0,314830.0
2026.07,1604199010,237745.0,4367622.0
2026.07,1604199090,274881.0,5106053.0
2026.07,1604201000,0.0,201409.0
2026.07,1604202000,1484.0,264.0
2026.07,1604203000,211116.0,17513.0
2026.07,1604204010,2442409.0,430089.0
2026.07,1604204090,2036244.0,1305191.0
2026.07,1604209000,629186.0,1881149.0
2026.07,1604310000,1575.0,291501.0
2026.07,1604320000,695164.0,1603751.0
2026.07,1605101010,32525.0,9.0
2026.07,1605101091,2125029.0,0.0
2026.07,1605101099,21998.0,107662.0
2026.07,1605109000,820867.0,111629.0
2026.07,1605211000,9835.0,8011526.0
2026.07,1605219000,9271.0,6388169.0
2026.07,1605290000,23081.0,69454.0
2026.07,1605301000,294.0,0.0
2026.07,1605309000,0.0,2.0
2026.07,1605401000,0.0,950.0
2026.07,1605409000,0.0,537.0
2026.07,1605511000,1176641.0,169643.0
2026.07,1605519000,1661891.0,201.0
2026.07,1605520000,5207.0,867140.0
2026.07,1605531000,384912.0,9.0
2026.07,1605539000,192303.0,334075.0
2026.07,1605541000,12408.0,0.0
2026.07,1605542010,13676.0,24938.0
2026.07,1605542091,542023.0,6682258.0
2026.07,1605542099,225128.0,7583638.0
2026.07,1605550000,508916.0,2264074.0
2026.07,1605561010,457114.0,1174.0
2026.07,1605561090,0.0,1116681.0
2026.07,1605562090,21388.0,0.0
2026.07,1605569010,2231.0,184.0
2026.07,1605569090,45258.0,93501.0
2026.07,1605571000,40923.0,0.0
2026.07,1605579000,30002.0,673091.0
2026.07,1605581000,0.0,15356.0
2026.07,1605589000,0.0,57350.0
2026.07,1605591010,171003.0,23.0
2026.07,1605591090,123.0,1881393.0
2026.07,1605592090,5626.0,0.0
2026.07,1605599010,665.0,47.0
2026.07,1605599090,183485.0,369479.0
2026.07,1605611000,25300.0,0.0
2026.07,1605619000,1464494.0,1407718.0
2026.07,1605621000,0.0,129.0
2026.07,1605639000,8040.0,10365.0
2026.07,1605690000,29683.0,7341.0
2026.07,1701122000,5699.0,0.0
2026.07,1701130000,6.0,29581.0
2026.07,1701141000,0.0,40324.0
2026.07,1701142000,17413.0,45699028.0
2026.07,1701910000,27888.0,95772.0
2026.07,1701990000,10982700.0,4433028.0
2026.07,1702111000,1646.0,4248505.0
2026.07,1702119000,0.0,1043.0
2026.07,1702191000,5920.0,1096395.0
2026.07,1702199000,4126.0,655.0
2026.07,1702201000,0.0,33829.0
2026.07,1702202000,2090.0,540354.0
2026.07,1702301000,364826.0,4776909.0
2026.07,1702302000,262603.0,62792.0
2026.07,1702401000,3458.0,0.0
2026.07,1702402000,938.0,20952.0
2026.07,1702500000,93.0,406319.0
2026.07,1702601000,0.0,61482.0
2026.07,1702602000,1405503.0,463076.0
2026.07,1702901000,3382.0,352144.0
2026.07,1702902000,8206.0,118535.0
2026.07,1702903000,37222.0,101670.0
2026.07,1702909000,2788003.0,5470160.0
2026.07,1703109000,0.0,3115037.0
2026.07,1703909000,0.0,1463.0
2026.07,1704100000,679545.0,203436.0
2026.07,1704901000,53893.0,2686.0
2026.07,1704902010,15852.0,1962848.0
2026.07,1704902020,54664.0,297692.0
2026.07,1704902090,3725386.0,19059599.0
2026.07,1704909000,4172381.0,3817242.0
2026.07,1801001000,0.0,1809685.0
2026.07,1801002000,0.0,11627.0
2026.07,1802001000,0.0,5.0
2026.07,1803100000,0.0,2789359.0
2026.07,1804000000,0.0,145987.0
2026.07,1805000000,1411.0,6636476.0
2026.07,1806100000,1968691.0,228535.0
2026.07,1806201000,120788.0,5814136.0
2026.07,1806209010,5119.0,1190988.0
2026.07,1806209090,468238.0,1226940.0
2026.07,1806311000,295374.0,1412210.0
2026.07,1806319000,5406.0,280.0
2026.07,1806321000,556868.0,3052467.0
2026.07,1806329000,9743.0,607951.0
2026.07,1806901000,589783.0,5423557.0
2026.07,1806902111,0.0,777.0
2026.07,1806902910,109.0,0.0
2026.07,1806902920,0.0,9.0
2026.07,1806902991,0.0,91.0
2026.07,1806902999,0.0,21.0
2026.07,1806903010,496409.0,68.0
2026.07,1806903099,833.0,956.0
2026.07,1806909010,0.0,23004.0
2026.07,1806909090,1230879.0,5716185.0
2026.07,1901101010,7075844.0,8077000.0
2026.07,1901101090,227875.0,885467.0
2026.07,1901109010,51426.0,5605.0
2026.07,1901109090,10706.0,10358.0
2026.07,1901201000,27128.0,5074.0
2026.07,1901202000,0.0,54986.0
2026.07,1901209000,4385111.0,5789014.0
2026.07,1901901000,11504.0,279221.0
2026.07,1901902010,138897.0,2663119.0
2026.07,1901902020,63970.0,2454548.0
2026.07,1901909010,111.0,6217.0
2026.07,1901909091,8227423.0,216529.0
2026.07,1901909092,2307.0,11136.0
2026.07,1901909099,4310652.0,1011738.0
2026.07,1902111000,18588.0,112615.0
2026.07,1902112000,0.0,12312.0
2026.07,1902119000,23229.0,98601.0
2026.07,1902191000,3277963.0,2671278.0
2026.07,1902192000,1340990.0,6921185.0
2026.07,1902193000,762912.0,3182.0
2026.07,1902199000,890035.0,5927459.0
2026.07,1902200000,6426690.0,999150.0
2026.07,1902301010,151080944.0,1722313.0
2026.07,1902301090,6897679.0,1656808.0
2026.07,1902309000,3195077.0,711368.0
2026.07,1902400000,0.0,14083.0
2026.07,1903001000,1484.0,329808.0
2026.07,1903009000,0.0,559839.0
2026.07,1904101000,994820.0,92760.0
2026.07,1904102000,19376.0,8.0
2026.07,1904103000,201205.0,38701.0
2026.07,1904109000,2958698.0,3251797.0
2026.07,1904201000,0.0,113399.0
2026.07,1904209000,35558.0,407843.0
2026.07,1904300000,0.0,96.0
2026.07,1904901010,10920601.0,230285.0
2026.07,1904901090,70467.0,40760.0
2026.07,1904909000,2546029.0,254945.0
2026.07,1905100000,247.0,193.0
2026.07,1905200000,1164.0,56.0
2026.07,1905310000,1616611.0,6192854.0
2026.07,1905320000,289817.0,1959878.0
2026.07,1905400000,181926.0,93364.0
2026.07,1905901010,1255332.0,3845783.0
2026.07,1905901020,17855.0,387.0
2026.07,1905901030,7335497.0,3839028.0
2026.07,1905901040,12807427.0,6685108.0
2026.07,1905901050,637712.0,6268783.0
2026.07,1905901090,16859910.0,19534357.0
2026.07,1905909010,0.0,503.0
2026.07,1905909020,9010.0,789239.0
2026.07,1905909090,3030004.0,1157154.0
2026.07,2001100000,67692.0,894741.0
2026.07,2001901000,1657.0,4295.0
2026.07,2001909020,0.0,7.0
2026.07,2001909030,0.0,5.0
2026.07,2001909050,10.0,731557.0
2026.07,2001909060,11366.0,87052.0
2026.07,2001909070,0.0,7349.0
2026.07,2001909090,352484.0,2006934.0
2026.07,2002100000,73.0,2199317.0
2026.07,2002901000,0.0,2279066.0
2026.07,2002909000,53.0,799791.0
2026.07,2003104000,139.0,703232.0
2026.07,2003109000,0.0,3582.0
2026.07,2003901000,715.0,1090433.0
2026.07,2003902000,0.0,1.0
2026.07,2003903000,0.0,9404.0
2026.07,2003909000,0.0,199757.0
2026.07,2004100000,52017.0,22770616.0
2026.07,2004909000,140208.0,2043913.0
2026.07,2005109000,0.0,2569.0
2026.07,2005201000,619.0,278.0
2026.07,2005209000,629349.0,1854471.0
2026.07,2005400000,8664.0,150332.0
2026.07,2005511000,0.0,22.0
2026.07,2005512000,160054.0,2411097.0
2026.07,2005519000,21325.0,842589.0
2026.07,2005591000,0.0,9.0
2026.07,2005592000,8446.0,61809.0
2026.07,2005599000,2687.0,40445.0
2026.07,2005600000,0.0,2587.0
2026.07,2005700000,639.0,2035013.0
2026.07,2005800000,24845.0,3491799.0
2026.07,2005910000,275.0,583313.0
2026.07,2005991000,14450380.0,16778174.0
2026.07,2005992000,0.0,30477.0
2026.07,2005994000,0.0,4752.0
2026.07,2005999000,1093185.0,10539015.0
2026.07,2006001000,407.0,0.0
2026.07,2006002000,0.0,9.0
2026.07,2006003000,62735.0,112.0
2026.07,2006004000,0.0,293.0
2026.07,2006006090,0.0,518.0
2026.07,2006008000,0.0,4507.0
2026.07,2006009010,0.0,46.0
2026.07,2006009020,0.0,6.0
2026.07,2006009030,0.0,85.0
2026.07,2006009090,56163.0,82424.0
2026.07,2007100000,1326.0,26206.0
2026.07,2007911000,6540.0,36321.0
2026.07,2007919000,16.0,15904.0
2026.07,2007991000,155363.0,1436945.0
2026.07,2007999000,161018.0,1025920.0
2026.07,2008111000,6800.0,2082978.0
2026.07,2008119000,25279.0,3838724.0
2026.07,2008191000,67669.0,2459579.0
2026.07,2008192000,1779.0,707042.0
2026.07,2008193000,6182.0,4087486.0
2026.07,2008199000,2714438.0,7797126.0
2026.07,2008200000,994.0,1553609.0
2026.07,2008301000,3485730.0,1449.0
2026.07,2008309000,497454.0,703213.0
2026.07,2008400000,363.0,28880.0
2026.07,2008500000,0.0,31224.0
2026.07,2008600000,0.0,350029.0
2026.07,2008701000,11662.0,195743.0
2026.07,2008709000,4026.0,447733.0
2026.07,2008800000,34231.0,500736.0
2026.07,2008910000,0.0,112.0
2026.07,2008930000,13.0,928325.0
2026.07,2008971010,101.0,25598.0
2026.07,2008971090,0.0,772.0
2026.07,2008972000,0.0,0.0
2026.07,2008979000,70372.0,840896.0
2026.07,2008991000,0.0,12278.0
2026.07,2008992000,24292.0,144750.0
2026.07,2008993000,16837.0,202922.0
2026.07,2008994000,301312.0,8.0
2026.07,2008995010,58456175.0,196279.0
2026.07,2008995090,2688033.0,538821.0
2026.07,2008999000,2189130.0,10381473.0
2026.07,2009110000,0.0,1429341.0
2026.07,2009120000,27.0,2731333.0
2026.07,2009190000,3280.0,282.0
2026.07,2009210000,504487.0,298192.0
2026.07,2009290000,0.0,598550.0
2026.07,2009311000,39984.0,1912418.0
2026.07,2009312000,0.0,42253.0
2026.07,2009319000,757045.0,112821.0
2026.07,2009391000,4003.0,685302.0
2026.07,2009392000,0.0,12612.0
2026.07,2009399000,594577.0,209584.0
2026.07,2009410000,0.0,49140.0
2026.07,2009490000,3513.0,396994.0
2026.07,2009500000,0.0,1383192.0
2026.07,2009610000,2065.0,170521.0
2026.07,2009690000,8401.0,801678.0
2026.07,2009710000,16094.0,781614.0
2026.07,2009790000,27356.0,1648901.0
2026.07,2009810000,0.0,264715.0
2026.07,2009891010,1773.0,85720.0
2026.07,2009891020,7395.0,237804.0
2026.07,2009891030,0.0,831800.0
2026.07,2009891090,270513.0,6277680.0
2026.07,2009892000,80667.0,2328502.0
2026.07,2009901010,267.0,204746.0
2026.07,2009901020,7774.0,380901.0
2026.07,2009901030,110295.0,57781.0
2026.07,2009901090,468209.0,719969.0
2026.07,2009902000,4059.0,191274.0
2026.07,2009909000,239204.0,319587.0
2026.07,2101111000,5014943.0,7521134.0
2026.07,2101119000,140545.0,3039221.0
2026.07,2101121000,2205113.0,558287.0
2026.07,2101129010,4569597.0,285039.0
2026.07,2101129090,531850.0,1054884.0
2026.07,2101201000,2089893.0,444914.0
2026.07,2101209011,171183.0,148375.0
2026.07,2101209019,31621.0,8586.0
2026.07,2101209090,499968.0,2187180.0
2026.07,2101301000,112477.0,174548.0
2026.07,2101309000,607903.0,364525.0
2026.07,2102101000,0.0,54161.0
2026.07,2102102000,0.0,1127.0
2026.07,2102103000,66.0,1862560.0
2026.07,2102104000,0.0,379564.0
2026.07,2102109000,199.0,802173.0
2026.07,2102201000,2185.0,1635349.0
2026.07,2102202000,1342.0,43565.0
2026.07,2102203010,0.0,142.0
2026.07,2102203090,7369.0,33.0
2026.07,2102204010,7627.0,63.0
2026.07,2102204090,11467.0,577606.0
2026.07,2102209000,733239.0,686296.0
2026.07,2102300000,0.0,46752.0
2026.07,2103100000,1665169.0,2005100.0
2026.07,2103201000,458979.0,345565.0
2026.07,2103202000,23562.0,1356935.0
2026.07,2103301000,75006.0,49364.0
2026.07,2103302000,20349.0,910400.0
2026.07,2103901010,760476.0,231882.0
2026.07,2103901020,383346.0,28142.0
2026.07,2103901030,5928726.0,34536.0
2026.07,2103901090,1037046.0,413178.0
2026.07,2103909010,1415469.0,196466.0
2026.07,2103909020,302280.0,1807116.0
2026.07,2103909030,3628692.0,2646058.0
2026.07,2103909040,5432.0,318011.0
2026.07,2103909050,9709.0,2920480.0
2026.07,2103909090,19123528.0,19900374.0
2026.07,2104101000,302446.0,753127.0
2026.07,2104102000,397510.0,1926.0
2026.07,2104103000,416099.0,52179.0
2026.07,2104109000,1412417.0,265659.0
2026.07,2104200000,60033.0,59740.0
2026.07,2105001010,555043.0,1983956.0
2026.07,2105001090,8770175.0,4007739.0
2026.07,2105009010,371430.0,1423508.0
2026.07,2105009090,476119.0,331429.0
2026.07,2106101000,585373.0,1022763.0
2026.07,2106109020,446820.0,4976845.0
2026.07,2106109030,748024.0,2329533.0
2026.07,2106901010,681.0,3032829.0
2026.07,2106901020,2675552.0,2409232.0
2026.07,2106901090,869762.0,378853.0
2026.07,2106902000,635042.0,961267.0
2026.07,2106903011,82854.0,34.0
2026.07,2106903019,19138.0,356.0
2026.07,2106903021,150229.0,0.0
2026.07,2106903029,1671954.0,21138.0
2026.07,2106909010,4326975.0,848636.0
2026.07,2106909021,717.0,0.0
2026.07,2106909022,113300.0,6888117.0
2026.07,2106909023,0.0,2121190.0
2026.07,2106909030,169928.0,85904.0
2026.07,2106909040,231381.0,4372932.0
2026.07,2106909050,602327.0,4412441.0
2026.07,2106909060,5867.0,398.0
2026.07,2106909070,53884.0,377.0
2026.07,2106909080,24734.0,116281.0
2026.07,2106909091,2624.0,444471.0
2026.07,2106909099,77894673.0,140597591.0
2026.07,2201100000,444200.0,5916546.0
2026.07,2201901000,99615.0,0.0
2026.07,2201909000,72186.0,48446.0
2026.07,2202101000,9470197.0,1291340.0
2026.07,2202109000,7741924.0,1758822.0
2026.07,2202910000,176225.0,893578.0
2026.07,2202991000,3859546.0,188.0
2026.07,2202992000,13274489.0,2430809.0
2026.07,2202993000,159255.0,114.0
2026.07,2202999000,37408632.0,6071433.0
2026.07,2203000000,9161752.0,22529460.0
2026.07,2204100000,0.0,5849838.0
2026.07,2204211000,33320.0,14791311.0
2026.07,2204212000,6807.0,9762239.0
2026.07,2204219000,1000.0,429525.0
2026.07,2204221000,0.0,239276.0
2026.07,2204222000,0.0,102517.0
2026.07,2204229000,0.0,219.0
2026.07,2204291000,0.0,112499.0
2026.07,2204292000,0.0,750784.0
2026.07,2204299000,0.0,240245.0
2026.07,2205100000,0.0,111428.0
2026.07,2205900000,0.0,16873.0
2026.07,2206001010,331836.0,2278.0
2026.07,2206001020,0.0,1592.0
2026.07,2206001090,37654.0,277829.0
2026.07,2206002010,56599.0,3012703.0
2026.07,2206002020,81156.0,0.0
2026.07,2206002030,1011094.0,0.0
2026.07,2206002090,1625879.0,305264.0
2026.07,2206009090,571199.0,1203479.0
2026.07,2207101000,0.0,3778064.0
2026.07,2207109010,12382.0,4080517.0
2026.07,2207109090,756238.0,3678640.0
2026.07,2207200000,53783.0,13501628.0
2026.07,2208201000,0.0,692517.0
2026.07,2208209000,0.0,64584.0
2026.07,2208301000,151929.0,15780616.0
2026.07,2208302000,0.0,1367344.0
2026.07,2208303000,0.0,52895.0
2026.07,2208309000,7715.0,4467145.0
2026.07,2208400000,0.0,160825.0
2026.07,2208500000,20736.0,237310.0
2026.07,2208600000,0.0,278068.0
2026.07,2208701000,5288.0,17.0
2026.07,2208709000,7304281.0,2086689.0
2026.07,2208901000,0.0,82674.0
2026.07,2208904000,6518277.0,202776.0
2026.07,2208906000,930.0,927000.0
2026.07,2208907000,0.0,529659.0
2026.07,2208909000,652244.0,823522.0
2026.07,2209001000,651787.0,3009857.0
2026.07,2209009000,165519.0,2150680.0
2026.07,2301101000,1246780.0,37605.0
2026.07,2301102000,0.0,19.0
2026.07,2301201000,788341.0,13120061.0
2026.07,2301209000,3491795.0,926932.0
2026.07,2302100000,0.0,31.0
2026.07,2302300000,6200.0,1561552.0
2026.07,2302401000,0.0,23.0
2026.07,2302409000,0.0,254428.0
2026.07,2302500000,0.0,37.0
2026.07,2303100000,981191.0,14314098.0
2026.07,2303200000,25531.0,2492206.0
2026.07,2303301000,1017600.0,29351753.0
2026.07,2303309000,0.0,43.0
2026.07,2304000000,111.0,63837502.0
2026.07,2305000000,0.0,41799.0
2026.07,2306410000,0.0,1036146.0
2026.07,2306490000,0.0,16460302.0
2026.07,2306500000,0.0,3163769.0
2026.07,2306600000,0.0,14661095.0
2026.07,2306903000,0.0,481911.0
2026.07,2306909000,0.0,1185141.0
2026.07,2308001000,0.0,625141.0
2026.07,2308003000,0.0,316695.0
2026.07,2308009000,0.0,2430003.0
2026.07,2309101000,4121239.0,17239339.0
2026.07,2309102000,5622237.0,14315302.0
2026.07,2309901010,34557.0,46570.0
2026.07,2309901020,8097.0,43761.0
2026.07,2309901030,248265.0,2479347.0
2026.07,2309901040,0.0,2663455.0
2026.07,2309901091,0.0,671774.0
2026.07,2309901099,332423.0,6173831.0
2026.07,2309902010,218534.0,181050.0
2026.07,2309902020,4600.0,132575.0
2026.07,2309902030,66188.0,584264.0
2026.07,2309902099,1064764.0,3716813.0
2026.07,2309903010,0.0,458913.0
2026.07,2309903020,126731.0,176742.0
2026.07,2309903030,0.0,6124.0
2026.07,2309903090,650370.0,155007.0
2026.07,2309909010,181.0,127962.0
2026.07,2309909090,5013390.0,8138099.0
2026.07,2401103000,77560.0,8583102.0
2026.07,2401109000,0.0,139.0
2026.07,2401201000,903615.0,16285937.0
2026.07,2401202000,372163.0,2900406.0
2026.07,2401203000,0.0,382684.0
2026.07,2401209000,90805.0,1237645.0
2026.07,2401301000,0.0,254774.0
2026.07,2401302000,0.0,265156.0
2026.07,2401309000,2856.0,44542.0
2026.07,2402101000,3797.0,204982.0
2026.07,2402103000,108415.0,16212.0
2026.07,2402201000,73448281.0,7207351.0
2026.07,2402209000,82.0,34.0
2026.07,2403191000,0.0,739.0
2026.07,2403199000,67279.0,1949695.0
2026.07,2403911000,930446.0,642176.0
2026.07,2403919000,0.0,77173.0
2026.07,2403991000,0.0,2099.0
2026.07,2403992000,0.0,22.0
2026.07,2403994000,0.0,7443.0
2026.07,2403999000,1226288.0,1798501.0
2026.07,2404110000,15458030.0,303505.0
2026.07,2404121000,20.0,4072779.0
2026.07,2404129000,0.0,21563.0
2026.07,2404191000,217218.0,36.0
2026.07,2404199010,267106.0,985147.0
2026.07,2404199090,903528.0,132142.0
2026.07,2404910000,0.0,1178220.0
2026.07,2404920000,0.0,130075.0
2026.07,2404990000,0.0,3430.0
2026.07,2424000000,4112572.0,0.0
2026.07,2501001010,576.0,56773.0
2026.07,2501001020,51872.0,16013524.0
2026.07,2501009010,459727.0,1316603.0
2026.07,2501009020,932.0,1196091.0
2026.07,2501009090,204418.0,560820.0
2026.07,2502000000,2771.0,156419.0
2026.07,2503000000,79546974.0,561861.0
2026.07,2504101000,4062.0,1619352.0
2026.07,2504102000,0.0,30886.0
2026.07,2504109000,85271.0,3498237.0
2026.07,2504900000,4856.0,0.0
2026.07,2505100000,110818.0,1546399.0
2026.07,2505901010,0.0,4677.0
2026.07,2505901020,0.0,245.0
2026.07,2505901090,9946.0,56.0
2026.07,2505909000,92989.0,2689.0
2026.07,2506101000,1659.0,61657.0
2026.07,2506102000,0.0,17576.0
2026.07,2506103000,100911.0,595796.0
2026.07,2506200000,0.0,9867.0
2026.07,2507001010,24464.0,1720306.0
2026.07,2507001090,59580.0,2041232.0
2026.07,2507002000,13247.0,319213.0
2026.07,2507009000,4877.0,69870.0
2026.07,2508100000,128018.0,2803026.0
2026.07,2508300000,27400.0,150247.0
2026.07,2508402000,0.0,102832.0
2026.07,2508409000,80272.0,336514.0
2026.07,2508501000,0.0,413493.0
2026.07,2508502000,93.0,465588.0
2026.07,2508600000,0.0,1318571.0
2026.07,2508701000,137941.0,33204.0
2026.07,2508702000,200239.0,0.0
2026.07,2509000000,1173.0,224869.0
2026.07,2510101000,0.0,0.0
2026.07,2510201000,0.0,19113.0
2026.07,2510209000,0.0,356.0
2026.07,2511100000,39161.0,1041760.0
2026.07,2512000000,27958.0,294944.0
2026.07,2513101000,15340.0,165080.0
2026.07,2513109000,0.0,116224.0
2026.07,2513201010,0.0,330.0
2026.07,2513201030,0.0,80.0
2026.07,2513201090,0.0,37382.0
2026.07,2513202030,2766.0,170475.0
2026.07,2513202090,28675.0,6393.0
2026.07,2514001000,0.0,9456.0
2026.07,2514009000,0.0,937.0
2026.07,2515121000,0.0,77.0
2026.07,2516110000,0.0,17692.0
2026.07,2516120000,0.0,64535.0
2026.07,2516209000,0.0,4604.0
2026.07,2516901000,772675.0,3550.0
2026.07,2516909000,0.0,35426.0
2026.07,2517101000,4497.0,145804.0
2026.07,2517102000,0.0,14375.0
2026.07,2517109000,550.0,90365.0
2026.07,2517300000,0.0,154304.0
2026.07,2517410000,0.0,19633.0
2026.07,2517491000,0.0,68517.0
2026.07,2517492000,0.0,21343.0
2026.07,2517499000,123903.0,1158701.0
2026.07,2518100000,541712.0,105225.0
2026.07,2518200000,0.0,211082.0
2026.07,2519100000,9330.0,0.0
2026.07,2519901000,1456.0,6353946.0
2026.07,2519902000,5087.0,147247.0
2026.07,2519909000,73983.0,1370589.0
2026.07,2520101000,39645.0,251998.0
2026.07,2520102000,2800.0,45700.0
2026.07,2520201000,127479.0,31685.0
2026.07,2520209000,53444.0,1054669.0
2026.07,2521001000,10091.0,3472200.0
2026.07,2521009000,5471.0,91553.0
2026.07,2522100000,959.0,522855.0
2026.07,2522200000,34937.0,157346.0
2026.07,2522300000,0.0,2.0
2026.07,2523100000,10448123.0,0.0
2026.07,2523210000,57891.0,240246.0
2026.07,2523290000,316474.0,3737022.0
2026.07,2523300000,653564.0,280858.0
2026.07,2523901000,0.0,212.0
2026.07,2523909000,32176.0,12563.0
2026.07,2525100000,0.0,28943.0
2026.07,2525200000,215555.0,679566.0
2026.07,2526100000,0.0,615366.0
2026.07,2526200000,1360399.0,1350390.0
2026.07,2528001000,0.0,94.0
2026.07,2528002000,0.0,168500.0
2026.07,2529100000,371871.0,100962.0
2026.07,2529211000,0.0,167405.0
2026.07,2529219000,22100.0,1861937.0
2026.07,2529221000,0.0,86031.0
2026.07,2529229000,0.0,564.0
2026.07,2529302000,0.0,14100.0
2026.07,2529303000,0.0,4836.0
2026.07,2530101000,2582.0,226361.0
2026.07,2530102000,413359.0,599928.0
2026.07,2530901000,0.0,79.0
2026.07,2530904000,0.0,235.0
2026.07,2530905000,346260.0,56579.0
2026.07,2530906000,0.0,8219.0
2026.07,2530907000,0.0,3566.0
2026.07,2530908000,272118.0,406997.0
2026.07,2530909010,36617.0,0.0
2026.07,2530909020,16033.0,25213.0
2026.07,2530909040,0.0,44.0
2026.07,2530909091,36689.0,176728.0
2026.07,2530909099,853732.0,1728250.0
2026.07,2601111000,0.0,108302582.0
2026.07,2601112000,2520333.0,7912.0
2026.07,2601119000,0.0,554381725.0
2026.07,2601121000,0.0,92125646.0
2026.07,2601129000,0.0,15.0
2026.07,2602000000,0.0,4852247.0
2026.07,2603000000,163669.0,539499400.0
2026.07,2604000000,184159.0,25415627.0
2026.07,2605000000,0.0,108628.0
2026.07,2606000000,85574.0,4617603.0
2026.07,2607000000,2418.0,591609291.0
2026.07,2608000000,210879.0,353937654.0
2026.07,2609000000,0.0,91.0
2026.07,2610000000,0.0,480864.0
2026.07,2611009000,1331894.0,0.0
2026.07,2612100000,0.0,1851.0
2026.07,2613100000,23078334.0,92773756.0
2026.07,2613900000,0.0,45935903.0
2026.07,2614001000,263800.0,1600825.0
2026.07,2614009000,652708.0,3108300.0
2026.07,2615100000,50801.0,492938.0
2026.07,2616100000,0.0,50281631.0
2026.07,2616901000,0.0,8059658.0
2026.07,2616902000,0.0,124.0
2026.07,2617902000,0.0,24.0
2026.07,2618000000,769971.0,212826.0
2026.07,2619001010,0.0,335936.0
2026.07,2619003000,1156954.0,0.0
2026.07,2619009000,268783.0,428782.0
2026.07,2620110000,0.0,1186203.0
2026.07,2620190000,20523.0,3636407.0
2026.07,2620290000,0.0,25933691.0
2026.07,2620300000,0.0,6373555.0
2026.07,2620400000,80475.0,2606575.0
2026.07,2620910000,2342651.0,0.0
2026.07,2620990000,2167188.0,18270664.0
2026.07,2621100000,0.0,65689.0
2026.07,2621902000,0.0,31320.0
2026.07,2621909000,0.0,327760.0
2026.07,2701110000,0.0,30187414.0
2026.07,2701121000,0.0,237232403.0
2026.07,2701122000,0.0,246429801.0
2026.07,2701129010,0.0,134581264.0
2026.07,2701129090,0.0,1021413230.0
2026.07,2701190000,1860.0,11948516.0
2026.07,2701201000,0.0,9.0
2026.07,2702200000,0.0,16322.0
2026.07,2703001000,77528.0,3177873.0
2026.07,2703002000,0.0,12746.0
2026.07,2704001010,877632.0,6517208.0
2026.07,2704001090,2505.0,120107.0
2026.07,2704002000,0.0,6171639.0
2026.07,2705000000,80624.0,0.0
2026.07,2706001000,0.0,1526776.0
2026.07,2706009000,0.0,270225.0
2026.07,2707100000,0.0,1218082.0
2026.07,2707200000,0.0,2275912.0
2026.07,2707300000,51547123.0,38782779.0
2026.07,2707400000,393316.0,263125.0
2026.07,2707500000,33861690.0,2118348.0
2026.07,2707910000,2317527.0,0.0
2026.07,2707991000,402322.0,41198.0
2026.07,2707999000,23948296.0,7900087.0
2026.07,2708100000,0.0,172739.0
2026.07,2708200000,5086673.0,1208543.0
2026.07,2709001010,0.0,3139704212.0
2026.07,2709001030,0.0,2295546882.0
2026.07,2709001040,0.0,1170710663.0
2026.07,2709001050,0.0,808961818.0
2026.07,2709001060,0.0,188075505.0
2026.07,2709001080,0.0,377383495.0
2026.07,2709001090,0.0,1342269382.0
2026.07,2710121000,1050743831.0,64351874.0
2026.07,2710122000,3455525.0,54.0
2026.07,2710123000,0.0,1023618.0
2026.07,2710124000,88274973.0,1100437048.0
2026.07,2710125000,0.0,66965538.0
2026.07,2710129000,21692243.0,22883036.0
2026.07,2710191010,0.0,102516.0
2026.07,2710191090,1777249.0,549702.0
2026.07,2710192010,71512.0,86.0
2026.07,2710192020,1325641149.0,8904674.0
2026.07,2710192030,7772588.0,783.0
2026.07,2710192090,8990553.0,23519.0
2026.07,2710193000,2105109501.0,3013790.0
2026.07,2710194010,1310.0,26657.0
2026.07,2710194020,0.0,211861.0
2026.07,2710194030,44863502.0,295254564.0
2026.07,2710194090,1739160.0,1042.0
2026.07,2710195010,0.0,58639507.0
2026.07,2710195020,803621434.0,17471536.0
2026.07,2710197110,15652.0,123230.0
2026.07,2710197120,68275346.0,5378276.0
2026.07,2710197130,4959131.0,969679.0
2026.07,2710197190,654439.0,364258.0
2026.07,2710197210,27784.0,241467.0
2026.07,2710197220,353142.0,11675.0
2026.07,2710197230,5159094.0,543032.0
2026.07,2710197240,174902.0,52352.0
2026.07,2710197250,327084.0,98253.0
2026.07,2710197310,130.0,0.0
2026.07,2710197320,6141571.0,333530.0
2026.07,2710197330,9018340.0,718571.0
2026.07,2710197410,252909.0,976708.0
2026.07,2710197420,428842.0,222946.0
2026.07,2710197430,138062.0,67421.0
2026.07,2710197440,48502.0,43407.0
2026.07,2710197450,984173.0,15037.0
2026.07,2710197510,10087574.0,6299699.0
2026.07,2710197520,355016.0,450230.0
2026.07,2710197530,36048.0,41063.0
2026.07,2710197540,23561.0,109831.0
2026.07,2710197900,5213393.0,1556528.0
2026.07,2710198010,5400.0,9228.0
2026.07,2710198020,0.0,13816.0
2026.07,2710198030,0.0,8623.0
2026.07,2710198040,692791.0,271124.0
2026.07,2710198090,2522837.0,1787469.0
2026.07,2710199000,75511809.0,15214222.0
2026.07,2710201010,0.0,5.0
2026.07,2710201040,0.0,847.0
2026.07,2710209210,0.0,27.0
2026.07,2710209300,0.0,20782.0
2026.07,2710209430,6712788.0,0.0
2026.07,2710209520,15682.0,28072.0
2026.07,2710209712,475227.0,439979.0
2026.07,2710209713,53169.0,2185.0
2026.07,2710209719,0.0,871.0
2026.07,2710209722,4506.0,0.0
2026.07,2710209723,0.0,4727.0
2026.07,2710209732,1757.0,0.0
2026.07,2710209733,0.0,10839.0
2026.07,2710209741,289.0,0.0
2026.07,2710209742,29364.0,0.0
2026.07,2710209744,0.0,212.0
2026.07,2710209745,11042.0,2143.0
2026.07,2710209790,50090.0,2662.0
2026.07,2710209890,35889.0,36638.0
2026.07,2710209900,4631.0,1046.0
2026.07,2710993000,821.0,0.0
2026.07,2710994090,0.0,46.0
2026.07,2710995000,0.0,128.0
2026.07,2710999000,479.0,92681.0
2026.07,2711110000,3545920.0,2955212368.0
2026.07,2711120000,1179503.0,373603204.0
2026.07,2711130000,13008556.0,142728743.0
2026.07,2711141000,92482.0,0.0
2026.07,2711142000,0.0,866955.0
2026.07,2711190000,6582366.0,7054933.0
2026.07,2711210000,7.0,8.0
2026.07,2711290000,0.0,141164.0
2026.07,2712101000,42.0,350749.0
2026.07,2712109000,453633.0,301715.0
2026.07,2712200000,27861.0,1286635.0
2026.07,2712901010,581319.0,34.0
2026.07,2712901020,1115615.0,522730.0
2026.07,2712901090,44904.0,1349.0
2026.07,2712909030,6504.0,41336.0
2026.07,2712909040,16464.0,78181.0
2026.07,2712909090,15591.0,641824.0
2026.07,2713110000,1220.0,8652529.0
2026.07,2713120000,70517.0,183168.0
2026.07,2713200000,87764929.0,6390761.0
2026.07,2713900000,0.0,156.0
2026.07,2714901000,276736.0,49849.0
2026.07,2715002000,0.0,300050.0
2026.07,2715003000,22804.0,0.0
2026.07,2715009000,445318.0,581387.0
2026.07,2801100000,425271.0,85120.0
2026.07,2801200000,280625.0,2268852.0
2026.07,2801301000,120400.0,0.0
2026.07,2801302000,0.0,288457.0
2026.07,2802001000,0.0,461.0
2026.07,2802002000,267.0,102.0
2026.07,2802003000,2776.0,37325.0
2026.07,2803001000,44758.0,662333.0
2026.07,2803009011,514.0,396462.0
2026.07,2803009019,30732449.0,6448641.0
2026.07,2803009090,4497838.0,2008476.0
2026.07,2804100000,1014.0,10293.0
2026.07,2804210000,208448.0,5007.0
2026.07,2804291000,2896289.0,21717246.0
2026.07,2804292000,0.0,458284.0
2026.07,2804293000,184127.0,1427601.0
2026.07,2804294000,84219.0,907977.0
2026.07,2804299000,234.0,13227.0
2026.07,2804300000,22076.0,59998.0
2026.07,2804400000,8260.0,218290.0
2026.07,2804501000,0.0,330699.0
2026.07,2804502000,1235293.0,12420.0
2026.07,2804611010,141072.0,1006723.0
2026.07,2804611090,732895.0,544545.0
2026.07,2804619000,5278073.0,30707805.0
2026.07,2804690000,476038.0,16336550.0
2026.07,2804701000,0.0,8032699.0
2026.07,2804709000,2221.0,411705.0
2026.07,2804800000,0.0,70456.0
2026.07,2804900000,489279.0,2143.0
2026.07,2805110000,124.0,114729.0
2026.07,2805120000,47.0,168300.0
2026.07,2805190000,4738.0,1363387.0
2026.07,2805301000,1315.0,561468.0
2026.07,2805302000,255.0,366017.0
2026.07,2805303000,682.0,9636.0
2026.07,2805304000,331.0,205145.0
2026.07,2805309000,511803.0,1925898.0
2026.07,2806100000,862837.0,2048409.0
2026.07,2806200000,0.0,11728.0
2026.07,2807001010,539910.0,11861.0
2026.07,2807001090,42964558.0,30158.0
2026.07,2808001010,354489.0,14991.0
2026.07,2808001090,9897101.0,111976.0
2026.07,2808002000,0.0,203.0
2026.07,2809100000,359.0,40719.0
2026.07,2809201010,1323276.0,1719566.0
2026.07,2809201090,1315449.0,10766572.0
2026.07,2809202000,2456.0,24954.0
2026.07,2810001010,0.0,474105.0
2026.07,2810001090,272385.0,976533.0
2026.07,2810002000,65570.0,2535547.0
2026.07,2810009000,69806.0,206951.0
2026.07,2811111000,1270550.0,6765545.0
2026.07,2811119000,735129.0,15608592.0
2026.07,2811192000,411948.0,2247074.0
2026.07,2811193000,626.0,470054.0
2026.07,2811196000,135.0,106026.0
2026.07,2811199000,36708.0,265436.0
2026.07,2811210000,1027737.0,3198137.0
2026.07,2811221000,3581743.0,7944893.0
2026.07,2811229010,1021559.0,2349076.0
2026.07,2811229090,1793468.0,4363874.0
2026.07,2811291000,932139.0,1171947.0
2026.07,2811292000,1043685.0,31165.0
2026.07,2811299000,560434.0,849498.0
2026.07,2812120000,0.0,60515.0
2026.07,2812130000,0.0,2093687.0
2026.07,2812140000,0.0,63923.0
2026.07,2812170000,0.0,172721.0
2026.07,2812190000,4753789.0,2534404.0
2026.07,2812901000,98374.0,508952.0
2026.07,2812902000,1475540.0,595438.0
2026.07,2812903010,305.0,0.0
2026.07,2812909000,15654718.0,5148192.0
2026.07,2813100000,97.0,0.0
2026.07,2813900000,334663.0,624094.0
2026.07,2814100000,2105644.0,94807995.0
2026.07,2814200000,348641.0,55660.0
2026.07,2815110000,24081.0,1644114.0
2026.07,2815120000,27963943.0,1608391.0
2026.07,2815200000,17509429.0,590938.0
2026.07,2815300000,335.0,20578.0
2026.07,2816101000,36112.0,1269013.0
2026.07,2816102000,0.0,12525.0
2026.07,2816400000,244.0,1468568.0
2026.07,2817001000,5718872.0,1745553.0
2026.07,2817002000,0.0,432.0
2026.07,2818101000,1484791.0,5667680.0
2026.07,2818109000,116833.0,1706722.0
2026.07,2818201000,438594.0,327343.0
2026.07,2818209000,3462252.0,8520176.0
2026.07,2818301000,88346.0,163358.0
2026.07,2818309000,3387503.0,15211566.0
2026.07,2819100000,193692.0,826072.0
2026.07,2819901010,2415.0,251523.0
2026.07,2819901090,24030.0,95092.0
2026.07,2820100000,71.0,114057.0
2026.07,2820900000,4890.0,601006.0
2026.07,2821101000,2382272.0,1922145.0
2026.07,2821102000,16507.0,72267.0
2026.07,2821200000,0.0,393.0
2026.07,2822001010,45667.0,128666.0
2026.07,2822001091,0.0,4125476.0
2026.07,2822001099,0.0,2460273.0
2026.07,2822002010,0.0,1900558.0
2026.07,2822002090,297072.0,1299967.0
2026.07,2823001000,7043697.0,2375594.0
2026.07,2823009000,195765.0,1002913.0
2026.07,2824100000,87.0,83416.0
2026.07,2824901000,217296.0,0.0
2026.07,2824909000,106669.0,0.0
2026.07,2825101000,1489562.0,512365.0
2026.07,2825102000,0.0,1512962.0
2026.07,2825109000,4111.0,14343.0
2026.07,2825201000,61.0,10170.0
2026.07,2825202000,47364425.0,201380453.0
2026.07,2825301000,1205334.0,6198631.0
2026.07,2825309000,0.0,356.0
2026.07,2825401000,12050.0,166299.0
2026.07,2825402000,1237259.0,2484.0
2026.07,2825501000,2491892.0,6671552.0
2026.07,2825502090,0.0,280457.0
2026.07,2825601000,0.0,3652280.0
2026.07,2825602000,342467.0,2029501.0
2026.07,2825701000,2694470.0,2661316.0
2026.07,2825702000,0.0,562.0
2026.07,2825800000,12126103.0,245921.0
2026.07,2825901010,35445.0,129636.0
2026.07,2825901020,2373897.0,19928472.0
2026.07,2825901030,451923.0,703637.0
2026.07,2825901040,0.0,11315072.0
2026.07,2825901090,1321072.0,17235303.0
2026.07,2825902010,3536.0,128925.0
2026.07,2825902050,842705.0,157403089.0
2026.07,2825902090,344690.0,1722556.0
2026.07,2825903000,18968.0,0.0
2026.07,2825909000,5256.0,413410.0
2026.07,2826120000,0.0,223403.0
2026.07,2826191000,175.0,12386.0
2026.07,2826193010,0.0,37.0
2026.07,2826193090,0.0,298838.0
2026.07,2826194000,1236011.0,451745.0
2026.07,2826195000,17569415.0,7282982.0
2026.07,2826199000,97172.0,1382055.0
2026.07,2826300000,94600.0,258852.0
2026.07,2826903000,0.0,76406.0
2026.07,2826904000,6866843.0,5607954.0
2026.07,2826905000,0.0,1474.0
2026.07,2826906000,1075.0,85471.0
2026.07,2826909000,565920.0,243434.0
2026.07,2827100000,1277.0,149805.0
2026.07,2827200000,33272.0,1018059.0
2026.07,2827310000,26101.0,545671.0
2026.07,2827320000,37703.0,147997.0
2026.07,2827350000,47301.0,222947.0
2026.07,2827391000,1090820.0,68644.0
2026.07,2827399000,2995827.0,9223098.0
2026.07,2827491000,88003.0,1751852.0
2026.07,2827492000,0.0,12860.0
2026.07,2827511000,276.0,358518.0
2026.07,2827512000,3020.0,23392.0
2026.07,2827590000,1850.0,435235.0
2026.07,2827601000,90643.0,474124.0
2026.07,2827609010,452767.0,1748314.0
2026.07,2827609090,172746.0,1399349.0
2026.07,2828100000,324.0,314460.0
2026.07,2828901000,199.0,161193.0
2026.07,2828909000,6559.0,63210.0
2026.07,2829110000,54.0,530505.0
2026.07,2829190000,2508.0,15748.0
2026.07,2829909000,4851.0,174629.0
2026.07,2830101000,118870.0,458733.0
2026.07,2830109000,47.0,157023.0
2026.07,2830901000,670957.0,1507150.0
2026.07,2830902000,0.0,21271.0
2026.07,2831101000,376878.0,87847.0
2026.07,2831102000,531.0,476884.0
2026.07,2831900000,5786.0,46035.0
2026.07,2832100000,607.0,637979.0
2026.07,2832200000,6118.0,15509.0
2026.07,2832302000,9543.0,785432.0
2026.07,2832309000,46904.0,16405.0
2026.07,2833110000,258342.0,173568.0
2026.07,2833190000,7709.0,196107.0
2026.07,2833210000,44335.0,841549.0
2026.07,2833229000,23753.0,14988.0
2026.07,2833240000,27194342.0,3878075.0
2026.07,2833259000,121048.0,4978463.0
2026.07,2833270000,18412.0,631734.0
2026.07,2833291000,41052.0,261874.0
2026.07,2833292010,2057180.0,0.0
2026.07,2833292090,1407319.0,2366671.0
2026.07,2833293010,487135.0,46544.0
2026.07,2833293090,182.0,142150.0
2026.07,2833299000,974290.0,1265946.0
2026.07,2833300000,181.0,9915.0
2026.07,2833401000,311.0,153675.0
2026.07,2833402000,24944.0,417525.0
2026.07,2833409000,6112.0,483047.0
2026.07,2834100000,317.0,422545.0
2026.07,2834210000,20433.0,1592144.0
2026.07,2834291000,62.0,29586.0
2026.07,2834299000,362383.0,1017602.0
2026.07,2835101000,193.0,747799.0
2026.07,2835109000,871.0,58201.0
2026.07,2835221000,20205.0,94634.0
2026.07,2835222000,14089.0,410650.0
2026.07,2835240000,2208.0,1435093.0
2026.07,2835250000,106.0,402923.0
2026.07,2835260000,512001.0,2388778.0
2026.07,2835291000,276.0,248233.0
2026.07,2835299000,96757.0,1717321.0
2026.07,2835310000,52.0,591323.0
2026.07,2835391000,15291.0,176155.0
2026.07,2835392000,1172.0,244742.0
2026.07,2835399000,86309.0,2540595.0
2026.07,2836200000,171700.0,9084275.0
2026.07,2836300000,68564.0,5165670.0
2026.07,2836400000,12249825.0,203711.0
2026.07,2836500000,243747.0,647637.0
2026.07,2836600000,68295.0,1352109.0
2026.07,2836910000,22492863.0,14056419.0
2026.07,2836920000,79741.0,1300942.0
2026.07,2836991010,59328.0,146814.0
2026.07,2836991020,371.0,191238.0
2026.07,2836991039,8150.0,21775.0
2026.07,2836991090,733560.0,3555216.0
2026.07,2836992000,670925.0,418256.0
2026.07,2837111000,15964933.0,458.0
2026.07,2837191010,86492.0,281210.0
2026.07,2837191020,1309285.0,167.0
2026.07,2837191030,7370.0,120.0
2026.07,2837191090,265418.0,85.0
2026.07,2837192000,0.0,1219.0
2026.07,2837201000,0.0,8336.0
2026.07,2837202000,82.0,594.0
2026.07,2837209000,403358.0,105838.0
2026.07,2839110000,11131.0,113500.0
2026.07,2839190000,8956.0,2433297.0
2026.07,2839901000,202.0,53504.0
2026.07,2839902000,0.0,2526.0
2026.07,2839909000,249660.0,1012349.0
2026.07,2840110000,55.0,8344.0
2026.07,2840190000,939.0,680666.0
2026.07,2840200000,1874.0,595310.0
2026.07,2840300000,372.0,8561.0
2026.07,2841300000,0.0,54000.0
2026.07,2841500000,27682.0,7639.0
2026.07,2841610000,24384.0,1993.0
2026.07,2841691000,620734.0,4472158.0
2026.07,2841692000,0.0,448.0
2026.07,2841693000,0.0,343566.0
2026.07,2841700000,2003.0,1797695.0
2026.07,2841800000,14781767.0,355668.0
2026.07,2841901000,28454.0,176.0
2026.07,2841902010,6959016.0,2858405.0
2026.07,2841902090,90424.0,1429025.0
2026.07,2841903000,152.0,310746.0
2026.07,2841904000,4691.0,101681.0
2026.07,2841905000,277.0,782191.0
2026.07,2841909010,776683.0,6799402.0
2026.07,2841909020,402877013.0,229588572.0
2026.07,2841909030,140574722.0,0.0
2026.07,2841909040,1983.0,0.0
2026.07,2841909090,417934.0,827365.0
2026.07,2842101000,1311780.0,902197.0
2026.07,2842109000,61971.0,1191956.0
2026.07,2842903000,37552.0,1141953.0
2026.07,2842909000,3956755.0,2153786.0
2026.07,2843100000,66509.0,5092.0
2026.07,2843210000,10493.0,16898.0
2026.07,2843290000,11096863.0,671805.0
2026.07,2843301000,5748079.0,1339496.0
2026.07,2843309000,11884721.0,11048024.0
2026.07,2843909010,511065.0,2559984.0
2026.07,2843909090,5130385.0,2881162.0
2026.07,2844101000,0.0,1378.0
2026.07,2844109000,0.0,1915.0
2026.07,2844209000,0.0,15980.0
2026.07,2844301000,0.0,4323.0
2026.07,2844410000,28307.0,2835.0
2026.07,2844420000,0.0,69140.0
2026.07,2844430000,874830.0,5180068.0
2026.07,2845100000,329.0,277503.0
2026.07,2845901000,281914.0,4687855.0
2026.07,2845902000,0.0,3376.0
2026.07,2845909000,3858662.0,15796077.0
2026.07,2846100000,27824.0,2562127.0
2026.07,2846901000,15063241.0,3081044.0
2026.07,2846909000,1983775.0,15003142.0
2026.07,2847002000,1132374.0,66.0
2026.07,2847009000,7846075.0,48459.0
2026.07,2849100000,0.0,38745.0
2026.07,2849200000,425354.0,5240815.0
2026.07,2849901000,327033.0,1475145.0
2026.07,2849909010,25311918.0,12364572.0
2026.07,2849909090,7563.0,1363524.0
2026.07,2850001000,2442287.0,4479609.0
2026.07,2850002000,238774.0,2171433.0
2026.07,2850003000,399.0,138450.0
2026.07,2850004000,94.0,10213.0
2026.07,2850005000,215241.0,336534.0
2026.07,2852100000,92352.0,96566.0
2026.07,2853901000,83506.0,211558.0
2026.07,2853902000,169912.0,0.0
2026.07,2853909000,5777326.0,6305999.0
2026.07,2901101000,77224.0,114468.0
2026.07,2901102000,1508790.0,650723.0
2026.07,2901103000,6786362.0,11964.0
2026.07,2901109000,1712210.0,2734925.0
2026.07,2901210000,92761435.0,11161489.0
2026.07,2901220000,145921735.0,36414963.0
2026.07,2901230000,5975162.0,7034.0
2026.07,2901241000,21551656.0,57612710.0
2026.07,2901242000,6208591.0,908.0
2026.07,2901291000,26.0,5362454.0
2026.07,2901292000,33922.0,15251822.0
2026.07,2901299000,1362743.0,2882722.0
2026.07,2902110000,49217.0,354611.0
2026.07,2902191000,0.0,4424185.0
2026.07,2902199000,4889239.0,7943399.0
2026.07,2902200000,182985629.0,32912686.0
2026.07,2902300000,19649528.0,32954996.0
2026.07,2902410000,12075695.0,1039.0
2026.07,2902420000,247.0,7380.0
2026.07,2902430000,368086958.0,4999070.0
2026.07,2902440000,133564.0,10557562.0
2026.07,2902500000,29114520.0,38667419.0
2026.07,2902600000,29.0,680.0
2026.07,2902700000,204210.0,2079339.0
2026.07,2902901000,103.0,257075.0
2026.07,2902902000,113.0,147.0
2026.07,2902903000,21.0,5615602.0
2026.07,2902909000,102595.0,1880898.0
2026.07,2903111000,0.0,97998.0
2026.07,2903112000,0.0,33263.0
2026.07,2903120000,1053551.0,552243.0
2026.07,2903130000,29313.0,42970.0
2026.07,2903140000,0.0,153.0
2026.07,2903150000,4818788.0,3380.0
2026.07,2903190000,103999.0,286044.0
2026.07,2903210000,14217573.0,3599523.0
2026.07,2903220000,92.0,29638.0
2026.07,2903230000,227.0,56785.0
2026.07,2903290000,0.0,457690.0
2026.07,2903410000,32228.0,450953.0
2026.07,2903420000,634445.0,1831112.0
2026.07,2903430000,1221064.0,1126526.0
2026.07,2903440000,918944.0,0.0
2026.07,2903450000,21934.0,2983165.0
2026.07,2903460000,0.0,147860.0
2026.07,2903470000,0.0,1759610.0
2026.07,2903491000,47782.0,84337.0
2026.07,2903499000,57042.0,4240777.0
2026.07,2903510000,617653.0,10843818.0
2026.07,2903590000,2638210.0,2391323.0
2026.07,2903610000,0.0,183180.0
2026.07,2903620000,0.0,2.0
2026.07,2903690000,41064.0,569202.0
2026.07,2903710000,1116084.0,1454375.0
2026.07,2903720000,0.0,405283.0
2026.07,2903780000,760.0,499301.0
2026.07,2903790000,60.0,225269.0
2026.07,2903810000,0.0,331.0
2026.07,2903820000,0.0,220.0
2026.07,2903891000,0.0,209.0
2026.07,2903899000,102930.0,894056.0
2026.07,2903910000,582176.0,334602.0
2026.07,2903992000,0.0,7771.0
2026.07,2903999000,1551379.0,4834667.0
2026.07,2904100000,2131289.0,1903240.0
2026.07,2904201000,34.0,51.0
2026.07,2904209010,293.0,1485.0
2026.07,2904209090,3716.0,67502.0
2026.07,2904310000,0.0,359.0
2026.07,2904330000,63.0,0.0
2026.07,2904990000,433261.0,1197108.0
2026.07,2905110000,525116.0,80893269.0
2026.07,2905121000,58375.0,351599.0
2026.07,2905122010,89093.0,1416.0
2026.07,2905122090,14175227.0,125634.0
2026.07,2905130000,10503.0,4610574.0
2026.07,2905140000,100360.0,5340936.0
2026.07,2905161000,42229.0,3995073.0
2026.07,2905169000,5283.0,1440792.0
2026.07,2905171000,64.0,440153.0
2026.07,2905172000,3028.0,1621252.0
2026.07,2905173000,5640.0,1401212.0
2026.07,2905191000,0.0,338.0
2026.07,2905192000,0.0,22.0
2026.07,2905193000,0.0,3787690.0
2026.07,2905194000,374.0,42568.0
2026.07,2905199020,0.0,629582.0
2026.07,2905199090,167324.0,2087456.0
2026.07,2905221000,110.0,361636.0
2026.07,2905229000,43.0,68346.0
2026.07,2905290000,279.0,1339093.0
2026.07,2905310000,9650678.0,18274332.0
2026.07,2905320000,18084152.0,2053763.0
2026.07,2905391000,309691.0,4540922.0
2026.07,2905392000,5489818.0,1861301.0
2026.07,2905399000,2529463.0,12446157.0
2026.07,2905410000,517.0,1408946.0
2026.07,2905420000,24686.0,2277995.0
2026.07,2905430000,1139.0,1102375.0
2026.07,2905440000,19850.0,1777835.0
2026.07,2905450000,131551.0,8364743.0
2026.07,2905490000,21138.0,2578754.0
2026.07,2905590000,245544.0,137162.0
2026.07,2906110000,2051.0,2714115.0
2026.07,2906120000,276.0,2468383.0
2026.07,2906131000,0.0,98682.0
2026.07,2906132000,892815.0,532609.0
2026.07,2906191000,0.0,3149.0
2026.07,2906192000,6212.0,251950.0
2026.07,2906199000,1941983.0,933938.0
2026.07,2906210000,5910.0,1135649.0
2026.07,2906290000,12948.0,1245333.0
2026.07,2907111000,9473915.0,7247196.0
2026.07,2907112000,0.0,172377.0
2026.07,2907121000,118.0,2449440.0
2026.07,2907122000,0.0,363501.0
2026.07,2907131000,1378966.0,31.0
2026.07,2907132000,0.0,706027.0
2026.07,2907139000,0.0,8700.0
2026.07,2907151000,229.0,90106.0
2026.07,2907152000,0.0,14.0
2026.07,2907191000,154.0,3311.0
2026.07,2907192000,0.0,159067.0
2026.07,2907199000,2497666.0,4575912.0
2026.07,2907211000,77776.0,2303850.0
2026.07,2907212000,0.0,6032.0
2026.07,2907221000,53.0,728058.0
2026.07,2907231000,28031762.0,2788223.0
2026.07,2907232000,0.0,10009.0
2026.07,2907291000,18192.0,294505.0
2026.07,2907299000,1560982.0,2765819.0
2026.07,2908191000,90.0,47226.0
2026.07,2908192000,683591.0,0.0
2026.07,2908193000,0.0,330800.0
2026.07,2908199000,238.0,17345.0
2026.07,2908920000,0.0,46.0
2026.07,2908990000,402.0,601665.0
2026.07,2909110000,431.0,153736.0
2026.07,2909192000,248.0,20777958.0
2026.07,2909199000,237436.0,2695175.0
2026.07,2909200000,47929.0,29228.0
2026.07,2909301000,80845.0,25312.0
2026.07,2909302000,0.0,25722.0
2026.07,2909303000,31.0,64179.0
2026.07,2909309010,0.0,128427.0
2026.07,2909309090,255616.0,1603769.0
2026.07,2909410000,259535.0,2457314.0
2026.07,2909430000,8253607.0,117590.0
2026.07,2909441000,117138.0,200044.0
2026.07,2909449000,55067.0,337453.0
2026.07,2909491000,2986.0,534179.0
2026.07,2909499000,11424840.0,9879785.0
2026.07,2909500000,2295.0,418043.0
2026.07,2909601000,0.0,401269.0
2026.07,2909602000,1592508.0,542142.0
2026.07,2909603000,0.0,1295.0
2026.07,2909609000,148235.0,2317976.0
2026.07,2910100000,5616.0,8063.0
2026.07,2910200000,195053.0,2323337.0
2026.07,2910300000,9947644.0,17402049.0
2026.07,2910900000,1108554.0,1530245.0
2026.07,2911000000,643245.0,185744.0
2026.07,2912110000,24281.0,80591.0
2026.07,2912120000,2282.0,7267.0
2026.07,2912193000,59.0,17874.0
2026.07,2912199000,662.0,310690.0
2026.07,2912210000,12600.0,599557.0
2026.07,2912290000,615.0,1382923.0
2026.07,2912410000,4219.0,196834.0
2026.07,2912420000,0.0,25579.0
2026.07,2912490000,845.0,146496.0
2026.07,2912500000,0.0,11446.0
2026.07,2912600000,175.0,2910277.0
2026.07,2913000000,250.0,7134.0
2026.07,2914110000,15084664.0,5263.0
2026.07,2914120000,86376.0,6914446.0
2026.07,2914130000,4252331.0,589512.0
2026.07,2914190000,943156.0,548458.0
2026.07,2914221000,122907.0,3316559.0
2026.07,2914231000,0.0,21383.0
2026.07,2914232000,0.0,12322.0
2026.07,2914291000,0.0,93.0
2026.07,2914299000,77511.0,2225298.0
2026.07,2914390000,1518.0,412793.0
2026.07,2914401000,0.0,110026.0
2026.07,2914409000,620531.0,397977.0
2026.07,2914501000,9706.0,352809.0
2026.07,2914509000,163811.0,1076430.0
2026.07,2914610000,0.0,8609.0
2026.07,2914620000,86750.0,2077800.0
2026.07,2914691000,0.0,318889.0
2026.07,2914699000,489.0,54825.0
2026.07,2914710000,0.0,1342.0
2026.07,2914799000,142614.0,616461.0
2026.07,2915110000,3644.0,323415.0
2026.07,2915121000,0.0,24222.0
2026.07,2915129000,7473.0,194411.0
2026.07,2915130000,80.0,125136.0
2026.07,2915210000,9029090.0,1639431.0
2026.07,2915240000,984.0,560232.0
2026.07,2915291000,101.0,59615.0
2026.07,2915292000,2313.0,281553.0
2026.07,2915293000,152.0,145.0
2026.07,2915299000,13473.0,804153.0
2026.07,2915310000,226367.0,4066230.0
2026.07,2915320000,14620267.0,1843942.0
2026.07,2915331000,99460.0,2115.0
2026.07,2915339000,149921.0,822018.0
2026.07,2915391000,0.0,12434.0
2026.07,2915392000,31.0,8218.0
2026.07,2915393000,59723.0,660897.0
2026.07,2915394000,447.0,158859.0
2026.07,2915395000,27.0,265847.0
2026.07,2915399000,1651453.0,13006707.0
2026.07,2915401000,133.0,136555.0
2026.07,2915409000,516.0,95659.0
2026.07,2915500000,31447.0,318085.0
2026.07,2915600000,7244.0,781935.0
2026.07,2915701000,91255.0,1242166.0
2026.07,2915702010,13755.0,461061.0
2026.07,2915702020,204143.0,414999.0
2026.07,2915702030,0.0,153286.0
2026.07,2915702040,350282.0,532965.0
2026.07,2915702050,6648.0,92066.0
2026.07,2915702070,170714.0,392248.0
2026.07,2915702080,0.0,22152.0
2026.07,2915702090,570787.0,36750.0
2026.07,2915901000,672213.0,90013.0
2026.07,2915909010,49.0,1111756.0
2026.07,2915909020,665271.0,0.0
2026.07,2915909030,0.0,245.0
2026.07,2915909090,5696870.0,8831286.0
2026.07,2916111000,3580050.0,2091428.0
2026.07,2916119000,0.0,18264.0
2026.07,2916121000,440902.0,805841.0
2026.07,2916122000,90180.0,1441586.0
2026.07,2916123000,153321.0,922472.0
2026.07,2916124000,286749.0,1914125.0
2026.07,2916129000,9009820.0,4422906.0
2026.07,2916131000,3706129.0,217027.0
2026.07,2916139000,104844.0,305323.0
2026.07,2916141000,5442107.0,3683685.0
2026.07,2916149000,6936553.0,3865520.0
2026.07,2916151000,751940.0,487557.0
2026.07,2916152000,195.0,7457.0
2026.07,2916153000,0.0,7636.0
2026.07,2916190000,1528108.0,6470059.0
2026.07,2916203000,0.0,492234.0
2026.07,2916209000,315962.0,1122829.0
2026.07,2916311000,3661.0,193537.0
2026.07,2916312000,121.0,535925.0
2026.07,2916313000,62.0,76454.0
2026.07,2916319090,162458.0,741773.0
2026.07,2916321000,245531.0,196449.0
2026.07,2916322000,509.0,218722.0
2026.07,2916391000,0.0,2362.0
2026.07,2916399090,736762.0,1798871.0
2026.07,2917111000,588718.0,36756.0
2026.07,2917112000,125764.0,56646.0
2026.07,2917113000,0.0,2135.0
2026.07,2917121000,8588120.0,1876945.0
2026.07,2917122000,0.0,1128.0
2026.07,2917123010,99020.0,53787.0
2026.07,2917123090,65525.0,567314.0
2026.07,2917131000,0.0,428620.0
2026.07,2917132000,4446.0,769311.0
2026.07,2917140000,4209145.0,158505.0
2026.07,2917192000,10539.0,103261.0
2026.07,2917193000,62127.0,56263.0
2026.07,2917199000,278053.0,2363004.0
2026.07,2917200000,4456306.0,1953074.0
2026.07,2917321000,3025545.0,92.0
2026.07,2917329000,613.0,668.0
2026.07,2917331000,4565477.0,78000.0
2026.07,2917332000,0.0,2591.0
2026.07,2917342000,538359.0,55.0
2026.07,2917343000,169062.0,523.0
2026.07,2917349000,1135317.0,501644.0
2026.07,2917350000,10109744.0,6312.0
2026.07,2917361000,182484341.0,21952.0
2026.07,2917369000,37.0,38265.0
2026.07,2917370000,7762315.0,1475.0
2026.07,2917391000,0.0,293062.0
2026.07,2917392000,808434.0,33465.0
2026.07,2917393000,0.0,1502893.0
2026.07,2917399000,14984805.0,6027052.0
2026.07,2918111000,2728.0,824463.0
2026.07,2918112000,8809.0,353150.0
2026.07,2918113000,1088963.0,3434230.0
2026.07,2918120000,319.0,406303.0
2026.07,2918131000,6906.0,580236.0
2026.07,2918132000,1821295.0,17574.0
2026.07,2918140000,20519.0,2901962.0
2026.07,2918151000,13196.0,1069422.0
2026.07,2918152000,380.0,336504.0
2026.07,2918161000,15026.0,163909.0
2026.07,2918162000,10117.0,595730.0
2026.07,2918163000,0.0,1166.0
2026.07,2918191010,675911.0,90242.0
2026.07,2918191090,3004138.0,4481974.0
2026.07,2918192000,139820.0,116159.0
2026.07,2918193000,5807.0,4812583.0
2026.07,2918199000,690787.0,5957665.0
2026.07,2918210000,36873.0,283522.0
2026.07,2918220000,0.0,85794.0
2026.07,2918231000,63529.0,775540.0
2026.07,2918232000,7523.0,17525.0
2026.07,2918291000,2985.0,634298.0
2026.07,2918299010,100.0,172291.0
2026.07,2918299030,105.0,227217.0
2026.07,2918299090,12639325.0,1911580.0
2026.07,2918309000,407852.0,1009208.0
2026.07,2918991000,0.0,9178.0
2026.07,2918999000,1875321.0,5411050.0
2026.07,2919901010,0.0,159740.0
2026.07,2919901090,199918.0,1990364.0
2026.07,2919902000,8142.0,582304.0
2026.07,2919909000,133594.0,2161198.0
2026.07,2920199000,0.0,56802.0
2026.07,2920210000,0.0,299.0
2026.07,2920220000,0.0,25.0
2026.07,2920240000,0.0,3229.0
2026.07,2920290000,6713524.0,1504190.0
2026.07,2920909110,0.0,276643.0
2026.07,2920909190,83317.0,62186.0
2026.07,2920909200,3594622.0,3701333.0
2026.07,2920909900,2950284.0,4237956.0
2026.07,2921111010,445979.0,335.0
2026.07,2921111020,0.0,1323.0
2026.07,2921112010,2360691.0,68781.0
2026.07,2921112020,126638.0,120646.0
2026.07,2921113010,12057.0,16782.0
2026.07,2921113020,0.0,308.0
2026.07,2921130000,0.0,53.0
2026.07,2921192000,10020.0,216732.0
2026.07,2921199010,10947.0,555947.0
2026.07,2921199090,4168500.0,5772583.0
2026.07,2921211000,128.0,1462523.0
2026.07,2921212000,97.0,3508.0
2026.07,2921221000,890592.0,3527500.0
2026.07,2921222000,459511.0,0.0
2026.07,2921229000,0.0,8.0
2026.07,2921291000,0.0,531967.0
2026.07,2921292000,0.0,2570677.0
2026.07,2921299000,3833.0,2191426.0
2026.07,2921301000,2998.0,148390.0
2026.07,2921309000,478.0,1840176.0
2026.07,2921411000,189.0,108804.0
2026.07,2921412000,24.0,63.0
2026.07,2921423000,0.0,48.0
2026.07,2921429020,245079.0,91342.0
2026.07,2921429090,580.0,151891.0
2026.07,2921435000,675948.0,22360.0
2026.07,2921436000,334191.0,81835.0
2026.07,2921437000,0.0,32260.0
2026.07,2921439010,0.0,424019.0
2026.07,2921439090,152.0,440471.0
2026.07,2921441000,198.0,3667043.0
2026.07,2921449000,387.0,9681.0
2026.07,2921459030,0.0,849353.0
2026.07,2921459090,511.0,1302319.0
2026.07,2921491000,0.0,23808.0
2026.07,2921499000,3689851.0,8235509.0
2026.07,2921511000,0.0,49149.0
2026.07,2921512000,6718278.0,268186.0
2026.07,2921519010,0.0,101164.0
2026.07,2921519020,0.0,625444.0
2026.07,2921519030,11530.0,2226619.0
2026.07,2921519040,470365.0,0.0
2026.07,2921519090,26089.0,1212870.0
2026.07,2921599000,283947.0,3007352.0
2026.07,2922111000,431447.0,482398.0
2026.07,2922112000,154.0,74051.0
2026.07,2922121000,182742.0,382632.0
2026.07,2922122000,0.0,1570.0
2026.07,2922150000,110792.0,1324760.0
2026.07,2922171000,194351.0,1167139.0
2026.07,2922193000,1965.0,314746.0
2026.07,2922199000,528270.0,10358896.0
2026.07,2922211000,0.0,50797.0
2026.07,2922212000,0.0,2029380.0
2026.07,2922213000,0.0,65271.0
2026.07,2922219000,307.0,14571.0
2026.07,2922292000,87.0,70340.0
2026.07,2922299000,313794.0,1551483.0
2026.07,2922393000,0.0,607262.0
2026.07,2922399000,2266.0,175969.0
2026.07,2922411000,5078393.0,148975.0
2026.07,2922412000,2719.0,78105.0
2026.07,2922413000,5979898.0,3369961.0
2026.07,2922421000,87.0,31620.0
2026.07,2922422000,71534.0,6806656.0
2026.07,2922423000,133.0,87334.0
2026.07,2922430000,0.0,9917.0
2026.07,2922491000,14533.0,1516504.0
2026.07,2922492000,89.0,130043.0
2026.07,2922493000,117.0,223697.0
2026.07,2922494000,37.0,454051.0
2026.07,2922497000,43.0,278681.0
2026.07,2922499000,919345.0,7088496.0
2026.07,2922505000,0.0,23294.0
2026.07,2922506000,1110.0,87761.0
2026.07,2922509000,310969.0,3902471.0
2026.07,2923101000,0.0,162487.0
2026.07,2923102000,72900.0,1395713.0
2026.07,2923201000,325417.0,3257891.0
2026.07,2923202000,800340.0,1178769.0
2026.07,2923900000,5768196.0,12690419.0
2026.07,2924110000,0.0,450.0
2026.07,2924191000,9760.0,993227.0
2026.07,2924192000,33215.0,1137059.0
2026.07,2924199090,7447370.0,8003079.0
2026.07,2924211000,0.0,349639.0
2026.07,2924219000,83784.0,681060.0
2026.07,2924291010,0.0,92917.0
2026.07,2924291020,0.0,726941.0
2026.07,2924291090,159.0,170653.0
2026.07,2924292000,0.0,678051.0
2026.07,2924299010,0.0,108492.0
2026.07,2924299020,0.0,398809.0
2026.07,2924299092,184337.0,548108.0
2026.07,2924299099,639158.0,2514967.0
2026.07,2925111000,139938.0,1038.0
2026.07,2925112000,1880132.0,243004.0
2026.07,2925191000,39.0,21359.0
2026.07,2925199090,1525489.0,2387962.0
2026.07,2925291000,2433.0,247830.0
2026.07,2925299010,0.0,16204.0
2026.07,2925299090,1425869.0,3615799.0
2026.07,2926100000,43983345.0,25961681.0
2026.07,2926200000,46020.0,210554.0
2026.07,2926904000,1337084.0,918795.0
2026.07,2926909000,1962709.0,2623493.0
2026.07,2927001900,2605595.0,410606.0
2026.07,2927002100,1635349.0,2594323.0
2026.07,2927002910,3407.0,77824.0
2026.07,2927002990,184791.0,682024.0
2026.07,2927003000,942880.0,92466.0
2026.07,2928002000,0.0,52665.0
2026.07,2928003000,0.0,88096.0
2026.07,2928009000,1270575.0,801297.0
2026.07,2929101000,50394061.0,250870.0
2026.07,2929102000,34121519.0,264988.0
2026.07,2929109000,1620487.0,5496103.0
2026.07,2929900000,13327701.0,8023725.0
2026.07,2930202010,0.0,97200.0
2026.07,2930202090,14373.0,471146.0
2026.07,2930301000,509.0,9568.0
2026.07,2930302000,1632.0,64234.0
2026.07,2930303000,0.0,50630.0
2026.07,2930400000,427.0,5229625.0
2026.07,2930700000,0.0,341.0
2026.07,2930902090,2120686.0,511896.0
2026.07,2930905030,173.0,123671.0
2026.07,2930905080,937.0,2739.0
2026.07,2930906010,5320957.0,544949.0
2026.07,2930906090,2729.0,187692.0
2026.07,2930907090,600881.0,233992.0
2026.07,2930909010,329.0,30257.0
2026.07,2930909030,118551.0,346844.0
2026.07,2930909050,3567.0,767445.0
2026.07,2930909090,5169284.0,29109907.0
2026.07,2931200000,167.0,944.0
2026.07,2931410000,0.0,5809.0
2026.07,2931490000,180040.0,1730559.0
2026.07,2931540000,0.0,4164.0
2026.07,2931590000,139252.0,1145025.0
2026.07,2931901000,0.0,113700.0
2026.07,2931902000,33.0,27207.0
2026.07,2931903000,18955.0,214550.0
2026.07,2931904000,4722.0,16436.0
2026.07,2931905000,3687.0,89930.0
2026.07,2931909010,3366475.0,10326.0
2026.07,2931909020,0.0,22285.0
2026.07,2931909090,33642895.0,31950036.0
2026.07,2932110000,236547.0,907992.0
2026.07,2932120000,57.0,0.0
2026.07,2932131000,27.0,1281117.0
2026.07,2932132000,96.0,379449.0
2026.07,2932140000,0.0,881613.0
2026.07,2932191000,0.0,9.0
2026.07,2932199000,1314477.0,1775978.0
2026.07,2932201010,0.0,4591.0
2026.07,2932201020,0.0,464.0
2026.07,2932209020,0.0,14597.0
2026.07,2932209030,167982.0,666233.0
2026.07,2932209050,411.0,218.0
2026.07,2932209060,321.0,43655.0
2026.07,2932209070,2449.0,1005.0
2026.07,2932209091,0.0,64081.0
2026.07,2932209099,269823.0,4761496.0
2026.07,2932991000,1131.0,189001.0
2026.07,2932999010,0.0,9937.0
2026.07,2932999090,5126419.0,10813319.0
2026.07,2933119000,5443.0,236367.0
2026.07,2933192000,306821.0,8276223.0
2026.07,2933193000,57.0,109599.0
2026.07,2933199000,1452000.0,1705943.0
2026.07,2933211000,0.0,11728.0
2026.07,2933212000,2269.0,160007.0
2026.07,2933291000,0.0,1.0
2026.07,2933299090,2555526.0,6001737.0
2026.07,2933311000,97421.0,366524.0
2026.07,2933312000,0.0,1205571.0
2026.07,2933321000,42.0,142395.0
2026.07,2933329000,0.0,16500.0
2026.07,2933330000,0.0,25385.0
2026.07,2933350000,0.0,277.0
2026.07,2933360000,0.0,8.0
2026.07,2933370000,0.0,9.0
2026.07,2933392000,11123229.0,1824276.0
2026.07,2933393000,0.0,2580.0
2026.07,2933399000,4325119.0,15988919.0
2026.07,2933491000,0.0,289800.0
2026.07,2933499090,3248303.0,2022096.0
2026.07,2933520000,772186.0,12.0
2026.07,2933530000,0.0,9656.0
2026.07,2933540000,0.0,25.0
2026.07,2933591000,0.0,118189.0
2026.07,2933592000,959210.0,3818811.0
2026.07,2933593000,68537.0,3437836.0
2026.07,2933610000,62963.0,1543879.0
2026.07,2933691000,62900.0,167024.0
2026.07,2933692000,231127.0,169869.0
2026.07,2933699091,0.0,1157704.0
2026.07,2933699099,4887348.0,7226321.0
2026.07,2933710000,0.0,1317516.0
2026.07,2933793000,276.0,299190.0
2026.07,2933799000,1435385.0,13279539.0
2026.07,2933910000,0.0,74109.0
2026.07,2933929000,0.0,116.0
2026.07,2933991000,62.0,896307.0
2026.07,2933999010,424489.0,3352763.0
2026.07,2933999090,11389644.0,23893674.0
2026.07,2934101000,0.0,110988.0
2026.07,2934109010,199283.0,0.0
2026.07,2934109090,9729276.0,2525844.0
2026.07,2934205000,6426.0,160556.0
2026.07,2934206000,2917.0,137868.0
2026.07,2934209000,86757.0,1568376.0
2026.07,2934301000,28.0,146359.0
2026.07,2934309000,0.0,4580.0
2026.07,2934910000,0.0,554.0
2026.07,2934994000,0.0,25015824.0
2026.07,2934995000,12072.0,714898.0
2026.07,2934996000,9213.0,2903456.0
2026.07,2934997000,0.0,34341.0
2026.07,2934999000,35045380.0,38967021.0
2026.07,2935904000,0.0,14752.0
2026.07,2935905000,0.0,134625.0
2026.07,2935909000,15767930.0,8250637.0
2026.07,2936210000,89913.0,1022924.0
2026.07,2936220000,69416.0,2039848.0
2026.07,2936230000,5243897.0,526845.0
2026.07,2936240000,47313.0,2594444.0
2026.07,2936250000,2160.0,675628.0
2026.07,2936260000,2557.0,1365738.0
2026.07,2936271000,98656.0,5325400.0
2026.07,2936272000,0.0,235348.0
2026.07,2936273000,0.0,6197.0
2026.07,2936279000,443303.0,865989.0
2026.07,2936281000,8340.0,1472337.0
2026.07,2936289000,535.0,1386034.0
2026.07,2936291010,0.0,249493.0
2026.07,2936291090,4882.0,10210.0
2026.07,2936292000,10354.0,741913.0
2026.07,2936293000,2337.0,263689.0
2026.07,2936294000,926718.0,306396.0
2026.07,2936295000,30016.0,1908636.0
2026.07,2936299000,288915.0,1201314.0
2026.07,2936901000,2313.0,145979.0
2026.07,2936909000,92936.0,555438.0
2026.07,2937119000,28657.0,533570.0
2026.07,2937120000,0.0,2310803.0
2026.07,2937191000,0.0,296867.0
2026.07,2937199000,3306.0,1875660.0
2026.07,2937211000,0.0,90.0
2026.07,2937212000,0.0,352604.0
2026.07,2937213000,242.0,82206.0
2026.07,2937214000,0.0,92221.0
2026.07,2937220000,155.0,476818.0
2026.07,2937230000,54.0,624122.0
2026.07,2937292000,0.0,540.0
2026.07,2937299000,21606.0,944702.0
2026.07,2937501000,0.0,309197.0
2026.07,2937509000,2342049.0,469747.0
2026.07,2937901000,44.0,49.0
2026.07,2937902100,0.0,1328.0
2026.07,2937902990,0.0,851.0
2026.07,2937903000,19493.0,4151.0
2026.07,2937909000,38436.0,246555.0
2026.07,2938101000,0.0,31117.0
2026.07,2938102000,0.0,3187.0
2026.07,2938902000,10392.0,93326.0
2026.07,2938903000,577.0,3922.0
2026.07,2938904000,2810454.0,2860160.0
2026.07,2938909000,188879.0,2444205.0
2026.07,2939111000,0.0,41.0
2026.07,2939119000,0.0,189764.0
2026.07,2939190000,0.0,1642551.0
2026.07,2939200000,158.0,559.0
2026.07,2939300000,3172.0,257372.0
2026.07,2939419000,0.0,12480.0
2026.07,2939429000,0.0,1316.0
2026.07,2939490000,0.0,91086.0
2026.07,2939590000,15.0,58197.0
2026.07,2939629000,0.0,6.0
2026.07,2939690000,0.0,2515.0
2026.07,2939720000,0.0,2258.0
2026.07,2939791000,42.0,6418.0
2026.07,2939799000,122.0,145486.0
2026.07,2939802000,0.0,2569.0
2026.07,2939809000,280.0,55551.0
2026.07,2940001010,6498.0,254621.0
2026.07,2940001020,0.0,117.0
2026.07,2940001030,31500.0,386131.0
2026.07,2940001090,552387.0,2519656.0
2026.07,2940002090,184540.0,1669592.0
2026.07,2941101000,0.0,3341.0
2026.07,2941109010,0.0,344.0
2026.07,2941109020,0.0,624.0
2026.07,2941109090,427.0,2459090.0
2026.07,2941209000,315.0,186378.0
2026.07,2941301000,0.0,39164.0
2026.07,2941302000,0.0,193505.0
2026.07,2941303000,0.0,103.0
2026.07,2941309000,495730.0,66836.0
2026.07,2941400000,3814.0,249528.0
2026.07,2941501000,0.0,233853.0
2026.07,2941509000,0.0,1394603.0
2026.07,2941901000,0.0,9400.0
2026.07,2941909000,13072733.0,10452414.0
2026.07,2942000000,1918449.0,1933524.0
2026.07,3001202000,0.0,500009.0
2026.07,3001209000,80.0,1725217.0
2026.07,3001901010,1546540.0,6466748.0
2026.07,3001901090,17616.0,0.0
2026.07,3001902090,2701.0,39084.0
2026.07,3001909010,0.0,492755.0
2026.07,3001909020,143758.0,1481618.0
2026.07,3001909090,4019611.0,162096.0
2026.07,3002122000,415.0,1919037.0
2026.07,3002123000,42191274.0,30643022.0
2026.07,3002130000,4280.0,1038896.0
2026.07,3002140000,346257279.0,60562799.0
2026.07,3002150000,230673824.0,362846771.0
2026.07,3002410000,22678417.0,28982209.0
2026.07,3002421000,0.0,2571828.0
2026.07,3002429000,2881058.0,7018917.0
2026.07,3002491000,62777532.0,145699.0
2026.07,3002492000,918439.0,7691313.0
2026.07,3002493000,8036.0,224164.0
2026.07,3002494000,2058195.0,377450.0
2026.07,3002510000,541874.0,4358471.0
2026.07,3002590000,1300910.0,380029.0
2026.07,3002901000,314140.0,81218.0
2026.07,3002902000,1680.0,3338.0
2026.07,3002909000,4772536.0,2369977.0
2026.07,3003101000,17386.0,2786490.0
2026.07,3003102000,38748.0,0.0
2026.07,3003200000,274160.0,1250759.0
2026.07,3003399000,53710.0,12213.0
2026.07,3003490000,0.0,3602.0
2026.07,3003902000,0.0,346892.0
2026.07,3003903000,50708.0,0.0
2026.07,3003909000,3778835.0,5154200.0
2026.07,3004101000,1079636.0,78678.0
2026.07,3004102000,2378.0,0.0
2026.07,3004201000,461530.0,1666642.0
2026.07,3004209100,283736.0,0.0
2026.07,3004209300,45195.0,5502.0
2026.07,3004209900,3378660.0,6956527.0
2026.07,3004310000,0.0,13596731.0
2026.07,3004320000,1024257.0,1084076.0
2026.07,3004391010,8255161.0,14776989.0
2026.07,3004391020,0.0,1378347.0
2026.07,3004393000,22190.0,1005226.0
2026.07,3004396000,0.0,2857.0
2026.07,3004397000,0.0,6621899.0
2026.07,3004399000,4032960.0,180471932.0
2026.07,3004420000,114564.0,0.0
2026.07,3004491000,158854.0,11123559.0
2026.07,3004499000,55493.0,253693.0
2026.07,3004502010,400.0,5.0
2026.07,3004502090,159.0,73412.0
2026.07,3004503000,115953.0,32810.0
2026.07,3004504000,3291.0,928679.0
2026.07,3004509000,2118432.0,208784.0
2026.07,3004600000,1868986.0,730.0
2026.07,3004901000,1863041.0,56954870.0
2026.07,3004909100,31804.0,1198235.0
2026.07,3004909200,98865.0,4084194.0
2026.07,3004909900,68463756.0,245986548.0
2026.07,3005101000,1384343.0,2180805.0
2026.07,3005109000,5809688.0,3309335.0
2026.07,3005901000,63736.0,532587.0
2026.07,3005902000,1200.0,2410233.0
2026.07,3005903000,1147583.0,911472.0
2026.07,3005904000,11942420.0,3938800.0
2026.07,3005909000,511591.0,627805.0
2026.07,3006101010,905620.0,11445.0
2026.07,3006101020,5008197.0,4614982.0
2026.07,3006102000,33677.0,1659427.0
2026.07,3006103000,55292.0,0.0
2026.07,3006104000,1078257.0,1772156.0
2026.07,3006105010,24056.0,7307.0
2026.07,3006105020,339.0,105973.0
2026.07,3006105090,966109.0,595620.0
2026.07,3006301000,494210.0,8169270.0
2026.07,3006302000,59525.0,2081925.0
2026.07,3006401000,2154212.0,662258.0
2026.07,3006402000,5853494.0,1391856.0
2026.07,3006403000,1018360.0,504370.0
2026.07,3006500000,2885.0,49157.0
2026.07,3006600000,0.0,2007330.0
2026.07,3006700000,529369.0,930382.0
2026.07,3006910000,85.0,683593.0
2026.07,3006921090,44.0,0.0
2026.07,3006924000,0.0,68588.0
2026.07,3006930000,62298.0,4364303.0
2026.07,3101001000,361949.0,273478.0
2026.07,3101002000,212713.0,13079.0
2026.07,3101003000,1190122.0,64970.0
2026.07,3102101000,381860.0,14920229.0
2026.07,3102109000,927916.0,17251444.0
2026.07,3102210000,3430.0,2360130.0
2026.07,3102291000,0.0,38515.0
2026.07,3102300000,8139050.0,16.0
2026.07,3102400000,190978.0,0.0
2026.07,3102509000,627677.0,216836.0
2026.07,3102600000,0.0,562671.0
2026.07,3102901000,0.0,32473.0
2026.07,3102909000,1779.0,527750.0
2026.07,3103900000,35099.0,91432.0
2026.07,3104200000,137835.0,29118012.0
2026.07,3104301000,767345.0,392269.0
2026.07,3104309000,3096.0,934.0
2026.07,3104901010,0.0,20.0
2026.07,3104901090,0.0,24480.0
2026.07,3104909000,0.0,44579.0
2026.07,3105100000,51242.0,422197.0
2026.07,3105200000,8159037.0,2934161.0
2026.07,3105300000,13744633.0,14724917.0
2026.07,3105400000,916259.0,148.0
2026.07,3105510000,8670.0,62322.0
2026.07,3105590000,38463434.0,13.0
2026.07,3105600000,0.0,122659.0
2026.07,3105901000,48271.0,192320.0
2026.07,3105909000,722285.0,407912.0
2026.07,3201100000,0.0,50580.0
2026.07,3201200000,0.0,134136.0
2026.07,3201900000,139.0,258368.0
2026.07,3202101000,23413.0,322036.0
2026.07,3202103000,5660.0,350548.0
2026.07,3202109000,0.0,289864.0
2026.07,3202901000,0.0,652195.0
2026.07,3202909000,194557.0,332863.0
2026.07,3203001000,2852.0,1084242.0
2026.07,3203002010,0.0,42500.0
2026.07,3203002030,0.0,9838.0
2026.07,3203002090,281.0,23141.0
2026.07,3203003000,425196.0,6839684.0
2026.07,3204111000,273716.0,394398.0
2026.07,3204119000,2897110.0,2867453.0
2026.07,3204121000,595437.0,1231408.0
2026.07,3204122000,12939.0,24684.0
2026.07,3204130000,109726.0,314470.0
2026.07,3204140000,138189.0,557815.0
2026.07,3204150000,25356.0,351104.0
2026.07,3204160000,15817593.0,4797171.0
2026.07,3204170000,16905721.0,17396662.0
2026.07,3204180000,82.0,139219.0
2026.07,3204191000,516457.0,2019065.0
2026.07,3204193000,0.0,82549.0
2026.07,3204199000,304316.0,668457.0
2026.07,3204200000,868844.0,589520.0
2026.07,3204901010,16785111.0,47858776.0
2026.07,3204901090,260049.0,127472.0
2026.07,3204909000,403401.0,582524.0
2026.07,3205001000,132754.0,17746.0
2026.07,3205009000,100193.0,226933.0
2026.07,3206110000,2948034.0,25420618.0
2026.07,3206190000,1200578.0,2200701.0
2026.07,3206200000,86545.0,286269.0
2026.07,3206411000,161504.0,1050302.0
2026.07,3206419000,218136.0,65685.0
2026.07,3206421000,0.0,26.0
2026.07,3206429000,0.0,6830.0
2026.07,3206491000,63096.0,178623.0
2026.07,3206495000,1253.0,155024.0
2026.07,3206496000,224212.0,1565.0
2026.07,3206499000,10110947.0,3692117.0
2026.07,3206500000,802867.0,242357.0
2026.07,3207100000,1010236.0,1688122.0
2026.07,3207201000,62210.0,121166.0
2026.07,3207209000,88594.0,244120.0
2026.07,3207301000,0.0,284946.0
2026.07,3207302000,10171.0,0.0
2026.07,3207303000,478569.0,0.0
2026.07,3207304000,16224025.0,12115654.0
2026.07,3207309000,44018230.0,10455117.0
2026.07,3207400000,3140853.0,2557008.0
2026.07,3208101010,323929.0,92881.0
2026.07,3208101090,1313662.0,1721253.0
2026.07,3208102000,361753.0,304614.0
2026.07,3208103000,685628.0,43226.0
2026.07,3208201011,187318.0,35981.0
2026.07,3208201019,4848728.0,5516068.0
2026.07,3208201020,2937609.0,519024.0
2026.07,3208201030,2666540.0,11535451.0
2026.07,3208202011,73058.0,267.0
2026.07,3208202019,793471.0,647567.0
2026.07,3208202020,18027.0,133231.0
2026.07,3208202030,38381.0,52003.0
2026.07,3208901011,0.0,753.0
2026.07,3208901019,434828.0,1034904.0
2026.07,3208901020,2828412.0,785312.0
2026.07,3208901030,5470.0,1640.0
2026.07,3208909011,341737.0,418959.0
2026.07,3208909019,26210183.0,9738053.0
2026.07,3208909020,9021378.0,7706599.0
2026.07,3208909030,7299695.0,8686060.0
2026.07,3209101011,40148.0,198882.0
2026.07,3209101019,2201055.0,1570694.0
2026.07,3209101020,655579.0,907744.0
2026.07,3209102010,155448.0,1383.0
2026.07,3209102020,96557.0,109357.0
2026.07,3209901011,472.0,93025.0
2026.07,3209901019,3498057.0,767324.0
2026.07,3209901020,399422.0,1132074.0
2026.07,3209909011,1923818.0,560899.0
2026.07,3209909019,3988694.0,389362.0
2026.07,3209909020,155753.0,862776.0
2026.07,3210001011,0.0,1555.0
2026.07,3210001019,103926.0,12012.0
2026.07,3210001091,1352.0,597.0
2026.07,3210001099,449179.0,706872.0
2026.07,3210002010,830559.0,930.0
2026.07,3210002020,9845.0,19902.0
2026.07,3210002030,50872.0,29944.0
2026.07,3210002040,776706.0,24166.0
2026.07,3210003090,166004.0,140049.0
2026.07,3211000000,92489.0,11124.0
2026.07,3212100000,4439033.0,973814.0
2026.07,3212901000,198772.0,199530.0
2026.07,3212909000,2632856.0,4242419.0
2026.07,3213101000,170.0,67054.0
2026.07,3213102000,243222.0,152365.0
2026.07,3213109000,196835.0,159465.0
2026.07,3213901000,3213.0,144711.0
2026.07,3213902000,37113.0,160157.0
2026.07,3213909000,42816.0,174181.0
2026.07,3214101060,626839.0,908435.0
2026.07,3214101080,6652296.0,2301576.0
2026.07,3214101090,13422591.0,3566208.0
2026.07,3214102000,238410.0,814522.0
2026.07,3214109000,3973443.0,3029662.0
2026.07,3214900000,772433.0,2200072.0
2026.07,3215110000,2321317.0,870112.0
2026.07,3215190000,12496198.0,4943086.0
2026.07,3215901000,478292.0,193559.0
2026.07,3215902000,33504.0,21661.0
2026.07,3215903000,145.0,81192.0
2026.07,3215904010,521.0,10519.0
2026.07,3215904020,1067065.0,1450.0
2026.07,3215904030,0.0,474.0
2026.07,3215905000,153917.0,247026.0
2026.07,3215906010,116850.0,80622.0
2026.07,3215906020,17156.0,1877.0
2026.07,3215906030,71436.0,375.0
2026.07,3215909000,3991827.0,2207039.0
2026.07,3301120000,1758.0,594940.0
2026.07,3301130000,2909.0,612039.0
2026.07,3301190000,36947.0,750457.0
2026.07,3301240000,228980.0,202837.0
2026.07,3301250000,36.0,69543.0
2026.07,3301290000,33899.0,1734097.0
2026.07,3301300000,1408.0,15257.0
2026.07,3301901000,0.0,108940.0
2026.07,3301902000,0.0,159424.0
2026.07,3301903000,0.0,79865.0
2026.07,3301904600,0.0,9563.0
2026.07,3301904800,22097.0,2133963.0
2026.07,3302101000,1118711.0,8454779.0
2026.07,3302102011,0.0,14426.0
2026.07,3302102019,42170.0,129085.0
2026.07,3302102090,1521.0,4154021.0
2026.07,3302900000,5707039.0,17873655.0
2026.07,3303001000,9236542.0,25955610.0
2026.07,3303002000,2018599.0,752676.0
2026.07,3304101000,7159072.0,4045736.0
2026.07,3304109000,40919291.0,6486322.0
2026.07,3304201000,4966319.0,2082934.0
2026.07,3304209000,10995094.0,2072444.0
2026.07,3304301000,1277284.0,178737.0
2026.07,3304309000,1160030.0,214302.0
2026.07,3304911000,4044818.0,779110.0
2026.07,3304912000,47489.0,57.0
2026.07,3304919000,1572614.0,212512.0
2026.07,3304991000,527507284.0,33891610.0
2026.07,3304992000,72512638.0,7894979.0
2026.07,3304993000,3001086.0,1041075.0
2026.07,3304999000,422704244.0,25023529.0
2026.07,3305100000,24455815.0,6649877.0
2026.07,3305200000,424856.0,423170.0
2026.07,3305300000,130683.0,266957.0
2026.07,3305901000,4149104.0,1297129.0
2026.07,3305902000,822900.0,507512.0
2026.07,3305909000,31171718.0,11535411.0
2026.07,3306100000,5479021.0,10152102.0
2026.07,3306201011,0.0,100775.0
2026.07,3306201019,0.0,137677.0
2026.07,3306201020,750.0,380290.0
2026.07,3306209000,155010.0,975593.0
2026.07,3306901000,3045033.0,1427993.0
2026.07,3306902000,559081.0,504972.0
2026.07,3307101000,307.0,324514.0
2026.07,3307109000,26878.0,832213.0
2026.07,3307200000,481336.0,1232640.0
2026.07,3307301000,30378.0,380861.0
2026.07,3307302000,343126.0,1059470.0
2026.07,3307410000,53119.0,222956.0
2026.07,3307490000,3602148.0,5111311.0
2026.07,3307901000,21780.0,186046.0
2026.07,3307903000,951142.0,2094000.0
2026.07,3307904000,60963815.0,1270593.0
2026.07,3307909000,50880168.0,2941517.0
2026.07,3401111000,48733.0,412.0
2026.07,3401119000,1101921.0,2142500.0
2026.07,3401191010,311584.0,45715.0
2026.07,3401191090,83381.0,160774.0
2026.07,3401192000,2886155.0,235550.0
2026.07,3401200000,337526.0,3712368.0
2026.07,3401300000,66414915.0,7798457.0
2026.07,3402310000,20861494.0,444171.0
2026.07,3402390000,6254933.0,6833141.0
2026.07,3402410000,6808130.0,713079.0
2026.07,3402421000,10546.0,2101.0
2026.07,3402429000,10452968.0,10623053.0
2026.07,3402490000,3830232.0,923425.0
2026.07,3402501000,6349984.0,8965138.0
2026.07,3402502000,674805.0,2863071.0
2026.07,3402509000,826204.0,2113122.0
2026.07,3402901000,5705424.0,8980071.0
2026.07,3402902000,1992151.0,316979.0
2026.07,3402903000,16456050.0,2993280.0
2026.07,3403111000,263202.0,494890.0
2026.07,3403112000,209321.0,315229.0
2026.07,3403119000,6135.0,15584.0
2026.07,3403191000,614040.0,649797.0
2026.07,3403193000,287333.0,109138.0
2026.07,3403194000,681609.0,292376.0
2026.07,3403195000,432370.0,574608.0
2026.07,3403199000,3247157.0,4700572.0
2026.07,3403911000,196335.0,793410.0
2026.07,3403912000,81196.0,301874.0
2026.07,3403919000,18789.0,193156.0
2026.07,3403991000,384044.0,494785.0
2026.07,3403992000,171020.0,1159586.0
2026.07,3403999000,7489024.0,8619983.0
2026.07,3404200000,11183207.0,1540809.0
2026.07,3404901010,0.0,44784.0
2026.07,3404901030,1166350.0,1169827.0
2026.07,3404901040,29212.0,73116.0
2026.07,3404901090,9157691.0,6038169.0
2026.07,3404902000,765188.0,3397895.0
2026.07,3405100000,25299.0,202847.0
2026.07,3405200000,81403.0,104546.0
2026.07,3405300000,1375047.0,250860.0
2026.07,3405400000,7939204.0,10581485.0
2026.07,3405901030,20146.0,109535.0
2026.07,3405901090,62732.0,85991.0
2026.07,3405909000,5187882.0,3535416.0
2026.07,3406000000,278762.0,2534463.0
2026.07,3407001000,38874.0,443998.0
2026.07,3407002000,608362.0,446474.0
2026.07,3407003000,6003.0,24806.0
2026.07,3501101000,0.0,549516.0
2026.07,3501109000,0.0,2195132.0
2026.07,3501901190,0.0,1011364.0
2026.07,3501901200,0.0,489.0
2026.07,3501902000,17034.0,4972.0
2026.07,3502110000,0.0,442952.0
2026.07,3502190000,0.0,415766.0
2026.07,3502200000,7238.0,7650054.0
2026.07,3502901000,8757.0,73845.0
2026.07,3502909000,20832.0,517771.0
2026.07,3503001010,2863702.0,4534022.0
2026.07,3503001020,0.0,839.0
2026.07,3503003000,16375.0,180494.0
2026.07,3504001010,19048.0,1028812.0
2026.07,3504001020,10712.0,92.0
2026.07,3504002010,0.0,64721.0
2026.07,3504002020,0.0,54752.0
2026.07,3504002030,444642.0,11210198.0
2026.07,3504002090,4664098.0,5894138.0
2026.07,3504003000,922.0,11254.0
2026.07,3505101000,5548.0,234341.0
2026.07,3505102000,3479.0,2361.0
2026.07,3505103000,0.0,773339.0
2026.07,3505104010,0.0,281507.0
2026.07,3505104090,58030.0,2564158.0
2026.07,3505105010,58627.0,6617589.0
2026.07,3505105090,12625.0,1583515.0
2026.07,3505109010,54402.0,1538669.0
2026.07,3505109090,201051.0,641519.0
2026.07,3505201000,0.0,38.0
2026.07,3505202000,12481.0,38498.0
2026.07,3505209000,44175.0,74.0
2026.07,3506101000,571599.0,139281.0
2026.07,3506102000,26151587.0,4420676.0
2026.07,3506109000,10130730.0,9154292.0
2026.07,3506911000,4211010.0,1136210.0
2026.07,3506919000,33992922.0,15786155.0
2026.07,3506991000,24231.0,79917.0
2026.07,3506999000,8987252.0,1407516.0
2026.07,3507100000,0.0,7370.0
2026.07,3507901000,36000.0,205407.0
2026.07,3507904000,94.0,199197.0
2026.07,3507906010,0.0,790936.0
2026.07,3507906020,13400.0,976691.0
2026.07,3507907000,8100.0,341719.0
2026.07,3507909000,1377773.0,8669319.0
2026.07,3601002000,0.0,12.0
2026.07,3602000000,61223.0,58136.0
2026.07,3603100000,1702089.0,0.0
2026.07,3603200000,765567.0,107886.0
2026.07,3603400000,693325.0,0.0
2026.07,3603500000,341487.0,2056796.0
2026.07,3603600000,2126416.0,78260.0
2026.07,3604100000,0.0,753522.0
2026.07,3604909000,0.0,27851.0
2026.07,3605000000,499.0,41133.0
2026.07,3606100000,221246.0,0.0
2026.07,3606900000,8855.0,75755.0
2026.07,3701100000,103436.0,902117.0
2026.07,3701200000,310754.0,1950657.0
2026.07,3701302000,1557453.0,6508841.0
2026.07,3701303000,62739.0,1356292.0
2026.07,3701304000,6875834.0,1400559.0
2026.07,3701309000,162048.0,503387.0
2026.07,3701919900,0.0,86.0
2026.07,3701991000,4576515.0,3182617.0
2026.07,3701999100,0.0,11366.0
2026.07,3701999200,26930.0,483.0
2026.07,3701999900,158274.0,40083.0
2026.07,3702100000,0.0,545918.0
2026.07,3702311000,0.0,1.0
2026.07,3702319000,116911.0,3551.0
2026.07,3702329000,0.0,940.0
2026.07,3702399000,273802.0,4424.0
2026.07,3702423000,40569.0,4755027.0
2026.07,3702429000,8714.0,199893.0
2026.07,3702433000,0.0,9368.0
2026.07,3702439000,0.0,173.0
2026.07,3702443000,2037144.0,14175039.0
2026.07,3702449000,33731.0,115505.0
2026.07,3702521000,0.0,9528.0
2026.07,3702529000,10579.0,2966.0
2026.07,3702530000,0.0,2619.0
2026.07,3702541000,0.0,6237.0
2026.07,3702549000,1110.0,500005.0
2026.07,3702551000,0.0,30069.0
2026.07,3702559000,0.0,2136.0
2026.07,3702569000,0.0,220.0
2026.07,3702969000,0.0,4215.0
2026.07,3702979000,0.0,182.0
2026.07,3702983000,2396508.0,55.0
2026.07,3702989000,63843.0,2773.0
2026.07,3703100000,0.0,3045.0
2026.07,3703203000,25472.0,377318.0
2026.07,3703209000,1602.0,134815.0
2026.07,3703900000,59037.0,47558.0
2026.07,3704001100,0.0,2606.0
2026.07,3704001200,7.0,274.0
2026.07,3704001900,179.0,5117.0
2026.07,3704002000,26.0,1481.0
2026.07,3705001010,3359.0,145.0
2026.07,3705001090,20823.0,153.0
2026.07,3705009010,19117408.0,12493494.0
2026.07,3705009090,9167735.0,3400410.0
2026.07,3706900000,0.0,131.0
2026.07,3707100000,16177.0,165341.0
2026.07,3707901010,22830342.0,38284893.0
2026.07,3707901020,642718.0,1322710.0
2026.07,3707901090,33473422.0,7343731.0
2026.07,3707902010,45645.0,109372.0
2026.07,3707902090,237228.0,254254.0
2026.07,3707903000,1125.0,0.0
2026.07,3707909200,944385.0,3073052.0
2026.07,3707909300,835662.0,99284.0
2026.07,3707909900,2324575.0,2018429.0
2026.07,3801101000,7403129.0,3125766.0
2026.07,3801109000,3694250.0,6693014.0
2026.07,3801200000,60289.0,265748.0
2026.07,3801300000,63934.0,198045.0
2026.07,3801900000,1535694.0,2031071.0
2026.07,3802100000,1755403.0,16015241.0
2026.07,3802901000,3791.0,736471.0
2026.07,3802903000,1274.0,921083.0
2026.07,3802909000,9357.0,1157372.0
2026.07,3803000000,0.0,433247.0
2026.07,3804001000,0.0,27871.0
2026.07,3804009000,0.0,161860.0
2026.07,3805102000,144.0,0.0
2026.07,3805900000,503.0,16451.0
2026.07,3806101000,19539.0,2291806.0
2026.07,3806102000,1566516.0,2307.0
2026.07,3806200000,0.0,120.0
2026.07,3806300000,34318.0,367572.0
2026.07,3806900000,569801.0,590589.0
2026.07,3807003000,0.0,175913.0
2026.07,3807009010,19393.0,20.0
2026.07,3807009090,0.0,10901.0
2026.07,3808591000,0.0,18280.0
2026.07,3808599000,16804.0,638.0
2026.07,3808911000,26.0,6986.0
2026.07,3808919000,35824652.0,1599119.0
2026.07,3808921000,0.0,617632.0
2026.07,3808929000,32764777.0,2455787.0
2026.07,3808931000,269772.0,1031299.0
2026.07,3808933000,250214.0,237.0
2026.07,3808940000,933181.0,3035060.0
2026.07,3808991000,105230.0,238.0
2026.07,3808999000,1595033.0,1031686.0
2026.07,3809100000,2164.0,21381.0
2026.07,3809910000,12837495.0,7059903.0
2026.07,3809920000,3111849.0,805098.0
2026.07,3809930000,445833.0,684125.0
2026.07,3810101000,1483075.0,6310353.0
2026.07,3810109000,9838199.0,6480602.0
2026.07,3810901000,4162870.0,2486560.0
2026.07,3810909000,1119345.0,342391.0
2026.07,3811110000,2634.0,1337580.0
2026.07,3811190000,69695.0,51364.0
2026.07,3811210000,7022432.0,43447165.0
2026.07,3811290000,8953803.0,1796496.0
2026.07,3811900000,407222.0,2635629.0
2026.07,3812101000,0.0,325357.0
2026.07,3812102000,0.0,67988.0
2026.07,3812109000,700068.0,1776475.0
2026.07,3812200000,878565.0,1228807.0
2026.07,3812310000,6625.0,152730.0
2026.07,3812391000,8704393.0,2706212.0
2026.07,3812392000,7857322.0,7911630.0
2026.07,3813001000,74964.0,349470.0
2026.07,3813002000,3798.0,106114.0
2026.07,3813003000,441785.0,4011.0
2026.07,3814001020,2768.0,93623.0
2026.07,3814001090,7385188.0,1301640.0
2026.07,3814002110,1435190.0,50233.0
2026.07,3814002190,757379.0,1557.0
2026.07,3814002990,625302.0,1203971.0
2026.07,3815110000,0.0,25594291.0
2026.07,3815121000,5086.0,9472534.0
2026.07,3815122000,19898.0,8362628.0
2026.07,3815129000,1780233.0,1599610.0
2026.07,3815191000,0.0,314.0
2026.07,3815192000,0.0,2634705.0
2026.07,3815199000,3235449.0,23698044.0
2026.07,3815901000,702583.0,758362.0
2026.07,3815909000,4610107.0,32132047.0
2026.07,3816001000,1048446.0,359572.0
2026.07,3816002000,275750.0,252101.0
2026.07,3816003000,0.0,437028.0
2026.07,3816009090,550609.0,1569281.0
2026.07,3817000000,28700137.0,658597.0
2026.07,3818001000,91317503.0,170092361.0
2026.07,3818002010,20057.0,20653599.0
2026.07,3818002090,138267914.0,131322636.0
2026.07,3819001000,778821.0,368317.0
2026.07,3819002000,218357.0,561068.0
2026.07,3820001000,689994.0,553347.0
2026.07,3820002000,276322.0,387890.0
2026.07,3821000000,2006427.0,26999575.0
2026.07,3822111000,1191101.0,18374.0
2026.07,3822112000,250877.0,0.0
2026.07,3822119000,1590.0,2049.0
2026.07,3822121000,192918.0,3317.0
2026.07,3822129000,4000.0,30.0
2026.07,3822130000,12124.0,827348.0
2026.07,3822191000,8493158.0,3586345.0
2026.07,3822192011,13249865.0,2159154.0
2026.07,3822192012,1994231.0,1019054.0
2026.07,3822192013,77259.0,440.0
2026.07,3822192014,10907.0,280049.0
2026.07,3822192019,145300.0,2163110.0
2026.07,3822192020,21930336.0,34611214.0
2026.07,3822192091,113909.0,10216.0
2026.07,3822192092,0.0,21.0
2026.07,3822192093,960.0,216751.0
2026.07,3822192099,3257100.0,618975.0
2026.07,3822193011,50761.0,379999.0
2026.07,3822193012,34304.0,161634.0
2026.07,3822193013,26.0,17412.0
2026.07,3822193014,153237.0,399585.0
2026.07,3822193019,250434.0,6163716.0
2026.07,3822193020,662931.0,20316030.0
2026.07,3822193091,180300.0,8617.0
2026.07,3822193092,1423.0,10097.0
2026.07,3822193093,8711.0,12603.0
2026.07,3822193099,2142015.0,2898122.0
2026.07,3822900011,75650.0,825660.0
2026.07,3822900013,0.0,376.0
2026.07,3822900014,0.0,45422.0
2026.07,3822900016,0.0,23813.0
2026.07,3822900018,7.0,328089.0
2026.07,3822900019,0.0,1106.0
2026.07,3822900020,195031.0,1716681.0
2026.07,3823110000,203541.0,7068775.0
2026.07,3823120000,303507.0,5167916.0
2026.07,3823130000,0.0,583169.0
2026.07,3823191000,0.0,443565.0
2026.07,3823192000,582488.0,88091.0
2026.07,3823199000,210785.0,62083715.0
2026.07,3823701000,14447.0,176542.0
2026.07,3823702000,2834.0,151898.0
2026.07,3823703000,0.0,119749.0
2026.07,3823704000,0.0,5628156.0
2026.07,3823709090,14792.0,3707192.0
2026.07,3824100000,325968.0,388861.0
2026.07,3824300000,2004468.0,1249829.0
2026.07,3824400000,8031833.0,1086025.0
2026.07,3824500000,4239459.0,1251192.0
2026.07,3824600000,7039.0,1508377.0
2026.07,3824810000,0.0,181.0
2026.07,3824840000,0.0,243.0
2026.07,3824870000,3890.0,0.0
2026.07,3824910000,18038.0,262706.0
2026.07,3824920000,0.0,203.0
2026.07,3824991000,0.0,18197.0
2026.07,3824992100,4275.0,70007.0
2026.07,3824992290,42988.0,140243.0
2026.07,3824992900,475638.0,59651.0
2026.07,3824993100,18017.0,0.0
2026.07,3824993910,54538.0,6342.0
2026.07,3824993990,434466.0,633947.0
2026.07,3824994100,141847.0,227312.0
2026.07,3824994200,594.0,7452.0
2026.07,3824994300,41702.0,105978.0
2026.07,3824994400,560237.0,364938.0
2026.07,3824995100,297.0,10354.0
2026.07,3824995300,6682.0,94364.0
2026.07,3824996100,139433.0,471105.0
2026.07,3824996200,219652.0,1617447.0
2026.07,3824996300,0.0,19573.0
2026.07,3824996400,269724.0,2875824.0
2026.07,3824996500,270030.0,295660.0
2026.07,3824996600,6015521.0,7349922.0
2026.07,3824997100,9251105.0,17430306.0
2026.07,3824997200,38500.0,412593.0
2026.07,3824997300,491200.0,644278.0
2026.07,3824997400,741199.0,303825.0
2026.07,3824997500,184322.0,1383375.0
2026.07,3824997600,2696954.0,1773419.0
2026.07,3824998000,228147.0,102999.0
2026.07,3824999010,1477454.0,698408.0
2026.07,3824999020,0.0,1060.0
2026.07,3824999030,3492.0,83379.0
2026.07,3824999040,1075684.0,104.0
2026.07,3824999052,329052.0,778136.0
2026.07,3824999053,5400578.0,3385184.0
2026.07,3824999059,46637.0,195446.0
2026.07,3824999090,140572356.0,122213008.0
2026.07,3825410000,0.0,5.0
2026.07,3825500000,274.0,9.0
2026.07,3825610000,0.0,53728.0
2026.07,3825690000,230866.0,136752.0
2026.07,3825901000,0.0,68957.0
2026.07,3825909000,0.0,13950.0
2026.07,3826000000,61494590.0,3504386.0
2026.07,3827310000,0.0,23403.0
2026.07,3827320000,0.0,136222.0
2026.07,3827390000,0.0,39509.0
2026.07,3827610000,115441.0,607010.0
2026.07,3827630000,0.0,5357957.0
2026.07,3827640000,0.0,228922.0
2026.07,3827680000,46.0,0.0
2026.07,3827690000,91.0,989.0
2026.07,3827900000,45656.0,29949.0
2026.07,3901101000,15633645.0,2932713.0
2026.07,3901109000,85190963.0,10226990.0
2026.07,3901200000,184315145.0,6613810.0
2026.07,3901300000,114003818.0,716284.0
2026.07,3901400000,78462492.0,8151415.0
2026.07,3901900000,24772732.0,15112405.0
2026.07,3902100000,206495537.0,6821853.0
2026.07,3902200000,31238591.0,1696323.0
2026.07,3902300000,150192440.0,5654041.0
2026.07,3902900000,30259548.0,9710133.0
2026.07,3903110000,7088154.0,3794927.0
2026.07,3903190000,16702248.0,2078413.0
2026.07,3903200000,25100193.0,806691.0
2026.07,3903300000,165416587.0,2561791.0
2026.07,3903901000,25533559.0,1689654.0
2026.07,3903909000,24659007.0,6593070.0
2026.07,3904100000,55345088.0,5496421.0
2026.07,3904210000,76562.0,278778.0
2026.07,3904220000,2401524.0,1097234.0
2026.07,3904300000,3235337.0,648522.0
2026.07,3904400000,691074.0,498112.0
2026.07,3904500000,0.0,20345.0
2026.07,3904610000,656353.0,4899556.0
2026.07,3904691000,54731.0,3511004.0
2026.07,3904699000,2014889.0,19258328.0
2026.07,3904900000,1735209.0,1417076.0
2026.07,3905120000,32715.0,114415.0
2026.07,3905190000,41581.0,128125.0
2026.07,3905210000,7426889.0,777387.0
2026.07,3905290000,5993727.0,435149.0
2026.07,3905300000,239525.0,4611003.0
2026.07,3905910000,1764446.0,3318921.0
2026.07,3905990000,148080.0,6754771.0
2026.07,3906100000,19936671.0,1230143.0
2026.07,3906901000,5309330.0,1676249.0
2026.07,3906909000,152529797.0,22742302.0
2026.07,3907100000,34666760.0,1997939.0
2026.07,3907210000,0.0,1246.0
2026.07,3907291090,13147766.0,1677796.0
2026.07,3907292010,42624.0,990964.0
2026.07,3907292090,59545742.0,3604981.0
2026.07,3907293000,13753542.0,5816772.0
2026.07,3907299000,16715396.0,12066302.0
2026.07,3907301000,6527092.0,24156501.0
2026.07,3907309000,68962104.0,6963832.0
2026.07,3907400000,139442198.0,16464958.0
2026.07,3907500000,2361104.0,366457.0
2026.07,3907610000,23516116.0,25018413.0
2026.07,3907690000,43906034.0,17415842.0
2026.07,3907700000,359012.0,1868506.0
2026.07,3907910000,6482510.0,1386785.0
2026.07,3907991000,12032994.0,8689036.0
2026.07,3907992000,513687.0,2505674.0
2026.07,3907999000,32216443.0,13250307.0
2026.07,3908101000,9694849.0,20855766.0
2026.07,3908102000,13929526.0,11367699.0
2026.07,3908103000,766347.0,4110012.0
2026.07,3908900000,11083317.0,11399896.0
2026.07,3909100000,234908.0,307256.0
2026.07,3909200000,650668.0,2239433.0
2026.07,3909310000,111866527.0,14210677.0
2026.07,3909390000,1151894.0,393366.0
2026.07,3909400000,9319551.0,6733712.0
2026.07,3909500000,22814050.0,10252887.0
2026.07,3910001000,389069.0,281362.0
2026.07,3910009010,6415554.0,17824765.0
2026.07,3910009020,9546365.0,9097157.0
2026.07,3910009090,12471535.0,15252225.0
2026.07,3911101000,35770748.0,2778328.0
2026.07,3911102000,13100.0,0.0
2026.07,3911103000,38592.0,99705.0
2026.07,3911901000,4739554.0,3170266.0
2026.07,3911902000,6042089.0,964891.0
2026.07,3911903000,60446.0,813914.0
2026.07,3911909000,30702028.0,10674850.0
2026.07,3912110000,1725.0,6162739.0
2026.07,3912120000,10579.0,46780.0
2026.07,3912200000,120882.0,553919.0
2026.07,3912311000,367859.0,1563040.0
2026.07,3912319000,424306.0,844698.0
2026.07,3912391000,154.0,596115.0
2026.07,3912399000,35943224.0,4352416.0
2026.07,3912900000,850253.0,3245735.0
2026.07,3913101000,15411.0,1196294.0
2026.07,3913102000,0.0,54693.0
2026.07,3913109000,0.0,75330.0
2026.07,3913902010,1535.0,5151.0
2026.07,3913902090,16539.0,32469.0
2026.07,3913909000,14465904.0,25516258.0
2026.07,3914001000,5126726.0,2545117.0
2026.07,3914009000,4275772.0,6737546.0
2026.07,3915101000,0.0,10.0
2026.07,3915103000,0.0,227.0
2026.07,3915104000,525.0,179296.0
2026.07,3915109000,1459426.0,10000.0
2026.07,3915309000,0.0,166.0
2026.07,3915901000,23223.0,11411.0
2026.07,3915902000,421.0,0.0
2026.07,3915904000,0.0,545835.0
2026.07,3915905000,0.0,23240.0
2026.07,3915909010,0.0,9.0
2026.07,3915909090,117975.0,431783.0
2026.07,3916100000,46796.0,510103.0
2026.07,3916200000,192237.0,781682.0
2026.07,3916901000,182606.0,135826.0
2026.07,3916902000,90758.0,1332227.0
2026.07,3916903000,13708.0,322054.0
2026.07,3916904000,934696.0,157629.0
2026.07,3916909000,2730103.0,4809602.0
2026.07,3917101000,0.0,2242461.0
2026.07,3917102000,279.0,398639.0
2026.07,3917210000,764926.0,710852.0
2026.07,3917220000,1530491.0,1643647.0
2026.07,3917230000,893223.0,349107.0
2026.07,3917292000,34180.0,110259.0
2026.07,3917299000,4321030.0,7261269.0
2026.07,3917311000,4836377.0,14775.0
2026.07,3917312000,115688.0,78380.0
2026.07,3917319000,880217.0,1929291.0
2026.07,3917321000,619777.0,756000.0
2026.07,3917322000,1893548.0,146145.0
2026.07,3917329000,8464773.0,5736831.0
2026.07,3917331000,21701.0,40480.0
2026.07,3917332000,50812.0,61157.0
2026.07,3917339000,3194804.0,4541966.0
2026.07,3917391000,226087.0,186062.0
2026.07,3917392000,1522870.0,531923.0
2026.07,3917399000,3228456.0,8102895.0
2026.07,3917400000,9052249.0,11253726.0
2026.07,3918101000,69437633.0,2997013.0
2026.07,3918102000,151.0,40362.0
2026.07,3918109000,741094.0,549250.0
2026.07,3918900000,510151.0,1416127.0
2026.07,3919100000,25431781.0,8492820.0
2026.07,3919900000,136559794.0,57089992.0
2026.07,3920100000,14602336.0,23273419.0
2026.07,3920200000,22534367.0,15565589.0
2026.07,3920300000,2984112.0,2454832.0
2026.07,3920430000,13049866.0,1672880.0
2026.07,3920490000,12606726.0,3944520.0
2026.07,3920510000,22583532.0,2165382.0
2026.07,3920590000,1484133.0,1256477.0
2026.07,3920610000,4071141.0,4337063.0
2026.07,3920620000,110491032.0,31854561.0
2026.07,3920630000,232558.0,1583241.0
2026.07,3920690000,2061557.0,12787250.0
2026.07,3920710000,2017692.0,2243427.0
2026.07,3920730000,8492108.0,21591075.0
2026.07,3920791000,0.0,590819.0
2026.07,3920799000,7673238.0,787353.0
2026.07,3920910000,6163715.0,4286892.0
2026.07,3920920000,2726344.0,5575247.0
2026.07,3920930000,0.0,45.0
2026.07,3920940000,4660.0,169908.0
2026.07,3920991000,270275.0,588990.0
2026.07,3920999010,2985080.0,2491588.0
2026.07,3920999090,45704522.0,31620287.0
2026.07,3921110000,516953.0,183314.0
2026.07,3921120000,3331690.0,3212897.0
2026.07,3921130000,15636655.0,8529784.0
2026.07,3921140000,6863.0,30937.0
2026.07,3921191010,57397721.0,20044254.0
2026.07,3921191090,4086123.0,1574220.0
2026.07,3921192010,2842098.0,5240216.0
2026.07,3921192090,3053759.0,147084.0
2026.07,3921193090,19853.0,7532839.0
2026.07,3921194010,21643.0,289555.0
2026.07,3921194020,97900.0,160414.0
2026.07,3921194030,1913449.0,0.0
2026.07,3921194090,157906.0,52800.0
2026.07,3921195000,454.0,404169.0
2026.07,3921199020,6525.0,2040.0
2026.07,3921199040,313464.0,1165324.0
2026.07,3921199090,12097322.0,21811896.0
2026.07,3921901000,12690952.0,3700622.0
2026.07,3921902000,19582536.0,1881547.0
2026.07,3921903000,444006.0,21883.0
2026.07,3921904010,0.0,473072.0
2026.07,3921904020,9168207.0,921191.0
2026.07,3921905000,18416.0,127427.0
2026.07,3921906010,6881.0,57442.0
2026.07,3921906020,499172.0,333908.0
2026.07,3921906030,541513.0,346464.0
2026.07,3921906090,403638.0,319313.0
2026.07,3921907000,550510.0,57793.0
2026.07,3921909010,1833.0,49259.0
2026.07,3921909020,0.0,212199.0
2026.07,3921909030,2489.0,168679.0
2026.07,3921909040,2287272.0,338216.0
2026.07,3921909050,1069212.0,1379274.0
2026.07,3921909090,66680425.0,55670913.0
2026.07,3922101000,529581.0,463630.0
2026.07,3922102000,40495.0,79431.0
2026.07,3922103000,3527.0,3109.0
2026.07,3922200000,128199.0,677227.0
2026.07,3922901000,28698.0,410407.0
2026.07,3922909000,388119.0,769749.0
2026.07,3923100000,62734728.0,50648125.0
2026.07,3923210000,24026249.0,16599928.0
2026.07,3923290000,16610919.0,7909610.0
2026.07,3923300000,15850954.0,18385510.0
2026.07,3923400000,8963591.0,7506777.0
2026.07,3923500000,10658885.0,13327582.0
2026.07,3923900000,20611579.0,23139166.0
2026.07,3924100000,5020183.0,13966319.0
2026.07,3924901000,378.0,230594.0
2026.07,3924902000,95.0,141364.0
2026.07,3924909000,5239022.0,12888485.0
2026.07,3925100000,2947361.0,129225.0
2026.07,3925200000,4917672.0,98928.0
2026.07,3925300000,747032.0,274224.0
2026.07,3925900000,1956081.0,3012557.0
2026.07,3926101000,19614.0,98650.0
2026.07,3926102000,67281.0,125935.0
2026.07,3926109000,922409.0,2176842.0
2026.07,3926200000,1324180.0,4539748.0
2026.07,3926300000,22328519.0,4278209.0
2026.07,3926400000,658942.0,5044085.0
2026.07,3926901000,19114991.0,36479282.0
2026.07,3926902000,16602.0,208006.0
2026.07,3926903000,721148.0,1220650.0
2026.07,3926904000,509393.0,105532.0
2026.07,3926905000,2292512.0,702798.0
2026.07,3926906000,606651.0,150844.0
2026.07,3926909000,128494038.0,124230360.0
2026.07,4001100000,4285.0,1881813.0
2026.07,4001210000,0.0,1504354.0
2026.07,4001220000,529857.0,47070849.0
2026.07,4001290000,16378.0,487154.0
2026.07,4002110000,4693188.0,1764789.0
2026.07,4002190000,109492304.0,5367415.0
2026.07,4002201000,0.0,5470.0
2026.07,4002209000,67291512.0,5503444.0
2026.07,4002319000,11160.0,2463860.0
2026.07,4002399010,85094.0,1046668.0
2026.07,4002399020,100111.0,2846062.0
2026.07,4002410000,0.0,30602.0
2026.07,4002490000,161975.0,2093836.0
2026.07,4002510000,57893801.0,42428.0
2026.07,4002590000,26487049.0,1873524.0
2026.07,4002600000,18031.0,787360.0
2026.07,4002700000,40276145.0,4446124.0
2026.07,4002800000,36430.0,7373.0
2026.07,4002910000,47840.0,106718.0
2026.07,4002991000,17728.0,218164.0
2026.07,4002999000,347788.0,4131182.0
2026.07,4003000000,413891.0,1651156.0
2026.07,4004001010,885834.0,622201.0
2026.07,4004001090,10684.0,0.0
2026.07,4004002000,7151.0,3301.0
2026.07,4004009000,11686.0,74.0
2026.07,4005101000,11017860.0,5801253.0
2026.07,4005109000,1348158.0,377578.0
2026.07,4005200000,4474010.0,1811745.0
2026.07,4005910000,841111.0,651734.0
2026.07,4005990000,5103135.0,377918.0
2026.07,4006904000,27365.0,17097.0
2026.07,4006909000,52694.0,34428.0
2026.07,4007001000,7618.0,681661.0
2026.07,4007002000,20938.0,187494.0
2026.07,4008111000,222964.0,208015.0
2026.07,4008119000,3117440.0,1796583.0
2026.07,4008191000,0.0,53054.0
2026.07,4008199000,70341.0,20519.0
2026.07,4008211000,142821.0,601689.0
2026.07,4008219000,1654725.0,2501239.0
2026.07,4008291000,45829.0,61859.0
2026.07,4008299000,126770.0,293231.0
2026.07,4009110000,3336444.0,1271669.0
2026.07,4009120000,1205172.0,924079.0
2026.07,4009210000,1936998.0,1853652.0
2026.07,4009220000,1614460.0,542107.0
2026.07,4009310000,4016396.0,1310253.0
2026.07,4009320000,8799117.0,1748906.0
2026.07,4009410000,1899871.0,348033.0
2026.07,4009420000,1702783.0,1459127.0
2026.07,4010110000,11320.0,286317.0
2026.07,4010120000,269657.0,3591391.0
2026.07,4010191000,28044.0,833.0
2026.07,4010199000,136615.0,412117.0
2026.07,4010310000,2196955.0,1428241.0
2026.07,4010320000,616182.0,209530.0
2026.07,4010330000,557592.0,469037.0
2026.07,4010340000,90380.0,42821.0
2026.07,4010350000,248099.0,542912.0
2026.07,4010360000,27151.0,146150.0
2026.07,4010390000,1360611.0,1785477.0
2026.07,4011101000,248259573.0,64760037.0
2026.07,4011102000,252695.0,559516.0
2026.07,4011109000,2458988.0,308197.0
2026.07,4011201010,22279850.0,13278417.0
2026.07,4011201090,34686583.0,16984447.0
2026.07,4011202010,0.0,40829.0
2026.07,4011202090,0.0,4897.0
2026.07,4011209000,4571.0,1546947.0
2026.07,4011300000,3450630.0,1415419.0
2026.07,4011400000,3072496.0,1301109.0
2026.07,4011500000,993.0,770438.0
2026.07,4011701000,274306.0,476226.0
2026.07,4011709000,77413.0,140607.0
2026.07,4011801010,162913.0,754367.0
2026.07,4011801090,393130.0,1747443.0
2026.07,4011809010,0.0,533285.0
2026.07,4011809090,88208.0,1420272.0
2026.07,4011900000,641124.0,310821.0
2026.07,4012110000,6219.0,0.0
2026.07,4012120000,388654.0,0.0
2026.07,4012130000,15210.0,488692.0
2026.07,4012190000,4194.0,0.0
2026.07,4012209010,668277.0,68998.0
2026.07,4012209020,53372.0,103494.0
2026.07,4012209090,83862.0,139.0
2026.07,4012901000,0.0,204.0
2026.07,4012909010,2398035.0,353974.0
2026.07,4012909020,121609.0,0.0
2026.07,4012909030,99691.0,40385.0
2026.07,4012909040,435433.0,16562.0
2026.07,4012909090,51095.0,156757.0
2026.07,4013101000,155103.0,3408.0
2026.07,4013102000,4378067.0,14804.0
2026.07,4013200000,1819.0,234801.0
2026.07,4013901000,0.0,375.0
2026.07,4013909010,0.0,39799.0
2026.07,4013909020,1069306.0,41995.0
2026.07,4013909090,428451.0,41364.0
2026.07,4014100000,47742.0,467042.0
2026.07,4014901000,171.0,6723.0
2026.07,4014909000,786522.0,1051831.0
2026.07,4015120000,8758.0,6580981.0
2026.07,4015190000,410765.0,14579861.0
2026.07,4015901000,0.0,286607.0
2026.07,4015902000,10661.0,17579.0
2026.07,4015909000,29454.0,99297.0
2026.07,4016100000,2746842.0,1353332.0
2026.07,4016910000,433620.0,646751.0
2026.07,4016920000,40929.0,171112.0
2026.07,4016930000,23733711.0,20340048.0
2026.07,4016940000,461079.0,1065252.0
2026.07,4016951000,0.0,13843.0
2026.07,4016952000,11897.0,40635.0
2026.07,4016953000,79083.0,31977.0
2026.07,4016959000,684240.0,197047.0
2026.07,4016991010,26452.0,41098.0
2026.07,4016991090,10183147.0,5060085.0
2026.07,4016992000,227584.0,470917.0
2026.07,4016993000,969077.0,3236798.0
2026.07,4016999000,18583677.0,6472942.0
2026.07,4017001000,10142.0,620.0
2026.07,4017002000,67567.0,67564.0
2026.07,4017003000,479807.0,133.0
2026.07,4101202000,0.0,449.0
2026.07,4101501011,0.0,96821.0
2026.07,4101501012,0.0,13789.0
2026.07,4101501021,0.0,298432.0
2026.07,4101501022,0.0,4782182.0
2026.07,4101902000,0.0,20825.0
2026.07,4102100000,9945.0,0.0
2026.07,4103301000,0.0,39413.0
2026.07,4104110000,132129.0,321268.0
2026.07,4104190000,506161.0,575538.0
2026.07,4104410000,121.0,0.0
2026.07,4104490000,253211.0,181780.0
2026.07,4105300000,66375.0,162326.0
2026.07,4106320000,399.0,0.0
2026.07,4106400000,189457.0,0.0
2026.07,4106920000,20720.0,247.0
2026.07,4107110000,30566.0,304122.0
2026.07,4107120000,159555.0,3999829.0
2026.07,4107190000,454055.0,412384.0
2026.07,4107910000,180800.0,243804.0
2026.07,4107920000,16878046.0,4549241.0
2026.07,4107990000,1685217.0,712728.0
2026.07,4112000000,1159250.0,4265025.0
2026.07,4113100000,30846.0,1226948.0
2026.07,4113200000,132957.0,6545.0
2026.07,4113300000,31920.0,274067.0
2026.07,4113900000,531770.0,58168.0
2026.07,4114100000,3391.0,2886.0
2026.07,4114201000,1670192.0,194270.0
2026.07,4114202000,56956.0,10852.0
2026.07,4115100000,90534.0,23334.0
2026.07,4115200000,164.0,2092.0
2026.07,4201002000,31569.0,260478.0
2026.07,4201009000,635224.0,1359394.0
2026.07,4202111000,68823.0,1137102.0
2026.07,4202112000,17707.0,62530.0
2026.07,4202113000,3806.0,7235.0
2026.07,4202121010,71825.0,712943.0
2026.07,4202121020,36188.0,659532.0
2026.07,4202121090,384826.0,17401925.0
2026.07,4202122000,668557.0,4850987.0
2026.07,4202190000,986961.0,3572459.0
2026.07,4202211010,82887.0,126673.0
2026.07,4202211020,12129.0,207262.0
2026.07,4202211030,245314.0,2592308.0
2026.07,4202211090,4912107.0,82771372.0
2026.07,4202212000,606799.0,1031858.0
2026.07,4202213000,304671.0,942360.0
2026.07,4202221010,69688.0,1998478.0
2026.07,4202221020,5375352.0,6761072.0
2026.07,4202221090,2966351.0,5667542.0
2026.07,4202222000,2433580.0,32563104.0
2026.07,4202290000,2771887.0,1268691.0
2026.07,4202311030,869.0,163817.0
2026.07,4202311090,741111.0,13065446.0
2026.07,4202312000,24799.0,332046.0
2026.07,4202313000,2593.0,173487.0
2026.07,4202321010,162457.0,1036177.0
2026.07,4202321020,656879.0,3660854.0
2026.07,4202321090,597377.0,2615974.0
2026.07,4202322000,1108625.0,7746145.0
2026.07,4202390000,79799.0,1191274.0
2026.07,4202911000,384682.0,6376648.0
2026.07,4202912000,211016.0,687398.0
2026.07,4202913000,189140.0,106083.0
2026.07,4202921010,182607.0,1649416.0
2026.07,4202921020,765708.0,7368370.0
2026.07,4202921090,1206010.0,10019942.0
2026.07,4202922000,22161348.0,56432492.0
2026.07,4202991000,2585.0,328826.0
2026.07,4202999000,6846997.0,8714483.0
2026.07,4203101010,322.0,250523.0
2026.07,4203101020,466353.0,1627953.0
2026.07,4203101060,9561.0,150406.0
2026.07,4203101090,40583.0,284141.0
2026.07,4203102000,0.0,86379.0
2026.07,4203103010,431797.0,438485.0
2026.07,4203103020,2537950.0,5424231.0
2026.07,4203103050,306032.0,118390.0
2026.07,4203103060,742241.0,73596.0
2026.07,4203103070,515039.0,118225.0
2026.07,4203103090,84503.0,206749.0
2026.07,4203109010,0.0,232336.0
2026.07,4203109020,2006.0,562193.0
2026.07,4203109090,80628.0,366910.0
2026.07,4203211000,3059.0,952137.0
2026.07,4203212000,10501.0,2152499.0
2026.07,4203213000,0.0,6196.0
2026.07,4203214000,0.0,95087.0
2026.07,4203215000,2928.0,32475.0
2026.07,4203219000,7018.0,382870.0
2026.07,4203291000,11696.0,1275047.0
2026.07,4203292000,0.0,17736.0
2026.07,4203299000,11161.0,230124.0
2026.07,4203301030,799.0,62961.0
2026.07,4203301090,146709.0,4999248.0
2026.07,4203309000,27787.0,664363.0
2026.07,4203400000,15159.0,120247.0
2026.07,4205001100,7093.0,18831.0
2026.07,4205001900,4974657.0,4901958.0
2026.07,4205002100,0.0,734.0
2026.07,4205002900,217854.0,362510.0
2026.07,4301100000,0.0,3240975.0
2026.07,4302110000,0.0,2291856.0
2026.07,4302193000,0.0,13089.0
2026.07,4302197000,0.0,416.0
2026.07,4302198000,0.0,1668.0
2026.07,4302199010,14156.0,1208982.0
2026.07,4302199020,19819.0,212815.0
2026.07,4302199090,26463.0,1072105.0
2026.07,4302201000,0.0,13625.0
2026.07,4302202000,0.0,582.0
2026.07,4302209090,0.0,183.0
2026.07,4302300000,0.0,605349.0
2026.07,4303101100,27300.0,3176570.0
2026.07,4303101200,0.0,659018.0
2026.07,4303101300,473223.0,1399940.0
2026.07,4303101600,0.0,49896.0
2026.07,4303101900,238517.0,2082446.0
2026.07,4303102100,30750.0,249832.0
2026.07,4303102200,0.0,48432.0
2026.07,4303102600,33952.0,66510.0
2026.07,4303102920,0.0,565.0
2026.07,4303102990,79173.0,91238.0
2026.07,4303900000,2019.0,632646.0
2026.07,4304001000,2976.0,14384.0
2026.07,4304002000,62825.0,56786.0
2026.07,4401110000,0.0,29.0
2026.07,4401120000,0.0,813.0
2026.07,4401210000,0.0,30247.0
2026.07,4401221000,0.0,7738890.0
2026.07,4401229000,0.0,286657.0
2026.07,4401310000,0.0,28423014.0
2026.07,4401320000,0.0,24409.0
2026.07,4401390000,0.0,1731820.0
2026.07,4401410000,0.0,10742.0
2026.07,4401490000,0.0,23073.0
2026.07,4402101090,0.0,446378.0
2026.07,4402109000,0.0,454520.0
2026.07,4402201010,0.0,7.0
2026.07,4402201090,0.0,3907.0
2026.07,4402209000,0.0,52292.0
2026.07,4402901011,0.0,21823.0
2026.07,4402901019,28800.0,2279392.0
2026.07,4402901090,27103.0,817354.0
2026.07,4402909010,0.0,3255034.0
2026.07,4402909020,0.0,95403.0
2026.07,4402909090,1444.0,1902611.0
2026.07,4403212000,0.0,8803086.0
2026.07,4403222000,0.0,1310830.0
2026.07,4403229000,0.0,589.0
2026.07,4403231000,0.0,128572.0
2026.07,4403232000,0.0,204876.0
2026.07,4403242000,0.0,265702.0
2026.07,4403251000,0.0,1401808.0
2026.07,4403252010,0.0,230628.0
2026.07,4403252020,0.0,1079181.0
2026.07,4403254000,0.0,25331.0
2026.07,4403255000,0.0,218524.0
2026.07,4403259000,0.0,52386.0
2026.07,4403261000,0.0,38713.0
2026.07,4403262010,0.0,257554.0
2026.07,4403262020,0.0,79819.0
2026.07,4403499000,0.0,538045.0
2026.07,4403910000,0.0,155709.0
2026.07,4403971000,0.0,39552.0
2026.07,4403991040,0.0,30146.0
2026.07,4403991050,0.0,263685.0
2026.07,4403993030,0.0,147734.0
2026.07,4403999000,0.0,91856.0
2026.07,4404200000,0.0,27246.0
2026.07,4405000000,0.0,613776.0
2026.07,4406920000,10228.0,0.0
2026.07,4407111090,0.0,3185935.0
2026.07,4407112000,0.0,15684517.0
2026.07,4407119000,3808.0,2373393.0
2026.07,4407121000,0.0,1139027.0
2026.07,4407122090,43452.0,14122348.0
2026.07,4407132000,0.0,151180.0
2026.07,4407139000,0.0,1999271.0
2026.07,4407140000,0.0,14705.0
2026.07,4407191000,182125.0,444315.0
2026.07,4407192010,0.0,50515.0
2026.07,4407193000,0.0,778787.0
2026.07,4407195000,0.0,294459.0
2026.07,4407199000,0.0,260257.0
2026.07,4407250000,0.0,37756.0
2026.07,4407291000,0.0,26517.0
2026.07,4407293000,0.0,309101.0
2026.07,4407299000,0.0,482804.0
2026.07,4407910000,0.0,413686.0
2026.07,4407920000,0.0,380508.0
2026.07,4407930000,45718.0,1030362.0
2026.07,4407940000,0.0,33380.0
2026.07,4407950000,0.0,129232.0
2026.07,4407971000,0.0,12319.0
2026.07,4407972000,0.0,30893.0
2026.07,4407991010,0.0,38.0
2026.07,4407991020,0.0,22214.0
2026.07,4407991040,4438.0,775441.0
2026.07,4407994000,0.0,165137.0
2026.07,4407999000,7127.0,303232.0
2026.07,4408109100,0.0,463456.0
2026.07,4408109910,0.0,1631.0
2026.07,4408109950,0.0,210431.0
2026.07,4408109960,0.0,53003.0
2026.07,4408313000,0.0,32.0
2026.07,4408319022,0.0,468.0
2026.07,4408319029,0.0,9.0
2026.07,4408396000,0.0,41260.0
2026.07,4408399011,0.0,6053.0
2026.07,4408399012,0.0,7379.0
2026.07,4408399019,0.0,89836.0
2026.07,4408399032,0.0,8170.0
2026.07,4408399091,0.0,218349.0
2026.07,4408399099,0.0,2251.0
2026.07,4408901000,0.0,33113.0
2026.07,4408909150,0.0,76347.0
2026.07,4408909160,0.0,125099.0
2026.07,4408909194,117.0,24939.0
2026.07,4408909195,140.0,134874.0
2026.07,4408909199,187.0,271.0
2026.07,4408909220,0.0,321.0
2026.07,4408909380,208757.0,14496.0
2026.07,4408909393,140.0,24105.0
2026.07,4408909396,0.0,120.0
2026.07,4408909490,0.0,503310.0
2026.07,4408909910,0.0,36912.0
2026.07,4408909920,0.0,294464.0
2026.07,4408909990,1354.0,349944.0
2026.07,4409101000,0.0,394666.0
2026.07,4409102000,0.0,4246.0
2026.07,4409109000,41400.0,413009.0
2026.07,4409210000,0.0,82179.0
2026.07,4409222000,0.0,144291.0
2026.07,4409229000,0.0,4062885.0
2026.07,4409292000,9551.0,151965.0
2026.07,4409299000,896.0,434461.0
2026.07,4410111000,0.0,9706696.0
2026.07,4410112000,0.0,242571.0
2026.07,4410119000,47051.0,607371.0
2026.07,4410121000,0.0,458566.0
2026.07,4410129000,0.0,525773.0
2026.07,4410191000,46000.0,0.0
2026.07,4410199000,0.0,2544.0
2026.07,4410900000,2600.0,16689.0
2026.07,4411121000,142999.0,1229594.0
2026.07,4411129000,62372.0,232601.0
2026.07,4411131000,12092.0,355608.0
2026.07,4411139000,67687.0,344044.0
2026.07,4411141000,114247.0,632562.0
2026.07,4411149010,0.0,4241.0
2026.07,4411149090,391532.0,232049.0
2026.07,4411921000,0.0,73264.0
2026.07,4411929010,0.0,132103.0
2026.07,4411929090,33165.0,61213.0
2026.07,4411949000,0.0,99812.0
2026.07,4412101020,0.0,131402.0
2026.07,4412109090,102.0,0.0
2026.07,4412311000,11451.0,865416.0
2026.07,4412312090,0.0,115541.0
2026.07,4412313000,0.0,1769153.0
2026.07,4412314011,0.0,76800.0
2026.07,4412314019,0.0,6165497.0
2026.07,4412314021,0.0,74278.0
2026.07,4412314029,0.0,4642449.0
2026.07,4412315010,0.0,33461.0
2026.07,4412315090,0.0,8050429.0
2026.07,4412316010,0.0,189869.0
2026.07,4412316090,135897.0,3294997.0
2026.07,4412317010,0.0,128209.0
2026.07,4412317090,0.0,1816935.0
2026.07,4412331000,37453.0,5604.0
2026.07,4412332000,0.0,13424.0
2026.07,4412333000,0.0,218404.0
2026.07,4412334010,0.0,498224.0
2026.07,4412334020,0.0,4330728.0
2026.07,4412335000,0.0,287484.0
2026.07,4412336000,0.0,5441699.0
2026.07,4412337000,8176.0,3486877.0
2026.07,4412341000,0.0,7994.0
2026.07,4412343000,0.0,74453.0
2026.07,4412344010,0.0,685086.0
2026.07,4412344020,0.0,470647.0
2026.07,4412345000,0.0,709346.0
2026.07,4412346000,0.0,118820.0
2026.07,4412347000,0.0,154274.0
2026.07,4412391000,0.0,155572.0
2026.07,4412399000,790.0,1027965.0
2026.07,4412411000,0.0,238444.0
2026.07,4412419000,0.0,48541.0
2026.07,4412421000,13.0,1107380.0
2026.07,4412429000,0.0,26215.0
2026.07,4412491000,0.0,947874.0
2026.07,4412499000,0.0,175492.0
2026.07,4412510000,0.0,591851.0
2026.07,4412520000,0.0,33201.0
2026.07,4412921000,0.0,15394.0
2026.07,4412929110,0.0,338357.0
2026.07,4412929910,0.0,44784.0
2026.07,4412929990,0.0,153503.0
2026.07,4412991000,147866.0,266547.0
2026.07,4412999110,0.0,113734.0
2026.07,4412999910,0.0,588442.0
2026.07,4412999990,12308.0,127802.0
2026.07,4413000000,597717.0,381865.0
2026.07,4414100000,0.0,5783.0
2026.07,4414900000,78238.0,387104.0
2026.07,4415100000,2706250.0,3907794.0
2026.07,4415200000,1449150.0,1257924.0
2026.07,4416000000,0.0,45197.0
2026.07,4417000000,8930.0,303163.0
2026.07,4418190000,58389.0,47867.0
2026.07,4418210000,0.0,92690.0
2026.07,4418290000,264449.0,911143.0
2026.07,4418300000,0.0,97693.0
2026.07,4418400000,17933.0,54600.0
2026.07,4418500000,0.0,57924.0
2026.07,4418731000,0.0,3444.0
2026.07,4418739000,0.0,4736.0
2026.07,4418749000,0.0,9044.0
2026.07,4418751000,0.0,3078322.0
2026.07,4418759000,0.0,586226.0
2026.07,4418799000,0.0,149189.0
2026.07,4418810000,0.0,169846.0
2026.07,4418910000,0.0,339.0
2026.07,4418999000,72731.0,679183.0
2026.07,4419110000,302.0,51362.0
2026.07,4419120000,4709.0,1338223.0
2026.07,4419190000,2992.0,386842.0
2026.07,4419201000,10.0,81283.0
2026.07,4419202000,0.0,15443.0
2026.07,4419203000,221.0,23826.0
2026.07,4419209000,1.0,10903.0
2026.07,4419901000,19343.0,651574.0
2026.07,4419902000,3073.0,701.0
2026.07,4419903000,4136.0,1560315.0
2026.07,4419909000,82019.0,1858712.0
2026.07,4420110000,0.0,45571.0
2026.07,4420190000,10938.0,138982.0
2026.07,4420902000,18243.0,253579.0
2026.07,4420909010,719.0,201676.0
2026.07,4420909020,2483.0,509551.0
2026.07,4420909090,49621.0,239690.0
2026.07,4421100000,18158.0,561757.0
2026.07,4421200000,0.0,824336.0
2026.07,4421913000,1158.0,78542.0
2026.07,4421915000,50093.0,136663.0
2026.07,4421919000,1512.0,484123.0
2026.07,4421991000,33486.0,174632.0
2026.07,4421993000,14.0,66666.0
2026.07,4421994000,0.0,82335.0
2026.07,4421995000,1117.0,94802.0
2026.07,4421999010,14000.0,2728686.0
2026.07,4421999090,351741.0,3911174.0
2026.07,4501100000,0.0,969.0
2026.07,4501900000,0.0,96042.0
2026.07,4502000000,22444.0,64.0
2026.07,4503100000,0.0,40030.0
2026.07,4503900000,0.0,13832.0
2026.07,4504100000,151.0,248401.0
2026.07,4504900000,1232.0,29666.0
2026.07,4601211000,1262.0,198197.0
2026.07,4601212000,0.0,16466.0
2026.07,4601220000,0.0,1324.0
2026.07,4601290000,0.0,128308.0
2026.07,4601920000,0.0,1194.0
2026.07,4601930000,0.0,8769.0
2026.07,4601940000,0.0,13474.0
2026.07,4601990000,19162.0,16597.0
2026.07,4602111000,0.0,37168.0
2026.07,4602119000,113.0,52544.0
2026.07,4602120000,159.0,142699.0
2026.07,4602191000,0.0,14932.0
2026.07,4602199000,39043.0,573935.0
2026.07,4602900000,4370.0,562510.0
2026.07,4701001000,0.0,16516.0
2026.07,4702000000,0.0,5004951.0
2026.07,4703110000,0.0,7809814.0
2026.07,4703211000,0.0,147666.0
2026.07,4703212000,0.0,16039728.0
2026.07,4703292000,1794389.0,70127323.0
2026.07,4704290000,0.0,24725.0
2026.07,4705000000,0.0,13570047.0
2026.07,4706100000,0.0,3837627.0
2026.07,4706200000,0.0,32689.0
2026.07,4706300000,42.0,0.0
2026.07,4706921000,0.0,71.0
2026.07,4706922000,0.0,82.0
2026.07,4706932000,0.0,82500.0
2026.07,4707100000,3370901.0,6251204.0
2026.07,4707200000,359673.0,3680522.0
2026.07,4707300000,2358761.0,4232144.0
2026.07,4707900000,10665.0,80546.0
2026.07,4801000000,5319881.0,0.0
2026.07,4802100000,9613.0,189730.0
2026.07,4802200000,89563.0,691431.0
2026.07,4802400000,153372.0,517304.0
2026.07,4802541010,0.0,1531.0
2026.07,4802541090,34.0,74803.0
2026.07,4802549010,0.0,31797.0
2026.07,4802549090,216.0,1250592.0
2026.07,4802551010,328.0,0.0
2026.07,4802551020,0.0,113450.0
2026.07,4802551030,8355.0,17455.0
2026.07,4802551090,1218746.0,2113954.0
2026.07,4802559010,0.0,772.0
2026.07,4802559090,593908.0,3380286.0
2026.07,4802561010,26.0,25430.0
2026.07,4802561020,5530.0,5498967.0
2026.07,4802561090,5322333.0,24107.0
2026.07,4802569010,0.0,1491847.0
2026.07,4802569090,734.0,7916.0
2026.07,4802571020,0.0,51763.0
2026.07,4802571090,2638110.0,1167302.0
2026.07,4802579090,0.0,624119.0
2026.07,4802581010,0.0,132786.0
2026.07,4802581090,920871.0,145872.0
2026.07,4802589090,400079.0,1662308.0
2026.07,4802611010,19229.0,0.0
2026.07,4802611090,78695.0,443084.0
2026.07,4802619090,32816.0,325876.0
2026.07,4802621020,0.0,2235.0
2026.07,4802621090,0.0,2087.0
2026.07,4802629090,4084.0,50.0
2026.07,4802691020,26033.0,47.0
2026.07,4802691090,20649.0,110775.0
2026.07,4802699090,17340.0,694414.0
2026.07,4803001000,58713.0,13178864.0
2026.07,4803002000,7316.0,1656354.0
2026.07,4803009000,393237.0,2891772.0
2026.07,4804110000,22695.0,6693446.0
2026.07,4804190000,204134.0,685314.0
2026.07,4804210000,1330312.0,2810923.0
2026.07,4804290000,51694.0,960809.0
2026.07,4804311000,28.0,405790.0
2026.07,4804313000,38525.0,126503.0
2026.07,4804319000,218905.0,2052516.0
2026.07,4804391000,0.0,372316.0
2026.07,4804393000,110510.0,115827.0
2026.07,4804399000,38205.0,1909259.0
2026.07,4804412000,0.0,624422.0
2026.07,4804419000,18309.0,658986.0
2026.07,4804421000,2929.0,80130.0
2026.07,4804429000,332.0,436420.0
2026.07,4804510000,354769.0,1459924.0
2026.07,4804523000,0.0,1561591.0
2026.07,4804529000,420.0,0.0
2026.07,4804590000,184988.0,59330.0
2026.07,4805110000,12154814.0,431648.0
2026.07,4805120000,3.0,0.0
2026.07,4805190000,3565777.0,1140215.0
2026.07,4805241000,14997.0,0.0
2026.07,4805249000,980424.0,121288.0
2026.07,4805251000,1001071.0,551703.0
2026.07,4805259000,398817.0,1564936.0
2026.07,4805300000,0.0,8168.0
2026.07,4805400000,2028471.0,435018.0
2026.07,4805500000,4330.0,56419.0
2026.07,4805911000,0.0,10164.0
2026.07,4805919010,497.0,198868.0
2026.07,4805919090,1323283.0,2776428.0
2026.07,4805929000,1011549.0,1874372.0
2026.07,4805931000,0.0,15.0
2026.07,4805939000,310818.0,4257951.0
2026.07,4806100000,30683.0,180938.0
2026.07,4806200000,4075.0,458943.0
2026.07,4806300000,397.0,87494.0
2026.07,4806401000,0.0,2463584.0
2026.07,4806409000,29281.0,440055.0
2026.07,4807000000,534145.0,321810.0
2026.07,4808100000,651860.0,72228.0
2026.07,4808401000,0.0,1947.0
2026.07,4808409000,259946.0,634606.0
2026.07,4808900000,1257391.0,403165.0
2026.07,4809201000,0.0,94399.0
2026.07,4809202000,0.0,276686.0
2026.07,4809901000,5091163.0,384941.0
2026.07,4809902010,1997935.0,258999.0
2026.07,4809902090,4062808.0,169141.0
2026.07,4809904000,2834.0,464.0
2026.07,4809909000,370710.0,512450.0
2026.07,4810131000,8976301.0,1203497.0
2026.07,4810139000,803878.0,409951.0
2026.07,4810140000,128552.0,21937.0
2026.07,4810191000,47078980.0,310223.0
2026.07,4810199000,1254407.0,2197584.0
2026.07,4810220000,11126.0,1379359.0
2026.07,4810290000,3711836.0,817197.0
2026.07,4810319000,819475.0,32320.0
2026.07,4810321000,0.0,496691.0
2026.07,4810329000,425419.0,361767.0
2026.07,4810390000,846561.0,2117532.0
2026.07,4810921010,365480.0,133542.0
2026.07,4810921090,2305897.0,304404.0
2026.07,4810929000,19984647.0,1367276.0
2026.07,4810992000,2576.0,258840.0
2026.07,4810999000,758818.0,143592.0
2026.07,4811100000,6295.0,538.0
2026.07,4811410000,1579702.0,5747699.0
2026.07,4811490000,1244217.0,454000.0
2026.07,4811511000,141069.0,332334.0
2026.07,4811519011,0.0,1200.0
2026.07,4811519019,545628.0,9670448.0
2026.07,4811519090,114955.0,635997.0
2026.07,4811590000,13871986.0,16037648.0
2026.07,4811600000,672194.0,233267.0
2026.07,4811901000,1236413.0,2153980.0
2026.07,4811902010,11585090.0,0.0
2026.07,4811902090,18892138.0,189139.0
2026.07,4812000000,3904.0,143626.0
2026.07,4813100000,32921.0,86670.0
2026.07,4813200000,44042.0,1182152.0
2026.07,4813900000,319004.0,1455306.0
2026.07,4814201000,2794540.0,165704.0
2026.07,4814209000,25.0,37075.0
2026.07,4814901010,0.0,2512.0
2026.07,4814901090,1994714.0,121722.0
2026.07,4814909000,415600.0,57484.0
2026.07,4816200000,7594.0,119241.0
2026.07,4816901000,52704.0,73612.0
2026.07,4816902010,0.0,27529.0
2026.07,4816902090,91344.0,168198.0
2026.07,4816903000,363115.0,85612.0
2026.07,4816904000,11463.0,5784675.0
2026.07,4816905000,0.0,18254.0
2026.07,4816909000,124492.0,162974.0
2026.07,4817100000,60260.0,601835.0
2026.07,4817200000,161199.0,115566.0
2026.07,4817300000,15742.0,197540.0
2026.07,4818100000,525650.0,1044944.0
2026.07,4818200000,3297429.0,2312815.0
2026.07,4818300000,2005.0,276596.0
2026.07,4818500000,7281.0,145609.0
2026.07,4818900000,1910944.0,6734498.0
2026.07,4819100000,7445844.0,3884864.0
2026.07,4819200000,3543736.0,9928504.0
2026.07,4819300000,355561.0,407545.0
2026.07,4819400000,2118350.0,8330386.0
2026.07,4819501000,3948216.0,6188066.0
2026.07,4819509000,1768085.0,2873260.0
2026.07,4819600000,5774.0,314076.0
2026.07,4820100000,2098014.0,3467339.0
2026.07,4820200000,317739.0,88715.0
2026.07,4820300000,74382.0,217716.0
2026.07,4820400000,0.0,8881.0
2026.07,4820500000,1194137.0,90673.0
2026.07,4820900000,175944.0,268417.0
2026.07,4821100000,2758645.0,3881790.0
2026.07,4821900000,704429.0,717518.0
2026.07,4822100000,76623.0,8917.0
2026.07,4822900000,413991.0,137779.0
2026.07,4823200000,1645598.0,808238.0
2026.07,4823400000,43708.0,89078.0
2026.07,4823610000,112.0,52976.0
2026.07,4823690000,6698027.0,2441170.0
2026.07,4823700000,7704.0,533207.0
2026.07,4823901010,0.0,4670.0
2026.07,4823901090,37874.0,4280.0
2026.07,4823902000,24582.0,336027.0
2026.07,4823903011,0.0,113.0
2026.07,4823903019,45.0,17602.0
2026.07,4823903090,4402.0,39425.0
2026.07,4823905000,0.0,1067.0
2026.07,4823909011,54260.0,7750.0
2026.07,4823909019,3896.0,94302.0
2026.07,4823909090,5231496.0,4155920.0
2026.07,4901101000,2355970.0,4427.0
2026.07,4901109000,7292301.0,182190.0
2026.07,4901911000,18945.0,5.0
2026.07,4901919000,80086.0,1441.0
2026.07,4901991000,129259.0,175276.0
2026.07,4901999000,32210875.0,8321949.0
2026.07,4902101010,1801.0,713.0
2026.07,4902101090,1060.0,0.0
2026.07,4902109000,8154.0,8567.0
2026.07,4902901010,133629.0,1972.0
2026.07,4902901090,1904.0,0.0
2026.07,4902909010,85153.0,322387.0
2026.07,4902909090,15819.0,119619.0
2026.07,4903000000,131377.0,3758695.0
2026.07,4904000000,1872.0,119684.0
2026.07,4905201000,0.0,17893.0
2026.07,4905209000,0.0,12221.0
2026.07,4905900000,3085.0,9440.0
2026.07,4906001000,109.0,338.0
2026.07,4906002000,552.0,2466.0
2026.07,4906009000,29356.0,87547.0
2026.07,4907001000,327.0,56310.0
2026.07,4907002000,0.0,131.0
2026.07,4907009000,0.0,212120.0
2026.07,4908100000,320164.0,22617.0
2026.07,4908901000,8779.0,41304.0
2026.07,4908909000,528790.0,774379.0
2026.07,4909000000,888109.0,344638.0
2026.07,4910001000,3757878.0,15838.0
2026.07,4910009000,106063.0,31009.0
2026.07,4911100000,820737.0,949255.0
2026.07,4911911000,7764.0,209007.0
2026.07,4911919000,3071715.0,834668.0
2026.07,4911990000,4100631.0,10481211.0
2026.07,5001000000,0.0,1043.0
2026.07,5002001020,0.0,360069.0
2026.07,5002001050,0.0,215241.0
2026.07,5002002000,0.0,43708.0
2026.07,5002009000,0.0,2426.0
2026.07,5003009000,0.0,1822.0
2026.07,5004000000,0.0,113106.0
2026.07,5005000000,0.0,89840.0
2026.07,5006000000,0.0,6480.0
2026.07,5007100000,0.0,114452.0
2026.07,5007201000,3938.0,13428.0
2026.07,5007202020,849953.0,439204.0
2026.07,5007202030,279927.0,86258.0
2026.07,5007202090,972351.0,810867.0
2026.07,5007209000,96739.0,151314.0
2026.07,5007901000,0.0,684.0
2026.07,5007902000,0.0,96.0
2026.07,5007903000,250611.0,87432.0
2026.07,5007904000,53114.0,71356.0
2026.07,5007909000,14065.0,109790.0
2026.07,5101110000,13.0,0.0
2026.07,5101300000,0.0,2528912.0
2026.07,5102190000,0.0,215816.0
2026.07,5103100000,0.0,5311.0
2026.07,5104000000,0.0,127913.0
2026.07,5105100000,0.0,80701.0
2026.07,5105210000,0.0,31660.0
2026.07,5105290000,151656.0,2221514.0
2026.07,5105310000,0.0,395216.0
2026.07,5105390000,0.0,511524.0
2026.07,5105400000,0.0,99791.0
2026.07,5106101000,85021.0,176985.0
2026.07,5106109000,277274.0,183745.0
2026.07,5106201000,7041.0,4546.0
2026.07,5106202000,94627.0,2130.0
2026.07,5106204000,118421.0,0.0
2026.07,5106209000,358823.0,700370.0
2026.07,5107101000,116623.0,592690.0
2026.07,5107102000,36957.0,0.0
2026.07,5107109000,0.0,145563.0
2026.07,5107201000,7618.0,933904.0
2026.07,5107202000,48696.0,10258.0
2026.07,5107203000,0.0,17625.0
2026.07,5107209000,341069.0,294559.0
2026.07,5108100000,117341.0,1167155.0
2026.07,5108200000,0.0,498914.0
2026.07,5109101000,68906.0,61634.0
2026.07,5109109000,44.0,161903.0
2026.07,5109901000,507.0,75029.0
2026.07,5109909000,1160.0,27321.0
2026.07,5110000000,0.0,1059.0
2026.07,5111111000,28131.0,251123.0
2026.07,5111112000,0.0,983890.0
2026.07,5111191000,273267.0,1759592.0
2026.07,5111192000,0.0,2933171.0
2026.07,5111200000,94429.0,31494.0
2026.07,5111300000,29113.0,392350.0
2026.07,5111900000,248773.0,100188.0
2026.07,5112111000,269865.0,1297086.0
2026.07,5112112000,0.0,43752.0
2026.07,5112191000,915470.0,2305198.0
2026.07,5112192000,197326.0,381247.0
2026.07,5112200000,404270.0,50088.0
2026.07,5112300000,57950.0,157776.0
2026.07,5112900000,849832.0,184884.0
2026.07,5113000000,0.0,90904.0
2026.07,5201001000,5921.0,0.0
2026.07,5201009010,0.0,147.0
2026.07,5201009020,49287.0,0.0
2026.07,5201009050,0.0,7790378.0
2026.07,5201009060,0.0,269.0
2026.07,5202100000,14822.0,8778.0
2026.07,5202910000,0.0,12790.0
2026.07,5202990000,157086.0,703.0
2026.07,5203000000,509617.0,113988.0
2026.07,5204110000,21820.0,2446.0
2026.07,5204190000,12632.0,4072.0
2026.07,5204200000,20.0,5618.0
2026.07,5205111000,0.0,200768.0
2026.07,5205119000,43401.0,13259.0
2026.07,5205121010,9421.0,2870140.0
2026.07,5205121090,6159.0,1521680.0
2026.07,5205129000,23.0,130038.0
2026.07,5205131000,0.0,3839052.0
2026.07,5205139000,0.0,65068.0
2026.07,5205141000,0.0,115848.0
2026.07,5205210000,0.0,25854.0
2026.07,5205221000,358800.0,1941447.0
2026.07,5205229000,20061.0,265795.0
2026.07,5205231000,1788536.0,3847945.0
2026.07,5205239000,72831.0,1284904.0
2026.07,5205241000,251616.0,1294530.0
2026.07,5205249000,75920.0,56422.0
2026.07,5205260000,951.0,325296.0
2026.07,5205270000,1196.0,280062.0
2026.07,5205280000,0.0,101986.0
2026.07,5205310000,0.0,2597.0
2026.07,5205321010,0.0,680122.0
2026.07,5205321090,0.0,171439.0
2026.07,5205329000,146682.0,50516.0
2026.07,5205330000,5964.0,1565169.0
2026.07,5205340000,0.0,1124.0
2026.07,5205350000,0.0,68194.0
2026.07,5205420000,0.0,125556.0
2026.07,5205430000,0.0,311073.0
2026.07,5205440000,0.0,1674175.0
2026.07,5205470000,2724.0,112333.0
2026.07,5205480000,0.0,90089.0
2026.07,5206111000,0.0,225553.0
2026.07,5206119000,8443.0,46146.0
2026.07,5206121000,153.0,525011.0
2026.07,5206129000,0.0,52720.0
2026.07,5206130000,0.0,494335.0
2026.07,5206140000,2835.0,1007.0
2026.07,5206150000,0.0,2103.0
2026.07,5206210000,0.0,41734.0
2026.07,5206221000,11948.0,1284242.0
2026.07,5206229000,0.0,61352.0
2026.07,5206231000,59473.0,3099941.0
2026.07,5206239000,62261.0,54031.0
2026.07,5206241000,0.0,1130737.0
2026.07,5206249000,0.0,133819.0
2026.07,5206250000,0.0,233.0
2026.07,5206310000,612.0,22202.0
2026.07,5206320000,0.0,134533.0
2026.07,5206330000,1522.0,113.0
2026.07,5206350000,0.0,1050.0
2026.07,5206410000,0.0,17022.0
2026.07,5206420000,0.0,47511.0
2026.07,5206430000,0.0,15105.0
2026.07,5206440000,0.0,264.0
2026.07,5206450000,0.0,37548.0
2026.07,5207100000,5321.0,84221.0
2026.07,5207900000,2446.0,44420.0
2026.07,5208110000,27778.0,1841623.0
2026.07,5208120000,1633.0,5575131.0
2026.07,5208130000,22355.0,957864.0
2026.07,5208190000,3961.0,312764.0
2026.07,5208210000,12362.0,132554.0
2026.07,5208220000,9682.0,542950.0
2026.07,5208230000,3873.0,14130.0
2026.07,5208290000,18319.0,361937.0
2026.07,5208310000,101357.0,52244.0
2026.07,5208320000,1339950.0,245281.0
2026.07,5208330000,114504.0,52798.0
2026.07,5208390000,439355.0,336395.0
2026.07,5208410000,0.0,527910.0
2026.07,5208420000,6871.0,290631.0
2026.07,5208430000,1281.0,138135.0
2026.07,5208490000,62326.0,143081.0
2026.07,5208510000,173834.0,105671.0
2026.07,5208520000,13328466.0,301646.0
2026.07,5208591000,28464.0,37100.0
2026.07,5208599000,57947.0,40379.0
2026.07,5209110000,6737.0,391710.0
2026.07,5209120000,61575.0,1368835.0
2026.07,5209190000,5730.0,705303.0
2026.07,5209210000,42208.0,2955.0
2026.07,5209220000,171.0,22477.0
2026.07,5209290000,0.0,29001.0
2026.07,5209310000,258528.0,174722.0
2026.07,5209320000,224006.0,334377.0
2026.07,5209390000,562080.0,345268.0
2026.07,5209410000,1553.0,38123.0
2026.07,5209420000,282707.0,1968417.0
2026.07,5209430000,0.0,414804.0
2026.07,5209490000,7069.0,97486.0
2026.07,5209510000,69872.0,65433.0
2026.07,5209520000,12023.0,2761.0
2026.07,5209590000,36797.0,88048.0
2026.07,5210110000,54383.0,114587.0
2026.07,5210190000,0.0,118328.0
2026.07,5210210000,6663.0,227621.0
2026.07,5210290000,0.0,40460.0
2026.07,5210310000,338568.0,106413.0
2026.07,5210320000,495876.0,81006.0
2026.07,5210390000,466034.0,121744.0
2026.07,5210410000,54571.0,16696.0
2026.07,5210490000,2194.0,63689.0
2026.07,5210510000,21615.0,2395.0
2026.07,5210590000,124953.0,4116.0
2026.07,5211110000,0.0,38307.0
2026.07,5211120000,23462.0,229351.0
2026.07,5211190000,32586.0,201173.0
2026.07,5211200000,0.0,6050.0
2026.07,5211310000,52715.0,10671.0
2026.07,5211320000,662377.0,44519.0
2026.07,5211390000,182152.0,104041.0
2026.07,5211410000,640.0,21481.0
2026.07,5211420000,8478.0,187811.0
2026.07,5211430000,0.0,296804.0
2026.07,5211490000,290108.0,82835.0
2026.07,5211510000,0.0,611.0
2026.07,5211590000,7785.0,163777.0
2026.07,5212110000,37933.0,36428.0
2026.07,5212120000,4957.0,28510.0
2026.07,5212130000,499379.0,142840.0
2026.07,5212140000,0.0,15757.0
2026.07,5212150000,221854.0,13325.0
2026.07,5212210000,0.0,419.0
2026.07,5212220000,458.0,17962.0
2026.07,5212230000,57442.0,32205.0
2026.07,5212240000,52.0,28241.0
2026.07,5212250000,68407.0,9209.0
2026.07,5301290000,0.0,22429.0
2026.07,5303101000,0.0,154753.0
2026.07,5303901010,0.0,172128.0
2026.07,5305001000,0.0,102358.0
2026.07,5305003000,0.0,89.0
2026.07,5305009000,5032.0,12181.0
2026.07,5306101000,0.0,708824.0
2026.07,5306102000,0.0,274337.0
2026.07,5306201000,0.0,1235.0
2026.07,5306202000,0.0,8968.0
2026.07,5307101000,0.0,21201.0
2026.07,5307109000,0.0,210.0
2026.07,5307201000,0.0,16717.0
2026.07,5307209000,0.0,236.0
2026.07,5308100000,0.0,12405.0
2026.07,5308901000,1988.0,17109.0
2026.07,5308909000,1625.0,256002.0
2026.07,5309110000,0.0,185953.0
2026.07,5309190000,39652.0,347664.0
2026.07,5309210000,0.0,213097.0
2026.07,5309290000,108383.0,29604.0
2026.07,5310100000,0.0,102006.0
2026.07,5310900000,3.0,65889.0
2026.07,5311001000,0.0,125576.0
2026.07,5311002000,25.0,95004.0
2026.07,5311009000,226.0,356328.0
2026.07,5401101000,309611.0,57288.0
2026.07,5401102000,959172.0,291550.0
2026.07,5401109000,161127.0,108372.0
2026.07,5401201000,224128.0,34087.0
2026.07,5401209000,17755.0,1031.0
2026.07,5402110000,16318066.0,199353.0
2026.07,5402191011,0.0,180769.0
2026.07,5402191012,44552.0,73515.0
2026.07,5402191019,12599.0,503888.0
2026.07,5402191021,0.0,183642.0
2026.07,5402191029,302509.0,5579060.0
2026.07,5402191090,465.0,14598.0
2026.07,5402199000,57751.0,78942.0
2026.07,5402200000,2248219.0,9476272.0
2026.07,5402311010,93575.0,780691.0
2026.07,5402311020,14357.0,611512.0
2026.07,5402311090,19154.0,19540.0
2026.07,5402319000,34960.0,35506.0
2026.07,5402321010,186243.0,432405.0
2026.07,5402321020,78031.0,13099.0
2026.07,5402321090,2650.0,293.0
2026.07,5402329000,34074.0,0.0
2026.07,5402331000,240063.0,354381.0
2026.07,5402339000,3855088.0,12860599.0
2026.07,5402340000,89702.0,17772.0
2026.07,5402390000,225029.0,314774.0
2026.07,5402440000,6895464.0,2660210.0
2026.07,5402451010,971543.0,4895354.0
2026.07,5402451020,21.0,322170.0
2026.07,5402451090,199863.0,82964.0
2026.07,5402459000,310040.0,182647.0
2026.07,5402469000,917340.0,4149069.0
2026.07,5402471000,1147.0,381321.0
2026.07,5402479000,12318395.0,5573270.0
2026.07,5402480000,1058175.0,675266.0
2026.07,5402491000,0.0,3917956.0
2026.07,5402499000,1976226.0,1518373.0
2026.07,5402510000,6283.0,19438.0
2026.07,5402520000,152970.0,67564.0
2026.07,5402530000,0.0,32083.0
2026.07,5402591000,0.0,406255.0
2026.07,5402599000,0.0,44048.0
2026.07,5402610000,7277.0,343479.0
2026.07,5402620000,231532.0,225305.0
2026.07,5402630000,2497.0,97362.0
2026.07,5402691000,142831.0,0.0
2026.07,5402692000,0.0,109595.0
2026.07,5402699000,54373.0,288135.0
2026.07,5403100000,5290.0,0.0
2026.07,5403310000,11.0,363244.0
2026.07,5403320000,0.0,26249.0
2026.07,5403331000,0.0,2853575.0
2026.07,5403339000,0.0,2528680.0
2026.07,5403390000,0.0,676476.0
2026.07,5403411000,49521.0,310988.0
2026.07,5403419000,1303.0,70887.0
2026.07,5403490000,2171.0,21385.0
2026.07,5404110000,22183.0,14445.0
2026.07,5404120000,14120.0,0.0
2026.07,5404191000,132238.0,158194.0
2026.07,5404199000,3802412.0,375976.0
2026.07,5404901000,127950.0,22651.0
2026.07,5404909000,65970.0,148680.0
2026.07,5405000000,0.0,396.0
2026.07,5406001000,8139.0,123459.0
2026.07,5406002000,0.0,4079.0
2026.07,5407101000,3549330.0,408549.0
2026.07,5407102000,1946756.0,340322.0
2026.07,5407200000,540977.0,1353342.0
2026.07,5407300000,3623.0,382365.0
2026.07,5407410000,1597144.0,261244.0
2026.07,5407420000,12536066.0,583355.0
2026.07,5407430000,522545.0,36437.0
2026.07,5407440000,264809.0,65826.0
2026.07,5407510000,1305906.0,680759.0
2026.07,5407520000,12604978.0,483918.0
2026.07,5407530000,4062309.0,491217.0
2026.07,5407540000,95881.0,103299.0
2026.07,5407611000,3723196.0,1558409.0
2026.07,5407612000,25624174.0,1000484.0
2026.07,5407613000,43608.0,311761.0
2026.07,5407614000,1274585.0,63222.0
2026.07,5407691000,762309.0,540932.0
2026.07,5407692000,4559883.0,184630.0
2026.07,5407693000,497722.0,149303.0
2026.07,5407694000,370400.0,47322.0
2026.07,5407710000,377202.0,233549.0
2026.07,5407720000,1272210.0,637223.0
2026.07,5407730000,1123636.0,248867.0
2026.07,5407740000,30293.0,8400.0
2026.07,5407811000,2720.0,1477.0
2026.07,5407812000,136362.0,2482.0
2026.07,5407813000,2300.0,0.0
2026.07,5407819000,0.0,417.0
2026.07,5407821000,1292142.0,9139.0
2026.07,5407822000,814651.0,33507.0
2026.07,5407823000,67511.0,0.0
2026.07,5407829000,54494.0,13651.0
2026.07,5407831000,0.0,157.0
2026.07,5407832000,2498.0,20134.0
2026.07,5407839000,0.0,7155.0
2026.07,5407841000,151559.0,405.0
2026.07,5407842000,42608.0,477.0
2026.07,5407849000,1877.0,38092.0
2026.07,5407911000,13350.0,22549.0
2026.07,5407912000,32764.0,595063.0
2026.07,5407913000,7087.0,2590.0
2026.07,5407919000,80728.0,102963.0
2026.07,5407921000,720164.0,174468.0
2026.07,5407922000,5290478.0,214737.0
2026.07,5407923000,14982.0,0.0
2026.07,5407929000,1260406.0,30554.0
2026.07,5407931000,20695.0,42.0
2026.07,5407932000,77236.0,162745.0
2026.07,5407933000,1434.0,0.0
2026.07,5407939000,66791.0,139758.0
2026.07,5407941000,21676.0,590.0
2026.07,5407942000,166895.0,11737.0
2026.07,5407943000,0.0,2.0
2026.07,5407949000,725108.0,2605.0
2026.07,5408100000,398801.0,286.0
2026.07,5408210000,589079.0,98389.0
2026.07,5408220000,2281210.0,460693.0
2026.07,5408230000,34351.0,21504.0
2026.07,5408240000,29526.0,63529.0
2026.07,5408310000,17446.0,29164.0
2026.07,5408320000,852317.0,109864.0
2026.07,5408330000,38088.0,30566.0
2026.07,5408340000,21756.0,4733.0
2026.07,5501190000,90488.0,0.0
2026.07,5501200000,736149.0,40.0
2026.07,5501300000,6124389.0,216.0
2026.07,5501400000,822664.0,0.0
2026.07,5501900000,930662.0,0.0
2026.07,5502101000,6362078.0,8386601.0
2026.07,5502900000,1674.0,17901.0
2026.07,5503110000,5538834.0,800208.0
2026.07,5503190000,0.0,425236.0
2026.07,5503201000,17003984.0,258889.0
2026.07,5503209000,27175031.0,1500791.0
2026.07,5503301000,231.0,87156.0
2026.07,5503302000,0.0,140129.0
2026.07,5503400000,3957172.0,15922.0
2026.07,5503900000,7363552.0,1804774.0
2026.07,5504101000,0.0,437809.0
2026.07,5504109000,0.0,2073115.0
2026.07,5504902000,0.0,62644.0
2026.07,5504909000,3.0,1187.0
2026.07,5505100000,16590.0,1181339.0
2026.07,5506100000,129709.0,0.0
2026.07,5506200000,9610.0,100980.0
2026.07,5506300000,0.0,708400.0
2026.07,5506900000,0.0,50959.0
2026.07,5507000000,89.0,2821.0
2026.07,5508102000,409360.0,8789.0
2026.07,5508109000,53344.0,10011.0
2026.07,5508200000,4876.0,104.0
2026.07,5509111000,354766.0,0.0
2026.07,5509119000,221.0,58464.0
2026.07,5509121000,598696.0,39576.0
2026.07,5509129000,26.0,65781.0
2026.07,5509211000,0.0,60730.0
2026.07,5509219000,563.0,2279281.0
2026.07,5509221000,8875.0,382685.0
2026.07,5509229000,19663.0,874706.0
2026.07,5509311000,38707.0,120838.0
2026.07,5509321000,598.0,259860.0
2026.07,5509322000,0.0,109648.0
2026.07,5509410000,16827.0,163746.0
2026.07,5509420000,62188.0,129579.0
2026.07,5509510000,0.0,2039815.0
2026.07,5509520000,1246.0,138300.0
2026.07,5509530000,15961.0,2348094.0
2026.07,5509590000,0.0,121298.0
2026.07,5509611000,554.0,83137.0
2026.07,5509621000,0.0,66711.0
2026.07,5509622000,240401.0,45.0
2026.07,5509691010,0.0,234746.0
2026.07,5509691020,0.0,32917.0
2026.07,5509692010,0.0,137307.0
2026.07,5509692020,0.0,17174.0
2026.07,5509911000,201.0,116842.0
2026.07,5509919000,12010.0,82854.0
2026.07,5509920000,0.0,3829.0
2026.07,5509990000,68504.0,41880.0
2026.07,5510111000,239529.0,557504.0
2026.07,5510119000,0.0,1347229.0
2026.07,5510121000,0.0,416472.0
2026.07,5510129000,0.0,219036.0
2026.07,5510201000,0.0,29.0
2026.07,5510209000,0.0,146908.0
2026.07,5510301000,0.0,285567.0
2026.07,5510309000,0.0,138668.0
2026.07,5510901000,49948.0,237301.0
2026.07,5510909000,1455.0,174259.0
2026.07,5511100000,3676.0,52577.0
2026.07,5511200000,4855.0,24434.0
2026.07,5511300000,0.0,10520.0
2026.07,5512110000,112322.0,837969.0
2026.07,5512191000,3640865.0,1635311.0
2026.07,5512192000,6870.0,454015.0
2026.07,5512193000,32421.0,13754.0
2026.07,5512210000,14867.0,0.0
2026.07,5512290000,466607.0,356152.0
2026.07,5512911000,353103.0,16310.0
2026.07,5512919000,5190.0,45644.0
2026.07,5512991000,178443.0,340992.0
2026.07,5512999000,580667.0,1648909.0
2026.07,5513110000,2919.0,876505.0
2026.07,5513120000,0.0,188621.0
2026.07,5513130000,169078.0,133300.0
2026.07,5513190000,3089.0,720.0
2026.07,5513210000,166552.0,508027.0
2026.07,5513231000,12402.0,61917.0
2026.07,5513239000,372650.0,174174.0
2026.07,5513290000,10669.0,13412.0
2026.07,5513310000,18479.0,26163.0
2026.07,5513390000,0.0,37678.0
2026.07,5513410000,0.0,15289.0
2026.07,5513490000,2889.0,1229.0
2026.07,5514110000,0.0,199127.0
2026.07,5514120000,4571.0,591324.0
2026.07,5514193000,1904.0,149504.0
2026.07,5514199000,0.0,113187.0
2026.07,5514210000,1160997.0,16867.0
2026.07,5514220000,78067.0,10857.0
2026.07,5514230000,37582.0,3419.0
2026.07,5514290000,0.0,34737.0
2026.07,5514300000,1079.0,246180.0
2026.07,5514410000,38885.0,315.0
2026.07,5514420000,141354.0,0.0
2026.07,5514430000,164568.0,0.0
2026.07,5514490000,7159.0,5763.0
2026.07,5515111000,91.0,336281.0
2026.07,5515119000,903232.0,919170.0
2026.07,5515121000,5980.0,1242228.0
2026.07,5515129000,1222725.0,128984.0
2026.07,5515131000,0.0,17750.0
2026.07,5515139000,216505.0,553972.0
2026.07,5515191000,38762.0,308676.0
2026.07,5515199000,168667.0,231120.0
2026.07,5515210000,0.0,32912.0
2026.07,5515221000,1857.0,43370.0
2026.07,5515229000,9170.0,82763.0
2026.07,5515290000,941.0,3160.0
2026.07,5515910000,191493.0,14238.0
2026.07,5515990000,1533188.0,272965.0
2026.07,5516111000,590.0,1563850.0
2026.07,5516119000,4323.0,297276.0
2026.07,5516121000,60601.0,93437.0
2026.07,5516129000,172212.0,303579.0
2026.07,5516130000,360.0,71073.0
2026.07,5516141000,184843.0,629.0
2026.07,5516149000,114279.0,14022.0
2026.07,5516211000,6197.0,99959.0
2026.07,5516219000,0.0,275154.0
2026.07,5516221000,362100.0,478958.0
2026.07,5516229000,555981.0,148829.0
2026.07,5516230000,0.0,18419.0
2026.07,5516241000,16962.0,0.0
2026.07,5516249000,115315.0,7740.0
2026.07,5516320000,0.0,2047.0
2026.07,5516330000,0.0,23237.0
2026.07,5516411000,0.0,294946.0
2026.07,5516419000,33220.0,73978.0
2026.07,5516421000,72896.0,70458.0
2026.07,5516429000,96687.0,25425.0
2026.07,5516430000,0.0,61616.0
2026.07,5516440000,199.0,0.0
2026.07,5516910000,11614.0,94414.0
2026.07,5516921000,7593.0,475512.0
2026.07,5516929000,373325.0,15944.0
2026.07,5516930000,9413.0,67544.0
2026.07,5516940000,1877.0,2496.0
2026.07,5601210000,101764.0,625048.0
2026.07,5601220000,20074572.0,240803.0
2026.07,5601290000,769.0,35160.0
2026.07,5601301000,1590794.0,318677.0
2026.07,5601309000,34036.0,667676.0
2026.07,5602101000,3283232.0,966900.0
2026.07,5602102000,58206.0,166395.0
2026.07,5602210000,27591.0,120965.0
2026.07,5602290000,47358.0,57764.0
2026.07,5602900000,436709.0,1021509.0
2026.07,5603111000,697268.0,108712.0
2026.07,5603119000,3137599.0,2183800.0
2026.07,5603121000,848034.0,688689.0
2026.07,5603129000,2046137.0,2755243.0
2026.07,5603131000,3010577.0,1069884.0
2026.07,5603139000,3208486.0,3255904.0
2026.07,5603141000,2555463.0,256171.0
2026.07,5603149000,3231663.0,1629439.0
2026.07,5603910000,235569.0,718511.0
2026.07,5603920000,2496490.0,19937228.0
2026.07,5603930000,3694303.0,5654382.0
2026.07,5603940000,6388735.0,3338972.0
2026.07,5604100000,251565.0,421600.0
2026.07,5604902000,226544.0,8560.0
2026.07,5604909000,278874.0,755432.0
2026.07,5605000000,281612.0,85938.0
2026.07,5606001000,592728.0,500032.0
2026.07,5606002000,9243.0,78121.0
2026.07,5606003000,3390.0,234168.0
2026.07,5606009000,118611.0,424782.0
2026.07,5607210000,1306.0,21391.0
2026.07,5607290000,131365.0,179428.0
2026.07,5607410000,9179.0,99095.0
2026.07,5607490000,4902375.0,1990704.0
2026.07,5607500000,3943540.0,1504645.0
2026.07,5607901000,7603.0,37867.0
2026.07,5607909000,682394.0,527210.0
2026.07,5608111011,97626.0,553576.0
2026.07,5608111012,0.0,21068.0
2026.07,5608111013,0.0,728.0
2026.07,5608111020,0.0,604415.0
2026.07,5608111090,2597798.0,4401507.0
2026.07,5608119000,66736.0,1421581.0
2026.07,5608191000,143965.0,1832393.0
2026.07,5608199000,170663.0,2084842.0
2026.07,5608900000,132549.0,76596.0
2026.07,5609001000,70162.0,18912.0
2026.07,5609002000,13091.0,196922.0
2026.07,5609003000,718223.0,1348192.0
2026.07,5609009000,285692.0,835874.0
2026.07,5701100000,0.0,42512.0
2026.07,5701900000,21937.0,53604.0
2026.07,5702100000,528.0,18212.0
2026.07,5702200000,0.0,963957.0
2026.07,5702310000,62.0,249343.0
2026.07,5702320000,2100.0,109857.0
2026.07,5702390000,0.0,4038.0
2026.07,5702410000,0.0,106545.0
2026.07,5702420000,2718.0,213205.0
2026.07,5702490000,1.0,86148.0
2026.07,5702500000,0.0,157130.0
2026.07,5702910000,418.0,26266.0
2026.07,5702920000,20003.0,409995.0
2026.07,5702990000,5034.0,200872.0
2026.07,5703100000,25222.0,261094.0
2026.07,5703210000,304.0,45059.0
2026.07,5703290000,4472830.0,1857708.0
2026.07,5703310000,70239.0,640800.0
2026.07,5703390000,25620.0,1682159.0
2026.07,5703900000,10205.0,320115.0
2026.07,5704100000,0.0,1213.0
2026.07,5704200000,0.0,78.0
2026.07,5704900000,378129.0,115326.0
2026.07,5705000000,555011.0,1711913.0
2026.07,5801100000,166.0,1396.0
2026.07,5801210000,73512.0,31170.0
2026.07,5801220000,238664.0,1060255.0
2026.07,5801230000,0.0,10836.0
2026.07,5801260000,0.0,214.0
2026.07,5801270000,91950.0,30122.0
2026.07,5801310000,24947.0,19922.0
2026.07,5801320000,5891.0,86028.0
2026.07,5801330000,0.0,33701.0
2026.07,5801360000,7516.0,196839.0
2026.07,5801370000,3633321.0,334593.0
2026.07,5801900000,3194.0,4627.0
2026.07,5802100000,3518.0,89170.0
2026.07,5802200000,41378.0,62989.0
2026.07,5802300000,0.0,21350.0
2026.07,5803000000,212248.0,112426.0
2026.07,5804103000,515061.0,228567.0
2026.07,5804109000,228268.0,303678.0
2026.07,5804210000,339770.0,284184.0
2026.07,5804292000,6900.0,39619.0
2026.07,5804299000,157272.0,41138.0
2026.07,5804300000,0.0,2317.0
2026.07,5805000000,1736.0,18917.0
2026.07,5806103000,659234.0,446991.0
2026.07,5806109000,216158.0,105152.0
2026.07,5806200000,682021.0,235469.0
2026.07,5806310000,144482.0,254743.0
2026.07,5806320000,4228645.0,1933559.0
2026.07,5806390000,90700.0,12111.0
2026.07,5806400000,272.0,72143.0
2026.07,5807101000,1781848.0,299305.0
2026.07,5807109000,125770.0,198436.0
2026.07,5807901000,347473.0,119939.0
2026.07,5807909000,385121.0,81163.0
2026.07,5808100000,221311.0,158598.0
2026.07,5808900000,17915.0,118194.0
2026.07,5809000000,20464.0,41437.0
2026.07,5810100000,13310.0,66345.0
2026.07,5810910000,124833.0,276489.0
2026.07,5810920000,724434.0,232987.0
2026.07,5810990000,92111.0,16028.0
2026.07,5811004000,29969.0,144680.0
2026.07,5811009000,524501.0,45400.0
2026.07,5901100000,402982.0,18724.0
2026.07,5901901000,0.0,33980.0
2026.07,5901902000,89077.0,409809.0
2026.07,5901903000,181398.0,57169.0
2026.07,5902100000,2021116.0,2974842.0
2026.07,5902200000,4379810.0,7064573.0
2026.07,5902900000,15258.0,58288.0
2026.07,5903100000,8852231.0,1327106.0
2026.07,5903200000,56434133.0,4670903.0
2026.07,5903900000,13027718.0,2833037.0
2026.07,5904100000,0.0,23341.0
2026.07,5904900000,0.0,10285.0
2026.07,5905000000,199249.0,447059.0
2026.07,5906100000,4349604.0,611671.0
2026.07,5906910000,50083.0,8728.0
2026.07,5906990000,944464.0,372903.0
2026.07,5907001000,6664.0,19106.0
2026.07,5907002000,10.0,57941.0
2026.07,5907009000,4025391.0,896829.0
2026.07,5908001000,611330.0,8025.0
2026.07,5908009000,0.0,47.0
2026.07,5909000000,34379.0,247378.0
2026.07,5910000000,465282.0,760408.0
2026.07,5911100000,4882364.0,134058.0
2026.07,5911200000,259973.0,357284.0
2026.07,5911310000,660.0,1290756.0
2026.07,5911320000,243693.0,2322466.0
2026.07,5911400000,1165758.0,1226938.0
2026.07,5911900000,3646398.0,6083187.0
2026.07,6001101000,1186.0,391.0
2026.07,6001102000,5991614.0,254804.0
2026.07,6001109000,6086.0,49090.0
2026.07,6001210000,4891589.0,64542.0
2026.07,6001220000,860051.0,345033.0
2026.07,6001290000,58582.0,4649.0
2026.07,6001910000,397460.0,96582.0
2026.07,6001920000,5515764.0,1681349.0
2026.07,6001990000,126078.0,52016.0
2026.07,6002400000,25554.0,37874.0
2026.07,6002900000,18977.0,107807.0
2026.07,6003100000,0.0,45.0
2026.07,6003200000,2800.0,2681.0
2026.07,6003300000,102839.0,266776.0
2026.07,6003900000,3250.0,100.0
2026.07,6004100000,39648406.0,1207943.0
2026.07,6004900000,232801.0,108443.0
2026.07,6005220000,403195.0,15376.0
2026.07,6005230000,226321.0,7608.0
2026.07,6005240000,0.0,2087.0
2026.07,6005351000,1089146.0,126.0
2026.07,6005352000,834271.0,46735.0
2026.07,6005353000,0.0,69240.0
2026.07,6005354000,144681.0,76108.0
2026.07,6005360000,7997395.0,523521.0
2026.07,6005370000,17805093.0,566584.0
2026.07,6005380000,327436.0,306121.0
2026.07,6005390000,359408.0,105080.0
2026.07,6005420000,524.0,11810.0
2026.07,6005440000,3672.0,0.0
2026.07,6005900000,218057.0,116823.0
2026.07,6006100000,47859.0,214044.0
2026.07,6006210000,906678.0,105674.0
2026.07,6006220000,13154051.0,509336.0
2026.07,6006230000,1615151.0,94640.0
2026.07,6006240000,1006360.0,9393.0
2026.07,6006310000,1758811.0,345629.0
2026.07,6006320000,13702275.0,570346.0
2026.07,6006330000,768398.0,965793.0
2026.07,6006340000,1017217.0,11683.0
2026.07,6006410000,2377.0,7329.0
2026.07,6006420000,2390155.0,62248.0
2026.07,6006430000,44034.0,14293.0
2026.07,6006440000,96023.0,4842.0
2026.07,6006900000,437643.0,152487.0
2026.07,6101200000,111040.0,1306849.0
2026.07,6101301000,489079.0,2214373.0
2026.07,6101302000,2396.0,11576.0
2026.07,6101900000,33785.0,888536.0
2026.07,6102100000,60001.0,2552262.0
2026.07,6102200000,60832.0,531136.0
2026.07,6102301000,301048.0,3169514.0
2026.07,6102302000,3227.0,124017.0
2026.07,6102900000,530868.0,128320.0
2026.07,6103101000,846.0,8444.0
2026.07,6103102000,1064.0,10797.0
2026.07,6103109000,1607.0,1441.0
2026.07,6103220000,195.0,232673.0
2026.07,6103230000,152910.0,66090.0
2026.07,6103290000,0.0,22393.0
2026.07,6103310000,5143.0,279296.0
2026.07,6103320000,11322.0,443488.0
2026.07,6103330000,13595.0,1362302.0
2026.07,6103390000,110264.0,40948.0
2026.07,6103410000,17370.0,168790.0
2026.07,6103420000,203774.0,6199151.0
2026.07,6103430000,286139.0,8206602.0
2026.07,6103490000,80991.0,195911.0
2026.07,6104130000,28707.0,7828.0
2026.07,6104191000,21519.0,707.0
2026.07,6104199000,2920.0,52326.0
2026.07,6104220000,32998.0,785081.0
2026.07,6104230000,81804.0,877564.0
2026.07,6104290000,0.0,25647.0
2026.07,6104310000,193176.0,1357519.0
2026.07,6104320000,120833.0,343053.0
2026.07,6104330000,198180.0,1754872.0
2026.07,6104390000,18029.0,1067769.0
2026.07,6104410000,30447.0,427944.0
2026.07,6104420000,122993.0,1013279.0
2026.07,6104430000,481256.0,1456305.0
2026.07,6104440000,19054.0,849299.0
2026.07,6104491000,0.0,118896.0
2026.07,6104499000,12143.0,68030.0
2026.07,6104510000,13513.0,407854.0
2026.07,6104520000,42100.0,662570.0
2026.07,6104530000,245792.0,1127579.0
2026.07,6104590000,89130.0,495800.0
2026.07,6104610000,179922.0,492087.0
2026.07,6104620000,820720.0,7878252.0
2026.07,6104630000,1357004.0,15044723.0
2026.07,6104690000,183422.0,1130388.0
2026.07,6105100000,462067.0,4386239.0
2026.07,6105201000,3742254.0,9527507.0
2026.07,6105202000,71188.0,135583.0
2026.07,6105900000,63515.0,536929.0
2026.07,6106100000,682751.0,2386475.0
2026.07,6106201000,1153148.0,3373477.0
2026.07,6106202000,44480.0,919399.0
2026.07,6106900000,187880.0,632572.0
2026.07,6107110000,67343.0,2366140.0
2026.07,6107121000,79050.0,5272196.0
2026.07,6107122000,32233.0,976961.0
2026.07,6107190000,118687.0,52850.0
2026.07,6107210000,2422.0,149454.0
2026.07,6107221000,15589.0,523924.0
2026.07,6107222000,421.0,326806.0
2026.07,6107290000,0.0,17413.0
2026.07,6107910000,15726.0,663255.0
2026.07,6107990000,4518.0,1153918.0
2026.07,6108111000,8754.0,52744.0
2026.07,6108112000,2211.0,13299.0
2026.07,6108190000,0.0,8770.0
2026.07,6108210000,31223.0,3548016.0
2026.07,6108221000,129809.0,7253093.0
2026.07,6108222000,49053.0,1774157.0
2026.07,6108290000,6379.0,106245.0
2026.07,6108310000,3832.0,782972.0
2026.07,6108321000,29021.0,1517353.0
2026.07,6108322000,1025.0,236836.0
2026.07,6108390000,2491.0,108157.0
2026.07,6108910000,42808.0,962780.0
2026.07,6108921000,32913.0,1194538.0
2026.07,6108922000,2695.0,193109.0
2026.07,6108990000,13533.0,339351.0
2026.07,6109101000,12255299.0,53083844.0
2026.07,6109109000,1674010.0,6433938.0
2026.07,6109901010,51222.0,436338.0
2026.07,6109901090,155122.0,93125.0
2026.07,6109902010,404165.0,492093.0
2026.07,6109902090,24828.0,337584.0
2026.07,6109903010,4146521.0,21575128.0
2026.07,6109903090,422422.0,8147961.0
2026.07,6109909010,992266.0,1481631.0
2026.07,6109909090,1239968.0,1672212.0
2026.07,6110110000,1924535.0,25788837.0
2026.07,6110120000,326947.0,11385362.0
2026.07,6110190000,102843.0,1263492.0
2026.07,6110200000,3134966.0,37548778.0
2026.07,6110301000,7472812.0,35302853.0
2026.07,6110302000,1018918.0,14696278.0
2026.07,6110901000,41285.0,804074.0
2026.07,6110909000,426517.0,827344.0
2026.07,6111201000,221077.0,5005599.0
2026.07,6111202000,109991.0,217554.0
2026.07,6111301000,54884.0,1625110.0
2026.07,6111302000,415292.0,536766.0
2026.07,6111901000,50436.0,591087.0
2026.07,6111902000,0.0,46806.0
2026.07,6112110000,1766.0,78771.0
2026.07,6112120000,38596.0,871491.0
2026.07,6112190000,2655.0,84712.0
2026.07,6112200000,2000.0,250.0
2026.07,6112310000,23501.0,680906.0
2026.07,6112390000,0.0,802.0
2026.07,6112410000,100735.0,2766723.0
2026.07,6112490000,6690.0,51074.0
2026.07,6113001000,26907.0,539161.0
2026.07,6113002000,0.0,289685.0
2026.07,6113003000,6.0,14067.0
2026.07,6114200000,260801.0,7087463.0
2026.07,6114301000,1873479.0,12252246.0
2026.07,6114302000,42096.0,935561.0
2026.07,6114900000,3688682.0,625913.0
2026.07,6115100000,4612.0,1439640.0
2026.07,6115210000,63828.0,127322.0
2026.07,6115220000,19937.0,376013.0
2026.07,6115290000,58388.0,188150.0
2026.07,6115300000,1972.0,77770.0
2026.07,6115940000,90557.0,117555.0
2026.07,6115950000,3743088.0,6802852.0
2026.07,6115960000,2112894.0,2490004.0
2026.07,6115990000,116412.0,205776.0
2026.07,6116100000,4044262.0,8600525.0
2026.07,6116910000,4369.0,248960.0
2026.07,6116921000,71224.0,401003.0
2026.07,6116929000,39338.0,371489.0
2026.07,6116930000,735825.0,4498390.0
2026.07,6116990000,25291.0,174007.0
2026.07,6117101000,1567.0,78565.0
2026.07,6117102000,27074.0,1914629.0
2026.07,6117103000,2235.0,77085.0
2026.07,6117104000,36607.0,789646.0
2026.07,6117109000,5647.0,140147.0
2026.07,6117800000,2097181.0,2426055.0
2026.07,6117900000,2617624.0,149751.0
2026.07,6201201000,158207.0,4309094.0
2026.07,6201209000,58640.0,2463033.0
2026.07,6201301000,50948.0,699614.0
2026.07,6201309000,196166.0,6443154.0
2026.07,6201401010,70285.0,1977185.0
2026.07,6201401090,981112.0,52261899.0
2026.07,6201409010,583.0,39565.0
2026.07,6201409090,182051.0,260405.0
2026.07,6201901000,11059.0,163422.0
2026.07,6201909000,441354.0,452430.0
2026.07,6202201000,239125.0,9521900.0
2026.07,6202209000,230943.0,4959567.0
2026.07,6202301000,91010.0,1300023.0
2026.07,6202309000,450745.0,4234415.0
2026.07,6202401010,348069.0,4517568.0
2026.07,6202401090,1675282.0,58701176.0
2026.07,6202409010,15426.0,196142.0
2026.07,6202409090,138516.0,896988.0
2026.07,6202901000,103287.0,243422.0
2026.07,6202909000,461764.0,511807.0
2026.07,6203110000,111779.0,1229527.0
2026.07,6203120000,9706.0,429623.0
2026.07,6203190000,1017.0,73548.0
2026.07,6203220000,3275.0,96525.0
2026.07,6203230000,2080.0,540836.0
2026.07,6203290000,2459.0,58364.0
2026.07,6203310000,41884.0,7040553.0
2026.07,6203320000,75286.0,3326446.0
2026.07,6203330000,918444.0,5712301.0
2026.07,6203390000,71511.0,417051.0
2026.07,6203410000,95142.0,3849494.0
2026.07,6203421000,335408.0,14694691.0
2026.07,6203429000,465655.0,16695919.0
2026.07,6203430000,1251827.0,21500975.0
2026.07,6203490000,83220.0,1399375.0
2026.07,6204110000,1364.0,29057.0
2026.07,6204120000,24979.0,24578.0
2026.07,6204130000,7895.0,338416.0
2026.07,6204190000,5178.0,37201.0
2026.07,6204210000,11349.0,8359.0
2026.07,6204220000,5559.0,572835.0
2026.07,6204230000,13000.0,1350976.0
2026.07,6204290000,1021.0,260202.0
2026.07,6204310000,601068.0,5612082.0
2026.07,6204320000,415785.0,3231800.0
2026.07,6204330000,1836665.0,7055271.0
2026.07,6204391000,7507.0,308540.0
2026.07,6204399000,571688.0,1424443.0
2026.07,6204410000,95167.0,589931.0
2026.07,6204420000,270412.0,4878996.0
2026.07,6204430000,597773.0,6203178.0
2026.07,6204440000,76282.0,1873689.0
2026.07,6204491000,7751.0,565388.0
2026.07,6204499000,196323.0,673282.0
2026.07,6204510000,253394.0,1150618.0
2026.07,6204520000,344312.0,3840104.0
2026.07,6204530000,978493.0,7729512.0
2026.07,6204591000,3638.0,418992.0
2026.07,6204599000,120765.0,1421502.0
2026.07,6204610000,160086.0,1969639.0
2026.07,6204621000,976434.0,20602413.0
2026.07,6204629000,1482546.0,19774504.0
2026.07,6204630000,2592549.0,25153641.0
2026.07,6204691000,13616.0,297044.0
2026.07,6204699000,5327487.0,4198852.0
2026.07,6205200000,1139308.0,13677043.0
2026.07,6205301000,243693.0,4477786.0
2026.07,6205302000,206462.0,1312033.0
2026.07,6205900000,215062.0,1581157.0
2026.07,6206100000,57723.0,917560.0
2026.07,6206200000,32921.0,219565.0
2026.07,6206300000,887992.0,11483308.0
2026.07,6206401000,1718376.0,10315264.0
2026.07,6206402000,105474.0,6909643.0
2026.07,6206900000,1118442.0,3759633.0
2026.07,6207110000,3399.0,1505504.0
2026.07,6207191000,143.0,195469.0
2026.07,6207199000,1137.0,341040.0
2026.07,6207210000,11798.0,890633.0
2026.07,6207221000,2256.0,174988.0
2026.07,6207222000,4756.0,1107918.0
2026.07,6207290000,0.0,195.0
2026.07,6207910000,0.0,341126.0
2026.07,6207991000,0.0,11126.0
2026.07,6207992000,0.0,77619.0
2026.07,6207993010,10601.0,326856.0
2026.07,6207993020,0.0,490.0
2026.07,6207999000,18235.0,50971.0
2026.07,6208111000,278.0,75125.0
2026.07,6208112000,589.0,22275.0
2026.07,6208190000,0.0,31342.0
2026.07,6208210000,344638.0,1896472.0
2026.07,6208221000,24283.0,2773451.0
2026.07,6208222000,898.0,1467247.0
2026.07,6208290000,408.0,1056253.0
2026.07,6208910000,17444.0,564787.0
2026.07,6208921000,60070.0,1054074.0
2026.07,6208922000,350.0,191577.0
2026.07,6208990000,39110.0,128641.0
2026.07,6209201000,72771.0,1038687.0
2026.07,6209202000,13785.0,81428.0
2026.07,6209301000,26911.0,1076238.0
2026.07,6209302000,15463.0,24290.0
2026.07,6209901000,11073.0,22540.0
2026.07,6209902000,0.0,5688.0
2026.07,6210101000,6768.0,116449.0
2026.07,6210102000,57024.0,4359660.0
2026.07,6210201010,2106.0,1197022.0
2026.07,6210201020,0.0,213.0
2026.07,6210201030,0.0,3789.0
2026.07,6210209010,24202.0,2878578.0
2026.07,6210209030,51.0,519247.0
2026.07,6210301010,29062.0,746995.0
2026.07,6210301020,0.0,14613.0
2026.07,6210301030,0.0,241.0
2026.07,6210309010,0.0,3657359.0
2026.07,6210309030,41901.0,227251.0
2026.07,6210401000,145896.0,4803282.0
2026.07,6210402000,0.0,61028.0
2026.07,6210403000,12034.0,34438.0
2026.07,6210501000,56773.0,4091535.0
2026.07,6210502000,0.0,14422.0
2026.07,6210503000,10332.0,151011.0
2026.07,6211111000,6833.0,279396.0
2026.07,6211119000,118244.0,160492.0
2026.07,6211121000,21158.0,763025.0
2026.07,6211129000,2633.0,166529.0
2026.07,6211201000,1192.0,74627.0
2026.07,6211209000,0.0,1455.0
2026.07,6211321000,2757.0,174111.0
2026.07,6211329000,115679.0,3324646.0
2026.07,6211331000,338951.0,17978240.0
2026.07,6211332000,23756.0,176274.0
2026.07,6211391000,4642.0,325407.0
2026.07,6211399000,217435.0,3097912.0
2026.07,6211421000,12782.0,34173.0
2026.07,6211429000,612685.0,4499884.0
2026.07,6211431000,4925514.0,23367775.0
2026.07,6211432000,84153.0,923980.0
2026.07,6211491000,31682.0,543328.0
2026.07,6211499000,2045782.0,10800950.0
2026.07,6212101000,6669.0,730022.0
2026.07,6212102000,690396.0,20469383.0
2026.07,6212109000,742053.0,601718.0
2026.07,6212201000,0.0,20390.0
2026.07,6212202000,1352.0,282707.0
2026.07,6212209000,0.0,56315.0
2026.07,6212300000,12321.0,168323.0
2026.07,6212900000,73376.0,772546.0
2026.07,6213200000,26396.0,221358.0
2026.07,6213900000,105652.0,298052.0
2026.07,6214100000,115915.0,3899434.0
2026.07,6214200000,18741.0,5958429.0
2026.07,6214300000,53914.0,834076.0
2026.07,6214400000,2553.0,39771.0
2026.07,6214900000,51455.0,393143.0
2026.07,6215100000,57822.0,899767.0
2026.07,6215200000,1420.0,262894.0
2026.07,6215900000,2931.0,180407.0
2026.07,6216001000,64809.0,316311.0
2026.07,6216009000,185095.0,661906.0
2026.07,6217100000,11930524.0,2785681.0
2026.07,6217900000,14545332.0,158270.0
2026.07,6301100000,1179.0,141484.0
2026.07,6301200000,43941.0,84544.0
2026.07,6301300000,42063.0,422206.0
2026.07,6301400000,211389.0,1094958.0
2026.07,6301900000,162968.0,150695.0
2026.07,6302101000,10229.0,104814.0
2026.07,6302109000,3131.0,1691923.0
2026.07,6302210000,8767.0,314475.0
2026.07,6302220000,1504.0,781068.0
2026.07,6302290000,486.0,53027.0
2026.07,6302310000,54639.0,1861589.0
2026.07,6302320000,13505.0,3061562.0
2026.07,6302390000,12572.0,299373.0
2026.07,6302400000,107.0,38146.0
2026.07,6302510000,21832.0,184162.0
2026.07,6302530000,253.0,202257.0
2026.07,6302590000,2180.0,109818.0
2026.07,6302600000,175350.0,7940285.0
2026.07,6302910000,37366.0,1345901.0
2026.07,6302930000,322956.0,2845182.0
2026.07,6302990000,29529.0,223799.0
2026.07,6303120000,53777.0,361327.0
2026.07,6303190000,90339.0,11547.0
2026.07,6303910000,8503.0,72862.0
2026.07,6303920000,1419259.0,4308433.0
2026.07,6303990000,105988.0,443571.0
2026.07,6304110000,15.0,139777.0
2026.07,6304190000,4289.0,435704.0
2026.07,6304200000,0.0,4554.0
2026.07,6304910000,5017.0,872463.0
2026.07,6304920000,42583.0,833319.0
2026.07,6304930000,224289.0,2622366.0
2026.07,6304990000,81692.0,357527.0
2026.07,6305100000,0.0,1732.0
2026.07,6305200000,4409.0,137529.0
2026.07,6305320000,49819.0,20152077.0
2026.07,6305330000,1369165.0,2945538.0
2026.07,6305390000,228844.0,2724054.0
2026.07,6305900000,103230.0,187226.0
2026.07,6306120000,385300.0,496501.0
2026.07,6306190000,9907.0,196236.0
2026.07,6306220000,1122501.0,6151840.0
2026.07,6306290000,191579.0,613666.0
2026.07,6306300000,0.0,61463.0
2026.07,6306400000,40676.0,533051.0
2026.07,6306901000,1.0,7395.0
2026.07,6306902000,16047.0,546255.0
2026.07,6306909000,17721.0,335550.0
2026.07,6307100000,4538314.0,5040139.0
2026.07,6307200000,65907.0,1494314.0
2026.07,6307901000,652497.0,186278.0
2026.07,6307902000,17203.0,791217.0
2026.07,6307903000,72.0,111015.0
2026.07,6307904010,192.0,279420.0
2026.07,6307904020,173856.0,35045.0
2026.07,6307904030,334123.0,102769.0
2026.07,6307904090,1247902.0,1372012.0
2026.07,6307909000,6661526.0,37190323.0
2026.07,6308000000,97752.0,49254.0
2026.07,6309000000,25610609.0,3144862.0
2026.07,6310100000,16129.0,40336.0
2026.07,6310900000,99447.0,8616.0
2026.07,6401100000,177.0,337716.0
2026.07,6401921000,0.0,6517.0
2026.07,6401929010,657240.0,600155.0
2026.07,6401929090,3781.0,973311.0
2026.07,6401991010,68.0,93186.0
2026.07,6401991090,71.0,41206.0
2026.07,6401999000,20626.0,170468.0
2026.07,6402120000,0.0,31712.0
2026.07,6402190000,827428.0,5641809.0
2026.07,6402200000,145719.0,404889.0
2026.07,6402911000,75389.0,213660.0
2026.07,6402912000,59402.0,590120.0
2026.07,6402919000,528676.0,2289775.0
2026.07,6402991000,1108954.0,996932.0
2026.07,6402992000,18848.0,9979563.0
2026.07,6402999000,5765153.0,47191257.0
2026.07,6403120000,1357.0,9.0
2026.07,6403190000,172711.0,853047.0
2026.07,6403200000,8046.0,47300.0
2026.07,6403400000,69589.0,8949025.0
2026.07,6403510000,49048.0,1613412.0
2026.07,6403591000,7646.0,139300.0
2026.07,6403599000,400157.0,7571152.0
2026.07,6403911000,14644.0,149379.0
2026.07,6403912000,386.0,732383.0
2026.07,6403913000,23028.0,411678.0
2026.07,6403914000,2812.0,1177132.0
2026.07,6403919000,858377.0,11749486.0
2026.07,6403991000,144154.0,3827382.0
2026.07,6403992000,16974.0,166697.0
2026.07,6403994000,483243.0,7194963.0
2026.07,6403999000,5114956.0,55185392.0
2026.07,6404110000,2676848.0,51494914.0
2026.07,6404191000,213152.0,4641284.0
2026.07,6404199000,5744894.0,50974231.0
2026.07,6404200000,340724.0,1978745.0
2026.07,6405100000,82404.0,2779166.0
2026.07,6405200000,135030.0,3061067.0
2026.07,6405900000,530360.0,374760.0
2026.07,6406101000,1134521.0,6395978.0
2026.07,6406102000,1492647.0,108317.0
2026.07,6406201000,452131.0,1838925.0
2026.07,6406202000,16212.0,37510.0
2026.07,6406902000,2041855.0,867521.0
2026.07,6406903000,0.0,147426.0
2026.07,6406909000,3449194.0,1361004.0
2026.07,6501000000,465023.0,3511.0
2026.07,6502000000,0.0,22585.0
2026.07,6504000000,226658.0,485220.0
2026.07,6505001000,62279.0,74242.0
2026.07,6505009011,1131406.0,1237022.0
2026.07,6505009019,927136.0,1051010.0
2026.07,6505009021,397659.0,4402289.0
2026.07,6505009029,3283681.0,10579821.0
2026.07,6505009090,1456456.0,3426715.0
2026.07,6506100000,2761009.0,3270249.0
2026.07,6506910000,33859.0,427181.0
2026.07,6506990000,222866.0,851048.0
2026.07,6507000000,1759685.0,693831.0
2026.07,6601100000,5975.0,1117412.0
2026.07,6601910000,69360.0,8650765.0
2026.07,6601992000,316.0,523975.0
2026.07,6601999000,66136.0,5348930.0
2026.07,6602001000,882272.0,618213.0
2026.07,6602009000,0.0,74959.0
2026.07,6603200000,174.0,32959.0
2026.07,6603900000,2615.0,142461.0
2026.07,6701000000,1199.0,28867.0
2026.07,6702100000,69625.0,884212.0
2026.07,6702901000,334.0,218556.0
2026.07,6702909000,1283.0,1408692.0
2026.07,6703001000,222166.0,532798.0
2026.07,6703009000,1103.0,3986.0
2026.07,6704110000,80682.0,214042.0
2026.07,6704191000,247631.0,274709.0
2026.07,6704194000,746311.0,2390174.0
2026.07,6704199000,86966.0,243508.0
2026.07,6704201000,47588.0,316579.0
2026.07,6704202000,272559.0,1483384.0
2026.07,6704205000,3887.0,4567.0
2026.07,6704209000,13680.0,712040.0
2026.07,6704900000,192500.0,12583.0
2026.07,6801000000,7339.0,3781170.0
2026.07,6802100000,1644.0,306130.0
2026.07,6802211000,180.0,338655.0
2026.07,6802212000,0.0,66342.0
2026.07,6802213000,0.0,27.0
2026.07,6802230000,459.0,292474.0
2026.07,6802291000,1957.0,46984.0
2026.07,6802299000,0.0,690087.0
2026.07,6802911000,2184.0,4857998.0
2026.07,6802912000,0.0,87545.0
2026.07,6802913000,0.0,6761.0
2026.07,6802920000,0.0,230549.0
2026.07,6802930000,25340.0,18833939.0
2026.07,6802990000,27849.0,356104.0
2026.07,6803000000,378.0,79046.0
2026.07,6804100000,296627.0,1162483.0
2026.07,6804210000,28754608.0,3291735.0
2026.07,6804221000,77811.0,1068391.0
2026.07,6804229000,2096118.0,5073496.0
2026.07,6804230000,37090.0,75824.0
2026.07,6804300000,321183.0,424421.0
2026.07,6805100000,8444854.0,1516173.0
2026.07,6805200000,4180474.0,879223.0
2026.07,6805300000,9113898.0,3382067.0
2026.07,6806101000,15834.0,7207.0
2026.07,6806102000,461197.0,879225.0
2026.07,6806103000,2026112.0,2803775.0
2026.07,6806109000,350065.0,180765.0
2026.07,6806201000,109724.0,9064.0
2026.07,6806202000,3623.0,47.0
2026.07,6806204000,241.0,266439.0
2026.07,6806209000,151455.0,729469.0
2026.07,6806901000,401320.0,1675588.0
2026.07,6806909000,4389014.0,3863234.0
2026.07,6807100000,336898.0,99421.0
2026.07,6807900000,2119762.0,16448.0
2026.07,6808000000,19245.0,304443.0
2026.07,6809110000,10065.0,1870616.0
2026.07,6809190000,202942.0,636149.0
2026.07,6809900000,548.0,79013.0
2026.07,6810111000,0.0,24.0
2026.07,6810112000,10525.0,17477.0
2026.07,6810191000,9190.0,508818.0
2026.07,6810192000,1452.0,116930.0
2026.07,6810199000,302587.0,650241.0
2026.07,6810910000,13992.0,469285.0
2026.07,6810992000,0.0,570.0
2026.07,6810993000,112324.0,0.0
2026.07,6810999000,1875742.0,5137078.0
2026.07,6811820000,27540.0,2326458.0
2026.07,6811890000,86084.0,95553.0
2026.07,6812910000,148607.0,0.0
2026.07,6812990000,4109.0,0.0
2026.07,6813200000,2042.0,1029.0
2026.07,6813810000,174649.0,256398.0
2026.07,6813891000,3675.0,155216.0
2026.07,6813899000,860787.0,2695119.0
2026.07,6814100000,2969037.0,2258838.0
2026.07,6814900000,64379.0,625940.0
2026.07,6815110000,12079163.0,5059658.0
2026.07,6815120000,311968.0,1096159.0
2026.07,6815131000,2037512.0,620097.0
2026.07,6815139000,2077683.0,3997503.0
2026.07,6815191000,3817620.0,2506104.0
2026.07,6815199000,2138791.0,6237626.0
2026.07,6815910000,20747.0,1067896.0
2026.07,6815990000,6226378.0,6444013.0
2026.07,6901001000,0.0,17314.0
2026.07,6901002000,165976.0,400476.0
2026.07,6901003000,0.0,23447.0
2026.07,6901009010,0.0,2394.0
2026.07,6901009090,343.0,8304.0
2026.07,6902100000,745164.0,5348575.0
2026.07,6902200000,576096.0,4595016.0
2026.07,6902901000,93424.0,1887890.0
2026.07,6902909000,50832.0,313493.0
2026.07,6903102010,0.0,689068.0
2026.07,6903102090,10344.0,1739.0
2026.07,6903105000,4301.0,0.0
2026.07,6903109000,629018.0,1730292.0
2026.07,6903202000,32353.0,698517.0
2026.07,6903205000,5999.0,189271.0
2026.07,6903207000,0.0,258675.0
2026.07,6903209000,1422162.0,4205302.0
2026.07,6903901000,538228.0,1820445.0
2026.07,6903909020,5584.0,398157.0
2026.07,6903909070,29745.0,556713.0
2026.07,6903909080,132247.0,15533.0
2026.07,6903909090,718968.0,844735.0
2026.07,6904100000,12335.0,143859.0
2026.07,6904900000,0.0,275387.0
2026.07,6905100000,0.0,60793.0
2026.07,6905900000,2877.0,0.0
2026.07,6906001000,3779.0,113319.0
2026.07,6906002000,0.0,32249.0
2026.07,6907210000,194284.0,19221817.0
2026.07,6907221000,212.0,3423379.0
2026.07,6907229000,8768.0,1854096.0
2026.07,6907230000,5919.0,3292302.0
2026.07,6907301000,15592.0,240523.0
2026.07,6907309000,270.0,69724.0
2026.07,6907401000,0.0,48591.0
2026.07,6907409000,0.0,258557.0
2026.07,6909110000,3793128.0,9104103.0
2026.07,6909120000,5818172.0,3375811.0
2026.07,6909190000,10939123.0,35438961.0
2026.07,6909900000,150131.0,346480.0
2026.07,6910101000,7831.0,3950919.0
2026.07,6910103000,602923.0,5974123.0
2026.07,6910104000,1520.0,521505.0
2026.07,6910109000,13194.0,874353.0
2026.07,6910900000,364066.0,115091.0
2026.07,6911101000,4846.0,275330.0
2026.07,6911102000,132863.0,5038109.0
2026.07,6911109000,255525.0,3439623.0
2026.07,6911900000,18744.0,76345.0
2026.07,6912001010,6280.0,58399.0
2026.07,6912001020,54596.0,2553291.0
2026.07,6912001090,264617.0,3271585.0
2026.07,6912002000,1475.0,29398.0
2026.07,6912003000,41.0,46669.0
2026.07,6912009000,123379.0,308928.0
2026.07,6913100000,3186.0,134610.0
2026.07,6913900000,135721.0,372735.0
2026.07,6914101000,0.0,116663.0
2026.07,6914109000,795793.0,1002207.0
2026.07,6914901000,18603.0,458884.0
2026.07,6914909000,2526321.0,508231.0
2026.07,7001001000,700.0,107152.0
2026.07,7001002000,367900.0,40711.0
2026.07,7002100000,1.0,1343.0
2026.07,7002201000,17225.0,78412.0
2026.07,7002209000,6.0,3243452.0
2026.07,7002311000,125589.0,476355.0
2026.07,7002319000,18405.0,3561686.0
2026.07,7002320000,0.0,541249.0
2026.07,7002390000,289941.0,1440568.0
2026.07,7003121000,0.0,8714.0
2026.07,7003122000,0.0,15623.0
2026.07,7003123000,584.0,0.0
2026.07,7003125000,0.0,798.0
2026.07,7003127000,0.0,15292.0
2026.07,7003191000,3240.0,5822.0
2026.07,7003192000,0.0,1698.0
2026.07,7003194000,0.0,1292685.0
2026.07,7003195000,717968.0,2177.0
2026.07,7003196000,0.0,29741.0
2026.07,7003200000,0.0,24471.0
2026.07,7003300000,0.0,2369.0
2026.07,7004201000,0.0,10828.0
2026.07,7004202000,0.0,3830.0
2026.07,7004901000,22860668.0,15562724.0
2026.07,7004902000,0.0,1045.0
2026.07,7004903000,3251.0,2607.0
2026.07,7004905000,0.0,1625.0
2026.07,7005101010,2340.0,33732.0
2026.07,7005101020,821.0,158693.0
2026.07,7005102010,0.0,95146.0
2026.07,7005102020,0.0,348761.0
2026.07,7005109010,3323.0,18869.0
2026.07,7005109020,14673.0,42587.0
2026.07,7005109030,0.0,2947.0
2026.07,7005109040,102310.0,5520.0
2026.07,7005211000,0.0,227490.0
2026.07,7005212000,0.0,160342.0
2026.07,7005213000,238297.0,625458.0
2026.07,7005214000,0.0,1478252.0
2026.07,7005215000,0.0,15664.0
2026.07,7005216000,0.0,195908.0
2026.07,7005217010,0.0,42304.0
2026.07,7005217020,0.0,18949.0
2026.07,7005291020,15575.0,0.0
2026.07,7005291040,26352.0,1235.0
2026.07,7005291091,389.0,104086.0
2026.07,7005291099,6319076.0,661122.0
2026.07,7005292091,0.0,282473.0
2026.07,7005292099,4332.0,19590.0
2026.07,7005293010,0.0,460213.0
2026.07,7005293020,0.0,23976.0
2026.07,7005293090,0.0,68774.0
2026.07,7005294010,241.0,3440493.0
2026.07,7005294020,0.0,192480.0
2026.07,7005295010,0.0,156401.0
2026.07,7005295020,0.0,19355.0
2026.07,7005296010,0.0,1087580.0
2026.07,7005296020,0.0,14818.0
2026.07,7005296090,0.0,350402.0
2026.07,7005297010,0.0,766711.0
2026.07,7005297020,0.0,7162.0
2026.07,7005298010,0.0,785393.0
2026.07,7005298020,0.0,29146.0
2026.07,7005298090,0.0,44285.0
2026.07,7005299010,0.0,42264.0
2026.07,7005299020,0.0,12703.0
2026.07,7005299090,0.0,18614.0
2026.07,7005300000,127.0,270974.0
2026.07,7006001000,0.0,2928.0
2026.07,7006002000,388252.0,37215023.0
2026.07,7006003000,877284.0,274813.0
2026.07,7006004000,26370763.0,520864.0
2026.07,7006009000,17730973.0,14069301.0
2026.07,7007111000,3895657.0,6444218.0
2026.07,7007112000,584330.0,75507.0
2026.07,7007191000,9302932.0,16191424.0
2026.07,7007192000,309731.0,247928.0
2026.07,7007211000,3105398.0,2530019.0
2026.07,7007212000,762461.0,568329.0
2026.07,7007291000,350218.0,238182.0
2026.07,7007292000,0.0,552415.0
2026.07,7008000000,1063188.0,748728.0
2026.07,7009100000,7805713.0,7086121.0
2026.07,7009910000,110219.0,1228621.0
2026.07,7009920000,302154.0,1812818.0
2026.07,7010100000,223438.0,361055.0
2026.07,7010200000,11636.0,454983.0
2026.07,7010900000,5581794.0,10641084.0
2026.07,7011100000,1857.0,94259.0
2026.07,7011900000,262.0,150088.0
2026.07,7013100000,1588.0,113909.0
2026.07,7013220000,986.0,355886.0
2026.07,7013280000,2433.0,975426.0
2026.07,7013330000,161.0,118255.0
2026.07,7013370000,90963.0,5016274.0
2026.07,7013410000,352.0,37621.0
2026.07,7013420000,9157.0,2271472.0
2026.07,7013490000,1960975.0,3638394.0
2026.07,7013910000,3148.0,81617.0
2026.07,7013990000,144592.0,1759658.0
2026.07,7014001000,468504.0,77865.0
2026.07,7014009010,72.0,11514.0
2026.07,7014009020,375684.0,1128228.0
2026.07,7015100000,0.0,139.0
2026.07,7015901000,540.0,4316.0
2026.07,7015902000,0.0,12055.0
2026.07,7015909000,123.0,391.0
2026.07,7016100000,0.0,16085.0
2026.07,7016901000,67.0,84715.0
2026.07,7016909020,29000.0,32507.0
2026.07,7016909090,0.0,364019.0
2026.07,7017100000,78886.0,411582.0
2026.07,7017200000,85916.0,818387.0
2026.07,7017900000,212252.0,2198292.0
2026.07,7018101000,56914.0,210912.0
2026.07,7018102000,1160.0,2780.0
2026.07,7018103000,674.0,1158.0
2026.07,7018109000,26686.0,345665.0
2026.07,7018200000,160384.0,3769223.0
2026.07,7018901000,0.0,2073.0
2026.07,7018909000,4839.0,270281.0
2026.07,7019110000,3861097.0,8369591.0
2026.07,7019120000,692511.0,3263609.0
2026.07,7019130000,0.0,558744.0
2026.07,7019140000,63737.0,245686.0
2026.07,7019150000,675667.0,1810786.0
2026.07,7019190000,188683.0,1749687.0
2026.07,7019610000,38486.0,200090.0
2026.07,7019620000,12877.0,36101.0
2026.07,7019631000,0.0,35674.0
2026.07,7019632000,393305.0,23754394.0
2026.07,7019639000,40854.0,674389.0
2026.07,7019641000,113353.0,90113.0
2026.07,7019642000,526370.0,213006.0
2026.07,7019649000,527349.0,122285.0
2026.07,7019651000,0.0,3267.0
2026.07,7019659000,136007.0,52964.0
2026.07,7019661000,1118.0,104011.0
2026.07,7019669000,3040.0,51362.0
2026.07,7019692000,4424.0,1190519.0
2026.07,7019693010,40500.0,13978.0
2026.07,7019693090,15298.0,234209.0
2026.07,7019699000,1859496.0,3383576.0
2026.07,7019710000,186039.0,823256.0
2026.07,7019720000,0.0,18362.0
2026.07,7019730000,0.0,221138.0
2026.07,7019801000,1058799.0,1839136.0
2026.07,7019809000,181561.0,4095213.0
2026.07,7019900000,2350452.0,8814276.0
2026.07,7020001011,10341955.0,183107.0
2026.07,7020001012,214610.0,6061055.0
2026.07,7020001013,3514496.0,7992488.0
2026.07,7020001019,14449982.0,16209573.0
2026.07,7020001090,805224.0,633110.0
2026.07,7020009000,3511672.0,2096718.0
2026.07,7101100000,60.0,2064.0
2026.07,7101210000,0.0,8646.0
2026.07,7101220000,128.0,186376.0
2026.07,7102210000,0.0,112074.0
2026.07,7102290000,32000.0,7911.0
2026.07,7102390000,801881.0,1683503.0
2026.07,7103100000,187189.0,12104.0
2026.07,7103911000,71197.0,8465.0
2026.07,7103919010,8054.0,8978.0
2026.07,7103919020,71436.0,233406.0
2026.07,7103919030,653095.0,24953.0
2026.07,7103991000,12837.0,13720.0
2026.07,7103999010,573.0,2542.0
2026.07,7103999020,0.0,2546.0
2026.07,7103999030,0.0,1.0
2026.07,7103999040,0.0,89.0
2026.07,7103999090,2929009.0,87177.0
2026.07,7104100000,152673.0,58991.0
2026.07,7104210000,0.0,6538.0
2026.07,7104290000,0.0,2886.0
2026.07,7104911000,20400.0,75592.0
2026.07,7104919000,97065.0,4226302.0
2026.07,7104991000,1080.0,326202.0
2026.07,7104999010,16998.0,376738.0
2026.07,7104999090,135145.0,692176.0
2026.07,7105101000,0.0,5278.0
2026.07,7105102000,1775264.0,4733296.0
2026.07,7105901000,4230.0,6096.0
2026.07,7105909000,8134.0,4906.0
2026.07,7106100000,7804525.0,25448476.0
2026.07,7106911000,403953792.0,22267.0
2026.07,7106919000,1025994.0,8718621.0
2026.07,7106921000,9644693.0,3479763.0
2026.07,7106922000,592901.0,1169792.0
2026.07,7106923000,6605263.0,2242194.0
2026.07,7106929000,2792317.0,3900515.0
2026.07,7107002000,0.0,308550.0
2026.07,7107003000,0.0,2448.0
2026.07,7107004000,0.0,10.0
2026.07,7107009000,121583.0,607270.0
2026.07,7108110000,6245.0,16828.0
2026.07,7108121000,199828137.0,42256249.0
2026.07,7108129000,108441469.0,76716299.0
2026.07,7108131010,49178095.0,8563452.0
2026.07,7108131090,60969.0,408089.0
2026.07,7108139010,211104335.0,83100708.0
2026.07,7108139020,259471.0,37004.0
2026.07,7108139090,3455056.0,810215.0
2026.07,7108200000,0.0,705.0
2026.07,7109000000,1181324.0,23323.0
2026.07,7110110000,38606856.0,51245842.0
2026.07,7110190000,1217657.0,5770084.0
2026.07,7110210000,20194161.0,85698895.0
2026.07,7110290000,145468.0,4529317.0
2026.07,7110310000,17832430.0,41504989.0
2026.07,7110390000,456452.0,136747.0
2026.07,7110410000,1518823.0,2664125.0
2026.07,7110490000,0.0,329240.0
2026.07,7111000000,81840.0,845.0
2026.07,7112300000,146920.0,1099869.0
2026.07,7112911000,0.0,720323.0
2026.07,7112919000,302786.0,167692.0
2026.07,7112921000,26477.0,0.0
2026.07,7112929000,22586828.0,72933584.0
2026.07,7112991000,3188446.0,21329183.0
2026.07,7112999000,4861883.0,147949725.0
2026.07,7113110000,2108507.0,6599570.0
2026.07,7113191000,52212512.0,90187500.0
2026.07,7113192000,33644651.0,121824983.0
2026.07,7113199000,327332.0,879266.0
2026.07,7113201000,7359.0,25079.0
2026.07,7113202000,111075.0,204705.0
2026.07,7113203000,19941.0,14454.0
2026.07,7113209000,35836.0,40644.0
2026.07,7114110000,970394.0,511068.0
2026.07,7114199000,276796.0,629172.0
2026.07,7114200000,4547.0,2801.0
2026.07,7115901010,50876.0,1999.0
2026.07,7115901090,209110.0,299353.0
2026.07,7115909010,275.0,129103.0
2026.07,7115909020,128390.0,43998.0
2026.07,7115909090,186558.0,344534.0
2026.07,7116101000,4087.0,1087.0
2026.07,7116102000,9731.0,82454.0
2026.07,7116201000,1379847.0,1135447.0
2026.07,7116209010,130933.0,1021633.0
2026.07,7116209090,40464.0,163274.0
2026.07,7117110000,37430.0,58920.0
2026.07,7117191000,3363205.0,3090264.0
2026.07,7117192000,2179743.0,3440142.0
2026.07,7117193000,1444059.0,3049808.0
2026.07,7117194000,181371.0,780914.0
2026.07,7117195000,511943.0,1047380.0
2026.07,7117196000,89817.0,336868.0
2026.07,7117199000,3079129.0,3250783.0
2026.07,7117900000,1383348.0,2215512.0
2026.07,7118100000,7490.0,175751.0
2026.07,7118901000,0.0,1655868.0
2026.07,7118902000,436805.0,1043470.0
2026.07,7118909000,0.0,423755.0
2026.07,7201101000,22262.0,2286985.0
2026.07,7202110000,150440.0,15191423.0
2026.07,7202190000,31976.0,6957263.0
2026.07,7202210000,84821.0,25196615.0
2026.07,7202291000,44985.0,1505785.0
2026.07,7202299000,24095.0,718487.0
2026.07,7202300000,242236.0,11186582.0
2026.07,7202410000,35564.0,63311416.0
2026.07,7202490000,358610.0,8507715.0
2026.07,7202500000,0.0,916993.0
2026.07,7202600000,26741266.0,19369587.0
2026.07,7202700000,72885802.0,28596.0
2026.07,7202800000,0.0,75570.0
2026.07,7202910000,374001.0,1143615.0
2026.07,7202920000,2648256.0,3004940.0
2026.07,7202930000,198951.0,16880561.0
2026.07,7202991000,0.0,223599.0
2026.07,7202999000,340480.0,2594244.0
2026.07,7203900000,170551.0,441897.0
2026.07,7204100000,303119.0,357790.0
2026.07,7204210000,20816568.0,52980548.0
2026.07,7204290000,3783112.0,1023088.0
2026.07,7204300000,417760.0,0.0
2026.07,7204410000,143724.0,94953.0
2026.07,7204490000,6688092.0,42240120.0
2026.07,7205101000,437799.0,1304105.0
2026.07,7205102000,9991.0,156860.0
2026.07,7205109000,115830.0,586073.0
2026.07,7205210000,4931022.0,6812626.0
2026.07,7205290000,2779898.0,5584445.0
2026.07,7206100000,616453.0,29904.0
2026.07,7206900000,9000.0,75884.0
2026.07,7207111000,0.0,745538.0
2026.07,7207112000,0.0,5976724.0
2026.07,7207121000,61613944.0,56392049.0
2026.07,7207190000,51147.0,6894501.0
2026.07,7207201000,0.0,813666.0
2026.07,7207202000,1368177.0,19937754.0
2026.07,7207209000,156954.0,238833.0
2026.07,7208101000,12.0,614975.0
2026.07,7208109000,0.0,8292185.0
2026.07,7208251000,2690916.0,556392.0
2026.07,7208259000,6156159.0,104436.0
2026.07,7208261000,12613961.0,244233.0
2026.07,7208269000,15644020.0,285266.0
2026.07,7208271000,17533178.0,0.0
2026.07,7208279000,26159775.0,10656.0
2026.07,7208361000,25731274.0,60853.0
2026.07,7208369000,4220622.0,6644344.0
2026.07,7208371000,11125003.0,5582660.0
2026.07,7208379000,21267133.0,9679216.0
2026.07,7208381000,4530310.0,1421451.0
2026.07,7208389000,50159400.0,10895189.0
2026.07,7208391000,13009786.0,0.0
2026.07,7208399000,73353586.0,58498365.0
2026.07,7208511000,78764966.0,3867038.0
2026.07,7208519000,61367125.0,82268713.0
2026.07,7208521000,3922729.0,298735.0
2026.07,7208529000,10518981.0,8886322.0
2026.07,7208539000,64488.0,298.0
2026.07,7208541000,0.0,516.0
2026.07,7208549000,843168.0,0.0
2026.07,7208900000,476052.0,277545.0
2026.07,7209151000,12065.0,0.0
2026.07,7209159000,1192172.0,121661.0
2026.07,7209161000,25250377.0,9033431.0
2026.07,7209169000,51401971.0,11706609.0
2026.07,7209171000,36789533.0,3534507.0
2026.07,7209179000,75210071.0,5036282.0
2026.07,7209181000,10632417.0,13514273.0
2026.07,7209189000,4807846.0,1326723.0
2026.07,7209261000,147.0,0.0
2026.07,7209269000,207905.0,7014.0
2026.07,7209279000,951574.0,7.0
2026.07,7209900000,29279.0,690862.0
2026.07,7210110000,704522.0,603466.0
2026.07,7210120000,28663894.0,5293175.0
2026.07,7210200000,0.0,3338.0
2026.07,7210301000,2564229.0,332438.0
2026.07,7210309000,32058314.0,98668.0
2026.07,7210410000,88952.0,0.0
2026.07,7210491010,36581622.0,691992.0
2026.07,7210491090,57603216.0,5213676.0
2026.07,7210499010,61650372.0,1921985.0
2026.07,7210499090,36616232.0,1417049.0
2026.07,7210500000,8788349.0,31661.0
2026.07,7210610000,28610518.0,2512928.0
2026.07,7210690000,22703293.0,1661762.0
2026.07,7210701000,8456931.0,98912.0
2026.07,7210702000,167399917.0,1455204.0
2026.07,7210901000,768369.0,0.0
2026.07,7210902000,122448.0,0.0
2026.07,7210909000,221435.0,5048239.0
2026.07,7211130000,778.0,0.0
2026.07,7211141000,5239.0,19665.0
2026.07,7211149000,284955.0,20218.0
2026.07,7211191000,73865.0,0.0
2026.07,7211199000,481617.0,1367.0
2026.07,7211231000,643403.0,93505.0
2026.07,7211239000,698942.0,142100.0
2026.07,7211291000,6030133.0,7576.0
2026.07,7211299000,2349272.0,694983.0
2026.07,7211901000,153980.0,40117.0
2026.07,7211909000,926175.0,422912.0
2026.07,7212101000,16126.0,101.0
2026.07,7212102000,120818.0,0.0
2026.07,7212201000,147864.0,79707.0
2026.07,7212209000,1113103.0,108918.0
2026.07,7212301010,554614.0,0.0
2026.07,7212301090,353125.0,0.0
2026.07,7212309010,99945.0,620.0
2026.07,7212309090,1492747.0,22057.0
2026.07,7212401000,34093.0,18598.0
2026.07,7212402000,5127604.0,1064656.0
2026.07,7212501000,10362902.0,1147.0
2026.07,7212502000,54845.0,1252.0
2026.07,7212509000,2603530.0,539227.0
2026.07,7212600000,1039620.0,1201647.0
2026.07,7213100000,16033210.0,19890.0
2026.07,7213200000,203141.0,2662434.0
2026.07,7213911010,1141249.0,948997.0
2026.07,7213911090,4083326.0,23056471.0
2026.07,7213919000,10092017.0,8833840.0
2026.07,7213991010,1565814.0,3373248.0
2026.07,7213991090,3112085.0,9270516.0
2026.07,7213999000,60343.0,1551905.0
2026.07,7214100000,54613.0,1854890.0
2026.07,7214201000,25737615.0,4285763.0
2026.07,7214209000,68838.0,148023.0
2026.07,7214300000,0.0,115495.0
2026.07,7214910000,0.0,146812.0
2026.07,7214991000,14040901.0,4290059.0
2026.07,7214999000,141769.0,2168068.0
2026.07,7215100000,323951.0,118232.0
2026.07,7215500000,1868570.0,94541.0
2026.07,7215900000,742248.0,945693.0
2026.07,7216101000,0.0,293569.0
2026.07,7216210000,204015.0,4091566.0
2026.07,7216310000,462205.0,4002404.0
2026.07,7216320000,13202.0,1797283.0
2026.07,7216333000,8004594.0,8910120.0
2026.07,7216334000,58673656.0,6009946.0
2026.07,7216335000,448570.0,166496.0
2026.07,7216401000,627157.0,9269005.0
2026.07,7216500000,418884.0,1260428.0
2026.07,7216610000,116400.0,64979.0
2026.07,7216690000,781800.0,86812.0
2026.07,7216910000,0.0,1857.0
2026.07,7216990000,236028.0,186944.0
2026.07,7217100000,16578611.0,2927256.0
2026.07,7217200000,4525053.0,6253812.0
2026.07,7217301000,8163133.0,2257227.0
2026.07,7217309000,1939091.0,448933.0
2026.07,7217900000,2403725.0,2114465.0
2026.07,7218101000,0.0,46199.0
2026.07,7218109000,795.0,966281.0
2026.07,7218911000,0.0,9247837.0
2026.07,7218912000,0.0,54673.0
2026.07,7218919000,0.0,35555.0
2026.07,7218991000,0.0,385817.0
2026.07,7218992000,2399685.0,0.0
2026.07,7218999000,470494.0,626.0
2026.07,7219111010,0.0,30058.0
2026.07,7219111090,2646216.0,1109942.0
2026.07,7219119000,0.0,256715.0
2026.07,7219121010,0.0,253115.0
2026.07,7219121090,20851609.0,8694470.0
2026.07,7219129000,610384.0,2521878.0
2026.07,7219131010,0.0,225880.0
2026.07,7219131090,59787743.0,15660766.0
2026.07,7219139000,4541440.0,1392411.0
2026.07,7219141010,0.0,35585.0
2026.07,7219141090,677261.0,4613263.0
2026.07,7219149000,173207.0,175138.0
2026.07,7219211010,156730.0,0.0
2026.07,7219211090,6526230.0,10246052.0
2026.07,7219219000,65273.0,1023013.0
2026.07,7219221090,1266966.0,465714.0
2026.07,7219229000,30053.0,35043.0
2026.07,7219231090,7919.0,20555.0
2026.07,7219239000,16994.0,53785.0
2026.07,7219241090,24758.0,7162.0
2026.07,7219249000,0.0,40405.0
2026.07,7219311090,108239.0,596754.0
2026.07,7219319000,370.0,88949.0
2026.07,7219321010,0.0,41814.0
2026.07,7219321090,2178179.0,3301901.0
2026.07,7219329000,65126.0,629023.0
2026.07,7219331010,157684.0,1366553.0
2026.07,7219331090,12982118.0,17876348.0
2026.07,7219339000,17004145.0,1813437.0
2026.07,7219341010,434413.0,2745810.0
2026.07,7219341090,12945924.0,9636153.0
2026.07,7219349000,9002977.0,2001067.0
2026.07,7219351010,274260.0,1675843.0
2026.07,7219351090,2907597.0,1973565.0
2026.07,7219359000,363180.0,3500660.0
2026.07,7219901090,178978.0,341305.0
2026.07,7219909000,3261781.0,331297.0
2026.07,7220111090,3572.0,8053.0
2026.07,7220119000,43557.0,82616.0
2026.07,7220121010,0.0,15911.0
2026.07,7220121090,20743.0,4.0
2026.07,7220129000,202022.0,213322.0
2026.07,7220201010,15577.0,223181.0
2026.07,7220201090,9521492.0,3586160.0
2026.07,7220209000,9618976.0,4769029.0
2026.07,7220901010,0.0,451.0
2026.07,7220901090,892014.0,11766.0
2026.07,7220909000,1705881.0,400979.0
2026.07,7221000000,9823023.0,12019716.0
2026.07,7222110000,3145604.0,3133893.0
2026.07,7222190000,781345.0,1005658.0
2026.07,7222200000,1545063.0,7279951.0
2026.07,7222300000,884917.0,5000659.0
2026.07,7222400000,70905.0,2955738.0
2026.07,7223000000,20684066.0,6291774.0
2026.07,7224101000,0.0,173168.0
2026.07,7224109000,57398.0,84933.0
2026.07,7224901000,993850.0,2265953.0
2026.07,7224902000,0.0,866399.0
2026.07,7224903000,0.0,149294.0
2026.07,7224909000,3866.0,848310.0
2026.07,7225110000,15715475.0,7725657.0
2026.07,7225190000,59140067.0,5410317.0
2026.07,7225309010,11004922.0,3564397.0
2026.07,7225309091,2776432.0,0.0
2026.07,7225309092,2059182.0,3419361.0
2026.07,7225309099,14075791.0,268110.0
2026.07,7225401000,0.0,113350.0
2026.07,7225409010,10950404.0,3786214.0
2026.07,7225409091,298472.0,0.0
2026.07,7225409099,292622.0,407004.0
2026.07,7225501000,56964.0,0.0
2026.07,7225509000,28706555.0,4716542.0
2026.07,7225911000,2906.0,0.0
2026.07,7225919010,358411.0,1066819.0
2026.07,7225919090,7342960.0,7005.0
2026.07,7225929011,17287138.0,1798393.0
2026.07,7225929019,5058390.0,204327.0
2026.07,7225929091,8414972.0,8216.0
2026.07,7225929099,3418839.0,419203.0
2026.07,7225991000,0.0,1607.0
2026.07,7225999000,41544469.0,3733216.0
2026.07,7226110000,1072559.0,918726.0
2026.07,7226190000,172065.0,595714.0
2026.07,7226200000,23200.0,487444.0
2026.07,7226911000,133849.0,0.0
2026.07,7226919000,991449.0,541076.0
2026.07,7226920000,2017904.0,22288178.0
2026.07,7226991000,0.0,147261.0
2026.07,7226999000,2095012.0,905130.0
2026.07,7227100000,345646.0,275362.0
2026.07,7227200000,274620.0,1812352.0
2026.07,7227901000,0.0,107417.0
2026.07,7227909010,3177533.0,1872220.0
2026.07,7227909020,201519.0,0.0
2026.07,7227909090,12849731.0,16269766.0
2026.07,7228100000,203675.0,3644175.0
2026.07,7228200000,170924.0,4979.0
2026.07,7228301000,3306101.0,3538413.0
2026.07,7228309000,22301950.0,26498189.0
2026.07,7228401000,0.0,249294.0
2026.07,7228409000,1143148.0,8683506.0
2026.07,7228500000,3598419.0,1150354.0
2026.07,7228601000,19137.0,2275.0
2026.07,7228609000,2149345.0,10534751.0
2026.07,7228701010,58884.0,0.0
2026.07,7228701090,49122.0,8366.0
2026.07,7228709000,273606.0,5104881.0
2026.07,7228800000,0.0,648895.0
2026.07,7229200000,3676246.0,2406001.0
2026.07,7229901010,55271.0,0.0
2026.07,7229901090,2953.0,45077.0
2026.07,7229902090,13514.0,97495.0
2026.07,7229909010,0.0,4035.0
2026.07,7229909090,21039373.0,3201671.0
2026.07,7301101000,1194481.0,0.0
2026.07,7301109000,0.0,104185.0
2026.07,7301201000,0.0,1701.0
2026.07,7301209000,69977.0,558930.0
2026.07,7302101010,0.0,120435.0
2026.07,7302101090,14562.0,112939.0
2026.07,7302102010,4.0,0.0
2026.07,7302103010,0.0,11098.0
2026.07,7302104090,27256.0,411340.0
2026.07,7302300000,2494.0,77665.0
2026.07,7302400000,63846.0,40503.0
2026.07,7302900000,469070.0,97214.0
2026.07,7303001090,445995.0,79047.0
2026.07,7303002000,66365.0,0.0
2026.07,7304110000,3271095.0,2781645.0
2026.07,7304190000,4539266.0,8135615.0
2026.07,7304220000,0.0,5730.0
2026.07,7304230000,0.0,172425.0
2026.07,7304240000,899769.0,100753.0
2026.07,7304290000,30701844.0,100050.0
2026.07,7304310000,1203797.0,5255129.0
2026.07,7304390000,1242972.0,9325937.0
2026.07,7304410000,8864657.0,7070703.0
2026.07,7304490000,3182579.0,7321238.0
2026.07,7304510000,3373448.0,1301091.0
2026.07,7304590000,2292925.0,16935244.0
2026.07,7304900000,424388.0,2300304.0
2026.07,7305111000,34095625.0,1013.0
2026.07,7305112000,220879.0,0.0
2026.07,7305120000,30338890.0,0.0
2026.07,7305190000,38757.0,0.0
2026.07,7305200000,541570.0,0.0
2026.07,7305311000,23272748.0,18557.0
2026.07,7305312000,3648455.0,0.0
2026.07,7305319000,5272845.0,116692.0
2026.07,7305900000,925.0,22225.0
2026.07,7306110000,174989.0,168752.0
2026.07,7306190000,21354486.0,448012.0
2026.07,7306211000,0.0,3984.0
2026.07,7306212000,3200.0,0.0
2026.07,7306291000,51835091.0,0.0
2026.07,7306292000,13396888.0,97.0
2026.07,7306301010,421692.0,4.0
2026.07,7306301090,9506584.0,385757.0
2026.07,7306302010,2897173.0,121894.0
2026.07,7306302020,466761.0,48529.0
2026.07,7306302030,239050.0,252059.0
2026.07,7306302090,10570339.0,1293656.0
2026.07,7306401000,5084866.0,1060881.0
2026.07,7306402000,9351955.0,4620004.0
2026.07,7306500000,2165836.0,90017.0
2026.07,7306611010,449368.0,247501.0
2026.07,7306611090,16165021.0,4569384.0
2026.07,7306612000,219216.0,169763.0
2026.07,7306613000,7184.0,60875.0
2026.07,7306691010,0.0,40502.0
2026.07,7306691090,157777.0,0.0
2026.07,7306692000,94957.0,174656.0
2026.07,7306693000,44365.0,97835.0
2026.07,7306901000,545286.0,341802.0
2026.07,7306909000,2027777.0,1401571.0
2026.07,7307110000,416232.0,2265972.0
2026.07,7307190000,1077308.0,5369302.0
2026.07,7307210000,3332078.0,8203012.0
2026.07,7307221000,260002.0,88430.0
2026.07,7307229000,3360351.0,1943145.0
2026.07,7307230000,11718467.0,2071106.0
2026.07,7307290000,21474808.0,9408510.0
2026.07,7307910000,9920699.0,4615792.0
2026.07,7307921000,1812332.0,624772.0
2026.07,7307929000,3427434.0,1594445.0
2026.07,7307930000,20868018.0,3967190.0
2026.07,7307991000,4842439.0,564564.0
2026.07,7307999000,12638366.0,7751986.0
2026.07,7308100000,3510.0,169118.0
2026.07,7308200000,458759.0,7133527.0
2026.07,7308300000,2694210.0,992844.0
2026.07,7308400000,7878825.0,1425851.0
2026.07,7308901000,5397.0,12218.0
2026.07,7308909000,133562146.0,132240712.0
2026.07,7309000000,13439257.0,9639957.0
2026.07,7310100000,10715820.0,9454268.0
2026.07,7310210000,1142450.0,1016423.0
2026.07,7310290000,11088551.0,13586297.0
2026.07,7311001000,1152462.0,977241.0
2026.07,7311002000,9196528.0,8769315.0
2026.07,7311003000,8508516.0,7246869.0
2026.07,7312101011,4594.0,124834.0
2026.07,7312101019,924584.0,652204.0
2026.07,7312101091,4361.0,25751.0
2026.07,7312101092,5862822.0,7834479.0
2026.07,7312101099,1371882.0,3855888.0
2026.07,7312102011,16287.0,64930.0
2026.07,7312102019,2401952.0,602229.0
2026.07,7312102091,17978.0,3691.0
2026.07,7312102092,0.0,3209.0
2026.07,7312102099,19894352.0,7511673.0
2026.07,7312900000,130682.0,363058.0
2026.07,7313001000,69069.0,55091.0
2026.07,7313009000,15544.0,210439.0
2026.07,7314120000,1495.0,113659.0
2026.07,7314140000,79008.0,1230422.0
2026.07,7314190000,238369.0,123280.0
2026.07,7314200000,121216.0,175164.0
2026.07,7314310000,0.0,87237.0
2026.07,7314390000,57188.0,198347.0
2026.07,7314410000,201903.0,343200.0
2026.07,7314420000,0.0,23437.0
2026.07,7314490000,616421.0,910359.0
2026.07,7314500000,106939.0,50043.0
2026.07,7315110000,1639317.0,2686157.0
2026.07,7315120000,1365000.0,4658034.0
2026.07,7315190000,441006.0,1302981.0
2026.07,7315200000,2447.0,47638.0
2026.07,7315810000,14845.0,252758.0
2026.07,7315820000,205748.0,1747667.0
2026.07,7315890000,637309.0,3286890.0
2026.07,7315900000,92522.0,231013.0
2026.07,7316001000,2976.0,417832.0
2026.07,7316002000,18085.0,52691.0
2026.07,7317001011,549976.0,410400.0
2026.07,7317001019,2018249.0,1222385.0
2026.07,7317001021,150123.0,0.0
2026.07,7317001029,23490.0,382598.0
2026.07,7317002000,0.0,7569.0
2026.07,7317003000,331.0,27879.0
2026.07,7317004000,180140.0,294.0
2026.07,7317005000,1964.0,760.0
2026.07,7317009000,113812.0,243765.0
2026.07,7318110000,60593.0,10450.0
2026.07,7318120000,2002.0,43584.0
2026.07,7318130000,93087.0,100122.0
2026.07,7318140000,3292458.0,2196122.0
2026.07,7318151000,4746570.0,3279524.0
2026.07,7318152000,32486343.0,14087549.0
2026.07,7318153000,5543030.0,1345554.0
2026.07,7318159000,9821270.0,7136901.0
2026.07,7318160000,19386126.0,13882693.0
2026.07,7318190000,3505523.0,7679848.0
2026.07,7318210000,323329.0,1002194.0
2026.07,7318220000,3966149.0,4417802.0
2026.07,7318230000,1763617.0,1300149.0
2026.07,7318240000,1038900.0,823088.0
2026.07,7318290000,6329974.0,6883607.0
2026.07,7319401000,14504.0,22164.0
2026.07,7319402000,943906.0,252135.0
2026.07,7319409000,289985.0,624381.0
2026.07,7319901010,0.0,19326.0
2026.07,7319901020,0.0,292.0
2026.07,7319901090,21319.0,70429.0
2026.07,7319909000,481978.0,349326.0
2026.07,7320101000,662226.0,1091923.0
2026.07,7320102000,611.0,41781.0
2026.07,7320109000,313060.0,272816.0
2026.07,7320201000,2219934.0,1773862.0
2026.07,7320202000,38465.0,45976.0
2026.07,7320203000,0.0,131236.0
2026.07,7320204000,32190.0,10277.0
2026.07,7320209000,3782753.0,1769060.0
2026.07,7320901000,987038.0,95003.0
2026.07,7320909000,2665516.0,2786120.0
2026.07,7321110000,6760426.0,1300502.0
2026.07,7321120000,0.0,4950.0
2026.07,7321190000,35436.0,374761.0
2026.07,7321810000,34781.0,9337.0
2026.07,7321820000,9765081.0,32650.0
2026.07,7321890000,25670.0,161892.0
2026.07,7321900000,689361.0,1981162.0
2026.07,7322111000,0.0,499.0
2026.07,7322112000,0.0,264.0
2026.07,7322191000,2231.0,26563.0
2026.07,7322192000,0.0,14362.0
2026.07,7322901000,8297.0,15846.0
2026.07,7322909010,4005369.0,71999.0
2026.07,7322909020,0.0,5078.0
2026.07,7322909030,182833.0,139398.0
2026.07,7323100000,132484.0,219610.0
2026.07,7323910000,15002.0,102985.0
2026.07,7323920000,14592.0,1358197.0
2026.07,7323930000,3391943.0,24221629.0
2026.07,7323940000,7831.0,883332.0
2026.07,7323990000,1191175.0,7382982.0
2026.07,7324101000,252755.0,2298800.0
2026.07,7324102000,15.0,58013.0
2026.07,7324210000,0.0,796.0
2026.07,7324291000,2017.0,9218.0
2026.07,7324299000,47483.0,22872.0
2026.07,7324901000,56642.0,71107.0
2026.07,7324908000,57909.0,1268963.0
2026.07,7324909000,326444.0,2094356.0
2026.07,7325100000,166275.0,2085611.0
2026.07,7325910000,0.0,103597.0
2026.07,7325991000,3469241.0,1342967.0
2026.07,7325992000,1927611.0,526853.0
2026.07,7325993000,155061.0,54052.0
2026.07,7325999000,3717657.0,3532540.0
2026.07,7326110000,468548.0,134518.0
2026.07,7326190000,4631677.0,4196964.0
2026.07,7326200000,8130384.0,4744029.0
2026.07,7326901000,66904.0,228992.0
2026.07,7326909000,138889804.0,190482281.0
2026.07,7401001000,2022835.0,16915082.0
2026.07,7401002000,2081100.0,9734488.0
2026.07,7402001000,14112076.0,3049306.0
2026.07,7402002000,206782.0,105721179.0
2026.07,7403110000,213964231.0,325370181.0
2026.07,7403120000,1106.0,0.0
2026.07,7403130000,282530.0,3189401.0
2026.07,7403191000,337749.0,12837200.0
2026.07,7403192000,1688252.0,5.0
2026.07,7403199000,678782.0,860979.0
2026.07,7403210000,15697178.0,17901.0
2026.07,7403220000,5710931.0,414610.0
2026.07,7403291010,522355.0,0.0
2026.07,7403291020,9500.0,10496.0
2026.07,7403299000,6240161.0,7347330.0
2026.07,7404000000,113224582.0,322566670.0
2026.07,7405000000,3049982.0,697646.0
2026.07,7406100000,2540433.0,2589781.0
2026.07,7406201000,14025.0,662376.0
2026.07,7406202000,386608.0,676917.0
2026.07,7407100000,5050906.0,661992.0
2026.07,7407210000,36518282.0,2636577.0
2026.07,7407291000,467975.0,2297.0
2026.07,7407292010,413012.0,14195.0
2026.07,7407299000,661595.0,1485758.0
2026.07,7408110000,33546602.0,2695568.0
2026.07,7408190000,27203171.0,15655759.0
2026.07,7408210000,2715174.0,2993895.0
2026.07,7408221000,13745.0,233811.0
2026.07,7408222000,50179.0,19936.0
2026.07,7408291000,176980.0,802931.0
2026.07,7408299000,334847.0,666076.0
2026.07,7409111000,1004319.0,430638.0
2026.07,7409119000,29897376.0,25766398.0
2026.07,7409191000,1896755.0,1626031.0
2026.07,7409199000,2457227.0,860792.0
2026.07,7409219000,29653825.0,5952507.0
2026.07,7409291000,0.0,9.0
2026.07,7409299000,562251.0,4911.0
2026.07,7409319000,7922535.0,1165921.0
2026.07,7409399000,663394.0,579465.0
2026.07,7409401010,122328.0,127304.0
2026.07,7409401090,5099383.0,2639013.0
2026.07,7409402090,416749.0,81540.0
2026.07,7409901000,8944973.0,3582478.0
2026.07,7409909000,1473697.0,1027384.0
2026.07,7410110000,28029366.0,64250905.0
2026.07,7410120000,3194874.0,7864849.0
2026.07,7410211000,89391914.0,66102781.0
2026.07,7410219000,5705305.0,2992950.0
2026.07,7410221000,1702.0,389.0
2026.07,7410229000,456643.0,26812.0
2026.07,7411100000,39652244.0,21982561.0
2026.07,7411210000,3044066.0,440220.0
2026.07,7411221000,7332041.0,1291276.0
2026.07,7411222000,4.0,13533.0
2026.07,7411291000,28207.0,221558.0
2026.07,7411299000,202155.0,643943.0
2026.07,7412100000,7646501.0,1540781.0
2026.07,7412200000,6036656.0,6116198.0
2026.07,7413000000,6033293.0,405012.0
2026.07,7415101000,0.0,1086.0
2026.07,7415109000,193217.0,5804.0
2026.07,7415210000,1063885.0,74757.0
2026.07,7415290000,130974.0,122050.0
2026.07,7415330000,433588.0,636724.0
2026.07,7415390000,128501.0,232421.0
2026.07,7418101000,0.0,457.0
2026.07,7418109010,10336.0,47030.0
2026.07,7418109030,0.0,2307.0
2026.07,7418109099,33512.0,1675.0
2026.07,7418201000,29.0,110093.0
2026.07,7418202000,10400.0,154428.0
2026.07,7419200000,640691.0,5152499.0
2026.07,7419801010,593.0,34916.0
2026.07,7419801090,246970.0,136289.0
2026.07,7419802000,21383.0,16779.0
2026.07,7419809000,20373094.0,10928820.0
2026.07,7501100000,0.0,532352.0
2026.07,7501201090,414981.0,131880.0
2026.07,7501209090,116153.0,572213.0
2026.07,7502101000,2058823.0,21671961.0
2026.07,7502109000,1329735.0,23494018.0
2026.07,7502200000,58835.0,1262321.0
2026.07,7503000000,7140832.0,2536478.0
2026.07,7504001000,1678876.0,54753987.0
2026.07,7504002000,23843.0,43180.0
2026.07,7505110000,0.0,93992.0
2026.07,7505120000,1784769.0,6722364.0
2026.07,7505210000,0.0,313744.0
2026.07,7505220000,326343.0,5626202.0
2026.07,7506101000,129251.0,1984311.0
2026.07,7506102000,2162141.0,1392463.0
2026.07,7506201000,4119910.0,9869170.0
2026.07,7506202000,13156.0,1003564.0
2026.07,7507110000,0.0,2098.0
2026.07,7507120000,7232640.0,4387494.0
2026.07,7507200000,807438.0,942049.0
2026.07,7508100000,1364074.0,77713.0
2026.07,7508901000,3158.0,257.0
2026.07,7508902010,0.0,57005.0
2026.07,7508902020,106392.0,16154.0
2026.07,7508909000,2608553.0,8293913.0
2026.07,7601100000,55742.0,309938149.0
2026.07,7601201000,34962605.0,140649236.0
2026.07,7601202000,29910682.0,15879159.0
2026.07,7601209000,12328534.0,38613701.0
2026.07,7602001000,1380119.0,88991488.0
2026.07,7602009000,45976952.0,151141006.0
2026.07,7603100000,73520.0,681632.0
2026.07,7603201000,264164.0,371255.0
2026.07,7603202000,0.0,53760.0
2026.07,7604101000,20972.0,256880.0
2026.07,7604102010,158536.0,261541.0
2026.07,7604102090,602070.0,11672.0
2026.07,7604210000,4761412.0,2375636.0
2026.07,7604291000,2282641.0,3351033.0
2026.07,7604299000,13308822.0,11226056.0
2026.07,7605110000,534365.0,4684569.0
2026.07,7605190000,856553.0,223511.0
2026.07,7605210000,149611.0,2574317.0
2026.07,7605290000,452829.0,1071684.0
2026.07,7606111000,288984.0,691250.0
2026.07,7606119000,3279244.0,14310745.0
2026.07,7606120000,313247660.0,115307888.0
2026.07,7606911000,36049.0,4347.0
2026.07,7606919000,702311.0,977566.0
2026.07,7606920000,2391196.0,3881565.0
2026.07,7607111000,48853.0,348350.0
2026.07,7607119000,55424005.0,39333931.0
2026.07,7607191000,556099.0,1836888.0
2026.07,7607199000,5649387.0,7836477.0
2026.07,7607201000,0.0,251165.0
2026.07,7607209000,6835289.0,4397498.0
2026.07,7608100000,861647.0,774255.0
2026.07,7608200000,6827058.0,1827874.0
2026.07,7609000000,3131126.0,3259086.0
2026.07,7610100000,1989549.0,1665478.0
2026.07,7610901000,865954.0,2058965.0
2026.07,7610908000,4236122.0,2561593.0
2026.07,7610909000,7272245.0,2548794.0
2026.07,7611000000,7753.0,12340.0
2026.07,7612100000,0.0,620041.0
2026.07,7612901000,15297.0,95244.0
2026.07,7612909010,995435.0,1259421.0
2026.07,7612909020,12718.0,112896.0
2026.07,7612909030,380887.0,440356.0
2026.07,7613001000,483113.0,1138841.0
2026.07,7613002000,593996.0,1386961.0
2026.07,7614100000,17317.0,0.0
2026.07,7614900000,2291.0,89702163.0
2026.07,7615101000,5278.0,12220.0
2026.07,7615109010,0.0,1205.0
2026.07,7615109020,5373165.0,8652346.0
2026.07,7615109030,33703.0,107285.0
2026.07,7615109090,47618.0,266561.0
2026.07,7615201000,0.0,38361.0
2026.07,7615202000,0.0,12186.0
2026.07,7616100000,1957670.0,2064181.0
2026.07,7616910000,23669.0,262553.0
2026.07,7616991000,51253.0,223496.0
2026.07,7616999010,204741.0,55595.0
2026.07,7616999020,0.0,16692.0
2026.07,7616999090,56534657.0,63732433.0
2026.07,7801101000,26522684.0,0.0
2026.07,7801109000,18027741.0,15034518.0
2026.07,7801910000,7143635.0,4190100.0
2026.07,7801992010,4150154.0,1858638.0
2026.07,7801992090,10992588.0,6483564.0
2026.07,7802000000,0.0,2910605.0
2026.07,7804111000,13013.0,0.0
2026.07,7804112000,0.0,203947.0
2026.07,7804190000,21.0,51320.0
2026.07,7804201000,0.0,1422590.0
2026.07,7804202000,0.0,155.0
2026.07,7806001000,75724.0,142220.0
2026.07,7806002000,14089.0,0.0
2026.07,7806003010,1299.0,0.0
2026.07,7806003030,262107.0,24940.0
2026.07,7806004000,2113.0,0.0
2026.07,7806009000,5417944.0,4785808.0
2026.07,7901110000,51214402.0,7459995.0
2026.07,7901120000,15265068.0,920767.0
2026.07,7901201000,33282873.0,818.0
2026.07,7901209000,4364046.0,990.0
2026.07,7902000000,0.0,18983.0
2026.07,7903100000,3704983.0,81597.0
2026.07,7903901000,1618946.0,443469.0
2026.07,7903902000,63.0,238048.0
2026.07,7904001000,0.0,9248.0
2026.07,7904003000,89511.0,150244.0
2026.07,7905001000,116194.0,95967.0
2026.07,7905002000,0.0,887.0
2026.07,7907001000,26631.0,2736.0
2026.07,7907002010,24888.0,2940.0
2026.07,7907002020,86148.0,50438.0
2026.07,7907009010,15500.0,699.0
2026.07,7907009090,2112114.0,2232852.0
2026.07,8001100000,85272.0,59962494.0
2026.07,8001200000,317764.0,1636138.0
2026.07,8002000000,825.0,0.0
2026.07,8003001010,109496.0,0.0
2026.07,8003001090,874193.0,37845.0
2026.07,8003002010,736915.0,0.0
2026.07,8003002090,2309841.0,13762.0
2026.07,8007001000,68519.0,1934.0
2026.07,8007002000,216.0,3062.0
2026.07,8007003010,0.0,31877.0
2026.07,8007003021,1816609.0,560614.0
2026.07,8007009000,2102994.0,6570722.0
2026.07,8101100000,5543.0,1626083.0
2026.07,8101940000,79235.0,1290738.0
2026.07,8101960000,35254.0,1655128.0
2026.07,8101970000,6304842.0,8501886.0
2026.07,8101991010,15834.0,1150229.0
2026.07,8101991020,0.0,8528.0
2026.07,8101991030,15780.0,637092.0
2026.07,8101991040,3567.0,3706.0
2026.07,8101999010,380906.0,4017.0
2026.07,8101999090,569576.0,3557781.0
2026.07,8102100000,14240.0,39183.0
2026.07,8102940000,0.0,1335893.0
2026.07,8102951000,5294.0,113844.0
2026.07,8102952000,0.0,2240.0
2026.07,8102953000,572566.0,3697644.0
2026.07,8102954000,935.0,8049.0
2026.07,8102961000,11647.0,9000.0
2026.07,8102969000,197746.0,221681.0
2026.07,8102970000,1545035.0,107078.0
2026.07,8102990000,213688.0,2713748.0
2026.07,8103202000,0.0,52173.0
2026.07,8103300000,1213378.0,7019.0
2026.07,8103910000,3703.0,107.0
2026.07,8103990000,42084.0,8118123.0
2026.07,8104110000,16469.0,4462723.0
2026.07,8104190000,4039932.0,924676.0
2026.07,8104200000,1125.0,791537.0
2026.07,8104301000,218766.0,4842.0
2026.07,8104302000,88287.0,293241.0
2026.07,8104901000,0.0,1487.0
2026.07,8104909000,188385.0,66902.0
2026.07,8105201000,70.0,631903.0
2026.07,8105202000,5289.0,7330507.0
2026.07,8105203000,172857.0,3317791.0
2026.07,8105300000,140759.0,198008.0
2026.07,8105900000,226988.0,1630026.0
2026.07,8106101000,5102275.0,51768.0
2026.07,8106901000,0.0,48315.0
2026.07,8106903000,0.0,7094.0
2026.07,8106909000,932.0,209706.0
2026.07,8108201000,0.0,1954640.0
2026.07,8108202000,18616.0,291772.0
2026.07,8108300000,1898423.0,1495137.0
2026.07,8108901000,3722003.0,8260542.0
2026.07,8108902000,90982.0,811507.0
2026.07,8108909000,2675329.0,19427213.0
2026.07,8109210000,67710.0,6972.0
2026.07,8109290000,0.0,26050.0
2026.07,8109310000,14336.0,0.0
2026.07,8109390000,11294.0,0.0
2026.07,8109911010,0.0,5259173.0
2026.07,8109911020,1338019.0,0.0
2026.07,8109911030,0.0,1151755.0
2026.07,8109919000,0.0,6184.0
2026.07,8109991010,0.0,12897.0
2026.07,8109999000,2881.0,154202.0
2026.07,8110100000,7336873.0,9517997.0
2026.07,8110900000,24107.0,512079.0
2026.07,8111000000,18235.0,17979342.0
2026.07,8112190000,59774.0,52963.0
2026.07,8112210000,540572.0,3159827.0
2026.07,8112290000,14529.0,472409.0
2026.07,8112310000,27144.0,3039.0
2026.07,8112410000,0.0,108262.0
2026.07,8112490000,0.0,2809.0
2026.07,8112690000,1419401.0,420.0
2026.07,8112921000,2258.0,148344.0
2026.07,8112922000,0.0,2216.0
2026.07,8112923000,947294.0,1131434.0
2026.07,8112925000,8949758.0,6389667.0
2026.07,8112926000,0.0,1574118.0
2026.07,8112929000,100.0,5909.0
2026.07,8112991000,0.0,4826.0
2026.07,8112992000,0.0,220639.0
2026.07,8112993000,14464.0,385573.0
2026.07,8112995000,362560.0,663643.0
2026.07,8112996000,3775.0,81346.0
2026.07,8112999000,19203.0,79928.0
2026.07,8113000000,33692599.0,63040824.0
2026.07,8201100000,43068.0,176714.0
2026.07,8201300000,916.0,168419.0
2026.07,8201400000,203.0,49430.0
2026.07,8201500000,43121.0,453876.0
2026.07,8201600000,653.0,91013.0
2026.07,8201901000,649.0,146926.0
2026.07,8201909000,60685.0,132622.0
2026.07,8202101000,779283.0,26017.0
2026.07,8202109000,21622.0,136351.0
2026.07,8202200000,131469.0,1272789.0
2026.07,8202310000,65663.0,540532.0
2026.07,8202391000,24715.0,289192.0
2026.07,8202392010,1382131.0,2570535.0
2026.07,8202392090,4754926.0,912088.0
2026.07,8202393000,9688.0,303711.0
2026.07,8202399000,796640.0,503450.0
2026.07,8202400000,367.0,103440.0
2026.07,8202911000,172.0,96730.0
2026.07,8202919000,2905.0,94258.0
2026.07,8202991000,28261.0,744.0
2026.07,8202999000,657313.0,1464469.0
2026.07,8203100000,49846.0,202327.0
2026.07,8203201000,37282.0,1622818.0
2026.07,8203202000,456915.0,98656.0
2026.07,8203203000,54845.0,586307.0
2026.07,8203209000,25622.0,806256.0
2026.07,8203300000,7531.0,111459.0
2026.07,8203401000,11604.0,151414.0
2026.07,8203402000,53740.0,144044.0
2026.07,8203403000,29256.0,120580.0
2026.07,8203409000,133663.0,179408.0
2026.07,8204110000,327579.0,2773800.0
2026.07,8204120000,847350.0,1022852.0
2026.07,8204200000,160548.0,739961.0
2026.07,8205101000,427513.0,131134.0
2026.07,8205109000,147231.0,82014.0
2026.07,8205200000,31109.0,311791.0
2026.07,8205300000,4670.0,112531.0
2026.07,8205400000,58161.0,666400.0
2026.07,8205510000,181075.0,1483888.0
2026.07,8205591000,24854.0,20005.0
2026.07,8205593000,2920.0,121770.0
2026.07,8205599000,2960094.0,4879787.0
2026.07,8205600000,182083.0,149385.0
2026.07,8205701000,21020.0,39829.0
2026.07,8205702000,469526.0,505392.0
2026.07,8205709000,302498.0,164286.0
2026.07,8205903000,0.0,23459.0
2026.07,8205909000,908276.0,2804096.0
2026.07,8206000000,1356243.0,873832.0
2026.07,8207130000,18706.0,282979.0
2026.07,8207191000,1594485.0,1084558.0
2026.07,8207199000,2709793.0,1522720.0
2026.07,8207201000,1163490.0,1347506.0
2026.07,8207202000,378232.0,218062.0
2026.07,8207300000,121114762.0,6664299.0
2026.07,8207401000,3897150.0,1654573.0
2026.07,8207402000,912525.0,405877.0
2026.07,8207501010,3331585.0,1408842.0
2026.07,8207501090,7173367.0,6180542.0
2026.07,8207502000,18103.0,579972.0
2026.07,8207509000,1735731.0,2405374.0
2026.07,8207601000,1249121.0,422648.0
2026.07,8207603000,73467.0,484713.0
2026.07,8207609000,241126.0,659620.0
2026.07,8207701000,498688.0,242725.0
2026.07,8207702000,22888038.0,6150982.0
2026.07,8207703000,463864.0,19911.0
2026.07,8207704000,916.0,84812.0
2026.07,8207709000,1513410.0,1305988.0
2026.07,8207801000,1056816.0,333664.0
2026.07,8207809000,599289.0,1154298.0
2026.07,8207901000,2425495.0,471856.0
2026.07,8207909000,2696062.0,3063246.0
2026.07,8208100000,925885.0,1024618.0
2026.07,8208200000,11681.0,59702.0
2026.07,8208300000,225610.0,158319.0
2026.07,8208400000,0.0,377485.0
2026.07,8208900000,4707019.0,2963070.0
2026.07,8209001010,9249547.0,2258841.0
2026.07,8209001050,281495.0,239621.0
2026.07,8209001090,26628642.0,6084036.0
2026.07,8209002010,214391.0,3129798.0
2026.07,8209002090,882008.0,1605351.0
2026.07,8210001000,3516.0,415585.0
2026.07,8210002000,46.0,52886.0
2026.07,8210004000,16766.0,235969.0
2026.07,8210005000,6568.0,58960.0
2026.07,8210008000,3033.0,84111.0
2026.07,8210009000,133124.0,17693.0
2026.07,8211100000,0.0,662308.0
2026.07,8211910000,18497.0,1571240.0
2026.07,8211920000,22913.0,1007506.0
2026.07,8211930000,4076.0,403133.0
2026.07,8211940000,610524.0,131975.0
2026.07,8211950000,27269.0,6923.0
2026.07,8212100000,385892.0,3264395.0
2026.07,8212200000,3387496.0,2310780.0
2026.07,8212900000,1103.0,39520.0
2026.07,8213001000,46201.0,1687377.0
2026.07,8213002010,172912.0,55542.0
2026.07,8213002020,144052.0,379073.0
2026.07,8213002090,38663.0,105084.0
2026.07,8213003000,2246.0,64116.0
2026.07,8213009000,48000.0,335698.0
2026.07,8214101000,72751.0,92813.0
2026.07,8214109000,5332.0,788041.0
2026.07,8214200000,1516444.0,1179324.0
2026.07,8214902000,398.0,33265.0
2026.07,8214909000,141923.0,305079.0
2026.07,8215100000,28736.0,16823.0
2026.07,8215200000,91279.0,1087323.0
2026.07,8215910000,226.0,47333.0
2026.07,8215991000,49624.0,721218.0
2026.07,8215992000,2444.0,404576.0
2026.07,8215993000,8595.0,465971.0
2026.07,8215995000,27031.0,277804.0
2026.07,8215999000,175559.0,1448341.0
2026.07,8301100000,49713.0,598321.0
2026.07,8301200000,8136741.0,2612546.0
2026.07,8301300000,350193.0,248574.0
2026.07,8301401010,1210313.0,1883327.0
2026.07,8301401090,1977753.0,416892.0
2026.07,8301409000,1446810.0,2184450.0
2026.07,8301500000,72967.0,76571.0
2026.07,8301600000,6963746.0,3411035.0
2026.07,8301700000,809517.0,104053.0
2026.07,8302100000,11589165.0,6508470.0
2026.07,8302200000,1094006.0,2440812.0
2026.07,8302300000,59356008.0,8892513.0
2026.07,8302411000,1007421.0,2481606.0
2026.07,8302419000,440875.0,1430566.0
2026.07,8302420000,4098272.0,10149624.0
2026.07,8302491000,1332.0,70537.0
2026.07,8302499000,3017286.0,5637366.0
2026.07,8302500000,1068307.0,5481338.0
2026.07,8302600000,2064354.0,1345298.0
2026.07,8303001000,2638920.0,157264.0
2026.07,8303009000,636964.0,49131.0
2026.07,8304000000,23417.0,200503.0
2026.07,8305100000,206032.0,75447.0
2026.07,8305200000,1144795.0,512128.0
2026.07,8305900000,79642.0,341046.0
2026.07,8306100000,105760.0,138236.0
2026.07,8306210000,2568.0,8722.0
2026.07,8306290000,145543.0,872837.0
2026.07,8306301000,16962.0,63974.0
2026.07,8306302000,44133.0,28057.0
2026.07,8307100000,5721704.0,5733897.0
2026.07,8307900000,2659604.0,1377221.0
2026.07,8308101000,1127902.0,536576.0
2026.07,8308102000,3561012.0,54289.0
2026.07,8308200000,1203810.0,1173507.0
2026.07,8308902000,365390.0,907616.0
2026.07,8308904000,28422.0,6527.0
2026.07,8308909000,1871949.0,1348682.0
2026.07,8309100000,0.0,5874.0
2026.07,8309901000,5256344.0,1379909.0
2026.07,8309909000,955260.0,4356783.0
2026.07,8310000000,2761877.0,2223788.0
2026.07,8311101000,0.0,22389.0
2026.07,8311109000,2117611.0,1978100.0
2026.07,8311201000,140.0,339.0
2026.07,8311209000,13357299.0,1995536.0
2026.07,8311301000,84859.0,70164.0
2026.07,8311309010,174027.0,98172.0
2026.07,8311309090,1105979.0,354352.0
2026.07,8311901000,250.0,802315.0
2026.07,8311909000,597899.0,251725.0
2026.07,8401100000,40.0,170.0
2026.07,8401200000,13.0,804.0
2026.07,8401300000,2507.0,680.0
2026.07,8401400000,11642.0,148783.0
2026.07,8402120000,4305749.0,5642.0
2026.07,8402191000,52045.0,18715.0
2026.07,8402199000,1459661.0,1363559.0
2026.07,8402200000,50.0,184.0
2026.07,8402901000,63884175.0,469101.0
2026.07,8402902000,20005.0,11390.0
2026.07,8403101000,280404.0,1052.0
2026.07,8403103000,17167381.0,163349.0
2026.07,8403109000,1090685.0,190.0
2026.07,8403900000,2896239.0,2862498.0
2026.07,8404101000,54338.0,0.0
2026.07,8404109000,1115830.0,184431.0
2026.07,8404200000,0.0,87.0
2026.07,8404901000,0.0,177315.0
2026.07,8404902000,250000.0,9493.0
2026.07,8404909000,751892.0,640709.0
2026.07,8405101000,0.0,42.0
2026.07,8405104000,132639.0,52861.0
2026.07,8405109000,3450551.0,2136598.0
2026.07,8405901000,0.0,7462.0
2026.07,8405902000,0.0,325168.0
2026.07,8405904000,157002.0,3228.0
2026.07,8405909000,2831501.0,930091.0
2026.07,8406811000,2000.0,0.0
2026.07,8406813000,452453.0,0.0
2026.07,8406820000,0.0,893558.0
2026.07,8406909000,4766520.0,13479371.0
2026.07,8407100000,0.0,414630.0
2026.07,8407210000,979.0,2194336.0
2026.07,8407290000,170.0,0.0
2026.07,8407319000,0.0,1455.0
2026.07,8407321000,2531.0,0.0
2026.07,8407329000,0.0,1494.0
2026.07,8407331000,0.0,110588.0
2026.07,8407339000,44832673.0,1226.0
2026.07,8407341000,0.0,12198.0
2026.07,8407349000,68620378.0,97536000.0
2026.07,8407901000,0.0,5.0
2026.07,8407909000,13938851.0,1967282.0
2026.07,8408101000,1412182.0,561730.0
2026.07,8408102000,1212036.0,3901577.0
2026.07,8408103000,156812708.0,15927106.0
2026.07,8408201000,300.0,7449.0
2026.07,8408202000,1218924.0,1905268.0
2026.07,8408203000,10964123.0,3259084.0
2026.07,8408204000,12450.0,1353591.0
2026.07,8408205000,5314671.0,449208.0
2026.07,8408901090,3000.0,353.0
2026.07,8408909010,12284.0,0.0
2026.07,8408909021,14384.0,3176470.0
2026.07,8408909029,669541.0,377740.0
2026.07,8408909030,1711524.0,21073586.0
2026.07,8408909090,53125804.0,3874326.0
2026.07,8409100000,107228.0,3064121.0
2026.07,8409911000,109267014.0,66642755.0
2026.07,8409912000,4315200.0,807959.0
2026.07,8409919000,4370809.0,2250432.0
2026.07,8409994010,132.0,9244.0
2026.07,8409994090,308231.0,896071.0
2026.07,8409995000,285158.0,121385.0
2026.07,8409996000,133675.0,13665.0
2026.07,8409997000,22394770.0,15207361.0
2026.07,8409998010,291227.0,29476.0
2026.07,8409998020,7775513.0,5739768.0
2026.07,8409998030,35562640.0,14619631.0
2026.07,8409999000,120664513.0,24402203.0
2026.07,8410119000,0.0,3063.0
2026.07,8410901090,1020.0,12294.0
2026.07,8410909010,0.0,989036.0
2026.07,8410909090,4547.0,562.0
2026.07,8411121000,25000000.0,115572822.0
2026.07,8411211000,0.0,19613472.0
2026.07,8411221000,185.0,1953840.0
2026.07,8411811000,181987.0,0.0
2026.07,8411819090,747365.0,1613419.0
2026.07,8411829090,0.0,69113146.0
2026.07,8411911000,77253402.0,120258304.0
2026.07,8411919000,2909179.0,12562062.0
2026.07,8411991000,546617.0,1688810.0
2026.07,8411999000,8214440.0,60924461.0
2026.07,8412109000,5503.0,5556.0
2026.07,8412211000,29151241.0,13663012.0
2026.07,8412219000,1045366.0,4650397.0
2026.07,8412290000,23045227.0,5989665.0
2026.07,8412310000,1041142.0,7964598.0
2026.07,8412390000,1921346.0,6010609.0
2026.07,8412800000,75066.0,483574.0
2026.07,8412901010,0.0,21712.0
2026.07,8412901090,259805.0,430201.0
2026.07,8412902000,2188.0,137413.0
2026.07,8412909000,5722558.0,11386203.0
2026.07,8413110000,248041.0,344994.0
2026.07,8413190000,404587.0,1820465.0
2026.07,8413200000,4690439.0,6528940.0
2026.07,8413301000,53012.0,436410.0
2026.07,8413302000,141.0,247504.0
2026.07,8413303000,2005643.0,14142134.0
2026.07,8413304000,35758791.0,19592362.0
2026.07,8413309000,6459343.0,5417165.0
2026.07,8413400000,11705578.0,8698.0
2026.07,8413504000,5697.0,71198.0
2026.07,8413509010,232406.0,1603052.0
2026.07,8413509020,1788674.0,8233328.0
2026.07,8413509030,528897.0,3074797.0
2026.07,8413509090,2338951.0,7459695.0
2026.07,8413604000,2386.0,25087.0
2026.07,8413609010,4028337.0,2701356.0
2026.07,8413609020,3311724.0,332463.0
2026.07,8413609030,144362.0,966916.0
2026.07,8413609090,9504184.0,6985514.0
2026.07,8413703000,10539.0,10042.0
2026.07,8413709010,1703684.0,1850818.0
2026.07,8413709020,25332342.0,3235499.0
2026.07,8413709090,9065035.0,22710135.0
2026.07,8413811000,0.0,13598.0
2026.07,8413812000,317230.0,40804.0
2026.07,8413819000,5153743.0,17236206.0
2026.07,8413820000,2297.0,2515.0
2026.07,8413911000,99780.0,427712.0
2026.07,8413912000,6241522.0,3672917.0
2026.07,8413913000,2131597.0,500394.0
2026.07,8413914000,10589029.0,5153577.0
2026.07,8413915000,252407.0,916040.0
2026.07,8413919000,18161528.0,16088321.0
2026.07,8413920000,85735.0,7460.0
2026.07,8414101000,85.0,72495.0
2026.07,8414109010,7916669.0,12094497.0
2026.07,8414109020,21285.0,354683.0
2026.07,8414109090,41242183.0,17783516.0
2026.07,8414200000,33513.0,359101.0
2026.07,8414301000,75485380.0,56687743.0
2026.07,8414302000,609347.0,5629383.0
2026.07,8414400000,79823.0,980137.0
2026.07,8414511000,55241.0,122614.0
2026.07,8414519000,1394148.0,31386205.0
2026.07,8414591000,303728.0,847881.0
2026.07,8414592000,449563.0,2014722.0
2026.07,8414599000,28277312.0,50290404.0
2026.07,8414601000,4934.0,246.0
2026.07,8414609000,235835.0,1041648.0
2026.07,8414700000,15000.0,48818.0
2026.07,8414801000,56496.0,19065455.0
2026.07,8414809110,3250562.0,3106106.0
2026.07,8414809190,235897.0,3221534.0
2026.07,8414809211,64646.0,58479.0
2026.07,8414809219,6986401.0,11751762.0
2026.07,8414809220,5488406.0,11789439.0
2026.07,8414809230,1742778.0,14235862.0
2026.07,8414809900,19397569.0,19799757.0
2026.07,8414901000,2436888.0,5138588.0
2026.07,8414909010,8322812.0,4679095.0
2026.07,8414909020,25953017.0,17772199.0
2026.07,8414909090,26143049.0,24581009.0
2026.07,8415101010,11522.0,1996943.0
2026.07,8415101020,40795.0,147742.0
2026.07,8415102010,1426057.0,25542363.0
2026.07,8415102020,659363.0,1424213.0
2026.07,8415109010,289609.0,3340417.0
2026.07,8415109020,22677563.0,309215.0
2026.07,8415200000,919631.0,2929514.0
2026.07,8415810000,281401.0,1066267.0
2026.07,8415820000,4383689.0,10350491.0
2026.07,8415830000,768305.0,1322320.0
2026.07,8415900000,72674394.0,60161169.0
2026.07,8416101000,126456.0,612063.0
2026.07,8416102000,0.0,371422.0
2026.07,8416201000,791.0,17.0
2026.07,8416202000,753049.0,591904.0
2026.07,8416209000,61574.0,2577053.0
2026.07,8416300000,7297.0,164.0
2026.07,8416901000,240310.0,475460.0
2026.07,8416909000,200838.0,677349.0
2026.07,8417101090,45970.0,0.0
2026.07,8417102010,251774.0,0.0
2026.07,8417102090,0.0,192574.0
2026.07,8417200000,95798.0,138923.0
2026.07,8417801030,0.0,54203.0
2026.07,8417809000,709789.0,508752.0
2026.07,8417900000,2170397.0,1852359.0
2026.07,8418101010,70437.0,4231642.0
2026.07,8418101020,186979.0,11351540.0
2026.07,8418101030,99058698.0,36132146.0
2026.07,8418109000,1025084.0,99279.0
2026.07,8418211000,79489.0,1041086.0
2026.07,8418212000,130557.0,2191948.0
2026.07,8418213000,275545.0,150252.0
2026.07,8418291000,0.0,175731.0
2026.07,8418299000,50264.0,1155754.0
2026.07,8418300000,47132.0,1593652.0
2026.07,8418400000,585617.0,5975897.0
2026.07,8418501000,3424405.0,1296569.0
2026.07,8418509000,273267.0,443511.0
2026.07,8418610000,2210290.0,1690624.0
2026.07,8418691000,0.0,5179.0
2026.07,8418692010,1654831.0,449497.0
2026.07,8418692020,3577751.0,1999615.0
2026.07,8418692030,20322277.0,196761.0
2026.07,8418692090,5471392.0,11554716.0
2026.07,8418693000,0.0,3774.0
2026.07,8418910000,177306.0,109934.0
2026.07,8418991000,18982517.0,3495357.0
2026.07,8418999000,9509758.0,6515112.0
2026.07,8419110000,30426126.0,595796.0
2026.07,8419190000,156964.0,239873.0
2026.07,8419200000,993083.0,1222605.0
2026.07,8419330000,41124.0,162107.0
2026.07,8419340000,5557103.0,135702.0
2026.07,8419390000,20762792.0,9857629.0
2026.07,8419400000,37956338.0,6755597.0
2026.07,8419501000,1291046.0,2215687.0
2026.07,8419502000,70558.0,7183.0
2026.07,8419509000,47709134.0,118234528.0
2026.07,8419600000,2039.0,7094028.0
2026.07,8419810000,5787131.0,9503645.0
2026.07,8419891000,150.0,2895.0
2026.07,8419899010,2932285.0,1608245.0
2026.07,8419899020,18528103.0,19892033.0
2026.07,8419899030,76357.0,219156.0
2026.07,8419899040,90397.0,740045.0
2026.07,8419899050,0.0,772589.0
2026.07,8419899060,1546243.0,103960.0
2026.07,8419899070,2610614.0,1439075.0
2026.07,8419899080,147472.0,2128382.0
2026.07,8419899090,41248518.0,13994419.0
2026.07,8419901000,23444.0,23815.0
2026.07,8419909010,482917.0,346700.0
2026.07,8419909020,202027.0,2139740.0
2026.07,8419909030,156875.0,858835.0
2026.07,8419909040,163282.0,81194.0
2026.07,8419909090,19584177.0,19702073.0
2026.07,8420101000,172494.0,22362.0
2026.07,8420102000,238250.0,121256.0
2026.07,8420104000,348925.0,644.0
2026.07,8420105000,220000.0,619201.0
2026.07,8420109000,2977257.0,752030.0
2026.07,8420910000,480231.0,229886.0
2026.07,8420990000,445923.0,1520193.0
2026.07,8421110000,858.0,3106.0
2026.07,8421120000,2921.0,145101.0
2026.07,8421191000,478101.0,400182.0
2026.07,8421192000,6391.0,88246.0
2026.07,8421193000,0.0,12189.0
2026.07,8421199000,227316.0,4811400.0
2026.07,8421211000,52143893.0,3242297.0
2026.07,8421219010,106346.0,99994.0
2026.07,8421219020,106571.0,3216064.0
2026.07,8421219090,31248353.0,18246169.0
2026.07,8421220000,5278.0,69037.0
2026.07,8421231000,17446472.0,2967772.0
2026.07,8421232000,118324.0,590629.0
2026.07,8421239000,5777484.0,5476410.0
2026.07,8421291000,1282.0,13011.0
2026.07,8421292010,120.0,0.0
2026.07,8421292090,12653.0,19289.0
2026.07,8421293010,128880.0,82787.0
2026.07,8421293090,87911.0,5842647.0
2026.07,8421294000,68399.0,164188.0
2026.07,8421299010,35250.0,133478.0
2026.07,8421299090,9211860.0,34385651.0
2026.07,8421311000,4503777.0,2304121.0
2026.07,8421312000,0.0,56187.0
2026.07,8421319000,1026718.0,983476.0
2026.07,8421320000,29443889.0,3113212.0
2026.07,8421391000,6034565.0,1298854.0
2026.07,8421392000,10689349.0,1208211.0
2026.07,8421399011,495789.0,568.0
2026.07,8421399019,2388748.0,1030827.0
2026.07,8421399021,55739.0,515754.0
2026.07,8421399029,37629614.0,5426723.0
2026.07,8421399030,266980.0,1492535.0
2026.07,8421399091,22921.0,323156.0
2026.07,8421399092,60273.0,31300.0
2026.07,8421399099,21043500.0,25113815.0
2026.07,8421910000,493442.0,1346965.0
2026.07,8421991000,3732358.0,3425355.0
2026.07,8421999010,2758510.0,1205061.0
2026.07,8421999021,5076338.0,83657.0
2026.07,8421999029,15794893.0,3261409.0
2026.07,8421999031,26507.0,80257.0
2026.07,8421999039,3162464.0,1785484.0
2026.07,8421999091,3813243.0,487662.0
2026.07,8421999099,43111282.0,47715792.0
2026.07,8422110000,37031007.0,2349772.0
2026.07,8422190000,608281.0,3631310.0
2026.07,8422200000,75254.0,391876.0
2026.07,8422301000,4470701.0,21405666.0
2026.07,8422302000,739099.0,755761.0
2026.07,8422303000,1239916.0,917450.0
2026.07,8422304000,0.0,8511.0
2026.07,8422309000,3244759.0,5989150.0
2026.07,8422404000,159011.0,1066456.0
2026.07,8422409010,16588872.0,2901331.0
2026.07,8422409020,167503.0,445169.0
2026.07,8422409030,180205.0,269901.0
2026.07,8422409090,4978707.0,764734.0
2026.07,8422901000,1544818.0,609348.0
2026.07,8422902000,1979694.0,1027230.0
2026.07,8422909000,1312006.0,5821812.0
2026.07,8423100000,124924.0,664040.0
2026.07,8423201000,291331.0,77022.0
2026.07,8423209000,432721.0,140145.0
2026.07,8423301000,281249.0,662367.0
2026.07,8423309000,90935.0,268322.0
2026.07,8423811000,973926.0,467994.0
2026.07,8423819000,16124.0,98086.0
2026.07,8423821000,280981.0,602505.0
2026.07,8423829000,158715.0,108920.0
2026.07,8423891010,0.0,788.0
2026.07,8423891090,800.0,320.0
2026.07,8423899010,190759.0,24126.0
2026.07,8423899090,42559.0,310110.0
2026.07,8423901011,0.0,9504.0
2026.07,8423901019,1279.0,4013.0
2026.07,8423901091,0.0,1716.0
2026.07,8423901099,2183.0,8313.0
2026.07,8423909010,679466.0,483384.0
2026.07,8423909090,381204.0,332591.0
2026.07,8424100000,5775536.0,3003009.0
2026.07,8424201000,167137.0,1045876.0
2026.07,8424202010,0.0,4762596.0
2026.07,8424202090,100412.0,55987.0
2026.07,8424209000,1240237.0,989376.0
2026.07,8424301000,184133.0,224126.0
2026.07,8424302000,289624.0,150583.0
2026.07,8424309000,1023885.0,1434695.0
2026.07,8424410000,209254.0,1165729.0
2026.07,8424491000,0.0,313308.0
2026.07,8424499000,32865.0,241035.0
2026.07,8424820000,88528.0,775491.0
2026.07,8424891000,434041.0,144148.0
2026.07,8424892000,195631.0,1185.0
2026.07,8424899000,23357216.0,9457551.0
2026.07,8424901000,1193440.0,2665017.0
2026.07,8424902000,284889.0,1571824.0
2026.07,8424903000,19065.0,196241.0
2026.07,8424909010,352666.0,7947.0
2026.07,8424909020,47638.0,195504.0
2026.07,8424909090,3415842.0,7806946.0
2026.07,8425111010,22203.0,27657.0
2026.07,8425111090,1518971.0,1919524.0
2026.07,8425112090,204469.0,56196.0
2026.07,8425190000,672977.0,668153.0
2026.07,8425319000,331693.0,320606.0
2026.07,8425391000,40.0,8253.0
2026.07,8425399000,3092288.0,3164376.0
2026.07,8425410000,324985.0,346976.0
2026.07,8425421000,199829.0,1182777.0
2026.07,8425422000,4177563.0,240751.0
2026.07,8425491000,1080474.0,647481.0
2026.07,8425492000,138360.0,260585.0
2026.07,8426110000,525374.0,1509.0
2026.07,8426121000,424063.0,528.0
2026.07,8426122000,0.0,359.0
2026.07,8426190000,184981.0,79202.0
2026.07,8426200000,170946.0,2841211.0
2026.07,8426302000,20554932.0,0.0
2026.07,8426410000,298332.0,6729856.0
2026.07,8426491000,94841.0,2333204.0
2026.07,8426492000,262850.0,0.0
2026.07,8426499000,2009897.0,9235828.0
2026.07,8426910000,4569254.0,183351.0
2026.07,8426991000,171137.0,92872.0
2026.07,8426999000,2328371.0,866386.0
2026.07,8427101010,9042082.0,8465286.0
2026.07,8427101020,100488.0,1454418.0
2026.07,8427102010,2289733.0,8052295.0
2026.07,8427102020,33867.0,313768.0
2026.07,8427103000,1696466.0,664087.0
2026.07,8427201011,20299052.0,490140.0
2026.07,8427201012,51579.0,1181795.0
2026.07,8427201021,30029513.0,546663.0
2026.07,8427201022,223127.0,0.0
2026.07,8427209000,34250.0,350087.0
2026.07,8427901000,47525.0,588941.0
2026.07,8427909000,112743.0,1254522.0
2026.07,8428101000,8230366.0,2026447.0
2026.07,8428102000,12900.0,6015.0
2026.07,8428201000,0.0,4563.0
2026.07,8428202000,632663.0,266274.0
2026.07,8428320000,73454.0,141166.0
2026.07,8428331010,1220591.0,1458649.0
2026.07,8428332000,8051180.0,3653737.0
2026.07,8428390000,31682503.0,12382185.0
2026.07,8428401000,0.0,1997237.0
2026.07,8428402000,0.0,69110.0
2026.07,8428600000,0.0,196308.0
2026.07,8428701000,0.0,335721.0
2026.07,8428702000,3035176.0,861243.0
2026.07,8428709000,3091219.0,9396709.0
2026.07,8428901000,0.0,22707.0
2026.07,8428902000,97285.0,101603.0
2026.07,8428903000,0.0,10426.0
2026.07,8428909000,42696966.0,24516191.0
2026.07,8429111000,3029526.0,2526.0
2026.07,8429190000,0.0,16039.0
2026.07,8429200000,46367.0,1069760.0
2026.07,8429402000,41659.0,1375446.0
2026.07,8429511011,30761779.0,1242316.0
2026.07,8429511012,831186.0,0.0
2026.07,8429511021,2294805.0,0.0
2026.07,8429511031,3911677.0,1886113.0
2026.07,8429511032,22000.0,0.0
2026.07,8429519000,3156997.0,9941.0
2026.07,8429521011,27632127.0,698434.0
2026.07,8429521012,12055423.0,0.0
2026.07,8429521021,188705431.0,8560906.0
2026.07,8429521022,3285608.0,11728.0
2026.07,8429521090,1408202.0,0.0
2026.07,8429529000,983093.0,0.0
2026.07,8429590000,158924.0,84910.0
2026.07,8430100000,116350.0,416649.0
2026.07,8430200000,0.0,2513.0
2026.07,8430390000,134.0,159300.0
2026.07,8430411000,5577003.0,551484.0
2026.07,8430412000,0.0,57543.0
2026.07,8430491000,7000.0,0.0
2026.07,8430499000,0.0,100764.0
2026.07,8430500000,0.0,331823.0
2026.07,8430610000,234840.0,41748.0
2026.07,8430690000,5141217.0,1811.0
2026.07,8431100000,2014505.0,4486667.0
2026.07,8431200000,16913560.0,8849462.0
2026.07,8431310000,3815601.0,9193461.0
2026.07,8431390000,12469660.0,25656049.0
2026.07,8431411000,5603954.0,656463.0
2026.07,8431419000,3940442.0,1046513.0
2026.07,8431420000,28720.0,0.0
2026.07,8431430000,6111968.0,2009047.0
2026.07,8431491000,16763529.0,413269.0
2026.07,8431492000,83985.0,8283.0
2026.07,8431499000,120233619.0,41922442.0
2026.07,8432100000,143487.0,16401.0
2026.07,8432210000,0.0,6548.0
2026.07,8432291000,0.0,17164.0
2026.07,8432292000,0.0,60789.0
2026.07,8432299000,173916.0,248810.0
2026.07,8432310000,5500.0,7075.0
2026.07,8432391000,148333.0,423012.0
2026.07,8432392000,0.0,63057.0
2026.07,8432410000,0.0,78778.0
2026.07,8432420000,71206.0,58968.0
2026.07,8432800000,7585421.0,317971.0
2026.07,8432901000,0.0,18872.0
2026.07,8432902000,0.0,54449.0
2026.07,8432909000,1130771.0,777978.0
2026.07,8433110000,312557.0,1319681.0
2026.07,8433190000,427.0,1019236.0
2026.07,8433200000,857047.0,900936.0
2026.07,8433300000,0.0,25634.0
2026.07,8433400000,17057.0,437794.0
2026.07,8433510000,417133.0,14386655.0
2026.07,8433520000,1261.0,29091.0
2026.07,8433590000,0.0,174288.0
2026.07,8433609010,0.0,41877.0
2026.07,8433609090,0.0,90615.0
2026.07,8433901000,50717.0,1019643.0
2026.07,8433902000,112206.0,267711.0
2026.07,8433909000,69884.0,1407334.0
2026.07,8434100000,16572.0,207810.0
2026.07,8434201000,0.0,30207.0
2026.07,8434209000,0.0,227199.0
2026.07,8434901000,94767.0,61869.0
2026.07,8434902000,0.0,1815.0
2026.07,8434909000,2876.0,112548.0
2026.07,8435102000,0.0,227.0
2026.07,8435109000,2168.0,663.0
2026.07,8435900000,1742.0,1379.0
2026.07,8436101000,0.0,128.0
2026.07,8436102000,0.0,28602.0
2026.07,8436103000,0.0,127344.0
2026.07,8436109000,2773.0,333503.0
2026.07,8436211000,84970.0,20762.0
2026.07,8436219000,0.0,189379.0
2026.07,8436290000,0.0,4665872.0
2026.07,8436800000,381358.0,952574.0
2026.07,8436910000,275683.0,2313235.0
2026.07,8436990000,1060664.0,1440748.0
2026.07,8437101000,0.0,136117.0
2026.07,8437109000,360869.0,352017.0
2026.07,8437801000,76166.0,113105.0
2026.07,8437802000,41882.0,40214.0
2026.07,8437901000,16189.0,22602.0
2026.07,8437909000,87895.0,315825.0
2026.07,8438101000,3474299.0,1108261.0
2026.07,8438109000,4869743.0,13379572.0
2026.07,8438200000,2180541.0,184669.0
2026.07,8438300000,0.0,1100.0
2026.07,8438400000,3875.0,11908.0
2026.07,8438501000,111499.0,1392261.0
2026.07,8438509000,147337.0,1506863.0
2026.07,8438600000,46493.0,374408.0
2026.07,8438801000,224224.0,1099.0
2026.07,8438809000,2558476.0,3339699.0
2026.07,8438900000,2101358.0,3448552.0
2026.07,8439100000,47.0,0.0
2026.07,8439201000,0.0,56079.0
2026.07,8439209000,0.0,6125.0
2026.07,8439301000,0.0,28425.0
2026.07,8439309000,51131.0,9648072.0
2026.07,8439910000,195087.0,983882.0
2026.07,8439990000,2291983.0,2059997.0
2026.07,8440101000,0.0,257706.0
2026.07,8440102000,8451.0,34572.0
2026.07,8440109000,195143.0,289349.0
2026.07,8440901000,0.0,6923.0
2026.07,8440909000,23370.0,118009.0
2026.07,8441100000,559434.0,1853097.0
2026.07,8441201000,322677.0,775.0
2026.07,8441202000,0.0,110149.0
2026.07,8441300000,5362576.0,6743290.0
2026.07,8441400000,22506.0,267430.0
2026.07,8441801000,0.0,510.0
2026.07,8441809000,513424.0,2086449.0
2026.07,8441900000,1572515.0,2165517.0
2026.07,8442300000,900461.0,540879.0
2026.07,8442400000,6923.0,143439.0
2026.07,8442500000,2104557.0,554461.0
2026.07,8443110000,9512.0,0.0
2026.07,8443130000,2000179.0,6362344.0
2026.07,8443140000,8525.0,566934.0
2026.07,8443160000,594475.0,1412054.0
2026.07,8443170000,2828230.0,0.0
2026.07,8443191000,0.0,72.0
2026.07,8443192000,2311.0,322697.0
2026.07,8443199000,14946079.0,1023964.0
2026.07,8443311010,14617162.0,18219694.0
2026.07,8443311020,0.0,23069.0
2026.07,8443311030,155582.0,5212136.0
2026.07,8443311090,53735.0,706468.0
2026.07,8443313000,49260.0,9908.0
2026.07,8443319000,10806.0,10181.0
2026.07,8443321010,1248411.0,3617244.0
2026.07,8443321020,546197.0,147144.0
2026.07,8443321030,468859.0,2987117.0
2026.07,8443321090,11009954.0,3658846.0
2026.07,8443329000,149916.0,1821708.0
2026.07,8443391090,2096020.0,4101068.0
2026.07,8443392000,0.0,571.0
2026.07,8443399000,1102853.0,685293.0
2026.07,8443911010,0.0,6922.0
2026.07,8443911020,275.0,4372.0
2026.07,8443911090,0.0,153642.0
2026.07,8443919000,593480.0,959594.0
2026.07,8443991000,11273093.0,33945218.0
2026.07,8443994010,0.0,156224.0
2026.07,8443994020,6.0,297157.0
2026.07,8443994030,14329.0,62195.0
2026.07,8443994090,631560.0,610048.0
2026.07,8443999000,3395534.0,6456141.0
2026.07,8444001000,113507.0,0.0
2026.07,8444002000,100243.0,0.0
2026.07,8444003000,16294.0,0.0
2026.07,8444009000,0.0,40027.0
2026.07,8445110000,100496.0,0.0
2026.07,8445120000,107705.0,0.0
2026.07,8445130000,112890.0,0.0
2026.07,8445191000,0.0,142.0
2026.07,8445199000,0.0,1345.0
2026.07,8445201010,476419.0,0.0
2026.07,8445202000,0.0,423.0
2026.07,8445209000,0.0,494178.0
2026.07,8445309000,0.0,99973.0
2026.07,8445401000,246406.0,20311.0
2026.07,8445409000,89070.0,1852.0
2026.07,8445901000,5752.0,24633.0
2026.07,8445909000,8978.0,31774.0
2026.07,8446100000,243843.0,1063.0
2026.07,8446210000,92171.0,0.0
2026.07,8446290000,0.0,438.0
2026.07,8446301090,3710.0,56000.0
2026.07,8446302000,0.0,24000.0
2026.07,8446303000,52000.0,0.0
2026.07,8446309000,197375.0,896.0
2026.07,8447111000,170.0,34190.0
2026.07,8447120000,314689.0,10823.0
2026.07,8447201020,115864.0,470542.0
2026.07,8447202090,135000.0,138.0
2026.07,8447209000,894.0,19989.0
2026.07,8447901000,0.0,875.0
2026.07,8447902010,662348.0,172140.0
2026.07,8447902090,0.0,13662.0
2026.07,8447909000,1369370.0,245778.0
2026.07,8448111000,85763.0,0.0
2026.07,8448191000,30400.0,0.0
2026.07,8448199000,13061.0,11672.0
2026.07,8448201000,101728.0,804.0
2026.07,8448209000,830376.0,328105.0
2026.07,8448310000,31079.0,304751.0
2026.07,8448320000,93431.0,35304.0
2026.07,8448330000,71561.0,169912.0
2026.07,8448391000,2400.0,80.0
2026.07,8448399000,779818.0,241024.0
2026.07,8448420000,522511.0,14448.0
2026.07,8448490000,439726.0,264825.0
2026.07,8448511000,1881243.0,750166.0
2026.07,8448519000,522045.0,17864.0
2026.07,8448590000,1005398.0,269032.0
2026.07,8449001000,2747.0,410612.0
2026.07,8449002000,2791.0,479.0
2026.07,8449009000,14454.0,154679.0
2026.07,8450110000,691660.0,4570685.0
2026.07,8450120000,11877.0,24191.0
2026.07,8450190000,18014.0,58968.0
2026.07,8450200000,26196861.0,24334999.0
2026.07,8450900000,25794643.0,1446538.0
2026.07,8451100000,128000.0,16110.0
2026.07,8451210000,3882631.0,1420312.0
2026.07,8451290000,37493959.0,482041.0
2026.07,8451301000,0.0,404645.0
2026.07,8451309000,40986.0,244627.0
2026.07,8451401000,217307.0,233485.0
2026.07,8451403000,742218.0,6512.0
2026.07,8451501000,886535.0,18964.0
2026.07,8451502000,102302.0,569937.0
2026.07,8451509000,88879.0,506712.0
2026.07,8451801000,2262972.0,34772.0
2026.07,8451802000,445381.0,0.0
2026.07,8451809020,15650.0,298717.0
2026.07,8451809050,3944810.0,24.0
2026.07,8451809090,189140.0,379978.0
2026.07,8451902000,1293257.0,1543674.0
2026.07,8451909000,736281.0,1088103.0
2026.07,8452101020,5500.0,202291.0
2026.07,8452101090,33037.0,240241.0
2026.07,8452102000,3.0,12003.0
2026.07,8452212000,0.0,48403.0
2026.07,8452219000,165399.0,738922.0
2026.07,8452292000,0.0,50495.0
2026.07,8452299000,230013.0,116181.0
2026.07,8452300000,742949.0,253027.0
2026.07,8452901000,17633.0,2404.0
2026.07,8452909000,756473.0,258478.0
2026.07,8453101000,0.0,185.0
2026.07,8453103000,128020.0,356806.0
2026.07,8453200000,978855.0,34067.0
2026.07,8453800000,156040.0,113548.0
2026.07,8453900000,1500223.0,220342.0
2026.07,8454100000,0.0,69.0
2026.07,8454200000,41.0,144919.0
2026.07,8454301010,400725.0,5276443.0
2026.07,8454301090,3446590.0,1203258.0
2026.07,8454309000,709409.0,765523.0
2026.07,8454901000,162868.0,85477.0
2026.07,8454909000,1407498.0,1180559.0
2026.07,8455100000,17431.0,906094.0
2026.07,8455210000,38747.0,2915.0
2026.07,8455220000,116953.0,284491.0
2026.07,8455301000,5153639.0,4679007.0
2026.07,8455302000,25762.0,3360412.0
2026.07,8455309000,7316559.0,3431165.0
2026.07,8455900000,11932233.0,2199090.0
2026.07,8456111000,15592948.0,3824822.0
2026.07,8456119000,2301282.0,12175780.0
2026.07,8456121000,0.0,15340.0
2026.07,8456129000,122729.0,942.0
2026.07,8456200000,181719.0,80306.0
2026.07,8456301010,479101.0,1605016.0
2026.07,8456301090,823435.0,255640.0
2026.07,8456309000,80143.0,109238.0
2026.07,8456400000,118380.0,127188.0
2026.07,8456500000,1521186.0,114166.0
2026.07,8456900000,365401.0,589468.0
2026.07,8457104000,12236489.0,5338265.0
2026.07,8457109010,15629607.0,5320711.0
2026.07,8457109020,9865948.0,0.0
2026.07,8457109030,852748.0,638122.0
2026.07,8457109090,1622907.0,1676824.0
2026.07,8457200000,41487.0,10950.0
2026.07,8457300000,1154141.0,0.0
2026.07,8458110000,54539648.0,3682168.0
2026.07,8458190000,234701.0,488889.0
2026.07,8458910000,8015130.0,1712427.0
2026.07,8458990000,227595.0,418787.0
2026.07,8459219000,749267.0,1609655.0
2026.07,8459291000,227930.0,0.0
2026.07,8459292000,0.0,74047.0
2026.07,8459293000,1318518.0,0.0
2026.07,8459299000,877155.0,262536.0
2026.07,8459310000,1115292.0,226515.0
2026.07,8459390000,164078.0,2536.0
2026.07,8459411000,7151.0,247774.0
2026.07,8459412000,3514587.0,170592.0
2026.07,8459419000,180932.0,0.0
2026.07,8459490000,116721.0,38411.0
2026.07,8459510000,44722.0,8805.0
2026.07,8459590000,62890.0,323.0
2026.07,8459611000,418132.0,0.0
2026.07,8459619000,0.0,658999.0
2026.07,8459691000,149391.0,0.0
2026.07,8459699000,577552.0,66657.0
2026.07,8459701000,1640765.0,21847.0
2026.07,8459709000,913830.0,926750.0
2026.07,8460120000,203510.0,614751.0
2026.07,8460190000,199800.0,151229.0
2026.07,8460220000,15579.0,138650.0
2026.07,8460230000,443730.0,1344827.0
2026.07,8460241000,254413.0,0.0
2026.07,8460242000,39316.0,0.0
2026.07,8460249000,659916.0,1203071.0
2026.07,8460291000,15184.0,0.0
2026.07,8460292000,0.0,111429.0
2026.07,8460299000,638450.0,751285.0
2026.07,8460310000,51379.0,213844.0
2026.07,8460390000,10549.0,312486.0
2026.07,8460401000,189262.0,265796.0
2026.07,8460402000,2360.0,0.0
2026.07,8460900000,985123.0,407755.0
2026.07,8461200000,546775.0,22042.0
2026.07,8461401010,676610.0,558008.0
2026.07,8461401090,5145.0,281200.0
2026.07,8461402000,0.0,3223548.0
2026.07,8461500000,1304858.0,1437678.0
2026.07,8461900000,952668.0,234187.0
2026.07,8462110000,4379084.0,301208.0
2026.07,8462191000,0.0,1483.0
2026.07,8462199000,1661954.0,30693.0
2026.07,8462229000,27570.0,426140.0
2026.07,8462230000,0.0,1152691.0
2026.07,8462240000,45819.0,0.0
2026.07,8462250000,0.0,330567.0
2026.07,8462260000,2312864.0,377775.0
2026.07,8462291000,1925651.0,104866.0
2026.07,8462299000,4066328.0,513102.0
2026.07,8462321010,0.0,476324.0
2026.07,8462321090,5823844.0,1095.0
2026.07,8462322010,0.0,6903.0
2026.07,8462330000,0.0,1272890.0
2026.07,8462390000,2084300.0,82082.0
2026.07,8462420000,855296.0,49496.0
2026.07,8462490000,528226.0,213188.0
2026.07,8462510000,697619.0,497166.0
2026.07,8462590000,24987.0,757848.0
2026.07,8462610000,2492505.0,1749302.0
2026.07,8462620000,11283969.0,3463709.0
2026.07,8462630000,24600.0,222266.0
2026.07,8462690000,194535.0,40074.0
2026.07,8462900000,3991091.0,649011.0
2026.07,8463100000,421879.0,660739.0
2026.07,8463200000,145255.0,87399.0
2026.07,8463300000,601960.0,760089.0
2026.07,8463900000,351837.0,1216719.0
2026.07,8464100000,172.0,1367597.0
2026.07,8464201000,2752375.0,215784.0
2026.07,8464202000,0.0,707117.0
2026.07,8464209000,260888.0,345433.0
2026.07,8464901000,2419.0,10710.0
2026.07,8464902000,0.0,9278.0
2026.07,8464903000,1177865.0,23051.0
2026.07,8464909000,209610.0,1099753.0
2026.07,8465101000,0.0,77298.0
2026.07,8465109000,79929.0,21.0
2026.07,8465201000,0.0,69287.0
2026.07,8465209000,57456.0,83982.0
2026.07,8465911000,0.0,77772.0
2026.07,8465919000,3271.0,197531.0
2026.07,8465921000,0.0,91032.0
2026.07,8465929000,83500.0,240096.0
2026.07,8465931000,2019.0,36973.0
2026.07,8465939000,206529.0,84124.0
2026.07,8465941000,0.0,85615.0
2026.07,8465949000,445796.0,28124.0
2026.07,8465959000,43214.0,541105.0
2026.07,8465961000,0.0,20981.0
2026.07,8465969000,110720.0,38591.0
2026.07,8465991000,44000.0,554586.0
2026.07,8465999000,630189.0,867557.0
2026.07,8466100000,6310640.0,4859575.0
2026.07,8466201000,597782.0,37121.0
2026.07,8466209000,8190042.0,1685031.0
2026.07,8466300000,13399005.0,342786.0
2026.07,8466910000,683817.0,770827.0
2026.07,8466920000,198375.0,876242.0
2026.07,8466931000,229239.0,52579.0
2026.07,8466939000,17063490.0,15004522.0
2026.07,8466940000,10435325.0,7571349.0
2026.07,8467111000,16680.0,21727.0
2026.07,8467112000,6893.0,37267.0
2026.07,8467113000,110824.0,194345.0
2026.07,8467114000,14460.0,404166.0
2026.07,8467115000,2702.0,39918.0
2026.07,8467119000,129371.0,833380.0
2026.07,8467191000,93.0,8273.0
2026.07,8467199000,404383.0,1397777.0
2026.07,8467210000,67045.0,2236684.0
2026.07,8467220000,14478.0,1435851.0
2026.07,8467290000,4168672.0,12023642.0
2026.07,8467810000,0.0,869837.0
2026.07,8467891010,0.0,76564.0
2026.07,8467891020,0.0,41.0
2026.07,8467891090,60950.0,490009.0
2026.07,8467899000,541187.0,2021402.0
2026.07,8467910000,51588.0,105066.0
2026.07,8467920000,143424.0,664189.0
2026.07,8467990000,1529650.0,2499342.0
2026.07,8468100000,8838.0,30902.0
2026.07,8468201000,148643.0,8434.0
2026.07,8468202000,37910.0,11360.0
2026.07,8468209000,1002351.0,47132.0
2026.07,8468800000,801505.0,369036.0
2026.07,8468900000,550492.0,299066.0
2026.07,8470103000,2767.0,447425.0
2026.07,8470104000,24.0,771.0
2026.07,8470210000,0.0,410.0
2026.07,8470290000,65.0,9822.0
2026.07,8470300000,0.0,136255.0
2026.07,8470500000,7289060.0,12033445.0
2026.07,8470902000,7243.0,0.0
2026.07,8470909000,76423.0,31692.0
2026.07,8471300000,13164533.0,234817185.0
2026.07,8471411000,702622.0,1291321.0
2026.07,8471412000,136066.0,374033.0
2026.07,8471419000,2375836.0,3824536.0
2026.07,8471491010,3346885.0,13391178.0
2026.07,8471491020,0.0,126717.0
2026.07,8471491090,315387.0,624226.0
2026.07,8471499000,1435210.0,22453518.0
2026.07,8471501000,14080477.0,123390458.0
2026.07,8471502000,32388.0,16951158.0
2026.07,8471509000,12567660.0,427142723.0
2026.07,8471601010,35250.0,284528.0
2026.07,8471601020,276954.0,15170165.0
2026.07,8471601030,1240313.0,18545871.0
2026.07,8471601040,560871.0,2375464.0
2026.07,8471601090,2241571.0,5916442.0
2026.07,8471602000,57790.0,127634.0
2026.07,8471603000,176999.0,852583.0
2026.07,8471701000,13726103.0,5356640.0
2026.07,8471702020,3965876.0,78364602.0
2026.07,8471702031,156705.0,169511.0
2026.07,8471702032,41110.0,44775.0
2026.07,8471702033,881.0,31.0
2026.07,8471702039,45433.0,202701.0
2026.07,8471702090,3013596.0,25405304.0
2026.07,8471709000,1653532.0,28004647.0
2026.07,8471801000,9564.0,611159.0
2026.07,8471802000,26585539.0,95624864.0
2026.07,8471809000,12830645.0,27586934.0
2026.07,8471900000,3739329.0,14377375.0
2026.07,8472300000,19306.0,138300.0
2026.07,8472901010,3446668.0,12859.0
2026.07,8472901020,1146640.0,3053.0
2026.07,8472901040,2759117.0,55973.0
2026.07,8472901050,161000.0,21772.0
2026.07,8472901090,11898923.0,74073.0
2026.07,8472902000,0.0,1370.0
2026.07,8472903000,237862.0,14.0
2026.07,8472904000,886.0,148227.0
2026.07,8472905000,344130.0,525519.0
2026.07,8472909000,517919.0,591996.0
2026.07,8473210000,570.0,3843.0
2026.07,8473291000,32.0,23715.0
2026.07,8473293000,642468.0,1731985.0
2026.07,8473294000,12012.0,498869.0
2026.07,8473301000,1942667.0,162556.0
2026.07,8473302000,2311879.0,21721089.0
2026.07,8473303000,205556.0,3685588.0
2026.07,8473304060,7674208820.0,1363997656.0
2026.07,8473304090,5180775.0,44732244.0
2026.07,8473309010,23616800.0,79154844.0
2026.07,8473309090,30413773.0,50939650.0
2026.07,8473400000,3503295.0,3264265.0
2026.07,8473500000,15029.0,2192913.0
2026.07,8474100000,169591.0,1050050.0
2026.07,8474201000,73800.0,52621.0
2026.07,8474209000,368403.0,1360305.0
2026.07,8474319000,53971.0,76355.0
2026.07,8474321000,636366.0,0.0
2026.07,8474329000,18445.0,0.0
2026.07,8474390000,77497.0,1373605.0
2026.07,8474801000,288770.0,160977.0
2026.07,8474802000,1630424.0,17647.0
2026.07,8474809000,3356101.0,452564.0
2026.07,8474900000,1700314.0,2677897.0
2026.07,8475100000,401006.0,2294.0
2026.07,8475210000,5500000.0,0.0
2026.07,8475291000,431300.0,471352.0
2026.07,8475299000,758489.0,258149.0
2026.07,8475901000,0.0,59613686.0
2026.07,8475909000,578032.0,3654964.0
2026.07,8476210000,97298.0,123377.0
2026.07,8476290000,2082.0,80.0
2026.07,8476810000,0.0,54647.0
2026.07,8476891000,63510.0,158.0
2026.07,8476899000,103263.0,530288.0
2026.07,8476909000,56086.0,313583.0
2026.07,8477101000,2839657.0,374222.0
2026.07,8477102000,25473628.0,6142837.0
2026.07,8477201000,287777.0,826430.0
2026.07,8477202000,1824130.0,7496081.0
2026.07,8477300000,1380000.0,2272913.0
2026.07,8477400000,735488.0,1639163.0
2026.07,8477590000,679191.0,224673.0
2026.07,8477800000,11814924.0,9569351.0
2026.07,8477900000,15207486.0,15255239.0
2026.07,8478100000,175735.0,3299.0
2026.07,8478900000,45425.0,1417659.0
2026.07,8479101000,0.0,6218.0
2026.07,8479102000,32988.0,965619.0
2026.07,8479109000,203457.0,144555.0
2026.07,8479200000,89877.0,696286.0
2026.07,8479300000,99.0,765855.0
2026.07,8479400000,1185619.0,2352501.0
2026.07,8479501000,171564.0,1045963.0
2026.07,8479502000,0.0,38624.0
2026.07,8479509000,17179658.0,18392746.0
2026.07,8479600000,16176.0,1329504.0
2026.07,8479790000,1200.0,1194.0
2026.07,8479811000,589881.0,31686.0
2026.07,8479812010,0.0,35.0
2026.07,8479812090,765918.0,188.0
2026.07,8479813000,14192928.0,2197746.0
2026.07,8479814000,503809.0,10497.0
2026.07,8479819000,2371881.0,1795776.0
2026.07,8479821000,14331942.0,5721230.0
2026.07,8479822000,1771749.0,2758318.0
2026.07,8479823000,251714.0,839115.0
2026.07,8479824000,9910516.0,761235.0
2026.07,8479829000,1273334.0,1800422.0
2026.07,8479891010,177999.0,96033.0
2026.07,8479891090,820717.0,764151.0
2026.07,8479892010,7048894.0,6688113.0
2026.07,8479892090,823526.0,411996.0
2026.07,8479899010,4381306.0,235131.0
2026.07,8479899020,6937154.0,6540300.0
2026.07,8479899030,0.0,3852.0
2026.07,8479899050,33614305.0,2388124.0
2026.07,8479899060,1167943.0,1490969.0
2026.07,8479899080,4391.0,0.0
2026.07,8479899091,7891402.0,10723503.0
2026.07,8479899099,230783366.0,73752184.0
2026.07,8479901010,466902.0,11305.0
2026.07,8479901020,16075.0,388871.0
2026.07,8479901030,2298251.0,624119.0
2026.07,8479902000,46062.0,77885.0
2026.07,8479903000,3416392.0,2712274.0
2026.07,8479905010,1207223.0,821611.0
2026.07,8479905090,2194661.0,737362.0
2026.07,8479909010,207340.0,174222.0
2026.07,8479909020,0.0,105929.0
2026.07,8479909030,260234.0,36541.0
2026.07,8479909040,2349249.0,27518.0
2026.07,8479909050,7179608.0,2301857.0
2026.07,8479909060,727129.0,238282.0
2026.07,8479909070,7393594.0,15789823.0
2026.07,8479909090,69029782.0,35282190.0
2026.07,8480100000,1214085.0,1010358.0
2026.07,8480200000,2859777.0,2212314.0
2026.07,8480300000,266894.0,48719.0
2026.07,8480410000,5936598.0,612180.0
2026.07,8480490000,1555043.0,626967.0
2026.07,8480500000,115370.0,125757.0
2026.07,8480600000,7442294.0,149507.0
2026.07,8480710000,96843389.0,16985989.0
2026.07,8480790000,12205324.0,1596998.0
2026.07,8481100000,17877788.0,8633097.0
2026.07,8481201000,18802818.0,13169207.0
2026.07,8481202000,6521055.0,14647100.0
2026.07,8481300000,10134242.0,6810889.0
2026.07,8481400000,6217727.0,9594446.0
2026.07,8481801010,24977302.0,21639234.0
2026.07,8481801020,2773525.0,1593085.0
2026.07,8481801030,10858464.0,13303899.0
2026.07,8481801090,86787053.0,117364942.0
2026.07,8481802010,45520.0,1983650.0
2026.07,8481802090,342216.0,2801967.0
2026.07,8481809000,13861026.0,16398717.0
2026.07,8481900000,44557115.0,44431672.0
2026.07,8482102000,29335939.0,27240418.0
2026.07,8482109000,6876193.0,7262166.0
2026.07,8482200000,21847440.0,5991264.0
2026.07,8482300000,1657483.0,4825143.0
2026.07,8482400000,3123868.0,4152680.0
2026.07,8482500000,2463933.0,9325693.0
2026.07,8482800000,2513440.0,6374148.0
2026.07,8482910000,1444298.0,9528573.0
2026.07,8482990000,20148856.0,10225286.0
2026.07,8483101000,299226.0,3035193.0
2026.07,8483109010,13637977.0,3857146.0
2026.07,8483109090,18815377.0,13172034.0
2026.07,8483201000,48856.0,2745.0
2026.07,8483209000,1098199.0,1216486.0
2026.07,8483301000,354873.0,1207234.0
2026.07,8483309000,17480499.0,13532558.0
2026.07,8483401010,55744.0,46285.0
2026.07,8483401090,895440.0,3741602.0
2026.07,8483409010,11468150.0,11555059.0
2026.07,8483409020,3104969.0,14133770.0
2026.07,8483409030,429642.0,778965.0
2026.07,8483409040,74038.0,208441.0
2026.07,8483409050,554796.0,3158601.0
2026.07,8483409090,10654844.0,19375914.0
2026.07,8483501000,610.0,257487.0
2026.07,8483509000,21933981.0,14656963.0
2026.07,8483601000,54009.0,156178.0
2026.07,8483602000,20500.0,8619.0
2026.07,8483609000,4052738.0,5074819.0
2026.07,8483901000,1718840.0,2163499.0
2026.07,8483902000,773.0,4350.0
2026.07,8483909000,27649778.0,16250924.0
2026.07,8484101000,6068633.0,2357692.0
2026.07,8484109000,4083578.0,7032100.0
2026.07,8484200000,2999703.0,5680693.0
2026.07,8484900000,1829973.0,2721207.0
2026.07,8485100000,594100.0,126145.0
2026.07,8485201000,0.0,2601394.0
2026.07,8485209000,86906.0,1103106.0
2026.07,8485300000,7581.0,1466.0
2026.07,8485800000,41871.0,269496.0
2026.07,8485900000,196878.0,1666370.0
2026.07,8486101000,3967.0,0.0
2026.07,8486103010,0.0,3946346.0
2026.07,8486103020,500000.0,5663724.0
2026.07,8486103090,8412.0,8.0
2026.07,8486104010,2935650.0,33677.0
2026.07,8486105010,42710.0,813021.0
2026.07,8486105030,18762326.0,25965.0
2026.07,8486109000,33197.0,3880387.0
2026.07,8486201000,47115.0,2044.0
2026.07,8486202100,3877609.0,3407340.0
2026.07,8486202200,153991.0,31191.0
2026.07,8486202300,16897.0,11606941.0
2026.07,8486203000,15571600.0,41041226.0
2026.07,8486204000,95926608.0,341304366.0
2026.07,8486205000,122315.0,1914.0
2026.07,8486206010,1298.0,109344.0
2026.07,8486206020,4098623.0,711096.0
2026.07,8486206091,79994262.0,8782978.0
2026.07,8486206099,253035.0,742321432.0
2026.07,8486207000,39819921.0,39359294.0
2026.07,8486208100,3759201.0,2562216.0
2026.07,8486208410,77924495.0,427709965.0
2026.07,8486208420,21586500.0,3672668.0
2026.07,8486208490,95000.0,0.0
2026.07,8486209100,0.0,7409564.0
2026.07,8486209200,4291050.0,91749145.0
2026.07,8486209310,450000.0,56789234.0
2026.07,8486209320,0.0,6524915.0
2026.07,8486209390,0.0,20969.0
2026.07,8486209400,20373.0,0.0
2026.07,8486209500,380000.0,0.0
2026.07,8486209600,337190.0,2651576.0
2026.07,8486209900,27568514.0,22796485.0
2026.07,8486301010,0.0,1240.0
2026.07,8486301020,93936.0,0.0
2026.07,8486301032,0.0,7725156.0
2026.07,8486301060,609782.0,6829.0
2026.07,8486301090,5777215.0,0.0
2026.07,8486302031,11304886.0,0.0
2026.07,8486302050,14232771.0,0.0
2026.07,8486302060,418376.0,0.0
2026.07,8486302090,23211423.0,51136.0
2026.07,8486401010,0.0,15500.0
2026.07,8486401020,37155.0,0.0
2026.07,8486401030,3591582.0,0.0
2026.07,8486401040,0.0,114686.0
2026.07,8486401090,1986187.0,5488.0
2026.07,8486402010,15224350.0,11849301.0
2026.07,8486402020,8470.0,24754.0
2026.07,8486402031,1472301.0,4012310.0
2026.07,8486402039,2420.0,0.0
2026.07,8486402040,2684069.0,427025.0
2026.07,8486402070,1361422.0,1077687.0
2026.07,8486402080,28812.0,0.0
2026.07,8486402093,11126521.0,433721.0
2026.07,8486402095,800.0,0.0
2026.07,8486402099,9385457.0,15467535.0
2026.07,8486403010,69440647.0,127483442.0
2026.07,8486403020,426561.0,6029880.0
2026.07,8486403090,24417130.0,22088840.0
2026.07,8486901000,19820955.0,4999723.0
2026.07,8486902030,27902713.0,25791447.0
2026.07,8486902040,160009125.0,184439548.0
2026.07,8486902090,187311053.0,251992940.0
2026.07,8486903050,2122010.0,1431634.0
2026.07,8486903060,8192092.0,4282977.0
2026.07,8486903090,12178036.0,4502063.0
2026.07,8486904000,48508082.0,41021725.0
2026.07,8487100000,1099666.0,11507636.0
2026.07,8487901000,589739.0,59133.0
2026.07,8487909010,10901243.0,6254197.0
2026.07,8487909090,18514136.0,11478272.0
2026.07,8501101000,53022827.0,210955887.0
2026.07,8501102000,2214453.0,3518548.0
2026.07,8501103000,1387968.0,1877992.0
2026.07,8501201000,168121.0,143597.0
2026.07,8501202000,1252046.0,115795.0
2026.07,8501203000,4305.0,115107.0
2026.07,8501311010,23480716.0,9219603.0
2026.07,8501311090,34961581.0,22627804.0
2026.07,8501312000,556413.0,513491.0
2026.07,8501321000,2177459.0,2162039.0
2026.07,8501322000,881062.0,3945733.0
2026.07,8501331000,4820388.0,277222.0
2026.07,8501332010,608568.0,85455.0
2026.07,8501332090,35658.0,17950.0
2026.07,8501341000,1583.0,423758.0
2026.07,8501342000,0.0,10968173.0
2026.07,8501401000,3282999.0,2580533.0
2026.07,8501402000,1673194.0,3172333.0
2026.07,8501403000,134180.0,561053.0
2026.07,8501404000,362096.0,43352.0
2026.07,8501510000,5781336.0,12728521.0
2026.07,8501521000,2816575.0,91120.0
2026.07,8501529000,5096617.0,26192507.0
2026.07,8501531010,2770055.0,13470671.0
2026.07,8501531090,6998068.0,6343609.0
2026.07,8501532000,6354062.0,1838485.0
2026.07,8501534000,4976707.0,3133137.0
2026.07,8501611000,176700.0,56713.0
2026.07,8501612000,6400.0,105865.0
2026.07,8501629000,407.0,671677.0
2026.07,8501631000,0.0,883591.0
2026.07,8501639000,238730.0,729842.0
2026.07,8501640000,2903328.0,6559600.0
2026.07,8501710000,0.0,2948.0
2026.07,8501721000,0.0,835.0
2026.07,8501722000,0.0,183.0
2026.07,8501723000,0.0,855.0
2026.07,8501724000,0.0,171.0
2026.07,8501801000,0.0,200.0
2026.07,8502111000,3000.0,16407.0
2026.07,8502112000,57899.0,335699.0
2026.07,8502120000,1084700.0,696679.0
2026.07,8502131010,103360.0,80312.0
2026.07,8502131090,0.0,89420.0
2026.07,8502132000,29537830.0,17954676.0
2026.07,8502134000,28864341.0,3884690.0
2026.07,8502201000,1211.0,695802.0
2026.07,8502202000,274000.0,69093.0
2026.07,8502203090,0.0,12478.0
2026.07,8502311000,0.0,3280.0
2026.07,8502312000,0.0,2063.0
2026.07,8502314000,0.0,27564406.0
2026.07,8502391000,797992.0,896.0
2026.07,8502392000,8000.0,33502.0
2026.07,8502394000,24000.0,98774201.0
2026.07,8502400000,42986.0,70730.0
2026.07,8503001000,36363159.0,43797210.0
2026.07,8503002010,66575.0,7294331.0
2026.07,8503002090,3333885.0,11288700.0
2026.07,8503003000,3190138.0,53407.0
2026.07,8504101010,72865.0,373228.0
2026.07,8504101020,151020.0,456273.0
2026.07,8504102000,56603.0,204061.0
2026.07,8504103000,179270.0,61800.0
2026.07,8504211000,113545.0,2067.0
2026.07,8504219010,11777634.0,102242.0
2026.07,8504219020,3487646.0,39670.0
2026.07,8504221000,7189.0,11209.0
2026.07,8504229010,1762960.0,0.0
2026.07,8504229020,32731600.0,144986.0
2026.07,8504229030,22557917.0,2843.0
2026.07,8504230000,120812905.0,750813.0
2026.07,8504311000,1003503.0,2917310.0
2026.07,8504312000,350966.0,570220.0
2026.07,8504319010,2977286.0,8512081.0
2026.07,8504319020,237755.0,813879.0
2026.07,8504319040,149379.0,471242.0
2026.07,8504321000,104294.0,317186.0
2026.07,8504322000,17295.0,117426.0
2026.07,8504329010,161121.0,806922.0
2026.07,8504329020,329560.0,389868.0
2026.07,8504331000,904773.0,344199.0
2026.07,8504332000,43837.0,1854.0
2026.07,8504339010,198149.0,871014.0
2026.07,8504339020,439206.0,169468.0
2026.07,8504339040,461752.0,1458064.0
2026.07,8504341000,0.0,88655.0
2026.07,8504342000,0.0,533.0
2026.07,8504349010,2978426.0,233944.0
2026.07,8504349030,20158090.0,1881526.0
2026.07,8504401010,155060.0,2532762.0
2026.07,8504401090,4451296.0,20855682.0
2026.07,8504402011,76636.0,2552418.0
2026.07,8504402019,2709151.0,10145405.0
2026.07,8504402020,1295485.0,13599937.0
2026.07,8504402091,350.0,95034.0
2026.07,8504402099,9627721.0,24155660.0
2026.07,8504403010,4575887.0,16262529.0
2026.07,8504403090,5363846.0,21302540.0
2026.07,8504404010,9079.0,101618.0
2026.07,8504404090,306408.0,1287703.0
2026.07,8504405010,453581.0,2376448.0
2026.07,8504405090,686105.0,4817988.0
2026.07,8504409011,140065.0,3496517.0
2026.07,8504409019,335023.0,296750.0
2026.07,8504409091,2030323.0,1505117.0
2026.07,8504409099,61804480.0,92739185.0
2026.07,8504501010,1150.0,18003.0
2026.07,8504501090,7577440.0,4788541.0
2026.07,8504502010,2156945.0,716572.0
2026.07,8504502090,28992039.0,62385121.0
2026.07,8504509010,121802.0,45637.0
2026.07,8504509090,4304467.0,3108587.0
2026.07,8504901000,438577.0,399501.0
2026.07,8504909000,37393317.0,31788103.0
2026.07,8505111000,248124.0,522655.0
2026.07,8505119000,4269584.0,48359234.0
2026.07,8505191000,4035159.0,2047712.0
2026.07,8505199000,1093629.0,2943228.0
2026.07,8505200000,684661.0,2009342.0
2026.07,8505901010,245286.0,0.0
2026.07,8505901090,6127862.0,1959491.0
2026.07,8505902000,237755.0,192234.0
2026.07,8505903000,0.0,24918.0
2026.07,8505909000,6151628.0,3732359.0
2026.07,8506101000,246290.0,428707.0
2026.07,8506102000,524350.0,7171837.0
2026.07,8506109000,69973.0,109452.0
2026.07,8506300000,0.0,2812.0
2026.07,8506400000,42.0,80848.0
2026.07,8506500000,15678182.0,4052954.0
2026.07,8506600000,146007.0,393908.0
2026.07,8506801000,0.0,3364.0
2026.07,8506809000,536118.0,344592.0
2026.07,8506900000,21204.0,378869.0
2026.07,8507100000,179478844.0,2959081.0
2026.07,8507200000,4746724.0,6736377.0
2026.07,8507300000,502697.0,1412935.0
2026.07,8507500000,411.0,293973.0
2026.07,8507602000,60312330.0,462256601.0
2026.07,8507603000,137301383.0,22389488.0
2026.07,8507609000,166295131.0,90758387.0
2026.07,8507800000,1438655.0,1936520.0
2026.07,8507901000,168972.0,382474.0
2026.07,8507909000,132654456.0,38559609.0
2026.07,8508111000,6199.0,38797557.0
2026.07,8508119000,166981.0,24345711.0
2026.07,8508192000,93082.0,166313.0
2026.07,8508199000,160629.0,2847326.0
2026.07,8508600000,1033876.0,550719.0
2026.07,8508701000,863371.0,1348389.0
2026.07,8508702000,84208.0,180505.0
2026.07,8508703000,607274.0,334626.0
2026.07,8509400000,4687944.0,7199666.0
2026.07,8509801000,35629.0,726377.0
2026.07,8509802000,31109.0,22386.0
2026.07,8509803000,21425.0,58360.0
2026.07,8509804000,1048770.0,2705885.0
2026.07,8509809000,7332127.0,20655159.0
2026.07,8509900000,1071059.0,3382526.0
2026.07,8510100000,7988.0,4537149.0
2026.07,8510200000,26034.0,908716.0
2026.07,8510300000,500.0,228837.0
2026.07,8510901000,21640.0,424991.0
2026.07,8510902000,3472.0,138486.0
2026.07,8510903000,49.0,7840.0
2026.07,8511101000,46605.0,804049.0
2026.07,8511102000,995659.0,913330.0
2026.07,8511109000,5585850.0,749453.0
2026.07,8511209000,9970.0,15533.0
2026.07,8511301000,3213.0,25754.0
2026.07,8511309000,2927491.0,3009863.0
2026.07,8511401000,41001.0,299835.0
2026.07,8511402000,1247584.0,2089715.0
2026.07,8511409000,9027284.0,3220860.0
2026.07,8511501000,2296840.0,3518344.0
2026.07,8511509000,14077376.0,1777940.0
2026.07,8511801000,14267.0,34434.0
2026.07,8511809000,113780.0,165856.0
2026.07,8511901000,0.0,1619679.0
2026.07,8511909000,11340059.0,8079497.0
2026.07,8512101000,21251.0,90457.0
2026.07,8512109000,1300.0,149667.0
2026.07,8512201010,17249404.0,7595969.0
2026.07,8512201090,65404595.0,4491109.0
2026.07,8512202010,5230937.0,3862458.0
2026.07,8512202090,17571847.0,2830918.0
2026.07,8512300000,5453915.0,3416151.0
2026.07,8512400000,156604.0,999504.0
2026.07,8512900000,22999695.0,5621137.0
2026.07,8513101000,16105.0,40741.0
2026.07,8513102010,51291.0,620960.0
2026.07,8513102090,62117.0,328990.0
2026.07,8513109010,1058166.0,672136.0
2026.07,8513109090,603716.0,870335.0
2026.07,8513900000,14000.0,135911.0
2026.07,8514110000,61600.0,269.0
2026.07,8514191000,5288863.0,128935.0
2026.07,8514192000,110700.0,172305.0
2026.07,8514193000,12588.0,950479.0
2026.07,8514199000,10686164.0,3610037.0
2026.07,8514201000,15224.0,185445.0
2026.07,8514202000,0.0,316304.0
2026.07,8514203000,0.0,56236.0
2026.07,8514209000,604813.0,56603.0
2026.07,8514311000,25720.0,0.0
2026.07,8514329000,600.0,0.0
2026.07,8514391000,1319829.0,1222280.0
2026.07,8514399000,4547733.0,1736480.0
2026.07,8514401000,8993.0,1335892.0
2026.07,8514409000,1686314.0,1485340.0
2026.07,8514901000,153460.0,130173.0
2026.07,8514902000,22469.0,228.0
2026.07,8514909000,5518517.0,2935203.0
2026.07,8515110000,10979.0,111775.0
2026.07,8515191000,228435.0,76754.0
2026.07,8515199000,912012.0,299252.0
2026.07,8515211010,2672874.0,370962.0
2026.07,8515211090,627135.0,298.0
2026.07,8515212090,850000.0,0.0
2026.07,8515213010,80000.0,0.0
2026.07,8515213090,18204.0,160.0
2026.07,8515219010,27300.0,106794.0
2026.07,8515219090,3278590.0,335528.0
2026.07,8515291000,7550.0,11733.0
2026.07,8515292000,0.0,389.0
2026.07,8515293000,0.0,7400.0
2026.07,8515299000,689909.0,389394.0
2026.07,8515311010,1342824.0,249308.0
2026.07,8515311090,299177.0,1180904.0
2026.07,8515319010,0.0,272258.0
2026.07,8515319090,1152570.0,1037975.0
2026.07,8515391000,18063.0,66984.0
2026.07,8515399000,353352.0,827560.0
2026.07,8515801000,1507761.0,59953.0
2026.07,8515802000,5030.0,0.0
2026.07,8515803000,7062818.0,6491592.0
2026.07,8515809000,9106644.0,925439.0
2026.07,8515901010,114454.0,1584611.0
2026.07,8515901090,4795956.0,3069602.0
2026.07,8515902000,433297.0,52198.0
2026.07,8515909000,2029314.0,2281455.0
2026.07,8516100000,3591091.0,1881650.0
2026.07,8516210000,0.0,106012.0
2026.07,8516290000,2468358.0,3762373.0
2026.07,8516310000,2096082.0,6112164.0
2026.07,8516320000,1105155.0,10938930.0
2026.07,8516330000,46160.0,82230.0
2026.07,8516400000,907996.0,3101405.0
2026.07,8516500000,15182.0,6572361.0
2026.07,8516601000,2044579.0,3240073.0
2026.07,8516602000,6292563.0,9104834.0
2026.07,8516609000,10918548.0,17824487.0
2026.07,8516710000,194782.0,6433131.0
2026.07,8516720000,6703.0,187638.0
2026.07,8516791000,75837.0,5631.0
2026.07,8516799000,1206035.0,7542075.0
2026.07,8516800000,15440333.0,27308842.0
2026.07,8516900000,14015119.0,8141684.0
2026.07,8517110000,4619.0,197256.0
2026.07,8517130000,903478722.0,790787866.0
2026.07,8517141000,0.0,12127.0
2026.07,8517143000,0.0,2777.0
2026.07,8517144000,0.0,24471.0
2026.07,8517149000,770454.0,33162625.0
2026.07,8517180000,1866737.0,1599643.0
2026.07,8517610000,503886.0,5711067.0
2026.07,8517621010,4729715.0,7096185.0
2026.07,8517621020,36632126.0,48756848.0
2026.07,8517622030,1913206.0,2124569.0
2026.07,8517622040,430570.0,741437.0
2026.07,8517623010,4629744.0,40296213.0
2026.07,8517623020,1164183.0,18482024.0
2026.07,8517629010,3838582.0,19390889.0
2026.07,8517629020,7602660.0,46352461.0
2026.07,8517629030,36070958.0,28822943.0
2026.07,8517693000,1231094.0,662887.0
2026.07,8517694000,936789.0,2115822.0
2026.07,8517711000,12809417.0,12015503.0
2026.07,8517719000,7704688.0,4936183.0
2026.07,8517791010,72460.0,232109.0
2026.07,8517791020,69261588.0,261477387.0
2026.07,8517791030,31504043.0,2327954.0
2026.07,8517792000,9578540.0,8975793.0
2026.07,8517793000,24667985.0,44767475.0
2026.07,8517794000,13490083.0,5784876.0
2026.07,8518101000,16975.0,75367.0
2026.07,8518109010,29335.0,1429447.0
2026.07,8518109090,3219555.0,6214188.0
2026.07,8518210000,841669.0,6601933.0
2026.07,8518220000,626804.0,9635673.0
2026.07,8518291000,344974.0,431815.0
2026.07,8518299000,6336037.0,16734915.0
2026.07,8518304000,124578.0,198700.0
2026.07,8518309000,2081433.0,62118237.0
2026.07,8518400000,6395277.0,16221286.0
2026.07,8518500000,598822.0,1994151.0
2026.07,8518901000,36694.0,43925.0
2026.07,8518909000,7116320.0,3633466.0
2026.07,8519200000,171488.0,228.0
2026.07,8519300000,1637.0,350965.0
2026.07,8519812000,54696.0,40248.0
2026.07,8519814000,6864.0,500236.0
2026.07,8519815000,1051316.0,1087596.0
2026.07,8519816000,350985.0,411367.0
2026.07,8519890000,3183553.0,875275.0
2026.07,8521100000,0.0,7084.0
2026.07,8521901000,3840471.0,1853087.0
2026.07,8521909000,1505235.0,1859382.0
2026.07,8522100000,2633.0,22450.0
2026.07,8522903000,0.0,52110.0
2026.07,8522909000,1551221.0,1171842.0
2026.07,8523210000,2399.0,41018.0
2026.07,8523291000,800.0,819046.0
2026.07,8523292010,283295.0,108258.0
2026.07,8523292020,0.0,3787.0
2026.07,8523292030,38123.0,1677.0
2026.07,8523292090,197520.0,612444.0
2026.07,8523410000,10568928.0,55528.0
2026.07,8523491010,1824158.0,6789671.0
2026.07,8523491030,614039.0,185279.0
2026.07,8523491040,36058451.0,459446.0
2026.07,8523491090,953878.0,4893759.0
2026.07,8523499010,433044.0,1078328.0
2026.07,8523499020,10446.0,17487.0
2026.07,8523499030,4462270.0,103765.0
2026.07,8523499090,4251548.0,1572646.0
2026.07,8523511000,4510121755.0,208538839.0
2026.07,8523512010,4120971.0,1850517.0
2026.07,8523512020,45183.0,12849.0
2026.07,8523512030,400.0,0.0
2026.07,8523512090,1666781.0,6004574.0
2026.07,8523521000,7533811.0,3841703.0
2026.07,8523522000,211995.0,418239.0
2026.07,8523529000,1059056.0,228500.0
2026.07,8523591000,5554355.0,6895905.0
2026.07,8523592010,71561.0,19495.0
2026.07,8523592020,0.0,2132.0
2026.07,8523592030,67.0,1577.0
2026.07,8523592090,128788.0,331981.0
2026.07,8523801000,67729.0,598338.0
2026.07,8523802010,3850042.0,328657.0
2026.07,8523802020,7615.0,46327.0
2026.07,8523802030,87537.0,1094399.0
2026.07,8523802090,4060230.0,2106501.0
2026.07,8524111000,47421567.0,127999.0
2026.07,8524112000,742633.0,7243.0
2026.07,8524113000,1301450.0,899.0
2026.07,8524114000,66558612.0,600427.0
2026.07,8524115000,0.0,342551.0
2026.07,8524119000,121348.0,316473.0
2026.07,8524121000,105211812.0,1552750.0
2026.07,8524122000,847122985.0,521519.0
2026.07,8524123000,36246366.0,88978.0
2026.07,8524124000,65928649.0,8633605.0
2026.07,8524125000,0.0,416.0
2026.07,8524129000,1132.0,23199.0
2026.07,8524191000,31.0,282.0
2026.07,8524192000,0.0,27164.0
2026.07,8524194000,764.0,585843.0
2026.07,8524195000,0.0,147658.0
2026.07,8524199000,0.0,988.0
2026.07,8524911000,205619.0,2227863.0
2026.07,8524912000,27479.0,110423.0
2026.07,8524913000,91997066.0,31654982.0
2026.07,8524914000,53208746.0,101327229.0
2026.07,8524915000,32460.0,4310119.0
2026.07,8524919000,492558.0,4500418.0
2026.07,8524921000,74550.0,2642031.0
2026.07,8524922000,267224.0,12848382.0
2026.07,8524923000,104358052.0,31492676.0
2026.07,8524924000,34524599.0,3301077.0
2026.07,8524925000,0.0,63282.0
2026.07,8524929000,168529.0,56585.0
2026.07,8524991000,111.0,53786.0
2026.07,8524992000,0.0,19761.0
2026.07,8524994000,83009.0,5830114.0
2026.07,8524995000,0.0,58520.0
2026.07,8524999000,90277.0,3277016.0
2026.07,8525501000,10388.0,15878.0
2026.07,8525502000,56901.0,99834.0
2026.07,8525509000,90952.0,251704.0
2026.07,8525601000,54213.0,702105.0
2026.07,8525602000,208091.0,195790.0
2026.07,8525609000,88355.0,1201996.0
2026.07,8525810000,118060.0,254331.0
2026.07,8525820000,10529.0,76633.0
2026.07,8525830000,3000.0,13930.0
2026.07,8525891000,267146.0,5337438.0
2026.07,8525892000,33420168.0,40462493.0
2026.07,8525893000,5779728.0,23422833.0
2026.07,8525899000,36762298.0,21703710.0
2026.07,8526101000,92408.0,4987974.0
2026.07,8526109000,13216324.0,31750146.0
2026.07,8526911010,509518.0,1557386.0
2026.07,8526911090,445275.0,152786.0
2026.07,8526912010,9195.0,32791.0
2026.07,8526912090,0.0,312293.0
2026.07,8526913020,254739.0,18649.0
2026.07,8526913090,1503860.0,21689.0
2026.07,8526914000,0.0,186.0
2026.07,8526919010,6717376.0,854957.0
2026.07,8526919020,4102935.0,541978.0
2026.07,8526919090,1046442.0,4503642.0
2026.07,8526920000,11307417.0,14332059.0
2026.07,8527120000,0.0,35809.0
2026.07,8527131000,0.0,1533.0
2026.07,8527132000,0.0,19.0
2026.07,8527133000,0.0,569.0
2026.07,8527139000,21217.0,30361.0
2026.07,8527190000,219.0,667530.0
2026.07,8527211000,498.0,1043.0
2026.07,8527212010,0.0,3980.0
2026.07,8527212090,1546157.0,15348.0
2026.07,8527213090,0.0,5724.0
2026.07,8527219010,188038.0,275205.0
2026.07,8527219090,5358301.0,214622.0
2026.07,8527290000,300143.0,77657.0
2026.07,8527911010,2473.0,11.0
2026.07,8527911020,0.0,8559.0
2026.07,8527911030,0.0,64201.0
2026.07,8527911090,6400.0,29888.0
2026.07,8527919000,0.0,376958.0
2026.07,8527920000,0.0,1330.0
2026.07,8527990000,67037.0,112326.0
2026.07,8528420000,3088.0,45617.0
2026.07,8528491010,0.0,3935.0
2026.07,8528491090,4697.0,12950.0
2026.07,8528492090,0.0,404.0
2026.07,8528521000,24783500.0,34885540.0
2026.07,8528529000,818350.0,4983251.0
2026.07,8528591010,239974.0,280526.0
2026.07,8528591090,41634382.0,11005799.0
2026.07,8528592010,0.0,1734.0
2026.07,8528592090,2264616.0,224078.0
2026.07,8528620000,143453.0,8791453.0
2026.07,8528690000,270513.0,817614.0
2026.07,8528711000,0.0,11615.0
2026.07,8528712020,192887.0,6905947.0
2026.07,8528712090,196746.0,148182.0
2026.07,8528719000,103022.0,11190.0
2026.07,8528722000,3320472.0,48434524.0
2026.07,8528725000,1242020.0,16467242.0
2026.07,8528726000,8109.0,1004.0
2026.07,8528729000,163684.0,5058197.0
2026.07,8529101000,5563292.0,3919354.0
2026.07,8529109100,3506982.0,7442500.0
2026.07,8529109200,1226863.0,106006.0
2026.07,8529109900,10886416.0,7068952.0
2026.07,8529902000,13523745.0,24612162.0
2026.07,8529903010,942276.0,1904142.0
2026.07,8529903020,459131626.0,86727278.0
2026.07,8529904000,35606530.0,10253723.0
2026.07,8529905000,2784087.0,17215050.0
2026.07,8529906010,54407808.0,43491548.0
2026.07,8529906021,531059.0,202239.0
2026.07,8529906022,27913026.0,5751137.0
2026.07,8529906023,4081410.0,855393.0
2026.07,8529906029,14895955.0,11872486.0
2026.07,8530109000,2876693.0,17266.0
2026.07,8530800000,407323.0,274882.0
2026.07,8530900000,1494160.0,2120940.0
2026.07,8531101000,142073.0,284136.0
2026.07,8531102000,1998169.0,2175805.0
2026.07,8531103000,253186.0,611422.0
2026.07,8531106000,193265.0,38534.0
2026.07,8531109000,1469147.0,1782060.0
2026.07,8531201000,1070252.0,8393282.0
2026.07,8531202000,1392499.0,2737841.0
2026.07,8531802000,588859.0,988547.0
2026.07,8531809000,4063042.0,6986152.0
2026.07,8531901000,6678418.0,1105242.0
2026.07,8531902000,850752.0,2137134.0
2026.07,8531909000,2336699.0,2564163.0
2026.07,8532100000,2490334.0,3901500.0
2026.07,8532210000,4990929.0,15578750.0
2026.07,8532220000,12942661.0,16670590.0
2026.07,8532230000,1016904.0,1648015.0
2026.07,8532240000,154310840.0,92570362.0
2026.07,8532250000,4017430.0,5603393.0
2026.07,8532290000,14963816.0,15183358.0
2026.07,8532300000,322083.0,2005712.0
2026.07,8532901000,2558571.0,296150.0
2026.07,8532909000,944696.0,593106.0
2026.07,8533100000,362876.0,142090.0
2026.07,8533212000,3052786.0,3175095.0
2026.07,8533219000,7446851.0,12872431.0
2026.07,8533292000,722092.0,511740.0
2026.07,8533299000,2338286.0,6770871.0
2026.07,8533310000,19790.0,92390.0
2026.07,8533390000,36100.0,309309.0
2026.07,8533401000,2236981.0,1490992.0
2026.07,8533403000,1537486.0,2666493.0
2026.07,8533409000,5791490.0,4031509.0
2026.07,8533901000,82506.0,37948.0
2026.07,8533909000,233978.0,262606.0
2026.07,8534001000,1337340.0,3161431.0
2026.07,8534002000,180867370.0,167549091.0
2026.07,8534009000,307920050.0,184501288.0
2026.07,8535100000,252308.0,2072487.0
2026.07,8535211000,1205501.0,738031.0
2026.07,8535212000,16359888.0,205045.0
2026.07,8535291000,10706832.0,37717.0
2026.07,8535292000,23290431.0,258.0
2026.07,8535301000,4757738.0,232923.0
2026.07,8535302000,3747356.0,326677.0
2026.07,8535303000,497014.0,78402.0
2026.07,8535400000,2257108.0,3752811.0
2026.07,8535901000,5007546.0,3124398.0
2026.07,8535902000,3617836.0,2081609.0
2026.07,8535909000,16946371.0,14188471.0
2026.07,8536101000,795520.0,1119258.0
2026.07,8536109000,8800502.0,11611796.0
2026.07,8536200000,17807207.0,10399496.0
2026.07,8536300000,2661457.0,5892926.0
2026.07,8536410000,13445011.0,12698568.0
2026.07,8536490000,6927099.0,16495362.0
2026.07,8536501000,4137881.0,4453625.0
2026.07,8536502000,4182444.0,5317337.0
2026.07,8536503000,173058.0,1353463.0
2026.07,8536504000,8676157.0,3572450.0
2026.07,8536509010,122040.0,631280.0
2026.07,8536509020,9607.0,33256.0
2026.07,8536509030,0.0,15096.0
2026.07,8536509090,20526419.0,24850771.0
2026.07,8536610000,464081.0,359980.0
2026.07,8536691000,109581916.0,65411795.0
2026.07,8536699000,27846530.0,26913601.0
2026.07,8536701000,888717.0,435136.0
2026.07,8536702000,31721.0,199195.0
2026.07,8536703010,11101.0,51124.0
2026.07,8536703090,65907.0,354046.0
2026.07,8536901000,2233795.0,4971711.0
2026.07,8536902000,215943.0,105991.0
2026.07,8536909010,54412983.0,23278261.0
2026.07,8536909090,115528951.0,36611964.0
2026.07,8537103000,1371753.0,5172273.0
2026.07,8537104000,36482689.0,6707328.0
2026.07,8537105010,334575.0,11993099.0
2026.07,8537105020,14968064.0,15898386.0
2026.07,8537105090,182131589.0,161812346.0
2026.07,8537203000,34346608.0,699387.0
2026.07,8537204000,16542356.0,1541330.0
2026.07,8538100000,7194395.0,2162648.0
2026.07,8538901000,11008892.0,3628328.0
2026.07,8538902000,12603163.0,14345849.0
2026.07,8538903000,1596368.0,1060330.0
2026.07,8538905000,51139466.0,15232319.0
2026.07,8538909000,115660354.0,48287914.0
2026.07,8539100000,2220655.0,33388.0
2026.07,8539210000,5659305.0,2361995.0
2026.07,8539221000,7226.0,37649.0
2026.07,8539223000,0.0,10999.0
2026.07,8539229000,80791.0,151073.0
2026.07,8539290000,3443727.0,912461.0
2026.07,8539310000,7958.0,423678.0
2026.07,8539321000,120924.0,76544.0
2026.07,8539322000,345.0,1059.0
2026.07,8539323000,854462.0,247305.0
2026.07,8539391010,95.0,62.0
2026.07,8539391090,0.0,410.0
2026.07,8539399000,302960.0,378439.0
2026.07,8539410000,182086.0,2068453.0
2026.07,8539491010,31433.0,1552994.0
2026.07,8539491090,924383.0,3798540.0
2026.07,8539492000,19448.0,289700.0
2026.07,8539510000,2158968.0,2178035.0
2026.07,8539520000,1280031.0,4125312.0
2026.07,8539901000,72971.0,446365.0
2026.07,8539909000,122823.0,593519.0
2026.07,8540120000,0.0,200.0
2026.07,8540200000,34598.0,613348.0
2026.07,8540400000,0.0,106.0
2026.07,8540609000,0.0,7516.0
2026.07,8540710000,111324.0,628033.0
2026.07,8540799000,1404.0,1099678.0
2026.07,8540810000,9116.0,800156.0
2026.07,8540891000,0.0,27238.0
2026.07,8540892000,1.0,6377.0
2026.07,8540899000,1567.0,1201775.0
2026.07,8540910000,30611.0,287725.0
2026.07,8540990000,450543.0,715117.0
2026.07,8541101000,5425490.0,5018255.0
2026.07,8541109000,22998269.0,39566722.0
2026.07,8541211000,14737973.0,5748246.0
2026.07,8541219000,10631037.0,21446821.0
2026.07,8541291000,91384847.0,15073227.0
2026.07,8541299000,23203896.0,47542186.0
2026.07,8541301000,14356.0,145220.0
2026.07,8541302000,559983.0,1410784.0
2026.07,8541303000,46315.0,28318.0
2026.07,8541304000,58035.0,79377.0
2026.07,8541411000,1825446.0,10171512.0
2026.07,8541419000,24686599.0,43643060.0
2026.07,8541420000,86603649.0,10683946.0
2026.07,8541430000,7568882.0,27619223.0
2026.07,8541491000,5087744.0,6968317.0
2026.07,8541492000,28783.0,204374.0
2026.07,8541493000,27789709.0,554153.0
2026.07,8541499000,6159682.0,9042078.0
2026.07,8541511000,4367900.0,6050657.0
2026.07,8541512000,119117.0,19656.0
2026.07,8541513000,0.0,112668.0
2026.07,8541514000,187877.0,147311.0
2026.07,8541591000,22854688.0,30390104.0
2026.07,8541599000,2175558.0,5336321.0
2026.07,8541601000,5404346.0,9447427.0
2026.07,8541609000,3083270.0,25988232.0
2026.07,8541902000,941688.0,832455.0
2026.07,8541903000,1432401.0,339984.0
2026.07,8541909000,8430163.0,8182854.0
2026.07,8542311000,2419736388.0,3275749563.0
2026.07,8542312000,1243185.0,7984876.0
2026.07,8542313000,280916099.0,49324133.0
2026.07,8542314000,1030326541.0,506194613.0
2026.07,8542321010,13551552131.0,1135537301.0
2026.07,8542321020,48699567.0,2060933.0
2026.07,8542321030,1780647499.0,229162621.0
2026.07,8542321090,71194012.0,114280546.0
2026.07,8542322000,402060.0,106497.0
2026.07,8542323000,10085845139.0,1600266240.0
2026.07,8542324000,2467755334.0,674376226.0
2026.07,8542331000,13391706.0,19469857.0
2026.07,8542332000,813593.0,814293.0
2026.07,8542333000,2114806.0,500615.0
2026.07,8542334000,3979444.0,6437677.0
2026.07,8542391000,868962280.0,712430082.0
2026.07,8542392000,4522413.0,5059299.0
2026.07,8542393000,22816089.0,17765803.0
2026.07,8542394000,20478288.0,19213702.0
2026.07,8542900000,47779913.0,4583129.0
2026.07,8543100000,9363.0,3363195.0
2026.07,8543200000,1178831.0,5458380.0
2026.07,8543301000,0.0,1061225.0
2026.07,8543302000,0.0,340.0
2026.07,8543309000,6988492.0,248185.0
2026.07,8543401000,55.0,133306.0
2026.07,8543409000,582329.0,14427665.0
2026.07,8543701000,39363.0,83315.0
2026.07,8543702010,742195.0,9905.0
2026.07,8543702020,19741554.0,5563701.0
2026.07,8543702030,52772.0,520929.0
2026.07,8543702040,0.0,36442.0
2026.07,8543702050,26234.0,249823.0
2026.07,8543702090,2165982.0,5124848.0
2026.07,8543703000,0.0,865898.0
2026.07,8543705000,0.0,779739.0
2026.07,8543709010,23769844.0,2694342.0
2026.07,8543709020,2455482.0,4419939.0
2026.07,8543709040,0.0,2178.0
2026.07,8543709050,0.0,747576.0
2026.07,8543709060,2565.0,104832.0
2026.07,8543709070,5316.0,228084.0
2026.07,8543709090,101371082.0,120721711.0
2026.07,8543901000,56997.0,158250.0
2026.07,8543909000,26106375.0,23381293.0
2026.07,8544111000,4884252.0,10761734.0
2026.07,8544119000,16250400.0,2244274.0
2026.07,8544190000,1421830.0,2314646.0
2026.07,8544200000,16295849.0,16093765.0
2026.07,8544300000,67884765.0,312831649.0
2026.07,8544421010,133449.0,615680.0
2026.07,8544421090,123508.0,371213.0
2026.07,8544422010,550386.0,1261471.0
2026.07,8544422090,30990874.0,68985466.0
2026.07,8544429010,164383.0,581264.0
2026.07,8544429090,17625148.0,23339965.0
2026.07,8544491011,4434.0,289799.0
2026.07,8544491012,58581.0,23334.0
2026.07,8544491090,52019.0,51273.0
2026.07,8544492011,3325910.0,2349595.0
2026.07,8544492012,15208855.0,816294.0
2026.07,8544492090,108624519.0,15290691.0
2026.07,8544499011,124627.0,150617.0
2026.07,8544499012,789383.0,83824.0
2026.07,8544499090,32101638.0,7525801.0
2026.07,8544601010,8836526.0,755968.0
2026.07,8544601090,4327150.0,549879.0
2026.07,8544602010,47410894.0,157037.0
2026.07,8544602090,2485247.0,702768.0
2026.07,8544603010,52606784.0,4811836.0
2026.07,8544603090,154012.0,216272.0
2026.07,8544700000,17011573.0,10617032.0
2026.07,8545110000,396178.0,9126015.0
2026.07,8545190000,5165530.0,516381.0
2026.07,8545200000,1614008.0,895485.0
2026.07,8545901000,48530.0,691673.0
2026.07,8545902000,369694.0,42541.0
2026.07,8545909000,1906149.0,5641607.0
2026.07,8546100000,0.0,1460.0
2026.07,8546200000,84447.0,1729324.0
2026.07,8546901000,86392.0,463209.0
2026.07,8546909000,882210.0,2461137.0
2026.07,8547100000,76648022.0,2312737.0
2026.07,8547200000,23995689.0,12621512.0
2026.07,8547900000,3181677.0,16838446.0
2026.07,8548001000,5249.0,437835.0
2026.07,8548009000,2709599.0,4177651.0
2026.07,8549110000,76696.0,51605061.0
2026.07,8549121000,0.0,2411400.0
2026.07,8549122000,0.0,5856.0
2026.07,8549141000,0.0,52437.0
2026.07,8549149000,0.0,670666.0
2026.07,8549190000,0.0,638397.0
2026.07,8549211000,4796151.0,19496040.0
2026.07,8549212000,0.0,226134.0
2026.07,8549219000,292696.0,0.0
2026.07,8549291000,495042.0,1028902.0
2026.07,8549299000,1292021.0,1681756.0
2026.07,8549311000,0.0,6012.0
2026.07,8549391000,0.0,76573.0
2026.07,8549399000,0.0,75726.0
2026.07,8549919000,0.0,4861.0
2026.07,8549991000,62237.0,6854742.0
2026.07,8549999000,10500.0,1779908.0
2026.07,8603101000,22247097.0,0.0
2026.07,8604009000,3131754.0,12515301.0
2026.07,8605001000,3229695.0,0.0
2026.07,8606990000,1451333.0,0.0
2026.07,8607110000,794683.0,288860.0
2026.07,8607191000,0.0,296829.0
2026.07,8607192000,17143.0,1711738.0
2026.07,8607193000,53516.0,271023.0
2026.07,8607199000,9725666.0,1751820.0
2026.07,8607210000,46681.0,1830412.0
2026.07,8607290000,4094.0,540003.0
2026.07,8607301000,0.0,10249.0
2026.07,8607302000,0.0,1073804.0
2026.07,8607303000,39849.0,0.0
2026.07,8607309000,479.0,355304.0
2026.07,8607910000,16097.0,4600860.0
2026.07,8607990000,6881334.0,4986193.0
2026.07,8608001000,270516.0,0.0
2026.07,8608002000,0.0,2837.0
2026.07,8608009000,8433.0,63487.0
2026.07,8609001000,2063283.0,2001194.0
2026.07,8609002000,5115295.0,9826920.0
2026.07,8609003000,3627406.0,9515029.0
2026.07,8609004000,36150.0,0.0
2026.07,8609005000,1696922.0,2602083.0
2026.07,8609009000,14494829.0,7467489.0
2026.07,8701100000,133.0,1899.0
2026.07,8701211000,782300.0,8938218.0
2026.07,8701212000,320142.0,0.0
2026.07,8701242000,12035.0,0.0
2026.07,8701912000,11380983.0,25568.0
2026.07,8701919000,0.0,61252.0
2026.07,8701922000,24727641.0,109637.0
2026.07,8701932000,23052609.0,3695629.0
2026.07,8701942000,4052023.0,2344131.0
2026.07,8701951020,204029.0,0.0
2026.07,8701952000,0.0,899468.0
2026.07,8701959000,0.0,279.0
2026.07,8702101010,5689516.0,0.0
2026.07,8702101020,3215047.0,8904.0
2026.07,8702102010,7499342.0,193500.0
2026.07,8702102020,1115660.0,0.0
2026.07,8702103010,611227.0,0.0
2026.07,8702103020,1641848.0,0.0
2026.07,8702301000,87547.0,0.0
2026.07,8702401000,0.0,1839505.0
2026.07,8702901010,972210.0,0.0
2026.07,8702901020,0.0,37500.0
2026.07,8702902020,4908.0,0.0
2026.07,8703102000,696166.0,536603.0
2026.07,8703109000,22026.0,606251.0
2026.07,8703217000,222009585.0,926534.0
2026.07,8703218000,11587053.0,12897.0
2026.07,8703227000,740750427.0,568295.0
2026.07,8703228000,10474585.0,35621.0
2026.07,8703231010,826679843.0,130934192.0
2026.07,8703231020,218898687.0,861028.0
2026.07,8703239010,618409339.0,20669093.0
2026.07,8703239020,117539447.0,524246.0
2026.07,8703241010,410930947.0,7229771.0
2026.07,8703241020,29581506.0,152893.0
2026.07,8703249010,144890.0,7936975.0
2026.07,8703249020,15106123.0,10500.0
2026.07,8703317000,0.0,39006.0
2026.07,8703318000,916985.0,0.0
2026.07,8703321010,37640929.0,6187114.0
2026.07,8703321020,65846849.0,34579.0
2026.07,8703329010,26758319.0,0.0
2026.07,8703329020,57097882.0,119581.0
2026.07,8703337000,38225.0,0.0
2026.07,8703338000,15586450.0,336.0
2026.07,8703401000,1529805375.0,215919512.0
2026.07,8703402000,38066504.0,166683.0
2026.07,8703501000,0.0,35305581.0
2026.07,8703502000,7099614.0,0.0
2026.07,8703601000,69130079.0,30362291.0
2026.07,8703602000,1049752.0,0.0
2026.07,8703702000,310210.0,0.0
2026.07,8703801000,880606437.0,514830168.0
2026.07,8703802000,1994817.0,307311.0
2026.07,8703900000,48232.0,521.0
2026.07,8704100000,4832524.0,83782.0
2026.07,8704211010,143509281.0,31815.0
2026.07,8704211020,20101404.0,8026.0
2026.07,8704219010,324909.0,0.0
2026.07,8704219020,47259.0,0.0
2026.07,8704219090,6969.0,0.0
2026.07,8704221011,2049174.0,538486.0
2026.07,8704221012,590882.0,697.0
2026.07,8704221091,4704100.0,676417.0
2026.07,8704221092,154408.0,452.0
2026.07,8704229090,61753.0,48334.0
2026.07,8704231010,3474965.0,20735772.0
2026.07,8704231020,448265.0,0.0
2026.07,8704239090,13528.0,3252191.0
2026.07,8704311010,615270.0,402618.0
2026.07,8704311020,1037846.0,7473.0
2026.07,8704319010,10509.0,0.0
2026.07,8704411020,17769.0,0.0
2026.07,8704431020,3940.0,0.0
2026.07,8704511010,6207850.0,97249.0
2026.07,8704601010,55291362.0,238634.0
2026.07,8704601020,152240.0,84709.0
2026.07,8704609090,0.0,2877.0
2026.07,8704901010,140697.0,115325.0
2026.07,8704901020,22376.0,0.0
2026.07,8704909090,0.0,12450.0
2026.07,8705101000,62823.0,3449157.0
2026.07,8705102000,101800.0,0.0
2026.07,8705109000,484182.0,3214269.0
2026.07,8705300000,21560.0,0.0
2026.07,8705400000,263001.0,0.0
2026.07,8705901010,450.0,0.0
2026.07,8705901090,280269.0,0.0
2026.07,8705909010,34194.0,0.0
2026.07,8705909020,0.0,14838.0
2026.07,8705909090,7453279.0,1165413.0
2026.07,8706002000,438017.0,0.0
2026.07,8706003000,2052434.0,14.0
2026.07,8706004000,101100.0,0.0
2026.07,8706005000,0.0,954722.0
2026.07,8707100000,231532.0,176794.0
2026.07,8707901000,1301996.0,14.0
2026.07,8707902000,0.0,2353357.0
2026.07,8707903000,29465.0,25981.0
2026.07,8707904000,0.0,204.0
2026.07,8708100000,15974772.0,7746834.0
2026.07,8708210000,9796426.0,5459331.0
2026.07,8708220000,10554455.0,5521862.0
2026.07,8708290000,257887914.0,47223774.0
2026.07,8708301000,190188.0,20192.0
2026.07,8708302000,5631.0,497552.0
2026.07,8708303000,1084123.0,29946.0
2026.07,8708309000,68013923.0,35901858.0
2026.07,8708400000,289103532.0,82194752.0
2026.07,8708501000,156652848.0,22448251.0
2026.07,8708502000,23392657.0,885444.0
2026.07,8708700000,30407284.0,47177938.0
2026.07,8708800000,88152087.0,19627727.0
2026.07,8708910000,6444678.0,3909820.0
2026.07,8708920000,11534530.0,4432080.0
2026.07,8708930000,44667073.0,5690067.0
2026.07,8708940000,67859549.0,32677800.0
2026.07,8708951000,3127256.0,12945145.0
2026.07,8708959000,12594703.0,31943823.0
2026.07,8708991010,133029.0,65916.0
2026.07,8708991020,10398.0,1817.0
2026.07,8708991030,35116783.0,1409277.0
2026.07,8708991040,60440.0,36574.0
2026.07,8708991050,0.0,4910.0
2026.07,8708999000,521166466.0,64627878.0
2026.07,8709110000,1415410.0,3543524.0
2026.07,8709190000,63049.0,261563.0
2026.07,8709900000,57793.0,353978.0
2026.07,8710001000,294886748.0,0.0
2026.07,8710002000,19565562.0,2539729.0
2026.07,8710009000,47945215.0,16836026.0
2026.07,8711101000,0.0,36971.0
2026.07,8711109000,0.0,7042.0
2026.07,8711201000,221612.0,13185578.0
2026.07,8711209000,1065.0,1267.0
2026.07,8711301000,182715.0,7231152.0
2026.07,8711401000,641166.0,2352887.0
2026.07,8711501000,2917280.0,9963253.0
2026.07,8711509000,26859.0,36844.0
2026.07,8711601000,3.0,2636144.0
2026.07,8711609000,0.0,7690047.0
2026.07,8711901000,0.0,7103.0
2026.07,8711909000,0.0,42026.0
2026.07,8712001000,0.0,342.0
2026.07,8712009020,0.0,12844.0
2026.07,8712009090,212639.0,9231395.0
2026.07,8713100000,100.0,955269.0
2026.07,8713900000,5790.0,718866.0
2026.07,8714101000,3276.0,74305.0
2026.07,8714109000,4020509.0,4418532.0
2026.07,8714200000,31036.0,591720.0
2026.07,8714911000,12753.0,678930.0
2026.07,8714912000,206.0,51769.0
2026.07,8714919000,549.0,187413.0
2026.07,8714921000,3435.0,312439.0
2026.07,8714922000,0.0,5290.0
2026.07,8714931000,43.0,16762.0
2026.07,8714932000,4243.0,75893.0
2026.07,8714941000,0.0,96774.0
2026.07,8714949000,52055.0,170926.0
2026.07,8714950000,686.0,182361.0
2026.07,8714961000,6751.0,242135.0
2026.07,8714962000,0.0,15615.0
2026.07,8714969000,33210.0,159384.0
2026.07,8714990000,290462.0,3099698.0
2026.07,8715000000,19269.0,4781336.0
2026.07,8716100000,109669.0,144669.0
2026.07,8716200000,0.0,336.0
2026.07,8716310000,0.0,320.0
2026.07,8716390000,739848.0,2435375.0
2026.07,8716400000,541491.0,130984.0
2026.07,8716801000,3236749.0,5000730.0
2026.07,8716802000,0.0,2500.0
2026.07,8716803000,0.0,2685.0
2026.07,8716809000,2181520.0,3288758.0
2026.07,8716901000,4237369.0,1086501.0
2026.07,8716909000,1318066.0,4189636.0
2026.07,8801001000,0.0,15233.0
2026.07,8801009090,0.0,9967.0
2026.07,8802119000,442787.0,129025.0
2026.07,8802201000,0.0,341.0
2026.07,8802403000,120852427.0,370358608.0
2026.07,8802409000,1780000.0,125000000.0
2026.07,8802601010,1994925.0,0.0
2026.07,8804001000,591515.0,418856.0
2026.07,8804009010,32842.0,348312.0
2026.07,8805101090,0.0,2328.0
2026.07,8805109090,0.0,8743.0
2026.07,8805211000,0.0,7742.0
2026.07,8805212000,21173.0,1641.0
2026.07,8805291090,35904.0,5651675.0
2026.07,8805292000,0.0,47905.0
2026.07,8806100000,0.0,97.0
2026.07,8806210000,320220.0,861591.0
2026.07,8806220000,2232228.0,3899837.0
2026.07,8806230000,72356.0,245873.0
2026.07,8806240000,0.0,278806.0
2026.07,8806290000,0.0,5972.0
2026.07,8806910000,2125.0,8391.0
2026.07,8806920000,31790.0,150065.0
2026.07,8806930000,0.0,139904.0
2026.07,8806990000,0.0,25323.0
2026.07,8807100000,167677.0,1211175.0
2026.07,8807200000,25897624.0,19514727.0
2026.07,8807301000,146817185.0,56036218.0
2026.07,8807302000,4197714.0,11409334.0
2026.07,8807303000,217293.0,2320842.0
2026.07,8807901000,0.0,4179.0
2026.07,8807902000,1320899.0,5182508.0
2026.07,8807909000,958321.0,437226.0
2026.07,8901200000,2441387452.0,290844662.0
2026.07,8901300000,0.0,226813.0
2026.07,8901901000,605830182.0,494914279.0
2026.07,8901902000,232.0,0.0
2026.07,8902001010,0.0,3429279.0
2026.07,8902001090,0.0,16686.0
2026.07,8902002010,0.0,3971091.0
2026.07,8903110000,0.0,20637.0
2026.07,8903120000,0.0,19032.0
2026.07,8903190000,78367.0,80287.0
2026.07,8903210000,0.0,96583.0
2026.07,8903220000,340282.0,378120.0
2026.07,8903310000,150570.0,24859.0
2026.07,8903320000,44120.0,87000.0
2026.07,8903330000,21129.0,0.0
2026.07,8903931000,17072.0,26496.0
2026.07,8903939000,290238.0,127789.0
2026.07,8903991000,0.0,106758.0
2026.07,8903999000,263529.0,1361054.0
2026.07,8904001000,7887467.0,0.0
2026.07,8905901000,0.0,1614194.0
2026.07,8905909000,0.0,119340.0
2026.07,8906900000,10483734.0,81321635.0
2026.07,8907100000,51102.0,365197.0
2026.07,8907902000,58181.0,0.0
2026.07,8907905000,78316.0,114680.0
2026.07,8907909000,9390.0,412425.0
2026.07,8908009000,0.0,299.0
2026.07,9001100000,3137827.0,13196292.0
2026.07,9001200000,116118313.0,30864928.0
2026.07,9001300000,17698300.0,15194100.0
2026.07,9001400000,35.0,94857.0
2026.07,9001501000,2919040.0,9163103.0
2026.07,9001509000,29094.0,1080911.0
2026.07,9001901000,2622667.0,839469.0
2026.07,9001902000,147334.0,1287776.0
2026.07,9001903000,3331060.0,7299505.0
2026.07,9001909000,44524587.0,25782930.0
2026.07,9002111000,1092700.0,6030024.0
2026.07,9002119010,1659342.0,1813158.0
2026.07,9002119020,4125.0,195309.0
2026.07,9002119090,4761839.0,50807218.0
2026.07,9002191000,26446.0,553120.0
2026.07,9002199000,1461982.0,10090637.0
2026.07,9002201000,0.0,181434.0
2026.07,9002209000,546943.0,16155092.0
2026.07,9002901000,571290.0,52834.0
2026.07,9002909010,10261879.0,20063922.0
2026.07,9002909090,6148388.0,33107598.0
2026.07,9003110000,3642646.0,2366494.0
2026.07,9003191000,24985.0,390220.0
2026.07,9003199000,2642444.0,5583515.0
2026.07,9003900000,397991.0,769020.0
2026.07,9004101000,5.0,353004.0
2026.07,9004109000,6962219.0,15645503.0
2026.07,9004901000,130543.0,125284.0
2026.07,9004902000,29619.0,18117.0
2026.07,9004909000,512648.0,3902792.0
2026.07,9005100000,2843.0,236323.0
2026.07,9005800000,206665.0,214537.0
2026.07,9005900000,25395.0,401215.0
2026.07,9006300000,56925.0,1098.0
2026.07,9006400000,671756.0,721417.0
2026.07,9006531000,0.0,2811.0
2026.07,9006539010,8593.0,521615.0
2026.07,9006539090,259817.0,264566.0
2026.07,9006591000,0.0,3381.0
2026.07,9006599000,13590.0,121220.0
2026.07,9006610000,14271.0,209279.0
2026.07,9006690000,0.0,58547.0
2026.07,9006910000,158967.0,455356.0
2026.07,9006990000,251968.0,102019.0
2026.07,9007100000,47008.0,53315.0
2026.07,9007200000,11584.0,0.0
2026.07,9007910000,43831.0,257124.0
2026.07,9007920000,0.0,18253.0
2026.07,9008500000,1351.0,186428.0
2026.07,9008900000,0.0,19371.0
2026.07,9010101000,467.0,0.0
2026.07,9010109090,0.0,31008.0
2026.07,9010501000,0.0,67442.0
2026.07,9010509000,3500963.0,2359335.0
2026.07,9010600000,99703.0,87495.0
2026.07,9010901010,27318.0,139351.0
2026.07,9010901090,1150.0,1486.0
2026.07,9010902000,269082.0,97406.0
2026.07,9010909000,211584.0,138789.0
2026.07,9011101000,0.0,1792.0
2026.07,9011109000,28332.0,1883099.0
2026.07,9011201010,0.0,1255.0
2026.07,9011201090,0.0,154987.0
2026.07,9011209000,1305.0,66461.0
2026.07,9011802000,48620.0,219580.0
2026.07,9011804000,177606.0,1684842.0
2026.07,9011809000,1305098.0,2736406.0
2026.07,9011901000,0.0,2982.0
2026.07,9011909000,257100.0,1438305.0
2026.07,9012101010,0.0,101678358.0
2026.07,9012101090,9569190.0,10484905.0
2026.07,9012102000,0.0,9346.0
2026.07,9012901000,102793.0,2240749.0
2026.07,9012909000,3685943.0,5087926.0
2026.07,9013101000,0.0,1905.0
2026.07,9013109000,1855077.0,1640772.0
2026.07,9013200000,30320528.0,62983758.0
2026.07,9013802000,262080.0,195852.0
2026.07,9013803000,74520.0,301.0
2026.07,9013809000,8448517.0,10752101.0
2026.07,9013902000,211750.0,957.0
2026.07,9013909000,6563292.0,19119099.0
2026.07,9014101010,0.0,29237.0
2026.07,9014101090,58130.0,218741.0
2026.07,9014102010,0.0,8156.0
2026.07,9014102090,8692.0,84315.0
2026.07,9014109000,11.0,467640.0
2026.07,9014200000,4124087.0,16034019.0
2026.07,9014801000,171834.0,196088.0
2026.07,9014809000,1952683.0,7594350.0
2026.07,9014901000,1104525.0,1144572.0
2026.07,9014909000,884426.0,1722185.0
2026.07,9015100000,348259.0,2445648.0
2026.07,9015200000,20273.0,815466.0
2026.07,9015300000,59655.0,688933.0
2026.07,9015400000,0.0,232568.0
2026.07,9015801000,11089.0,78155.0
2026.07,9015802000,32850.0,357473.0
2026.07,9015803000,95494.0,451115.0
2026.07,9015804000,167927.0,445647.0
2026.07,9015805000,3260762.0,639150.0
2026.07,9015809000,1253406.0,2670679.0
2026.07,9015900000,64782.0,1231333.0
2026.07,9016001000,2387.0,59784.0
2026.07,9016002000,455322.0,1152940.0
2026.07,9016008000,4871.0,43853.0
2026.07,9016009000,4130.0,192843.0
2026.07,9017101000,69421.0,22330.0
2026.07,9017109000,420.0,3498.0
2026.07,9017201010,0.0,62458.0
2026.07,9017201090,4627.0,70604.0
2026.07,9017202010,11587.0,147241.0
2026.07,9017202090,2033.0,10953.0
2026.07,9017203000,63.0,8185.0
2026.07,9017209000,33614.0,42007.0
2026.07,9017301000,182065.0,430097.0
2026.07,9017302000,3767.0,440345.0
2026.07,9017303000,5820.0,786844.0
2026.07,9017309000,273514.0,576755.0
2026.07,9017801000,636569.0,982059.0
2026.07,9017809090,78827.0,247518.0
2026.07,9017901000,0.0,6935.0
2026.07,9017909090,127661.0,119315.0
2026.07,9018111000,1342685.0,683586.0
2026.07,9018119000,4047807.0,437650.0
2026.07,9018121000,60858871.0,5012252.0
2026.07,9018129000,39860200.0,22988383.0
2026.07,9018131000,5320.0,4707673.0
2026.07,9018139000,2086174.0,5290866.0
2026.07,9018140000,37090.0,35286.0
2026.07,9018191000,9490.0,44152.0
2026.07,9018192000,2659.0,214578.0
2026.07,9018194000,401601.0,1450572.0
2026.07,9018197000,1153826.0,1762263.0
2026.07,9018198000,11618935.0,10770706.0
2026.07,9018199000,2618695.0,8888294.0
2026.07,9018201000,188215.0,394531.0
2026.07,9018209000,87082.0,167796.0
2026.07,9018310000,7564564.0,11487177.0
2026.07,9018321000,8473485.0,2629184.0
2026.07,9018322000,449813.0,97402.0
2026.07,9018329000,2797406.0,3222779.0
2026.07,9018391000,1205373.0,5487977.0
2026.07,9018392000,1463074.0,22219661.0
2026.07,9018398000,1794604.0,15433375.0
2026.07,9018399000,2341202.0,8068637.0
2026.07,9018411000,1139312.0,582640.0
2026.07,9018419000,265519.0,131467.0
2026.07,9018491000,135930.0,666624.0
2026.07,9018492000,742546.0,35141.0
2026.07,9018493000,34303.0,220086.0
2026.07,9018498000,12353991.0,5928036.0
2026.07,9018499000,4281300.0,1235635.0
2026.07,9018501010,3588185.0,1460586.0
2026.07,9018501090,2516290.0,6118355.0
2026.07,9018509000,648325.0,2354460.0
2026.07,9018901000,6025.0,17326.0
2026.07,9018902010,1531157.0,559383.0
2026.07,9018902090,4482941.0,38709274.0
2026.07,9018903000,455904.0,153807.0
2026.07,9018904000,906618.0,8128318.0
2026.07,9018905000,170017.0,6666663.0
2026.07,9018906000,524579.0,174867.0
2026.07,9018907000,437490.0,1054734.0
2026.07,9018908110,14820197.0,5813351.0
2026.07,9018908190,22519237.0,1037141.0
2026.07,9018908900,22329133.0,23308504.0
2026.07,9018909000,28097246.0,46937846.0
2026.07,9019101000,1015096.0,1153379.0
2026.07,9019102000,3008870.0,21636197.0
2026.07,9019103000,0.0,6789.0
2026.07,9019109000,909087.0,2585095.0
2026.07,9019202000,1590.0,362657.0
2026.07,9019203000,0.0,63723.0
2026.07,9019204000,294628.0,3297337.0
2026.07,9019208000,487997.0,4275547.0
2026.07,9019209000,501430.0,2743748.0
2026.07,9020001000,255783.0,446649.0
2026.07,9020008000,1132456.0,535905.0
2026.07,9020009000,2093873.0,1985240.0
2026.07,9021101000,380513.0,3689200.0
2026.07,9021109000,2334495.0,5027215.0
2026.07,9021210000,920486.0,127639.0
2026.07,9021290000,67839773.0,4225694.0
2026.07,9021310000,1641312.0,7130330.0
2026.07,9021391000,56901.0,12183434.0
2026.07,9021399000,843297.0,6625848.0
2026.07,9021400000,492220.0,5117087.0
2026.07,9021500000,187204.0,3971103.0
2026.07,9021901010,8021041.0,8870628.0
2026.07,9021901090,6153483.0,4767345.0
2026.07,9021908000,2452719.0,9736927.0
2026.07,9021909000,2078250.0,5224237.0
2026.07,9022120000,2665565.0,5888932.0
2026.07,9022130000,21365590.0,186392.0
2026.07,9022141020,141000.0,1573534.0
2026.07,9022141030,879350.0,0.0
2026.07,9022141090,23660983.0,3759001.0
2026.07,9022142000,944867.0,2401.0
2026.07,9022191000,0.0,3459868.0
2026.07,9022192000,8418337.0,11754057.0
2026.07,9022199000,507049.0,1199766.0
2026.07,9022211020,0.0,671004.0
2026.07,9022211030,0.0,2027557.0
2026.07,9022211090,0.0,388806.0
2026.07,9022291000,0.0,59379.0
2026.07,9022292000,0.0,460292.0
2026.07,9022299000,11520.0,182025.0
2026.07,9022300000,4349322.0,7470430.0
2026.07,9022901010,569985.0,701415.0
2026.07,9022901020,0.0,60833.0
2026.07,9022901030,513298.0,695482.0
2026.07,9022901090,3265689.0,1000952.0
2026.07,9022909010,21774153.0,15952007.0
2026.07,9022909090,2449946.0,2144572.0
2026.07,9023001000,134342.0,317619.0
2026.07,9023009000,4761082.0,3491867.0
2026.07,9024101000,93867.0,315131.0
2026.07,9024102000,131377.0,164288.0
2026.07,9024104000,0.0,5575.0
2026.07,9024105000,27765.0,47691.0
2026.07,9024106000,1692.0,849671.0
2026.07,9024109000,230355.0,318131.0
2026.07,9024801020,7260.0,27122.0
2026.07,9024801090,0.0,252063.0
2026.07,9024809010,0.0,24367.0
2026.07,9024809090,1193615.0,4486477.0
2026.07,9024901000,838153.0,939144.0
2026.07,9024909000,311872.0,755033.0
2026.07,9025111000,730.0,364.0
2026.07,9025119000,48785.0,73527.0
2026.07,9025191000,13396134.0,26255970.0
2026.07,9025192010,117000.0,789630.0
2026.07,9025192090,412520.0,1788185.0
2026.07,9025801000,8810.0,117734.0
2026.07,9025802000,33412.0,162883.0
2026.07,9025803000,186044.0,761802.0
2026.07,9025809000,1762280.0,3284598.0
2026.07,9025900000,1837394.0,3087559.0
2026.07,9026101000,1799560.0,13467916.0
2026.07,9026102000,6911925.0,7140942.0
2026.07,9026202000,204702.0,2170376.0
2026.07,9026203000,929026.0,759800.0
2026.07,9026204000,2579027.0,15651749.0
2026.07,9026209000,10251873.0,42537491.0
2026.07,9026801000,229536.0,29310.0
2026.07,9026802000,84304.0,725076.0
2026.07,9026809000,3014120.0,9054843.0
2026.07,9026900000,6828292.0,11693397.0
2026.07,9027100000,14389787.0,35544770.0
2026.07,9027200000,378475.0,9379320.0
2026.07,9027303000,138415.0,414255.0
2026.07,9027304000,3486883.0,11012309.0
2026.07,9027501000,2319.0,22991.0
2026.07,9027502000,11249.0,164815.0
2026.07,9027503000,1161576.0,225504.0
2026.07,9027504000,189895.0,107930.0
2026.07,9027509000,4956056.0,26950997.0
2026.07,9027810000,369036.0,9484287.0
2026.07,9027891000,23436558.0,29548505.0
2026.07,9027892010,107655.0,1291187.0
2026.07,9027892020,1178.0,713731.0
2026.07,9027892030,28225.0,677240.0
2026.07,9027892090,17370119.0,14672059.0
2026.07,9027901000,230639.0,390831.0
2026.07,9027909010,68174.0,49618.0
2026.07,9027909091,3869496.0,4713142.0
2026.07,9027909099,6279527.0,19923923.0
2026.07,9028101010,53333.0,111835.0
2026.07,9028101090,2152773.0,837909.0
2026.07,9028102000,2930.0,4.0
2026.07,9028201010,88361.0,146066.0
2026.07,9028201090,4812.0,470045.0
2026.07,9028202000,33719.0,28449.0
2026.07,9028301010,14510.0,855694.0
2026.07,9028301020,55734.0,516136.0
2026.07,9028302000,125989.0,82976.0
2026.07,9028900000,487396.0,3067819.0
2026.07,9029101000,6490.0,64932.0
2026.07,9029102000,187255.0,78628.0
2026.07,9029109000,79521.0,448606.0
2026.07,9029201010,1861.0,30281.0
2026.07,9029201090,19364181.0,13956782.0
2026.07,9029202000,2881.0,8243.0
2026.07,9029900000,1118857.0,541925.0
2026.07,9030100000,347914.0,16609561.0
2026.07,9030200000,183000.0,2205567.0
2026.07,9030310000,1365886.0,1727959.0
2026.07,9030320000,217809.0,960715.0
2026.07,9030331000,676382.0,1612569.0
2026.07,9030332000,208478.0,1792410.0
2026.07,9030333000,442761.0,189286.0
2026.07,9030334000,311100.0,48178.0
2026.07,9030339000,7863120.0,3806665.0
2026.07,9030391000,853026.0,220752.0
2026.07,9030392000,3742.0,39380.0
2026.07,9030393000,97314.0,265602.0
2026.07,9030394000,50068.0,316168.0
2026.07,9030396000,229520.0,152269.0
2026.07,9030399000,4431950.0,12354590.0
2026.07,9030400000,3176266.0,10998472.0
2026.07,9030820000,44380675.0,257025561.0
2026.07,9030840000,7292799.0,6132080.0
2026.07,9030890000,5297230.0,8668057.0
2026.07,9030901000,94629737.0,130079334.0
2026.07,9030909000,13581618.0,9486436.0
2026.07,9031100000,7171.0,889513.0
2026.07,9031200000,1454753.0,5130733.0
2026.07,9031412000,84000.0,2878667.0
2026.07,9031419000,61797963.0,167835748.0
2026.07,9031491000,382727.0,4080481.0
2026.07,9031494010,136799.0,0.0
2026.07,9031494090,21369.0,320396.0
2026.07,9031499000,143400813.0,69736010.0
2026.07,9031802000,487163.0,758304.0
2026.07,9031809010,62101.0,132278.0
2026.07,9031809020,270055.0,191710.0
2026.07,9031809060,2760.0,25079.0
2026.07,9031809070,945256.0,1685368.0
2026.07,9031809080,91399.0,647486.0
2026.07,9031809091,1091161.0,26674026.0
2026.07,9031809099,109520497.0,111317062.0
2026.07,9031901010,14882315.0,11448756.0
2026.07,9031901090,6918525.0,8280419.0
2026.07,9031909000,39951825.0,28023329.0
2026.07,9032101010,88742.0,1577.0
2026.07,9032101020,38950.0,291896.0
2026.07,9032101090,7811802.0,3372568.0
2026.07,9032102000,480492.0,1456281.0
2026.07,9032200000,587449.0,6081720.0
2026.07,9032811000,791798.0,461073.0
2026.07,9032812000,142379.0,337700.0
2026.07,9032819000,5680609.0,1966626.0
2026.07,9032891010,56973.0,5749.0
2026.07,9032891090,100759.0,109479.0
2026.07,9032892010,0.0,8023.0
2026.07,9032892090,621879.0,258166.0
2026.07,9032893010,0.0,8622.0
2026.07,9032893090,136928.0,712084.0
2026.07,9032894010,0.0,18203.0
2026.07,9032894091,22059701.0,30729830.0
2026.07,9032894099,278224.0,1979054.0
2026.07,9032899010,6298884.0,10354121.0
2026.07,9032899090,86727164.0,81253305.0
2026.07,9032901000,14000.0,138681.0
2026.07,9032909000,13783140.0,19359211.0
2026.07,9033000000,2249561.0,2912121.0
2026.07,9101110000,1229774.0,13143247.0
2026.07,9101190000,1563565.0,17288.0
2026.07,9101210000,1847957.0,16112145.0
2026.07,9101290000,940748.0,5292779.0
2026.07,9101910000,0.0,1679.0
2026.07,9101990000,133717.0,43794.0
2026.07,9102111000,906.0,6940.0
2026.07,9102112000,68692.0,3015528.0
2026.07,9102119010,252407.0,14058162.0
2026.07,9102119090,1261267.0,2986059.0
2026.07,9102121000,67.0,49920.0
2026.07,9102129090,52191.0,148788.0
2026.07,9102191000,786190.0,1873673.0
2026.07,9102199020,0.0,467.0
2026.07,9102199090,528626.0,1116724.0
2026.07,9102211000,12379.0,6576.0
2026.07,9102212000,230052.0,11724882.0
2026.07,9102219000,5483867.0,28200268.0
2026.07,9102291000,480.0,2422.0
2026.07,9102292000,0.0,207048.0
2026.07,9102299000,1325039.0,5211362.0
2026.07,9102911000,15.0,32239.0
2026.07,9102912000,0.0,592.0
2026.07,9102919010,249.0,12647.0
2026.07,9102919090,12307.0,73637.0
2026.07,9102991000,0.0,1142.0
2026.07,9102999000,293530.0,204257.0
2026.07,9103100000,0.0,57685.0
2026.07,9103900000,250.0,1641.0
2026.07,9104000000,85590.0,71469.0
2026.07,9105110000,6919.0,428302.0
2026.07,9105190000,1672.0,122447.0
2026.07,9105210000,48119.0,557027.0
2026.07,9105290000,4333.0,225007.0
2026.07,9105910000,12516.0,513351.0
2026.07,9105990000,26698.0,285687.0
2026.07,9106100000,26033.0,160580.0
2026.07,9106902000,70020.0,399591.0
2026.07,9106909000,2910.0,195425.0
2026.07,9107000000,44287.0,125504.0
2026.07,9108110000,3913.0,146654.0
2026.07,9108120000,0.0,1189.0
2026.07,9108190000,0.0,35807.0
2026.07,9108200000,25540.0,188670.0
2026.07,9108900000,87297.0,3180.0
2026.07,9109100000,0.0,95167.0
2026.07,9109900000,10.0,9414.0
2026.07,9110110000,117052.0,106985.0
2026.07,9110120000,0.0,242.0
2026.07,9110900000,0.0,7847.0
2026.07,9111100000,0.0,23.0
2026.07,9111200000,50618.0,67414.0
2026.07,9111800000,17562.0,18061.0
2026.07,9111901000,3973.0,2901.0
2026.07,9111909000,256507.0,74796.0
2026.07,9112200000,0.0,28769.0
2026.07,9112900000,0.0,543.0
2026.07,9113100000,72484.0,150433.0
2026.07,9113200000,23151.0,508965.0
2026.07,9113901000,2204.0,156801.0
2026.07,9113902000,51114.0,783189.0
2026.07,9113909000,61391.0,666111.0
2026.07,9114300000,72914.0,49219.0
2026.07,9114400000,91.0,14211.0
2026.07,9114900000,878146.0,741613.0
2026.07,9201100000,166467.0,211392.0
2026.07,9201200000,18026.0,499387.0
2026.07,9201900000,4108.0,77971.0
2026.07,9202101000,0.0,250207.0
2026.07,9202102000,0.0,48563.0
2026.07,9202109000,22.0,91725.0
2026.07,9202901000,49199.0,944615.0
2026.07,9202902000,13518.0,820.0
2026.07,9202909000,1098.0,84965.0
2026.07,9205101000,8267.0,66562.0
2026.07,9205109000,2300.0,96503.0
2026.07,9205901010,22441.0,495293.0
2026.07,9205901020,10141.0,311796.0
2026.07,9205901030,78187.0,1045975.0
2026.07,9205901040,62320.0,61542.0
2026.07,9205901090,1335.0,54386.0
2026.07,9205902000,2878.0,2408.0
2026.07,9205903000,0.0,74579.0
2026.07,9205904000,612.0,120427.0
2026.07,9205909000,16049.0,137079.0
2026.07,9206001000,5166.0,273525.0
2026.07,9206003000,37.0,131444.0
2026.07,9206009000,109678.0,501946.0
2026.07,9207101000,0.0,727405.0
2026.07,9207103000,106.0,1612228.0
2026.07,9207109000,32.0,168590.0
2026.07,9207901000,2337776.0,2218367.0
2026.07,9207902000,0.0,23303.0
2026.07,9207909000,5000.0,457177.0
2026.07,9208100000,52420.0,131362.0
2026.07,9208900000,42422.0,76000.0
2026.07,9209301000,1177.0,89326.0
2026.07,9209309000,17037.0,817448.0
2026.07,9209910000,23711.0,16188.0
2026.07,9209920000,1032180.0,593478.0
2026.07,9209940000,5309472.0,565406.0
2026.07,9209990000,111905.0,1159378.0
2026.07,9301101000,57699498.0,0.0
2026.07,9301200000,8772803.0,869104.0
2026.07,9301902020,823.0,0.0
2026.07,9301902030,1097.0,121365.0
2026.07,9301903000,1051752.0,840380.0
2026.07,9301904090,549.0,0.0
2026.07,9301909000,0.0,76.0
2026.07,9302001029,0.0,11920.0
2026.07,9302009010,549.0,0.0
2026.07,9302009021,31050.0,20898.0
2026.07,9303100000,0.0,101.0
2026.07,9303201012,0.0,8190.0
2026.07,9303209012,0.0,42832.0
2026.07,9303309020,0.0,102527.0
2026.07,9303309090,0.0,223.0
2026.07,9303900000,0.0,187598.0
2026.07,9304001000,171465.0,8370968.0
2026.07,9304009000,1329801.0,16741.0
2026.07,9305101010,0.0,3407.0
2026.07,9305101020,290025.0,0.0
2026.07,9305101030,764057.0,0.0
2026.07,9305101050,2393.0,1503.0
2026.07,9305101070,80.0,0.0
2026.07,9305101080,286439.0,0.0
2026.07,9305101090,437335.0,4897.0
2026.07,9305109010,0.0,1314.0
2026.07,9305109020,0.0,75.0
2026.07,9305109050,165433.0,0.0
2026.07,9305109070,0.0,5348.0
2026.07,9305201000,0.0,147.0
2026.07,9305209020,343346.0,0.0
2026.07,9305209090,0.0,41643.0
2026.07,9305911010,42414.0,0.0
2026.07,9305911020,2585520.0,0.0
2026.07,9305911030,220000.0,0.0
2026.07,9305911070,21760.0,0.0
2026.07,9305911090,2004736.0,2279627.0
2026.07,9305919000,122501095.0,615809.0
2026.07,9305990000,0.0,106832.0
2026.07,9306210000,258340.0,445900.0
2026.07,9306290000,242557.0,67863.0
2026.07,9306301000,0.0,11382.0
2026.07,9306309000,74623911.0,767216.0
2026.07,9306900000,51749700.0,16559281.0
2026.07,9307000000,9444.0,55194.0
2026.07,9401100000,426335.0,125895.0
2026.07,9401200000,932580.0,2735042.0
2026.07,9401311000,552.0,51763.0
2026.07,9401319000,9179.0,68718.0
2026.07,9401391000,108838.0,196673.0
2026.07,9401399000,1316210.0,7260487.0
2026.07,9401410000,501.0,481182.0
2026.07,9401490000,4271.0,585582.0
2026.07,9401520000,0.0,3387.0
2026.07,9401530000,0.0,7974.0
2026.07,9401590000,0.0,109867.0
2026.07,9401611000,30676.0,9136329.0
2026.07,9401619000,71226.0,18650886.0
2026.07,9401691000,46990.0,2424962.0
2026.07,9401699000,144002.0,12106938.0
2026.07,9401711000,308.0,1196677.0
2026.07,9401719000,451043.0,7678203.0
2026.07,9401791000,5112.0,383873.0
2026.07,9401799000,418509.0,10987764.0
2026.07,9401800000,650030.0,7833329.0
2026.07,9401910000,116248.0,227920.0
2026.07,9401991000,24583334.0,3649673.0
2026.07,9401999000,49226230.0,43194142.0
2026.07,9402101000,93251.0,64440.0
2026.07,9402109010,582903.0,96548.0
2026.07,9402109090,115637.0,71884.0
2026.07,9402901000,63246.0,239936.0
2026.07,9402908000,463623.0,975715.0
2026.07,9402909000,103081.0,766804.0
2026.07,9403100000,136281.0,1755312.0
2026.07,9403201000,30436.0,1325771.0
2026.07,9403209000,10031802.0,16844259.0
2026.07,9403301000,532694.0,1503026.0
2026.07,9403309000,321803.0,1418138.0
2026.07,9403401000,27820.0,2251901.0
2026.07,9403409000,531456.0,9813161.0
2026.07,9403501000,34049.0,11126375.0
2026.07,9403509000,246521.0,799001.0
2026.07,9403601000,7060.0,22871.0
2026.07,9403609010,0.0,54800.0
2026.07,9403609020,1178.0,893409.0
2026.07,9403609030,6044.0,223605.0
2026.07,9403609090,1770316.0,16748977.0
2026.07,9403700000,1982466.0,2776146.0
2026.07,9403820000,49.0,114402.0
2026.07,9403830000,0.0,8316.0
2026.07,9403890000,3300167.0,7056638.0
2026.07,9403910000,922338.0,6155246.0
2026.07,9403990000,1836321.0,9930689.0
2026.07,9404100000,50979.0,1246529.0
2026.07,9404210000,5175.0,6775852.0
2026.07,9404290000,1722056.0,5994101.0
2026.07,9404300000,6245.0,230600.0
2026.07,9404400000,402165.0,9285726.0
2026.07,9404900000,1889762.0,22142408.0
2026.07,9405110000,1021528.0,14320791.0
2026.07,9405191000,17844.0,606475.0
2026.07,9405192000,6.0,508.0
2026.07,9405199000,36314.0,1109235.0
2026.07,9405210000,107566.0,2697624.0
2026.07,9405291000,4.0,365842.0
2026.07,9405299000,45478.0,1945416.0
2026.07,9405310000,0.0,4461.0
2026.07,9405390000,371.0,1951.0
2026.07,9405410000,195455.0,266639.0
2026.07,9405420000,2498863.0,6555901.0
2026.07,9405491000,7663.0,2380.0
2026.07,9405492000,39233.0,410959.0
2026.07,9405493000,0.0,137490.0
2026.07,9405499000,4793284.0,4628381.0
2026.07,9405500000,14352.0,249257.0
2026.07,9405610000,773675.0,723405.0
2026.07,9405691000,1038.0,159760.0
2026.07,9405692000,9652.0,1600.0
2026.07,9405699000,336419.0,584178.0
2026.07,9405910000,19525.0,122401.0
2026.07,9405920000,480841.0,561525.0
2026.07,9405990000,646460.0,15758292.0
2026.07,9406100000,19750.0,61416.0
2026.07,9406200000,112531.0,500.0
2026.07,9406901000,3940.0,230232.0
2026.07,9406902000,1055830.0,4650442.0
2026.07,9406903000,336803.0,315807.0
2026.07,9406909000,2862812.0,1516231.0
2026.07,9503001100,57834.0,293474.0
2026.07,9503001200,14.0,1007219.0
2026.07,9503001300,165.0,96881.0
2026.07,9503001800,46638.0,616938.0
2026.07,9503001900,6867.0,94554.0
2026.07,9503002110,428540.0,356510.0
2026.07,9503002120,0.0,3.0
2026.07,9503002130,238517.0,8884233.0
2026.07,9503002140,0.0,708.0
2026.07,9503002160,186.0,1095.0
2026.07,9503002190,450454.0,259295.0
2026.07,9503002910,345731.0,273652.0
2026.07,9503002990,30642.0,154010.0
2026.07,9503003110,548065.0,228022.0
2026.07,9503003190,6802.0,60437.0
2026.07,9503003200,398882.0,2653207.0
2026.07,9503003300,388093.0,12233564.0
2026.07,9503003411,2438040.0,13905859.0
2026.07,9503003419,77120.0,2853716.0
2026.07,9503003491,68492.0,457563.0
2026.07,9503003492,424.0,106023.0
2026.07,9503003493,535125.0,8579821.0
2026.07,9503003495,0.0,519.0
2026.07,9503003497,9.0,103705.0
2026.07,9503003499,280670.0,344807.0
2026.07,9503003500,41966.0,86031.0
2026.07,9503003600,7007.0,665582.0
2026.07,9503003700,381967.0,7510624.0
2026.07,9503003800,105543.0,2308816.0
2026.07,9503003911,3513.0,691951.0
2026.07,9503003919,1038066.0,27560097.0
2026.07,9503003990,1423886.0,1954339.0
2026.07,9504201000,120292.0,357242.0
2026.07,9504202000,139.0,133686.0
2026.07,9504209000,57903.0,701184.0
2026.07,9504301000,394570.0,116619.0
2026.07,9504309000,850444.0,3080199.0
2026.07,9504400000,4571044.0,13752927.0
2026.07,9504501000,2512478.0,3355902.0
2026.07,9504509000,3045299.0,20957147.0
2026.07,9504901020,0.0,16543.0
2026.07,9504901030,265072.0,1478349.0
2026.07,9504901050,0.0,19165.0
2026.07,9504901090,45955.0,89195.0
2026.07,9504902000,1042962.0,282115.0
2026.07,9504903000,45505.0,3257035.0
2026.07,9504909020,184089.0,255756.0
2026.07,9504909090,4780640.0,4204020.0
2026.07,9505100000,21853.0,93058.0
2026.07,9505900000,6758317.0,2538543.0
2026.07,9506110000,0.0,28670.0
2026.07,9506120000,0.0,1635.0
2026.07,9506190000,336.0,212649.0
2026.07,9506210000,0.0,1436.0
2026.07,9506290000,27503.0,3612184.0
2026.07,9506310000,1094886.0,18570899.0
2026.07,9506320000,6110124.0,13349394.0
2026.07,9506391000,609277.0,8261932.0
2026.07,9506399000,5771575.0,2301737.0
2026.07,9506401000,3277.0,47187.0
2026.07,9506402000,208867.0,400391.0
2026.07,9506403000,204.0,134617.0
2026.07,9506409000,10041.0,543054.0
2026.07,9506510000,5848.0,1264321.0
2026.07,9506591000,1124.0,1423675.0
2026.07,9506599000,13182.0,307810.0
2026.07,9506610000,160.0,453590.0
2026.07,9506621000,4634.0,623286.0
2026.07,9506622000,721.0,257836.0
2026.07,9506623000,0.0,384648.0
2026.07,9506629000,1612.0,233214.0
2026.07,9506691000,706.0,3451731.0
2026.07,9506692000,10201.0,393684.0
2026.07,9506699000,1164.0,323775.0
2026.07,9506700000,19239.0,432001.0
2026.07,9506910000,6850796.0,20619073.0
2026.07,9506990000,4196992.0,5603798.0
2026.07,9507101000,3276.0,81302.0
2026.07,9507102000,1084029.0,894603.0
2026.07,9507109000,12097.0,2724409.0
2026.07,9507200000,1907185.0,1147008.0
2026.07,9507300000,3676755.0,2099860.0
2026.07,9507901000,920232.0,5624713.0
2026.07,9507909000,2297332.0,2385219.0
2026.07,9508100000,0.0,509.0
2026.07,9508210000,0.0,38561.0
2026.07,9508220000,0.0,33449.0
2026.07,9508230000,0.0,12280.0
2026.07,9508240000,223794.0,21075.0
2026.07,9508250000,0.0,7976.0
2026.07,9508260000,0.0,45230.0
2026.07,9508290000,20499.0,472432.0
2026.07,9508300000,0.0,28279.0
2026.07,9508400000,0.0,14839.0
2026.07,9601901010,0.0,790.0
2026.07,9601901090,51903.0,298582.0
2026.07,9601909090,134.0,14978.0
2026.07,9602001000,1285833.0,588013.0
2026.07,9602009010,1750228.0,8763.0
2026.07,9602009090,3235.0,64985.0
2026.07,9603100000,31900.0,518459.0
2026.07,9603210000,1591346.0,6382897.0
2026.07,9603290000,6547648.0,7158303.0
2026.07,9603300000,559485.0,1389967.0
2026.07,9603400000,47929.0,835579.0
2026.07,9603500000,1238615.0,3130552.0
2026.07,9603900000,631689.0,6070044.0
2026.07,9604000000,3853.0,54804.0
2026.07,9605000000,115025.0,111254.0
2026.07,9606100000,1479529.0,501633.0
2026.07,9606210000,356056.0,177355.0
2026.07,9606220000,139413.0,170461.0
2026.07,9606291000,2161.0,38860.0
2026.07,9606299000,657503.0,316889.0
2026.07,9606300000,149228.0,261817.0
2026.07,9607110000,411694.0,384819.0
2026.07,9607191000,1057625.0,374643.0
2026.07,9607199000,743018.0,383882.0
2026.07,9607201000,296210.0,579956.0
2026.07,9607202000,322799.0,295966.0
2026.07,9607209000,59963.0,153629.0
2026.07,9608100000,2268453.0,5148706.0
2026.07,9608200000,2066026.0,1950144.0
2026.07,9608301000,74071.0,1033048.0
2026.07,9608309000,16011.0,125874.0
2026.07,9608400000,44408.0,1039111.0
2026.07,9608500000,1632.0,240187.0
2026.07,9608600000,247644.0,517498.0
2026.07,9608911000,14173.0,114958.0
2026.07,9608912000,1552.0,62345.0
2026.07,9608991000,546716.0,761126.0
2026.07,9608999000,62777.0,95422.0
2026.07,9609101000,59038.0,235348.0
2026.07,9609102000,113767.0,757261.0
2026.07,9609103000,715529.0,32987.0
2026.07,9609200000,155414.0,178676.0
2026.07,9609901000,240749.0,197899.0
2026.07,9609902000,88320.0,47369.0
2026.07,9609903000,21117.0,78016.0
2026.07,9609909000,22035.0,76168.0
2026.07,9610000000,92621.0,338368.0
2026.07,9611001000,20283.0,385274.0
2026.07,9611009000,116501.0,104937.0
2026.07,9612102000,1490242.0,8322.0
2026.07,9612109000,4270663.0,3905348.0
2026.07,9612200000,15615.0,63060.0
2026.07,9613100000,0.0,104056.0
2026.07,9613200000,55781.0,696845.0
2026.07,9613800000,109424.0,444559.0
2026.07,9613900000,25742.0,218584.0
2026.07,9614000000,0.0,9526.0
2026.07,9615111000,150480.0,417638.0
2026.07,9615119000,262405.0,419608.0
2026.07,9615191000,335401.0,181251.0
2026.07,9615199000,131240.0,431236.0
2026.07,9615901000,448620.0,1410556.0
2026.07,9615909000,2060770.0,1322116.0
2026.07,9616100000,480486.0,3464131.0
2026.07,9616200000,1401361.0,3086541.0
2026.07,9617001000,694530.0,16658250.0
2026.07,9617002000,124.0,250052.0
2026.07,9617008000,125754.0,324911.0
2026.07,9617009000,54171.0,50363.0
2026.07,9618001000,11195.0,920127.0
2026.07,9618009000,359725.0,1287519.0
2026.07,9619001010,654225.0,2465561.0
2026.07,9619001090,1477102.0,6020784.0
2026.07,9619002000,1157360.0,9631.0
2026.07,9619003010,11233.0,1170.0
2026.07,9619004000,145661.0,141191.0
2026.07,9619009010,1193403.0,11574275.0
2026.07,9619009090,15764.0,796866.0
2026.07,9620000000,448588.0,1288025.0
2026.07,9701211000,131276.0,60856.0
2026.07,9701212000,0.0,967.0
2026.07,9701290000,0.0,11905.0
2026.07,9701911000,10567796.0,10826797.0
2026.07,9701912000,15801.0,251795.0
2026.07,9701913000,2700.0,0.0
2026.07,9701920000,0.0,1222.0
2026.07,9701990000,557522.0,3574900.0
2026.07,9702103000,0.0,5786.0
2026.07,9702901000,18549.0,27202.0
2026.07,9702902000,1368370.0,20514.0
2026.07,9702903000,6128.0,6756.0
2026.07,9703101000,0.0,8546.0
2026.07,9703901000,1204387.0,3506150.0
2026.07,9703902000,238987.0,1045465.0
2026.07,9704000000,83.0,3752.0
2026.07,9705100000,103.0,124916.0
2026.07,9705220000,0.0,7200.0
2026.07,9705290000,0.0,12108.0
2026.07,9705310000,0.0,25335.0
2026.07,9705390000,0.0,44428.0
2026.07,9706101000,1112.0,14519.0
2026.07,9706102000,0.0,1663.0
2026.07,9706103000,985261.0,195230.0
2026.07,9706901000,14.0,221418.0
2026.07,9706902000,2508.0,518869.0
2026.07,9706903000,9752.0,272550.0
총계,-,98924802703.0,68520031131.0
