대시보드품목,조회HS,기준월,HS코드,품목명,수출액_USD,수입액_USD,수출중량_KG,수입중량_KG,무역수지_USD,기준월_원본
반도체,8542,2025-01-01,8542311000,모노리식(monolithic) 집적회로,1916199148,2474360528,427618,233268,-558161380,2025.01
반도체,8542,2025-01-01,8542312000,하이브리드 집적회로,171297,813022,156,583,-641725,2025.01
반도체,8542,2025-01-01,8542313000,복합구조칩 집적회로,244598644,43955420,54328,6937,200643224,2025.01
반도체,8542,2025-01-01,8542314000,복합부품 집적회로(MCOs),540257547,400040780,65972,6937,140216767,2025.01
반도체,8542,2025-01-01,8542321010,디램,1836333612,610839469,125008,55248,1225494143,2025.01
반도체,8542,2025-01-01,8542321020,에스램,212947,571398,185,365,-358451,2025.01
반도체,8542,2025-01-01,8542321030,플래시 메모리,307270877,91295363,28242,7818,215975514,2025.01
반도체,8542,2025-01-01,8542321090,기타,22442752,39052323,9465,6991,-16609571,2025.01
반도체,8542,2025-01-01,8542322000,하이브리드 집적회로,263167,311623,21,25,-48456,2025.01
반도체,8542,2025-01-01,8542323000,복합구조칩 집적회로,2236388115,501757166,57610,12597,1734630949,2025.01
반도체,8542,2025-01-01,8542324000,복합부품 집적회로(MCOs),362776019,112221779,8690,1803,250554240,2025.01
반도체,8542,2025-01-01,8542331000,모노리식(monolithic) 집적회로,10725028,18020109,5994,5740,-7295081,2025.01
반도체,8542,2025-01-01,8542332000,하이브리드 집적회로,444002,883672,148,45,-439670,2025.01
반도체,8542,2025-01-01,8542333000,복합구조칩 집적회로,1836901,243845,2393,93,1593056,2025.01
반도체,8542,2025-01-01,8542334000,복합부품 집적회로(MCOs),1924274,5940545,261,960,-4016271,2025.01
반도체,8542,2025-01-01,8542391000,모노리식(monolithic) 집적회로,729372913,582488188,214389,188588,146884725,2025.01
반도체,8542,2025-01-01,8542392000,하이브리드 집적회로,1117532,2354995,1887,1171,-1237463,2025.01
반도체,8542,2025-01-01,8542393000,복합구조칩 집적회로,21610995,14578844,9151,7510,7032151,2025.01
반도체,8542,2025-01-01,8542394000,복합부품 집적회로(MCOs),9572051,18406715,44106,29773,-8834664,2025.01
반도체,8542,2025-01-01,8542900000,부분품,25471835,3929361,310250,26390,21542474,2025.01
반도체,8542,2025-02-01,8542311000,모노리식(monolithic) 집적회로,1939893956,2466126831,427511,216934,-526232875,2025.02
반도체,8542,2025-02-01,8542312000,하이브리드 집적회로,181942,852856,208,454,-670914,2025.02
반도체,8542,2025-02-01,8542313000,복합구조칩 집적회로,190329633,52694581,57738,8469,137635052,2025.02
반도체,8542,2025-02-01,8542314000,복합부품 집적회로(MCOs),487663826,180983005,53232,8920,306680821,2025.02
반도체,8542,2025-02-01,8542321010,디램,1681458212,604446765,125509,57752,1077011447,2025.02
반도체,8542,2025-02-01,8542321020,에스램,288224,560148,132,344,-271924,2025.02
반도체,8542,2025-02-01,8542321030,플래시 메모리,294102633,102257306,46779,10451,191845327,2025.02
반도체,8542,2025-02-01,8542321090,기타,29131018,34094353,10133,6612,-4963335,2025.02
반도체,8542,2025-02-01,8542322000,하이브리드 집적회로,7812,610716,20,26,-602904,2025.02
반도체,8542,2025-02-01,8542323000,복합구조칩 집적회로,2286774946,510878009,61125,16325,1775896937,2025.02
반도체,8542,2025-02-01,8542324000,복합부품 집적회로(MCOs),434173870,169536284,10012,2810,264637586,2025.02
반도체,8542,2025-02-01,8542331000,모노리식(monolithic) 집적회로,13127908,14831575,6761,7481,-1703667,2025.02
반도체,8542,2025-02-01,8542332000,하이브리드 집적회로,443458,1068311,224,39,-624853,2025.02
반도체,8542,2025-02-01,8542333000,복합구조칩 집적회로,1149525,568835,1543,103,580690,2025.02
반도체,8542,2025-02-01,8542334000,복합부품 집적회로(MCOs),1137110,3809037,219,478,-2671927,2025.02
반도체,8542,2025-02-01,8542391000,모노리식(monolithic) 집적회로,695001242,561841296,203571,190612,133159946,2025.02
반도체,8542,2025-02-01,8542392000,하이브리드 집적회로,1554785,2548814,2682,1746,-994029,2025.02
반도체,8542,2025-02-01,8542393000,복합구조칩 집적회로,19807298,21552162,9263,11922,-1744864,2025.02
반도체,8542,2025-02-01,8542394000,복합부품 집적회로(MCOs),10376390,21334566,46758,44404,-10958176,2025.02
반도체,8542,2025-02-01,8542900000,부분품,25787946,3894042,320101,35850,21893904,2025.02
반도체,8542,2025-03-01,8542311000,모노리식(monolithic) 집적회로,2029606864,2713666982,460133,244061,-684060118,2025.03
반도체,8542,2025-03-01,8542312000,하이브리드 집적회로,391547,1556269,1561,609,-1164722,2025.03
반도체,8542,2025-03-01,8542313000,복합구조칩 집적회로,232748563,53073893,76575,7982,179674670,2025.03
반도체,8542,2025-03-01,8542314000,복합부품 집적회로(MCOs),452156252,210835603,61297,9092,241320649,2025.03
반도체,8542,2025-03-01,8542321010,디램,2106604276,507686402,148325,56744,1598917874,2025.03
반도체,8542,2025-03-01,8542321020,에스램,631283,901607,365,405,-270324,2025.03
반도체,8542,2025-03-01,8542321030,플래시 메모리,526650290,103200985,65525,12489,423449305,2025.03
반도체,8542,2025-03-01,8542321090,기타,30225614,37357859,13737,8864,-7132245,2025.03
반도체,8542,2025-03-01,8542322000,하이브리드 집적회로,14572,142427,51,46,-127855,2025.03
반도체,8542,2025-03-01,8542323000,복합구조칩 집적회로,3664579949,779958058,95718,13128,2884621891,2025.03
반도체,8542,2025-03-01,8542324000,복합부품 집적회로(MCOs),365577601,160026244,9904,2859,205551357,2025.03
반도체,8542,2025-03-01,8542331000,모노리식(monolithic) 집적회로,9629719,16030595,5619,5438,-6400876,2025.03
반도체,8542,2025-03-01,8542332000,하이브리드 집적회로,656477,869900,327,21,-213423,2025.03
반도체,8542,2025-03-01,8542333000,복합구조칩 집적회로,1131756,347104,1412,126,784652,2025.03
반도체,8542,2025-03-01,8542334000,복합부품 집적회로(MCOs),1792607,6134047,312,832,-4341440,2025.03
반도체,8542,2025-03-01,8542391000,모노리식(monolithic) 집적회로,970633916,661484538,229096,205594,309149378,2025.03
반도체,8542,2025-03-01,8542392000,하이브리드 집적회로,885567,4618553,1684,3937,-3732986,2025.03
반도체,8542,2025-03-01,8542393000,복합구조칩 집적회로,21126775,24326004,13363,14191,-3199229,2025.03
반도체,8542,2025-03-01,8542394000,복합부품 집적회로(MCOs),12166811,19729632,51652,33652,-7562821,2025.03
반도체,8542,2025-03-01,8542900000,부분품,27967135,4384870,332356,40124,23582265,2025.03
반도체,8542,2025-04-01,8542311000,모노리식(monolithic) 집적회로,2318851176,2277862246,475585,246542,40988930,2025.04
반도체,8542,2025-04-01,8542312000,하이브리드 집적회로,241259,1900392,224,752,-1659133,2025.04
반도체,8542,2025-04-01,8542313000,복합구조칩 집적회로,237764422,45520544,60106,7760,192243878,2025.04
반도체,8542,2025-04-01,8542314000,복합부품 집적회로(MCOs),531354397,332377051,62687,9690,198977346,2025.04
반도체,8542,2025-04-01,8542321010,디램,2103328275,606853186,134012,50051,1496475089,2025.04
반도체,8542,2025-04-01,8542321020,에스램,393217,786263,255,287,-393046,2025.04
반도체,8542,2025-04-01,8542321030,플래시 메모리,430255719,87874381,33012,8853,342381338,2025.04
반도체,8542,2025-04-01,8542321090,기타,29783661,27731651,11140,5191,2052010,2025.04
반도체,8542,2025-04-01,8542322000,하이브리드 집적회로,40896,97979,8,52,-57083,2025.04
반도체,8542,2025-04-01,8542323000,복합구조칩 집적회로,2845754081,602629319,93216,12195,2243124762,2025.04
반도체,8542,2025-04-01,8542324000,복합부품 집적회로(MCOs),351498295,121163859,11187,2266,230334436,2025.04
반도체,8542,2025-04-01,8542331000,모노리식(monolithic) 집적회로,13670702,17467896,7629,5977,-3797194,2025.04
반도체,8542,2025-04-01,8542332000,하이브리드 집적회로,772916,1435468,237,25,-662552,2025.04
반도체,8542,2025-04-01,8542333000,복합구조칩 집적회로,966409,322962,1239,195,643447,2025.04
반도체,8542,2025-04-01,8542334000,복합부품 집적회로(MCOs),1353042,8312140,229,1222,-6959098,2025.04
반도체,8542,2025-04-01,8542391000,모노리식(monolithic) 집적회로,844547783,559260096,220524,206073,285287687,2025.04
반도체,8542,2025-04-01,8542392000,하이브리드 집적회로,1119654,2259206,2093,8150,-1139552,2025.04
반도체,8542,2025-04-01,8542393000,복합구조칩 집적회로,19784062,17359141,12873,11242,2424921,2025.04
반도체,8542,2025-04-01,8542394000,복합부품 집적회로(MCOs),9532900,21851303,49236,33229,-12318403,2025.04
반도체,8542,2025-04-01,8542900000,부분품,34935489,3464364,414532,35374,31471125,2025.04
반도체,8542,2025-05-01,8542311000,모노리식(monolithic) 집적회로,2434188995,2242105149,462283,238534,192083846,2025.05
반도체,8542,2025-05-01,8542312000,하이브리드 집적회로,323913,1959524,204,565,-1635611,2025.05
반도체,8542,2025-05-01,8542313000,복합구조칩 집적회로,224259744,52866032,50558,9451,171393712,2025.05
반도체,8542,2025-05-01,8542314000,복합부품 집적회로(MCOs),573916120,98064486,60018,7630,475851634,2025.05
반도체,8542,2025-05-01,8542321010,디램,2244898642,679671224,160112,63170,1565227418,2025.05
반도체,8542,2025-05-01,8542321020,에스램,851126,937231,546,598,-86105,2025.05
반도체,8542,2025-05-01,8542321030,플래시 메모리,561258878,134898782,42167,11313,426360096,2025.05
반도체,8542,2025-05-01,8542321090,기타,32419112,38821155,12738,6746,-6402043,2025.05
반도체,8542,2025-05-01,8542322000,하이브리드 집적회로,795,464153,1,37,-463358,2025.05
반도체,8542,2025-05-01,8542323000,복합구조칩 집적회로,4006723549,470140177,112226,10684,3536583372,2025.05
반도체,8542,2025-05-01,8542324000,복합부품 집적회로(MCOs),491311783,196044620,13578,3191,295267163,2025.05
반도체,8542,2025-05-01,8542331000,모노리식(monolithic) 집적회로,9977609,17444283,5058,6977,-7466674,2025.05
반도체,8542,2025-05-01,8542332000,하이브리드 집적회로,848737,775856,259,114,72881,2025.05
반도체,8542,2025-05-01,8542333000,복합구조칩 집적회로,982275,868017,1202,87,114258,2025.05
반도체,8542,2025-05-01,8542334000,복합부품 집적회로(MCOs),2719199,5279746,858,660,-2560547,2025.05
반도체,8542,2025-05-01,8542391000,모노리식(monolithic) 집적회로,928565299,630078237,227515,206740,298487062,2025.05
반도체,8542,2025-05-01,8542392000,하이브리드 집적회로,1110251,4386558,1630,8672,-3276307,2025.05
반도체,8542,2025-05-01,8542393000,복합구조칩 집적회로,16123463,21372911,11089,11423,-5249448,2025.05
반도체,8542,2025-05-01,8542394000,복합부품 집적회로(MCOs),13682511,18838593,47848,30943,-5156082,2025.05
반도체,8542,2025-05-01,8542900000,부분품,30394620,3974325,369664,47883,26420295,2025.05
반도체,8542,2025-06-01,8542311000,모노리식(monolithic) 집적회로,2150592484,2492391610,445992,251567,-341799126,2025.06
반도체,8542,2025-06-01,8542312000,하이브리드 집적회로,258154,2490718,263,818,-2232564,2025.06
반도체,8542,2025-06-01,8542313000,복합구조칩 집적회로,277481697,46497934,61842,8112,230983763,2025.06
반도체,8542,2025-06-01,8542314000,복합부품 집적회로(MCOs),554594875,171126186,63397,6810,383468689,2025.06
반도체,8542,2025-06-01,8542321010,디램,2291729325,627313673,188467,65020,1664415652,2025.06
반도체,8542,2025-06-01,8542321020,에스램,478333,476051,380,263,2282,2025.06
반도체,8542,2025-06-01,8542321030,플래시 메모리,620739271,116959046,55076,9843,503780225,2025.06
반도체,8542,2025-06-01,8542321090,기타,33374009,37331268,12843,7247,-3957259,2025.06
반도체,8542,2025-06-01,8542322000,하이브리드 집적회로,53586,72826,80,48,-19240,2025.06
반도체,8542,2025-06-01,8542323000,복합구조칩 집적회로,4687620058,500660132,106922,10894,4186959926,2025.06
반도체,8542,2025-06-01,8542324000,복합부품 집적회로(MCOs),596256523,149676307,14559,2764,446580216,2025.06
반도체,8542,2025-06-01,8542331000,모노리식(monolithic) 집적회로,8263652,18256054,3156,4855,-9992402,2025.06
반도체,8542,2025-06-01,8542332000,하이브리드 집적회로,796291,442397,215,192,353894,2025.06
반도체,8542,2025-06-01,8542333000,복합구조칩 집적회로,786585,102162,868,50,684423,2025.06
반도체,8542,2025-06-01,8542334000,복합부품 집적회로(MCOs),2026206,4421492,292,734,-2395286,2025.06
반도체,8542,2025-06-01,8542391000,모노리식(monolithic) 집적회로,970543278,877729196,228945,199433,92814082,2025.06
반도체,8542,2025-06-01,8542392000,하이브리드 집적회로,973786,5054979,2053,7969,-4081193,2025.06
반도체,8542,2025-06-01,8542393000,복합구조칩 집적회로,16192638,28829849,7042,15696,-12637211,2025.06
반도체,8542,2025-06-01,8542394000,복합부품 집적회로(MCOs),11879060,19118054,50358,28506,-7238994,2025.06
반도체,8542,2025-06-01,8542900000,부분품,30670285,3351499,362687,35462,27318786,2025.06
반도체,8542,2025-07-01,8542311000,모노리식(monolithic) 집적회로,2918544666,2713629287,492770,267384,204915379,2025.07
반도체,8542,2025-07-01,8542312000,하이브리드 집적회로,278997,4651631,272,1120,-4372634,2025.07
반도체,8542,2025-07-01,8542313000,복합구조칩 집적회로,289629533,59620857,67013,8832,230008676,2025.07
반도체,8542,2025-07-01,8542314000,복합부품 집적회로(MCOs),605606699,133213285,64705,3821,472393414,2025.07
반도체,8542,2025-07-01,8542321010,디램,2387705705,787435873,160312,52901,1600269832,2025.07
반도체,8542,2025-07-01,8542321020,에스램,1058781,1562285,420,867,-503504,2025.07
반도체,8542,2025-07-01,8542321030,플래시 메모리,461593203,136584898,38721,11247,325008305,2025.07
반도체,8542,2025-07-01,8542321090,기타,45604438,49164982,20802,7337,-3560544,2025.07
반도체,8542,2025-07-01,8542322000,하이브리드 집적회로,7636,2407649,22,106,-2400013,2025.07
반도체,8542,2025-07-01,8542323000,복합구조칩 집적회로,4194558010,650785384,99662,18104,3543772626,2025.07
반도체,8542,2025-07-01,8542324000,복합부품 집적회로(MCOs),470253436,133596875,11611,2960,336656561,2025.07
반도체,8542,2025-07-01,8542331000,모노리식(monolithic) 집적회로,8309907,14999324,4097,5423,-6689417,2025.07
반도체,8542,2025-07-01,8542332000,하이브리드 집적회로,705110,886780,194,21,-181670,2025.07
반도체,8542,2025-07-01,8542333000,복합구조칩 집적회로,1110473,161863,1284,59,948610,2025.07
반도체,8542,2025-07-01,8542334000,복합부품 집적회로(MCOs),1651099,7248308,413,1117,-5597209,2025.07
반도체,8542,2025-07-01,8542391000,모노리식(monolithic) 집적회로,831340706,629497933,232792,201073,201842773,2025.07
반도체,8542,2025-07-01,8542392000,하이브리드 집적회로,1036006,3937116,1179,8894,-2901110,2025.07
반도체,8542,2025-07-01,8542393000,복합구조칩 집적회로,20435209,16476660,10697,9044,3958549,2025.07
반도체,8542,2025-07-01,8542394000,복합부품 집적회로(MCOs),15102133,20483800,55204,33005,-5381667,2025.07
반도체,8542,2025-07-01,8542900000,부분품,34181974,5317056,437584,67772,28864918,2025.07
반도체,8542,2025-08-01,8542311000,모노리식(monolithic) 집적회로,2274224773,2554631137,469919,256762,-280406364,2025.08
반도체,8542,2025-08-01,8542312000,하이브리드 집적회로,376228,2587052,285,709,-2210824,2025.08
반도체,8542,2025-08-01,8542313000,복합구조칩 집적회로,313693286,45233354,88031,8146,268459932,2025.08
반도체,8542,2025-08-01,8542314000,복합부품 집적회로(MCOs),633947579,194479970,74069,7314,439467609,2025.08
반도체,8542,2025-08-01,8542321010,디램,2615929305,627232643,147994,44823,1988696662,2025.08
반도체,8542,2025-08-01,8542321020,에스램,836118,871653,390,466,-35535,2025.08
반도체,8542,2025-08-01,8542321030,플래시 메모리,645465853,125109741,43917,12881,520356112,2025.08
반도체,8542,2025-08-01,8542321090,기타,33547462,72736900,14887,7661,-39189438,2025.08
반도체,8542,2025-08-01,8542322000,하이브리드 집적회로,82723,263641,70,35,-180918,2025.08
반도체,8542,2025-08-01,8542323000,복합구조칩 집적회로,4603682383,678330897,104348,10965,3925351486,2025.08
반도체,8542,2025-08-01,8542324000,복합부품 집적회로(MCOs),605101167,239087988,13433,4271,366013179,2025.08
반도체,8542,2025-08-01,8542331000,모노리식(monolithic) 집적회로,10138887,20576221,3953,5319,-10437334,2025.08
반도체,8542,2025-08-01,8542332000,하이브리드 집적회로,577507,1268560,201,24,-691053,2025.08
반도체,8542,2025-08-01,8542333000,복합구조칩 집적회로,1246238,149989,1609,89,1096249,2025.08
반도체,8542,2025-08-01,8542334000,복합부품 집적회로(MCOs),1105768,5325974,249,743,-4220206,2025.08
반도체,8542,2025-08-01,8542391000,모노리식(monolithic) 집적회로,813950005,580031220,224260,183270,233918785,2025.08
반도체,8542,2025-08-01,8542392000,하이브리드 집적회로,542344,3011545,1278,6432,-2469201,2025.08
반도체,8542,2025-08-01,8542393000,복합구조칩 집적회로,16057133,17239362,6537,8817,-1182229,2025.08
반도체,8542,2025-08-01,8542394000,복합부품 집적회로(MCOs),13691150,14263973,40511,25955,-572823,2025.08
반도체,8542,2025-08-01,8542900000,부분품,31618850,3149156,417531,26261,28469694,2025.08
반도체,8542,2025-09-01,8542311000,모노리식(monolithic) 집적회로,2239434620,2668418254,489856,268503,-428983634,2025.09
반도체,8542,2025-09-01,8542312000,하이브리드 집적회로,292690,1627775,220,557,-1335085,2025.09
반도체,8542,2025-09-01,8542313000,복합구조칩 집적회로,272488889,48576509,75727,9460,223912380,2025.09
반도체,8542,2025-09-01,8542314000,복합부품 집적회로(MCOs),688304879,92458575,94835,3810,595846304,2025.09
반도체,8542,2025-09-01,8542321010,디램,2654060655,798152461,159930,60977,1855908194,2025.09
반도체,8542,2025-09-01,8542321020,에스램,680043,1647683,279,908,-967640,2025.09
반도체,8542,2025-09-01,8542321030,플래시 메모리,706729598,132831823,54374,11812,573897775,2025.09
반도체,8542,2025-09-01,8542321090,기타,32746246,34086910,12942,7153,-1340664,2025.09
반도체,8542,2025-09-01,8542322000,하이브리드 집적회로,29798,149426,22,18,-119628,2025.09
반도체,8542,2025-09-01,8542323000,복합구조칩 집적회로,5233972132,398097539,126526,11616,4835874593,2025.09
반도체,8542,2025-09-01,8542324000,복합부품 집적회로(MCOs),717756278,153843050,15590,3690,563913228,2025.09
반도체,8542,2025-09-01,8542331000,모노리식(monolithic) 집적회로,8783620,13346582,2961,4410,-4562962,2025.09
반도체,8542,2025-09-01,8542332000,하이브리드 집적회로,774008,1752927,226,145,-978919,2025.09
반도체,8542,2025-09-01,8542333000,복합구조칩 집적회로,1675075,137119,2091,68,1537956,2025.09
반도체,8542,2025-09-01,8542334000,복합부품 집적회로(MCOs),1122620,4208615,371,766,-3085995,2025.09
반도체,8542,2025-09-01,8542391000,모노리식(monolithic) 집적회로,1000332237,682934406,270995,206583,317397831,2025.09
반도체,8542,2025-09-01,8542392000,하이브리드 집적회로,534429,4659313,513,7236,-4124884,2025.09
반도체,8542,2025-09-01,8542393000,복합구조칩 집적회로,15165787,21544335,4719,12043,-6378548,2025.09
반도체,8542,2025-09-01,8542394000,복합부품 집적회로(MCOs),12545820,15936793,35140,30441,-3390973,2025.09
반도체,8542,2025-09-01,8542900000,부분품,36287995,3765898,418078,38082,32522097,2025.09
반도체,8542,2025-10-01,8542311000,모노리식(monolithic) 집적회로,2521766438,2837791239,473668,251026,-316024801,2025.10
반도체,8542,2025-10-01,8542312000,하이브리드 집적회로,419270,9133504,332,1357,-8714234,2025.10
반도체,8542,2025-10-01,8542313000,복합구조칩 집적회로,239529947,45451968,73428,9113,194077979,2025.10
반도체,8542,2025-10-01,8542314000,복합부품 집적회로(MCOs),635112120,174935165,75280,5295,460176955,2025.10
반도체,8542,2025-10-01,8542321010,디램,2855276459,637035513,137893,41762,2218240946,2025.10
반도체,8542,2025-10-01,8542321020,에스램,1382969,988905,383,636,394064,2025.10
반도체,8542,2025-10-01,8542321030,플래시 메모리,672927526,166057328,37913,13937,506870198,2025.10
반도체,8542,2025-10-01,8542321090,기타,38356386,45247034,15440,6208,-6890648,2025.10
반도체,8542,2025-10-01,8542322000,하이브리드 집적회로,137662,28811,97,19,108851,2025.10
반도체,8542,2025-10-01,8542323000,복합구조칩 집적회로,4718248739,568544118,106390,10792,4149704621,2025.10
반도체,8542,2025-10-01,8542324000,복합부품 집적회로(MCOs),600286607,208178562,12208,4468,392108045,2025.10
반도체,8542,2025-10-01,8542331000,모노리식(monolithic) 집적회로,8057408,15977226,3302,5639,-7919818,2025.10
반도체,8542,2025-10-01,8542332000,하이브리드 집적회로,1463545,423964,213,25,1039581,2025.10
반도체,8542,2025-10-01,8542333000,복합구조칩 집적회로,1625319,28625,1910,15,1596694,2025.10
반도체,8542,2025-10-01,8542334000,복합부품 집적회로(MCOs),805536,6130008,187,1035,-5324472,2025.10
반도체,8542,2025-10-01,8542391000,모노리식(monolithic) 집적회로,816321208,530164741,237065,173465,286156467,2025.10
반도체,8542,2025-10-01,8542392000,하이브리드 집적회로,1427389,3129751,4154,4301,-1702362,2025.10
반도체,8542,2025-10-01,8542393000,복합구조칩 집적회로,14435932,11404440,4960,5837,3031492,2025.10
반도체,8542,2025-10-01,8542394000,복합부품 집적회로(MCOs),16703350,15561499,39616,30202,1141851,2025.10
반도체,8542,2025-10-01,8542900000,부분품,31567852,3648356,367669,29937,27919496,2025.10
반도체,8542,2025-11-01,8542311000,모노리식(monolithic) 집적회로,2114562062,2533864269,455845,242735,-419302207,2025.11
반도체,8542,2025-11-01,8542312000,하이브리드 집적회로,671255,3195779,340,854,-2524524,2025.11
반도체,8542,2025-11-01,8542313000,복합구조칩 집적회로,205355861,44079783,66053,8976,161276078,2025.11
반도체,8542,2025-11-01,8542314000,복합부품 집적회로(MCOs),562853983,175542360,72344,4456,387311623,2025.11
반도체,8542,2025-11-01,8542321010,디램,3604209656,568599415,148522,39542,3035610241,2025.11
반도체,8542,2025-11-01,8542321020,에스램,416521,1050098,258,666,-633577,2025.11
반도체,8542,2025-11-01,8542321030,플래시 메모리,1101251822,153531350,40810,10575,947720472,2025.11
반도체,8542,2025-11-01,8542321090,기타,35268009,48302302,11224,6261,-13034293,2025.11
반도체,8542,2025-11-01,8542322000,하이브리드 집적회로,42210,109291,24,39,-67081,2025.11
반도체,8542,2025-11-01,8542323000,복합구조칩 집적회로,4675185540,649764610,92773,10206,4025420930,2025.11
반도체,8542,2025-11-01,8542324000,복합부품 집적회로(MCOs),747287614,245066829,12581,3873,502220785,2025.11
반도체,8542,2025-11-01,8542331000,모노리식(monolithic) 집적회로,11676112,18181964,4868,6198,-6505852,2025.11
반도체,8542,2025-11-01,8542332000,하이브리드 집적회로,698597,538958,178,17,159639,2025.11
반도체,8542,2025-11-01,8542333000,복합구조칩 집적회로,1302445,88692,1612,120,1213753,2025.11
반도체,8542,2025-11-01,8542334000,복합부품 집적회로(MCOs),1031650,8377127,230,835,-7345477,2025.11
반도체,8542,2025-11-01,8542391000,모노리식(monolithic) 집적회로,837176873,617665639,230396,175764,219511234,2025.11
반도체,8542,2025-11-01,8542392000,하이브리드 집적회로,634828,4496666,856,5937,-3861838,2025.11
반도체,8542,2025-11-01,8542393000,복합구조칩 집적회로,13154550,11476579,5640,7512,1677971,2025.11
반도체,8542,2025-11-01,8542394000,복합부품 집적회로(MCOs),11721904,16036448,26881,26472,-4314544,2025.11
반도체,8542,2025-11-01,8542900000,부분품,29966662,3621798,360983,33889,26344864,2025.11
반도체,8542,2025-12-01,8542311000,모노리식(monolithic) 집적회로,2049871593,2605964350,499526,260281,-556092757,2025.12
반도체,8542,2025-12-01,8542312000,하이브리드 집적회로,791836,2709216,548,618,-1917380,2025.12
반도체,8542,2025-12-01,8542313000,복합구조칩 집적회로,204629904,41629997,74288,12014,162999907,2025.12
반도체,8542,2025-12-01,8542314000,복합부품 집적회로(MCOs),574346667,228263140,68696,7931,346083527,2025.12
반도체,8542,2025-12-01,8542321010,디램,4156349480,883145238,175192,52122,3273204242,2025.12
반도체,8542,2025-12-01,8542321020,에스램,734629,1103373,284,446,-368744,2025.12
반도체,8542,2025-12-01,8542321030,플래시 메모리,1275594726,261326259,44990,12724,1014268467,2025.12
반도체,8542,2025-12-01,8542321090,기타,54902308,31305127,15955,4425,23597181,2025.12
반도체,8542,2025-12-01,8542322000,하이브리드 집적회로,2258484,18662,50,22,2239822,2025.12
반도체,8542,2025-12-01,8542323000,복합구조칩 집적회로,6161489897,981906903,104666,14131,5179582994,2025.12
반도체,8542,2025-12-01,8542324000,복합부품 집적회로(MCOs),985580226,166009074,18248,2994,819571152,2025.12
반도체,8542,2025-12-01,8542331000,모노리식(monolithic) 집적회로,13208870,24432061,5306,6402,-11223191,2025.12
반도체,8542,2025-12-01,8542332000,하이브리드 집적회로,709484,1528483,318,32,-818999,2025.12
반도체,8542,2025-12-01,8542333000,복합구조칩 집적회로,937759,82796,1152,77,854963,2025.12
반도체,8542,2025-12-01,8542334000,복합부품 집적회로(MCOs),2937352,8213566,555,751,-5276214,2025.12
반도체,8542,2025-12-01,8542391000,모노리식(monolithic) 집적회로,1185054993,944928677,261523,201907,240126316,2025.12
반도체,8542,2025-12-01,8542392000,하이브리드 집적회로,864545,4003528,1463,5166,-3138983,2025.12
반도체,8542,2025-12-01,8542393000,복합구조칩 집적회로,14286493,20327435,5906,11010,-6040942,2025.12
반도체,8542,2025-12-01,8542394000,복합부품 집적회로(MCOs),13892888,25739074,31216,47355,-11846186,2025.12
반도체,8542,2025-12-01,8542900000,부분품,27667569,3656112,335560,29381,24011457,2025.12
반도체,8542,2026-01-01,8542311000,모노리식(monolithic) 집적회로,2408512319,2677339073,519207,244117,-268826754,2026.01
반도체,8542,2026-01-01,8542312000,하이브리드 집적회로,770314,4750357,642,1235,-3980043,2026.01
반도체,8542,2026-01-01,8542313000,복합구조칩 집적회로,234440263,45702234,65057,9080,188738029,2026.01
반도체,8542,2026-01-01,8542314000,복합부품 집적회로(MCOs),755497207,127720066,60528,9559,627777141,2026.01
반도체,8542,2026-01-01,8542321010,디램,5059378865,1041283532,142420,54788,4018095333,2026.01
반도체,8542,2026-01-01,8542321020,에스램,888745,1213998,328,346,-325253,2026.01
반도체,8542,2026-01-01,8542321030,플래시 메모리,1434956451,238956944,43577,12016,1195999507,2026.01
반도체,8542,2026-01-01,8542321090,기타,40673958,55203153,14682,5046,-14529195,2026.01
반도체,8542,2026-01-01,8542322000,하이브리드 집적회로,2655,902486,7,160,-899831,2026.01
반도체,8542,2026-01-01,8542323000,복합구조칩 집적회로,4883414037,798866862,87596,11216,4084547175,2026.01
반도체,8542,2026-01-01,8542324000,복합부품 집적회로(MCOs),692648291,330247548,14027,3317,362400743,2026.01
반도체,8542,2026-01-01,8542331000,모노리식(monolithic) 집적회로,14178370,17900400,5790,6344,-3722030,2026.01
반도체,8542,2026-01-01,8542332000,하이브리드 집적회로,760947,558041,163,15,202906,2026.01
반도체,8542,2026-01-01,8542333000,복합구조칩 집적회로,1803609,148461,1867,121,1655148,2026.01
반도체,8542,2026-01-01,8542334000,복합부품 집적회로(MCOs),870470,11494567,250,748,-10624097,2026.01
반도체,8542,2026-01-01,8542391000,모노리식(monolithic) 집적회로,808837370,736651867,267195,212976,72185503,2026.01
반도체,8542,2026-01-01,8542392000,하이브리드 집적회로,1626265,2957117,4200,4194,-1330852,2026.01
반도체,8542,2026-01-01,8542393000,복합구조칩 집적회로,11324212,13379325,4567,6116,-2055113,2026.01
반도체,8542,2026-01-01,8542394000,복합부품 집적회로(MCOs),15329447,21382757,32491,40938,-6053310,2026.01
반도체,8542,2026-01-01,8542900000,부분품,37544902,3160013,397766,20224,34384889,2026.01
반도체,8542,2026-02-01,8542311000,모노리식(monolithic) 집적회로,2036464559,2350681515,452575,208006,-314216956,2026.02
반도체,8542,2026-02-01,8542312000,하이브리드 집적회로,803813,4707767,627,1709,-3903954,2026.02
반도체,8542,2026-02-01,8542313000,복합구조칩 집적회로,197320419,48809848,64660,8299,148510571,2026.02
반도체,8542,2026-02-01,8542314000,복합부품 집적회로(MCOs),664678705,174983558,56615,9864,489695147,2026.02
반도체,8542,2026-02-01,8542321010,디램,6490777059,925323614,134749,37762,5565453445,2026.02
반도체,8542,2026-02-01,8542321020,에스램,840915,789091,298,231,51824,2026.02
반도체,8542,2026-02-01,8542321030,플래시 메모리,1406223535,227390012,37497,11047,1178833523,2026.02
반도체,8542,2026-02-01,8542321090,기타,33001464,66428167,9557,6226,-33426703,2026.02
반도체,8542,2026-02-01,8542322000,하이브리드 집적회로,814,9670,1,23,-8856,2026.02
반도체,8542,2026-02-01,8542323000,복합구조칩 집적회로,6748826215,842372864,92874,10125,5906453351,2026.02
반도체,8542,2026-02-01,8542324000,복합부품 집적회로(MCOs),1131079931,375922084,12935,2918,755157847,2026.02
반도체,8542,2026-02-01,8542331000,모노리식(monolithic) 집적회로,7422068,14051319,3753,5445,-6629251,2026.02
반도체,8542,2026-02-01,8542332000,하이브리드 집적회로,627383,880095,157,29,-252712,2026.02
반도체,8542,2026-02-01,8542333000,복합구조칩 집적회로,1099854,128095,1380,92,971759,2026.02
반도체,8542,2026-02-01,8542334000,복합부품 집적회로(MCOs),1961215,4697470,351,634,-2736255,2026.02
반도체,8542,2026-02-01,8542391000,모노리식(monolithic) 집적회로,660403498,575477594,224699,164715,84925904,2026.02
반도체,8542,2026-02-01,8542392000,하이브리드 집적회로,1096263,3423046,3165,2340,-2326783,2026.02
반도체,8542,2026-02-01,8542393000,복합구조칩 집적회로,20970590,13612355,5249,7304,7358235,2026.02
반도체,8542,2026-02-01,8542394000,복합부품 집적회로(MCOs),14718621,15175393,39257,27406,-456772,2026.02
반도체,8542,2026-02-01,8542900000,부분품,31162519,2840200,332499,22694,28322319,2026.02
반도체,8542,2026-03-01,8542311000,모노리식(monolithic) 집적회로,2296092417,3022476544,508975,270066,-726384127,2026.03
반도체,8542,2026-03-01,8542312000,하이브리드 집적회로,709196,2699429,351,809,-1990233,2026.03
반도체,8542,2026-03-01,8542313000,복합구조칩 집적회로,218084184,51782330,75755,9876,166301854,2026.03
반도체,8542,2026-03-01,8542314000,복합부품 집적회로(MCOs),635052769,411247463,58716,9842,223805306,2026.03
반도체,8542,2026-03-01,8542321010,디램,8012443877,1212665814,145289,43959,6799778063,2026.03
반도체,8542,2026-03-01,8542321020,에스램,1705171,2028217,379,708,-323046,2026.03
반도체,8542,2026-03-01,8542321030,플래시 메모리,2544596946,295745303,55480,12884,2248851643,2026.03
반도체,8542,2026-03-01,8542321090,기타,61139948,24551895,15493,5472,36588053,2026.03
반도체,8542,2026-03-01,8542322000,하이브리드 집적회로,182590,254292,55,129,-71702,2026.03
반도체,8542,2026-03-01,8542323000,복합구조칩 집적회로,8577241499,894272407,134548,11339,7682969092,2026.03
반도체,8542,2026-03-01,8542324000,복합부품 집적회로(MCOs),1561701322,443109355,24149,3605,1118591967,2026.03
반도체,8542,2026-03-01,8542331000,모노리식(monolithic) 집적회로,12392410,19923175,3354,4853,-7530765,2026.03
반도체,8542,2026-03-01,8542332000,하이브리드 집적회로,864147,1267743,350,39,-403596,2026.03
반도체,8542,2026-03-01,8542333000,복합구조칩 집적회로,1313186,65840,3639,68,1247346,2026.03
반도체,8542,2026-03-01,8542334000,복합부품 집적회로(MCOs),1539331,5184077,296,791,-3644746,2026.03
반도체,8542,2026-03-01,8542391000,모노리식(monolithic) 집적회로,887260469,777040280,264723,231125,110220189,2026.03
반도체,8542,2026-03-01,8542392000,하이브리드 집적회로,1691965,4578217,3852,13235,-2886252,2026.03
반도체,8542,2026-03-01,8542393000,복합구조칩 집적회로,29728942,23882751,6003,11026,5846191,2026.03
반도체,8542,2026-03-01,8542394000,복합부품 집적회로(MCOs),21426956,19161181,52389,22405,2265775,2026.03
반도체,8542,2026-03-01,8542900000,부분품,39649543,3974930,416089,37787,35674613,2026.03
반도체,8542,2026-04-01,8542311000,모노리식(monolithic) 집적회로,2332636863,2773449620,504233,253793,-440812757,2026.04
반도체,8542,2026-04-01,8542312000,하이브리드 집적회로,1166943,4695007,553,1226,-3528064,2026.04
반도체,8542,2026-04-01,8542313000,복합구조칩 집적회로,205703162,44653793,73498,8990,161049369,2026.04
반도체,8542,2026-04-01,8542314000,복합부품 집적회로(MCOs),998692078,437702254,93150,8821,560989824,2026.04
반도체,8542,2026-04-01,8542321010,디램,9248046034,1013052000,139113,35748,8234994034,2026.04
반도체,8542,2026-04-01,8542321020,에스램,755424,2416563,435,297,-1661139,2026.04
반도체,8542,2026-04-01,8542321030,플래시 메모리,1673744099,250987421,36438,12018,1422756678,2026.04
반도체,8542,2026-04-01,8542321090,기타,61567993,39521991,16372,5341,22046002,2026.04
반도체,8542,2026-04-01,8542322000,하이브리드 집적회로,10807,586927,18,53,-576120,2026.04
반도체,8542,2026-04-01,8542323000,복합구조칩 집적회로,8157215096,1283560514,112173,10637,6873654582,2026.04
반도체,8542,2026-04-01,8542324000,복합부품 집적회로(MCOs),1688412890,862711962,14801,4237,825700928,2026.04
반도체,8542,2026-04-01,8542331000,모노리식(monolithic) 집적회로,10210390,25837342,3954,6661,-15626952,2026.04
반도체,8542,2026-04-01,8542332000,하이브리드 집적회로,650186,1381873,141,47,-731687,2026.04
반도체,8542,2026-04-01,8542333000,복합구조칩 집적회로,1803320,124903,2055,145,1678417,2026.04
반도체,8542,2026-04-01,8542334000,복합부품 집적회로(MCOs),986054,7710620,349,1014,-6724566,2026.04
반도체,8542,2026-04-01,8542391000,모노리식(monolithic) 집적회로,768007525,785944431,250238,239559,-17936906,2026.04
반도체,8542,2026-04-01,8542392000,하이브리드 집적회로,2205124,3217531,5125,3931,-1012407,2026.04
반도체,8542,2026-04-01,8542393000,복합구조칩 집적회로,26930723,16530128,7005,8456,10400595,2026.04
반도체,8542,2026-04-01,8542394000,복합부품 집적회로(MCOs),18256921,30920049,38773,32619,-12663128,2026.04
반도체,8542,2026-04-01,8542900000,부분품,40329157,4692595,448343,36533,35636562,2026.04
반도체,8542,2026-05-01,8542311000,모노리식(monolithic) 집적회로,2355768203,2720667029,506089,246753,-364898826,2026.05
반도체,8542,2026-05-01,8542312000,하이브리드 집적회로,1244090,2801220,825,671,-1557130,2026.05
반도체,8542,2026-05-01,8542313000,복합구조칩 집적회로,180838288,32156925,70813,6980,148681363,2026.05
반도체,8542,2026-05-01,8542314000,복합부품 집적회로(MCOs),981083712,386027407,63020,6580,595056305,2026.05
반도체,8542,2026-05-01,8542321010,디램,11428371245,1065577200,147350,33963,10362794045,2026.05
반도체,8542,2026-05-01,8542321020,에스램,731152,872415,215,295,-141263,2026.05
반도체,8542,2026-05-01,8542321030,플래시 메모리,1721738700,272467758,30337,12289,1449270942,2026.05
반도체,8542,2026-05-01,8542321090,기타,48579828,163644603,14339,6850,-115064775,2026.05
반도체,8542,2026-05-01,8542322000,하이브리드 집적회로,116110,209930,24,14,-93820,2026.05
반도체,8542,2026-05-01,8542323000,복합구조칩 집적회로,9621557514,1513136835,114827,12240,8108420679,2026.05
반도체,8542,2026-05-01,8542324000,복합부품 집적회로(MCOs),2130950085,714133705,19827,3050,1416816380,2026.05
반도체,8542,2026-05-01,8542331000,모노리식(monolithic) 집적회로,11248479,16644942,4691,4174,-5396463,2026.05
반도체,8542,2026-05-01,8542332000,하이브리드 집적회로,793760,1244644,260,104,-450884,2026.05
반도체,8542,2026-05-01,8542333000,복합구조칩 집적회로,1428532,108857,1892,176,1319675,2026.05
반도체,8542,2026-05-01,8542334000,복합부품 집적회로(MCOs),1308697,8765318,294,786,-7456621,2026.05
반도체,8542,2026-05-01,8542391000,모노리식(monolithic) 집적회로,864108843,738761926,242789,210418,125346917,2026.05
반도체,8542,2026-05-01,8542392000,하이브리드 집적회로,3238365,4404065,6906,4315,-1165700,2026.05
반도체,8542,2026-05-01,8542393000,복합구조칩 집적회로,27121874,15220293,6171,6221,11901581,2026.05
반도체,8542,2026-05-01,8542394000,복합부품 집적회로(MCOs),17414527,23409518,37409,22119,-5994991,2026.05
반도체,8542,2026-05-01,8542900000,부분품,36157308,2925926,370463,23339,33231382,2026.05
반도체,8542,2026-06-01,8542311000,모노리식(monolithic) 집적회로,2286791909,3349184970,544551,275278,-1062393061,2026.06
반도체,8542,2026-06-01,8542312000,하이브리드 집적회로,1135509,5407991,675,1202,-4272482,2026.06
반도체,8542,2026-06-01,8542313000,복합구조칩 집적회로,188327334,44176956,81910,8507,144150378,2026.06
반도체,8542,2026-06-01,8542314000,복합부품 집적회로(MCOs),951137972,679890775,69564,17002,271247197,2026.06
반도체,8542,2026-06-01,8542321010,디램,11175623231,907098680,149633,41655,10268524551,2026.06
반도체,8542,2026-06-01,8542321020,에스램,856193,2856176,385,394,-1999983,2026.06
반도체,8542,2026-06-01,8542321030,플래시 메모리,2486161310,235181689,40030,11164,2250979621,2026.06
반도체,8542,2026-06-01,8542321090,기타,48905614,213664953,20443,8956,-164759339,2026.06
반도체,8542,2026-06-01,8542322000,하이브리드 집적회로,12527,84606,11,124,-72079,2026.06
반도체,8542,2026-06-01,8542323000,복합구조칩 집적회로,12682181416,1800652453,134717,13302,10881528963,2026.06
반도체,8542,2026-06-01,8542324000,복합부품 집적회로(MCOs),2646120290,699898264,18668,3831,1946222026,2026.06
반도체,8542,2026-06-01,8542331000,모노리식(monolithic) 집적회로,11301310,19435931,4862,5705,-8134621,2026.06
반도체,8542,2026-06-01,8542332000,하이브리드 집적회로,784850,960754,285,21,-175904,2026.06
반도체,8542,2026-06-01,8542333000,복합구조칩 집적회로,1646025,305766,5322,91,1340259,2026.06
반도체,8542,2026-06-01,8542334000,복합부품 집적회로(MCOs),2923245,13924458,659,1169,-11001213,2026.06
반도체,8542,2026-06-01,8542391000,모노리식(monolithic) 집적회로,983481293,798379457,258716,229837,185101836,2026.06
반도체,8542,2026-06-01,8542392000,하이브리드 집적회로,3320011,4964744,9093,6560,-1644733,2026.06
반도체,8542,2026-06-01,8542393000,복합구조칩 집적회로,25677476,21437460,7505,10262,4240016,2026.06
반도체,8542,2026-06-01,8542394000,복합부품 집적회로(MCOs),19612670,21420245,53099,26392,-1807575,2026.06
반도체,8542,2026-06-01,8542900000,부분품,48194253,4248062,341505,31017,43946191,2026.06
반도체,8542,2026-07-01,8542311000,모노리식(monolithic) 집적회로,2419736388,3275749563,546761,262635,-856013175,2026.07
반도체,8542,2026-07-01,8542312000,하이브리드 집적회로,1243185,7984876,1042,1363,-6741691,2026.07
반도체,8542,2026-07-01,8542313000,복합구조칩 집적회로,280916099,49324133,108504,12039,231591966,2026.07
반도체,8542,2026-07-01,8542314000,복합부품 집적회로(MCOs),1030326541,506194613,63336,8809,524131928,2026.07
반도체,8542,2026-07-01,8542321010,디램,13551552131,1135537301,155818,40047,12416014830,2026.07
반도체,8542,2026-07-01,8542321020,에스램,48699567,2060933,963,469,46638634,2026.07
반도체,8542,2026-07-01,8542321030,플래시 메모리,1780647499,229162621,28836,11578,1551484878,2026.07
반도체,8542,2026-07-01,8542321090,기타,71194012,114280546,17485,6448,-43086534,2026.07
반도체,8542,2026-07-01,8542322000,하이브리드 집적회로,402060,106497,14,7,295563,2026.07
반도체,8542,2026-07-01,8542323000,복합구조칩 집적회로,10085845139,1600266240,105714,10821,8485578899,2026.07
반도체,8542,2026-07-01,8542324000,복합부품 집적회로(MCOs),2467755334,674376226,16573,2392,1793379108,2026.07
반도체,8542,2026-07-01,8542331000,모노리식(monolithic) 집적회로,13391706,19469857,3807,5554,-6078151,2026.07
반도체,8542,2026-07-01,8542332000,하이브리드 집적회로,813593,814293,199,29,-700,2026.07
반도체,8542,2026-07-01,8542333000,복합구조칩 집적회로,2114806,500615,2499,110,1614191,2026.07
반도체,8542,2026-07-01,8542334000,복합부품 집적회로(MCOs),3979444,6437677,1070,644,-2458233,2026.07
반도체,8542,2026-07-01,8542391000,모노리식(monolithic) 집적회로,868962280,712430082,262771,220240,156532198,2026.07
반도체,8542,2026-07-01,8542392000,하이브리드 집적회로,4522413,5059299,11503,2742,-536886,2026.07
반도체,8542,2026-07-01,8542393000,복합구조칩 집적회로,22816089,17765803,6484,10059,5050286,2026.07
반도체,8542,2026-07-01,8542394000,복합부품 집적회로(MCOs),20478288,19213702,56111,25469,1264586,2026.07
반도체,8542,2026-07-01,8542900000,부분품,47779913,4583129,290443,37492,43196784,2026.07
승용차,8703,2025-01-01,8703101000,설상주행용,18461,0,634,0,18461,2025.01
승용차,8703,2025-01-01,8703102000,골프용차,74962,714005,7200,78932,-639043,2025.01
승용차,8703,2025-01-01,8703109000,기타,47984,201031,1080,38963,-153047,2025.01
승용차,8703,2025-01-01,8703217000,신차,109393183,582300,9618011,52857,108810883,2025.01
승용차,8703,2025-01-01,8703218000,중고차,6835814,28082,3094024,4000,6807732,2025.01
승용차,8703,2025-01-01,8703227000,신차,631305463,1031674,52636221,71350,630273789,2025.01
승용차,8703,2025-01-01,8703228000,중고차,3555459,34395,1203891,4320,3521064,2025.01
승용차,8703,2025-01-01,8703231010,신차,884542092,125068480,70477574,8301932,759473612,2025.01
승용차,8703,2025-01-01,8703231020,중고차,119189231,101590,37282334,14939,119087641,2025.01
승용차,8703,2025-01-01,8703239010,신차,365431018,24066677,25248979,802265,341364341,2025.01
승용차,8703,2025-01-01,8703239020,중고차,72933023,286056,13137892,30245,72646967,2025.01
승용차,8703,2025-01-01,8703241010,신차,622258699,27074771,35253024,534409,595183928,2025.01
승용차,8703,2025-01-01,8703241020,중고차,19646692,138930,1377201,17761,19507762,2025.01
승용차,8703,2025-01-01,8703249010,신차,210118,10766650,3150,119240,-10556532,2025.01
승용차,8703,2025-01-01,8703249020,중고차,5936918,150220,257647,11293,5786698,2025.01
승용차,8703,2025-01-01,8703317000,신차,65044,0,7840,0,65044,2025.01
승용차,8703,2025-01-01,8703318000,중고차,258561,0,86284,0,258561,2025.01
승용차,8703,2025-01-01,8703321010,신차,71461746,8129389,4828817,485568,63332357,2025.01
승용차,8703,2025-01-01,8703321020,중고차,54025465,1000,15649642,21830,54024465,2025.01
승용차,8703,2025-01-01,8703329010,신차,75286480,183651,5235727,7230,75102829,2025.01
승용차,8703,2025-01-01,8703329020,중고차,49022935,0,12532447,0,49022935,2025.01
승용차,8703,2025-01-01,8703337000,신차,0,1349341,0,74522,-1349341,2025.01
승용차,8703,2025-01-01,8703338000,중고차,15366531,6362,2320587,3806,15360169,2025.01
승용차,8703,2025-01-01,8703401000,신차,891624497,308990859,58877023,14232171,582633638,2025.01
승용차,8703,2025-01-01,8703402000,중고차,26595724,3262,1406096,1900,26592462,2025.01
승용차,8703,2025-01-01,8703501000,신차,0,32330082,0,1409277,-32330082,2025.01
승용차,8703,2025-01-01,8703502000,중고차,1459605,0,79212,0,1459605,2025.01
승용차,8703,2025-01-01,8703601000,신차,161010575,31790499,9136967,1531964,129220076,2025.01
승용차,8703,2025-01-01,8703602000,중고차,119545,28082,9920,3500,91463,2025.01
승용차,8703,2025-01-01,8703801000,신차,639535657,88324266,37622834,5374769,551211391,2025.01
승용차,8703,2025-01-01,8703802000,중고차,1670499,128620,239470,10391,1541879,2025.01
승용차,8703,2025-01-01,8703900000,기타,1095,0,2000,0,1095,2025.01
승용차,8703,2025-02-01,8703102000,골프용차,378477,748551,26102,88289,-370074,2025.02
승용차,8703,2025-02-01,8703109000,기타,1393,122566,29,24863,-121173,2025.02
승용차,8703,2025-02-01,8703217000,신차,155204549,644500,13340214,60525,154560049,2025.02
승용차,8703,2025-02-01,8703218000,중고차,7918513,8409,3612011,840,7910104,2025.02
승용차,8703,2025-02-01,8703227000,신차,775094224,3269875,64079696,256103,771824349,2025.02
승용차,8703,2025-02-01,8703228000,중고차,5802658,25286,1659400,3915,5777372,2025.02
승용차,8703,2025-02-01,8703231010,신차,1016097707,121430675,80426779,8096312,894667032,2025.02
승용차,8703,2025-02-01,8703231020,중고차,191621168,418769,49653755,41737,191202399,2025.02
승용차,8703,2025-02-01,8703239010,신차,487903064,31272638,33644591,1149228,456630426,2025.02
승용차,8703,2025-02-01,8703239020,중고차,118850499,1123700,18317841,177467,117726799,2025.02
승용차,8703,2025-02-01,8703241010,신차,710718755,26057902,40851814,526562,684660853,2025.02
승용차,8703,2025-02-01,8703241020,중고차,32103902,241537,1880893,48783,31862365,2025.02
승용차,8703,2025-02-01,8703249010,신차,0,16241497,0,309656,-16241497,2025.02
승용차,8703,2025-02-01,8703249020,중고차,8423242,50566,348666,13784,8372676,2025.02
승용차,8703,2025-02-01,8703317000,신차,10000,0,1320,0,10000,2025.02
승용차,8703,2025-02-01,8703318000,중고차,257961,0,84847,0,257961,2025.02
승용차,8703,2025-02-01,8703321010,신차,65705733,7471882,4328328,425823,58233851,2025.02
승용차,8703,2025-02-01,8703321020,중고차,78472462,25416,18114268,7110,78447046,2025.02
승용차,8703,2025-02-01,8703329010,신차,73233290,0,5075682,0,73233290,2025.02
승용차,8703,2025-02-01,8703329020,중고차,73816752,54678,13566873,4800,73762074,2025.02
승용차,8703,2025-02-01,8703337000,신차,37457,2648274,2345,144402,-2610817,2025.02
승용차,8703,2025-02-01,8703338000,중고차,29658443,0,3069813,0,29658443,2025.02
승용차,8703,2025-02-01,8703401000,신차,945614581,378279016,61915367,17986826,567335565,2025.02
승용차,8703,2025-02-01,8703402000,중고차,33019189,64412,1717574,9575,32954777,2025.02
승용차,8703,2025-02-01,8703501000,신차,0,40664966,0,1611170,-40664966,2025.02
승용차,8703,2025-02-01,8703502000,중고차,1744605,0,97965,0,1744605,2025.02
승용차,8703,2025-02-01,8703601000,신차,303343379,38030205,18164635,1400969,265313174,2025.02
승용차,8703,2025-02-01,8703602000,중고차,816117,0,49715,0,816117,2025.02
승용차,8703,2025-02-01,8703702000,중고차,285635,0,8085,0,285635,2025.02
승용차,8703,2025-02-01,8703801000,신차,729604279,57605066,43202212,2795632,671999213,2025.02
승용차,8703,2025-02-01,8703802000,중고차,3207255,127295,421927,9533,3079960,2025.02
승용차,8703,2025-03-01,8703102000,골프용차,710400,732467,45330,86187,-22067,2025.03
승용차,8703,2025-03-01,8703109000,기타,5500,413920,280,59163,-408420,2025.03
승용차,8703,2025-03-01,8703217000,신차,159256665,889013,13530402,49873,158367652,2025.03
승용차,8703,2025-03-01,8703218000,중고차,9201429,37723,4095494,3885,9163706,2025.03
승용차,8703,2025-03-01,8703227000,신차,839350382,1634446,69169719,115670,837715936,2025.03
승용차,8703,2025-03-01,8703228000,중고차,6076618,59668,1558752,8055,6016950,2025.03
승용차,8703,2025-03-01,8703231010,신차,1010521246,188656114,81479202,11738754,821865132,2025.03
승용차,8703,2025-03-01,8703231020,중고차,204096763,370259,51404570,76879,203726504,2025.03
승용차,8703,2025-03-01,8703239010,신차,504011303,53436165,33678945,1679624,450575138,2025.03
승용차,8703,2025-03-01,8703239020,중고차,140109361,382285,18118781,74426,139727076,2025.03
승용차,8703,2025-03-01,8703241010,신차,728161462,16784717,42618058,391431,711376745,2025.03
승용차,8703,2025-03-01,8703241020,중고차,32444511,177052,1972055,56444,32267459,2025.03
승용차,8703,2025-03-01,8703249010,신차,0,20096841,0,355948,-20096841,2025.03
승용차,8703,2025-03-01,8703249020,중고차,13899110,148651,328589,13647,13750459,2025.03
승용차,8703,2025-03-01,8703317000,신차,70013,15573,6660,1830,54440,2025.03
승용차,8703,2025-03-01,8703318000,중고차,345490,0,109820,0,345490,2025.03
승용차,8703,2025-03-01,8703321010,신차,72700219,12152101,4846779,784724,60548118,2025.03
승용차,8703,2025-03-01,8703321020,중고차,82482648,10925,18626744,8910,82471723,2025.03
승용차,8703,2025-03-01,8703329010,신차,78702866,0,6148233,0,78702866,2025.03
승용차,8703,2025-03-01,8703329020,중고차,80199671,4411,14002743,10855,80195260,2025.03
승용차,8703,2025-03-01,8703337000,신차,110130,2531684,5190,139662,-2421554,2025.03
승용차,8703,2025-03-01,8703338000,중고차,32497984,6223,3278664,19365,32491761,2025.03
승용차,8703,2025-03-01,8703401000,신차,953618722,485251040,63023966,21147494,468367682,2025.03
승용차,8703,2025-03-01,8703402000,중고차,35509674,27989,1997279,7970,35481685,2025.03
승용차,8703,2025-03-01,8703501000,신차,0,56080882,0,2132896,-56080882,2025.03
승용차,8703,2025-03-01,8703502000,중고차,3826658,0,193367,0,3826658,2025.03
승용차,8703,2025-03-01,8703601000,신차,347187461,51647762,21242906,2546389,295539699,2025.03
승용차,8703,2025-03-01,8703602000,중고차,749014,31685,37530,2000,717329,2025.03
승용차,8703,2025-03-01,8703702000,중고차,179503,0,11030,0,179503,2025.03
승용차,8703,2025-03-01,8703801000,신차,674091939,226010668,38299892,12405359,448081271,2025.03
승용차,8703,2025-03-01,8703802000,중고차,1480723,181377,197080,8422,1299346,2025.03
승용차,8703,2025-04-01,8703102000,골프용차,353945,1569675,20680,174644,-1215730,2025.04
승용차,8703,2025-04-01,8703109000,기타,370,339189,9,59467,-338819,2025.04
승용차,8703,2025-04-01,8703217000,신차,172728493,1254474,13932072,93036,171474019,2025.04
승용차,8703,2025-04-01,8703218000,중고차,9952195,5543,4009512,1040,9946652,2025.04
승용차,8703,2025-04-01,8703227000,신차,853365553,2178726,70039004,117633,851186827,2025.04
승용차,8703,2025-04-01,8703228000,중고차,7532151,28183,1817779,6525,7503968,2025.04
승용차,8703,2025-04-01,8703231010,신차,1076454692,186684597,87033417,11489628,889770095,2025.04
승용차,8703,2025-04-01,8703231020,중고차,225178437,312690,50671504,37205,224865747,2025.04
승용차,8703,2025-04-01,8703239010,신차,482059641,41633015,32876978,1610553,440426626,2025.04
승용차,8703,2025-04-01,8703239020,중고차,151805363,488622,19583009,51471,151316741,2025.04
승용차,8703,2025-04-01,8703241010,신차,691856499,14617468,39754090,267772,677239031,2025.04
승용차,8703,2025-04-01,8703241020,중고차,37039380,90137,2101052,26815,36949243,2025.04
승용차,8703,2025-04-01,8703249010,신차,0,25530628,0,547371,-25530628,2025.04
승용차,8703,2025-04-01,8703249020,중고차,13688460,472025,436282,4610,13216435,2025.04
승용차,8703,2025-04-01,8703317000,신차,0,1554,0,450,-1554,2025.04
승용차,8703,2025-04-01,8703318000,중고차,394218,0,111790,0,394218,2025.04
승용차,8703,2025-04-01,8703321010,신차,59949291,11491802,3747141,616981,48457489,2025.04
승용차,8703,2025-04-01,8703321020,중고차,85306506,59151,18461712,5975,85247355,2025.04
승용차,8703,2025-04-01,8703329010,신차,78067600,0,6186627,0,78067600,2025.04
승용차,8703,2025-04-01,8703329020,중고차,91226259,26498,16460078,14795,91199761,2025.04
승용차,8703,2025-04-01,8703337000,신차,0,2988520,0,167472,-2988520,2025.04
승용차,8703,2025-04-01,8703338000,중고차,39937397,29665,3944216,6260,39907732,2025.04
승용차,8703,2025-04-01,8703401000,신차,1036058232,499051301,69020342,21943406,537006931,2025.04
승용차,8703,2025-04-01,8703402000,중고차,43187371,60834,2203433,7500,43126537,2025.04
승용차,8703,2025-04-01,8703501000,신차,0,70100610,0,2716714,-70100610,2025.04
승용차,8703,2025-04-01,8703502000,중고차,6492299,0,285314,0,6492299,2025.04
승용차,8703,2025-04-01,8703601000,신차,384839861,56925664,23606663,2507692,327914197,2025.04
승용차,8703,2025-04-01,8703602000,중고차,599661,0,35726,0,599661,2025.04
승용차,8703,2025-04-01,8703702000,중고차,106971,0,4910,0,106971,2025.04
승용차,8703,2025-04-01,8703801000,신차,747985170,262330944,41288873,15138977,485654226,2025.04
승용차,8703,2025-04-01,8703802000,중고차,1505759,136668,161815,5199,1369091,2025.04
승용차,8703,2025-04-01,8703900000,기타,420369,5665,1965,6592,414704,2025.04
승용차,8703,2025-05-01,8703102000,골프용차,119675,841205,7570,82021,-721530,2025.05
승용차,8703,2025-05-01,8703109000,기타,1828,278407,290,43789,-276579,2025.05
승용차,8703,2025-05-01,8703217000,신차,156713421,596367,12617932,64972,156117054,2025.05
승용차,8703,2025-05-01,8703218000,중고차,9197267,8844,3751007,830,9188423,2025.05
승용차,8703,2025-05-01,8703227000,신차,951385302,1478749,79588566,86837,949906553,2025.05
승용차,8703,2025-05-01,8703228000,중고차,6721850,13956,1443043,2420,6707894,2025.05
승용차,8703,2025-05-01,8703231010,신차,904425905,274519789,76778463,16536450,629906116,2025.05
승용차,8703,2025-05-01,8703231020,중고차,211371054,139430,47411727,27545,211231624,2025.05
승용차,8703,2025-05-01,8703239010,신차,487153115,63129858,34645489,2300407,424023257,2025.05
승용차,8703,2025-05-01,8703239020,중고차,145544269,231274,18095515,24575,145312995,2025.05
승용차,8703,2025-05-01,8703241010,신차,531398533,11620191,32754886,284770,519778342,2025.05
승용차,8703,2025-05-01,8703241020,중고차,42899975,170916,1923797,20982,42729059,2025.05
승용차,8703,2025-05-01,8703249010,신차,1496864,19635680,14110,332038,-18138816,2025.05
승용차,8703,2025-05-01,8703249020,중고차,11838546,157310,359139,23147,11681236,2025.05
승용차,8703,2025-05-01,8703317000,신차,134866,17703,14076,1424,117163,2025.05
승용차,8703,2025-05-01,8703318000,중고차,251098,0,75485,0,251098,2025.05
승용차,8703,2025-05-01,8703321010,신차,40822401,16964002,2737678,960580,23858399,2025.05
승용차,8703,2025-05-01,8703321020,중고차,75370234,4800,16339219,3870,75365434,2025.05
승용차,8703,2025-05-01,8703329010,신차,73485802,0,5709323,0,73485802,2025.05
승용차,8703,2025-05-01,8703329020,중고차,91107634,0,15525615,0,91107634,2025.05
승용차,8703,2025-05-01,8703337000,신차,0,823375,0,44216,-823375,2025.05
승용차,8703,2025-05-01,8703338000,중고차,33791963,42618,3523466,4230,33749345,2025.05
승용차,8703,2025-05-01,8703401000,신차,1141201398,517504187,78847533,21889880,623697211,2025.05
승용차,8703,2025-05-01,8703402000,중고차,50810863,44191,2168439,5839,50766672,2025.05
승용차,8703,2025-05-01,8703501000,신차,0,89644947,0,3449148,-89644947,2025.05
승용차,8703,2025-05-01,8703502000,중고차,6229035,0,282667,0,6229035,2025.05
승용차,8703,2025-05-01,8703601000,신차,257819555,53965445,16154837,2325805,203854110,2025.05
승용차,8703,2025-05-01,8703602000,중고차,379386,0,22120,0,379386,2025.05
승용차,8703,2025-05-01,8703702000,중고차,122033,0,4435,0,122033,2025.05
승용차,8703,2025-05-01,8703801000,신차,705881028,330750090,38152931,20091731,375130938,2025.05
승용차,8703,2025-05-01,8703802000,중고차,1900313,118487,210276,10182,1781826,2025.05
승용차,8703,2025-05-01,8703900000,기타,0,2148,0,274,-2148,2025.05
승용차,8703,2025-06-01,8703102000,골프용차,348659,1443719,21040,158009,-1095060,2025.06
승용차,8703,2025-06-01,8703109000,기타,24718,485744,730,99282,-461026,2025.06
승용차,8703,2025-06-01,8703217000,신차,140333871,401202,11290966,28159,139932669,2025.06
승용차,8703,2025-06-01,8703218000,중고차,7746679,1985,3240665,800,7744694,2025.06
승용차,8703,2025-06-01,8703227000,신차,876833840,1372416,73426308,85851,875461424,2025.06
승용차,8703,2025-06-01,8703228000,중고차,6646343,34653,1325814,5400,6611690,2025.06
승용차,8703,2025-06-01,8703231010,신차,867118244,129367945,72385797,8842834,737750299,2025.06
승용차,8703,2025-06-01,8703231020,중고차,209791564,400272,41947805,55058,209391292,2025.06
승용차,8703,2025-06-01,8703239010,신차,443249822,37828018,29182861,1181246,405421804,2025.06
승용차,8703,2025-06-01,8703239020,중고차,129677172,321931,14854108,32613,129355241,2025.06
승용차,8703,2025-06-01,8703241010,신차,771608896,20942653,49984351,346381,750666243,2025.06
승용차,8703,2025-06-01,8703241020,중고차,30851949,79659,1571715,14570,30772290,2025.06
승용차,8703,2025-06-01,8703249010,신차,197344,25471898,2960,512902,-25274554,2025.06
승용차,8703,2025-06-01,8703249020,중고차,12133519,177330,354251,13393,11956189,2025.06
승용차,8703,2025-06-01,8703317000,신차,13563,64864,1440,5722,-51301,2025.06
승용차,8703,2025-06-01,8703318000,중고차,388176,0,93179,0,388176,2025.06
승용차,8703,2025-06-01,8703321010,신차,29984378,5056166,1974640,274850,24928212,2025.06
승용차,8703,2025-06-01,8703321020,중고차,68913778,5425,14276000,4160,68908353,2025.06
승용차,8703,2025-06-01,8703329010,신차,77610027,653659,5747013,24111,76956368,2025.06
승용차,8703,2025-06-01,8703329020,중고차,94368262,41519,15525349,14660,94326743,2025.06
승용차,8703,2025-06-01,8703337000,신차,215163,928875,12460,48857,-713712,2025.06
승용차,8703,2025-06-01,8703338000,중고차,31249006,2892,3284673,2045,31246114,2025.06
승용차,8703,2025-06-01,8703401000,신차,1228994641,465859563,85778166,18970154,763135078,2025.06
승용차,8703,2025-06-01,8703402000,중고차,39160047,5662,1952835,1420,39154385,2025.06
승용차,8703,2025-06-01,8703501000,신차,0,36889245,0,1428551,-36889245,2025.06
승용차,8703,2025-06-01,8703502000,중고차,6372846,0,272468,0,6372846,2025.06
승용차,8703,2025-06-01,8703601000,신차,144025682,28833610,7938968,1261700,115192072,2025.06
승용차,8703,2025-06-01,8703602000,중고차,1245531,64659,49730,1940,1180872,2025.06
승용차,8703,2025-06-01,8703702000,중고차,284679,0,10680,0,284679,2025.06
승용차,8703,2025-06-01,8703801000,신차,774285424,349333277,42793153,20189626,424952147,2025.06
승용차,8703,2025-06-01,8703802000,중고차,1940141,110591,190013,4361,1829550,2025.06
승용차,8703,2025-06-01,8703900000,기타,38414,1737,2858,50,36677,2025.06
승용차,8703,2025-07-01,8703101000,설상주행용,0,140887,0,3907,-140887,2025.07
승용차,8703,2025-07-01,8703102000,골프용차,35410,1578158,2190,146167,-1542748,2025.07
승용차,8703,2025-07-01,8703109000,기타,128125,516603,3086,74910,-388478,2025.07
승용차,8703,2025-07-01,8703217000,신차,161761522,1429929,13350336,108714,160331593,2025.07
승용차,8703,2025-07-01,8703218000,중고차,10997333,12386,4606330,2000,10984947,2025.07
승용차,8703,2025-07-01,8703227000,신차,545956259,972026,51519876,47733,544984233,2025.07
승용차,8703,2025-07-01,8703228000,중고차,8621950,30870,1887204,3800,8591080,2025.07
승용차,8703,2025-07-01,8703231010,신차,771765984,222597420,64973090,13414747,549168564,2025.07
승용차,8703,2025-07-01,8703231020,중고차,259957083,271469,57809560,37485,259685614,2025.07
승용차,8703,2025-07-01,8703239010,신차,415421099,37266942,28992439,1434012,378154157,2025.07
승용차,8703,2025-07-01,8703239020,중고차,165669050,187648,19363718,31319,165481402,2025.07
승용차,8703,2025-07-01,8703241010,신차,711021385,23676661,44022415,408855,687344724,2025.07
승용차,8703,2025-07-01,8703241020,중고차,33418613,191989,2109401,31687,33226624,2025.07
승용차,8703,2025-07-01,8703249010,신차,113942,26341068,2840,422353,-26227126,2025.07
승용차,8703,2025-07-01,8703249020,중고차,9938855,52011,388796,10685,9886844,2025.07
승용차,8703,2025-07-01,8703318000,중고차,386721,0,101200,0,386721,2025.07
승용차,8703,2025-07-01,8703321010,신차,30999658,16704429,2012048,975688,14295229,2025.07
승용차,8703,2025-07-01,8703321020,중고차,90640829,14286,23933191,9577,90626543,2025.07
승용차,8703,2025-07-01,8703329010,신차,59772321,0,4443032,0,59772321,2025.07
승용차,8703,2025-07-01,8703329020,중고차,121001773,5720,22483395,13425,120996053,2025.07
승용차,8703,2025-07-01,8703337000,신차,2195,1215749,2500,58446,-1213554,2025.07
승용차,8703,2025-07-01,8703338000,중고차,41005572,138,5122916,2010,41005434,2025.07
승용차,8703,2025-07-01,8703401000,신차,1139636804,492175982,78214079,20782602,647460822,2025.07
승용차,8703,2025-07-01,8703402000,중고차,52755311,21291,2740520,2150,52734020,2025.07
승용차,8703,2025-07-01,8703501000,신차,0,69021222,0,2721362,-69021222,2025.07
승용차,8703,2025-07-01,8703502000,중고차,9906858,0,376015,0,9906858,2025.07
승용차,8703,2025-07-01,8703601000,신차,147424073,53604740,7910877,2377274,93819333,2025.07
승용차,8703,2025-07-01,8703602000,중고차,1421688,12676,68611,1800,1409012,2025.07
승용차,8703,2025-07-01,8703702000,중고차,702748,0,30150,0,702748,2025.07
승용차,8703,2025-07-01,8703801000,신차,697291812,357226557,38378271,20645046,340065255,2025.07
승용차,8703,2025-07-01,8703802000,중고차,4894755,122084,476230,5721,4772671,2025.07
승용차,8703,2025-07-01,8703900000,기타,8707,2463,1785,480,6244,2025.07
승용차,8703,2025-08-01,8703102000,골프용차,246891,560049,20380,64117,-313158,2025.08
승용차,8703,2025-08-01,8703109000,기타,3000,355247,1300,55139,-352247,2025.08
승용차,8703,2025-08-01,8703217000,신차,182464851,826289,14182487,59805,181638562,2025.08
승용차,8703,2025-08-01,8703218000,중고차,8553972,48908,3554188,7410,8505064,2025.08
승용차,8703,2025-08-01,8703227000,신차,366131894,299331,34214577,16655,365832563,2025.08
승용차,8703,2025-08-01,8703228000,중고차,8179833,43259,1564081,7930,8136574,2025.08
승용차,8703,2025-08-01,8703231010,신차,774424426,180287471,68697839,11021772,594136955,2025.08
승용차,8703,2025-08-01,8703231020,중고차,221984027,555309,43115533,57124,221428718,2025.08
승용차,8703,2025-08-01,8703239010,신차,377575656,38153577,26986295,1382369,339422079,2025.08
승용차,8703,2025-08-01,8703239020,중고차,145524604,328546,16028968,38710,145196058,2025.08
승용차,8703,2025-08-01,8703241010,신차,614911415,14217626,39535604,194326,600693789,2025.08
승용차,8703,2025-08-01,8703241020,중고차,22786192,567320,1459015,57390,22218872,2025.08
승용차,8703,2025-08-01,8703249010,신차,353422,18527711,9995,378630,-18174289,2025.08
승용차,8703,2025-08-01,8703249020,중고차,9991555,303079,338465,15028,9688476,2025.08
승용차,8703,2025-08-01,8703317000,신차,14640,0,1454,0,14640,2025.08
승용차,8703,2025-08-01,8703318000,중고차,394433,0,121274,0,394433,2025.08
승용차,8703,2025-08-01,8703321010,신차,48130801,11330851,2986721,669522,36799950,2025.08
승용차,8703,2025-08-01,8703321020,중고차,74773102,13394,15495288,3990,74759708,2025.08
승용차,8703,2025-08-01,8703329010,신차,53311579,0,4131269,0,53311579,2025.08
승용차,8703,2025-08-01,8703329020,중고차,100068003,5219,15356219,2003,100062784,2025.08
승용차,8703,2025-08-01,8703337000,신차,181909,1211828,5593,54420,-1029919,2025.08
승용차,8703,2025-08-01,8703338000,중고차,31439060,0,2718748,0,31439060,2025.08
승용차,8703,2025-08-01,8703401000,신차,1164206726,495709608,80938777,19839188,668497118,2025.08
승용차,8703,2025-08-01,8703402000,중고차,46005152,53258,2455413,3771,45951894,2025.08
승용차,8703,2025-08-01,8703501000,신차,54647,62034129,2050,2644661,-61979482,2025.08
승용차,8703,2025-08-01,8703502000,중고차,6063717,0,270685,0,6063717,2025.08
승용차,8703,2025-08-01,8703601000,신차,130572698,41257360,7148168,1819165,89315338,2025.08
승용차,8703,2025-08-01,8703602000,중고차,1122462,10829,65776,5000,1111633,2025.08
승용차,8703,2025-08-01,8703702000,중고차,554627,0,24680,0,554627,2025.08
승용차,8703,2025-08-01,8703801000,신차,819142893,489925695,44104918,29363666,329217198,2025.08
승용차,8703,2025-08-01,8703802000,중고차,3544039,195682,248393,11212,3348357,2025.08
승용차,8703,2025-08-01,8703900000,기타,47139,167,2166,165,46972,2025.08
승용차,8703,2025-09-01,8703101000,설상주행용,105690,0,2330,0,105690,2025.09
승용차,8703,2025-09-01,8703102000,골프용차,650244,1597857,38870,190243,-947613,2025.09
승용차,8703,2025-09-01,8703109000,기타,453,348131,5,64095,-347678,2025.09
승용차,8703,2025-09-01,8703217000,신차,152964287,801614,11728547,55852,152162673,2025.09
승용차,8703,2025-09-01,8703218000,중고차,9881627,25443,4244754,4370,9856184,2025.09
승용차,8703,2025-09-01,8703227000,신차,445625141,279803,41220922,22289,445345338,2025.09
승용차,8703,2025-09-01,8703228000,중고차,11408290,47713,2041143,7945,11360577,2025.09
승용차,8703,2025-09-01,8703231010,신차,753850883,168893119,66927656,10100393,584957764,2025.09
승용차,8703,2025-09-01,8703231020,중고차,314930385,443588,53099561,69199,314486797,2025.09
승용차,8703,2025-09-01,8703239010,신차,447775977,27409267,32537253,870922,420366710,2025.09
승용차,8703,2025-09-01,8703239020,중고차,222811654,419628,21485839,43130,222392026,2025.09
승용차,8703,2025-09-01,8703241010,신차,538302134,20968291,35735544,240295,517333843,2025.09
승용차,8703,2025-09-01,8703241020,중고차,31988245,116394,1844374,18497,31871851,2025.09
승용차,8703,2025-09-01,8703249010,신차,460565,27992264,13280,600334,-27531699,2025.09
승용차,8703,2025-09-01,8703249020,중고차,11976468,116418,450249,12983,11860050,2025.09
승용차,8703,2025-09-01,8703317000,신차,0,40973,0,2983,-40973,2025.09
승용차,8703,2025-09-01,8703318000,중고차,540865,2000,177349,2030,538865,2025.09
승용차,8703,2025-09-01,8703321010,신차,79417664,10820477,4601976,585357,68597187,2025.09
승용차,8703,2025-09-01,8703321020,중고차,102772254,30910,19519990,8310,102741344,2025.09
승용차,8703,2025-09-01,8703329010,신차,47323897,555725,3664204,13395,46768172,2025.09
승용차,8703,2025-09-01,8703329020,중고차,151932500,4322,20363731,9925,151928178,2025.09
승용차,8703,2025-09-01,8703337000,신차,124207,1356831,4888,67553,-1232624,2025.09
승용차,8703,2025-09-01,8703338000,중고차,49794159,41984,4125145,3400,49752175,2025.09
승용차,8703,2025-09-01,8703401000,신차,1474655358,559958467,103770882,24312294,914696891,2025.09
승용차,8703,2025-09-01,8703402000,중고차,71741996,108715,3610194,10000,71633281,2025.09
승용차,8703,2025-09-01,8703501000,신차,326438,62119319,9525,2427620,-61792881,2025.09
승용차,8703,2025-09-01,8703502000,중고차,16027452,0,641645,0,16027452,2025.09
승용차,8703,2025-09-01,8703601000,신차,120673401,40303805,6529631,1781832,80369596,2025.09
승용차,8703,2025-09-01,8703602000,중고차,3678919,39330,189715,2050,3639589,2025.09
승용차,8703,2025-09-01,8703702000,중고차,983824,0,39210,0,983824,2025.09
승용차,8703,2025-09-01,8703801000,신차,975310183,297528859,52187000,17729219,677781324,2025.09
승용차,8703,2025-09-01,8703802000,중고차,4213653,293267,256989,17426,3920386,2025.09
승용차,8703,2025-09-01,8703900000,기타,24558,1843,3490,2,22715,2025.09
승용차,8703,2025-10-01,8703101000,설상주행용,22089,910,400,473,21179,2025.10
승용차,8703,2025-10-01,8703102000,골프용차,345281,985818,27940,113989,-640537,2025.10
승용차,8703,2025-10-01,8703109000,기타,0,300603,0,42899,-300603,2025.10
승용차,8703,2025-10-01,8703217000,신차,177679611,947861,13425084,79555,176731750,2025.10
승용차,8703,2025-10-01,8703218000,중고차,9356288,22036,3426786,3210,9334252,2025.10
승용차,8703,2025-10-01,8703227000,신차,633971463,860783,60665105,51372,633110680,2025.10
승용차,8703,2025-10-01,8703228000,중고차,12514130,20135,2008471,4677,12493995,2025.10
승용차,8703,2025-10-01,8703231010,신차,605594288,149494088,54070756,9693765,456100200,2025.10
승용차,8703,2025-10-01,8703231020,중고차,290486954,233926,45762851,37570,290253028,2025.10
승용차,8703,2025-10-01,8703239010,신차,477774052,18412061,35315087,656724,459361991,2025.10
승용차,8703,2025-10-01,8703239020,중고차,228391288,136887,19456040,37585,228254401,2025.10
승용차,8703,2025-10-01,8703241010,신차,433085494,8507906,27720345,152923,424577588,2025.10
승용차,8703,2025-10-01,8703241020,중고차,26725900,153496,1493532,32164,26572404,2025.10
승용차,8703,2025-10-01,8703249010,신차,1000846,12503503,18350,220826,-11502657,2025.10
승용차,8703,2025-10-01,8703249020,중고차,15439139,30912,490643,5728,15408227,2025.10
승용차,8703,2025-10-01,8703317000,신차,0,13561,0,1385,-13561,2025.10
승용차,8703,2025-10-01,8703318000,중고차,470150,0,183175,0,470150,2025.10
승용차,8703,2025-10-01,8703321010,신차,22106224,6446210,1505995,364574,15660014,2025.10
승용차,8703,2025-10-01,8703321020,중고차,88096039,3434,15647388,1542,88092605,2025.10
승용차,8703,2025-10-01,8703329010,신차,42281259,0,3431072,0,42281259,2025.10
승용차,8703,2025-10-01,8703329020,중고차,137797317,155,17297015,3125,137797162,2025.10
승용차,8703,2025-10-01,8703337000,신차,104348,1170085,10740,58271,-1065737,2025.10
승용차,8703,2025-10-01,8703338000,중고차,46481993,9187,3504277,4525,46472806,2025.10
승용차,8703,2025-10-01,8703401000,신차,1145794154,423439242,79887047,18395581,722354912,2025.10
승용차,8703,2025-10-01,8703402000,중고차,82774075,32326,3764176,3280,82741749,2025.10
승용차,8703,2025-10-01,8703501000,신차,94802,51516893,2785,2139099,-51422091,2025.10
승용차,8703,2025-10-01,8703502000,중고차,20916182,0,829887,0,20916182,2025.10
승용차,8703,2025-10-01,8703601000,신차,88100594,22588426,4797164,891770,65512168,2025.10
승용차,8703,2025-10-01,8703602000,중고차,3859228,4732,176413,1955,3854496,2025.10
승용차,8703,2025-10-01,8703702000,중고차,794025,0,35660,0,794025,2025.10
승용차,8703,2025-10-01,8703801000,신차,650095768,272015295,34900311,16751042,378080473,2025.10
승용차,8703,2025-10-01,8703802000,중고차,4214153,164289,231947,9950,4049864,2025.10
승용차,8703,2025-10-01,8703900000,기타,0,35666,0,2490,-35666,2025.10
승용차,8703,2025-11-01,8703101000,설상주행용,20163,0,390,0,20163,2025.11
승용차,8703,2025-11-01,8703102000,골프용차,155392,1320486,9890,146377,-1165094,2025.11
승용차,8703,2025-11-01,8703109000,기타,0,253462,0,43275,-253462,2025.11
승용차,8703,2025-11-01,8703217000,신차,165688602,529613,12379453,51420,165158989,2025.11
승용차,8703,2025-11-01,8703218000,중고차,10810211,1007,4256579,800,10809204,2025.11
승용차,8703,2025-11-01,8703227000,신차,765129860,590649,65851266,40630,764539211,2025.11
승용차,8703,2025-11-01,8703228000,중고차,9430313,81063,1722130,6855,9349250,2025.11
승용차,8703,2025-11-01,8703231010,신차,730213853,108041345,64403621,7013426,622172508,2025.11
승용차,8703,2025-11-01,8703231020,중고차,266638423,163534,45267929,33616,266474889,2025.11
승용차,8703,2025-11-01,8703239010,신차,568290113,34463554,41067023,1120305,533826559,2025.11
승용차,8703,2025-11-01,8703239020,중고차,210285485,425235,19011083,47983,209860250,2025.11
승용차,8703,2025-11-01,8703241010,신차,650210129,22689088,44008145,477404,627521041,2025.11
승용차,8703,2025-11-01,8703241020,중고차,29975222,237134,1650364,33111,29738088,2025.11
승용차,8703,2025-11-01,8703249010,신차,667768,22801182,19485,263082,-22133414,2025.11
승용차,8703,2025-11-01,8703249020,중고차,12462463,18618,388650,4010,12443845,2025.11
승용차,8703,2025-11-01,8703318000,중고차,782770,0,237040,0,782770,2025.11
승용차,8703,2025-11-01,8703321010,신차,31672799,6288077,2013810,405965,25384722,2025.11
승용차,8703,2025-11-01,8703321020,중고차,79136057,120,15594381,1970,79135937,2025.11
승용차,8703,2025-11-01,8703329010,신차,49910053,0,3865609,0,49910053,2025.11
승용차,8703,2025-11-01,8703329020,중고차,102837527,21,14459730,2315,102837506,2025.11
승용차,8703,2025-11-01,8703337000,신차,129905,4208060,13425,216659,-4078155,2025.11
승용차,8703,2025-11-01,8703338000,중고차,36026093,25161,2840972,30435,36000932,2025.11
승용차,8703,2025-11-01,8703401000,신차,1438754023,487596349,99082458,20651140,951157674,2025.11
승용차,8703,2025-11-01,8703402000,중고차,88995644,116272,3951261,12453,88879372,2025.11
승용차,8703,2025-11-01,8703501000,신차,0,35225569,0,1493400,-35225569,2025.11
승용차,8703,2025-11-01,8703502000,중고차,17894955,0,694984,0,17894955,2025.11
승용차,8703,2025-11-01,8703601000,신차,73186287,29942046,3910701,1355884,43244241,2025.11
승용차,8703,2025-11-01,8703602000,중고차,3726884,11096,166918,3690,3715788,2025.11
승용차,8703,2025-11-01,8703702000,중고차,1049056,0,37290,0,1049056,2025.11
승용차,8703,2025-11-01,8703801000,신차,696017758,304455218,37275985,18688792,391562540,2025.11
승용차,8703,2025-11-01,8703802000,중고차,3507134,30042,228842,2495,3477092,2025.11
승용차,8703,2025-11-01,8703900000,기타,58071,331,5115,83,57740,2025.11
승용차,8703,2025-12-01,8703101000,설상주행용,21100,892,350,394,20208,2025.12
승용차,8703,2025-12-01,8703102000,골프용차,347631,448156,28242,50984,-100525,2025.12
승용차,8703,2025-12-01,8703109000,기타,2,185673,6,30943,-185671,2025.12
승용차,8703,2025-12-01,8703217000,신차,213646651,1539551,15769408,130723,212107100,2025.12
승용차,8703,2025-12-01,8703218000,중고차,9572456,35026,3942302,4980,9537430,2025.12
승용차,8703,2025-12-01,8703227000,신차,884238746,865163,77685993,65310,883373583,2025.12
승용차,8703,2025-12-01,8703228000,중고차,6174319,14921,1387683,2310,6159398,2025.12
승용차,8703,2025-12-01,8703231010,신차,679489014,297752095,59601006,18446718,381736919,2025.12
승용차,8703,2025-12-01,8703231020,중고차,153581832,217609,37271870,77939,153364223,2025.12
승용차,8703,2025-12-01,8703239010,신차,523937260,26271898,38355794,920620,497665362,2025.12
승용차,8703,2025-12-01,8703239020,중고차,93508352,278097,13054402,35730,93230255,2025.12
승용차,8703,2025-12-01,8703241010,신차,563995402,25513684,37869096,479075,538481718,2025.12
승용차,8703,2025-12-01,8703241020,중고차,22737074,279386,1454421,34227,22457688,2025.12
승용차,8703,2025-12-01,8703249010,신차,174920,26077992,2475,450825,-25903072,2025.12
승용차,8703,2025-12-01,8703249020,중고차,9178396,141216,383487,4945,9037180,2025.12
승용차,8703,2025-12-01,8703318000,중고차,777464,0,255664,0,777464,2025.12
승용차,8703,2025-12-01,8703321010,신차,36085889,14975203,2084962,906627,21110686,2025.12
승용차,8703,2025-12-01,8703321020,중고차,58081929,4210,14211340,3290,58077719,2025.12
승용차,8703,2025-12-01,8703329010,신차,52151622,0,3997067,0,52151622,2025.12
승용차,8703,2025-12-01,8703329020,중고차,49610594,60071,11286727,24165,49550523,2025.12
승용차,8703,2025-12-01,8703337000,신차,0,5338519,0,288251,-5338519,2025.12
승용차,8703,2025-12-01,8703338000,중고차,14767393,2108,2009869,25330,14765285,2025.12
승용차,8703,2025-12-01,8703401000,신차,1512716010,567777737,104561783,23708934,944938273,2025.12
승용차,8703,2025-12-01,8703402000,중고차,41409985,61693,1758710,5440,41348292,2025.12
승용차,8703,2025-12-01,8703501000,신차,148370,73166083,3140,2948395,-73017713,2025.12
승용차,8703,2025-12-01,8703502000,중고차,5417980,0,181986,0,5417980,2025.12
승용차,8703,2025-12-01,8703601000,신차,71886850,72841746,3825912,3160292,-954896,2025.12
승용차,8703,2025-12-01,8703602000,중고차,455496,0,31970,0,455496,2025.12
승용차,8703,2025-12-01,8703702000,중고차,322407,0,9075,0,322407,2025.12
승용차,8703,2025-12-01,8703801000,신차,582778798,141834049,31977110,7313612,440944749,2025.12
승용차,8703,2025-12-01,8703802000,중고차,586511,92711,89368,18719,493800,2025.12
승용차,8703,2025-12-01,8703900000,기타,14577,0,1785,0,14577,2025.12
승용차,8703,2026-01-01,8703102000,골프용차,273155,245216,18318,35713,27939,2026.01
승용차,8703,2026-01-01,8703109000,기타,4650,297057,30,49527,-292407,2026.01
승용차,8703,2026-01-01,8703217000,신차,194254388,443396,14138255,41271,193810992,2026.01
승용차,8703,2026-01-01,8703218000,중고차,11203102,4697,3557622,1040,11198405,2026.01
승용차,8703,2026-01-01,8703227000,신차,750327518,464402,65468815,27729,749863116,2026.01
승용차,8703,2026-01-01,8703228000,중고차,6173484,50605,1256976,5480,6122879,2026.01
승용차,8703,2026-01-01,8703231010,신차,739154444,101772994,65285432,6562166,637381450,2026.01
승용차,8703,2026-01-01,8703231020,중고차,135263452,59173,31312288,18217,135204279,2026.01
승용차,8703,2026-01-01,8703239010,신차,479742713,19399550,36013075,874387,460343163,2026.01
승용차,8703,2026-01-01,8703239020,중고차,81648828,106098,11106086,27435,81542730,2026.01
승용차,8703,2026-01-01,8703241010,신차,541221441,16106650,36712334,259030,525114791,2026.01
승용차,8703,2026-01-01,8703241020,중고차,27363172,206811,1422741,40384,27156361,2026.01
승용차,8703,2026-01-01,8703249010,신차,125305,3662523,3405,83082,-3537218,2026.01
승용차,8703,2026-01-01,8703249020,중고차,7940796,46388,333882,6650,7894408,2026.01
승용차,8703,2026-01-01,8703317000,신차,0,19644,0,1473,-19644,2026.01
승용차,8703,2026-01-01,8703318000,중고차,716224,0,275205,0,716224,2026.01
승용차,8703,2026-01-01,8703321010,신차,53028308,4237315,3159963,272328,48790993,2026.01
승용차,8703,2026-01-01,8703321020,중고차,52617670,2645,12653082,2000,52615025,2026.01
승용차,8703,2026-01-01,8703329010,신차,49833262,0,3968167,0,49833262,2026.01
승용차,8703,2026-01-01,8703329020,중고차,44374014,43900,8825498,5715,44330114,2026.01
승용차,8703,2026-01-01,8703337000,신차,150561,730586,4925,37590,-580025,2026.01
승용차,8703,2026-01-01,8703338000,중고차,13417847,0,1434260,0,13417847,2026.01
승용차,8703,2026-01-01,8703401000,신차,1656110994,396952204,115623568,17023400,1259158790,2026.01
승용차,8703,2026-01-01,8703402000,중고차,43340005,187474,1926687,9384,43152531,2026.01
승용차,8703,2026-01-01,8703501000,신차,107553,53121140,3095,2504183,-53013587,2026.01
승용차,8703,2026-01-01,8703502000,중고차,4221312,0,174220,0,4221312,2026.01
승용차,8703,2026-01-01,8703601000,신차,72573926,29922772,3780123,1402867,42651154,2026.01
승용차,8703,2026-01-01,8703602000,중고차,1247319,36092,51265,2496,1211227,2026.01
승용차,8703,2026-01-01,8703702000,중고차,164651,0,5535,0,164651,2026.01
승용차,8703,2026-01-01,8703801000,신차,776427345,223565580,42496037,14621794,552861765,2026.01
승용차,8703,2026-01-01,8703802000,중고차,663938,1440,113801,3200,662498,2026.01
승용차,8703,2026-01-01,8703900000,기타,0,200,0,22,-200,2026.01
승용차,8703,2026-02-01,8703102000,골프용차,116242,704465,5600,64215,-588223,2026.02
승용차,8703,2026-02-01,8703109000,기타,0,350023,0,69733,-350023,2026.02
승용차,8703,2026-02-01,8703217000,신차,173005221,561997,12659766,43813,172443224,2026.02
승용차,8703,2026-02-01,8703218000,중고차,7700757,19293,3053739,1890,7681464,2026.02
승용차,8703,2026-02-01,8703227000,신차,588138316,86784,51458489,4724,588051532,2026.02
승용차,8703,2026-02-01,8703228000,중고차,6321519,50428,1184782,6030,6271091,2026.02
승용차,8703,2026-02-01,8703231010,신차,566388912,147933886,49733992,9249971,418455026,2026.02
승용차,8703,2026-02-01,8703231020,중고차,145245696,154518,29275214,22245,145091178,2026.02
승용차,8703,2026-02-01,8703239010,신차,363008427,18339983,27223085,567515,344668444,2026.02
승용차,8703,2026-02-01,8703239020,중고차,95688515,243891,10906005,21300,95444624,2026.02
승용차,8703,2026-02-01,8703241010,신차,403454247,14920174,27205861,187451,388534073,2026.02
승용차,8703,2026-02-01,8703241020,중고차,21572536,153696,1233940,17405,21418840,2026.02
승용차,8703,2026-02-01,8703249010,신차,118844,19467316,5315,414490,-19348472,2026.02
승용차,8703,2026-02-01,8703249020,중고차,7955131,87368,328841,1597,7867763,2026.02
승용차,8703,2026-02-01,8703317000,신차,0,85014,0,9000,-85014,2026.02
승용차,8703,2026-02-01,8703318000,중고차,719773,0,271993,0,719773,2026.02
승용차,8703,2026-02-01,8703321010,신차,35816767,7253951,2005873,451495,28562816,2026.02
승용차,8703,2026-02-01,8703321020,중고차,54603538,0,12089947,0,54603538,2026.02
승용차,8703,2026-02-01,8703329010,신차,27192466,0,1925076,0,27192466,2026.02
승용차,8703,2026-02-01,8703329020,중고차,42480043,0,8340114,0,42480043,2026.02
승용차,8703,2026-02-01,8703337000,신차,0,3298786,0,172124,-3298786,2026.02
승용차,8703,2026-02-01,8703338000,중고차,17076569,0,1580333,0,17076569,2026.02
승용차,8703,2026-02-01,8703401000,신차,1172457208,384039528,82118592,16178285,788417680,2026.02
승용차,8703,2026-02-01,8703402000,중고차,31990449,60009,1438029,5805,31930440,2026.02
승용차,8703,2026-02-01,8703501000,신차,0,45797462,0,1989287,-45797462,2026.02
승용차,8703,2026-02-01,8703502000,중고차,6303688,0,237447,0,6303688,2026.02
승용차,8703,2026-02-01,8703601000,신차,63209157,43259904,3315785,2013377,19949253,2026.02
승용차,8703,2026-02-01,8703602000,중고차,924962,67691,32342,4045,857271,2026.02
승용차,8703,2026-02-01,8703702000,중고차,100166,0,9380,0,100166,2026.02
승용차,8703,2026-02-01,8703801000,신차,670663157,465224043,36798484,27826445,205439114,2026.02
승용차,8703,2026-02-01,8703802000,중고차,861936,256330,99960,13816,605606,2026.02
승용차,8703,2026-03-01,8703101000,설상주행용,0,30,0,6,-30,2026.03
승용차,8703,2026-03-01,8703102000,골프용차,317653,1596012,21420,129537,-1278359,2026.03
승용차,8703,2026-03-01,8703109000,기타,0,344659,0,52922,-344659,2026.03
승용차,8703,2026-03-01,8703217000,신차,230363120,361111,17268840,34515,230002009,2026.03
승용차,8703,2026-03-01,8703218000,중고차,11375711,5638,3919276,1040,11370073,2026.03
승용차,8703,2026-03-01,8703227000,신차,839749685,215890,72782545,19176,839533795,2026.03
승용차,8703,2026-03-01,8703228000,중고차,8604586,121387,1408378,15070,8483199,2026.03
승용차,8703,2026-03-01,8703231010,신차,739795098,144789235,64586451,10078216,595005863,2026.03
승용차,8703,2026-03-01,8703231020,중고차,160733919,450530,33071012,53410,160283389,2026.03
승용차,8703,2026-03-01,8703239010,신차,483464438,19804838,36068379,643204,463659600,2026.03
승용차,8703,2026-03-01,8703239020,중고차,95815282,957871,11245668,65987,94857411,2026.03
승용차,8703,2026-03-01,8703241010,신차,473342016,12332333,31767469,143677,461009683,2026.03
승용차,8703,2026-03-01,8703241020,중고차,22914004,173687,1380123,24410,22740317,2026.03
승용차,8703,2026-03-01,8703249010,신차,127146,31534582,3565,640811,-31407436,2026.03
승용차,8703,2026-03-01,8703249020,중고차,12278797,69564,405785,13756,12209233,2026.03
승용차,8703,2026-03-01,8703317000,신차,26050,149206,2860,8269,-123156,2026.03
승용차,8703,2026-03-01,8703318000,중고차,1013928,2800,362778,1300,1011128,2026.03
승용차,8703,2026-03-01,8703321010,신차,55097585,7625193,3206890,472633,47472392,2026.03
승용차,8703,2026-03-01,8703321020,중고차,65028641,18053,15705813,5577,65010588,2026.03
승용차,8703,2026-03-01,8703329010,신차,62580081,135188,4443408,4400,62444893,2026.03
승용차,8703,2026-03-01,8703329020,중고차,54256789,85759,11023848,18795,54171030,2026.03
승용차,8703,2026-03-01,8703337000,신차,0,969458,0,51172,-969458,2026.03
승용차,8703,2026-03-01,8703338000,중고차,17073450,589,2052029,10180,17072861,2026.03
승용차,8703,2026-03-01,8703401000,신차,1740420962,344087341,123623203,15765048,1396333621,2026.03
승용차,8703,2026-03-01,8703402000,중고차,33133213,120604,1506931,5720,33012609,2026.03
승용차,8703,2026-03-01,8703501000,신차,236234,55111737,12935,2444293,-54875503,2026.03
승용차,8703,2026-03-01,8703502000,중고차,2737354,0,120435,0,2737354,2026.03
승용차,8703,2026-03-01,8703601000,신차,73715196,50699877,4114338,2351624,23015319,2026.03
승용차,8703,2026-03-01,8703602000,중고차,1033944,70034,35506,1900,963910,2026.03
승용차,8703,2026-03-01,8703702000,중고차,283245,0,10060,0,283245,2026.03
승용차,8703,2026-03-01,8703801000,신차,891110543,449594432,49382979,29020098,441516111,2026.03
승용차,8703,2026-03-01,8703802000,중고차,961268,104016,139940,12748,857252,2026.03
승용차,8703,2026-03-01,8703900000,기타,14566,0,1750,0,14566,2026.03
승용차,8703,2026-04-01,8703102000,골프용차,149267,1117377,8378,104877,-968110,2026.04
승용차,8703,2026-04-01,8703109000,기타,0,688753,0,105448,-688753,2026.04
승용차,8703,2026-04-01,8703217000,신차,82580638,665823,6957991,48326,81914815,2026.04
승용차,8703,2026-04-01,8703218000,중고차,11544890,14909,3984966,16040,11529981,2026.04
승용차,8703,2026-04-01,8703227000,신차,818703723,688699,71763965,47998,818015024,2026.04
승용차,8703,2026-04-01,8703228000,중고차,10280626,41142,1732598,6850,10239484,2026.04
승용차,8703,2026-04-01,8703231010,신차,980114364,156273261,83493123,10591831,823841103,2026.04
승용차,8703,2026-04-01,8703231020,중고차,196218889,411596,39638041,80596,195807293,2026.04
승용차,8703,2026-04-01,8703239010,신차,212842021,37073880,16256075,1223882,175768141,2026.04
승용차,8703,2026-04-01,8703239020,중고차,116704448,841396,13431505,45334,115863052,2026.04
승용차,8703,2026-04-01,8703241010,신차,591364856,12993650,40371295,236684,578371206,2026.04
승용차,8703,2026-04-01,8703241020,중고차,27935700,115821,1612826,23037,27819879,2026.04
승용차,8703,2026-04-01,8703249010,신차,4718855,23140223,27760,625238,-18421368,2026.04
승용차,8703,2026-04-01,8703249020,중고차,11552179,879254,374307,8760,10672925,2026.04
승용차,8703,2026-04-01,8703317000,신차,16806,143629,1140,11686,-126823,2026.04
승용차,8703,2026-04-01,8703318000,중고차,916158,0,323845,0,916158,2026.04
승용차,8703,2026-04-01,8703321010,신차,41423508,9879390,2672080,649248,31544118,2026.04
승용차,8703,2026-04-01,8703321020,중고차,65420566,4838,15475385,4605,65415728,2026.04
승용차,8703,2026-04-01,8703329010,신차,73532633,48225,5185188,2200,73484408,2026.04
승용차,8703,2026-04-01,8703329020,중고차,57935479,291226,11023277,18895,57644253,2026.04
승용차,8703,2026-04-01,8703337000,신차,0,742132,0,39542,-742132,2026.04
승용차,8703,2026-04-01,8703338000,중고차,18420856,0,2299528,0,18420856,2026.04
승용차,8703,2026-04-01,8703401000,신차,1480916853,336699941,105636511,15718197,1144216912,2026.04
승용차,8703,2026-04-01,8703402000,중고차,31814438,275976,1531301,9680,31538462,2026.04
승용차,8703,2026-04-01,8703501000,신차,0,46493638,0,1934031,-46493638,2026.04
승용차,8703,2026-04-01,8703502000,중고차,4137703,0,176976,0,4137703,2026.04
승용차,8703,2026-04-01,8703601000,신차,80216517,43387406,4385845,1960882,36829111,2026.04
승용차,8703,2026-04-01,8703602000,중고차,544514,0,32262,0,544514,2026.04
승용차,8703,2026-04-01,8703702000,중고차,16440,0,2420,0,16440,2026.04
승용차,8703,2026-04-01,8703801000,신차,920842225,546682253,51263816,35540780,374159972,2026.04
승용차,8703,2026-04-01,8703802000,중고차,840542,253195,89528,8052,587347,2026.04
승용차,8703,2026-04-01,8703900000,기타,26129,0,7080,0,26129,2026.04
승용차,8703,2026-05-01,8703102000,골프용차,801745,999595,61835,88828,-197850,2026.05
승용차,8703,2026-05-01,8703109000,기타,26130,550951,800,84200,-524821,2026.05
승용차,8703,2026-05-01,8703217000,신차,154906014,988670,11852600,79416,153917344,2026.05
승용차,8703,2026-05-01,8703218000,중고차,11273470,42219,3760040,10300,11231251,2026.05
승용차,8703,2026-05-01,8703227000,신차,794351129,262148,69113540,13863,794088981,2026.05
승용차,8703,2026-05-01,8703228000,중고차,10364546,81633,1602944,14078,10282913,2026.05
승용차,8703,2026-05-01,8703231010,신차,800893408,223975577,67276192,13956915,576917831,2026.05
승용차,8703,2026-05-01,8703231020,중고차,182832530,579473,33943499,136386,182253057,2026.05
승용차,8703,2026-05-01,8703239010,신차,327446895,43091757,25380317,1405971,284355138,2026.05
승용차,8703,2026-05-01,8703239020,중고차,103624783,271677,11094591,46212,103353106,2026.05
승용차,8703,2026-05-01,8703241010,신차,560231073,14957466,36965014,256220,545273607,2026.05
승용차,8703,2026-05-01,8703241020,중고차,26011870,58547,1550614,16129,25953323,2026.05
승용차,8703,2026-05-01,8703249010,신차,732766,16919318,22920,294910,-16186552,2026.05
승용차,8703,2026-05-01,8703249020,중고차,12072259,77583,443688,13945,11994676,2026.05
승용차,8703,2026-05-01,8703317000,신차,16500,142386,1420,13306,-125886,2026.05
승용차,8703,2026-05-01,8703318000,중고차,688570,0,268690,0,688570,2026.05
승용차,8703,2026-05-01,8703321010,신차,27496719,9368138,1866038,571032,18128581,2026.05
승용차,8703,2026-05-01,8703321020,중고차,60860954,116498,12747149,18990,60744456,2026.05
승용차,8703,2026-05-01,8703329010,신차,25053260,0,1995020,0,25053260,2026.05
승용차,8703,2026-05-01,8703329020,중고차,46984761,112920,8627295,27183,46871841,2026.05
승용차,8703,2026-05-01,8703337000,신차,139369,3257891,5340,172135,-3118522,2026.05
승용차,8703,2026-05-01,8703338000,중고차,19354354,14172,1643162,10887,19340182,2026.05
승용차,8703,2026-05-01,8703401000,신차,1451038129,369517274,103449121,16176859,1081520855,2026.05
승용차,8703,2026-05-01,8703402000,중고차,33893738,2786,1606262,7125,33890952,2026.05
승용차,8703,2026-05-01,8703501000,신차,0,55166366,0,2102325,-55166366,2026.05
승용차,8703,2026-05-01,8703502000,중고차,4487346,0,194914,0,4487346,2026.05
승용차,8703,2026-05-01,8703601000,신차,55235855,52446751,3083636,2430932,2789104,2026.05
승용차,8703,2026-05-01,8703602000,중고차,670747,0,37896,0,670747,2026.05
승용차,8703,2026-05-01,8703702000,중고차,445551,0,17545,0,445551,2026.05
승용차,8703,2026-05-01,8703801000,신차,767882232,614887575,41843446,34287471,152994657,2026.05
승용차,8703,2026-05-01,8703802000,중고차,972691,0,85781,0,972691,2026.05
승용차,8703,2026-05-01,8703900000,기타,23551,603,1900,173,22948,2026.05
승용차,8703,2026-06-01,8703101000,설상주행용,0,10,0,14,-10,2026.06
승용차,8703,2026-06-01,8703102000,골프용차,1063176,938774,72307,82602,124402,2026.06
승용차,8703,2026-06-01,8703109000,기타,0,574388,0,106749,-574388,2026.06
승용차,8703,2026-06-01,8703217000,신차,196210986,716209,15949282,48328,195494777,2026.06
승용차,8703,2026-06-01,8703218000,중고차,12153405,3340,4354981,2100,12150065,2026.06
승용차,8703,2026-06-01,8703227000,신차,799779211,371812,70331608,13884,799407399,2026.06
승용차,8703,2026-06-01,8703228000,중고차,11672464,2138,1930426,1530,11670326,2026.06
승용차,8703,2026-06-01,8703231010,신차,885857976,240932023,76151947,16430189,644925953,2026.06
승용차,8703,2026-06-01,8703231020,중고차,239121630,150022,42523271,44567,238971608,2026.06
승용차,8703,2026-06-01,8703239010,신차,583474023,57938388,41561880,1894605,525535635,2026.06
승용차,8703,2026-06-01,8703239020,중고차,138095487,231621,14538853,53445,137863866,2026.06
승용차,8703,2026-06-01,8703241010,신차,422823015,18287789,28151597,271757,404535226,2026.06
승용차,8703,2026-06-01,8703241020,중고차,33705821,133705,2134614,24089,33572116,2026.06
승용차,8703,2026-06-01,8703249010,신차,346119,14422849,10075,165408,-14076730,2026.06
승용차,8703,2026-06-01,8703249020,중고차,12944321,46288,479476,13009,12898033,2026.06
승용차,8703,2026-06-01,8703317000,신차,21500,1822448,1480,18144,-1800948,2026.06
승용차,8703,2026-06-01,8703318000,중고차,824682,0,287790,0,824682,2026.06
승용차,8703,2026-06-01,8703321010,신차,33646158,19872997,2109686,1413858,13773161,2026.06
승용차,8703,2026-06-01,8703321020,중고차,64633803,4061,13152125,5190,64629742,2026.06
승용차,8703,2026-06-01,8703329010,신차,36001840,0,2754073,0,36001840,2026.06
승용차,8703,2026-06-01,8703329020,중고차,52691132,1015,9613236,11145,52690117,2026.06
승용차,8703,2026-06-01,8703337000,신차,0,6716576,0,360717,-6716576,2026.06
승용차,8703,2026-06-01,8703338000,중고차,21868106,1722,1949323,7140,21866384,2026.06
승용차,8703,2026-06-01,8703401000,신차,1840292732,792471414,132711463,38774133,1047821318,2026.06
승용차,8703,2026-06-01,8703402000,중고차,48582947,40966,2435431,4250,48541981,2026.06
승용차,8703,2026-06-01,8703501000,신차,0,74742604,0,3313443,-74742604,2026.06
승용차,8703,2026-06-01,8703502000,중고차,6305692,0,283708,0,6305692,2026.06
승용차,8703,2026-06-01,8703601000,신차,67385331,63726176,3559773,3304474,3659155,2026.06
승용차,8703,2026-06-01,8703602000,중고차,1146203,0,68162,0,1146203,2026.06
승용차,8703,2026-06-01,8703702000,중고차,349834,0,16640,0,349834,2026.06
승용차,8703,2026-06-01,8703801000,신차,847745037,473315197,49010685,31520393,374429840,2026.06
승용차,8703,2026-06-01,8703802000,중고차,1541472,144625,121653,5334,1396847,2026.06
승용차,8703,2026-06-01,8703900000,기타,34395,11060,4825,326,23335,2026.06
승용차,8703,2026-07-01,8703102000,골프용차,696166,536603,46595,50844,159563,2026.07
승용차,8703,2026-07-01,8703109000,기타,22026,606251,700,97203,-584225,2026.07
승용차,8703,2026-07-01,8703217000,신차,222009585,926534,18400229,67238,221083051,2026.07
승용차,8703,2026-07-01,8703218000,중고차,11587053,12897,4827830,1670,11574156,2026.07
승용차,8703,2026-07-01,8703227000,신차,740750427,568295,62419122,51416,740182132,2026.07
승용차,8703,2026-07-01,8703228000,중고차,10474585,35621,1787051,4460,10438964,2026.07
승용차,8703,2026-07-01,8703231010,신차,826679843,130934192,71279227,8804926,695745651,2026.07
승용차,8703,2026-07-01,8703231020,중고차,218898687,861028,42687568,87387,218037659,2026.07
승용차,8703,2026-07-01,8703239010,신차,618409339,20669093,46224747,726544,597740246,2026.07
승용차,8703,2026-07-01,8703239020,중고차,117539447,524246,14563668,55543,117015201,2026.07
승용차,8703,2026-07-01,8703241010,신차,410930947,7229771,26654684,119784,403701176,2026.07
승용차,8703,2026-07-01,8703241020,중고차,29581506,152893,2067907,26185,29428613,2026.07
승용차,8703,2026-07-01,8703249010,신차,144890,7936975,7550,58877,-7792085,2026.07
승용차,8703,2026-07-01,8703249020,중고차,15106123,10500,572652,5130,15095623,2026.07
승용차,8703,2026-07-01,8703317000,신차,0,39006,0,2768,-39006,2026.07
승용차,8703,2026-07-01,8703318000,중고차,916985,0,314608,0,916985,2026.07
승용차,8703,2026-07-01,8703321010,신차,37640929,6187114,2268382,336636,31453815,2026.07
승용차,8703,2026-07-01,8703321020,중고차,65846849,34579,14375200,3930,65812270,2026.07
승용차,8703,2026-07-01,8703329010,신차,26758319,0,1995858,0,26758319,2026.07
승용차,8703,2026-07-01,8703329020,중고차,57097882,119581,10804230,35259,56978301,2026.07
승용차,8703,2026-07-01,8703337000,신차,38225,0,2765,0,38225,2026.07
승용차,8703,2026-07-01,8703338000,중고차,15586450,336,1776714,4580,15586114,2026.07
승용차,8703,2026-07-01,8703401000,신차,1529805375,215919512,108683358,9607448,1313885863,2026.07
승용차,8703,2026-07-01,8703402000,중고차,38066504,166683,2280678,8150,37899821,2026.07
승용차,8703,2026-07-01,8703501000,신차,0,35305581,0,1284385,-35305581,2026.07
승용차,8703,2026-07-01,8703502000,중고차,7099614,0,321204,0,7099614,2026.07
승용차,8703,2026-07-01,8703601000,신차,69130079,30362291,3784127,1485513,38767788,2026.07
승용차,8703,2026-07-01,8703602000,중고차,1049752,0,57647,0,1049752,2026.07
승용차,8703,2026-07-01,8703702000,중고차,310210,0,15830,0,310210,2026.07
승용차,8703,2026-07-01,8703801000,신차,880606437,514830168,50914107,35420893,365776269,2026.07
승용차,8703,2026-07-01,8703802000,중고차,1994817,307311,169260,16447,1687506,2026.07
승용차,8703,2026-07-01,8703900000,기타,48232,521,6750,103,47711,2026.07
자동차부품,8708,2025-01-01,8708100000,완충기와 그 부분품,15674181,14780576,1391774,483255,893605,2025.01
자동차부품,8708,2025-01-01,8708210000,안전벨트,6641656,4601514,599737,431673,2040142,2025.01
자동차부품,8708,2025-01-01,8708220000,"이 류의 소호주 제1호에서 규정한 전방 윈드스크린(윈드쉴드), 후방 창문과 그 밖의 창문",3287016,5526307,479701,619039,-2239291,2025.01
자동차부품,8708,2025-01-01,8708290000,기타,192709371,40366852,28540434,2224192,152342519,2025.01
자동차부품,8708,2025-01-01,8708301000,장착된 브레이크 라이닝,91964,49626,7389,10733,42338,2025.01
자동차부품,8708,2025-01-01,8708302000,브레이크 부스터,10493,4912134,213,110195,-4901641,2025.01
자동차부품,8708,2025-01-01,8708303000,전자 제어식 제동장치,23757,31696,1132,6629,-7939,2025.01
자동차부품,8708,2025-01-01,8708309000,기타,55059460,31528510,8527917,5674894,23530950,2025.01
자동차부품,8708,2025-01-01,8708400000,기어박스와 그 부분품,221850146,76164977,19467612,5215579,145685169,2025.01
자동차부품,8708,2025-01-01,8708501000,차동장치를 갖춘 구동 차축(변속장치를 갖추었는지에 상관없다)과 그 부분품,118004526,14408479,18743537,2048337,103596047,2025.01
자동차부품,8708,2025-01-01,8708502000,비구동 차축과 그 부분품,16723870,1232823,2994871,341778,15491047,2025.01
자동차부품,8708,2025-01-01,8708700000,로드 휠(road wheel)과 그 부분품ㆍ부속품,19142795,34475517,3516539,7608098,-15332722,2025.01
자동차부품,8708,2025-01-01,8708800000,서스펜션 시스템(suspension system)과 그 부분품[쇼크업소버(shock-absorber)를 포함한다],58663616,16654972,8931979,1853179,42008644,2025.01
자동차부품,8708,2025-01-01,8708910000,방열기와 그 부분품,6554344,2423124,513883,213183,4131220,2025.01
자동차부품,8708,2025-01-01,8708920000,"소음기(머플러), 배기관, 그 부분품",8685205,3804695,1132422,590172,4880510,2025.01
자동차부품,8708,2025-01-01,8708930000,클러치와 그 부분품,31578819,5037160,3671715,313000,26541659,2025.01
자동차부품,8708,2025-01-01,8708940000,운전대ㆍ스티어링칼럼(steering column)ㆍ운전박스와 그 부분품,53012696,27174043,7606396,1827312,25838653,2025.01
자동차부품,8708,2025-01-01,8708951000,에어백,2574927,9609918,90237,447812,-7034991,2025.01
자동차부품,8708,2025-01-01,8708959000,기타,10400961,28064664,974276,2063777,-17663703,2025.01
자동차부품,8708,2025-01-01,8708991010,제8701호의 것,88937,61928,17227,1046,27009,2025.01
자동차부품,8708,2025-01-01,8708991020,제8702호의 것,3012,13473,4200,452,-10461,2025.01
자동차부품,8708,2025-01-01,8708991030,제8703호의 것,24022785,1536591,1471460,83844,22486194,2025.01
자동차부품,8708,2025-01-01,8708991040,제8704호의 것,20442,242960,7242,8987,-222518,2025.01
자동차부품,8708,2025-01-01,8708991050,제8705호의 것,0,138170,0,7732,-138170,2025.01
자동차부품,8708,2025-01-01,8708999000,기타,457147359,52473069,54315529,4015983,404674290,2025.01
자동차부품,8708,2025-02-01,8708100000,완충기와 그 부분품,17771272,8583859,1397302,326722,9187413,2025.02
자동차부품,8708,2025-02-01,8708210000,안전벨트,7610309,6468588,693848,569817,1141721,2025.02
자동차부품,8708,2025-02-01,8708220000,"이 류의 소호주 제1호에서 규정한 전방 윈드스크린(윈드쉴드), 후방 창문과 그 밖의 창문",3548080,6815775,491652,866618,-3267695,2025.02
자동차부품,8708,2025-02-01,8708290000,기타,240870673,39005468,37308013,2454892,201865205,2025.02
자동차부품,8708,2025-02-01,8708301000,장착된 브레이크 라이닝,71715,93142,9640,19491,-21427,2025.02
자동차부품,8708,2025-02-01,8708302000,브레이크 부스터,163686,3596638,514,74229,-3432952,2025.02
자동차부품,8708,2025-02-01,8708303000,전자 제어식 제동장치,13540,8017,982,952,5523,2025.02
자동차부품,8708,2025-02-01,8708309000,기타,61360451,31849584,10780972,4570411,29510867,2025.02
자동차부품,8708,2025-02-01,8708400000,기어박스와 그 부분품,255653360,82008444,21710219,5078309,173644916,2025.02
자동차부품,8708,2025-02-01,8708501000,차동장치를 갖춘 구동 차축(변속장치를 갖추었는지에 상관없다)과 그 부분품,122303596,22495432,19559956,3134254,99808164,2025.02
자동차부품,8708,2025-02-01,8708502000,비구동 차축과 그 부분품,20223984,1557326,3306070,375133,18666658,2025.02
자동차부품,8708,2025-02-01,8708700000,로드 휠(road wheel)과 그 부분품ㆍ부속품,27629152,38082013,4818774,8854719,-10452861,2025.02
자동차부품,8708,2025-02-01,8708800000,서스펜션 시스템(suspension system)과 그 부분품[쇼크업소버(shock-absorber)를 포함한다],74648606,17130418,11243026,1471176,57518188,2025.02
자동차부품,8708,2025-02-01,8708910000,방열기와 그 부분품,8638602,2949786,665801,258603,5688816,2025.02
자동차부품,8708,2025-02-01,8708920000,"소음기(머플러), 배기관, 그 부분품",10419436,3483563,1362248,518716,6935873,2025.02
자동차부품,8708,2025-02-01,8708930000,클러치와 그 부분품,42054223,6471126,4731400,491008,35583097,2025.02
자동차부품,8708,2025-02-01,8708940000,운전대ㆍ스티어링칼럼(steering column)ㆍ운전박스와 그 부분품,65879655,25334966,9070444,1527947,40544689,2025.02
자동차부품,8708,2025-02-01,8708951000,에어백,3529070,8978199,134151,390755,-5449129,2025.02
자동차부품,8708,2025-02-01,8708959000,기타,11777218,29969654,1053116,2097914,-18192436,2025.02
자동차부품,8708,2025-02-01,8708991010,제8701호의 것,65807,30019,29117,589,35788,2025.02
자동차부품,8708,2025-02-01,8708991020,제8702호의 것,1864,4794,4800,174,-2930,2025.02
자동차부품,8708,2025-02-01,8708991030,제8703호의 것,34823981,1460885,2095120,80847,33363096,2025.02
자동차부품,8708,2025-02-01,8708991040,제8704호의 것,122042,171571,64055,9548,-49529,2025.02
자동차부품,8708,2025-02-01,8708991050,제8705호의 것,55700,34279,3716,1065,21421,2025.02
자동차부품,8708,2025-02-01,8708999000,기타,558180768,56346698,65520278,4249522,501834070,2025.02
자동차부품,8708,2025-03-01,8708100000,완충기와 그 부분품,18385326,12752759,1511630,487306,5632567,2025.03
자동차부품,8708,2025-03-01,8708210000,안전벨트,7951370,6701582,721843,585978,1249788,2025.03
자동차부품,8708,2025-03-01,8708220000,"이 류의 소호주 제1호에서 규정한 전방 윈드스크린(윈드쉴드), 후방 창문과 그 밖의 창문",4304088,6086913,625161,724704,-1782825,2025.03
자동차부품,8708,2025-03-01,8708290000,기타,241866432,45550849,36651115,2676845,196315583,2025.03
자동차부품,8708,2025-03-01,8708301000,장착된 브레이크 라이닝,139742,151905,11117,29815,-12163,2025.03
자동차부품,8708,2025-03-01,8708302000,브레이크 부스터,17539,4777880,511,112307,-4760341,2025.03
자동차부품,8708,2025-03-01,8708303000,전자 제어식 제동장치,28276,22719,1088,3938,5557,2025.03
자동차부품,8708,2025-03-01,8708309000,기타,62307297,34460057,10604489,5065784,27847240,2025.03
자동차부품,8708,2025-03-01,8708400000,기어박스와 그 부분품,236544813,93876777,20456966,5993322,142668036,2025.03
자동차부품,8708,2025-03-01,8708501000,차동장치를 갖춘 구동 차축(변속장치를 갖추었는지에 상관없다)과 그 부분품,131030318,19510652,20951074,2655311,111519666,2025.03
자동차부품,8708,2025-03-01,8708502000,비구동 차축과 그 부분품,19992160,1307854,3081806,340315,18684306,2025.03
자동차부품,8708,2025-03-01,8708700000,로드 휠(road wheel)과 그 부분품ㆍ부속품,25453610,34800034,4425589,7751357,-9346424,2025.03
자동차부품,8708,2025-03-01,8708800000,서스펜션 시스템(suspension system)과 그 부분품[쇼크업소버(shock-absorber)를 포함한다],73867083,19521146,11284611,1984113,54345937,2025.03
자동차부품,8708,2025-03-01,8708910000,방열기와 그 부분품,9425704,3422766,725086,299884,6002938,2025.03
자동차부품,8708,2025-03-01,8708920000,"소음기(머플러), 배기관, 그 부분품",9496790,3820380,1155147,595953,5676410,2025.03
자동차부품,8708,2025-03-01,8708930000,클러치와 그 부분품,41448505,6553922,4884751,412308,34894583,2025.03
자동차부품,8708,2025-03-01,8708940000,운전대ㆍ스티어링칼럼(steering column)ㆍ운전박스와 그 부분품,66011654,29343055,9210434,1722244,36668599,2025.03
자동차부품,8708,2025-03-01,8708951000,에어백,3296625,9848434,128638,430986,-6551809,2025.03
자동차부품,8708,2025-03-01,8708959000,기타,11207843,32564818,1017783,2368552,-21356975,2025.03
자동차부품,8708,2025-03-01,8708991010,제8701호의 것,29188,24747,45296,544,4441,2025.03
자동차부품,8708,2025-03-01,8708991020,제8702호의 것,39960,15543,1656,2609,24417,2025.03
자동차부품,8708,2025-03-01,8708991030,제8703호의 것,34323569,1830467,1968731,104214,32493102,2025.03
자동차부품,8708,2025-03-01,8708991040,제8704호의 것,28895,32301,26070,3577,-3406,2025.03
자동차부품,8708,2025-03-01,8708991050,제8705호의 것,160032,32601,2176,1162,127431,2025.03
자동차부품,8708,2025-03-01,8708999000,기타,555598738,63331666,65167338,4708351,492267072,2025.03
자동차부품,8708,2025-04-01,8708100000,완충기와 그 부분품,22684186,10870086,1750156,479573,11814100,2025.04
자동차부품,8708,2025-04-01,8708210000,안전벨트,10277921,6327522,965416,604122,3950399,2025.04
자동차부품,8708,2025-04-01,8708220000,"이 류의 소호주 제1호에서 규정한 전방 윈드스크린(윈드쉴드), 후방 창문과 그 밖의 창문",4703340,6700300,575833,722310,-1996960,2025.04
자동차부품,8708,2025-04-01,8708290000,기타,275761570,50431773,41506433,3098845,225329797,2025.04
자동차부품,8708,2025-04-01,8708301000,장착된 브레이크 라이닝,123441,85697,10639,11329,37744,2025.04
자동차부품,8708,2025-04-01,8708302000,브레이크 부스터,100161,4241211,3333,90961,-4141050,2025.04
자동차부품,8708,2025-04-01,8708303000,전자 제어식 제동장치,5852,284,189,3,5568,2025.04
자동차부품,8708,2025-04-01,8708309000,기타,74084881,33454154,11326005,5689817,40630727,2025.04
자동차부품,8708,2025-04-01,8708400000,기어박스와 그 부분품,265158106,109059287,23694950,6952044,156098819,2025.04
자동차부품,8708,2025-04-01,8708501000,차동장치를 갖춘 구동 차축(변속장치를 갖추었는지에 상관없다)과 그 부분품,139803283,19350859,22486491,2536210,120452424,2025.04
자동차부품,8708,2025-04-01,8708502000,비구동 차축과 그 부분품,24907611,1800678,3957113,546437,23106933,2025.04
자동차부품,8708,2025-04-01,8708700000,로드 휠(road wheel)과 그 부분품ㆍ부속품,27994205,47698294,5054570,10945949,-19704089,2025.04
자동차부품,8708,2025-04-01,8708800000,서스펜션 시스템(suspension system)과 그 부분품[쇼크업소버(shock-absorber)를 포함한다],79521777,22558379,11882587,2307439,56963398,2025.04
자동차부품,8708,2025-04-01,8708910000,방열기와 그 부분품,10309500,3760369,839658,331715,6549131,2025.04
자동차부품,8708,2025-04-01,8708920000,"소음기(머플러), 배기관, 그 부분품",11741783,4331776,1432489,689190,7410007,2025.04
자동차부품,8708,2025-04-01,8708930000,클러치와 그 부분품,43507424,6398377,4912041,471640,37109047,2025.04
자동차부품,8708,2025-04-01,8708940000,운전대ㆍ스티어링칼럼(steering column)ㆍ운전박스와 그 부분품,71530815,32591983,9442250,2022596,38938832,2025.04
자동차부품,8708,2025-04-01,8708951000,에어백,3213905,12040047,136676,541525,-8826142,2025.04
자동차부품,8708,2025-04-01,8708959000,기타,11714800,33492821,1094784,2331029,-21778021,2025.04
자동차부품,8708,2025-04-01,8708991010,제8701호의 것,25718,38840,31900,730,-13122,2025.04
자동차부품,8708,2025-04-01,8708991020,제8702호의 것,40170,11216,2021,1753,28954,2025.04
자동차부품,8708,2025-04-01,8708991030,제8703호의 것,32405498,2115521,1856124,111793,30289977,2025.04
자동차부품,8708,2025-04-01,8708991040,제8704호의 것,220239,195954,87511,11278,24285,2025.04
자동차부품,8708,2025-04-01,8708991050,제8705호의 것,0,581704,0,29183,-581704,2025.04
자동차부품,8708,2025-04-01,8708999000,기타,598436264,66125279,70315559,5009526,532310985,2025.04
자동차부품,8708,2025-05-01,8708100000,완충기와 그 부분품,16184300,11695540,1131115,455884,4488760,2025.05
자동차부품,8708,2025-05-01,8708210000,안전벨트,7831413,5641555,753222,551303,2189858,2025.05
자동차부품,8708,2025-05-01,8708220000,"이 류의 소호주 제1호에서 규정한 전방 윈드스크린(윈드쉴드), 후방 창문과 그 밖의 창문",3567117,6431447,455805,662951,-2864330,2025.05
자동차부품,8708,2025-05-01,8708290000,기타,225266594,48571958,34424144,3091913,176694636,2025.05
자동차부품,8708,2025-05-01,8708301000,장착된 브레이크 라이닝,239372,85257,18217,11297,154115,2025.05
자동차부품,8708,2025-05-01,8708302000,브레이크 부스터,845,1462295,704,32229,-1461450,2025.05
자동차부품,8708,2025-05-01,8708303000,전자 제어식 제동장치,49523,26184,4516,3586,23339,2025.05
자동차부품,8708,2025-05-01,8708309000,기타,61045002,37472220,9308248,4709458,23572782,2025.05
자동차부품,8708,2025-05-01,8708400000,기어박스와 그 부분품,207212891,99240500,18599634,6134314,107972391,2025.05
자동차부품,8708,2025-05-01,8708501000,차동장치를 갖춘 구동 차축(변속장치를 갖추었는지에 상관없다)과 그 부분품,117462967,12688774,18931268,2125758,104774193,2025.05
자동차부품,8708,2025-05-01,8708502000,비구동 차축과 그 부분품,18136025,1480124,2795706,440311,16655901,2025.05
자동차부품,8708,2025-05-01,8708700000,로드 휠(road wheel)과 그 부분품ㆍ부속품,23756685,44268295,4316845,10318524,-20511610,2025.05
자동차부품,8708,2025-05-01,8708800000,서스펜션 시스템(suspension system)과 그 부분품[쇼크업소버(shock-absorber)를 포함한다],70489759,22649813,10878770,2267713,47839946,2025.05
자동차부품,8708,2025-05-01,8708910000,방열기와 그 부분품,8166539,4260691,621520,358242,3905848,2025.05
자동차부품,8708,2025-05-01,8708920000,"소음기(머플러), 배기관, 그 부분품",10733012,4113636,1280247,643187,6619376,2025.05
자동차부품,8708,2025-05-01,8708930000,클러치와 그 부분품,39051724,7206225,4405542,530412,31845499,2025.05
자동차부품,8708,2025-05-01,8708940000,운전대ㆍ스티어링칼럼(steering column)ㆍ운전박스와 그 부분품,59154215,28057602,7853810,1860837,31096613,2025.05
자동차부품,8708,2025-05-01,8708951000,에어백,2037844,11579535,88808,538093,-9541691,2025.05
자동차부품,8708,2025-05-01,8708959000,기타,10470441,28394721,972357,2020581,-17924280,2025.05
자동차부품,8708,2025-05-01,8708991010,제8701호의 것,45706,117098,23327,2881,-71392,2025.05
자동차부품,8708,2025-05-01,8708991020,제8702호의 것,0,13846,0,1336,-13846,2025.05
자동차부품,8708,2025-05-01,8708991030,제8703호의 것,21269065,2234489,1228387,93653,19034576,2025.05
자동차부품,8708,2025-05-01,8708991040,제8704호의 것,92029,73557,61668,6895,18472,2025.05
자동차부품,8708,2025-05-01,8708991050,제8705호의 것,36739,14,2008,21,36725,2025.05
자동차부품,8708,2025-05-01,8708999000,기타,501862661,62457924,61193939,4722971,439404737,2025.05
자동차부품,8708,2025-06-01,8708100000,완충기와 그 부분품,16928760,13558307,1153273,435777,3370453,2025.06
자동차부품,8708,2025-06-01,8708210000,안전벨트,9077954,5233283,836452,516396,3844671,2025.06
자동차부품,8708,2025-06-01,8708220000,"이 류의 소호주 제1호에서 규정한 전방 윈드스크린(윈드쉴드), 후방 창문과 그 밖의 창문",5344867,6099177,735946,638862,-754310,2025.06
자동차부품,8708,2025-06-01,8708290000,기타,243884037,54121352,37422302,2858009,189762685,2025.06
자동차부품,8708,2025-06-01,8708301000,장착된 브레이크 라이닝,71411,84706,6123,5563,-13295,2025.06
자동차부품,8708,2025-06-01,8708302000,브레이크 부스터,54058,965390,1350,38484,-911332,2025.06
자동차부품,8708,2025-06-01,8708303000,전자 제어식 제동장치,52609,23570,2686,2586,29039,2025.06
자동차부품,8708,2025-06-01,8708309000,기타,65260257,42407733,10380646,5088831,22852524,2025.06
자동차부품,8708,2025-06-01,8708400000,기어박스와 그 부분품,238268966,117507825,21376600,7246610,120761141,2025.06
자동차부품,8708,2025-06-01,8708501000,차동장치를 갖춘 구동 차축(변속장치를 갖추었는지에 상관없다)과 그 부분품,119656388,17993012,19081491,2714770,101663376,2025.06
자동차부품,8708,2025-06-01,8708502000,비구동 차축과 그 부분품,20645275,1698971,3260130,505172,18946304,2025.06
자동차부품,8708,2025-06-01,8708700000,로드 휠(road wheel)과 그 부분품ㆍ부속품,28093540,36699059,5042995,8559002,-8605519,2025.06
자동차부품,8708,2025-06-01,8708800000,서스펜션 시스템(suspension system)과 그 부분품[쇼크업소버(shock-absorber)를 포함한다],78398416,22583380,12136347,2242551,55815036,2025.06
자동차부품,8708,2025-06-01,8708910000,방열기와 그 부분품,9453585,3746234,655741,315243,5707351,2025.06
자동차부품,8708,2025-06-01,8708920000,"소음기(머플러), 배기관, 그 부분품",10748327,4907473,1204708,691433,5840854,2025.06
자동차부품,8708,2025-06-01,8708930000,클러치와 그 부분품,39467231,7782262,4582711,544511,31684969,2025.06
자동차부품,8708,2025-06-01,8708940000,운전대ㆍ스티어링칼럼(steering column)ㆍ운전박스와 그 부분품,67934187,30916015,9057673,1976824,37018172,2025.06
자동차부품,8708,2025-06-01,8708951000,에어백,2148412,12305729,93598,574860,-10157317,2025.06
자동차부품,8708,2025-06-01,8708959000,기타,10800249,33118329,1020375,2235450,-22318080,2025.06
자동차부품,8708,2025-06-01,8708991010,제8701호의 것,62711,43679,2761,748,19032,2025.06
자동차부품,8708,2025-06-01,8708991020,제8702호의 것,13,0,1,0,13,2025.06
자동차부품,8708,2025-06-01,8708991030,제8703호의 것,29912714,1896754,1706014,99754,28015960,2025.06
자동차부품,8708,2025-06-01,8708991040,제8704호의 것,85234,32553,28094,3550,52681,2025.06
자동차부품,8708,2025-06-01,8708991050,제8705호의 것,0,51733,0,2134,-51733,2025.06
자동차부품,8708,2025-06-01,8708999000,기타,524094018,61014289,63659488,4261714,463079729,2025.06
자동차부품,8708,2025-07-01,8708100000,완충기와 그 부분품,19011492,11041943,1521445,334449,7969549,2025.07
자동차부품,8708,2025-07-01,8708210000,안전벨트,9478656,5702047,887211,543060,3776609,2025.07
자동차부품,8708,2025-07-01,8708220000,"이 류의 소호주 제1호에서 규정한 전방 윈드스크린(윈드쉴드), 후방 창문과 그 밖의 창문",8860773,6941729,1527616,896202,1919044,2025.07
자동차부품,8708,2025-07-01,8708290000,기타,278752160,50402353,43557659,3212129,228349807,2025.07
자동차부품,8708,2025-07-01,8708301000,장착된 브레이크 라이닝,122695,230011,18003,23968,-107316,2025.07
자동차부품,8708,2025-07-01,8708302000,브레이크 부스터,468543,1522150,6129,64977,-1053607,2025.07
자동차부품,8708,2025-07-01,8708303000,전자 제어식 제동장치,43017,6462,1137,1009,36555,2025.07
자동차부품,8708,2025-07-01,8708309000,기타,72137157,30030376,11679909,4283781,42106781,2025.07
자동차부품,8708,2025-07-01,8708400000,기어박스와 그 부분품,260995320,100524240,23431854,6101874,160471080,2025.07
자동차부품,8708,2025-07-01,8708501000,차동장치를 갖춘 구동 차축(변속장치를 갖추었는지에 상관없다)과 그 부분품,135368912,14997712,21662482,2240257,120371200,2025.07
자동차부품,8708,2025-07-01,8708502000,비구동 차축과 그 부분품,23901201,1197642,3714301,262327,22703559,2025.07
자동차부품,8708,2025-07-01,8708700000,로드 휠(road wheel)과 그 부분품ㆍ부속품,29578315,34910524,5148382,7571281,-5332209,2025.07
자동차부품,8708,2025-07-01,8708800000,서스펜션 시스템(suspension system)과 그 부분품[쇼크업소버(shock-absorber)를 포함한다],84597011,20427202,13508931,1984664,64169809,2025.07
자동차부품,8708,2025-07-01,8708910000,방열기와 그 부분품,8879637,3811734,654431,319194,5067903,2025.07
자동차부품,8708,2025-07-01,8708920000,"소음기(머플러), 배기관, 그 부분품",12881025,3801920,1581528,566430,9079105,2025.07
자동차부품,8708,2025-07-01,8708930000,클러치와 그 부분품,41337317,6526266,4691315,519432,34811051,2025.07
자동차부품,8708,2025-07-01,8708940000,운전대ㆍ스티어링칼럼(steering column)ㆍ운전박스와 그 부분품,78343818,28013818,9963013,1722255,50330000,2025.07
자동차부품,8708,2025-07-01,8708951000,에어백,3568897,10613824,141756,495912,-7044927,2025.07
자동차부품,8708,2025-07-01,8708959000,기타,12104568,28446865,1180172,2009764,-16342297,2025.07
자동차부품,8708,2025-07-01,8708991010,제8701호의 것,45247,55545,1055,1186,-10298,2025.07
자동차부품,8708,2025-07-01,8708991020,제8702호의 것,156912,1364,2857,79,155548,2025.07
자동차부품,8708,2025-07-01,8708991030,제8703호의 것,36734530,2104544,2050624,114177,34629986,2025.07
자동차부품,8708,2025-07-01,8708991040,제8704호의 것,201528,216546,67151,13448,-15018,2025.07
자동차부품,8708,2025-07-01,8708991050,제8705호의 것,47891,157393,3232,13455,-109502,2025.07
자동차부품,8708,2025-07-01,8708999000,기타,490144122,72262939,64208325,4964033,417881183,2025.07
자동차부품,8708,2025-08-01,8708100000,완충기와 그 부분품,13794349,11100240,1309457,325244,2694109,2025.08
자동차부품,8708,2025-08-01,8708210000,안전벨트,9095230,5457136,847872,494663,3638094,2025.08
자동차부품,8708,2025-08-01,8708220000,"이 류의 소호주 제1호에서 규정한 전방 윈드스크린(윈드쉴드), 후방 창문과 그 밖의 창문",6022422,7375322,1077301,956323,-1352900,2025.08
자동차부품,8708,2025-08-01,8708290000,기타,225474577,50328591,36465016,3242485,175145986,2025.08
자동차부품,8708,2025-08-01,8708301000,장착된 브레이크 라이닝,108681,61175,11981,11422,47506,2025.08
자동차부품,8708,2025-08-01,8708302000,브레이크 부스터,70908,999733,1229,32025,-928825,2025.08
자동차부품,8708,2025-08-01,8708303000,전자 제어식 제동장치,61549,79,3592,2,61470,2025.08
자동차부품,8708,2025-08-01,8708309000,기타,60103634,37603808,9893407,5054232,22499826,2025.08
자동차부품,8708,2025-08-01,8708400000,기어박스와 그 부분품,257665345,106926289,22260967,6194752,150739056,2025.08
자동차부품,8708,2025-08-01,8708501000,차동장치를 갖춘 구동 차축(변속장치를 갖추었는지에 상관없다)과 그 부분품,128030796,18661749,20307571,2770522,109369047,2025.08
자동차부품,8708,2025-08-01,8708502000,비구동 차축과 그 부분품,18876403,1420456,2978078,389159,17455947,2025.08
자동차부품,8708,2025-08-01,8708700000,로드 휠(road wheel)과 그 부분품ㆍ부속품,25545243,38690694,4708081,8643198,-13145451,2025.08
자동차부품,8708,2025-08-01,8708800000,서스펜션 시스템(suspension system)과 그 부분품[쇼크업소버(shock-absorber)를 포함한다],75665220,20203987,12288533,1938879,55461233,2025.08
자동차부품,8708,2025-08-01,8708910000,방열기와 그 부분품,6232708,4482624,453258,414325,1750084,2025.08
자동차부품,8708,2025-08-01,8708920000,"소음기(머플러), 배기관, 그 부분품",11126538,4179195,1400987,658508,6947343,2025.08
자동차부품,8708,2025-08-01,8708930000,클러치와 그 부분품,37737879,5603353,4278308,434949,32134526,2025.08
자동차부품,8708,2025-08-01,8708940000,운전대ㆍ스티어링칼럼(steering column)ㆍ운전박스와 그 부분품,66306694,33572314,8637345,2174083,32734380,2025.08
자동차부품,8708,2025-08-01,8708951000,에어백,2839744,11937182,114046,581988,-9097438,2025.08
자동차부품,8708,2025-08-01,8708959000,기타,9812061,29227185,963096,2000320,-19415124,2025.08
자동차부품,8708,2025-08-01,8708991010,제8701호의 것,38487,20757,36811,427,17730,2025.08
자동차부품,8708,2025-08-01,8708991020,제8702호의 것,178281,42752,3149,3953,135529,2025.08
자동차부품,8708,2025-08-01,8708991030,제8703호의 것,28864443,2165628,1685627,107940,26698815,2025.08
자동차부품,8708,2025-08-01,8708991040,제8704호의 것,41115,16093,23741,2756,25022,2025.08
자동차부품,8708,2025-08-01,8708991050,제8705호의 것,0,184095,0,12967,-184095,2025.08
자동차부품,8708,2025-08-01,8708999000,기타,419998559,65932314,54973839,4817498,354066245,2025.08
자동차부품,8708,2025-09-01,8708100000,완충기와 그 부분품,15554981,12366044,1447794,409941,3188937,2025.09
자동차부품,8708,2025-09-01,8708210000,안전벨트,9916209,5098510,922026,450899,4817699,2025.09
자동차부품,8708,2025-09-01,8708220000,"이 류의 소호주 제1호에서 규정한 전방 윈드스크린(윈드쉴드), 후방 창문과 그 밖의 창문",5401873,6990455,923958,820946,-1588582,2025.09
자동차부품,8708,2025-09-01,8708290000,기타,254258594,54630933,40991923,3347292,199627661,2025.09
자동차부품,8708,2025-09-01,8708301000,장착된 브레이크 라이닝,165685,40370,12895,5312,125315,2025.09
자동차부품,8708,2025-09-01,8708302000,브레이크 부스터,74332,1627017,992,41404,-1552685,2025.09
자동차부품,8708,2025-09-01,8708303000,전자 제어식 제동장치,182499,15343,14059,4232,167156,2025.09
자동차부품,8708,2025-09-01,8708309000,기타,68501640,36301317,11582585,5679868,32200323,2025.09
자동차부품,8708,2025-09-01,8708400000,기어박스와 그 부분품,272005366,111916881,24086536,6721580,160088485,2025.09
자동차부품,8708,2025-09-01,8708501000,차동장치를 갖춘 구동 차축(변속장치를 갖추었는지에 상관없다)과 그 부분품,154314138,18414650,24900328,2364213,135899488,2025.09
자동차부품,8708,2025-09-01,8708502000,비구동 차축과 그 부분품,20522470,1792388,3349879,541085,18730082,2025.09
자동차부품,8708,2025-09-01,8708700000,로드 휠(road wheel)과 그 부분품ㆍ부속품,28479610,39097070,5129355,8535977,-10617460,2025.09
자동차부품,8708,2025-09-01,8708800000,서스펜션 시스템(suspension system)과 그 부분품[쇼크업소버(shock-absorber)를 포함한다],86014336,20242550,13960790,2177079,65771786,2025.09
자동차부품,8708,2025-09-01,8708910000,방열기와 그 부분품,7237783,4186360,610054,367548,3051423,2025.09
자동차부품,8708,2025-09-01,8708920000,"소음기(머플러), 배기관, 그 부분품",12396674,3570829,1501468,475937,8825845,2025.09
자동차부품,8708,2025-09-01,8708930000,클러치와 그 부분품,44253791,6783709,4996943,480651,37470082,2025.09
자동차부품,8708,2025-09-01,8708940000,운전대ㆍ스티어링칼럼(steering column)ㆍ운전박스와 그 부분품,72004008,31842406,9810825,2088148,40161602,2025.09
자동차부품,8708,2025-09-01,8708951000,에어백,2457452,10351906,97935,476144,-7894454,2025.09
자동차부품,8708,2025-09-01,8708959000,기타,11683315,28540897,1128943,1928579,-16857582,2025.09
자동차부품,8708,2025-09-01,8708991010,제8701호의 것,13185,29561,33552,897,-16376,2025.09
자동차부품,8708,2025-09-01,8708991020,제8702호의 것,69769,18522,1233,1268,51247,2025.09
자동차부품,8708,2025-09-01,8708991030,제8703호의 것,30678158,2062435,1773523,126039,28615723,2025.09
자동차부품,8708,2025-09-01,8708991040,제8704호의 것,129239,248904,90502,16547,-119665,2025.09
자동차부품,8708,2025-09-01,8708991050,제8705호의 것,105847,22344,3182,3675,83503,2025.09
자동차부품,8708,2025-09-01,8708999000,기타,531779357,60422189,67339472,4592692,471357168,2025.09
자동차부품,8708,2025-10-01,8708100000,완충기와 그 부분품,15988180,14061804,1426441,447983,1926376,2025.10
자동차부품,8708,2025-10-01,8708210000,안전벨트,6816412,4540752,592066,423945,2275660,2025.10
자동차부품,8708,2025-10-01,8708220000,"이 류의 소호주 제1호에서 규정한 전방 윈드스크린(윈드쉴드), 후방 창문과 그 밖의 창문",5967712,4426882,1008781,539591,1540830,2025.10
자동차부품,8708,2025-10-01,8708290000,기타,195640494,49402264,30881092,2882228,146238230,2025.10
자동차부품,8708,2025-10-01,8708301000,장착된 브레이크 라이닝,109290,152399,6741,14616,-43109,2025.10
자동차부품,8708,2025-10-01,8708302000,브레이크 부스터,1197,1048235,72,30144,-1047038,2025.10
자동차부품,8708,2025-10-01,8708303000,전자 제어식 제동장치,64755,26390,1527,5134,38365,2025.10
자동차부품,8708,2025-10-01,8708309000,기타,52929684,29840287,9332123,4646044,23089397,2025.10
자동차부품,8708,2025-10-01,8708400000,기어박스와 그 부분품,241255236,83566206,21428724,4823674,157689030,2025.10
자동차부품,8708,2025-10-01,8708501000,차동장치를 갖춘 구동 차축(변속장치를 갖추었는지에 상관없다)과 그 부분품,110859523,16530341,17994894,2271001,94329182,2025.10
자동차부품,8708,2025-10-01,8708502000,비구동 차축과 그 부분품,18536089,1117428,3108047,335080,17418661,2025.10
자동차부품,8708,2025-10-01,8708700000,로드 휠(road wheel)과 그 부분품ㆍ부속품,22569606,36081273,3991631,7654064,-13511667,2025.10
자동차부품,8708,2025-10-01,8708800000,서스펜션 시스템(suspension system)과 그 부분품[쇼크업소버(shock-absorber)를 포함한다],68599827,17177859,11524052,1725073,51421968,2025.10
자동차부품,8708,2025-10-01,8708910000,방열기와 그 부분품,6033561,3307101,469667,280024,2726460,2025.10
자동차부품,8708,2025-10-01,8708920000,"소음기(머플러), 배기관, 그 부분품",8766105,3889529,1044840,561436,4876576,2025.10
자동차부품,8708,2025-10-01,8708930000,클러치와 그 부분품,34210807,6142456,3858638,484042,28068351,2025.10
자동차부품,8708,2025-10-01,8708940000,운전대ㆍ스티어링칼럼(steering column)ㆍ운전박스와 그 부분품,53259586,26517533,7492057,1674971,26742053,2025.10
자동차부품,8708,2025-10-01,8708951000,에어백,2122035,10791342,76654,494107,-8669307,2025.10
자동차부품,8708,2025-10-01,8708959000,기타,9842031,23788680,984622,1594255,-13946649,2025.10
자동차부품,8708,2025-10-01,8708991010,제8701호의 것,11727,37575,1522,489,-25848,2025.10
자동차부품,8708,2025-10-01,8708991020,제8702호의 것,63118,4916,1066,3236,58202,2025.10
자동차부품,8708,2025-10-01,8708991030,제8703호의 것,22923507,1455149,1308092,80054,21468358,2025.10
자동차부품,8708,2025-10-01,8708991040,제8704호의 것,152645,203932,91530,12544,-51287,2025.10
자동차부품,8708,2025-10-01,8708991050,제8705호의 것,0,33885,0,6637,-33885,2025.10
자동차부품,8708,2025-10-01,8708999000,기타,390664351,57026322,51942252,4054807,333638029,2025.10
자동차부품,8708,2025-11-01,8708100000,완충기와 그 부분품,15578956,10620895,1344353,405849,4958061,2025.11
자동차부품,8708,2025-11-01,8708210000,안전벨트,6952105,4363493,643442,386310,2588612,2025.11
자동차부품,8708,2025-11-01,8708220000,"이 류의 소호주 제1호에서 규정한 전방 윈드스크린(윈드쉴드), 후방 창문과 그 밖의 창문",6120370,6039674,1083469,657239,80696,2025.11
자동차부품,8708,2025-11-01,8708290000,기타,199652387,39649279,30672419,2276238,160003108,2025.11
자동차부품,8708,2025-11-01,8708301000,장착된 브레이크 라이닝,63499,123710,12297,15573,-60211,2025.11
자동차부품,8708,2025-11-01,8708302000,브레이크 부스터,290647,1077118,5553,40362,-786471,2025.11
자동차부품,8708,2025-11-01,8708303000,전자 제어식 제동장치,17144,4959,1041,922,12185,2025.11
자동차부품,8708,2025-11-01,8708309000,기타,50732161,36460717,8323442,5668066,14271444,2025.11
자동차부품,8708,2025-11-01,8708400000,기어박스와 그 부분품,242229686,67309099,21245659,4451896,174920587,2025.11
자동차부품,8708,2025-11-01,8708501000,차동장치를 갖춘 구동 차축(변속장치를 갖추었는지에 상관없다)과 그 부분품,117101645,17001811,19142510,2398371,100099834,2025.11
자동차부품,8708,2025-11-01,8708502000,비구동 차축과 그 부분품,22237149,1652418,3404395,382989,20584731,2025.11
자동차부품,8708,2025-11-01,8708700000,로드 휠(road wheel)과 그 부분품ㆍ부속품,22722116,35705888,4141230,7721152,-12983772,2025.11
자동차부품,8708,2025-11-01,8708800000,서스펜션 시스템(suspension system)과 그 부분품[쇼크업소버(shock-absorber)를 포함한다],69084338,15749779,10845621,1619078,53334559,2025.11
자동차부품,8708,2025-11-01,8708910000,방열기와 그 부분품,5644676,3361846,440505,287254,2282830,2025.11
자동차부품,8708,2025-11-01,8708920000,"소음기(머플러), 배기관, 그 부분품",9008221,3838554,1092034,645228,5169667,2025.11
자동차부품,8708,2025-11-01,8708930000,클러치와 그 부분품,38081193,4987985,4229360,333375,33093208,2025.11
자동차부품,8708,2025-11-01,8708940000,운전대ㆍ스티어링칼럼(steering column)ㆍ운전박스와 그 부분품,56293485,30503969,7864247,1908807,25789516,2025.11
자동차부품,8708,2025-11-01,8708951000,에어백,2577078,8965092,95885,396285,-6388014,2025.11
자동차부품,8708,2025-11-01,8708959000,기타,10569663,22763809,991827,1557519,-12194146,2025.11
자동차부품,8708,2025-11-01,8708991010,제8701호의 것,53773,42189,21289,1426,11584,2025.11
자동차부품,8708,2025-11-01,8708991020,제8702호의 것,72351,24877,1270,5650,47474,2025.11
자동차부품,8708,2025-11-01,8708991030,제8703호의 것,21084546,1931592,1201498,100476,19152954,2025.11
자동차부품,8708,2025-11-01,8708991040,제8704호의 것,76690,74083,24473,19867,2607,2025.11
자동차부품,8708,2025-11-01,8708991050,제8705호의 것,19614,267909,6510,2469,-248295,2025.11
자동차부품,8708,2025-11-01,8708999000,기타,410831135,57025082,55204145,3925403,353806053,2025.11
자동차부품,8708,2025-12-01,8708100000,완충기와 그 부분품,19909048,13042994,1741985,476597,6866054,2025.12
자동차부품,8708,2025-12-01,8708210000,안전벨트,9705358,4899543,919270,461720,4805815,2025.12
자동차부품,8708,2025-12-01,8708220000,"이 류의 소호주 제1호에서 규정한 전방 윈드스크린(윈드쉴드), 후방 창문과 그 밖의 창문",9035635,6718836,1771186,784127,2316799,2025.12
자동차부품,8708,2025-12-01,8708290000,기타,246841473,48173085,37850916,2631284,198668388,2025.12
자동차부품,8708,2025-12-01,8708301000,장착된 브레이크 라이닝,106435,154404,8010,27508,-47969,2025.12
자동차부품,8708,2025-12-01,8708302000,브레이크 부스터,11202,457813,199,12968,-446611,2025.12
자동차부품,8708,2025-12-01,8708303000,전자 제어식 제동장치,30796,18354,1007,4500,12442,2025.12
자동차부품,8708,2025-12-01,8708309000,기타,67900118,35948736,12027737,5155386,31951382,2025.12
자동차부품,8708,2025-12-01,8708400000,기어박스와 그 부분품,271234419,91822573,23766632,5519923,179411846,2025.12
자동차부품,8708,2025-12-01,8708501000,차동장치를 갖춘 구동 차축(변속장치를 갖추었는지에 상관없다)과 그 부분품,142535472,16844455,23203488,2331005,125691017,2025.12
자동차부품,8708,2025-12-01,8708502000,비구동 차축과 그 부분품,22187843,1177783,3491406,333531,21010060,2025.12
자동차부품,8708,2025-12-01,8708700000,로드 휠(road wheel)과 그 부분품ㆍ부속품,27171323,42494668,4859119,9487511,-15323345,2025.12
자동차부품,8708,2025-12-01,8708800000,서스펜션 시스템(suspension system)과 그 부분품[쇼크업소버(shock-absorber)를 포함한다],79218554,19308669,14227268,2092156,59909885,2025.12
자동차부품,8708,2025-12-01,8708910000,방열기와 그 부분품,5816402,2937536,454611,271526,2878866,2025.12
자동차부품,8708,2025-12-01,8708920000,"소음기(머플러), 배기관, 그 부분품",10830472,4087731,1348585,698389,6742741,2025.12
자동차부품,8708,2025-12-01,8708930000,클러치와 그 부분품,43861160,7330818,4780185,532745,36530342,2025.12
자동차부품,8708,2025-12-01,8708940000,운전대ㆍ스티어링칼럼(steering column)ㆍ운전박스와 그 부분품,65740941,33058752,8802213,2050434,32682189,2025.12
자동차부품,8708,2025-12-01,8708951000,에어백,3159621,9964331,107237,424140,-6804710,2025.12
자동차부품,8708,2025-12-01,8708959000,기타,10660314,32034955,973639,2199095,-21374641,2025.12
자동차부품,8708,2025-12-01,8708991010,제8701호의 것,29017,147099,2582,3503,-118082,2025.12
자동차부품,8708,2025-12-01,8708991020,제8702호의 것,131159,9283,2408,5709,121876,2025.12
자동차부품,8708,2025-12-01,8708991030,제8703호의 것,25671296,1666655,1466404,118123,24004641,2025.12
자동차부품,8708,2025-12-01,8708991040,제8704호의 것,127185,448073,53816,27291,-320888,2025.12
자동차부품,8708,2025-12-01,8708991050,제8705호의 것,22259,798030,228,34853,-775771,2025.12
자동차부품,8708,2025-12-01,8708999000,기타,479158719,62265634,64231644,4562206,416893085,2025.12
자동차부품,8708,2026-01-01,8708100000,완충기와 그 부분품,16067507,14147553,1551625,534874,1919954,2026.01
자동차부품,8708,2026-01-01,8708210000,안전벨트,9443313,4573634,810692,457791,4869679,2026.01
자동차부품,8708,2026-01-01,8708220000,"이 류의 소호주 제1호에서 규정한 전방 윈드스크린(윈드쉴드), 후방 창문과 그 밖의 창문",6079847,5943519,1186975,691636,136328,2026.01
자동차부품,8708,2026-01-01,8708290000,기타,223796910,50849401,35966751,3003527,172947509,2026.01
자동차부품,8708,2026-01-01,8708301000,장착된 브레이크 라이닝,47652,164019,2779,34477,-116367,2026.01
자동차부품,8708,2026-01-01,8708302000,브레이크 부스터,22516,163096,1720,16878,-140580,2026.01
자동차부품,8708,2026-01-01,8708303000,전자 제어식 제동장치,25324,24839,1314,6303,485,2026.01
자동차부품,8708,2026-01-01,8708309000,기타,60867298,44001796,10304368,6460532,16865502,2026.01
자동차부품,8708,2026-01-01,8708400000,기어박스와 그 부분품,249931882,102025931,22060075,6158130,147905951,2026.01
자동차부품,8708,2026-01-01,8708501000,차동장치를 갖춘 구동 차축(변속장치를 갖추었는지에 상관없다)과 그 부분품,140519026,16454872,22983070,2393204,124064154,2026.01
자동차부품,8708,2026-01-01,8708502000,비구동 차축과 그 부분품,23799492,1842903,3666900,554869,21956589,2026.01
자동차부품,8708,2026-01-01,8708700000,로드 휠(road wheel)과 그 부분품ㆍ부속품,24519642,34961168,4333007,7615146,-10441526,2026.01
자동차부품,8708,2026-01-01,8708800000,서스펜션 시스템(suspension system)과 그 부분품[쇼크업소버(shock-absorber)를 포함한다],71027092,23530736,12109010,2311883,47496356,2026.01
자동차부품,8708,2026-01-01,8708910000,방열기와 그 부분품,5355252,3807932,439955,301136,1547320,2026.01
자동차부품,8708,2026-01-01,8708920000,"소음기(머플러), 배기관, 그 부분품",8798923,4432303,1068939,672253,4366620,2026.01
자동차부품,8708,2026-01-01,8708930000,클러치와 그 부분품,40530598,7281113,4516228,507394,33249485,2026.01
자동차부품,8708,2026-01-01,8708940000,운전대ㆍ스티어링칼럼(steering column)ㆍ운전박스와 그 부분품,59525399,36225678,7953302,2212557,23299721,2026.01
자동차부품,8708,2026-01-01,8708951000,에어백,2334774,12775335,77811,581318,-10440561,2026.01
자동차부품,8708,2026-01-01,8708959000,기타,10008952,27196889,960802,1928455,-17187937,2026.01
자동차부품,8708,2026-01-01,8708991010,제8701호의 것,239997,55254,14108,1288,184743,2026.01
자동차부품,8708,2026-01-01,8708991020,제8702호의 것,89668,4372,1756,481,85296,2026.01
자동차부품,8708,2026-01-01,8708991030,제8703호의 것,28157784,1349796,1601050,112558,26807988,2026.01
자동차부품,8708,2026-01-01,8708991040,제8704호의 것,72276,42228,41486,13979,30048,2026.01
자동차부품,8708,2026-01-01,8708991050,제8705호의 것,89,7179,0,65,-7090,2026.01
자동차부품,8708,2026-01-01,8708999000,기타,385681021,64628924,53853360,4909905,321052097,2026.01
자동차부품,8708,2026-02-01,8708100000,완충기와 그 부분품,15763067,10547430,1358797,381549,5215637,2026.02
자동차부품,8708,2026-02-01,8708210000,안전벨트,7672341,5285116,699561,480534,2387225,2026.02
자동차부품,8708,2026-02-01,8708220000,"이 류의 소호주 제1호에서 규정한 전방 윈드스크린(윈드쉴드), 후방 창문과 그 밖의 창문",6122369,4847407,1241167,526790,1274962,2026.02
자동차부품,8708,2026-02-01,8708290000,기타,197881748,42319967,32059660,2605594,155561781,2026.02
자동차부품,8708,2026-02-01,8708301000,장착된 브레이크 라이닝,135770,18049,13385,3211,117721,2026.02
자동차부품,8708,2026-02-01,8708302000,브레이크 부스터,130447,317957,2897,12861,-187510,2026.02
자동차부품,8708,2026-02-01,8708303000,전자 제어식 제동장치,43813,4005,2342,125,39808,2026.02
자동차부품,8708,2026-02-01,8708309000,기타,51723703,29326352,8503829,5109391,22397351,2026.02
자동차부품,8708,2026-02-01,8708400000,기어박스와 그 부분품,221372120,62456310,19260466,4453161,158915810,2026.02
자동차부품,8708,2026-02-01,8708501000,차동장치를 갖춘 구동 차축(변속장치를 갖추었는지에 상관없다)과 그 부분품,118492889,16137048,19734644,2674032,102355841,2026.02
자동차부품,8708,2026-02-01,8708502000,비구동 차축과 그 부분품,16622577,889833,2640920,288050,15732744,2026.02
자동차부품,8708,2026-02-01,8708700000,로드 휠(road wheel)과 그 부분품ㆍ부속품,23403756,32128389,4034300,7313585,-8724633,2026.02
자동차부품,8708,2026-02-01,8708800000,서스펜션 시스템(suspension system)과 그 부분품[쇼크업소버(shock-absorber)를 포함한다],62007978,15719694,10163799,2062366,46288284,2026.02
자동차부품,8708,2026-02-01,8708910000,방열기와 그 부분품,4371398,3424489,366285,277481,946909,2026.02
자동차부품,8708,2026-02-01,8708920000,"소음기(머플러), 배기관, 그 부분품",8871662,3686393,1125827,561052,5185269,2026.02
자동차부품,8708,2026-02-01,8708930000,클러치와 그 부분품,36798074,5802247,3989320,407299,30995827,2026.02
자동차부품,8708,2026-02-01,8708940000,운전대ㆍ스티어링칼럼(steering column)ㆍ운전박스와 그 부분품,49601156,31542253,7190507,2052337,18058903,2026.02
자동차부품,8708,2026-02-01,8708951000,에어백,1905660,12116798,62053,515050,-10211138,2026.02
자동차부품,8708,2026-02-01,8708959000,기타,9067377,27992354,891617,1928094,-18924977,2026.02
자동차부품,8708,2026-02-01,8708991010,제8701호의 것,80255,38511,62948,404,41744,2026.02
자동차부품,8708,2026-02-01,8708991020,제8702호의 것,96470,40481,11806,1188,55989,2026.02
자동차부품,8708,2026-02-01,8708991030,제8703호의 것,21664150,1105498,1261845,69318,20558652,2026.02
자동차부품,8708,2026-02-01,8708991040,제8704호의 것,113455,189706,49996,16544,-76251,2026.02
자동차부품,8708,2026-02-01,8708991050,제8705호의 것,73346,223,2061,10,73123,2026.02
자동차부품,8708,2026-02-01,8708999000,기타,351998922,56533956,47645019,4111860,295464966,2026.02
자동차부품,8708,2026-03-01,8708100000,완충기와 그 부분품,19426661,10239410,1680203,399246,9187251,2026.03
자동차부품,8708,2026-03-01,8708210000,안전벨트,9413050,5725636,981280,538504,3687414,2026.03
자동차부품,8708,2026-03-01,8708220000,"이 류의 소호주 제1호에서 규정한 전방 윈드스크린(윈드쉴드), 후방 창문과 그 밖의 창문",9035332,5751427,1748172,723502,3283905,2026.03
자동차부품,8708,2026-03-01,8708290000,기타,249478131,51008319,38712334,3186658,198469812,2026.03
자동차부품,8708,2026-03-01,8708301000,장착된 브레이크 라이닝,84810,68394,16834,27497,16416,2026.03
자동차부품,8708,2026-03-01,8708302000,브레이크 부스터,1405,172853,107,16271,-171448,2026.03
자동차부품,8708,2026-03-01,8708303000,전자 제어식 제동장치,18869,945,1066,32,17924,2026.03
자동차부품,8708,2026-03-01,8708309000,기타,63467421,38861136,10414767,4911935,24606285,2026.03
자동차부품,8708,2026-03-01,8708400000,기어박스와 그 부분품,276438713,91261302,24438665,5828548,185177411,2026.03
자동차부품,8708,2026-03-01,8708501000,차동장치를 갖춘 구동 차축(변속장치를 갖추었는지에 상관없다)과 그 부분품,147933770,20179730,24308451,3034655,127754040,2026.03
자동차부품,8708,2026-03-01,8708502000,비구동 차축과 그 부분품,22996734,1480420,3715823,432450,21516314,2026.03
자동차부품,8708,2026-03-01,8708700000,로드 휠(road wheel)과 그 부분품ㆍ부속품,27913458,46050268,4824724,10389525,-18136810,2026.03
자동차부품,8708,2026-03-01,8708800000,서스펜션 시스템(suspension system)과 그 부분품[쇼크업소버(shock-absorber)를 포함한다],77055223,19971033,12929413,1672751,57084190,2026.03
자동차부품,8708,2026-03-01,8708910000,방열기와 그 부분품,5471840,3473376,419954,302605,1998464,2026.03
자동차부품,8708,2026-03-01,8708920000,"소음기(머플러), 배기관, 그 부분품",10605524,4281565,1350794,707056,6323959,2026.03
자동차부품,8708,2026-03-01,8708930000,클러치와 그 부분품,43223723,6067392,4770637,486336,37156331,2026.03
자동차부품,8708,2026-03-01,8708940000,운전대ㆍ스티어링칼럼(steering column)ㆍ운전박스와 그 부분품,66043410,28804120,9104580,1864368,37239290,2026.03
자동차부품,8708,2026-03-01,8708951000,에어백,2800504,14282392,90284,656916,-11481888,2026.03
자동차부품,8708,2026-03-01,8708959000,기타,10840399,33570223,1059321,2398993,-22729824,2026.03
자동차부품,8708,2026-03-01,8708991010,제8701호의 것,394558,99005,32261,2436,295553,2026.03
자동차부품,8708,2026-03-01,8708991020,제8702호의 것,62697,3233,1156,730,59464,2026.03
자동차부품,8708,2026-03-01,8708991030,제8703호의 것,26740269,1100367,1590245,94092,25639902,2026.03
자동차부품,8708,2026-03-01,8708991040,제8704호의 것,184770,202813,66222,19451,-18043,2026.03
자동차부품,8708,2026-03-01,8708991050,제8705호의 것,28125,56699,150,977,-28574,2026.03
자동차부품,8708,2026-03-01,8708999000,기타,435502987,59442045,53309172,4244727,376060942,2026.03
자동차부품,8708,2026-04-01,8708100000,완충기와 그 부분품,20819556,10340297,1738080,352455,10479259,2026.04
자동차부품,8708,2026-04-01,8708210000,안전벨트,7987110,5640846,747603,569778,2346264,2026.04
자동차부품,8708,2026-04-01,8708220000,"이 류의 소호주 제1호에서 규정한 전방 윈드스크린(윈드쉴드), 후방 창문과 그 밖의 창문",10508527,6429926,1753985,878402,4078601,2026.04
자동차부품,8708,2026-04-01,8708290000,기타,271660106,56400285,43979364,3551219,215259821,2026.04
자동차부품,8708,2026-04-01,8708301000,장착된 브레이크 라이닝,120868,76429,24706,18224,44439,2026.04
자동차부품,8708,2026-04-01,8708302000,브레이크 부스터,17147,304211,626,12732,-287064,2026.04
자동차부품,8708,2026-04-01,8708303000,전자 제어식 제동장치,40794,0,3553,0,40794,2026.04
자동차부품,8708,2026-04-01,8708309000,기타,67942518,34938236,10801863,5292347,33004282,2026.04
자동차부품,8708,2026-04-01,8708400000,기어박스와 그 부분품,283156941,121628633,25269370,7647473,161528308,2026.04
자동차부품,8708,2026-04-01,8708501000,차동장치를 갖춘 구동 차축(변속장치를 갖추었는지에 상관없다)과 그 부분품,152337333,19738735,24887706,2781205,132598598,2026.04
자동차부품,8708,2026-04-01,8708502000,비구동 차축과 그 부분품,22338841,1220359,3607706,424927,21118482,2026.04
자동차부품,8708,2026-04-01,8708700000,로드 휠(road wheel)과 그 부분품ㆍ부속품,26579321,43825945,4600835,9814899,-17246624,2026.04
자동차부품,8708,2026-04-01,8708800000,서스펜션 시스템(suspension system)과 그 부분품[쇼크업소버(shock-absorber)를 포함한다],88555498,22920017,14850656,2410586,65635481,2026.04
자동차부품,8708,2026-04-01,8708910000,방열기와 그 부분품,6414600,4144655,526084,408552,2269945,2026.04
자동차부품,8708,2026-04-01,8708920000,"소음기(머플러), 배기관, 그 부분품",12719912,4408993,1588968,717415,8310919,2026.04
자동차부품,8708,2026-04-01,8708930000,클러치와 그 부분품,44388534,6468188,4821150,506500,37920346,2026.04
자동차부품,8708,2026-04-01,8708940000,운전대ㆍ스티어링칼럼(steering column)ㆍ운전박스와 그 부분품,69074019,37006938,9565810,2318088,32067081,2026.04
자동차부품,8708,2026-04-01,8708951000,에어백,2216297,10439970,73107,447085,-8223673,2026.04
자동차부품,8708,2026-04-01,8708959000,기타,11489051,30660131,1139417,2154072,-19171080,2026.04
자동차부품,8708,2026-04-01,8708991010,제8701호의 것,221128,48105,32420,1057,173023,2026.04
자동차부품,8708,2026-04-01,8708991020,제8702호의 것,28991,1066,528,140,27925,2026.04
자동차부품,8708,2026-04-01,8708991030,제8703호의 것,28905035,1091532,1651977,65840,27813503,2026.04
자동차부품,8708,2026-04-01,8708991040,제8704호의 것,210596,134789,105237,22791,75807,2026.04
자동차부품,8708,2026-04-01,8708991050,제8705호의 것,97,3518,2,145,-3421,2026.04
자동차부품,8708,2026-04-01,8708999000,기타,461118310,68091261,59431885,4890891,393027049,2026.04
자동차부품,8708,2026-05-01,8708100000,완충기와 그 부분품,16854216,14757864,1324078,459235,2096352,2026.05
자동차부품,8708,2026-05-01,8708210000,안전벨트,7403445,5158893,688008,477848,2244552,2026.05
자동차부품,8708,2026-05-01,8708220000,"이 류의 소호주 제1호에서 규정한 전방 윈드스크린(윈드쉴드), 후방 창문과 그 밖의 창문",8798464,5750779,1411518,705265,3047685,2026.05
자동차부품,8708,2026-05-01,8708290000,기타,215166592,50968868,34594799,3143732,164197724,2026.05
자동차부품,8708,2026-05-01,8708301000,장착된 브레이크 라이닝,93864,51867,43744,10010,41997,2026.05
자동차부품,8708,2026-05-01,8708302000,브레이크 부스터,59691,227900,1146,8522,-168209,2026.05
자동차부품,8708,2026-05-01,8708303000,전자 제어식 제동장치,48808,41828,2267,3748,6980,2026.05
자동차부품,8708,2026-05-01,8708309000,기타,57933503,36212526,9564948,4936387,21720977,2026.05
자동차부품,8708,2026-05-01,8708400000,기어박스와 그 부분품,232249403,105287019,21305164,5726253,126962384,2026.05
자동차부품,8708,2026-05-01,8708501000,차동장치를 갖춘 구동 차축(변속장치를 갖추었는지에 상관없다)과 그 부분품,121122285,17272129,20304406,2752774,103850156,2026.05
자동차부품,8708,2026-05-01,8708502000,비구동 차축과 그 부분품,17597984,1109945,2741713,301076,16488039,2026.05
자동차부품,8708,2026-05-01,8708700000,로드 휠(road wheel)과 그 부분품ㆍ부속품,22475174,42504479,3980989,9377868,-20029305,2026.05
자동차부품,8708,2026-05-01,8708800000,서스펜션 시스템(suspension system)과 그 부분품[쇼크업소버(shock-absorber)를 포함한다],74719255,24196931,13114334,2185002,50522324,2026.05
자동차부품,8708,2026-05-01,8708910000,방열기와 그 부분품,5091800,3534735,400045,303535,1557065,2026.05
자동차부품,8708,2026-05-01,8708920000,"소음기(머플러), 배기관, 그 부분품",9733049,3997621,1169872,588702,5735428,2026.05
자동차부품,8708,2026-05-01,8708930000,클러치와 그 부분품,39456306,7709690,4500711,522325,31746616,2026.05
자동차부품,8708,2026-05-01,8708940000,운전대ㆍ스티어링칼럼(steering column)ㆍ운전박스와 그 부분품,54447964,32256301,7732812,1990662,22191663,2026.05
자동차부품,8708,2026-05-01,8708951000,에어백,2482533,11051832,79437,509557,-8569299,2026.05
자동차부품,8708,2026-05-01,8708959000,기타,9545354,31746454,969522,2116937,-22201100,2026.05
자동차부품,8708,2026-05-01,8708991010,제8701호의 것,88637,45153,5323,1250,43484,2026.05
자동차부품,8708,2026-05-01,8708991020,제8702호의 것,28111,0,514,0,28111,2026.05
자동차부품,8708,2026-05-01,8708991030,제8703호의 것,22753572,1504113,1268283,78870,21249459,2026.05
자동차부품,8708,2026-05-01,8708991040,제8704호의 것,132497,121567,110600,8018,10930,2026.05
자동차부품,8708,2026-05-01,8708991050,제8705호의 것,135864,14101,2779,627,121763,2026.05
자동차부품,8708,2026-05-01,8708999000,기타,388436708,53854036,52102203,3789136,334582672,2026.05
자동차부품,8708,2026-06-01,8708100000,완충기와 그 부분품,16957293,10553466,1377676,318281,6403827,2026.06
자동차부품,8708,2026-06-01,8708210000,안전벨트,8868189,4076713,813792,418673,4791476,2026.06
자동차부품,8708,2026-06-01,8708220000,"이 류의 소호주 제1호에서 규정한 전방 윈드스크린(윈드쉴드), 후방 창문과 그 밖의 창문",9617497,6830401,1680111,809700,2787096,2026.06
자동차부품,8708,2026-06-01,8708290000,기타,228119634,51951124,37366415,3531747,176168510,2026.06
자동차부품,8708,2026-06-01,8708301000,장착된 브레이크 라이닝,85116,79975,24199,14713,5141,2026.06
자동차부품,8708,2026-06-01,8708302000,브레이크 부스터,509,103085,58,4675,-102576,2026.06
자동차부품,8708,2026-06-01,8708303000,전자 제어식 제동장치,26562,26251,1034,2605,311,2026.06
자동차부품,8708,2026-06-01,8708309000,기타,66273356,32926666,11049494,4771805,33346690,2026.06
자동차부품,8708,2026-06-01,8708400000,기어박스와 그 부분품,250968478,105025724,23028449,7323597,145942754,2026.06
자동차부품,8708,2026-06-01,8708501000,차동장치를 갖춘 구동 차축(변속장치를 갖추었는지에 상관없다)과 그 부분품,140623079,20406786,24035487,3371097,120216293,2026.06
자동차부품,8708,2026-06-01,8708502000,비구동 차축과 그 부분품,22872183,1272723,3521167,408206,21599460,2026.06
자동차부품,8708,2026-06-01,8708700000,로드 휠(road wheel)과 그 부분품ㆍ부속품,25111052,60317320,4487187,13851385,-35206268,2026.06
자동차부품,8708,2026-06-01,8708800000,서스펜션 시스템(suspension system)과 그 부분품[쇼크업소버(shock-absorber)를 포함한다],82580591,24501874,13932051,2440284,58078717,2026.06
자동차부품,8708,2026-06-01,8708910000,방열기와 그 부분품,5966071,4305447,502548,392690,1660624,2026.06
자동차부품,8708,2026-06-01,8708920000,"소음기(머플러), 배기관, 그 부분품",11042640,4613385,1441450,723198,6429255,2026.06
자동차부품,8708,2026-06-01,8708930000,클러치와 그 부분품,42210191,9122392,4634000,664598,33087799,2026.06
자동차부품,8708,2026-06-01,8708940000,운전대ㆍ스티어링칼럼(steering column)ㆍ운전박스와 그 부분품,62028378,34506092,8422074,2175591,27522286,2026.06
자동차부품,8708,2026-06-01,8708951000,에어백,1718738,10964434,57951,459102,-9245696,2026.06
자동차부품,8708,2026-06-01,8708959000,기타,10915142,32665429,1070616,2191813,-21750287,2026.06
자동차부품,8708,2026-06-01,8708991010,제8701호의 것,82344,43858,28194,939,38486,2026.06
자동차부품,8708,2026-06-01,8708991020,제8702호의 것,68090,11056,2351,771,57034,2026.06
자동차부품,8708,2026-06-01,8708991030,제8703호의 것,27191261,1345344,1675759,106663,25845917,2026.06
자동차부품,8708,2026-06-01,8708991040,제8704호의 것,99911,210922,36739,15247,-111011,2026.06
자동차부품,8708,2026-06-01,8708991050,제8705호의 것,21583,16339,11048,76,5244,2026.06
자동차부품,8708,2026-06-01,8708999000,기타,456095461,62544112,58218204,4469552,393551349,2026.06
자동차부품,8708,2026-07-01,8708100000,완충기와 그 부분품,15974772,7746834,1460405,262155,8227938,2026.07
자동차부품,8708,2026-07-01,8708210000,안전벨트,9796426,5459331,893857,522028,4337095,2026.07
자동차부품,8708,2026-07-01,8708220000,"이 류의 소호주 제1호에서 규정한 전방 윈드스크린(윈드쉴드), 후방 창문과 그 밖의 창문",10554455,5521862,1926600,767983,5032593,2026.07
자동차부품,8708,2026-07-01,8708290000,기타,257887914,47223774,42040442,3257249,210664140,2026.07
자동차부품,8708,2026-07-01,8708301000,장착된 브레이크 라이닝,190188,20192,89314,7829,169996,2026.07
자동차부품,8708,2026-07-01,8708302000,브레이크 부스터,5631,497552,1025,16046,-491921,2026.07
자동차부품,8708,2026-07-01,8708303000,전자 제어식 제동장치,1084123,29946,7480,5258,1054177,2026.07
자동차부품,8708,2026-07-01,8708309000,기타,68013923,35901858,11859927,5138150,32112065,2026.07
자동차부품,8708,2026-07-01,8708400000,기어박스와 그 부분품,289103532,82194752,25805376,5458865,206908780,2026.07
자동차부품,8708,2026-07-01,8708501000,차동장치를 갖춘 구동 차축(변속장치를 갖추었는지에 상관없다)과 그 부분품,156652848,22448251,26597386,3542056,134204597,2026.07
자동차부품,8708,2026-07-01,8708502000,비구동 차축과 그 부분품,23392657,885444,3563962,314043,22507213,2026.07
자동차부품,8708,2026-07-01,8708700000,로드 휠(road wheel)과 그 부분품ㆍ부속품,30407284,47177938,5067461,10556202,-16770654,2026.07
자동차부품,8708,2026-07-01,8708800000,서스펜션 시스템(suspension system)과 그 부분품[쇼크업소버(shock-absorber)를 포함한다],88152087,19627727,15755763,2345018,68524360,2026.07
자동차부품,8708,2026-07-01,8708910000,방열기와 그 부분품,6444678,3909820,556949,351141,2534858,2026.07
자동차부품,8708,2026-07-01,8708920000,"소음기(머플러), 배기관, 그 부분품",11534530,4432080,1465202,712395,7102450,2026.07
자동차부품,8708,2026-07-01,8708930000,클러치와 그 부분품,44667073,5690067,4969522,449574,38977006,2026.07
자동차부품,8708,2026-07-01,8708940000,운전대ㆍ스티어링칼럼(steering column)ㆍ운전박스와 그 부분품,67859549,32677800,9634558,2106719,35181749,2026.07
자동차부품,8708,2026-07-01,8708951000,에어백,3127256,12945145,89393,588144,-9817889,2026.07
자동차부품,8708,2026-07-01,8708959000,기타,12594703,31943823,1227417,2220880,-19349120,2026.07
자동차부품,8708,2026-07-01,8708991010,제8701호의 것,133029,65916,8925,1064,67113,2026.07
자동차부품,8708,2026-07-01,8708991020,제8702호의 것,10398,1817,319,354,8581,2026.07
자동차부품,8708,2026-07-01,8708991030,제8703호의 것,35116783,1409277,2098269,115581,33707506,2026.07
자동차부품,8708,2026-07-01,8708991040,제8704호의 것,60440,36574,20209,12865,23866,2026.07
자동차부품,8708,2026-07-01,8708991050,제8705호의 것,0,4910,0,69,-4910,2026.07
자동차부품,8708,2026-07-01,8708999000,기타,521166466,64627878,68072895,4757703,456538588,2026.07
선박,8901,2025-01-01,8901100000,"순항선ㆍ유람선과 이와 유사한 선박(주로 사람 수송용으로 설계된 것으로 한정한다), 각종 페리보트(ferry-boat)",618000,0,325000,0,618000,2025.01
선박,8901,2025-01-01,8901200000,탱커(tanker),751588204,164072615,281061400,90589000,587515589,2025.01
선박,8901,2025-01-01,8901300000,냉동선(소호 제8901.20호의 것은 제외한다),0,558000,0,1,-558000,2025.01
선박,8901,2025-01-01,8901901000,화물선,1260247608,89003283,400629600,41846000,1171244325,2025.01
선박,8901,2025-01-01,8901902000,화객선,163191,0,311013,0,163191,2025.01
선박,8901,2025-02-01,8901200000,탱커(tanker),655510134,107437338,317013300,78461000,548072796,2025.02
선박,8901,2025-02-01,8901901000,화물선,770529964,40136075,391942900,29178320,730393889,2025.02
선박,8901,2025-03-01,8901100000,"순항선ㆍ유람선과 이와 유사한 선박(주로 사람 수송용으로 설계된 것으로 한정한다), 각종 페리보트(ferry-boat)",4992500,0,168003,0,4992500,2025.03
선박,8901,2025-03-01,8901200000,탱커(tanker),1111387085,63761052,352897600,165973000,1047626033,2025.03
선박,8901,2025-03-01,8901901000,화물선,1654356346,298680061,789273900,290588748,1355676285,2025.03
선박,8901,2025-03-01,8901902000,화객선,2125726,4531337,5682000,5695000,-2405611,2025.03
선박,8901,2025-04-01,8901100000,"순항선ㆍ유람선과 이와 유사한 선박(주로 사람 수송용으로 설계된 것으로 한정한다), 각종 페리보트(ferry-boat)",24830,70536787,1051,22129000,-70511957,2025.04
선박,8901,2025-04-01,8901200000,탱커(tanker),982267910,208018889,477486400,242825000,774249021,2025.04
선박,8901,2025-04-01,8901901000,화물선,611688034,137109570,292819432,74629965,474578464,2025.04
선박,8901,2025-05-01,8901100000,"순항선ㆍ유람선과 이와 유사한 선박(주로 사람 수송용으로 설계된 것으로 한정한다), 각종 페리보트(ferry-boat)",0,743,0,3,-743,2025.05
선박,8901,2025-05-01,8901200000,탱커(tanker),672652411,303839314,243256300,235152790,368813097,2025.05
선박,8901,2025-05-01,8901300000,냉동선(소호 제8901.20호의 것은 제외한다),0,329000,0,1,-329000,2025.05
선박,8901,2025-05-01,8901901000,화물선,1445852179,52955376,778261900,68190120,1392896803,2025.05
선박,8901,2025-05-01,8901902000,화객선,2510000,0,449000,0,2510000,2025.05
선박,8901,2025-06-01,8901100000,"순항선ㆍ유람선과 이와 유사한 선박(주로 사람 수송용으로 설계된 것으로 한정한다), 각종 페리보트(ferry-boat)",750250,0,199008,0,750250,2025.06
선박,8901,2025-06-01,8901200000,탱커(tanker),989402022,95312858,417513100,222308000,894089164,2025.06
선박,8901,2025-06-01,8901901000,화물선,1282120297,240031139,565251800,228765816,1042089158,2025.06
선박,8901,2025-06-01,8901902000,화객선,1602,0,1,0,1602,2025.06
선박,8901,2025-07-01,8901100000,"순항선ㆍ유람선과 이와 유사한 선박(주로 사람 수송용으로 설계된 것으로 한정한다), 각종 페리보트(ferry-boat)",27926058,7338814,21529500,2554820,20587244,2025.07
선박,8901,2025-07-01,8901200000,탱커(tanker),1365165211,113098315,485091400,178391459,1252066896,2025.07
선박,8901,2025-07-01,8901901000,화물선,657964694,197166822,305902400,172973000,460797872,2025.07
선박,8901,2025-07-01,8901902000,화객선,900000,0,325000,0,900000,2025.07
선박,8901,2025-08-01,8901100000,"순항선ㆍ유람선과 이와 유사한 선박(주로 사람 수송용으로 설계된 것으로 한정한다), 각종 페리보트(ferry-boat)",0,13079305,0,150118,-13079305,2025.08
선박,8901,2025-08-01,8901200000,탱커(tanker),1445207358,42858470,517982000,13762000,1402348888,2025.08
선박,8901,2025-08-01,8901901000,화물선,1490549387,79380793,616241100,41075000,1411168594,2025.08
선박,8901,2025-08-01,8901902000,화객선,4850000,0,5476000,0,4850000,2025.08
선박,8901,2025-09-01,8901100000,"순항선ㆍ유람선과 이와 유사한 선박(주로 사람 수송용으로 설계된 것으로 한정한다), 각종 페리보트(ferry-boat)",0,5294539,0,94000,-5294539,2025.09
선박,8901,2025-09-01,8901200000,탱커(tanker),1626539321,60728605,600944700,49447266,1565810716,2025.09
선박,8901,2025-09-01,8901300000,냉동선(소호 제8901.20호의 것은 제외한다),0,662930,0,1,-662930,2025.09
선박,8901,2025-09-01,8901901000,화물선,847564095,269264127,446335600,145654060,578299968,2025.09
선박,8901,2025-10-01,8901100000,"순항선ㆍ유람선과 이와 유사한 선박(주로 사람 수송용으로 설계된 것으로 한정한다), 각종 페리보트(ferry-boat)",4000000,0,311000,0,4000000,2025.10
선박,8901,2025-10-01,8901200000,탱커(tanker),1028279389,44357986,421675500,58654000,983921403,2025.10
선박,8901,2025-10-01,8901901000,화물선,1084019270,290602530,404350800,136421000,793416740,2025.10
선박,8901,2025-11-01,8901100000,"순항선ㆍ유람선과 이와 유사한 선박(주로 사람 수송용으로 설계된 것으로 한정한다), 각종 페리보트(ferry-boat)",358000,0,153000,0,358000,2025.11
선박,8901,2025-11-01,8901200000,탱커(tanker),866011000,113076391,205745600,71697000,752934609,2025.11
선박,8901,2025-11-01,8901300000,냉동선(소호 제8901.20호의 것은 제외한다),5000000,0,2385000,0,5000000,2025.11
선박,8901,2025-11-01,8901901000,화물선,484537559,302233113,211217000,305693075,182304446,2025.11
선박,8901,2025-12-01,8901100000,"순항선ㆍ유람선과 이와 유사한 선박(주로 사람 수송용으로 설계된 것으로 한정한다), 각종 페리보트(ferry-boat)",1850000,0,220000,0,1850000,2025.12
선박,8901,2025-12-01,8901200000,탱커(tanker),1970477933,72479651,633581000,62812000,1897998282,2025.12
선박,8901,2025-12-01,8901901000,화물선,861461479,97666027,314973700,36862000,763795452,2025.12
선박,8901,2026-01-01,8901200000,탱커(tanker),1804418186,135724317,454102700,104109504,1668693869,2026.01
선박,8901,2026-01-01,8901901000,화물선,410507618,193672384,250835400,83523000,216835234,2026.01
선박,8901,2026-01-01,8901902000,화객선,321,0,10,0,321,2026.01
선박,8901,2026-02-01,8901100000,"순항선ㆍ유람선과 이와 유사한 선박(주로 사람 수송용으로 설계된 것으로 한정한다), 각종 페리보트(ferry-boat)",1270000,0,226000,0,1270000,2026.02
선박,8901,2026-02-01,8901200000,탱커(tanker),1478873633,88705253,376125700,19988000,1390168380,2026.02
선박,8901,2026-02-01,8901300000,냉동선(소호 제8901.20호의 것은 제외한다),0,104610,0,1,-104610,2026.02
선박,8901,2026-02-01,8901901000,화물선,621307203,36263797,255112536,33342048,585043406,2026.02
선박,8901,2026-02-01,8901902000,화객선,140,0,6,0,140,2026.02
선박,8901,2026-03-01,8901200000,탱커(tanker),2116793648,81798847,603813800,55081774,2034994801,2026.03
선박,8901,2026-03-01,8901300000,냉동선(소호 제8901.20호의 것은 제외한다),0,291196,0,1,-291196,2026.03
선박,8901,2026-03-01,8901901000,화물선,478552623,68041813,167934600,93547044,410510810,2026.03
선박,8901,2026-03-01,8901902000,화객선,1370,0,14,0,1370,2026.03
선박,8901,2026-04-01,8901100000,"순항선ㆍ유람선과 이와 유사한 선박(주로 사람 수송용으로 설계된 것으로 한정한다), 각종 페리보트(ferry-boat)",0,1352660,0,184000,-1352660,2026.04
선박,8901,2026-04-01,8901200000,탱커(tanker),2281750013,98567423,776285600,199127000,2183182590,2026.04
선박,8901,2026-04-01,8901901000,화물선,332637687,102775065,269453351,102974174,229862622,2026.04
선박,8901,2026-04-01,8901902000,화객선,6138,0,15,0,6138,2026.04
선박,8901,2026-05-01,8901100000,"순항선ㆍ유람선과 이와 유사한 선박(주로 사람 수송용으로 설계된 것으로 한정한다), 각종 페리보트(ferry-boat)",1919000,0,2778000,0,1919000,2026.05
선박,8901,2026-05-01,8901200000,탱커(tanker),1835588496,100044840,492493100,229258615,1735543656,2026.05
선박,8901,2026-05-01,8901300000,냉동선(소호 제8901.20호의 것은 제외한다),0,102448,0,663132,-102448,2026.05
선박,8901,2026-05-01,8901901000,화물선,614139795,352626128,96593000,296057000,261513667,2026.05
선박,8901,2026-05-01,8901902000,화객선,504,0,3,0,504,2026.05
선박,8901,2026-06-01,8901100000,"순항선ㆍ유람선과 이와 유사한 선박(주로 사람 수송용으로 설계된 것으로 한정한다), 각종 페리보트(ferry-boat)",9500000,0,175420,0,9500000,2026.06
선박,8901,2026-06-01,8901200000,탱커(tanker),949815885,107134306,513026900,125548000,842681579,2026.06
선박,8901,2026-06-01,8901901000,화물선,1694720863,293987870,524392852,617517000,1400732993,2026.06
선박,8901,2026-06-01,8901902000,화객선,1508062,0,38100001,0,1508062,2026.06
선박,8901,2026-07-01,8901200000,탱커(tanker),2441387452,290844662,1043838900,275775688,2150542790,2026.07
선박,8901,2026-07-01,8901300000,냉동선(소호 제8901.20호의 것은 제외한다),0,226813,0,2037111,-226813,2026.07
선박,8901,2026-07-01,8901901000,화물선,605830182,494914279,251870808,673660000,110915903,2026.07
선박,8901,2026-07-01,8901902000,화객선,232,0,1,0,232,2026.07
