HSK10,수출액_USD,Master포함
0101211000,1145.0,True
0101291000,75066.0,True
0101299000,0.0,True
0102212000,658.0,True
0105111000,0.0,True
0106149000,474.0,True
0106191000,234908.0,True
0106199000,20208.0,True
0106201000,4931.0,True
0106202000,0.0,True
0106203000,18132.0,True
0106209000,94219.0,True
0106320000,187.0,True
0106490000,0.0,True
0106901000,0.0,True
0106903010,0.0,True
0106903090,0.0,True
0106909000,0.0,True
0201201000,19216.0,True
0201209000,819.0,True
0201300000,321014.0,True
0202100000,0.0,True
0202201000,1228.0,True
0202209000,12278.0,True
0202300000,48451.0,True
0203191000,0.0,True
0203199000,31055.0,True
0203291000,14918.0,True
0203299000,7064.0,True
0204220000,0.0,True
0204230000,0.0,True
0204420000,0.0,True
0204430000,0.0,True
0204500000,0.0,True
0206100000,0.0,True
0206210000,0.0,True
0206220000,0.0,True
0206291000,0.0,True
0206299000,0.0,True
0206300000,0.0,True
0206491000,0.0,True
0206499000,0.0,True
0206800000,0.0,True
0206900000,0.0,True
0207120000,4299249.0,True
0207141010,983880.0,True
0207141020,0.0,True
0207141030,67162.0,True
0207141090,501708.0,True
0207142010,0.0,True
0207142090,0.0,True
0207271000,0.0,True
0207451000,0.0,True
0208500000,0.0,True
0208909090,0.0,True
0209100000,0.0,True
0210110000,10521.0,True
0210120000,0.0,True
0210190000,612.0,True
0210999090,494.0,True
0301111000,0.0,True
0301119000,3900.0,True
0301190000,0.0,True
0301921000,0.0,True
0301922000,0.0,True
0301929090,0.0,True
0301931000,0.0,True
0301939000,0.0,True
0301950000,0.0,True
0301992000,0.0,True
0301994091,0.0,True
0301994099,14925.0,True
0301995000,1065868.0,True
0301996000,136538.0,True
0301997000,0.0,True
0301998000,2952235.0,True
0301999010,0.0,True
0301999020,0.0,True
0301999040,221.0,True
0301999059,0.0,True
0301999070,6710.0,True
0301999095,715.0,True
0301999099,114323.0,True
0302110000,0.0,True
0302140000,29476.0,True
0302210000,167811.0,True
0302230000,105.0,True
0302290000,311521.0,True
0302320000,0.0,True
0302340000,0.0,True
0302351000,0.0,True
0302352000,1110.0,True
0302360000,50287.0,True
0302390000,781.0,True
0302410000,401081.0,True
0302440000,22268.0,True
0302450000,48822.0,True
0302491000,980128.0,True
0302492000,1547847.0,True
0302550000,0.0,True
0302720000,77.0,True
0302740000,39341.0,True
0302820000,67481.0,True
0302840000,18591.0,True
0302850000,891.0,True
0302891000,2383.0,True
0302892000,504225.0,True
0302893000,28818.0,True
0302896000,83520.0,True
0302899040,784.0,True
0302899090,3396067.0,True
0302911000,111.0,True
0302990000,0.0,True
0303120000,238423.0,True
0303130000,0.0,True
0303140000,0.0,True
0303230000,0.0,True
0303240000,0.0,True
0303250000,0.0,True
0303260000,25532.0,True
0303290000,2680.0,True
0303310000,4508.0,True
0303320000,967.0,True
0303330000,3847.0,True
0303391000,198526.0,True
0303399000,18828.0,True
0303410000,414513.0,True
0303420000,7342391.0,True
0303430000,11462398.0,True
0303440000,3413307.0,True
0303451000,0.0,True
0303452000,980824.0,True
0303460000,209478.0,True
0303490000,2739.0,True
0303510000,3201151.0,True
0303530000,2880407.0,True
0303540000,18348180.0,True
0303550000,1466549.0,True
0303570000,1214285.0,True
0303591000,5465365.0,True
0303592000,78024.0,True
0303599000,483033.0,True
0303630000,7244549.0,True
0303660000,1035863.0,True
0303670000,2114161.0,True
0303680000,0.0,True
0303699000,0.0,True
0303810000,0.0,True
0303821000,159696.0,True
0303822000,146329.0,True
0303830000,12544967.0,True
0303891000,4788.0,True
0303892000,1032736.0,True
0303893010,212.0,True
0303893020,0.0,True
0303893090,62264.0,True
0303894000,193190.0,True
0303895010,7091.0,True
0303895020,5590.0,True
0303895090,24873.0,True
0303896000,8019.0,True
0303898000,61284.0,True
0303899010,148.0,True
0303899020,0.0,True
0303899030,113160.0,True
0303899040,1259568.0,True
0303899050,1690074.0,True
0303899060,225425.0,True
0303899070,0.0,True
0303899080,0.0,True
0303899091,61934.0,True
0303899092,951.0,True
0303899099,6146231.0,True
0303911000,812.0,True
0303912010,2219353.0,True
0303912090,412468.0,True
0303990000,250407.0,True
0304390000,55713.0,True
0304410000,12645.0,True
0304439000,23633.0,True
0304480000,30.0,True
0304491000,611603.0,True
0304492000,0.0,True
0304499000,12533.0,True
0304519000,129.0,True
0304591000,541.0,True
0304599090,1340.0,True
0304610000,1890.0,True
0304620000,0.0,True
0304690000,0.0,True
0304710000,0.0,True
0304740000,0.0,True
0304750000,218005.0,True
0304790000,0.0,True
0304810000,0.0,True
0304831000,26071.0,True
0304839000,1605.0,True
0304840000,1171565.0,True
0304860000,0.0,True
0304871000,5399789.0,True
0304879000,21291583.0,True
0304881000,0.0,True
0304891000,86675.0,True
0304893000,0.0,True
0304894000,0.0,True
0304895000,167043.0,True
0304899000,1326028.0,True
0304919000,8744.0,True
0304931000,0.0,True
0304939000,0.0,True
0304941000,3283216.0,True
0304949000,3789.0,True
0304951000,0.0,True
0304991000,0.0,True
0304999000,159730.0,True
0305202000,0.0,True
0305203000,0.0,True
0305204010,59003.0,True
0305204090,9.0,True
0305311000,0.0,True
0305321000,0.0,True
0305391000,835.0,True
0305392000,4509.0,True
0305410000,0.0,True
0305420000,972.0,True
0305491000,123.0,True
0305492000,0.0,True
0305499000,0.0,True
0305510000,1293.0,True
0305520000,0.0,True
0305531000,376020.0,True
0305539000,42.0,True
0305541000,1060897.0,True
0305549000,25300.0,True
0305594000,161320.0,True
0305598000,0.0,True
0305599000,222979.0,True
0305631000,24849.0,True
0305693000,18938.0,True
0305695000,188868.0,True
0305699000,18423.0,True
0305712000,1310.0,True
0305720000,1046.0,True
0305790000,44930.0,True
0306119000,0.0,True
0306121000,0.0,True
0306129000,3173.0,True
0306141010,4.0,True
0306141090,139218.0,True
0306142000,906662.0,True
0306143010,911.0,True
0306143090,449373.0,True
0306149090,9225128.0,True
0306159000,0.0,True
0306161090,0.0,True
0306169090,0.0,True
0306171090,72035.0,True
0306179091,837.0,True
0306179099,84882.0,True
0306199000,5541.0,True
0306310000,0.0,True
0306320000,2887.0,True
0306331000,73940.0,True
0306332000,552457.0,True
0306339000,3326105.0,True
0306360000,40523.0,True
0306390000,62246.0,True
0306930000,0.0,True
0306951020,11661.0,True
0306951030,1028.0,True
0306959020,6749.0,True
0306959030,116525.0,True
0306959040,0.0,True
0306992000,0.0,True
0306993000,0.0,True
0307111090,42.0,True
0307119000,138166.0,True
0307120000,3047916.0,True
0307192000,0.0,True
0307211000,90709.0,True
0307219000,35183.0,True
0307221000,758.0,True
0307229000,16546.0,True
0307299000,0.0,True
0307310000,91.0,True
0307320000,25214.0,True
0307392000,2114.0,True
0307421010,121.0,True
0307421090,523.0,True
0307422010,0.0,True
0307422090,5853.0,True
0307431010,0.0,True
0307431090,18736.0,True
0307432010,237682.0,True
0307432090,2410170.0,True
0307492090,4181.0,True
0307493010,47843.0,True
0307493090,76251.0,True
0307494090,0.0,True
0307511000,61371.0,True
0307512000,327.0,True
0307519000,3425.0,True
0307521000,201384.0,True
0307522000,61562.0,True
0307523000,94789.0,True
0307529000,11.0,True
0307592000,0.0,True
0307599000,661.0,True
0307600000,2472.0,True
0307711000,192.0,True
0307712090,691408.0,True
0307713000,1087.0,True
0307714000,369779.0,True
0307715000,130.0,True
0307719000,98501.0,True
0307721000,45.0,True
0307723000,675990.0,True
0307724000,13427.0,True
0307725000,0.0,True
0307729000,13844.0,True
0307792010,0.0,True
0307792020,0.0,True
0307792090,0.0,True
0307793090,0.0,True
0307810000,3327435.0,True
0307830000,530745.0,True
0307872000,47.0,True
0307911000,30896.0,True
0307919000,852760.0,True
0307921000,162097.0,True
0307922000,241720.0,True
0307929000,4519982.0,True
0307993000,4437.0,True
0307994900,0.0,True
0308110000,20042.0,True
0308192000,0.0,True
0308193000,222276.0,True
0308210000,0.0,True
0308220000,0.0,True
0308302000,716.0,True
0308304000,2498145.0,True
0308901019,30156.0,True
0308901090,3215.0,True
0308902010,72964.0,True
0308902090,14994.0,True
0309100000,0.0,True
0309901000,0.0,True
0309902000,0.0,True
0309909000,0.0,True
0401100000,21085.0,True
0401200000,323045.0,True
0401401000,0.0,True
0401409000,66722.0,True
0401501000,0.0,True
0401509000,281.0,True
0402101010,0.0,True
0402101090,0.0,True
0402109000,0.0,True
0402211000,0.0,True
0402219000,0.0,True
0402290000,1670.0,True
0402919000,0.0,True
0402991000,125.0,True
0402999000,3703123.0,True
0403201000,124584.0,True
0403202000,395524.0,True
0403209000,98081.0,True
0403901000,30.0,True
0403909000,37776.0,True
0404101011,0.0,True
0404101019,4951.0,True
0404101099,0.0,True
0404102129,0.0,True
0404102131,0.0,True
0404102139,0.0,True
0404102191,0.0,True
0404102199,0.0,True
0404102990,0.0,True
0404901000,116820.0,True
0404902000,1287104.0,True
0405100000,13211.0,True
0405200000,0.0,True
0405900000,0.0,True
0406101010,276.0,True
0406101020,13955.0,True
0406101090,12388.0,True
0406102000,0.0,True
0406200000,7492.0,True
0406300000,476593.0,True
0406400000,0.0,True
0406901000,115.0,True
0406902000,0.0,True
0406903000,0.0,True
0406904000,0.0,True
0406909000,180620.0,True
0407110000,0.0,True
0407210000,169794.0,True
0407290000,38642.0,True
0407900000,0.0,True
0408110000,0.0,True
0408190000,0.0,True
0408910000,0.0,True
0408991000,0.0,True
0408999000,5148.0,True
0409000000,9501.0,True
0410100000,0.0,True
0410901000,0.0,True
0410902000,0.0,True
0410909000,55513.0,True
0501000000,0.0,True
0502100000,0.0,True
0504001010,0.0,True
0504001021,0.0,True
0504001029,0.0,True
0504001031,0.0,True
0504001090,0.0,True
0504003000,0.0,True
0505100000,6586528.0,True
0505909000,0.0,True
0506901020,0.0,True
0506901090,0.0,True
0506902000,0.0,True
0506909000,0.0,True
0507901110,0.0,True
0507901190,101143.0,True
0508001000,0.0,True
0508002010,0.0,True
0508002020,10628.0,True
0508002030,0.0,True
0508002040,0.0,True
0508002090,0.0,True
0508009000,148369.0,True
0510003000,1329027.0,True
0510004000,0.0,True
0510009000,0.0,True
0511100000,8652.0,True
0511911010,0.0,True
0511911090,0.0,True
0511912000,50693.0,True
0511919000,1824053.0,True
0511991000,0.0,True
0511992090,0.0,True
0511996000,1500.0,True
0511999030,0.0,True
0511999040,78584.0,True
0511999090,302827.0,True
0601102000,0.0,True
0601109000,0.0,True
0601209090,155.0,True
0602100000,0.0,True
0602209000,14391.0,True
0602400000,0.0,True
0602901010,19900.0,True
0602901040,0.0,True
0602901050,0.0,True
0602901060,29392.0,True
0602901090,6085.0,True
0602902090,0.0,True
0602909040,0.0,True
0602909090,10280.0,True
0603110000,24627.0,True
0603120000,0.0,True
0603131000,0.0,True
0603132000,0.0,True
0603139000,0.0,True
0603140000,0.0,True
0603150000,56045.0,True
0603191000,0.0,True
0603199000,11931.0,True
0603900000,0.0,True
0604201000,0.0,True
0604202000,0.0,True
0604209000,0.0,True
0604901000,6678.0,True
0604909000,1848.0,True
0701900000,29934.0,True
0702001000,71031.0,True
0702009000,315167.0,True
0703101010,438.0,True
0703101090,576136.0,True
0703103000,0.0,True
0703201000,13637.0,True
0703209000,95.0,True
0703901000,15.0,True
0703902000,3045.0,True
0703909000,0.0,True
0704100000,1242.0,True
0704200000,250.0,True
0704901000,87873.0,True
0704902000,233854.0,True
0704909000,10214.0,True
0705110000,126360.0,True
0705190000,153864.0,True
0705210000,0.0,True
0705290000,0.0,True
0706101000,17029.0,True
0706901000,13344.0,True
0706902000,46.0,True
0706903000,0.0,True
0706904000,1512.0,True
0706909000,8139.0,True
0707000000,8465.0,True
0708100000,0.0,True
0708200000,0.0,True
0708900000,681.0,True
0709200000,5668.0,True
0709300000,1895.0,True
0709400000,4.0,True
0709517000,3059.0,True
0709519000,18000.0,True
0709540000,17040.0,True
0709550000,0.0,True
0709560000,0.0,True
0709594010,1146144.0,True
0709594090,41959.0,True
0709595000,1140327.0,True
0709599000,107894.0,True
0709601000,4739381.0,True
0709609000,94149.0,True
0709700000,770.0,True
0709920000,13.0,True
0709930000,736133.0,True
0709991000,205.0,True
0709993000,28772.0,True
0709999000,196871.0,True
0710100000,9790.0,True
0710210000,0.0,True
0710220000,25.0,True
0710290000,0.0,True
0710300000,0.0,True
0710400000,0.0,True
0710801000,197.0,True
0710802000,1849.0,True
0710804000,0.0,True
0710805000,1912.0,True
0710806000,0.0,True
0710807000,1215.0,True
0710808010,34028.0,True
0710808020,1046.0,True
0710809010,0.0,True
0710809090,119751.0,True
0710900000,4188.0,True
0711400000,0.0,True
0711599000,0.0,True
0711903000,0.0,True
0711905091,2219.0,True
0711905099,1899.0,True
0711909000,0.0,True
0712200000,537.0,True
0712311000,0.0,True
0712319000,0.0,True
0712320000,8907.0,True
0712330000,0.0,True
0712340000,16945.0,True
0712391010,0.0,True
0712391030,0.0,True
0712391040,1543.0,True
0712391050,0.0,True
0712391090,5827.0,True
0712901000,15531.0,True
0712902010,7308.0,True
0712902020,14327.0,True
0712902030,480.0,True
0712902040,0.0,True
0712902050,23508.0,True
0712902060,0.0,True
0712902070,3956.0,True
0712902080,471.0,True
0712902092,420.0,True
0712902093,11451.0,True
0712902094,0.0,True
0712902095,0.0,True
0712902096,6147.0,True
0712902097,11576.0,True
0712902099,96267.0,True
0712909000,344377.0,True
0713101000,0.0,True
0713109000,0.0,True
0713200000,0.0,True
0713319000,0.0,True
0713329000,5281.0,True
0713331000,0.0,True
0713339000,665.0,True
0713350000,240.0,True
0713390000,1287.0,True
0713400000,0.0,True
0713500000,0.0,True
0713600000,0.0,True
0713900000,0.0,True
0714102010,0.0,True
0714102020,0.0,True
0714102090,0.0,True
0714104000,0.0,True
0714201000,47216.0,True
0714202000,17723.0,True
0714204000,1125.0,True
0714301000,0.0,True
0714309000,0.0,True
0714401000,0.0,True
0714409000,218.0,True
0714901090,0.0,True
0714909010,0.0,True
0714909090,4749.0,True
0801110000,0.0,True
0801120000,0.0,True
0801190000,0.0,True
0801210000,0.0,True
0801220000,0.0,True
0801310000,0.0,True
0801320000,20345.0,True
0802110000,9989.0,True
0802120000,9722.0,True
0802210000,0.0,True
0802220000,0.0,True
0802320000,2479.0,True
0802410000,0.0,True
0802420000,2530.0,True
0802510000,361074.0,True
0802520000,483203.0,True
0802610000,0.0,True
0802620000,0.0,True
0802700000,0.0,True
0802910000,0.0,True
0802920000,0.0,True
0802999000,2966.0,True
0803100000,67.0,True
0803900000,558.0,True
0804100000,4585.0,True
0804200000,10713.0,True
0804300000,2784.0,True
0804400000,1005.0,True
0804502000,5482.0,True
0804503000,0.0,True
0805100000,2872.0,True
0805211000,56320.0,True
0805219000,45.0,True
0805290000,173.0,True
0805400000,13.0,True
0805501000,198.0,True
0805502020,0.0,True
0806100000,6071992.0,True
0806200000,171.0,True
0807110000,18073.0,True
0807191000,174020.0,True
0807199000,220982.0,True
0807200000,0.0,True
0808100000,5233.0,True
0808300000,14760.0,True
0809100000,20.0,True
0809290000,0.0,True
0809300000,538444.0,True
0809401000,5076.0,True
0810100000,4821.0,True
0810400000,3923.0,True
0810500000,454.0,True
0810600000,0.0,True
0810903000,0.0,True
0810905000,0.0,True
0810909000,10728.0,True
0811100000,58705.0,True
0811200000,0.0,True
0811901000,0.0,True
0811903000,0.0,True
0811909000,26699.0,True
0812100000,703.0,True
0812901000,0.0,True
0812909000,122.0,True
0813100000,62.0,True
0813200000,47398.0,True
0813300000,16155.0,True
0813401000,18082.0,True
0813402000,22114.0,True
0813409000,58677.0,True
0813500000,5740.0,True
0814001000,800.0,True
0901110000,261190.0,True
0901120000,1251.0,True
0901210000,601611.0,True
0901220000,5628.0,True
0901901000,8.0,True
0901902000,70307.0,True
0902100000,253261.0,True
0902200000,602928.0,True
0902300000,182655.0,True
0902400000,317847.0,True
0903000000,0.0,True
0904110000,106596.0,True
0904120000,59129.0,True
0904210000,2020.0,True
0904220000,1763212.0,True
0905100000,1662.0,True
0905200000,0.0,True
0906110000,993.0,True
0906190000,0.0,True
0906200000,1799.0,True
0907100000,0.0,True
0907200000,0.0,True
0908110000,0.0,True
0908120000,0.0,True
0908210000,0.0,True
0908220000,0.0,True
0908310000,0.0,True
0908320000,0.0,True
0909210000,0.0,True
0909220000,0.0,True
0909310000,0.0,True
0909320000,0.0,True
0909611000,0.0,True
0909612000,0.0,True
0909613000,0.0,True
0909621000,0.0,True
0909623000,0.0,True
0910111000,30.0,True
0910112000,0.0,True
0910119000,0.0,True
0910122000,5155.0,True
0910129000,0.0,True
0910200000,0.0,True
0910300000,4.0,True
0910911000,27576.0,True
0910919000,4.0,True
0910991000,570.0,True
0910999000,208.0,True
1001190000,0.0,True
1001991090,0.0,True
1001992090,0.0,True
1001999090,314.0,True
1002900000,0.0,True
1003103000,9801.0,True
1003109000,0.0,True
1003901000,0.0,True
1003902000,0.0,True
1003903000,2883.0,True
1003909000,1838.0,True
1004100000,0.0,True
1004900000,11954.0,True
1005100000,0.0,True
1005901000,0.0,True
1005902000,4.0,True
1005909000,247.0,True
1006100000,13824.0,True
1006201000,23550.0,True
1006202000,21786.0,True
1006301000,714314.0,True
1006302000,12061.0,True
1006400000,20051.0,True
1007900000,1749.0,True
1008100000,0.0,True
1008219000,4540.0,True
1008291000,449.0,True
1008299000,0.0,True
1008500000,268.0,True
1008900000,30970.0,True
1101001000,1592187.0,True
1101002000,9.0,True
1102200000,25777.0,True
1102901000,950.0,True
1102902000,10040.0,True
1102903000,449.0,True
1102909000,135185.0,True
1103110000,116.0,True
1103130000,27416.0,True
1103191000,10.0,True
1103192000,168.0,True
1103193000,74.0,True
1103199000,19608.0,True
1103209000,11745.0,True
1104120000,74.0,True
1104191000,1494.0,True
1104192000,2264.0,True
1104199000,34600.0,True
1104220000,0.0,True
1104230000,1207.0,True
1104291000,517.0,True
1104292000,3459.0,True
1104299000,9031.0,True
1104309000,84.0,True
1105100000,44.0,True
1105200000,0.0,True
1106100000,1222.0,True
1106201000,0.0,True
1106209000,2528.0,True
1106300000,1184.0,True
1107100000,4950.0,True
1107209000,0.0,True
1108110000,0.0,True
1108121000,1369662.0,True
1108129000,25477.0,True
1108130000,25974.0,True
1108141000,0.0,True
1108149000,3399.0,True
1108191000,1210.0,True
1108199000,80743.0,True
1108200000,0.0,True
1109000000,0.0,True
1201109000,0.0,True
1201901000,0.0,True
1201903000,1568.0,True
1201909000,9367.0,True
1202302000,0.0,True
1202410000,0.0,True
1202420000,451.0,True
1204000000,0.0,True
1205909000,0.0,True
1206000000,0.0,True
1207291000,0.0,True
1207299000,0.0,True
1207400000,68558.0,True
1207500000,9621.0,True
1207600000,0.0,True
1207700000,14785.0,True
1207910000,0.0,True
1207991000,27722.0,True
1207999000,12225.0,True
1208100000,1475.0,True
1208901000,0.0,True
1208909000,37565.0,True
1209210000,0.0,True
1209230000,0.0,True
1209240000,0.0,True
1209250000,0.0,True
1209291000,0.0,True
1209293000,0.0,True
1209299000,0.0,True
1209300000,0.0,True
1209911010,558226.0,True
1209911090,224.0,True
1209912000,1122400.0,True
1209913000,590068.0,True
1209914000,1080432.0,True
1209915000,306761.0,True
1209919000,1904312.0,True
1209991010,0.0,True
1209991090,0.0,True
1209992000,0.0,True
1209994000,0.0,True
1209999000,52526.0,True
1210100000,0.0,True
1210201000,0.0,True
1211201190,53563.0,True
1211201211,0.0,True
1211201291,290517.0,True
1211201299,5084.0,True
1211201311,90.0,True
1211201319,40000.0,True
1211201391,3248720.0,True
1211201399,236300.0,True
1211202110,1450.0,True
1211202120,1887.0,True
1211202190,525.0,True
1211202210,21194.0,True
1211202220,27169.0,True
1211202290,131.0,True
1211203100,20.0,True
1211501000,0.0,True
1211901100,0.0,True
1211901200,0.0,True
1211901300,290.0,True
1211901400,783.0,True
1211901500,0.0,True
1211901600,5749.0,True
1211901700,1701.0,True
1211901800,0.0,True
1211901910,815.0,True
1211901920,316.0,True
1211901930,0.0,True
1211901940,76.0,True
1211901950,230822.0,True
1211901960,4549.0,True
1211901970,4895.0,True
1211901980,1967.0,True
1211901993,0.0,True
1211901999,750364.0,True
1211909010,6651.0,True
1211909090,12024.0,True
1212211010,33271512.0,True
1212211090,74073.0,True
1212212010,2069535.0,True
1212212020,406451.0,True
1212212040,90089.0,True
1212212090,116908.0,True
1212213010,938550.0,True
1212213090,0.0,True
1212214010,730.0,True
1212214020,473.0,True
1212214030,4666.0,True
1212214090,6519.0,True
1212215010,56539.0,True
1212215030,521.0,True
1212215090,438688.0,True
1212217029,245371.0,True
1212217039,5955.0,True
1212218029,0.0,True
1212218031,0.0,True
1212218039,3750.0,True
1212219019,0.0,True
1212219091,1511.0,True
1212219099,51652.0,True
1212291090,5849.0,True
1212292010,0.0,True
1212292090,37959.0,True
1212293090,1157.0,True
1212295090,5118.0,True
1212298039,0.0,True
1212299099,0.0,True
1212920000,0.0,True
1212930000,0.0,True
1212992000,113.0,True
1212993000,139.0,True
1212996000,0.0,True
1212999000,2.0,True
1213000000,0.0,True
1214101000,0.0,True
1214109000,0.0,True
1214909011,0.0,True
1214909090,0.0,True
1301200000,939.0,True
1301901000,0.0,True
1301902010,0.0,True
1301902090,0.0,True
1301909000,2303.0,True
1302120000,63270.0,True
1302130000,0.0,True
1302140000,0.0,True
1302191110,284325.0,True
1302191190,1397.0,True
1302191210,1320836.0,True
1302191220,344846.0,True
1302191290,340637.0,True
1302191900,11733.0,True
1302192000,0.0,True
1302193000,0.0,True
1302199010,19258.0,True
1302199020,0.0,True
1302199032,12859.0,True
1302199035,0.0,True
1302199039,203984.0,True
1302199091,0.0,True
1302199099,1143458.0,True
1302200000,91200.0,True
1302311000,15582.0,True
1302312000,411772.0,True
1302319000,1325.0,True
1302320000,273015.0,True
1302390000,1878522.0,True
1401109000,0.0,True
1401200000,0.0,True
1401900000,186.0,True
1404200000,27565.0,True
1404901000,0.0,True
1404902010,0.0,True
1404902090,0.0,True
1404903090,0.0,True
1404904000,0.0,True
1404905000,0.0,True
1404906020,0.0,True
1404906090,0.0,True
1404909000,16036.0,True
1501109000,0.0,True
1501900000,0.0,True
1502101010,0.0,True
1502101090,0.0,True
1502109000,0.0,True
1503002000,141386.0,True
1504101000,0.0,True
1504109000,0.0,True
1504200000,884914.0,True
1504309000,0.0,True
1505001000,0.0,True
1505009000,14277.0,True
1506009000,316312.0,True
1507101000,4273.0,True
1507109000,20.0,True
1507901010,455084.0,True
1507901090,0.0,True
1507909000,60392.0,True
1508901000,0.0,True
1508909000,0.0,True
1509200000,87227.0,True
1509300000,2724.0,True
1509400000,17612.0,True
1509900000,156244.0,True
1510100000,0.0,True
1510900000,893.0,True
1511901000,0.0,True
1511902000,0.0,True
1511909000,1357.0,True
1512111000,0.0,True
1512112000,181.0,True
1512191010,26937.0,True
1512191020,0.0,True
1512199010,12698.0,True
1512299000,0.0,True
1513110000,0.0,True
1513191000,24583.0,True
1513199000,1844.0,True
1513211000,0.0,True
1513291010,0.0,True
1513291020,1920.0,True
1513299000,0.0,True
1514110000,5770.0,True
1514191000,2588.0,True
1514199000,0.0,True
1514991010,732.0,True
1514991020,0.0,True
1514999000,643.0,True
1515110000,0.0,True
1515190000,7197.0,True
1515210000,2013.0,True
1515290000,516723.0,True
1515300000,28229.0,True
1515500000,942455.0,True
1515600000,5.0,True
1515901000,289145.0,True
1515909010,0.0,True
1515909020,109041.0,True
1515909030,8346.0,True
1515909040,2109.0,True
1515909090,207447.0,True
1516101000,9160.0,True
1516109000,29901.0,True
1516201010,0.0,True
1516201020,0.0,True
1516201030,0.0,True
1516201040,2151.0,True
1516201050,3080.0,True
1516202010,43812.0,True
1516202020,1395.0,True
1516202040,0.0,True
1516202050,27333.0,True
1516202090,291805.0,True
1516300000,0.0,True
1517100000,30914.0,True
1517902000,219762.0,True
1517909000,514543.0,True
1518001000,0.0,True
1518002000,784449.0,True
1518009010,1187500.0,True
1518009090,13664852.0,True
1520000000,3598851.0,True
1521101000,29257.0,True
1521102000,0.0,True
1521109000,25819.0,True
1521901000,0.0,True
1521902000,517586.0,True
1521909000,227.0,True
1522000000,0.0,True
1601001000,142713.0,True
1601009000,803131.0,True
1602209000,0.0,True
1602321010,936742.0,True
1602321090,142943.0,True
1602329000,280267.0,True
1602391000,67.0,True
1602399000,198913.0,True
1602411000,2355677.0,True
1602419000,16982.0,True
1602491000,838473.0,True
1602499000,915692.0,True
1602501000,7475.0,True
1602509000,17464.0,True
1602901000,14574.0,True
1602909000,28370.0,True
1603001000,23271.0,True
1603003000,22396.0,True
1603004000,9341.0,True
1603009000,673049.0,True
1604111000,2422.0,True
1604119000,59.0,True
1604121000,0.0,True
1604129000,0.0,True
1604131000,0.0,True
1604139000,13.0,True
1604141011,572581.0,True
1604141019,604939.0,True
1604141021,840166.0,True
1604141029,1314154.0,True
1604141039,288.0,True
1604149000,6553.0,True
1604151000,47162.0,True
1604159000,3781.0,True
1604161000,45691.0,True
1604169000,163550.0,True
1604171000,1554.0,True
1604179000,103503.0,True
1604180000,0.0,True
1604191010,164898.0,True
1604191090,40631.0,True
1604199010,237745.0,True
1604199090,274881.0,True
1604201000,0.0,True
1604202000,1484.0,True
1604203000,211116.0,True
1604204010,2442409.0,True
1604204090,2036244.0,True
1604209000,629186.0,True
1604310000,1575.0,True
1604320000,695164.0,True
1605101010,32525.0,True
1605101091,2125029.0,True
1605101099,21998.0,True
1605109000,820867.0,True
1605211000,9835.0,True
1605219000,9271.0,True
1605290000,23081.0,True
1605301000,294.0,True
1605309000,0.0,True
1605401000,0.0,True
1605409000,0.0,True
1605511000,1176641.0,True
1605519000,1661891.0,True
1605520000,5207.0,True
1605531000,384912.0,True
1605539000,192303.0,True
1605541000,12408.0,True
1605542010,13676.0,True
1605542091,542023.0,True
1605542099,225128.0,True
1605550000,508916.0,True
1605561010,457114.0,True
1605561090,0.0,True
1605562090,21388.0,True
1605569010,2231.0,True
1605569090,45258.0,True
1605571000,40923.0,True
1605579000,30002.0,True
1605581000,0.0,True
1605589000,0.0,True
1605591010,171003.0,True
1605591090,123.0,True
1605592090,5626.0,True
1605599010,665.0,True
1605599090,183485.0,True
1605611000,25300.0,True
1605619000,1464494.0,True
1605621000,0.0,True
1605639000,8040.0,True
1605690000,29683.0,True
1701122000,5699.0,True
1701130000,6.0,True
1701141000,0.0,True
1701142000,17413.0,True
1701910000,27888.0,True
1701990000,10982700.0,True
1702111000,1646.0,True
1702119000,0.0,True
1702191000,5920.0,True
1702199000,4126.0,True
1702201000,0.0,True
1702202000,2090.0,True
1702301000,364826.0,True
1702302000,262603.0,True
1702401000,3458.0,True
1702402000,938.0,True
1702500000,93.0,True
1702601000,0.0,True
1702602000,1405503.0,True
1702901000,3382.0,True
1702902000,8206.0,True
1702903000,37222.0,True
1702909000,2788003.0,True
1703109000,0.0,True
1703909000,0.0,True
1704100000,679545.0,True
1704901000,53893.0,True
1704902010,15852.0,True
1704902020,54664.0,True
1704902090,3725386.0,True
1704909000,4172381.0,True
1801001000,0.0,True
1801002000,0.0,True
1802001000,0.0,True
1803100000,0.0,True
1804000000,0.0,True
1805000000,1411.0,True
1806100000,1968691.0,True
1806201000,120788.0,True
1806209010,5119.0,True
1806209090,468238.0,True
1806311000,295374.0,True
1806319000,5406.0,True
1806321000,556868.0,True
1806329000,9743.0,True
1806901000,589783.0,True
1806902111,0.0,True
1806902910,109.0,True
1806902920,0.0,True
1806902991,0.0,True
1806902999,0.0,True
1806903010,496409.0,True
1806903099,833.0,True
1806909010,0.0,True
1806909090,1230879.0,True
1901101010,7075844.0,True
1901101090,227875.0,True
1901109010,51426.0,True
1901109090,10706.0,True
1901201000,27128.0,True
1901202000,0.0,True
1901209000,4385111.0,True
1901901000,11504.0,True
1901902010,138897.0,True
1901902020,63970.0,True
1901909010,111.0,True
1901909091,8227423.0,True
1901909092,2307.0,True
1901909099,4310652.0,True
1902111000,18588.0,True
1902112000,0.0,True
1902119000,23229.0,True
1902191000,3277963.0,True
1902192000,1340990.0,True
1902193000,762912.0,True
1902199000,890035.0,True
1902200000,6426690.0,True
1902301010,151080944.0,True
1902301090,6897679.0,True
1902309000,3195077.0,True
1902400000,0.0,True
1903001000,1484.0,True
1903009000,0.0,True
1904101000,994820.0,True
1904102000,19376.0,True
1904103000,201205.0,True
1904109000,2958698.0,True
1904201000,0.0,True
1904209000,35558.0,True
1904300000,0.0,True
1904901010,10920601.0,True
1904901090,70467.0,True
1904909000,2546029.0,True
1905100000,247.0,True
1905200000,1164.0,True
1905310000,1616611.0,True
1905320000,289817.0,True
1905400000,181926.0,True
1905901010,1255332.0,True
1905901020,17855.0,True
1905901030,7335497.0,True
1905901040,12807427.0,True
1905901050,637712.0,True
1905901090,16859910.0,True
1905909010,0.0,True
1905909020,9010.0,True
1905909090,3030004.0,True
2001100000,67692.0,True
2001901000,1657.0,True
2001909020,0.0,True
2001909030,0.0,True
2001909050,10.0,True
2001909060,11366.0,True
2001909070,0.0,True
2001909090,352484.0,True
2002100000,73.0,True
2002901000,0.0,True
2002909000,53.0,True
2003104000,139.0,True
2003109000,0.0,True
2003901000,715.0,True
2003902000,0.0,True
2003903000,0.0,True
2003909000,0.0,True
2004100000,52017.0,True
2004909000,140208.0,True
2005109000,0.0,True
2005201000,619.0,True
2005209000,629349.0,True
2005400000,8664.0,True
2005511000,0.0,True
2005512000,160054.0,True
2005519000,21325.0,True
2005591000,0.0,True
2005592000,8446.0,True
2005599000,2687.0,True
2005600000,0.0,True
2005700000,639.0,True
2005800000,24845.0,True
2005910000,275.0,True
2005991000,14450380.0,True
2005992000,0.0,True
2005994000,0.0,True
2005999000,1093185.0,True
2006001000,407.0,True
2006002000,0.0,True
2006003000,62735.0,True
2006004000,0.0,True
2006006090,0.0,True
2006008000,0.0,True
2006009010,0.0,True
2006009020,0.0,True
2006009030,0.0,True
2006009090,56163.0,True
2007100000,1326.0,True
2007911000,6540.0,True
2007919000,16.0,True
2007991000,155363.0,True
2007999000,161018.0,True
2008111000,6800.0,True
2008119000,25279.0,True
2008191000,67669.0,True
2008192000,1779.0,True
2008193000,6182.0,True
2008199000,2714438.0,True
2008200000,994.0,True
2008301000,3485730.0,True
2008309000,497454.0,True
2008400000,363.0,True
2008500000,0.0,True
2008600000,0.0,True
2008701000,11662.0,True
2008709000,4026.0,True
2008800000,34231.0,True
2008910000,0.0,True
2008930000,13.0,True
2008971010,101.0,True
2008971090,0.0,True
2008972000,0.0,True
2008979000,70372.0,True
2008991000,0.0,True
2008992000,24292.0,True
2008993000,16837.0,True
2008994000,301312.0,True
2008995010,58456175.0,True
2008995090,2688033.0,True
2008999000,2189130.0,True
2009110000,0.0,True
2009120000,27.0,True
2009190000,3280.0,True
2009210000,504487.0,True
2009290000,0.0,True
2009311000,39984.0,True
2009312000,0.0,True
2009319000,757045.0,True
2009391000,4003.0,True
2009392000,0.0,True
2009399000,594577.0,True
2009410000,0.0,True
2009490000,3513.0,True
2009500000,0.0,True
2009610000,2065.0,True
2009690000,8401.0,True
2009710000,16094.0,True
2009790000,27356.0,True
2009810000,0.0,True
2009891010,1773.0,True
2009891020,7395.0,True
2009891030,0.0,True
2009891090,270513.0,True
2009892000,80667.0,True
2009901010,267.0,True
2009901020,7774.0,True
2009901030,110295.0,True
2009901090,468209.0,True
2009902000,4059.0,True
2009909000,239204.0,True
2101111000,5014943.0,True
2101119000,140545.0,True
2101121000,2205113.0,True
2101129010,4569597.0,True
2101129090,531850.0,True
2101201000,2089893.0,True
2101209011,171183.0,True
2101209019,31621.0,True
2101209090,499968.0,True
2101301000,112477.0,True
2101309000,607903.0,True
2102101000,0.0,True
2102102000,0.0,True
2102103000,66.0,True
2102104000,0.0,True
2102109000,199.0,True
2102201000,2185.0,True
2102202000,1342.0,True
2102203010,0.0,True
2102203090,7369.0,True
2102204010,7627.0,True
2102204090,11467.0,True
2102209000,733239.0,True
2102300000,0.0,True
2103100000,1665169.0,True
2103201000,458979.0,True
2103202000,23562.0,True
2103301000,75006.0,True
2103302000,20349.0,True
2103901010,760476.0,True
2103901020,383346.0,True
2103901030,5928726.0,True
2103901090,1037046.0,True
2103909010,1415469.0,True
2103909020,302280.0,True
2103909030,3628692.0,True
2103909040,5432.0,True
2103909050,9709.0,True
2103909090,19123528.0,True
2104101000,302446.0,True
2104102000,397510.0,True
2104103000,416099.0,True
2104109000,1412417.0,True
2104200000,60033.0,True
2105001010,555043.0,True
2105001090,8770175.0,True
2105009010,371430.0,True
2105009090,476119.0,True
2106101000,585373.0,True
2106109020,446820.0,True
2106109030,748024.0,True
2106901010,681.0,True
2106901020,2675552.0,True
2106901090,869762.0,True
2106902000,635042.0,True
2106903011,82854.0,True
2106903019,19138.0,True
2106903021,150229.0,True
2106903029,1671954.0,True
2106909010,4326975.0,True
2106909021,717.0,True
2106909022,113300.0,True
2106909023,0.0,True
2106909030,169928.0,True
2106909040,231381.0,True
2106909050,602327.0,True
2106909060,5867.0,True
2106909070,53884.0,True
2106909080,24734.0,True
2106909091,2624.0,True
2106909099,77894673.0,True
2201100000,444200.0,True
2201901000,99615.0,True
2201909000,72186.0,True
2202101000,9470197.0,True
2202109000,7741924.0,True
2202910000,176225.0,True
2202991000,3859546.0,True
2202992000,13274489.0,True
2202993000,159255.0,True
2202999000,37408632.0,True
2203000000,9161752.0,True
2204100000,0.0,True
2204211000,33320.0,True
2204212000,6807.0,True
2204219000,1000.0,True
2204221000,0.0,True
2204222000,0.0,True
2204229000,0.0,True
2204291000,0.0,True
2204292000,0.0,True
2204299000,0.0,True
2205100000,0.0,True
2205900000,0.0,True
2206001010,331836.0,True
2206001020,0.0,True
2206001090,37654.0,True
2206002010,56599.0,True
2206002020,81156.0,True
2206002030,1011094.0,True
2206002090,1625879.0,True
2206009090,571199.0,True
2207101000,0.0,True
2207109010,12382.0,True
2207109090,756238.0,True
2207200000,53783.0,True
2208201000,0.0,True
2208209000,0.0,True
2208301000,151929.0,True
2208302000,0.0,True
2208303000,0.0,True
2208309000,7715.0,True
2208400000,0.0,True
2208500000,20736.0,True
2208600000,0.0,True
2208701000,5288.0,True
2208709000,7304281.0,True
2208901000,0.0,True
2208904000,6518277.0,True
2208906000,930.0,True
2208907000,0.0,True
2208909000,652244.0,True
2209001000,651787.0,True
2209009000,165519.0,True
2301101000,1246780.0,True
2301102000,0.0,True
2301201000,788341.0,True
2301209000,3491795.0,True
2302100000,0.0,True
2302300000,6200.0,True
2302401000,0.0,True
2302409000,0.0,True
2302500000,0.0,True
2303100000,981191.0,True
2303200000,25531.0,True
2303301000,1017600.0,True
2303309000,0.0,True
2304000000,111.0,True
2305000000,0.0,True
2306410000,0.0,True
2306490000,0.0,True
2306500000,0.0,True
2306600000,0.0,True
2306903000,0.0,True
2306909000,0.0,True
2308001000,0.0,True
2308003000,0.0,True
2308009000,0.0,True
2309101000,4121239.0,True
2309102000,5622237.0,True
2309901010,34557.0,True
2309901020,8097.0,True
2309901030,248265.0,True
2309901040,0.0,True
2309901091,0.0,True
2309901099,332423.0,True
2309902010,218534.0,True
2309902020,4600.0,True
2309902030,66188.0,True
2309902099,1064764.0,True
2309903010,0.0,True
2309903020,126731.0,True
2309903030,0.0,True
2309903090,650370.0,True
2309909010,181.0,True
2309909090,5013390.0,True
2401103000,77560.0,True
2401109000,0.0,True
2401201000,903615.0,True
2401202000,372163.0,True
2401203000,0.0,True
2401209000,90805.0,True
2401301000,0.0,True
2401302000,0.0,True
2401309000,2856.0,True
2402101000,3797.0,True
2402103000,108415.0,True
2402201000,73448281.0,True
2402209000,82.0,True
2403191000,0.0,True
2403199000,67279.0,True
2403911000,930446.0,True
2403919000,0.0,True
2403991000,0.0,True
2403992000,0.0,True
2403994000,0.0,True
2403999000,1226288.0,True
2404110000,15458030.0,True
2404121000,20.0,True
2404129000,0.0,True
2404191000,217218.0,True
2404199010,267106.0,True
2404199090,903528.0,True
2404910000,0.0,True
2404920000,0.0,True
2404990000,0.0,True
2424000000,4112572.0,False
2501001010,576.0,True
2501001020,51872.0,True
2501009010,459727.0,True
2501009020,932.0,True
2501009090,204418.0,True
2502000000,2771.0,True
2503000000,79546974.0,True
2504101000,4062.0,True
2504102000,0.0,True
2504109000,85271.0,True
2504900000,4856.0,True
2505100000,110818.0,True
2505901010,0.0,True
2505901020,0.0,True
2505901090,9946.0,True
2505909000,92989.0,True
2506101000,1659.0,True
2506102000,0.0,True
2506103000,100911.0,True
2506200000,0.0,True
2507001010,24464.0,True
2507001090,59580.0,True
2507002000,13247.0,True
2507009000,4877.0,True
2508100000,128018.0,True
2508300000,27400.0,True
2508402000,0.0,True
2508409000,80272.0,True
2508501000,0.0,True
2508502000,93.0,True
2508600000,0.0,True
2508701000,137941.0,True
2508702000,200239.0,True
2509000000,1173.0,True
2510101000,0.0,True
2510201000,0.0,True
2510209000,0.0,True
2511100000,39161.0,True
2512000000,27958.0,True
2513101000,15340.0,True
2513109000,0.0,True
2513201010,0.0,True
2513201030,0.0,True
2513201090,0.0,True
2513202030,2766.0,True
2513202090,28675.0,True
2514001000,0.0,True
2514009000,0.0,True
2515121000,0.0,True
2516110000,0.0,True
2516120000,0.0,True
2516209000,0.0,True
2516901000,772675.0,True
2516909000,0.0,True
2517101000,4497.0,True
2517102000,0.0,True
2517109000,550.0,True
2517300000,0.0,True
2517410000,0.0,True
2517491000,0.0,True
2517492000,0.0,True
2517499000,123903.0,True
2518100000,541712.0,True
2518200000,0.0,True
2519100000,9330.0,True
2519901000,1456.0,True
2519902000,5087.0,True
2519909000,73983.0,True
2520101000,39645.0,True
2520102000,2800.0,True
2520201000,127479.0,True
2520209000,53444.0,True
2521001000,10091.0,True
2521009000,5471.0,True
2522100000,959.0,True
2522200000,34937.0,True
2522300000,0.0,True
2523100000,10448123.0,True
2523210000,57891.0,True
2523290000,316474.0,True
2523300000,653564.0,True
2523901000,0.0,True
2523909000,32176.0,True
2525100000,0.0,True
2525200000,215555.0,True
2526100000,0.0,True
2526200000,1360399.0,True
2528001000,0.0,True
2528002000,0.0,True
2529100000,371871.0,True
2529211000,0.0,True
2529219000,22100.0,True
2529221000,0.0,True
2529229000,0.0,True
2529302000,0.0,True
2529303000,0.0,True
2530101000,2582.0,True
2530102000,413359.0,True
2530901000,0.0,True
2530904000,0.0,True
2530905000,346260.0,True
2530906000,0.0,True
2530907000,0.0,True
2530908000,272118.0,True
2530909010,36617.0,True
2530909020,16033.0,True
2530909040,0.0,True
2530909091,36689.0,True
2530909099,853732.0,True
2601111000,0.0,True
2601112000,2520333.0,True
2601119000,0.0,True
2601121000,0.0,True
2601129000,0.0,True
2602000000,0.0,True
2603000000,163669.0,True
2604000000,184159.0,True
2605000000,0.0,True
2606000000,85574.0,True
2607000000,2418.0,True
2608000000,210879.0,True
2609000000,0.0,True
2610000000,0.0,True
2611009000,1331894.0,True
2612100000,0.0,True
2613100000,23078334.0,True
2613900000,0.0,True
2614001000,263800.0,True
2614009000,652708.0,True
2615100000,50801.0,True
2616100000,0.0,True
2616901000,0.0,True
2616902000,0.0,True
2617902000,0.0,True
2618000000,769971.0,True
2619001010,0.0,True
2619003000,1156954.0,True
2619009000,268783.0,True
2620110000,0.0,True
2620190000,20523.0,True
2620290000,0.0,True
2620300000,0.0,True
2620400000,80475.0,True
2620910000,2342651.0,True
2620990000,2167188.0,True
2621100000,0.0,True
2621902000,0.0,True
2621909000,0.0,True
2701110000,0.0,True
2701121000,0.0,True
2701122000,0.0,True
2701129010,0.0,True
2701129090,0.0,True
2701190000,1860.0,True
2701201000,0.0,True
2702200000,0.0,True
2703001000,77528.0,True
2703002000,0.0,True
2704001010,877632.0,True
2704001090,2505.0,True
2704002000,0.0,True
2705000000,80624.0,True
2706001000,0.0,True
2706009000,0.0,True
2707100000,0.0,True
2707200000,0.0,True
2707300000,51547123.0,True
2707400000,393316.0,True
2707500000,33861690.0,True
2707910000,2317527.0,True
2707991000,402322.0,True
2707999000,23948296.0,True
2708100000,0.0,True
2708200000,5086673.0,True
2709001010,0.0,True
2709001030,0.0,True
2709001040,0.0,True
2709001050,0.0,True
2709001060,0.0,True
2709001080,0.0,True
2709001090,0.0,True
2710121000,1050743831.0,True
2710122000,3455525.0,True
2710123000,0.0,True
2710124000,88274973.0,True
2710125000,0.0,True
2710129000,21692243.0,True
2710191010,0.0,True
2710191090,1777249.0,True
2710192010,71512.0,True
2710192020,1325641149.0,True
2710192030,7772588.0,True
2710192090,8990553.0,True
2710193000,2105109501.0,True
2710194010,1310.0,True
2710194020,0.0,True
2710194030,44863502.0,True
2710194090,1739160.0,True
2710195010,0.0,True
2710195020,803621434.0,True
2710197110,15652.0,True
2710197120,68275346.0,True
2710197130,4959131.0,True
2710197190,654439.0,True
2710197210,27784.0,True
2710197220,353142.0,True
2710197230,5159094.0,True
2710197240,174902.0,True
2710197250,327084.0,True
2710197310,130.0,True
2710197320,6141571.0,True
2710197330,9018340.0,True
2710197410,252909.0,True
2710197420,428842.0,True
2710197430,138062.0,True
2710197440,48502.0,True
2710197450,984173.0,True
2710197510,10087574.0,True
2710197520,355016.0,True
2710197530,36048.0,True
2710197540,23561.0,True
2710197900,5213393.0,True
2710198010,5400.0,True
2710198020,0.0,True
2710198030,0.0,True
2710198040,692791.0,True
2710198090,2522837.0,True
2710199000,75511809.0,True
2710201010,0.0,True
2710201040,0.0,True
2710209210,0.0,True
2710209300,0.0,True
2710209430,6712788.0,True
2710209520,15682.0,True
2710209712,475227.0,True
2710209713,53169.0,True
2710209719,0.0,True
2710209722,4506.0,True
2710209723,0.0,True
2710209732,1757.0,True
2710209733,0.0,True
2710209741,289.0,True
2710209742,29364.0,True
2710209744,0.0,True
2710209745,11042.0,True
2710209790,50090.0,True
2710209890,35889.0,True
2710209900,4631.0,True
2710993000,821.0,True
2710994090,0.0,True
2710995000,0.0,True
2710999000,479.0,True
2711110000,3545920.0,True
2711120000,1179503.0,True
2711130000,13008556.0,True
2711141000,92482.0,True
2711142000,0.0,True
2711190000,6582366.0,True
2711210000,7.0,True
2711290000,0.0,True
2712101000,42.0,True
2712109000,453633.0,True
2712200000,27861.0,True
2712901010,581319.0,True
2712901020,1115615.0,True
2712901090,44904.0,True
2712909030,6504.0,True
2712909040,16464.0,True
2712909090,15591.0,True
2713110000,1220.0,True
2713120000,70517.0,True
2713200000,87764929.0,True
2713900000,0.0,True
2714901000,276736.0,True
2715002000,0.0,True
2715003000,22804.0,True
2715009000,445318.0,True
2801100000,425271.0,True
2801200000,280625.0,True
2801301000,120400.0,True
2801302000,0.0,True
2802001000,0.0,True
2802002000,267.0,True
2802003000,2776.0,True
2803001000,44758.0,True
2803009011,514.0,True
2803009019,30732449.0,True
2803009090,4497838.0,True
2804100000,1014.0,True
2804210000,208448.0,True
2804291000,2896289.0,True
2804292000,0.0,True
2804293000,184127.0,True
2804294000,84219.0,True
2804299000,234.0,True
2804300000,22076.0,True
2804400000,8260.0,True
2804501000,0.0,True
2804502000,1235293.0,True
2804611010,141072.0,True
2804611090,732895.0,True
2804619000,5278073.0,True
2804690000,476038.0,True
2804701000,0.0,True
2804709000,2221.0,True
2804800000,0.0,True
2804900000,489279.0,True
2805110000,124.0,True
2805120000,47.0,True
2805190000,4738.0,True
2805301000,1315.0,True
2805302000,255.0,True
2805303000,682.0,True
2805304000,331.0,True
2805309000,511803.0,True
2806100000,862837.0,True
2806200000,0.0,True
2807001010,539910.0,True
2807001090,42964558.0,True
2808001010,354489.0,True
2808001090,9897101.0,True
2808002000,0.0,True
2809100000,359.0,True
2809201010,1323276.0,True
2809201090,1315449.0,True
2809202000,2456.0,True
2810001010,0.0,True
2810001090,272385.0,True
2810002000,65570.0,True
2810009000,69806.0,True
2811111000,1270550.0,True
2811119000,735129.0,True
2811192000,411948.0,True
2811193000,626.0,True
2811196000,135.0,True
2811199000,36708.0,True
2811210000,1027737.0,True
2811221000,3581743.0,True
2811229010,1021559.0,True
2811229090,1793468.0,True
2811291000,932139.0,True
2811292000,1043685.0,True
2811299000,560434.0,True
2812120000,0.0,True
2812130000,0.0,True
2812140000,0.0,True
2812170000,0.0,True
2812190000,4753789.0,True
2812901000,98374.0,True
2812902000,1475540.0,True
2812903010,305.0,True
2812909000,15654718.0,True
2813100000,97.0,True
2813900000,334663.0,True
2814100000,2105644.0,True
2814200000,348641.0,True
2815110000,24081.0,True
2815120000,27963943.0,True
2815200000,17509429.0,True
2815300000,335.0,True
2816101000,36112.0,True
2816102000,0.0,True
2816400000,244.0,True
2817001000,5718872.0,True
2817002000,0.0,True
2818101000,1484791.0,True
2818109000,116833.0,True
2818201000,438594.0,True
2818209000,3462252.0,True
2818301000,88346.0,True
2818309000,3387503.0,True
2819100000,193692.0,True
2819901010,2415.0,True
2819901090,24030.0,True
2820100000,71.0,True
2820900000,4890.0,True
2821101000,2382272.0,True
2821102000,16507.0,True
2821200000,0.0,True
2822001010,45667.0,True
2822001091,0.0,True
2822001099,0.0,True
2822002010,0.0,True
2822002090,297072.0,True
2823001000,7043697.0,True
2823009000,195765.0,True
2824100000,87.0,True
2824901000,217296.0,True
2824909000,106669.0,True
2825101000,1489562.0,True
2825102000,0.0,True
2825109000,4111.0,True
2825201000,61.0,True
2825202000,47364425.0,True
2825301000,1205334.0,True
2825309000,0.0,True
2825401000,12050.0,True
2825402000,1237259.0,True
2825501000,2491892.0,True
2825502090,0.0,True
2825601000,0.0,True
2825602000,342467.0,True
2825701000,2694470.0,True
2825702000,0.0,True
2825800000,12126103.0,True
2825901010,35445.0,True
2825901020,2373897.0,True
2825901030,451923.0,True
2825901040,0.0,True
2825901090,1321072.0,True
2825902010,3536.0,True
2825902050,842705.0,True
2825902090,344690.0,True
2825903000,18968.0,True
2825909000,5256.0,True
2826120000,0.0,True
2826191000,175.0,True
2826193010,0.0,True
2826193090,0.0,True
2826194000,1236011.0,True
2826195000,17569415.0,True
2826199000,97172.0,True
2826300000,94600.0,True
2826903000,0.0,True
2826904000,6866843.0,True
2826905000,0.0,True
2826906000,1075.0,True
2826909000,565920.0,True
2827100000,1277.0,True
2827200000,33272.0,True
2827310000,26101.0,True
2827320000,37703.0,True
2827350000,47301.0,True
2827391000,1090820.0,True
2827399000,2995827.0,True
2827491000,88003.0,True
2827492000,0.0,True
2827511000,276.0,True
2827512000,3020.0,True
2827590000,1850.0,True
2827601000,90643.0,True
2827609010,452767.0,True
2827609090,172746.0,True
2828100000,324.0,True
2828901000,199.0,True
2828909000,6559.0,True
2829110000,54.0,True
2829190000,2508.0,True
2829909000,4851.0,True
2830101000,118870.0,True
2830109000,47.0,True
2830901000,670957.0,True
2830902000,0.0,True
2831101000,376878.0,True
2831102000,531.0,True
2831900000,5786.0,True
2832100000,607.0,True
2832200000,6118.0,True
2832302000,9543.0,True
2832309000,46904.0,True
2833110000,258342.0,True
2833190000,7709.0,True
2833210000,44335.0,True
2833229000,23753.0,True
2833240000,27194342.0,True
2833259000,121048.0,True
2833270000,18412.0,True
2833291000,41052.0,True
2833292010,2057180.0,True
2833292090,1407319.0,True
2833293010,487135.0,True
2833293090,182.0,True
2833299000,974290.0,True
2833300000,181.0,True
2833401000,311.0,True
2833402000,24944.0,True
2833409000,6112.0,True
2834100000,317.0,True
2834210000,20433.0,True
2834291000,62.0,True
2834299000,362383.0,True
2835101000,193.0,True
2835109000,871.0,True
2835221000,20205.0,True
2835222000,14089.0,True
2835240000,2208.0,True
2835250000,106.0,True
2835260000,512001.0,True
2835291000,276.0,True
2835299000,96757.0,True
2835310000,52.0,True
2835391000,15291.0,True
2835392000,1172.0,True
2835399000,86309.0,True
2836200000,171700.0,True
2836300000,68564.0,True
2836400000,12249825.0,True
2836500000,243747.0,True
2836600000,68295.0,True
2836910000,22492863.0,True
2836920000,79741.0,True
2836991010,59328.0,True
2836991020,371.0,True
2836991039,8150.0,True
2836991090,733560.0,True
2836992000,670925.0,True
2837111000,15964933.0,True
2837191010,86492.0,True
2837191020,1309285.0,True
2837191030,7370.0,True
2837191090,265418.0,True
2837192000,0.0,True
2837201000,0.0,True
2837202000,82.0,True
2837209000,403358.0,True
2839110000,11131.0,True
2839190000,8956.0,True
2839901000,202.0,True
2839902000,0.0,True
2839909000,249660.0,True
2840110000,55.0,True
2840190000,939.0,True
2840200000,1874.0,True
2840300000,372.0,True
2841300000,0.0,True
2841500000,27682.0,True
2841610000,24384.0,True
2841691000,620734.0,True
2841692000,0.0,True
2841693000,0.0,True
2841700000,2003.0,True
2841800000,14781767.0,True
2841901000,28454.0,True
2841902010,6959016.0,True
2841902090,90424.0,True
2841903000,152.0,True
2841904000,4691.0,True
2841905000,277.0,True
2841909010,776683.0,True
2841909020,402877013.0,True
2841909030,140574722.0,True
2841909040,1983.0,True
2841909090,417934.0,True
2842101000,1311780.0,True
2842109000,61971.0,True
2842903000,37552.0,True
2842909000,3956755.0,True
2843100000,66509.0,True
2843210000,10493.0,True
2843290000,11096863.0,True
2843301000,5748079.0,True
2843309000,11884721.0,True
2843909010,511065.0,True
2843909090,5130385.0,True
2844101000,0.0,True
2844109000,0.0,True
2844209000,0.0,True
2844301000,0.0,True
2844410000,28307.0,True
2844420000,0.0,True
2844430000,874830.0,True
2845100000,329.0,True
2845901000,281914.0,True
2845902000,0.0,True
2845909000,3858662.0,True
2846100000,27824.0,True
2846901000,15063241.0,True
2846909000,1983775.0,True
2847002000,1132374.0,True
2847009000,7846075.0,True
2849100000,0.0,True
2849200000,425354.0,True
2849901000,327033.0,True
2849909010,25311918.0,True
2849909090,7563.0,True
2850001000,2442287.0,True
2850002000,238774.0,True
2850003000,399.0,True
2850004000,94.0,True
2850005000,215241.0,True
2852100000,92352.0,True
2853901000,83506.0,True
2853902000,169912.0,True
2853909000,5777326.0,True
2901101000,77224.0,True
2901102000,1508790.0,True
2901103000,6786362.0,True
2901109000,1712210.0,True
2901210000,92761435.0,True
2901220000,145921735.0,True
2901230000,5975162.0,True
2901241000,21551656.0,True
2901242000,6208591.0,True
2901291000,26.0,True
2901292000,33922.0,True
2901299000,1362743.0,True
2902110000,49217.0,True
2902191000,0.0,True
2902199000,4889239.0,True
2902200000,182985629.0,True
2902300000,19649528.0,True
2902410000,12075695.0,True
2902420000,247.0,True
2902430000,368086958.0,True
2902440000,133564.0,True
2902500000,29114520.0,True
2902600000,29.0,True
2902700000,204210.0,True
2902901000,103.0,True
2902902000,113.0,True
2902903000,21.0,True
2902909000,102595.0,True
2903111000,0.0,True
2903112000,0.0,True
2903120000,1053551.0,True
2903130000,29313.0,True
2903140000,0.0,True
2903150000,4818788.0,True
2903190000,103999.0,True
2903210000,14217573.0,True
2903220000,92.0,True
2903230000,227.0,True
2903290000,0.0,True
2903410000,32228.0,True
2903420000,634445.0,True
2903430000,1221064.0,True
2903440000,918944.0,True
2903450000,21934.0,True
2903460000,0.0,True
2903470000,0.0,True
2903491000,47782.0,True
2903499000,57042.0,True
2903510000,617653.0,True
2903590000,2638210.0,True
2903610000,0.0,True
2903620000,0.0,True
2903690000,41064.0,True
2903710000,1116084.0,True
2903720000,0.0,True
2903780000,760.0,True
2903790000,60.0,True
2903810000,0.0,True
2903820000,0.0,True
2903891000,0.0,True
2903899000,102930.0,True
2903910000,582176.0,True
2903992000,0.0,True
2903999000,1551379.0,True
2904100000,2131289.0,True
2904201000,34.0,True
2904209010,293.0,True
2904209090,3716.0,True
2904310000,0.0,True
2904330000,63.0,True
2904990000,433261.0,True
2905110000,525116.0,True
2905121000,58375.0,True
2905122010,89093.0,True
2905122090,14175227.0,True
2905130000,10503.0,True
2905140000,100360.0,True
2905161000,42229.0,True
2905169000,5283.0,True
2905171000,64.0,True
2905172000,3028.0,True
2905173000,5640.0,True
2905191000,0.0,True
2905192000,0.0,True
2905193000,0.0,True
2905194000,374.0,True
2905199020,0.0,True
2905199090,167324.0,True
2905221000,110.0,True
2905229000,43.0,True
2905290000,279.0,True
2905310000,9650678.0,True
2905320000,18084152.0,True
2905391000,309691.0,True
2905392000,5489818.0,True
2905399000,2529463.0,True
2905410000,517.0,True
2905420000,24686.0,True
2905430000,1139.0,True
2905440000,19850.0,True
2905450000,131551.0,True
2905490000,21138.0,True
2905590000,245544.0,True
2906110000,2051.0,True
2906120000,276.0,True
2906131000,0.0,True
2906132000,892815.0,True
2906191000,0.0,True
2906192000,6212.0,True
2906199000,1941983.0,True
2906210000,5910.0,True
2906290000,12948.0,True
2907111000,9473915.0,True
2907112000,0.0,True
2907121000,118.0,True
2907122000,0.0,True
2907131000,1378966.0,True
2907132000,0.0,True
2907139000,0.0,True
2907151000,229.0,True
2907152000,0.0,True
2907191000,154.0,True
2907192000,0.0,True
2907199000,2497666.0,True
2907211000,77776.0,True
2907212000,0.0,True
2907221000,53.0,True
2907231000,28031762.0,True
2907232000,0.0,True
2907291000,18192.0,True
2907299000,1560982.0,True
2908191000,90.0,True
2908192000,683591.0,True
2908193000,0.0,True
2908199000,238.0,True
2908920000,0.0,True
2908990000,402.0,True
2909110000,431.0,True
2909192000,248.0,True
2909199000,237436.0,True
2909200000,47929.0,True
2909301000,80845.0,True
2909302000,0.0,True
2909303000,31.0,True
2909309010,0.0,True
2909309090,255616.0,True
2909410000,259535.0,True
2909430000,8253607.0,True
2909441000,117138.0,True
2909449000,55067.0,True
2909491000,2986.0,True
2909499000,11424840.0,True
2909500000,2295.0,True
2909601000,0.0,True
2909602000,1592508.0,True
2909603000,0.0,True
2909609000,148235.0,True
2910100000,5616.0,True
2910200000,195053.0,True
2910300000,9947644.0,True
2910900000,1108554.0,True
2911000000,643245.0,True
2912110000,24281.0,True
2912120000,2282.0,True
2912193000,59.0,True
2912199000,662.0,True
2912210000,12600.0,True
2912290000,615.0,True
2912410000,4219.0,True
2912420000,0.0,True
2912490000,845.0,True
2912500000,0.0,True
2912600000,175.0,True
2913000000,250.0,True
2914110000,15084664.0,True
2914120000,86376.0,True
2914130000,4252331.0,True
2914190000,943156.0,True
2914221000,122907.0,True
2914231000,0.0,True
2914232000,0.0,True
2914291000,0.0,True
2914299000,77511.0,True
2914390000,1518.0,True
2914401000,0.0,True
2914409000,620531.0,True
2914501000,9706.0,True
2914509000,163811.0,True
2914610000,0.0,True
2914620000,86750.0,True
2914691000,0.0,True
2914699000,489.0,True
2914710000,0.0,True
2914799000,142614.0,True
2915110000,3644.0,True
2915121000,0.0,True
2915129000,7473.0,True
2915130000,80.0,True
2915210000,9029090.0,True
2915240000,984.0,True
2915291000,101.0,True
2915292000,2313.0,True
2915293000,152.0,True
2915299000,13473.0,True
2915310000,226367.0,True
2915320000,14620267.0,True
2915331000,99460.0,True
2915339000,149921.0,True
2915391000,0.0,True
2915392000,31.0,True
2915393000,59723.0,True
2915394000,447.0,True
2915395000,27.0,True
2915399000,1651453.0,True
2915401000,133.0,True
2915409000,516.0,True
2915500000,31447.0,True
2915600000,7244.0,True
2915701000,91255.0,True
2915702010,13755.0,True
2915702020,204143.0,True
2915702030,0.0,True
2915702040,350282.0,True
2915702050,6648.0,True
2915702070,170714.0,True
2915702080,0.0,True
2915702090,570787.0,True
2915901000,672213.0,True
2915909010,49.0,True
2915909020,665271.0,True
2915909030,0.0,True
2915909090,5696870.0,True
2916111000,3580050.0,True
2916119000,0.0,True
2916121000,440902.0,True
2916122000,90180.0,True
2916123000,153321.0,True
2916124000,286749.0,True
2916129000,9009820.0,True
2916131000,3706129.0,True
2916139000,104844.0,True
2916141000,5442107.0,True
2916149000,6936553.0,True
2916151000,751940.0,True
2916152000,195.0,True
2916153000,0.0,True
2916190000,1528108.0,True
2916203000,0.0,True
2916209000,315962.0,True
2916311000,3661.0,True
2916312000,121.0,True
2916313000,62.0,True
2916319090,162458.0,True
2916321000,245531.0,True
2916322000,509.0,True
2916391000,0.0,True
2916399090,736762.0,True
2917111000,588718.0,True
2917112000,125764.0,True
2917113000,0.0,True
2917121000,8588120.0,True
2917122000,0.0,True
2917123010,99020.0,True
2917123090,65525.0,True
2917131000,0.0,True
2917132000,4446.0,True
2917140000,4209145.0,True
2917192000,10539.0,True
2917193000,62127.0,True
2917199000,278053.0,True
2917200000,4456306.0,True
2917321000,3025545.0,True
2917329000,613.0,True
2917331000,4565477.0,True
2917332000,0.0,True
2917342000,538359.0,True
2917343000,169062.0,True
2917349000,1135317.0,True
2917350000,10109744.0,True
2917361000,182484341.0,True
2917369000,37.0,True
2917370000,7762315.0,True
2917391000,0.0,True
2917392000,808434.0,True
2917393000,0.0,True
2917399000,14984805.0,True
2918111000,2728.0,True
2918112000,8809.0,True
2918113000,1088963.0,True
2918120000,319.0,True
2918131000,6906.0,True
2918132000,1821295.0,True
2918140000,20519.0,True
2918151000,13196.0,True
2918152000,380.0,True
2918161000,15026.0,True
2918162000,10117.0,True
2918163000,0.0,True
2918191010,675911.0,True
2918191090,3004138.0,True
2918192000,139820.0,True
2918193000,5807.0,True
2918199000,690787.0,True
2918210000,36873.0,True
2918220000,0.0,True
2918231000,63529.0,True
2918232000,7523.0,True
2918291000,2985.0,True
2918299010,100.0,True
2918299030,105.0,True
2918299090,12639325.0,True
2918309000,407852.0,True
2918991000,0.0,True
2918999000,1875321.0,True
2919901010,0.0,True
2919901090,199918.0,True
2919902000,8142.0,True
2919909000,133594.0,True
2920199000,0.0,True
2920210000,0.0,True
2920220000,0.0,True
2920240000,0.0,True
2920290000,6713524.0,True
2920909110,0.0,True
2920909190,83317.0,True
2920909200,3594622.0,True
2920909900,2950284.0,True
2921111010,445979.0,True
2921111020,0.0,True
2921112010,2360691.0,True
2921112020,126638.0,True
2921113010,12057.0,True
2921113020,0.0,True
2921130000,0.0,True
2921192000,10020.0,True
2921199010,10947.0,True
2921199090,4168500.0,True
2921211000,128.0,True
2921212000,97.0,True
2921221000,890592.0,True
2921222000,459511.0,True
2921229000,0.0,True
2921291000,0.0,True
2921292000,0.0,True
2921299000,3833.0,True
2921301000,2998.0,True
2921309000,478.0,True
2921411000,189.0,True
2921412000,24.0,True
2921423000,0.0,True
2921429020,245079.0,True
2921429090,580.0,True
2921435000,675948.0,True
2921436000,334191.0,True
2921437000,0.0,True
2921439010,0.0,True
2921439090,152.0,True
2921441000,198.0,True
2921449000,387.0,True
2921459030,0.0,True
2921459090,511.0,True
2921491000,0.0,True
2921499000,3689851.0,True
2921511000,0.0,True
2921512000,6718278.0,True
2921519010,0.0,True
2921519020,0.0,True
2921519030,11530.0,True
2921519040,470365.0,True
2921519090,26089.0,True
2921599000,283947.0,True
2922111000,431447.0,True
2922112000,154.0,True
2922121000,182742.0,True
2922122000,0.0,True
2922150000,110792.0,True
2922171000,194351.0,True
2922193000,1965.0,True
2922199000,528270.0,True
2922211000,0.0,True
2922212000,0.0,True
2922213000,0.0,True
2922219000,307.0,True
2922292000,87.0,True
2922299000,313794.0,True
2922393000,0.0,True
2922399000,2266.0,True
2922411000,5078393.0,True
2922412000,2719.0,True
2922413000,5979898.0,True
2922421000,87.0,True
2922422000,71534.0,True
2922423000,133.0,True
2922430000,0.0,True
2922491000,14533.0,True
2922492000,89.0,True
2922493000,117.0,True
2922494000,37.0,True
2922497000,43.0,True
2922499000,919345.0,True
2922505000,0.0,True
2922506000,1110.0,True
2922509000,310969.0,True
2923101000,0.0,True
2923102000,72900.0,True
2923201000,325417.0,True
2923202000,800340.0,True
2923900000,5768196.0,True
2924110000,0.0,True
2924191000,9760.0,True
2924192000,33215.0,True
2924199090,7447370.0,True
2924211000,0.0,True
2924219000,83784.0,True
2924291010,0.0,True
2924291020,0.0,True
2924291090,159.0,True
2924292000,0.0,True
2924299010,0.0,True
2924299020,0.0,True
2924299092,184337.0,True
2924299099,639158.0,True
2925111000,139938.0,True
2925112000,1880132.0,True
2925191000,39.0,True
2925199090,1525489.0,True
2925291000,2433.0,True
2925299010,0.0,True
2925299090,1425869.0,True
2926100000,43983345.0,True
2926200000,46020.0,True
2926904000,1337084.0,True
2926909000,1962709.0,True
2927001900,2605595.0,True
2927002100,1635349.0,True
2927002910,3407.0,True
2927002990,184791.0,True
2927003000,942880.0,True
2928002000,0.0,True
2928003000,0.0,True
2928009000,1270575.0,True
2929101000,50394061.0,True
2929102000,34121519.0,True
2929109000,1620487.0,True
2929900000,13327701.0,True
2930202010,0.0,True
2930202090,14373.0,True
2930301000,509.0,True
2930302000,1632.0,True
2930303000,0.0,True
2930400000,427.0,True
2930700000,0.0,True
2930902090,2120686.0,True
2930905030,173.0,True
2930905080,937.0,True
2930906010,5320957.0,True
2930906090,2729.0,True
2930907090,600881.0,True
2930909010,329.0,True
2930909030,118551.0,True
2930909050,3567.0,True
2930909090,5169284.0,True
2931200000,167.0,True
2931410000,0.0,True
2931490000,180040.0,True
2931540000,0.0,True
2931590000,139252.0,True
2931901000,0.0,True
2931902000,33.0,True
2931903000,18955.0,True
2931904000,4722.0,True
2931905000,3687.0,True
2931909010,3366475.0,True
2931909020,0.0,True
2931909090,33642895.0,True
2932110000,236547.0,True
2932120000,57.0,True
2932131000,27.0,True
2932132000,96.0,True
2932140000,0.0,True
2932191000,0.0,True
2932199000,1314477.0,True
2932201010,0.0,True
2932201020,0.0,True
2932209020,0.0,True
2932209030,167982.0,True
2932209050,411.0,True
2932209060,321.0,True
2932209070,2449.0,True
2932209091,0.0,True
2932209099,269823.0,True
2932991000,1131.0,True
2932999010,0.0,True
2932999090,5126419.0,True
2933119000,5443.0,True
2933192000,306821.0,True
2933193000,57.0,True
2933199000,1452000.0,True
2933211000,0.0,True
2933212000,2269.0,True
2933291000,0.0,True
2933299090,2555526.0,True
2933311000,97421.0,True
2933312000,0.0,True
2933321000,42.0,True
2933329000,0.0,True
2933330000,0.0,True
2933350000,0.0,True
2933360000,0.0,True
2933370000,0.0,True
2933392000,11123229.0,True
2933393000,0.0,True
2933399000,4325119.0,True
2933491000,0.0,True
2933499090,3248303.0,True
2933520000,772186.0,True
2933530000,0.0,True
2933540000,0.0,True
2933591000,0.0,True
2933592000,959210.0,True
2933593000,68537.0,True
2933610000,62963.0,True
2933691000,62900.0,True
2933692000,231127.0,True
2933699091,0.0,True
2933699099,4887348.0,True
2933710000,0.0,True
2933793000,276.0,True
2933799000,1435385.0,True
2933910000,0.0,True
2933929000,0.0,True
2933991000,62.0,True
2933999010,424489.0,True
2933999090,11389644.0,True
2934101000,0.0,True
2934109010,199283.0,True
2934109090,9729276.0,True
2934205000,6426.0,True
2934206000,2917.0,True
2934209000,86757.0,True
2934301000,28.0,True
2934309000,0.0,True
2934910000,0.0,True
2934994000,0.0,True
2934995000,12072.0,True
2934996000,9213.0,True
2934997000,0.0,True
2934999000,35045380.0,True
2935904000,0.0,True
2935905000,0.0,True
2935909000,15767930.0,True
2936210000,89913.0,True
2936220000,69416.0,True
2936230000,5243897.0,True
2936240000,47313.0,True
2936250000,2160.0,True
2936260000,2557.0,True
2936271000,98656.0,True
2936272000,0.0,True
2936273000,0.0,True
2936279000,443303.0,True
2936281000,8340.0,True
2936289000,535.0,True
2936291010,0.0,True
2936291090,4882.0,True
2936292000,10354.0,True
2936293000,2337.0,True
2936294000,926718.0,True
2936295000,30016.0,True
2936299000,288915.0,True
2936901000,2313.0,True
2936909000,92936.0,True
2937119000,28657.0,True
2937120000,0.0,True
2937191000,0.0,True
2937199000,3306.0,True
2937211000,0.0,True
2937212000,0.0,True
2937213000,242.0,True
2937214000,0.0,True
2937220000,155.0,True
2937230000,54.0,True
2937292000,0.0,True
2937299000,21606.0,True
2937501000,0.0,True
2937509000,2342049.0,True
2937901000,44.0,True
2937902100,0.0,True
2937902990,0.0,True
2937903000,19493.0,True
2937909000,38436.0,True
2938101000,0.0,True
2938102000,0.0,True
2938902000,10392.0,True
2938903000,577.0,True
2938904000,2810454.0,True
2938909000,188879.0,True
2939111000,0.0,True
2939119000,0.0,True
2939190000,0.0,True
2939200000,158.0,True
2939300000,3172.0,True
2939419000,0.0,True
2939429000,0.0,True
2939490000,0.0,True
2939590000,15.0,True
2939629000,0.0,True
2939690000,0.0,True
2939720000,0.0,True
2939791000,42.0,True
2939799000,122.0,True
2939802000,0.0,True
2939809000,280.0,True
2940001010,6498.0,True
2940001020,0.0,True
2940001030,31500.0,True
2940001090,552387.0,True
2940002090,184540.0,True
2941101000,0.0,True
2941109010,0.0,True
2941109020,0.0,True
2941109090,427.0,True
2941209000,315.0,True
2941301000,0.0,True
2941302000,0.0,True
2941303000,0.0,True
2941309000,495730.0,True
2941400000,3814.0,True
2941501000,0.0,True
2941509000,0.0,True
2941901000,0.0,True
2941909000,13072733.0,True
2942000000,1918449.0,True
3001202000,0.0,True
3001209000,80.0,True
3001901010,1546540.0,True
3001901090,17616.0,True
3001902090,2701.0,True
3001909010,0.0,True
3001909020,143758.0,True
3001909090,4019611.0,True
3002122000,415.0,True
3002123000,42191274.0,True
3002130000,4280.0,True
3002140000,346257279.0,True
3002150000,230673824.0,True
3002410000,22678417.0,True
3002421000,0.0,True
3002429000,2881058.0,True
3002491000,62777532.0,True
3002492000,918439.0,True
3002493000,8036.0,True
3002494000,2058195.0,True
3002510000,541874.0,True
3002590000,1300910.0,True
3002901000,314140.0,True
3002902000,1680.0,True
3002909000,4772536.0,True
3003101000,17386.0,True
3003102000,38748.0,True
3003200000,274160.0,True
3003399000,53710.0,True
3003490000,0.0,True
3003902000,0.0,True
3003903000,50708.0,True
3003909000,3778835.0,True
3004101000,1079636.0,True
3004102000,2378.0,True
3004201000,461530.0,True
3004209100,283736.0,True
3004209300,45195.0,True
3004209900,3378660.0,True
3004310000,0.0,True
3004320000,1024257.0,True
3004391010,8255161.0,True
3004391020,0.0,True
3004393000,22190.0,True
3004396000,0.0,True
3004397000,0.0,True
3004399000,4032960.0,True
3004420000,114564.0,True
3004491000,158854.0,True
3004499000,55493.0,True
3004502010,400.0,True
3004502090,159.0,True
3004503000,115953.0,True
3004504000,3291.0,True
3004509000,2118432.0,True
3004600000,1868986.0,True
3004901000,1863041.0,True
3004909100,31804.0,True
3004909200,98865.0,True
3004909900,68463756.0,True
3005101000,1384343.0,True
3005109000,5809688.0,True
3005901000,63736.0,True
3005902000,1200.0,True
3005903000,1147583.0,True
3005904000,11942420.0,True
3005909000,511591.0,True
3006101010,905620.0,True
3006101020,5008197.0,True
3006102000,33677.0,True
3006103000,55292.0,True
3006104000,1078257.0,True
3006105010,24056.0,True
3006105020,339.0,True
3006105090,966109.0,True
3006301000,494210.0,True
3006302000,59525.0,True
3006401000,2154212.0,True
3006402000,5853494.0,True
3006403000,1018360.0,True
3006500000,2885.0,True
3006600000,0.0,True
3006700000,529369.0,True
3006910000,85.0,True
3006921090,44.0,True
3006924000,0.0,True
3006930000,62298.0,True
3101001000,361949.0,True
3101002000,212713.0,True
3101003000,1190122.0,True
3102101000,381860.0,True
3102109000,927916.0,True
3102210000,3430.0,True
3102291000,0.0,True
3102300000,8139050.0,True
3102400000,190978.0,True
3102509000,627677.0,True
3102600000,0.0,True
3102901000,0.0,True
3102909000,1779.0,True
3103900000,35099.0,True
3104200000,137835.0,True
3104301000,767345.0,True
3104309000,3096.0,True
3104901010,0.0,True
3104901090,0.0,True
3104909000,0.0,True
3105100000,51242.0,True
3105200000,8159037.0,True
3105300000,13744633.0,True
3105400000,916259.0,True
3105510000,8670.0,True
3105590000,38463434.0,True
3105600000,0.0,True
3105901000,48271.0,True
3105909000,722285.0,True
3201100000,0.0,True
3201200000,0.0,True
3201900000,139.0,True
3202101000,23413.0,True
3202103000,5660.0,True
3202109000,0.0,True
3202901000,0.0,True
3202909000,194557.0,True
3203001000,2852.0,True
3203002010,0.0,True
3203002030,0.0,True
3203002090,281.0,True
3203003000,425196.0,True
3204111000,273716.0,True
3204119000,2897110.0,True
3204121000,595437.0,True
3204122000,12939.0,True
3204130000,109726.0,True
3204140000,138189.0,True
3204150000,25356.0,True
3204160000,15817593.0,True
3204170000,16905721.0,True
3204180000,82.0,True
3204191000,516457.0,True
3204193000,0.0,True
3204199000,304316.0,True
3204200000,868844.0,True
3204901010,16785111.0,True
3204901090,260049.0,True
3204909000,403401.0,True
3205001000,132754.0,True
3205009000,100193.0,True
3206110000,2948034.0,True
3206190000,1200578.0,True
3206200000,86545.0,True
3206411000,161504.0,True
3206419000,218136.0,True
3206421000,0.0,True
3206429000,0.0,True
3206491000,63096.0,True
3206495000,1253.0,True
3206496000,224212.0,True
3206499000,10110947.0,True
3206500000,802867.0,True
3207100000,1010236.0,True
3207201000,62210.0,True
3207209000,88594.0,True
3207301000,0.0,True
3207302000,10171.0,True
3207303000,478569.0,True
3207304000,16224025.0,True
3207309000,44018230.0,True
3207400000,3140853.0,True
3208101010,323929.0,True
3208101090,1313662.0,True
3208102000,361753.0,True
3208103000,685628.0,True
3208201011,187318.0,True
3208201019,4848728.0,True
3208201020,2937609.0,True
3208201030,2666540.0,True
3208202011,73058.0,True
3208202019,793471.0,True
3208202020,18027.0,True
3208202030,38381.0,True
3208901011,0.0,True
3208901019,434828.0,True
3208901020,2828412.0,True
3208901030,5470.0,True
3208909011,341737.0,True
3208909019,26210183.0,True
3208909020,9021378.0,True
3208909030,7299695.0,True
3209101011,40148.0,True
3209101019,2201055.0,True
3209101020,655579.0,True
3209102010,155448.0,True
3209102020,96557.0,True
3209901011,472.0,True
3209901019,3498057.0,True
3209901020,399422.0,True
3209909011,1923818.0,True
3209909019,3988694.0,True
3209909020,155753.0,True
3210001011,0.0,True
3210001019,103926.0,True
3210001091,1352.0,True
3210001099,449179.0,True
3210002010,830559.0,True
3210002020,9845.0,True
3210002030,50872.0,True
3210002040,776706.0,True
3210003090,166004.0,True
3211000000,92489.0,True
3212100000,4439033.0,True
3212901000,198772.0,True
3212909000,2632856.0,True
3213101000,170.0,True
3213102000,243222.0,True
3213109000,196835.0,True
3213901000,3213.0,True
3213902000,37113.0,True
3213909000,42816.0,True
3214101060,626839.0,True
3214101080,6652296.0,True
3214101090,13422591.0,True
3214102000,238410.0,True
3214109000,3973443.0,True
3214900000,772433.0,True
3215110000,2321317.0,True
3215190000,12496198.0,True
3215901000,478292.0,True
3215902000,33504.0,True
3215903000,145.0,True
3215904010,521.0,True
3215904020,1067065.0,True
3215904030,0.0,True
3215905000,153917.0,True
3215906010,116850.0,True
3215906020,17156.0,True
3215906030,71436.0,True
3215909000,3991827.0,True
3301120000,1758.0,True
3301130000,2909.0,True
3301190000,36947.0,True
3301240000,228980.0,True
3301250000,36.0,True
3301290000,33899.0,True
3301300000,1408.0,True
3301901000,0.0,True
3301902000,0.0,True
3301903000,0.0,True
3301904600,0.0,True
3301904800,22097.0,True
3302101000,1118711.0,True
3302102011,0.0,True
3302102019,42170.0,True
3302102090,1521.0,True
3302900000,5707039.0,True
3303001000,9236542.0,True
3303002000,2018599.0,True
3304101000,7159072.0,True
3304109000,40919291.0,True
3304201000,4966319.0,True
3304209000,10995094.0,True
3304301000,1277284.0,True
3304309000,1160030.0,True
3304911000,4044818.0,True
3304912000,47489.0,True
3304919000,1572614.0,True
3304991000,527507284.0,True
3304992000,72512638.0,True
3304993000,3001086.0,True
3304999000,422704244.0,True
3305100000,24455815.0,True
3305200000,424856.0,True
3305300000,130683.0,True
3305901000,4149104.0,True
3305902000,822900.0,True
3305909000,31171718.0,True
3306100000,5479021.0,True
3306201011,0.0,True
3306201019,0.0,True
3306201020,750.0,True
3306209000,155010.0,True
3306901000,3045033.0,True
3306902000,559081.0,True
3307101000,307.0,True
3307109000,26878.0,True
3307200000,481336.0,True
3307301000,30378.0,True
3307302000,343126.0,True
3307410000,53119.0,True
3307490000,3602148.0,True
3307901000,21780.0,True
3307903000,951142.0,True
3307904000,60963815.0,True
3307909000,50880168.0,True
3401111000,48733.0,True
3401119000,1101921.0,True
3401191010,311584.0,True
3401191090,83381.0,True
3401192000,2886155.0,True
3401200000,337526.0,True
3401300000,66414915.0,True
3402310000,20861494.0,True
3402390000,6254933.0,True
3402410000,6808130.0,True
3402421000,10546.0,True
3402429000,10452968.0,True
3402490000,3830232.0,True
3402501000,6349984.0,True
3402502000,674805.0,True
3402509000,826204.0,True
3402901000,5705424.0,True
3402902000,1992151.0,True
3402903000,16456050.0,True
3403111000,263202.0,True
3403112000,209321.0,True
3403119000,6135.0,True
3403191000,614040.0,True
3403193000,287333.0,True
3403194000,681609.0,True
3403195000,432370.0,True
3403199000,3247157.0,True
3403911000,196335.0,True
3403912000,81196.0,True
3403919000,18789.0,True
3403991000,384044.0,True
3403992000,171020.0,True
3403999000,7489024.0,True
3404200000,11183207.0,True
3404901010,0.0,True
3404901030,1166350.0,True
3404901040,29212.0,True
3404901090,9157691.0,True
3404902000,765188.0,True
3405100000,25299.0,True
3405200000,81403.0,True
3405300000,1375047.0,True
3405400000,7939204.0,True
3405901030,20146.0,True
3405901090,62732.0,True
3405909000,5187882.0,True
3406000000,278762.0,True
3407001000,38874.0,True
3407002000,608362.0,True
3407003000,6003.0,True
3501101000,0.0,True
3501109000,0.0,True
3501901190,0.0,True
3501901200,0.0,True
3501902000,17034.0,True
3502110000,0.0,True
3502190000,0.0,True
3502200000,7238.0,True
3502901000,8757.0,True
3502909000,20832.0,True
3503001010,2863702.0,True
3503001020,0.0,True
3503003000,16375.0,True
3504001010,19048.0,True
3504001020,10712.0,True
3504002010,0.0,True
3504002020,0.0,True
3504002030,444642.0,True
3504002090,4664098.0,True
3504003000,922.0,True
3505101000,5548.0,True
3505102000,3479.0,True
3505103000,0.0,True
3505104010,0.0,True
3505104090,58030.0,True
3505105010,58627.0,True
3505105090,12625.0,True
3505109010,54402.0,True
3505109090,201051.0,True
3505201000,0.0,True
3505202000,12481.0,True
3505209000,44175.0,True
3506101000,571599.0,True
3506102000,26151587.0,True
3506109000,10130730.0,True
3506911000,4211010.0,True
3506919000,33992922.0,True
3506991000,24231.0,True
3506999000,8987252.0,True
3507100000,0.0,True
3507901000,36000.0,True
3507904000,94.0,True
3507906010,0.0,True
3507906020,13400.0,True
3507907000,8100.0,True
3507909000,1377773.0,True
3601002000,0.0,True
3602000000,61223.0,True
3603100000,1702089.0,True
3603200000,765567.0,True
3603400000,693325.0,True
3603500000,341487.0,True
3603600000,2126416.0,True
3604100000,0.0,True
3604909000,0.0,True
3605000000,499.0,True
3606100000,221246.0,True
3606900000,8855.0,True
3701100000,103436.0,True
3701200000,310754.0,True
3701302000,1557453.0,True
3701303000,62739.0,True
3701304000,6875834.0,True
3701309000,162048.0,True
3701919900,0.0,True
3701991000,4576515.0,True
3701999100,0.0,True
3701999200,26930.0,True
3701999900,158274.0,True
3702100000,0.0,True
3702311000,0.0,True
3702319000,116911.0,True
3702329000,0.0,True
3702399000,273802.0,True
3702423000,40569.0,True
3702429000,8714.0,True
3702433000,0.0,True
3702439000,0.0,True
3702443000,2037144.0,True
3702449000,33731.0,True
3702521000,0.0,True
3702529000,10579.0,True
3702530000,0.0,True
3702541000,0.0,True
3702549000,1110.0,True
3702551000,0.0,True
3702559000,0.0,True
3702569000,0.0,True
3702969000,0.0,True
3702979000,0.0,True
3702983000,2396508.0,True
3702989000,63843.0,True
3703100000,0.0,True
3703203000,25472.0,True
3703209000,1602.0,True
3703900000,59037.0,True
3704001100,0.0,True
3704001200,7.0,True
3704001900,179.0,True
3704002000,26.0,True
3705001010,3359.0,True
3705001090,20823.0,True
3705009010,19117408.0,True
3705009090,9167735.0,True
3706900000,0.0,True
3707100000,16177.0,True
3707901010,22830342.0,True
3707901020,642718.0,True
3707901090,33473422.0,True
3707902010,45645.0,True
3707902090,237228.0,True
3707903000,1125.0,True
3707909200,944385.0,True
3707909300,835662.0,True
3707909900,2324575.0,True
3801101000,7403129.0,True
3801109000,3694250.0,True
3801200000,60289.0,True
3801300000,63934.0,True
3801900000,1535694.0,True
3802100000,1755403.0,True
3802901000,3791.0,True
3802903000,1274.0,True
3802909000,9357.0,True
3803000000,0.0,True
3804001000,0.0,True
3804009000,0.0,True
3805102000,144.0,True
3805900000,503.0,True
3806101000,19539.0,True
3806102000,1566516.0,True
3806200000,0.0,True
3806300000,34318.0,True
3806900000,569801.0,True
3807003000,0.0,True
3807009010,19393.0,True
3807009090,0.0,True
3808591000,0.0,True
3808599000,16804.0,True
3808911000,26.0,True
3808919000,35824652.0,True
3808921000,0.0,True
3808929000,32764777.0,True
3808931000,269772.0,True
3808933000,250214.0,True
3808940000,933181.0,True
3808991000,105230.0,True
3808999000,1595033.0,True
3809100000,2164.0,True
3809910000,12837495.0,True
3809920000,3111849.0,True
3809930000,445833.0,True
3810101000,1483075.0,True
3810109000,9838199.0,True
3810901000,4162870.0,True
3810909000,1119345.0,True
3811110000,2634.0,True
3811190000,69695.0,True
3811210000,7022432.0,True
3811290000,8953803.0,True
3811900000,407222.0,True
3812101000,0.0,True
3812102000,0.0,True
3812109000,700068.0,True
3812200000,878565.0,True
3812310000,6625.0,True
3812391000,8704393.0,True
3812392000,7857322.0,True
3813001000,74964.0,True
3813002000,3798.0,True
3813003000,441785.0,True
3814001020,2768.0,True
3814001090,7385188.0,True
3814002110,1435190.0,True
3814002190,757379.0,True
3814002990,625302.0,True
3815110000,0.0,True
3815121000,5086.0,True
3815122000,19898.0,True
3815129000,1780233.0,True
3815191000,0.0,True
3815192000,0.0,True
3815199000,3235449.0,True
3815901000,702583.0,True
3815909000,4610107.0,True
3816001000,1048446.0,True
3816002000,275750.0,True
3816003000,0.0,True
3816009090,550609.0,True
3817000000,28700137.0,True
3818001000,91317503.0,True
3818002010,20057.0,True
3818002090,138267914.0,True
3819001000,778821.0,True
3819002000,218357.0,True
3820001000,689994.0,True
3820002000,276322.0,True
3821000000,2006427.0,True
3822111000,1191101.0,True
3822112000,250877.0,True
3822119000,1590.0,True
3822121000,192918.0,True
3822129000,4000.0,True
3822130000,12124.0,True
3822191000,8493158.0,True
3822192011,13249865.0,True
3822192012,1994231.0,True
3822192013,77259.0,True
3822192014,10907.0,True
3822192019,145300.0,True
3822192020,21930336.0,True
3822192091,113909.0,True
3822192092,0.0,True
3822192093,960.0,True
3822192099,3257100.0,True
3822193011,50761.0,True
3822193012,34304.0,True
3822193013,26.0,True
3822193014,153237.0,True
3822193019,250434.0,True
3822193020,662931.0,True
3822193091,180300.0,True
3822193092,1423.0,True
3822193093,8711.0,True
3822193099,2142015.0,True
3822900011,75650.0,True
3822900013,0.0,True
3822900014,0.0,True
3822900016,0.0,True
3822900018,7.0,True
3822900019,0.0,True
3822900020,195031.0,True
3823110000,203541.0,True
3823120000,303507.0,True
3823130000,0.0,True
3823191000,0.0,True
3823192000,582488.0,True
3823199000,210785.0,True
3823701000,14447.0,True
3823702000,2834.0,True
3823703000,0.0,True
3823704000,0.0,True
3823709090,14792.0,True
3824100000,325968.0,True
3824300000,2004468.0,True
3824400000,8031833.0,True
3824500000,4239459.0,True
3824600000,7039.0,True
3824810000,0.0,True
3824840000,0.0,True
3824870000,3890.0,True
3824910000,18038.0,True
3824920000,0.0,True
3824991000,0.0,True
3824992100,4275.0,True
3824992290,42988.0,True
3824992900,475638.0,True
3824993100,18017.0,True
3824993910,54538.0,True
3824993990,434466.0,True
3824994100,141847.0,True
3824994200,594.0,True
3824994300,41702.0,True
3824994400,560237.0,True
3824995100,297.0,True
3824995300,6682.0,True
3824996100,139433.0,True
3824996200,219652.0,True
3824996300,0.0,True
3824996400,269724.0,True
3824996500,270030.0,True
3824996600,6015521.0,True
3824997100,9251105.0,True
3824997200,38500.0,True
3824997300,491200.0,True
3824997400,741199.0,True
3824997500,184322.0,True
3824997600,2696954.0,True
3824998000,228147.0,True
3824999010,1477454.0,True
3824999020,0.0,True
3824999030,3492.0,True
3824999040,1075684.0,True
3824999052,329052.0,True
3824999053,5400578.0,True
3824999059,46637.0,True
3824999090,140572356.0,True
3825410000,0.0,True
3825500000,274.0,True
3825610000,0.0,True
3825690000,230866.0,True
3825901000,0.0,True
3825909000,0.0,True
3826000000,61494590.0,True
3827310000,0.0,True
3827320000,0.0,True
3827390000,0.0,True
3827610000,115441.0,True
3827630000,0.0,True
3827640000,0.0,True
3827680000,46.0,True
3827690000,91.0,True
3827900000,45656.0,True
3901101000,15633645.0,True
3901109000,85190963.0,True
3901200000,184315145.0,True
3901300000,114003818.0,True
3901400000,78462492.0,True
3901900000,24772732.0,True
3902100000,206495537.0,True
3902200000,31238591.0,True
3902300000,150192440.0,True
3902900000,30259548.0,True
3903110000,7088154.0,True
3903190000,16702248.0,True
3903200000,25100193.0,True
3903300000,165416587.0,True
3903901000,25533559.0,True
3903909000,24659007.0,True
3904100000,55345088.0,True
3904210000,76562.0,True
3904220000,2401524.0,True
3904300000,3235337.0,True
3904400000,691074.0,True
3904500000,0.0,True
3904610000,656353.0,True
3904691000,54731.0,True
3904699000,2014889.0,True
3904900000,1735209.0,True
3905120000,32715.0,True
3905190000,41581.0,True
3905210000,7426889.0,True
3905290000,5993727.0,True
3905300000,239525.0,True
3905910000,1764446.0,True
3905990000,148080.0,True
3906100000,19936671.0,True
3906901000,5309330.0,True
3906909000,152529797.0,True
3907100000,34666760.0,True
3907210000,0.0,True
3907291090,13147766.0,True
3907292010,42624.0,True
3907292090,59545742.0,True
3907293000,13753542.0,True
3907299000,16715396.0,True
3907301000,6527092.0,True
3907309000,68962104.0,True
3907400000,139442198.0,True
3907500000,2361104.0,True
3907610000,23516116.0,True
3907690000,43906034.0,True
3907700000,359012.0,True
3907910000,6482510.0,True
3907991000,12032994.0,True
3907992000,513687.0,True
3907999000,32216443.0,True
3908101000,9694849.0,True
3908102000,13929526.0,True
3908103000,766347.0,True
3908900000,11083317.0,True
3909100000,234908.0,True
3909200000,650668.0,True
3909310000,111866527.0,True
3909390000,1151894.0,True
3909400000,9319551.0,True
3909500000,22814050.0,True
3910001000,389069.0,True
3910009010,6415554.0,True
3910009020,9546365.0,True
3910009090,12471535.0,True
3911101000,35770748.0,True
3911102000,13100.0,True
3911103000,38592.0,True
3911901000,4739554.0,True
3911902000,6042089.0,True
3911903000,60446.0,True
3911909000,30702028.0,True
3912110000,1725.0,True
3912120000,10579.0,True
3912200000,120882.0,True
3912311000,367859.0,True
3912319000,424306.0,True
3912391000,154.0,True
3912399000,35943224.0,True
3912900000,850253.0,True
3913101000,15411.0,True
3913102000,0.0,True
3913109000,0.0,True
3913902010,1535.0,True
3913902090,16539.0,True
3913909000,14465904.0,True
3914001000,5126726.0,True
3914009000,4275772.0,True
3915101000,0.0,True
3915103000,0.0,True
3915104000,525.0,True
3915109000,1459426.0,True
3915309000,0.0,True
3915901000,23223.0,True
3915902000,421.0,True
3915904000,0.0,True
3915905000,0.0,True
3915909010,0.0,True
3915909090,117975.0,True
3916100000,46796.0,True
3916200000,192237.0,True
3916901000,182606.0,True
3916902000,90758.0,True
3916903000,13708.0,True
3916904000,934696.0,True
3916909000,2730103.0,True
3917101000,0.0,True
3917102000,279.0,True
3917210000,764926.0,True
3917220000,1530491.0,True
3917230000,893223.0,True
3917292000,34180.0,True
3917299000,4321030.0,True
3917311000,4836377.0,True
3917312000,115688.0,True
3917319000,880217.0,True
3917321000,619777.0,True
3917322000,1893548.0,True
3917329000,8464773.0,True
3917331000,21701.0,True
3917332000,50812.0,True
3917339000,3194804.0,True
3917391000,226087.0,True
3917392000,1522870.0,True
3917399000,3228456.0,True
3917400000,9052249.0,True
3918101000,69437633.0,True
3918102000,151.0,True
3918109000,741094.0,True
3918900000,510151.0,True
3919100000,25431781.0,True
3919900000,136559794.0,True
3920100000,14602336.0,True
3920200000,22534367.0,True
3920300000,2984112.0,True
3920430000,13049866.0,True
3920490000,12606726.0,True
3920510000,22583532.0,True
3920590000,1484133.0,True
3920610000,4071141.0,True
3920620000,110491032.0,True
3920630000,232558.0,True
3920690000,2061557.0,True
3920710000,2017692.0,True
3920730000,8492108.0,True
3920791000,0.0,True
3920799000,7673238.0,True
3920910000,6163715.0,True
3920920000,2726344.0,True
3920930000,0.0,True
3920940000,4660.0,True
3920991000,270275.0,True
3920999010,2985080.0,True
3920999090,45704522.0,True
3921110000,516953.0,True
3921120000,3331690.0,True
3921130000,15636655.0,True
3921140000,6863.0,True
3921191010,57397721.0,True
3921191090,4086123.0,True
3921192010,2842098.0,True
3921192090,3053759.0,True
3921193090,19853.0,True
3921194010,21643.0,True
3921194020,97900.0,True
3921194030,1913449.0,True
3921194090,157906.0,True
3921195000,454.0,True
3921199020,6525.0,True
3921199040,313464.0,True
3921199090,12097322.0,True
3921901000,12690952.0,True
3921902000,19582536.0,True
3921903000,444006.0,True
3921904010,0.0,True
3921904020,9168207.0,True
3921905000,18416.0,True
3921906010,6881.0,True
3921906020,499172.0,True
3921906030,541513.0,True
3921906090,403638.0,True
3921907000,550510.0,True
3921909010,1833.0,True
3921909020,0.0,True
3921909030,2489.0,True
3921909040,2287272.0,True
3921909050,1069212.0,True
3921909090,66680425.0,True
3922101000,529581.0,True
3922102000,40495.0,True
3922103000,3527.0,True
3922200000,128199.0,True
3922901000,28698.0,True
3922909000,388119.0,True
3923100000,62734728.0,True
3923210000,24026249.0,True
3923290000,16610919.0,True
3923300000,15850954.0,True
3923400000,8963591.0,True
3923500000,10658885.0,True
3923900000,20611579.0,True
3924100000,5020183.0,True
3924901000,378.0,True
3924902000,95.0,True
3924909000,5239022.0,True
3925100000,2947361.0,True
3925200000,4917672.0,True
3925300000,747032.0,True
3925900000,1956081.0,True
3926101000,19614.0,True
3926102000,67281.0,True
3926109000,922409.0,True
3926200000,1324180.0,True
3926300000,22328519.0,True
3926400000,658942.0,True
3926901000,19114991.0,True
3926902000,16602.0,True
3926903000,721148.0,True
3926904000,509393.0,True
3926905000,2292512.0,True
3926906000,606651.0,True
3926909000,128494038.0,True
4001100000,4285.0,True
4001210000,0.0,True
4001220000,529857.0,True
4001290000,16378.0,True
4002110000,4693188.0,True
4002190000,109492304.0,True
4002201000,0.0,True
4002209000,67291512.0,True
4002319000,11160.0,True
4002399010,85094.0,True
4002399020,100111.0,True
4002410000,0.0,True
4002490000,161975.0,True
4002510000,57893801.0,True
4002590000,26487049.0,True
4002600000,18031.0,True
4002700000,40276145.0,True
4002800000,36430.0,True
4002910000,47840.0,True
4002991000,17728.0,True
4002999000,347788.0,True
4003000000,413891.0,True
4004001010,885834.0,True
4004001090,10684.0,True
4004002000,7151.0,True
4004009000,11686.0,True
4005101000,11017860.0,True
4005109000,1348158.0,True
4005200000,4474010.0,True
4005910000,841111.0,True
4005990000,5103135.0,True
4006904000,27365.0,True
4006909000,52694.0,True
4007001000,7618.0,True
4007002000,20938.0,True
4008111000,222964.0,True
4008119000,3117440.0,True
4008191000,0.0,True
4008199000,70341.0,True
4008211000,142821.0,True
4008219000,1654725.0,True
4008291000,45829.0,True
4008299000,126770.0,True
4009110000,3336444.0,True
4009120000,1205172.0,True
4009210000,1936998.0,True
4009220000,1614460.0,True
4009310000,4016396.0,True
4009320000,8799117.0,True
4009410000,1899871.0,True
4009420000,1702783.0,True
4010110000,11320.0,True
4010120000,269657.0,True
4010191000,28044.0,True
4010199000,136615.0,True
4010310000,2196955.0,True
4010320000,616182.0,True
4010330000,557592.0,True
4010340000,90380.0,True
4010350000,248099.0,True
4010360000,27151.0,True
4010390000,1360611.0,True
4011101000,248259573.0,True
4011102000,252695.0,True
4011109000,2458988.0,True
4011201010,22279850.0,True
4011201090,34686583.0,True
4011202010,0.0,True
4011202090,0.0,True
4011209000,4571.0,True
4011300000,3450630.0,True
4011400000,3072496.0,True
4011500000,993.0,True
4011701000,274306.0,True
4011709000,77413.0,True
4011801010,162913.0,True
4011801090,393130.0,True
4011809010,0.0,True
4011809090,88208.0,True
4011900000,641124.0,True
4012110000,6219.0,True
4012120000,388654.0,True
4012130000,15210.0,True
4012190000,4194.0,True
4012209010,668277.0,True
4012209020,53372.0,True
4012209090,83862.0,True
4012901000,0.0,True
4012909010,2398035.0,True
4012909020,121609.0,True
4012909030,99691.0,True
4012909040,435433.0,True
4012909090,51095.0,True
4013101000,155103.0,True
4013102000,4378067.0,True
4013200000,1819.0,True
4013901000,0.0,True
4013909010,0.0,True
4013909020,1069306.0,True
4013909090,428451.0,True
4014100000,47742.0,True
4014901000,171.0,True
4014909000,786522.0,True
4015120000,8758.0,True
4015190000,410765.0,True
4015901000,0.0,True
4015902000,10661.0,True
4015909000,29454.0,True
4016100000,2746842.0,True
4016910000,433620.0,True
4016920000,40929.0,True
4016930000,23733711.0,True
4016940000,461079.0,True
4016951000,0.0,True
4016952000,11897.0,True
4016953000,79083.0,True
4016959000,684240.0,True
4016991010,26452.0,True
4016991090,10183147.0,True
4016992000,227584.0,True
4016993000,969077.0,True
4016999000,18583677.0,True
4017001000,10142.0,True
4017002000,67567.0,True
4017003000,479807.0,True
4101202000,0.0,True
4101501011,0.0,True
4101501012,0.0,True
4101501021,0.0,True
4101501022,0.0,True
4101902000,0.0,True
4102100000,9945.0,True
4103301000,0.0,True
4104110000,132129.0,True
4104190000,506161.0,True
4104410000,121.0,True
4104490000,253211.0,True
4105300000,66375.0,True
4106320000,399.0,True
4106400000,189457.0,True
4106920000,20720.0,True
4107110000,30566.0,True
4107120000,159555.0,True
4107190000,454055.0,True
4107910000,180800.0,True
4107920000,16878046.0,True
4107990000,1685217.0,True
4112000000,1159250.0,True
4113100000,30846.0,True
4113200000,132957.0,True
4113300000,31920.0,True
4113900000,531770.0,True
4114100000,3391.0,True
4114201000,1670192.0,True
4114202000,56956.0,True
4115100000,90534.0,True
4115200000,164.0,True
4201002000,31569.0,True
4201009000,635224.0,True
4202111000,68823.0,True
4202112000,17707.0,True
4202113000,3806.0,True
4202121010,71825.0,True
4202121020,36188.0,True
4202121090,384826.0,True
4202122000,668557.0,True
4202190000,986961.0,True
4202211010,82887.0,True
4202211020,12129.0,True
4202211030,245314.0,True
4202211090,4912107.0,True
4202212000,606799.0,True
4202213000,304671.0,True
4202221010,69688.0,True
4202221020,5375352.0,True
4202221090,2966351.0,True
4202222000,2433580.0,True
4202290000,2771887.0,True
4202311030,869.0,True
4202311090,741111.0,True
4202312000,24799.0,True
4202313000,2593.0,True
4202321010,162457.0,True
4202321020,656879.0,True
4202321090,597377.0,True
4202322000,1108625.0,True
4202390000,79799.0,True
4202911000,384682.0,True
4202912000,211016.0,True
4202913000,189140.0,True
4202921010,182607.0,True
4202921020,765708.0,True
4202921090,1206010.0,True
4202922000,22161348.0,True
4202991000,2585.0,True
4202999000,6846997.0,True
4203101010,322.0,True
4203101020,466353.0,True
4203101060,9561.0,True
4203101090,40583.0,True
4203102000,0.0,True
4203103010,431797.0,True
4203103020,2537950.0,True
4203103050,306032.0,True
4203103060,742241.0,True
4203103070,515039.0,True
4203103090,84503.0,True
4203109010,0.0,True
4203109020,2006.0,True
4203109090,80628.0,True
4203211000,3059.0,True
4203212000,10501.0,True
4203213000,0.0,True
4203214000,0.0,True
4203215000,2928.0,True
4203219000,7018.0,True
4203291000,11696.0,True
4203292000,0.0,True
4203299000,11161.0,True
4203301030,799.0,True
4203301090,146709.0,True
4203309000,27787.0,True
4203400000,15159.0,True
4205001100,7093.0,True
4205001900,4974657.0,True
4205002100,0.0,True
4205002900,217854.0,True
4301100000,0.0,True
4302110000,0.0,True
4302193000,0.0,True
4302197000,0.0,True
4302198000,0.0,True
4302199010,14156.0,True
4302199020,19819.0,True
4302199090,26463.0,True
4302201000,0.0,True
4302202000,0.0,True
4302209090,0.0,True
4302300000,0.0,True
4303101100,27300.0,True
4303101200,0.0,True
4303101300,473223.0,True
4303101600,0.0,True
4303101900,238517.0,True
4303102100,30750.0,True
4303102200,0.0,True
4303102600,33952.0,True
4303102920,0.0,True
4303102990,79173.0,True
4303900000,2019.0,True
4304001000,2976.0,True
4304002000,62825.0,True
4401110000,0.0,True
4401120000,0.0,True
4401210000,0.0,True
4401221000,0.0,True
4401229000,0.0,True
4401310000,0.0,True
4401320000,0.0,True
4401390000,0.0,True
4401410000,0.0,True
4401490000,0.0,True
4402101090,0.0,True
4402109000,0.0,True
4402201010,0.0,True
4402201090,0.0,True
4402209000,0.0,True
4402901011,0.0,True
4402901019,28800.0,True
4402901090,27103.0,True
4402909010,0.0,True
4402909020,0.0,True
4402909090,1444.0,True
4403212000,0.0,True
4403222000,0.0,True
4403229000,0.0,True
4403231000,0.0,True
4403232000,0.0,True
4403242000,0.0,True
4403251000,0.0,True
4403252010,0.0,True
4403252020,0.0,True
4403254000,0.0,True
4403255000,0.0,True
4403259000,0.0,True
4403261000,0.0,True
4403262010,0.0,True
4403262020,0.0,True
4403499000,0.0,True
4403910000,0.0,True
4403971000,0.0,True
4403991040,0.0,True
4403991050,0.0,True
4403993030,0.0,True
4403999000,0.0,True
4404200000,0.0,True
4405000000,0.0,True
4406920000,10228.0,True
4407111090,0.0,True
4407112000,0.0,True
4407119000,3808.0,True
4407121000,0.0,True
4407122090,43452.0,True
4407132000,0.0,True
4407139000,0.0,True
4407140000,0.0,True
4407191000,182125.0,True
4407192010,0.0,True
4407193000,0.0,True
4407195000,0.0,True
4407199000,0.0,True
4407250000,0.0,True
4407291000,0.0,True
4407293000,0.0,True
4407299000,0.0,True
4407910000,0.0,True
4407920000,0.0,True
4407930000,45718.0,True
4407940000,0.0,True
4407950000,0.0,True
4407971000,0.0,True
4407972000,0.0,True
4407991010,0.0,True
4407991020,0.0,True
4407991040,4438.0,True
4407994000,0.0,True
4407999000,7127.0,True
4408109100,0.0,True
4408109910,0.0,True
4408109950,0.0,True
4408109960,0.0,True
4408313000,0.0,True
4408319022,0.0,True
4408319029,0.0,True
4408396000,0.0,True
4408399011,0.0,True
4408399012,0.0,True
4408399019,0.0,True
4408399032,0.0,True
4408399091,0.0,True
4408399099,0.0,True
4408901000,0.0,True
4408909150,0.0,True
4408909160,0.0,True
4408909194,117.0,True
4408909195,140.0,True
4408909199,187.0,True
4408909220,0.0,True
4408909380,208757.0,True
4408909393,140.0,True
4408909396,0.0,True
4408909490,0.0,True
4408909910,0.0,True
4408909920,0.0,True
4408909990,1354.0,True
4409101000,0.0,True
4409102000,0.0,True
4409109000,41400.0,True
4409210000,0.0,True
4409222000,0.0,True
4409229000,0.0,True
4409292000,9551.0,True
4409299000,896.0,True
4410111000,0.0,True
4410112000,0.0,True
4410119000,47051.0,True
4410121000,0.0,True
4410129000,0.0,True
4410191000,46000.0,True
4410199000,0.0,True
4410900000,2600.0,True
4411121000,142999.0,True
4411129000,62372.0,True
4411131000,12092.0,True
4411139000,67687.0,True
4411141000,114247.0,True
4411149010,0.0,True
4411149090,391532.0,True
4411921000,0.0,True
4411929010,0.0,True
4411929090,33165.0,True
4411949000,0.0,True
4412101020,0.0,True
4412109090,102.0,True
4412311000,11451.0,True
4412312090,0.0,True
4412313000,0.0,True
4412314011,0.0,True
4412314019,0.0,True
4412314021,0.0,True
4412314029,0.0,True
4412315010,0.0,True
4412315090,0.0,True
4412316010,0.0,True
4412316090,135897.0,True
4412317010,0.0,True
4412317090,0.0,True
4412331000,37453.0,True
4412332000,0.0,True
4412333000,0.0,True
4412334010,0.0,True
4412334020,0.0,True
4412335000,0.0,True
4412336000,0.0,True
4412337000,8176.0,True
4412341000,0.0,True
4412343000,0.0,True
4412344010,0.0,True
4412344020,0.0,True
4412345000,0.0,True
4412346000,0.0,True
4412347000,0.0,True
4412391000,0.0,True
4412399000,790.0,True
4412411000,0.0,True
4412419000,0.0,True
4412421000,13.0,True
4412429000,0.0,True
4412491000,0.0,True
4412499000,0.0,True
4412510000,0.0,True
4412520000,0.0,True
4412921000,0.0,True
4412929110,0.0,True
4412929910,0.0,True
4412929990,0.0,True
4412991000,147866.0,True
4412999110,0.0,True
4412999910,0.0,True
4412999990,12308.0,True
4413000000,597717.0,True
4414100000,0.0,True
4414900000,78238.0,True
4415100000,2706250.0,True
4415200000,1449150.0,True
4416000000,0.0,True
4417000000,8930.0,True
4418190000,58389.0,True
4418210000,0.0,True
4418290000,264449.0,True
4418300000,0.0,True
4418400000,17933.0,True
4418500000,0.0,True
4418731000,0.0,True
4418739000,0.0,True
4418749000,0.0,True
4418751000,0.0,True
4418759000,0.0,True
4418799000,0.0,True
4418810000,0.0,True
4418910000,0.0,True
4418999000,72731.0,True
4419110000,302.0,True
4419120000,4709.0,True
4419190000,2992.0,True
4419201000,10.0,True
4419202000,0.0,True
4419203000,221.0,True
4419209000,1.0,True
4419901000,19343.0,True
4419902000,3073.0,True
4419903000,4136.0,True
4419909000,82019.0,True
4420110000,0.0,True
4420190000,10938.0,True
4420902000,18243.0,True
4420909010,719.0,True
4420909020,2483.0,True
4420909090,49621.0,True
4421100000,18158.0,True
4421200000,0.0,True
4421913000,1158.0,True
4421915000,50093.0,True
4421919000,1512.0,True
4421991000,33486.0,True
4421993000,14.0,True
4421994000,0.0,True
4421995000,1117.0,True
4421999010,14000.0,True
4421999090,351741.0,True
4501100000,0.0,True
4501900000,0.0,True
4502000000,22444.0,True
4503100000,0.0,True
4503900000,0.0,True
4504100000,151.0,True
4504900000,1232.0,True
4601211000,1262.0,True
4601212000,0.0,True
4601220000,0.0,True
4601290000,0.0,True
4601920000,0.0,True
4601930000,0.0,True
4601940000,0.0,True
4601990000,19162.0,True
4602111000,0.0,True
4602119000,113.0,True
4602120000,159.0,True
4602191000,0.0,True
4602199000,39043.0,True
4602900000,4370.0,True
4701001000,0.0,True
4702000000,0.0,True
4703110000,0.0,True
4703211000,0.0,True
4703212000,0.0,True
4703292000,1794389.0,True
4704290000,0.0,True
4705000000,0.0,True
4706100000,0.0,True
4706200000,0.0,True
4706300000,42.0,True
4706921000,0.0,True
4706922000,0.0,True
4706932000,0.0,True
4707100000,3370901.0,True
4707200000,359673.0,True
4707300000,2358761.0,True
4707900000,10665.0,True
4801000000,5319881.0,True
4802100000,9613.0,True
4802200000,89563.0,True
4802400000,153372.0,True
4802541010,0.0,True
4802541090,34.0,True
4802549010,0.0,True
4802549090,216.0,True
4802551010,328.0,True
4802551020,0.0,True
4802551030,8355.0,True
4802551090,1218746.0,True
4802559010,0.0,True
4802559090,593908.0,True
4802561010,26.0,True
4802561020,5530.0,True
4802561090,5322333.0,True
4802569010,0.0,True
4802569090,734.0,True
4802571020,0.0,True
4802571090,2638110.0,True
4802579090,0.0,True
4802581010,0.0,True
4802581090,920871.0,True
4802589090,400079.0,True
4802611010,19229.0,True
4802611090,78695.0,True
4802619090,32816.0,True
4802621020,0.0,True
4802621090,0.0,True
4802629090,4084.0,True
4802691020,26033.0,True
4802691090,20649.0,True
4802699090,17340.0,True
4803001000,58713.0,True
4803002000,7316.0,True
4803009000,393237.0,True
4804110000,22695.0,True
4804190000,204134.0,True
4804210000,1330312.0,True
4804290000,51694.0,True
4804311000,28.0,True
4804313000,38525.0,True
4804319000,218905.0,True
4804391000,0.0,True
4804393000,110510.0,True
4804399000,38205.0,True
4804412000,0.0,True
4804419000,18309.0,True
4804421000,2929.0,True
4804429000,332.0,True
4804510000,354769.0,True
4804523000,0.0,True
4804529000,420.0,True
4804590000,184988.0,True
4805110000,12154814.0,True
4805120000,3.0,True
4805190000,3565777.0,True
4805241000,14997.0,True
4805249000,980424.0,True
4805251000,1001071.0,True
4805259000,398817.0,True
4805300000,0.0,True
4805400000,2028471.0,True
4805500000,4330.0,True
4805911000,0.0,True
4805919010,497.0,True
4805919090,1323283.0,True
4805929000,1011549.0,True
4805931000,0.0,True
4805939000,310818.0,True
4806100000,30683.0,True
4806200000,4075.0,True
4806300000,397.0,True
4806401000,0.0,True
4806409000,29281.0,True
4807000000,534145.0,True
4808100000,651860.0,True
4808401000,0.0,True
4808409000,259946.0,True
4808900000,1257391.0,True
4809201000,0.0,True
4809202000,0.0,True
4809901000,5091163.0,True
4809902010,1997935.0,True
4809902090,4062808.0,True
4809904000,2834.0,True
4809909000,370710.0,True
4810131000,8976301.0,True
4810139000,803878.0,True
4810140000,128552.0,True
4810191000,47078980.0,True
4810199000,1254407.0,True
4810220000,11126.0,True
4810290000,3711836.0,True
4810319000,819475.0,True
4810321000,0.0,True
4810329000,425419.0,True
4810390000,846561.0,True
4810921010,365480.0,True
4810921090,2305897.0,True
4810929000,19984647.0,True
4810992000,2576.0,True
4810999000,758818.0,True
4811100000,6295.0,True
4811410000,1579702.0,True
4811490000,1244217.0,True
4811511000,141069.0,True
4811519011,0.0,True
4811519019,545628.0,True
4811519090,114955.0,True
4811590000,13871986.0,True
4811600000,672194.0,True
4811901000,1236413.0,True
4811902010,11585090.0,True
4811902090,18892138.0,True
4812000000,3904.0,True
4813100000,32921.0,True
4813200000,44042.0,True
4813900000,319004.0,True
4814201000,2794540.0,True
4814209000,25.0,True
4814901010,0.0,True
4814901090,1994714.0,True
4814909000,415600.0,True
4816200000,7594.0,True
4816901000,52704.0,True
4816902010,0.0,True
4816902090,91344.0,True
4816903000,363115.0,True
4816904000,11463.0,True
4816905000,0.0,True
4816909000,124492.0,True
4817100000,60260.0,True
4817200000,161199.0,True
4817300000,15742.0,True
4818100000,525650.0,True
4818200000,3297429.0,True
4818300000,2005.0,True
4818500000,7281.0,True
4818900000,1910944.0,True
4819100000,7445844.0,True
4819200000,3543736.0,True
4819300000,355561.0,True
4819400000,2118350.0,True
4819501000,3948216.0,True
4819509000,1768085.0,True
4819600000,5774.0,True
4820100000,2098014.0,True
4820200000,317739.0,True
4820300000,74382.0,True
4820400000,0.0,True
4820500000,1194137.0,True
4820900000,175944.0,True
4821100000,2758645.0,True
4821900000,704429.0,True
4822100000,76623.0,True
4822900000,413991.0,True
4823200000,1645598.0,True
4823400000,43708.0,True
4823610000,112.0,True
4823690000,6698027.0,True
4823700000,7704.0,True
4823901010,0.0,True
4823901090,37874.0,True
4823902000,24582.0,True
4823903011,0.0,True
4823903019,45.0,True
4823903090,4402.0,True
4823905000,0.0,True
4823909011,54260.0,True
4823909019,3896.0,True
4823909090,5231496.0,True
4901101000,2355970.0,True
4901109000,7292301.0,True
4901911000,18945.0,True
4901919000,80086.0,True
4901991000,129259.0,True
4901999000,32210875.0,True
4902101010,1801.0,True
4902101090,1060.0,True
4902109000,8154.0,True
4902901010,133629.0,True
4902901090,1904.0,True
4902909010,85153.0,True
4902909090,15819.0,True
4903000000,131377.0,True
4904000000,1872.0,True
4905201000,0.0,True
4905209000,0.0,True
4905900000,3085.0,True
4906001000,109.0,True
4906002000,552.0,True
4906009000,29356.0,True
4907001000,327.0,True
4907002000,0.0,True
4907009000,0.0,True
4908100000,320164.0,True
4908901000,8779.0,True
4908909000,528790.0,True
4909000000,888109.0,True
4910001000,3757878.0,True
4910009000,106063.0,True
4911100000,820737.0,True
4911911000,7764.0,True
4911919000,3071715.0,True
4911990000,4100631.0,True
5001000000,0.0,True
5002001020,0.0,True
5002001050,0.0,True
5002002000,0.0,True
5002009000,0.0,True
5003009000,0.0,True
5004000000,0.0,True
5005000000,0.0,True
5006000000,0.0,True
5007100000,0.0,True
5007201000,3938.0,True
5007202020,849953.0,True
5007202030,279927.0,True
5007202090,972351.0,True
5007209000,96739.0,True
5007901000,0.0,True
5007902000,0.0,True
5007903000,250611.0,True
5007904000,53114.0,True
5007909000,14065.0,True
5101110000,13.0,True
5101300000,0.0,True
5102190000,0.0,True
5103100000,0.0,True
5104000000,0.0,True
5105100000,0.0,True
5105210000,0.0,True
5105290000,151656.0,True
5105310000,0.0,True
5105390000,0.0,True
5105400000,0.0,True
5106101000,85021.0,True
5106109000,277274.0,True
5106201000,7041.0,True
5106202000,94627.0,True
5106204000,118421.0,True
5106209000,358823.0,True
5107101000,116623.0,True
5107102000,36957.0,True
5107109000,0.0,True
5107201000,7618.0,True
5107202000,48696.0,True
5107203000,0.0,True
5107209000,341069.0,True
5108100000,117341.0,True
5108200000,0.0,True
5109101000,68906.0,True
5109109000,44.0,True
5109901000,507.0,True
5109909000,1160.0,True
5110000000,0.0,True
5111111000,28131.0,True
5111112000,0.0,True
5111191000,273267.0,True
5111192000,0.0,True
5111200000,94429.0,True
5111300000,29113.0,True
5111900000,248773.0,True
5112111000,269865.0,True
5112112000,0.0,True
5112191000,915470.0,True
5112192000,197326.0,True
5112200000,404270.0,True
5112300000,57950.0,True
5112900000,849832.0,True
5113000000,0.0,True
5201001000,5921.0,True
5201009010,0.0,True
5201009020,49287.0,True
5201009050,0.0,True
5201009060,0.0,True
5202100000,14822.0,True
5202910000,0.0,True
5202990000,157086.0,True
5203000000,509617.0,True
5204110000,21820.0,True
5204190000,12632.0,True
5204200000,20.0,True
5205111000,0.0,True
5205119000,43401.0,True
5205121010,9421.0,True
5205121090,6159.0,True
5205129000,23.0,True
5205131000,0.0,True
5205139000,0.0,True
5205141000,0.0,True
5205210000,0.0,True
5205221000,358800.0,True
5205229000,20061.0,True
5205231000,1788536.0,True
5205239000,72831.0,True
5205241000,251616.0,True
5205249000,75920.0,True
5205260000,951.0,True
5205270000,1196.0,True
5205280000,0.0,True
5205310000,0.0,True
5205321010,0.0,True
5205321090,0.0,True
5205329000,146682.0,True
5205330000,5964.0,True
5205340000,0.0,True
5205350000,0.0,True
5205420000,0.0,True
5205430000,0.0,True
5205440000,0.0,True
5205470000,2724.0,True
5205480000,0.0,True
5206111000,0.0,True
5206119000,8443.0,True
5206121000,153.0,True
5206129000,0.0,True
5206130000,0.0,True
5206140000,2835.0,True
5206150000,0.0,True
5206210000,0.0,True
5206221000,11948.0,True
5206229000,0.0,True
5206231000,59473.0,True
5206239000,62261.0,True
5206241000,0.0,True
5206249000,0.0,True
5206250000,0.0,True
5206310000,612.0,True
5206320000,0.0,True
5206330000,1522.0,True
5206350000,0.0,True
5206410000,0.0,True
5206420000,0.0,True
5206430000,0.0,True
5206440000,0.0,True
5206450000,0.0,True
5207100000,5321.0,True
5207900000,2446.0,True
5208110000,27778.0,True
5208120000,1633.0,True
5208130000,22355.0,True
5208190000,3961.0,True
5208210000,12362.0,True
5208220000,9682.0,True
5208230000,3873.0,True
5208290000,18319.0,True
5208310000,101357.0,True
5208320000,1339950.0,True
5208330000,114504.0,True
5208390000,439355.0,True
5208410000,0.0,True
5208420000,6871.0,True
5208430000,1281.0,True
5208490000,62326.0,True
5208510000,173834.0,True
5208520000,13328466.0,True
5208591000,28464.0,True
5208599000,57947.0,True
5209110000,6737.0,True
5209120000,61575.0,True
5209190000,5730.0,True
5209210000,42208.0,True
5209220000,171.0,True
5209290000,0.0,True
5209310000,258528.0,True
5209320000,224006.0,True
5209390000,562080.0,True
5209410000,1553.0,True
5209420000,282707.0,True
5209430000,0.0,True
5209490000,7069.0,True
5209510000,69872.0,True
5209520000,12023.0,True
5209590000,36797.0,True
5210110000,54383.0,True
5210190000,0.0,True
5210210000,6663.0,True
5210290000,0.0,True
5210310000,338568.0,True
5210320000,495876.0,True
5210390000,466034.0,True
5210410000,54571.0,True
5210490000,2194.0,True
5210510000,21615.0,True
5210590000,124953.0,True
5211110000,0.0,True
5211120000,23462.0,True
5211190000,32586.0,True
5211200000,0.0,True
5211310000,52715.0,True
5211320000,662377.0,True
5211390000,182152.0,True
5211410000,640.0,True
5211420000,8478.0,True
5211430000,0.0,True
5211490000,290108.0,True
5211510000,0.0,True
5211590000,7785.0,True
5212110000,37933.0,True
5212120000,4957.0,True
5212130000,499379.0,True
5212140000,0.0,True
5212150000,221854.0,True
5212210000,0.0,True
5212220000,458.0,True
5212230000,57442.0,True
5212240000,52.0,True
5212250000,68407.0,True
5301290000,0.0,True
5303101000,0.0,True
5303901010,0.0,True
5305001000,0.0,True
5305003000,0.0,True
5305009000,5032.0,True
5306101000,0.0,True
5306102000,0.0,True
5306201000,0.0,True
5306202000,0.0,True
5307101000,0.0,True
5307109000,0.0,True
5307201000,0.0,True
5307209000,0.0,True
5308100000,0.0,True
5308901000,1988.0,True
5308909000,1625.0,True
5309110000,0.0,True
5309190000,39652.0,True
5309210000,0.0,True
5309290000,108383.0,True
5310100000,0.0,True
5310900000,3.0,True
5311001000,0.0,True
5311002000,25.0,True
5311009000,226.0,True
5401101000,309611.0,True
5401102000,959172.0,True
5401109000,161127.0,True
5401201000,224128.0,True
5401209000,17755.0,True
5402110000,16318066.0,True
5402191011,0.0,True
5402191012,44552.0,True
5402191019,12599.0,True
5402191021,0.0,True
5402191029,302509.0,True
5402191090,465.0,True
5402199000,57751.0,True
5402200000,2248219.0,True
5402311010,93575.0,True
5402311020,14357.0,True
5402311090,19154.0,True
5402319000,34960.0,True
5402321010,186243.0,True
5402321020,78031.0,True
5402321090,2650.0,True
5402329000,34074.0,True
5402331000,240063.0,True
5402339000,3855088.0,True
5402340000,89702.0,True
5402390000,225029.0,True
5402440000,6895464.0,True
5402451010,971543.0,True
5402451020,21.0,True
5402451090,199863.0,True
5402459000,310040.0,True
5402469000,917340.0,True
5402471000,1147.0,True
5402479000,12318395.0,True
5402480000,1058175.0,True
5402491000,0.0,True
5402499000,1976226.0,True
5402510000,6283.0,True
5402520000,152970.0,True
5402530000,0.0,True
5402591000,0.0,True
5402599000,0.0,True
5402610000,7277.0,True
5402620000,231532.0,True
5402630000,2497.0,True
5402691000,142831.0,True
5402692000,0.0,True
5402699000,54373.0,True
5403100000,5290.0,True
5403310000,11.0,True
5403320000,0.0,True
5403331000,0.0,True
5403339000,0.0,True
5403390000,0.0,True
5403411000,49521.0,True
5403419000,1303.0,True
5403490000,2171.0,True
5404110000,22183.0,True
5404120000,14120.0,True
5404191000,132238.0,True
5404199000,3802412.0,True
5404901000,127950.0,True
5404909000,65970.0,True
5405000000,0.0,True
5406001000,8139.0,True
5406002000,0.0,True
5407101000,3549330.0,True
5407102000,1946756.0,True
5407200000,540977.0,True
5407300000,3623.0,True
5407410000,1597144.0,True
5407420000,12536066.0,True
5407430000,522545.0,True
5407440000,264809.0,True
5407510000,1305906.0,True
5407520000,12604978.0,True
5407530000,4062309.0,True
5407540000,95881.0,True
5407611000,3723196.0,True
5407612000,25624174.0,True
5407613000,43608.0,True
5407614000,1274585.0,True
5407691000,762309.0,True
5407692000,4559883.0,True
5407693000,497722.0,True
5407694000,370400.0,True
5407710000,377202.0,True
5407720000,1272210.0,True
5407730000,1123636.0,True
5407740000,30293.0,True
5407811000,2720.0,True
5407812000,136362.0,True
5407813000,2300.0,True
5407819000,0.0,True
5407821000,1292142.0,True
5407822000,814651.0,True
5407823000,67511.0,True
5407829000,54494.0,True
5407831000,0.0,True
5407832000,2498.0,True
5407839000,0.0,True
5407841000,151559.0,True
5407842000,42608.0,True
5407849000,1877.0,True
5407911000,13350.0,True
5407912000,32764.0,True
5407913000,7087.0,True
5407919000,80728.0,True
5407921000,720164.0,True
5407922000,5290478.0,True
5407923000,14982.0,True
5407929000,1260406.0,True
5407931000,20695.0,True
5407932000,77236.0,True
5407933000,1434.0,True
5407939000,66791.0,True
5407941000,21676.0,True
5407942000,166895.0,True
5407943000,0.0,True
5407949000,725108.0,True
5408100000,398801.0,True
5408210000,589079.0,True
5408220000,2281210.0,True
5408230000,34351.0,True
5408240000,29526.0,True
5408310000,17446.0,True
5408320000,852317.0,True
5408330000,38088.0,True
5408340000,21756.0,True
5501190000,90488.0,True
5501200000,736149.0,True
5501300000,6124389.0,True
5501400000,822664.0,True
5501900000,930662.0,True
5502101000,6362078.0,True
5502900000,1674.0,True
5503110000,5538834.0,True
5503190000,0.0,True
5503201000,17003984.0,True
5503209000,27175031.0,True
5503301000,231.0,True
5503302000,0.0,True
5503400000,3957172.0,True
5503900000,7363552.0,True
5504101000,0.0,True
5504109000,0.0,True
5504902000,0.0,True
5504909000,3.0,True
5505100000,16590.0,True
5506100000,129709.0,True
5506200000,9610.0,True
5506300000,0.0,True
5506900000,0.0,True
5507000000,89.0,True
5508102000,409360.0,True
5508109000,53344.0,True
5508200000,4876.0,True
5509111000,354766.0,True
5509119000,221.0,True
5509121000,598696.0,True
5509129000,26.0,True
5509211000,0.0,True
5509219000,563.0,True
5509221000,8875.0,True
5509229000,19663.0,True
5509311000,38707.0,True
5509321000,598.0,True
5509322000,0.0,True
5509410000,16827.0,True
5509420000,62188.0,True
5509510000,0.0,True
5509520000,1246.0,True
5509530000,15961.0,True
5509590000,0.0,True
5509611000,554.0,True
5509621000,0.0,True
5509622000,240401.0,True
5509691010,0.0,True
5509691020,0.0,True
5509692010,0.0,True
5509692020,0.0,True
5509911000,201.0,True
5509919000,12010.0,True
5509920000,0.0,True
5509990000,68504.0,True
5510111000,239529.0,True
5510119000,0.0,True
5510121000,0.0,True
5510129000,0.0,True
5510201000,0.0,True
5510209000,0.0,True
5510301000,0.0,True
5510309000,0.0,True
5510901000,49948.0,True
5510909000,1455.0,True
5511100000,3676.0,True
5511200000,4855.0,True
5511300000,0.0,True
5512110000,112322.0,True
5512191000,3640865.0,True
5512192000,6870.0,True
5512193000,32421.0,True
5512210000,14867.0,True
5512290000,466607.0,True
5512911000,353103.0,True
5512919000,5190.0,True
5512991000,178443.0,True
5512999000,580667.0,True
5513110000,2919.0,True
5513120000,0.0,True
5513130000,169078.0,True
5513190000,3089.0,True
5513210000,166552.0,True
5513231000,12402.0,True
5513239000,372650.0,True
5513290000,10669.0,True
5513310000,18479.0,True
5513390000,0.0,True
5513410000,0.0,True
5513490000,2889.0,True
5514110000,0.0,True
5514120000,4571.0,True
5514193000,1904.0,True
5514199000,0.0,True
5514210000,1160997.0,True
5514220000,78067.0,True
5514230000,37582.0,True
5514290000,0.0,True
5514300000,1079.0,True
5514410000,38885.0,True
5514420000,141354.0,True
5514430000,164568.0,True
5514490000,7159.0,True
5515111000,91.0,True
5515119000,903232.0,True
5515121000,5980.0,True
5515129000,1222725.0,True
5515131000,0.0,True
5515139000,216505.0,True
5515191000,38762.0,True
5515199000,168667.0,True
5515210000,0.0,True
5515221000,1857.0,True
5515229000,9170.0,True
5515290000,941.0,True
5515910000,191493.0,True
5515990000,1533188.0,True
5516111000,590.0,True
5516119000,4323.0,True
5516121000,60601.0,True
5516129000,172212.0,True
5516130000,360.0,True
5516141000,184843.0,True
5516149000,114279.0,True
5516211000,6197.0,True
5516219000,0.0,True
5516221000,362100.0,True
5516229000,555981.0,True
5516230000,0.0,True
5516241000,16962.0,True
5516249000,115315.0,True
5516320000,0.0,True
5516330000,0.0,True
5516411000,0.0,True
5516419000,33220.0,True
5516421000,72896.0,True
5516429000,96687.0,True
5516430000,0.0,True
5516440000,199.0,True
5516910000,11614.0,True
5516921000,7593.0,True
5516929000,373325.0,True
5516930000,9413.0,True
5516940000,1877.0,True
5601210000,101764.0,True
5601220000,20074572.0,True
5601290000,769.0,True
5601301000,1590794.0,True
5601309000,34036.0,True
5602101000,3283232.0,True
5602102000,58206.0,True
5602210000,27591.0,True
5602290000,47358.0,True
5602900000,436709.0,True
5603111000,697268.0,True
5603119000,3137599.0,True
5603121000,848034.0,True
5603129000,2046137.0,True
5603131000,3010577.0,True
5603139000,3208486.0,True
5603141000,2555463.0,True
5603149000,3231663.0,True
5603910000,235569.0,True
5603920000,2496490.0,True
5603930000,3694303.0,True
5603940000,6388735.0,True
5604100000,251565.0,True
5604902000,226544.0,True
5604909000,278874.0,True
5605000000,281612.0,True
5606001000,592728.0,True
5606002000,9243.0,True
5606003000,3390.0,True
5606009000,118611.0,True
5607210000,1306.0,True
5607290000,131365.0,True
5607410000,9179.0,True
5607490000,4902375.0,True
5607500000,3943540.0,True
5607901000,7603.0,True
5607909000,682394.0,True
5608111011,97626.0,True
5608111012,0.0,True
5608111013,0.0,True
5608111020,0.0,True
5608111090,2597798.0,True
5608119000,66736.0,True
5608191000,143965.0,True
5608199000,170663.0,True
5608900000,132549.0,True
5609001000,70162.0,True
5609002000,13091.0,True
5609003000,718223.0,True
5609009000,285692.0,True
5701100000,0.0,True
5701900000,21937.0,True
5702100000,528.0,True
5702200000,0.0,True
5702310000,62.0,True
5702320000,2100.0,True
5702390000,0.0,True
5702410000,0.0,True
5702420000,2718.0,True
5702490000,1.0,True
5702500000,0.0,True
5702910000,418.0,True
5702920000,20003.0,True
5702990000,5034.0,True
5703100000,25222.0,True
5703210000,304.0,True
5703290000,4472830.0,True
5703310000,70239.0,True
5703390000,25620.0,True
5703900000,10205.0,True
5704100000,0.0,True
5704200000,0.0,True
5704900000,378129.0,True
5705000000,555011.0,True
5801100000,166.0,True
5801210000,73512.0,True
5801220000,238664.0,True
5801230000,0.0,True
5801260000,0.0,True
5801270000,91950.0,True
5801310000,24947.0,True
5801320000,5891.0,True
5801330000,0.0,True
5801360000,7516.0,True
5801370000,3633321.0,True
5801900000,3194.0,True
5802100000,3518.0,True
5802200000,41378.0,True
5802300000,0.0,True
5803000000,212248.0,True
5804103000,515061.0,True
5804109000,228268.0,True
5804210000,339770.0,True
5804292000,6900.0,True
5804299000,157272.0,True
5804300000,0.0,True
5805000000,1736.0,True
5806103000,659234.0,True
5806109000,216158.0,True
5806200000,682021.0,True
5806310000,144482.0,True
5806320000,4228645.0,True
5806390000,90700.0,True
5806400000,272.0,True
5807101000,1781848.0,True
5807109000,125770.0,True
5807901000,347473.0,True
5807909000,385121.0,True
5808100000,221311.0,True
5808900000,17915.0,True
5809000000,20464.0,True
5810100000,13310.0,True
5810910000,124833.0,True
5810920000,724434.0,True
5810990000,92111.0,True
5811004000,29969.0,True
5811009000,524501.0,True
5901100000,402982.0,True
5901901000,0.0,True
5901902000,89077.0,True
5901903000,181398.0,True
5902100000,2021116.0,True
5902200000,4379810.0,True
5902900000,15258.0,True
5903100000,8852231.0,True
5903200000,56434133.0,True
5903900000,13027718.0,True
5904100000,0.0,True
5904900000,0.0,True
5905000000,199249.0,True
5906100000,4349604.0,True
5906910000,50083.0,True
5906990000,944464.0,True
5907001000,6664.0,True
5907002000,10.0,True
5907009000,4025391.0,True
5908001000,611330.0,True
5908009000,0.0,True
5909000000,34379.0,True
5910000000,465282.0,True
5911100000,4882364.0,True
5911200000,259973.0,True
5911310000,660.0,True
5911320000,243693.0,True
5911400000,1165758.0,True
5911900000,3646398.0,True
6001101000,1186.0,True
6001102000,5991614.0,True
6001109000,6086.0,True
6001210000,4891589.0,True
6001220000,860051.0,True
6001290000,58582.0,True
6001910000,397460.0,True
6001920000,5515764.0,True
6001990000,126078.0,True
6002400000,25554.0,True
6002900000,18977.0,True
6003100000,0.0,True
6003200000,2800.0,True
6003300000,102839.0,True
6003900000,3250.0,True
6004100000,39648406.0,True
6004900000,232801.0,True
6005220000,403195.0,True
6005230000,226321.0,True
6005240000,0.0,True
6005351000,1089146.0,True
6005352000,834271.0,True
6005353000,0.0,True
6005354000,144681.0,True
6005360000,7997395.0,True
6005370000,17805093.0,True
6005380000,327436.0,True
6005390000,359408.0,True
6005420000,524.0,True
6005440000,3672.0,True
6005900000,218057.0,True
6006100000,47859.0,True
6006210000,906678.0,True
6006220000,13154051.0,True
6006230000,1615151.0,True
6006240000,1006360.0,True
6006310000,1758811.0,True
6006320000,13702275.0,True
6006330000,768398.0,True
6006340000,1017217.0,True
6006410000,2377.0,True
6006420000,2390155.0,True
6006430000,44034.0,True
6006440000,96023.0,True
6006900000,437643.0,True
6101200000,111040.0,True
6101301000,489079.0,True
6101302000,2396.0,True
6101900000,33785.0,True
6102100000,60001.0,True
6102200000,60832.0,True
6102301000,301048.0,True
6102302000,3227.0,True
6102900000,530868.0,True
6103101000,846.0,True
6103102000,1064.0,True
6103109000,1607.0,True
6103220000,195.0,True
6103230000,152910.0,True
6103290000,0.0,True
6103310000,5143.0,True
6103320000,11322.0,True
6103330000,13595.0,True
6103390000,110264.0,True
6103410000,17370.0,True
6103420000,203774.0,True
6103430000,286139.0,True
6103490000,80991.0,True
6104130000,28707.0,True
6104191000,21519.0,True
6104199000,2920.0,True
6104220000,32998.0,True
6104230000,81804.0,True
6104290000,0.0,True
6104310000,193176.0,True
6104320000,120833.0,True
6104330000,198180.0,True
6104390000,18029.0,True
6104410000,30447.0,True
6104420000,122993.0,True
6104430000,481256.0,True
6104440000,19054.0,True
6104491000,0.0,True
6104499000,12143.0,True
6104510000,13513.0,True
6104520000,42100.0,True
6104530000,245792.0,True
6104590000,89130.0,True
6104610000,179922.0,True
6104620000,820720.0,True
6104630000,1357004.0,True
6104690000,183422.0,True
6105100000,462067.0,True
6105201000,3742254.0,True
6105202000,71188.0,True
6105900000,63515.0,True
6106100000,682751.0,True
6106201000,1153148.0,True
6106202000,44480.0,True
6106900000,187880.0,True
6107110000,67343.0,True
6107121000,79050.0,True
6107122000,32233.0,True
6107190000,118687.0,True
6107210000,2422.0,True
6107221000,15589.0,True
6107222000,421.0,True
6107290000,0.0,True
6107910000,15726.0,True
6107990000,4518.0,True
6108111000,8754.0,True
6108112000,2211.0,True
6108190000,0.0,True
6108210000,31223.0,True
6108221000,129809.0,True
6108222000,49053.0,True
6108290000,6379.0,True
6108310000,3832.0,True
6108321000,29021.0,True
6108322000,1025.0,True
6108390000,2491.0,True
6108910000,42808.0,True
6108921000,32913.0,True
6108922000,2695.0,True
6108990000,13533.0,True
6109101000,12255299.0,True
6109109000,1674010.0,True
6109901010,51222.0,True
6109901090,155122.0,True
6109902010,404165.0,True
6109902090,24828.0,True
6109903010,4146521.0,True
6109903090,422422.0,True
6109909010,992266.0,True
6109909090,1239968.0,True
6110110000,1924535.0,True
6110120000,326947.0,True
6110190000,102843.0,True
6110200000,3134966.0,True
6110301000,7472812.0,True
6110302000,1018918.0,True
6110901000,41285.0,True
6110909000,426517.0,True
6111201000,221077.0,True
6111202000,109991.0,True
6111301000,54884.0,True
6111302000,415292.0,True
6111901000,50436.0,True
6111902000,0.0,True
6112110000,1766.0,True
6112120000,38596.0,True
6112190000,2655.0,True
6112200000,2000.0,True
6112310000,23501.0,True
6112390000,0.0,True
6112410000,100735.0,True
6112490000,6690.0,True
6113001000,26907.0,True
6113002000,0.0,True
6113003000,6.0,True
6114200000,260801.0,True
6114301000,1873479.0,True
6114302000,42096.0,True
6114900000,3688682.0,True
6115100000,4612.0,True
6115210000,63828.0,True
6115220000,19937.0,True
6115290000,58388.0,True
6115300000,1972.0,True
6115940000,90557.0,True
6115950000,3743088.0,True
6115960000,2112894.0,True
6115990000,116412.0,True
6116100000,4044262.0,True
6116910000,4369.0,True
6116921000,71224.0,True
6116929000,39338.0,True
6116930000,735825.0,True
6116990000,25291.0,True
6117101000,1567.0,True
6117102000,27074.0,True
6117103000,2235.0,True
6117104000,36607.0,True
6117109000,5647.0,True
6117800000,2097181.0,True
6117900000,2617624.0,True
6201201000,158207.0,True
6201209000,58640.0,True
6201301000,50948.0,True
6201309000,196166.0,True
6201401010,70285.0,True
6201401090,981112.0,True
6201409010,583.0,True
6201409090,182051.0,True
6201901000,11059.0,True
6201909000,441354.0,True
6202201000,239125.0,True
6202209000,230943.0,True
6202301000,91010.0,True
6202309000,450745.0,True
6202401010,348069.0,True
6202401090,1675282.0,True
6202409010,15426.0,True
6202409090,138516.0,True
6202901000,103287.0,True
6202909000,461764.0,True
6203110000,111779.0,True
6203120000,9706.0,True
6203190000,1017.0,True
6203220000,3275.0,True
6203230000,2080.0,True
6203290000,2459.0,True
6203310000,41884.0,True
6203320000,75286.0,True
6203330000,918444.0,True
6203390000,71511.0,True
6203410000,95142.0,True
6203421000,335408.0,True
6203429000,465655.0,True
6203430000,1251827.0,True
6203490000,83220.0,True
6204110000,1364.0,True
6204120000,24979.0,True
6204130000,7895.0,True
6204190000,5178.0,True
6204210000,11349.0,True
6204220000,5559.0,True
6204230000,13000.0,True
6204290000,1021.0,True
6204310000,601068.0,True
6204320000,415785.0,True
6204330000,1836665.0,True
6204391000,7507.0,True
6204399000,571688.0,True
6204410000,95167.0,True
6204420000,270412.0,True
6204430000,597773.0,True
6204440000,76282.0,True
6204491000,7751.0,True
6204499000,196323.0,True
6204510000,253394.0,True
6204520000,344312.0,True
6204530000,978493.0,True
6204591000,3638.0,True
6204599000,120765.0,True
6204610000,160086.0,True
6204621000,976434.0,True
6204629000,1482546.0,True
6204630000,2592549.0,True
6204691000,13616.0,True
6204699000,5327487.0,True
6205200000,1139308.0,True
6205301000,243693.0,True
6205302000,206462.0,True
6205900000,215062.0,True
6206100000,57723.0,True
6206200000,32921.0,True
6206300000,887992.0,True
6206401000,1718376.0,True
6206402000,105474.0,True
6206900000,1118442.0,True
6207110000,3399.0,True
6207191000,143.0,True
6207199000,1137.0,True
6207210000,11798.0,True
6207221000,2256.0,True
6207222000,4756.0,True
6207290000,0.0,True
6207910000,0.0,True
6207991000,0.0,True
6207992000,0.0,True
6207993010,10601.0,True
6207993020,0.0,True
6207999000,18235.0,True
6208111000,278.0,True
6208112000,589.0,True
6208190000,0.0,True
6208210000,344638.0,True
6208221000,24283.0,True
6208222000,898.0,True
6208290000,408.0,True
6208910000,17444.0,True
6208921000,60070.0,True
6208922000,350.0,True
6208990000,39110.0,True
6209201000,72771.0,True
6209202000,13785.0,True
6209301000,26911.0,True
6209302000,15463.0,True
6209901000,11073.0,True
6209902000,0.0,True
6210101000,6768.0,True
6210102000,57024.0,True
6210201010,2106.0,True
6210201020,0.0,True
6210201030,0.0,True
6210209010,24202.0,True
6210209030,51.0,True
6210301010,29062.0,True
6210301020,0.0,True
6210301030,0.0,True
6210309010,0.0,True
6210309030,41901.0,True
6210401000,145896.0,True
6210402000,0.0,True
6210403000,12034.0,True
6210501000,56773.0,True
6210502000,0.0,True
6210503000,10332.0,True
6211111000,6833.0,True
6211119000,118244.0,True
6211121000,21158.0,True
6211129000,2633.0,True
6211201000,1192.0,True
6211209000,0.0,True
6211321000,2757.0,True
6211329000,115679.0,True
6211331000,338951.0,True
6211332000,23756.0,True
6211391000,4642.0,True
6211399000,217435.0,True
6211421000,12782.0,True
6211429000,612685.0,True
6211431000,4925514.0,True
6211432000,84153.0,True
6211491000,31682.0,True
6211499000,2045782.0,True
6212101000,6669.0,True
6212102000,690396.0,True
6212109000,742053.0,True
6212201000,0.0,True
6212202000,1352.0,True
6212209000,0.0,True
6212300000,12321.0,True
6212900000,73376.0,True
6213200000,26396.0,True
6213900000,105652.0,True
6214100000,115915.0,True
6214200000,18741.0,True
6214300000,53914.0,True
6214400000,2553.0,True
6214900000,51455.0,True
6215100000,57822.0,True
6215200000,1420.0,True
6215900000,2931.0,True
6216001000,64809.0,True
6216009000,185095.0,True
6217100000,11930524.0,True
6217900000,14545332.0,True
6301100000,1179.0,True
6301200000,43941.0,True
6301300000,42063.0,True
6301400000,211389.0,True
6301900000,162968.0,True
6302101000,10229.0,True
6302109000,3131.0,True
6302210000,8767.0,True
6302220000,1504.0,True
6302290000,486.0,True
6302310000,54639.0,True
6302320000,13505.0,True
6302390000,12572.0,True
6302400000,107.0,True
6302510000,21832.0,True
6302530000,253.0,True
6302590000,2180.0,True
6302600000,175350.0,True
6302910000,37366.0,True
6302930000,322956.0,True
6302990000,29529.0,True
6303120000,53777.0,True
6303190000,90339.0,True
6303910000,8503.0,True
6303920000,1419259.0,True
6303990000,105988.0,True
6304110000,15.0,True
6304190000,4289.0,True
6304200000,0.0,True
6304910000,5017.0,True
6304920000,42583.0,True
6304930000,224289.0,True
6304990000,81692.0,True
6305100000,0.0,True
6305200000,4409.0,True
6305320000,49819.0,True
6305330000,1369165.0,True
6305390000,228844.0,True
6305900000,103230.0,True
6306120000,385300.0,True
6306190000,9907.0,True
6306220000,1122501.0,True
6306290000,191579.0,True
6306300000,0.0,True
6306400000,40676.0,True
6306901000,1.0,True
6306902000,16047.0,True
6306909000,17721.0,True
6307100000,4538314.0,True
6307200000,65907.0,True
6307901000,652497.0,True
6307902000,17203.0,True
6307903000,72.0,True
6307904010,192.0,True
6307904020,173856.0,True
6307904030,334123.0,True
6307904090,1247902.0,True
6307909000,6661526.0,True
6308000000,97752.0,True
6309000000,25610609.0,True
6310100000,16129.0,True
6310900000,99447.0,True
6401100000,177.0,True
6401921000,0.0,True
6401929010,657240.0,True
6401929090,3781.0,True
6401991010,68.0,True
6401991090,71.0,True
6401999000,20626.0,True
6402120000,0.0,True
6402190000,827428.0,True
6402200000,145719.0,True
6402911000,75389.0,True
6402912000,59402.0,True
6402919000,528676.0,True
6402991000,1108954.0,True
6402992000,18848.0,True
6402999000,5765153.0,True
6403120000,1357.0,True
6403190000,172711.0,True
6403200000,8046.0,True
6403400000,69589.0,True
6403510000,49048.0,True
6403591000,7646.0,True
6403599000,400157.0,True
6403911000,14644.0,True
6403912000,386.0,True
6403913000,23028.0,True
6403914000,2812.0,True
6403919000,858377.0,True
6403991000,144154.0,True
6403992000,16974.0,True
6403994000,483243.0,True
6403999000,5114956.0,True
6404110000,2676848.0,True
6404191000,213152.0,True
6404199000,5744894.0,True
6404200000,340724.0,True
6405100000,82404.0,True
6405200000,135030.0,True
6405900000,530360.0,True
6406101000,1134521.0,True
6406102000,1492647.0,True
6406201000,452131.0,True
6406202000,16212.0,True
6406902000,2041855.0,True
6406903000,0.0,True
6406909000,3449194.0,True
6501000000,465023.0,True
6502000000,0.0,True
6504000000,226658.0,True
6505001000,62279.0,True
6505009011,1131406.0,True
6505009019,927136.0,True
6505009021,397659.0,True
6505009029,3283681.0,True
6505009090,1456456.0,True
6506100000,2761009.0,True
6506910000,33859.0,True
6506990000,222866.0,True
6507000000,1759685.0,True
6601100000,5975.0,True
6601910000,69360.0,True
6601992000,316.0,True
6601999000,66136.0,True
6602001000,882272.0,True
6602009000,0.0,True
6603200000,174.0,True
6603900000,2615.0,True
6701000000,1199.0,True
6702100000,69625.0,True
6702901000,334.0,True
6702909000,1283.0,True
6703001000,222166.0,True
6703009000,1103.0,True
6704110000,80682.0,True
6704191000,247631.0,True
6704194000,746311.0,True
6704199000,86966.0,True
6704201000,47588.0,True
6704202000,272559.0,True
6704205000,3887.0,True
6704209000,13680.0,True
6704900000,192500.0,True
6801000000,7339.0,True
6802100000,1644.0,True
6802211000,180.0,True
6802212000,0.0,True
6802213000,0.0,True
6802230000,459.0,True
6802291000,1957.0,True
6802299000,0.0,True
6802911000,2184.0,True
6802912000,0.0,True
6802913000,0.0,True
6802920000,0.0,True
6802930000,25340.0,True
6802990000,27849.0,True
6803000000,378.0,True
6804100000,296627.0,True
6804210000,28754608.0,True
6804221000,77811.0,True
6804229000,2096118.0,True
6804230000,37090.0,True
6804300000,321183.0,True
6805100000,8444854.0,True
6805200000,4180474.0,True
6805300000,9113898.0,True
6806101000,15834.0,True
6806102000,461197.0,True
6806103000,2026112.0,True
6806109000,350065.0,True
6806201000,109724.0,True
6806202000,3623.0,True
6806204000,241.0,True
6806209000,151455.0,True
6806901000,401320.0,True
6806909000,4389014.0,True
6807100000,336898.0,True
6807900000,2119762.0,True
6808000000,19245.0,True
6809110000,10065.0,True
6809190000,202942.0,True
6809900000,548.0,True
6810111000,0.0,True
6810112000,10525.0,True
6810191000,9190.0,True
6810192000,1452.0,True
6810199000,302587.0,True
6810910000,13992.0,True
6810992000,0.0,True
6810993000,112324.0,True
6810999000,1875742.0,True
6811820000,27540.0,True
6811890000,86084.0,True
6812910000,148607.0,True
6812990000,4109.0,True
6813200000,2042.0,True
6813810000,174649.0,True
6813891000,3675.0,True
6813899000,860787.0,True
6814100000,2969037.0,True
6814900000,64379.0,True
6815110000,12079163.0,True
6815120000,311968.0,True
6815131000,2037512.0,True
6815139000,2077683.0,True
6815191000,3817620.0,True
6815199000,2138791.0,True
6815910000,20747.0,True
6815990000,6226378.0,True
6901001000,0.0,True
6901002000,165976.0,True
6901003000,0.0,True
6901009010,0.0,True
6901009090,343.0,True
6902100000,745164.0,True
6902200000,576096.0,True
6902901000,93424.0,True
6902909000,50832.0,True
6903102010,0.0,True
6903102090,10344.0,True
6903105000,4301.0,True
6903109000,629018.0,True
6903202000,32353.0,True
6903205000,5999.0,True
6903207000,0.0,True
6903209000,1422162.0,True
6903901000,538228.0,True
6903909020,5584.0,True
6903909070,29745.0,True
6903909080,132247.0,True
6903909090,718968.0,True
6904100000,12335.0,True
6904900000,0.0,True
6905100000,0.0,True
6905900000,2877.0,True
6906001000,3779.0,True
6906002000,0.0,True
6907210000,194284.0,True
6907221000,212.0,True
6907229000,8768.0,True
6907230000,5919.0,True
6907301000,15592.0,True
6907309000,270.0,True
6907401000,0.0,True
6907409000,0.0,True
6909110000,3793128.0,True
6909120000,5818172.0,True
6909190000,10939123.0,True
6909900000,150131.0,True
6910101000,7831.0,True
6910103000,602923.0,True
6910104000,1520.0,True
6910109000,13194.0,True
6910900000,364066.0,True
6911101000,4846.0,True
6911102000,132863.0,True
6911109000,255525.0,True
6911900000,18744.0,True
6912001010,6280.0,True
6912001020,54596.0,True
6912001090,264617.0,True
6912002000,1475.0,True
6912003000,41.0,True
6912009000,123379.0,True
6913100000,3186.0,True
6913900000,135721.0,True
6914101000,0.0,True
6914109000,795793.0,True
6914901000,18603.0,True
6914909000,2526321.0,True
7001001000,700.0,True
7001002000,367900.0,True
7002100000,1.0,True
7002201000,17225.0,True
7002209000,6.0,True
7002311000,125589.0,True
7002319000,18405.0,True
7002320000,0.0,True
7002390000,289941.0,True
7003121000,0.0,True
7003122000,0.0,True
7003123000,584.0,True
7003125000,0.0,True
7003127000,0.0,True
7003191000,3240.0,True
7003192000,0.0,True
7003194000,0.0,True
7003195000,717968.0,True
7003196000,0.0,True
7003200000,0.0,True
7003300000,0.0,True
7004201000,0.0,True
7004202000,0.0,True
7004901000,22860668.0,True
7004902000,0.0,True
7004903000,3251.0,True
7004905000,0.0,True
7005101010,2340.0,True
7005101020,821.0,True
7005102010,0.0,True
7005102020,0.0,True
7005109010,3323.0,True
7005109020,14673.0,True
7005109030,0.0,True
7005109040,102310.0,True
7005211000,0.0,True
7005212000,0.0,True
7005213000,238297.0,True
7005214000,0.0,True
7005215000,0.0,True
7005216000,0.0,True
7005217010,0.0,True
7005217020,0.0,True
7005291020,15575.0,True
7005291040,26352.0,True
7005291091,389.0,True
7005291099,6319076.0,True
7005292091,0.0,True
7005292099,4332.0,True
7005293010,0.0,True
7005293020,0.0,True
7005293090,0.0,True
7005294010,241.0,True
7005294020,0.0,True
7005295010,0.0,True
7005295020,0.0,True
7005296010,0.0,True
7005296020,0.0,True
7005296090,0.0,True
7005297010,0.0,True
7005297020,0.0,True
7005298010,0.0,True
7005298020,0.0,True
7005298090,0.0,True
7005299010,0.0,True
7005299020,0.0,True
7005299090,0.0,True
7005300000,127.0,True
7006001000,0.0,True
7006002000,388252.0,True
7006003000,877284.0,True
7006004000,26370763.0,True
7006009000,17730973.0,True
7007111000,3895657.0,True
7007112000,584330.0,True
7007191000,9302932.0,True
7007192000,309731.0,True
7007211000,3105398.0,True
7007212000,762461.0,True
7007291000,350218.0,True
7007292000,0.0,True
7008000000,1063188.0,True
7009100000,7805713.0,True
7009910000,110219.0,True
7009920000,302154.0,True
7010100000,223438.0,True
7010200000,11636.0,True
7010900000,5581794.0,True
7011100000,1857.0,True
7011900000,262.0,True
7013100000,1588.0,True
7013220000,986.0,True
7013280000,2433.0,True
7013330000,161.0,True
7013370000,90963.0,True
7013410000,352.0,True
7013420000,9157.0,True
7013490000,1960975.0,True
7013910000,3148.0,True
7013990000,144592.0,True
7014001000,468504.0,True
7014009010,72.0,True
7014009020,375684.0,True
7015100000,0.0,True
7015901000,540.0,True
7015902000,0.0,True
7015909000,123.0,True
7016100000,0.0,True
7016901000,67.0,True
7016909020,29000.0,True
7016909090,0.0,True
7017100000,78886.0,True
7017200000,85916.0,True
7017900000,212252.0,True
7018101000,56914.0,True
7018102000,1160.0,True
7018103000,674.0,True
7018109000,26686.0,True
7018200000,160384.0,True
7018901000,0.0,True
7018909000,4839.0,True
7019110000,3861097.0,True
7019120000,692511.0,True
7019130000,0.0,True
7019140000,63737.0,True
7019150000,675667.0,True
7019190000,188683.0,True
7019610000,38486.0,True
7019620000,12877.0,True
7019631000,0.0,True
7019632000,393305.0,True
7019639000,40854.0,True
7019641000,113353.0,True
7019642000,526370.0,True
7019649000,527349.0,True
7019651000,0.0,True
7019659000,136007.0,True
7019661000,1118.0,True
7019669000,3040.0,True
7019692000,4424.0,True
7019693010,40500.0,True
7019693090,15298.0,True
7019699000,1859496.0,True
7019710000,186039.0,True
7019720000,0.0,True
7019730000,0.0,True
7019801000,1058799.0,True
7019809000,181561.0,True
7019900000,2350452.0,True
7020001011,10341955.0,True
7020001012,214610.0,True
7020001013,3514496.0,True
7020001019,14449982.0,True
7020001090,805224.0,True
7020009000,3511672.0,True
7101100000,60.0,True
7101210000,0.0,True
7101220000,128.0,True
7102210000,0.0,True
7102290000,32000.0,True
7102390000,801881.0,True
7103100000,187189.0,True
7103911000,71197.0,True
7103919010,8054.0,True
7103919020,71436.0,True
7103919030,653095.0,True
7103991000,12837.0,True
7103999010,573.0,True
7103999020,0.0,True
7103999030,0.0,True
7103999040,0.0,True
7103999090,2929009.0,True
7104100000,152673.0,True
7104210000,0.0,True
7104290000,0.0,True
7104911000,20400.0,True
7104919000,97065.0,True
7104991000,1080.0,True
7104999010,16998.0,True
7104999090,135145.0,True
7105101000,0.0,True
7105102000,1775264.0,True
7105901000,4230.0,True
7105909000,8134.0,True
7106100000,7804525.0,True
7106911000,403953792.0,True
7106919000,1025994.0,True
7106921000,9644693.0,True
7106922000,592901.0,True
7106923000,6605263.0,True
7106929000,2792317.0,True
7107002000,0.0,True
7107003000,0.0,True
7107004000,0.0,True
7107009000,121583.0,True
7108110000,6245.0,True
7108121000,199828137.0,True
7108129000,108441469.0,True
7108131010,49178095.0,True
7108131090,60969.0,True
7108139010,211104335.0,True
7108139020,259471.0,True
7108139090,3455056.0,True
7108200000,0.0,True
7109000000,1181324.0,True
7110110000,38606856.0,True
7110190000,1217657.0,True
7110210000,20194161.0,True
7110290000,145468.0,True
7110310000,17832430.0,True
7110390000,456452.0,True
7110410000,1518823.0,True
7110490000,0.0,True
7111000000,81840.0,True
7112300000,146920.0,True
7112911000,0.0,True
7112919000,302786.0,True
7112921000,26477.0,True
7112929000,22586828.0,True
7112991000,3188446.0,True
7112999000,4861883.0,True
7113110000,2108507.0,True
7113191000,52212512.0,True
7113192000,33644651.0,True
7113199000,327332.0,True
7113201000,7359.0,True
7113202000,111075.0,True
7113203000,19941.0,True
7113209000,35836.0,True
7114110000,970394.0,True
7114199000,276796.0,True
7114200000,4547.0,True
7115901010,50876.0,True
7115901090,209110.0,True
7115909010,275.0,True
7115909020,128390.0,True
7115909090,186558.0,True
7116101000,4087.0,True
7116102000,9731.0,True
7116201000,1379847.0,True
7116209010,130933.0,True
7116209090,40464.0,True
7117110000,37430.0,True
7117191000,3363205.0,True
7117192000,2179743.0,True
7117193000,1444059.0,True
7117194000,181371.0,True
7117195000,511943.0,True
7117196000,89817.0,True
7117199000,3079129.0,True
7117900000,1383348.0,True
7118100000,7490.0,True
7118901000,0.0,True
7118902000,436805.0,True
7118909000,0.0,True
7201101000,22262.0,True
7202110000,150440.0,True
7202190000,31976.0,True
7202210000,84821.0,True
7202291000,44985.0,True
7202299000,24095.0,True
7202300000,242236.0,True
7202410000,35564.0,True
7202490000,358610.0,True
7202500000,0.0,True
7202600000,26741266.0,True
7202700000,72885802.0,True
7202800000,0.0,True
7202910000,374001.0,True
7202920000,2648256.0,True
7202930000,198951.0,True
7202991000,0.0,True
7202999000,340480.0,True
7203900000,170551.0,True
7204100000,303119.0,True
7204210000,20816568.0,True
7204290000,3783112.0,True
7204300000,417760.0,True
7204410000,143724.0,True
7204490000,6688092.0,True
7205101000,437799.0,True
7205102000,9991.0,True
7205109000,115830.0,True
7205210000,4931022.0,True
7205290000,2779898.0,True
7206100000,616453.0,True
7206900000,9000.0,True
7207111000,0.0,True
7207112000,0.0,True
7207121000,61613944.0,True
7207190000,51147.0,True
7207201000,0.0,True
7207202000,1368177.0,True
7207209000,156954.0,True
7208101000,12.0,True
7208109000,0.0,True
7208251000,2690916.0,True
7208259000,6156159.0,True
7208261000,12613961.0,True
7208269000,15644020.0,True
7208271000,17533178.0,True
7208279000,26159775.0,True
7208361000,25731274.0,True
7208369000,4220622.0,True
7208371000,11125003.0,True
7208379000,21267133.0,True
7208381000,4530310.0,True
7208389000,50159400.0,True
7208391000,13009786.0,True
7208399000,73353586.0,True
7208511000,78764966.0,True
7208519000,61367125.0,True
7208521000,3922729.0,True
7208529000,10518981.0,True
7208539000,64488.0,True
7208541000,0.0,True
7208549000,843168.0,True
7208900000,476052.0,True
7209151000,12065.0,True
7209159000,1192172.0,True
7209161000,25250377.0,True
7209169000,51401971.0,True
7209171000,36789533.0,True
7209179000,75210071.0,True
7209181000,10632417.0,True
7209189000,4807846.0,True
7209261000,147.0,True
7209269000,207905.0,True
7209279000,951574.0,True
7209900000,29279.0,True
7210110000,704522.0,True
7210120000,28663894.0,True
7210200000,0.0,True
7210301000,2564229.0,True
7210309000,32058314.0,True
7210410000,88952.0,True
7210491010,36581622.0,True
7210491090,57603216.0,True
7210499010,61650372.0,True
7210499090,36616232.0,True
7210500000,8788349.0,True
7210610000,28610518.0,True
7210690000,22703293.0,True
7210701000,8456931.0,True
7210702000,167399917.0,True
7210901000,768369.0,True
7210902000,122448.0,True
7210909000,221435.0,True
7211130000,778.0,True
7211141000,5239.0,True
7211149000,284955.0,True
7211191000,73865.0,True
7211199000,481617.0,True
7211231000,643403.0,True
7211239000,698942.0,True
7211291000,6030133.0,True
7211299000,2349272.0,True
7211901000,153980.0,True
7211909000,926175.0,True
7212101000,16126.0,True
7212102000,120818.0,True
7212201000,147864.0,True
7212209000,1113103.0,True
7212301010,554614.0,True
7212301090,353125.0,True
7212309010,99945.0,True
7212309090,1492747.0,True
7212401000,34093.0,True
7212402000,5127604.0,True
7212501000,10362902.0,True
7212502000,54845.0,True
7212509000,2603530.0,True
7212600000,1039620.0,True
7213100000,16033210.0,True
7213200000,203141.0,True
7213911010,1141249.0,True
7213911090,4083326.0,True
7213919000,10092017.0,True
7213991010,1565814.0,True
7213991090,3112085.0,True
7213999000,60343.0,True
7214100000,54613.0,True
7214201000,25737615.0,True
7214209000,68838.0,True
7214300000,0.0,True
7214910000,0.0,True
7214991000,14040901.0,True
7214999000,141769.0,True
7215100000,323951.0,True
7215500000,1868570.0,True
7215900000,742248.0,True
7216101000,0.0,True
7216210000,204015.0,True
7216310000,462205.0,True
7216320000,13202.0,True
7216333000,8004594.0,True
7216334000,58673656.0,True
7216335000,448570.0,True
7216401000,627157.0,True
7216500000,418884.0,True
7216610000,116400.0,True
7216690000,781800.0,True
7216910000,0.0,True
7216990000,236028.0,True
7217100000,16578611.0,True
7217200000,4525053.0,True
7217301000,8163133.0,True
7217309000,1939091.0,True
7217900000,2403725.0,True
7218101000,0.0,True
7218109000,795.0,True
7218911000,0.0,True
7218912000,0.0,True
7218919000,0.0,True
7218991000,0.0,True
7218992000,2399685.0,True
7218999000,470494.0,True
7219111010,0.0,True
7219111090,2646216.0,True
7219119000,0.0,True
7219121010,0.0,True
7219121090,20851609.0,True
7219129000,610384.0,True
7219131010,0.0,True
7219131090,59787743.0,True
7219139000,4541440.0,True
7219141010,0.0,True
7219141090,677261.0,True
7219149000,173207.0,True
7219211010,156730.0,True
7219211090,6526230.0,True
7219219000,65273.0,True
7219221090,1266966.0,True
7219229000,30053.0,True
7219231090,7919.0,True
7219239000,16994.0,True
7219241090,24758.0,True
7219249000,0.0,True
7219311090,108239.0,True
7219319000,370.0,True
7219321010,0.0,True
7219321090,2178179.0,True
7219329000,65126.0,True
7219331010,157684.0,True
7219331090,12982118.0,True
7219339000,17004145.0,True
7219341010,434413.0,True
7219341090,12945924.0,True
7219349000,9002977.0,True
7219351010,274260.0,True
7219351090,2907597.0,True
7219359000,363180.0,True
7219901090,178978.0,True
7219909000,3261781.0,True
7220111090,3572.0,True
7220119000,43557.0,True
7220121010,0.0,True
7220121090,20743.0,True
7220129000,202022.0,True
7220201010,15577.0,True
7220201090,9521492.0,True
7220209000,9618976.0,True
7220901010,0.0,True
7220901090,892014.0,True
7220909000,1705881.0,True
7221000000,9823023.0,True
7222110000,3145604.0,True
7222190000,781345.0,True
7222200000,1545063.0,True
7222300000,884917.0,True
7222400000,70905.0,True
7223000000,20684066.0,True
7224101000,0.0,True
7224109000,57398.0,True
7224901000,993850.0,True
7224902000,0.0,True
7224903000,0.0,True
7224909000,3866.0,True
7225110000,15715475.0,True
7225190000,59140067.0,True
7225309010,11004922.0,True
7225309091,2776432.0,True
7225309092,2059182.0,True
7225309099,14075791.0,True
7225401000,0.0,True
7225409010,10950404.0,True
7225409091,298472.0,True
7225409099,292622.0,True
7225501000,56964.0,True
7225509000,28706555.0,True
7225911000,2906.0,True
7225919010,358411.0,True
7225919090,7342960.0,True
7225929011,17287138.0,True
7225929019,5058390.0,True
7225929091,8414972.0,True
7225929099,3418839.0,True
7225991000,0.0,True
7225999000,41544469.0,True
7226110000,1072559.0,True
7226190000,172065.0,True
7226200000,23200.0,True
7226911000,133849.0,True
7226919000,991449.0,True
7226920000,2017904.0,True
7226991000,0.0,True
7226999000,2095012.0,True
7227100000,345646.0,True
7227200000,274620.0,True
7227901000,0.0,True
7227909010,3177533.0,True
7227909020,201519.0,True
7227909090,12849731.0,True
7228100000,203675.0,True
7228200000,170924.0,True
7228301000,3306101.0,True
7228309000,22301950.0,True
7228401000,0.0,True
7228409000,1143148.0,True
7228500000,3598419.0,True
7228601000,19137.0,True
7228609000,2149345.0,True
7228701010,58884.0,True
7228701090,49122.0,True
7228709000,273606.0,True
7228800000,0.0,True
7229200000,3676246.0,True
7229901010,55271.0,True
7229901090,2953.0,True
7229902090,13514.0,True
7229909010,0.0,True
7229909090,21039373.0,True
7301101000,1194481.0,True
7301109000,0.0,True
7301201000,0.0,True
7301209000,69977.0,True
7302101010,0.0,True
7302101090,14562.0,True
7302102010,4.0,True
7302103010,0.0,True
7302104090,27256.0,True
7302300000,2494.0,True
7302400000,63846.0,True
7302900000,469070.0,True
7303001090,445995.0,True
7303002000,66365.0,True
7304110000,3271095.0,True
7304190000,4539266.0,True
7304220000,0.0,True
7304230000,0.0,True
7304240000,899769.0,True
7304290000,30701844.0,True
7304310000,1203797.0,True
7304390000,1242972.0,True
7304410000,8864657.0,True
7304490000,3182579.0,True
7304510000,3373448.0,True
7304590000,2292925.0,True
7304900000,424388.0,True
7305111000,34095625.0,True
7305112000,220879.0,True
7305120000,30338890.0,True
7305190000,38757.0,True
7305200000,541570.0,True
7305311000,23272748.0,True
7305312000,3648455.0,True
7305319000,5272845.0,True
7305900000,925.0,True
7306110000,174989.0,True
7306190000,21354486.0,True
7306211000,0.0,True
7306212000,3200.0,True
7306291000,51835091.0,True
7306292000,13396888.0,True
7306301010,421692.0,True
7306301090,9506584.0,True
7306302010,2897173.0,True
7306302020,466761.0,True
7306302030,239050.0,True
7306302090,10570339.0,True
7306401000,5084866.0,True
7306402000,9351955.0,True
7306500000,2165836.0,True
7306611010,449368.0,True
7306611090,16165021.0,True
7306612000,219216.0,True
7306613000,7184.0,True
7306691010,0.0,True
7306691090,157777.0,True
7306692000,94957.0,True
7306693000,44365.0,True
7306901000,545286.0,True
7306909000,2027777.0,True
7307110000,416232.0,True
7307190000,1077308.0,True
7307210000,3332078.0,True
7307221000,260002.0,True
7307229000,3360351.0,True
7307230000,11718467.0,True
7307290000,21474808.0,True
7307910000,9920699.0,True
7307921000,1812332.0,True
7307929000,3427434.0,True
7307930000,20868018.0,True
7307991000,4842439.0,True
7307999000,12638366.0,True
7308100000,3510.0,True
7308200000,458759.0,True
7308300000,2694210.0,True
7308400000,7878825.0,True
7308901000,5397.0,True
7308909000,133562146.0,True
7309000000,13439257.0,True
7310100000,10715820.0,True
7310210000,1142450.0,True
7310290000,11088551.0,True
7311001000,1152462.0,True
7311002000,9196528.0,True
7311003000,8508516.0,True
7312101011,4594.0,True
7312101019,924584.0,True
7312101091,4361.0,True
7312101092,5862822.0,True
7312101099,1371882.0,True
7312102011,16287.0,True
7312102019,2401952.0,True
7312102091,17978.0,True
7312102092,0.0,True
7312102099,19894352.0,True
7312900000,130682.0,True
7313001000,69069.0,True
7313009000,15544.0,True
7314120000,1495.0,True
7314140000,79008.0,True
7314190000,238369.0,True
7314200000,121216.0,True
7314310000,0.0,True
7314390000,57188.0,True
7314410000,201903.0,True
7314420000,0.0,True
7314490000,616421.0,True
7314500000,106939.0,True
7315110000,1639317.0,True
7315120000,1365000.0,True
7315190000,441006.0,True
7315200000,2447.0,True
7315810000,14845.0,True
7315820000,205748.0,True
7315890000,637309.0,True
7315900000,92522.0,True
7316001000,2976.0,True
7316002000,18085.0,True
7317001011,549976.0,True
7317001019,2018249.0,True
7317001021,150123.0,True
7317001029,23490.0,True
7317002000,0.0,True
7317003000,331.0,True
7317004000,180140.0,True
7317005000,1964.0,True
7317009000,113812.0,True
7318110000,60593.0,True
7318120000,2002.0,True
7318130000,93087.0,True
7318140000,3292458.0,True
7318151000,4746570.0,True
7318152000,32486343.0,True
7318153000,5543030.0,True
7318159000,9821270.0,True
7318160000,19386126.0,True
7318190000,3505523.0,True
7318210000,323329.0,True
7318220000,3966149.0,True
7318230000,1763617.0,True
7318240000,1038900.0,True
7318290000,6329974.0,True
7319401000,14504.0,True
7319402000,943906.0,True
7319409000,289985.0,True
7319901010,0.0,True
7319901020,0.0,True
7319901090,21319.0,True
7319909000,481978.0,True
7320101000,662226.0,True
7320102000,611.0,True
7320109000,313060.0,True
7320201000,2219934.0,True
7320202000,38465.0,True
7320203000,0.0,True
7320204000,32190.0,True
7320209000,3782753.0,True
7320901000,987038.0,True
7320909000,2665516.0,True
7321110000,6760426.0,True
7321120000,0.0,True
7321190000,35436.0,True
7321810000,34781.0,True
7321820000,9765081.0,True
7321890000,25670.0,True
7321900000,689361.0,True
7322111000,0.0,True
7322112000,0.0,True
7322191000,2231.0,True
7322192000,0.0,True
7322901000,8297.0,True
7322909010,4005369.0,True
7322909020,0.0,True
7322909030,182833.0,True
7323100000,132484.0,True
7323910000,15002.0,True
7323920000,14592.0,True
7323930000,3391943.0,True
7323940000,7831.0,True
7323990000,1191175.0,True
7324101000,252755.0,True
7324102000,15.0,True
7324210000,0.0,True
7324291000,2017.0,True
7324299000,47483.0,True
7324901000,56642.0,True
7324908000,57909.0,True
7324909000,326444.0,True
7325100000,166275.0,True
7325910000,0.0,True
7325991000,3469241.0,True
7325992000,1927611.0,True
7325993000,155061.0,True
7325999000,3717657.0,True
7326110000,468548.0,True
7326190000,4631677.0,True
7326200000,8130384.0,True
7326901000,66904.0,True
7326909000,138889804.0,True
7401001000,2022835.0,True
7401002000,2081100.0,True
7402001000,14112076.0,True
7402002000,206782.0,True
7403110000,213964231.0,True
7403120000,1106.0,True
7403130000,282530.0,True
7403191000,337749.0,True
7403192000,1688252.0,True
7403199000,678782.0,True
7403210000,15697178.0,True
7403220000,5710931.0,True
7403291010,522355.0,True
7403291020,9500.0,True
7403299000,6240161.0,True
7404000000,113224582.0,True
7405000000,3049982.0,True
7406100000,2540433.0,True
7406201000,14025.0,True
7406202000,386608.0,True
7407100000,5050906.0,True
7407210000,36518282.0,True
7407291000,467975.0,True
7407292010,413012.0,True
7407299000,661595.0,True
7408110000,33546602.0,True
7408190000,27203171.0,True
7408210000,2715174.0,True
7408221000,13745.0,True
7408222000,50179.0,True
7408291000,176980.0,True
7408299000,334847.0,True
7409111000,1004319.0,True
7409119000,29897376.0,True
7409191000,1896755.0,True
7409199000,2457227.0,True
7409219000,29653825.0,True
7409291000,0.0,True
7409299000,562251.0,True
7409319000,7922535.0,True
7409399000,663394.0,True
7409401010,122328.0,True
7409401090,5099383.0,True
7409402090,416749.0,True
7409901000,8944973.0,True
7409909000,1473697.0,True
7410110000,28029366.0,True
7410120000,3194874.0,True
7410211000,89391914.0,True
7410219000,5705305.0,True
7410221000,1702.0,True
7410229000,456643.0,True
7411100000,39652244.0,True
7411210000,3044066.0,True
7411221000,7332041.0,True
7411222000,4.0,True
7411291000,28207.0,True
7411299000,202155.0,True
7412100000,7646501.0,True
7412200000,6036656.0,True
7413000000,6033293.0,True
7415101000,0.0,True
7415109000,193217.0,True
7415210000,1063885.0,True
7415290000,130974.0,True
7415330000,433588.0,True
7415390000,128501.0,True
7418101000,0.0,True
7418109010,10336.0,True
7418109030,0.0,True
7418109099,33512.0,True
7418201000,29.0,True
7418202000,10400.0,True
7419200000,640691.0,True
7419801010,593.0,True
7419801090,246970.0,True
7419802000,21383.0,True
7419809000,20373094.0,True
7501100000,0.0,True
7501201090,414981.0,True
7501209090,116153.0,True
7502101000,2058823.0,True
7502109000,1329735.0,True
7502200000,58835.0,True
7503000000,7140832.0,True
7504001000,1678876.0,True
7504002000,23843.0,True
7505110000,0.0,True
7505120000,1784769.0,True
7505210000,0.0,True
7505220000,326343.0,True
7506101000,129251.0,True
7506102000,2162141.0,True
7506201000,4119910.0,True
7506202000,13156.0,True
7507110000,0.0,True
7507120000,7232640.0,True
7507200000,807438.0,True
7508100000,1364074.0,True
7508901000,3158.0,True
7508902010,0.0,True
7508902020,106392.0,True
7508909000,2608553.0,True
7601100000,55742.0,True
7601201000,34962605.0,True
7601202000,29910682.0,True
7601209000,12328534.0,True
7602001000,1380119.0,True
7602009000,45976952.0,True
7603100000,73520.0,True
7603201000,264164.0,True
7603202000,0.0,True
7604101000,20972.0,True
7604102010,158536.0,True
7604102090,602070.0,True
7604210000,4761412.0,True
7604291000,2282641.0,True
7604299000,13308822.0,True
7605110000,534365.0,True
7605190000,856553.0,True
7605210000,149611.0,True
7605290000,452829.0,True
7606111000,288984.0,True
7606119000,3279244.0,True
7606120000,313247660.0,True
7606911000,36049.0,True
7606919000,702311.0,True
7606920000,2391196.0,True
7607111000,48853.0,True
7607119000,55424005.0,True
7607191000,556099.0,True
7607199000,5649387.0,True
7607201000,0.0,True
7607209000,6835289.0,True
7608100000,861647.0,True
7608200000,6827058.0,True
7609000000,3131126.0,True
7610100000,1989549.0,True
7610901000,865954.0,True
7610908000,4236122.0,True
7610909000,7272245.0,True
7611000000,7753.0,True
7612100000,0.0,True
7612901000,15297.0,True
7612909010,995435.0,True
7612909020,12718.0,True
7612909030,380887.0,True
7613001000,483113.0,True
7613002000,593996.0,True
7614100000,17317.0,True
7614900000,2291.0,True
7615101000,5278.0,True
7615109010,0.0,True
7615109020,5373165.0,True
7615109030,33703.0,True
7615109090,47618.0,True
7615201000,0.0,True
7615202000,0.0,True
7616100000,1957670.0,True
7616910000,23669.0,True
7616991000,51253.0,True
7616999010,204741.0,True
7616999020,0.0,True
7616999090,56534657.0,True
7801101000,26522684.0,True
7801109000,18027741.0,True
7801910000,7143635.0,True
7801992010,4150154.0,True
7801992090,10992588.0,True
7802000000,0.0,True
7804111000,13013.0,True
7804112000,0.0,True
7804190000,21.0,True
7804201000,0.0,True
7804202000,0.0,True
7806001000,75724.0,True
7806002000,14089.0,True
7806003010,1299.0,True
7806003030,262107.0,True
7806004000,2113.0,True
7806009000,5417944.0,True
7901110000,51214402.0,True
7901120000,15265068.0,True
7901201000,33282873.0,True
7901209000,4364046.0,True
7902000000,0.0,True
7903100000,3704983.0,True
7903901000,1618946.0,True
7903902000,63.0,True
7904001000,0.0,True
7904003000,89511.0,True
7905001000,116194.0,True
7905002000,0.0,True
7907001000,26631.0,True
7907002010,24888.0,True
7907002020,86148.0,True
7907009010,15500.0,True
7907009090,2112114.0,True
8001100000,85272.0,True
8001200000,317764.0,True
8002000000,825.0,True
8003001010,109496.0,True
8003001090,874193.0,True
8003002010,736915.0,True
8003002090,2309841.0,True
8007001000,68519.0,True
8007002000,216.0,True
8007003010,0.0,True
8007003021,1816609.0,True
8007009000,2102994.0,True
8101100000,5543.0,True
8101940000,79235.0,True
8101960000,35254.0,True
8101970000,6304842.0,True
8101991010,15834.0,True
8101991020,0.0,True
8101991030,15780.0,True
8101991040,3567.0,True
8101999010,380906.0,True
8101999090,569576.0,True
8102100000,14240.0,True
8102940000,0.0,True
8102951000,5294.0,True
8102952000,0.0,True
8102953000,572566.0,True
8102954000,935.0,True
8102961000,11647.0,True
8102969000,197746.0,True
8102970000,1545035.0,True
8102990000,213688.0,True
8103202000,0.0,True
8103300000,1213378.0,True
8103910000,3703.0,True
8103990000,42084.0,True
8104110000,16469.0,True
8104190000,4039932.0,True
8104200000,1125.0,True
8104301000,218766.0,True
8104302000,88287.0,True
8104901000,0.0,True
8104909000,188385.0,True
8105201000,70.0,True
8105202000,5289.0,True
8105203000,172857.0,True
8105300000,140759.0,True
8105900000,226988.0,True
8106101000,5102275.0,True
8106901000,0.0,True
8106903000,0.0,True
8106909000,932.0,True
8108201000,0.0,True
8108202000,18616.0,True
8108300000,1898423.0,True
8108901000,3722003.0,True
8108902000,90982.0,True
8108909000,2675329.0,True
8109210000,67710.0,True
8109290000,0.0,True
8109310000,14336.0,True
8109390000,11294.0,True
8109911010,0.0,True
8109911020,1338019.0,True
8109911030,0.0,True
8109919000,0.0,True
8109991010,0.0,True
8109999000,2881.0,True
8110100000,7336873.0,True
8110900000,24107.0,True
8111000000,18235.0,True
8112190000,59774.0,True
8112210000,540572.0,True
8112290000,14529.0,True
8112310000,27144.0,True
8112410000,0.0,True
8112490000,0.0,True
8112690000,1419401.0,True
8112921000,2258.0,True
8112922000,0.0,True
8112923000,947294.0,True
8112925000,8949758.0,True
8112926000,0.0,True
8112929000,100.0,True
8112991000,0.0,True
8112992000,0.0,True
8112993000,14464.0,True
8112995000,362560.0,True
8112996000,3775.0,True
8112999000,19203.0,True
8113000000,33692599.0,True
8201100000,43068.0,True
8201300000,916.0,True
8201400000,203.0,True
8201500000,43121.0,True
8201600000,653.0,True
8201901000,649.0,True
8201909000,60685.0,True
8202101000,779283.0,True
8202109000,21622.0,True
8202200000,131469.0,True
8202310000,65663.0,True
8202391000,24715.0,True
8202392010,1382131.0,True
8202392090,4754926.0,True
8202393000,9688.0,True
8202399000,796640.0,True
8202400000,367.0,True
8202911000,172.0,True
8202919000,2905.0,True
8202991000,28261.0,True
8202999000,657313.0,True
8203100000,49846.0,True
8203201000,37282.0,True
8203202000,456915.0,True
8203203000,54845.0,True
8203209000,25622.0,True
8203300000,7531.0,True
8203401000,11604.0,True
8203402000,53740.0,True
8203403000,29256.0,True
8203409000,133663.0,True
8204110000,327579.0,True
8204120000,847350.0,True
8204200000,160548.0,True
8205101000,427513.0,True
8205109000,147231.0,True
8205200000,31109.0,True
8205300000,4670.0,True
8205400000,58161.0,True
8205510000,181075.0,True
8205591000,24854.0,True
8205593000,2920.0,True
8205599000,2960094.0,True
8205600000,182083.0,True
8205701000,21020.0,True
8205702000,469526.0,True
8205709000,302498.0,True
8205903000,0.0,True
8205909000,908276.0,True
8206000000,1356243.0,True
8207130000,18706.0,True
8207191000,1594485.0,True
8207199000,2709793.0,True
8207201000,1163490.0,True
8207202000,378232.0,True
8207300000,121114762.0,True
8207401000,3897150.0,True
8207402000,912525.0,True
8207501010,3331585.0,True
8207501090,7173367.0,True
8207502000,18103.0,True
8207509000,1735731.0,True
8207601000,1249121.0,True
8207603000,73467.0,True
8207609000,241126.0,True
8207701000,498688.0,True
8207702000,22888038.0,True
8207703000,463864.0,True
8207704000,916.0,True
8207709000,1513410.0,True
8207801000,1056816.0,True
8207809000,599289.0,True
8207901000,2425495.0,True
8207909000,2696062.0,True
8208100000,925885.0,True
8208200000,11681.0,True
8208300000,225610.0,True
8208400000,0.0,True
8208900000,4707019.0,True
8209001010,9249547.0,True
8209001050,281495.0,True
8209001090,26628642.0,True
8209002010,214391.0,True
8209002090,882008.0,True
8210001000,3516.0,True
8210002000,46.0,True
8210004000,16766.0,True
8210005000,6568.0,True
8210008000,3033.0,True
8210009000,133124.0,True
8211100000,0.0,True
8211910000,18497.0,True
8211920000,22913.0,True
8211930000,4076.0,True
8211940000,610524.0,True
8211950000,27269.0,True
8212100000,385892.0,True
8212200000,3387496.0,True
8212900000,1103.0,True
8213001000,46201.0,True
8213002010,172912.0,True
8213002020,144052.0,True
8213002090,38663.0,True
8213003000,2246.0,True
8213009000,48000.0,True
8214101000,72751.0,True
8214109000,5332.0,True
8214200000,1516444.0,True
8214902000,398.0,True
8214909000,141923.0,True
8215100000,28736.0,True
8215200000,91279.0,True
8215910000,226.0,True
8215991000,49624.0,True
8215992000,2444.0,True
8215993000,8595.0,True
8215995000,27031.0,True
8215999000,175559.0,True
8301100000,49713.0,True
8301200000,8136741.0,True
8301300000,350193.0,True
8301401010,1210313.0,True
8301401090,1977753.0,True
8301409000,1446810.0,True
8301500000,72967.0,True
8301600000,6963746.0,True
8301700000,809517.0,True
8302100000,11589165.0,True
8302200000,1094006.0,True
8302300000,59356008.0,True
8302411000,1007421.0,True
8302419000,440875.0,True
8302420000,4098272.0,True
8302491000,1332.0,True
8302499000,3017286.0,True
8302500000,1068307.0,True
8302600000,2064354.0,True
8303001000,2638920.0,True
8303009000,636964.0,True
8304000000,23417.0,True
8305100000,206032.0,True
8305200000,1144795.0,True
8305900000,79642.0,True
8306100000,105760.0,True
8306210000,2568.0,True
8306290000,145543.0,True
8306301000,16962.0,True
8306302000,44133.0,True
8307100000,5721704.0,True
8307900000,2659604.0,True
8308101000,1127902.0,True
8308102000,3561012.0,True
8308200000,1203810.0,True
8308902000,365390.0,True
8308904000,28422.0,True
8308909000,1871949.0,True
8309100000,0.0,True
8309901000,5256344.0,True
8309909000,955260.0,True
8310000000,2761877.0,True
8311101000,0.0,True
8311109000,2117611.0,True
8311201000,140.0,True
8311209000,13357299.0,True
8311301000,84859.0,True
8311309010,174027.0,True
8311309090,1105979.0,True
8311901000,250.0,True
8311909000,597899.0,True
8401100000,40.0,True
8401200000,13.0,True
8401300000,2507.0,True
8401400000,11642.0,True
8402120000,4305749.0,True
8402191000,52045.0,True
8402199000,1459661.0,True
8402200000,50.0,True
8402901000,63884175.0,True
8402902000,20005.0,True
8403101000,280404.0,True
8403103000,17167381.0,True
8403109000,1090685.0,True
8403900000,2896239.0,True
8404101000,54338.0,True
8404109000,1115830.0,True
8404200000,0.0,True
8404901000,0.0,True
8404902000,250000.0,True
8404909000,751892.0,True
8405101000,0.0,True
8405104000,132639.0,True
8405109000,3450551.0,True
8405901000,0.0,True
8405902000,0.0,True
8405904000,157002.0,True
8405909000,2831501.0,True
8406811000,2000.0,True
8406813000,452453.0,True
8406820000,0.0,True
8406909000,4766520.0,True
8407100000,0.0,True
8407210000,979.0,True
8407290000,170.0,True
8407319000,0.0,True
8407321000,2531.0,True
8407329000,0.0,True
8407331000,0.0,True
8407339000,44832673.0,True
8407341000,0.0,True
8407349000,68620378.0,True
8407901000,0.0,True
8407909000,13938851.0,True
8408101000,1412182.0,True
8408102000,1212036.0,True
8408103000,156812708.0,True
8408201000,300.0,True
8408202000,1218924.0,True
8408203000,10964123.0,True
8408204000,12450.0,True
8408205000,5314671.0,True
8408901090,3000.0,True
8408909010,12284.0,True
8408909021,14384.0,True
8408909029,669541.0,True
8408909030,1711524.0,True
8408909090,53125804.0,True
8409100000,107228.0,True
8409911000,109267014.0,True
8409912000,4315200.0,True
8409919000,4370809.0,True
8409994010,132.0,True
8409994090,308231.0,True
8409995000,285158.0,True
8409996000,133675.0,True
8409997000,22394770.0,True
8409998010,291227.0,True
8409998020,7775513.0,True
8409998030,35562640.0,True
8409999000,120664513.0,True
8410119000,0.0,True
8410901090,1020.0,True
8410909010,0.0,True
8410909090,4547.0,True
8411121000,25000000.0,True
8411211000,0.0,True
8411221000,185.0,True
8411811000,181987.0,True
8411819090,747365.0,True
8411829090,0.0,True
8411911000,77253402.0,True
8411919000,2909179.0,True
8411991000,546617.0,True
8411999000,8214440.0,True
8412109000,5503.0,True
8412211000,29151241.0,True
8412219000,1045366.0,True
8412290000,23045227.0,True
8412310000,1041142.0,True
8412390000,1921346.0,True
8412800000,75066.0,True
8412901010,0.0,True
8412901090,259805.0,True
8412902000,2188.0,True
8412909000,5722558.0,True
8413110000,248041.0,True
8413190000,404587.0,True
8413200000,4690439.0,True
8413301000,53012.0,True
8413302000,141.0,True
8413303000,2005643.0,True
8413304000,35758791.0,True
8413309000,6459343.0,True
8413400000,11705578.0,True
8413504000,5697.0,True
8413509010,232406.0,True
8413509020,1788674.0,True
8413509030,528897.0,True
8413509090,2338951.0,True
8413604000,2386.0,True
8413609010,4028337.0,True
8413609020,3311724.0,True
8413609030,144362.0,True
8413609090,9504184.0,True
8413703000,10539.0,True
8413709010,1703684.0,True
8413709020,25332342.0,True
8413709090,9065035.0,True
8413811000,0.0,True
8413812000,317230.0,True
8413819000,5153743.0,True
8413820000,2297.0,True
8413911000,99780.0,True
8413912000,6241522.0,True
8413913000,2131597.0,True
8413914000,10589029.0,True
8413915000,252407.0,True
8413919000,18161528.0,True
8413920000,85735.0,True
8414101000,85.0,True
8414109010,7916669.0,True
8414109020,21285.0,True
8414109090,41242183.0,True
8414200000,33513.0,True
8414301000,75485380.0,True
8414302000,609347.0,True
8414400000,79823.0,True
8414511000,55241.0,True
8414519000,1394148.0,True
8414591000,303728.0,True
8414592000,449563.0,True
8414599000,28277312.0,True
8414601000,4934.0,True
8414609000,235835.0,True
8414700000,15000.0,True
8414801000,56496.0,True
8414809110,3250562.0,True
8414809190,235897.0,True
8414809211,64646.0,True
8414809219,6986401.0,True
8414809220,5488406.0,True
8414809230,1742778.0,True
8414809900,19397569.0,True
8414901000,2436888.0,True
8414909010,8322812.0,True
8414909020,25953017.0,True
8414909090,26143049.0,True
8415101010,11522.0,True
8415101020,40795.0,True
8415102010,1426057.0,True
8415102020,659363.0,True
8415109010,289609.0,True
8415109020,22677563.0,True
8415200000,919631.0,True
8415810000,281401.0,True
8415820000,4383689.0,True
8415830000,768305.0,True
8415900000,72674394.0,True
8416101000,126456.0,True
8416102000,0.0,True
8416201000,791.0,True
8416202000,753049.0,True
8416209000,61574.0,True
8416300000,7297.0,True
8416901000,240310.0,True
8416909000,200838.0,True
8417101090,45970.0,True
8417102010,251774.0,True
8417102090,0.0,True
8417200000,95798.0,True
8417801030,0.0,True
8417809000,709789.0,True
8417900000,2170397.0,True
8418101010,70437.0,True
8418101020,186979.0,True
8418101030,99058698.0,True
8418109000,1025084.0,True
8418211000,79489.0,True
8418212000,130557.0,True
8418213000,275545.0,True
8418291000,0.0,True
8418299000,50264.0,True
8418300000,47132.0,True
8418400000,585617.0,True
8418501000,3424405.0,True
8418509000,273267.0,True
8418610000,2210290.0,True
8418691000,0.0,True
8418692010,1654831.0,True
8418692020,3577751.0,True
8418692030,20322277.0,True
8418692090,5471392.0,True
8418693000,0.0,True
8418910000,177306.0,True
8418991000,18982517.0,True
8418999000,9509758.0,True
8419110000,30426126.0,True
8419190000,156964.0,True
8419200000,993083.0,True
8419330000,41124.0,True
8419340000,5557103.0,True
8419390000,20762792.0,True
8419400000,37956338.0,True
8419501000,1291046.0,True
8419502000,70558.0,True
8419509000,47709134.0,True
8419600000,2039.0,True
8419810000,5787131.0,True
8419891000,150.0,True
8419899010,2932285.0,True
8419899020,18528103.0,True
8419899030,76357.0,True
8419899040,90397.0,True
8419899050,0.0,True
8419899060,1546243.0,True
8419899070,2610614.0,True
8419899080,147472.0,True
8419899090,41248518.0,True
8419901000,23444.0,True
8419909010,482917.0,True
8419909020,202027.0,True
8419909030,156875.0,True
8419909040,163282.0,True
8419909090,19584177.0,True
8420101000,172494.0,True
8420102000,238250.0,True
8420104000,348925.0,True
8420105000,220000.0,True
8420109000,2977257.0,True
8420910000,480231.0,True
8420990000,445923.0,True
8421110000,858.0,True
8421120000,2921.0,True
8421191000,478101.0,True
8421192000,6391.0,True
8421193000,0.0,True
8421199000,227316.0,True
8421211000,52143893.0,True
8421219010,106346.0,True
8421219020,106571.0,True
8421219090,31248353.0,True
8421220000,5278.0,True
8421231000,17446472.0,True
8421232000,118324.0,True
8421239000,5777484.0,True
8421291000,1282.0,True
8421292010,120.0,True
8421292090,12653.0,True
8421293010,128880.0,True
8421293090,87911.0,True
8421294000,68399.0,True
8421299010,35250.0,True
8421299090,9211860.0,True
8421311000,4503777.0,True
8421312000,0.0,True
8421319000,1026718.0,True
8421320000,29443889.0,True
8421391000,6034565.0,True
8421392000,10689349.0,True
8421399011,495789.0,True
8421399019,2388748.0,True
8421399021,55739.0,True
8421399029,37629614.0,True
8421399030,266980.0,True
8421399091,22921.0,True
8421399092,60273.0,True
8421399099,21043500.0,True
8421910000,493442.0,True
8421991000,3732358.0,True
8421999010,2758510.0,True
8421999021,5076338.0,True
8421999029,15794893.0,True
8421999031,26507.0,True
8421999039,3162464.0,True
8421999091,3813243.0,True
8421999099,43111282.0,True
8422110000,37031007.0,True
8422190000,608281.0,True
8422200000,75254.0,True
8422301000,4470701.0,True
8422302000,739099.0,True
8422303000,1239916.0,True
8422304000,0.0,True
8422309000,3244759.0,True
8422404000,159011.0,True
8422409010,16588872.0,True
8422409020,167503.0,True
8422409030,180205.0,True
8422409090,4978707.0,True
8422901000,1544818.0,True
8422902000,1979694.0,True
8422909000,1312006.0,True
8423100000,124924.0,True
8423201000,291331.0,True
8423209000,432721.0,True
8423301000,281249.0,True
8423309000,90935.0,True
8423811000,973926.0,True
8423819000,16124.0,True
8423821000,280981.0,True
8423829000,158715.0,True
8423891010,0.0,True
8423891090,800.0,True
8423899010,190759.0,True
8423899090,42559.0,True
8423901011,0.0,True
8423901019,1279.0,True
8423901091,0.0,True
8423901099,2183.0,True
8423909010,679466.0,True
8423909090,381204.0,True
8424100000,5775536.0,True
8424201000,167137.0,True
8424202010,0.0,True
8424202090,100412.0,True
8424209000,1240237.0,True
8424301000,184133.0,True
8424302000,289624.0,True
8424309000,1023885.0,True
8424410000,209254.0,True
8424491000,0.0,True
8424499000,32865.0,True
8424820000,88528.0,True
8424891000,434041.0,True
8424892000,195631.0,True
8424899000,23357216.0,True
8424901000,1193440.0,True
8424902000,284889.0,True
8424903000,19065.0,True
8424909010,352666.0,True
8424909020,47638.0,True
8424909090,3415842.0,True
8425111010,22203.0,True
8425111090,1518971.0,True
8425112090,204469.0,True
8425190000,672977.0,True
8425319000,331693.0,True
8425391000,40.0,True
8425399000,3092288.0,True
8425410000,324985.0,True
8425421000,199829.0,True
8425422000,4177563.0,True
8425491000,1080474.0,True
8425492000,138360.0,True
8426110000,525374.0,True
8426121000,424063.0,True
8426122000,0.0,True
8426190000,184981.0,True
8426200000,170946.0,True
8426302000,20554932.0,True
8426410000,298332.0,True
8426491000,94841.0,True
8426492000,262850.0,True
8426499000,2009897.0,True
8426910000,4569254.0,True
8426991000,171137.0,True
8426999000,2328371.0,True
8427101010,9042082.0,True
8427101020,100488.0,True
8427102010,2289733.0,True
8427102020,33867.0,True
8427103000,1696466.0,True
8427201011,20299052.0,True
8427201012,51579.0,True
8427201021,30029513.0,True
8427201022,223127.0,True
8427209000,34250.0,True
8427901000,47525.0,True
8427909000,112743.0,True
8428101000,8230366.0,True
8428102000,12900.0,True
8428201000,0.0,True
8428202000,632663.0,True
8428320000,73454.0,True
8428331010,1220591.0,True
8428332000,8051180.0,True
8428390000,31682503.0,True
8428401000,0.0,True
8428402000,0.0,True
8428600000,0.0,True
8428701000,0.0,True
8428702000,3035176.0,True
8428709000,3091219.0,True
8428901000,0.0,True
8428902000,97285.0,True
8428903000,0.0,True
8428909000,42696966.0,True
8429111000,3029526.0,True
8429190000,0.0,True
8429200000,46367.0,True
8429402000,41659.0,True
8429511011,30761779.0,True
8429511012,831186.0,True
8429511021,2294805.0,True
8429511031,3911677.0,True
8429511032,22000.0,True
8429519000,3156997.0,True
8429521011,27632127.0,True
8429521012,12055423.0,True
8429521021,188705431.0,True
8429521022,3285608.0,True
8429521090,1408202.0,True
8429529000,983093.0,True
8429590000,158924.0,True
8430100000,116350.0,True
8430200000,0.0,True
8430390000,134.0,True
8430411000,5577003.0,True
8430412000,0.0,True
8430491000,7000.0,True
8430499000,0.0,True
8430500000,0.0,True
8430610000,234840.0,True
8430690000,5141217.0,True
8431100000,2014505.0,True
8431200000,16913560.0,True
8431310000,3815601.0,True
8431390000,12469660.0,True
8431411000,5603954.0,True
8431419000,3940442.0,True
8431420000,28720.0,True
8431430000,6111968.0,True
8431491000,16763529.0,True
8431492000,83985.0,True
8431499000,120233619.0,True
8432100000,143487.0,True
8432210000,0.0,True
8432291000,0.0,True
8432292000,0.0,True
8432299000,173916.0,True
8432310000,5500.0,True
8432391000,148333.0,True
8432392000,0.0,True
8432410000,0.0,True
8432420000,71206.0,True
8432800000,7585421.0,True
8432901000,0.0,True
8432902000,0.0,True
8432909000,1130771.0,True
8433110000,312557.0,True
8433190000,427.0,True
8433200000,857047.0,True
8433300000,0.0,True
8433400000,17057.0,True
8433510000,417133.0,True
8433520000,1261.0,True
8433590000,0.0,True
8433609010,0.0,True
8433609090,0.0,True
8433901000,50717.0,True
8433902000,112206.0,True
8433909000,69884.0,True
8434100000,16572.0,True
8434201000,0.0,True
8434209000,0.0,True
8434901000,94767.0,True
8434902000,0.0,True
8434909000,2876.0,True
8435102000,0.0,True
8435109000,2168.0,True
8435900000,1742.0,True
8436101000,0.0,True
8436102000,0.0,True
8436103000,0.0,True
8436109000,2773.0,True
8436211000,84970.0,True
8436219000,0.0,True
8436290000,0.0,True
8436800000,381358.0,True
8436910000,275683.0,True
8436990000,1060664.0,True
8437101000,0.0,True
8437109000,360869.0,True
8437801000,76166.0,True
8437802000,41882.0,True
8437901000,16189.0,True
8437909000,87895.0,True
8438101000,3474299.0,True
8438109000,4869743.0,True
8438200000,2180541.0,True
8438300000,0.0,True
8438400000,3875.0,True
8438501000,111499.0,True
8438509000,147337.0,True
8438600000,46493.0,True
8438801000,224224.0,True
8438809000,2558476.0,True
8438900000,2101358.0,True
8439100000,47.0,True
8439201000,0.0,True
8439209000,0.0,True
8439301000,0.0,True
8439309000,51131.0,True
8439910000,195087.0,True
8439990000,2291983.0,True
8440101000,0.0,True
8440102000,8451.0,True
8440109000,195143.0,True
8440901000,0.0,True
8440909000,23370.0,True
8441100000,559434.0,True
8441201000,322677.0,True
8441202000,0.0,True
8441300000,5362576.0,True
8441400000,22506.0,True
8441801000,0.0,True
8441809000,513424.0,True
8441900000,1572515.0,True
8442300000,900461.0,True
8442400000,6923.0,True
8442500000,2104557.0,True
8443110000,9512.0,True
8443130000,2000179.0,True
8443140000,8525.0,True
8443160000,594475.0,True
8443170000,2828230.0,True
8443191000,0.0,True
8443192000,2311.0,True
8443199000,14946079.0,True
8443311010,14617162.0,True
8443311020,0.0,True
8443311030,155582.0,True
8443311090,53735.0,True
8443313000,49260.0,True
8443319000,10806.0,True
8443321010,1248411.0,True
8443321020,546197.0,True
8443321030,468859.0,True
8443321090,11009954.0,True
8443329000,149916.0,True
8443391090,2096020.0,True
8443392000,0.0,True
8443399000,1102853.0,True
8443911010,0.0,True
8443911020,275.0,True
8443911090,0.0,True
8443919000,593480.0,True
8443991000,11273093.0,True
8443994010,0.0,True
8443994020,6.0,True
8443994030,14329.0,True
8443994090,631560.0,True
8443999000,3395534.0,True
8444001000,113507.0,True
8444002000,100243.0,True
8444003000,16294.0,True
8444009000,0.0,True
8445110000,100496.0,True
8445120000,107705.0,True
8445130000,112890.0,True
8445191000,0.0,True
8445199000,0.0,True
8445201010,476419.0,True
8445202000,0.0,True
8445209000,0.0,True
8445309000,0.0,True
8445401000,246406.0,True
8445409000,89070.0,True
8445901000,5752.0,True
8445909000,8978.0,True
8446100000,243843.0,True
8446210000,92171.0,True
8446290000,0.0,True
8446301090,3710.0,True
8446302000,0.0,True
8446303000,52000.0,True
8446309000,197375.0,True
8447111000,170.0,True
8447120000,314689.0,True
8447201020,115864.0,True
8447202090,135000.0,True
8447209000,894.0,True
8447901000,0.0,True
8447902010,662348.0,True
8447902090,0.0,True
8447909000,1369370.0,True
8448111000,85763.0,True
8448191000,30400.0,True
8448199000,13061.0,True
8448201000,101728.0,True
8448209000,830376.0,True
8448310000,31079.0,True
8448320000,93431.0,True
8448330000,71561.0,True
8448391000,2400.0,True
8448399000,779818.0,True
8448420000,522511.0,True
8448490000,439726.0,True
8448511000,1881243.0,True
8448519000,522045.0,True
8448590000,1005398.0,True
8449001000,2747.0,True
8449002000,2791.0,True
8449009000,14454.0,True
8450110000,691660.0,True
8450120000,11877.0,True
8450190000,18014.0,True
8450200000,26196861.0,True
8450900000,25794643.0,True
8451100000,128000.0,True
8451210000,3882631.0,True
8451290000,37493959.0,True
8451301000,0.0,True
8451309000,40986.0,True
8451401000,217307.0,True
8451403000,742218.0,True
8451501000,886535.0,True
8451502000,102302.0,True
8451509000,88879.0,True
8451801000,2262972.0,True
8451802000,445381.0,True
8451809020,15650.0,True
8451809050,3944810.0,True
8451809090,189140.0,True
8451902000,1293257.0,True
8451909000,736281.0,True
8452101020,5500.0,True
8452101090,33037.0,True
8452102000,3.0,True
8452212000,0.0,True
8452219000,165399.0,True
8452292000,0.0,True
8452299000,230013.0,True
8452300000,742949.0,True
8452901000,17633.0,True
8452909000,756473.0,True
8453101000,0.0,True
8453103000,128020.0,True
8453200000,978855.0,True
8453800000,156040.0,True
8453900000,1500223.0,True
8454100000,0.0,True
8454200000,41.0,True
8454301010,400725.0,True
8454301090,3446590.0,True
8454309000,709409.0,True
8454901000,162868.0,True
8454909000,1407498.0,True
8455100000,17431.0,True
8455210000,38747.0,True
8455220000,116953.0,True
8455301000,5153639.0,True
8455302000,25762.0,True
8455309000,7316559.0,True
8455900000,11932233.0,True
8456111000,15592948.0,True
8456119000,2301282.0,True
8456121000,0.0,True
8456129000,122729.0,True
8456200000,181719.0,True
8456301010,479101.0,True
8456301090,823435.0,True
8456309000,80143.0,True
8456400000,118380.0,True
8456500000,1521186.0,True
8456900000,365401.0,True
8457104000,12236489.0,True
8457109010,15629607.0,True
8457109020,9865948.0,True
8457109030,852748.0,True
8457109090,1622907.0,True
8457200000,41487.0,True
8457300000,1154141.0,True
8458110000,54539648.0,True
8458190000,234701.0,True
8458910000,8015130.0,True
8458990000,227595.0,True
8459219000,749267.0,True
8459291000,227930.0,True
8459292000,0.0,True
8459293000,1318518.0,True
8459299000,877155.0,True
8459310000,1115292.0,True
8459390000,164078.0,True
8459411000,7151.0,True
8459412000,3514587.0,True
8459419000,180932.0,True
8459490000,116721.0,True
8459510000,44722.0,True
8459590000,62890.0,True
8459611000,418132.0,True
8459619000,0.0,True
8459691000,149391.0,True
8459699000,577552.0,True
8459701000,1640765.0,True
8459709000,913830.0,True
8460120000,203510.0,True
8460190000,199800.0,True
8460220000,15579.0,True
8460230000,443730.0,True
8460241000,254413.0,True
8460242000,39316.0,True
8460249000,659916.0,True
8460291000,15184.0,True
8460292000,0.0,True
8460299000,638450.0,True
8460310000,51379.0,True
8460390000,10549.0,True
8460401000,189262.0,True
8460402000,2360.0,True
8460900000,985123.0,True
8461200000,546775.0,True
8461401010,676610.0,True
8461401090,5145.0,True
8461402000,0.0,True
8461500000,1304858.0,True
8461900000,952668.0,True
8462110000,4379084.0,True
8462191000,0.0,True
8462199000,1661954.0,True
8462229000,27570.0,True
8462230000,0.0,True
8462240000,45819.0,True
8462250000,0.0,True
8462260000,2312864.0,True
8462291000,1925651.0,True
8462299000,4066328.0,True
8462321010,0.0,True
8462321090,5823844.0,True
8462322010,0.0,True
8462330000,0.0,True
8462390000,2084300.0,True
8462420000,855296.0,True
8462490000,528226.0,True
8462510000,697619.0,True
8462590000,24987.0,True
8462610000,2492505.0,True
8462620000,11283969.0,True
8462630000,24600.0,True
8462690000,194535.0,True
8462900000,3991091.0,True
8463100000,421879.0,True
8463200000,145255.0,True
8463300000,601960.0,True
8463900000,351837.0,True
8464100000,172.0,True
8464201000,2752375.0,True
8464202000,0.0,True
8464209000,260888.0,True
8464901000,2419.0,True
8464902000,0.0,True
8464903000,1177865.0,True
8464909000,209610.0,True
8465101000,0.0,True
8465109000,79929.0,True
8465201000,0.0,True
8465209000,57456.0,True
8465911000,0.0,True
8465919000,3271.0,True
8465921000,0.0,True
8465929000,83500.0,True
8465931000,2019.0,True
8465939000,206529.0,True
8465941000,0.0,True
8465949000,445796.0,True
8465959000,43214.0,True
8465961000,0.0,True
8465969000,110720.0,True
8465991000,44000.0,True
8465999000,630189.0,True
8466100000,6310640.0,True
8466201000,597782.0,True
8466209000,8190042.0,True
8466300000,13399005.0,True
8466910000,683817.0,True
8466920000,198375.0,True
8466931000,229239.0,True
8466939000,17063490.0,True
8466940000,10435325.0,True
8467111000,16680.0,True
8467112000,6893.0,True
8467113000,110824.0,True
8467114000,14460.0,True
8467115000,2702.0,True
8467119000,129371.0,True
8467191000,93.0,True
8467199000,404383.0,True
8467210000,67045.0,True
8467220000,14478.0,True
8467290000,4168672.0,True
8467810000,0.0,True
8467891010,0.0,True
8467891020,0.0,True
8467891090,60950.0,True
8467899000,541187.0,True
8467910000,51588.0,True
8467920000,143424.0,True
8467990000,1529650.0,True
8468100000,8838.0,True
8468201000,148643.0,True
8468202000,37910.0,True
8468209000,1002351.0,True
8468800000,801505.0,True
8468900000,550492.0,True
8470103000,2767.0,True
8470104000,24.0,True
8470210000,0.0,True
8470290000,65.0,True
8470300000,0.0,True
8470500000,7289060.0,True
8470902000,7243.0,True
8470909000,76423.0,True
8471300000,13164533.0,True
8471411000,702622.0,True
8471412000,136066.0,True
8471419000,2375836.0,True
8471491010,3346885.0,True
8471491020,0.0,True
8471491090,315387.0,True
8471499000,1435210.0,True
8471501000,14080477.0,True
8471502000,32388.0,True
8471509000,12567660.0,True
8471601010,35250.0,True
8471601020,276954.0,True
8471601030,1240313.0,True
8471601040,560871.0,True
8471601090,2241571.0,True
8471602000,57790.0,True
8471603000,176999.0,True
8471701000,13726103.0,True
8471702020,3965876.0,True
8471702031,156705.0,True
8471702032,41110.0,True
8471702033,881.0,True
8471702039,45433.0,True
8471702090,3013596.0,True
8471709000,1653532.0,True
8471801000,9564.0,True
8471802000,26585539.0,True
8471809000,12830645.0,True
8471900000,3739329.0,True
8472300000,19306.0,True
8472901010,3446668.0,True
8472901020,1146640.0,True
8472901040,2759117.0,True
8472901050,161000.0,True
8472901090,11898923.0,True
8472902000,0.0,True
8472903000,237862.0,True
8472904000,886.0,True
8472905000,344130.0,True
8472909000,517919.0,True
8473210000,570.0,True
8473291000,32.0,True
8473293000,642468.0,True
8473294000,12012.0,True
8473301000,1942667.0,True
8473302000,2311879.0,True
8473303000,205556.0,True
8473304060,7674208820.0,True
8473304090,5180775.0,True
8473309010,23616800.0,True
8473309090,30413773.0,True
8473400000,3503295.0,True
8473500000,15029.0,True
8474100000,169591.0,True
8474201000,73800.0,True
8474209000,368403.0,True
8474319000,53971.0,True
8474321000,636366.0,True
8474329000,18445.0,True
8474390000,77497.0,True
8474801000,288770.0,True
8474802000,1630424.0,True
8474809000,3356101.0,True
8474900000,1700314.0,True
8475100000,401006.0,True
8475210000,5500000.0,True
8475291000,431300.0,True
8475299000,758489.0,True
8475901000,0.0,True
8475909000,578032.0,True
8476210000,97298.0,True
8476290000,2082.0,True
8476810000,0.0,True
8476891000,63510.0,True
8476899000,103263.0,True
8476909000,56086.0,True
8477101000,2839657.0,True
8477102000,25473628.0,True
8477201000,287777.0,True
8477202000,1824130.0,True
8477300000,1380000.0,True
8477400000,735488.0,True
8477590000,679191.0,True
8477800000,11814924.0,True
8477900000,15207486.0,True
8478100000,175735.0,True
8478900000,45425.0,True
8479101000,0.0,True
8479102000,32988.0,True
8479109000,203457.0,True
8479200000,89877.0,True
8479300000,99.0,True
8479400000,1185619.0,True
8479501000,171564.0,True
8479502000,0.0,True
8479509000,17179658.0,True
8479600000,16176.0,True
8479790000,1200.0,True
8479811000,589881.0,True
8479812010,0.0,True
8479812090,765918.0,True
8479813000,14192928.0,True
8479814000,503809.0,True
8479819000,2371881.0,True
8479821000,14331942.0,True
8479822000,1771749.0,True
8479823000,251714.0,True
8479824000,9910516.0,True
8479829000,1273334.0,True
8479891010,177999.0,True
8479891090,820717.0,True
8479892010,7048894.0,True
8479892090,823526.0,True
8479899010,4381306.0,True
8479899020,6937154.0,True
8479899030,0.0,True
8479899050,33614305.0,True
8479899060,1167943.0,True
8479899080,4391.0,True
8479899091,7891402.0,True
8479899099,230783366.0,True
8479901010,466902.0,True
8479901020,16075.0,True
8479901030,2298251.0,True
8479902000,46062.0,True
8479903000,3416392.0,True
8479905010,1207223.0,True
8479905090,2194661.0,True
8479909010,207340.0,True
8479909020,0.0,True
8479909030,260234.0,True
8479909040,2349249.0,True
8479909050,7179608.0,True
8479909060,727129.0,True
8479909070,7393594.0,True
8479909090,69029782.0,True
8480100000,1214085.0,True
8480200000,2859777.0,True
8480300000,266894.0,True
8480410000,5936598.0,True
8480490000,1555043.0,True
8480500000,115370.0,True
8480600000,7442294.0,True
8480710000,96843389.0,True
8480790000,12205324.0,True
8481100000,17877788.0,True
8481201000,18802818.0,True
8481202000,6521055.0,True
8481300000,10134242.0,True
8481400000,6217727.0,True
8481801010,24977302.0,True
8481801020,2773525.0,True
8481801030,10858464.0,True
8481801090,86787053.0,True
8481802010,45520.0,True
8481802090,342216.0,True
8481809000,13861026.0,True
8481900000,44557115.0,True
8482102000,29335939.0,True
8482109000,6876193.0,True
8482200000,21847440.0,True
8482300000,1657483.0,True
8482400000,3123868.0,True
8482500000,2463933.0,True
8482800000,2513440.0,True
8482910000,1444298.0,True
8482990000,20148856.0,True
8483101000,299226.0,True
8483109010,13637977.0,True
8483109090,18815377.0,True
8483201000,48856.0,True
8483209000,1098199.0,True
8483301000,354873.0,True
8483309000,17480499.0,True
8483401010,55744.0,True
8483401090,895440.0,True
8483409010,11468150.0,True
8483409020,3104969.0,True
8483409030,429642.0,True
8483409040,74038.0,True
8483409050,554796.0,True
8483409090,10654844.0,True
8483501000,610.0,True
8483509000,21933981.0,True
8483601000,54009.0,True
8483602000,20500.0,True
8483609000,4052738.0,True
8483901000,1718840.0,True
8483902000,773.0,True
8483909000,27649778.0,True
8484101000,6068633.0,True
8484109000,4083578.0,True
8484200000,2999703.0,True
8484900000,1829973.0,True
8485100000,594100.0,True
8485201000,0.0,True
8485209000,86906.0,True
8485300000,7581.0,True
8485800000,41871.0,True
8485900000,196878.0,True
8486101000,3967.0,True
8486103010,0.0,True
8486103020,500000.0,True
8486103090,8412.0,True
8486104010,2935650.0,True
8486105010,42710.0,True
8486105030,18762326.0,True
8486109000,33197.0,True
8486201000,47115.0,True
8486202100,3877609.0,True
8486202200,153991.0,True
8486202300,16897.0,True
8486203000,15571600.0,True
8486204000,95926608.0,True
8486205000,122315.0,True
8486206010,1298.0,True
8486206020,4098623.0,True
8486206091,79994262.0,True
8486206099,253035.0,True
8486207000,39819921.0,True
8486208100,3759201.0,True
8486208410,77924495.0,True
8486208420,21586500.0,True
8486208490,95000.0,True
8486209100,0.0,True
8486209200,4291050.0,True
8486209310,450000.0,True
8486209320,0.0,True
8486209390,0.0,True
8486209400,20373.0,True
8486209500,380000.0,True
8486209600,337190.0,True
8486209900,27568514.0,True
8486301010,0.0,True
8486301020,93936.0,True
8486301032,0.0,True
8486301060,609782.0,True
8486301090,5777215.0,True
8486302031,11304886.0,True
8486302050,14232771.0,True
8486302060,418376.0,True
8486302090,23211423.0,True
8486401010,0.0,True
8486401020,37155.0,True
8486401030,3591582.0,True
8486401040,0.0,True
8486401090,1986187.0,True
8486402010,15224350.0,True
8486402020,8470.0,True
8486402031,1472301.0,True
8486402039,2420.0,True
8486402040,2684069.0,True
8486402070,1361422.0,True
8486402080,28812.0,True
8486402093,11126521.0,True
8486402095,800.0,True
8486402099,9385457.0,True
8486403010,69440647.0,True
8486403020,426561.0,True
8486403090,24417130.0,True
8486901000,19820955.0,True
8486902030,27902713.0,True
8486902040,160009125.0,True
8486902090,187311053.0,True
8486903050,2122010.0,True
8486903060,8192092.0,True
8486903090,12178036.0,True
8486904000,48508082.0,True
8487100000,1099666.0,True
8487901000,589739.0,True
8487909010,10901243.0,True
8487909090,18514136.0,True
8501101000,53022827.0,True
8501102000,2214453.0,True
8501103000,1387968.0,True
8501201000,168121.0,True
8501202000,1252046.0,True
8501203000,4305.0,True
8501311010,23480716.0,True
8501311090,34961581.0,True
8501312000,556413.0,True
8501321000,2177459.0,True
8501322000,881062.0,True
8501331000,4820388.0,True
8501332010,608568.0,True
8501332090,35658.0,True
8501341000,1583.0,True
8501342000,0.0,True
8501401000,3282999.0,True
8501402000,1673194.0,True
8501403000,134180.0,True
8501404000,362096.0,True
8501510000,5781336.0,True
8501521000,2816575.0,True
8501529000,5096617.0,True
8501531010,2770055.0,True
8501531090,6998068.0,True
8501532000,6354062.0,True
8501534000,4976707.0,True
8501611000,176700.0,True
8501612000,6400.0,True
8501629000,407.0,True
8501631000,0.0,True
8501639000,238730.0,True
8501640000,2903328.0,True
8501710000,0.0,True
8501721000,0.0,True
8501722000,0.0,True
8501723000,0.0,True
8501724000,0.0,True
8501801000,0.0,True
8502111000,3000.0,True
8502112000,57899.0,True
8502120000,1084700.0,True
8502131010,103360.0,True
8502131090,0.0,True
8502132000,29537830.0,True
8502134000,28864341.0,True
8502201000,1211.0,True
8502202000,274000.0,True
8502203090,0.0,True
8502311000,0.0,True
8502312000,0.0,True
8502314000,0.0,True
8502391000,797992.0,True
8502392000,8000.0,True
8502394000,24000.0,True
8502400000,42986.0,True
8503001000,36363159.0,True
8503002010,66575.0,True
8503002090,3333885.0,True
8503003000,3190138.0,True
8504101010,72865.0,True
8504101020,151020.0,True
8504102000,56603.0,True
8504103000,179270.0,True
8504211000,113545.0,True
8504219010,11777634.0,True
8504219020,3487646.0,True
8504221000,7189.0,True
8504229010,1762960.0,True
8504229020,32731600.0,True
8504229030,22557917.0,True
8504230000,120812905.0,True
8504311000,1003503.0,True
8504312000,350966.0,True
8504319010,2977286.0,True
8504319020,237755.0,True
8504319040,149379.0,True
8504321000,104294.0,True
8504322000,17295.0,True
8504329010,161121.0,True
8504329020,329560.0,True
8504331000,904773.0,True
8504332000,43837.0,True
8504339010,198149.0,True
8504339020,439206.0,True
8504339040,461752.0,True
8504341000,0.0,True
8504342000,0.0,True
8504349010,2978426.0,True
8504349030,20158090.0,True
8504401010,155060.0,True
8504401090,4451296.0,True
8504402011,76636.0,True
8504402019,2709151.0,True
8504402020,1295485.0,True
8504402091,350.0,True
8504402099,9627721.0,True
8504403010,4575887.0,True
8504403090,5363846.0,True
8504404010,9079.0,True
8504404090,306408.0,True
8504405010,453581.0,True
8504405090,686105.0,True
8504409011,140065.0,True
8504409019,335023.0,True
8504409091,2030323.0,True
8504409099,61804480.0,True
8504501010,1150.0,True
8504501090,7577440.0,True
8504502010,2156945.0,True
8504502090,28992039.0,True
8504509010,121802.0,True
8504509090,4304467.0,True
8504901000,438577.0,True
8504909000,37393317.0,True
8505111000,248124.0,True
8505119000,4269584.0,True
8505191000,4035159.0,True
8505199000,1093629.0,True
8505200000,684661.0,True
8505901010,245286.0,True
8505901090,6127862.0,True
8505902000,237755.0,True
8505903000,0.0,True
8505909000,6151628.0,True
8506101000,246290.0,True
8506102000,524350.0,True
8506109000,69973.0,True
8506300000,0.0,True
8506400000,42.0,True
8506500000,15678182.0,True
8506600000,146007.0,True
8506801000,0.0,True
8506809000,536118.0,True
8506900000,21204.0,True
8507100000,179478844.0,True
8507200000,4746724.0,True
8507300000,502697.0,True
8507500000,411.0,True
8507602000,60312330.0,True
8507603000,137301383.0,True
8507609000,166295131.0,True
8507800000,1438655.0,True
8507901000,168972.0,True
8507909000,132654456.0,True
8508111000,6199.0,True
8508119000,166981.0,True
8508192000,93082.0,True
8508199000,160629.0,True
8508600000,1033876.0,True
8508701000,863371.0,True
8508702000,84208.0,True
8508703000,607274.0,True
8509400000,4687944.0,True
8509801000,35629.0,True
8509802000,31109.0,True
8509803000,21425.0,True
8509804000,1048770.0,True
8509809000,7332127.0,True
8509900000,1071059.0,True
8510100000,7988.0,True
8510200000,26034.0,True
8510300000,500.0,True
8510901000,21640.0,True
8510902000,3472.0,True
8510903000,49.0,True
8511101000,46605.0,True
8511102000,995659.0,True
8511109000,5585850.0,True
8511209000,9970.0,True
8511301000,3213.0,True
8511309000,2927491.0,True
8511401000,41001.0,True
8511402000,1247584.0,True
8511409000,9027284.0,True
8511501000,2296840.0,True
8511509000,14077376.0,True
8511801000,14267.0,True
8511809000,113780.0,True
8511901000,0.0,True
8511909000,11340059.0,True
8512101000,21251.0,True
8512109000,1300.0,True
8512201010,17249404.0,True
8512201090,65404595.0,True
8512202010,5230937.0,True
8512202090,17571847.0,True
8512300000,5453915.0,True
8512400000,156604.0,True
8512900000,22999695.0,True
8513101000,16105.0,True
8513102010,51291.0,True
8513102090,62117.0,True
8513109010,1058166.0,True
8513109090,603716.0,True
8513900000,14000.0,True
8514110000,61600.0,True
8514191000,5288863.0,True
8514192000,110700.0,True
8514193000,12588.0,True
8514199000,10686164.0,True
8514201000,15224.0,True
8514202000,0.0,True
8514203000,0.0,True
8514209000,604813.0,True
8514311000,25720.0,True
8514329000,600.0,True
8514391000,1319829.0,True
8514399000,4547733.0,True
8514401000,8993.0,True
8514409000,1686314.0,True
8514901000,153460.0,True
8514902000,22469.0,True
8514909000,5518517.0,True
8515110000,10979.0,True
8515191000,228435.0,True
8515199000,912012.0,True
8515211010,2672874.0,True
8515211090,627135.0,True
8515212090,850000.0,True
8515213010,80000.0,True
8515213090,18204.0,True
8515219010,27300.0,True
8515219090,3278590.0,True
8515291000,7550.0,True
8515292000,0.0,True
8515293000,0.0,True
8515299000,689909.0,True
8515311010,1342824.0,True
8515311090,299177.0,True
8515319010,0.0,True
8515319090,1152570.0,True
8515391000,18063.0,True
8515399000,353352.0,True
8515801000,1507761.0,True
8515802000,5030.0,True
8515803000,7062818.0,True
8515809000,9106644.0,True
8515901010,114454.0,True
8515901090,4795956.0,True
8515902000,433297.0,True
8515909000,2029314.0,True
8516100000,3591091.0,True
8516210000,0.0,True
8516290000,2468358.0,True
8516310000,2096082.0,True
8516320000,1105155.0,True
8516330000,46160.0,True
8516400000,907996.0,True
8516500000,15182.0,True
8516601000,2044579.0,True
8516602000,6292563.0,True
8516609000,10918548.0,True
8516710000,194782.0,True
8516720000,6703.0,True
8516791000,75837.0,True
8516799000,1206035.0,True
8516800000,15440333.0,True
8516900000,14015119.0,True
8517110000,4619.0,True
8517130000,903478722.0,True
8517141000,0.0,True
8517143000,0.0,True
8517144000,0.0,True
8517149000,770454.0,True
8517180000,1866737.0,True
8517610000,503886.0,True
8517621010,4729715.0,True
8517621020,36632126.0,True
8517622030,1913206.0,True
8517622040,430570.0,True
8517623010,4629744.0,True
8517623020,1164183.0,True
8517629010,3838582.0,True
8517629020,7602660.0,True
8517629030,36070958.0,True
8517693000,1231094.0,True
8517694000,936789.0,True
8517711000,12809417.0,True
8517719000,7704688.0,True
8517791010,72460.0,True
8517791020,69261588.0,True
8517791030,31504043.0,True
8517792000,9578540.0,True
8517793000,24667985.0,True
8517794000,13490083.0,True
8518101000,16975.0,True
8518109010,29335.0,True
8518109090,3219555.0,True
8518210000,841669.0,True
8518220000,626804.0,True
8518291000,344974.0,True
8518299000,6336037.0,True
8518304000,124578.0,True
8518309000,2081433.0,True
8518400000,6395277.0,True
8518500000,598822.0,True
8518901000,36694.0,True
8518909000,7116320.0,True
8519200000,171488.0,True
8519300000,1637.0,True
8519812000,54696.0,True
8519814000,6864.0,True
8519815000,1051316.0,True
8519816000,350985.0,True
8519890000,3183553.0,True
8521100000,0.0,True
8521901000,3840471.0,True
8521909000,1505235.0,True
8522100000,2633.0,True
8522903000,0.0,True
8522909000,1551221.0,True
8523210000,2399.0,True
8523291000,800.0,True
8523292010,283295.0,True
8523292020,0.0,True
8523292030,38123.0,True
8523292090,197520.0,True
8523410000,10568928.0,True
8523491010,1824158.0,True
8523491030,614039.0,True
8523491040,36058451.0,True
8523491090,953878.0,True
8523499010,433044.0,True
8523499020,10446.0,True
8523499030,4462270.0,True
8523499090,4251548.0,True
8523511000,4510121755.0,True
8523512010,4120971.0,True
8523512020,45183.0,True
8523512030,400.0,True
8523512090,1666781.0,True
8523521000,7533811.0,True
8523522000,211995.0,True
8523529000,1059056.0,True
8523591000,5554355.0,True
8523592010,71561.0,True
8523592020,0.0,True
8523592030,67.0,True
8523592090,128788.0,True
8523801000,67729.0,True
8523802010,3850042.0,True
8523802020,7615.0,True
8523802030,87537.0,True
8523802090,4060230.0,True
8524111000,47421567.0,True
8524112000,742633.0,True
8524113000,1301450.0,True
8524114000,66558612.0,True
8524115000,0.0,True
8524119000,121348.0,True
8524121000,105211812.0,True
8524122000,847122985.0,True
8524123000,36246366.0,True
8524124000,65928649.0,True
8524125000,0.0,True
8524129000,1132.0,True
8524191000,31.0,True
8524192000,0.0,True
8524194000,764.0,True
8524195000,0.0,True
8524199000,0.0,True
8524911000,205619.0,True
8524912000,27479.0,True
8524913000,91997066.0,True
8524914000,53208746.0,True
8524915000,32460.0,True
8524919000,492558.0,True
8524921000,74550.0,True
8524922000,267224.0,True
8524923000,104358052.0,True
8524924000,34524599.0,True
8524925000,0.0,True
8524929000,168529.0,True
8524991000,111.0,True
8524992000,0.0,True
8524994000,83009.0,True
8524995000,0.0,True
8524999000,90277.0,True
8525501000,10388.0,True
8525502000,56901.0,True
8525509000,90952.0,True
8525601000,54213.0,True
8525602000,208091.0,True
8525609000,88355.0,True
8525810000,118060.0,True
8525820000,10529.0,True
8525830000,3000.0,True
8525891000,267146.0,True
8525892000,33420168.0,True
8525893000,5779728.0,True
8525899000,36762298.0,True
8526101000,92408.0,True
8526109000,13216324.0,True
8526911010,509518.0,True
8526911090,445275.0,True
8526912010,9195.0,True
8526912090,0.0,True
8526913020,254739.0,True
8526913090,1503860.0,True
8526914000,0.0,True
8526919010,6717376.0,True
8526919020,4102935.0,True
8526919090,1046442.0,True
8526920000,11307417.0,True
8527120000,0.0,True
8527131000,0.0,True
8527132000,0.0,True
8527133000,0.0,True
8527139000,21217.0,True
8527190000,219.0,True
8527211000,498.0,True
8527212010,0.0,True
8527212090,1546157.0,True
8527213090,0.0,True
8527219010,188038.0,True
8527219090,5358301.0,True
8527290000,300143.0,True
8527911010,2473.0,True
8527911020,0.0,True
8527911030,0.0,True
8527911090,6400.0,True
8527919000,0.0,True
8527920000,0.0,True
8527990000,67037.0,True
8528420000,3088.0,True
8528491010,0.0,True
8528491090,4697.0,True
8528492090,0.0,True
8528521000,24783500.0,True
8528529000,818350.0,True
8528591010,239974.0,True
8528591090,41634382.0,True
8528592010,0.0,True
8528592090,2264616.0,True
8528620000,143453.0,True
8528690000,270513.0,True
8528711000,0.0,True
8528712020,192887.0,True
8528712090,196746.0,True
8528719000,103022.0,True
8528722000,3320472.0,True
8528725000,1242020.0,True
8528726000,8109.0,True
8528729000,163684.0,True
8529101000,5563292.0,True
8529109100,3506982.0,True
8529109200,1226863.0,True
8529109900,10886416.0,True
8529902000,13523745.0,True
8529903010,942276.0,True
8529903020,459131626.0,True
8529904000,35606530.0,True
8529905000,2784087.0,True
8529906010,54407808.0,True
8529906021,531059.0,True
8529906022,27913026.0,True
8529906023,4081410.0,True
8529906029,14895955.0,True
8530109000,2876693.0,True
8530800000,407323.0,True
8530900000,1494160.0,True
8531101000,142073.0,True
8531102000,1998169.0,True
8531103000,253186.0,True
8531106000,193265.0,True
8531109000,1469147.0,True
8531201000,1070252.0,True
8531202000,1392499.0,True
8531802000,588859.0,True
8531809000,4063042.0,True
8531901000,6678418.0,True
8531902000,850752.0,True
8531909000,2336699.0,True
8532100000,2490334.0,True
8532210000,4990929.0,True
8532220000,12942661.0,True
8532230000,1016904.0,True
8532240000,154310840.0,True
8532250000,4017430.0,True
8532290000,14963816.0,True
8532300000,322083.0,True
8532901000,2558571.0,True
8532909000,944696.0,True
8533100000,362876.0,True
8533212000,3052786.0,True
8533219000,7446851.0,True
8533292000,722092.0,True
8533299000,2338286.0,True
8533310000,19790.0,True
8533390000,36100.0,True
8533401000,2236981.0,True
8533403000,1537486.0,True
8533409000,5791490.0,True
8533901000,82506.0,True
8533909000,233978.0,True
8534001000,1337340.0,True
8534002000,180867370.0,True
8534009000,307920050.0,True
8535100000,252308.0,True
8535211000,1205501.0,True
8535212000,16359888.0,True
8535291000,10706832.0,True
8535292000,23290431.0,True
8535301000,4757738.0,True
8535302000,3747356.0,True
8535303000,497014.0,True
8535400000,2257108.0,True
8535901000,5007546.0,True
8535902000,3617836.0,True
8535909000,16946371.0,True
8536101000,795520.0,True
8536109000,8800502.0,True
8536200000,17807207.0,True
8536300000,2661457.0,True
8536410000,13445011.0,True
8536490000,6927099.0,True
8536501000,4137881.0,True
8536502000,4182444.0,True
8536503000,173058.0,True
8536504000,8676157.0,True
8536509010,122040.0,True
8536509020,9607.0,True
8536509030,0.0,True
8536509090,20526419.0,True
8536610000,464081.0,True
8536691000,109581916.0,True
8536699000,27846530.0,True
8536701000,888717.0,True
8536702000,31721.0,True
8536703010,11101.0,True
8536703090,65907.0,True
8536901000,2233795.0,True
8536902000,215943.0,True
8536909010,54412983.0,True
8536909090,115528951.0,True
8537103000,1371753.0,True
8537104000,36482689.0,True
8537105010,334575.0,True
8537105020,14968064.0,True
8537105090,182131589.0,True
8537203000,34346608.0,True
8537204000,16542356.0,True
8538100000,7194395.0,True
8538901000,11008892.0,True
8538902000,12603163.0,True
8538903000,1596368.0,True
8538905000,51139466.0,True
8538909000,115660354.0,True
8539100000,2220655.0,True
8539210000,5659305.0,True
8539221000,7226.0,True
8539223000,0.0,True
8539229000,80791.0,True
8539290000,3443727.0,True
8539310000,7958.0,True
8539321000,120924.0,True
8539322000,345.0,True
8539323000,854462.0,True
8539391010,95.0,True
8539391090,0.0,True
8539399000,302960.0,True
8539410000,182086.0,True
8539491010,31433.0,True
8539491090,924383.0,True
8539492000,19448.0,True
8539510000,2158968.0,True
8539520000,1280031.0,True
8539901000,72971.0,True
8539909000,122823.0,True
8540120000,0.0,True
8540200000,34598.0,True
8540400000,0.0,True
8540609000,0.0,True
8540710000,111324.0,True
8540799000,1404.0,True
8540810000,9116.0,True
8540891000,0.0,True
8540892000,1.0,True
8540899000,1567.0,True
8540910000,30611.0,True
8540990000,450543.0,True
8541101000,5425490.0,True
8541109000,22998269.0,True
8541211000,14737973.0,True
8541219000,10631037.0,True
8541291000,91384847.0,True
8541299000,23203896.0,True
8541301000,14356.0,True
8541302000,559983.0,True
8541303000,46315.0,True
8541304000,58035.0,True
8541411000,1825446.0,True
8541419000,24686599.0,True
8541420000,86603649.0,True
8541430000,7568882.0,True
8541491000,5087744.0,True
8541492000,28783.0,True
8541493000,27789709.0,True
8541499000,6159682.0,True
8541511000,4367900.0,True
8541512000,119117.0,True
8541513000,0.0,True
8541514000,187877.0,True
8541591000,22854688.0,True
8541599000,2175558.0,True
8541601000,5404346.0,True
8541609000,3083270.0,True
8541902000,941688.0,True
8541903000,1432401.0,True
8541909000,8430163.0,True
8542311000,2419736388.0,True
8542312000,1243185.0,True
8542313000,280916099.0,True
8542314000,1030326541.0,True
8542321010,13551552131.0,True
8542321020,48699567.0,True
8542321030,1780647499.0,True
8542321090,71194012.0,True
8542322000,402060.0,True
8542323000,10085845139.0,True
8542324000,2467755334.0,True
8542331000,13391706.0,True
8542332000,813593.0,True
8542333000,2114806.0,True
8542334000,3979444.0,True
8542391000,868962280.0,True
8542392000,4522413.0,True
8542393000,22816089.0,True
8542394000,20478288.0,True
8542900000,47779913.0,True
8543100000,9363.0,True
8543200000,1178831.0,True
8543301000,0.0,True
8543302000,0.0,True
8543309000,6988492.0,True
8543401000,55.0,True
8543409000,582329.0,True
8543701000,39363.0,True
8543702010,742195.0,True
8543702020,19741554.0,True
8543702030,52772.0,True
8543702040,0.0,True
8543702050,26234.0,True
8543702090,2165982.0,True
8543703000,0.0,True
8543705000,0.0,True
8543709010,23769844.0,True
8543709020,2455482.0,True
8543709040,0.0,True
8543709050,0.0,True
8543709060,2565.0,True
8543709070,5316.0,True
8543709090,101371082.0,True
8543901000,56997.0,True
8543909000,26106375.0,True
8544111000,4884252.0,True
8544119000,16250400.0,True
8544190000,1421830.0,True
8544200000,16295849.0,True
8544300000,67884765.0,True
8544421010,133449.0,True
8544421090,123508.0,True
8544422010,550386.0,True
8544422090,30990874.0,True
8544429010,164383.0,True
8544429090,17625148.0,True
8544491011,4434.0,True
8544491012,58581.0,True
8544491090,52019.0,True
8544492011,3325910.0,True
8544492012,15208855.0,True
8544492090,108624519.0,True
8544499011,124627.0,True
8544499012,789383.0,True
8544499090,32101638.0,True
8544601010,8836526.0,True
8544601090,4327150.0,True
8544602010,47410894.0,True
8544602090,2485247.0,True
8544603010,52606784.0,True
8544603090,154012.0,True
8544700000,17011573.0,True
8545110000,396178.0,True
8545190000,5165530.0,True
8545200000,1614008.0,True
8545901000,48530.0,True
8545902000,369694.0,True
8545909000,1906149.0,True
8546100000,0.0,True
8546200000,84447.0,True
8546901000,86392.0,True
8546909000,882210.0,True
8547100000,76648022.0,True
8547200000,23995689.0,True
8547900000,3181677.0,True
8548001000,5249.0,True
8548009000,2709599.0,True
8549110000,76696.0,True
8549121000,0.0,True
8549122000,0.0,True
8549141000,0.0,True
8549149000,0.0,True
8549190000,0.0,True
8549211000,4796151.0,True
8549212000,0.0,True
8549219000,292696.0,True
8549291000,495042.0,True
8549299000,1292021.0,True
8549311000,0.0,True
8549391000,0.0,True
8549399000,0.0,True
8549919000,0.0,True
8549991000,62237.0,True
8549999000,10500.0,True
8603101000,22247097.0,True
8604009000,3131754.0,True
8605001000,3229695.0,True
8606990000,1451333.0,True
8607110000,794683.0,True
8607191000,0.0,True
8607192000,17143.0,True
8607193000,53516.0,True
8607199000,9725666.0,True
8607210000,46681.0,True
8607290000,4094.0,True
8607301000,0.0,True
8607302000,0.0,True
8607303000,39849.0,True
8607309000,479.0,True
8607910000,16097.0,True
8607990000,6881334.0,True
8608001000,270516.0,True
8608002000,0.0,True
8608009000,8433.0,True
8609001000,2063283.0,True
8609002000,5115295.0,True
8609003000,3627406.0,True
8609004000,36150.0,True
8609005000,1696922.0,True
8609009000,14494829.0,True
8701100000,133.0,True
8701211000,782300.0,True
8701212000,320142.0,True
8701242000,12035.0,True
8701912000,11380983.0,True
8701919000,0.0,True
8701922000,24727641.0,True
8701932000,23052609.0,True
8701942000,4052023.0,True
8701951020,204029.0,True
8701952000,0.0,True
8701959000,0.0,True
8702101010,5689516.0,True
8702101020,3215047.0,True
8702102010,7499342.0,True
8702102020,1115660.0,True
8702103010,611227.0,True
8702103020,1641848.0,True
8702301000,87547.0,True
8702401000,0.0,True
8702901010,972210.0,True
8702901020,0.0,True
8702902020,4908.0,True
8703102000,696166.0,True
8703109000,22026.0,True
8703217000,222009585.0,True
8703218000,11587053.0,True
8703227000,740750427.0,True
8703228000,10474585.0,True
8703231010,826679843.0,True
8703231020,218898687.0,True
8703239010,618409339.0,True
8703239020,117539447.0,True
8703241010,410930947.0,True
8703241020,29581506.0,True
8703249010,144890.0,True
8703249020,15106123.0,True
8703317000,0.0,True
8703318000,916985.0,True
8703321010,37640929.0,True
8703321020,65846849.0,True
8703329010,26758319.0,True
8703329020,57097882.0,True
8703337000,38225.0,True
8703338000,15586450.0,True
8703401000,1529805375.0,True
8703402000,38066504.0,True
8703501000,0.0,True
8703502000,7099614.0,True
8703601000,69130079.0,True
8703602000,1049752.0,True
8703702000,310210.0,True
8703801000,880606437.0,True
8703802000,1994817.0,True
8703900000,48232.0,True
8704100000,4832524.0,True
8704211010,143509281.0,True
8704211020,20101404.0,True
8704219010,324909.0,True
8704219020,47259.0,True
8704219090,6969.0,True
8704221011,2049174.0,True
8704221012,590882.0,True
8704221091,4704100.0,True
8704221092,154408.0,True
8704229090,61753.0,True
8704231010,3474965.0,True
8704231020,448265.0,True
8704239090,13528.0,True
8704311010,615270.0,True
8704311020,1037846.0,True
8704319010,10509.0,True
8704411020,17769.0,True
8704431020,3940.0,True
8704511010,6207850.0,True
8704601010,55291362.0,True
8704601020,152240.0,True
8704609090,0.0,True
8704901010,140697.0,True
8704901020,22376.0,True
8704909090,0.0,True
8705101000,62823.0,True
8705102000,101800.0,True
8705109000,484182.0,True
8705300000,21560.0,True
8705400000,263001.0,True
8705901010,450.0,True
8705901090,280269.0,True
8705909010,34194.0,True
8705909020,0.0,True
8705909090,7453279.0,True
8706002000,438017.0,True
8706003000,2052434.0,True
8706004000,101100.0,True
8706005000,0.0,True
8707100000,231532.0,True
8707901000,1301996.0,True
8707902000,0.0,True
8707903000,29465.0,True
8707904000,0.0,True
8708100000,15974772.0,True
8708210000,9796426.0,True
8708220000,10554455.0,True
8708290000,257887914.0,True
8708301000,190188.0,True
8708302000,5631.0,True
8708303000,1084123.0,True
8708309000,68013923.0,True
8708400000,289103532.0,True
8708501000,156652848.0,True
8708502000,23392657.0,True
8708700000,30407284.0,True
8708800000,88152087.0,True
8708910000,6444678.0,True
8708920000,11534530.0,True
8708930000,44667073.0,True
8708940000,67859549.0,True
8708951000,3127256.0,True
8708959000,12594703.0,True
8708991010,133029.0,True
8708991020,10398.0,True
8708991030,35116783.0,True
8708991040,60440.0,True
8708991050,0.0,True
8708999000,521166466.0,True
8709110000,1415410.0,True
8709190000,63049.0,True
8709900000,57793.0,True
8710001000,294886748.0,True
8710002000,19565562.0,True
8710009000,47945215.0,True
8711101000,0.0,True
8711109000,0.0,True
8711201000,221612.0,True
8711209000,1065.0,True
8711301000,182715.0,True
8711401000,641166.0,True
8711501000,2917280.0,True
8711509000,26859.0,True
8711601000,3.0,True
8711609000,0.0,True
8711901000,0.0,True
8711909000,0.0,True
8712001000,0.0,True
8712009020,0.0,True
8712009090,212639.0,True
8713100000,100.0,True
8713900000,5790.0,True
8714101000,3276.0,True
8714109000,4020509.0,True
8714200000,31036.0,True
8714911000,12753.0,True
8714912000,206.0,True
8714919000,549.0,True
8714921000,3435.0,True
8714922000,0.0,True
8714931000,43.0,True
8714932000,4243.0,True
8714941000,0.0,True
8714949000,52055.0,True
8714950000,686.0,True
8714961000,6751.0,True
8714962000,0.0,True
8714969000,33210.0,True
8714990000,290462.0,True
8715000000,19269.0,True
8716100000,109669.0,True
8716200000,0.0,True
8716310000,0.0,True
8716390000,739848.0,True
8716400000,541491.0,True
8716801000,3236749.0,True
8716802000,0.0,True
8716803000,0.0,True
8716809000,2181520.0,True
8716901000,4237369.0,True
8716909000,1318066.0,True
8801001000,0.0,True
8801009090,0.0,True
8802119000,442787.0,True
8802201000,0.0,True
8802403000,120852427.0,True
8802409000,1780000.0,True
8802601010,1994925.0,True
8804001000,591515.0,True
8804009010,32842.0,True
8805101090,0.0,True
8805109090,0.0,True
8805211000,0.0,True
8805212000,21173.0,True
8805291090,35904.0,True
8805292000,0.0,True
8806100000,0.0,True
8806210000,320220.0,True
8806220000,2232228.0,True
8806230000,72356.0,True
8806240000,0.0,True
8806290000,0.0,True
8806910000,2125.0,True
8806920000,31790.0,True
8806930000,0.0,True
8806990000,0.0,True
8807100000,167677.0,True
8807200000,25897624.0,True
8807301000,146817185.0,True
8807302000,4197714.0,True
8807303000,217293.0,True
8807901000,0.0,True
8807902000,1320899.0,True
8807909000,958321.0,True
8901200000,2441387452.0,True
8901300000,0.0,True
8901901000,605830182.0,True
8901902000,232.0,True
8902001010,0.0,True
8902001090,0.0,True
8902002010,0.0,True
8903110000,0.0,True
8903120000,0.0,True
8903190000,78367.0,True
8903210000,0.0,True
8903220000,340282.0,True
8903310000,150570.0,True
8903320000,44120.0,True
8903330000,21129.0,True
8903931000,17072.0,True
8903939000,290238.0,True
8903991000,0.0,True
8903999000,263529.0,True
8904001000,7887467.0,True
8905901000,0.0,True
8905909000,0.0,True
8906900000,10483734.0,True
8907100000,51102.0,True
8907902000,58181.0,True
8907905000,78316.0,True
8907909000,9390.0,True
8908009000,0.0,True
9001100000,3137827.0,True
9001200000,116118313.0,True
9001300000,17698300.0,True
9001400000,35.0,True
9001501000,2919040.0,True
9001509000,29094.0,True
9001901000,2622667.0,True
9001902000,147334.0,True
9001903000,3331060.0,True
9001909000,44524587.0,True
9002111000,1092700.0,True
9002119010,1659342.0,True
9002119020,4125.0,True
9002119090,4761839.0,True
9002191000,26446.0,True
9002199000,1461982.0,True
9002201000,0.0,True
9002209000,546943.0,True
9002901000,571290.0,True
9002909010,10261879.0,True
9002909090,6148388.0,True
9003110000,3642646.0,True
9003191000,24985.0,True
9003199000,2642444.0,True
9003900000,397991.0,True
9004101000,5.0,True
9004109000,6962219.0,True
9004901000,130543.0,True
9004902000,29619.0,True
9004909000,512648.0,True
9005100000,2843.0,True
9005800000,206665.0,True
9005900000,25395.0,True
9006300000,56925.0,True
9006400000,671756.0,True
9006531000,0.0,True
9006539010,8593.0,True
9006539090,259817.0,True
9006591000,0.0,True
9006599000,13590.0,True
9006610000,14271.0,True
9006690000,0.0,True
9006910000,158967.0,True
9006990000,251968.0,True
9007100000,47008.0,True
9007200000,11584.0,True
9007910000,43831.0,True
9007920000,0.0,True
9008500000,1351.0,True
9008900000,0.0,True
9010101000,467.0,True
9010109090,0.0,True
9010501000,0.0,True
9010509000,3500963.0,True
9010600000,99703.0,True
9010901010,27318.0,True
9010901090,1150.0,True
9010902000,269082.0,True
9010909000,211584.0,True
9011101000,0.0,True
9011109000,28332.0,True
9011201010,0.0,True
9011201090,0.0,True
9011209000,1305.0,True
9011802000,48620.0,True
9011804000,177606.0,True
9011809000,1305098.0,True
9011901000,0.0,True
9011909000,257100.0,True
9012101010,0.0,True
9012101090,9569190.0,True
9012102000,0.0,True
9012901000,102793.0,True
9012909000,3685943.0,True
9013101000,0.0,True
9013109000,1855077.0,True
9013200000,30320528.0,True
9013802000,262080.0,True
9013803000,74520.0,True
9013809000,8448517.0,True
9013902000,211750.0,True
9013909000,6563292.0,True
9014101010,0.0,True
9014101090,58130.0,True
9014102010,0.0,True
9014102090,8692.0,True
9014109000,11.0,True
9014200000,4124087.0,True
9014801000,171834.0,True
9014809000,1952683.0,True
9014901000,1104525.0,True
9014909000,884426.0,True
9015100000,348259.0,True
9015200000,20273.0,True
9015300000,59655.0,True
9015400000,0.0,True
9015801000,11089.0,True
9015802000,32850.0,True
9015803000,95494.0,True
9015804000,167927.0,True
9015805000,3260762.0,True
9015809000,1253406.0,True
9015900000,64782.0,True
9016001000,2387.0,True
9016002000,455322.0,True
9016008000,4871.0,True
9016009000,4130.0,True
9017101000,69421.0,True
9017109000,420.0,True
9017201010,0.0,True
9017201090,4627.0,True
9017202010,11587.0,True
9017202090,2033.0,True
9017203000,63.0,True
9017209000,33614.0,True
9017301000,182065.0,True
9017302000,3767.0,True
9017303000,5820.0,True
9017309000,273514.0,True
9017801000,636569.0,True
9017809090,78827.0,True
9017901000,0.0,True
9017909090,127661.0,True
9018111000,1342685.0,True
9018119000,4047807.0,True
9018121000,60858871.0,True
9018129000,39860200.0,True
9018131000,5320.0,True
9018139000,2086174.0,True
9018140000,37090.0,True
9018191000,9490.0,True
9018192000,2659.0,True
9018194000,401601.0,True
9018197000,1153826.0,True
9018198000,11618935.0,True
9018199000,2618695.0,True
9018201000,188215.0,True
9018209000,87082.0,True
9018310000,7564564.0,True
9018321000,8473485.0,True
9018322000,449813.0,True
9018329000,2797406.0,True
9018391000,1205373.0,True
9018392000,1463074.0,True
9018398000,1794604.0,True
9018399000,2341202.0,True
9018411000,1139312.0,True
9018419000,265519.0,True
9018491000,135930.0,True
9018492000,742546.0,True
9018493000,34303.0,True
9018498000,12353991.0,True
9018499000,4281300.0,True
9018501010,3588185.0,True
9018501090,2516290.0,True
9018509000,648325.0,True
9018901000,6025.0,True
9018902010,1531157.0,True
9018902090,4482941.0,True
9018903000,455904.0,True
9018904000,906618.0,True
9018905000,170017.0,True
9018906000,524579.0,True
9018907000,437490.0,True
9018908110,14820197.0,True
9018908190,22519237.0,True
9018908900,22329133.0,True
9018909000,28097246.0,True
9019101000,1015096.0,True
9019102000,3008870.0,True
9019103000,0.0,True
9019109000,909087.0,True
9019202000,1590.0,True
9019203000,0.0,True
9019204000,294628.0,True
9019208000,487997.0,True
9019209000,501430.0,True
9020001000,255783.0,True
9020008000,1132456.0,True
9020009000,2093873.0,True
9021101000,380513.0,True
9021109000,2334495.0,True
9021210000,920486.0,True
9021290000,67839773.0,True
9021310000,1641312.0,True
9021391000,56901.0,True
9021399000,843297.0,True
9021400000,492220.0,True
9021500000,187204.0,True
9021901010,8021041.0,True
9021901090,6153483.0,True
9021908000,2452719.0,True
9021909000,2078250.0,True
9022120000,2665565.0,True
9022130000,21365590.0,True
9022141020,141000.0,True
9022141030,879350.0,True
9022141090,23660983.0,True
9022142000,944867.0,True
9022191000,0.0,True
9022192000,8418337.0,True
9022199000,507049.0,True
9022211020,0.0,True
9022211030,0.0,True
9022211090,0.0,True
9022291000,0.0,True
9022292000,0.0,True
9022299000,11520.0,True
9022300000,4349322.0,True
9022901010,569985.0,True
9022901020,0.0,True
9022901030,513298.0,True
9022901090,3265689.0,True
9022909010,21774153.0,True
9022909090,2449946.0,True
9023001000,134342.0,True
9023009000,4761082.0,True
9024101000,93867.0,True
9024102000,131377.0,True
9024104000,0.0,True
9024105000,27765.0,True
9024106000,1692.0,True
9024109000,230355.0,True
9024801020,7260.0,True
9024801090,0.0,True
9024809010,0.0,True
9024809090,1193615.0,True
9024901000,838153.0,True
9024909000,311872.0,True
9025111000,730.0,True
9025119000,48785.0,True
9025191000,13396134.0,True
9025192010,117000.0,True
9025192090,412520.0,True
9025801000,8810.0,True
9025802000,33412.0,True
9025803000,186044.0,True
9025809000,1762280.0,True
9025900000,1837394.0,True
9026101000,1799560.0,True
9026102000,6911925.0,True
9026202000,204702.0,True
9026203000,929026.0,True
9026204000,2579027.0,True
9026209000,10251873.0,True
9026801000,229536.0,True
9026802000,84304.0,True
9026809000,3014120.0,True
9026900000,6828292.0,True
9027100000,14389787.0,True
9027200000,378475.0,True
9027303000,138415.0,True
9027304000,3486883.0,True
9027501000,2319.0,True
9027502000,11249.0,True
9027503000,1161576.0,True
9027504000,189895.0,True
9027509000,4956056.0,True
9027810000,369036.0,True
9027891000,23436558.0,True
9027892010,107655.0,True
9027892020,1178.0,True
9027892030,28225.0,True
9027892090,17370119.0,True
9027901000,230639.0,True
9027909010,68174.0,True
9027909091,3869496.0,True
9027909099,6279527.0,True
9028101010,53333.0,True
9028101090,2152773.0,True
9028102000,2930.0,True
9028201010,88361.0,True
9028201090,4812.0,True
9028202000,33719.0,True
9028301010,14510.0,True
9028301020,55734.0,True
9028302000,125989.0,True
9028900000,487396.0,True
9029101000,6490.0,True
9029102000,187255.0,True
9029109000,79521.0,True
9029201010,1861.0,True
9029201090,19364181.0,True
9029202000,2881.0,True
9029900000,1118857.0,True
9030100000,347914.0,True
9030200000,183000.0,True
9030310000,1365886.0,True
9030320000,217809.0,True
9030331000,676382.0,True
9030332000,208478.0,True
9030333000,442761.0,True
9030334000,311100.0,True
9030339000,7863120.0,True
9030391000,853026.0,True
9030392000,3742.0,True
9030393000,97314.0,True
9030394000,50068.0,True
9030396000,229520.0,True
9030399000,4431950.0,True
9030400000,3176266.0,True
9030820000,44380675.0,True
9030840000,7292799.0,True
9030890000,5297230.0,True
9030901000,94629737.0,True
9030909000,13581618.0,True
9031100000,7171.0,True
9031200000,1454753.0,True
9031412000,84000.0,True
9031419000,61797963.0,True
9031491000,382727.0,True
9031494010,136799.0,True
9031494090,21369.0,True
9031499000,143400813.0,True
9031802000,487163.0,True
9031809010,62101.0,True
9031809020,270055.0,True
9031809060,2760.0,True
9031809070,945256.0,True
9031809080,91399.0,True
9031809091,1091161.0,True
9031809099,109520497.0,True
9031901010,14882315.0,True
9031901090,6918525.0,True
9031909000,39951825.0,True
9032101010,88742.0,True
9032101020,38950.0,True
9032101090,7811802.0,True
9032102000,480492.0,True
9032200000,587449.0,True
9032811000,791798.0,True
9032812000,142379.0,True
9032819000,5680609.0,True
9032891010,56973.0,True
9032891090,100759.0,True
9032892010,0.0,True
9032892090,621879.0,True
9032893010,0.0,True
9032893090,136928.0,True
9032894010,0.0,True
9032894091,22059701.0,True
9032894099,278224.0,True
9032899010,6298884.0,True
9032899090,86727164.0,True
9032901000,14000.0,True
9032909000,13783140.0,True
9033000000,2249561.0,True
9101110000,1229774.0,True
9101190000,1563565.0,True
9101210000,1847957.0,True
9101290000,940748.0,True
9101910000,0.0,True
9101990000,133717.0,True
9102111000,906.0,True
9102112000,68692.0,True
9102119010,252407.0,True
9102119090,1261267.0,True
9102121000,67.0,True
9102129090,52191.0,True
9102191000,786190.0,True
9102199020,0.0,True
9102199090,528626.0,True
9102211000,12379.0,True
9102212000,230052.0,True
9102219000,5483867.0,True
9102291000,480.0,True
9102292000,0.0,True
9102299000,1325039.0,True
9102911000,15.0,True
9102912000,0.0,True
9102919010,249.0,True
9102919090,12307.0,True
9102991000,0.0,True
9102999000,293530.0,True
9103100000,0.0,True
9103900000,250.0,True
9104000000,85590.0,True
9105110000,6919.0,True
9105190000,1672.0,True
9105210000,48119.0,True
9105290000,4333.0,True
9105910000,12516.0,True
9105990000,26698.0,True
9106100000,26033.0,True
9106902000,70020.0,True
9106909000,2910.0,True
9107000000,44287.0,True
9108110000,3913.0,True
9108120000,0.0,True
9108190000,0.0,True
9108200000,25540.0,True
9108900000,87297.0,True
9109100000,0.0,True
9109900000,10.0,True
9110110000,117052.0,True
9110120000,0.0,True
9110900000,0.0,True
9111100000,0.0,True
9111200000,50618.0,True
9111800000,17562.0,True
9111901000,3973.0,True
9111909000,256507.0,True
9112200000,0.0,True
9112900000,0.0,True
9113100000,72484.0,True
9113200000,23151.0,True
9113901000,2204.0,True
9113902000,51114.0,True
9113909000,61391.0,True
9114300000,72914.0,True
9114400000,91.0,True
9114900000,878146.0,True
9201100000,166467.0,True
9201200000,18026.0,True
9201900000,4108.0,True
9202101000,0.0,True
9202102000,0.0,True
9202109000,22.0,True
9202901000,49199.0,True
9202902000,13518.0,True
9202909000,1098.0,True
9205101000,8267.0,True
9205109000,2300.0,True
9205901010,22441.0,True
9205901020,10141.0,True
9205901030,78187.0,True
9205901040,62320.0,True
9205901090,1335.0,True
9205902000,2878.0,True
9205903000,0.0,True
9205904000,612.0,True
9205909000,16049.0,True
9206001000,5166.0,True
9206003000,37.0,True
9206009000,109678.0,True
9207101000,0.0,True
9207103000,106.0,True
9207109000,32.0,True
9207901000,2337776.0,True
9207902000,0.0,True
9207909000,5000.0,True
9208100000,52420.0,True
9208900000,42422.0,True
9209301000,1177.0,True
9209309000,17037.0,True
9209910000,23711.0,True
9209920000,1032180.0,True
9209940000,5309472.0,True
9209990000,111905.0,True
9301101000,57699498.0,True
9301200000,8772803.0,True
9301902020,823.0,True
9301902030,1097.0,True
9301903000,1051752.0,True
9301904090,549.0,True
9301909000,0.0,True
9302001029,0.0,True
9302009010,549.0,True
9302009021,31050.0,True
9303100000,0.0,True
9303201012,0.0,True
9303209012,0.0,True
9303309020,0.0,True
9303309090,0.0,True
9303900000,0.0,True
9304001000,171465.0,True
9304009000,1329801.0,True
9305101010,0.0,True
9305101020,290025.0,True
9305101030,764057.0,True
9305101050,2393.0,True
9305101070,80.0,True
9305101080,286439.0,True
9305101090,437335.0,True
9305109010,0.0,True
9305109020,0.0,True
9305109050,165433.0,True
9305109070,0.0,True
9305201000,0.0,True
9305209020,343346.0,True
9305209090,0.0,True
9305911010,42414.0,True
9305911020,2585520.0,True
9305911030,220000.0,True
9305911070,21760.0,True
9305911090,2004736.0,True
9305919000,122501095.0,True
9305990000,0.0,True
9306210000,258340.0,True
9306290000,242557.0,True
9306301000,0.0,True
9306309000,74623911.0,True
9306900000,51749700.0,True
9307000000,9444.0,True
9401100000,426335.0,True
9401200000,932580.0,True
9401311000,552.0,True
9401319000,9179.0,True
9401391000,108838.0,True
9401399000,1316210.0,True
9401410000,501.0,True
9401490000,4271.0,True
9401520000,0.0,True
9401530000,0.0,True
9401590000,0.0,True
9401611000,30676.0,True
9401619000,71226.0,True
9401691000,46990.0,True
9401699000,144002.0,True
9401711000,308.0,True
9401719000,451043.0,True
9401791000,5112.0,True
9401799000,418509.0,True
9401800000,650030.0,True
9401910000,116248.0,True
9401991000,24583334.0,True
9401999000,49226230.0,True
9402101000,93251.0,True
9402109010,582903.0,True
9402109090,115637.0,True
9402901000,63246.0,True
9402908000,463623.0,True
9402909000,103081.0,True
9403100000,136281.0,True
9403201000,30436.0,True
9403209000,10031802.0,True
9403301000,532694.0,True
9403309000,321803.0,True
9403401000,27820.0,True
9403409000,531456.0,True
9403501000,34049.0,True
9403509000,246521.0,True
9403601000,7060.0,True
9403609010,0.0,True
9403609020,1178.0,True
9403609030,6044.0,True
9403609090,1770316.0,True
9403700000,1982466.0,True
9403820000,49.0,True
9403830000,0.0,True
9403890000,3300167.0,True
9403910000,922338.0,True
9403990000,1836321.0,True
9404100000,50979.0,True
9404210000,5175.0,True
9404290000,1722056.0,True
9404300000,6245.0,True
9404400000,402165.0,True
9404900000,1889762.0,True
9405110000,1021528.0,True
9405191000,17844.0,True
9405192000,6.0,True
9405199000,36314.0,True
9405210000,107566.0,True
9405291000,4.0,True
9405299000,45478.0,True
9405310000,0.0,True
9405390000,371.0,True
9405410000,195455.0,True
9405420000,2498863.0,True
9405491000,7663.0,True
9405492000,39233.0,True
9405493000,0.0,True
9405499000,4793284.0,True
9405500000,14352.0,True
9405610000,773675.0,True
9405691000,1038.0,True
9405692000,9652.0,True
9405699000,336419.0,True
9405910000,19525.0,True
9405920000,480841.0,True
9405990000,646460.0,True
9406100000,19750.0,True
9406200000,112531.0,True
9406901000,3940.0,True
9406902000,1055830.0,True
9406903000,336803.0,True
9406909000,2862812.0,True
9503001100,57834.0,True
9503001200,14.0,True
9503001300,165.0,True
9503001800,46638.0,True
9503001900,6867.0,True
9503002110,428540.0,True
9503002120,0.0,True
9503002130,238517.0,True
9503002140,0.0,True
9503002160,186.0,True
9503002190,450454.0,True
9503002910,345731.0,True
9503002990,30642.0,True
9503003110,548065.0,True
9503003190,6802.0,True
9503003200,398882.0,True
9503003300,388093.0,True
9503003411,2438040.0,True
9503003419,77120.0,True
9503003491,68492.0,True
9503003492,424.0,True
9503003493,535125.0,True
9503003495,0.0,True
9503003497,9.0,True
9503003499,280670.0,True
9503003500,41966.0,True
9503003600,7007.0,True
9503003700,381967.0,True
9503003800,105543.0,True
9503003911,3513.0,True
9503003919,1038066.0,True
9503003990,1423886.0,True
9504201000,120292.0,True
9504202000,139.0,True
9504209000,57903.0,True
9504301000,394570.0,True
9504309000,850444.0,True
9504400000,4571044.0,True
9504501000,2512478.0,True
9504509000,3045299.0,True
9504901020,0.0,True
9504901030,265072.0,True
9504901050,0.0,True
9504901090,45955.0,True
9504902000,1042962.0,True
9504903000,45505.0,True
9504909020,184089.0,True
9504909090,4780640.0,True
9505100000,21853.0,True
9505900000,6758317.0,True
9506110000,0.0,True
9506120000,0.0,True
9506190000,336.0,True
9506210000,0.0,True
9506290000,27503.0,True
9506310000,1094886.0,True
9506320000,6110124.0,True
9506391000,609277.0,True
9506399000,5771575.0,True
9506401000,3277.0,True
9506402000,208867.0,True
9506403000,204.0,True
9506409000,10041.0,True
9506510000,5848.0,True
9506591000,1124.0,True
9506599000,13182.0,True
9506610000,160.0,True
9506621000,4634.0,True
9506622000,721.0,True
9506623000,0.0,True
9506629000,1612.0,True
9506691000,706.0,True
9506692000,10201.0,True
9506699000,1164.0,True
9506700000,19239.0,True
9506910000,6850796.0,True
9506990000,4196992.0,True
9507101000,3276.0,True
9507102000,1084029.0,True
9507109000,12097.0,True
9507200000,1907185.0,True
9507300000,3676755.0,True
9507901000,920232.0,True
9507909000,2297332.0,True
9508100000,0.0,True
9508210000,0.0,True
9508220000,0.0,True
9508230000,0.0,True
9508240000,223794.0,True
9508250000,0.0,True
9508260000,0.0,True
9508290000,20499.0,True
9508300000,0.0,True
9508400000,0.0,True
9601901010,0.0,True
9601901090,51903.0,True
9601909090,134.0,True
9602001000,1285833.0,True
9602009010,1750228.0,True
9602009090,3235.0,True
9603100000,31900.0,True
9603210000,1591346.0,True
9603290000,6547648.0,True
9603300000,559485.0,True
9603400000,47929.0,True
9603500000,1238615.0,True
9603900000,631689.0,True
9604000000,3853.0,True
9605000000,115025.0,True
9606100000,1479529.0,True
9606210000,356056.0,True
9606220000,139413.0,True
9606291000,2161.0,True
9606299000,657503.0,True
9606300000,149228.0,True
9607110000,411694.0,True
9607191000,1057625.0,True
9607199000,743018.0,True
9607201000,296210.0,True
9607202000,322799.0,True
9607209000,59963.0,True
9608100000,2268453.0,True
9608200000,2066026.0,True
9608301000,74071.0,True
9608309000,16011.0,True
9608400000,44408.0,True
9608500000,1632.0,True
9608600000,247644.0,True
9608911000,14173.0,True
9608912000,1552.0,True
9608991000,546716.0,True
9608999000,62777.0,True
9609101000,59038.0,True
9609102000,113767.0,True
9609103000,715529.0,True
9609200000,155414.0,True
9609901000,240749.0,True
9609902000,88320.0,True
9609903000,21117.0,True
9609909000,22035.0,True
9610000000,92621.0,True
9611001000,20283.0,True
9611009000,116501.0,True
9612102000,1490242.0,True
9612109000,4270663.0,True
9612200000,15615.0,True
9613100000,0.0,True
9613200000,55781.0,True
9613800000,109424.0,True
9613900000,25742.0,True
9614000000,0.0,True
9615111000,150480.0,True
9615119000,262405.0,True
9615191000,335401.0,True
9615199000,131240.0,True
9615901000,448620.0,True
9615909000,2060770.0,True
9616100000,480486.0,True
9616200000,1401361.0,True
9617001000,694530.0,True
9617002000,124.0,True
9617008000,125754.0,True
9617009000,54171.0,True
9618001000,11195.0,True
9618009000,359725.0,True
9619001010,654225.0,True
9619001090,1477102.0,True
9619002000,1157360.0,True
9619003010,11233.0,True
9619004000,145661.0,True
9619009010,1193403.0,True
9619009090,15764.0,True
9620000000,448588.0,True
9701211000,131276.0,True
9701212000,0.0,True
9701290000,0.0,True
9701911000,10567796.0,True
9701912000,15801.0,True
9701913000,2700.0,True
9701920000,0.0,True
9701990000,557522.0,True
9702103000,0.0,True
9702901000,18549.0,True
9702902000,1368370.0,True
9702903000,6128.0,True
9703101000,0.0,True
9703901000,1204387.0,True
9703902000,238987.0,True
9704000000,83.0,True
9705100000,103.0,True
9705220000,0.0,True
9705290000,0.0,True
9705310000,0.0,True
9705390000,0.0,True
9706101000,1112.0,True
9706102000,0.0,True
9706103000,985261.0,True
9706901000,14.0,True
9706902000,2508.0,True
9706903000,9752.0,True
